# Blender 4.4.3
# www.blender.org
mtllib Untitled.mtl
o hash_AA00FBB9.model
v 0.002369 0.015760 0.139688
v -0.017273 0.002166 0.137002
v 0.002443 0.002244 0.137677
v -0.017402 0.016233 0.138264
v -0.036932 0.001943 0.135084
v -0.036960 0.016523 0.135064
v -0.056516 0.001751 0.132349
v -0.056423 0.016767 0.131349
v -0.075805 0.001409 0.127911
v -0.075797 0.016892 0.127147
v -0.094740 0.001050 0.122130
v -0.095214 0.017005 0.122978
v -0.113376 0.000691 0.115568
v -0.130997 0.017026 0.106628
v -0.130839 0.000150 0.106380
v -0.145338 0.016763 0.092977
v -0.146990 -0.000383 0.094939
v -0.158491 0.016237 0.078306
v -0.160979 -0.001178 0.080929
v -0.168964 0.015297 0.061683
v -0.172338 -0.002400 0.064662
v -0.177773 0.014095 0.044115
v -0.180591 -0.004119 0.046590
v -0.182829 0.012594 0.025262
v -0.186156 -0.006077 0.027517
v -0.184560 0.010730 0.005737
v -0.188760 -0.008312 0.007806
v -0.184500 0.008854 -0.013870
v -0.189176 -0.010612 -0.012097
v 0.002328 0.029321 0.139894
v -0.017387 0.030256 0.137767
v -0.036876 0.031080 0.134271
v -0.056339 0.031817 0.130656
v -0.075623 0.032368 0.126302
v -0.094719 0.032864 0.121264
v -0.114442 0.016977 0.117681
v -0.113262 0.033259 0.114588
v -0.130432 0.033772 0.104652
v -0.144220 0.032768 0.090686
v -0.157829 0.033866 0.076766
v -0.168061 0.033345 0.059867
v -0.176923 0.032669 0.042322
v -0.181851 0.030049 0.004038
v 0.002222 0.042899 0.138017
v -0.017374 0.044325 0.136057
v -0.036779 0.045615 0.132751
v -0.056077 0.046775 0.128999
v -0.075185 0.047798 0.124503
v -0.094033 0.048718 0.119114
v -0.112310 0.049551 0.112142
v -0.129166 0.050399 0.102278
v -0.143874 0.050909 0.089590
v -0.155319 0.051202 0.073730
v -0.165374 0.051139 0.056978
v -0.174063 0.050998 0.039630
v -0.182552 0.031792 0.023578
v -0.179509 0.050540 0.021106
v -0.180993 0.049542 0.001677
v -0.180397 0.028444 -0.015446
v 0.002076 0.056526 0.136366
v -0.017438 0.058444 0.134724
v -0.036803 0.060222 0.131780
v -0.056030 0.061847 0.128093
v -0.075078 0.063340 0.123634
v -0.093821 0.064718 0.118080
v -0.112142 0.066038 0.111281
v -0.129279 0.067346 0.101958
v -0.141013 0.067830 0.086515
v -0.151896 0.068278 0.070311
v -0.163001 0.068894 0.054440
v -0.171624 0.069323 0.037498
v -0.175599 0.069073 0.018884
v -0.175860 0.068277 -0.000588
v -0.180986 0.048403 -0.017896
v 0.001925 0.070237 0.135474
v -0.017559 0.072628 0.134020
v -0.036905 0.074872 0.131240
v -0.056109 0.076961 0.127612
v -0.075113 0.078913 0.123079
v -0.093807 0.080749 0.117407
v -0.112305 0.082545 0.111145
v -0.128067 0.084144 0.100082
v -0.138101 0.084650 0.083364
v -0.150170 0.085661 0.068257
v -0.161642 0.086767 0.053138
v -0.169018 0.087505 0.035969
v -0.168213 0.086318 0.016825
v -0.167092 0.085757 -0.002769
v -0.175421 0.067571 -0.020209
v 0.001781 0.083972 0.134821
v -0.017689 0.086832 0.133498
v -0.037033 0.089542 0.130852
v -0.056230 0.092094 0.127284
v -0.075184 0.094502 0.122601
v -0.093947 0.096799 0.117182
v -0.112420 0.099056 0.111045
v -0.125290 0.100583 0.096872
v -0.136704 0.101732 0.081368
v -0.149812 0.103209 0.067678
v -0.160340 0.104538 0.052613
v -0.161309 0.104118 0.034105
v -0.162125 0.104159 0.014576
v -0.162621 0.104761 -0.005044
v -0.167127 0.085784 -0.022419
v 0.001641 0.097720 0.134252
v -0.017823 0.101050 0.133055
v -0.037170 0.104226 0.130527
v -0.056360 0.107241 0.126990
v -0.075277 0.110103 0.122192
v -0.094192 0.112858 0.117382
v -0.111840 0.115501 0.109839
v -0.123348 0.117159 0.094377
v -0.136621 0.118940 0.080739
v -0.149504 0.120691 0.067600
v -0.156046 0.121822 0.051044
v -0.156767 0.122012 0.031595
v -0.161585 0.123273 0.012569
v -0.161611 0.124333 -0.007115
v -0.164648 0.105442 -0.024552
v 0.001503 0.111478 0.133698
v -0.017960 0.115280 0.132643
v -0.037311 0.118923 0.130242
v -0.056494 0.122400 0.126723
v -0.075403 0.125719 0.121930
v -0.094463 0.128924 0.117786
v -0.110183 0.131756 0.107323
v -0.122419 0.133897 0.092667
v -0.136896 0.136153 0.080665
v -0.149139 0.138306 0.067240
v -0.150879 0.139137 0.048451
v -0.157363 0.140710 0.029889
v -0.160492 0.142385 0.010584
v -0.163095 0.143918 -0.008838
v -0.168647 0.125143 -0.025382
v 0.001361 0.125246 0.133182
v -0.018099 0.129522 0.132250
v -0.037458 0.133635 0.130002
v -0.056631 0.137576 0.126490
v -0.075566 0.141348 0.121835
v -0.094368 0.144967 0.117431
v -0.108927 0.148052 0.105287
v -0.122638 0.150752 0.092116
v -0.137315 0.153373 0.080807
v -0.146488 0.155658 0.065467
v -0.150093 0.157297 0.046280
v -0.158083 0.159423 0.028243
v -0.160234 0.161542 0.008658
v -0.166218 0.163372 -0.009953
v -0.173000 0.144253 -0.025666
v 0.001215 0.139024 0.132683
v -0.018241 0.143778 0.131875
v -0.037610 0.148361 0.129782
v -0.056772 0.152763 0.126280
v -0.075746 0.156989 0.121854
v -0.093838 0.160973 0.116100
v -0.108081 0.164408 0.103615
v -0.123386 0.167625 0.092222
v -0.138376 0.170728 0.081115
v -0.143456 0.173043 0.062934
v -0.151278 0.175550 0.044838
v -0.158446 0.178146 0.026470
v -0.160935 0.180718 0.006853
v -0.169692 0.182799 -0.010758
v -0.176731 0.163926 -0.026237
v 0.001066 0.152812 0.132190
v -0.018386 0.158045 0.131500
v -0.037764 0.163103 0.129595
v -0.056919 0.167967 0.126120
v -0.075912 0.172636 0.121937
v -0.093688 0.177031 0.115276
v -0.108040 0.180863 0.102624
v -0.124363 0.184502 0.092652
v -0.137826 0.187984 0.079934
v -0.143065 0.190775 0.060888
v -0.152531 0.193813 0.043444
v -0.158822 0.196879 0.024713
v -0.162555 0.199874 0.005272
v -0.173019 0.202277 -0.011551
v -0.180194 0.184430 -0.027353
v 0.000911 0.166611 0.131719
v -0.018535 0.172325 0.131132
v -0.037919 0.177859 0.129412
v -0.057075 0.183188 0.125996
v -0.076096 0.188305 0.122018
v -0.093646 0.193104 0.114533
v -0.108592 0.197378 0.102207
v -0.126154 0.201456 0.093803
v -0.135768 0.205089 0.077456
v -0.144228 0.208566 0.059504
v -0.153513 0.212094 0.041932
v -0.159335 0.215626 0.022990
v -0.164724 0.219010 0.003930
v -0.175633 0.221862 -0.012729
v -0.180767 0.204696 -0.029414
v 0.000751 0.180421 0.131253
v -0.018687 0.186617 0.130761
v -0.038077 0.192634 0.129233
v -0.057233 0.198424 0.125905
v -0.076276 0.203996 0.121966
v -0.093345 0.209147 0.113322
v -0.109535 0.213881 0.102370
v -0.126704 0.218443 0.093129
v -0.135668 0.222383 0.075519
v -0.145418 0.226371 0.058173
v -0.154175 0.230392 0.040304
v -0.160355 0.234381 0.021409
v -0.167106 0.238145 0.002743
v -0.176725 0.241535 -0.014644
v -0.178972 0.224545 -0.031597
v 0.000592 0.194243 0.130790
v -0.018839 0.200924 0.130387
v -0.038234 0.207423 0.129064
v -0.057406 0.213680 0.125838
v -0.076370 0.219687 0.121490
v -0.093654 0.225223 0.112652
v -0.110571 0.230388 0.102745
v -0.125896 0.235280 0.090925
v -0.136442 0.239720 0.074028
v -0.146154 0.244187 0.056632
v -0.154747 0.248699 0.038622
v -0.161775 0.253141 0.019949
v -0.169150 0.257325 0.001428
v -0.176700 0.261211 -0.017019
v -0.177321 0.244125 -0.033908
v 0.000439 0.208076 0.130341
v -0.018988 0.215244 0.130004
v -0.038404 0.222229 0.128886
v -0.057616 0.228949 0.125766
v -0.076435 0.235369 0.120556
v -0.094235 0.241332 0.112334
v -0.111081 0.246912 0.102162
v -0.125380 0.252098 0.088654
v -0.136906 0.257063 0.072388
v -0.146735 0.262002 0.054978
v -0.155510 0.267014 0.036977
v -0.163111 0.271926 0.018393
v -0.170342 0.276546 -0.000431
v -0.176271 0.280824 -0.019860
v -0.177457 0.264548 -0.036806
v 0.000298 0.221920 0.129918
v -0.019135 0.229573 0.129637
v -0.038564 0.237039 0.128365
v -0.057834 0.244229 0.125180
v -0.076655 0.251058 0.119571
v -0.094587 0.257441 0.111374
v -0.111257 0.263398 0.100665
v -0.125580 0.268976 0.086882
v -0.137424 0.274406 0.070788
v -0.147889 0.279806 0.053665
v -0.156852 0.285319 0.035567
v -0.164756 0.290686 0.016742
v -0.171706 0.295696 -0.002806
v -0.178029 0.300260 -0.023080
v -0.180594 0.284441 -0.039958
v 0.000185 0.235770 0.129475
v -0.019265 0.243908 0.129106
v -0.038717 0.251843 0.127476
v -0.057987 0.259460 0.123786
v -0.076906 0.266726 0.118179
v -0.094973 0.273530 0.109971
v -0.111812 0.279895 0.099287
v -0.126737 0.285870 0.085936
v -0.139124 0.291725 0.070128
v -0.150232 0.297487 0.053192
v -0.159447 0.303489 0.034709
v -0.167696 0.309255 0.015280
v -0.175675 0.314393 -0.005008
v -0.184026 0.318137 -0.026138
v -0.184132 0.303804 -0.044021
v 0.183715 0.314886 -0.024345
v 0.184024 0.301708 -0.044188
v 0.194108 0.314448 -0.050577
v 0.177519 0.297386 -0.021903
v 0.180939 0.282332 -0.040416
v 0.175739 0.277942 -0.018953
v 0.179398 0.262386 -0.037350
v 0.175826 0.258352 -0.016241
v 0.179989 0.242372 -0.034593
v 0.175881 0.238720 -0.013905
v 0.181094 0.222342 -0.032022
v 0.174619 0.219074 -0.012172
v 0.182013 0.202219 -0.029576
v 0.172544 0.199488 -0.010905
v 0.180192 0.181314 -0.027517
v 0.169887 0.179980 -0.009960
v 0.177884 0.161212 -0.026392
v 0.166810 0.160526 -0.009184
v 0.175368 0.142221 -0.025877
v 0.164147 0.141037 -0.008108
v 0.170893 0.122526 -0.025755
v 0.162519 0.121476 -0.006630
v 0.167027 0.102741 -0.025162
v 0.163411 0.101933 -0.004630
v 0.168943 0.083013 -0.023039
v 0.167596 0.082908 -0.002246
v 0.176224 0.064372 -0.020482
v 0.175852 0.065257 0.000300
v 0.183014 0.045561 -0.018017
v 0.182058 0.046880 0.002751
v 0.181041 0.025913 -0.015445
v 0.182400 0.027472 0.005212
v 0.185118 0.006183 -0.013872
v 0.189071 -0.010922 0.008882
v 0.189571 -0.013368 -0.012131
v 0.174465 0.310765 -0.002125
v 0.170714 0.292168 -0.000282
v 0.169161 0.273083 0.001866
v 0.167894 0.253934 0.003692
v 0.166198 0.234797 0.005109
v 0.164166 0.215693 0.006306
v 0.162190 0.196600 0.007534
v 0.160710 0.177490 0.008966
v 0.159841 0.158370 0.010588
v 0.159895 0.139259 0.012369
v 0.160630 0.120183 0.014248
v 0.161231 0.101121 0.016164
v 0.166335 0.082969 0.018578
v 0.175263 0.066201 0.021071
v 0.180465 0.047882 0.023466
v 0.183168 0.029089 0.025809
v 0.185559 0.008224 0.006892
v 0.185983 -0.008510 0.029621
v 0.165739 0.305102 0.019230
v 0.163012 0.286590 0.020525
v 0.161456 0.267933 0.022129
v 0.160185 0.249252 0.023694
v 0.158826 0.230588 0.025096
v 0.157838 0.211925 0.026549
v 0.157243 0.193268 0.028114
v 0.156813 0.174624 0.029734
v 0.156311 0.155988 0.031332
v 0.155346 0.137367 0.032759
v 0.154786 0.118754 0.034340
v 0.159015 0.100850 0.036863
v 0.167610 0.084437 0.039347
v 0.173690 0.067046 0.041663
v 0.174948 0.048593 0.043155
v 0.177701 0.030425 0.045483
v 0.184308 0.010189 0.027571
v 0.179520 -0.006163 0.049532
v 0.156551 0.298741 0.039744
v 0.154345 0.280681 0.040623
v 0.152990 0.262527 0.041996
v 0.152149 0.244369 0.043571
v 0.151471 0.226205 0.045095
v 0.150777 0.208043 0.046553
v 0.149796 0.189893 0.047897
v 0.148349 0.171770 0.049033
v 0.147068 0.153651 0.050268
v 0.147887 0.135623 0.052345
v 0.153774 0.118673 0.055061
v 0.160586 0.102043 0.057590
v 0.161191 0.084099 0.057699
v 0.161418 0.066411 0.057833
v 0.164419 0.049037 0.060976
v 0.167395 0.031532 0.064171
v 0.176582 0.011947 0.046714
v 0.169883 -0.004052 0.068124
v 0.146021 0.292291 0.059088
v 0.144185 0.274725 0.059801
v 0.143303 0.257107 0.061252
v 0.143000 0.239480 0.062938
v 0.142110 0.221835 0.064230
v 0.140754 0.204208 0.065278
v 0.139061 0.186608 0.066187
v 0.139136 0.169023 0.067999
v 0.142867 0.151975 0.070682
v 0.147550 0.135134 0.073290
v 0.148141 0.117582 0.073655
v 0.146445 0.100246 0.071510
v 0.146435 0.083002 0.071505
v 0.148601 0.066092 0.073877
v 0.152497 0.049491 0.077919
v 0.154249 0.032264 0.080420
v 0.166971 0.013619 0.065139
v 0.156997 -0.002477 0.084620
v 0.133798 0.286013 0.077067
v 0.132507 0.268917 0.077965
v 0.132313 0.251815 0.079734
v 0.131649 0.234675 0.081024
v 0.130797 0.217543 0.082255
v 0.130253 0.200458 0.083714
v 0.132522 0.183606 0.086265
v 0.134456 0.166644 0.088352
v 0.133542 0.149462 0.087787
v 0.131577 0.132578 0.085177
v 0.130321 0.115671 0.083579
v 0.130070 0.098757 0.083531
v 0.132135 0.082187 0.086064
v 0.135230 0.065898 0.089467
v 0.137559 0.049307 0.092301
v 0.139067 0.032475 0.094929
v 0.154828 0.014847 0.082054
v 0.141286 -0.001481 0.098435
v 0.118992 0.279771 0.092747
v 0.118502 0.263126 0.094232
v 0.118157 0.246496 0.095752
v 0.118324 0.229893 0.097675
v 0.119111 0.213308 0.099895
v 0.118672 0.196575 0.100245
v 0.117121 0.179934 0.098591
v 0.115653 0.163417 0.096696
v 0.114417 0.146838 0.095451
v 0.113748 0.130281 0.095039
v 0.114209 0.113821 0.096007
v 0.116353 0.097677 0.098668
v 0.118935 0.081622 0.101705
v 0.120883 0.065370 0.104072
v 0.121342 0.048770 0.105027
v 0.123737 0.015999 0.110445
v 0.139928 0.015501 0.096739
v 0.123522 -0.000683 0.109440
v 0.101853 0.273383 0.105791
v 0.101589 0.257196 0.107402
v 0.101445 0.240992 0.108786
v 0.101003 0.224751 0.109146
v 0.099964 0.208558 0.108123
v 0.099032 0.192342 0.107428
v 0.098105 0.176152 0.106758
v 0.097532 0.160026 0.106511
v 0.097456 0.143919 0.106907
v 0.098631 0.127991 0.108643
v 0.100403 0.112171 0.110884
v 0.102236 0.096316 0.113287
v 0.103047 0.080244 0.114360
v 0.102669 0.064074 0.113516
v 0.103000 0.047965 0.114717
v 0.122088 0.032419 0.108757
v 0.104973 0.016070 0.119358
v 0.104328 0.000020 0.117684
v 0.083019 0.266673 0.116039
v 0.082752 0.250905 0.117289
v 0.082380 0.235104 0.117805
v 0.081950 0.219306 0.117964
v 0.081166 0.203544 0.117399
v 0.080382 0.187824 0.116789
v 0.080475 0.172147 0.117290
v 0.081494 0.156625 0.118892
v 0.082193 0.141004 0.119879
v 0.082858 0.125367 0.120782
v 0.083292 0.109751 0.120874
v 0.083075 0.094090 0.119665
v 0.082849 0.078390 0.119150
v 0.083028 0.062728 0.120232
v 0.083757 0.047235 0.122652
v 0.104258 0.032103 0.117680
v 0.084626 0.016189 0.124662
v 0.084583 0.000588 0.124570
v 0.062818 0.259545 0.122821
v 0.062697 0.244266 0.124039
v 0.062484 0.228962 0.124648
v 0.062534 0.213712 0.125848
v 0.062776 0.198448 0.126871
v 0.062783 0.183133 0.126882
v 0.062572 0.167824 0.125571
v 0.062770 0.152619 0.125056
v 0.062917 0.137428 0.124428
v 0.062810 0.122200 0.123618
v 0.062749 0.106957 0.123553
v 0.062859 0.091742 0.124328
v 0.063134 0.076574 0.125691
v 0.063490 0.061436 0.127275
v 0.064026 0.046369 0.129337
v 0.084660 0.031798 0.125172
v 0.064303 0.016325 0.129873
v 0.064452 0.001153 0.130196
v 0.042085 0.251985 0.127161
v 0.042041 0.237162 0.128054
v 0.042038 0.222327 0.128457
v 0.042108 0.207499 0.128290
v 0.042188 0.192686 0.127824
v 0.042250 0.177873 0.127558
v 0.042302 0.163082 0.127328
v 0.042363 0.148306 0.127358
v 0.042469 0.133540 0.127806
v 0.042612 0.118793 0.128495
v 0.042779 0.104064 0.129356
v 0.042949 0.089347 0.130264
v 0.043116 0.074641 0.131179
v 0.043323 0.059954 0.132220
v 0.043641 0.045333 0.133763
v 0.064635 0.031334 0.131544
v 0.044006 0.030791 0.135657
v 0.043952 0.001580 0.134192
v 0.021129 0.244012 0.129061
v 0.021166 0.229661 0.129582
v 0.021252 0.215312 0.129791
v 0.021371 0.200973 0.129825
v 0.021507 0.186649 0.130014
v 0.021650 0.172339 0.130330
v 0.021794 0.158043 0.130749
v 0.021938 0.143761 0.131267
v 0.022080 0.129491 0.131843
v 0.022218 0.115229 0.132439
v 0.022352 0.100976 0.133053
v 0.022489 0.086734 0.133745
v 0.022637 0.072502 0.134523
v 0.022814 0.058289 0.135495
v 0.023038 0.044139 0.137119
v 0.023318 0.030076 0.139379
v 0.043957 0.016189 0.135022
v 0.023271 0.002059 0.136879
v 0.023353 0.016087 0.138951
v -0.191120 0.321837 -0.027095
v -0.193583 0.318648 -0.051131
v -0.180552 0.321815 -0.008508
v -0.190179 0.330666 -0.004958
v -0.179259 0.330052 0.008818
v -0.190528 0.343744 0.012523
v -0.179620 0.342751 0.024323
v -0.190959 0.360329 0.025720
v -0.180055 0.357825 0.036809
v -0.190474 0.378355 0.034840
v -0.178966 0.391755 0.051058
v -0.188829 0.396653 0.040414
v -0.175308 0.409125 0.052666
v -0.185259 0.414655 0.042855
v -0.169739 0.425704 0.051570
v -0.179325 0.431585 0.042805
v -0.162519 0.440990 0.048971
v -0.170938 0.446557 0.040940
v -0.154968 0.455389 0.047840
v -0.162816 0.460556 0.039706
v -0.145299 0.466906 0.043835
v -0.153021 0.471825 0.035764
v -0.145102 0.484604 0.037101
v -0.136582 0.479185 0.042624
v -0.133714 0.492645 0.033272
v -0.127010 0.489540 0.040542
v -0.123254 0.503062 0.030609
v -0.116076 0.498804 0.036309
v -0.110318 0.509803 0.023988
v -0.092601 0.515115 0.023905
v -0.097526 0.518023 0.017122
v -0.081452 0.524012 0.016840
v -0.085289 0.527378 0.010617
v -0.171948 0.318238 0.010532
v -0.170032 0.326898 0.025268
v -0.170020 0.339456 0.038364
v -0.170430 0.354074 0.049398
v -0.180074 0.374429 0.045615
v -0.169063 0.387118 0.061987
v -0.165422 0.404140 0.062894
v -0.159952 0.420415 0.061108
v -0.153060 0.435369 0.057832
v -0.145965 0.449857 0.055919
v -0.136657 0.461630 0.051411
v -0.127913 0.473883 0.049118
v -0.119408 0.485753 0.047795
v -0.108898 0.494790 0.042711
v -0.104596 0.507584 0.031262
v -0.087410 0.512350 0.030670
v -0.077141 0.520876 0.023064
v -0.163940 0.313661 0.028935
v -0.161717 0.322610 0.041952
v -0.161380 0.335283 0.053292
v -0.161719 0.349843 0.062932
v -0.170504 0.370166 0.057427
v -0.158849 0.382812 0.072945
v -0.154924 0.399578 0.072854
v -0.149639 0.415559 0.070446
v -0.143196 0.430319 0.066806
v -0.135927 0.444123 0.063277
v -0.127663 0.456586 0.059176
v -0.119288 0.468816 0.056042
v -0.111286 0.481148 0.054360
v -0.101571 0.490963 0.049251
v -0.098469 0.504710 0.038141
v -0.081824 0.509653 0.037238
v -0.072356 0.517909 0.029162
v -0.155846 0.308603 0.046763
v -0.153707 0.317922 0.058429
v -0.152726 0.330941 0.068268
v -0.151883 0.345872 0.076053
v -0.161144 0.365934 0.069713
v -0.147502 0.378764 0.083022
v -0.143572 0.395257 0.082110
v -0.138576 0.410934 0.079168
v -0.132701 0.425588 0.075292
v -0.125764 0.439095 0.070995
v -0.118229 0.451814 0.066885
v -0.110401 0.463973 0.063022
v -0.102644 0.476254 0.060036
v -0.084969 0.497726 0.050559
v -0.091847 0.501215 0.044457
v -0.075841 0.506674 0.043307
v -0.067156 0.514883 0.034886
v -0.146258 0.303682 0.063389
v -0.143588 0.313726 0.073490
v -0.142258 0.327020 0.082125
v -0.140731 0.342173 0.088405
v -0.150191 0.362074 0.081035
v -0.135446 0.374921 0.092585
v -0.131403 0.391114 0.090603
v -0.126780 0.406528 0.087204
v -0.121416 0.420994 0.082951
v -0.115059 0.434427 0.078269
v -0.108151 0.447198 0.073858
v -0.100944 0.459413 0.069433
v -0.093536 0.471538 0.065250
v -0.085700 0.483110 0.060941
v -0.093881 0.487099 0.055420
v -0.077701 0.494230 0.056111
v -0.069441 0.503519 0.048824
v -0.061524 0.511914 0.040255
v -0.134857 0.299062 0.078566
v -0.131484 0.309849 0.086803
v -0.129752 0.323378 0.094178
v -0.127652 0.338664 0.098960
v -0.138532 0.358405 0.091978
v -0.121993 0.371147 0.100547
v -0.118385 0.387145 0.098118
v -0.114202 0.402375 0.094380
v -0.109335 0.416668 0.089713
v -0.103644 0.430114 0.084806
v -0.097336 0.442859 0.079882
v -0.090758 0.455180 0.075043
v -0.084072 0.467486 0.070409
v -0.077017 0.479402 0.065932
v -0.069847 0.490722 0.060901
v -0.062557 0.500512 0.053786
v -0.055452 0.509245 0.045151
v -0.121795 0.294328 0.092116
v -0.117356 0.305917 0.097745
v -0.114948 0.319843 0.103348
v -0.110667 0.351281 0.108707
v -0.125158 0.354830 0.101127
v -0.107841 0.367524 0.107596
v -0.104669 0.383402 0.104830
v -0.100948 0.398445 0.100730
v -0.096634 0.412624 0.095716
v -0.091578 0.426038 0.090436
v -0.085950 0.438830 0.085146
v -0.080136 0.451373 0.080124
v -0.074150 0.463789 0.075059
v -0.067880 0.475941 0.070320
v -0.061528 0.487377 0.065018
v -0.055255 0.497870 0.058341
v -0.049030 0.506877 0.049563
v -0.106427 0.289435 0.102974
v -0.101781 0.301679 0.106469
v -0.097260 0.331416 0.113591
v -0.112981 0.335154 0.107384
v -0.095384 0.347541 0.114693
v -0.093036 0.363779 0.113396
v -0.090354 0.379612 0.110495
v -0.087153 0.394559 0.106054
v -0.083457 0.408782 0.100954
v -0.079067 0.422211 0.095395
v -0.074188 0.435143 0.089910
v -0.069114 0.447794 0.084553
v -0.063900 0.460382 0.079200
v -0.058424 0.472655 0.074103
v -0.052912 0.484310 0.068610
v -0.047616 0.495407 0.062187
v -0.042359 0.504883 0.053377
v -0.089888 0.284131 0.111755
v -0.082575 0.311795 0.115146
v -0.098972 0.316068 0.110103
v -0.080910 0.327373 0.117461
v -0.079507 0.343494 0.118672
v -0.077783 0.359817 0.117904
v -0.075602 0.375636 0.114934
v -0.073023 0.390711 0.110672
v -0.069967 0.405015 0.105586
v -0.066258 0.418453 0.099749
v -0.062144 0.431493 0.094048
v -0.057838 0.444252 0.088396
v -0.053430 0.457027 0.082826
v -0.048766 0.469399 0.077332
v -0.044153 0.481380 0.071832
v -0.039722 0.492861 0.065334
v -0.035456 0.502990 0.056556
v -0.072452 0.278432 0.118305
v -0.085430 0.297028 0.113296
v -0.065909 0.307153 0.118514
v -0.064411 0.322978 0.119625
v -0.063383 0.339199 0.120937
v -0.062199 0.355573 0.120812
v -0.060550 0.371512 0.118142
v -0.058599 0.386812 0.114494
v -0.056146 0.401147 0.109256
v -0.053199 0.414820 0.103558
v -0.049847 0.427910 0.097509
v -0.046333 0.440839 0.091710
v -0.042772 0.453801 0.085905
v -0.038970 0.466314 0.080074
v -0.035218 0.478522 0.074282
v -0.031628 0.490220 0.067393
v -0.028279 0.501111 0.058792
v -0.054519 0.272379 0.123003
v -0.051430 0.286683 0.121935
v -0.068555 0.292010 0.118323
v -0.049276 0.302188 0.121033
v -0.047995 0.318260 0.120939
v -0.047237 0.334603 0.121683
v -0.046426 0.351070 0.121873
v -0.045290 0.367183 0.119982
v -0.043867 0.382628 0.116704
v -0.042077 0.397180 0.111813
v -0.039871 0.411093 0.106312
v -0.037328 0.424321 0.100080
v -0.034669 0.437506 0.094242
v -0.031937 0.450646 0.088218
v -0.029038 0.463421 0.082215
v -0.026164 0.475866 0.076026
v -0.023442 0.487725 0.068554
v -0.020970 0.499328 0.060103
v -0.036370 0.266058 0.126361
v -0.034216 0.281123 0.124427
v -0.032687 0.297018 0.122775
v -0.031754 0.313328 0.121835
v -0.031215 0.329836 0.121662
v -0.030712 0.346391 0.121546
v -0.030012 0.362637 0.120299
v -0.029063 0.378216 0.117417
v -0.027876 0.393027 0.113050
v -0.026387 0.407153 0.107749
v -0.024666 0.420702 0.101739
v -0.022847 0.434124 0.095823
v -0.020986 0.447547 0.089745
v -0.019015 0.460690 0.083642
v -0.017058 0.473466 0.077127
v -0.015216 0.485726 0.069408
v -0.013564 0.497866 0.060862
v -0.018076 0.259460 0.127818
v -0.016976 0.275404 0.125793
v -0.016177 0.291766 0.123907
v -0.015663 0.308350 0.122521
v -0.015354 0.325050 0.121809
v -0.015083 0.341755 0.121451
v -0.014710 0.358196 0.120465
v -0.014202 0.374014 0.118037
v -0.013575 0.389094 0.114039
v -0.012798 0.403506 0.108952
v -0.011900 0.417393 0.103112
v -0.010943 0.431070 0.097069
v -0.009970 0.444821 0.090930
v -0.008939 0.458388 0.084716
v -0.007917 0.471539 0.077870
v -0.006957 0.484310 0.070040
v -0.006111 0.496955 0.061333
v 0.000214 0.252711 0.128413
v 0.000244 0.269592 0.126603
v 0.000257 0.286460 0.124607
v 0.000280 0.303357 0.122977
v 0.000342 0.320275 0.121988
v 0.000438 0.337174 0.121515
v 0.000563 0.353873 0.120763
v 0.000691 0.369997 0.118731
v 0.000787 0.385409 0.115072
v 0.000871 0.400156 0.110158
v 0.000947 0.414392 0.104380
v 0.001023 0.428387 0.098237
v 0.001094 0.442467 0.091969
v 0.001166 0.456491 0.085580
v 0.001241 0.470127 0.078541
v 0.001310 0.483402 0.070543
v 0.001376 0.496525 0.061583
v 0.010219 0.484185 0.070190
v 0.009464 0.496813 0.061458
v 0.019123 0.485575 0.069657
v 0.017520 0.497671 0.061059
v 0.027991 0.487656 0.068840
v 0.025486 0.499170 0.060284
v 0.036819 0.490090 0.067340
v 0.033363 0.500830 0.058574
v 0.045489 0.492636 0.064653
v 0.041010 0.502671 0.055800
v 0.053913 0.495151 0.060901
v 0.048383 0.504603 0.052219
v 0.062048 0.497801 0.056452
v 0.055566 0.506886 0.047834
v 0.069810 0.500907 0.051525
v 0.062336 0.509569 0.042888
v 0.076998 0.504331 0.045871
v 0.068660 0.512617 0.037300
v 0.083607 0.507539 0.039426
v 0.074399 0.515782 0.031185
v 0.089725 0.510440 0.032385
v 0.079649 0.518848 0.024626
v 0.095394 0.513376 0.025052
v 0.084346 0.522066 0.017840
v 0.100720 0.516392 0.017628
v 0.088354 0.525550 0.011116
v 0.011113 0.471399 0.078009
v 0.020969 0.473282 0.077327
v 0.030787 0.475625 0.076051
v 0.040525 0.478214 0.073970
v 0.050086 0.481033 0.070949
v 0.059479 0.484083 0.067367
v 0.068674 0.487461 0.063374
v 0.077440 0.491052 0.058533
v 0.085625 0.494785 0.052915
v 0.093118 0.498396 0.046258
v 0.100294 0.501966 0.039314
v 0.107169 0.505756 0.032253
v 0.113596 0.509225 0.024934
v 0.012060 0.458214 0.084817
v 0.022927 0.460428 0.083727
v 0.033726 0.463075 0.082099
v 0.044416 0.465925 0.079658
v 0.054937 0.469086 0.076549
v 0.065262 0.472391 0.072816
v 0.075313 0.475839 0.068414
v 0.084910 0.479593 0.063326
v 0.094008 0.483842 0.057720
v 0.102641 0.488228 0.051577
v 0.110609 0.491849 0.044317
v 0.118193 0.495713 0.036906
v 0.013017 0.444633 0.091031
v 0.024893 0.447278 0.089875
v 0.036686 0.450273 0.088152
v 0.048336 0.453363 0.085457
v 0.059770 0.456607 0.081909
v 0.070989 0.460060 0.077831
v 0.081889 0.463700 0.073074
v 0.092348 0.467746 0.067731
v 0.102164 0.472241 0.061634
v 0.111617 0.477463 0.055443
v 0.120975 0.482936 0.049442
v 0.129265 0.487675 0.041891
v 0.124985 0.499254 0.029352
v 0.013921 0.430865 0.097174
v 0.026753 0.433845 0.096005
v 0.039477 0.437081 0.094122
v 0.052021 0.440348 0.091166
v 0.064342 0.443841 0.087491
v 0.076398 0.447452 0.083091
v 0.088093 0.451241 0.077959
v 0.099313 0.455460 0.072188
v 0.109842 0.460148 0.065531
v 0.119631 0.465125 0.057930
v 0.128753 0.470259 0.049580
v 0.137439 0.475619 0.041547
v 0.136857 0.492090 0.034534
v 0.014795 0.417172 0.103232
v 0.028556 0.420386 0.101915
v 0.042188 0.423918 0.100101
v 0.055625 0.427394 0.097016
v 0.068796 0.431022 0.093068
v 0.081662 0.434745 0.088327
v 0.094185 0.438756 0.083000
v 0.106152 0.443155 0.076872
v 0.117313 0.447901 0.069632
v 0.127862 0.453136 0.061798
v 0.137882 0.458531 0.053399
v 0.147191 0.463759 0.044371
v 0.145515 0.480903 0.034441
v 0.015603 0.403267 0.109090
v 0.030246 0.406822 0.107998
v 0.044752 0.410590 0.106253
v 0.059035 0.414209 0.102993
v 0.073026 0.417927 0.098768
v 0.086715 0.421807 0.093845
v 0.100002 0.425889 0.088122
v 0.112671 0.430313 0.081497
v 0.124519 0.435141 0.073894
v 0.135566 0.440324 0.065461
v 0.146322 0.446171 0.057054
v 0.156953 0.452706 0.049080
v 0.166968 0.459281 0.040825
v 0.155534 0.469125 0.036184
v 0.016271 0.388831 0.114166
v 0.031677 0.392646 0.113291
v 0.046966 0.396632 0.111790
v 0.062069 0.400522 0.108816
v 0.076816 0.404353 0.104480
v 0.091211 0.408257 0.099240
v 0.105191 0.412367 0.093214
v 0.118550 0.416788 0.086229
v 0.131037 0.421554 0.078220
v 0.142625 0.426612 0.069271
v 0.153419 0.431932 0.059582
v 0.163651 0.437774 0.049695
v 0.173503 0.444011 0.039793
v 0.016763 0.373730 0.118160
v 0.032794 0.377795 0.117680
v 0.048744 0.382031 0.116771
v 0.064498 0.386043 0.113851
v 0.079932 0.389974 0.109518
v 0.095013 0.393955 0.104269
v 0.109596 0.398016 0.097944
v 0.123461 0.402273 0.090497
v 0.136492 0.406866 0.082085
v 0.148611 0.411738 0.072787
v 0.159912 0.416887 0.062783
v 0.170581 0.422518 0.052512
v 0.181485 0.429037 0.043160
v 0.017054 0.357888 0.120550
v 0.033579 0.362173 0.120488
v 0.050087 0.366506 0.119887
v 0.066481 0.370739 0.117688
v 0.082574 0.374842 0.113754
v 0.098238 0.378831 0.108436
v 0.113255 0.382723 0.101606
v 0.127633 0.386835 0.093889
v 0.141036 0.391161 0.084997
v 0.153446 0.395695 0.075039
v 0.164874 0.400509 0.064338
v 0.175560 0.405778 0.053242
v 0.186304 0.411675 0.042639
v 0.017188 0.341436 0.121470
v 0.034061 0.345919 0.121664
v 0.051032 0.350382 0.121910
v 0.067994 0.354749 0.120210
v 0.084680 0.358894 0.116457
v 0.100918 0.362848 0.111027
v 0.116487 0.366682 0.104051
v 0.131286 0.370637 0.095903
v 0.144627 0.374666 0.085916
v 0.156909 0.378917 0.074999
v 0.168006 0.383474 0.063195
v 0.178589 0.388422 0.051325
v 0.189416 0.393618 0.040016
v 0.017262 0.324734 0.121749
v 0.034358 0.329393 0.121589
v 0.051643 0.333988 0.121482
v 0.069031 0.338396 0.120289
v 0.086336 0.342598 0.117285
v 0.103184 0.346569 0.112071
v 0.119154 0.350349 0.104582
v 0.134067 0.354183 0.095500
v 0.147072 0.358004 0.083987
v 0.158904 0.362075 0.071745
v 0.169116 0.366593 0.058556
v 0.179441 0.371165 0.045834
v 0.190700 0.375373 0.034436
v 0.017443 0.308051 0.122382
v 0.034763 0.312926 0.121555
v 0.052264 0.317721 0.120602
v 0.069908 0.322290 0.118794
v 0.087599 0.326544 0.115855
v 0.104882 0.330509 0.110517
v 0.121250 0.334226 0.102613
v 0.136053 0.337934 0.092136
v 0.148488 0.341853 0.079143
v 0.159357 0.346047 0.065150
v 0.168942 0.350575 0.050652
v 0.179412 0.354628 0.037109
v 0.017922 0.291500 0.123796
v 0.035663 0.296670 0.122365
v 0.053466 0.301736 0.120181
v 0.071330 0.306584 0.117189
v 0.089166 0.311090 0.113118
v 0.106435 0.315266 0.106549
v 0.122986 0.319035 0.097949
v 0.137509 0.322810 0.086236
v 0.149381 0.326898 0.071802
v 0.159083 0.331496 0.055900
v 0.168567 0.335987 0.039914
v 0.179112 0.339559 0.024831
v 0.190986 0.357684 0.025665
v 0.018761 0.275210 0.125770
v 0.037284 0.280879 0.124138
v 0.055710 0.286330 0.120952
v 0.073991 0.291541 0.116495
v 0.091937 0.296465 0.110437
v 0.109103 0.301050 0.102127
v 0.125189 0.305264 0.091656
v 0.138743 0.309479 0.077923
v 0.150385 0.313829 0.062384
v 0.159539 0.318774 0.045029
v 0.168692 0.323424 0.027287
v 0.178932 0.326917 0.009655
v 0.190760 0.341176 0.012781
v 0.019900 0.259434 0.127804
v 0.039583 0.266010 0.126036
v 0.059051 0.272243 0.122055
v 0.078172 0.278160 0.116332
v 0.096480 0.283758 0.108166
v 0.113648 0.289030 0.097582
v 0.129154 0.294046 0.084615
v 0.141615 0.299130 0.068546
v 0.152907 0.304209 0.051333
v 0.161862 0.309721 0.032437
v 0.170747 0.314755 0.012945
v 0.180368 0.318661 -0.007234
v 0.190690 0.327615 -0.004874
v 0.191855 0.318613 -0.026947
v -0.004254 -0.017214 -0.156604
v 0.015678 -0.030577 -0.159432
v -0.004511 -0.030553 -0.159420
v 0.015629 -0.016793 -0.156479
v 0.035870 -0.030079 -0.159301
v 0.035494 -0.015846 -0.156286
v 0.056047 -0.029189 -0.158751
v 0.055333 -0.014558 -0.155476
v 0.076161 -0.028313 -0.156875
v 0.075066 -0.013300 -0.153298
v 0.096044 -0.027570 -0.153250
v 0.094563 -0.012097 -0.149632
v 0.115216 -0.027099 -0.146732
v 0.113466 -0.011029 -0.143758
v 0.132323 -0.026884 -0.135926
v 0.131187 -0.010123 -0.135106
v 0.147259 -0.026271 -0.122292
v 0.145971 -0.009022 -0.122232
v 0.159620 -0.025069 -0.106400
v 0.158061 -0.007403 -0.106819
v 0.169337 -0.023306 -0.088812
v 0.167576 -0.005174 -0.089719
v 0.177302 -0.021043 -0.070457
v 0.174846 -0.002506 -0.071563
v 0.183425 -0.018531 -0.051462
v 0.180122 0.000326 -0.052712
v 0.187536 -0.015943 -0.031948
v 0.183416 0.003216 -0.033388
v 0.189571 -0.013368 -0.012131
v -0.004005 -0.003809 -0.155467
v 0.015530 -0.002887 -0.154921
v 0.034957 -0.001601 -0.153259
v 0.054447 -0.000007 -0.151780
v 0.073834 0.001591 -0.149163
v 0.093030 0.003230 -0.145385
v 0.111674 0.004778 -0.139623
v 0.129647 0.006063 -0.131624
v 0.147768 0.007592 -0.124248
v 0.159726 0.009970 -0.109616
v 0.164748 0.012746 -0.090841
v 0.171165 0.015860 -0.072556
v 0.176024 0.019069 -0.053798
v 0.179116 0.022364 -0.034671
v 0.185118 0.006183 -0.013872
v -0.003840 0.009257 -0.159497
v 0.015753 0.010633 -0.158997
v 0.034865 0.012670 -0.155192
v 0.053909 0.014718 -0.151039
v 0.072987 0.016663 -0.147160
v 0.091956 0.018644 -0.142905
v 0.110853 0.020612 -0.138238
v 0.129794 0.021939 -0.134022
v 0.146579 0.024550 -0.125144
v 0.159354 0.027508 -0.111071
v 0.167056 0.030350 -0.093337
v 0.172201 0.033858 -0.074745
v 0.177028 0.037340 -0.055994
v 0.180381 0.041355 -0.037003
v 0.181041 0.025913 -0.015445
v -0.003701 0.022807 -0.161226
v 0.015895 0.024652 -0.160628
v 0.035466 0.026522 -0.159560
v 0.054925 0.028356 -0.157217
v 0.074350 0.030137 -0.154533
v 0.093630 0.032207 -0.150999
v 0.112391 0.034734 -0.145914
v 0.128876 0.037782 -0.136544
v 0.142511 0.040720 -0.122894
v 0.156067 0.044214 -0.109144
v 0.169009 0.048063 -0.095047
v 0.176690 0.051414 -0.077640
v 0.176460 0.055370 -0.058780
v 0.176371 0.059827 -0.039630
v 0.183014 0.045561 -0.018017
v -0.003604 0.036486 -0.160946
v 0.015954 0.038768 -0.159751
v 0.035529 0.041072 -0.158851
v 0.055074 0.043307 -0.157384
v 0.074557 0.045476 -0.155302
v 0.094086 0.047717 -0.154454
v 0.111578 0.050633 -0.147738
v 0.124958 0.053532 -0.134171
v 0.137760 0.056540 -0.119503
v 0.150457 0.059750 -0.104690
v 0.162916 0.064343 -0.090805
v 0.176021 0.069728 -0.077869
v 0.176444 0.073970 -0.060008
v 0.170795 0.078442 -0.042081
v 0.176224 0.064372 -0.020482
v -0.003540 0.050150 -0.160094
v 0.015973 0.052861 -0.158428
v 0.035510 0.055584 -0.157141
v 0.055018 0.058250 -0.155414
v 0.074556 0.060962 -0.154562
v 0.093968 0.063556 -0.156650
v 0.109970 0.066832 -0.147391
v 0.124160 0.070011 -0.134506
v 0.137053 0.073428 -0.120152
v 0.146811 0.076895 -0.103374
v 0.156990 0.080997 -0.087175
v 0.170500 0.086961 -0.074461
v 0.179074 0.092464 -0.059828
v 0.174893 0.097582 -0.042538
v 0.168943 0.083013 -0.023039
v -0.003478 0.063824 -0.159296
v 0.016006 0.066984 -0.157404
v 0.035525 0.070151 -0.155921
v 0.055041 0.073295 -0.154428
v 0.074499 0.076421 -0.156094
v 0.093762 0.079494 -0.158176
v 0.109670 0.083093 -0.148142
v 0.122565 0.086407 -0.134323
v 0.131221 0.088857 -0.117357
v 0.142501 0.093817 -0.101902
v 0.154276 0.098504 -0.086726
v 0.164545 0.104225 -0.071235
v 0.177115 0.111056 -0.058949
v 0.180396 0.116522 -0.042147
v 0.167027 0.102741 -0.025162
v -0.003405 0.077511 -0.158662
v 0.016057 0.081131 -0.156620
v 0.035566 0.084754 -0.155095
v 0.055106 0.088379 -0.154430
v 0.074373 0.091879 -0.157781
v 0.093532 0.095496 -0.158823
v 0.108636 0.099343 -0.148066
v 0.118299 0.102358 -0.131918
v 0.132930 0.105934 -0.119797
v 0.146425 0.110674 -0.106175
v 0.157299 0.116082 -0.090379
v 0.163061 0.122497 -0.072593
v 0.172820 0.129434 -0.057707
v 0.180890 0.135973 -0.042681
v 0.170893 0.122526 -0.025755
v -0.003325 0.091210 -0.158132
v 0.016118 0.095289 -0.155989
v 0.035629 0.099377 -0.154587
v 0.055156 0.103461 -0.154931
v 0.074255 0.107376 -0.159199
v 0.093199 0.111496 -0.159275
v 0.106889 0.115576 -0.147042
v 0.117017 0.119116 -0.130898
v 0.134260 0.123113 -0.121966
v 0.149007 0.128019 -0.109530
v 0.159670 0.133951 -0.093678
v 0.165186 0.140831 -0.075834
v 0.169051 0.148211 -0.057940
v 0.179135 0.155368 -0.043538
v 0.175368 0.142221 -0.025877
v -0.003242 0.104916 -0.157670
v 0.016189 0.109461 -0.155492
v 0.035706 0.114015 -0.154330
v 0.055186 0.118545 -0.155556
v 0.074143 0.122900 -0.160459
v 0.092670 0.127494 -0.159327
v 0.105093 0.131807 -0.145816
v 0.117501 0.135967 -0.131592
v 0.135604 0.140280 -0.124289
v 0.150758 0.145580 -0.112345
v 0.161720 0.151914 -0.096744
v 0.167911 0.159136 -0.079107
v 0.168667 0.167211 -0.060720
v 0.177479 0.174917 -0.044772
v 0.177884 0.161212 -0.026392
v -0.003156 0.118631 -0.157260
v 0.016269 0.123640 -0.155082
v 0.035791 0.128662 -0.154247
v 0.055191 0.133634 -0.156277
v 0.074022 0.138440 -0.161633
v 0.092223 0.143512 -0.159318
v 0.103599 0.148124 -0.144569
v 0.118229 0.152815 -0.132621
v 0.136817 0.157471 -0.126537
v 0.152261 0.163187 -0.115013
v 0.163507 0.169937 -0.099657
v 0.170500 0.177494 -0.082288
v 0.171201 0.186017 -0.064032
v 0.174802 0.194380 -0.046373
v 0.180192 0.181314 -0.027517
v -0.003069 0.132352 -0.156881
v 0.016352 0.137829 -0.154754
v 0.035878 0.143314 -0.154254
v 0.055187 0.148732 -0.156979
v 0.073879 0.153992 -0.162786
v 0.091761 0.159525 -0.159033
v 0.102830 0.164538 -0.143691
v 0.119124 0.169633 -0.134046
v 0.138003 0.174656 -0.128877
v 0.153630 0.180813 -0.117618
v 0.165089 0.187998 -0.102475
v 0.172662 0.195939 -0.085356
v 0.174689 0.204719 -0.067190
v 0.174190 0.213895 -0.049112
v 0.182013 0.202219 -0.029576
v -0.002983 0.146080 -0.156513
v 0.016441 0.152025 -0.154498
v 0.035964 0.157975 -0.154346
v 0.055178 0.163841 -0.157654
v 0.073748 0.169566 -0.163782
v 0.090998 0.175512 -0.158225
v 0.102542 0.180987 -0.143200
v 0.120135 0.186401 -0.135957
v 0.139114 0.191851 -0.131206
v 0.154908 0.198446 -0.120190
v 0.166625 0.206063 -0.105300
v 0.174414 0.214452 -0.088323
v 0.177993 0.223474 -0.070288
v 0.176055 0.233285 -0.052380
v 0.181094 0.222342 -0.032022
v -0.002895 0.159815 -0.156172
v 0.016537 0.166229 -0.154327
v 0.036051 0.172641 -0.154493
v 0.055167 0.178961 -0.158309
v 0.073637 0.185155 -0.164652
v 0.090625 0.191535 -0.157881
v 0.102653 0.197454 -0.143039
v 0.121205 0.203143 -0.138162
v 0.140198 0.209050 -0.133541
v 0.156127 0.216080 -0.122748
v 0.168125 0.224130 -0.108129
v 0.176000 0.232990 -0.091261
v 0.180235 0.242393 -0.073381
v 0.179660 0.252504 -0.055402
v 0.179989 0.242372 -0.034593
v -0.002810 0.173555 -0.155826
v 0.016633 0.180439 -0.154207
v 0.036136 0.187316 -0.154679
v 0.055141 0.194090 -0.158973
v 0.073558 0.200763 -0.165326
v 0.089850 0.207529 -0.156947
v 0.102727 0.213937 -0.142705
v 0.122296 0.219876 -0.140531
v 0.141282 0.226249 -0.135892
v 0.157409 0.233692 -0.125387
v 0.169574 0.242201 -0.110963
v 0.177558 0.251532 -0.094219
v 0.181990 0.261362 -0.076443
v 0.182830 0.271829 -0.058393
v 0.179398 0.262386 -0.037350
v -0.002722 0.187303 -0.155501
v 0.016733 0.194656 -0.154144
v 0.036223 0.201997 -0.154883
v 0.055129 0.209231 -0.159567
v 0.073516 0.216387 -0.165729
v 0.089095 0.223527 -0.155940
v 0.103551 0.230363 -0.143755
v 0.123376 0.236618 -0.142905
v 0.142388 0.243447 -0.138262
v 0.158693 0.251291 -0.128054
v 0.171012 0.260270 -0.113827
v 0.179149 0.270067 -0.097232
v 0.184728 0.280127 -0.079744
v 0.186594 0.290978 -0.061873
v 0.180939 0.282332 -0.040416
v -0.002628 0.201056 -0.155219
v 0.016834 0.208879 -0.154162
v 0.036306 0.216686 -0.155159
v 0.055113 0.224382 -0.160155
v 0.073502 0.232016 -0.166078
v 0.088545 0.239546 -0.155040
v 0.104546 0.246752 -0.145304
v 0.124444 0.253377 -0.145221
v 0.143516 0.260646 -0.140645
v 0.160098 0.268849 -0.130863
v 0.172563 0.278303 -0.116872
v 0.180754 0.287597 -0.101606
v 0.188643 0.297992 -0.084632
v 0.189825 0.308551 -0.068316
v 0.184024 0.301708 -0.044188
v -0.189884 0.309662 -0.068706
v -0.184132 0.303804 -0.044021
v -0.193583 0.318648 -0.051131
v -0.186557 0.291572 -0.062280
v -0.180594 0.284441 -0.039958
v -0.182762 0.272562 -0.058426
v -0.177457 0.264548 -0.036806
v -0.178455 0.253531 -0.055237
v -0.177321 0.244125 -0.033908
v -0.173443 0.234697 -0.052135
v -0.178972 0.224545 -0.031597
v -0.170275 0.215582 -0.048606
v -0.180767 0.204696 -0.029414
v -0.170507 0.196144 -0.045614
v -0.180194 0.184430 -0.027353
v -0.173698 0.176758 -0.044477
v -0.176731 0.163926 -0.026237
v -0.175790 0.157369 -0.043732
v -0.173000 0.144253 -0.025666
v -0.175309 0.137974 -0.042952
v -0.168647 0.125143 -0.025382
v -0.174680 0.118860 -0.042852
v -0.164648 0.105442 -0.024552
v -0.171674 0.099944 -0.042992
v -0.167127 0.085784 -0.022419
v -0.168127 0.080958 -0.042329
v -0.175421 0.067571 -0.020209
v -0.175871 0.063062 -0.040232
v -0.180986 0.048403 -0.017896
v -0.178123 0.044200 -0.037665
v -0.180397 0.028444 -0.015446
v -0.178174 0.024993 -0.035443
v -0.184500 0.008854 -0.013870
v -0.182412 0.005871 -0.034111
v -0.189176 -0.010612 -0.012097
v -0.186138 0.296246 -0.087183
v -0.183882 0.279608 -0.080792
v -0.180961 0.261105 -0.077054
v -0.178848 0.242292 -0.073748
v -0.175745 0.223617 -0.070436
v -0.171060 0.205270 -0.067165
v -0.166344 0.186954 -0.063810
v -0.163186 0.168364 -0.060213
v -0.164359 0.149447 -0.057769
v -0.167985 0.130916 -0.058253
v -0.170642 0.112549 -0.059213
v -0.172408 0.094383 -0.060554
v -0.172315 0.076280 -0.061443
v -0.175038 0.058197 -0.060150
v -0.172996 0.040340 -0.057057
v -0.174977 0.021722 -0.055338
v -0.178815 0.003004 -0.054179
v -0.186783 -0.013189 -0.032684
v -0.178345 0.286479 -0.102693
v -0.176712 0.269027 -0.098376
v -0.174799 0.250702 -0.095228
v -0.172858 0.232375 -0.092096
v -0.171085 0.214007 -0.089078
v -0.168921 0.195690 -0.085989
v -0.166002 0.177509 -0.082722
v -0.162290 0.159510 -0.079303
v -0.158704 0.141507 -0.075813
v -0.156370 0.123319 -0.072454
v -0.160258 0.105557 -0.073303
v -0.164879 0.088330 -0.075875
v -0.168976 0.071303 -0.078497
v -0.172014 0.053860 -0.079257
v -0.167616 0.036653 -0.076388
v -0.169684 0.018414 -0.074735
v -0.173226 0.000138 -0.073783
v -0.182222 -0.015757 -0.052936
v -0.167120 0.276998 -0.117507
v -0.166174 0.259035 -0.114903
v -0.164985 0.241098 -0.112181
v -0.163586 0.223186 -0.109365
v -0.162130 0.205277 -0.106558
v -0.160641 0.187364 -0.103785
v -0.158999 0.169468 -0.100984
v -0.156825 0.151666 -0.097973
v -0.153874 0.134041 -0.094641
v -0.149675 0.116807 -0.090739
v -0.148889 0.099030 -0.088443
v -0.152698 0.081604 -0.089353
v -0.158519 0.065783 -0.093307
v -0.162488 0.049804 -0.096039
v -0.162124 0.032958 -0.095414
v -0.161800 0.015231 -0.093068
v -0.165240 -0.002560 -0.092551
v -0.175754 -0.018257 -0.072676
v -0.154700 0.267010 -0.132820
v -0.153563 0.249561 -0.130121
v -0.152342 0.232126 -0.127432
v -0.151096 0.214691 -0.124785
v -0.149873 0.197252 -0.122205
v -0.148661 0.179808 -0.119678
v -0.147506 0.162354 -0.117241
v -0.146495 0.144870 -0.114972
v -0.144476 0.127588 -0.112194
v -0.141398 0.110910 -0.108635
v -0.141221 0.094392 -0.104836
v -0.144102 0.077646 -0.106923
v -0.146880 0.060686 -0.108097
v -0.152160 0.046263 -0.112913
v -0.153090 0.029745 -0.112977
v -0.154550 0.012492 -0.111888
v -0.155250 -0.004886 -0.110331
v -0.167220 -0.020531 -0.091659
v -0.137110 0.258218 -0.142493
v -0.136267 0.241177 -0.140440
v -0.135433 0.224141 -0.138393
v -0.134688 0.207085 -0.136487
v -0.133923 0.190040 -0.134506
v -0.133217 0.172985 -0.132591
v -0.132492 0.155936 -0.130622
v -0.131779 0.138888 -0.128661
v -0.131145 0.121815 -0.126831
v -0.129665 0.105005 -0.123732
v -0.126069 0.089265 -0.117935
v -0.127189 0.072552 -0.117373
v -0.131054 0.056275 -0.120289
v -0.138645 0.043130 -0.127897
v -0.141193 0.026509 -0.128425
v -0.140841 0.009901 -0.124698
v -0.142287 -0.006837 -0.125867
v -0.156634 -0.022393 -0.109635
v -0.117372 0.250114 -0.148305
v -0.116868 0.233442 -0.147095
v -0.116342 0.216788 -0.145691
v -0.115816 0.200146 -0.144218
v -0.115237 0.183528 -0.142527
v -0.114623 0.166928 -0.140740
v -0.113983 0.150340 -0.138911
v -0.113291 0.133774 -0.136964
v -0.112568 0.117208 -0.135069
v -0.111787 0.100646 -0.133201
v -0.110688 0.084243 -0.130562
v -0.111344 0.068252 -0.129711
v -0.116911 0.053713 -0.134874
v -0.122036 0.039223 -0.139097
v -0.121813 0.023895 -0.134231
v -0.122641 0.007876 -0.133693
v -0.124808 -0.008290 -0.136839
v -0.143260 -0.023827 -0.125707
v -0.096988 0.242323 -0.150800
v -0.096437 0.226184 -0.149008
v -0.095880 0.210059 -0.147199
v -0.095307 0.193929 -0.145534
v -0.094724 0.177796 -0.143993
v -0.094131 0.161668 -0.142520
v -0.093562 0.145529 -0.141264
v -0.093035 0.129376 -0.140276
v -0.092696 0.113202 -0.139799
v -0.092626 0.097021 -0.139782
v -0.094524 0.081086 -0.141841
v -0.098100 0.065775 -0.145087
v -0.102513 0.051040 -0.148877
v -0.103754 0.035616 -0.147236
v -0.102358 0.021431 -0.139792
v -0.103923 0.005842 -0.141529
v -0.106064 -0.009725 -0.145250
v -0.126587 -0.024765 -0.138415
v -0.076325 0.234839 -0.149964
v -0.075926 0.219105 -0.149460
v -0.075594 0.203370 -0.149249
v -0.075432 0.187634 -0.149325
v -0.075549 0.171911 -0.149801
v -0.075861 0.156209 -0.150489
v -0.076564 0.140545 -0.151545
v -0.077606 0.124933 -0.152889
v -0.079053 0.109395 -0.154533
v -0.080460 0.093878 -0.155898
v -0.081944 0.078398 -0.157134
v -0.084014 0.063020 -0.159038
v -0.084623 0.047619 -0.157371
v -0.083735 0.033431 -0.150977
v -0.082948 0.019133 -0.145357
v -0.084663 0.003814 -0.147860
v -0.086298 -0.011402 -0.150865
v -0.108013 -0.025483 -0.148129
v -0.059851 0.226834 -0.161818
v -0.060329 0.211604 -0.162639
v -0.060774 0.196378 -0.163399
v -0.061342 0.181171 -0.164262
v -0.061815 0.165960 -0.164983
v -0.062293 0.150756 -0.165691
v -0.062779 0.135550 -0.166316
v -0.063210 0.120337 -0.166673
v -0.063255 0.105092 -0.165705
v -0.063536 0.089904 -0.164783
v -0.064176 0.074768 -0.164527
v -0.064463 0.059660 -0.163049
v -0.064605 0.044628 -0.160941
v -0.063972 0.030580 -0.155475
v -0.063527 0.016551 -0.149917
v -0.064608 0.001564 -0.150273
v -0.066003 -0.012997 -0.154234
v -0.087991 -0.026497 -0.154431
v -0.041257 0.218419 -0.167851
v -0.041473 0.203640 -0.167826
v -0.041694 0.188869 -0.167850
v -0.041953 0.174105 -0.167687
v -0.042223 0.159352 -0.167479
v -0.042496 0.144608 -0.167215
v -0.042785 0.129876 -0.166838
v -0.043070 0.115155 -0.166380
v -0.043350 0.100446 -0.165834
v -0.043620 0.085747 -0.165296
v -0.043879 0.071062 -0.164623
v -0.044124 0.056392 -0.163777
v -0.044326 0.041741 -0.162730
v -0.044404 0.027282 -0.160266
v -0.044129 0.013635 -0.154956
v -0.044449 -0.000422 -0.152527
v -0.045472 -0.014650 -0.155873
v -0.067271 -0.027710 -0.157548
v -0.022284 0.209730 -0.160511
v -0.022395 0.195467 -0.160762
v -0.022509 0.181212 -0.161001
v -0.022632 0.166964 -0.161217
v -0.022767 0.152723 -0.161394
v -0.022911 0.138491 -0.161551
v -0.023052 0.124266 -0.161707
v -0.023197 0.110048 -0.161849
v -0.023343 0.095838 -0.161987
v -0.023491 0.081635 -0.162130
v -0.023644 0.067439 -0.162250
v -0.023799 0.053248 -0.162370
v -0.023944 0.039062 -0.162441
v -0.024093 0.024909 -0.161689
v -0.024080 0.011298 -0.157926
v -0.024226 -0.002242 -0.154094
v -0.024877 -0.016155 -0.156374
v -0.046383 -0.028928 -0.158937
v -0.025454 -0.029968 -0.159313
v 0.194200 0.321969 -0.074534
v 0.194108 0.314448 -0.050577
v 0.191285 0.313202 -0.087465
v 0.194063 0.330309 -0.093394
v 0.190529 0.322407 -0.105685
v 0.195281 0.342416 -0.111436
v 0.190420 0.334972 -0.121498
v 0.195632 0.357460 -0.125347
v 0.185859 0.368445 -0.141863
v 0.194103 0.374977 -0.134392
v 0.181610 0.387338 -0.142236
v 0.192113 0.393364 -0.138916
v 0.176207 0.405822 -0.141083
v 0.188215 0.411404 -0.138264
v 0.169346 0.423778 -0.138745
v 0.180823 0.428828 -0.134384
v 0.162091 0.441178 -0.136660
v 0.172068 0.445687 -0.130781
v 0.153170 0.456600 -0.131008
v 0.163383 0.461638 -0.127570
v 0.152972 0.475676 -0.122087
v 0.143283 0.472189 -0.127822
v 0.142323 0.491170 -0.122500
v 0.133211 0.488086 -0.126996
v 0.128974 0.500029 -0.113880
v 0.120537 0.498607 -0.118469
v 0.115650 0.513456 -0.108052
v 0.107677 0.511848 -0.111431
v 0.100224 0.526714 -0.099971
v 0.093579 0.525870 -0.103797
v 0.084282 0.540330 -0.091828
v 0.079057 0.540000 -0.095626
v 0.069147 0.553768 -0.083559
v 0.186018 0.305063 -0.101465
v 0.182484 0.315439 -0.116793
v 0.178660 0.329197 -0.129422
v 0.189038 0.350470 -0.134166
v 0.171673 0.363357 -0.143012
v 0.168097 0.382191 -0.145631
v 0.162761 0.400726 -0.144836
v 0.157382 0.419185 -0.144927
v 0.150418 0.435908 -0.139523
v 0.142034 0.452202 -0.134617
v 0.133171 0.468725 -0.132756
v 0.123342 0.484537 -0.129938
v 0.111960 0.497526 -0.122999
v 0.099868 0.510633 -0.115126
v 0.086955 0.525090 -0.107537
v 0.073785 0.539746 -0.099161
v 0.065050 0.553596 -0.086705
v 0.176890 0.296141 -0.115737
v 0.172468 0.307303 -0.129384
v 0.167589 0.321891 -0.140094
v 0.176144 0.345074 -0.139910
v 0.157605 0.358199 -0.147248
v 0.153848 0.377151 -0.148462
v 0.149821 0.395894 -0.150245
v 0.144407 0.413842 -0.146883
v 0.138193 0.431331 -0.142496
v 0.130727 0.448445 -0.138814
v 0.122127 0.464656 -0.134603
v 0.113161 0.480785 -0.131434
v 0.103029 0.495581 -0.126294
v 0.092074 0.509628 -0.118868
v 0.080311 0.524484 -0.111128
v 0.068319 0.539479 -0.102173
v 0.060869 0.553546 -0.089637
v 0.166590 0.287300 -0.129602
v 0.159471 0.300172 -0.139385
v 0.151974 0.316457 -0.144071
v 0.161932 0.339448 -0.145196
v 0.143614 0.353074 -0.151841
v 0.140365 0.372118 -0.153467
v 0.136017 0.390742 -0.151261
v 0.131117 0.409119 -0.148640
v 0.125667 0.427248 -0.145637
v 0.119017 0.444593 -0.141572
v 0.111182 0.461196 -0.137564
v 0.102960 0.477450 -0.133357
v 0.093879 0.493144 -0.128533
v 0.084147 0.508504 -0.122172
v 0.073556 0.523868 -0.114204
v 0.062669 0.539116 -0.104586
v 0.056486 0.553410 -0.092063
v 0.151830 0.279827 -0.139703
v 0.143701 0.294125 -0.145950
v 0.132312 0.329099 -0.153147
v 0.146878 0.334358 -0.148169
v 0.128840 0.348124 -0.153942
v 0.125764 0.367287 -0.153798
v 0.122055 0.386230 -0.153209
v 0.117873 0.404963 -0.151425
v 0.113050 0.423354 -0.148591
v 0.107312 0.441248 -0.145357
v 0.100323 0.458248 -0.141238
v 0.092946 0.474959 -0.136697
v 0.084761 0.491256 -0.131348
v 0.076099 0.507238 -0.124919
v 0.066633 0.522999 -0.116503
v 0.056886 0.538592 -0.106465
v 0.051941 0.553207 -0.094026
v 0.134708 0.273217 -0.145929
v 0.126883 0.288493 -0.149465
v 0.137096 0.310848 -0.150337
v 0.116629 0.324340 -0.153522
v 0.113760 0.343485 -0.154987
v 0.111291 0.362803 -0.156096
v 0.108169 0.381983 -0.155956
v 0.104572 0.400959 -0.154188
v 0.100471 0.419709 -0.151821
v 0.095492 0.437970 -0.148686
v 0.089340 0.455389 -0.144376
v 0.082779 0.472476 -0.139328
v 0.075529 0.489288 -0.133616
v 0.067921 0.505815 -0.127112
v 0.059651 0.522040 -0.118378
v 0.051013 0.537925 -0.107871
v 0.047279 0.552903 -0.095519
v 0.116358 0.267240 -0.147755
v 0.109545 0.283286 -0.149948
v 0.120834 0.305791 -0.151866
v 0.100998 0.319691 -0.154750
v 0.098744 0.338957 -0.156824
v 0.096764 0.358424 -0.158116
v 0.094176 0.377796 -0.157956
v 0.091193 0.397022 -0.156458
v 0.087774 0.416061 -0.154400
v 0.083515 0.434584 -0.151012
v 0.078222 0.452405 -0.146680
v 0.072523 0.469808 -0.141082
v 0.066217 0.487147 -0.135276
v 0.059626 0.504199 -0.128734
v 0.052598 0.520958 -0.119865
v 0.045101 0.537204 -0.109029
v 0.042440 0.552564 -0.096663
v 0.097856 0.261541 -0.147809
v 0.088246 0.296144 -0.153607
v 0.104425 0.300975 -0.152283
v 0.085385 0.315112 -0.155757
v 0.083639 0.334511 -0.157946
v 0.082134 0.354093 -0.159164
v 0.080099 0.373599 -0.158979
v 0.077721 0.393020 -0.157939
v 0.074935 0.412233 -0.155717
v 0.071445 0.431004 -0.152228
v 0.067026 0.449175 -0.147948
v 0.062217 0.466976 -0.142179
v 0.056865 0.484867 -0.136497
v 0.051253 0.502405 -0.129819
v 0.045451 0.519692 -0.120838
v 0.039125 0.536417 -0.109822
v 0.037615 0.552320 -0.097598
v 0.079916 0.272466 -0.162302
v 0.092341 0.278128 -0.150754
v 0.076089 0.290935 -0.164092
v 0.073200 0.310239 -0.165040
v 0.070951 0.329957 -0.165153
v 0.069108 0.349808 -0.164764
v 0.067057 0.369592 -0.163854
v 0.064917 0.389281 -0.161820
v 0.062406 0.408708 -0.158649
v 0.059413 0.427583 -0.154050
v 0.055831 0.445763 -0.148437
v 0.051858 0.464050 -0.142912
v 0.047502 0.482439 -0.137257
v 0.042873 0.500512 -0.130561
v 0.038217 0.518358 -0.121485
v 0.033074 0.535614 -0.110341
v 0.032743 0.552203 -0.098445
v 0.068431 0.248611 -0.166145
v 0.084213 0.255231 -0.159256
v 0.064155 0.266504 -0.165610
v 0.060931 0.285413 -0.164670
v 0.058667 0.304977 -0.163771
v 0.057124 0.324876 -0.162832
v 0.055838 0.344855 -0.161643
v 0.054312 0.364713 -0.159997
v 0.052459 0.384464 -0.158082
v 0.050274 0.404077 -0.155717
v 0.047653 0.423403 -0.152664
v 0.044676 0.442220 -0.148430
v 0.041592 0.461021 -0.143309
v 0.038139 0.479922 -0.137775
v 0.034496 0.498540 -0.131056
v 0.030880 0.516962 -0.121833
v 0.026955 0.534835 -0.110748
v 0.027808 0.552139 -0.099131
v 0.051606 0.241986 -0.159306
v 0.048593 0.260537 -0.158585
v 0.046222 0.279839 -0.158067
v 0.044463 0.299631 -0.157890
v 0.043177 0.319675 -0.157890
v 0.041997 0.339790 -0.158164
v 0.040605 0.359847 -0.158239
v 0.039161 0.379849 -0.157061
v 0.037586 0.399722 -0.155025
v 0.035731 0.419308 -0.151912
v 0.033567 0.438518 -0.147860
v 0.031306 0.457843 -0.143314
v 0.028793 0.477276 -0.137973
v 0.026136 0.496476 -0.131336
v 0.023486 0.515491 -0.122000
v 0.020744 0.534105 -0.111136
v 0.022807 0.552077 -0.099628
v 0.033930 0.235265 -0.155169
v 0.031880 0.254480 -0.155336
v 0.030279 0.274204 -0.155587
v 0.029130 0.294260 -0.155925
v 0.028312 0.314487 -0.156343
v 0.027593 0.334767 -0.156762
v 0.026749 0.355016 -0.156827
v 0.025881 0.375225 -0.155811
v 0.024932 0.395340 -0.153984
v 0.023813 0.415211 -0.150923
v 0.022471 0.434815 -0.147157
v 0.021065 0.454558 -0.142874
v 0.019476 0.474542 -0.137816
v 0.017788 0.494385 -0.131489
v 0.016104 0.514049 -0.122180
v 0.014434 0.533441 -0.111434
v 0.017717 0.551986 -0.100008
v 0.015756 0.228467 -0.154247
v 0.014843 0.248378 -0.154394
v 0.014158 0.268549 -0.154595
v 0.013701 0.288890 -0.154839
v 0.013412 0.309321 -0.155103
v 0.013176 0.329779 -0.155394
v 0.012887 0.350217 -0.155394
v 0.012596 0.370634 -0.154489
v 0.012268 0.390997 -0.152965
v 0.011881 0.411149 -0.150014
v 0.011370 0.431137 -0.146418
v 0.010833 0.451269 -0.142341
v 0.010181 0.471766 -0.137473
v 0.009449 0.492312 -0.131651
v 0.008725 0.512669 -0.122525
v 0.008014 0.532775 -0.111724
v 0.007247 0.551908 -0.100305
v 0.012533 0.551946 -0.100198
v -0.002420 0.221661 -0.154839
v -0.002206 0.242279 -0.154556
v -0.001982 0.262910 -0.154351
v -0.001755 0.283552 -0.154317
v -0.001525 0.304202 -0.154466
v -0.001290 0.324854 -0.154641
v -0.001038 0.345505 -0.154627
v -0.000761 0.366149 -0.153947
v -0.000459 0.386761 -0.152519
v -0.000126 0.407237 -0.149837
v 0.000203 0.427620 -0.146314
v 0.000554 0.448139 -0.142421
v 0.000852 0.469118 -0.137580
v 0.001112 0.490252 -0.131894
v 0.001362 0.511325 -0.123032
v 0.001597 0.532093 -0.112063
v 0.001827 0.551900 -0.100371
v -0.005278 0.532949 -0.111649
v -0.004063 0.552042 -0.100264
v -0.012162 0.533799 -0.111289
v -0.009855 0.552205 -0.100118
v -0.015579 0.552403 -0.099922
v -0.018978 0.534655 -0.110890
v -0.021245 0.552606 -0.099603
v -0.025730 0.535537 -0.110458
v -0.026848 0.552793 -0.099117
v -0.032440 0.536450 -0.110007
v -0.032409 0.552983 -0.098446
v -0.039103 0.537441 -0.109487
v -0.037895 0.553216 -0.097562
v -0.045730 0.538377 -0.108587
v -0.043363 0.553617 -0.096554
v -0.052305 0.539275 -0.107341
v -0.048768 0.554091 -0.095280
v -0.058822 0.540106 -0.105747
v -0.054086 0.554561 -0.093591
v -0.065202 0.540707 -0.103499
v -0.059207 0.554941 -0.091335
v -0.071404 0.541195 -0.100595
v -0.064045 0.555108 -0.088367
v -0.077340 0.541618 -0.096993
v -0.068689 0.555335 -0.085053
v -0.006511 0.512855 -0.122364
v -0.014387 0.514462 -0.121913
v -0.022272 0.516129 -0.121633
v -0.030161 0.517813 -0.121401
v -0.038012 0.519439 -0.120989
v -0.045804 0.520984 -0.120223
v -0.053538 0.522424 -0.119063
v -0.061204 0.523662 -0.117349
v -0.068812 0.524783 -0.115192
v -0.076295 0.525740 -0.112350
v -0.083539 0.526424 -0.108604
v -0.090706 0.527262 -0.104621
v -0.083084 0.541955 -0.092872
v -0.007769 0.492528 -0.131459
v -0.016653 0.494900 -0.131221
v -0.025544 0.497283 -0.130990
v -0.034448 0.499618 -0.130652
v -0.043365 0.501840 -0.130032
v -0.052288 0.503936 -0.129078
v -0.061168 0.505924 -0.127699
v -0.069973 0.507692 -0.125717
v -0.078652 0.509237 -0.123090
v -0.087190 0.510618 -0.119842
v -0.095595 0.511887 -0.116040
v -0.103865 0.513063 -0.111890
v -0.097847 0.528187 -0.100516
v -0.009060 0.472043 -0.137316
v -0.018941 0.475164 -0.137573
v -0.028838 0.478247 -0.137688
v -0.038770 0.481181 -0.137377
v -0.048716 0.483985 -0.136744
v -0.058660 0.486654 -0.135775
v -0.068577 0.489163 -0.134342
v -0.078432 0.491478 -0.132285
v -0.088169 0.493625 -0.129543
v -0.097816 0.495881 -0.126465
v -0.107499 0.499043 -0.124340
v -0.116759 0.500898 -0.120046
v -0.112217 0.514511 -0.107901
v -0.010337 0.451613 -0.142221
v -0.021166 0.455300 -0.142730
v -0.031971 0.459036 -0.143386
v -0.042872 0.462475 -0.143064
v -0.053808 0.465795 -0.142451
v -0.064742 0.468981 -0.141500
v -0.075654 0.472043 -0.140066
v -0.086496 0.474935 -0.137845
v -0.097173 0.477667 -0.134593
v -0.107841 0.480831 -0.131417
v -0.118635 0.484944 -0.129737
v -0.129297 0.489254 -0.127559
v -0.125763 0.501881 -0.114714
v -0.011593 0.431516 -0.146375
v -0.023319 0.435649 -0.147107
v -0.034725 0.440092 -0.149130
v -0.046489 0.443789 -0.148219
v -0.058359 0.447645 -0.148026
v -0.070233 0.451371 -0.147346
v -0.082070 0.454822 -0.145573
v -0.093778 0.458065 -0.142710
v -0.105312 0.461241 -0.138930
v -0.116917 0.464982 -0.135751
v -0.128583 0.469519 -0.134058
v -0.138572 0.472953 -0.127170
v -0.139678 0.493176 -0.123739
v -0.012792 0.411575 -0.150055
v -0.025378 0.416139 -0.150992
v -0.037160 0.421193 -0.154523
v -0.049777 0.425076 -0.152593
v -0.062554 0.429310 -0.152616
v -0.075342 0.433308 -0.151664
v -0.088081 0.437172 -0.149946
v -0.100665 0.440869 -0.146914
v -0.113070 0.444554 -0.142980
v -0.125614 0.449092 -0.140950
v -0.137171 0.452837 -0.134940
v -0.149316 0.457910 -0.131472
v -0.149280 0.476986 -0.121679
v -0.013863 0.391460 -0.153076
v -0.027200 0.396351 -0.154131
v -0.039252 0.401708 -0.158633
v -0.052485 0.405807 -0.155718
v -0.066038 0.410293 -0.155880
v -0.079597 0.414611 -0.155184
v -0.093082 0.418773 -0.153269
v -0.106389 0.422823 -0.150050
v -0.119649 0.427053 -0.146636
v -0.132916 0.431729 -0.143819
v -0.145767 0.436305 -0.139142
v -0.158656 0.441519 -0.135301
v -0.160907 0.462369 -0.125984
v -0.014822 0.371124 -0.154709
v -0.028734 0.376330 -0.156508
v -0.040951 0.381801 -0.161244
v -0.054710 0.386229 -0.158045
v -0.068925 0.390907 -0.158267
v -0.083136 0.395428 -0.157433
v -0.097257 0.399842 -0.155400
v -0.111276 0.404285 -0.152624
v -0.125249 0.408924 -0.149579
v -0.139160 0.413779 -0.146321
v -0.152985 0.419408 -0.144397
v -0.166318 0.425333 -0.140571
v -0.178746 0.430857 -0.134333
v -0.171280 0.448501 -0.133494
v -0.015672 0.350718 -0.155666
v -0.029659 0.356212 -0.158904
v -0.042666 0.361805 -0.163389
v -0.056640 0.366486 -0.159366
v -0.071472 0.371299 -0.159409
v -0.086282 0.376024 -0.158631
v -0.101028 0.380718 -0.157052
v -0.115647 0.385477 -0.154406
v -0.130231 0.390411 -0.151589
v -0.144881 0.395750 -0.149607
v -0.159123 0.401412 -0.146024
v -0.173144 0.407204 -0.141578
v -0.186378 0.412932 -0.136884
v -0.016495 0.330280 -0.155591
v -0.030299 0.336041 -0.161170
v -0.044292 0.341713 -0.164675
v -0.058345 0.346653 -0.159298
v -0.073734 0.351612 -0.159481
v -0.089093 0.356523 -0.158737
v -0.104388 0.361442 -0.157192
v -0.119541 0.366446 -0.154611
v -0.134728 0.371640 -0.152263
v -0.149965 0.377184 -0.150605
v -0.164632 0.382886 -0.146152
v -0.179169 0.388604 -0.141729
v -0.191867 0.394258 -0.139192
v -0.017133 0.309814 -0.155891
v -0.031052 0.315765 -0.162762
v -0.045834 0.321557 -0.165392
v -0.059748 0.326773 -0.158347
v -0.075599 0.331870 -0.158229
v -0.091452 0.336907 -0.158249
v -0.107108 0.342037 -0.155960
v -0.122765 0.347243 -0.153603
v -0.138488 0.352598 -0.151798
v -0.154041 0.358242 -0.149638
v -0.168583 0.363985 -0.143881
v -0.183080 0.369670 -0.138546
v -0.194922 0.374958 -0.137718
v -0.017745 0.289394 -0.156681
v -0.032116 0.295536 -0.163968
v -0.047600 0.301510 -0.165777
v -0.061444 0.306998 -0.157264
v -0.077706 0.312309 -0.156289
v -0.094111 0.317446 -0.157265
v -0.110187 0.322817 -0.154360
v -0.126342 0.328251 -0.151724
v -0.142714 0.333708 -0.150804
v -0.157247 0.339823 -0.144686
v -0.172143 0.345617 -0.138321
v -0.186035 0.351603 -0.131328
v -0.195332 0.357545 -0.127870
v -0.018524 0.269095 -0.157566
v -0.033622 0.275518 -0.165050
v -0.049821 0.281760 -0.165587
v -0.063891 0.287574 -0.156099
v -0.080715 0.293161 -0.154518
v -0.097815 0.298515 -0.155833
v -0.114523 0.304211 -0.152402
v -0.131378 0.309928 -0.149644
v -0.148198 0.315714 -0.147388
v -0.161168 0.322619 -0.137315
v -0.176138 0.328805 -0.129502
v -0.194037 0.341854 -0.114767
v -0.019548 0.249002 -0.158517
v -0.035615 0.255887 -0.166225
v -0.052698 0.262572 -0.164909
v -0.067198 0.268851 -0.154392
v -0.084972 0.274825 -0.153042
v -0.103019 0.280621 -0.153973
v -0.120545 0.286824 -0.149819
v -0.138353 0.292975 -0.146870
v -0.154255 0.299785 -0.139903
v -0.166581 0.307462 -0.127760
v -0.180696 0.314699 -0.117387
v -0.189218 0.334439 -0.122399
v -0.191393 0.321102 -0.107590
v -0.020807 0.229195 -0.159540
v -0.038188 0.236810 -0.167227
v -0.056165 0.244201 -0.163704
v -0.071407 0.251182 -0.152263
v -0.090488 0.257753 -0.151885
v -0.109691 0.264338 -0.151531
v -0.128267 0.271308 -0.146651
v -0.146753 0.278368 -0.141662
v -0.160263 0.286772 -0.129261
v -0.172978 0.295412 -0.115867
v -0.184475 0.304415 -0.102355
v -0.191684 0.312834 -0.088686
v -0.193780 0.329016 -0.096350
v -0.192164 0.324070 -0.074271
v 0.002404 -0.016577 0.139241
v 0.023271 0.002059 0.136879
v 0.002443 0.002244 0.137677
v 0.023265 -0.016769 0.138396
v 0.043952 0.001580 0.134192
v 0.044076 -0.017194 0.136179
v 0.064452 0.001153 0.130196
v 0.064692 -0.017620 0.132295
v 0.084583 0.000588 0.124570
v 0.084892 -0.018189 0.126542
v 0.104328 0.000020 0.117684
v 0.104783 -0.018763 0.119599
v 0.123522 -0.000683 0.109440
v 0.124386 -0.019395 0.111655
v 0.141286 -0.001481 0.098435
v 0.143096 -0.019981 0.101606
v 0.156997 -0.002477 0.084620
v 0.159490 -0.020847 0.088110
v 0.169883 -0.004052 0.068124
v 0.172693 -0.022402 0.071447
v 0.179520 -0.006163 0.049532
v 0.182724 -0.024462 0.052660
v 0.185983 -0.008510 0.029621
v 0.189478 -0.026809 0.032403
v 0.189071 -0.010922 0.008882
v 0.192961 -0.031806 -0.010050
v 0.192710 -0.029232 0.011284
v -0.192773 -0.028991 -0.010092
v -0.192989 -0.027578 0.010266
v -0.192768 -0.026570 0.010137
v -0.190415 -0.025286 0.030273
v -0.190192 -0.024281 0.030129
v -0.184560 -0.023327 0.049811
v -0.184353 -0.022322 0.049642
v -0.175976 -0.021625 0.068180
v -0.175786 -0.020619 0.067995
v -0.164526 -0.020345 0.084880
v -0.164340 -0.019342 0.084673
v -0.149668 -0.019743 0.098651
v -0.149528 -0.018730 0.098457
v -0.132499 -0.019458 0.109286
v -0.132412 -0.018432 0.109134
v -0.114016 -0.019130 0.117251
v -0.113983 -0.018093 0.117163
v -0.095112 -0.018801 0.123756
v -0.095093 -0.017763 0.123671
v -0.076064 -0.018435 0.129680
v -0.076050 -0.017397 0.129588
v -0.056753 -0.018069 0.134451
v -0.056741 -0.017032 0.134341
v -0.037135 -0.017844 0.137462
v -0.037124 -0.016809 0.137338
v -0.017359 -0.017658 0.138979
v -0.017355 -0.016621 0.138876
v 0.002402 -0.017616 0.139327
v -0.026103 -0.048636 -0.161742
v -0.004511 -0.030553 -0.159420
v -0.004754 -0.049233 -0.161782
v -0.047394 -0.047540 -0.161651
v -0.025454 -0.029968 -0.159313
v -0.068578 -0.046285 -0.160354
v -0.046383 -0.028928 -0.158937
v -0.089432 -0.045151 -0.156466
v -0.067271 -0.027710 -0.157548
v -0.109434 -0.044217 -0.149479
v -0.087991 -0.026497 -0.154431
v -0.126587 -0.024765 -0.138415
v -0.108013 -0.025483 -0.148129
v -0.127549 -0.043559 -0.138409
v -0.143260 -0.023827 -0.125707
v -0.157600 -0.041131 -0.108544
v -0.143959 -0.042580 -0.124875
v -0.168547 -0.039259 -0.090334
v -0.156634 -0.022393 -0.109635
v -0.177575 -0.036933 -0.071174
v -0.167220 -0.020531 -0.091659
v -0.184819 -0.034344 -0.051377
v -0.175754 -0.018257 -0.072676
v -0.189975 -0.031673 -0.030957
v -0.182222 -0.015757 -0.052936
v -0.192773 -0.028991 -0.010092
v -0.186783 -0.013189 -0.032684
v 0.193148 -0.032824 -0.009935
v 0.190564 -0.034453 -0.030121
v 0.192961 -0.031806 -0.010050
v 0.190731 -0.035475 -0.030020
v 0.185765 -0.037148 -0.049781
v 0.185894 -0.038176 -0.049689
v 0.179020 -0.039733 -0.068914
v 0.179115 -0.040765 -0.068829
v 0.170481 -0.042045 -0.087437
v 0.170544 -0.043080 -0.087361
v 0.160283 -0.043850 -0.105215
v 0.147839 -0.046083 -0.121494
v 0.147809 -0.045046 -0.121536
v 0.132942 -0.046716 -0.135662
v 0.132909 -0.045679 -0.135676
v 0.115814 -0.046982 -0.147030
v 0.115783 -0.045942 -0.147015
v 0.097151 -0.047369 -0.154944
v 0.097093 -0.046333 -0.154856
v 0.077249 -0.048001 -0.159368
v 0.077192 -0.046971 -0.159238
v 0.056900 -0.047779 -0.161516
v 0.056947 -0.048805 -0.161669
v 0.036417 -0.048739 -0.161772
v 0.036447 -0.049769 -0.161909
v 0.015846 -0.049256 -0.161793
v 0.015856 -0.050287 -0.161923
v 0.057908 0.567323 -0.071248
v 0.065050 0.553596 -0.086705
v 0.054846 0.567812 -0.074198
v 0.060869 0.553546 -0.089637
v 0.051495 0.568077 -0.076730
v 0.056486 0.553410 -0.092063
v 0.048012 0.568274 -0.078950
v 0.051941 0.553207 -0.094026
v 0.044301 0.568283 -0.080747
v 0.047279 0.552903 -0.095519
v 0.040487 0.568331 -0.082374
v 0.042440 0.552564 -0.096663
v 0.036588 0.568442 -0.083800
v 0.037615 0.552320 -0.097598
v 0.032589 0.568561 -0.085008
v 0.032743 0.552203 -0.098445
v 0.028483 0.568665 -0.086014
v 0.027808 0.552139 -0.099131
v 0.024267 0.568732 -0.086798
v 0.022807 0.552077 -0.099628
v 0.019950 0.568761 -0.087384
v 0.017717 0.551986 -0.100008
v 0.015540 0.568802 -0.087856
v 0.012533 0.551946 -0.100198
v 0.011039 0.568872 -0.088271
v 0.007247 0.551908 -0.100305
v 0.006467 0.568944 -0.088540
v 0.001827 0.551900 -0.100371
v 0.001811 0.569009 -0.088651
v -0.004063 0.552042 -0.100264
v -0.008324 0.569160 -0.088316
v -0.003238 0.569080 -0.088533
v -0.009855 0.552205 -0.100118
v -0.013366 0.569206 -0.087951
v -0.015579 0.552403 -0.099922
v -0.018319 0.569227 -0.087461
v -0.021245 0.552606 -0.099603
v -0.023243 0.569331 -0.086943
v -0.026848 0.552793 -0.099117
v -0.028059 0.569397 -0.086190
v -0.032409 0.552983 -0.098446
v -0.032763 0.569392 -0.085177
v -0.037895 0.553216 -0.097562
v -0.037377 0.569434 -0.083964
v -0.043363 0.553617 -0.096554
v -0.041848 0.569454 -0.082469
v -0.048768 0.554091 -0.095280
v -0.046220 0.569507 -0.080727
v -0.054086 0.554561 -0.093591
v -0.050259 0.569688 -0.078917
v -0.059207 0.554941 -0.091335
v -0.054388 0.569543 -0.076245
v -0.064045 0.555108 -0.088367
v -0.058049 0.569224 -0.073264
v 0.071841 0.535809 0.007418
v 0.090224 0.527498 0.007563
v 0.073407 0.537797 0.004664
v 0.091927 0.529456 0.004022
v 0.074872 0.539808 0.001905
v 0.093455 0.531458 0.000515
v 0.076214 0.541823 -0.000880
v 0.094815 0.533497 -0.002975
v 0.077374 0.543810 -0.003728
v 0.096007 0.535529 -0.006492
v 0.078388 0.545775 -0.006633
v 0.097014 0.537480 -0.010087
v 0.079290 0.547723 -0.009582
v 0.097810 0.539346 -0.013740
v 0.080067 0.549647 -0.012584
v 0.098394 0.541169 -0.017458
v 0.080629 0.551507 -0.015683
v 0.098777 0.542910 -0.021227
v 0.080910 0.553166 -0.018905
v 0.098967 0.544570 -0.025044
v 0.081021 0.554711 -0.022179
v 0.098939 0.546102 -0.028935
v 0.080989 0.556174 -0.025486
v 0.098665 0.547477 -0.032919
v 0.080719 0.557629 -0.028845
v 0.098175 0.548816 -0.036936
v 0.080251 0.558981 -0.032235
v 0.097397 0.550083 -0.040978
v 0.079605 0.560249 -0.035649
v 0.096332 0.551196 -0.045049
v 0.078762 0.561438 -0.039079
v 0.095018 0.552197 -0.049098
v 0.077630 0.562469 -0.042484
v 0.093399 0.552922 -0.053127
v 0.076371 0.563376 -0.045856
v 0.091460 0.553348 -0.057128
v 0.074955 0.564156 -0.049155
v 0.089284 0.553707 -0.061047
v 0.073236 0.564766 -0.052344
v 0.086851 0.553924 -0.064832
v 0.071409 0.565393 -0.055403
v 0.084191 0.554043 -0.068412
v 0.069431 0.565868 -0.058321
v 0.081368 0.554106 -0.071802
v 0.067286 0.566167 -0.061090
v 0.078432 0.554092 -0.074989
v 0.064984 0.566398 -0.063701
v 0.075406 0.554018 -0.078000
v 0.062642 0.566646 -0.066258
v 0.072297 0.553914 -0.080868
v 0.060282 0.566946 -0.068774
v 0.069147 0.553768 -0.083559
v 0.057908 0.567323 -0.071248
v -0.068689 0.555335 -0.085053
v -0.060571 0.568875 -0.070781
v -0.058049 0.569224 -0.073264
v -0.071987 0.555498 -0.082362
v -0.063023 0.568567 -0.068212
v -0.075237 0.555664 -0.079520
v -0.065414 0.568285 -0.065584
v -0.078364 0.555809 -0.076513
v -0.067749 0.568014 -0.062926
v -0.081356 0.555889 -0.073309
v -0.069944 0.567752 -0.060087
v -0.084210 0.555898 -0.069885
v -0.071974 0.567373 -0.057111
v -0.086898 0.555871 -0.066251
v -0.073835 0.566876 -0.054003
v -0.089301 0.555722 -0.062467
v -0.075480 0.566321 -0.050731
v -0.091413 0.555417 -0.058513
v -0.076872 0.565640 -0.047338
v -0.093271 0.555058 -0.054492
v -0.078059 0.564820 -0.043901
v -0.094797 0.554434 -0.050412
v -0.079039 0.563849 -0.040445
v -0.095970 0.553513 -0.046289
v -0.079726 0.562781 -0.036924
v -0.096827 0.552396 -0.042149
v -0.080179 0.561555 -0.033418
v -0.097404 0.551124 -0.038009
v -0.080435 0.560217 -0.029930
v -0.097691 0.549805 -0.033927
v -0.080496 0.558792 -0.026462
v -0.097805 0.548464 -0.029863
v -0.080324 0.557260 -0.023045
v -0.097653 0.546935 -0.025886
v -0.079992 0.555648 -0.019684
v -0.097268 0.545251 -0.021995
v -0.079458 0.553908 -0.016412
v -0.096694 0.543485 -0.018166
v -0.078573 0.551885 -0.013333
v -0.095928 0.541653 -0.014387
v -0.077608 0.549900 -0.010253
v -0.094942 0.539734 -0.010659
v -0.076526 0.547897 -0.007212
v -0.093735 0.537703 -0.007050
v -0.075312 0.545867 -0.004221
v -0.090821 0.533507 0.000045
v -0.073934 0.543836 -0.001307
v -0.089135 0.531446 0.003577
v -0.072406 0.541791 0.001522
v -0.087285 0.529411 0.007106
v -0.070778 0.539765 0.004326
v -0.069069 0.537779 0.007140
v -0.085289 0.527378 0.010617
v -0.065820 0.534611 0.011985
v -0.069069 0.537779 0.007140
v -0.081452 0.524012 0.016840
v -0.062242 0.531558 0.016760
v -0.077141 0.520876 0.023064
v -0.058345 0.528721 0.021569
v -0.072356 0.517909 0.029162
v -0.054179 0.526188 0.026298
v -0.067156 0.514883 0.034886
v -0.049868 0.524122 0.031043
v -0.061524 0.511914 0.040255
v -0.045368 0.522406 0.035689
v -0.055452 0.509245 0.045151
v -0.040391 0.520768 0.039762
v -0.049030 0.506877 0.049563
v -0.035116 0.519481 0.043631
v -0.042359 0.504883 0.053377
v -0.029719 0.518500 0.047338
v -0.035456 0.502990 0.056556
v -0.023979 0.517605 0.050583
v -0.028279 0.501111 0.058792
v -0.017806 0.516580 0.052874
v -0.020970 0.499328 0.060103
v -0.011415 0.515561 0.054275
v -0.013564 0.497866 0.060862
v -0.004943 0.514819 0.055037
v -0.006111 0.496955 0.061333
v 0.001543 0.514450 0.055272
v 0.009464 0.496813 0.061458
v 0.001376 0.496525 0.061583
v 0.017520 0.497671 0.061059
v 0.008551 0.514567 0.054795
v 0.025486 0.499170 0.060284
v 0.015475 0.515096 0.053729
v 0.033363 0.500830 0.058574
v 0.022230 0.515861 0.051814
v 0.041010 0.502671 0.055800
v 0.028579 0.516487 0.048714
v 0.048383 0.504603 0.052219
v 0.034532 0.517124 0.044980
v 0.055566 0.506886 0.047834
v 0.040315 0.518092 0.041040
v 0.062336 0.509569 0.042888
v 0.045832 0.519432 0.036831
v 0.068660 0.512617 0.037300
v 0.050927 0.520944 0.032175
v 0.074399 0.515782 0.031185
v 0.055860 0.523283 0.027469
v 0.079649 0.518848 0.024626
v 0.060490 0.526017 0.022581
v 0.084346 0.522066 0.017840
v 0.064762 0.529070 0.017538
v 0.088354 0.525550 0.011116
v 0.068534 0.532350 0.012464
v 0.194108 0.314448 -0.050577
v 0.209252 0.304649 -0.038074
v 0.195502 0.316257 -0.032750
v 0.208533 0.303608 -0.053633
v 0.221665 0.289641 -0.040069
v 0.221338 0.289232 -0.054969
v 0.235183 0.275389 -0.041378
v 0.244678 0.258767 -0.055550
v 0.231873 0.273217 -0.055498
v 0.257766 0.244025 -0.055101
v 0.246762 0.259378 -0.041369
v 0.265110 0.225685 -0.055082
v 0.256075 0.241965 -0.041291
v 0.279035 0.211689 -0.055089
v 0.268505 0.226650 -0.041561
v 0.290412 0.195698 -0.054536
v 0.280071 0.210710 -0.041417
v 0.300660 0.178802 -0.054080
v 0.290683 0.194100 -0.041163
v 0.311460 0.162216 -0.053200
v 0.302015 0.177987 -0.040859
v 0.323086 0.146224 -0.052448
v 0.313641 0.162102 -0.040164
v 0.335968 0.131347 -0.052597
v 0.325670 0.146561 -0.039477
v 0.348360 0.116139 -0.053156
v 0.338658 0.131900 -0.039851
v 0.360940 0.101274 -0.053803
v 0.350888 0.116775 -0.040375
v 0.374743 0.087617 -0.054199
v 0.363720 0.102257 -0.041344
v 0.388755 0.074023 -0.053799
v 0.377554 0.088594 -0.042381
v 0.403942 0.061637 -0.052978
v 0.390795 0.074210 -0.042254
v 0.410923 0.044438 -0.051542
v 0.405216 0.061009 -0.041592
v 0.420747 0.028170 -0.050624
v 0.414304 0.044542 -0.040835
v 0.436192 0.016470 -0.049463
v 0.427629 0.031839 -0.042886
v 0.446910 0.001640 -0.047743
v 0.438491 0.017788 -0.038970
v 0.457827 -0.013991 -0.045731
v 0.449101 0.002373 -0.037485
v 0.474373 -0.024250 -0.043524
v 0.461757 -0.009835 -0.037219
v 0.483817 -0.040269 -0.039620
v 0.482536 -0.037995 -0.028587
v 0.483545 -0.039808 -0.039732
v 0.212834 0.306502 -0.023161
v 0.200395 0.319337 -0.017082
v 0.225841 0.291621 -0.025804
v 0.237460 0.275477 -0.026816
v 0.248515 0.258971 -0.027215
v 0.260411 0.243141 -0.027782
v 0.272062 0.227186 -0.028023
v 0.283711 0.211286 -0.028284
v 0.295785 0.195785 -0.028812
v 0.308015 0.180841 -0.030386
v 0.319567 0.165385 -0.028918
v 0.331754 0.149892 -0.028261
v 0.344286 0.134945 -0.028520
v 0.356038 0.119489 -0.028686
v 0.368598 0.104701 -0.029817
v 0.382393 0.091030 -0.031496
v 0.395804 0.076829 -0.032011
v 0.407069 0.060916 -0.030293
v 0.420717 0.047643 -0.032296
v 0.433713 0.035434 -0.034381
v 0.440558 0.018821 -0.028406
v 0.455004 0.007088 -0.030132
v 0.476477 -0.021346 -0.034052
v 0.466144 -0.005922 -0.028878
v 0.482716 -0.038489 -0.028424
v 0.481587 -0.035582 -0.017650
v 0.219305 0.308843 -0.009609
v 0.208622 0.323072 -0.004355
v 0.231394 0.293119 -0.012078
v 0.243327 0.277257 -0.013597
v 0.255293 0.261489 -0.014759
v 0.267257 0.245787 -0.015708
v 0.279241 0.230141 -0.016526
v 0.291512 0.214756 -0.017514
v 0.304338 0.199990 -0.019373
v 0.317463 0.186845 -0.023273
v 0.328960 0.171119 -0.021352
v 0.340897 0.155721 -0.020504
v 0.352612 0.140232 -0.019875
v 0.363844 0.124421 -0.019464
v 0.376000 0.109270 -0.020450
v 0.389284 0.095164 -0.022424
v 0.401700 0.080197 -0.022626
v 0.413787 0.064903 -0.022237
v 0.428018 0.052877 -0.025443
v 0.439791 0.039044 -0.025876
v 0.445831 0.022256 -0.020016
v 0.460976 0.012680 -0.023326
v 0.478533 -0.018254 -0.024613
v 0.472768 -0.002325 -0.021926
v 0.481678 -0.036096 -0.017443
v 0.482898 -0.032050 -0.007041
v 0.229218 0.312799 0.000959
v 0.219245 0.327933 0.004684
v 0.241263 0.297364 -0.001881
v 0.253394 0.281952 -0.004105
v 0.265535 0.266559 -0.006019
v 0.277629 0.251144 -0.007699
v 0.289691 0.235730 -0.009217
v 0.301868 0.220495 -0.011030
v 0.314808 0.206005 -0.013117
v 0.327907 0.193458 -0.018438
v 0.339627 0.177923 -0.017152
v 0.351276 0.162458 -0.015582
v 0.362659 0.146813 -0.014493
v 0.373560 0.130844 -0.013582
v 0.385268 0.115385 -0.014258
v 0.398003 0.100766 -0.016242
v 0.410648 0.085932 -0.017871
v 0.421520 0.070079 -0.015501
v 0.435370 0.057632 -0.018319
v 0.445009 0.042935 -0.016944
v 0.453808 0.027592 -0.015146
v 0.466369 0.015907 -0.014868
v 0.480318 -0.015195 -0.015098
v 0.478250 0.001707 -0.015005
v 0.482974 -0.032550 -0.006802
v 0.486990 -0.027361 0.002263
v 0.231340 0.334932 0.008227
v 0.241739 0.319482 0.005638
v 0.253480 0.303982 0.003390
v 0.265380 0.288556 0.001217
v 0.277295 0.273099 -0.000714
v 0.289274 0.257700 -0.002755
v 0.301373 0.242501 -0.005442
v 0.313442 0.227909 -0.010339
v 0.325833 0.213095 -0.010179
v 0.338902 0.200324 -0.015606
v 0.350757 0.185050 -0.015186
v 0.362293 0.169590 -0.012928
v 0.373328 0.153825 -0.010932
v 0.384077 0.137820 -0.010023
v 0.395432 0.122167 -0.010608
v 0.407537 0.106987 -0.012111
v 0.419718 0.091782 -0.013342
v 0.430214 0.075808 -0.011940
v 0.442803 0.062146 -0.011153
v 0.452769 0.047207 -0.011096
v 0.461050 0.033253 -0.009482
v 0.472686 0.019368 -0.007317
v 0.482582 -0.011926 -0.006634
v 0.485115 0.006604 -0.009190
v 0.487121 -0.027819 0.002527
v 0.494770 -0.022322 0.008673
v 0.243270 0.343139 0.005709
v 0.254632 0.327456 0.005486
v 0.266180 0.311689 0.004817
v 0.277798 0.295962 0.003907
v 0.289475 0.280296 0.002334
v 0.301258 0.264742 0.000350
v 0.313217 0.249490 -0.002670
v 0.325069 0.235107 -0.008603
v 0.336984 0.220333 -0.012939
v 0.349937 0.206673 -0.011775
v 0.361878 0.192252 -0.013418
v 0.373323 0.176823 -0.010461
v 0.384191 0.160972 -0.008222
v 0.394818 0.144876 -0.007465
v 0.405886 0.128986 -0.008179
v 0.417465 0.113390 -0.009605
v 0.428815 0.097585 -0.008937
v 0.439968 0.081896 -0.012022
v 0.461535 0.053808 -0.010911
v 0.450575 0.067426 -0.005236
v 0.470036 0.038347 -0.006822
v 0.480583 0.024780 -0.002922
v 0.497723 -0.003948 -0.000156
v 0.491994 0.011973 -0.003781
v 0.494957 -0.022755 0.008919
v 0.505030 -0.018026 0.010006
v 0.255724 0.351178 0.002767
v 0.267282 0.335470 0.003379
v 0.278760 0.319661 0.003805
v 0.290159 0.303772 0.003138
v 0.301622 0.287983 0.001482
v 0.313254 0.272269 0.000315
v 0.325129 0.256746 -0.001398
v 0.336863 0.242002 -0.006811
v 0.348065 0.227998 -0.014587
v 0.360865 0.214187 -0.010825
v 0.372975 0.199510 -0.011554
v 0.384437 0.184128 -0.008459
v 0.395282 0.168170 -0.006636
v 0.405805 0.151902 -0.006353
v 0.416571 0.135779 -0.007428
v 0.427663 0.119832 -0.009003
v 0.438689 0.103787 -0.009779
v 0.449766 0.087785 -0.010724
v 0.460107 0.073436 -0.004806
v 0.479383 0.043869 -0.007088
v 0.470733 0.059437 -0.008966
v 0.489847 0.029481 -0.004378
v 0.507083 -0.000170 -0.000637
v 0.500483 0.016150 -0.000617
v 0.505247 -0.018444 0.010307
v 0.515509 -0.014915 0.007522
v 0.268130 0.359327 -0.001041
v 0.279584 0.343508 -0.000202
v 0.289775 0.326961 -0.002091
v 0.301099 0.311110 -0.003127
v 0.312650 0.295366 -0.004120
v 0.323575 0.279294 -0.006292
v 0.334634 0.263342 -0.008298
v 0.348278 0.249432 -0.007438
v 0.359481 0.235330 -0.014630
v 0.371628 0.221139 -0.014476
v 0.384204 0.206821 -0.011292
v 0.395758 0.191392 -0.008630
v 0.406493 0.175209 -0.007822
v 0.416790 0.158725 -0.008149
v 0.427213 0.142350 -0.009503
v 0.437748 0.126015 -0.011079
v 0.448573 0.109846 -0.011480
v 0.468409 0.077928 -0.010119
v 0.459330 0.093688 -0.012627
v 0.480005 0.064193 -0.007052
v 0.488708 0.049242 -0.007797
v 0.499107 0.033791 -0.007283
v 0.509690 0.019667 -0.001684
v 0.515759 -0.015352 0.007764
v 0.525344 -0.012193 0.002935
v 0.287206 0.349013 -0.011872
v 0.278480 0.366322 -0.009103
v 0.298027 0.332811 -0.013043
v 0.310179 0.317480 -0.012740
v 0.321693 0.301681 -0.013461
v 0.332631 0.285569 -0.015285
v 0.343058 0.269220 -0.017796
v 0.355687 0.254548 -0.017674
v 0.370719 0.242746 -0.015390
v 0.382361 0.228172 -0.018088
v 0.395174 0.213853 -0.014397
v 0.406721 0.198244 -0.012308
v 0.417323 0.181778 -0.011820
v 0.427147 0.164917 -0.013007
v 0.436982 0.148181 -0.014919
v 0.447052 0.131596 -0.016389
v 0.457516 0.115206 -0.016643
v 0.476299 0.082041 -0.017006
v 0.468754 0.099527 -0.015074
v 0.487868 0.068790 -0.013222
v 0.496838 0.053358 -0.013391
v 0.508010 0.038431 -0.010406
v 0.516216 0.002979 -0.003481
v 0.516847 0.022362 -0.008655
v 0.525615 -0.012643 0.003125
v 0.534042 -0.009917 -0.003605
v 0.284896 0.371222 -0.022219
v 0.294771 0.354366 -0.023848
v 0.305551 0.338069 -0.024608
v 0.316408 0.321863 -0.025194
v 0.328604 0.306637 -0.025120
v 0.340825 0.291433 -0.025342
v 0.351197 0.275069 -0.027566
v 0.363146 0.259713 -0.028009
v 0.377825 0.247184 -0.025374
v 0.392563 0.234828 -0.023236
v 0.404876 0.219896 -0.021424
v 0.416272 0.203981 -0.019901
v 0.426195 0.186994 -0.020132
v 0.435381 0.169705 -0.021928
v 0.445061 0.152858 -0.023387
v 0.454819 0.136096 -0.024373
v 0.474587 0.102904 -0.024046
v 0.465004 0.119556 -0.024528
v 0.484214 0.087111 -0.023046
v 0.494644 0.072286 -0.020734
v 0.503577 0.055978 -0.021467
v 0.514267 0.040727 -0.018504
v 0.524435 0.005314 -0.008923
v 0.521615 0.023276 -0.017778
v 0.534327 -0.010369 -0.003447
v 0.541261 -0.008175 -0.011924
v 0.290386 0.375059 -0.036054
v 0.299728 0.357771 -0.037723
v 0.309691 0.340884 -0.038687
v 0.320921 0.324877 -0.038851
v 0.333059 0.309586 -0.038501
v 0.346293 0.295321 -0.037708
v 0.359129 0.280758 -0.037613
v 0.370482 0.265091 -0.038271
v 0.384523 0.251753 -0.036187
v 0.398461 0.238132 -0.034657
v 0.422526 0.207425 -0.031226
v 0.411530 0.223679 -0.032432
v 0.431776 0.190090 -0.031677
v 0.440949 0.172870 -0.033140
v 0.450745 0.156031 -0.034237
v 0.460063 0.138961 -0.034917
v 0.479138 0.105405 -0.034265
v 0.469527 0.121977 -0.034746
v 0.488182 0.088492 -0.032961
v 0.498332 0.073550 -0.031124
v 0.509974 0.058432 -0.029650
v 0.517696 0.041307 -0.028326
v 0.531040 0.006970 -0.016227
v 0.525467 0.023854 -0.027397
v 0.541564 -0.008624 -0.011797
v 0.546429 -0.007130 -0.021527
v 0.293822 0.377116 -0.050935
v 0.303094 0.359756 -0.052388
v 0.313402 0.343049 -0.053000
v 0.324752 0.327112 -0.052858
v 0.336874 0.311818 -0.052270
v 0.348812 0.296422 -0.051642
v 0.362093 0.282311 -0.050768
v 0.376232 0.269044 -0.049858
v 0.388114 0.253650 -0.048897
v 0.413853 0.224427 -0.045659
v 0.401605 0.239578 -0.047605
v 0.424484 0.208065 -0.044547
v 0.433639 0.190804 -0.044821
v 0.443769 0.174130 -0.045797
v 0.453528 0.157261 -0.046464
v 0.462299 0.139861 -0.046811
v 0.470720 0.122281 -0.046411
v 0.488192 0.087927 -0.044179
v 0.481285 0.106012 -0.045393
v 0.500529 0.073920 -0.041737
v 0.510862 0.057894 -0.040427
v 0.518452 0.040224 -0.038842
v 0.535324 0.007438 -0.025320
v 0.528725 0.023941 -0.037234
v 0.546758 -0.007562 -0.021414
v 0.549309 -0.007410 -0.032169
v 0.295224 0.377365 -0.066288
v 0.304907 0.360231 -0.067489
v 0.315780 0.343900 -0.067751
v 0.327192 0.328005 -0.067314
v 0.338686 0.312240 -0.066598
v 0.351202 0.297354 -0.065636
v 0.376053 0.267866 -0.063531
v 0.362422 0.281494 -0.064735
v 0.388190 0.252945 -0.062432
v 0.400617 0.238063 -0.060871
v 0.412450 0.222707 -0.058854
v 0.423439 0.206770 -0.057954
v 0.433519 0.190088 -0.058024
v 0.443731 0.173522 -0.058799
v 0.453274 0.156618 -0.059128
v 0.461888 0.139090 -0.058967
v 0.478945 0.104207 -0.056513
v 0.470777 0.121789 -0.058029
v 0.489994 0.088431 -0.055207
v 0.498453 0.071684 -0.052316
v 0.509528 0.055864 -0.050949
v 0.518831 0.039076 -0.049364
v 0.537687 0.007068 -0.035289
v 0.528815 0.022551 -0.047383
v 0.550195 -0.009321 -0.042897
v 0.549861 -0.008880 -0.042971
v 0.294078 0.375353 -0.081590
v 0.304829 0.358954 -0.082705
v 0.316314 0.343088 -0.082596
v 0.327394 0.326958 -0.081926
v 0.338780 0.311116 -0.080994
v 0.349553 0.294970 -0.079478
v 0.372205 0.264071 -0.076157
v 0.361931 0.280170 -0.078645
v 0.384385 0.249365 -0.074844
v 0.396149 0.234112 -0.072961
v 0.407557 0.218728 -0.070759
v 0.419195 0.203302 -0.070063
v 0.430418 0.187542 -0.070617
v 0.440980 0.171247 -0.071338
v 0.450555 0.154333 -0.071451
v 0.468147 0.119663 -0.069251
v 0.459476 0.137057 -0.070773
v 0.478215 0.103088 -0.067877
v 0.488170 0.086786 -0.065548
v 0.497187 0.069912 -0.063114
v 0.507890 0.053759 -0.061447
v 0.527187 0.020315 -0.057391
v 0.518403 0.037507 -0.059818
v 0.538590 0.005974 -0.045456
v 0.548861 -0.011643 -0.053351
v 0.548536 -0.011193 -0.053413
v 0.291091 0.371683 -0.096327
v 0.301918 0.355337 -0.097307
v 0.312674 0.339025 -0.096692
v 0.323671 0.322945 -0.095512
v 0.335060 0.307152 -0.094372
v 0.346055 0.291142 -0.092695
v 0.366684 0.258920 -0.087554
v 0.357017 0.275260 -0.090739
v 0.378841 0.244421 -0.086202
v 0.390741 0.229855 -0.084631
v 0.401599 0.214218 -0.081849
v 0.413434 0.198989 -0.081340
v 0.424850 0.183415 -0.081889
v 0.435668 0.167386 -0.082629
v 0.445844 0.150881 -0.082796
v 0.464885 0.116984 -0.080170
v 0.455384 0.133941 -0.081880
v 0.475281 0.100548 -0.078491
v 0.483704 0.083312 -0.075261
v 0.494560 0.067294 -0.073471
v 0.505019 0.051010 -0.071492
v 0.515718 0.034835 -0.069691
v 0.524519 0.017656 -0.067005
v 0.534784 0.001228 -0.065059
v 0.545573 -0.014812 -0.063278
v 0.545262 -0.014350 -0.063329
v 0.285535 0.365924 -0.109781
v 0.295815 0.349304 -0.110143
v 0.305893 0.332697 -0.108599
v 0.316546 0.316560 -0.106631
v 0.328277 0.301089 -0.105624
v 0.351098 0.269844 -0.102194
v 0.339524 0.285342 -0.103956
v 0.360268 0.253312 -0.098232
v 0.371802 0.238823 -0.096335
v 0.383962 0.224532 -0.095174
v 0.394176 0.208884 -0.091691
v 0.406396 0.193868 -0.091395
v 0.417897 0.178359 -0.091894
v 0.428847 0.162465 -0.092624
v 0.439359 0.146146 -0.092717
v 0.459339 0.112867 -0.089639
v 0.449439 0.129615 -0.091706
v 0.468953 0.096049 -0.086979
v 0.479117 0.079556 -0.084797
v 0.489010 0.063036 -0.081926
v 0.500401 0.047353 -0.080556
v 0.510646 0.031003 -0.078097
v 0.520639 0.014463 -0.076068
v 0.530515 -0.002159 -0.073852
v 0.540754 -0.018561 -0.072242
v 0.540459 -0.018089 -0.072289
v 0.276954 0.358057 -0.120381
v 0.286739 0.341278 -0.119875
v 0.296533 0.324733 -0.117341
v 0.307247 0.308768 -0.114986
v 0.319031 0.293405 -0.113753
v 0.341715 0.262485 -0.109449
v 0.331079 0.278268 -0.113009
v 0.352729 0.247382 -0.108251
v 0.363633 0.232669 -0.105188
v 0.375075 0.218586 -0.103427
v 0.386196 0.203109 -0.100715
v 0.398145 0.187965 -0.099889
v 0.409363 0.172292 -0.099892
v 0.420316 0.156493 -0.100518
v 0.431115 0.140458 -0.100682
v 0.452262 0.107819 -0.097435
v 0.441745 0.124167 -0.099638
v 0.462494 0.091286 -0.095222
v 0.472150 0.074600 -0.092090
v 0.482338 0.058214 -0.089275
v 0.492699 0.042200 -0.085830
v 0.503420 0.026240 -0.083971
v 0.514737 0.010479 -0.083543
v 0.524624 -0.006049 -0.081364
v 0.535121 -0.022320 -0.080766
v 0.534819 -0.021851 -0.080784
v 0.265856 0.348988 -0.127039
v 0.275463 0.332233 -0.125904
v 0.285400 0.315936 -0.122753
v 0.308262 0.284938 -0.118551
v 0.296401 0.300211 -0.120205
v 0.320215 0.269780 -0.116408
v 0.331092 0.254547 -0.113866
v 0.343895 0.240708 -0.116031
v 0.353351 0.226014 -0.110753
v 0.365441 0.211895 -0.110163
v 0.376873 0.196460 -0.107561
v 0.388549 0.181221 -0.106035
v 0.399504 0.165454 -0.105187
v 0.410264 0.149570 -0.105166
v 0.432203 0.117743 -0.103765
v 0.421184 0.133684 -0.105064
v 0.443018 0.101735 -0.100998
v 0.453899 0.085707 -0.098912
v 0.464239 0.069219 -0.097809
v 0.474256 0.052805 -0.094275
v 0.483907 0.036692 -0.088901
v 0.495022 0.020814 -0.087768
v 0.506337 0.005351 -0.086217
v 0.516774 -0.010656 -0.086106
v 0.527644 -0.026664 -0.087298
v 0.527331 -0.026203 -0.087264
v 0.253360 0.339473 -0.129833
v 0.263039 0.322830 -0.128436
v 0.273512 0.306832 -0.125695
v 0.296733 0.276307 -0.120442
v 0.284766 0.291399 -0.122722
v 0.308820 0.261373 -0.117771
v 0.320201 0.246618 -0.117778
v 0.332733 0.233296 -0.118445
v 0.342764 0.219324 -0.115872
v 0.354952 0.204655 -0.114520
v 0.366524 0.189356 -0.111755
v 0.377879 0.174033 -0.109181
v 0.388851 0.158314 -0.108057
v 0.399575 0.142401 -0.107570
v 0.410651 0.126690 -0.107165
v 0.422054 0.111006 -0.105631
v 0.433360 0.095326 -0.102854
v 0.444252 0.079704 -0.098501
v 0.454841 0.063768 -0.096524
v 0.465060 0.047218 -0.096712
v 0.475121 0.031165 -0.091923
v 0.486771 0.015557 -0.091801
v 0.497249 0.000415 -0.086177
v 0.508113 -0.015256 -0.089260
v 0.518812 -0.031366 -0.091581
v 0.518503 -0.030902 -0.091514
v 0.240339 0.330389 -0.128367
v 0.250118 0.313843 -0.127205
v 0.272650 0.282888 -0.121681
v 0.260990 0.298102 -0.124533
v 0.284886 0.268015 -0.119018
v 0.297240 0.253270 -0.116131
v 0.309206 0.238757 -0.118329
v 0.322571 0.226562 -0.112570
v 0.343733 0.197679 -0.112361
v 0.331683 0.211441 -0.115286
v 0.355392 0.182386 -0.110234
v 0.366987 0.167221 -0.107381
v 0.377782 0.151314 -0.107757
v 0.388558 0.135348 -0.108047
v 0.399856 0.119647 -0.107553
v 0.411720 0.104279 -0.105997
v 0.423555 0.088949 -0.103296
v 0.434742 0.073380 -0.099620
v 0.445592 0.058471 -0.093131
v 0.455639 0.041941 -0.094980
v 0.466279 0.025615 -0.094685
v 0.477980 0.010372 -0.091906
v 0.488280 -0.004680 -0.086137
v 0.499139 -0.020017 -0.090544
v 0.509314 -0.036386 -0.093094
v 0.509021 -0.035914 -0.093020
v 0.227658 0.322240 -0.122934
v 0.237576 0.305774 -0.121889
v 0.260801 0.275150 -0.117221
v 0.248675 0.290010 -0.120185
v 0.273315 0.260512 -0.114468
v 0.285704 0.245846 -0.112379
v 0.298985 0.233455 -0.110455
v 0.311662 0.219214 -0.108346
v 0.320787 0.204305 -0.110835
v 0.333546 0.191742 -0.105926
v 0.344946 0.176431 -0.104545
v 0.356349 0.160887 -0.103195
v 0.366983 0.144805 -0.104210
v 0.377641 0.128697 -0.105347
v 0.389109 0.112994 -0.105302
v 0.401530 0.097993 -0.103514
v 0.413963 0.083278 -0.099984
v 0.425655 0.068187 -0.096923
v 0.436059 0.052504 -0.092939
v 0.446883 0.036985 -0.090409
v 0.457351 0.020542 -0.091663
v 0.469645 0.006470 -0.086661
v 0.479184 -0.009612 -0.085897
v 0.490570 -0.024665 -0.088246
v 0.500281 -0.041369 -0.089685
v 0.500001 -0.040888 -0.089644
v 0.216907 0.315614 -0.113141
v 0.237881 0.283570 -0.111303
v 0.226416 0.299027 -0.112865
v 0.250093 0.268752 -0.109103
v 0.262901 0.254510 -0.106319
v 0.274987 0.239858 -0.106770
v 0.289176 0.228094 -0.102076
v 0.301451 0.213162 -0.101321
v 0.310902 0.198525 -0.103215
v 0.323937 0.186448 -0.098271
v 0.335134 0.171003 -0.097423
v 0.346406 0.155285 -0.096663
v 0.357125 0.139143 -0.097727
v 0.367743 0.122934 -0.099054
v 0.379334 0.107269 -0.099201
v 0.392022 0.092453 -0.097703
v 0.404728 0.077655 -0.095438
v 0.417994 0.064642 -0.089343
v 0.426776 0.047686 -0.089752
v 0.437697 0.031979 -0.086924
v 0.448796 0.015896 -0.086926
v 0.461077 0.001301 -0.083200
v 0.471018 -0.014170 -0.083380
v 0.484159 -0.027644 -0.081651
v 0.493174 -0.044807 -0.082234
v 0.492914 -0.044312 -0.082217
v 0.218194 0.296008 -0.099576
v 0.209729 0.311444 -0.100002
v 0.229445 0.280124 -0.098940
v 0.242018 0.265415 -0.097097
v 0.252622 0.249600 -0.097161
v 0.267984 0.238184 -0.094469
v 0.279492 0.223173 -0.093109
v 0.293248 0.209959 -0.090800
v 0.302731 0.194610 -0.093102
v 0.314993 0.181816 -0.089544
v 0.326163 0.166188 -0.088959
v 0.337534 0.150571 -0.088245
v 0.348727 0.134695 -0.088800
v 0.359355 0.118441 -0.090061
v 0.371160 0.102870 -0.090319
v 0.384534 0.088610 -0.088975
v 0.397408 0.074054 -0.087713
v 0.409138 0.059115 -0.084523
v 0.421273 0.045444 -0.080305
v 0.429287 0.027791 -0.081824
v 0.440995 0.012072 -0.080539
v 0.453927 -0.002138 -0.077404
v 0.465380 -0.017286 -0.075321
v 0.479501 -0.028804 -0.072749
v 0.488492 -0.046105 -0.072332
v 0.488233 -0.045607 -0.072344
v 0.213448 0.296901 -0.084533
v 0.204406 0.310486 -0.084386
v 0.224709 0.280789 -0.084318
v 0.237134 0.265693 -0.083028
v 0.249357 0.252355 -0.083402
v 0.261461 0.237194 -0.081810
v 0.274447 0.223288 -0.080952
v 0.284720 0.207272 -0.080440
v 0.298255 0.194829 -0.080431
v 0.306883 0.177711 -0.080059
v 0.319023 0.162910 -0.078367
v 0.330588 0.147386 -0.077524
v 0.342268 0.131836 -0.077793
v 0.353472 0.115886 -0.078652
v 0.365580 0.100574 -0.078920
v 0.379225 0.086482 -0.078117
v 0.394006 0.073711 -0.076516
v 0.404148 0.058031 -0.075251
v 0.414919 0.042941 -0.071440
v 0.425675 0.027129 -0.071430
v 0.438459 0.012753 -0.070606
v 0.449446 -0.002689 -0.067870
v 0.461682 -0.017653 -0.065636
v 0.477644 -0.027982 -0.062890
v 0.486670 -0.045103 -0.061537
v 0.486410 -0.044610 -0.061576
v 0.211696 0.300690 -0.069069
v 0.200589 0.311953 -0.069164
v 0.222574 0.284456 -0.069526
v 0.231847 0.267421 -0.069239
v 0.247412 0.255682 -0.069475
v 0.257860 0.239121 -0.068428
v 0.271065 0.224815 -0.067478
v 0.279217 0.207381 -0.068224
v 0.294005 0.194990 -0.067601
v 0.303283 0.177714 -0.067157
v 0.314033 0.161505 -0.066178
v 0.325694 0.145908 -0.065406
v 0.337915 0.130666 -0.065524
v 0.349587 0.115031 -0.066174
v 0.362103 0.100001 -0.066565
v 0.376097 0.086300 -0.066294
v 0.390580 0.073020 -0.065320
v 0.405700 0.060736 -0.064210
v 0.421761 0.026231 -0.061150
v 0.409827 0.041671 -0.062420
v 0.437303 0.014554 -0.060046
v 0.446857 -0.001457 -0.057894
v 0.459227 -0.016497 -0.055603
v 0.475529 -0.027136 -0.053144
v 0.485373 -0.043063 -0.050585
v 0.485089 -0.042604 -0.050658
v 0.208533 0.303608 -0.053633
v 0.194108 0.314448 -0.050577
v 0.221338 0.289232 -0.054969
v 0.231873 0.273217 -0.055498
v 0.244678 0.258767 -0.055550
v 0.257766 0.244025 -0.055101
v 0.265110 0.225685 -0.055082
v 0.279035 0.211689 -0.055089
v 0.290412 0.195698 -0.054536
v 0.300660 0.178802 -0.054080
v 0.311460 0.162216 -0.053200
v 0.323086 0.146224 -0.052448
v 0.335968 0.131347 -0.052597
v 0.348360 0.116139 -0.053156
v 0.360940 0.101274 -0.053803
v 0.374743 0.087617 -0.054199
v 0.388755 0.074023 -0.053799
v 0.403942 0.061637 -0.052978
v 0.410923 0.044438 -0.051542
v 0.420747 0.028170 -0.050624
v 0.436192 0.016470 -0.049463
v 0.446910 0.001640 -0.047743
v 0.457827 -0.013991 -0.045731
v 0.474373 -0.024250 -0.043524
v 0.483817 -0.040269 -0.039620
v 0.483545 -0.039808 -0.039732
v 0.191855 0.318613 -0.026947
v 0.196515 0.322769 -0.014371
v 0.190690 0.327615 -0.004874
v 0.198663 0.333511 0.002073
v 0.190760 0.341176 0.012781
v 0.200293 0.348054 0.014294
v 0.190986 0.357684 0.025665
v 0.200240 0.364688 0.022821
v 0.190700 0.375373 0.034436
v 0.198858 0.381833 0.029524
v 0.189416 0.393618 0.040016
v 0.196736 0.399324 0.034230
v 0.186304 0.411675 0.042639
v 0.193054 0.416817 0.036670
v 0.181485 0.429037 0.043160
v 0.187853 0.433927 0.037539
v 0.173503 0.444011 0.039793
v 0.179129 0.448514 0.033981
v 0.166968 0.459281 0.040825
v 0.171849 0.463361 0.034803
v 0.155534 0.469125 0.036184
v 0.160774 0.473721 0.030759
v 0.145515 0.480903 0.034441
v 0.140634 0.494606 0.028683
v 0.136857 0.492090 0.034534
v 0.124985 0.499254 0.029352
v 0.128270 0.502604 0.024351
v 0.113596 0.509225 0.024934
v 0.115959 0.511299 0.019898
v 0.100720 0.516392 0.017628
v 0.102955 0.518453 0.013346
v 0.088354 0.525550 0.011116
v 0.203897 0.327467 -0.003103
v 0.208227 0.339410 0.007967
v 0.210308 0.354773 0.014728
v 0.209594 0.371441 0.019739
v 0.207261 0.388187 0.024969
v 0.204205 0.405237 0.028804
v 0.199738 0.422267 0.030848
v 0.194002 0.438982 0.031766
v 0.184875 0.453337 0.028581
v 0.176408 0.467395 0.028602
v 0.165401 0.478183 0.025525
v 0.151117 0.485542 0.030165
v 0.143448 0.496963 0.022862
v 0.131371 0.506495 0.020251
v 0.118071 0.512977 0.014745
v 0.105028 0.520567 0.009114
v 0.090224 0.527498 0.007563
v 0.213798 0.332602 0.005002
v 0.218814 0.345826 0.010454
v 0.220369 0.361573 0.012973
v 0.218954 0.378036 0.016297
v 0.215770 0.394544 0.020575
v 0.211708 0.411252 0.023507
v 0.206420 0.427833 0.025094
v 0.200009 0.444083 0.025827
v 0.190675 0.458307 0.023331
v 0.181287 0.471930 0.022909
v 0.169789 0.482715 0.020147
v 0.156126 0.490295 0.026668
v 0.159884 0.494598 0.021568
v 0.146099 0.500065 0.017106
v 0.134036 0.510072 0.015504
v 0.120146 0.514998 0.009688
v 0.106872 0.522738 0.004921
v 0.091927 0.529456 0.004022
v 0.225292 0.338962 0.008690
v 0.229650 0.352817 0.009197
v 0.230396 0.368442 0.009847
v 0.228347 0.384639 0.012886
v 0.224327 0.400948 0.016321
v 0.219258 0.417313 0.018305
v 0.213152 0.433469 0.019413
v 0.205945 0.449223 0.019803
v 0.196444 0.463376 0.018035
v 0.186298 0.476661 0.017354
v 0.162875 0.497847 0.015405
v 0.149033 0.504068 0.012037
v 0.136169 0.512423 0.009873
v 0.122222 0.517483 0.004836
v 0.108498 0.524916 0.000738
v 0.093455 0.531458 0.000515
v 0.236919 0.346354 0.006774
v 0.240427 0.360003 0.005995
v 0.240448 0.375286 0.006616
v 0.237665 0.391261 0.009396
v 0.232804 0.407382 0.011939
v 0.226855 0.423420 0.013208
v 0.219896 0.439177 0.013793
v 0.211882 0.454469 0.013818
v 0.202134 0.468515 0.012706
v 0.191022 0.481075 0.011354
v 0.174363 0.487431 0.015201
v 0.165516 0.500126 0.008589
v 0.152194 0.508523 0.007385
v 0.138075 0.513968 0.003906
v 0.124191 0.520152 0.000114
v 0.109955 0.527093 -0.003442
v 0.094815 0.533497 -0.002975
v 0.248695 0.353964 0.004266
v 0.250866 0.367146 0.001846
v 0.250083 0.382157 0.002769
v 0.246278 0.397914 0.004533
v 0.240707 0.413780 0.006526
v 0.234182 0.429524 0.007718
v 0.226530 0.444952 0.008082
v 0.217790 0.459874 0.007900
v 0.207605 0.473698 0.007126
v 0.195697 0.485744 0.005534
v 0.179200 0.492492 0.010739
v 0.168489 0.503848 0.002498
v 0.154810 0.511964 0.001740
v 0.140076 0.516230 -0.001810
v 0.125956 0.522662 -0.004686
v 0.111265 0.529222 -0.007635
v 0.096007 0.535529 -0.006492
v 0.259768 0.361494 -0.000683
v 0.260826 0.374434 -0.002834
v 0.258440 0.388941 -0.003362
v 0.253960 0.404327 -0.001964
v 0.247888 0.419911 -0.000083
v 0.240787 0.435368 0.001136
v 0.232726 0.450607 0.001763
v 0.223440 0.465279 0.001705
v 0.212582 0.478837 0.001101
v 0.186457 0.500607 -0.001505
v 0.183164 0.496925 0.005063
v 0.171730 0.508255 -0.002992
v 0.156945 0.514265 -0.004626
v 0.142180 0.519235 -0.007145
v 0.127499 0.525024 -0.009557
v 0.112394 0.531332 -0.011844
v 0.097014 0.537480 -0.010087
v 0.271031 0.369466 -0.004039
v 0.270424 0.381603 -0.007904
v 0.266224 0.395221 -0.010569
v 0.260696 0.410123 -0.009911
v 0.254118 0.425474 -0.007963
v 0.246537 0.440700 -0.006573
v 0.238141 0.455801 -0.005591
v 0.228444 0.470345 -0.005314
v 0.217202 0.483786 -0.005503
v 0.200213 0.490557 -0.000219
v 0.189753 0.504676 -0.007839
v 0.174481 0.511948 -0.009155
v 0.159020 0.516939 -0.010836
v 0.144037 0.522008 -0.012632
v 0.128799 0.527308 -0.014470
v 0.113292 0.533380 -0.016099
v 0.097810 0.539346 -0.013740
v 0.278344 0.375202 -0.014574
v 0.276177 0.386659 -0.018685
v 0.271951 0.400205 -0.020318
v 0.266232 0.414992 -0.019214
v 0.259123 0.430148 -0.017157
v 0.251262 0.445265 -0.015366
v 0.242707 0.460368 -0.013871
v 0.232738 0.474875 -0.013137
v 0.221305 0.488344 -0.012745
v 0.204227 0.495299 -0.006488
v 0.192713 0.508633 -0.014406
v 0.176877 0.515426 -0.015569
v 0.160973 0.519861 -0.016943
v 0.145553 0.524442 -0.018291
v 0.129866 0.529503 -0.019432
v 0.113975 0.535339 -0.020417
v 0.098394 0.541169 -0.017458
v 0.283934 0.379840 -0.026869
v 0.280960 0.390879 -0.030257
v 0.276342 0.404141 -0.031190
v 0.270258 0.418733 -0.029714
v 0.262908 0.433791 -0.027290
v 0.254938 0.448899 -0.025006
v 0.246284 0.464030 -0.023006
v 0.236395 0.478770 -0.021602
v 0.224516 0.492061 -0.020836
v 0.207739 0.499612 -0.013383
v 0.195008 0.511817 -0.021617
v 0.178820 0.518415 -0.022330
v 0.162555 0.522402 -0.023278
v 0.146766 0.526669 -0.024046
v 0.130673 0.531537 -0.024472
v 0.114440 0.537171 -0.024795
v 0.098777 0.542910 -0.021227
v 0.288106 0.383171 -0.040076
v 0.284410 0.393867 -0.042643
v 0.279441 0.406887 -0.042845
v 0.265300 0.436256 -0.038133
v 0.257097 0.451278 -0.035417
v 0.248330 0.466366 -0.032962
v 0.238319 0.481070 -0.031093
v 0.225754 0.493778 -0.030047
v 0.210420 0.503019 -0.021047
v 0.196636 0.514311 -0.029305
v 0.180166 0.520531 -0.029525
v 0.163731 0.524499 -0.029817
v 0.147665 0.528665 -0.029893
v 0.131201 0.533372 -0.029605
v 0.114670 0.538862 -0.029250
v 0.098967 0.544570 -0.025044
v 0.290750 0.385055 -0.053959
v 0.285992 0.395301 -0.055629
v 0.274416 0.422685 -0.052597
v 0.272968 0.421316 -0.040950
v 0.266414 0.437531 -0.049349
v 0.257878 0.452404 -0.046198
v 0.248791 0.467335 -0.043335
v 0.238585 0.481860 -0.041059
v 0.226214 0.494734 -0.039407
v 0.212817 0.506579 -0.038243
v 0.212089 0.505262 -0.029492
v 0.197562 0.515911 -0.037351
v 0.180940 0.521959 -0.036946
v 0.164428 0.526038 -0.036536
v 0.148135 0.530252 -0.035876
v 0.131427 0.534977 -0.034818
v 0.114653 0.540389 -0.033773
v 0.098939 0.546102 -0.028935
v 0.290460 0.384720 -0.068179
v 0.280683 0.408172 -0.067390
v 0.280964 0.408270 -0.055048
v 0.274430 0.422787 -0.064388
v 0.266653 0.437847 -0.060671
v 0.257961 0.452706 -0.057036
v 0.248566 0.467484 -0.053708
v 0.238115 0.481833 -0.051008
v 0.226175 0.495095 -0.048855
v 0.212822 0.506993 -0.047115
v 0.197663 0.516432 -0.045607
v 0.181052 0.522581 -0.044560
v 0.164576 0.526903 -0.043384
v 0.148209 0.531464 -0.041935
v 0.131330 0.536307 -0.040109
v 0.114355 0.541730 -0.038361
v 0.098665 0.547477 -0.032919
v 0.283919 0.393478 -0.081533
v 0.286466 0.395445 -0.068826
v 0.279126 0.406854 -0.079607
v 0.273200 0.421797 -0.076058
v 0.265589 0.437044 -0.071876
v 0.257213 0.452178 -0.067774
v 0.247917 0.467095 -0.064016
v 0.237460 0.481510 -0.060898
v 0.225393 0.494662 -0.058204
v 0.212032 0.506510 -0.055901
v 0.196915 0.515818 -0.053870
v 0.180444 0.522271 -0.052037
v 0.164130 0.527176 -0.050243
v 0.147742 0.532191 -0.048038
v 0.130786 0.537317 -0.045442
v 0.113699 0.542916 -0.042974
v 0.098175 0.548816 -0.036936
v 0.285774 0.379780 -0.095480
v 0.290175 0.383629 -0.082386
v 0.280421 0.390599 -0.093985
v 0.276439 0.404492 -0.091349
v 0.270363 0.419530 -0.087200
v 0.263602 0.435381 -0.082839
v 0.255553 0.450825 -0.078293
v 0.246395 0.465906 -0.074097
v 0.236018 0.480430 -0.070573
v 0.224049 0.493680 -0.067386
v 0.210435 0.505142 -0.064435
v 0.195430 0.514642 -0.061827
v 0.179182 0.521340 -0.059442
v 0.146815 0.532475 -0.054118
v 0.129823 0.537933 -0.050781
v 0.112712 0.543882 -0.047611
v 0.097397 0.550083 -0.040978
v 0.280794 0.375100 -0.108131
v 0.276621 0.386864 -0.105781
v 0.271048 0.400184 -0.101436
v 0.265864 0.415966 -0.097368
v 0.259780 0.432328 -0.092846
v 0.252749 0.448493 -0.088313
v 0.244254 0.464128 -0.083939
v 0.233964 0.478774 -0.079985
v 0.221744 0.491711 -0.076150
v 0.208378 0.503389 -0.072743
v 0.193470 0.512938 -0.069585
v 0.177449 0.520035 -0.066679
v 0.163164 0.526958 -0.057036
v 0.161660 0.526196 -0.063685
v 0.145436 0.532282 -0.060120
v 0.128507 0.538215 -0.056092
v 0.111371 0.544531 -0.052236
v 0.096332 0.551196 -0.045049
v 0.273194 0.368424 -0.118042
v 0.268932 0.380717 -0.114541
v 0.264653 0.395285 -0.110696
v 0.259998 0.411447 -0.106365
v 0.254543 0.428213 -0.101785
v 0.248200 0.444812 -0.097155
v 0.240630 0.461078 -0.092812
v 0.231077 0.476352 -0.088926
v 0.218925 0.489256 -0.084564
v 0.205700 0.500996 -0.080677
v 0.191006 0.510758 -0.077003
v 0.175254 0.518300 -0.073671
v 0.159743 0.525027 -0.070160
v 0.143666 0.531640 -0.065996
v 0.126817 0.538049 -0.061315
v 0.109722 0.544862 -0.056823
v 0.095018 0.552197 -0.049098
v 0.263410 0.360814 -0.125436
v 0.260390 0.374308 -0.122331
v 0.256983 0.389637 -0.118450
v 0.253111 0.406367 -0.114253
v 0.248106 0.423375 -0.109458
v 0.242231 0.440138 -0.104521
v 0.235625 0.456863 -0.100420
v 0.226913 0.472682 -0.096746
v 0.215596 0.486361 -0.092606
v 0.202494 0.498108 -0.088190
v 0.188074 0.508060 -0.084065
v 0.172639 0.516153 -0.080382
v 0.157364 0.523323 -0.076354
v 0.141482 0.530479 -0.071657
v 0.124828 0.537578 -0.066428
v 0.107807 0.544972 -0.061339
v 0.093399 0.552922 -0.053127
v 0.252070 0.352590 -0.129124
v 0.250207 0.367162 -0.126878
v 0.248039 0.383363 -0.123738
v 0.245209 0.400796 -0.120665
v 0.240843 0.418200 -0.116042
v 0.235643 0.435326 -0.111192
v 0.230774 0.452787 -0.108073
v 0.221600 0.467731 -0.102919
v 0.211260 0.482281 -0.099421
v 0.198735 0.494579 -0.095014
v 0.184727 0.505045 -0.090709
v 0.169579 0.513556 -0.086695
v 0.154612 0.521314 -0.082281
v 0.138946 0.529025 -0.077095
v 0.122445 0.536711 -0.071321
v 0.105555 0.544784 -0.065700
v 0.091460 0.553348 -0.057128
v 0.240122 0.344418 -0.129637
v 0.239404 0.359936 -0.129289
v 0.238246 0.376678 -0.126429
v 0.236337 0.394759 -0.124941
v 0.233049 0.412817 -0.121627
v 0.229309 0.430655 -0.117940
v 0.225061 0.447589 -0.113911
v 0.216407 0.462764 -0.109083
v 0.206206 0.477224 -0.104850
v 0.194386 0.490327 -0.100931
v 0.180949 0.501569 -0.096794
v 0.166219 0.510807 -0.092743
v 0.151505 0.519001 -0.087881
v 0.136074 0.527294 -0.082259
v 0.119748 0.535645 -0.075999
v 0.103005 0.544404 -0.069901
v 0.089284 0.553707 -0.061047
v 0.228094 0.337061 -0.126409
v 0.228168 0.353146 -0.128254
v 0.227960 0.370473 -0.127855
v 0.227300 0.388748 -0.128029
v 0.225903 0.407350 -0.126966
v 0.224078 0.425507 -0.124290
v 0.218676 0.441330 -0.117791
v 0.211734 0.458204 -0.115785
v 0.200942 0.471864 -0.109610
v 0.189584 0.485588 -0.105963
v 0.176843 0.497720 -0.102295
v 0.162478 0.507554 -0.098206
v 0.148103 0.516484 -0.093154
v 0.132916 0.525386 -0.087135
v 0.116774 0.534477 -0.080444
v 0.100188 0.543960 -0.073914
v 0.086851 0.553924 -0.064832
v 0.217331 0.330836 -0.119231
v 0.217733 0.347112 -0.123845
v 0.218674 0.364300 -0.127843
v 0.219844 0.382548 -0.130901
v 0.220122 0.401365 -0.131565
v 0.217817 0.419301 -0.127777
v 0.212338 0.435797 -0.122756
v 0.205969 0.452620 -0.120461
v 0.195542 0.466503 -0.114137
v 0.184694 0.480924 -0.110954
v 0.172689 0.493924 -0.107701
v 0.158493 0.503791 -0.103029
v 0.144581 0.513910 -0.098255
v 0.129564 0.523259 -0.091728
v 0.113597 0.533141 -0.084657
v 0.097197 0.543438 -0.077771
v 0.084191 0.554043 -0.068412
v 0.208657 0.325552 -0.109597
v 0.209025 0.340665 -0.119270
v 0.210922 0.357625 -0.126945
v 0.213105 0.375996 -0.131486
v 0.213607 0.394791 -0.132523
v 0.211417 0.412879 -0.129959
v 0.206843 0.430141 -0.127898
v 0.200161 0.445871 -0.122991
v 0.190036 0.461172 -0.118360
v 0.179776 0.476330 -0.115825
v 0.167867 0.489292 -0.111741
v 0.154524 0.499925 -0.107638
v 0.140889 0.510901 -0.102867
v 0.126127 0.521001 -0.096122
v 0.110308 0.531672 -0.088685
v 0.094075 0.542807 -0.081495
v 0.081368 0.554106 -0.071802
v 0.201616 0.320363 -0.099338
v 0.202221 0.335148 -0.112529
v 0.204560 0.352229 -0.122207
v 0.207100 0.370238 -0.128340
v 0.207369 0.388470 -0.131953
v 0.204829 0.406752 -0.132754
v 0.201267 0.424379 -0.132863
v 0.193984 0.439986 -0.126845
v 0.184413 0.455922 -0.122452
v 0.174852 0.471844 -0.120533
v 0.162959 0.484776 -0.115503
v 0.150743 0.497068 -0.112866
v 0.136958 0.507189 -0.106568
v 0.122703 0.518794 -0.100466
v 0.106960 0.530126 -0.092576
v 0.090838 0.542046 -0.085047
v 0.078432 0.554092 -0.074989
v 0.199917 0.320541 -0.085622
v 0.200412 0.332638 -0.102222
v 0.201282 0.348207 -0.114588
v 0.201660 0.364873 -0.124505
v 0.200983 0.381970 -0.132694
v 0.198275 0.400246 -0.135626
v 0.195117 0.418133 -0.136393
v 0.187720 0.434392 -0.130856
v 0.178668 0.450761 -0.126595
v 0.169704 0.467073 -0.124720
v 0.158018 0.480301 -0.118896
v 0.146862 0.494462 -0.117960
v 0.133016 0.503392 -0.110047
v 0.119253 0.516400 -0.104585
v 0.103587 0.528473 -0.096330
v 0.087550 0.541207 -0.088486
v 0.075406 0.554018 -0.078000
v 0.194200 0.321969 -0.074534
v 0.194063 0.330309 -0.093394
v 0.195281 0.342416 -0.111436
v 0.195632 0.357460 -0.125347
v 0.194103 0.374977 -0.134392
v 0.192113 0.393364 -0.138916
v 0.188215 0.411404 -0.138264
v 0.180823 0.428828 -0.134384
v 0.172068 0.445687 -0.130781
v 0.163383 0.461638 -0.127570
v 0.152972 0.475676 -0.122087
v 0.142323 0.491170 -0.122500
v 0.128974 0.500029 -0.113880
v 0.115650 0.513456 -0.108052
v 0.100224 0.526714 -0.099971
v 0.084282 0.540330 -0.091828
v 0.072297 0.553914 -0.080868
v -0.193583 0.318648 -0.051131
v -0.208111 0.307365 -0.037965
v -0.208295 0.307127 -0.053528
v -0.221420 0.293079 -0.040154
v -0.219048 0.291404 -0.055037
v -0.232373 0.276884 -0.054975
v -0.231731 0.276256 -0.040418
v -0.241001 0.259491 -0.054621
v -0.244182 0.261011 -0.041268
v -0.252916 0.244221 -0.055199
v -0.256772 0.245778 -0.041792
v -0.267173 0.230646 -0.055623
v -0.267239 0.228943 -0.041712
v -0.277049 0.213452 -0.055215
v -0.277974 0.212257 -0.041561
v -0.287323 0.196466 -0.054834
v -0.289257 0.195936 -0.041456
v -0.299040 0.180392 -0.054546
v -0.300895 0.179891 -0.041436
v -0.310375 0.164001 -0.054142
v -0.312288 0.163687 -0.041096
v -0.321874 0.147775 -0.053583
v -0.324084 0.147736 -0.040665
v -0.334792 0.132726 -0.053801
v -0.337094 0.133103 -0.041011
v -0.347229 0.117411 -0.054430
v -0.349371 0.117963 -0.041586
v -0.359727 0.102375 -0.055104
v -0.362163 0.103397 -0.042527
v -0.373445 0.088601 -0.055379
v -0.375847 0.089621 -0.043414
v -0.388415 0.076098 -0.054963
v -0.390714 0.076829 -0.043534
v -0.400532 0.061403 -0.053180
v -0.400216 0.059753 -0.041851
v -0.411509 0.045776 -0.052995
v -0.414857 0.046901 -0.042317
v -0.419553 0.028190 -0.050591
v -0.423239 0.029592 -0.040442
v -0.434795 0.016344 -0.051395
v -0.439090 0.019074 -0.041849
v -0.447318 0.003254 -0.050432
v -0.449142 0.004870 -0.040092
v -0.457545 -0.012627 -0.046863
v -0.459454 -0.010541 -0.037115
v -0.473730 -0.023596 -0.044202
v -0.482230 -0.036996 -0.029535
v -0.483268 -0.039083 -0.040615
v -0.483089 -0.038792 -0.040682
v -0.194594 0.319426 -0.032828
v -0.211981 0.309346 -0.023091
v -0.224189 0.293791 -0.025453
v -0.236404 0.278055 -0.026707
v -0.248082 0.261956 -0.027424
v -0.259201 0.245516 -0.027805
v -0.270864 0.229501 -0.028304
v -0.282612 0.213597 -0.028771
v -0.294623 0.197944 -0.029322
v -0.306045 0.181940 -0.029342
v -0.318062 0.166509 -0.029651
v -0.329863 0.150946 -0.029049
v -0.342387 0.136057 -0.029387
v -0.354104 0.120624 -0.029700
v -0.366614 0.105867 -0.030739
v -0.380300 0.092161 -0.032343
v -0.392857 0.077443 -0.032042
v -0.404604 0.061977 -0.031563
v -0.430599 0.035189 -0.034430
v -0.443518 0.022127 -0.032473
v -0.451613 0.006741 -0.029951
v -0.463992 -0.005835 -0.029206
v -0.475877 -0.020492 -0.034832
v -0.481336 -0.034560 -0.018634
v -0.482352 -0.037312 -0.029433
v -0.200303 0.322256 -0.016970
v -0.218551 0.311665 -0.009622
v -0.230640 0.295977 -0.012185
v -0.242644 0.280102 -0.013671
v -0.254698 0.264376 -0.015040
v -0.266765 0.248742 -0.016335
v -0.278918 0.233235 -0.017620
v -0.291078 0.217783 -0.018823
v -0.303100 0.202265 -0.019716
v -0.315282 0.187561 -0.022709
v -0.327139 0.172222 -0.021915
v -0.338911 0.156769 -0.021131
v -0.350580 0.141301 -0.020632
v -0.361714 0.125529 -0.020277
v -0.373670 0.110344 -0.021123
v -0.386954 0.096269 -0.023089
v -0.399665 0.081438 -0.023860
v -0.411165 0.066159 -0.023097
v -0.417722 0.047998 -0.031465
v -0.422506 0.050361 -0.021819
v -0.437911 0.040353 -0.027946
v -0.448072 0.025856 -0.023433
v -0.456851 0.009856 -0.021298
v -0.470849 -0.001350 -0.023098
v -0.478179 -0.017147 -0.025630
v -0.482521 -0.031114 -0.008126
v -0.481396 -0.034893 -0.018500
v -0.209409 0.325826 -0.004452
v -0.228640 0.315892 0.000592
v -0.240744 0.300487 -0.002373
v -0.253042 0.285190 -0.004800
v -0.265243 0.269828 -0.006865
v -0.277214 0.254281 -0.008450
v -0.289229 0.238784 -0.009959
v -0.301336 0.223391 -0.011554
v -0.313481 0.208085 -0.013329
v -0.325894 0.194506 -0.018786
v -0.337685 0.179005 -0.017518
v -0.349203 0.163461 -0.015987
v -0.360549 0.147817 -0.015013
v -0.371269 0.131851 -0.014022
v -0.382810 0.116360 -0.014591
v -0.395505 0.101694 -0.016523
v -0.408495 0.087180 -0.018722
v -0.418710 0.070836 -0.015782
v -0.430388 0.055514 -0.015789
v -0.445164 0.045008 -0.021023
v -0.452055 0.029191 -0.014036
v -0.462972 0.013824 -0.013524
v -0.476779 0.002735 -0.015792
v -0.480121 -0.014161 -0.016241
v -0.486529 -0.026861 0.001422
v -0.482567 -0.031438 -0.007971
v -0.220137 0.330951 0.003872
v -0.241298 0.322940 0.004241
v -0.252999 0.307304 0.002611
v -0.264943 0.291847 0.000700
v -0.276834 0.276337 -0.001092
v -0.288539 0.260666 -0.002638
v -0.300387 0.245107 -0.004319
v -0.312491 0.229830 -0.006638
v -0.324746 0.215056 -0.010293
v -0.336898 0.201514 -0.016551
v -0.348778 0.186122 -0.015454
v -0.360231 0.170598 -0.013341
v -0.371201 0.154811 -0.011392
v -0.381814 0.138776 -0.010377
v -0.393022 0.123071 -0.010835
v -0.405073 0.107884 -0.012316
v -0.416827 0.092424 -0.012391
v -0.428092 0.076657 -0.013028
v -0.438883 0.061506 -0.011479
v -0.452496 0.049264 -0.013969
v -0.460232 0.033404 -0.008736
v -0.470342 0.019586 -0.008629
v -0.483763 0.007454 -0.009883
v -0.482963 -0.010838 -0.007148
v -0.494167 -0.022324 0.008262
v -0.486598 -0.027168 0.001586
v -0.243080 0.346555 0.005796
v -0.231514 0.338197 0.007001
v -0.254175 0.330806 0.005590
v -0.265566 0.314909 0.005232
v -0.277214 0.299180 0.004171
v -0.288847 0.283459 0.002699
v -0.300399 0.267757 0.000632
v -0.312044 0.252075 -0.001035
v -0.323991 0.236698 -0.003414
v -0.336190 0.222066 -0.008044
v -0.348112 0.208677 -0.015841
v -0.359888 0.193324 -0.013723
v -0.371296 0.177827 -0.010964
v -0.382066 0.161939 -0.008601
v -0.392576 0.145790 -0.007682
v -0.403518 0.129854 -0.008278
v -0.415067 0.114242 -0.009649
v -0.426441 0.098404 -0.009962
v -0.437756 0.082692 -0.011634
v -0.447866 0.067426 -0.008247
v -0.459736 0.053624 -0.006959
v -0.469369 0.038449 -0.005886
v -0.479261 0.024998 -0.006485
v -0.491031 0.011409 -0.004047
v -0.488115 -0.006749 0.000356
v -0.504512 -0.018288 0.010181
v -0.494283 -0.022622 0.008413
v -0.255733 0.354859 0.004899
v -0.266416 0.338654 0.003380
v -0.277837 0.322835 0.002751
v -0.289445 0.307071 0.002704
v -0.300948 0.291244 0.001381
v -0.312191 0.275383 -0.001136
v -0.323160 0.259557 -0.004722
v -0.334643 0.243996 -0.007185
v -0.347545 0.229389 -0.006981
v -0.359323 0.215702 -0.014263
v -0.371017 0.200561 -0.012041
v -0.382409 0.185109 -0.008791
v -0.393171 0.169072 -0.006818
v -0.403610 0.152746 -0.006344
v -0.414278 0.136568 -0.007254
v -0.425340 0.120617 -0.008787
v -0.436414 0.104577 -0.009716
v -0.447526 0.088615 -0.010607
v -0.457790 0.072775 -0.008540
v -0.468056 0.059096 -0.004760
v -0.478706 0.043618 -0.003855
v -0.488505 0.030073 -0.005281
v -0.498594 0.015891 -0.000196
v -0.497278 -0.003212 0.002258
v -0.515041 -0.015180 0.007775
v -0.504650 -0.018576 0.010333
v -0.266436 0.362245 -0.002536
v -0.277594 0.346289 -0.003324
v -0.289419 0.330704 -0.002370
v -0.300373 0.314511 -0.003545
v -0.311751 0.298622 -0.004695
v -0.323188 0.282810 -0.006257
v -0.334300 0.266921 -0.008918
v -0.344868 0.250984 -0.013136
v -0.357603 0.236524 -0.012097
v -0.370555 0.222718 -0.012867
v -0.382260 0.207817 -0.011599
v -0.393766 0.192340 -0.008697
v -0.404454 0.176083 -0.007596
v -0.414673 0.159545 -0.007818
v -0.424999 0.143125 -0.008968
v -0.435620 0.126922 -0.010499
v -0.446288 0.110615 -0.011230
v -0.457263 0.094639 -0.011174
v -0.467066 0.078294 -0.011377
v -0.477520 0.064342 -0.006999
v -0.487542 0.049014 -0.005543
v -0.498111 0.034453 -0.006406
v -0.507585 0.019281 -0.003837
v -0.506601 -0.000122 -0.000088
v -0.524891 -0.012336 0.003231
v -0.515203 -0.015468 0.007925
v -0.277305 0.369860 -0.010108
v -0.297941 0.336701 -0.012786
v -0.308891 0.320530 -0.013815
v -0.320595 0.304864 -0.014298
v -0.332086 0.289074 -0.015212
v -0.344217 0.273773 -0.015562
v -0.355857 0.258236 -0.017178
v -0.366917 0.242438 -0.019952
v -0.381104 0.229798 -0.015538
v -0.393373 0.214832 -0.014269
v -0.404908 0.199268 -0.011959
v -0.415362 0.182770 -0.011156
v -0.425184 0.165895 -0.012137
v -0.434981 0.149142 -0.013962
v -0.445027 0.132567 -0.015460
v -0.455463 0.116103 -0.015821
v -0.475474 0.083494 -0.016768
v -0.485917 0.068549 -0.012607
v -0.495603 0.053991 -0.010675
v -0.507283 0.038795 -0.008921
v -0.516244 0.022680 -0.008375
v -0.515824 0.003133 -0.002549
v -0.533534 -0.009842 -0.003304
v -0.525064 -0.012632 0.003342
v -0.284759 0.375280 -0.022223
v -0.287938 0.353450 -0.011148
v -0.294211 0.358107 -0.024124
v -0.304349 0.341345 -0.025439
v -0.315306 0.325113 -0.026170
v -0.327048 0.309454 -0.026386
v -0.338959 0.293945 -0.026686
v -0.351846 0.279259 -0.025939
v -0.365173 0.265010 -0.024618
v -0.377096 0.249567 -0.025372
v -0.389871 0.235001 -0.024121
v -0.403188 0.220946 -0.021073
v -0.424560 0.188164 -0.019038
v -0.433674 0.170875 -0.020612
v -0.443315 0.154008 -0.022173
v -0.453073 0.137231 -0.023269
v -0.463419 0.120801 -0.023060
v -0.466278 0.100161 -0.014784
v -0.472381 0.103724 -0.023894
v -0.492575 0.072115 -0.020704
v -0.501804 0.056440 -0.019107
v -0.512248 0.040430 -0.017781
v -0.523011 0.024846 -0.015849
v -0.523847 0.005810 -0.007678
v -0.540648 -0.007828 -0.011552
v -0.533719 -0.010141 -0.003221
v -0.289641 0.378901 -0.036355
v -0.299180 0.361657 -0.037999
v -0.309755 0.345097 -0.038822
v -0.321522 0.329441 -0.038747
v -0.333842 0.314259 -0.038188
v -0.346408 0.299283 -0.037511
v -0.358913 0.284245 -0.036757
v -0.371482 0.269257 -0.035917
v -0.384294 0.254455 -0.034968
v -0.397131 0.239621 -0.033986
v -0.421256 0.208795 -0.030262
v -0.414663 0.205134 -0.019179
v -0.430653 0.191483 -0.030368
v -0.439589 0.174147 -0.031696
v -0.449358 0.157313 -0.032814
v -0.458748 0.140294 -0.033524
v -0.467709 0.122999 -0.033650
v -0.485360 0.089103 -0.031733
v -0.484235 0.089067 -0.020683
v -0.505339 0.057618 -0.029205
v -0.516004 0.041479 -0.027604
v -0.524921 0.024535 -0.026011
v -0.529960 0.007341 -0.015655
v -0.545847 -0.006684 -0.021142
v -0.540853 -0.008118 -0.011474
v -0.292586 0.380683 -0.051359
v -0.302024 0.363294 -0.052823
v -0.312463 0.346557 -0.053407
v -0.323702 0.330409 -0.053155
v -0.335419 0.314658 -0.052476
v -0.347296 0.299053 -0.051573
v -0.359664 0.283832 -0.050621
v -0.372618 0.269094 -0.049580
v -0.386314 0.255038 -0.048331
v -0.412640 0.225936 -0.044944
v -0.410088 0.224962 -0.031803
v -0.423569 0.209673 -0.043533
v -0.432657 0.192303 -0.043564
v -0.442612 0.175488 -0.044378
v -0.452453 0.158680 -0.045070
v -0.461375 0.141365 -0.045385
v -0.479654 0.107095 -0.043907
v -0.478788 0.107119 -0.032638
v -0.487268 0.089372 -0.042826
v -0.497849 0.075019 -0.029861
v -0.500004 0.075218 -0.040625
v -0.507250 0.057549 -0.039793
v -0.518058 0.041475 -0.037941
v -0.526895 0.024264 -0.036184
v -0.534248 0.007924 -0.024843
v -0.548772 -0.006776 -0.031641
v -0.546069 -0.006963 -0.021071
v -0.293761 0.380704 -0.066750
v -0.303244 0.363346 -0.068005
v -0.313969 0.346791 -0.068307
v -0.325316 0.330720 -0.067768
v -0.348902 0.299416 -0.065706
v -0.361628 0.284564 -0.064466
v -0.374696 0.270006 -0.063147
v -0.386810 0.254666 -0.061692
v -0.399527 0.239803 -0.060166
v -0.400118 0.241031 -0.046912
v -0.411537 0.224436 -0.058137
v -0.422772 0.208459 -0.056906
v -0.432758 0.191686 -0.056784
v -0.443036 0.175125 -0.057411
v -0.452647 0.158193 -0.057800
v -0.461358 0.140791 -0.057588
v -0.470398 0.124131 -0.044983
v -0.478197 0.105767 -0.055204
v -0.489843 0.090338 -0.053674
v -0.497818 0.072875 -0.051179
v -0.509192 0.057330 -0.050391
v -0.518259 0.040289 -0.048481
v -0.527542 0.023327 -0.046483
v -0.537129 0.007958 -0.034578
v -0.549561 -0.008329 -0.042344
v -0.548995 -0.007058 -0.031584
v -0.292143 0.378431 -0.081946
v -0.302755 0.361811 -0.083220
v -0.314223 0.345845 -0.083100
v -0.325491 0.329739 -0.082343
v -0.336869 0.314859 -0.066869
v -0.348549 0.298154 -0.079801
v -0.360265 0.282590 -0.078021
v -0.371219 0.266547 -0.075792
v -0.383036 0.251088 -0.074211
v -0.395418 0.236126 -0.072383
v -0.406877 0.220517 -0.070131
v -0.418584 0.205022 -0.069167
v -0.429874 0.189202 -0.069477
v -0.440507 0.172940 -0.070088
v -0.450142 0.156053 -0.070136
v -0.459107 0.138776 -0.069479
v -0.469972 0.123335 -0.056621
v -0.478335 0.105090 -0.066639
v -0.486967 0.087850 -0.064051
v -0.496521 0.071105 -0.062008
v -0.507870 0.055392 -0.060802
v -0.526753 0.021645 -0.056668
v -0.537919 0.006998 -0.044709
v -0.549343 -0.008041 -0.042388
v -0.548274 -0.010463 -0.052856
v -0.288921 0.374566 -0.096672
v -0.299693 0.358114 -0.097800
v -0.310617 0.341797 -0.097365
v -0.321566 0.325631 -0.095912
v -0.336918 0.313822 -0.081275
v -0.344275 0.293894 -0.092689
v -0.354824 0.277654 -0.089953
v -0.365603 0.261572 -0.087351
v -0.377474 0.246277 -0.085651
v -0.388796 0.231053 -0.082867
v -0.400958 0.215924 -0.081276
v -0.412890 0.200644 -0.080450
v -0.424462 0.185097 -0.080832
v -0.435460 0.169144 -0.081539
v -0.445723 0.152658 -0.081669
v -0.464515 0.118652 -0.078915
v -0.467747 0.121369 -0.067984
v -0.474018 0.101745 -0.076678
v -0.483436 0.084865 -0.074307
v -0.493768 0.068488 -0.072356
v -0.504855 0.052570 -0.070820
v -0.515391 0.036321 -0.068956
v -0.517822 0.038800 -0.058945
v -0.524249 0.019145 -0.066395
v -0.534306 0.002581 -0.064386
v -0.537021 0.005230 -0.054807
v -0.548063 -0.010169 -0.052892
v -0.545130 -0.013468 -0.062744
v -0.283305 0.368677 -0.110025
v -0.293693 0.352110 -0.110769
v -0.303776 0.335472 -0.109158
v -0.314452 0.319288 -0.107080
v -0.333089 0.309836 -0.094630
v -0.337796 0.288172 -0.103966
v -0.348766 0.272264 -0.101336
v -0.359192 0.256142 -0.098251
v -0.371732 0.241516 -0.097063
v -0.381605 0.225621 -0.092858
v -0.393701 0.210506 -0.091116
v -0.406029 0.195558 -0.090655
v -0.417664 0.180126 -0.091006
v -0.428722 0.164272 -0.091659
v -0.439244 0.147989 -0.091702
v -0.455239 0.135728 -0.080758
v -0.459330 0.114718 -0.088690
v -0.469325 0.098042 -0.086507
v -0.479019 0.081268 -0.084017
v -0.488945 0.064679 -0.081492
v -0.500993 0.049391 -0.080410
v -0.510515 0.032686 -0.077562
v -0.520752 0.016231 -0.075677
v -0.530180 -0.000611 -0.073239
v -0.544927 -0.013167 -0.062775
v -0.540367 -0.017071 -0.071725
v -0.274707 0.360708 -0.120415
v -0.284497 0.344063 -0.120372
v -0.294453 0.327527 -0.118125
v -0.316900 0.296158 -0.113955
v -0.326211 0.303772 -0.105815
v -0.328831 0.280888 -0.112234
v -0.340326 0.265412 -0.110211
v -0.352018 0.250345 -0.107856
v -0.362185 0.235125 -0.104295
v -0.374134 0.219960 -0.102554
v -0.385879 0.204708 -0.100275
v -0.397912 0.189630 -0.099335
v -0.409258 0.174059 -0.099161
v -0.420402 0.158342 -0.099841
v -0.431305 0.142358 -0.100058
v -0.449401 0.131423 -0.090721
v -0.452392 0.109745 -0.096684
v -0.463244 0.093559 -0.095019
v -0.473751 0.077177 -0.093067
v -0.483846 0.060668 -0.090397
v -0.492832 0.044341 -0.085200
v -0.503297 0.028029 -0.083653
v -0.513456 0.011671 -0.081071
v -0.524327 -0.004408 -0.080838
v -0.540176 -0.016762 -0.071754
v -0.534763 -0.020719 -0.080213
v -0.263777 0.351688 -0.127002
v -0.273212 0.335040 -0.126352
v -0.283254 0.318707 -0.123496
v -0.305082 0.311542 -0.115366
v -0.306124 0.287750 -0.118895
v -0.318098 0.272605 -0.116630
v -0.330153 0.257535 -0.114917
v -0.341351 0.242473 -0.111442
v -0.352404 0.228021 -0.110479
v -0.365076 0.213368 -0.109970
v -0.376714 0.198130 -0.107332
v -0.388463 0.182931 -0.105671
v -0.399568 0.167262 -0.104820
v -0.410479 0.151441 -0.104830
v -0.432503 0.119665 -0.103570
v -0.441999 0.126117 -0.099019
v -0.443381 0.103681 -0.101025
v -0.454085 0.087719 -0.097656
v -0.464975 0.071611 -0.096153
v -0.475615 0.055317 -0.095051
v -0.484449 0.038994 -0.089425
v -0.494402 0.022774 -0.085698
v -0.504963 0.006522 -0.083861
v -0.516588 -0.008915 -0.085794
v -0.534567 -0.020413 -0.080225
v -0.527462 -0.024947 -0.086923
v -0.251675 0.342199 -0.129355
v -0.260790 0.325720 -0.128869
v -0.282518 0.294171 -0.123165
v -0.294166 0.302959 -0.120574
v -0.294575 0.279131 -0.120900
v -0.306741 0.264185 -0.118556
v -0.318863 0.249274 -0.116008
v -0.330980 0.234302 -0.114904
v -0.342133 0.220534 -0.115346
v -0.354854 0.206165 -0.114834
v -0.366458 0.190975 -0.111833
v -0.378014 0.175791 -0.109235
v -0.388992 0.160131 -0.107925
v -0.399808 0.144273 -0.107453
v -0.410928 0.128523 -0.107066
v -0.421477 0.135582 -0.104764
v -0.422336 0.112900 -0.105670
v -0.433749 0.097251 -0.103102
v -0.444613 0.081500 -0.099335
v -0.455393 0.066032 -0.094273
v -0.466398 0.050152 -0.092199
v -0.485390 0.017477 -0.087289
v -0.496630 0.001848 -0.087722
v -0.508129 -0.013529 -0.089168
v -0.527258 -0.024646 -0.086902
v -0.518703 -0.029671 -0.091205
v -0.238426 0.333277 -0.128354
v -0.247904 0.316655 -0.127481
v -0.271240 0.309632 -0.126331
v -0.270422 0.285569 -0.122214
v -0.282752 0.270769 -0.119505
v -0.295239 0.256105 -0.116715
v -0.307518 0.241334 -0.114343
v -0.319970 0.226598 -0.112039
v -0.331046 0.212899 -0.116729
v -0.343688 0.199322 -0.112775
v -0.355358 0.183957 -0.110719
v -0.367008 0.168848 -0.107805
v -0.377953 0.153087 -0.107824
v -0.388816 0.137190 -0.108150
v -0.400123 0.121497 -0.107666
v -0.411969 0.106130 -0.106261
v -0.423913 0.090856 -0.103486
v -0.435408 0.075070 -0.101723
v -0.446198 0.059808 -0.095873
v -0.457136 0.044839 -0.089674
v -0.466994 0.028521 -0.091872
v -0.476190 0.033503 -0.093591
v -0.476597 0.012235 -0.089989
v -0.488422 -0.002508 -0.092285
v -0.499188 -0.018254 -0.090078
v -0.518504 -0.029368 -0.091167
v -0.509241 -0.034646 -0.092953
v -0.225891 0.325109 -0.122754
v -0.235536 0.308531 -0.122110
v -0.258744 0.300819 -0.125015
v -0.258608 0.277715 -0.117723
v -0.271220 0.263138 -0.115018
v -0.284005 0.248772 -0.111977
v -0.296454 0.234019 -0.109767
v -0.309272 0.219713 -0.106678
v -0.320698 0.207055 -0.110748
v -0.333352 0.193480 -0.106649
v -0.344843 0.177992 -0.105171
v -0.356354 0.162541 -0.103674
v -0.367138 0.146517 -0.104473
v -0.377855 0.130429 -0.105795
v -0.389291 0.114707 -0.105834
v -0.401701 0.099614 -0.104122
v -0.414345 0.085052 -0.100844
v -0.426219 0.069751 -0.098445
v -0.437068 0.053531 -0.097203
v -0.447939 0.038805 -0.090316
v -0.458701 0.023596 -0.086987
v -0.480730 -0.006700 -0.089750
v -0.490286 -0.022866 -0.088724
v -0.509052 -0.034338 -0.092899
v -0.500019 -0.039532 -0.090028
v -0.215130 0.318782 -0.113069
v -0.235618 0.286444 -0.111546
v -0.246492 0.292648 -0.120522
v -0.247810 0.271393 -0.109604
v -0.260806 0.257145 -0.106854
v -0.273694 0.242804 -0.104206
v -0.286692 0.228664 -0.101301
v -0.297147 0.213969 -0.104218
v -0.312158 0.203491 -0.100848
v -0.323677 0.188329 -0.099002
v -0.334969 0.172593 -0.098061
v -0.346317 0.156908 -0.097220
v -0.357145 0.140799 -0.098279
v -0.367841 0.124574 -0.099740
v -0.379434 0.108832 -0.099963
v -0.392142 0.093939 -0.098612
v -0.405074 0.079382 -0.096054
v -0.418161 0.065553 -0.091519
v -0.430783 0.050850 -0.089070
v -0.449818 0.018706 -0.083287
v -0.459715 0.002385 -0.086851
v -0.467796 0.007096 -0.091668
v -0.473758 -0.010446 -0.083141
v -0.483717 -0.025751 -0.081929
v -0.499836 -0.039219 -0.090003
v -0.492559 -0.043076 -0.082912
v -0.216269 0.299015 -0.099581
v -0.224321 0.302097 -0.112930
v -0.227251 0.283036 -0.099118
v -0.239662 0.268125 -0.097583
v -0.252592 0.253742 -0.095450
v -0.265518 0.239393 -0.093093
v -0.277869 0.224601 -0.091152
v -0.289401 0.211495 -0.094513
v -0.303591 0.199570 -0.091119
v -0.314613 0.183753 -0.090379
v -0.325775 0.167833 -0.089718
v -0.337263 0.152173 -0.089000
v -0.348502 0.136233 -0.089618
v -0.359261 0.119956 -0.091035
v -0.371037 0.104277 -0.091388
v -0.384283 0.089821 -0.090078
v -0.397907 0.075951 -0.087790
v -0.409687 0.060483 -0.085796
v -0.423398 0.047159 -0.081511
v -0.433973 0.031639 -0.080118
v -0.438672 0.033150 -0.089635
v -0.453328 -0.000822 -0.079151
v -0.467722 -0.013564 -0.075981
v -0.478567 -0.027463 -0.073501
v -0.492393 -0.042751 -0.082893
v -0.487726 -0.044585 -0.073238
v -0.207385 0.314879 -0.099638
v -0.211759 0.299842 -0.084455
v -0.222262 0.283334 -0.084488
v -0.234906 0.268428 -0.083447
v -0.247956 0.254007 -0.081687
v -0.260381 0.239036 -0.079850
v -0.268650 0.222133 -0.082043
v -0.284682 0.211926 -0.081641
v -0.296730 0.197014 -0.079894
v -0.307325 0.180734 -0.079666
v -0.318332 0.164591 -0.079216
v -0.330054 0.148996 -0.078439
v -0.341852 0.133329 -0.078757
v -0.353103 0.117300 -0.079745
v -0.365094 0.101819 -0.080144
v -0.378569 0.087579 -0.079321
v -0.393046 0.074488 -0.077237
v -0.405234 0.059671 -0.075585
v -0.416418 0.044106 -0.073223
v -0.429849 0.030676 -0.069913
v -0.435222 0.012031 -0.071942
v -0.440563 0.013685 -0.080907
v -0.448458 -0.002249 -0.069850
v -0.463908 -0.013736 -0.066465
v -0.477535 -0.026028 -0.063730
v -0.487554 -0.044264 -0.073243
v -0.485652 -0.043760 -0.062459
v -0.203249 0.314312 -0.083962
v -0.210226 0.303539 -0.069025
v -0.219468 0.286266 -0.069585
v -0.233233 0.272103 -0.069070
v -0.246413 0.257389 -0.067620
v -0.252863 0.239048 -0.068024
v -0.268110 0.227357 -0.069161
v -0.280589 0.212384 -0.068520
v -0.291421 0.196100 -0.067601
v -0.302114 0.179565 -0.067484
v -0.313139 0.163260 -0.067089
v -0.324814 0.147481 -0.066465
v -0.337074 0.132059 -0.066669
v -0.348820 0.116300 -0.067407
v -0.361246 0.101137 -0.067858
v -0.375144 0.087360 -0.067521
v -0.388875 0.073559 -0.066365
v -0.403332 0.060790 -0.064291
v -0.410914 0.042724 -0.063598
v -0.424707 0.029591 -0.060210
v -0.433724 0.013048 -0.061624
v -0.445800 -0.001179 -0.059882
v -0.460168 -0.014032 -0.056796
v -0.476388 -0.024243 -0.053877
v -0.485500 -0.043427 -0.062483
v -0.484541 -0.041752 -0.051559
v -0.199721 0.315933 -0.067925
v -0.208295 0.307127 -0.053528
v -0.219048 0.291404 -0.055037
v -0.232373 0.276884 -0.054975
v -0.241001 0.259491 -0.054621
v -0.252916 0.244221 -0.055199
v -0.267173 0.230646 -0.055623
v -0.277049 0.213452 -0.055215
v -0.287323 0.196466 -0.054834
v -0.299040 0.180392 -0.054546
v -0.310375 0.164001 -0.054142
v -0.321874 0.147775 -0.053583
v -0.334792 0.132726 -0.053801
v -0.347229 0.117411 -0.054430
v -0.359727 0.102375 -0.055104
v -0.373445 0.088601 -0.055379
v -0.388415 0.076098 -0.054963
v -0.400532 0.061403 -0.053180
v -0.411509 0.045776 -0.052995
v -0.419553 0.028190 -0.050591
v -0.434795 0.016344 -0.051395
v -0.447318 0.003254 -0.050432
v -0.457545 -0.012627 -0.046863
v -0.473730 -0.023596 -0.044202
v -0.484388 -0.041424 -0.051602
v -0.483268 -0.039083 -0.040615
v -0.191120 0.321837 -0.027095
v -0.190179 0.330666 -0.004958
v -0.195913 0.325978 -0.014467
v -0.190528 0.343744 0.012523
v -0.198194 0.336709 0.001869
v -0.190959 0.360329 0.025720
v -0.199934 0.351113 0.014430
v -0.190474 0.378355 0.034840
v -0.199970 0.367788 0.023200
v -0.188829 0.396653 0.040414
v -0.198446 0.384942 0.029927
v -0.185259 0.414655 0.042855
v -0.196038 0.402422 0.034568
v -0.179325 0.431585 0.042805
v -0.191846 0.419820 0.036766
v -0.170938 0.446557 0.040940
v -0.185433 0.436329 0.036640
v -0.162816 0.460556 0.039706
v -0.177208 0.451360 0.034953
v -0.153021 0.471825 0.035764
v -0.168545 0.465121 0.033416
v -0.145102 0.484604 0.037101
v -0.157965 0.476256 0.029978
v -0.133714 0.492645 0.033272
v -0.149557 0.488791 0.031979
v -0.123254 0.503062 0.030609
v -0.137219 0.495655 0.027476
v -0.110318 0.509803 0.023988
v -0.126294 0.506816 0.026028
v -0.097526 0.518023 0.017122
v -0.112510 0.511857 0.018998
v -0.085289 0.527378 0.010617
v -0.099762 0.520186 0.012899
v -0.203507 0.330912 -0.003695
v -0.207597 0.342941 0.007130
v -0.209744 0.358042 0.014590
v -0.209222 0.374626 0.020071
v -0.206741 0.391389 0.025280
v -0.203391 0.408399 0.029050
v -0.198408 0.425287 0.030860
v -0.191579 0.441410 0.030859
v -0.183036 0.456178 0.029389
v -0.173567 0.469371 0.027679
v -0.163054 0.481033 0.025820
v -0.153090 0.492299 0.026339
v -0.140444 0.499553 0.022683
v -0.128437 0.508715 0.020331
v -0.114706 0.514095 0.014071
v -0.087285 0.529411 0.007106
v -0.101858 0.522351 0.008680
v -0.213442 0.336312 0.003820
v -0.218017 0.349445 0.009499
v -0.219813 0.364909 0.013102
v -0.218568 0.381325 0.016731
v -0.215155 0.397847 0.020827
v -0.210808 0.414487 0.023712
v -0.205104 0.430934 0.025154
v -0.197770 0.446683 0.025178
v -0.188666 0.460986 0.023858
v -0.178508 0.473739 0.022002
v -0.156229 0.494977 0.020277
v -0.168073 0.485776 0.021617
v -0.143924 0.503930 0.018548
v -0.130339 0.509800 0.014295
v -0.116933 0.516766 0.009370
v -0.089135 0.531446 0.003577
v -0.103754 0.524540 0.004469
v -0.224781 0.342582 0.007507
v -0.229037 0.356317 0.008837
v -0.230038 0.371834 0.010272
v -0.227965 0.388040 0.013412
v -0.223629 0.404354 0.016523
v -0.218249 0.420627 0.018440
v -0.211760 0.436637 0.019431
v -0.203750 0.451922 0.019335
v -0.194226 0.465951 0.018271
v -0.183331 0.478307 0.016199
v -0.159207 0.498206 0.014151
v -0.173019 0.490889 0.017358
v -0.146661 0.507415 0.013144
v -0.132342 0.511882 0.008523
v -0.119057 0.519523 0.004689
v -0.090821 0.533507 0.000045
v -0.105473 0.526772 0.000276
v -0.236583 0.349841 0.006635
v -0.240109 0.363472 0.005963
v -0.240137 0.378784 0.007159
v -0.237171 0.394823 0.009819
v -0.232006 0.410908 0.012090
v -0.225719 0.426821 0.013256
v -0.218396 0.442403 0.013748
v -0.209812 0.457352 0.013545
v -0.199854 0.471204 0.012728
v -0.188125 0.483108 0.010588
v -0.162539 0.502492 0.008814
v -0.176665 0.495031 0.011308
v -0.148852 0.509558 0.006884
v -0.134531 0.514836 0.003196
v -0.120946 0.522010 -0.000168
v -0.092354 0.535603 -0.003492
v -0.107047 0.529010 -0.003920
v -0.248482 0.357479 0.004567
v -0.250824 0.370815 0.002996
v -0.249550 0.385826 0.003096
v -0.245594 0.401575 0.004674
v -0.239809 0.417384 0.006590
v -0.232874 0.432965 0.007594
v -0.224915 0.448228 0.007949
v -0.215798 0.462893 0.007730
v -0.205181 0.476357 0.006906
v -0.179712 0.498113 0.004356
v -0.193007 0.488139 0.005436
v -0.165941 0.506976 0.003601
v -0.150985 0.511729 0.000610
v -0.136830 0.518256 -0.001806
v -0.122686 0.524400 -0.005066
v -0.093735 0.537703 -0.007050
v -0.108494 0.531219 -0.008129
v -0.260039 0.365342 0.002275
v -0.260858 0.378191 -0.000989
v -0.257940 0.392647 -0.002977
v -0.253191 0.408019 -0.001961
v -0.246847 0.423549 -0.000133
v -0.239410 0.438870 0.001000
v -0.231039 0.453949 0.001618
v -0.221328 0.468337 0.001472
v -0.210142 0.481521 0.000860
v -0.183160 0.502247 -0.001804
v -0.197344 0.492905 -0.000437
v -0.168457 0.509882 -0.002984
v -0.153282 0.514983 -0.005226
v -0.138783 0.521027 -0.007299
v -0.124283 0.526812 -0.009951
v -0.094942 0.539734 -0.010659
v -0.109770 0.533392 -0.012369
v -0.268599 0.372207 -0.006737
v -0.268319 0.384663 -0.009734
v -0.265054 0.398805 -0.011075
v -0.259732 0.413852 -0.010076
v -0.252895 0.429138 -0.008157
v -0.245067 0.444297 -0.006720
v -0.236335 0.459227 -0.005770
v -0.226239 0.473487 -0.005552
v -0.214582 0.486502 -0.005785
v -0.186416 0.506433 -0.008011
v -0.201234 0.497605 -0.006720
v -0.170858 0.513006 -0.009531
v -0.155485 0.518402 -0.011012
v -0.140520 0.523601 -0.012916
v -0.125644 0.529155 -0.014881
v -0.095928 0.541653 -0.014387
v -0.110830 0.535509 -0.016655
v -0.277891 0.379129 -0.014797
v -0.275557 0.390566 -0.018913
v -0.270970 0.404015 -0.020617
v -0.265047 0.418783 -0.019523
v -0.257722 0.433873 -0.017426
v -0.249648 0.448928 -0.015569
v -0.240846 0.463889 -0.014039
v -0.230492 0.478119 -0.013342
v -0.218516 0.491067 -0.013006
v -0.189189 0.510248 -0.014650
v -0.204608 0.501904 -0.013592
v -0.173178 0.516560 -0.015872
v -0.157329 0.521247 -0.017168
v -0.142010 0.526060 -0.018587
v -0.126808 0.531434 -0.019852
v -0.096694 0.543485 -0.018166
v -0.111666 0.537507 -0.021016
v -0.283363 0.383757 -0.027097
v -0.280092 0.394745 -0.030588
v -0.275154 0.407938 -0.031613
v -0.268841 0.422503 -0.030151
v -0.261369 0.437574 -0.027607
v -0.253205 0.452611 -0.025242
v -0.244358 0.467657 -0.023184
v -0.234109 0.482130 -0.021774
v -0.221364 0.494621 -0.021286
v -0.191417 0.513609 -0.021910
v -0.207176 0.505362 -0.021281
v -0.175016 0.519470 -0.022631
v -0.158825 0.523704 -0.023536
v -0.143238 0.528361 -0.024333
v -0.127708 0.533522 -0.024921
v -0.097268 0.545251 -0.021995
v -0.112284 0.539370 -0.025454
v -0.287169 0.386969 -0.040434
v -0.283204 0.397590 -0.043092
v -0.278083 0.410638 -0.043353
v -0.263573 0.439969 -0.038524
v -0.271427 0.425049 -0.041441
v -0.255175 0.454912 -0.035706
v -0.246265 0.469963 -0.033196
v -0.235746 0.484301 -0.031367
v -0.222637 0.496523 -0.030385
v -0.208710 0.507624 -0.029685
v -0.192978 0.516097 -0.029450
v -0.176317 0.521635 -0.029763
v -0.159951 0.525811 -0.030069
v -0.144123 0.530368 -0.030201
v -0.128331 0.535387 -0.030087
v -0.097653 0.546935 -0.025886
v -0.112677 0.541079 -0.029964
v -0.289349 0.388579 -0.054418
v -0.284831 0.399009 -0.056100
v -0.272667 0.426322 -0.053150
v -0.279537 0.411980 -0.055603
v -0.264463 0.441129 -0.049775
v -0.255802 0.456000 -0.046497
v -0.246520 0.470838 -0.043592
v -0.235888 0.485081 -0.041353
v -0.223248 0.497701 -0.039722
v -0.209449 0.509005 -0.038412
v -0.193837 0.517640 -0.037469
v -0.177051 0.523119 -0.037126
v -0.160603 0.527391 -0.036772
v -0.144634 0.532018 -0.036185
v -0.128672 0.537026 -0.035338
v -0.097805 0.548464 -0.029863
v -0.112790 0.542576 -0.034556
v -0.289646 0.388479 -0.068665
v -0.279081 0.411763 -0.067985
v -0.284435 0.398734 -0.069272
v -0.272535 0.426352 -0.065029
v -0.264596 0.441399 -0.061087
v -0.255739 0.456266 -0.057325
v -0.246135 0.470964 -0.053994
v -0.235362 0.485124 -0.051332
v -0.223096 0.498077 -0.049141
v -0.209443 0.509502 -0.047266
v -0.193800 0.517983 -0.045696
v -0.177121 0.523732 -0.044630
v -0.160749 0.528373 -0.043593
v -0.144748 0.533263 -0.042260
v -0.128671 0.538345 -0.040673
v -0.097691 0.549805 -0.033927
v -0.112646 0.543899 -0.039204
v -0.282421 0.396994 -0.082197
v -0.287688 0.386486 -0.082691
v -0.277473 0.410372 -0.080193
v -0.271251 0.425256 -0.076705
v -0.263489 0.440529 -0.072262
v -0.254928 0.455680 -0.068052
v -0.245422 0.470563 -0.064311
v -0.234631 0.484770 -0.061232
v -0.222192 0.497537 -0.058477
v -0.208551 0.508955 -0.056057
v -0.192977 0.517458 -0.053859
v -0.176437 0.523468 -0.052143
v -0.160286 0.528713 -0.050443
v -0.144319 0.533981 -0.048378
v -0.128218 0.539308 -0.046051
v -0.097404 0.551124 -0.038009
v -0.112135 0.545028 -0.043881
v -0.283715 0.382780 -0.095911
v -0.279658 0.394201 -0.094806
v -0.273924 0.407412 -0.091650
v -0.268355 0.422838 -0.087784
v -0.261438 0.438706 -0.083136
v -0.253280 0.454223 -0.078522
v -0.243889 0.469247 -0.074395
v -0.233060 0.483472 -0.070892
v -0.220734 0.496400 -0.067643
v -0.206792 0.507655 -0.064577
v -0.191635 0.516379 -0.061867
v -0.175200 0.522608 -0.059524
v -0.143413 0.534203 -0.054477
v -0.159287 0.528470 -0.057223
v -0.127328 0.539834 -0.051427
v -0.096827 0.552396 -0.042149
v -0.111259 0.545868 -0.048569
v -0.278889 0.377977 -0.108328
v -0.273653 0.389217 -0.105355
v -0.268897 0.403291 -0.102147
v -0.263752 0.419070 -0.097867
v -0.257686 0.435521 -0.093096
v -0.250451 0.451693 -0.088472
v -0.241672 0.467265 -0.084170
v -0.231022 0.481645 -0.080407
v -0.218434 0.494356 -0.076407
v -0.204717 0.505568 -0.072846
v -0.189580 0.514610 -0.069578
v -0.173485 0.521396 -0.066746
v -0.157796 0.527711 -0.063863
v -0.142086 0.533983 -0.060486
v -0.126104 0.540078 -0.056764
v -0.095970 0.553513 -0.046289
v -0.110053 0.546485 -0.053241
v -0.270697 0.371294 -0.118025
v -0.266430 0.383558 -0.114907
v -0.262261 0.398203 -0.111237
v -0.257764 0.414394 -0.106746
v -0.252445 0.431216 -0.101902
v -0.246055 0.447850 -0.097259
v -0.238152 0.464079 -0.093087
v -0.228084 0.479048 -0.089255
v -0.215550 0.491646 -0.084744
v -0.202055 0.503117 -0.080786
v -0.187149 0.512416 -0.077021
v -0.171335 0.519731 -0.073746
v -0.140339 0.533261 -0.066356
v -0.155856 0.526440 -0.070305
v -0.124492 0.539866 -0.062008
v -0.094797 0.554434 -0.050412
v -0.108503 0.546770 -0.057860
v -0.260683 0.363798 -0.124845
v -0.257498 0.377248 -0.122012
v -0.254363 0.392392 -0.118712
v -0.250740 0.409192 -0.114521
v -0.246430 0.426299 -0.109590
v -0.240263 0.443002 -0.104616
v -0.233189 0.459562 -0.100587
v -0.223994 0.475190 -0.097086
v -0.212155 0.488519 -0.092536
v -0.198952 0.500154 -0.088303
v -0.184263 0.509679 -0.084059
v -0.168723 0.517495 -0.080401
v -0.138199 0.532067 -0.072017
v -0.153526 0.524760 -0.076512
v -0.122532 0.539278 -0.067110
v -0.093271 0.555058 -0.054492
v -0.106664 0.546800 -0.062389
v -0.249478 0.355743 -0.128332
v -0.247443 0.370281 -0.126370
v -0.245513 0.386260 -0.123911
v -0.243920 0.403762 -0.121465
v -0.239606 0.420839 -0.116220
v -0.235265 0.438597 -0.112662
v -0.227475 0.454252 -0.106879
v -0.218727 0.470118 -0.103277
v -0.207910 0.484294 -0.099423
v -0.195232 0.496515 -0.095107
v -0.180954 0.506546 -0.090644
v -0.165724 0.514902 -0.086726
v -0.135695 0.530566 -0.077445
v -0.150768 0.522625 -0.082378
v -0.120210 0.538395 -0.072013
v -0.091413 0.555417 -0.058513
v -0.104477 0.546563 -0.066771
v -0.237769 0.347593 -0.129044
v -0.237100 0.363047 -0.128864
v -0.236706 0.379705 -0.127271
v -0.235905 0.397532 -0.125820
v -0.233988 0.415670 -0.123252
v -0.228645 0.432233 -0.117084
v -0.221434 0.448795 -0.112615
v -0.213782 0.465407 -0.109876
v -0.202909 0.479181 -0.104879
v -0.190937 0.492195 -0.101027
v -0.177244 0.503046 -0.096743
v -0.162428 0.512140 -0.092782
v -0.132837 0.528750 -0.082571
v -0.147686 0.520253 -0.087955
v -0.117546 0.537266 -0.076672
v -0.089301 0.555722 -0.062467
v -0.101990 0.546181 -0.070980
v -0.226087 0.339901 -0.126353
v -0.226664 0.355805 -0.128496
v -0.228075 0.372925 -0.130032
v -0.228599 0.390970 -0.129391
v -0.226627 0.408973 -0.126178
v -0.221843 0.426433 -0.122042
v -0.215152 0.443395 -0.117948
v -0.208542 0.460499 -0.115863
v -0.197693 0.473824 -0.109682
v -0.186219 0.487440 -0.106104
v -0.173254 0.499318 -0.102405
v -0.158716 0.508794 -0.098185
v -0.129686 0.526754 -0.087402
v -0.144393 0.517890 -0.093351
v -0.114592 0.536037 -0.081095
v -0.086898 0.555871 -0.066251
v -0.099199 0.545674 -0.074980
v -0.215662 0.333529 -0.119399
v -0.217440 0.348073 -0.127697
v -0.219965 0.365822 -0.130920
v -0.220903 0.384161 -0.130241
v -0.218998 0.402522 -0.128784
v -0.215130 0.420582 -0.126707
v -0.209979 0.438184 -0.124102
v -0.202871 0.453841 -0.118921
v -0.192333 0.468409 -0.114159
v -0.181313 0.482537 -0.110680
v -0.169084 0.495461 -0.107704
v -0.154757 0.504900 -0.102906
v -0.140903 0.515262 -0.098405
v -0.126358 0.524632 -0.092004
v -0.111427 0.534662 -0.085286
v -0.084210 0.555898 -0.069885
v -0.096232 0.545133 -0.078846
v -0.206142 0.326712 -0.112112
v -0.208949 0.342148 -0.121546
v -0.213056 0.359588 -0.125919
v -0.213300 0.377692 -0.129476
v -0.211642 0.396219 -0.131200
v -0.208727 0.414503 -0.130909
v -0.204533 0.432483 -0.129279
v -0.196943 0.447691 -0.122432
v -0.187108 0.463413 -0.119139
v -0.176261 0.477347 -0.114578
v -0.164290 0.490885 -0.111594
v -0.137090 0.511842 -0.102607
v -0.151009 0.501665 -0.108150
v -0.122984 0.522547 -0.096527
v -0.108128 0.533189 -0.089309
v -0.081356 0.555889 -0.073309
v -0.093104 0.544489 -0.082567
v -0.200089 0.323209 -0.100173
v -0.202811 0.338091 -0.112339
v -0.204940 0.354399 -0.121398
v -0.205401 0.371561 -0.128958
v -0.204913 0.389789 -0.132879
v -0.203318 0.408137 -0.135060
v -0.198736 0.425862 -0.132272
v -0.191035 0.442058 -0.126812
v -0.182048 0.458608 -0.124404
v -0.171174 0.472213 -0.118362
v -0.159214 0.486139 -0.114805
v -0.133185 0.508115 -0.106317
v -0.147498 0.499407 -0.113942
v -0.119524 0.520300 -0.100824
v -0.104738 0.531616 -0.093172
v -0.078364 0.555809 -0.076513
v -0.089799 0.543651 -0.086063
v -0.199078 0.323744 -0.086208
v -0.199136 0.335804 -0.102240
v -0.198896 0.350203 -0.115126
v -0.199033 0.365989 -0.126456
v -0.199779 0.382890 -0.135310
v -0.198367 0.401421 -0.139283
v -0.193044 0.419187 -0.134641
v -0.185092 0.436400 -0.130685
v -0.176904 0.453686 -0.129404
v -0.166063 0.467233 -0.122184
v -0.154222 0.481537 -0.118214
v -0.143891 0.496870 -0.119469
v -0.129377 0.504566 -0.110189
v -0.115910 0.517532 -0.104554
v -0.101304 0.529952 -0.096906
v -0.075237 0.555664 -0.079520
v -0.086445 0.542827 -0.089515
v -0.192164 0.324070 -0.074271
v -0.193583 0.318648 -0.051131
v -0.193780 0.329016 -0.096350
v -0.194037 0.341854 -0.114767
v -0.195332 0.357545 -0.127870
v -0.194922 0.374958 -0.137718
v -0.191867 0.394258 -0.139192
v -0.186378 0.412932 -0.136884
v -0.178746 0.430857 -0.134333
v -0.171280 0.448501 -0.133494
v -0.160907 0.462369 -0.125984
v -0.149280 0.476986 -0.121679
v -0.139678 0.493176 -0.123739
v -0.125763 0.501881 -0.114714
v -0.112217 0.514511 -0.107901
v -0.097847 0.528187 -0.100516
v -0.071987 0.555498 -0.082362
v -0.083084 0.541955 -0.092872
v -0.023541 0.517980 0.049236
v -0.029183 0.518867 0.046046
v -0.079022 0.558622 -0.026454
v 0.010839 0.568635 -0.087139
v 0.061478 0.566429 -0.065481
v -0.017474 0.516969 0.051489
v 0.079160 0.551440 -0.015845
v 0.078613 0.549605 -0.012801
v -0.078855 0.557109 -0.023097
v 0.006357 0.568705 -0.087408
v -0.011192 0.515966 0.052866
v 0.059163 0.566728 -0.067949
v 0.079430 0.553077 -0.019009
v -0.003146 0.568839 -0.087404
v 0.001798 0.568769 -0.087518
v -0.004831 0.515236 0.053615
v -0.078531 0.555518 -0.019794
v -0.059446 0.568626 -0.069941
v -0.056969 0.568974 -0.072376
v -0.008133 0.568918 -0.087189
v 0.001544 0.514872 0.053847
v 0.079533 0.554604 -0.022226
v -0.078010 0.553800 -0.016579
v -0.013084 0.568964 -0.086825
v -0.061854 0.568318 -0.067423
v 0.079497 0.556048 -0.025475
v -0.017949 0.568985 -0.086337
v 0.008432 0.514989 0.053377
v -0.077144 0.551806 -0.013554
v -0.064202 0.568037 -0.064847
v -0.022785 0.569089 -0.085822
v 0.015238 0.515510 0.052329
v -0.076198 0.549849 -0.010530
v -0.027515 0.569155 -0.085078
v -0.066494 0.567765 -0.062243
v 0.021877 0.516265 0.050447
v 0.079227 0.557486 -0.028775
v -0.032136 0.569151 -0.084079
v 0.028118 0.516887 0.047398
v -0.075139 0.547874 -0.007543
v -0.068648 0.567502 -0.059460
v -0.036667 0.569192 -0.082883
v 0.033969 0.517520 0.043727
v 0.078763 0.558823 -0.032106
v -0.073949 0.545873 -0.004605
v -0.041059 0.569211 -0.081413
v -0.070642 0.567123 -0.056545
v 0.039653 0.518477 0.039853
v 0.078125 0.560077 -0.035462
v -0.045352 0.569262 -0.079700
v 0.045075 0.519800 0.035715
v -0.072599 0.543871 -0.001743
v -0.072469 0.566629 -0.053501
v -0.049318 0.569438 -0.077922
v 0.050083 0.521293 0.031137
v 0.077294 0.561253 -0.038833
v -0.071101 0.541856 0.001035
v -0.053373 0.569292 -0.075299
v -0.074084 0.566075 -0.050297
v 0.054932 0.523599 0.026511
v 0.056833 0.567104 -0.070377
v 0.076180 0.562273 -0.042181
v -0.056969 0.568974 -0.072376
v 0.059483 0.526295 0.021705
v -0.069505 0.539859 0.003788
v -0.075451 0.565399 -0.046975
v 0.053828 0.567589 -0.073271
v 0.072111 0.537924 0.004131
v 0.070581 0.535965 0.006833
v 0.063664 0.529308 0.016759
v 0.074943 0.563173 -0.045483
v 0.050540 0.567853 -0.075758
v -0.067829 0.537902 0.006550
v -0.076618 0.564585 -0.043596
v 0.070581 0.535965 0.006833
v 0.067349 0.532551 0.011783
v 0.047122 0.568049 -0.077939
v 0.073552 0.563946 -0.048713
v -0.064645 0.534776 0.011306
v 0.073543 0.539907 0.001423
v -0.077582 0.563623 -0.040198
v 0.043481 0.568059 -0.079708
v -0.057319 0.528955 0.020710
v -0.061139 0.531757 0.015992
v 0.071865 0.564554 -0.051837
v 0.074854 0.541892 -0.001311
v 0.039738 0.568107 -0.081309
v -0.053224 0.526457 0.025360
v -0.078258 0.562566 -0.036737
v 0.035911 0.568216 -0.082713
v 0.070073 0.565176 -0.054834
v -0.048987 0.524419 0.030025
v 0.075987 0.543851 -0.004107
v 0.031987 0.568334 -0.083904
v -0.044564 0.522725 0.034593
v 0.068135 0.565650 -0.057695
v 0.076977 0.545788 -0.006959
v 0.027957 0.568435 -0.084897
v -0.039672 0.521108 0.038597
v -0.078705 0.561353 -0.033291
v 0.023818 0.568500 -0.085673
v 0.066032 0.565949 -0.060410
v -0.034488 0.519838 0.042401
v 0.077856 0.547709 -0.009854
v -0.078959 0.560030 -0.029862
v 0.019582 0.568528 -0.086255
v 0.063775 0.566181 -0.062971
v 0.015254 0.568567 -0.086726
v -0.029183 0.518867 0.046046
v -0.035052 0.503633 0.043455
v -0.034488 0.519838 0.042401
v 0.079430 0.553077 -0.019009
v 0.081918 0.538213 -0.022639
v 0.081811 0.536683 -0.019375
v -0.023541 0.517980 0.049236
v -0.029664 0.502697 0.047146
v 0.079533 0.554604 -0.022226
v 0.081874 0.539665 -0.025931
v -0.017474 0.516969 0.051489
v -0.023934 0.501849 0.050377
v 0.079497 0.556048 -0.025475
v 0.081580 0.541114 -0.029269
v -0.011192 0.515966 0.052866
v -0.017772 0.500886 0.052653
v 0.079227 0.557486 -0.028775
v 0.081085 0.542461 -0.032636
v -0.004831 0.515236 0.053615
v -0.011392 0.499937 0.054040
v 0.078763 0.558823 -0.032106
v 0.080405 0.543725 -0.036024
v 0.001544 0.514872 0.053847
v -0.004931 0.499254 0.054790
v 0.078125 0.560077 -0.035462
v 0.079523 0.544912 -0.039425
v 0.008538 0.499018 0.054545
v 0.001543 0.498915 0.055020
v 0.077294 0.561253 -0.038833
v 0.078354 0.545942 -0.042802
v 0.008432 0.514989 0.053377
v 0.015451 0.499501 0.053489
v 0.076180 0.562273 -0.042181
v 0.077058 0.546851 -0.046159
v 0.015238 0.515510 0.052329
v 0.022194 0.500210 0.051586
v 0.074943 0.563173 -0.045483
v 0.075606 0.547632 -0.049475
v 0.021877 0.516265 0.050447
v 0.028532 0.500795 0.048498
v 0.073552 0.563946 -0.048713
v 0.073856 0.548242 -0.052684
v 0.028118 0.516887 0.047398
v 0.034474 0.501396 0.044776
v 0.071865 0.564554 -0.051837
v 0.071985 0.548873 -0.055750
v 0.033969 0.517520 0.043727
v 0.040247 0.502313 0.040853
v 0.070073 0.565176 -0.054834
v 0.069964 0.549348 -0.058673
v 0.039653 0.518477 0.039853
v 0.045754 0.503592 0.036663
v 0.068135 0.565650 -0.057695
v 0.067782 0.549646 -0.061450
v 0.045075 0.519800 0.035715
v 0.050840 0.505043 0.032029
v 0.066032 0.565949 -0.060410
v 0.065445 0.549877 -0.064069
v 0.050083 0.521293 0.031137
v 0.055765 0.507316 0.027352
v 0.063775 0.566181 -0.062971
v 0.063064 0.550125 -0.066629
v 0.054932 0.523599 0.026511
v 0.060386 0.509980 0.022497
v 0.061478 0.566429 -0.065481
v 0.060661 0.550425 -0.069141
v 0.056833 0.567104 -0.070377
v 0.055121 0.551293 -0.074533
v 0.058240 0.550804 -0.071603
v 0.059483 0.526295 0.021705
v 0.064713 0.512971 0.017451
v 0.059163 0.566728 -0.067949
v 0.053828 0.567589 -0.073271
v 0.051733 0.551556 -0.077063
v 0.063664 0.529308 0.016759
v 0.068734 0.516190 0.012260
v -0.059446 0.568626 -0.069941
v -0.058169 0.552723 -0.073456
v -0.056969 0.568974 -0.072376
v 0.050540 0.567853 -0.075758
v 0.048219 0.551747 -0.079284
v 0.067349 0.532551 0.011783
v 0.072277 0.519584 0.007105
v -0.061854 0.568318 -0.067423
v -0.060713 0.552371 -0.070980
v 0.047122 0.568049 -0.077939
v 0.044490 0.551746 -0.081098
v -0.064202 0.568037 -0.064847
v -0.063185 0.552059 -0.068414
v 0.043481 0.568059 -0.079708
v 0.040657 0.551783 -0.082738
v -0.066494 0.567765 -0.062243
v -0.065596 0.551775 -0.065784
v 0.039738 0.568107 -0.081309
v 0.036737 0.551884 -0.084171
v -0.068648 0.567502 -0.059460
v -0.067949 0.551502 -0.063122
v 0.035911 0.568216 -0.082713
v 0.032718 0.551993 -0.085386
v -0.070642 0.567123 -0.056545
v -0.070159 0.551236 -0.060273
v 0.031987 0.568334 -0.083904
v 0.028593 0.552086 -0.086399
v -0.072469 0.566629 -0.053501
v -0.072207 0.550854 -0.057289
v 0.027957 0.568435 -0.084897
v 0.024361 0.552141 -0.087194
v -0.074084 0.566075 -0.050297
v -0.074084 0.550354 -0.054169
v 0.023818 0.568500 -0.085673
v 0.020029 0.552158 -0.087792
v -0.075451 0.565399 -0.046975
v -0.075741 0.549795 -0.050880
v 0.019582 0.568528 -0.086255
v 0.015605 0.552187 -0.088276
v -0.076618 0.564585 -0.043596
v -0.077147 0.549110 -0.047488
v 0.015254 0.568567 -0.086726
v 0.011091 0.552249 -0.088696
v -0.077582 0.563623 -0.040198
v -0.078350 0.548288 -0.044068
v 0.010839 0.568635 -0.087139
v 0.006500 0.552314 -0.088970
v -0.078258 0.562566 -0.036737
v -0.079347 0.547313 -0.040632
v 0.006357 0.568705 -0.087408
v 0.001818 0.552378 -0.089085
v -0.078705 0.561353 -0.033291
v -0.080050 0.546244 -0.037131
v 0.001798 0.568769 -0.087518
v -0.003259 0.552453 -0.088953
v -0.078959 0.560030 -0.029862
v -0.080520 0.545020 -0.033645
v -0.003146 0.568839 -0.087404
v -0.008358 0.552543 -0.088718
v -0.079022 0.558622 -0.026454
v -0.080792 0.543685 -0.030176
v -0.008133 0.568918 -0.087189
v -0.013406 0.552602 -0.088335
v -0.078855 0.557109 -0.023097
v -0.080866 0.542266 -0.026725
v -0.017949 0.568985 -0.086337
v -0.013084 0.568964 -0.086825
v -0.078531 0.555518 -0.019794
v -0.080703 0.540743 -0.023323
v -0.023295 0.552755 -0.087281
v -0.018366 0.552635 -0.087826
v -0.078010 0.553800 -0.016579
v -0.080375 0.539147 -0.019974
v -0.027515 0.569155 -0.085078
v -0.022785 0.569089 -0.085822
v -0.077144 0.551806 -0.013554
v -0.079843 0.537423 -0.016711
v -0.032136 0.569151 -0.084079
v -0.028117 0.552836 -0.086504
v -0.076198 0.549849 -0.010530
v -0.078960 0.535416 -0.013644
v -0.036667 0.569192 -0.082883
v -0.032829 0.552844 -0.085473
v -0.075139 0.547874 -0.007543
v -0.077986 0.533450 -0.010568
v -0.041059 0.569211 -0.081413
v -0.037449 0.552899 -0.084237
v -0.073949 0.545873 -0.004605
v -0.076888 0.531471 -0.007525
v -0.045352 0.569262 -0.079700
v -0.041926 0.552930 -0.082722
v -0.072599 0.543871 -0.001743
v -0.075649 0.529469 -0.004525
v -0.050345 0.553185 -0.079116
v -0.046304 0.552994 -0.080957
v -0.071101 0.541856 0.001035
v -0.074240 0.527468 -0.001597
v -0.053373 0.569292 -0.075299
v -0.049318 0.569438 -0.077922
v -0.069505 0.539859 0.003788
v -0.072673 0.525455 0.001251
v -0.054487 0.553043 -0.076435
v -0.067829 0.537902 0.006550
v -0.070998 0.523456 0.004081
v 0.070581 0.535965 0.006833
v 0.073952 0.521524 0.004303
v -0.064645 0.534776 0.011306
v -0.069234 0.521513 0.006926
v 0.072111 0.537924 0.004131
v 0.075510 0.523506 0.001504
v -0.061139 0.531757 0.015992
v -0.065873 0.518401 0.011842
v 0.073543 0.539907 0.001423
v 0.076930 0.525486 -0.001313
v -0.057319 0.528955 0.020710
v -0.062174 0.515396 0.016695
v 0.074854 0.541892 -0.001311
v 0.078155 0.527441 -0.004185
v -0.053224 0.526457 0.025360
v -0.058239 0.512605 0.021511
v 0.075987 0.543851 -0.004107
v 0.079220 0.529377 -0.007106
v -0.048987 0.524419 0.030025
v -0.054081 0.510122 0.026211
v 0.076977 0.545788 -0.006959
v 0.080156 0.531300 -0.010064
v -0.044564 0.522725 0.034593
v -0.049777 0.508107 0.030931
v 0.077856 0.547709 -0.009854
v 0.080954 0.533202 -0.013066
v -0.039672 0.521108 0.038597
v -0.045285 0.506446 0.035553
v 0.078613 0.549605 -0.012801
v 0.081526 0.535043 -0.016160
v -0.040317 0.504864 0.039605
v 0.079160 0.551440 -0.015845
v 0.001606 0.532130 -0.029543
v -0.004768 -0.050265 -0.161912
v 0.015591 -0.050002 -0.159496
v -0.004699 -0.049980 -0.159485
v 0.190017 -0.032821 -0.009965
v 0.187639 -0.035429 -0.029725
v 0.023265 -0.017809 0.138480
v 0.043362 -0.018463 0.133894
v 0.044082 -0.018230 0.136288
v -0.025725 -0.049391 -0.159449
v -0.026139 -0.049667 -0.161876
v -0.187344 -0.025405 0.029593
v 0.182881 -0.038087 -0.049076
v 0.063651 -0.018882 0.130079
v 0.064705 -0.018656 0.132411
v -0.046691 -0.048310 -0.159375
v -0.047450 -0.048567 -0.161801
v -0.181585 -0.023477 0.048815
v 0.176211 -0.040633 -0.067907
v 0.083528 -0.019442 0.124413
v 0.084909 -0.019226 0.126651
v -0.067549 -0.047073 -0.158105
v -0.068651 -0.047310 -0.160509
v -0.173139 -0.021803 0.066887
v 0.167779 -0.042911 -0.086139
v 0.103106 -0.020007 0.117579
v 0.104808 -0.019800 0.119705
v -0.088073 -0.045962 -0.154237
v -0.089512 -0.046181 -0.156578
v -0.161874 -0.020544 0.083317
v 0.160320 -0.044887 -0.105149
v 0.157720 -0.044689 -0.103640
v 0.122414 -0.020625 0.109779
v 0.124434 -0.020428 0.111777
v -0.107750 -0.045047 -0.147326
v -0.109513 -0.045251 -0.149553
v -0.147256 -0.019951 0.096865
v 0.145441 -0.045865 -0.119720
v 0.140873 -0.021190 0.099945
v 0.143196 -0.021002 0.101781
v -0.125547 -0.044403 -0.136362
v -0.127602 -0.044597 -0.138409
v -0.130365 -0.019671 0.107329
v 0.130784 -0.046489 -0.133659
v 0.157038 -0.022035 0.086684
v 0.159627 -0.021861 0.088302
v -0.141677 -0.043437 -0.123001
v -0.143997 -0.043615 -0.124829
v -0.112181 -0.019348 0.115165
v 0.113934 -0.046750 -0.144843
v 0.170045 -0.023564 0.070282
v 0.172848 -0.023415 0.071630
v -0.155112 -0.042011 -0.106921
v -0.157653 -0.042166 -0.108484
v -0.093583 -0.019025 0.121565
v 0.095572 -0.047131 -0.152630
v 0.179936 -0.025588 0.051788
v 0.182901 -0.025472 0.052833
v -0.165902 -0.040169 -0.088992
v -0.168620 -0.040293 -0.090261
v -0.074842 -0.018665 0.127393
v 0.075992 -0.047753 -0.156982
v 0.186596 -0.027897 0.031840
v 0.189671 -0.027819 0.032557
v -0.174811 -0.037878 -0.070133
v -0.177676 -0.037964 -0.071092
v -0.055844 -0.018304 0.132087
v 0.056019 -0.048544 -0.159245
v 0.192911 -0.030242 0.011417
v 0.189784 -0.030281 0.011042
v -0.181980 -0.035326 -0.050652
v -0.184962 -0.035370 -0.051290
v -0.036542 -0.018083 0.135049
v 0.035850 -0.049492 -0.159482
v 0.193148 -0.032824 -0.009935
v 0.190017 -0.032821 -0.009965
v -0.187085 -0.032693 -0.030553
v -0.190151 -0.032694 -0.030862
v -0.017086 -0.017900 0.136542
v -0.189860 -0.030048 -0.010010
v -0.192972 -0.030006 -0.009981
v 0.002355 -0.017859 0.136884
v -0.192972 -0.030006 -0.009981
v -0.189877 -0.027659 0.009909
v 0.022881 -0.018049 0.136051
v 0.122414 -0.020625 0.109779
v 0.133489 -0.000592 0.094110
v 0.140873 -0.021190 0.099945
v 0.103106 -0.020007 0.117579
v 0.115995 -0.000057 0.103431
v -0.088073 -0.045962 -0.154237
v -0.102149 -0.023202 -0.140247
v -0.107750 -0.045047 -0.147326
v 0.083528 -0.019442 0.124413
v 0.097695 0.000529 0.110823
v -0.067549 -0.047073 -0.158105
v -0.083499 -0.024070 -0.146797
v 0.063651 -0.018882 0.130079
v 0.079139 0.001065 0.117300
v -0.046691 -0.048310 -0.159375
v -0.064047 -0.025123 -0.150463
v 0.043362 -0.018463 0.133894
v 0.060301 0.001596 0.122670
v -0.025725 -0.049391 -0.159449
v -0.044278 -0.026295 -0.151667
v -0.004699 -0.049980 -0.159485
v 0.014751 -0.027899 -0.151781
v -0.004480 -0.027878 -0.151771
v 0.022881 -0.018049 0.136051
v 0.041071 0.001993 0.126286
v -0.024407 -0.027320 -0.151737
v 0.015591 -0.050002 -0.159496
v 0.033951 -0.027416 -0.151768
v 0.002355 -0.017859 0.136884
v 0.021660 0.002386 0.128330
v -0.016220 0.002526 0.128795
v 0.002206 0.002566 0.129120
v 0.035850 -0.049492 -0.159482
v 0.053067 -0.026517 -0.151544
v -0.017086 -0.017900 0.136542
v -0.034660 0.002353 0.127381
v 0.056019 -0.048544 -0.159245
v 0.071997 -0.025767 -0.149399
v -0.036542 -0.018083 0.135049
v -0.052953 0.002144 0.124573
v 0.075992 -0.047753 -0.156982
v 0.090555 -0.025178 -0.145274
v -0.055844 -0.018304 0.132087
v -0.070960 0.001802 0.120125
v 0.095572 -0.047131 -0.152630
v 0.107958 -0.024817 -0.137894
v -0.074842 -0.018665 0.127393
v -0.088721 0.001460 0.114600
v 0.113934 -0.046750 -0.144843
v 0.123928 -0.024569 -0.127294
v -0.093583 -0.019025 0.121565
v -0.106348 0.001154 0.108535
v 0.130784 -0.046489 -0.133659
v 0.137819 -0.023978 -0.114083
v -0.112181 -0.019348 0.115165
v -0.123583 0.000848 0.101108
v 0.157720 -0.044689 -0.103640
v 0.145441 -0.045865 -0.119720
v -0.130365 -0.019671 0.107329
v -0.139592 0.000582 0.091191
v 0.167779 -0.042911 -0.086139
v 0.149456 -0.022863 -0.098843
v -0.147256 -0.019951 0.096865
v -0.153446 0.000021 0.078350
v 0.176211 -0.040633 -0.067907
v 0.158991 -0.021178 -0.082256
v -0.161874 -0.020544 0.083317
v -0.164123 -0.001172 0.062778
v 0.182881 -0.038087 -0.049076
v 0.166982 -0.019020 -0.064976
v -0.173139 -0.021803 0.066887
v -0.172127 -0.002759 0.045650
v 0.187639 -0.035429 -0.029725
v 0.173303 -0.016606 -0.047128
v -0.181585 -0.023477 0.048815
v -0.177586 -0.004587 0.027432
v 0.190017 -0.032821 -0.009965
v 0.177813 -0.014087 -0.028788
v -0.187344 -0.025405 0.029593
v -0.179986 -0.006723 0.008776
v -0.189860 -0.030048 -0.010010
v -0.177340 -0.011493 -0.029573
v -0.179971 -0.008987 -0.010103
v -0.189877 -0.027659 0.009909
v -0.187085 -0.032693 -0.030553
v -0.172502 -0.013989 -0.048622
v 0.189784 -0.030281 0.011042
v 0.180067 -0.011615 -0.010060
v -0.181980 -0.035326 -0.050652
v -0.165708 -0.016408 -0.067085
v 0.186596 -0.027897 0.031840
v 0.179846 -0.009208 0.009850
v -0.174811 -0.037878 -0.070133
v -0.157264 -0.018579 -0.084960
v 0.179936 -0.025588 0.051788
v 0.176825 -0.006949 0.029562
v -0.165902 -0.040169 -0.088992
v -0.147037 -0.020326 -0.101952
v 0.170045 -0.023564 0.070282
v 0.170513 -0.004760 0.048468
v -0.155112 -0.042011 -0.106921
v -0.134304 -0.021677 -0.117193
v 0.157038 -0.022035 0.086684
v 0.161138 -0.002842 0.065996
v -0.125547 -0.044403 -0.136362
v -0.141677 -0.043437 -0.123001
v 0.148811 -0.001393 0.081542
v -0.119016 -0.022592 -0.129855
v -0.000500 -0.011434 -0.011784
v 0.509433 -0.036114 -0.091760
v 0.500632 -0.040969 -0.088438
v 0.525315 -0.012980 0.001989
v 0.533804 -0.010765 -0.004415
v 0.527292 -0.026641 -0.086112
v 0.549264 -0.009744 -0.042851
v 0.547964 -0.012006 -0.053037
v 0.495444 -0.022833 0.007634
v 0.505470 -0.018632 0.008986
v 0.493707 -0.044318 -0.081178
v 0.489145 -0.045583 -0.071531
v 0.540855 -0.009065 -0.012550
v 0.545916 -0.008030 -0.021920
v 0.483769 -0.032376 -0.007683
v 0.515712 -0.015620 0.006509
v 0.487370 -0.044607 -0.061013
v 0.486106 -0.042619 -0.050342
v 0.534578 -0.022409 -0.079749
v 0.548737 -0.008300 -0.032309
v 0.482506 -0.035831 -0.018051
v 0.518687 -0.031223 -0.090286
v 0.544761 -0.015094 -0.062709
v 0.484590 -0.039897 -0.039659
v 0.540065 -0.018746 -0.071443
v 0.549654 -0.007839 -0.032076
v 0.483518 -0.038163 -0.028750
v 0.487809 -0.027766 0.001406
v 0.518687 -0.031223 -0.090286
v 0.506312 -0.022519 -0.083602
v 0.509433 -0.036114 -0.091760
v 0.495444 -0.022833 0.007634
v 0.488173 -0.015517 -0.005448
v 0.494578 -0.011378 -0.000224
v 0.545916 -0.008030 -0.021920
v 0.539283 0.000813 -0.033730
v 0.548737 -0.008300 -0.032309
v 0.527292 -0.026641 -0.086112
v 0.514075 -0.018417 -0.082365
v 0.487809 -0.027766 0.001406
v 0.484784 -0.019384 -0.013073
v 0.484590 -0.039897 -0.039659
v 0.486744 -0.027977 -0.048858
v 0.485473 -0.025693 -0.039896
v 0.532671 0.000171 -0.017155
v 0.536916 0.001039 -0.025016
v 0.534578 -0.022409 -0.079749
v 0.521294 -0.014573 -0.078864
v 0.483769 -0.032376 -0.007683
v 0.483724 -0.022282 -0.021771
v 0.486106 -0.042619 -0.050342
v 0.487804 -0.029644 -0.057809
v 0.540855 -0.009065 -0.012550
v 0.526756 -0.001255 -0.010331
v 0.540065 -0.018746 -0.071443
v 0.527405 -0.011023 -0.073526
v 0.482506 -0.035831 -0.018051
v 0.484573 -0.024238 -0.030746
v 0.487370 -0.044607 -0.061013
v 0.489294 -0.030463 -0.066633
v 0.533804 -0.010765 -0.004415
v 0.519635 -0.003114 -0.004959
v 0.544761 -0.015094 -0.062709
v 0.532009 -0.007951 -0.066559
v 0.483518 -0.038163 -0.028750
v 0.489145 -0.045583 -0.071531
v 0.493120 -0.029402 -0.074725
v 0.525315 -0.012980 0.001989
v 0.511579 -0.005328 -0.001168
v 0.547964 -0.012006 -0.053037
v 0.535948 -0.004886 -0.059232
v 0.493707 -0.044318 -0.081178
v 0.498929 -0.026592 -0.080816
v 0.515712 -0.015620 0.006509
v 0.502988 -0.007855 0.000911
v 0.549264 -0.009744 -0.042851
v 0.538635 -0.002296 -0.051118
v 0.500632 -0.040969 -0.088438
v 0.505470 -0.018632 0.008986
v 0.539725 -0.000398 -0.042574
v -0.518593 -0.029569 -0.090172
v -0.527172 -0.024943 -0.085979
v -0.482059 -0.034683 -0.018972
v -0.482995 -0.037052 -0.029679
v -0.540285 -0.008462 -0.012091
v -0.485139 -0.041400 -0.051346
v -0.488258 -0.044175 -0.072577
v -0.539809 -0.017230 -0.071095
v -0.544474 -0.013701 -0.062300
v -0.515166 -0.015660 0.006907
v -0.509327 -0.034441 -0.091884
v -0.548259 -0.007424 -0.031785
v -0.487153 -0.027118 0.000699
v -0.483206 -0.031300 -0.008660
v -0.483892 -0.038786 -0.040629
v -0.534322 -0.020802 -0.079408
v -0.533299 -0.010443 -0.004008
v -0.492990 -0.042697 -0.082050
v -0.547553 -0.010759 -0.052616
v -0.504832 -0.018704 0.009265
v -0.545394 -0.007331 -0.021490
v -0.486227 -0.043367 -0.062021
v -0.524823 -0.012883 0.002418
v -0.500296 -0.039226 -0.089019
v -0.548813 -0.008669 -0.042322
v -0.494679 -0.022666 0.007385
v -0.487153 -0.027118 0.000699
v -0.492521 -0.010127 -0.002975
v -0.486422 -0.013734 -0.008394
v -0.518593 -0.029569 -0.090172
v -0.504391 -0.019669 -0.083419
v -0.511900 -0.015721 -0.082032
v -0.548813 -0.008669 -0.042322
v -0.535940 0.002224 -0.034717
v -0.548259 -0.007424 -0.031785
v -0.482059 -0.034683 -0.018972
v -0.483223 -0.017123 -0.015977
v -0.482294 -0.019865 -0.024334
v -0.494679 -0.022666 0.007385
v -0.500749 -0.006916 -0.001452
v -0.509327 -0.034441 -0.091884
v -0.497073 -0.023547 -0.081098
v -0.535368 -0.000478 -0.051598
v -0.536389 0.001216 -0.043256
v -0.482995 -0.037052 -0.029679
v -0.483053 -0.021785 -0.033010
v -0.515166 -0.015660 0.006907
v -0.504832 -0.018704 0.009265
v -0.492990 -0.042697 -0.082050
v -0.500296 -0.039226 -0.089019
v -0.547553 -0.010759 -0.052616
v -0.532873 -0.002862 -0.059445
v -0.483780 -0.023190 -0.041884
v -0.483892 -0.038786 -0.040629
v -0.524823 -0.012883 0.002418
v -0.509123 -0.004450 -0.003363
v -0.488258 -0.044175 -0.072577
v -0.491153 -0.026359 -0.075450
v -0.544474 -0.013701 -0.062300
v -0.529093 -0.005722 -0.066573
v -0.533299 -0.010443 -0.004008
v -0.516949 -0.002199 -0.007000
v -0.486227 -0.043367 -0.062021
v -0.487318 -0.027557 -0.067773
v -0.539809 -0.017230 -0.071095
v -0.524646 -0.008617 -0.073309
v -0.540285 -0.008462 -0.012091
v -0.523818 -0.000222 -0.012208
v -0.485139 -0.041400 -0.051346
v -0.485671 -0.026902 -0.059219
v -0.534322 -0.020802 -0.079408
v -0.518852 -0.011972 -0.078634
v -0.545394 -0.007331 -0.021490
v -0.529479 0.001383 -0.018757
v -0.484790 -0.025309 -0.050569
v -0.483206 -0.031300 -0.008660
v -0.527172 -0.024943 -0.085979
v -0.533618 0.002300 -0.026374
v 0.510093 -0.013852 -0.041126
v -0.507711 -0.011816 -0.042416
v 0.015678 -0.030577 -0.159432
v 0.035870 -0.030079 -0.159301
v 0.056047 -0.029189 -0.158751
v 0.076161 -0.028313 -0.156875
v 0.096044 -0.027570 -0.153250
v 0.115216 -0.027099 -0.146732
v 0.132323 -0.026884 -0.135926
v 0.147259 -0.026271 -0.122292
v 0.159620 -0.025069 -0.106400
v 0.169337 -0.023306 -0.088812
v 0.177302 -0.021043 -0.070457
v 0.183425 -0.018531 -0.051462
v 0.187536 -0.015943 -0.031948
v 0.189571 -0.013368 -0.012131
v -0.017273 0.002166 0.137002
v -0.036932 0.001943 0.135084
v -0.056516 0.001751 0.132349
v -0.075805 0.001409 0.127911
v -0.094740 0.001050 0.122130
v -0.113376 0.000691 0.115568
v -0.130839 0.000150 0.106380
v -0.146990 -0.000383 0.094939
v -0.160979 -0.001178 0.080929
v -0.172338 -0.002400 0.064662
v -0.180591 -0.004119 0.046590
v -0.186156 -0.006077 0.027517
v -0.188760 -0.008312 0.007806
v -0.189176 -0.010612 -0.012097
v 0.537593 0.003997 -0.055526
v 0.488486 -0.007733 0.000374
v -0.483089 -0.038792 -0.040682
v 0.189571 -0.013368 -0.012131
v -0.189176 -0.010612 -0.012097
v 0.069147 0.553768 -0.083559
v -0.068689 0.555335 -0.085053
v 0.088354 0.525550 0.011116
v -0.092354 0.535603 -0.003492
v -0.085289 0.527378 0.010617
v 0.071841 0.535809 0.007418
v 0.069147 0.553768 -0.083559
v -0.068689 0.555335 -0.085053
v 0.056833 0.567104 -0.070377
v -0.067829 0.537902 0.006550
v -0.189860 -0.030048 -0.010010
v 0.484590 -0.039897 -0.039659
v -0.483892 -0.038786 -0.040629
vn -0.0122 -0.0763 0.9970
vn -0.0698 -0.0031 0.9976
vn 0.0021 -0.0329 0.9995
vn -0.1126 -0.0228 0.9934
vn -0.1253 0.0491 0.9909
vn -0.1688 0.0327 0.9851
vn -0.1906 0.0812 0.9783
vn -0.2001 0.0552 0.9782
vn -0.2588 0.0723 0.9632
vn -0.2236 0.0393 0.9739
vn -0.3016 0.0239 0.9531
vn -0.2536 0.0116 0.9673
vn -0.4042 -0.0046 0.9147
vn -0.6042 0.0434 0.7957
vn -0.5317 0.0857 0.8426
vn -0.7033 0.1242 0.6999
vn -0.6380 0.1881 0.7467
vn -0.7846 0.1423 0.6035
vn -0.7537 0.2339 0.6142
vn -0.8622 0.1597 0.4806
vn -0.8498 0.2395 0.4695
vn -0.9307 0.1385 0.3387
vn -0.9223 0.2164 0.3203
vn -0.9800 0.1273 0.1527
vn -0.9600 0.2191 0.1743
vn -0.9840 0.1755 0.0300
vn -0.9738 0.2226 0.0457
vn -0.9756 0.2027 -0.0842
vn -0.9756 0.2068 -0.0733
vn -0.0333 0.0623 0.9975
vn -0.1339 0.0811 0.9877
vn -0.1751 0.0798 0.9813
vn -0.1981 0.0791 0.9770
vn -0.2288 0.0928 0.9690
vn -0.2840 0.1339 0.9494
vn -0.4244 0.0178 0.9053
vn -0.4230 0.1678 0.8905
vn -0.6040 0.1402 0.7846
vn -0.7073 0.1071 0.6988
vn -0.7942 0.1315 0.5932
vn -0.8674 0.1485 0.4750
vn -0.9239 0.1323 0.3591
vn -0.9950 0.0970 -0.0242
vn -0.0318 0.1292 0.9911
vn -0.1246 0.1072 0.9864
vn -0.1693 0.0880 0.9816
vn -0.2029 0.0868 0.9753
vn -0.2437 0.0903 0.9656
vn -0.3087 0.1043 0.9454
vn -0.4239 0.1072 0.8993
vn -0.5841 0.0771 0.8080
vn -0.7328 0.1408 0.6657
vn -0.8131 0.2357 0.5323
vn -0.8536 0.2045 0.4790
vn -0.9156 0.1813 0.3588
vn -0.9875 0.1001 0.1215
vn -0.9737 0.1747 0.1461
vn -0.9902 0.1393 0.0126
vn -0.9913 0.0887 -0.0975
vn -0.0229 0.0907 0.9956
vn -0.1118 0.0693 0.9913
vn -0.1640 0.0509 0.9852
vn -0.2043 0.0448 0.9779
vn -0.2519 0.0455 0.9667
vn -0.3147 0.0505 0.9478
vn -0.4125 0.0272 0.9106
vn -0.6363 0.0841 0.7669
vn -0.7949 0.2291 0.5618
vn -0.8024 0.2097 0.5588
vn -0.8442 0.1478 0.5153
vn -0.9295 0.1635 0.3305
vn -0.9559 0.2843 0.0741
vn -0.9366 0.3497 -0.0233
vn -0.9927 0.1027 -0.0640
vn -0.0164 0.0554 0.9983
vn -0.1036 0.0417 0.9937
vn -0.1599 0.0305 0.9867
vn -0.2051 0.0258 0.9784
vn -0.2586 0.0309 0.9655
vn -0.3056 0.0232 0.9519
vn -0.4351 0.0195 0.9002
vn -0.7252 0.1735 0.6663
vn -0.8011 0.1894 0.5678
vn -0.7776 0.0997 0.6208
vn -0.8570 0.0936 0.5068
vn -0.9457 0.2840 0.1581
vn -0.9264 0.3743 -0.0414
vn -0.9380 0.3459 -0.0229
vn -0.9361 0.3498 -0.0373
vn -0.0101 0.0442 0.9990
vn -0.0970 0.0328 0.9947
vn -0.1556 0.0230 0.9876
vn -0.2074 0.0197 0.9781
vn -0.2589 0.0233 0.9656
vn -0.2924 0.0009 0.9563
vn -0.5227 0.0610 0.8503
vn -0.7698 0.1876 0.6101
vn -0.7540 0.0886 0.6508
vn -0.7671 0.0334 0.6406
vn -0.9220 0.1851 0.3402
vn -0.9454 0.3249 0.0264
vn -0.9785 0.1997 0.0514
vn -0.9904 0.1286 0.0506
vn -0.9684 0.2415 0.0616
vn -0.0040 0.0404 0.9992
vn -0.0904 0.0292 0.9955
vn -0.1515 0.0198 0.9883
vn -0.2100 0.0173 0.9775
vn -0.2490 0.0144 0.9684
vn -0.3043 -0.0059 0.9526
vn -0.6143 0.1188 0.7801
vn -0.7540 0.1345 0.6430
vn -0.7040 0.0235 0.7098
vn -0.8204 0.0491 0.5696
vn -0.9547 0.2418 0.1734
vn -0.9779 0.1374 0.1576
vn -0.9920 0.0459 0.1179
vn -0.9861 -0.0141 0.1654
vn -0.9641 0.0059 0.2655
vn 0.0014 0.0381 0.9993
vn -0.0834 0.0273 0.9961
vn -0.1475 0.0172 0.9889
vn -0.2107 0.0143 0.9774
vn -0.2326 0.0049 0.9726
vn -0.3634 0.0209 0.9314
vn -0.6668 0.1380 0.7324
vn -0.6988 0.0631 0.7125
vn -0.6833 -0.0053 0.7301
vn -0.8999 0.1144 0.4208
vn -0.9689 0.1588 0.1899
vn -0.9627 0.0143 0.2703
vn -0.9922 0.0217 0.1226
vn -0.9422 -0.0864 0.3237
vn -0.9241 -0.1411 0.3551
vn 0.0064 0.0363 0.9993
vn -0.0763 0.0259 0.9968
vn -0.1434 0.0152 0.9895
vn -0.2084 0.0114 0.9780
vn -0.2283 0.0039 0.9736
vn -0.4320 0.0603 0.8999
vn -0.6663 0.1071 0.7379
vn -0.6415 0.0046 0.7671
vn -0.7269 -0.0098 0.6867
vn -0.9380 0.1400 0.3170
vn -0.9464 0.0418 0.3204
vn -0.9654 -0.0032 0.2607
vn -0.9826 -0.0162 0.1848
vn -0.8939 -0.1149 0.4333
vn -0.9326 -0.1532 0.3267
vn 0.0114 0.0355 0.9993
vn -0.0687 0.0253 0.9973
vn -0.1390 0.0136 0.9902
vn -0.2034 0.0084 0.9791
vn -0.2496 0.0073 0.9683
vn -0.4832 0.0649 0.8731
vn -0.6346 0.0609 0.7704
vn -0.5910 -0.0324 0.8060
vn -0.8097 0.0238 0.5863
vn -0.9452 0.0993 0.3111
vn -0.9175 -0.0107 0.3977
vn -0.9716 -0.0063 0.2364
vn -0.9611 -0.0467 0.2723
vn -0.8632 -0.1150 0.4916
vn -0.9666 -0.1197 0.2268
vn 0.0155 0.0342 0.9993
vn -0.0609 0.0247 0.9978
vn -0.1337 0.0123 0.9909
vn -0.1970 0.0058 0.9804
vn -0.2738 0.0009 0.9618
vn -0.5130 0.0386 0.8575
vn -0.5983 0.0163 0.8011
vn -0.5866 -0.0534 0.8081
vn -0.8690 0.0766 0.4888
vn -0.9205 0.0299 0.3896
vn -0.9156 -0.0186 0.4016
vn -0.9709 -0.0139 0.2390
vn -0.9327 -0.0666 0.3544
vn -0.8754 -0.0831 0.4762
vn -0.9953 -0.0752 0.0602
vn 0.0179 0.0327 0.9993
vn -0.0530 0.0246 0.9983
vn -0.1275 0.0119 0.9918
vn -0.1901 0.0041 0.9818
vn -0.2918 0.0028 0.9565
vn -0.5244 0.0428 0.8504
vn -0.5417 -0.0191 0.8404
vn -0.6522 -0.0206 0.7578
vn -0.8920 0.0777 0.4453
vn -0.8894 -0.0115 0.4569
vn -0.9250 -0.0096 0.3799
vn -0.9629 -0.0257 0.2688
vn -0.9091 -0.0739 0.4100
vn -0.9224 -0.0337 0.3847
vn -0.9963 -0.0177 -0.0836
vn 0.0179 0.0317 0.9993
vn -0.0451 0.0248 0.9987
vn -0.1204 0.0113 0.9927
vn -0.1853 0.0035 0.9827
vn -0.3177 0.0199 0.9480
vn -0.5129 0.0352 0.8577
vn -0.5071 -0.0276 0.8615
vn -0.7183 0.0494 0.6940
vn -0.8767 0.0328 0.4799
vn -0.8836 -0.0058 0.4681
vn -0.9283 -0.0018 0.3720
vn -0.9485 -0.0403 0.3141
vn -0.9067 -0.0616 0.4172
vn -0.9631 0.0071 0.2691
vn -0.9932 0.0140 -0.1151
vn 0.0151 0.0303 0.9994
vn -0.0372 0.0249 0.9990
vn -0.1124 0.0112 0.9936
vn -0.1881 0.0062 0.9821
vn -0.3388 0.0345 0.9402
vn -0.4815 0.0098 0.8764
vn -0.5377 0.0028 0.8432
vn -0.7450 0.0884 0.6612
vn -0.8522 0.0262 0.5225
vn -0.8859 0.0112 0.4638
vn -0.9225 -0.0039 0.3859
vn -0.9350 -0.0408 0.3523
vn -0.9232 -0.0305 0.3830
vn -0.9791 0.0233 0.2018
vn -0.9996 -0.0090 -0.0281
vn 0.0089 0.0280 0.9996
vn -0.0299 0.0247 0.9993
vn -0.1043 0.0204 0.9943
vn -0.1980 0.0249 0.9799
vn -0.3401 0.0454 0.9393
vn -0.4593 0.0248 0.8880
vn -0.5834 0.0501 0.8107
vn -0.7478 0.0756 0.6597
vn -0.8390 0.0291 0.5434
vn -0.8832 -0.0000 0.4690
vn -0.9162 -0.0227 0.4001
vn -0.9310 -0.0397 0.3628
vn -0.9433 -0.0166 0.3316
vn -0.9744 -0.0237 0.2234
vn -0.9920 -0.0633 0.1096
vn 0.0030 0.0289 0.9996
vn -0.0269 0.0316 0.9991
vn -0.1007 0.0440 0.9939
vn -0.2042 0.0603 0.9771
vn -0.3299 0.0663 0.9417
vn -0.4569 0.0595 0.8875
vn -0.6030 0.0584 0.7956
vn -0.7449 0.0264 0.6667
vn -0.8332 -0.0183 0.5526
vn -0.8797 -0.0592 0.4718
vn -0.9157 -0.0757 0.3947
vn -0.9350 -0.0821 0.3450
vn -0.9495 -0.0941 0.2994
vn -0.9527 -0.1556 0.2609
vn -0.9704 -0.1181 0.2105
vn 0.0011 0.0445 0.9990
vn -0.0267 0.0604 0.9978
vn -0.1025 0.0794 0.9916
vn -0.2037 0.0982 0.9741
vn -0.3155 0.0834 0.9452
vn -0.4596 0.0508 0.8867
vn -0.6029 0.0030 0.7978
vn -0.7445 -0.0672 0.6642
vn -0.8271 -0.1293 0.5470
vn -0.8796 -0.1571 0.4491
vn -0.9158 -0.1645 0.3664
vn -0.9250 -0.1949 0.3260
vn -0.9058 -0.3006 0.2985
vn -0.7539 -0.5969 0.2744
vn -0.9378 -0.2593 0.2309
vn 0.7387 -0.6115 0.2836
vn 0.9285 -0.2935 0.2274
vn 0.1307 -0.9889 0.0713
vn 0.9505 -0.1623 0.2651
vn 0.9745 -0.0844 0.2081
vn 0.9669 -0.0163 0.2545
vn 0.9910 -0.0169 0.1326
vn 0.9627 0.0312 0.2688
vn 0.9993 0.0083 0.0366
vn 0.9430 0.0095 0.3326
vn 0.9999 0.0074 -0.0145
vn 0.9099 -0.0295 0.4138
vn 0.9991 -0.0335 0.0263
vn 0.8797 -0.0699 0.4703
vn 0.9864 -0.0605 0.1525
vn 0.8749 -0.0928 0.4754
vn 0.9538 -0.0792 0.2897
vn 0.8901 -0.0957 0.4456
vn 0.9078 -0.1136 0.4038
vn 0.9270 -0.0803 0.3663
vn 0.8796 -0.1320 0.4571
vn 0.9728 -0.0151 0.2312
vn 0.9377 -0.0166 0.3470
vn 0.9841 0.1259 0.1250
vn 0.9705 0.2075 0.1228
vn 0.9434 0.3266 0.0583
vn 0.9373 0.3483 -0.0153
vn 0.9239 0.3823 0.0138
vn 0.9933 0.1071 -0.0437
vn 0.9875 0.1544 0.0307
vn 0.9952 0.0578 -0.0785
vn 0.9935 0.1067 -0.0384
vn 0.9770 0.1975 -0.0801
vn 0.9790 0.1967 0.0544
vn 0.9791 0.1938 -0.0614
vn 0.9011 -0.3046 0.3086
vn 0.9470 -0.0960 0.3066
vn 0.9427 -0.0254 0.3327
vn 0.9278 -0.0270 0.3722
vn 0.9153 -0.0531 0.3992
vn 0.9169 -0.0641 0.3939
vn 0.9320 -0.0584 0.3578
vn 0.9533 -0.0439 0.2989
vn 0.9725 -0.0170 0.2323
vn 0.9821 0.0146 0.1879
vn 0.9824 0.0454 0.1810
vn 0.9748 0.1836 0.1263
vn 0.9204 0.3909 0.0047
vn 0.9311 0.3641 0.0203
vn 0.9759 0.1808 0.1220
vn 0.9845 0.1267 0.1213
vn 0.9888 0.1494 0.0036
vn 0.9655 0.1712 0.1962
vn 0.9211 -0.1850 0.3427
vn 0.9315 -0.0764 0.3557
vn 0.9297 -0.0380 0.3663
vn 0.9321 -0.0363 0.3603
vn 0.9412 -0.0363 0.3359
vn 0.9526 -0.0239 0.3034
vn 0.9597 -0.0129 0.2809
vn 0.9590 -0.0099 0.2832
vn 0.9518 -0.0110 0.3066
vn 0.9506 0.0084 0.3103
vn 0.9723 0.1395 0.1876
vn 0.9393 0.3431 -0.0002
vn 0.9245 0.3722 0.0821
vn 0.9197 0.2103 0.3316
vn 0.9043 0.1561 0.3972
vn 0.9163 0.0980 0.3883
vn 0.9784 0.0878 0.1872
vn 0.9075 0.2017 0.3685
vn 0.9082 -0.1528 0.3897
vn 0.9067 -0.0624 0.4172
vn 0.9089 -0.0208 0.4166
vn 0.9168 -0.0052 0.3992
vn 0.9219 -0.0070 0.3874
vn 0.9170 -0.0139 0.3987
vn 0.9031 -0.0290 0.4284
vn 0.9007 -0.0217 0.4338
vn 0.9359 0.0435 0.3495
vn 0.9657 0.1905 0.1763
vn 0.9438 0.3113 0.1114
vn 0.9167 0.2104 0.3397
vn 0.8132 0.0623 0.5787
vn 0.7789 0.1309 0.6134
vn 0.8160 0.2398 0.5259
vn 0.8337 0.1118 0.5407
vn 0.9062 0.0947 0.4120
vn 0.8305 0.2197 0.5119
vn 0.8628 -0.1269 0.4893
vn 0.8672 -0.0359 0.4967
vn 0.8741 0.0154 0.4855
vn 0.8769 0.0094 0.4806
vn 0.8724 -0.0175 0.4884
vn 0.8712 -0.0357 0.4896
vn 0.9026 0.0104 0.4303
vn 0.9397 0.1207 0.3200
vn 0.9348 0.2063 0.2890
vn 0.8832 0.1517 0.4439
vn 0.7461 -0.0074 0.6657
vn 0.6345 -0.0580 0.7707
vn 0.6908 0.0953 0.7168
vn 0.7431 0.2529 0.6196
vn 0.7404 0.2410 0.6275
vn 0.7378 0.1210 0.6641
vn 0.8430 0.1193 0.5246
vn 0.7211 0.2065 0.6613
vn 0.7988 -0.0848 0.5956
vn 0.7980 0.0139 0.6025
vn 0.8010 0.0352 0.5977
vn 0.8080 0.0152 0.5889
vn 0.8338 0.0167 0.5517
vn 0.8561 0.0688 0.5122
vn 0.8382 0.1199 0.5321
vn 0.7638 0.0540 0.6432
vn 0.6240 -0.0689 0.7784
vn 0.5170 -0.1180 0.8478
vn 0.5506 -0.0612 0.8325
vn 0.6607 0.0933 0.7448
vn 0.7181 0.2269 0.6579
vn 0.7094 0.2453 0.6608
vn 0.6574 0.1780 0.7322
vn 0.6567 0.1467 0.7397
vn 0.7502 0.1325 0.6478
vn 0.5932 0.1591 0.7892
vn 0.6731 -0.0162 0.7394
vn 0.6746 0.0534 0.7363
vn 0.6779 0.0647 0.7323
vn 0.6789 0.0846 0.7294
vn 0.6525 0.0422 0.7566
vn 0.5846 -0.0321 0.8107
vn 0.4829 -0.0910 0.8710
vn 0.4351 -0.1016 0.8946
vn 0.4796 -0.0750 0.8743
vn 0.5808 0.0084 0.8140
vn 0.6710 0.1223 0.7313
vn 0.7102 0.2147 0.6704
vn 0.6810 0.2054 0.7029
vn 0.5944 0.1161 0.7957
vn 0.5394 0.1357 0.8311
vn 0.5348 0.0328 0.8444
vn 0.6573 0.0999 0.7470
vn 0.4805 0.0516 0.8755
vn 0.5268 0.0525 0.8483
vn 0.5258 0.0695 0.8478
vn 0.5085 0.0427 0.8600
vn 0.4642 -0.0132 0.8856
vn 0.4185 -0.0614 0.9061
vn 0.4163 -0.0693 0.9066
vn 0.4647 -0.0491 0.8841
vn 0.5427 -0.0038 0.8399
vn 0.6082 0.0601 0.7915
vn 0.6383 0.1338 0.7581
vn 0.6164 0.1675 0.7695
vn 0.5292 0.1249 0.8393
vn 0.4220 0.0279 0.9062
vn 0.3796 0.0219 0.9249
vn 0.4038 0.1493 0.9026
vn 0.5302 0.1706 0.8306
vn 0.3556 0.0138 0.9345
vn 0.3680 0.0014 0.9298
vn 0.3693 0.0852 0.9254
vn 0.3705 0.0512 0.9274
vn 0.3708 0.0129 0.9286
vn 0.3981 -0.0223 0.9171
vn 0.4455 -0.0428 0.8943
vn 0.4808 -0.0180 0.8766
vn 0.4887 0.0450 0.8713
vn 0.4784 0.0753 0.8749
vn 0.4461 0.0679 0.8924
vn 0.3757 0.0479 0.9255
vn 0.2956 -0.0032 0.9553
vn 0.2456 -0.0302 0.9689
vn 0.2720 0.0164 0.9622
vn 0.3282 0.1097 0.9382
vn 0.3394 0.1666 0.9257
vn 0.3852 0.1385 0.9124
vn 0.2692 -0.0011 0.9631
vn 0.2895 0.0387 0.9564
vn 0.2310 0.0940 0.9684
vn 0.2423 0.0522 0.9688
vn 0.2521 0.0461 0.9666
vn 0.2626 0.0491 0.9636
vn 0.2736 0.0172 0.9617
vn 0.2678 -0.0307 0.9630
vn 0.2361 -0.0332 0.9712
vn 0.1991 -0.0181 0.9798
vn 0.1777 -0.0252 0.9838
vn 0.1764 -0.0170 0.9842
vn 0.2106 0.0155 0.9774
vn 0.2619 0.0584 0.9633
vn 0.2880 0.0917 0.9532
vn 0.2804 0.1220 0.9521
vn 0.2590 0.1442 0.9551
vn 0.3226 0.0601 0.9446
vn 0.2401 -0.0378 0.9700
vn 0.2276 0.0631 0.9717
vn 0.1194 0.0804 0.9896
vn 0.1193 0.0419 0.9920
vn 0.1077 0.0169 0.9940
vn 0.0836 -0.0083 0.9965
vn 0.0725 -0.0175 0.9972
vn 0.0926 -0.0201 0.9955
vn 0.1256 -0.0054 0.9921
vn 0.1520 0.0126 0.9883
vn 0.1842 0.0294 0.9824
vn 0.2129 0.0460 0.9760
vn 0.2235 0.0582 0.9730
vn 0.2173 0.0645 0.9740
vn 0.2026 0.0705 0.9767
vn 0.1869 0.0928 0.9780
vn 0.1758 0.1220 0.9768
vn 0.2512 0.0173 0.9678
vn 0.1895 0.0403 0.9811
vn 0.1664 0.0297 0.9856
vn 0.0320 0.0601 0.9977
vn 0.0337 0.0265 0.9991
vn 0.0419 0.0089 0.9991
vn 0.0601 0.0065 0.9982
vn 0.0804 0.0161 0.9966
vn 0.0983 0.0228 0.9949
vn 0.1134 0.0304 0.9931
vn 0.1211 0.0381 0.9919
vn 0.1211 0.0420 0.9917
vn 0.1163 0.0444 0.9922
vn 0.1096 0.0477 0.9928
vn 0.1030 0.0524 0.9933
vn 0.0974 0.0618 0.9933
vn 0.0934 0.0910 0.9915
vn 0.0959 0.1352 0.9862
vn 0.1025 0.0615 0.9928
vn 0.2057 -0.0566 0.9770
vn 0.0937 -0.0246 0.9953
vn 0.1102 -0.0863 0.9901
vn -0.1873 -0.9415 0.2801
vn -0.1713 -0.9826 0.0713
vn -0.7310 -0.6046 0.3164
vn -0.3657 -0.8049 0.4673
vn -0.7246 -0.5634 0.3969
vn -0.4811 -0.6285 0.6112
vn -0.7302 -0.4839 0.4822
vn -0.6000 -0.4206 0.6806
vn -0.7558 -0.3635 0.5446
vn -0.6791 -0.2364 0.6950
vn -0.7378 -0.0269 0.6745
vn -0.6900 -0.0481 0.7222
vn -0.6572 0.1661 0.7352
vn -0.6299 0.1288 0.7659
vn -0.5541 0.3094 0.7728
vn -0.5453 0.2948 0.7847
vn -0.5099 0.3567 0.7828
vn -0.5022 0.3614 0.7856
vn -0.4442 0.4573 0.7704
vn -0.4486 0.4797 0.7540
vn -0.4104 0.4682 0.7826
vn -0.4876 0.4472 0.7499
vn -0.3794 0.4677 0.7983
vn -0.3417 0.4449 0.8279
vn -0.3681 0.6505 0.6643
vn -0.3936 0.5777 0.7151
vn -0.2426 0.6754 0.6964
vn -0.2239 0.6935 0.6848
vn -0.2184 0.8355 0.5043
vn -0.2527 0.8125 0.5253
vn -0.2709 0.7958 0.5415
vn -0.2862 0.7592 0.5846
vn -0.3013 0.7437 0.5968
vn -0.8765 -0.3631 0.3161
vn -0.8481 -0.3890 0.3597
vn -0.8277 -0.3755 0.4171
vn -0.8234 -0.3051 0.4785
vn -0.7673 -0.2188 0.6029
vn -0.7346 0.0030 0.6785
vn -0.6435 0.1945 0.7404
vn -0.5516 0.3377 0.7627
vn -0.4948 0.3831 0.7800
vn -0.4097 0.4371 0.8007
vn -0.3748 0.5057 0.7770
vn -0.4076 0.4226 0.8095
vn -0.3609 0.5489 0.7540
vn -0.2701 0.6653 0.6961
vn -0.2886 0.7888 0.5427
vn -0.2340 0.8151 0.5300
vn -0.2655 0.7723 0.5771
vn -0.9047 -0.2621 0.3360
vn -0.8847 -0.2989 0.3577
vn -0.8625 -0.3036 0.4048
vn -0.8326 -0.2496 0.4945
vn -0.8021 -0.1620 0.5748
vn -0.6907 0.0545 0.7211
vn -0.5961 0.2212 0.7719
vn -0.5154 0.3460 0.7840
vn -0.4619 0.4219 0.7802
vn -0.3911 0.4425 0.8070
vn -0.3736 0.4980 0.7826
vn -0.3967 0.4297 0.8112
vn -0.3116 0.5041 0.8055
vn -0.2906 0.6204 0.7284
vn -0.2785 0.7366 0.6163
vn -0.2141 0.7937 0.5693
vn -0.2364 0.7748 0.5863
vn -0.8929 -0.2459 0.3773
vn -0.8631 -0.2813 0.4194
vn -0.8319 -0.2629 0.4887
vn -0.7825 -0.1835 0.5951
vn -0.7741 -0.0961 0.6257
vn -0.6213 0.0976 0.7775
vn -0.5311 0.2410 0.8123
vn -0.4635 0.3473 0.8152
vn -0.4147 0.4238 0.8052
vn -0.3743 0.4580 0.8063
vn -0.3597 0.4847 0.7973
vn -0.3531 0.4601 0.8146
vn -0.2915 0.4723 0.8319
vn -0.2503 0.6647 0.7040
vn -0.2623 0.6958 0.6686
vn -0.1895 0.7654 0.6150
vn -0.2103 0.7644 0.6095
vn -0.8404 -0.2503 0.4808
vn -0.7956 -0.2827 0.5358
vn -0.7567 -0.2447 0.6062
vn -0.7015 -0.1346 0.6999
vn -0.7069 -0.0339 0.7065
vn -0.5386 0.1431 0.8303
vn -0.4622 0.2636 0.8467
vn -0.4051 0.3509 0.8443
vn -0.3599 0.4161 0.8351
vn -0.3308 0.4553 0.8266
vn -0.3118 0.4694 0.8261
vn -0.2988 0.4714 0.8297
vn -0.2692 0.4608 0.8457
vn -0.2611 0.5191 0.8138
vn -0.2905 0.5704 0.7683
vn -0.2252 0.6214 0.7504
vn -0.1697 0.7391 0.6519
vn -0.2040 0.7455 0.6345
vn -0.7789 -0.2067 0.5921
vn -0.7048 -0.2561 0.6616
vn -0.6344 -0.2241 0.7398
vn -0.5686 -0.0979 0.8167
vn -0.6228 0.0195 0.7821
vn -0.4429 0.1672 0.8809
vn -0.3907 0.2710 0.8797
vn -0.3454 0.3533 0.8694
vn -0.3052 0.4114 0.8589
vn -0.2792 0.4481 0.8493
vn -0.2622 0.4606 0.8480
vn -0.2561 0.4644 0.8478
vn -0.2495 0.4599 0.8522
vn -0.2399 0.4920 0.8369
vn -0.1995 0.5782 0.7911
vn -0.1667 0.7132 0.6808
vn -0.2034 0.7211 0.6623
vn -0.6657 -0.1231 0.7360
vn -0.5768 -0.1883 0.7948
vn -0.4923 -0.1910 0.8492
vn -0.4074 0.0537 0.9117
vn -0.5022 0.0477 0.8634
vn -0.3644 0.1756 0.9146
vn -0.3259 0.2741 0.9048
vn -0.2859 0.3534 0.8907
vn -0.2559 0.4120 0.8745
vn -0.2336 0.4421 0.8660
vn -0.2240 0.4521 0.8634
vn -0.2221 0.4551 0.8623
vn -0.2181 0.4530 0.8644
vn -0.2047 0.4738 0.8565
vn -0.1775 0.5405 0.8224
vn -0.1632 0.6780 0.7167
vn -0.2024 0.6986 0.6863
vn -0.5278 -0.0372 0.8485
vn -0.4425 -0.0977 0.8914
vn -0.3248 -0.1049 0.9399
vn -0.4479 -0.0905 0.8895
vn -0.3008 0.0391 0.9529
vn -0.2816 0.1676 0.9448
vn -0.2546 0.2679 0.9292
vn -0.2309 0.3483 0.9085
vn -0.2114 0.4065 0.8889
vn -0.1940 0.4356 0.8790
vn -0.1887 0.4457 0.8751
vn -0.1841 0.4455 0.8761
vn -0.1807 0.4477 0.8757
vn -0.1674 0.4585 0.8728
vn -0.1556 0.5133 0.8440
vn -0.1355 0.6335 0.7618
vn -0.1884 0.6634 0.7242
vn -0.3983 0.0307 0.9168
vn -0.2713 -0.0934 0.9579
vn -0.3622 -0.1556 0.9190
vn -0.2136 -0.0975 0.9720
vn -0.1952 0.0012 0.9808
vn -0.1940 0.1393 0.9711
vn -0.1841 0.2453 0.9518
vn -0.1800 0.3328 0.9256
vn -0.1662 0.3950 0.9035
vn -0.1559 0.4334 0.8876
vn -0.1475 0.4378 0.8869
vn -0.1455 0.4386 0.8868
vn -0.1417 0.4426 0.8855
vn -0.1275 0.4469 0.8855
vn -0.1111 0.4905 0.8643
vn -0.0737 0.5894 0.8045
vn -0.1422 0.6100 0.7795
vn -0.2606 0.0790 0.9622
vn -0.3326 -0.0025 0.9431
vn -0.1814 -0.0184 0.9832
vn -0.1285 -0.0692 0.9893
vn -0.1027 -0.0307 0.9942
vn -0.1003 0.0940 0.9905
vn -0.1044 0.2087 0.9724
vn -0.1093 0.3034 0.9466
vn -0.1039 0.3760 0.9208
vn -0.1025 0.4232 0.9002
vn -0.0971 0.4307 0.8973
vn -0.0999 0.4305 0.8970
vn -0.0957 0.4359 0.8949
vn -0.0849 0.4457 0.8911
vn -0.0518 0.4835 0.8738
vn 0.0039 0.5559 0.8312
vn -0.0686 0.5457 0.8352
vn -0.1785 0.1110 0.9777
vn -0.1471 0.0909 0.9849
vn -0.2214 0.0524 0.9738
vn -0.1149 0.0435 0.9924
vn -0.0744 -0.0169 0.9971
vn -0.0330 -0.0289 0.9990
vn -0.0115 0.0506 0.9987
vn -0.0174 0.1671 0.9858
vn -0.0202 0.2640 0.9643
vn -0.0245 0.3476 0.9373
vn -0.0288 0.4009 0.9157
vn -0.0331 0.4200 0.9069
vn -0.0390 0.4176 0.9078
vn -0.0386 0.4262 0.9038
vn -0.0337 0.4429 0.8960
vn -0.0030 0.4878 0.8729
vn 0.0402 0.5476 0.8357
vn -0.0133 0.4937 0.8695
vn -0.0901 0.1156 0.9892
vn -0.0755 0.1203 0.9899
vn -0.0620 0.0833 0.9946
vn -0.0410 0.0336 0.9986
vn -0.0092 0.0032 1.0000
vn 0.0188 0.0359 0.9992
vn 0.0239 0.1294 0.9913
vn 0.0232 0.2307 0.9728
vn 0.0189 0.3179 0.9479
vn 0.0150 0.3766 0.9263
vn 0.0055 0.4070 0.9134
vn 0.0012 0.4073 0.9133
vn -0.0016 0.4170 0.9089
vn 0.0005 0.4396 0.8982
vn 0.0242 0.4874 0.8729
vn 0.0365 0.5483 0.8355
vn 0.0013 0.4680 0.8837
vn -0.0210 0.1032 0.9944
vn -0.0206 0.1223 0.9923
vn -0.0225 0.1003 0.9947
vn -0.0175 0.0622 0.9979
vn -0.0056 0.0284 0.9996
vn 0.0072 0.0361 0.9993
vn 0.0132 0.1039 0.9945
vn 0.0139 0.2042 0.9788
vn 0.0126 0.2953 0.9553
vn 0.0112 0.3605 0.9327
vn 0.0059 0.3978 0.9175
vn 0.0046 0.4053 0.9142
vn 0.0036 0.4122 0.9111
vn 0.0054 0.4389 0.8985
vn 0.0190 0.4883 0.8725
vn 0.0200 0.5445 0.8385
vn -0.0004 0.4578 0.8891
vn 0.0008 0.0845 0.9964
vn 0.0008 0.1163 0.9932
vn 0.0025 0.1089 0.9941
vn 0.0041 0.0773 0.9970
vn 0.0030 0.0406 0.9992
vn 0.0007 0.0324 0.9995
vn -0.0009 0.0822 0.9966
vn -0.0015 0.1772 0.9842
vn -0.0013 0.2744 0.9616
vn -0.0012 0.3464 0.9381
vn -0.0009 0.3906 0.9205
vn -0.0005 0.4047 0.9145
vn -0.0005 0.4104 0.9119
vn -0.0005 0.4347 0.9006
vn -0.0017 0.4852 0.8744
vn -0.0027 0.5405 0.8414
vn -0.0032 0.4572 0.8894
vn -0.0249 0.5439 0.8388
vn -0.0031 0.4644 0.8856
vn -0.0380 0.5454 0.8373
vn -0.0047 0.4850 0.8745
vn -0.0223 0.5450 0.8382
vn 0.0310 0.5273 0.8491
vn 0.0438 0.5626 0.8255
vn 0.1037 0.5941 0.7977
vn 0.1187 0.6001 0.7910
vn 0.1572 0.6556 0.7385
vn 0.1608 0.6448 0.7472
vn 0.1805 0.7001 0.6909
vn 0.1687 0.6830 0.7107
vn 0.1807 0.7314 0.6576
vn 0.1709 0.7116 0.6815
vn 0.1741 0.7609 0.6251
vn 0.1989 0.7451 0.6366
vn 0.1814 0.7810 0.5976
vn 0.2344 0.7756 0.5860
vn 0.2148 0.7914 0.5723
vn 0.2464 0.8012 0.5453
vn 0.2503 0.7898 0.5600
vn 0.2414 0.8184 0.5214
vn 0.2768 0.7767 0.5657
vn 0.2447 0.8211 0.5157
vn 0.2986 0.7602 0.5770
vn -0.0205 0.4857 0.8739
vn -0.0138 0.4830 0.8755
vn 0.0280 0.4803 0.8766
vn 0.0895 0.4800 0.8727
vn 0.1438 0.4932 0.8580
vn 0.1721 0.5151 0.8397
vn 0.1966 0.5479 0.8131
vn 0.2250 0.5875 0.7773
vn 0.2560 0.6397 0.7248
vn 0.2832 0.6910 0.6651
vn 0.2799 0.7115 0.6445
vn 0.2728 0.7412 0.6133
vn 0.2897 0.7842 0.5487
vn -0.0041 0.4382 0.8989
vn 0.0111 0.4389 0.8985
vn 0.0553 0.4418 0.8954
vn 0.1081 0.4440 0.8895
vn 0.1516 0.4513 0.8794
vn 0.1921 0.4661 0.8636
vn 0.2311 0.4778 0.8475
vn 0.2644 0.4937 0.8285
vn 0.2806 0.5189 0.8075
vn 0.3240 0.5932 0.7370
vn 0.3008 0.6569 0.6914
vn 0.2998 0.7026 0.6453
vn -0.0042 0.4124 0.9110
vn 0.0119 0.4193 0.9077
vn 0.0605 0.4285 0.9015
vn 0.1193 0.4381 0.8910
vn 0.1636 0.4445 0.8807
vn 0.2037 0.4493 0.8699
vn 0.2414 0.4569 0.8562
vn 0.2784 0.4700 0.8376
vn 0.3079 0.4656 0.8297
vn 0.3302 0.4655 0.8212
vn 0.3417 0.4917 0.8009
vn 0.3872 0.5534 0.7375
vn 0.2887 0.7191 0.6321
vn -0.0060 0.4051 0.9142
vn 0.0082 0.4102 0.9119
vn 0.0633 0.4238 0.9036
vn 0.1210 0.4319 0.8938
vn 0.1660 0.4409 0.8821
vn 0.2070 0.4495 0.8690
vn 0.2446 0.4607 0.8532
vn 0.2870 0.4696 0.8349
vn 0.3363 0.4798 0.8103
vn 0.3864 0.4820 0.7864
vn 0.4373 0.4454 0.7813
vn 0.4496 0.4240 0.7862
vn 0.4170 0.6168 0.6676
vn -0.0075 0.3985 0.9171
vn 0.0019 0.4078 0.9131
vn 0.0564 0.4231 0.9043
vn 0.1214 0.4348 0.8923
vn 0.1685 0.4413 0.8814
vn 0.2089 0.4481 0.8692
vn 0.2474 0.4554 0.8552
vn 0.2977 0.4662 0.8331
vn 0.3463 0.4731 0.8101
vn 0.3724 0.4831 0.7924
vn 0.3759 0.5285 0.7611
vn 0.3564 0.5630 0.7457
vn 0.4118 0.4279 0.8046
vn -0.0140 0.3599 0.9329
vn -0.0049 0.3788 0.9255
vn 0.0530 0.4034 0.9135
vn 0.1266 0.4248 0.8964
vn 0.1750 0.4309 0.8852
vn 0.2175 0.4365 0.8730
vn 0.2635 0.4419 0.8575
vn 0.3173 0.4465 0.8367
vn 0.3715 0.4547 0.8094
vn 0.4062 0.4413 0.8002
vn 0.4169 0.4066 0.8129
vn 0.4248 0.4028 0.8107
vn 0.4618 0.4381 0.7712
vn 0.3491 0.5590 0.7521
vn -0.0158 0.2946 0.9555
vn -0.0110 0.3187 0.9478
vn 0.0490 0.3499 0.9355
vn 0.1305 0.3763 0.9173
vn 0.1903 0.3939 0.8992
vn 0.2381 0.4018 0.8842
vn 0.2901 0.4033 0.8679
vn 0.3489 0.4043 0.8455
vn 0.4087 0.4092 0.8158
vn 0.4612 0.4132 0.7852
vn 0.4990 0.3923 0.7727
vn 0.5186 0.3511 0.7796
vn 0.5254 0.3367 0.7814
vn -0.0175 0.2023 0.9792
vn -0.0159 0.2282 0.9735
vn 0.0461 0.2655 0.9630
vn 0.1382 0.3048 0.9423
vn 0.2051 0.3291 0.9217
vn 0.2652 0.3404 0.9021
vn 0.3281 0.3390 0.8817
vn 0.3942 0.3375 0.8548
vn 0.4595 0.3319 0.8238
vn 0.5188 0.3249 0.7908
vn 0.5611 0.3142 0.7658
vn 0.5602 0.2846 0.7779
vn 0.5302 0.2688 0.8041
vn -0.0160 0.1010 0.9948
vn -0.0170 0.1273 0.9917
vn 0.0391 0.1651 0.9855
vn 0.1345 0.2078 0.9689
vn 0.2189 0.2407 0.9456
vn 0.2986 0.2565 0.9193
vn 0.3709 0.2567 0.8925
vn 0.4473 0.2496 0.8589
vn 0.5270 0.2259 0.8193
vn 0.6004 0.1989 0.7745
vn 0.6536 0.1663 0.7384
vn 0.6689 0.1332 0.7313
vn 0.6380 0.0883 0.7649
vn -0.0079 0.0317 0.9995
vn -0.0150 0.0283 0.9995
vn 0.0331 0.0482 0.9983
vn 0.1340 0.0926 0.9866
vn 0.2349 0.1336 0.9628
vn 0.3293 0.1526 0.9318
vn 0.4155 0.1514 0.8969
vn 0.5179 0.1341 0.8449
vn 0.6144 0.0862 0.7843
vn 0.6927 0.0374 0.7203
vn 0.7389 -0.0187 0.6735
vn 0.7394 -0.0515 0.6713
vn 0.6868 -0.0700 0.7234
vn 0.0096 0.0236 0.9997
vn 0.0139 -0.0069 0.9999
vn 0.0496 -0.0399 0.9980
vn 0.1327 -0.0387 0.9904
vn 0.2410 -0.0030 0.9705
vn 0.3596 0.0246 0.9328
vn 0.4739 0.0237 0.8803
vn 0.5877 -0.0013 0.8091
vn 0.6977 -0.0436 0.7151
vn 0.7712 -0.1060 0.6277
vn 0.7995 -0.1733 0.5752
vn 0.7638 -0.2275 0.6040
vn 0.6718 -0.2446 0.6992
vn 0.0263 0.0604 0.9978
vn 0.0496 0.0218 0.9985
vn 0.0900 -0.0368 0.9953
vn 0.1574 -0.0877 0.9836
vn 0.2626 -0.1126 0.9583
vn 0.3861 -0.1213 0.9144
vn 0.5247 -0.1097 0.8442
vn 0.6587 -0.1391 0.7394
vn 0.7679 -0.1861 0.6129
vn 0.8247 -0.2497 0.5075
vn 0.8195 -0.3046 0.4854
vn 0.7533 -0.3617 0.5492
vn 0.0320 0.1046 0.9940
vn 0.0791 0.0845 0.9933
vn 0.1368 0.0265 0.9903
vn 0.2106 -0.0487 0.9764
vn 0.3041 -0.1174 0.9454
vn 0.4347 -0.1707 0.8842
vn 0.5732 -0.2144 0.7909
vn 0.7205 -0.2478 0.6477
vn 0.8137 -0.2647 0.5175
vn 0.8547 -0.3006 0.4231
vn 0.8250 -0.3689 0.4281
vn 0.7307 -0.4760 0.4894
vn 0.5965 -0.4145 0.6873
vn 0.0277 0.1256 0.9917
vn 0.0934 0.1275 0.9874
vn 0.1754 0.0968 0.9797
vn 0.2548 0.0444 0.9660
vn 0.3754 -0.0465 0.9257
vn 0.5147 -0.1414 0.8456
vn 0.6526 -0.2187 0.7255
vn 0.7752 -0.2714 0.5705
vn 0.8439 -0.2794 0.4580
vn 0.8788 -0.2910 0.3783
vn 0.8452 -0.3823 0.3734
vn 0.7246 -0.5559 0.4073
vn 0.4758 -0.6179 0.6260
vn 0.0271 0.1044 0.9942
vn 0.1055 0.1200 0.9872
vn 0.1998 0.1248 0.9719
vn 0.3035 0.0930 0.9483
vn 0.4585 0.0183 0.8885
vn 0.5950 -0.0748 0.8002
vn 0.7371 -0.1626 0.6559
vn 0.8254 -0.2124 0.5231
vn 0.8791 -0.2409 0.4113
vn 0.9005 -0.2540 0.3530
vn 0.8725 -0.3599 0.3303
vn 0.7236 -0.6084 0.3260
vn 0.3567 -0.8031 0.4774
vn 0.1936 -0.9370 0.2907
vn -0.0004 0.1477 -0.9890
vn 0.0005 0.1677 -0.9858
vn 0.0001 0.1662 -0.9861
vn 0.0056 0.1583 -0.9874
vn 0.0085 0.1715 -0.9851
vn 0.0227 0.1999 -0.9796
vn 0.0550 0.1814 -0.9819
vn 0.0610 0.2327 -0.9706
vn 0.1335 0.1792 -0.9747
vn 0.1296 0.2545 -0.9584
vn 0.2427 0.1698 -0.9551
vn 0.2236 0.2569 -0.9402
vn 0.4294 0.1311 -0.8935
vn 0.3624 0.2270 -0.9039
vn 0.5943 0.0609 -0.8019
vn 0.5357 0.1537 -0.8303
vn 0.7326 0.0310 -0.6800
vn 0.6919 -0.0067 -0.7220
vn 0.8322 0.0309 -0.5537
vn 0.8341 -0.0513 -0.5492
vn 0.8926 0.0463 -0.4484
vn 0.9096 0.0653 -0.4103
vn 0.9293 0.0786 -0.3609
vn 0.9321 0.1355 -0.3358
vn 0.9552 0.1219 -0.2698
vn 0.9540 0.1752 -0.2433
vn 0.9710 0.1663 -0.1715
vn 0.9668 0.2023 -0.1558
vn -0.0151 -0.0893 -0.9959
vn 0.0498 -0.0800 -0.9956
vn 0.0917 0.0281 -0.9954
vn 0.1111 0.1369 -0.9843
vn 0.1530 0.1998 -0.9678
vn 0.2253 0.2220 -0.9487
vn 0.3294 0.1902 -0.9248
vn 0.4086 0.0249 -0.9124
vn 0.6176 -0.0951 -0.7807
vn 0.8726 -0.0512 -0.4858
vn 0.9474 0.0057 -0.3199
vn 0.9565 0.0352 -0.2895
vn 0.9748 0.0601 -0.2150
vn 0.9882 0.0634 -0.1394
vn -0.0264 -0.2121 -0.9769
vn 0.1076 -0.1879 -0.9763
vn 0.1758 -0.1789 -0.9680
vn 0.1954 -0.1642 -0.9669
vn 0.2097 -0.1711 -0.9627
vn 0.2482 -0.1909 -0.9497
vn 0.2755 -0.2355 -0.9320
vn 0.3838 -0.1565 -0.9100
vn 0.6389 0.0853 -0.7645
vn 0.8358 0.0858 -0.5423
vn 0.9235 -0.0995 -0.3704
vn 0.9555 -0.1635 -0.2454
vn 0.9844 -0.0691 -0.1619
vn 0.9906 0.0281 -0.1338
vn 0.0071 -0.0711 -0.9974
vn 0.0749 -0.0519 -0.9958
vn 0.1125 -0.1409 -0.9836
vn 0.1474 -0.2213 -0.9640
vn 0.1794 -0.2764 -0.9441
vn 0.2220 -0.3519 -0.9094
vn 0.3759 -0.2589 -0.8897
vn 0.5894 0.0859 -0.8033
vn 0.6568 0.2878 -0.6970
vn 0.7067 0.2640 -0.6564
vn 0.8289 0.1224 -0.5459
vn 0.9569 -0.0348 -0.2883
vn 0.9988 0.0402 -0.0296
vn 0.9737 0.2262 -0.0262
vn 0.0524 0.0363 -0.9980
vn 0.0501 0.0729 -0.9961
vn 0.0618 0.0735 -0.9954
vn 0.0909 0.0535 -0.9944
vn 0.0874 -0.0123 -0.9961
vn 0.1831 -0.1410 -0.9729
vn 0.5293 0.0155 -0.8483
vn 0.6933 0.1633 -0.7019
vn 0.7139 0.1887 -0.6743
vn 0.6959 0.2919 -0.6561
vn 0.6842 0.3203 -0.6552
vn 0.8799 0.1899 -0.4356
vn 0.9988 0.0468 0.0119
vn 0.9840 0.0685 0.1645
vn 0.9373 0.3482 -0.0153
vn 0.0867 0.0573 -0.9946
vn 0.0623 0.0838 -0.9945
vn 0.0624 0.1004 -0.9930
vn 0.0615 0.0904 -0.9940
vn -0.0246 -0.0289 -0.9993
vn 0.1964 -0.0895 -0.9764
vn 0.5989 0.0119 -0.8007
vn 0.7144 0.0353 -0.6988
vn 0.7810 0.1863 -0.5961
vn 0.7705 0.2689 -0.5779
vn 0.6905 0.2652 -0.6729
vn 0.7765 0.2531 -0.5770
vn 0.9828 0.0211 -0.1836
vn 0.9561 -0.1365 0.2592
vn 0.1122 0.0484 -0.9925
vn 0.0755 0.0637 -0.9951
vn 0.0674 0.0675 -0.9954
vn 0.0062 0.0199 -0.9998
vn -0.0955 -0.0911 -0.9912
vn 0.2372 -0.0650 -0.9693
vn 0.6326 0.0139 -0.7744
vn 0.7801 0.1958 -0.5943
vn 0.8036 0.1596 -0.5733
vn 0.7992 -0.0330 -0.6002
vn 0.8009 -0.0326 -0.5980
vn 0.7874 0.1232 -0.6041
vn 0.9100 0.0756 -0.4076
vn 0.9872 -0.0890 0.1324
vn 0.9377 -0.0166 0.3471
vn 0.1307 0.0388 -0.9907
vn 0.0826 0.0489 -0.9954
vn 0.0546 0.0400 -0.9977
vn -0.0595 -0.0216 -0.9980
vn -0.1135 -0.0852 -0.9899
vn 0.2831 -0.0273 -0.9587
vn 0.7076 0.0989 -0.6996
vn 0.7730 0.1421 -0.6183
vn 0.6850 -0.1483 -0.7133
vn 0.7721 -0.2543 -0.5824
vn 0.8899 -0.1814 -0.4186
vn 0.8940 -0.0407 -0.4461
vn 0.8823 0.1094 -0.4577
vn 0.9970 0.0133 -0.0759
vn 0.8795 -0.1320 0.4572
vn 0.1444 0.0329 -0.9890
vn 0.0841 0.0380 -0.9957
vn 0.0295 0.0201 -0.9994
vn -0.1107 -0.0371 -0.9932
vn -0.1098 -0.0739 -0.9912
vn 0.3483 0.0013 -0.9374
vn 0.7570 0.1099 -0.6441
vn 0.6821 0.0154 -0.7311
vn 0.5770 -0.1493 -0.8030
vn 0.7612 -0.1971 -0.6179
vn 0.9100 -0.1743 -0.3762
vn 0.9569 -0.1182 -0.2654
vn 0.9262 0.0331 -0.3755
vn 0.9749 0.0207 -0.2215
vn 0.9078 -0.1136 0.4037
vn 0.1545 0.0283 -0.9876
vn 0.0807 0.0296 -0.9963
vn 0.0014 0.0073 -1.0000
vn -0.1492 -0.0426 -0.9879
vn -0.0952 -0.0652 -0.9933
vn 0.4214 0.0165 -0.9067
vn 0.7537 0.0901 -0.6510
vn 0.5791 -0.0517 -0.8136
vn 0.5222 -0.1455 -0.8403
vn 0.7491 -0.1683 -0.6407
vn 0.9034 -0.1647 -0.3958
vn 0.9768 -0.1400 -0.1622
vn 0.9651 -0.0807 -0.2493
vn 0.9669 0.0154 -0.2545
vn 0.9539 -0.0792 0.2896
vn 0.1620 0.0253 -0.9865
vn 0.0736 0.0234 -0.9970
vn -0.0264 -0.0009 -0.9997
vn -0.1807 -0.0445 -0.9825
vn -0.0742 -0.0616 -0.9953
vn 0.4909 0.0229 -0.8709
vn 0.7267 0.0651 -0.6839
vn 0.4828 -0.0747 -0.8726
vn 0.4862 -0.1455 -0.8616
vn 0.7366 -0.1589 -0.6574
vn 0.8922 -0.1550 -0.4242
vn 0.9776 -0.1466 -0.1508
vn 0.9851 -0.1257 -0.1173
vn 0.9736 -0.0091 -0.2279
vn 0.9865 -0.0605 0.1524
vn 0.1673 0.0236 -0.9856
vn 0.0642 0.0184 -0.9978
vn -0.0525 -0.0058 -0.9986
vn -0.2083 -0.0437 -0.9771
vn -0.0484 -0.0544 -0.9973
vn 0.5460 0.0384 -0.8369
vn 0.6817 0.0345 -0.7309
vn 0.3978 -0.0992 -0.9121
vn 0.4633 -0.1488 -0.8736
vn 0.7274 -0.1529 -0.6690
vn 0.8817 -0.1483 -0.4479
vn 0.9720 -0.1420 -0.1874
vn 0.9900 -0.1393 -0.0209
vn 0.9883 -0.0617 -0.1394
vn 0.9991 -0.0335 0.0262
vn 0.1705 0.0219 -0.9851
vn 0.0532 0.0133 -0.9985
vn -0.0759 -0.0098 -0.9971
vn -0.2318 -0.0415 -0.9719
vn -0.0111 -0.0419 -0.9991
vn 0.5807 0.0345 -0.8134
vn 0.6231 0.0009 -0.7822
vn 0.3243 -0.1186 -0.9385
vn 0.4520 -0.1494 -0.8794
vn 0.7184 -0.1505 -0.6791
vn 0.8741 -0.1450 -0.4635
vn 0.9632 -0.1351 -0.2325
vn 0.9916 -0.1289 0.0039
vn 0.9931 -0.1126 -0.0333
vn 0.9999 0.0074 -0.0146
vn 0.1715 0.0207 -0.9850
vn 0.0409 0.0092 -0.9991
vn -0.0967 -0.0124 -0.9952
vn -0.2506 -0.0405 -0.9672
vn 0.0243 -0.0385 -0.9990
vn 0.6001 0.0351 -0.7991
vn 0.5541 -0.0027 -0.8324
vn 0.2563 -0.1260 -0.9584
vn 0.4473 -0.1505 -0.8816
vn 0.7091 -0.1522 -0.6885
vn 0.8694 -0.1441 -0.4726
vn 0.9568 -0.1269 -0.2618
vn 0.9927 -0.1180 -0.0267
vn 0.9913 -0.1241 0.0431
vn 0.9993 0.0083 0.0365
vn 0.1702 0.0202 -0.9852
vn 0.0277 0.0059 -0.9996
vn -0.1159 -0.0143 -0.9932
vn -0.2646 -0.0374 -0.9636
vn 0.0625 -0.0202 -0.9978
vn 0.6125 0.0559 -0.7885
vn 0.4661 -0.0342 -0.8841
vn 0.2034 -0.1397 -0.9691
vn 0.4438 -0.1522 -0.8831
vn 0.7004 -0.1553 -0.6967
vn 0.8662 -0.1440 -0.4785
vn 0.9538 -0.1253 -0.2732
vn 0.9889 -0.1315 -0.0688
vn 0.9857 -0.1426 0.0892
vn 0.1668 0.0181 -0.9858
vn 0.0148 0.0017 -0.9999
vn -0.1325 -0.0166 -0.9910
vn -0.2718 -0.0339 -0.9618
vn 0.1092 -0.0116 -0.9939
vn 0.6067 0.0406 -0.7939
vn 0.3724 -0.0809 -0.9245
vn 0.1786 -0.1417 -0.9737
vn 0.4384 -0.1529 -0.8857
vn 0.6920 -0.1604 -0.7039
vn 0.8633 -0.1501 -0.4819
vn 0.9462 -0.1483 -0.2876
vn 0.9761 -0.1925 -0.1006
vn 0.9809 -0.1542 0.1184
vn 0.1613 0.0154 -0.9868
vn 0.0005 -0.0016 -1.0000
vn -0.1481 -0.0200 -0.9888
vn -0.2724 -0.0240 -0.9619
vn 0.1682 0.0231 -0.9855
vn 0.5612 0.0182 -0.8275
vn 0.2636 -0.0806 -0.9613
vn 0.1680 -0.1456 -0.9750
vn 0.4331 -0.1646 -0.8862
vn 0.6849 -0.1864 -0.7044
vn 0.8623 -0.1837 -0.4720
vn 0.9206 -0.2200 -0.3227
vn 0.9686 -0.2202 -0.1152
vn 0.9589 -0.2833 0.0165
vn 0.9285 -0.2935 0.2273
vn -0.9729 -0.2303 0.0225
vn -0.1713 -0.9826 0.0714
vn -0.9833 -0.1571 0.0923
vn -0.9793 -0.1747 0.1019
vn -0.9817 -0.1735 0.0782
vn -0.9866 -0.1630 -0.0108
vn -0.9932 0.0140 -0.1153
vn -0.9813 -0.1018 -0.1635
vn -0.9502 -0.0148 -0.3112
vn -0.9954 -0.0752 0.0602
vn -0.9290 0.0143 -0.3699
vn -0.9666 -0.1196 0.2267
vn -0.9499 -0.0151 -0.3121
vn -0.9326 -0.1532 0.3266
vn -0.9880 -0.0288 -0.1516
vn -0.9970 -0.0666 0.0391
vn -0.9869 -0.0835 0.1381
vn -0.9878 0.1375 0.0735
vn -0.9684 0.2433 -0.0546
vn -0.9926 0.1027 -0.0640
vn -0.9858 0.0067 -0.1677
vn -0.9810 0.1056 -0.1627
vn -0.9648 0.2049 -0.1651
vn -0.9506 -0.2618 -0.1668
vn -0.9715 -0.1854 -0.1479
vn -0.9812 -0.1611 -0.1059
vn -0.9865 -0.1582 -0.0425
vn -0.9832 -0.1821 0.0138
vn -0.9811 -0.1937 0.0026
vn -0.9801 -0.1643 -0.1117
vn -0.9550 -0.0865 -0.2836
vn -0.9069 0.0278 -0.4204
vn -0.8716 0.0824 -0.4833
vn -0.9026 0.0961 -0.4197
vn -0.9723 0.0598 -0.2260
vn -0.9825 0.1477 -0.1138
vn -0.9888 0.0348 -0.1454
vn -0.9734 -0.0612 -0.2208
vn -0.9630 0.1345 -0.2333
vn -0.9527 0.1726 -0.2502
vn -0.9671 0.1757 -0.1841
vn -0.8812 -0.2340 -0.4107
vn -0.9124 -0.1671 -0.3737
vn -0.9276 -0.1514 -0.3415
vn -0.9375 -0.1530 -0.3125
vn -0.9528 -0.1615 -0.2570
vn -0.9680 -0.1744 -0.1802
vn -0.9749 -0.1865 -0.1214
vn -0.9743 -0.1763 -0.1400
vn -0.9498 -0.1490 -0.2750
vn -0.8807 -0.0083 -0.4736
vn -0.7925 0.1820 -0.5821
vn -0.7922 0.2299 -0.5652
vn -0.8568 0.2369 -0.4581
vn -0.9323 -0.0232 -0.3610
vn -0.9544 -0.0721 -0.2897
vn -0.9384 0.1055 -0.3292
vn -0.9250 0.1389 -0.3536
vn -0.9517 0.1306 -0.2779
vn -0.8224 -0.1602 -0.5459
vn -0.8432 -0.1352 -0.5203
vn -0.8516 -0.1441 -0.5039
vn -0.8589 -0.1467 -0.4908
vn -0.8670 -0.1486 -0.4756
vn -0.8810 -0.1542 -0.4473
vn -0.9011 -0.1688 -0.3994
vn -0.9222 -0.1884 -0.3376
vn -0.9258 -0.2293 -0.3006
vn -0.9114 -0.1474 -0.3843
vn -0.8372 0.0666 -0.5429
vn -0.7562 0.2887 -0.5872
vn -0.7455 0.2995 -0.5955
vn -0.8523 0.1140 -0.5105
vn -0.9186 -0.0243 -0.3944
vn -0.9156 0.0611 -0.3973
vn -0.8944 0.1022 -0.4355
vn -0.9247 0.0845 -0.3712
vn -0.6976 -0.1479 -0.7010
vn -0.6878 -0.1509 -0.7101
vn -0.6999 -0.1524 -0.6978
vn -0.7160 -0.1487 -0.6820
vn -0.7327 -0.1456 -0.6648
vn -0.7502 -0.1414 -0.6459
vn -0.7725 -0.1370 -0.6201
vn -0.7993 -0.1587 -0.5796
vn -0.8305 -0.2155 -0.5136
vn -0.8589 -0.1773 -0.4805
vn -0.8199 0.0134 -0.5724
vn -0.6881 0.1918 -0.6998
vn -0.6239 0.3015 -0.7210
vn -0.7346 0.2636 -0.6253
vn -0.8408 0.0408 -0.5398
vn -0.8301 0.0068 -0.5576
vn -0.8104 0.0293 -0.5851
vn -0.8846 0.0519 -0.4634
vn -0.4194 -0.1337 -0.8979
vn -0.4608 -0.1271 -0.8783
vn -0.4919 -0.1241 -0.8618
vn -0.5188 -0.1214 -0.8462
vn -0.5409 -0.1218 -0.8323
vn -0.5580 -0.1205 -0.8210
vn -0.5705 -0.1197 -0.8125
vn -0.5871 -0.1244 -0.7999
vn -0.6202 -0.1629 -0.7673
vn -0.6387 -0.2565 -0.7255
vn -0.6208 -0.1437 -0.7707
vn -0.5598 0.1242 -0.8193
vn -0.5334 0.4593 -0.7103
vn -0.5989 0.3523 -0.7191
vn -0.5899 -0.0574 -0.8054
vn -0.5722 -0.0399 -0.8191
vn -0.6384 0.0826 -0.7653
vn -0.8154 0.0263 -0.5782
vn -0.2541 -0.0958 -0.9624
vn -0.2535 -0.0930 -0.9628
vn -0.2565 -0.0979 -0.9616
vn -0.2598 -0.1040 -0.9601
vn -0.2662 -0.1099 -0.9576
vn -0.2743 -0.1133 -0.9549
vn -0.2864 -0.1157 -0.9511
vn -0.3031 -0.1147 -0.9460
vn -0.3411 -0.1211 -0.9322
vn -0.4367 -0.1618 -0.8850
vn -0.5737 -0.0486 -0.8176
vn -0.6286 0.2446 -0.7383
vn -0.5737 0.4516 -0.6833
vn -0.4798 0.0552 -0.8756
vn -0.3440 -0.1958 -0.9183
vn -0.4006 0.1106 -0.9096
vn -0.4615 0.1730 -0.8701
vn -0.6844 0.0303 -0.7285
vn -0.0646 -0.0926 -0.9936
vn -0.0768 -0.1006 -0.9920
vn -0.1018 -0.0966 -0.9901
vn -0.1383 -0.0906 -0.9862
vn -0.1888 -0.0845 -0.9784
vn -0.2501 -0.0772 -0.9651
vn -0.3233 -0.0638 -0.9442
vn -0.4083 -0.0419 -0.9119
vn -0.5008 -0.0133 -0.8655
vn -0.6013 0.0593 -0.7968
vn -0.6779 0.1963 -0.7085
vn -0.6609 0.3316 -0.6732
vn -0.5393 0.1592 -0.8269
vn -0.3406 -0.2882 -0.8949
vn -0.2957 -0.1787 -0.9384
vn -0.3225 0.2009 -0.9250
vn -0.3317 0.2221 -0.9169
vn -0.5308 0.0992 -0.8417
vn -0.2898 -0.0410 -0.9562
vn -0.3628 -0.0298 -0.9314
vn -0.4268 -0.0150 -0.9042
vn -0.4873 0.0062 -0.8732
vn -0.5436 0.0236 -0.8390
vn -0.5940 0.0446 -0.8032
vn -0.6370 0.0697 -0.7677
vn -0.6683 0.0948 -0.7378
vn -0.6723 0.0956 -0.7341
vn -0.6392 0.1099 -0.7611
vn -0.5674 0.1501 -0.8097
vn -0.4398 0.0651 -0.8957
vn -0.2964 -0.2195 -0.9295
vn -0.2410 -0.3955 -0.8863
vn -0.2685 -0.1017 -0.9579
vn -0.2043 0.1862 -0.9610
vn -0.1931 0.2302 -0.9538
vn -0.3680 0.1574 -0.9164
vn -0.4494 0.0278 -0.8929
vn -0.4692 0.0435 -0.8820
vn -0.4753 0.0483 -0.8785
vn -0.4725 0.0501 -0.8799
vn -0.4588 0.0473 -0.8873
vn -0.4355 0.0489 -0.8989
vn -0.3995 0.0426 -0.9157
vn -0.3483 0.0038 -0.9374
vn -0.2882 -0.0333 -0.9570
vn -0.2372 -0.0147 -0.9713
vn -0.1762 -0.0258 -0.9840
vn -0.1264 -0.1071 -0.9862
vn -0.1619 -0.2501 -0.9546
vn -0.2429 -0.3425 -0.9076
vn -0.2397 -0.1505 -0.9591
vn -0.1310 0.1273 -0.9832
vn -0.1010 0.2464 -0.9639
vn -0.2179 0.1795 -0.9593
vn 0.0365 0.0212 -0.9991
vn 0.0565 0.0076 -0.9984
vn 0.0713 0.0045 -0.9974
vn 0.0857 -0.0035 -0.9963
vn 0.0987 -0.0070 -0.9951
vn 0.1116 -0.0127 -0.9937
vn 0.1204 -0.0202 -0.9925
vn 0.1121 -0.0346 -0.9931
vn 0.0861 -0.0360 -0.9956
vn 0.0676 -0.0341 -0.9971
vn 0.0483 -0.0512 -0.9975
vn 0.0058 -0.0651 -0.9979
vn -0.0707 -0.1332 -0.9886
vn -0.1718 -0.2533 -0.9520
vn -0.1888 -0.2321 -0.9542
vn -0.0991 0.0281 -0.9947
vn -0.0402 0.2164 -0.9755
vn -0.1011 0.1855 -0.9774
vn 0.3133 0.0151 -0.9495
vn 0.3060 0.0124 -0.9520
vn 0.2963 0.0105 -0.9550
vn 0.2833 0.0087 -0.9590
vn 0.2689 0.0067 -0.9631
vn 0.2523 0.0056 -0.9676
vn 0.2330 0.0050 -0.9725
vn 0.2112 0.0044 -0.9774
vn 0.1872 0.0051 -0.9823
vn 0.1604 0.0045 -0.9870
vn 0.1278 0.0038 -0.9918
vn 0.0874 0.0027 -0.9962
vn 0.0325 -0.0309 -0.9990
vn -0.0450 -0.1637 -0.9855
vn -0.1071 -0.2436 -0.9639
vn -0.0709 -0.0490 -0.9963
vn -0.0142 0.1788 -0.9838
vn -0.0313 0.1792 -0.9833
vn -0.0030 0.1702 -0.9854
vn 0.2256 -0.9182 -0.3257
vn 0.9685 -0.2254 -0.1061
vn 0.4046 -0.7679 -0.4966
vn 0.9197 -0.3062 -0.2459
vn 0.6356 -0.5405 -0.5512
vn 0.8179 -0.3681 -0.4422
vn 0.7249 -0.3251 -0.6073
vn 0.4685 -0.1380 -0.8727
vn 0.5804 -0.1964 -0.7903
vn 0.3029 0.0425 -0.9521
vn 0.3745 -0.0169 -0.9271
vn 0.2189 0.1355 -0.9663
vn 0.1924 0.1313 -0.9725
vn 0.2635 0.2644 -0.9277
vn 0.2102 0.3097 -0.9273
vn 0.2066 0.3373 -0.9185
vn 0.2850 0.3697 -0.8844
vn 0.1773 0.3634 -0.9146
vn 0.1532 0.3401 -0.9278
vn 0.2769 0.3552 -0.8928
vn 0.3469 0.3053 -0.8868
vn 0.2731 0.5387 -0.7970
vn 0.1867 0.5048 -0.8428
vn 0.1875 0.6846 -0.7044
vn 0.2439 0.6601 -0.7105
vn 0.2133 0.6232 -0.7524
vn 0.2262 0.6439 -0.7309
vn 0.2745 0.7128 -0.6454
vn 0.2985 0.6804 -0.6693
vn 0.3604 0.7436 -0.5631
vn 0.3632 0.7243 -0.5861
vn 0.3829 0.7688 -0.5122
vn 0.9109 -0.2745 -0.3081
vn 0.8278 -0.3200 -0.4608
vn 0.7030 -0.3358 -0.6269
vn 0.6738 -0.2609 -0.6914
vn 0.2540 -0.1196 -0.9598
vn 0.2212 0.0025 -0.9752
vn 0.2553 0.1235 -0.9589
vn 0.2057 0.2304 -0.9511
vn 0.1296 0.3294 -0.9352
vn 0.2115 0.3066 -0.9280
vn 0.2153 0.2646 -0.9400
vn 0.0801 0.4114 -0.9079
vn 0.2171 0.5867 -0.7802
vn 0.2529 0.6318 -0.7327
vn 0.3113 0.6569 -0.6868
vn 0.3431 0.7039 -0.6219
vn 0.3796 0.7520 -0.5389
vn 0.8676 -0.2369 -0.4372
vn 0.7698 -0.2432 -0.5901
vn 0.5420 -0.2090 -0.8140
vn 0.4704 -0.1829 -0.8633
vn 0.3200 -0.0256 -0.9471
vn 0.2537 -0.0038 -0.9673
vn 0.1793 0.1059 -0.9781
vn 0.1021 0.2011 -0.9742
vn 0.1302 0.2983 -0.9455
vn 0.1744 0.2858 -0.9423
vn 0.1103 0.2714 -0.9561
vn 0.0693 0.3366 -0.9391
vn 0.1481 0.4874 -0.8605
vn 0.2533 0.5829 -0.7721
vn 0.2958 0.6310 -0.7172
vn 0.2889 0.6816 -0.6723
vn 0.3460 0.7354 -0.5826
vn 0.7413 -0.2102 -0.6374
vn 0.5286 -0.1711 -0.8314
vn 0.3422 -0.1110 -0.9331
vn 0.3221 -0.1061 -0.9407
vn 0.2211 -0.0688 -0.9728
vn 0.1826 0.0422 -0.9823
vn 0.1064 0.1126 -0.9879
vn 0.1011 0.1839 -0.9777
vn 0.1486 0.2451 -0.9580
vn 0.1719 0.3006 -0.9381
vn 0.1831 0.3114 -0.9325
vn 0.1456 0.3482 -0.9260
vn 0.1568 0.4363 -0.8860
vn 0.2289 0.5299 -0.8166
vn 0.2334 0.6001 -0.7651
vn 0.2188 0.6568 -0.7216
vn 0.2846 0.7167 -0.6367
vn 0.5065 -0.1746 -0.8444
vn 0.3514 -0.1271 -0.9276
vn 0.2037 -0.0633 -0.9770
vn 0.2761 -0.1153 -0.9542
vn 0.1453 -0.0256 -0.9891
vn 0.1019 0.0180 -0.9946
vn 0.1222 0.1007 -0.9874
vn 0.1514 0.1610 -0.9753
vn 0.1727 0.2113 -0.9621
vn 0.1974 0.2821 -0.9389
vn 0.2020 0.3229 -0.9246
vn 0.1830 0.3615 -0.9142
vn 0.1637 0.4166 -0.8942
vn 0.1751 0.4932 -0.8521
vn 0.1650 0.5718 -0.8036
vn 0.1501 0.6325 -0.7599
vn 0.2165 0.6961 -0.6845
vn 0.2651 -0.1417 -0.9538
vn 0.1462 -0.1200 -0.9819
vn 0.2695 -0.0847 -0.9593
vn 0.0889 -0.0794 -0.9929
vn 0.1063 -0.0482 -0.9932
vn 0.1358 0.0053 -0.9907
vn 0.1435 0.0761 -0.9867
vn 0.1471 0.1349 -0.9799
vn 0.1620 0.1902 -0.9683
vn 0.1553 0.2518 -0.9552
vn 0.1477 0.3056 -0.9406
vn 0.1158 0.3460 -0.9311
vn 0.1096 0.3860 -0.9159
vn 0.1170 0.4624 -0.8789
vn 0.1152 0.5504 -0.8269
vn 0.0986 0.6143 -0.7829
vn 0.1555 0.6738 -0.7224
vn 0.0795 -0.1269 -0.9887
vn 0.0707 -0.1191 -0.9904
vn 0.0924 -0.0926 -0.9914
vn 0.0946 -0.0992 -0.9906
vn 0.1120 -0.0682 -0.9914
vn 0.1073 -0.0145 -0.9941
vn 0.0950 0.0526 -0.9941
vn 0.1012 0.1128 -0.9885
vn 0.0979 0.1664 -0.9812
vn 0.0814 0.2269 -0.9705
vn 0.0701 0.2881 -0.9550
vn 0.0450 0.3270 -0.9439
vn 0.0590 0.3562 -0.9325
vn 0.0585 0.4337 -0.8992
vn 0.0582 0.5281 -0.8472
vn 0.0561 0.5964 -0.8007
vn 0.1235 0.6521 -0.7480
vn 0.3559 -0.0479 -0.9333
vn 0.3935 -0.0386 -0.9185
vn 0.0840 -0.1086 -0.9905
vn 0.3555 -0.0483 -0.9334
vn 0.2920 -0.0443 -0.9554
vn 0.2308 0.0008 -0.9730
vn 0.1890 0.0599 -0.9802
vn 0.1558 0.1155 -0.9810
vn 0.1066 0.1727 -0.9792
vn 0.0470 0.2257 -0.9731
vn -0.0020 0.2669 -0.9637
vn 0.0026 0.3073 -0.9516
vn 0.0163 0.3346 -0.9422
vn 0.0087 0.4114 -0.9114
vn 0.0053 0.5071 -0.8619
vn 0.0157 0.5745 -0.8183
vn 0.1166 0.6315 -0.7666
vn 0.4297 0.0048 -0.9030
vn 0.4022 -0.0364 -0.9148
vn 0.3485 0.0075 -0.9373
vn 0.2682 0.0130 -0.9633
vn 0.1754 0.0166 -0.9844
vn 0.0835 0.0342 -0.9959
vn 0.0165 0.0699 -0.9974
vn -0.0198 0.1153 -0.9931
vn -0.0370 0.1729 -0.9842
vn -0.0381 0.2383 -0.9705
vn -0.0480 0.2672 -0.9625
vn -0.0312 0.2861 -0.9577
vn -0.0185 0.3184 -0.9478
vn -0.0222 0.3968 -0.9177
vn -0.0316 0.4928 -0.8696
vn -0.0069 0.5527 -0.8334
vn 0.1082 0.6094 -0.7855
vn 0.0321 -0.0026 -0.9995
vn 0.5114 -0.0287 -0.8589
vn -0.0858 -0.0042 -0.9963
vn -0.1692 -0.0018 -0.9856
vn -0.2190 0.0023 -0.9757
vn -0.2357 0.0134 -0.9717
vn -0.2265 0.0308 -0.9735
vn -0.2163 0.0554 -0.9748
vn -0.2097 0.0822 -0.9743
vn -0.1934 0.1192 -0.9739
vn -0.1604 0.1749 -0.9714
vn -0.1072 0.2311 -0.9670
vn -0.0625 0.2634 -0.9627
vn -0.0473 0.3022 -0.9521
vn -0.0509 0.3858 -0.9212
vn -0.0571 0.4772 -0.8769
vn -0.0080 0.5374 -0.8433
vn 0.0851 0.5885 -0.8040
vn -0.2780 -0.0238 -0.9603
vn -0.2853 -0.0196 -0.9582
vn -0.2745 -0.0155 -0.9615
vn -0.2520 -0.0145 -0.9676
vn -0.2207 -0.0144 -0.9752
vn -0.1804 -0.0072 -0.9836
vn -0.1382 0.0315 -0.9899
vn -0.1156 0.0760 -0.9904
vn -0.1118 0.1217 -0.9862
vn -0.1251 0.1645 -0.9784
vn -0.1224 0.2019 -0.9717
vn -0.0978 0.2374 -0.9665
vn -0.0789 0.2842 -0.9555
vn -0.0695 0.3753 -0.9243
vn -0.0679 0.4613 -0.8846
vn -0.0130 0.5219 -0.8529
vn 0.0605 0.5723 -0.8178
vn -0.1384 -0.0163 -0.9902
vn -0.1231 -0.0164 -0.9923
vn -0.1079 -0.0161 -0.9940
vn -0.0972 -0.0183 -0.9951
vn -0.0908 -0.0194 -0.9957
vn -0.0928 -0.0136 -0.9956
vn -0.1072 0.0178 -0.9941
vn -0.1168 0.0633 -0.9911
vn -0.1208 0.1152 -0.9860
vn -0.1315 0.1598 -0.9784
vn -0.1274 0.1909 -0.9733
vn -0.1170 0.2193 -0.9686
vn -0.1018 0.2630 -0.9594
vn -0.0731 0.3607 -0.9298
vn -0.0548 0.4520 -0.8903
vn -0.0136 0.5053 -0.8628
vn 0.0381 0.5599 -0.8277
vn -0.0110 -0.0032 -0.9999
vn -0.0228 -0.0070 -0.9997
vn -0.0361 -0.0104 -0.9993
vn -0.0473 -0.0133 -0.9988
vn -0.0572 -0.0148 -0.9983
vn -0.0691 -0.0091 -0.9976
vn -0.0825 0.0180 -0.9964
vn -0.0891 0.0577 -0.9944
vn -0.0935 0.1076 -0.9898
vn -0.0971 0.1579 -0.9827
vn -0.0960 0.1838 -0.9783
vn -0.0889 0.2124 -0.9731
vn -0.0844 0.2481 -0.9651
vn -0.0632 0.3406 -0.9381
vn -0.0320 0.4427 -0.8961
vn -0.0106 0.4941 -0.8693
vn 0.0115 0.5441 -0.8389
vn 0.0216 0.5514 -0.8340
vn 0.1479 0.0138 -0.9889
vn 0.1262 0.0113 -0.9919
vn 0.0988 0.0068 -0.9951
vn 0.0678 0.0011 -0.9977
vn 0.0354 -0.0018 -0.9994
vn 0.0115 -0.0024 -0.9999
vn 0.0068 0.0118 -0.9999
vn 0.0074 0.0512 -0.9987
vn 0.0049 0.0955 -0.9954
vn 0.0029 0.1516 -0.9884
vn -0.0000 0.1793 -0.9838
vn -0.0030 0.2069 -0.9784
vn -0.0055 0.2415 -0.9704
vn -0.0074 0.3198 -0.9475
vn -0.0048 0.4317 -0.9020
vn 0.0006 0.4881 -0.8728
vn 0.0041 0.5391 -0.8422
vn 0.0133 0.4922 -0.8704
vn -0.0040 0.5419 -0.8405
vn 0.0160 0.5026 -0.8644
vn -0.0093 0.5479 -0.8365
vn -0.0185 0.5558 -0.8311
vn 0.0115 0.5143 -0.8576
vn -0.0374 0.5669 -0.8230
vn 0.0156 0.5271 -0.8496
vn -0.0616 0.5811 -0.8115
vn 0.0157 0.5467 -0.8372
vn -0.0851 0.6017 -0.7942
vn -0.0083 0.5687 -0.8225
vn -0.0969 0.6235 -0.7758
vn -0.0497 0.5898 -0.8060
vn -0.1085 0.6439 -0.7573
vn -0.0927 0.6068 -0.7895
vn -0.1439 0.6665 -0.7315
vn -0.1577 0.6267 -0.7631
vn -0.2055 0.6878 -0.6962
vn -0.2375 0.6506 -0.7213
vn -0.2944 0.7096 -0.6402
vn -0.3101 0.6746 -0.6700
vn -0.3568 0.7301 -0.5827
vn -0.3592 0.6977 -0.6199
vn -0.3809 0.7478 -0.5438
vn 0.0272 0.4417 -0.8968
vn 0.0528 0.4507 -0.8911
vn 0.0645 0.4649 -0.8830
vn 0.0625 0.4799 -0.8751
vn 0.0339 0.4921 -0.8699
vn -0.0095 0.5069 -0.8619
vn -0.0648 0.5264 -0.8478
vn -0.1230 0.5460 -0.8287
vn -0.1864 0.5685 -0.8013
vn -0.2669 0.5991 -0.7549
vn -0.3124 0.6285 -0.7123
vn -0.3115 0.6550 -0.6884
vn -0.3750 0.7205 -0.5834
vn 0.0551 0.3405 -0.9386
vn 0.0727 0.3610 -0.9297
vn 0.0698 0.3770 -0.9236
vn 0.0503 0.3889 -0.9199
vn 0.0160 0.4017 -0.9156
vn -0.0223 0.4176 -0.9084
vn -0.0751 0.4426 -0.8936
vn -0.1373 0.4727 -0.8704
vn -0.1980 0.5057 -0.8397
vn -0.2436 0.5495 -0.7992
vn -0.2462 0.6122 -0.7514
vn -0.2439 0.6607 -0.7099
vn -0.2938 0.6867 -0.6650
vn 0.0758 0.2489 -0.9656
vn 0.1020 0.2668 -0.9583
vn 0.0764 0.2923 -0.9533
vn 0.0435 0.3076 -0.9505
vn 0.0101 0.3234 -0.9462
vn -0.0245 0.3426 -0.9392
vn -0.0736 0.3699 -0.9262
vn -0.1314 0.4034 -0.9055
vn -0.1739 0.4339 -0.8840
vn -0.1263 0.4560 -0.8810
vn -0.1376 0.5350 -0.8336
vn -0.2360 0.6492 -0.7231
vn -0.2307 0.6409 -0.7321
vn 0.0846 0.2127 -0.9734
vn 0.1394 0.2277 -0.9637
vn 0.0926 0.2629 -0.9604
vn 0.0469 0.2731 -0.9609
vn 0.0203 0.2953 -0.9552
vn -0.0145 0.3178 -0.9480
vn -0.0684 0.3370 -0.9390
vn -0.1444 0.3572 -0.9228
vn -0.1790 0.3658 -0.9133
vn -0.0967 0.3457 -0.9333
vn -0.0447 0.3772 -0.9251
vn -0.1531 0.4492 -0.8802
vn -0.2125 0.7371 -0.6415
vn 0.0951 0.1844 -0.9782
vn 0.1972 0.1935 -0.9611
vn 0.1132 0.2458 -0.9627
vn 0.0396 0.2464 -0.9684
vn 0.0396 0.2532 -0.9666
vn -0.0164 0.2756 -0.9611
vn -0.0987 0.3003 -0.9487
vn -0.1761 0.3186 -0.9314
vn -0.1831 0.3243 -0.9281
vn -0.0750 0.3130 -0.9468
vn -0.2590 0.2922 -0.9206
vn -0.3702 0.2848 -0.8842
vn -0.2607 0.4641 -0.8465
vn 0.0998 0.1577 -0.9824
vn 0.2436 0.1538 -0.9576
vn 0.1188 0.2049 -0.9716
vn -0.0000 0.2030 -0.9792
vn 0.0293 0.2009 -0.9792
vn -0.0344 0.2179 -0.9754
vn -0.1124 0.2395 -0.9644
vn -0.1795 0.2702 -0.9459
vn -0.1416 0.2864 -0.9476
vn -0.1899 0.2833 -0.9400
vn -0.2692 0.3045 -0.9137
vn -0.2013 0.3702 -0.9069
vn -0.3343 0.3116 -0.8895
vn 0.1029 0.1118 -0.9884
vn 0.2591 0.1122 -0.9593
vn 0.1093 0.1477 -0.9830
vn -0.0452 0.1524 -0.9873
vn 0.0237 0.1397 -0.9899
vn -0.0489 0.1575 -0.9863
vn -0.1269 0.1796 -0.9755
vn -0.1724 0.2050 -0.9635
vn -0.1565 0.2172 -0.9635
vn -0.1731 0.2538 -0.9516
vn -0.1699 0.3430 -0.9238
vn -0.1261 0.3237 -0.9377
vn -0.1702 0.4580 -0.8725
vn 0.1262 0.0684 -0.9896
vn 0.2699 0.0870 -0.9590
vn 0.0977 0.1015 -0.9900
vn -0.0740 0.0996 -0.9923
vn 0.0076 0.0894 -0.9960
vn -0.0625 0.1048 -0.9925
vn -0.1263 0.1264 -0.9839
vn -0.1560 0.1505 -0.9762
vn -0.1504 0.1822 -0.9717
vn -0.1218 0.1864 -0.9749
vn -0.1418 0.2137 -0.9666
vn -0.2280 0.2805 -0.9324
vn -0.2675 0.2643 -0.9266
vn -0.1470 0.3192 -0.9362
vn 0.1778 0.0324 -0.9835
vn 0.2831 0.0760 -0.9561
vn 0.0450 0.0750 -0.9962
vn -0.1152 0.0496 -0.9921
vn -0.0119 0.0344 -0.9993
vn -0.0657 0.0435 -0.9969
vn -0.1241 0.0661 -0.9901
vn -0.1525 0.0875 -0.9844
vn -0.1252 0.1030 -0.9868
vn -0.1521 0.1412 -0.9782
vn -0.2102 0.1274 -0.9693
vn -0.2450 0.1363 -0.9599
vn -0.1692 0.2089 -0.9632
vn 0.2349 0.0082 -0.9720
vn 0.3021 0.0514 -0.9519
vn -0.0457 0.0505 -0.9977
vn -0.1691 -0.0038 -0.9856
vn -0.0205 -0.0225 -0.9995
vn -0.0822 -0.0051 -0.9966
vn -0.1346 -0.0052 -0.9909
vn -0.1530 0.0114 -0.9882
vn -0.1294 0.0254 -0.9913
vn -0.2009 0.0360 -0.9790
vn -0.2862 0.0160 -0.9580
vn -0.2337 -0.0051 -0.9723
vn -0.1742 -0.0166 -0.9846
vn 0.2742 0.0148 -0.9616
vn 0.3087 0.0343 -0.9505
vn -0.1343 0.0366 -0.9903
vn -0.2391 -0.0248 -0.9707
vn -0.0155 -0.0695 -0.9975
vn -0.0931 -0.0360 -0.9950
vn -0.1573 -0.0447 -0.9865
vn -0.1413 -0.0449 -0.9889
vn -0.1750 -0.0376 -0.9839
vn -0.2852 -0.0943 -0.9538
vn -0.3968 -0.1141 -0.9108
vn -0.3207 -0.2293 -0.9190
vn -0.4812 -0.2573 -0.8380
vn 0.3017 0.0200 -0.9532
vn 0.2864 0.0240 -0.9578
vn -0.2017 0.0284 -0.9790
vn -0.3032 -0.0166 -0.9528
vn -0.0191 -0.0841 -0.9963
vn -0.0861 -0.0586 -0.9946
vn -0.1824 -0.0523 -0.9818
vn -0.1439 -0.0791 -0.9864
vn -0.2832 -0.0782 -0.9559
vn -0.4181 -0.1883 -0.8887
vn -0.4897 -0.2257 -0.8422
vn -0.5597 -0.3054 -0.7704
vn -0.6761 -0.3883 -0.6263
vn 0.3196 0.0207 -0.9473
vn 0.2399 0.0209 -0.9706
vn -0.2602 0.0205 -0.9653
vn -0.3375 -0.0127 -0.9412
vn -0.0346 -0.0784 -0.9963
vn -0.0881 -0.0734 -0.9934
vn -0.1995 -0.0630 -0.9779
vn -0.1730 -0.0760 -0.9820
vn -0.4299 -0.0911 -0.8983
vn -0.5788 -0.2001 -0.7905
vn -0.5640 -0.3328 -0.7557
vn -0.8134 -0.3591 -0.4576
vn 0.3274 0.0191 -0.9447
vn 0.1792 0.0204 -0.9836
vn -0.3231 0.0210 -0.9461
vn -0.3433 -0.0168 -0.9391
vn -0.0376 -0.0660 -0.9971
vn -0.1155 -0.0710 -0.9908
vn -0.2213 -0.0699 -0.9727
vn -0.2979 -0.1158 -0.9476
vn -0.6309 -0.1683 -0.7574
vn -0.6976 -0.2450 -0.6733
vn -0.7078 -0.3967 -0.5845
vn -0.7614 -0.2852 -0.5822
vn -0.8929 -0.3333 -0.3028
vn 0.3218 0.0152 -0.9467
vn 0.1057 0.0151 -0.9943
vn -0.3814 0.0157 -0.9243
vn -0.3387 -0.0297 -0.9404
vn -0.0358 -0.0805 -0.9961
vn -0.1763 -0.0861 -0.9806
vn -0.2800 -0.0925 -0.9555
vn -0.5135 -0.1439 -0.8459
vn -0.7576 -0.1625 -0.6321
vn -0.7861 -0.2582 -0.5616
vn -0.8591 -0.3635 -0.3602
vn -0.9655 -0.2529 -0.0623
vn -0.7599 -0.5578 -0.3337
vn -0.4256 -0.8768 -0.2240
vn 0.0089 0.0845 0.9964
vn 0.0936 -0.0245 0.9953
vn 0.0773 0.0831 0.9935
vn 0.1475 0.1056 0.9834
vn 0.2302 0.1103 0.9669
vn 0.3029 0.1045 0.9473
vn 0.3680 0.0015 0.9298
vn 0.3561 0.1060 0.9284
vn 0.4319 0.1336 0.8920
vn 0.5546 0.1967 0.8085
vn 0.7047 0.2242 0.6731
vn 0.8265 0.2219 0.5174
vn 0.9050 0.2216 0.3632
vn 0.9655 0.1713 0.1962
vn 0.9550 0.2141 0.2054
vn 0.9825 0.1723 -0.0707
vn 0.9778 0.2017 0.0565
vn -0.9799 0.1803 -0.0855
vn -0.7933 -0.5968 0.1208
vn -0.9755 0.2165 0.0400
vn -0.7833 -0.5781 0.2284
vn -0.9551 0.2368 0.1782
vn -0.7457 -0.5734 0.3393
vn -0.9142 0.2441 0.3236
vn -0.6949 -0.5650 0.4448
vn -0.8508 0.2471 0.4638
vn -0.6170 -0.5461 0.5667
vn -0.7377 0.2632 0.6217
vn -0.4912 -0.5652 0.6628
vn -0.5985 0.2341 0.7661
vn -0.3658 -0.5963 0.7146
vn -0.4667 0.1751 0.8669
vn -0.2720 -0.6320 0.7257
vn -0.3714 0.0999 0.9231
vn -0.2292 -0.6392 0.7341
vn -0.3125 0.0843 0.9462
vn -0.1969 -0.6328 0.7489
vn -0.2681 0.0885 0.9593
vn -0.1444 -0.6213 0.7702
vn -0.1939 0.1039 0.9755
vn -0.0835 -0.6175 0.7821
vn -0.1129 0.1179 0.9866
vn -0.0335 -0.6260 0.7791
vn -0.0507 0.1017 0.9935
vn 0.0063 -0.6320 0.7749
vn 0.0018 0.1287 -0.9917
vn 0.0007 0.1254 -0.9921
vn -0.0261 0.1439 -0.9892
vn -0.1134 0.1553 -0.9813
vn -0.2450 0.1281 -0.9610
vn -0.4112 0.0919 -0.9069
vn -0.5308 0.0991 -0.8417
vn -0.3680 0.1573 -0.9164
vn -0.5759 0.0248 -0.8171
vn -0.8144 0.0080 -0.5803
vn -0.7054 -0.0048 -0.7088
vn -0.8807 0.0279 -0.4728
vn -0.8154 0.0262 -0.5782
vn -0.9195 0.0564 -0.3890
vn -0.9479 0.1029 -0.3014
vn -0.9685 0.1451 -0.2022
vn 0.7800 -0.6248 0.0367
vn 0.9722 0.1362 -0.1904
vn 0.7622 -0.6452 -0.0518
vn 0.9521 0.0900 -0.2923
vn 0.7299 -0.6718 -0.1264
vn 0.9241 0.0510 -0.3788
vn 0.6950 -0.6927 -0.1925
vn 0.8884 0.0187 -0.4587
vn 0.6546 -0.7107 -0.2576
vn 0.8329 -0.0053 -0.5534
vn 0.5376 -0.7200 -0.4389
vn 0.7434 -0.0061 -0.6689
vn 0.4486 -0.7143 -0.5372
vn 0.6207 0.0066 -0.7840
vn 0.3446 -0.7053 -0.6195
vn 0.4694 0.0252 -0.8826
vn 0.2359 -0.6831 -0.6912
vn 0.2858 0.0936 -0.9537
vn 0.1414 -0.6837 -0.7160
vn 0.1549 0.1350 -0.9787
vn 0.0573 0.1474 -0.9874
vn 0.0737 -0.6816 -0.7280
vn 0.0025 0.1308 -0.9914
vn 0.0311 -0.7046 -0.7089
vn -0.0014 0.1254 -0.9921
vn 0.0093 -0.7076 -0.7066
vn 0.2609 0.9580 -0.1193
vn 0.2490 0.9542 -0.1660
vn 0.2066 0.9551 -0.2125
vn 0.1669 0.9520 -0.2565
vn 0.1293 0.9504 -0.2829
vn 0.1290 0.9456 -0.2987
vn 0.1235 0.6522 -0.7480
vn 0.1254 0.9406 -0.3154
vn 0.1114 0.9370 -0.3312
vn 0.0901 0.9342 -0.3453
vn 0.0649 0.9325 -0.3552
vn 0.0484 0.9318 -0.3596
vn 0.0444 0.9308 -0.3628
vn 0.0216 0.5514 -0.8339
vn 0.0398 0.9280 -0.3706
vn 0.0115 0.5442 -0.8389
vn 0.0281 0.9266 -0.3750
vn 0.0041 0.5392 -0.8422
vn 0.0135 0.9257 -0.3781
vn -0.0041 0.5419 -0.8404
vn -0.0085 0.9280 -0.3726
vn 0.0016 0.9278 -0.3731
vn -0.0094 0.5480 -0.8364
vn -0.0225 0.9299 -0.3671
vn -0.0215 0.9323 -0.3610
vn -0.0289 0.9318 -0.3618
vn -0.0566 0.9340 -0.3527
vn -0.0729 0.9368 -0.3421
vn -0.0856 0.9400 -0.3302
vn -0.1085 0.6440 -0.7573
vn -0.0980 0.9454 -0.3109
vn -0.1439 0.6665 -0.7314
vn -0.0926 0.9493 -0.3004
vn -0.1403 0.9516 -0.2734
vn -0.2061 0.9557 -0.2103
vn -0.3568 0.7302 -0.5827
vn -0.2400 0.9578 -0.1581
vn 0.0878 0.7909 0.6056
vn 0.3173 0.7533 0.5761
vn 0.0952 0.7826 0.6152
vn 0.3324 0.7480 0.5744
vn 0.1095 0.7792 0.6171
vn 0.3471 0.7426 0.5728
vn 0.1267 0.7828 0.6092
vn 0.3636 0.7421 0.5632
vn 0.1419 0.7914 0.5946
vn 0.3827 0.7506 0.5386
vn 0.1559 0.7984 0.5816
vn 0.4015 0.7645 0.5044
vn 0.1716 0.8048 0.5682
vn 0.4177 0.7776 0.4700
vn 0.1910 0.8166 0.5446
vn 0.4321 0.7904 0.4342
vn 0.2093 0.8434 0.4949
vn 0.4426 0.8051 0.3949
vn 0.2192 0.8702 0.4413
vn 0.4497 0.8218 0.3499
vn 0.2265 0.8854 0.4060
vn 0.4548 0.8408 0.2936
vn 0.2370 0.8949 0.3782
vn 0.4596 0.8533 0.2462
vn 0.2423 0.9055 0.3482
vn 0.4648 0.8614 0.2046
vn 0.2464 0.9179 0.3111
vn 0.4682 0.8712 0.1476
vn 0.2509 0.9279 0.2758
vn 0.4721 0.8772 0.0872
vn 0.2531 0.9397 0.2298
vn 0.4717 0.8817 0.0127
vn 0.2472 0.9518 0.1817
vn 0.4609 0.8839 -0.0794
vn 0.2503 0.9584 0.1370
vn 0.4548 0.8777 -0.1512
vn 0.2504 0.9647 0.0819
vn 0.4517 0.8671 -0.2098
vn 0.2471 0.9679 0.0459
vn 0.4437 0.8543 -0.2707
vn 0.2487 0.9685 0.0152
vn 0.4357 0.8399 -0.3237
vn 0.2330 0.9717 -0.0400
vn 0.4251 0.8260 -0.3701
vn 0.2160 0.9726 -0.0862
vn 0.4122 0.8124 -0.4123
vn 0.2102 0.9722 -0.1034
vn 0.4029 0.7986 -0.4471
vn 0.2219 0.9691 -0.1073
vn 0.3939 0.7843 -0.4793
vn 0.2422 0.9643 -0.1072
vn 0.2609 0.9580 -0.1192
vn -0.3810 0.7478 -0.5437
vn -0.2425 0.9625 -0.1219
vn -0.3954 0.7632 -0.5111
vn -0.2284 0.9673 -0.1107
vn -0.4035 0.7783 -0.4812
vn -0.2169 0.9712 -0.0987
vn -0.4162 0.7943 -0.4426
vn -0.2156 0.9725 -0.0885
vn -0.4327 0.8101 -0.3957
vn -0.2211 0.9736 -0.0569
vn -0.4455 0.8241 -0.3499
vn -0.2318 0.9727 -0.0130
vn -0.4568 0.8386 -0.2969
vn -0.2377 0.9710 0.0248
vn -0.4710 0.8519 -0.2289
vn -0.2409 0.9683 0.0663
vn -0.4769 0.8628 -0.1678
vn -0.2415 0.9634 0.1161
vn -0.4832 0.8700 -0.0984
vn -0.2435 0.9552 0.1683
vn -0.4954 0.8686 -0.0036
vn -0.2481 0.9446 0.2147
vn -0.5003 0.8616 0.0855
vn -0.2471 0.9327 0.2625
vn -0.4972 0.8534 0.1565
vn -0.2461 0.9183 0.3100
vn -0.4901 0.8452 0.2133
vn -0.2417 0.9062 0.3471
vn -0.4829 0.8390 0.2509
vn -0.2345 0.8929 0.3845
vn -0.4760 0.8273 0.2985
vn -0.2230 0.8787 0.4221
vn -0.4681 0.8063 0.3616
vn -0.2134 0.8612 0.4613
vn -0.4581 0.7886 0.4103
vn -0.1989 0.8252 0.5287
vn -0.4435 0.7757 0.4491
vn -0.1737 0.8032 0.5698
vn -0.4260 0.7642 0.4843
vn -0.1584 0.8041 0.5730
vn -0.4073 0.7473 0.5250
vn -0.1439 0.7978 0.5855
vn -0.3869 0.7318 0.5610
vn -0.1288 0.7926 0.5960
vn -0.3575 0.7250 0.5887
vn -0.1089 0.7860 0.6086
vn -0.3411 0.7289 0.5936
vn -0.0919 0.7839 0.6140
vn -0.3187 0.7332 0.6007
vn -0.0834 0.7865 0.6120
vn -0.0874 0.7984 0.5957
vn -0.3013 0.7436 0.5969
vn -0.0790 0.8136 0.5760
vn -0.0667 0.8290 0.5552
vn -0.0662 0.8474 0.5269
vn -0.0870 0.8635 0.4967
vn -0.2104 0.7644 0.6095
vn -0.1239 0.8712 0.4750
vn -0.1367 0.8594 0.4927
vn -0.2035 0.7211 0.6623
vn -0.1441 0.8490 0.5083
vn -0.2024 0.6985 0.6864
vn -0.1735 0.8422 0.5105
vn -0.1819 0.8230 0.5381
vn -0.1422 0.6100 0.7796
vn -0.1328 0.7904 0.5981
vn -0.0556 0.7555 0.6528
vn -0.0070 0.7302 0.6831
vn 0.0013 0.4679 0.8838
vn 0.0114 0.7182 0.6958
vn -0.0004 0.4577 0.8891
vn 0.0214 0.7151 0.6987
vn -0.0031 0.4643 0.8857
vn -0.0032 0.4571 0.8894
vn -0.0047 0.4849 0.8745
vn 0.0342 0.7286 0.6841
vn 0.0585 0.7493 0.6596
vn 0.1287 0.7839 0.6075
vn 0.1573 0.6556 0.7385
vn 0.1931 0.8215 0.5365
vn 0.1806 0.7001 0.6909
vn 0.1928 0.8479 0.4938
vn 0.1806 0.7314 0.6576
vn 0.1603 0.8617 0.4814
vn 0.1742 0.7609 0.6251
vn 0.1406 0.8738 0.4656
vn 0.1016 0.8759 0.4717
vn 0.2148 0.7913 0.5724
vn 0.0545 0.8606 0.5064
vn 0.0480 0.8479 0.5279
vn 0.0573 0.8301 0.5547
vn 0.0734 0.8097 0.5822
vn 0.1308 -0.9888 0.0713
vn -0.6651 -0.7269 0.1709
vn -0.4736 -0.8575 0.2011
vn -0.6901 -0.7237 0.0075
vn -0.7250 -0.6676 0.1693
vn -0.7830 -0.6169 0.0802
vn -0.7731 -0.6082 0.1802
vn -0.7288 -0.6729 0.1267
vn -0.7836 -0.5741 0.2375
vn -0.8747 -0.4846 0.0054
vn -0.8274 -0.5545 0.0886
vn -0.7818 -0.6232 -0.0217
vn -0.8427 -0.5321 0.0822
vn -0.8120 -0.5805 0.0604
vn -0.7635 -0.6090 0.2149
vn -0.8107 -0.5818 -0.0658
vn -0.8149 -0.5659 0.1255
vn -0.8437 -0.5338 -0.0565
vn -0.8171 -0.5518 0.1668
vn -0.8184 -0.5747 -0.0065
vn -0.7768 -0.5599 0.2881
vn -0.7805 -0.6250 0.0142
vn -0.7644 -0.5517 0.3336
vn -0.7664 -0.6408 0.0450
vn -0.7232 -0.5942 0.3521
vn -0.7712 -0.6322 0.0749
vn -0.7144 -0.6099 0.3429
vn -0.7289 -0.6772 0.1008
vn -0.7219 -0.6136 0.3199
vn -0.6943 -0.7115 0.1085
vn -0.6809 -0.6612 0.3150
vn -0.6710 -0.7391 0.0587
vn -0.6692 -0.6729 0.3153
vn -0.7975 -0.6033 -0.0002
vn -0.6691 -0.6846 0.2892
vn -0.8907 -0.4155 0.1845
vn -0.8178 -0.5558 0.1490
vn -0.6684 -0.6530 0.3561
vn -0.6958 -0.5618 0.4474
vn -0.7420 -0.6411 0.1961
vn -0.5585 -0.5466 0.6240
vn -0.8231 -0.5391 0.1786
vn -0.8317 -0.4856 0.2691
vn -0.6545 -0.6917 0.3053
vn -0.6765 -0.5697 0.4666
vn -0.7270 -0.6398 0.2491
vn -0.5733 -0.5937 0.5647
vn -0.3091 -0.9377 0.1585
vn -0.9492 -0.3145 -0.0019
vn -0.8779 -0.4778 0.0304
vn -0.6258 -0.7047 0.3345
vn -0.5119 -0.7528 0.4139
vn -0.7208 -0.6186 0.3126
vn -0.7822 -0.5669 0.2583
vn -0.7806 -0.5458 0.3045
vn -0.7279 -0.5625 0.3921
vn -0.7377 -0.5511 0.3901
vn -0.7156 -0.5419 0.4408
vn -0.6355 -0.5413 0.5505
vn -0.5611 -0.4755 0.6775
vn -0.6006 -0.4060 0.6888
vn -0.5730 -0.4596 0.6785
vn -0.6050 -0.4846 0.6317
vn -0.6241 -0.5203 0.5829
vn -0.5896 -0.5914 0.5501
vn -0.5824 -0.6017 0.5467
vn -0.6575 -0.5574 0.5070
vn -0.6938 -0.5466 0.4689
vn -0.4340 -0.5861 0.6842
vn -0.6625 -0.4155 0.6232
vn -0.7686 -0.4313 0.4726
vn -0.4528 -0.5353 0.7130
vn -0.8036 -0.4987 0.3248
vn -0.6097 -0.4647 0.6422
vn -0.3704 -0.9175 0.1450
vn -0.9876 -0.1457 0.0587
vn -0.5651 -0.6143 0.5507
vn -0.4641 -0.6014 0.6503
vn -0.6356 -0.5502 0.5416
vn -0.6237 -0.5153 0.5878
vn -0.5862 -0.4943 0.6420
vn -0.5680 -0.4727 0.6737
vn -0.5352 -0.4556 0.7114
vn -0.4735 -0.4549 0.7543
vn -0.3715 -0.4784 0.7957
vn -0.3194 -0.3604 0.8764
vn -0.3914 -0.2258 0.8921
vn -0.3998 -0.2696 0.8760
vn -0.4479 -0.3029 0.8412
vn -0.4618 -0.3626 0.8095
vn -0.4342 -0.4537 0.7782
vn -0.4554 -0.4694 0.7565
vn -0.4952 -0.3933 0.7746
vn -0.4462 -0.4595 0.7680
vn -0.3903 -0.5227 0.7579
vn -0.7286 -0.2898 0.6206
vn -0.5377 -0.3899 0.7476
vn -0.4739 -0.5253 0.7068
vn -0.8935 -0.3275 0.3071
vn -0.6597 -0.3380 0.6712
vn -0.4845 -0.8399 0.2445
vn -0.9638 -0.0358 0.2644
vn -0.3405 -0.4304 0.8360
vn -0.2658 -0.3855 0.8836
vn -0.3694 -0.4113 0.8333
vn -0.3619 -0.3892 0.8471
vn -0.3496 -0.3669 0.8621
vn -0.3282 -0.3443 0.8796
vn -0.2779 -0.3228 0.9048
vn -0.1644 -0.2935 0.9417
vn -0.1458 -0.3488 0.9258
vn -0.1583 -0.2755 0.9482
vn -0.2263 -0.0991 0.9690
vn -0.2646 -0.1124 0.9578
vn -0.3035 -0.1503 0.9409
vn -0.2986 -0.2129 0.9303
vn -0.2677 -0.3003 0.9155
vn -0.2783 -0.3261 0.9034
vn -0.3277 -0.2484 0.9116
vn -0.3436 -0.3341 0.8777
vn -0.4688 -0.4242 0.7747
vn -0.6205 -0.2634 0.7387
vn -0.4058 -0.3373 0.8495
vn -0.5717 -0.4760 0.6683
vn -0.9448 -0.1393 0.2964
vn -0.6659 -0.2261 0.7109
vn -0.4836 -0.7511 0.4493
vn -0.8245 0.0701 0.5614
vn 0.0401 -0.1163 0.9924
vn -0.0610 -0.1805 0.9817
vn -0.1233 -0.2176 0.9682
vn -0.1647 -0.2413 0.9564
vn -0.1796 -0.2539 0.9504
vn -0.1624 -0.2613 0.9515
vn -0.0793 -0.2773 0.9575
vn -0.0065 -0.1996 0.9799
vn 0.0613 -0.1826 0.9813
vn -0.1128 -0.1833 0.9766
vn -0.1525 -0.0606 0.9865
vn -0.2137 -0.0238 0.9766
vn -0.2342 -0.0695 0.9697
vn -0.1966 -0.1304 0.9718
vn -0.1625 -0.1972 0.9668
vn -0.1783 -0.2328 0.9560
vn -0.3096 -0.1877 0.9321
vn -0.1713 -0.1664 0.9711
vn -0.4105 -0.2717 0.8704
vn -0.3073 -0.1021 0.9461
vn -0.3795 -0.1828 0.9070
vn -0.4397 -0.3322 0.8344
vn -0.8836 0.0493 0.4656
vn -0.5134 -0.1273 0.8487
vn -0.3810 -0.6208 0.6851
vn -0.4857 0.2815 0.8276
vn 0.1685 0.0399 0.9849
vn 0.0714 0.0164 0.9973
vn 0.0096 -0.0455 0.9989
vn -0.0200 -0.0955 0.9952
vn -0.0142 -0.1259 0.9919
vn -0.0179 -0.1626 0.9865
vn 0.0107 -0.2572 0.9663
vn 0.0466 -0.2459 0.9682
vn 0.1572 -0.0890 0.9836
vn -0.1236 -0.0703 0.9898
vn -0.1247 -0.0538 0.9907
vn -0.2072 0.0134 0.9782
vn -0.1758 -0.0290 0.9840
vn -0.1177 -0.0822 0.9896
vn -0.0734 -0.1255 0.9894
vn -0.0965 -0.1186 0.9882
vn -0.0896 -0.1075 0.9902
vn -0.0985 0.0009 0.9951
vn -0.0964 -0.0707 0.9928
vn -0.2418 -0.1590 0.9572
vn -0.1892 0.0893 0.9779
vn -0.1612 -0.0539 0.9855
vn -0.1851 0.3900 0.9020
vn -0.3409 -0.1033 0.9344
vn -0.1202 -0.4608 0.8793
vn -0.1519 0.5071 0.8484
vn 0.1952 0.1517 0.9690
vn 0.1367 0.1236 0.9829
vn 0.1949 0.1050 0.9752
vn 0.2295 0.0920 0.9689
vn 0.2213 0.0734 0.9724
vn 0.2285 0.0551 0.9720
vn 0.2656 -0.0338 0.9635
vn 0.1625 -0.1960 0.9670
vn 0.1055 -0.0736 0.9917
vn 0.0305 0.0789 0.9964
vn -0.0911 0.0492 0.9946
vn -0.1232 0.0670 0.9901
vn -0.0421 0.0315 0.9986
vn 0.0318 -0.0063 0.9995
vn 0.0785 -0.0310 0.9964
vn 0.0851 -0.0008 0.9964
vn 0.1100 0.0031 0.9939
vn -0.0072 0.1295 0.9915
vn 0.1567 0.1506 0.9761
vn -0.0575 0.1303 0.9898
vn -0.1030 -0.0533 0.9933
vn 0.0700 0.1877 0.9797
vn 0.0260 0.3022 0.9529
vn -0.1163 0.0875 0.9894
vn 0.1669 -0.2994 0.9394
vn 0.1315 0.5241 0.8414
vn 0.3061 0.2319 0.9233
vn 0.4590 0.3044 0.8347
vn 0.5184 0.2842 0.8065
vn 0.4679 0.2948 0.8332
vn 0.4666 0.2593 0.8456
vn 0.5048 0.2482 0.8268
vn 0.4782 0.2764 0.8336
vn 0.4058 0.1317 0.9044
vn 0.1381 0.0419 0.9895
vn 0.1543 0.1672 0.9738
vn 0.0038 0.2061 0.9785
vn 0.0726 0.1629 0.9840
vn 0.1594 0.1195 0.9800
vn 0.2373 0.0939 0.9669
vn 0.2877 0.0921 0.9533
vn 0.2831 0.1231 0.9512
vn 0.2678 0.1353 0.9539
vn 0.3392 0.3550 0.8711
vn 0.2049 0.1453 0.9679
vn 0.1560 0.2228 0.9623
vn 0.2640 0.1889 0.9458
vn 0.1601 0.3245 0.9323
vn 0.3270 0.2512 0.9111
vn 0.3932 -0.3055 0.8672
vn 0.3271 0.5230 0.7870
vn 0.6764 0.3665 0.6389
vn 0.6791 0.2751 0.6806
vn 0.6234 0.4222 0.6581
vn 0.6131 0.4382 0.6573
vn 0.6231 0.3931 0.6762
vn 0.6045 0.3308 0.7247
vn 0.5771 0.3909 0.7170
vn 0.5206 0.4567 0.7213
vn 0.3319 0.3505 0.8758
vn 0.2435 0.3051 0.9206
vn 0.2224 0.3406 0.9135
vn 0.3176 0.2891 0.9031
vn 0.4109 0.2328 0.8815
vn 0.4956 0.2109 0.8425
vn 0.5140 0.2264 0.8273
vn 0.4926 0.2650 0.8290
vn 0.4719 0.3004 0.8289
vn 0.4119 0.3638 0.8354
vn 0.4408 0.2834 0.8517
vn 0.4742 0.4051 0.7817
vn 0.5103 0.3678 0.7773
vn 0.4320 0.4433 0.7854
vn 0.3497 0.3308 0.8765
vn 0.6979 0.3332 0.6340
vn 0.5511 -0.2912 0.7820
vn 0.4930 0.5455 0.6778
vn 0.7956 0.3603 0.4871
vn 0.7485 0.4218 0.5116
vn 0.7361 0.4773 0.4799
vn 0.7261 0.5188 0.4512
vn 0.6886 0.5274 0.4976
vn 0.6707 0.4494 0.5900
vn 0.6032 0.4156 0.6807
vn 0.5203 0.5470 0.6558
vn 0.4800 0.5911 0.6482
vn 0.4343 0.5372 0.7230
vn 0.5171 0.4840 0.7059
vn 0.5920 0.4210 0.6872
vn 0.6836 0.3455 0.6429
vn 0.7111 0.3337 0.6188
vn 0.6890 0.3540 0.6325
vn 0.6772 0.3821 0.6288
vn 0.7090 0.4578 0.5364
vn 0.6833 0.4073 0.6060
vn 0.6532 0.4676 0.5956
vn 0.6988 0.4712 0.5382
vn 0.6275 0.4810 0.6123
vn 0.7466 0.4498 0.4901
vn 0.5404 0.4413 0.7164
vn 0.8089 0.4068 0.4244
vn 0.6936 -0.2623 0.6710
vn 0.6293 0.5799 0.5173
vn 0.8467 0.4067 0.3432
vn 0.8317 0.4532 0.3207
vn 0.8040 0.5066 0.3114
vn 0.7537 0.5665 0.3332
vn 0.7136 0.6092 0.3459
vn 0.7120 0.5947 0.3734
vn 0.6835 0.5535 0.4758
vn 0.5829 0.5938 0.5547
vn 0.5961 0.6618 0.4546
vn 0.6592 0.6525 0.3739
vn 0.7929 0.4992 0.3495
vn 0.7123 0.5950 0.3722
vn 0.8426 0.4292 0.3253
vn 0.8218 0.4392 0.3630
vn 0.8133 0.4423 0.3780
vn 0.8232 0.4488 0.3478
vn 0.8334 0.4653 0.2983
vn 0.8352 0.4688 0.2875
vn 0.8119 0.5471 0.2037
vn 0.7762 0.5581 0.2934
vn 0.7869 0.5213 0.3302
vn 0.8957 0.4055 0.1825
vn 0.6794 0.5292 0.5083
vn 0.8248 0.4808 0.2975
vn 0.8174 -0.2314 0.5276
vn 0.7160 0.6259 0.3093
vn 0.8863 0.4273 0.1788
vn 0.8564 0.4810 0.1876
vn 0.8119 0.5400 0.2218
vn 0.7742 0.5879 0.2344
vn 0.7620 0.6147 0.2038
vn 0.7435 0.6448 0.1774
vn 0.7340 0.6615 0.1538
vn 0.6974 0.6859 0.2078
vn 0.7510 0.6492 0.1206
vn 0.8002 0.5995 0.0195
vn 0.7493 0.6600 0.0539
vn 0.8597 0.5103 0.0224
vn 0.8696 0.4903 0.0589
vn 0.8574 0.5040 0.1044
vn 0.8753 0.4737 0.0972
vn 0.8923 0.4471 0.0622
vn 0.8849 0.4650 0.0261
vn 0.8647 0.4996 0.0518
vn 0.8718 0.4898 0.0019
vn 0.8049 0.5891 -0.0712
vn 0.8779 0.4715 -0.0834
vn 0.8885 0.4588 0.0063
vn 0.7734 0.5641 0.2892
vn 0.8530 0.5118 0.1022
vn 0.9163 -0.1795 0.3580
vn 0.7727 0.6310 0.0690
vn 0.8689 0.4941 -0.0297
vn 0.8497 0.5264 0.0289
vn 0.8171 0.5716 0.0752
vn 0.8057 0.5885 0.0672
vn 0.7899 0.6117 0.0439
vn 0.7895 0.6136 -0.0144
vn 0.7286 0.6462 -0.2271
vn 0.7787 0.6202 -0.0952
vn 0.7689 0.5998 -0.2215
vn 0.7596 0.5857 -0.2828
vn 0.7766 0.5509 -0.3056
vn 0.8215 0.5078 -0.2594
vn 0.8316 0.5256 -0.1795
vn 0.8457 0.5105 -0.1553
vn 0.8721 0.4627 -0.1593
vn 0.8867 0.4347 -0.1574
vn 0.8543 0.4916 -0.1686
vn 0.8856 0.4442 -0.1355
vn 0.8775 0.4748 -0.0680
vn 0.8357 0.5158 -0.1885
vn 0.8476 0.4909 -0.2014
vn 0.8648 0.4940 -0.0900
vn 0.8243 0.5603 0.0810
vn 0.8609 0.4875 -0.1459
vn 0.9750 -0.2221 0.0040
vn 0.7977 0.5886 -0.1310
vn 0.8474 0.4896 -0.2056
vn 0.8117 0.5585 -0.1707
vn 0.8089 0.5607 -0.1769
vn 0.8066 0.5559 -0.2009
vn 0.7999 0.5571 -0.2230
vn 0.7875 0.5555 -0.2669
vn 0.7294 0.5221 -0.4420
vn 0.8006 0.5263 -0.2865
vn 0.7127 0.5258 -0.4644
vn 0.7318 0.4900 -0.4737
vn 0.7085 0.4900 -0.5078
vn 0.7248 0.5042 -0.4696
vn 0.7461 0.5214 -0.4141
vn 0.7805 0.4867 -0.3924
vn 0.8184 0.4410 -0.3684
vn 0.8398 0.4422 -0.3149
vn 0.8441 0.4199 -0.3333
vn 0.8566 0.4500 -0.2526
vn 0.8213 0.4578 -0.3404
vn 0.8472 0.4640 -0.2589
vn 0.8183 0.5006 -0.2825
vn 0.8450 0.4536 -0.2832
vn 0.8552 0.4648 -0.2292
vn 0.8311 0.5478 -0.0963
vn 0.9537 -0.2648 -0.1427
vn 0.7882 0.5277 -0.3166
vn 0.7544 0.5229 -0.3968
vn 0.7517 0.5023 -0.4274
vn 0.7450 0.4649 -0.4785
vn 0.7246 0.4651 -0.5086
vn 0.7259 0.4689 -0.5031
vn 0.7271 0.4728 -0.4978
vn 0.7017 0.4138 -0.5800
vn 0.7551 0.3907 -0.5265
vn 0.6406 0.4747 -0.6035
vn 0.6956 0.4257 -0.5788
vn 0.6608 0.4342 -0.6122
vn 0.6425 0.4800 -0.5973
vn 0.6519 0.4797 -0.5873
vn 0.6843 0.4523 -0.5720
vn 0.7296 0.4158 -0.5430
vn 0.7797 0.3939 -0.4868
vn 0.7634 0.3955 -0.5107
vn 0.7774 0.3815 -0.5001
vn 0.7768 0.3790 -0.5029
vn 0.7551 0.4314 -0.4936
vn 0.7712 0.4454 -0.4549
vn 0.7840 0.4096 -0.4664
vn 0.8163 0.4013 -0.4155
vn 0.7728 0.4465 -0.4510
vn 0.9075 -0.3217 -0.2702
vn 0.7485 0.4539 -0.4834
vn 0.6439 0.4316 -0.6318
vn 0.6437 0.3715 -0.6691
vn 0.6269 0.3185 -0.7111
vn 0.5866 0.3396 -0.7352
vn 0.5799 0.3603 -0.7307
vn 0.6367 0.3137 -0.7044
vn 0.6071 0.3587 -0.7091
vn 0.6835 0.3313 -0.6504
vn 0.5781 0.4000 -0.7112
vn 0.6089 0.3509 -0.7114
vn 0.6094 0.3612 -0.7058
vn 0.5534 0.4293 -0.7138
vn 0.5521 0.4158 -0.7227
vn 0.5674 0.3935 -0.7233
vn 0.6073 0.3592 -0.7086
vn 0.6839 0.3112 -0.6598
vn 0.6491 0.3340 -0.6835
vn 0.6709 0.3022 -0.6772
vn 0.6942 0.3023 -0.6532
vn 0.6436 0.3255 -0.6927
vn 0.6091 0.3197 -0.7258
vn 0.6312 0.3244 -0.7046
vn 0.7273 0.3445 -0.5936
vn 0.7085 0.3776 -0.5962
vn 0.8550 -0.3870 -0.3452
vn 0.7092 0.3902 -0.5871
vn 0.4712 0.2964 -0.8307
vn 0.4804 0.2069 -0.8523
vn 0.4681 0.1621 -0.8687
vn 0.4252 0.2015 -0.8824
vn 0.3944 0.2238 -0.8913
vn 0.4143 0.2145 -0.8845
vn 0.4219 0.1974 -0.8849
vn 0.5749 0.2465 -0.7802
vn 0.4888 0.2708 -0.8293
vn 0.4975 0.2680 -0.8250
vn 0.5201 0.2777 -0.8077
vn 0.4505 0.3203 -0.8333
vn 0.4083 0.3053 -0.8603
vn 0.3999 0.2851 -0.8711
vn 0.4229 0.2509 -0.8707
vn 0.4744 0.1836 -0.8609
vn 0.4567 0.2059 -0.8655
vn 0.5261 0.1962 -0.8274
vn 0.5653 0.1987 -0.8006
vn 0.5466 0.1621 -0.8215
vn 0.3968 0.1468 -0.9061
vn 0.4066 0.1972 -0.8921
vn 0.4605 0.2322 -0.8568
vn 0.5439 0.2902 -0.7874
vn 0.7884 -0.3938 -0.4725
vn 0.5972 0.3505 -0.7215
vn 0.2714 0.1338 -0.9531
vn 0.2974 0.0547 -0.9532
vn 0.3084 0.0378 -0.9505
vn 0.2391 0.0647 -0.9688
vn 0.2766 0.0646 -0.9588
vn 0.2112 0.0470 -0.9763
vn 0.2345 0.1533 -0.9600
vn 0.3524 0.1538 -0.9231
vn 0.3988 0.1325 -0.9074
vn 0.3658 0.1790 -0.9133
vn 0.3875 0.1553 -0.9087
vn 0.3198 0.1677 -0.9325
vn 0.2637 0.1661 -0.9502
vn 0.2231 0.1477 -0.9635
vn 0.2581 0.0554 -0.9645
vn 0.2282 0.1132 -0.9670
vn 0.2563 0.0076 -0.9666
vn 0.1723 0.0020 -0.9850
vn 0.2392 0.0294 -0.9705
vn 0.4021 0.0075 -0.9156
vn 0.3240 0.0538 -0.9445
vn 0.3298 0.0973 -0.9390
vn 0.1386 0.0936 -0.9859
vn 0.3078 0.2230 -0.9249
vn 0.6543 -0.4418 -0.6138
vn 0.3854 0.3083 -0.8697
vn 0.0618 -0.0091 -0.9980
vn 0.0994 -0.0668 -0.9928
vn 0.1296 -0.0856 -0.9879
vn 0.0876 -0.0899 -0.9921
vn 0.1180 -0.0847 -0.9894
vn 0.0360 -0.0316 -0.9989
vn 0.1041 0.0030 -0.9946
vn -0.0625 -0.1018 -0.9928
vn 0.1266 -0.0302 -0.9915
vn 0.1278 -0.0183 -0.9916
vn 0.1582 -0.0557 -0.9858
vn 0.0985 -0.0200 -0.9949
vn 0.1062 0.0327 -0.9938
vn 0.1037 0.0472 -0.9935
vn 0.1065 0.0176 -0.9942
vn 0.1341 -0.0362 -0.9903
vn 0.1797 -0.0888 -0.9797
vn 0.1095 -0.1460 -0.9832
vn -0.1502 -0.1233 -0.9809
vn 0.0867 -0.0762 -0.9933
vn 0.2801 0.0063 -0.9599
vn 0.2353 -0.0281 -0.9715
vn 0.0416 0.0094 -0.9991
vn 0.1091 0.2039 -0.9729
vn 0.4964 -0.5028 -0.7077
vn 0.1661 0.2378 -0.9570
vn -0.1614 -0.1458 -0.9761
vn -0.1230 -0.1939 -0.9733
vn -0.0677 -0.2347 -0.9697
vn -0.0762 -0.2231 -0.9718
vn -0.0788 -0.2350 -0.9688
vn -0.1437 -0.1912 -0.9710
vn -0.1516 -0.2486 -0.9567
vn -0.1858 -0.2352 -0.9540
vn -0.1799 -0.2833 -0.9420
vn -0.1535 -0.1450 -0.9775
vn -0.1520 -0.2622 -0.9530
vn -0.1525 -0.1767 -0.9724
vn -0.1325 -0.0755 -0.9883
vn -0.0690 -0.0581 -0.9959
vn -0.0314 -0.0922 -0.9952
vn -0.0116 -0.1570 -0.9875
vn -0.0117 -0.2074 -0.9782
vn 0.0792 -0.2426 -0.9669
vn -0.0724 -0.1904 -0.9790
vn -0.2636 -0.1222 -0.9569
vn 0.0145 -0.1677 -0.9857
vn -0.0797 -0.2376 -0.9681
vn 0.0027 -0.0649 -0.9979
vn -0.1311 0.1022 -0.9861
vn 0.2601 -0.6033 -0.7539
vn -0.1378 0.0662 -0.9882
vn -0.4094 -0.2638 -0.8734
vn -0.3497 -0.3046 -0.8860
vn -0.2546 -0.3851 -0.8871
vn -0.2882 -0.3487 -0.8918
vn -0.2752 -0.3544 -0.8937
vn -0.1994 -0.3732 -0.9060
vn -0.3791 -0.4132 -0.8280
vn -0.3419 -0.2869 -0.8949
vn -0.3172 -0.3271 -0.8901
vn -0.3200 -0.4353 -0.8415
vn -0.3579 -0.3429 -0.8685
vn -0.3359 -0.2590 -0.9056
vn -0.3491 -0.1741 -0.9208
vn -0.3016 -0.1855 -0.9352
vn -0.2388 -0.2453 -0.9396
vn -0.1906 -0.3091 -0.9318
vn -0.1776 -0.3772 -0.9089
vn -0.2931 -0.3665 -0.8831
vn -0.0500 -0.2651 -0.9629
vn -0.2841 -0.1946 -0.9388
vn -0.2451 -0.2986 -0.9224
vn -0.2632 -0.3258 -0.9081
vn -0.1594 -0.1774 -0.9711
vn -0.4282 -0.1482 -0.8914
vn 0.0041 -0.7848 -0.6197
vn -0.4711 -0.1901 -0.8614
vn -0.6382 -0.3617 -0.6796
vn -0.5192 -0.4925 -0.6985
vn -0.5848 -0.4162 -0.6963
vn -0.4780 -0.4994 -0.7226
vn -0.4312 -0.4951 -0.7543
vn -0.4487 -0.5253 -0.7230
vn -0.3853 -0.5350 -0.7519
vn -0.5433 -0.3717 -0.7528
vn -0.4721 -0.4498 -0.7581
vn -0.3970 -0.5068 -0.7652
vn -0.4628 -0.3816 -0.8002
vn -0.4770 -0.3355 -0.8123
vn -0.5219 -0.2853 -0.8039
vn -0.5009 -0.3150 -0.8062
vn -0.4488 -0.3998 -0.7992
vn -0.4189 -0.4544 -0.7862
vn -0.3033 -0.4943 -0.8146
vn -0.3810 -0.4555 -0.8046
vn -0.4987 -0.3521 -0.7920
vn -0.2991 -0.3026 -0.9050
vn -0.3720 -0.3700 -0.8513
vn -0.3370 -0.3934 -0.8554
vn -0.4185 -0.4141 -0.8083
vn -0.6466 -0.4302 -0.6299
vn -0.1880 -0.9028 -0.3868
vn -0.7225 -0.3590 -0.5908
vn -0.7745 -0.4995 -0.3881
vn -0.7458 -0.5032 -0.4366
vn -0.7040 -0.5857 -0.4017
vn -0.7071 -0.5877 -0.3932
vn -0.6364 -0.6336 -0.4399
vn -0.6228 -0.6444 -0.4438
vn -0.5942 -0.6025 -0.5328
vn -0.6063 -0.5238 -0.5984
vn -0.6879 -0.4971 -0.5289
vn -0.4892 -0.5454 -0.6806
vn -0.5805 -0.4525 -0.6770
vn -0.5995 -0.4396 -0.6689
vn -0.6542 -0.4085 -0.6365
vn -0.6596 -0.4394 -0.6098
vn -0.6073 -0.5331 -0.5890
vn -0.5806 -0.6028 -0.5473
vn -0.6301 -0.5840 -0.5118
vn -0.4553 -0.5775 -0.6776
vn -0.6724 -0.4584 -0.5812
vn -0.6589 -0.4650 -0.5914
vn -0.6362 -0.5536 -0.5373
vn -0.5642 -0.5818 -0.5859
vn -0.6041 -0.6608 -0.4453
vn -0.7414 -0.6066 -0.2869
vn -0.2934 -0.9486 -0.1184
vn -0.8515 -0.4455 -0.2765
vn -0.8294 -0.5483 -0.1073
vn -0.8281 -0.5339 -0.1707
vn -0.8039 -0.5797 -0.1330
vn -0.7137 -0.6788 -0.1732
vn -0.7864 -0.6151 -0.0569
vn -0.7033 -0.6812 -0.2033
vn -0.7802 -0.5686 -0.2606
vn -0.6562 -0.6302 -0.4151
vn -0.7870 -0.5346 -0.3080
vn -0.7190 -0.5391 -0.4386
vn -0.6766 -0.5516 -0.4878
vn -0.7013 -0.5381 -0.4676
vn -0.7371 -0.5197 -0.4319
vn -0.7479 -0.5404 -0.3856
vn -0.7034 -0.6222 -0.3435
vn -0.6425 -0.6979 -0.3165
vn -0.7045 -0.6747 -0.2203
vn -0.8016 -0.5897 -0.0984
vn -0.7283 -0.5074 -0.4607
vn -0.7434 -0.5907 -0.3138
vn -0.7908 -0.6038 -0.0999
vn -0.7422 -0.6314 -0.2246
vn -0.6443 -0.7440 -0.1772
vn -0.7330 -0.6734 -0.0961
vn -0.2948 -0.9521 0.0817
vn -0.8814 -0.4681 -0.0639
vn -0.7777 -0.6286 0.0056
vn -0.7409 -0.6551 -0.1479
vn -0.8435 -0.5321 0.0736
vn -0.7582 -0.6512 0.0337
vn -0.7388 -0.6733 0.0289
vn -0.8202 -0.5720 -0.0095
vn -0.7813 -0.6015 -0.1665
vn -0.8005 -0.5909 -0.0999
vn -0.7547 -0.6220 -0.2088
vn -0.8425 -0.5057 -0.1858
vn -0.7793 -0.5809 -0.2351
vn -0.7592 -0.6019 -0.2475
vn -0.7755 -0.5977 -0.2032
vn -0.7808 -0.6053 -0.1545
vn -0.7334 -0.6687 -0.1223
vn -0.6882 -0.7181 -0.1036
vn -0.6380 -0.7587 -0.1317
vn -0.8315 -0.5554 0.0069
vn -0.6998 -0.7008 -0.1385
vn -0.8940 -0.4151 -0.1685
vn -0.7592 -0.6507 0.0150
vn -0.8183 -0.5744 0.0197
vn -0.6648 -0.7469 0.0125
vn -0.7226 -0.6912 0.0068
vn -0.2710 -0.9478 0.1678
vn -0.8566 -0.5158 -0.0096
vn -0.7836 -0.5741 0.2374
vn -0.7818 -0.6232 -0.0218
vn -0.8106 -0.5819 -0.0658
vn -0.8437 -0.5338 -0.0566
vn -0.8184 -0.5746 -0.0066
vn -0.7805 -0.6250 0.0141
vn -0.7712 -0.6321 0.0748
vn -0.7289 -0.6772 0.1007
vn -0.7975 -0.6033 -0.0003
vn -0.8907 -0.4154 0.1845
vn -0.6684 -0.6530 0.3560
vn -0.8231 -0.5391 0.1785
vn -0.6546 -0.6917 0.3052
vn -0.7270 -0.6399 0.2491
vn 0.1935 -0.9370 0.2908
vn -0.2398 -0.8643 0.4422
vn 0.3566 -0.8031 0.4774
vn 0.0069 -0.7408 0.6717
vn 0.2727 -0.5248 0.8064
vn 0.4862 -0.3278 0.8100
vn 0.5902 -0.1926 0.7840
vn 0.6868 -0.0700 0.7235
vn 0.6214 -0.0488 0.7820
vn 0.6089 0.0902 0.7881
vn 0.5108 0.2901 0.8093
vn 0.5098 0.3402 0.7902
vn 0.4835 0.4851 0.7286
vn 0.3710 0.5095 0.7764
vn 0.4197 0.6960 0.5826
vn 0.2732 0.6784 0.6821
vn 0.2764 0.8407 0.4656
vn 0.2448 0.8211 0.5157
vn 0.2673 0.8087 0.5240
vn 0.2986 0.7601 0.5771
vn -0.3319 -0.6895 0.6438
vn -0.0340 -0.5250 0.8504
vn 0.2706 -0.3256 0.9059
vn 0.4549 -0.2188 0.8632
vn 0.5411 -0.1366 0.8298
vn 0.5810 -0.0066 0.8139
vn 0.5897 0.1146 0.7995
vn 0.5065 0.3100 0.8046
vn 0.4716 0.3550 0.8072
vn 0.4611 0.4845 0.7434
vn 0.4235 0.4648 0.7776
vn 0.3174 0.4306 0.8449
vn 0.3238 0.7363 0.5942
vn 0.2625 0.6739 0.6906
vn 0.2388 0.8664 0.4385
vn 0.2877 0.7954 0.5335
vn 0.3172 0.7533 0.5761
vn -0.2368 -0.4589 0.8563
vn 0.1004 -0.2649 0.9590
vn 0.3325 -0.1606 0.9293
vn 0.4371 -0.1497 0.8869
vn 0.4990 -0.0806 0.8628
vn 0.5427 0.0441 0.8387
vn 0.5647 0.1473 0.8120
vn 0.5053 0.3234 0.8001
vn 0.4472 0.3664 0.8160
vn 0.4210 0.4748 0.7729
vn 0.4329 0.4794 0.7634
vn 0.3136 0.4809 0.8187
vn 0.4068 0.6402 0.6516
vn 0.2912 0.7275 0.6213
vn 0.2763 0.7709 0.5739
vn 0.2114 0.8537 0.4759
vn 0.2991 0.7896 0.5357
vn 0.3324 0.7481 0.5744
vn 0.0121 -0.1817 0.9833
vn 0.2641 -0.0871 0.9605
vn 0.3588 -0.0908 0.9290
vn 0.4158 -0.1078 0.9030
vn 0.4648 -0.0194 0.8852
vn 0.5047 0.0942 0.8581
vn 0.5334 0.1856 0.8252
vn 0.4987 0.3323 0.8005
vn 0.4400 0.3737 0.8165
vn 0.4143 0.4963 0.7629
vn 0.4435 0.6955 0.5653
vn 0.2434 0.6658 0.7054
vn 0.2641 0.8650 0.4268
vn 0.2236 0.8252 0.5187
vn 0.3039 0.7920 0.5296
vn 0.3470 0.7426 0.5728
vn 0.2108 -0.0042 0.9775
vn 0.3037 -0.0004 0.9528
vn 0.3869 -0.0688 0.9196
vn 0.4446 -0.0392 0.8949
vn 0.4819 0.0558 0.8744
vn 0.4958 0.1451 0.8562
vn 0.5103 0.2272 0.8295
vn 0.4884 0.3383 0.8043
vn 0.4362 0.4004 0.8059
vn 0.4243 0.5015 0.7540
vn 0.3525 0.5062 0.7871
vn 0.4120 0.7169 0.5624
vn 0.2646 0.7329 0.6268
vn 0.2299 0.8897 0.3945
vn 0.2517 0.8103 0.5292
vn 0.3094 0.7986 0.5161
vn 0.3635 0.7421 0.5632
vn 0.2517 0.0783 0.9646
vn 0.3705 0.0441 0.9278
vn 0.4768 0.0062 0.8790
vn 0.5411 0.0595 0.8389
vn 0.5509 0.1279 0.8247
vn 0.5393 0.2016 0.8177
vn 0.5241 0.2712 0.8073
vn 0.4950 0.3554 0.7929
vn 0.4403 0.4414 0.7818
vn 0.4163 0.5287 0.7397
vn 0.3097 0.5553 0.7718
vn 0.2864 0.7140 0.6389
vn 0.3030 0.8071 0.5068
vn 0.1996 0.8513 0.4853
vn 0.2628 0.8207 0.5073
vn 0.3175 0.8060 0.4995
vn 0.3826 0.7506 0.5386
vn 0.2214 0.1940 0.9557
vn 0.3570 0.1278 0.9253
vn 0.5427 0.1339 0.8292
vn 0.6303 0.1445 0.7628
vn 0.6366 0.1953 0.7460
vn 0.6176 0.2625 0.7414
vn 0.5837 0.3209 0.7459
vn 0.5375 0.3975 0.7437
vn 0.4683 0.4840 0.7392
vn 0.3804 0.6839 0.6225
vn 0.3736 0.6491 0.6626
vn 0.2508 0.7451 0.6181
vn 0.2851 0.8412 0.4595
vn 0.2112 0.8362 0.5062
vn 0.2611 0.8390 0.4774
vn 0.3255 0.8156 0.4784
vn 0.4015 0.7645 0.5043
vn 0.4526 0.2270 0.8623
vn 0.5999 0.2801 0.7494
vn 0.6850 0.2612 0.6801
vn 0.7251 0.2294 0.6493
vn 0.7231 0.2669 0.6372
vn 0.7015 0.3198 0.6369
vn 0.6610 0.3726 0.6513
vn 0.6008 0.4464 0.6632
vn 0.5143 0.5249 0.6782
vn 0.3914 0.5699 0.7225
vn 0.3457 0.7106 0.6128
vn 0.2593 0.7900 0.5556
vn 0.2363 0.8495 0.4717
vn 0.2356 0.8544 0.4631
vn 0.2640 0.8530 0.4502
vn 0.3333 0.8290 0.4490
vn 0.7621 0.3320 0.5558
vn 0.7876 0.3326 0.5187
vn 0.8033 0.2938 0.5181
vn 0.8085 0.2901 0.5120
vn 0.7971 0.3307 0.5052
vn 0.7747 0.3654 0.5161
vn 0.7324 0.4169 0.5383
vn 0.6647 0.4823 0.5706
vn 0.5688 0.5804 0.5827
vn 0.4128 0.6242 0.6633
vn 0.3571 0.7664 0.5339
vn 0.2557 0.8314 0.4934
vn 0.2150 0.8689 0.4459
vn 0.2419 0.8753 0.4187
vn 0.2711 0.8674 0.4172
vn 0.3405 0.8447 0.4130
vn 0.4320 0.7905 0.4342
vn 0.8300 0.3501 0.4341
vn 0.8522 0.3421 0.3959
vn 0.8660 0.3250 0.3800
vn 0.8632 0.3470 0.3666
vn 0.8520 0.3790 0.3611
vn 0.8354 0.4090 0.3673
vn 0.8008 0.4590 0.3847
vn 0.7331 0.5458 0.4059
vn 0.6397 0.6725 0.3723
vn 0.4543 0.6928 0.5600
vn 0.3839 0.8255 0.4137
vn 0.2696 0.8817 0.3872
vn 0.2165 0.9014 0.3749
vn 0.2440 0.8957 0.3717
vn 0.2785 0.8851 0.3729
vn 0.3476 0.8613 0.3706
vn 0.8766 0.3827 0.2917
vn 0.8966 0.3680 0.2463
vn 0.9045 0.3588 0.2307
vn 0.8789 0.4278 0.2111
vn 0.8675 0.4578 0.1944
vn 0.8420 0.5068 0.1848
vn 0.7695 0.6108 0.1867
vn 0.6760 0.7139 0.1827
vn 0.5139 0.7589 0.3999
vn 0.4084 0.8667 0.2866
vn 0.2860 0.9198 0.2686
vn 0.2295 0.9300 0.2872
vn 0.2526 0.9174 0.3074
vn 0.2846 0.9032 0.3212
vn 0.3542 0.8779 0.3223
vn 0.8997 0.4240 0.1040
vn 0.9171 0.3915 0.0754
vn 0.9002 0.4273 0.0842
vn 0.8903 0.3953 0.2260
vn 0.8790 0.4688 0.0870
vn 0.8646 0.4980 0.0672
vn 0.8391 0.5426 0.0391
vn 0.7781 0.6278 0.0232
vn 0.6928 0.7183 0.0643
vn 0.5932 0.7988 0.1000
vn 0.5673 0.7861 0.2451
vn 0.4321 0.8909 0.1401
vn 0.2963 0.9433 0.1494
vn 0.2484 0.9509 0.1849
vn 0.2655 0.9364 0.2294
vn 0.2918 0.9205 0.2597
vn 0.3589 0.8942 0.2676
vn 0.8862 0.4576 -0.0724
vn 0.9116 0.4027 -0.0824
vn 0.9235 0.3780 0.0661
vn 0.8958 0.4396 -0.0656
vn 0.8711 0.4892 -0.0422
vn 0.8516 0.5234 -0.0295
vn 0.8243 0.5649 -0.0381
vn 0.7717 0.6337 -0.0539
vn 0.6967 0.7163 -0.0386
vn 0.5949 0.8032 -0.0313
vn 0.4403 0.8976 -0.0206
vn 0.3069 0.9517 0.0123
vn 0.2671 0.9608 0.0744
vn 0.2769 0.9509 0.1379
vn 0.3027 0.9353 0.1832
vn 0.3644 0.9073 0.2098
vn 0.8720 0.4181 -0.2547
vn 0.9231 0.3722 -0.0968
vn 0.8883 0.3954 -0.2337
vn 0.8733 0.4379 -0.2136
vn 0.8529 0.4933 -0.1708
vn 0.8348 0.5315 -0.1436
vn 0.8076 0.5752 -0.1306
vn 0.7553 0.6431 -0.1263
vn 0.6784 0.7221 -0.1356
vn 0.5742 0.8024 -0.1624
vn 0.4304 0.8894 -0.1542
vn 0.3103 0.9431 -0.1197
vn 0.2921 0.9557 -0.0353
vn 0.2879 0.9566 0.0443
vn 0.3132 0.9445 0.0987
vn 0.3729 0.9165 0.1447
vn 0.4648 0.8615 0.2046
vn 0.7858 0.4665 -0.4062
vn 0.8581 0.4605 -0.2271
vn 0.8144 0.4205 -0.3999
vn 0.8245 0.3782 -0.4208
vn 0.8129 0.4331 -0.3893
vn 0.8140 0.4770 -0.3315
vn 0.8079 0.5259 -0.2657
vn 0.7831 0.5777 -0.2303
vn 0.7259 0.6480 -0.2308
vn 0.6427 0.7248 -0.2480
vn 0.5422 0.7989 -0.2603
vn 0.4160 0.8746 -0.2490
vn 0.3140 0.9277 -0.2019
vn 0.2999 0.9523 -0.0569
vn 0.3197 0.9475 0.0107
vn 0.3788 0.9232 0.0644
vn 0.6683 0.4224 -0.6123
vn 0.6972 0.4144 -0.5849
vn 0.7067 0.3989 -0.5844
vn 0.7167 0.4079 -0.5656
vn 0.7335 0.4405 -0.5176
vn 0.7459 0.4923 -0.4486
vn 0.7411 0.5599 -0.3705
vn 0.6824 0.6524 -0.3297
vn 0.5977 0.7176 -0.3576
vn 0.5089 0.7869 -0.3491
vn 0.3966 0.8555 -0.3330
vn 0.3194 0.9042 -0.2836
vn 0.3086 0.9422 -0.1303
vn 0.3100 0.9255 -0.2177
vn 0.3075 0.9399 -0.1483
vn 0.3209 0.9436 -0.0818
vn 0.3813 0.9241 -0.0259
vn 0.4949 0.3668 -0.7878
vn 0.5275 0.3625 -0.7684
vn 0.5788 0.3728 -0.7253
vn 0.6219 0.3779 -0.6859
vn 0.6249 0.4098 -0.6645
vn 0.6370 0.4386 -0.6340
vn 0.6552 0.5038 -0.5629
vn 0.6211 0.6177 -0.4824
vn 0.5505 0.7119 -0.4360
vn 0.4723 0.7644 -0.4389
vn 0.3719 0.8304 -0.4148
vn 0.3205 0.8758 -0.3608
vn 0.3052 0.9012 -0.3076
vn 0.2991 0.9216 -0.2474
vn 0.3185 0.9321 -0.1726
vn 0.3838 0.9172 -0.1070
vn 0.3009 0.2351 -0.9242
vn 0.3647 0.2949 -0.8832
vn 0.4521 0.3028 -0.8390
vn 0.5104 0.3457 -0.7874
vn 0.5203 0.3830 -0.7633
vn 0.5597 0.3837 -0.7345
vn 0.5855 0.4671 -0.6626
vn 0.5232 0.5272 -0.6695
vn 0.4863 0.6653 -0.5665
vn 0.4251 0.7353 -0.5278
vn 0.3498 0.7991 -0.4890
vn 0.3080 0.8427 -0.4416
vn 0.2926 0.8720 -0.3924
vn 0.2899 0.8970 -0.3337
vn 0.3133 0.9137 -0.2589
vn 0.3797 0.9056 -0.1891
vn 0.1132 0.1048 -0.9880
vn 0.1702 0.1998 -0.9650
vn 0.2636 0.2075 -0.9421
vn 0.3774 0.2717 -0.8853
vn 0.4500 0.3357 -0.8275
vn 0.5324 0.3466 -0.7723
vn 0.5288 0.4347 -0.7290
vn 0.4385 0.4915 -0.7524
vn 0.3998 0.5601 -0.7256
vn 0.3689 0.6727 -0.6414
vn 0.3222 0.7577 -0.5675
vn 0.2980 0.8084 -0.5077
vn 0.2813 0.8431 -0.4583
vn 0.2796 0.8707 -0.4047
vn 0.3031 0.8900 -0.3406
vn 0.3729 0.8881 -0.2689
vn 0.4547 0.8777 -0.1512
vn -0.0892 -0.0387 -0.9953
vn 0.0056 0.0906 -0.9959
vn 0.1368 0.1223 -0.9830
vn 0.2918 0.1559 -0.9437
vn 0.4478 0.2519 -0.8579
vn 0.5046 0.3585 -0.7854
vn 0.4232 0.3409 -0.8395
vn 0.4124 0.5273 -0.7429
vn 0.3309 0.4848 -0.8096
vn 0.3221 0.5827 -0.7461
vn 0.3001 0.6999 -0.6481
vn 0.2825 0.7658 -0.5778
vn 0.2655 0.8105 -0.5222
vn 0.2676 0.8431 -0.4664
vn 0.2994 0.8666 -0.3991
vn 0.3709 0.8679 -0.3305
vn 0.4517 0.8672 -0.2098
vn -0.3228 -0.1639 -0.9322
vn -0.1863 -0.0706 -0.9799
vn 0.0763 -0.0013 -0.9971
vn 0.3248 0.0340 -0.9452
vn 0.4494 0.1860 -0.8738
vn 0.4090 0.3222 -0.8538
vn 0.3501 0.3214 -0.8798
vn 0.3615 0.4746 -0.8025
vn 0.2843 0.4805 -0.8297
vn 0.3206 0.5190 -0.7924
vn 0.3008 0.6514 -0.6965
vn 0.2599 0.7065 -0.6583
vn 0.2624 0.7872 -0.5581
vn 0.2541 0.8159 -0.5193
vn 0.2946 0.8413 -0.4533
vn 0.3713 0.8471 -0.3803
vn -0.4978 -0.2983 -0.8144
vn -0.2600 -0.2519 -0.9322
vn 0.0399 -0.1642 -0.9856
vn 0.2482 -0.0643 -0.9666
vn 0.2962 0.1122 -0.9485
vn 0.2551 0.2300 -0.9392
vn 0.3294 0.3689 -0.8692
vn 0.2326 0.3476 -0.9083
vn 0.2473 0.4598 -0.8529
vn 0.3299 0.4876 -0.8083
vn 0.2711 0.5789 -0.7690
vn 0.2378 0.6546 -0.7176
vn 0.2488 0.7435 -0.6207
vn 0.2388 0.7919 -0.5621
vn 0.2891 0.8142 -0.5034
vn 0.3702 0.8252 -0.4266
vn -0.5839 -0.4518 -0.6745
vn -0.3883 -0.3765 -0.8411
vn -0.1906 -0.2694 -0.9440
vn -0.0291 -0.1674 -0.9855
vn 0.0725 -0.0018 -0.9974
vn 0.2249 0.1601 -0.9611
vn 0.3454 0.3645 -0.8648
vn 0.1876 0.3294 -0.9254
vn 0.2609 0.3991 -0.8790
vn 0.3271 0.4771 -0.8157
vn 0.2402 0.4987 -0.8328
vn 0.2656 0.6667 -0.6964
vn 0.2127 0.6606 -0.7200
vn 0.2413 0.7736 -0.5860
vn 0.2878 0.7911 -0.5397
vn 0.3636 0.8025 -0.4730
vn -0.8412 -0.4049 -0.3584
vn -0.7611 -0.3374 -0.5540
vn -0.6069 -0.3048 -0.7341
vn -0.2485 -0.2791 -0.9275
vn 0.0957 -0.0935 -0.9910
vn 0.3148 0.0671 -0.9468
vn 0.3315 0.2890 -0.8981
vn 0.2232 0.3919 -0.8925
vn 0.3044 0.3611 -0.8815
vn 0.3050 0.4517 -0.8384
vn 0.2543 0.4510 -0.8555
vn 0.3134 0.6922 -0.6501
vn 0.1719 0.6067 -0.7761
vn 0.2555 0.7398 -0.6224
vn 0.2830 0.7731 -0.5676
vn 0.3564 0.7809 -0.5129
vn 0.4123 0.8124 -0.4123
vn -0.8229 -0.5176 -0.2345
vn -0.7831 -0.4651 -0.4129
vn -0.4036 -0.5113 -0.7587
vn 0.0790 -0.3836 -0.9201
vn 0.3481 -0.2104 -0.9135
vn 0.3808 0.0181 -0.9245
vn 0.2374 0.1823 -0.9542
vn 0.2027 0.3750 -0.9046
vn 0.2912 0.3497 -0.8905
vn 0.2253 0.3822 -0.8962
vn 0.2529 0.3945 -0.8834
vn 0.3052 0.6446 -0.7010
vn 0.1581 0.6319 -0.7588
vn 0.2389 0.6702 -0.7027
vn 0.2748 0.7535 -0.5973
vn 0.3564 0.7626 -0.5398
vn 0.2255 -0.9182 -0.3257
vn 0.5803 -0.1965 -0.7903
vn 0.2101 0.3097 -0.9273
vn 0.1533 0.3401 -0.9278
vn 0.2768 0.3552 -0.8929
vn 0.2132 0.6232 -0.7524
vn 0.3604 0.7437 -0.5631
vn -0.1714 -0.9826 0.0713
vn 0.6755 -0.7263 0.1273
vn 0.7261 -0.6872 0.0206
vn 0.7793 -0.6114 0.1372
vn 0.7856 -0.5961 0.1659
vn 0.8287 -0.5545 0.0758
vn 0.8129 -0.5624 0.1516
vn 0.8036 -0.5946 0.0279
vn 0.7481 -0.6095 0.2624
vn 0.7676 -0.6108 0.1943
vn 0.7809 -0.5963 0.1860
vn 0.7876 -0.6112 0.0782
vn 0.8398 -0.5359 0.0872
vn 0.8397 -0.5396 -0.0613
vn 0.8190 -0.5468 0.1741
vn 0.8214 -0.5655 -0.0746
vn 0.7850 -0.5673 0.2489
vn 0.8194 -0.5717 -0.0414
vn 0.7897 -0.5581 0.2548
vn 0.8193 -0.5730 -0.0207
vn 0.7748 -0.5595 0.2943
vn 0.7859 -0.6181 -0.0139
vn 0.7378 -0.5957 0.3175
vn 0.7688 -0.6393 0.0176
vn 0.7217 -0.6173 0.3130
vn 0.7757 -0.6291 0.0497
vn 0.7300 -0.6175 0.2928
vn 0.7357 -0.6727 0.0791
vn 0.6916 -0.6604 0.2924
vn 0.6743 -0.7333 0.0871
vn 0.6424 -0.7075 0.2946
vn 0.7154 -0.6847 0.1395
vn 0.7632 -0.6204 0.1806
vn 0.7938 -0.6035 -0.0748
vn 0.7769 -0.6035 0.1795
vn 0.8573 -0.4874 0.1660
vn 0.7277 -0.5891 0.3512
vn 0.7541 -0.6561 0.0283
vn 0.6012 -0.5062 0.6183
vn 0.6845 -0.6671 0.2940
vn 0.6272 -0.6024 0.4937
vn 0.7861 -0.5333 0.3123
vn 0.8254 -0.4896 0.2810
vn 0.6972 -0.7019 0.1456
vn 0.6461 -0.6257 0.4372
vn 0.7109 -0.6942 0.1127
vn 0.9456 -0.3251 0.0120
vn 0.3026 -0.9398 0.1589
vn 0.8799 -0.4748 0.0192
vn 0.5291 -0.8312 0.1708
vn 0.6489 -0.6751 0.3511
vn 0.7291 -0.5996 0.3301
vn 0.7262 -0.5782 0.3719
vn 0.7481 -0.5625 0.3521
vn 0.7586 -0.5424 0.3610
vn 0.7172 -0.5356 0.4458
vn 0.6764 -0.5236 0.5180
vn 0.6585 -0.5021 0.5606
vn 0.5998 -0.4766 0.6427
vn 0.5991 -0.4425 0.6673
vn 0.5881 -0.4680 0.6596
vn 0.6136 -0.4962 0.6142
vn 0.6362 -0.5283 0.5623
vn 0.6063 -0.5951 0.5275
vn 0.6036 -0.6163 0.5058
vn 0.7054 -0.5297 0.4709
vn 0.6369 -0.5499 0.5404
vn 0.4556 -0.5113 0.7287
vn 0.7332 -0.4262 0.5299
vn 0.7604 -0.4566 0.4618
vn 0.5030 -0.5368 0.6774
vn 0.7571 -0.5436 0.3624
vn 0.9874 -0.1471 0.0591
vn 0.3646 -0.9189 0.1505
vn 0.5186 -0.7340 0.4386
vn 0.5658 -0.5876 0.5784
vn 0.6041 -0.5422 0.5840
vn 0.5967 -0.5137 0.6165
vn 0.5678 -0.4852 0.6650
vn 0.5303 -0.4629 0.7103
vn 0.5044 -0.4469 0.7389
vn 0.4810 -0.4276 0.7654
vn 0.4267 -0.4208 0.8006
vn 0.2987 -0.3438 0.8903
vn 0.3876 -0.2479 0.8879
vn 0.4097 -0.2797 0.8683
vn 0.4573 -0.3144 0.8319
vn 0.4817 -0.3704 0.7942
vn 0.4564 -0.4626 0.7601
vn 0.4648 -0.4749 0.7473
vn 0.4601 -0.3895 0.7979
vn 0.5757 -0.3755 0.7263
vn 0.6611 -0.6428 0.3869
vn 0.4660 -0.5626 0.6829
vn 0.4024 -0.5028 0.7650
vn 0.7886 -0.3119 0.5300
vn 0.6018 -0.4884 0.6319
vn 0.5302 -0.4555 0.7151
vn 0.8643 -0.3656 0.3455
vn 0.9675 -0.0264 0.2517
vn 0.4831 -0.8412 0.2431
vn 0.4638 -0.5532 0.6920
vn 0.3126 -0.4052 0.8591
vn 0.3424 -0.3957 0.8522
vn 0.3398 -0.3829 0.8591
vn 0.3432 -0.3643 0.8658
vn 0.3496 -0.3537 0.8676
vn 0.3426 -0.3525 0.8709
vn 0.3112 -0.3413 0.8870
vn 0.1734 -0.3684 0.9133
vn 0.1199 -0.2563 0.9591
vn 0.2342 -0.0990 0.9671
vn 0.2701 -0.1212 0.9552
vn 0.3133 -0.1572 0.9366
vn 0.3173 -0.2165 0.9233
vn 0.2852 -0.3070 0.9080
vn 0.2845 -0.3513 0.8920
vn 0.4023 -0.2821 0.8710
vn 0.4083 -0.2275 0.8840
vn 0.2508 -0.4329 0.8658
vn 0.5119 -0.3832 0.7688
vn 0.6843 -0.2121 0.6977
vn 0.4203 -0.4544 0.7854
vn 0.5906 -0.3100 0.7451
vn 0.9292 -0.1689 0.3287
vn 0.8416 0.0744 0.5350
vn 0.5050 -0.7516 0.4243
vn 0.2596 -0.3370 0.9050
vn 0.0736 -0.1856 0.9799
vn 0.1592 -0.2238 0.9616
vn 0.1965 -0.2588 0.9457
vn 0.2233 -0.2668 0.9375
vn 0.2175 -0.2650 0.9394
vn 0.2030 -0.2716 0.9408
vn 0.1518 -0.2900 0.9449
vn 0.0109 -0.3410 0.9400
vn 0.0125 -0.2035 0.9790
vn 0.1575 -0.0114 0.9875
vn 0.2086 -0.0263 0.9776
vn 0.2397 -0.0684 0.9684
vn 0.2074 -0.1283 0.9698
vn 0.1724 -0.1982 0.9649
vn 0.2052 -0.2338 0.9504
vn 0.2937 -0.1987 0.9350
vn 0.1656 -0.1185 0.9790
vn 0.2367 -0.2687 0.9337
vn 0.5422 -0.2529 0.8013
vn 0.3999 -0.1325 0.9069
vn 0.2386 -0.2823 0.9292
vn 0.5791 -0.0959 0.8096
vn 0.8878 0.0206 0.4598
vn 0.5121 0.2210 0.8300
vn 0.4214 -0.6336 0.6489
vn -0.0850 0.0045 0.9964
vn -0.0226 -0.1322 0.9910
vn -0.0280 -0.0237 0.9993
vn -0.0133 -0.0469 0.9988
vn 0.0203 -0.0892 0.9958
vn 0.0211 -0.1213 0.9924
vn -0.0063 -0.1192 0.9929
vn -0.0636 -0.1021 0.9927
vn -0.1144 -0.1294 0.9850
vn -0.0895 -0.2729 0.9579
vn -0.0137 -0.1870 0.9823
vn 0.1704 0.0223 0.9851
vn 0.2086 0.0129 0.9779
vn 0.1886 -0.0280 0.9816
vn 0.1333 -0.0825 0.9876
vn 0.0889 -0.1302 0.9875
vn 0.0949 -0.1223 0.9879
vn 0.0667 -0.1057 0.9922
vn 0.1137 -0.0333 0.9930
vn 0.1804 -0.0541 0.9821
vn 0.3714 -0.1083 0.9221
vn 0.1921 -0.1125 0.9749
vn 0.1546 -0.1329 0.9790
vn 0.4986 0.0559 0.8650
vn 0.6238 0.2135 0.7518
vn 0.1216 0.4157 0.9013
vn 0.1580 -0.5013 0.8507
vn -0.2095 0.1346 0.9685
vn -0.2766 0.1380 0.9510
vn -0.2173 0.1438 0.9655
vn -0.2326 0.1138 0.9659
vn -0.2635 0.0784 0.9615
vn -0.2854 0.0455 0.9573
vn -0.3119 0.0517 0.9487
vn -0.3045 0.0981 0.9474
vn -0.2194 -0.0490 0.9744
vn 0.0069 -0.1043 0.9945
vn 0.1417 0.0545 0.9884
vn 0.1402 0.0652 0.9880
vn 0.0655 0.0279 0.9975
vn -0.0091 -0.0116 0.9999
vn -0.0547 -0.0405 0.9977
vn -0.0628 -0.0279 0.9976
vn -0.0682 -0.0166 0.9975
vn 0.0287 0.0439 0.9986
vn -0.0232 0.1569 0.9873
vn 0.0708 0.1231 0.9899
vn -0.0002 -0.0079 1.0000
vn 0.0504 0.0533 0.9973
vn 0.0580 0.1733 0.9832
vn 0.1447 0.3112 0.9393
vn -0.1313 0.4997 0.8562
vn -0.1611 -0.3760 0.9125
vn -0.5078 0.1889 0.8405
vn -0.4207 0.2589 0.8695
vn -0.4400 0.3220 0.8383
vn -0.4964 0.2862 0.8195
vn -0.4771 0.2696 0.8364
vn -0.4618 0.2098 0.8618
vn -0.4163 0.1353 0.8991
vn -0.3344 0.1819 0.9247
vn -0.3568 0.1995 0.9126
vn -0.0382 0.1323 0.9905
vn -0.0096 0.1472 0.9891
vn -0.0441 0.1576 0.9865
vn -0.1278 0.1110 0.9856
vn -0.2059 0.0823 0.9751
vn -0.2566 0.0778 0.9634
vn -0.2623 0.1009 0.9597
vn -0.2275 0.1247 0.9658
vn -0.1886 0.1294 0.9735
vn -0.2535 0.2913 0.9224
vn -0.2224 0.3327 0.9164
vn -0.2552 0.1910 0.9478
vn -0.1404 0.2166 0.9661
vn -0.3009 0.2442 0.9219
vn -0.1428 0.3232 0.9355
vn -0.3352 0.4881 0.8058
vn -0.3905 -0.3279 0.8602
vn -0.5465 0.3337 0.7681
vn -0.6574 0.3986 0.6394
vn -0.6476 0.4248 0.6326
vn -0.6228 0.4266 0.6559
vn -0.5930 0.4035 0.6969
vn -0.5148 0.3305 0.7911
vn -0.4035 0.2509 0.8799
vn -0.3488 0.3245 0.8792
vn -0.2482 0.3704 0.8951
vn -0.2398 0.3257 0.9145
vn -0.2962 0.2811 0.9128
vn -0.3776 0.2331 0.8961
vn -0.4620 0.1965 0.8648
vn -0.4889 0.2097 0.8467
vn -0.4736 0.2443 0.8462
vn -0.4187 0.2880 0.8613
vn -0.3658 0.3178 0.8748
vn -0.4446 0.4593 0.7690
vn -0.4847 0.4004 0.7777
vn -0.4905 0.3873 0.7806
vn -0.5287 0.3317 0.7813
vn -0.2807 0.3622 0.8888
vn -0.5080 0.5149 0.6905
vn -0.5547 -0.3161 0.7697
vn -0.7871 0.3816 0.4846
vn -0.6311 0.3210 0.7062
vn -0.7890 0.4110 0.4567
vn -0.7495 0.4537 0.4821
vn -0.6982 0.4916 0.5204
vn -0.6630 0.4965 0.5603
vn -0.6032 0.5027 0.6192
vn -0.5498 0.5026 0.6671
vn -0.5316 0.4295 0.7300
vn -0.4424 0.4426 0.7800
vn -0.4766 0.5141 0.7131
vn -0.4703 0.4967 0.7294
vn -0.6473 0.3434 0.6805
vn -0.6923 0.3196 0.6469
vn -0.6734 0.3391 0.6569
vn -0.6535 0.3722 0.6591
vn -0.6854 0.3959 0.6112
vn -0.5021 0.2550 0.8264
vn -0.6916 0.3972 0.6033
vn -0.6542 0.4725 0.5905
vn -0.7228 0.5082 0.4683
vn -0.7364 0.5163 0.4372
vn -0.7855 0.4329 0.4422
vn -0.5530 0.4065 0.7273
vn -0.6185 0.5860 0.5235
vn -0.6986 -0.2878 0.6550
vn -0.8532 0.4178 0.3122
vn -0.8287 0.4631 0.3141
vn -0.7842 0.5227 0.3344
vn -0.7417 0.5695 0.3542
vn -0.7216 0.5889 0.3640
vn -0.7091 0.6041 0.3638
vn -0.7100 0.6205 0.3330
vn -0.7176 0.6152 0.3264
vn -0.6674 0.6207 0.4116
vn -0.6457 0.6306 0.4306
vn -0.7752 0.5043 0.3804
vn -0.5636 0.4118 0.7161
vn -0.8340 0.4243 0.3528
vn -0.8177 0.4284 0.3844
vn -0.8033 0.4363 0.4054
vn -0.8159 0.4377 0.3778
vn -0.8233 0.4568 0.3370
vn -0.8248 0.5243 0.2117
vn -0.6441 0.4711 0.6027
vn -0.8310 0.4867 0.2694
vn -0.8131 0.5299 0.2412
vn -0.8716 0.4576 0.1761
vn -0.7318 0.4826 0.4812
vn -0.7026 0.6361 0.3190
vn -0.8204 -0.2265 0.5250
vn -0.8867 0.4378 0.1487
vn -0.8584 0.4931 0.1417
vn -0.8229 0.5503 0.1414
vn -0.7995 0.5878 0.1236
vn -0.7889 0.6076 0.0926
vn -0.7781 0.6238 0.0739
vn -0.7591 0.6452 0.0866
vn -0.7430 0.6617 0.1000
vn -0.7240 0.6860 0.0725
vn -0.7929 0.6080 0.0399
vn -0.7004 0.5925 0.3981
vn -0.8552 0.5164 0.0449
vn -0.8729 0.4821 0.0749
vn -0.8558 0.5003 0.1314
vn -0.8698 0.4762 0.1290
vn -0.8839 0.4552 0.1072
vn -0.8724 0.4887 -0.0008
vn -0.8104 0.4546 0.3696
vn -0.8583 0.4904 0.1509
vn -0.7707 0.5232 0.3638
vn -0.8470 0.5293 -0.0498
vn -0.8523 0.5107 0.1127
vn -0.8630 0.4991 0.0789
vn -0.8645 0.4953 0.0857
vn -0.7659 0.5658 0.3054
vn -0.7732 0.6282 0.0865
vn -0.9158 -0.1777 0.3603
vn -0.8862 0.4610 -0.0460
vn -0.8545 0.5192 -0.0134
vn -0.8244 0.5653 0.0285
vn -0.8110 0.5839 0.0352
vn -0.7817 0.6237 0.0037
vn -0.7700 0.6370 -0.0370
vn -0.7684 0.6307 -0.1085
vn -0.7603 0.6244 -0.1793
vn -0.7600 0.5997 -0.2506
vn -0.7398 0.6696 0.0661
vn -0.7777 0.5604 -0.2849
vn -0.8250 0.5094 -0.2447
vn -0.8371 0.5230 -0.1602
vn -0.8483 0.5145 -0.1257
vn -0.8734 0.4687 -0.1319
vn -0.8865 0.4421 -0.1368
vn -0.8843 0.4587 0.0870
vn -0.8670 0.4859 -0.1103
vn -0.8725 0.4828 -0.0746
vn -0.8533 0.4980 -0.1546
vn -0.8398 0.5407 -0.0480
vn -0.8809 0.4672 -0.0765
vn -0.8629 0.5007 -0.0690
vn -0.8036 0.5841 0.1139
vn -0.9750 -0.2220 0.0033
vn -0.9677 -0.1857 0.1706
vn -0.8386 0.4894 -0.2392
vn -0.8124 0.5509 -0.1911
vn -0.8070 0.5611 -0.1841
vn -0.8057 0.5555 -0.2053
vn -0.8007 0.5987 0.0217
vn -0.7920 0.5534 -0.2579
vn -0.7794 0.5253 -0.3415
vn -0.7418 0.5120 -0.4331
vn -0.7213 0.5096 -0.4691
vn -0.7029 0.4959 -0.5099
vn -0.7147 0.4910 -0.4981
vn -0.7304 0.5018 -0.4634
vn -0.7515 0.5240 -0.4009
vn -0.7859 0.4930 -0.3734
vn -0.8238 0.4478 -0.3477
vn -0.8491 0.4219 -0.3178
vn -0.8869 0.4418 -0.1354
vn -0.8563 0.4422 -0.2667
vn -0.8299 0.4438 -0.3379
vn -0.8293 0.4849 -0.2778
vn -0.8156 0.5075 -0.2781
vn -0.8541 0.4623 -0.2384
vn -0.8260 0.5575 -0.0827
vn -0.7977 0.5912 -0.1188
vn -0.9549 -0.2617 -0.1401
vn -0.7571 0.5111 -0.4070
vn -0.7484 0.5062 -0.4286
vn -0.7443 0.4645 -0.4798
vn -0.7249 0.4596 -0.5131
vn -0.7995 0.5603 -0.2166
vn -0.7435 0.4399 -0.5037
vn -0.7385 0.4092 -0.5360
vn -0.6977 0.4403 -0.5651
vn -0.7105 0.4347 -0.5533
vn -0.6450 0.4207 -0.6380
vn -0.6400 0.4525 -0.6210
vn -0.6500 0.4798 -0.5893
vn -0.6581 0.4872 -0.5741
vn -0.6911 0.4608 -0.5568
vn -0.7370 0.4214 -0.5285
vn -0.8026 0.3888 -0.4525
vn -0.8428 0.4395 -0.3108
vn -0.7852 0.3914 -0.4799
vn -0.7946 0.3960 -0.4602
vn -0.7651 0.4633 -0.4472
vn -0.7767 0.4661 -0.4237
vn -0.7966 0.4147 -0.4398
vn -0.8645 0.4562 -0.2109
vn -0.8295 0.4065 -0.3830
vn -0.7809 0.4484 -0.4348
vn -0.8164 0.5112 -0.2686
vn -0.7900 0.5334 -0.3021
vn -0.9096 -0.3169 -0.2687
vn -0.6361 0.4272 -0.6425
vn -0.6360 0.3781 -0.6727
vn -0.6286 0.3178 -0.7098
vn -0.5911 0.3326 -0.7348
vn -0.7212 0.4717 -0.5074
vn -0.6147 0.3433 -0.7102
vn -0.6647 0.3359 -0.6673
vn -0.6532 0.3662 -0.6628
vn -0.6211 0.3555 -0.6985
vn -0.6549 0.3508 -0.6694
vn -0.5767 0.4125 -0.7051
vn -0.5634 0.4283 -0.7065
vn -0.5554 0.4253 -0.7146
vn -0.5770 0.4020 -0.7110
vn -0.6194 0.3695 -0.6927
vn -0.7736 0.3980 -0.4931
vn -0.6923 0.3383 -0.6375
vn -0.7309 0.3544 -0.5833
vn -0.7582 0.3631 -0.5416
vn -0.7122 0.3731 -0.5946
vn -0.6233 0.3369 -0.7057
vn -0.6528 0.2992 -0.6959
vn -0.6790 0.3272 -0.6572
vn -0.7227 0.3742 -0.5811
vn -0.7506 0.4619 -0.4725
vn -0.8551 -0.3844 -0.3480
vn -0.4479 0.3100 -0.8386
vn -0.4679 0.2181 -0.8564
vn -0.4696 0.1636 -0.8676
vn -0.4019 0.2161 -0.8898
vn -0.5749 0.3615 -0.7340
vn -0.4108 0.2062 -0.8881
vn -0.4519 0.1965 -0.8702
vn -0.4928 0.2013 -0.8466
vn -0.4705 0.2437 -0.8481
vn -0.5519 0.2875 -0.7828
vn -0.5197 0.3225 -0.7911
vn -0.4682 0.3264 -0.8211
vn -0.4243 0.3237 -0.8457
vn -0.4174 0.3030 -0.8567
vn -0.4440 0.2703 -0.8543
vn -0.6621 0.3450 -0.6652
vn -0.4957 0.2005 -0.8450
vn -0.4744 0.2105 -0.8548
vn -0.5388 0.2308 -0.8102
vn -0.6292 0.1788 -0.7564
vn -0.4440 0.1155 -0.8886
vn -0.3823 0.1166 -0.9166
vn -0.3779 0.1996 -0.9041
vn -0.5269 0.3150 -0.7894
vn -0.7125 0.3937 -0.5809
vn -0.7926 -0.3920 -0.4671
vn -0.2403 0.1595 -0.9575
vn -0.2803 0.0701 -0.9574
vn -0.3056 0.0309 -0.9517
vn -0.4317 0.1895 -0.8819
vn -0.2475 0.0709 -0.9663
vn -0.2336 0.0545 -0.9708
vn -0.2486 0.0450 -0.9676
vn -0.2759 0.0929 -0.9567
vn -0.3352 0.1965 -0.9214
vn -0.3989 0.2101 -0.8926
vn -0.4036 0.1772 -0.8976
vn -0.3394 0.1800 -0.9232
vn -0.2802 0.1805 -0.9428
vn -0.2385 0.1624 -0.9575
vn -0.2735 0.0763 -0.9589
vn -0.4842 0.2261 -0.8452
vn -0.3063 0.0269 -0.9516
vn -0.2225 -0.0186 -0.9748
vn -0.0832 -0.0424 -0.9956
vn -0.1666 -0.1188 -0.9788
vn -0.3768 0.0011 -0.9263
vn -0.2247 0.0258 -0.9741
vn -0.2622 0.1731 -0.9493
vn -0.2966 0.2812 -0.9127
vn -0.6082 0.3542 -0.7104
vn -0.6631 -0.4304 -0.6124
vn -0.0482 0.0232 -0.9986
vn -0.0835 -0.0484 -0.9953
vn -0.1251 -0.0838 -0.9886
vn -0.2795 0.0584 -0.9584
vn -0.0861 -0.0825 -0.9929
vn -0.0761 -0.0986 -0.9922
vn -0.0385 -0.0948 -0.9948
vn -0.0303 0.0260 -0.9992
vn -0.1731 0.0874 -0.9810
vn -0.1375 0.0058 -0.9905
vn -0.1829 -0.0414 -0.9823
vn -0.1273 -0.0082 -0.9918
vn -0.1225 0.0416 -0.9916
vn -0.1168 0.0581 -0.9915
vn -0.1169 0.0305 -0.9927
vn -0.2421 0.1285 -0.9617
vn -0.1432 -0.0215 -0.9895
vn -0.1765 -0.0518 -0.9829
vn -0.2669 -0.0907 -0.9594
vn -0.0875 -0.1692 -0.9817
vn 0.1219 -0.1527 -0.9807
vn -0.2540 0.0402 -0.9664
vn -0.3018 0.2044 -0.9312
vn -0.1356 0.2164 -0.9668
vn -0.3976 0.3121 -0.8628
vn -0.5055 -0.5050 -0.6996
vn 0.1647 -0.1235 -0.9786
vn 0.1388 -0.1854 -0.9728
vn -0.1256 -0.0885 -0.9881
vn 0.0652 -0.2345 -0.9699
vn 0.0762 -0.2437 -0.9669
vn 0.1035 -0.2494 -0.9629
vn 0.1056 -0.2527 -0.9618
vn 0.2731 -0.1312 -0.9530
vn 0.1530 -0.1572 -0.9756
vn 0.1532 -0.2765 -0.9487
vn 0.1362 -0.2553 -0.9572
vn 0.1322 -0.1755 -0.9756
vn 0.1145 -0.0712 -0.9909
vn 0.0512 -0.0438 -0.9977
vn 0.0133 -0.0740 -0.9972
vn -0.0074 -0.1372 -0.9905
vn 0.0173 -0.1638 -0.9863
vn -0.0738 -0.1595 -0.9844
vn -0.2740 -0.1792 -0.9449
vn 0.0207 -0.1519 -0.9882
vn 0.2694 -0.1593 -0.9498
vn -0.1717 -0.0016 -0.9851
vn -0.0801 0.0456 -0.9957
vn -0.0733 0.0494 -0.9961
vn 0.0217 0.0356 -0.9991
vn -0.1841 0.2335 -0.9548
vn -0.2742 -0.5907 -0.7589
vn 0.4136 -0.2626 -0.8718
vn 0.3646 -0.2941 -0.8835
vn 0.0867 -0.2210 -0.9714
vn 0.2575 -0.3832 -0.8870
vn 0.2579 -0.3971 -0.8808
vn 0.2692 -0.3986 -0.8767
vn 0.2883 -0.3438 -0.8937
vn 0.2457 -0.2814 -0.9276
vn 0.4507 -0.3534 -0.8197
vn 0.3328 -0.4306 -0.8389
vn 0.3495 -0.3427 -0.8720
vn 0.3246 -0.2624 -0.9087
vn 0.3328 -0.1681 -0.9279
vn 0.2862 -0.1685 -0.9432
vn 0.2204 -0.2256 -0.9489
vn 0.1730 -0.2930 -0.9403
vn 0.1722 -0.3403 -0.9244
vn 0.3299 -0.3569 -0.8740
vn 0.1939 -0.4227 -0.8853
vn -0.0496 -0.2285 -0.9723
vn 0.2825 -0.1568 -0.9464
vn 0.3349 -0.2801 -0.8996
vn 0.3813 -0.2262 -0.8964
vn 0.1178 0.0926 -0.9887
vn -0.0204 -0.7717 -0.6357
vn 0.5812 -0.4140 -0.7006
vn 0.5331 -0.4825 -0.6949
vn 0.3001 -0.3445 -0.8895
vn 0.4809 -0.5282 -0.6999
vn 0.4593 -0.5432 -0.7028
vn 0.4482 -0.5351 -0.7161
vn 0.5286 -0.4224 -0.7363
vn 0.3780 -0.4593 -0.8038
vn 0.4782 -0.5014 -0.7211
vn 0.4660 -0.4409 -0.7671
vn 0.4559 -0.3804 -0.8046
vn 0.4652 -0.3325 -0.8204
vn 0.5044 -0.2748 -0.8186
vn 0.4865 -0.2983 -0.8212
vn 0.4348 -0.3813 -0.8158
vn 0.3935 -0.4561 -0.7982
vn 0.3448 -0.4837 -0.8044
vn 0.3329 -0.4939 -0.8032
vn 0.5183 -0.4731 -0.7124
vn 0.2929 -0.2256 -0.9292
vn 0.4707 -0.3730 -0.7995
vn 0.1754 -0.0791 -0.9813
vn 0.4745 -0.5191 -0.7109
vn 0.6684 -0.3946 -0.6306
vn 0.4333 -0.1680 -0.8855
vn 0.1926 -0.8872 -0.4192
vn 0.7828 -0.4863 -0.3884
vn 0.5998 -0.4053 -0.6899
vn 0.7094 -0.5740 -0.4091
vn 0.6673 -0.6275 -0.4012
vn 0.6459 -0.6412 -0.4145
vn 0.6527 -0.5720 -0.4968
vn 0.5603 -0.5599 -0.6104
vn 0.6503 -0.5838 -0.4860
vn 0.5492 -0.5979 -0.5839
vn 0.5912 -0.4533 -0.6671
vn 0.5722 -0.4465 -0.6879
vn 0.5884 -0.4331 -0.6828
vn 0.6429 -0.3985 -0.6541
vn 0.6488 -0.4248 -0.6314
vn 0.5968 -0.5151 -0.6153
vn 0.5490 -0.6000 -0.5819
vn 0.5952 -0.5941 -0.5411
vn 0.5121 -0.5829 -0.6309
vn 0.4916 -0.5590 -0.6678
vn 0.7472 -0.4247 -0.5112
vn 0.4077 -0.3896 -0.8259
vn 0.5588 -0.5954 -0.5773
vn 0.5758 -0.6806 -0.4530
vn 0.8052 -0.5113 -0.3004
vn 0.7125 -0.3339 -0.6171
vn 0.2874 -0.9470 -0.1437
vn 0.7451 -0.5454 -0.3838
vn 0.8562 -0.5049 -0.1093
vn 0.7857 -0.6060 -0.1240
vn 0.7469 -0.6602 -0.0786
vn 0.7777 -0.6103 -0.1509
vn 0.7489 -0.5940 -0.2938
vn 0.7273 -0.6377 -0.2538
vn 0.6848 -0.6717 -0.2825
vn 0.7035 -0.5774 -0.4144
vn 0.7223 -0.4986 -0.4792
vn 0.6975 -0.5201 -0.4929
vn 0.6921 -0.5318 -0.4881
vn 0.7290 -0.5109 -0.4555
vn 0.7430 -0.5280 -0.4114
vn 0.7012 -0.6086 -0.3714
vn 0.6455 -0.6803 -0.3472
vn 0.6462 -0.6871 -0.3322
vn 0.7749 -0.5728 -0.2671
vn 0.5728 -0.6387 -0.5138
vn 0.7785 -0.4755 -0.4096
vn 0.8240 -0.4787 -0.3030
vn 0.5080 -0.3405 -0.7912
vn 0.6294 -0.7256 -0.2781
vn 0.5739 -0.7854 -0.2319
vn 0.8227 -0.5680 -0.0227
vn 0.8416 -0.4447 -0.3066
vn 0.3334 -0.9405 0.0653
vn 0.8507 -0.5087 -0.1326
vn 0.8304 -0.5564 0.0291
vn 0.7993 -0.5953 0.0824
vn 0.7694 -0.6354 0.0656
vn 0.8294 -0.5564 -0.0505
vn 0.7819 -0.6211 -0.0532
vn 0.7708 -0.6347 0.0553
vn 0.7614 -0.6325 -0.1424
vn 0.7835 -0.5547 -0.2801
vn 0.8000 -0.5365 -0.2688
vn 0.7848 -0.5604 -0.2646
vn 0.7570 -0.5953 -0.2692
vn 0.7727 -0.5918 -0.2297
vn 0.7807 -0.5977 -0.1827
vn 0.7359 -0.6604 -0.1493
vn 0.6913 -0.7143 -0.1092
vn 0.6868 -0.7189 -0.1073
vn 0.7969 -0.5934 -0.1132
vn 0.8118 -0.5564 -0.1770
vn 0.6711 -0.6400 -0.3741
vn 0.8452 -0.5312 0.0592
vn 0.7479 -0.6563 0.0999
vn 0.5718 -0.8101 -0.1298
vn 0.7489 -0.6590 -0.0704
vn 0.9010 -0.4284 -0.0676
vn 0.3326 -0.9297 0.1581
vn 0.7116 -0.6927 -0.1171
vn 0.7262 -0.6872 0.0206
vn 0.7856 -0.5961 0.1660
vn 0.8287 -0.5546 0.0759
vn 0.8036 -0.5946 0.0278
vn 0.7875 -0.6113 0.0782
vn 0.8213 -0.5655 -0.0746
vn 0.8194 -0.5717 -0.0415
vn 0.7859 -0.6181 -0.0140
vn 0.7757 -0.6291 0.0496
vn 0.7357 -0.6726 0.0790
vn 0.6744 -0.7333 0.0870
vn 0.7938 -0.6036 -0.0749
vn 0.8573 -0.4873 0.1659
vn 0.7541 -0.6561 0.0282
vn 0.6845 -0.6671 0.2939
vn 0.7861 -0.5333 0.3124
vn 0.6972 -0.7020 0.1455
vn 0.7109 -0.6942 0.1126
vn 0.9063 -0.4225 -0.0105
vn 0.3027 -0.9397 0.1590
vn -0.3656 -0.8050 0.4673
vn 0.2315 -0.8620 0.4511
vn -0.4810 -0.6285 0.6113
vn -0.0650 -0.7470 0.6616
vn -0.5999 -0.4206 0.6806
vn -0.3126 -0.5379 0.7829
vn -0.5001 -0.3322 0.7997
vn -0.5974 -0.1819 0.7810
vn -0.6236 -0.0282 0.7812
vn -0.5976 0.1433 0.7889
vn -0.5293 0.2971 0.7947
vn -0.4795 0.3644 0.7983
vn -0.4875 0.4472 0.7499
vn -0.4279 0.4948 0.7564
vn -0.4538 0.3880 0.8022
vn -0.3680 0.6506 0.6643
vn -0.4157 0.5571 0.7189
vn -0.2425 0.6754 0.6964
vn -0.3383 0.6729 0.6578
vn -0.2184 0.8355 0.5042
vn -0.2967 0.7611 0.5768
vn -0.2710 0.7958 0.5415
vn -0.2076 0.8620 0.4624
vn -0.2880 0.7847 0.5490
vn 0.2994 -0.6843 0.6649
vn -0.0308 -0.5511 0.8339
vn -0.3020 -0.3606 0.8825
vn -0.4606 -0.2279 0.8579
vn -0.5449 -0.1246 0.8292
vn -0.5802 0.0139 0.8144
vn -0.5636 0.1639 0.8096
vn -0.5043 0.2933 0.8122
vn -0.4602 0.3830 0.8009
vn -0.4246 0.4827 0.7660
vn -0.4069 0.4021 0.8202
vn -0.4411 0.6589 0.6093
vn -0.3072 0.6158 0.7255
vn -0.3004 0.8747 0.3804
vn -0.2314 0.8304 0.5068
vn -0.2968 0.7813 0.5490
vn 0.2158 -0.4495 0.8668
vn -0.1114 -0.3134 0.9431
vn -0.3303 -0.2047 0.9214
vn -0.4315 -0.1527 0.8891
vn -0.4978 -0.0655 0.8648
vn -0.5398 0.0616 0.8396
vn -0.5374 0.1867 0.8224
vn -0.4960 0.3103 0.8110
vn -0.4464 0.4052 0.7978
vn -0.4420 0.4655 0.7668
vn -0.4355 0.6620 0.6101
vn -0.3337 0.4470 0.8300
vn -0.2923 0.6707 0.6817
vn -0.2517 0.8984 0.3599
vn -0.2535 0.7904 0.5577
vn -0.2980 0.7831 0.5459
vn 0.0053 -0.2028 0.9792
vn -0.2390 -0.1300 0.9623
vn -0.3554 -0.1201 0.9270
vn -0.4125 -0.0972 0.9058
vn -0.4631 -0.0014 0.8863
vn -0.5040 0.1116 0.8565
vn -0.5154 0.2198 0.8283
vn -0.4861 0.3279 0.8101
vn -0.4260 0.4174 0.8027
vn -0.4526 0.4424 0.7742
vn -0.3295 0.6867 0.6480
vn -0.3537 0.5201 0.7774
vn -0.3223 0.7997 0.5065
vn -0.2289 0.8522 0.4704
vn -0.2707 0.7910 0.5486
vn -0.3575 0.7251 0.5887
vn -0.3043 0.7851 0.5394
vn -0.1599 -0.0307 0.9867
vn -0.2660 -0.0302 0.9635
vn -0.3776 -0.0645 0.9237
vn -0.4532 -0.0178 0.8912
vn -0.4827 0.0736 0.8727
vn -0.4973 0.1655 0.8516
vn -0.4994 0.2530 0.8286
vn -0.4727 0.3371 0.8142
vn -0.4135 0.4387 0.7979
vn -0.4261 0.4863 0.7629
vn -0.2162 0.7021 0.6785
vn -0.4654 0.6354 0.6162
vn -0.3057 0.8460 0.4368
vn -0.2362 0.7903 0.5654
vn -0.2697 0.8117 0.5180
vn -0.3715 0.7258 0.5789
vn -0.3175 0.7860 0.5305
vn -0.1055 0.0957 0.9898
vn -0.2655 0.0639 0.9620
vn -0.4524 0.0505 0.8904
vn -0.5455 0.0799 0.8343
vn -0.5524 0.1466 0.8206
vn -0.5381 0.2208 0.8135
vn -0.5164 0.2873 0.8067
vn -0.4841 0.3677 0.7940
vn -0.4261 0.4622 0.7777
vn -0.4409 0.6624 0.6057
vn -0.3606 0.5332 0.7653
vn -0.2654 0.7637 0.5885
vn -0.2410 0.8276 0.5070
vn -0.2491 0.7895 0.5610
vn -0.2636 0.8263 0.4978
vn -0.3306 0.7897 0.5168
vn -0.4206 0.1186 0.8995
vn -0.5271 0.1689 0.8328
vn -0.6006 0.1686 0.7815
vn -0.6431 0.1621 0.7484
vn -0.6386 0.2152 0.7389
vn -0.6128 0.2761 0.7404
vn -0.5758 0.3374 0.7448
vn -0.5263 0.4162 0.7415
vn -0.4584 0.5002 0.7347
vn -0.3406 0.6862 0.6428
vn -0.3770 0.5930 0.7115
vn -0.3098 0.8037 0.5080
vn -0.2163 0.8172 0.5342
vn -0.2617 0.8332 0.4870
vn -0.2695 0.8323 0.4843
vn -0.3413 0.7992 0.4949
vn -0.5536 0.2344 0.7991
vn -0.6342 0.2418 0.7344
vn -0.7026 0.2281 0.6740
vn -0.7336 0.2343 0.6379
vn -0.7254 0.2829 0.6275
vn -0.6986 0.3335 0.6331
vn -0.6512 0.3899 0.6511
vn -0.5849 0.4643 0.6651
vn -0.4995 0.5459 0.6727
vn -0.3175 0.7292 0.6062
vn -0.3959 0.6436 0.6550
vn -0.2690 0.8074 0.5251
vn -0.2247 0.8335 0.5047
vn -0.2556 0.8500 0.4606
vn -0.2792 0.8411 0.4633
vn -0.4260 0.7642 0.4842
vn -0.3500 0.8138 0.4639
vn -0.6806 0.3224 0.6579
vn -0.7538 0.3339 0.5659
vn -0.7991 0.3055 0.5178
vn -0.8121 0.3061 0.4968
vn -0.7982 0.3424 0.4956
vn -0.7721 0.3784 0.5106
vn -0.7225 0.4315 0.5402
vn -0.6452 0.5026 0.5754
vn -0.5515 0.6129 0.5659
vn -0.3297 0.7845 0.5253
vn -0.4351 0.7103 0.5532
vn -0.2478 0.8363 0.4891
vn -0.2348 0.8681 0.4374
vn -0.2540 0.8686 0.4255
vn -0.2886 0.8551 0.4307
vn -0.3582 0.8318 0.4241
vn -0.8280 0.3781 0.4140
vn -0.8519 0.3650 0.3756
vn -0.8660 0.3426 0.3642
vn -0.8638 0.3600 0.3525
vn -0.8527 0.3890 0.3488
vn -0.8339 0.4211 0.3568
vn -0.7930 0.4771 0.3789
vn -0.7142 0.5771 0.3960
vn -0.6150 0.6968 0.3691
vn -0.3481 0.8397 0.4168
vn -0.4888 0.7738 0.4029
vn -0.2590 0.8857 0.3853
vn -0.2364 0.8985 0.3699
vn -0.2631 0.8880 0.3771
vn -0.2974 0.8750 0.3820
vn -0.3669 0.8490 0.3802
vn -0.8797 0.3980 0.2602
vn -0.8963 0.3789 0.2302
vn -0.9012 0.3727 0.2212
vn -0.8772 0.4396 0.1933
vn -0.8883 0.4079 0.2111
vn -0.8644 0.4702 0.1784
vn -0.8324 0.5276 0.1694
vn -0.7502 0.6384 0.1721
vn -0.6522 0.7327 0.1945
vn -0.5381 0.8079 0.2402
vn -0.3760 0.8823 0.2831
vn -0.2712 0.9227 0.2741
vn -0.2478 0.9239 0.2915
vn -0.2756 0.9088 0.3132
vn -0.3057 0.8936 0.3286
vn -0.3746 0.8679 0.3264
vn -0.9040 0.4149 0.1028
vn -0.9156 0.3973 0.0616
vn -0.8941 0.4424 0.0695
vn -0.9164 0.3966 0.0549
vn -0.8746 0.4795 0.0711
vn -0.8590 0.5092 0.0533
vn -0.8282 0.5600 0.0240
vn -0.7608 0.6488 0.0176
vn -0.6701 0.7386 0.0737
vn -0.5600 0.8215 0.1072
vn -0.4008 0.9075 0.1257
vn -0.2852 0.9463 0.1519
vn -0.2663 0.9439 0.1952
vn -0.2897 0.9273 0.2369
vn -0.3137 0.9122 0.2635
vn -0.3798 0.8856 0.2673
vn -0.8899 0.4462 -0.0945
vn -0.9100 0.4022 -0.1009
vn -0.9038 0.4120 -0.1154
vn -0.8879 0.4535 -0.0771
vn -0.8652 0.4989 -0.0509
vn -0.8451 0.5331 -0.0393
vn -0.8134 0.5798 -0.0477
vn -0.7546 0.6536 -0.0589
vn -0.6759 0.7354 -0.0489
vn -0.5577 0.8294 -0.0321
vn -0.4050 0.9139 -0.0277
vn -0.3034 0.9528 0.0119
vn -0.2864 0.9544 0.0843
vn -0.3012 0.9432 0.1401
vn -0.3246 0.9285 0.1801
vn -0.4828 0.8390 0.2509
vn -0.3867 0.8986 0.2075
vn -0.8743 0.4163 -0.2497
vn -0.8607 0.4327 -0.2683
vn -0.8800 0.3945 -0.2647
vn -0.8637 0.4512 -0.2245
vn -0.8458 0.5020 -0.1803
vn -0.8276 0.5409 -0.1502
vn -0.7950 0.5905 -0.1389
vn -0.7355 0.6626 -0.1412
vn -0.6550 0.7403 -0.1514
vn -0.5410 0.8243 -0.1672
vn -0.3950 0.9078 -0.1411
vn -0.3103 0.9439 -0.1135
vn -0.3114 0.9496 -0.0351
vn -0.3103 0.9499 0.0374
vn -0.3350 0.9382 0.0872
vn -0.4900 0.8452 0.2133
vn -0.3967 0.9086 0.1310
vn -0.7893 0.4380 -0.4302
vn -0.8038 0.3936 -0.4462
vn -0.8043 0.4083 -0.4317
vn -0.8048 0.4294 -0.4098
vn -0.8051 0.4858 -0.3402
vn -0.7988 0.5344 -0.2762
vn -0.7679 0.5930 -0.2423
vn -0.7039 0.6669 -0.2445
vn -0.6179 0.7414 -0.2617
vn -0.5106 0.8146 -0.2752
vn -0.3808 0.8915 -0.2453
vn -0.3163 0.9281 -0.1966
vn -0.3212 0.9447 -0.0657
vn -0.3249 0.9362 -0.1342
vn -0.3419 0.9397 -0.0011
vn -0.4065 0.9122 0.0513
vn -0.6538 0.4418 -0.6143
vn -0.6760 0.3962 -0.6213
vn -0.6935 0.3892 -0.6063
vn -0.7122 0.4040 -0.5741
vn -0.7238 0.4474 -0.5253
vn -0.7375 0.5002 -0.4537
vn -0.7258 0.5734 -0.3800
vn -0.6593 0.6689 -0.3434
vn -0.5712 0.7330 -0.3694
vn -0.4794 0.7998 -0.3613
vn -0.3683 0.8684 -0.3321
vn -0.3250 0.9057 -0.2723
vn -0.3266 0.9183 -0.2236
vn -0.3247 0.9331 -0.1547
vn -0.3451 0.9342 -0.0905
vn -0.4120 0.9105 -0.0347
vn -0.4698 0.3542 -0.8086
vn -0.5247 0.3594 -0.7717
vn -0.5826 0.3496 -0.7338
vn -0.6102 0.3760 -0.6974
vn -0.6221 0.4145 -0.6642
vn -0.6307 0.4453 -0.6356
vn -0.6411 0.5150 -0.5690
vn -0.5942 0.6351 -0.4935
vn -0.5220 0.7190 -0.4589
vn -0.4483 0.7782 -0.4399
vn -0.3536 0.8397 -0.4121
vn -0.3163 0.8768 -0.3621
vn -0.3128 0.9140 -0.2583
vn -0.3222 0.8915 -0.3185
vn -0.3409 0.9208 -0.1898
vn -0.4954 0.8687 -0.0036
vn -0.4125 0.9025 -0.1240
vn -0.2749 0.2437 -0.9301
vn -0.3543 0.2668 -0.8963
vn -0.4605 0.2740 -0.8443
vn -0.5335 0.3472 -0.7712
vn -0.5602 0.3679 -0.7421
vn -0.5735 0.4402 -0.6909
vn -0.5269 0.4422 -0.7259
vn -0.4994 0.5454 -0.6732
vn -0.4627 0.6725 -0.5776
vn -0.4064 0.7430 -0.5319
vn -0.3289 0.8056 -0.4928
vn -0.3041 0.8422 -0.4453
vn -0.3033 0.8892 -0.3426
vn -0.3097 0.8617 -0.4019
vn -0.3358 0.9006 -0.2761
vn -0.4077 0.8892 -0.2076
vn -0.1051 0.1124 -0.9881
vn -0.2038 0.1660 -0.9648
vn -0.3221 0.1712 -0.9311
vn -0.4602 0.2542 -0.8506
vn -0.5087 0.3606 -0.7818
vn -0.4661 0.4007 -0.7888
vn -0.4627 0.4249 -0.7781
vn -0.4435 0.4921 -0.7490
vn -0.3843 0.5730 -0.7238
vn -0.3548 0.6788 -0.6429
vn -0.3049 0.7646 -0.5678
vn -0.2979 0.8092 -0.5064
vn -0.2909 0.8600 -0.4193
vn -0.2919 0.8302 -0.4750
vn -0.3272 0.8757 -0.3552
vn -0.4024 0.8704 -0.2836
vn 0.0634 -0.0277 -0.9976
vn -0.0856 0.0371 -0.9956
vn -0.2618 0.0951 -0.9604
vn -0.3264 0.1545 -0.9325
vn -0.3695 0.3161 -0.8738
vn -0.3385 0.3538 -0.8719
vn -0.4101 0.3738 -0.8319
vn -0.4302 0.4909 -0.7576
vn -0.3160 0.5064 -0.8023
vn -0.3157 0.5909 -0.7424
vn -0.2953 0.7143 -0.6345
vn -0.2754 0.7674 -0.5790
vn -0.2775 0.8296 -0.4845
vn -0.2840 0.8044 -0.5217
vn -0.3215 0.8488 -0.4197
vn -0.3980 0.8482 -0.3495
vn 0.2360 -0.2205 -0.9464
vn -0.0178 -0.1108 -0.9937
vn -0.1542 0.0140 -0.9879
vn -0.2071 0.1011 -0.9731
vn -0.2160 0.1985 -0.9560
vn -0.3397 0.3304 -0.8806
vn -0.4262 0.3689 -0.8260
vn -0.3072 0.4022 -0.8625
vn -0.2573 0.4897 -0.8330
vn -0.3033 0.5117 -0.8039
vn -0.2891 0.6622 -0.6913
vn -0.2482 0.7027 -0.6668
vn -0.2656 0.8054 -0.5298
vn -0.2811 0.7828 -0.5551
vn -0.3166 0.8220 -0.4735
vn -0.3953 0.8257 -0.4024
vn 0.3863 -0.3717 -0.8441
vn 0.2815 -0.2152 -0.9351
vn 0.1425 -0.1009 -0.9846
vn -0.0337 0.0152 -0.9993
vn -0.2172 0.1289 -0.9676
vn -0.3843 0.2290 -0.8944
vn -0.4039 0.3988 -0.8233
vn -0.2162 0.3410 -0.9149
vn -0.2490 0.4721 -0.8456
vn -0.2761 0.4433 -0.8528
vn -0.2392 0.5788 -0.7796
vn -0.2560 0.6633 -0.7032
vn -0.2427 0.7116 -0.6594
vn -0.2637 0.7887 -0.5553
vn -0.3111 0.7970 -0.5176
vn -0.3943 0.8038 -0.4454
vn 0.6372 -0.4120 -0.6514
vn 0.5403 -0.3035 -0.7848
vn 0.3961 -0.1903 -0.8982
vn 0.0248 -0.1056 -0.9941
vn -0.2748 0.0033 -0.9615
vn -0.4046 0.1739 -0.8978
vn -0.2966 0.3292 -0.8965
vn -0.2440 0.3882 -0.8887
vn -0.3085 0.4816 -0.8203
vn -0.2372 0.4262 -0.8730
vn -0.1972 0.4720 -0.8593
vn -0.2018 0.6387 -0.7425
vn -0.3439 0.6889 -0.6381
vn -0.2702 0.7589 -0.5925
vn -0.3041 0.7764 -0.5520
vn -0.3792 0.7789 -0.4995
vn 0.8763 -0.3854 -0.2892
vn 0.8051 -0.2774 -0.5243
vn 0.4248 -0.3501 -0.8348
vn -0.0763 -0.3259 -0.9423
vn -0.4348 -0.1098 -0.8938
vn -0.4344 0.1609 -0.8863
vn -0.1944 0.2518 -0.9481
vn -0.2737 0.3619 -0.8911
vn -0.3271 0.4794 -0.8144
vn -0.2102 0.4562 -0.8647
vn -0.2912 0.3986 -0.8696
vn -0.1705 0.6429 -0.7467
vn -0.3955 0.7175 -0.5734
vn -0.2558 0.6959 -0.6710
vn -0.2936 0.7559 -0.5851
vn -0.3705 0.7570 -0.5381
vn 0.7225 -0.6591 -0.2087
vn 0.3951 -0.6645 -0.6342
vn -0.1343 -0.5728 -0.8086
vn -0.4531 -0.4170 -0.7879
vn -0.5175 -0.1584 -0.8409
vn -0.3064 0.0539 -0.9504
vn -0.1506 0.2423 -0.9585
vn -0.2844 0.2876 -0.9146
vn -0.2907 0.4353 -0.8520
vn -0.1858 0.4821 -0.8562
vn -0.3403 0.3152 -0.8859
vn -0.3328 0.6319 -0.6999
vn -0.1769 0.7167 -0.6746
vn -0.2281 0.6289 -0.7433
vn -0.2913 0.7297 -0.6186
vn -0.3744 0.7410 -0.5575
vn -0.4255 -0.8768 -0.2241
vn -0.7600 -0.5578 -0.3337
vn -0.8133 -0.3592 -0.4577
vn -0.6761 -0.3883 -0.6262
vn -0.4813 -0.2573 -0.8379
vn -0.1691 0.2089 -0.9632
vn -0.1471 0.3192 -0.9362
vn -0.3343 0.3116 -0.8894
vn -0.2608 0.4642 -0.8465
vn -0.2125 0.7372 -0.6414
vn -0.2306 0.6409 -0.7322
vn -0.2938 0.6867 -0.6649
vn -0.3749 0.7205 -0.5834
vn 0.3671 0.7775 -0.5105
vn 0.4326 0.7632 -0.4800
vn 0.7736 0.5839 0.2463
vn -0.0519 0.5961 0.8012
vn -0.5544 0.5965 0.5804
vn 0.2951 0.7762 -0.5572
vn -0.7888 0.5714 0.2265
vn -0.8032 0.5658 0.1864
vn 0.7841 0.5812 0.2178
vn -0.0248 0.5959 0.8027
vn 0.2099 0.7746 -0.5966
vn -0.5398 0.5952 0.5954
vn -0.7853 0.5700 0.2418
vn 0.0357 0.5937 0.8039
vn 0.0083 0.5966 0.8025
vn 0.1160 0.7787 -0.6166
vn 0.7880 0.5821 0.2003
vn 0.5295 0.5971 0.6026
vn 0.4878 0.6097 0.6247
vn 0.0543 0.5966 0.8007
vn 0.0063 0.7847 -0.6198
vn -0.7796 0.5707 0.2580
vn 0.7891 0.5845 0.1890
vn 0.0733 0.5966 0.7992
vn 0.5504 0.5970 0.5836
vn -0.7687 0.5692 0.2917
vn 0.0897 0.5932 0.8000
vn -0.1057 0.7824 -0.6137
vn 0.8102 0.5710 0.1322
vn 0.5650 0.5965 0.5700
vn 0.1145 0.6029 0.7896
vn -0.2048 0.7849 -0.5849
vn 0.8075 0.5788 0.1135
vn 0.1499 0.6049 0.7821
vn 0.5850 0.6010 0.5447
vn -0.2912 0.7938 -0.5340
vn -0.7547 0.5692 0.3263
vn 0.1875 0.6013 0.7767
vn -0.3631 0.7830 -0.5050
vn 0.8068 0.5838 0.0908
vn 0.6101 0.6042 0.5125
vn 0.2309 0.6070 0.7604
vn -0.4242 0.7664 -0.4823
vn -0.7442 0.5705 0.3475
vn 0.8045 0.5906 0.0623
vn 0.2771 0.6056 0.7460
vn 0.6298 0.6006 0.4926
vn -0.4785 0.7592 -0.4412
vn -0.7311 0.5728 0.3707
vn 0.3235 0.6036 0.7287
vn -0.5301 0.7565 -0.3829
vn 0.8005 0.5986 0.0292
vn 0.6543 0.5979 0.4630
vn 0.3764 0.6278 0.6813
vn -0.6032 0.7200 -0.3431
vn -0.7090 0.5806 0.4002
vn 0.7972 0.6036 -0.0049
vn 0.4384 0.6143 0.6560
vn 0.6781 0.5996 0.4250
vn -0.6558 0.7037 -0.2734
vn -0.5143 0.6005 0.6123
vn -0.7001 0.5799 0.4166
vn -0.6966 0.6838 -0.2171
vn 0.7916 0.6103 -0.0310
vn 0.6981 0.5951 0.3981
vn -0.4654 0.6180 0.6336
vn -0.7992 0.6010 0.0022
vn -0.7853 0.6180 -0.0355
vn -0.7317 0.6634 -0.1566
vn -0.6870 0.5869 0.4285
vn -0.4225 0.6107 0.6697
vn 0.7781 0.6246 -0.0663
vn 0.7107 0.5914 0.3810
vn -0.7620 0.6405 -0.0955
vn -0.3692 0.6205 0.6919
vn -0.6616 0.5975 0.4532
vn 0.7565 0.6443 -0.1120
vn -0.8046 0.5930 0.0307
vn 0.7263 0.5902 0.3525
vn -0.3252 0.6064 0.7257
vn 0.7082 0.6730 -0.2133
vn 0.7371 0.6556 -0.1638
vn -0.6464 0.5868 0.4877
vn -0.8075 0.5859 0.0686
vn -0.2816 0.6041 0.7455
vn 0.6751 0.6882 -0.2658
vn 0.7422 0.5898 0.3183
vn -0.2357 0.6046 0.7609
vn -0.6206 0.5970 0.5084
vn 0.6353 0.7099 -0.3041
vn -0.8104 0.5774 0.0993
vn -0.1948 0.6038 0.7730
vn 0.5844 0.7364 -0.3410
vn -0.6023 0.6050 0.5208
vn -0.8116 0.5710 0.1235
vn -0.1564 0.6039 0.7815
vn 0.5363 0.7364 -0.4124
vn 0.7555 0.5841 0.2966
vn -0.1209 0.6025 0.7889
vn -0.5824 0.6047 0.5433
vn 0.4858 0.7465 -0.4547
vn -0.8101 0.5671 0.1485
vn 0.7661 0.5821 0.2725
vn -0.0927 0.5977 0.7964
vn -0.5668 0.5982 0.5665
vn -0.0732 0.5945 0.8008
vn 0.4325 0.7632 -0.4800
vn 0.4593 0.7767 -0.4310
vn 0.4857 0.7466 -0.4547
vn -0.7852 0.5701 0.2418
vn -0.8008 0.5496 0.2379
vn -0.8086 0.5483 0.2136
vn 0.3671 0.7776 -0.5105
vn 0.4182 0.7727 -0.4776
vn -0.7795 0.5708 0.2580
vn -0.7938 0.5442 0.2714
vn 0.3607 0.7625 -0.5372
vn -0.7842 0.5371 0.3108
vn 0.2797 0.7704 -0.5729
vn -0.7546 0.5692 0.3264
vn -0.7723 0.5380 0.3377
vn 0.1159 0.7787 -0.6165
vn 0.1940 0.7861 -0.5869
vn -0.7441 0.5705 0.3475
vn -0.7606 0.5374 0.3642
vn 0.0063 0.7848 -0.6198
vn 0.1061 0.7962 -0.5957
vn -0.7310 0.5729 0.3707
vn -0.7489 0.5324 0.3946
vn -0.0978 0.7986 -0.5939
vn 0.0049 0.7984 -0.6022
vn -0.7089 0.5807 0.4003
vn -0.7289 0.5407 0.4200
vn -0.1058 0.7824 -0.6137
vn -0.1927 0.7872 -0.5858
vn -0.7202 0.5433 0.4315
vn -0.2048 0.7848 -0.5849
vn -0.2897 0.7719 -0.5659
vn -0.6869 0.5870 0.4285
vn -0.7066 0.5396 0.4577
vn -0.2911 0.7938 -0.5340
vn -0.3569 0.7832 -0.5092
vn -0.6615 0.5975 0.4531
vn -0.6733 0.5499 0.4943
vn -0.3632 0.7830 -0.5050
vn -0.3995 0.7932 -0.4597
vn -0.6464 0.5869 0.4876
vn -0.6573 0.5407 0.5250
vn -0.4536 0.7834 -0.4248
vn -0.6206 0.5971 0.5083
vn -0.6397 0.5428 0.5442
vn -0.4786 0.7592 -0.4411
vn -0.5132 0.7665 -0.3862
vn -0.6022 0.6051 0.5208
vn -0.6141 0.5498 0.5663
vn -0.5302 0.7565 -0.3829
vn -0.5641 0.7658 -0.3088
vn -0.5823 0.6047 0.5433
vn -0.5885 0.5569 0.5861
vn -0.6316 0.7294 -0.2629
vn -0.5668 0.5983 0.5665
vn -0.5740 0.5576 0.5997
vn -0.6558 0.7037 -0.2733
vn -0.6743 0.7068 -0.2138
vn -0.5543 0.5966 0.5804
vn -0.5583 0.5565 0.6153
vn -0.5142 0.6006 0.6123
vn -0.5082 0.5341 0.6756
vn -0.5399 0.5493 0.6378
vn -0.7080 0.6861 -0.1677
vn -0.5397 0.5952 0.5954
vn -0.4654 0.6181 0.6335
vn -0.4528 0.5431 0.7071
vn -0.7378 0.6643 -0.1194
vn 0.5295 0.5972 0.6026
vn 0.5251 0.5414 0.6566
vn 0.4878 0.6098 0.6247
vn -0.4225 0.6108 0.6697
vn -0.4007 0.5363 0.7429
vn -0.7620 0.6406 -0.0955
vn -0.7674 0.6376 -0.0678
vn 0.5503 0.5971 0.5836
vn 0.5533 0.5548 0.6213
vn -0.3691 0.6206 0.6918
vn -0.3461 0.5502 0.7599
vn 0.5650 0.5966 0.5700
vn 0.5731 0.5573 0.6009
vn -0.3251 0.6064 0.7256
vn -0.3015 0.5481 0.7802
vn 0.5849 0.6010 0.5446
vn 0.5869 0.5585 0.5862
vn -0.2816 0.6042 0.7454
vn -0.2541 0.5432 0.8002
vn 0.6135 0.5568 0.5600
vn -0.2357 0.6047 0.7608
vn -0.2105 0.5413 0.8141
vn 0.6297 0.6007 0.4925
vn 0.6430 0.5530 0.5298
vn -0.1947 0.6038 0.7730
vn -0.1698 0.5395 0.8247
vn 0.6542 0.5980 0.4630
vn 0.6637 0.5518 0.5050
vn -0.1563 0.6040 0.7815
vn -0.1314 0.5396 0.8316
vn 0.6781 0.5997 0.4250
vn 0.6881 0.5543 0.4683
vn -0.1209 0.6026 0.7888
vn -0.1008 0.5425 0.8340
vn 0.6981 0.5952 0.3981
vn 0.7149 0.5531 0.4277
vn -0.0927 0.5977 0.7963
vn -0.0794 0.5434 0.8357
vn 0.7107 0.5915 0.3809
vn 0.7308 0.5535 0.3996
vn -0.0732 0.5945 0.8007
vn -0.0569 0.5405 0.8394
vn 0.7262 0.5902 0.3524
vn 0.7435 0.5506 0.3796
vn -0.0518 0.5962 0.8012
vn -0.0282 0.5399 0.8413
vn 0.7421 0.5898 0.3183
vn 0.7602 0.5517 0.3433
vn -0.0247 0.5959 0.8026
vn 0.0081 0.5385 0.8426
vn 0.7555 0.5842 0.2966
vn 0.7753 0.5523 0.3065
vn 0.0083 0.5967 0.8024
vn 0.0390 0.5414 0.8398
vn 0.7660 0.5822 0.2726
vn 0.7828 0.5544 0.2827
vn 0.0357 0.5938 0.8038
vn 0.0590 0.5397 0.8398
vn 0.7735 0.5839 0.2463
vn 0.7902 0.5568 0.2560
vn 0.0796 0.5406 0.8375
vn 0.7840 0.5813 0.2178
vn 0.7998 0.5576 0.2223
vn 0.0898 0.5933 0.8000
vn 0.0733 0.5967 0.7991
vn 0.7880 0.5822 0.2003
vn 0.8030 0.5626 0.1964
vn 0.1241 0.5405 0.8321
vn 0.0980 0.5465 0.8317
vn 0.7890 0.5846 0.1890
vn 0.8106 0.5608 0.1685
vn 0.1499 0.6049 0.7820
vn 0.1145 0.6030 0.7895
vn 0.8102 0.5711 0.1322
vn 0.8252 0.5513 0.1226
vn 0.1875 0.6014 0.7766
vn 0.1620 0.5395 0.8263
vn 0.8075 0.5788 0.1136
vn 0.8129 0.5699 0.1203
vn 0.2309 0.6071 0.7604
vn 0.2027 0.5456 0.8132
vn 0.8124 0.5759 0.0911
vn 0.2772 0.6056 0.7459
vn 0.2486 0.5439 0.8014
vn 0.8045 0.5907 0.0623
vn 0.8104 0.5823 0.0643
vn 0.3235 0.6037 0.7287
vn 0.2969 0.5487 0.7815
vn 0.8005 0.5986 0.0293
vn 0.8060 0.5911 0.0315
vn 0.4088 0.5325 0.7412
vn 0.3444 0.5570 0.7557
vn 0.7972 0.6037 -0.0049
vn 0.7994 0.6008 -0.0021
vn 0.4384 0.6144 0.6560
vn 0.3764 0.6279 0.6812
vn 0.7916 0.6103 -0.0309
vn 0.7905 0.6120 -0.0229
vn 0.4742 0.5391 0.6961
vn 0.7803 0.6240 -0.0414
vn -0.7863 0.6174 -0.0243
vn 0.7623 0.6424 -0.0787
vn -0.7992 0.6011 0.0023
vn -0.7973 0.6035 -0.0017
vn 0.7405 0.6598 -0.1279
vn -0.8046 0.5930 0.0308
vn -0.8071 0.5899 0.0248
vn 0.7158 0.6792 -0.1624
vn -0.8074 0.5860 0.0686
vn -0.8128 0.5793 0.0613
vn 0.6866 0.6981 -0.2032
vn -0.8104 0.5774 0.0994
vn -0.8159 0.5709 0.0920
vn 0.6352 0.7100 -0.3041
vn 0.6462 0.7247 -0.2390
vn -0.8116 0.5711 0.1235
vn -0.8185 0.5624 0.1171
vn 0.6075 0.7409 -0.2863
vn -0.8101 0.5672 0.1485
vn -0.8219 0.5512 0.1441
vn 0.5711 0.7391 -0.3572
vn -0.8032 0.5658 0.1865
vn -0.8220 0.5416 0.1758
vn 0.5100 0.7636 -0.3960
vn -0.7888 0.5714 0.2266
vn 0.0109 0.9324 0.3612
vn -0.0112 -0.7073 -0.7069
vn 0.0089 -0.7814 0.6240
vn -0.0106 -0.7818 0.6235
vn -0.5178 -0.8445 0.1370
vn -0.5063 -0.8372 0.2069
vn 0.0475 -0.6325 0.7731
vn -0.0929 -0.8576 -0.5059
vn 0.1014 -0.6232 0.7755
vn -0.0287 -0.7805 0.6245
vn -0.0310 -0.7058 -0.7077
vn 0.5045 -0.8633 -0.0119
vn -0.4920 -0.8303 0.2618
vn -0.1391 -0.8587 -0.4932
vn 0.1661 -0.6197 0.7670
vn -0.0231 -0.7841 0.6202
vn -0.0617 -0.6905 -0.7207
vn 0.4872 -0.8676 -0.0994
vn -0.4749 -0.8265 0.3021
vn -0.1793 -0.8567 -0.4837
vn 0.2191 -0.6278 0.7469
vn 0.0303 -0.7943 0.6067
vn -0.1272 -0.6733 -0.7284
vn 0.4535 -0.8725 -0.1818
vn -0.4583 -0.8247 0.3315
vn -0.2058 -0.8564 -0.4736
vn 0.2573 -0.6298 0.7329
vn 0.1155 -0.8055 0.5813
vn -0.2200 -0.6768 -0.7026
vn 0.3893 -0.8785 -0.2768
vn 0.6055 -0.7199 -0.3392
vn -0.4320 -0.8266 0.3608
vn -0.2392 -0.8628 -0.4453
vn 0.3192 -0.6173 0.7191
vn 0.2181 -0.8207 0.5281
vn -0.3373 -0.6745 -0.6567
vn 0.3123 -0.8746 -0.3708
vn -0.3935 -0.8265 0.4024
vn -0.2996 -0.8725 -0.3860
vn 0.4368 -0.5806 0.6871
vn 0.3060 -0.8222 0.4799
vn -0.4330 -0.7080 -0.5580
vn 0.2453 -0.8684 -0.4310
vn -0.3392 -0.8246 0.4527
vn -0.3810 -0.8751 -0.2984
vn 0.5652 -0.5652 0.6009
vn 0.3586 -0.8299 0.4274
vn -0.5231 -0.7129 -0.4671
vn 0.1996 -0.8599 -0.4699
vn -0.2607 -0.8195 0.5103
vn -0.4485 -0.8708 -0.2012
vn 0.6564 -0.5748 0.4886
vn 0.4113 -0.8313 0.3739
vn -0.6066 -0.7068 -0.3640
vn 0.1763 -0.8551 -0.4876
vn -0.1597 -0.8108 0.5631
vn -0.4881 -0.8660 -0.1090
vn 0.7211 -0.5823 0.3755
vn 0.4473 -0.8298 0.3337
vn -0.6587 -0.7009 -0.2736
vn 0.1547 -0.8571 -0.4913
vn -0.0724 -0.7958 0.6013
vn -0.5085 -0.8608 -0.0209
vn 0.7646 -0.5929 0.2526
vn 0.4676 -0.8308 0.3020
vn -0.6978 -0.6863 -0.2054
vn 0.1142 -0.8588 -0.4994
vn -0.0041 -0.7884 0.6151
vn 0.7833 -0.6067 0.1356
vn -0.5198 -0.8522 0.0600
vn 0.4842 -0.8352 0.2609
vn -0.7369 -0.6611 -0.1412
vn 0.0685 -0.8572 -0.5104
vn 0.0234 -0.7805 0.6247
vn -0.5178 -0.8445 0.1369
vn 0.4997 -0.8410 0.2076
vn -0.7668 -0.6385 -0.0653
vn 0.0296 -0.8551 -0.5176
vn 0.5099 -0.8485 0.1418
vn -0.7872 -0.6162 0.0235
vn -0.0091 -0.8547 -0.5190
vn -0.7872 -0.6162 0.0236
vn 0.5146 -0.8546 0.0692
vn -0.0507 -0.8554 -0.5155
vn -0.2392 -0.8629 -0.4453
vn -0.3181 -0.8413 -0.4370
vn -0.2996 -0.8725 -0.3859
vn -0.2057 -0.8564 -0.4735
vn -0.2444 -0.8445 -0.4766
vn 0.2370 -0.7882 0.5679
vn 0.2180 -0.8207 0.5281
vn -0.1792 -0.8567 -0.4837
vn -0.2075 -0.8484 -0.4870
vn 0.1237 -0.7824 0.6103
vn -0.1390 -0.8587 -0.4932
vn -0.1810 -0.8468 -0.5002
vn 0.0341 -0.7750 0.6311
vn -0.1410 -0.8437 -0.5180
vn -0.0288 -0.7805 0.6245
vn -0.0229 -0.7736 0.6332
vn -0.0105 -0.7818 0.6235
vn 0.0098 -0.7777 0.6286
vn -0.0108 -0.7780 0.6282
vn -0.0507 -0.8554 -0.5154
vn -0.0933 -0.8436 -0.5288
vn -0.0299 -0.7769 0.6289
vn 0.0089 -0.7814 0.6239
vn 0.0250 -0.7755 0.6308
vn -0.0091 -0.8548 -0.5190
vn -0.0507 -0.8454 -0.5317
vn 0.0297 -0.8457 -0.5328
vn -0.0091 -0.8459 -0.5332
vn -0.0058 -0.7732 0.6341
vn 0.0296 -0.8552 -0.5175
vn 0.0689 -0.8443 -0.5314
vn -0.0042 -0.7885 0.6150
vn -0.0756 -0.7799 0.6214
vn 0.1160 -0.8441 -0.5235
vn -0.1693 -0.7831 0.5983
vn 0.1141 -0.8589 -0.4993
vn 0.1564 -0.8469 -0.5081
vn -0.2772 -0.7910 0.5455
vn 0.1547 -0.8572 -0.4912
vn 0.1772 -0.8497 -0.4965
vn -0.3632 -0.7952 0.4856
vn 0.1763 -0.8551 -0.4875
vn 0.2024 -0.8469 -0.4918
vn -0.4230 -0.7989 0.4276
vn 0.1996 -0.8599 -0.4698
vn 0.2554 -0.8430 -0.4733
vn -0.3935 -0.8265 0.4025
vn 0.3348 -0.8448 -0.4174
vn -0.4614 -0.8032 0.3767
vn 0.4244 -0.8468 -0.3205
vn -0.4750 -0.8265 0.3021
vn -0.4806 -0.8085 0.3396
vn 0.3893 -0.8786 -0.2768
vn 0.4849 -0.8493 -0.2086
vn -0.4920 -0.8303 0.2617
vn -0.4978 -0.8111 0.3072
vn 0.5187 -0.8466 -0.1188
vn -0.5160 -0.8149 0.2641
vn 0.4871 -0.8677 -0.0994
vn 0.5411 -0.8405 -0.0277
vn -0.5350 -0.8194 0.2060
vn 0.5454 -0.8359 0.0613
vn 0.5276 -0.8237 0.2076
vn 0.5417 -0.8292 0.1377
vn 0.5146 -0.8546 0.0693
vn 0.5094 -0.8191 0.2638
vn -0.5480 -0.8260 0.1320
vn 0.4897 -0.8159 0.3073
vn -0.5085 -0.8608 -0.0208
vn -0.5526 -0.8319 0.0504
vn 0.4676 -0.8308 0.3019
vn 0.4721 -0.8121 0.3429
vn -0.5477 -0.8357 -0.0395
vn 0.4473 -0.8298 0.3336
vn 0.4443 -0.8053 0.3925
vn -0.4485 -0.8709 -0.2012
vn -0.5228 -0.8418 -0.1345
vn 0.3908 -0.7988 0.4574
vn -0.4798 -0.8456 -0.2342
vn 0.3586 -0.8299 0.4275
vn -0.4105 -0.8445 -0.3440
vn 0.3247 -0.7983 0.5072
vn -0.0071 -0.9945 0.1044
vn 0.4594 -0.7398 0.4916
vn 0.6266 -0.6590 0.4161
vn 0.0804 -0.9516 -0.2968
vn 0.0151 -0.9684 -0.2490
vn 0.1450 -0.8488 0.5084
vn -0.1366 -0.9735 0.1834
vn -0.1075 -0.9521 0.2864
vn 0.5308 -0.8146 -0.2338
vn 0.3074 -0.8970 -0.3175
vn 0.7222 -0.6055 0.3344
vn 0.7774 -0.5767 0.2510
vn -0.0400 -0.9823 -0.1831
vn -0.0935 -0.9928 -0.0752
vn 0.7881 -0.6142 0.0399
vn 0.1544 -0.9321 -0.3277
vn 0.8174 -0.5400 0.2008
vn 0.8154 -0.5332 0.2255
vn 0.0415 -0.8885 0.4570
vn -0.1307 -0.9894 0.0632
vn 0.8080 -0.5706 0.1468
vn 0.2675 -0.8040 0.5310
vn -0.0655 -0.9252 0.3739
vn 0.8222 -0.5289 0.2105
vn -0.0430 -0.9066 0.4199
vn 0.9691 -0.1793 0.1693
vn 0.8192 -0.5451 0.1782
vn 0.7102 -0.6974 -0.0957
vn 0.4186 -0.6971 0.5821
vn 0.4593 -0.7398 0.4916
vn 0.5307 -0.8147 -0.2338
vn 0.7459 -0.6419 -0.1778
vn 0.5355 -0.7649 -0.3581
vn -0.1984 -0.9791 0.0457
vn -0.1306 -0.9894 0.0632
vn 0.2209 -0.7850 0.5788
vn 0.7102 -0.6974 -0.0958
vn 0.8315 -0.5555 0.0028
vn 0.8235 -0.5227 0.2205
vn 0.8137 -0.5432 0.2070
vn -0.1030 -0.9701 -0.2199
vn -0.1625 -0.9812 -0.1039
vn 0.0854 -0.8337 0.5456
vn 0.8440 -0.5197 0.1328
vn 0.8153 -0.5333 0.2255
vn 0.8401 -0.5102 0.1841
vn -0.0400 -0.9823 -0.1830
vn -0.0373 -0.9554 -0.2931
vn -0.0333 -0.8758 0.4815
vn 0.8286 -0.5292 0.1828
vn 0.8381 -0.4911 0.2375
vn 0.0151 -0.9684 -0.2489
vn 0.0377 -0.9373 -0.3464
vn -0.0654 -0.9252 0.3739
vn -0.0726 -0.9021 0.4254
vn 0.8193 -0.5450 0.1782
vn 0.7774 -0.5767 0.2511
vn 0.7663 -0.5280 0.3662
vn 0.1221 -0.9168 -0.3801
vn -0.1184 -0.9177 0.3791
vn 0.6371 -0.5932 0.4921
vn 0.1544 -0.9321 -0.3276
vn 0.2779 -0.8691 -0.4092
vn -0.1683 -0.9436 0.2851
vn 0.3074 -0.8971 -0.3175
vn -0.1930 -0.9653 0.1758
vn -0.2552 -0.8038 0.5374
vn -0.1414 -0.8546 0.4997
vn -0.8267 -0.5455 0.1376
vn -0.8389 -0.5186 0.1656
vn -0.0134 -0.9856 -0.1684
vn -0.8357 -0.5102 0.2030
vn -0.7868 -0.5583 0.2632
vn 0.0291 -0.9158 0.4006
vn 0.0463 -0.9356 0.3501
vn -0.1750 -0.9392 -0.2956
vn -0.4297 -0.7424 0.5140
vn 0.0794 -0.9956 0.0505
vn -0.6961 -0.7081 -0.1188
vn -0.7984 -0.6017 0.0232
vn -0.8436 -0.5038 0.1857
vn -0.0382 -0.8970 0.4403
vn -0.0661 -0.9711 -0.2295
vn -0.7210 -0.5935 0.3576
vn 0.0789 -0.9620 0.2613
vn -0.3036 -0.9082 -0.2880
vn 0.0405 -0.9967 -0.0700
vn -0.8284 -0.5231 0.2002
vn -0.1174 -0.9563 -0.2676
vn -0.6036 -0.6587 0.4492
vn 0.0956 -0.9823 0.1611
vn -0.5056 -0.8305 -0.2340
vn -0.6961 -0.7080 -0.1187
vn -0.5395 -0.7688 -0.3433
vn -0.7456 -0.6418 -0.1792
vn -0.3949 -0.6952 0.6006
vn -0.2168 -0.7833 0.5826
vn 0.1465 -0.9884 0.0404
vn -0.8378 -0.5459 -0.0025
vn -0.8603 -0.4930 0.1297
vn -0.2898 -0.8757 -0.3863
vn -0.6138 -0.5870 0.5280
vn 0.1328 -0.9545 0.2671
vn 0.1485 -0.9758 0.1608
vn -0.8388 -0.5186 0.1656
vn -0.8482 -0.5016 0.1705
vn -0.1749 -0.9392 -0.2956
vn -0.6036 -0.6586 0.4492
vn 0.0960 -0.9274 0.3615
vn -0.8345 -0.5189 0.1856
vn -0.1173 -0.9564 -0.2676
vn -0.1476 -0.9257 -0.3483
vn -0.7868 -0.5582 0.2632
vn -0.7649 -0.5086 0.3952
vn 0.0569 -0.9110 0.4085
vn -0.0661 -0.9711 -0.2294
vn -0.0779 -0.9453 -0.3167
vn -0.8486 -0.4649 0.2526
vn 0.0215 -0.8843 0.4665
vn -0.0174 -0.9626 -0.2705
vn -0.8357 -0.5103 0.2030
vn -0.8580 -0.4814 0.1792
vn -0.0383 -0.8970 0.4404
vn -0.0853 -0.8364 0.5414
vn 0.0404 -0.9967 -0.0700
vn 0.0439 -0.9785 -0.2014
vn -0.8444 -0.4985 0.1961
vn -0.1415 -0.8545 0.4997
vn 0.1067 -0.9899 -0.0934
vn 0.4255 -0.8884 0.1725
vn -0.4191 -0.8937 0.1601
vn 0.0005 0.1676 -0.9858
vn 0.0085 0.1715 -0.9852
vn 0.2427 0.1697 -0.9551
vn 0.5944 0.0609 -0.8019
vn 0.7326 0.0309 -0.6799
vn 0.8926 0.0462 -0.4484
vn 0.9293 0.0785 -0.3609
vn -0.0698 -0.0030 0.9976
vn -0.1253 0.0492 0.9909
vn -0.4042 -0.0045 0.9147
vn -0.5316 0.0858 0.8426
vn -0.6379 0.1882 0.7467
vn -0.9600 0.2192 0.1743
vn 0.8115 0.5099 -0.2855
vn -0.5110 0.3358 0.7913
vn -0.3810 0.7478 -0.5438
vn -0.8436 -0.5038 0.1858
vt 0.193917 0.044008
vt 0.180683 0.034696
vt 0.194004 0.034696
vt 0.180601 0.044323
vt 0.167361 0.034696
vt 0.167286 0.044638
vt 0.154039 0.034696
vt 0.153970 0.044953
vt 0.140717 0.034696
vt 0.140655 0.045268
vt 0.127396 0.034696
vt 0.127339 0.045583
vt 0.114074 0.034696
vt 0.100708 0.046213
vt 0.100752 0.034696
vt 0.087393 0.046528
vt 0.087430 0.034696
vt 0.074077 0.046842
vt 0.074109 0.034696
vt 0.060762 0.047157
vt 0.060787 0.034696
vt 0.047446 0.047472
vt 0.047465 0.034696
vt 0.034131 0.047787
vt 0.034144 0.034696
vt 0.020815 0.048102
vt 0.020822 0.034696
vt 0.007500 0.048417
vt 0.007500 0.034696
vt 0.193829 0.053320
vt 0.180520 0.053950
vt 0.167211 0.054580
vt 0.153902 0.055210
vt 0.140592 0.055840
vt 0.127283 0.056470
vt 0.114024 0.045898
vt 0.113974 0.057100
vt 0.100665 0.057729
vt 0.087355 0.058359
vt 0.074046 0.058989
vt 0.060737 0.059619
vt 0.047428 0.060249
vt 0.020809 0.061509
vt 0.193742 0.062633
vt 0.180439 0.063578
vt 0.167136 0.064522
vt 0.153833 0.065467
vt 0.140530 0.066412
vt 0.127227 0.067357
vt 0.113924 0.068302
vt 0.100621 0.069246
vt 0.087318 0.070191
vt 0.074015 0.071136
vt 0.060712 0.072081
vt 0.047409 0.073026
vt 0.034118 0.060879
vt 0.034106 0.073970
vt 0.020803 0.074915
vt 0.007500 0.062139
vt 0.193654 0.071945
vt 0.180357 0.073205
vt 0.167061 0.074465
vt 0.153764 0.075724
vt 0.140467 0.076984
vt 0.127171 0.078244
vt 0.113874 0.079504
vt 0.100577 0.080763
vt 0.087280 0.082023
vt 0.073984 0.083283
vt 0.060687 0.084543
vt 0.047390 0.085802
vt 0.034093 0.087062
vt 0.020797 0.088322
vt 0.007500 0.075860
vt 0.193566 0.081258
vt 0.180276 0.082832
vt 0.166986 0.084407
vt 0.153695 0.085981
vt 0.140405 0.087556
vt 0.127114 0.089131
vt 0.113824 0.090706
vt 0.100533 0.092280
vt 0.087243 0.093855
vt 0.073952 0.095430
vt 0.060662 0.097004
vt 0.047371 0.098579
vt 0.034081 0.100154
vt 0.020790 0.101728
vt 0.007500 0.089582
vt 0.193479 0.090570
vt 0.180195 0.092459
vt 0.166911 0.094349
vt 0.153626 0.096239
vt 0.140342 0.098128
vt 0.127058 0.100018
vt 0.113774 0.101908
vt 0.100489 0.103797
vt 0.087205 0.105687
vt 0.073921 0.107576
vt 0.060637 0.109466
vt 0.047353 0.111356
vt 0.034068 0.113245
vt 0.020784 0.115135
vt 0.007500 0.103303
vt 0.193391 0.099882
vt 0.180113 0.102087
vt 0.166835 0.104291
vt 0.153557 0.106496
vt 0.140280 0.108700
vt 0.127002 0.110905
vt 0.113724 0.113110
vt 0.100446 0.115314
vt 0.087168 0.117519
vt 0.073890 0.119723
vt 0.060612 0.121928
vt 0.047334 0.124132
vt 0.034056 0.126337
vt 0.020778 0.128541
vt 0.007500 0.117025
vt 0.193304 0.109195
vt 0.180032 0.111714
vt 0.166760 0.114234
vt 0.153489 0.116753
vt 0.140217 0.119273
vt 0.126945 0.121792
vt 0.113674 0.124312
vt 0.100402 0.126831
vt 0.087130 0.129351
vt 0.073858 0.131870
vt 0.060587 0.134390
vt 0.047315 0.136909
vt 0.034043 0.139429
vt 0.020772 0.141948
vt 0.007500 0.130746
vt 0.193216 0.118507
vt 0.179951 0.121341
vt 0.166685 0.124176
vt 0.153420 0.127010
vt 0.140154 0.129845
vt 0.126889 0.132679
vt 0.113624 0.135514
vt 0.100358 0.138348
vt 0.087093 0.141182
vt 0.073827 0.144017
vt 0.060562 0.146851
vt 0.047296 0.149686
vt 0.034031 0.152520
vt 0.020766 0.155355
vt 0.007500 0.144468
vt 0.193128 0.127819
vt 0.179869 0.130969
vt 0.166610 0.134118
vt 0.153351 0.137267
vt 0.140092 0.140417
vt 0.126833 0.143566
vt 0.113573 0.146716
vt 0.100314 0.149865
vt 0.087055 0.153014
vt 0.073796 0.156164
vt 0.060537 0.159313
vt 0.047278 0.162462
vt 0.034018 0.165612
vt 0.020759 0.168761
vt 0.007500 0.158189
vt 0.193041 0.137132
vt 0.179788 0.140596
vt 0.166535 0.144060
vt 0.153282 0.147525
vt 0.140029 0.150989
vt 0.126776 0.154453
vt 0.113523 0.157918
vt 0.100271 0.161382
vt 0.087018 0.164846
vt 0.073765 0.168311
vt 0.060512 0.171775
vt 0.047259 0.175239
vt 0.034006 0.178703
vt 0.020753 0.182168
vt 0.007500 0.171911
vt 0.192953 0.146444
vt 0.179707 0.150223
vt 0.166460 0.154003
vt 0.153213 0.157782
vt 0.139967 0.161561
vt 0.126720 0.165340
vt 0.113473 0.169120
vt 0.100227 0.172899
vt 0.086980 0.176678
vt 0.073733 0.180457
vt 0.060487 0.184237
vt 0.047240 0.188016
vt 0.033993 0.191795
vt 0.020747 0.195574
vt 0.007500 0.185632
vt 0.192866 0.155756
vt 0.179625 0.159851
vt 0.166385 0.163945
vt 0.153145 0.168039
vt 0.139904 0.172133
vt 0.126664 0.176227
vt 0.113423 0.180322
vt 0.100183 0.184416
vt 0.086943 0.188510
vt 0.073702 0.192604
vt 0.060462 0.196698
vt 0.047221 0.200792
vt 0.033981 0.204887
vt 0.020740 0.208981
vt 0.007500 0.199354
vt 0.192778 0.165069
vt 0.179544 0.169478
vt 0.166310 0.173887
vt 0.153076 0.178296
vt 0.139842 0.182705
vt 0.126607 0.187114
vt 0.113373 0.191524
vt 0.100139 0.195933
vt 0.086905 0.200342
vt 0.073671 0.204751
vt 0.060437 0.209160
vt 0.047203 0.213569
vt 0.033968 0.217978
vt 0.020734 0.222387
vt 0.007500 0.213075
vt 0.192691 0.174381
vt 0.179463 0.179105
vt 0.166235 0.183829
vt 0.153007 0.188553
vt 0.139779 0.193277
vt 0.126551 0.198002
vt 0.113323 0.202726
vt 0.100095 0.207450
vt 0.086867 0.212174
vt 0.073640 0.216898
vt 0.060412 0.221622
vt 0.047184 0.226346
vt 0.033956 0.231070
vt 0.020728 0.235794
vt 0.007500 0.226797
vt 0.192603 0.183694
vt 0.179381 0.188733
vt 0.166160 0.193771
vt 0.152938 0.198811
vt 0.139716 0.203850
vt 0.126495 0.208889
vt 0.113273 0.213928
vt 0.100052 0.218967
vt 0.086830 0.224006
vt 0.073608 0.229045
vt 0.060387 0.234084
vt 0.047165 0.239123
vt 0.033943 0.244162
vt 0.020722 0.249201
vt 0.007500 0.240518
vt 0.192515 0.193006
vt 0.179300 0.198360
vt 0.166085 0.203714
vt 0.152869 0.209068
vt 0.139654 0.214422
vt 0.126439 0.219776
vt 0.113223 0.225130
vt 0.100008 0.230483
vt 0.086792 0.235837
vt 0.073577 0.241191
vt 0.060362 0.246545
vt 0.047146 0.251899
vt 0.033931 0.257253
vt 0.020715 0.262607
vt 0.007500 0.254240
vt 0.362918 0.262195
vt 0.377119 0.254240
vt 0.377119 0.267961
vt 0.362925 0.248813
vt 0.377119 0.240518
vt 0.362932 0.235431
vt 0.377119 0.226797
vt 0.362939 0.222048
vt 0.377119 0.213075
vt 0.362945 0.208666
vt 0.377119 0.199354
vt 0.362952 0.195284
vt 0.377119 0.185632
vt 0.362959 0.181901
vt 0.377119 0.171911
vt 0.362966 0.168519
vt 0.377119 0.158189
vt 0.362972 0.155137
vt 0.377119 0.144468
vt 0.362979 0.141754
vt 0.377119 0.130746
vt 0.362986 0.128372
vt 0.377119 0.117025
vt 0.362992 0.114990
vt 0.377119 0.103303
vt 0.362999 0.101607
vt 0.377119 0.089582
vt 0.363006 0.088225
vt 0.377119 0.075860
vt 0.363013 0.074843
vt 0.377119 0.062139
vt 0.363019 0.061460
vt 0.377119 0.048417
vt 0.363033 0.034696
vt 0.377119 0.034696
vt 0.348718 0.256429
vt 0.348732 0.243386
vt 0.348745 0.230343
vt 0.348759 0.217300
vt 0.348772 0.204257
vt 0.348785 0.191214
vt 0.348799 0.178171
vt 0.348812 0.165127
vt 0.348826 0.152084
vt 0.348839 0.139041
vt 0.348853 0.125998
vt 0.348866 0.112955
vt 0.348880 0.099911
vt 0.348893 0.086868
vt 0.348907 0.073825
vt 0.348920 0.060782
vt 0.363026 0.048078
vt 0.348947 0.034696
vt 0.334518 0.250664
vt 0.334538 0.237960
vt 0.334558 0.225256
vt 0.334579 0.212552
vt 0.334599 0.199848
vt 0.334619 0.187144
vt 0.334639 0.174440
vt 0.334659 0.161736
vt 0.334680 0.149032
vt 0.334700 0.136328
vt 0.334720 0.123624
vt 0.334740 0.110920
vt 0.334760 0.098216
vt 0.334781 0.085512
vt 0.334801 0.072808
vt 0.334821 0.060104
vt 0.348934 0.047739
vt 0.334861 0.034696
vt 0.320318 0.244898
vt 0.320345 0.232533
vt 0.320372 0.220168
vt 0.320398 0.207803
vt 0.320425 0.195439
vt 0.320452 0.183074
vt 0.320479 0.170709
vt 0.320506 0.158344
vt 0.320533 0.145979
vt 0.320560 0.133614
vt 0.320587 0.121250
vt 0.320614 0.108885
vt 0.320641 0.096520
vt 0.320668 0.084155
vt 0.320695 0.071790
vt 0.320722 0.059425
vt 0.334841 0.047400
vt 0.320776 0.034696
vt 0.306117 0.239132
vt 0.306151 0.227107
vt 0.306185 0.215081
vt 0.306218 0.203055
vt 0.306252 0.191029
vt 0.306286 0.179004
vt 0.306319 0.166978
vt 0.306353 0.154952
vt 0.306387 0.142927
vt 0.306421 0.130901
vt 0.306454 0.118875
vt 0.306488 0.106850
vt 0.306522 0.094824
vt 0.306555 0.082798
vt 0.306589 0.070773
vt 0.306623 0.058747
vt 0.320749 0.047060
vt 0.306690 0.034696
vt 0.291917 0.233366
vt 0.291958 0.221680
vt 0.291998 0.209993
vt 0.292038 0.198307
vt 0.292079 0.186620
vt 0.292119 0.174934
vt 0.292160 0.163247
vt 0.292200 0.151561
vt 0.292241 0.139874
vt 0.292281 0.128188
vt 0.292321 0.116501
vt 0.292362 0.104815
vt 0.292402 0.093128
vt 0.292443 0.081442
vt 0.292483 0.069755
vt 0.292523 0.058069
vt 0.306656 0.046721
vt 0.292604 0.034696
vt 0.277717 0.227601
vt 0.277764 0.216253
vt 0.277811 0.204906
vt 0.277858 0.193559
vt 0.277905 0.182211
vt 0.277953 0.170864
vt 0.278000 0.159517
vt 0.278047 0.148169
vt 0.278094 0.136822
vt 0.278141 0.125474
vt 0.278188 0.114127
vt 0.278236 0.102780
vt 0.278283 0.091432
vt 0.278330 0.080085
vt 0.278377 0.068738
vt 0.278471 0.046043
vt 0.292564 0.046382
vt 0.278519 0.034696
vt 0.263517 0.221835
vt 0.263571 0.210827
vt 0.263624 0.199818
vt 0.263678 0.188810
vt 0.263732 0.177802
vt 0.263786 0.166794
vt 0.263840 0.155786
vt 0.263894 0.144778
vt 0.263948 0.133769
vt 0.264002 0.122761
vt 0.264056 0.111753
vt 0.264109 0.100745
vt 0.264163 0.089737
vt 0.264217 0.078728
vt 0.264271 0.067720
vt 0.278424 0.057390
vt 0.264379 0.045704
vt 0.264433 0.034696
vt 0.249316 0.216069
vt 0.249377 0.205400
vt 0.249438 0.194731
vt 0.249498 0.184062
vt 0.249559 0.173393
vt 0.249620 0.162724
vt 0.249680 0.152055
vt 0.249741 0.141386
vt 0.249801 0.130717
vt 0.249862 0.120048
vt 0.249923 0.109379
vt 0.249983 0.098710
vt 0.250044 0.088041
vt 0.250105 0.077372
vt 0.250165 0.066703
vt 0.264325 0.056712
vt 0.250286 0.045365
vt 0.250347 0.034696
vt 0.235116 0.210303
vt 0.235184 0.199973
vt 0.235251 0.189644
vt 0.235318 0.179314
vt 0.235386 0.168984
vt 0.235453 0.158654
vt 0.235520 0.148324
vt 0.235588 0.137994
vt 0.235655 0.127664
vt 0.235723 0.117335
vt 0.235790 0.107005
vt 0.235857 0.096675
vt 0.235925 0.086345
vt 0.235992 0.076015
vt 0.236059 0.065685
vt 0.250226 0.056034
vt 0.236194 0.045026
vt 0.236261 0.034696
vt 0.220916 0.204538
vt 0.220990 0.194547
vt 0.221064 0.184556
vt 0.221138 0.174565
vt 0.221212 0.164575
vt 0.221286 0.154584
vt 0.221361 0.144593
vt 0.221435 0.134603
vt 0.221509 0.124612
vt 0.221583 0.114621
vt 0.221657 0.104631
vt 0.221731 0.094640
vt 0.221805 0.084649
vt 0.221879 0.074659
vt 0.221953 0.064668
vt 0.236127 0.055355
vt 0.222028 0.054677
vt 0.222176 0.034696
vt 0.206716 0.198772
vt 0.206797 0.189120
vt 0.206877 0.179469
vt 0.206958 0.169817
vt 0.207039 0.160166
vt 0.207120 0.150514
vt 0.207201 0.140863
vt 0.207282 0.131211
vt 0.207362 0.121560
vt 0.207443 0.111908
vt 0.207524 0.102256
vt 0.207605 0.092605
vt 0.207686 0.082953
vt 0.207767 0.073302
vt 0.207847 0.063650
vt 0.207928 0.053999
vt 0.222102 0.044686
vt 0.208090 0.034696
vt 0.208009 0.044347
vt 0.019708 0.267958
vt 0.007500 0.267961
vt 0.031952 0.263293
vt 0.031030 0.272382
vt 0.042363 0.268089
vt 0.040124 0.280542
vt 0.050706 0.276355
vt 0.047290 0.290460
vt 0.057257 0.286254
vt 0.052919 0.301335
vt 0.066662 0.308232
vt 0.057647 0.312637
vt 0.070544 0.319582
vt 0.061946 0.324111
vt 0.074491 0.330908
vt 0.066317 0.335558
vt 0.078927 0.342032
vt 0.071217 0.346786
vt 0.084267 0.352711
vt 0.077087 0.357535
vt 0.090510 0.362844
vt 0.083928 0.367697
vt 0.091493 0.377334
vt 0.097428 0.372488
vt 0.099682 0.386444
vt 0.104929 0.381642
vt 0.108800 0.394619
vt 0.113297 0.389922
vt 0.118368 0.402275
vt 0.130861 0.405527
vt 0.127926 0.409942
vt 0.139511 0.413490
vt 0.137350 0.417773
vt 0.044207 0.258641
vt 0.053724 0.263819
vt 0.061333 0.272201
vt 0.067287 0.282091
vt 0.062379 0.297043
vt 0.075776 0.303890
vt 0.079259 0.315124
vt 0.082801 0.326338
vt 0.086794 0.337366
vt 0.091622 0.347984
vt 0.097287 0.358097
vt 0.103576 0.367757
vt 0.110406 0.376962
vt 0.118040 0.385359
vt 0.122084 0.397719
vt 0.134074 0.401267
vt 0.141966 0.409371
vt 0.056484 0.254003
vt 0.065129 0.259580
vt 0.072026 0.268094
vt 0.077404 0.277992
vt 0.071920 0.292805
vt 0.085021 0.299640
vt 0.088130 0.310773
vt 0.091291 0.321888
vt 0.094866 0.332834
vt 0.099207 0.343403
vt 0.104316 0.353509
vt 0.109999 0.363199
vt 0.116180 0.372471
vt 0.123101 0.381000
vt 0.126062 0.393308
vt 0.137646 0.397243
vt 0.144800 0.405504
vt 0.068783 0.249381
vt 0.076574 0.255373
vt 0.082775 0.264035
vt 0.087596 0.273956
vt 0.081569 0.288646
vt 0.094381 0.295484
vt 0.097135 0.306530
vt 0.099936 0.317561
vt 0.103114 0.328438
vt 0.106988 0.338972
vt 0.111561 0.349085
vt 0.116658 0.358820
vt 0.122208 0.368174
vt 0.134982 0.385151
vt 0.130378 0.389116
vt 0.141522 0.393461
vt 0.147958 0.401894
vt 0.081094 0.244782
vt 0.088051 0.251210
vt 0.093578 0.260041
vt 0.097862 0.270005
vt 0.091313 0.284565
vt 0.103856 0.291453
vt 0.106279 0.302432
vt 0.108742 0.313397
vt 0.111545 0.324224
vt 0.114974 0.334743
vt 0.119034 0.344881
vt 0.123565 0.354680
vt 0.128505 0.364135
vt 0.134053 0.372979
vt 0.128432 0.376850
vt 0.139893 0.381485
vt 0.145726 0.390000
vt 0.151464 0.398625
vt 0.093422 0.240216
vt 0.099569 0.247111
vt 0.104445 0.256142
vt 0.108216 0.266181
vt 0.101152 0.280589
vt 0.113471 0.287610
vt 0.115587 0.298550
vt 0.117739 0.309479
vt 0.120193 0.320285
vt 0.123204 0.330817
vt 0.126776 0.341011
vt 0.130767 0.350902
vt 0.135121 0.360488
vt 0.140016 0.369531
vt 0.145172 0.378273
vt 0.150320 0.387023
vt 0.155383 0.395872
vt 0.105779 0.235677
vt 0.111135 0.243070
vt 0.115378 0.252333
vt 0.121158 0.273103
vt 0.111104 0.276771
vt 0.123206 0.283947
vt 0.125034 0.294880
vt 0.126895 0.305802
vt 0.129019 0.316616
vt 0.131632 0.327191
vt 0.134734 0.337471
vt 0.138203 0.347486
vt 0.141989 0.357233
vt 0.146249 0.366506
vt 0.150736 0.375516
vt 0.155217 0.384532
vt 0.159624 0.393635
vt 0.118155 0.231164
vt 0.122732 0.239083
vt 0.129148 0.258883
vt 0.118654 0.262477
vt 0.131279 0.269573
vt 0.133021 0.280450
vt 0.134575 0.291403
vt 0.136157 0.302346
vt 0.137965 0.313197
vt 0.140191 0.323843
vt 0.142836 0.334235
vt 0.145796 0.344401
vt 0.149027 0.354338
vt 0.152663 0.363868
vt 0.156494 0.373173
vt 0.160320 0.382484
vt 0.164083 0.391869
vt 0.130538 0.226666
vt 0.137348 0.244925
vt 0.126354 0.248605
vt 0.139665 0.255352
vt 0.141431 0.266122
vt 0.142872 0.277047
vt 0.144157 0.288036
vt 0.145465 0.299016
vt 0.146962 0.309919
vt 0.148807 0.320651
vt 0.151002 0.331173
vt 0.153457 0.341505
vt 0.156140 0.351647
vt 0.159158 0.361452
vt 0.162339 0.371068
vt 0.165516 0.380689
vt 0.168640 0.390371
vt 0.142924 0.222186
vt 0.134340 0.235128
vt 0.148356 0.241297
vt 0.150202 0.251890
vt 0.151607 0.262758
vt 0.152752 0.273749
vt 0.153773 0.284791
vt 0.154814 0.295826
vt 0.156004 0.306799
vt 0.157473 0.317636
vt 0.159222 0.328304
vt 0.161179 0.338820
vt 0.163317 0.349185
vt 0.165723 0.359280
vt 0.168260 0.369225
vt 0.170792 0.379174
vt 0.173284 0.389171
vt 0.155316 0.217722
vt 0.157585 0.227319
vt 0.145958 0.231208
vt 0.159377 0.237718
vt 0.160756 0.248494
vt 0.161803 0.259475
vt 0.162657 0.270549
vt 0.163418 0.281661
vt 0.164193 0.292768
vt 0.165081 0.303828
vt 0.166177 0.314786
vt 0.167483 0.325617
vt 0.168945 0.336335
vt 0.170543 0.346939
vt 0.172341 0.357341
vt 0.174237 0.367631
vt 0.176130 0.377924
vt 0.177993 0.388253
vt 0.167710 0.213271
vt 0.169217 0.223457
vt 0.170406 0.234177
vt 0.171319 0.245148
vt 0.172012 0.256257
vt 0.172576 0.267427
vt 0.173078 0.278622
vt 0.173589 0.289814
vt 0.174176 0.300974
vt 0.174902 0.312066
vt 0.175768 0.323074
vt 0.176737 0.334006
vt 0.177796 0.344863
vt 0.178989 0.355586
vt 0.180247 0.366233
vt 0.181503 0.376883
vt 0.182739 0.387556
vt 0.180105 0.208836
vt 0.180852 0.219626
vt 0.181440 0.230684
vt 0.181890 0.241867
vt 0.182230 0.253118
vt 0.182506 0.264400
vt 0.182750 0.275695
vt 0.183000 0.286988
vt 0.183287 0.298265
vt 0.183644 0.309508
vt 0.184071 0.320709
vt 0.184549 0.331872
vt 0.185072 0.342998
vt 0.185662 0.354056
vt 0.186284 0.365077
vt 0.186905 0.376100
vt 0.187517 0.387134
vt 0.192503 0.204412
vt 0.192491 0.215819
vt 0.192479 0.227226
vt 0.192467 0.238632
vt 0.192455 0.250039
vt 0.192443 0.261445
vt 0.192431 0.272852
vt 0.192418 0.284258
vt 0.192406 0.295665
vt 0.192394 0.307071
vt 0.192382 0.318478
vt 0.192370 0.329885
vt 0.192358 0.341291
vt 0.192346 0.352698
vt 0.192334 0.364104
vt 0.192322 0.375511
vt 0.192309 0.386917
vt 0.198152 0.376138
vt 0.197470 0.387157
vt 0.203965 0.377011
vt 0.202613 0.387644
vt 0.209743 0.378178
vt 0.207717 0.388444
vt 0.215475 0.379589
vt 0.212772 0.389505
vt 0.221125 0.381334
vt 0.217740 0.390919
vt 0.226680 0.383375
vt 0.222608 0.392647
vt 0.232077 0.385802
vt 0.227308 0.394785
vt 0.237179 0.388769
vt 0.231696 0.397495
vt 0.241851 0.392336
vt 0.235628 0.400841
vt 0.246102 0.396339
vt 0.239113 0.404650
vt 0.250020 0.400623
vt 0.242244 0.408757
vt 0.253522 0.405189
vt 0.244933 0.413165
vt 0.256693 0.409941
vt 0.247269 0.417773
vt 0.198844 0.365133
vt 0.205339 0.366403
vt 0.211800 0.367948
vt 0.218220 0.369722
vt 0.224562 0.371810
vt 0.230814 0.374176
vt 0.236919 0.376905
vt 0.242746 0.380143
vt 0.248168 0.383943
vt 0.253195 0.388154
vt 0.257910 0.392626
vt 0.262235 0.397363
vt 0.266251 0.402274
vt 0.199536 0.354128
vt 0.206713 0.355796
vt 0.213860 0.357720
vt 0.220967 0.359859
vt 0.228002 0.362290
vt 0.234953 0.364982
vt 0.241765 0.368015
vt 0.248318 0.371523
vt 0.254491 0.375558
vt 0.260295 0.379977
vt 0.265808 0.384640
vt 0.270957 0.389549
vt 0.200194 0.343089
vt 0.208019 0.345116
vt 0.215815 0.347381
vt 0.223575 0.349844
vt 0.231267 0.352580
vt 0.238882 0.355559
vt 0.246367 0.358854
vt 0.253610 0.362592
vt 0.260501 0.366821
vt 0.267049 0.371406
vt 0.273325 0.376217
vt 0.279264 0.381257
vt 0.275818 0.394618
vt 0.200780 0.331976
vt 0.209180 0.334293
vt 0.217553 0.336828
vt 0.225892 0.339547
vt 0.234170 0.342518
vt 0.242375 0.345712
vt 0.250461 0.349199
vt 0.258324 0.353094
vt 0.265862 0.357442
vt 0.273083 0.362118
vt 0.280054 0.367004
vt 0.286713 0.372100
vt 0.284937 0.386444
vt 0.201318 0.320822
vt 0.210244 0.323388
vt 0.219145 0.326156
vt 0.228015 0.329092
vt 0.236828 0.332258
vt 0.245576 0.335629
vt 0.254215 0.339267
vt 0.262649 0.343278
vt 0.270787 0.347703
vt 0.278634 0.352429
vt 0.286252 0.357347
vt 0.293584 0.362459
vt 0.293126 0.377334
vt 0.201800 0.309630
vt 0.211196 0.312406
vt 0.220569 0.315367
vt 0.229913 0.318480
vt 0.239206 0.321803
vt 0.248440 0.325310
vt 0.257575 0.329059
vt 0.266526 0.333144
vt 0.275209 0.337605
vt 0.283627 0.342339
vt 0.291838 0.347247
vt 0.299788 0.352333
vt 0.307532 0.357535
vt 0.300690 0.367697
vt 0.202207 0.298394
vt 0.211998 0.301337
vt 0.221767 0.304446
vt 0.231510 0.307694
vt 0.241207 0.311128
vt 0.250852 0.314728
vt 0.260408 0.318542
vt 0.269802 0.322656
vt 0.278954 0.327106
vt 0.287871 0.331800
vt 0.296601 0.336653
vt 0.305095 0.341666
vt 0.313402 0.346786
vt 0.202540 0.287120
vt 0.212650 0.290193
vt 0.222740 0.293416
vt 0.232807 0.296762
vt 0.242832 0.300273
vt 0.252812 0.303929
vt 0.262716 0.307771
vt 0.272476 0.311877
vt 0.282025 0.316278
vt 0.291366 0.320895
vt 0.300541 0.325654
vt 0.309506 0.330557
vt 0.318301 0.335558
vt 0.202831 0.275827
vt 0.213220 0.279014
vt 0.223591 0.282335
vt 0.233940 0.285763
vt 0.244253 0.289335
vt 0.254527 0.293030
vt 0.264737 0.296885
vt 0.274824 0.300965
vt 0.284729 0.305300
vt 0.294454 0.309823
vt 0.304034 0.314470
vt 0.313429 0.319246
vt 0.322673 0.324111
vt 0.203117 0.264531
vt 0.213780 0.267831
vt 0.224424 0.271247
vt 0.235050 0.274756
vt 0.245646 0.278386
vt 0.256209 0.282118
vt 0.266719 0.285983
vt 0.277127 0.290036
vt 0.287383 0.294303
vt 0.297486 0.298729
vt 0.307465 0.303263
vt 0.317285 0.307909
vt 0.326972 0.312637
vt 0.203436 0.253250
vt 0.214405 0.256675
vt 0.225358 0.260199
vt 0.236294 0.263801
vt 0.247205 0.267502
vt 0.258090 0.271285
vt 0.268933 0.275173
vt 0.279696 0.279212
vt 0.290335 0.283424
vt 0.300849 0.287767
vt 0.311260 0.292201
vt 0.321537 0.296731
vt 0.331700 0.301335
vt 0.203825 0.242007
vt 0.215170 0.245588
vt 0.226500 0.249252
vt 0.237816 0.252979
vt 0.249112 0.256782
vt 0.260390 0.260647
vt 0.271636 0.264591
vt 0.282822 0.268649
vt 0.293913 0.272840
vt 0.304907 0.277133
vt 0.315819 0.281500
vt 0.326621 0.285949
vt 0.204332 0.230845
vt 0.216172 0.234654
vt 0.228000 0.238528
vt 0.239815 0.242449
vt 0.251617 0.246426
vt 0.263405 0.250445
vt 0.275173 0.254517
vt 0.286900 0.258668
vt 0.298561 0.262912
vt 0.310151 0.267232
vt 0.321680 0.271608
vt 0.333125 0.276049
vt 0.337329 0.290460
vt 0.204988 0.219831
vt 0.217474 0.223998
vt 0.229949 0.228210
vt 0.242416 0.232456
vt 0.254873 0.236736
vt 0.267323 0.241040
vt 0.279763 0.245374
vt 0.292178 0.249754
vt 0.304554 0.254191
vt 0.316886 0.258676
vt 0.329177 0.263201
vt 0.341410 0.267771
vt 0.344495 0.280542
vt 0.205817 0.209156
vt 0.219124 0.213955
vt 0.232424 0.218779
vt 0.245719 0.223620
vt 0.259009 0.228477
vt 0.272297 0.233343
vt 0.285582 0.238221
vt 0.298857 0.243118
vt 0.312114 0.248041
vt 0.325351 0.252986
vt 0.338567 0.257952
vt 0.351754 0.262943
vt 0.353589 0.272382
vt 0.364910 0.267958
vt 0.620394 0.044008
vt 0.607102 0.034696
vt 0.620456 0.034696
vt 0.607044 0.044323
vt 0.593747 0.034696
vt 0.593693 0.044638
vt 0.580392 0.034696
vt 0.580343 0.044953
vt 0.567038 0.034696
vt 0.566993 0.045268
vt 0.553683 0.034696
vt 0.553643 0.045583
vt 0.540328 0.034696
vt 0.540293 0.045898
vt 0.526973 0.034696
vt 0.526942 0.046213
vt 0.513619 0.034696
vt 0.513592 0.046528
vt 0.500264 0.034696
vt 0.500242 0.046843
vt 0.486909 0.034696
vt 0.486891 0.047158
vt 0.473555 0.034696
vt 0.473541 0.047473
vt 0.460200 0.034696
vt 0.460191 0.047788
vt 0.446845 0.034696
vt 0.446841 0.048103
vt 0.433490 0.034696
vt 0.620332 0.053320
vt 0.606986 0.053950
vt 0.593640 0.054580
vt 0.580294 0.055210
vt 0.566948 0.055840
vt 0.553603 0.056471
vt 0.540257 0.057101
vt 0.526911 0.057731
vt 0.513565 0.058361
vt 0.500219 0.058991
vt 0.486874 0.059621
vt 0.473528 0.060251
vt 0.460182 0.060881
vt 0.446836 0.061511
vt 0.433490 0.048418
vt 0.620269 0.062633
vt 0.606928 0.063578
vt 0.593587 0.064523
vt 0.580245 0.065468
vt 0.566904 0.066413
vt 0.553563 0.067358
vt 0.540221 0.068303
vt 0.526880 0.069248
vt 0.513538 0.070193
vt 0.500197 0.071138
vt 0.486856 0.072083
vt 0.473514 0.073028
vt 0.460173 0.073973
vt 0.446832 0.074918
vt 0.433490 0.062141
vt 0.620207 0.071945
vt 0.606870 0.073205
vt 0.593533 0.074465
vt 0.580196 0.075725
vt 0.566859 0.076985
vt 0.553522 0.078245
vt 0.540186 0.079505
vt 0.526849 0.080765
vt 0.513512 0.082026
vt 0.500175 0.083286
vt 0.486838 0.084546
vt 0.473501 0.085806
vt 0.460164 0.087066
vt 0.446827 0.088326
vt 0.433491 0.075863
vt 0.620144 0.081258
vt 0.606812 0.082833
vt 0.593480 0.084408
vt 0.580147 0.085983
vt 0.566815 0.087558
vt 0.553482 0.089133
vt 0.540150 0.090708
vt 0.526817 0.092283
vt 0.513485 0.093858
vt 0.500153 0.095433
vt 0.486820 0.097008
vt 0.473488 0.098583
vt 0.460155 0.100158
vt 0.446823 0.101733
vt 0.433490 0.089586
vt 0.620082 0.090570
vt 0.606754 0.092460
vt 0.593426 0.094350
vt 0.580098 0.096240
vt 0.566770 0.098130
vt 0.553442 0.100020
vt 0.540114 0.101910
vt 0.526786 0.103800
vt 0.513458 0.105690
vt 0.500130 0.107581
vt 0.486802 0.109471
vt 0.473474 0.111361
vt 0.460146 0.113251
vt 0.446819 0.115141
vt 0.433491 0.103308
vt 0.620020 0.099882
vt 0.606696 0.102087
vt 0.593373 0.104292
vt 0.580049 0.106498
vt 0.566726 0.108703
vt 0.553402 0.110908
vt 0.540079 0.113113
vt 0.526755 0.115318
vt 0.513432 0.117523
vt 0.500108 0.119728
vt 0.486785 0.121933
vt 0.473461 0.124138
vt 0.460138 0.126343
vt 0.446814 0.128548
vt 0.433491 0.117031
vt 0.619957 0.109195
vt 0.606638 0.111715
vt 0.593319 0.114235
vt 0.580000 0.116755
vt 0.566681 0.119275
vt 0.553362 0.121795
vt 0.540043 0.124315
vt 0.526724 0.126835
vt 0.513405 0.129355
vt 0.500086 0.131876
vt 0.486767 0.134396
vt 0.473448 0.136916
vt 0.460129 0.139436
vt 0.446810 0.141956
vt 0.433491 0.130754
vt 0.619895 0.118507
vt 0.606580 0.121342
vt 0.593266 0.124177
vt 0.579951 0.127012
vt 0.566637 0.129847
vt 0.553322 0.132683
vt 0.540007 0.135518
vt 0.526693 0.138353
vt 0.513378 0.141188
vt 0.500064 0.144023
vt 0.486749 0.146858
vt 0.473434 0.149693
vt 0.460120 0.152528
vt 0.446805 0.155364
vt 0.433491 0.144476
vt 0.619832 0.127819
vt 0.606522 0.130969
vt 0.593212 0.134120
vt 0.579902 0.137270
vt 0.566592 0.140420
vt 0.553282 0.143570
vt 0.539972 0.146720
vt 0.526662 0.149870
vt 0.513351 0.153020
vt 0.500041 0.156171
vt 0.486731 0.159321
vt 0.473421 0.162471
vt 0.460111 0.165621
vt 0.446801 0.168771
vt 0.433491 0.158199
vt 0.619770 0.137132
vt 0.606464 0.140597
vt 0.593159 0.144062
vt 0.579853 0.147527
vt 0.566547 0.150992
vt 0.553242 0.154457
vt 0.539936 0.157923
vt 0.526630 0.161388
vt 0.513325 0.164853
vt 0.500019 0.168318
vt 0.486713 0.171783
vt 0.473408 0.175248
vt 0.460102 0.178713
vt 0.446796 0.182179
vt 0.433491 0.171921
vt 0.619708 0.146444
vt 0.606406 0.150224
vt 0.593105 0.154004
vt 0.579804 0.157785
vt 0.566503 0.161565
vt 0.553201 0.165345
vt 0.539900 0.169125
vt 0.526599 0.172905
vt 0.513298 0.176685
vt 0.499997 0.180466
vt 0.486695 0.184246
vt 0.473394 0.188026
vt 0.460093 0.191806
vt 0.446792 0.195586
vt 0.433491 0.185644
vt 0.619645 0.155756
vt 0.606349 0.159852
vt 0.593052 0.163947
vt 0.579755 0.168042
vt 0.566458 0.172137
vt 0.553161 0.176232
vt 0.539865 0.180327
vt 0.526568 0.184423
vt 0.513271 0.188518
vt 0.499974 0.192613
vt 0.486678 0.196708
vt 0.473381 0.200803
vt 0.460084 0.204898
vt 0.446787 0.208994
vt 0.433491 0.199366
vt 0.619583 0.165069
vt 0.606291 0.169479
vt 0.592998 0.173889
vt 0.579706 0.178299
vt 0.566414 0.182710
vt 0.553121 0.187120
vt 0.539829 0.191530
vt 0.526537 0.195940
vt 0.513244 0.200350
vt 0.499952 0.204760
vt 0.486660 0.209171
vt 0.473368 0.213581
vt 0.460075 0.217991
vt 0.446783 0.222401
vt 0.433491 0.213089
vt 0.619521 0.174381
vt 0.606233 0.179106
vt 0.592945 0.183832
vt 0.579657 0.188557
vt 0.566369 0.193282
vt 0.553081 0.198007
vt 0.539793 0.202732
vt 0.526506 0.207458
vt 0.513218 0.212183
vt 0.499930 0.216908
vt 0.486642 0.221633
vt 0.473354 0.226358
vt 0.460066 0.231084
vt 0.446778 0.235809
vt 0.433491 0.226811
vt 0.619458 0.183694
vt 0.606175 0.188734
vt 0.592891 0.193774
vt 0.579608 0.198814
vt 0.566325 0.203854
vt 0.553041 0.208895
vt 0.539758 0.213935
vt 0.526474 0.218975
vt 0.513191 0.224015
vt 0.499908 0.229056
vt 0.486624 0.234096
vt 0.473341 0.239136
vt 0.460057 0.244176
vt 0.446774 0.249216
vt 0.433491 0.240534
vt 0.619396 0.193006
vt 0.606117 0.198361
vt 0.592838 0.203716
vt 0.579559 0.209072
vt 0.566280 0.214427
vt 0.553001 0.219782
vt 0.539722 0.225137
vt 0.526443 0.230493
vt 0.513164 0.235848
vt 0.499885 0.241203
vt 0.486606 0.246558
vt 0.473327 0.251913
vt 0.460048 0.257269
vt 0.446770 0.262624
vt 0.433491 0.254256
vt 0.786684 0.262212
vt 0.800625 0.254257
vt 0.800625 0.267979
vt 0.786689 0.248829
vt 0.800625 0.240534
vt 0.786694 0.235445
vt 0.800625 0.226812
vt 0.786699 0.222062
vt 0.800625 0.213089
vt 0.786703 0.208679
vt 0.800625 0.199366
vt 0.786708 0.195295
vt 0.800625 0.185644
vt 0.786713 0.181912
vt 0.800625 0.171921
vt 0.786718 0.168529
vt 0.800625 0.158199
vt 0.786722 0.155146
vt 0.800625 0.144476
vt 0.786727 0.141762
vt 0.800625 0.130754
vt 0.786732 0.128379
vt 0.800625 0.117031
vt 0.786737 0.114996
vt 0.800625 0.103308
vt 0.786742 0.101612
vt 0.800625 0.089586
vt 0.786747 0.088229
vt 0.800625 0.075863
vt 0.786751 0.074846
vt 0.800625 0.062141
vt 0.786756 0.061462
vt 0.800625 0.048418
vt 0.786761 0.048079
vt 0.800625 0.034696
vt 0.772743 0.256445
vt 0.772753 0.243401
vt 0.772763 0.230357
vt 0.772772 0.217313
vt 0.772782 0.204269
vt 0.772791 0.191225
vt 0.772801 0.178180
vt 0.772811 0.165136
vt 0.772820 0.152092
vt 0.772830 0.139048
vt 0.772839 0.126004
vt 0.772849 0.112960
vt 0.772859 0.099916
vt 0.772868 0.086872
vt 0.772878 0.073828
vt 0.772887 0.060784
vt 0.772897 0.047740
vt 0.786766 0.034696
vt 0.758803 0.250678
vt 0.758817 0.237973
vt 0.758832 0.225268
vt 0.758846 0.212563
vt 0.758860 0.199858
vt 0.758875 0.187154
vt 0.758889 0.174449
vt 0.758904 0.161744
vt 0.758918 0.149039
vt 0.758932 0.136334
vt 0.758947 0.123629
vt 0.758961 0.110925
vt 0.758976 0.098220
vt 0.758990 0.085515
vt 0.759004 0.072810
vt 0.759019 0.060105
vt 0.759033 0.047400
vt 0.772906 0.034696
vt 0.744862 0.244910
vt 0.744881 0.232545
vt 0.744900 0.220179
vt 0.744920 0.207814
vt 0.744939 0.195448
vt 0.744958 0.183083
vt 0.744977 0.170717
vt 0.744996 0.158351
vt 0.745016 0.145986
vt 0.745035 0.133620
vt 0.745054 0.121255
vt 0.745073 0.108889
vt 0.745092 0.096524
vt 0.745111 0.084158
vt 0.745131 0.071792
vt 0.745150 0.059427
vt 0.745169 0.047061
vt 0.759047 0.034696
vt 0.730921 0.239143
vt 0.730945 0.227117
vt 0.730969 0.215091
vt 0.730993 0.203064
vt 0.731017 0.191038
vt 0.731041 0.179012
vt 0.731065 0.166985
vt 0.731089 0.154959
vt 0.731113 0.142933
vt 0.731137 0.130906
vt 0.731161 0.118880
vt 0.731185 0.106854
vt 0.731209 0.094827
vt 0.731233 0.082801
vt 0.731257 0.070775
vt 0.731281 0.058748
vt 0.731305 0.046722
vt 0.745188 0.034696
vt 0.716981 0.233376
vt 0.717009 0.221689
vt 0.717038 0.210002
vt 0.717067 0.198315
vt 0.717096 0.186628
vt 0.717125 0.174941
vt 0.717153 0.163254
vt 0.717182 0.151567
vt 0.717211 0.139879
vt 0.717240 0.128192
vt 0.717269 0.116505
vt 0.717297 0.104818
vt 0.717326 0.093131
vt 0.717355 0.081444
vt 0.717384 0.069757
vt 0.717413 0.058070
vt 0.717441 0.046383
vt 0.731329 0.034696
vt 0.703040 0.227609
vt 0.703074 0.216261
vt 0.703107 0.204913
vt 0.703141 0.193565
vt 0.703174 0.182218
vt 0.703208 0.170870
vt 0.703241 0.159522
vt 0.703275 0.148174
vt 0.703309 0.136826
vt 0.703342 0.125478
vt 0.703376 0.114131
vt 0.703409 0.102783
vt 0.703443 0.091435
vt 0.703477 0.080087
vt 0.703510 0.068739
vt 0.703544 0.057391
vt 0.703577 0.046044
vt 0.717470 0.034696
vt 0.689099 0.221842
vt 0.689138 0.210833
vt 0.689176 0.199825
vt 0.689214 0.188816
vt 0.689253 0.177807
vt 0.689291 0.166799
vt 0.689330 0.155790
vt 0.689368 0.144782
vt 0.689406 0.133773
vt 0.689445 0.122764
vt 0.689483 0.111756
vt 0.689521 0.100747
vt 0.689560 0.089739
vt 0.689598 0.078730
vt 0.689637 0.067721
vt 0.689675 0.056713
vt 0.689713 0.045704
vt 0.703611 0.034696
vt 0.675159 0.216075
vt 0.675202 0.205405
vt 0.675245 0.194736
vt 0.675288 0.184067
vt 0.675331 0.173397
vt 0.675374 0.162728
vt 0.675418 0.152058
vt 0.675461 0.141389
vt 0.675504 0.130720
vt 0.675547 0.120050
vt 0.675590 0.109381
vt 0.675634 0.098712
vt 0.675677 0.088042
vt 0.675720 0.077373
vt 0.675763 0.066704
vt 0.675806 0.056034
vt 0.675849 0.045365
vt 0.689752 0.034696
vt 0.661218 0.210307
vt 0.661266 0.199977
vt 0.661314 0.189647
vt 0.661362 0.179317
vt 0.661410 0.168987
vt 0.661458 0.158657
vt 0.661506 0.148327
vt 0.661554 0.137997
vt 0.661602 0.127667
vt 0.661650 0.117337
vt 0.661698 0.107006
vt 0.661746 0.096676
vt 0.661794 0.086346
vt 0.661842 0.076016
vt 0.661890 0.065686
vt 0.661938 0.055356
vt 0.661986 0.045026
vt 0.675893 0.034696
vt 0.647277 0.204540
vt 0.647330 0.194549
vt 0.647383 0.184559
vt 0.647436 0.174568
vt 0.647488 0.164577
vt 0.647541 0.154586
vt 0.647594 0.144595
vt 0.647647 0.134604
vt 0.647699 0.124613
vt 0.647752 0.114623
vt 0.647805 0.104632
vt 0.647858 0.094641
vt 0.647911 0.084650
vt 0.647963 0.074659
vt 0.648016 0.064668
vt 0.648069 0.054677
vt 0.648122 0.044687
vt 0.662034 0.034696
vt 0.633336 0.198773
vt 0.633394 0.189121
vt 0.633452 0.179470
vt 0.633509 0.169818
vt 0.633567 0.160167
vt 0.633624 0.150515
vt 0.633682 0.140863
vt 0.633739 0.131212
vt 0.633797 0.121560
vt 0.633855 0.111909
vt 0.633912 0.102257
vt 0.633970 0.092605
vt 0.634027 0.082954
vt 0.634085 0.073302
vt 0.634143 0.063651
vt 0.634200 0.053999
vt 0.634258 0.044347
vt 0.648174 0.034696
vt 0.634315 0.034696
vt 0.445927 0.272738
vt 0.433491 0.267979
vt 0.458285 0.267976
vt 0.456755 0.280480
vt 0.468306 0.276098
vt 0.465422 0.290586
vt 0.476320 0.286415
vt 0.471907 0.302229
vt 0.486801 0.310625
vt 0.476781 0.314648
vt 0.490817 0.323270
vt 0.481141 0.327262
vt 0.495408 0.335699
vt 0.486121 0.339642
vt 0.500352 0.347981
vt 0.491480 0.351864
vt 0.505797 0.360027
vt 0.497380 0.363832
vt 0.512124 0.371589
vt 0.504229 0.375279
vt 0.512259 0.385935
vt 0.519547 0.382417
vt 0.520721 0.396254
vt 0.527372 0.392932
vt 0.530023 0.405815
vt 0.535975 0.402743
vt 0.539857 0.414838
vt 0.545073 0.412054
vt 0.549810 0.423730
vt 0.554282 0.421244
vt 0.559820 0.432556
vt 0.563543 0.430374
vt 0.569998 0.441189
vt 0.470647 0.263226
vt 0.479868 0.271740
vt 0.487237 0.282280
vt 0.482309 0.298160
vt 0.496853 0.306659
vt 0.500532 0.319348
vt 0.504740 0.331837
vt 0.509276 0.344190
vt 0.514274 0.356325
vt 0.520085 0.368013
vt 0.526908 0.379024
vt 0.534102 0.389746
vt 0.542015 0.399819
vt 0.550383 0.409431
vt 0.558854 0.418930
vt 0.567373 0.428374
vt 0.572961 0.439323
vt 0.483015 0.258491
vt 0.491443 0.267411
vt 0.498173 0.278187
vt 0.492735 0.294137
vt 0.506939 0.302765
vt 0.510287 0.315512
vt 0.514122 0.328074
vt 0.518255 0.340513
vt 0.522813 0.352751
vt 0.528117 0.364579
vt 0.534347 0.375788
vt 0.540918 0.386731
vt 0.548146 0.397079
vt 0.555792 0.407006
vt 0.563531 0.416829
vt 0.571315 0.426602
vt 0.576037 0.437652
vt 0.495389 0.253769
vt 0.503030 0.263108
vt 0.509126 0.274135
vt 0.503189 0.290172
vt 0.517054 0.298939
vt 0.520077 0.311757
vt 0.523542 0.324407
vt 0.527280 0.336944
vt 0.531403 0.349299
vt 0.536204 0.361281
vt 0.541848 0.372700
vt 0.547800 0.383878
vt 0.554349 0.394516
vt 0.561278 0.404771
vt 0.568291 0.414932
vt 0.575346 0.425047
vt 0.579232 0.436222
vt 0.507768 0.249058
vt 0.514624 0.258827
vt 0.524157 0.282393
vt 0.513665 0.286260
vt 0.527187 0.295168
vt 0.529889 0.308067
vt 0.532989 0.320816
vt 0.536334 0.333463
vt 0.540026 0.345946
vt 0.544329 0.358093
vt 0.549388 0.369734
vt 0.554726 0.381158
vt 0.560600 0.392097
vt 0.566816 0.402690
vt 0.573107 0.413200
vt 0.579435 0.423669
vt 0.582521 0.435023
vt 0.520150 0.244355
vt 0.526225 0.254564
vt 0.520091 0.270116
vt 0.534659 0.278561
vt 0.537334 0.291442
vt 0.539717 0.304432
vt 0.542454 0.317289
vt 0.545408 0.330055
vt 0.548672 0.342675
vt 0.552478 0.354997
vt 0.556956 0.366869
vt 0.561682 0.378548
vt 0.566884 0.389796
vt 0.572389 0.400738
vt 0.577960 0.411605
vt 0.583565 0.422436
vt 0.585872 0.434012
vt 0.532535 0.239660
vt 0.537831 0.250316
vt 0.531065 0.266124
vt 0.545170 0.274761
vt 0.547491 0.287754
vt 0.549556 0.300843
vt 0.551931 0.313816
vt 0.554498 0.326708
vt 0.557334 0.339474
vt 0.560645 0.351978
vt 0.564544 0.364089
vt 0.568659 0.376031
vt 0.573190 0.387596
vt 0.577986 0.398894
vt 0.582840 0.410127
vt 0.587723 0.421328
vt 0.589267 0.433155
vt 0.544921 0.234972
vt 0.553030 0.258206
vt 0.542045 0.262155
vt 0.555686 0.270987
vt 0.557654 0.284101
vt 0.559403 0.297296
vt 0.561418 0.310391
vt 0.563597 0.323418
vt 0.566008 0.336336
vt 0.568824 0.349030
vt 0.572145 0.361386
vt 0.575651 0.373598
vt 0.579513 0.385488
vt 0.583602 0.397148
vt 0.587740 0.408754
vt 0.591903 0.420331
vt 0.592692 0.432430
vt 0.561049 0.241861
vt 0.549439 0.246082
vt 0.564017 0.254277
vt 0.566207 0.267240
vt 0.567823 0.280480
vt 0.569257 0.293789
vt 0.570912 0.307013
vt 0.572705 0.320181
vt 0.574690 0.333257
vt 0.577014 0.346147
vt 0.579757 0.358756
vt 0.582654 0.371245
vt 0.585849 0.383465
vt 0.589232 0.395495
vt 0.592656 0.407479
vt 0.596100 0.419439
vt 0.596140 0.431824
vt 0.569698 0.225614
vt 0.557309 0.230290
vt 0.572661 0.237651
vt 0.575008 0.250363
vt 0.576731 0.263514
vt 0.577996 0.276886
vt 0.579115 0.290313
vt 0.580412 0.303673
vt 0.581818 0.316987
vt 0.583378 0.330228
vt 0.585209 0.343320
vt 0.587376 0.356187
vt 0.589666 0.368958
vt 0.592193 0.381514
vt 0.594871 0.393918
vt 0.597581 0.406286
vt 0.600308 0.418635
vt 0.599607 0.431329
vt 0.582087 0.220941
vt 0.584275 0.233448
vt 0.586000 0.246461
vt 0.587258 0.259803
vt 0.588171 0.273311
vt 0.588976 0.286860
vt 0.589914 0.300358
vt 0.590934 0.313822
vt 0.592070 0.327231
vt 0.593409 0.340529
vt 0.594999 0.353658
vt 0.596682 0.366715
vt 0.598542 0.379612
vt 0.600515 0.392394
vt 0.602513 0.405148
vt 0.604522 0.417889
vt 0.603085 0.430927
vt 0.594477 0.216272
vt 0.595890 0.229254
vt 0.596993 0.242573
vt 0.597786 0.256111
vt 0.598349 0.269759
vt 0.598839 0.283435
vt 0.599419 0.297077
vt 0.600053 0.310697
vt 0.600764 0.324279
vt 0.601611 0.337788
vt 0.602625 0.351183
vt 0.603701 0.364532
vt 0.604895 0.377772
vt 0.606164 0.390937
vt 0.607450 0.404084
vt 0.608743 0.417221
vt 0.606570 0.430588
vt 0.606868 0.211608
vt 0.607505 0.225068
vt 0.607988 0.238697
vt 0.608315 0.252435
vt 0.608528 0.266228
vt 0.608705 0.280035
vt 0.608925 0.293826
vt 0.609174 0.307604
vt 0.609461 0.321365
vt 0.609815 0.335088
vt 0.610254 0.348755
vt 0.610723 0.362398
vt 0.611251 0.375988
vt 0.611816 0.389539
vt 0.612390 0.403082
vt 0.612968 0.416620
vt 0.613558 0.430143
vt 0.610062 0.430330
vt 0.619258 0.206948
vt 0.619121 0.220890
vt 0.618983 0.234833
vt 0.618846 0.248775
vt 0.618708 0.262717
vt 0.618571 0.276659
vt 0.618433 0.290602
vt 0.618296 0.304544
vt 0.618158 0.318486
vt 0.618021 0.332428
vt 0.617883 0.346371
vt 0.617746 0.360313
vt 0.617608 0.374255
vt 0.617471 0.388197
vt 0.617333 0.402139
vt 0.617195 0.416082
vt 0.617058 0.430024
vt 0.621728 0.416656
vt 0.620827 0.430156
vt 0.626257 0.417313
vt 0.624592 0.430367
vt 0.628351 0.430663
vt 0.630780 0.418050
vt 0.632102 0.431042
vt 0.635297 0.418866
vt 0.635845 0.431504
vt 0.639804 0.419759
vt 0.639571 0.432081
vt 0.644297 0.420761
vt 0.643273 0.432796
vt 0.648767 0.421893
vt 0.646943 0.433662
vt 0.653206 0.423168
vt 0.650568 0.434696
vt 0.657603 0.424601
vt 0.654129 0.435934
vt 0.661939 0.426227
vt 0.657590 0.437425
vt 0.666182 0.428091
vt 0.660919 0.439192
vt 0.670299 0.430216
vt 0.664117 0.441189
vt 0.622616 0.403142
vt 0.627896 0.404230
vt 0.633171 0.405394
vt 0.638440 0.406631
vt 0.643700 0.407940
vt 0.648946 0.409352
vt 0.654171 0.410887
vt 0.659367 0.412556
vt 0.664523 0.414374
vt 0.669622 0.416373
vt 0.674633 0.418596
vt 0.679527 0.421063
vt 0.674294 0.432555
vt 0.623500 0.389622
vt 0.629527 0.391137
vt 0.635549 0.392722
vt 0.641565 0.394375
vt 0.647573 0.396096
vt 0.653569 0.397913
vt 0.659544 0.399845
vt 0.665491 0.401904
vt 0.671402 0.404101
vt 0.677259 0.406468
vt 0.683034 0.409044
vt 0.688700 0.411848
vt 0.684306 0.423730
vt 0.624375 0.376093
vt 0.631139 0.378025
vt 0.637899 0.380021
vt 0.644654 0.382080
vt 0.651401 0.384203
vt 0.658136 0.386415
vt 0.664852 0.388734
vt 0.671543 0.391172
vt 0.678199 0.393739
vt 0.684805 0.396464
vt 0.691335 0.399383
vt 0.697763 0.402513
vt 0.694258 0.414838
vt 0.625209 0.362529
vt 0.632669 0.364835
vt 0.640126 0.367201
vt 0.647578 0.369625
vt 0.655023 0.372108
vt 0.662457 0.374674
vt 0.669873 0.377338
vt 0.677266 0.380113
vt 0.684627 0.383007
vt 0.691941 0.386047
vt 0.699185 0.389267
vt 0.706335 0.392681
vt 0.704092 0.405815
vt 0.625978 0.348901
vt 0.634071 0.351525
vt 0.642159 0.354203
vt 0.650244 0.356935
vt 0.658322 0.359721
vt 0.666390 0.362583
vt 0.674442 0.365535
vt 0.682472 0.368588
vt 0.690473 0.371751
vt 0.698431 0.375049
vt 0.706325 0.378510
vt 0.714133 0.382150
vt 0.713394 0.396254
vt 0.626714 0.335249
vt 0.635405 0.338165
vt 0.644093 0.341130
vt 0.652776 0.344144
vt 0.661454 0.347206
vt 0.670123 0.350338
vt 0.678777 0.353552
vt 0.687411 0.356858
vt 0.696019 0.360264
vt 0.704588 0.363791
vt 0.713098 0.367468
vt 0.721530 0.371307
vt 0.721857 0.385935
vt 0.627359 0.321540
vt 0.636557 0.324687
vt 0.645753 0.327878
vt 0.654945 0.331114
vt 0.664132 0.334393
vt 0.673310 0.337734
vt 0.682475 0.341149
vt 0.691623 0.344646
vt 0.700747 0.348233
vt 0.709835 0.351929
vt 0.718872 0.355760
vt 0.727838 0.359736
vt 0.729886 0.375279
vt 0.627931 0.307788
vt 0.637564 0.311126
vt 0.647194 0.314504
vt 0.656821 0.317921
vt 0.666444 0.321377
vt 0.676058 0.324888
vt 0.685662 0.328465
vt 0.695250 0.332113
vt 0.704817 0.335841
vt 0.714353 0.339666
vt 0.723842 0.343610
vt 0.733269 0.347684
vt 0.742635 0.351864
vt 0.736735 0.363832
vt 0.628461 0.294013
vt 0.638487 0.297523
vt 0.648511 0.301069
vt 0.658531 0.304649
vt 0.668548 0.308263
vt 0.678557 0.311925
vt 0.688558 0.315643
vt 0.698544 0.319424
vt 0.708513 0.323273
vt 0.718454 0.327206
vt 0.728355 0.331244
vt 0.738202 0.335396
vt 0.747994 0.339642
vt 0.628962 0.280228
vt 0.639352 0.283899
vt 0.649739 0.287600
vt 0.660124 0.291331
vt 0.670505 0.295091
vt 0.680881 0.298891
vt 0.691249 0.302738
vt 0.701605 0.306639
vt 0.711946 0.310597
vt 0.722264 0.314627
vt 0.732547 0.318746
vt 0.742784 0.322963
vt 0.752974 0.327262
vt 0.629416 0.266423
vt 0.640122 0.270236
vt 0.650825 0.274075
vt 0.661526 0.277939
vt 0.672225 0.281827
vt 0.682919 0.285748
vt 0.693606 0.289708
vt 0.704284 0.293710
vt 0.714949 0.297760
vt 0.725597 0.301868
vt 0.736215 0.306050
vt 0.746794 0.310314
vt 0.757334 0.314648
vt 0.629909 0.252638
vt 0.640970 0.256608
vt 0.652029 0.260599
vt 0.663087 0.264611
vt 0.674142 0.268641
vt 0.685193 0.272697
vt 0.696240 0.276783
vt 0.707279 0.280902
vt 0.718309 0.285058
vt 0.729324 0.289259
vt 0.740317 0.293519
vt 0.751278 0.297845
vt 0.762208 0.302229
vt 0.630526 0.238925
vt 0.642066 0.243110
vt 0.653606 0.247312
vt 0.665143 0.251529
vt 0.676679 0.255760
vt 0.688213 0.260010
vt 0.699742 0.264281
vt 0.711267 0.268575
vt 0.722785 0.272895
vt 0.734293 0.277249
vt 0.745783 0.281646
vt 0.768693 0.290586
vt 0.631311 0.225344
vt 0.643499 0.229860
vt 0.655686 0.234388
vt 0.667872 0.238927
vt 0.680057 0.243474
vt 0.692240 0.248033
vt 0.704421 0.252606
vt 0.716599 0.257193
vt 0.728773 0.261796
vt 0.740940 0.266421
vt 0.753096 0.271074
vt 0.757250 0.286094
vt 0.765236 0.275762
vt 0.632262 0.211947
vt 0.645264 0.216974
vt 0.658266 0.222008
vt 0.671267 0.227047
vt 0.684267 0.232091
vt 0.697267 0.237140
vt 0.710266 0.242195
vt 0.723263 0.247257
vt 0.736259 0.252327
vt 0.749251 0.257406
vt 0.762238 0.262500
vt 0.775218 0.267611
vt 0.777360 0.280480
vt 0.788188 0.272738
vt 0.194004 0.008211
vt 0.208090 0.021081
vt 0.194005 0.021081
vt 0.208089 0.008210
vt 0.222176 0.021081
vt 0.222175 0.008211
vt 0.236262 0.021081
vt 0.236261 0.008210
vt 0.250347 0.021081
vt 0.250345 0.008211
vt 0.264433 0.021081
vt 0.264429 0.008209
vt 0.278519 0.021081
vt 0.278516 0.008211
vt 0.292604 0.021081
vt 0.292604 0.008211
vt 0.306690 0.021081
vt 0.306689 0.008210
vt 0.320776 0.021081
vt 0.320775 0.008210
vt 0.334862 0.021080
vt 0.334859 0.008211
vt 0.348947 0.021080
vt 0.348948 0.008210
vt 0.363033 0.021080
vt 0.377143 0.008207
vt 0.363035 0.008213
vt 0.007475 0.008211
vt 0.020822 0.007500
vt 0.020824 0.008210
vt 0.034143 0.007500
vt 0.034135 0.008211
vt 0.047465 0.007500
vt 0.047470 0.008210
vt 0.060787 0.007500
vt 0.060787 0.008211
vt 0.074109 0.007500
vt 0.074108 0.008210
vt 0.087430 0.007500
vt 0.087433 0.008210
vt 0.100752 0.007500
vt 0.100753 0.008211
vt 0.114074 0.007500
vt 0.114079 0.008211
vt 0.127396 0.007500
vt 0.127399 0.008210
vt 0.140717 0.007500
vt 0.140719 0.008211
vt 0.154039 0.007500
vt 0.154040 0.008210
vt 0.167361 0.007500
vt 0.167361 0.008210
vt 0.180683 0.007500
vt 0.180684 0.008211
vt 0.194004 0.007500
vt 0.634317 0.008210
vt 0.620456 0.021081
vt 0.620457 0.008211
vt 0.648177 0.008210
vt 0.634315 0.021081
vt 0.662035 0.008210
vt 0.648175 0.021081
vt 0.675895 0.008212
vt 0.662034 0.021081
vt 0.689750 0.008209
vt 0.675893 0.021081
vt 0.703611 0.021081
vt 0.689752 0.021081
vt 0.703609 0.008210
vt 0.717470 0.021081
vt 0.731329 0.008211
vt 0.717468 0.008212
vt 0.745189 0.008210
vt 0.731329 0.021081
vt 0.759050 0.008211
vt 0.745188 0.021080
vt 0.772907 0.008210
vt 0.759047 0.021080
vt 0.786765 0.008210
vt 0.772906 0.021080
vt 0.800650 0.008211
vt 0.786766 0.021080
vt 0.433490 0.007500
vt 0.446845 0.008211
vt 0.433468 0.008209
vt 0.446845 0.007500
vt 0.460199 0.008210
vt 0.460200 0.007500
vt 0.473552 0.008210
vt 0.473555 0.007500
vt 0.486908 0.008211
vt 0.486909 0.007500
vt 0.500264 0.008209
vt 0.513619 0.007500
vt 0.513622 0.008212
vt 0.526973 0.007500
vt 0.526974 0.008212
vt 0.540328 0.007500
vt 0.540340 0.008209
vt 0.553683 0.007500
vt 0.553677 0.008209
vt 0.567038 0.007500
vt 0.567035 0.008211
vt 0.580389 0.008212
vt 0.580392 0.007500
vt 0.593744 0.008210
vt 0.593747 0.007500
vt 0.607100 0.008211
vt 0.607102 0.007500
vt 0.573337 0.466652
vt 0.576460 0.453039
vt 0.576460 0.466652
vt 0.579583 0.453039
vt 0.579583 0.466652
vt 0.582706 0.453039
vt 0.582706 0.466652
vt 0.585829 0.453039
vt 0.585829 0.466652
vt 0.588952 0.453039
vt 0.588952 0.466652
vt 0.592075 0.453039
vt 0.592075 0.466652
vt 0.595198 0.453039
vt 0.595198 0.466652
vt 0.598321 0.453039
vt 0.598321 0.466652
vt 0.601444 0.453039
vt 0.601444 0.466652
vt 0.604566 0.453039
vt 0.604566 0.466652
vt 0.607689 0.453039
vt 0.607689 0.466652
vt 0.610812 0.453039
vt 0.610812 0.466652
vt 0.613935 0.453039
vt 0.613935 0.466652
vt 0.617058 0.453039
vt 0.617058 0.466652
vt 0.620421 0.453039
vt 0.623784 0.466652
vt 0.620421 0.466652
vt 0.623784 0.453039
vt 0.627147 0.466652
vt 0.627147 0.453039
vt 0.630511 0.466652
vt 0.630511 0.453039
vt 0.633874 0.466652
vt 0.633874 0.453039
vt 0.637237 0.466652
vt 0.637237 0.453039
vt 0.640600 0.466652
vt 0.640600 0.453039
vt 0.643963 0.466652
vt 0.643963 0.453039
vt 0.647326 0.466652
vt 0.647326 0.453039
vt 0.650689 0.466652
vt 0.650689 0.453039
vt 0.654052 0.466652
vt 0.654052 0.453039
vt 0.657416 0.466652
vt 0.657416 0.453039
vt 0.660779 0.466652
vt 0.674392 0.466652
vt 0.676879 0.453039
vt 0.676879 0.466652
vt 0.679366 0.453039
vt 0.679366 0.466652
vt 0.681852 0.453039
vt 0.681852 0.466652
vt 0.684339 0.453039
vt 0.684339 0.466652
vt 0.686826 0.453039
vt 0.686826 0.466652
vt 0.689313 0.453039
vt 0.689313 0.466652
vt 0.691799 0.453039
vt 0.691799 0.466652
vt 0.694286 0.453039
vt 0.694286 0.466652
vt 0.696773 0.453039
vt 0.696773 0.466652
vt 0.699260 0.453039
vt 0.699260 0.466652
vt 0.701746 0.453039
vt 0.701746 0.466652
vt 0.704233 0.453039
vt 0.704233 0.466652
vt 0.706720 0.453039
vt 0.706720 0.466652
vt 0.709207 0.453039
vt 0.709207 0.466652
vt 0.711693 0.453039
vt 0.711693 0.466652
vt 0.714180 0.453039
vt 0.714180 0.466652
vt 0.716667 0.453039
vt 0.716667 0.466652
vt 0.719154 0.453039
vt 0.719154 0.466652
vt 0.721640 0.453039
vt 0.721640 0.466652
vt 0.724127 0.453039
vt 0.724127 0.466652
vt 0.726614 0.453039
vt 0.726614 0.466652
vt 0.729101 0.453039
vt 0.729101 0.466652
vt 0.731587 0.453039
vt 0.731587 0.466652
vt 0.734074 0.453039
vt 0.734074 0.466652
vt 0.736561 0.453039
vt 0.736561 0.466652
vt 0.739048 0.453039
vt 0.739048 0.466652
vt 0.495103 0.453039
vt 0.497588 0.466652
vt 0.495103 0.466652
vt 0.497588 0.453039
vt 0.500073 0.466652
vt 0.500073 0.453039
vt 0.502559 0.466652
vt 0.502559 0.453039
vt 0.505044 0.466652
vt 0.505044 0.453039
vt 0.507530 0.466652
vt 0.507530 0.453039
vt 0.510015 0.466652
vt 0.510015 0.453039
vt 0.512501 0.466652
vt 0.512501 0.453039
vt 0.514986 0.466652
vt 0.514986 0.453039
vt 0.517472 0.466652
vt 0.517471 0.453039
vt 0.519957 0.466652
vt 0.519957 0.453039
vt 0.522442 0.466652
vt 0.522442 0.453039
vt 0.524928 0.466652
vt 0.524928 0.453039
vt 0.527413 0.466652
vt 0.527413 0.453039
vt 0.529899 0.466652
vt 0.529899 0.453039
vt 0.532384 0.466652
vt 0.532384 0.453039
vt 0.534870 0.466652
vt 0.534870 0.453039
vt 0.537355 0.466652
vt 0.537355 0.453039
vt 0.539840 0.466652
vt 0.539840 0.453039
vt 0.542326 0.466652
vt 0.542326 0.453039
vt 0.544811 0.466652
vt 0.544811 0.453039
vt 0.547297 0.466652
vt 0.547297 0.453039
vt 0.549782 0.466652
vt 0.552268 0.453039
vt 0.552268 0.466652
vt 0.554753 0.453039
vt 0.554753 0.466652
vt 0.557239 0.453039
vt 0.557239 0.466652
vt 0.559724 0.466652
vt 0.132399 0.453039
vt 0.136679 0.466652
vt 0.132399 0.466652
vt 0.136679 0.453039
vt 0.140958 0.466652
vt 0.140958 0.453039
vt 0.145237 0.466652
vt 0.145237 0.453039
vt 0.149516 0.466652
vt 0.149516 0.453039
vt 0.153796 0.466652
vt 0.153796 0.453039
vt 0.158075 0.466652
vt 0.158075 0.453039
vt 0.162354 0.466652
vt 0.162354 0.453039
vt 0.166634 0.466652
vt 0.166634 0.453039
vt 0.170913 0.466652
vt 0.170913 0.453039
vt 0.175192 0.466652
vt 0.175192 0.453039
vt 0.179471 0.466652
vt 0.179472 0.453039
vt 0.183751 0.466652
vt 0.183751 0.453039
vt 0.188030 0.466652
vt 0.188030 0.453039
vt 0.192309 0.466652
vt 0.196918 0.453039
vt 0.192309 0.453039
vt 0.201526 0.453039
vt 0.196918 0.466652
vt 0.206135 0.453039
vt 0.201526 0.466652
vt 0.210743 0.453039
vt 0.206134 0.466652
vt 0.215352 0.453039
vt 0.210743 0.466652
vt 0.219960 0.453039
vt 0.215351 0.466652
vt 0.224568 0.453039
vt 0.219960 0.466652
vt 0.229177 0.453039
vt 0.224568 0.466652
vt 0.233785 0.453039
vt 0.229176 0.466652
vt 0.238394 0.453039
vt 0.233785 0.466652
vt 0.243002 0.453039
vt 0.238393 0.466652
vt 0.247611 0.453039
vt 0.243001 0.466652
vt 0.252219 0.453039
vt 0.247610 0.466652
vt 0.433493 0.797918
vt 0.445860 0.784634
vt 0.443977 0.797918
vt 0.435533 0.784634
vt 0.447744 0.771350
vt 0.437574 0.771350
vt 0.449629 0.758067
vt 0.441656 0.744782
vt 0.439615 0.758066
vt 0.443697 0.731498
vt 0.451512 0.744783
vt 0.445738 0.718215
vt 0.453396 0.731499
vt 0.447768 0.704929
vt 0.455280 0.718215
vt 0.449797 0.691643
vt 0.457154 0.704929
vt 0.451826 0.678358
vt 0.459027 0.691643
vt 0.453856 0.665072
vt 0.460900 0.678358
vt 0.455885 0.651786
vt 0.462773 0.665072
vt 0.457914 0.638501
vt 0.464647 0.651787
vt 0.459932 0.625213
vt 0.466520 0.638501
vt 0.461950 0.611926
vt 0.468383 0.625213
vt 0.463968 0.598638
vt 0.470245 0.611926
vt 0.465986 0.585351
vt 0.472108 0.598638
vt 0.468003 0.572064
vt 0.473970 0.585351
vt 0.470021 0.558776
vt 0.475833 0.572064
vt 0.472028 0.545487
vt 0.477695 0.558776
vt 0.474035 0.532198
vt 0.479548 0.545487
vt 0.476043 0.518909
vt 0.481401 0.532198
vt 0.478050 0.505620
vt 0.483254 0.518909
vt 0.480057 0.492331
vt 0.485106 0.505620
vt 0.482064 0.479042
vt 0.488753 0.479440
vt 0.481892 0.479427
vt 0.456188 0.784634
vt 0.454461 0.797918
vt 0.457914 0.771350
vt 0.459642 0.758067
vt 0.461368 0.744783
vt 0.463095 0.731499
vt 0.464822 0.718215
vt 0.466540 0.704929
vt 0.468257 0.691644
vt 0.469974 0.678358
vt 0.471691 0.665072
vt 0.473409 0.651787
vt 0.475125 0.638501
vt 0.476833 0.625213
vt 0.478540 0.611926
vt 0.480248 0.598639
vt 0.481955 0.585351
vt 0.483662 0.572064
vt 0.485369 0.558776
vt 0.487068 0.545487
vt 0.488766 0.532198
vt 0.490465 0.518909
vt 0.486959 0.492331
vt 0.492163 0.505620
vt 0.488812 0.479042
vt 0.495491 0.479401
vt 0.466515 0.784634
vt 0.464945 0.797918
vt 0.468084 0.771351
vt 0.469655 0.758067
vt 0.471224 0.744783
vt 0.472794 0.731499
vt 0.474364 0.718215
vt 0.475926 0.704929
vt 0.477487 0.691644
vt 0.479047 0.678358
vt 0.480609 0.665072
vt 0.482170 0.651787
vt 0.483731 0.638501
vt 0.485283 0.625214
vt 0.486835 0.611926
vt 0.488387 0.598639
vt 0.489939 0.585351
vt 0.491492 0.572064
vt 0.493043 0.558776
vt 0.494588 0.545487
vt 0.496131 0.532198
vt 0.497676 0.518909
vt 0.493861 0.492331
vt 0.499219 0.505620
vt 0.495560 0.479042
vt 0.502210 0.479393
vt 0.476842 0.784635
vt 0.475429 0.797918
vt 0.478254 0.771351
vt 0.479668 0.758067
vt 0.481081 0.744783
vt 0.482493 0.731499
vt 0.483906 0.718215
vt 0.485312 0.704929
vt 0.486717 0.691644
vt 0.488121 0.678358
vt 0.489526 0.665072
vt 0.490932 0.651787
vt 0.492336 0.638501
vt 0.493733 0.625214
vt 0.495130 0.611926
vt 0.496527 0.598639
vt 0.497924 0.585351
vt 0.499321 0.572064
vt 0.500718 0.558776
vt 0.502107 0.545487
vt 0.503497 0.532198
vt 0.504887 0.518909
vt 0.500763 0.492331
vt 0.506276 0.505620
vt 0.502308 0.479042
vt 0.509031 0.479424
vt 0.485913 0.797918
vt 0.487169 0.784635
vt 0.488425 0.771351
vt 0.489681 0.758067
vt 0.490937 0.744783
vt 0.492192 0.731499
vt 0.493448 0.718215
vt 0.494698 0.704930
vt 0.495947 0.691644
vt 0.497195 0.678358
vt 0.498444 0.665072
vt 0.499693 0.651787
vt 0.500942 0.638501
vt 0.502184 0.625214
vt 0.503425 0.611926
vt 0.504667 0.598639
vt 0.505909 0.585351
vt 0.507150 0.572064
vt 0.508392 0.558776
vt 0.509627 0.545487
vt 0.510862 0.532198
vt 0.512098 0.518909
vt 0.507666 0.492331
vt 0.513333 0.505620
vt 0.509055 0.479042
vt 0.515755 0.479496
vt 0.496398 0.797919
vt 0.497496 0.784635
vt 0.498595 0.771351
vt 0.499694 0.758067
vt 0.500793 0.744783
vt 0.501891 0.731499
vt 0.502990 0.718215
vt 0.504084 0.704930
vt 0.505176 0.691644
vt 0.506269 0.678358
vt 0.507362 0.665073
vt 0.508455 0.651787
vt 0.509547 0.638501
vt 0.510634 0.625214
vt 0.511720 0.611926
vt 0.512807 0.598639
vt 0.513893 0.585351
vt 0.514980 0.572064
vt 0.517147 0.545487
vt 0.516066 0.558776
vt 0.518227 0.532198
vt 0.519309 0.518909
vt 0.521470 0.492331
vt 0.520389 0.505620
vt 0.515803 0.479042
vt 0.522521 0.479381
vt 0.506882 0.797919
vt 0.507823 0.784635
vt 0.508765 0.771351
vt 0.509707 0.758067
vt 0.510649 0.744783
vt 0.511591 0.731499
vt 0.512532 0.718216
vt 0.513470 0.704930
vt 0.514406 0.691644
vt 0.515343 0.678359
vt 0.516279 0.665073
vt 0.517216 0.651787
vt 0.518153 0.638502
vt 0.519084 0.625214
vt 0.520015 0.611927
vt 0.520947 0.598639
vt 0.521878 0.585352
vt 0.522809 0.572065
vt 0.523740 0.558777
vt 0.525593 0.532199
vt 0.524667 0.545488
vt 0.526520 0.518910
vt 0.528372 0.492332
vt 0.527446 0.505621
vt 0.522551 0.479042
vt 0.529262 0.479425
vt 0.517366 0.797919
vt 0.518151 0.784635
vt 0.518935 0.771351
vt 0.519720 0.758067
vt 0.520505 0.744783
vt 0.521290 0.731500
vt 0.522075 0.718216
vt 0.522855 0.704930
vt 0.523636 0.691644
vt 0.524416 0.678359
vt 0.525197 0.665073
vt 0.525978 0.651788
vt 0.526758 0.638502
vt 0.527534 0.625214
vt 0.528310 0.611927
vt 0.529086 0.598639
vt 0.529862 0.585352
vt 0.531414 0.558777
vt 0.530638 0.572065
vt 0.532186 0.545488
vt 0.532958 0.532199
vt 0.533731 0.518910
vt 0.534502 0.505621
vt 0.529299 0.479043
vt 0.536023 0.479424
vt 0.528478 0.784635
vt 0.527850 0.797919
vt 0.529105 0.771351
vt 0.529733 0.758068
vt 0.530361 0.744784
vt 0.530989 0.731500
vt 0.531617 0.718216
vt 0.532241 0.704930
vt 0.532866 0.691645
vt 0.533490 0.678359
vt 0.534115 0.665073
vt 0.534739 0.651788
vt 0.535363 0.638502
vt 0.535984 0.625214
vt 0.536605 0.611927
vt 0.537226 0.598639
vt 0.537847 0.585352
vt 0.539088 0.558777
vt 0.538468 0.572065
vt 0.539706 0.545488
vt 0.540323 0.532199
vt 0.540941 0.518910
vt 0.535274 0.492332
vt 0.541559 0.505621
vt 0.536046 0.479043
vt 0.542764 0.479429
vt 0.538334 0.797919
vt 0.538805 0.784635
vt 0.539275 0.771351
vt 0.539746 0.758068
vt 0.540217 0.744784
vt 0.540688 0.731500
vt 0.541159 0.718216
vt 0.541627 0.704930
vt 0.542096 0.691645
vt 0.542564 0.678359
vt 0.543032 0.665073
vt 0.543501 0.651788
vt 0.543969 0.638502
vt 0.544434 0.625215
vt 0.544900 0.611927
vt 0.545366 0.598640
vt 0.546297 0.572065
vt 0.545831 0.585352
vt 0.546763 0.558777
vt 0.547226 0.545488
vt 0.547689 0.532199
vt 0.548152 0.518910
vt 0.542176 0.492332
vt 0.548615 0.505621
vt 0.542794 0.479043
vt 0.549540 0.479424
vt 0.548818 0.797919
vt 0.549132 0.784635
vt 0.549445 0.771352
vt 0.549760 0.758068
vt 0.550074 0.744784
vt 0.550387 0.731500
vt 0.550701 0.718216
vt 0.551013 0.704930
vt 0.551326 0.691645
vt 0.551638 0.678359
vt 0.552262 0.651788
vt 0.551950 0.665073
vt 0.552575 0.638502
vt 0.552885 0.625215
vt 0.553195 0.611927
vt 0.553506 0.598640
vt 0.554126 0.572065
vt 0.553816 0.585352
vt 0.554437 0.558777
vt 0.554746 0.545488
vt 0.555054 0.532199
vt 0.555363 0.518910
vt 0.549079 0.492332
vt 0.555672 0.505621
vt 0.549542 0.479043
vt 0.556286 0.479435
vt 0.559303 0.797919
vt 0.559459 0.784636
vt 0.559616 0.771352
vt 0.559773 0.758068
vt 0.559930 0.744784
vt 0.560086 0.731500
vt 0.560243 0.718216
vt 0.560399 0.704931
vt 0.560555 0.691645
vt 0.560868 0.665073
vt 0.560711 0.678359
vt 0.561024 0.651788
vt 0.561180 0.638502
vt 0.561335 0.625215
vt 0.561490 0.611927
vt 0.561645 0.598640
vt 0.561801 0.585352
vt 0.562111 0.558777
vt 0.561956 0.572065
vt 0.562265 0.545488
vt 0.562419 0.532199
vt 0.562574 0.518910
vt 0.555981 0.492332
vt 0.562729 0.505621
vt 0.556290 0.479043
vt 0.563039 0.479419
vt 0.569787 0.797920
vt 0.569786 0.784636
vt 0.569786 0.771352
vt 0.569786 0.758068
vt 0.569786 0.744784
vt 0.569785 0.731500
vt 0.569785 0.704931
vt 0.569785 0.718216
vt 0.569785 0.691645
vt 0.569785 0.678359
vt 0.569785 0.665074
vt 0.569786 0.651788
vt 0.569785 0.638502
vt 0.569785 0.625215
vt 0.569785 0.611927
vt 0.569785 0.598640
vt 0.569785 0.572065
vt 0.569785 0.585352
vt 0.569785 0.558777
vt 0.569785 0.545488
vt 0.569785 0.532199
vt 0.569785 0.518910
vt 0.562883 0.492332
vt 0.569785 0.505621
vt 0.569785 0.479043
vt 0.569794 0.479428
vt 0.580271 0.797920
vt 0.580113 0.784636
vt 0.579956 0.771352
vt 0.579799 0.758068
vt 0.579642 0.744784
vt 0.579484 0.731500
vt 0.579171 0.704931
vt 0.579327 0.718216
vt 0.579015 0.691645
vt 0.578859 0.678359
vt 0.578703 0.665074
vt 0.578547 0.651788
vt 0.578391 0.638502
vt 0.578235 0.625215
vt 0.578080 0.611927
vt 0.577770 0.585352
vt 0.577925 0.598640
vt 0.577615 0.572065
vt 0.577459 0.558777
vt 0.577305 0.545488
vt 0.577150 0.532199
vt 0.576842 0.505621
vt 0.576996 0.518910
vt 0.569785 0.492332
vt 0.576533 0.479043
vt 0.576533 0.479425
vt 0.590755 0.797920
vt 0.590441 0.784636
vt 0.590126 0.771352
vt 0.589812 0.758068
vt 0.589498 0.744784
vt 0.589184 0.731500
vt 0.588557 0.704931
vt 0.588870 0.718216
vt 0.588245 0.691645
vt 0.587933 0.678359
vt 0.587621 0.665074
vt 0.587309 0.651788
vt 0.586997 0.638502
vt 0.586686 0.625215
vt 0.586375 0.611927
vt 0.585754 0.585352
vt 0.586065 0.598640
vt 0.585444 0.572065
vt 0.585133 0.558777
vt 0.584825 0.545488
vt 0.584515 0.532199
vt 0.584207 0.518910
vt 0.583898 0.505621
vt 0.583590 0.492332
vt 0.583281 0.479043
vt 0.583296 0.479425
vt 0.601239 0.797920
vt 0.600768 0.784636
vt 0.600296 0.771352
vt 0.599825 0.758068
vt 0.599354 0.744784
vt 0.598412 0.718217
vt 0.598883 0.731500
vt 0.597943 0.704931
vt 0.597475 0.691645
vt 0.597007 0.678359
vt 0.596538 0.665074
vt 0.596070 0.651788
vt 0.595602 0.638502
vt 0.595136 0.625215
vt 0.594670 0.611927
vt 0.593739 0.585352
vt 0.594205 0.598640
vt 0.593273 0.572065
vt 0.592808 0.558777
vt 0.592344 0.545488
vt 0.591881 0.532199
vt 0.591418 0.518910
vt 0.590955 0.505621
vt 0.590492 0.492332
vt 0.590029 0.479043
vt 0.590041 0.479425
vt 0.611724 0.797920
vt 0.611095 0.784636
vt 0.610466 0.771352
vt 0.609838 0.758069
vt 0.609210 0.744785
vt 0.607954 0.718217
vt 0.608582 0.731501
vt 0.607329 0.704931
vt 0.606705 0.691646
vt 0.606080 0.678360
vt 0.605456 0.665074
vt 0.604832 0.651788
vt 0.604207 0.638503
vt 0.603586 0.625216
vt 0.602965 0.611928
vt 0.601723 0.585353
vt 0.602344 0.598641
vt 0.601103 0.572066
vt 0.600482 0.558778
vt 0.599864 0.545489
vt 0.599246 0.532200
vt 0.598629 0.518911
vt 0.598011 0.505622
vt 0.597394 0.492333
vt 0.596776 0.479044
vt 0.596799 0.479429
vt 0.622208 0.797920
vt 0.621422 0.784636
vt 0.620636 0.771353
vt 0.619066 0.744785
vt 0.619851 0.758069
vt 0.618281 0.731501
vt 0.617496 0.718217
vt 0.616715 0.704931
vt 0.615934 0.691646
vt 0.615154 0.678360
vt 0.614374 0.665074
vt 0.613593 0.651789
vt 0.612813 0.638503
vt 0.612036 0.625216
vt 0.610484 0.598641
vt 0.611260 0.611928
vt 0.609708 0.585353
vt 0.608932 0.572066
vt 0.608156 0.558778
vt 0.607384 0.545489
vt 0.606611 0.532200
vt 0.605840 0.518911
vt 0.605068 0.505622
vt 0.604296 0.492333
vt 0.603524 0.479044
vt 0.603547 0.479431
vt 0.632692 0.797920
vt 0.631749 0.784637
vt 0.630807 0.771353
vt 0.628923 0.744785
vt 0.629864 0.758069
vt 0.627980 0.731501
vt 0.627038 0.718217
vt 0.626101 0.704932
vt 0.625164 0.691646
vt 0.624228 0.678360
vt 0.623291 0.665074
vt 0.622355 0.651789
vt 0.621418 0.638503
vt 0.620487 0.625216
vt 0.619555 0.611928
vt 0.618624 0.598641
vt 0.617693 0.585353
vt 0.616761 0.572066
vt 0.615830 0.558778
vt 0.614904 0.545489
vt 0.613977 0.532200
vt 0.613051 0.518911
vt 0.612125 0.505622
vt 0.611198 0.492333
vt 0.610272 0.479044
vt 0.610301 0.479421
vt 0.643176 0.797920
vt 0.642076 0.784637
vt 0.639877 0.758069
vt 0.640977 0.771353
vt 0.638779 0.744785
vt 0.637679 0.731501
vt 0.636580 0.718217
vt 0.635487 0.704932
vt 0.633302 0.678360
vt 0.634394 0.691646
vt 0.632209 0.665074
vt 0.631117 0.651789
vt 0.630024 0.638503
vt 0.628937 0.625216
vt 0.627850 0.611928
vt 0.626764 0.598641
vt 0.625677 0.585353
vt 0.624591 0.572066
vt 0.623504 0.558778
vt 0.622423 0.545489
vt 0.621342 0.532200
vt 0.620262 0.518911
vt 0.619181 0.505622
vt 0.618101 0.492333
vt 0.617020 0.479044
vt 0.617045 0.479426
vt 0.653660 0.797920
vt 0.652404 0.784637
vt 0.649890 0.758069
vt 0.651147 0.771353
vt 0.648635 0.744785
vt 0.647378 0.731501
vt 0.646122 0.718217
vt 0.644873 0.704932
vt 0.643624 0.691646
vt 0.642375 0.678360
vt 0.641126 0.665075
vt 0.639878 0.651789
vt 0.638629 0.638503
vt 0.637387 0.625216
vt 0.636145 0.611928
vt 0.634904 0.598641
vt 0.633662 0.585353
vt 0.632420 0.572066
vt 0.631178 0.558778
vt 0.629943 0.545489
vt 0.628708 0.532200
vt 0.627473 0.518911
vt 0.626238 0.505622
vt 0.625003 0.492333
vt 0.623767 0.479044
vt 0.623793 0.479433
vt 0.664144 0.797921
vt 0.661317 0.771353
vt 0.662731 0.784637
vt 0.659904 0.758069
vt 0.658491 0.744785
vt 0.657077 0.731501
vt 0.655664 0.718217
vt 0.654259 0.704932
vt 0.652854 0.691646
vt 0.651449 0.678360
vt 0.650044 0.665075
vt 0.648640 0.651789
vt 0.647235 0.638503
vt 0.645837 0.625216
vt 0.644440 0.611928
vt 0.643043 0.598641
vt 0.641646 0.585353
vt 0.640249 0.572066
vt 0.638853 0.558778
vt 0.637463 0.545489
vt 0.636073 0.532200
vt 0.634684 0.518911
vt 0.633294 0.505622
vt 0.631905 0.492333
vt 0.630515 0.479044
vt 0.630579 0.479430
vt 0.673058 0.784637
vt 0.674629 0.797921
vt 0.671487 0.771353
vt 0.669917 0.758069
vt 0.668347 0.744785
vt 0.666777 0.731501
vt 0.665206 0.718217
vt 0.663645 0.704932
vt 0.662084 0.691646
vt 0.660523 0.678360
vt 0.658962 0.665075
vt 0.657401 0.651789
vt 0.655840 0.638503
vt 0.654287 0.625216
vt 0.652735 0.611928
vt 0.651183 0.598641
vt 0.649631 0.585353
vt 0.648079 0.572066
vt 0.646527 0.558778
vt 0.644983 0.545489
vt 0.643438 0.532200
vt 0.641895 0.518911
vt 0.640351 0.505622
vt 0.638807 0.492333
vt 0.637263 0.479044
vt 0.637317 0.479416
vt 0.683385 0.784637
vt 0.685113 0.797921
vt 0.681657 0.771353
vt 0.679930 0.758069
vt 0.678203 0.744785
vt 0.676476 0.731502
vt 0.674749 0.718218
vt 0.673031 0.704932
vt 0.671313 0.691646
vt 0.669597 0.678360
vt 0.667879 0.665075
vt 0.666163 0.651789
vt 0.664446 0.638503
vt 0.662738 0.625216
vt 0.661030 0.611928
vt 0.659323 0.598641
vt 0.657616 0.585354
vt 0.655908 0.572066
vt 0.654201 0.558779
vt 0.652502 0.545489
vt 0.650804 0.532200
vt 0.649106 0.518911
vt 0.647408 0.505622
vt 0.645709 0.492333
vt 0.644011 0.479044
vt 0.644059 0.479409
vt 0.693712 0.784637
vt 0.695597 0.797921
vt 0.691828 0.771353
vt 0.689943 0.758069
vt 0.688059 0.744785
vt 0.686175 0.731502
vt 0.684291 0.718218
vt 0.682417 0.704932
vt 0.680543 0.691646
vt 0.678671 0.678361
vt 0.676797 0.665075
vt 0.674924 0.651789
vt 0.673051 0.638503
vt 0.671188 0.625216
vt 0.669325 0.611928
vt 0.667463 0.598641
vt 0.665600 0.585354
vt 0.663738 0.572066
vt 0.660022 0.545489
vt 0.661875 0.558779
vt 0.658169 0.532200
vt 0.656317 0.518911
vt 0.654464 0.505622
vt 0.652612 0.492333
vt 0.650758 0.479044
vt 0.650821 0.479459
vt 0.704039 0.784637
vt 0.706081 0.797921
vt 0.701998 0.771354
vt 0.699956 0.758070
vt 0.697916 0.744786
vt 0.695874 0.731502
vt 0.693833 0.718218
vt 0.691803 0.704932
vt 0.689773 0.691646
vt 0.687744 0.678361
vt 0.685715 0.665075
vt 0.683686 0.651789
vt 0.681657 0.638503
vt 0.679638 0.625216
vt 0.677620 0.611929
vt 0.675603 0.598641
vt 0.673585 0.585354
vt 0.671567 0.572066
vt 0.669550 0.558779
vt 0.667542 0.545489
vt 0.665534 0.532200
vt 0.663527 0.518911
vt 0.661521 0.505622
vt 0.659514 0.492333
vt 0.657506 0.479044
vt 0.657715 0.479398
vt 0.445391 0.800665
vt 0.455100 0.800889
vt 0.455932 0.806811
vt 0.464924 0.807134
vt 0.464043 0.815922
vt 0.472424 0.816240
vt 0.469500 0.826864
vt 0.477396 0.827122
vt 0.473239 0.838529
vt 0.480742 0.838716
vt 0.476621 0.850305
vt 0.483752 0.850421
vt 0.479713 0.862161
vt 0.486493 0.862208
vt 0.482700 0.874044
vt 0.489147 0.874027
vt 0.485758 0.885909
vt 0.491869 0.885828
vt 0.488976 0.897731
vt 0.494745 0.897589
vt 0.492338 0.909513
vt 0.497765 0.909314
vt 0.496172 0.921150
vt 0.505369 0.932216
vt 0.500718 0.932524
vt 0.505865 0.943642
vt 0.510053 0.943274
vt 0.511420 0.954563
vt 0.515124 0.954138
vt 0.517159 0.965388
vt 0.520380 0.964916
vt 0.522985 0.976167
vt 0.464811 0.801117
vt 0.473918 0.807465
vt 0.480806 0.816569
vt 0.485293 0.827396
vt 0.488248 0.838923
vt 0.490886 0.850561
vt 0.493277 0.862282
vt 0.495598 0.874042
vt 0.497986 0.885784
vt 0.500520 0.897487
vt 0.503199 0.909159
vt 0.501240 0.920899
vt 0.510029 0.931960
vt 0.514252 0.942962
vt 0.518839 0.953774
vt 0.523611 0.964508
vt 0.525724 0.975652
vt 0.474519 0.801351
vt 0.482911 0.807808
vt 0.489189 0.816917
vt 0.493192 0.827695
vt 0.495756 0.839162
vt 0.498023 0.850738
vt 0.500065 0.862401
vt 0.502055 0.874107
vt 0.504108 0.885796
vt 0.506302 0.897448
vt 0.508642 0.909072
vt 0.506318 0.920697
vt 0.511404 0.920570
vt 0.514699 0.931785
vt 0.518462 0.942737
vt 0.522567 0.953504
vt 0.526856 0.964200
vt 0.528475 0.975207
vt 0.484230 0.801591
vt 0.491906 0.808163
vt 0.497575 0.817282
vt 0.501095 0.828017
vt 0.503267 0.839429
vt 0.505165 0.850950
vt 0.506859 0.862559
vt 0.508517 0.874218
vt 0.510237 0.885861
vt 0.512090 0.897466
vt 0.516499 0.920512
vt 0.519378 0.931685
vt 0.522681 0.942593
vt 0.526304 0.953320
vt 0.530111 0.963984
vt 0.531241 0.974867
vt 0.493942 0.801835
vt 0.500903 0.808526
vt 0.505962 0.817660
vt 0.508999 0.828355
vt 0.510782 0.839717
vt 0.512310 0.851186
vt 0.513655 0.862747
vt 0.514983 0.874362
vt 0.516370 0.885961
vt 0.517883 0.897525
vt 0.514091 0.909049
vt 0.521597 0.920503
vt 0.524062 0.931638
vt 0.526905 0.942506
vt 0.530046 0.953197
vt 0.533372 0.963833
vt 0.534017 0.974624
vt 0.503654 0.802082
vt 0.509900 0.808894
vt 0.514350 0.818045
vt 0.516904 0.828704
vt 0.518297 0.840018
vt 0.519455 0.851438
vt 0.520452 0.862952
vt 0.521450 0.874526
vt 0.522503 0.886085
vt 0.523677 0.897610
vt 0.519545 0.909070
vt 0.526698 0.920524
vt 0.528747 0.931625
vt 0.531131 0.942456
vt 0.533791 0.953112
vt 0.536635 0.963723
vt 0.536799 0.974451
vt 0.513367 0.802332
vt 0.518898 0.809270
vt 0.522739 0.818442
vt 0.524810 0.829067
vt 0.525812 0.840336
vt 0.526601 0.851712
vt 0.527251 0.863183
vt 0.527917 0.874720
vt 0.528638 0.886242
vt 0.530458 0.909211
vt 0.525001 0.909120
vt 0.531800 0.920590
vt 0.533434 0.931659
vt 0.535359 0.942456
vt 0.537537 0.953083
vt 0.539900 0.963672
vt 0.539583 0.974322
vt 0.523079 0.802588
vt 0.527896 0.809655
vt 0.531127 0.818853
vt 0.532715 0.829451
vt 0.533328 0.840680
vt 0.533747 0.852015
vt 0.534049 0.863449
vt 0.534385 0.874953
vt 0.534773 0.886444
vt 0.529473 0.897731
vt 0.535915 0.909355
vt 0.536903 0.920715
vt 0.538122 0.931758
vt 0.539587 0.942525
vt 0.541284 0.953127
vt 0.543165 0.963700
vt 0.542369 0.974255
vt 0.532791 0.802847
vt 0.536893 0.810049
vt 0.539514 0.819276
vt 0.540620 0.829849
vt 0.540843 0.841044
vt 0.540893 0.852343
vt 0.540846 0.863742
vt 0.540852 0.875217
vt 0.540907 0.886680
vt 0.535268 0.897902
vt 0.541371 0.909543
vt 0.542004 0.920887
vt 0.542808 0.931907
vt 0.543814 0.942650
vt 0.545030 0.953231
vt 0.546430 0.963791
vt 0.545156 0.974272
vt 0.542503 0.803109
vt 0.545890 0.810449
vt 0.547902 0.819708
vt 0.548525 0.830261
vt 0.548357 0.841423
vt 0.548038 0.852689
vt 0.547643 0.864057
vt 0.547318 0.875508
vt 0.547041 0.886946
vt 0.541063 0.898112
vt 0.546826 0.909766
vt 0.547104 0.921098
vt 0.547493 0.932098
vt 0.548039 0.942819
vt 0.548774 0.953382
vt 0.549692 0.963933
vt 0.547942 0.974355
vt 0.552214 0.803375
vt 0.554886 0.810855
vt 0.556289 0.820151
vt 0.555871 0.841819
vt 0.555181 0.853055
vt 0.554439 0.864396
vt 0.553783 0.875825
vt 0.553172 0.887242
vt 0.546857 0.898354
vt 0.552279 0.910026
vt 0.552202 0.921348
vt 0.552176 0.932333
vt 0.552262 0.943035
vt 0.552514 0.953584
vt 0.552951 0.964128
vt 0.550725 0.974494
vt 0.561925 0.803645
vt 0.563882 0.811270
vt 0.564331 0.831128
vt 0.556428 0.830686
vt 0.563382 0.842235
vt 0.562323 0.853446
vt 0.561232 0.864763
vt 0.560245 0.876174
vt 0.559300 0.887574
vt 0.558436 0.898946
vt 0.552648 0.898629
vt 0.557728 0.910331
vt 0.557295 0.921648
vt 0.556853 0.932620
vt 0.556480 0.943309
vt 0.556250 0.953847
vt 0.556204 0.964389
vt 0.553506 0.974689
vt 0.571637 0.803919
vt 0.573060 0.821075
vt 0.564675 0.820606
vt 0.572232 0.831589
vt 0.570893 0.842676
vt 0.569462 0.853866
vt 0.568022 0.865165
vt 0.566703 0.876563
vt 0.565424 0.887951
vt 0.564219 0.899311
vt 0.563171 0.910690
vt 0.562383 0.922007
vt 0.561524 0.932972
vt 0.560690 0.943651
vt 0.559978 0.954184
vt 0.559449 0.964729
vt 0.556280 0.974953
vt 0.581870 0.812137
vt 0.572877 0.811694
vt 0.581441 0.821573
vt 0.580128 0.832088
vt 0.578396 0.843165
vt 0.576593 0.854343
vt 0.574802 0.865633
vt 0.573150 0.877028
vt 0.571535 0.888412
vt 0.569988 0.899771
vt 0.568598 0.911153
vt 0.567452 0.922479
vt 0.566176 0.933447
vt 0.564879 0.944126
vt 0.563683 0.954663
vt 0.562671 0.965221
vt 0.559045 0.975302
vt 0.591052 0.804496
vt 0.581347 0.804204
vt 0.590857 0.812596
vt 0.589815 0.822095
vt 0.588015 0.832618
vt 0.585889 0.843692
vt 0.583713 0.854867
vt 0.581570 0.866156
vt 0.579582 0.877555
vt 0.577630 0.888945
vt 0.575739 0.900310
vt 0.574006 0.911703
vt 0.572500 0.923046
vt 0.569044 0.944712
vt 0.567362 0.955261
vt 0.565864 0.965839
vt 0.561785 0.975811
vt 0.600755 0.804795
vt 0.599839 0.813071
vt 0.598182 0.822639
vt 0.595894 0.833179
vt 0.593372 0.844258
vt 0.590820 0.855438
vt 0.588322 0.866734
vt 0.585998 0.878145
vt 0.583706 0.889548
vt 0.581468 0.900928
vt 0.579390 0.912339
vt 0.577522 0.923707
vt 0.570804 0.934025
vt 0.575404 0.934704
vt 0.573178 0.945408
vt 0.571010 0.955977
vt 0.569024 0.966584
vt 0.564496 0.976456
vt 0.610456 0.805102
vt 0.608817 0.813559
vt 0.606543 0.823205
vt 0.603765 0.833768
vt 0.600844 0.844860
vt 0.597915 0.856051
vt 0.595061 0.867361
vt 0.592397 0.878792
vt 0.589763 0.890215
vt 0.587176 0.901616
vt 0.584749 0.913053
vt 0.582517 0.924454
vt 0.579975 0.935477
vt 0.577282 0.946204
vt 0.574623 0.956800
vt 0.572148 0.967443
vt 0.567171 0.977234
vt 0.620151 0.805417
vt 0.617788 0.814063
vt 0.614895 0.823793
vt 0.611623 0.834388
vt 0.608302 0.845499
vt 0.604992 0.856710
vt 0.601779 0.868041
vt 0.598773 0.879499
vt 0.595794 0.890950
vt 0.592855 0.902380
vt 0.590076 0.913851
vt 0.587476 0.925292
vt 0.584508 0.936348
vt 0.581344 0.947106
vt 0.578193 0.957738
vt 0.575226 0.968423
vt 0.569808 0.978134
vt 0.629846 0.805741
vt 0.626753 0.814586
vt 0.623237 0.824411
vt 0.619468 0.835046
vt 0.615743 0.846187
vt 0.612048 0.857426
vt 0.608471 0.868789
vt 0.605118 0.880284
vt 0.601789 0.891773
vt 0.598493 0.903242
vt 0.595358 0.914756
vt 0.592386 0.926247
vt 0.588985 0.937347
vt 0.585346 0.948146
vt 0.581699 0.958823
vt 0.578236 0.969562
vt 0.572396 0.979163
vt 0.639538 0.806075
vt 0.635711 0.815129
vt 0.631567 0.825058
vt 0.627296 0.835744
vt 0.623161 0.846925
vt 0.619076 0.858204
vt 0.615130 0.869608
vt 0.611424 0.881150
vt 0.607740 0.892687
vt 0.604081 0.904205
vt 0.600584 0.915773
vt 0.597233 0.927325
vt 0.593395 0.938478
vt 0.589275 0.949329
vt 0.585127 0.960062
vt 0.581162 0.970864
vt 0.574913 0.980361
vt 0.649221 0.806420
vt 0.644654 0.815694
vt 0.639876 0.825737
vt 0.635097 0.836485
vt 0.630546 0.847716
vt 0.626065 0.859045
vt 0.621743 0.870502
vt 0.617677 0.882102
vt 0.613630 0.893697
vt 0.609602 0.905276
vt 0.605734 0.916909
vt 0.601996 0.928532
vt 0.597714 0.939750
vt 0.593108 0.950664
vt 0.588451 0.961464
vt 0.583978 0.972341
vt 0.577339 0.981732
vt 0.658897 0.806773
vt 0.653585 0.816272
vt 0.648169 0.826438
vt 0.642877 0.837255
vt 0.637905 0.848544
vt 0.633023 0.859930
vt 0.628320 0.871446
vt 0.623889 0.883112
vt 0.619473 0.894774
vt 0.615069 0.906420
vt 0.610825 0.918126
vt 0.606695 0.929827
vt 0.601962 0.941118
vt 0.596864 0.952103
vt 0.591695 0.962977
vt 0.586709 0.973936
vt 0.579650 0.983288
vt 0.668570 0.807131
vt 0.662509 0.816862
vt 0.656450 0.827156
vt 0.650642 0.838047
vt 0.645244 0.849399
vt 0.639956 0.860848
vt 0.634868 0.872430
vt 0.630067 0.884167
vt 0.625278 0.895901
vt 0.620493 0.907620
vt 0.615868 0.919404
vt 0.611340 0.931190
vt 0.606152 0.942560
vt 0.600557 0.953621
vt 0.594871 0.964576
vt 0.589368 0.975623
vt 0.581870 0.984971
vt 0.678240 0.807493
vt 0.671426 0.817461
vt 0.664721 0.827887
vt 0.658392 0.838857
vt 0.652565 0.850277
vt 0.646868 0.861793
vt 0.641389 0.873446
vt 0.636214 0.885258
vt 0.631047 0.897069
vt 0.625877 0.908867
vt 0.620866 0.920734
vt 0.615936 0.932610
vt 0.610288 0.944062
vt 0.604193 0.955205
vt 0.597986 0.966245
vt 0.591962 0.977386
vt 0.584014 0.986751
vt 0.687908 0.807860
vt 0.680338 0.818068
vt 0.672983 0.828629
vt 0.666131 0.839682
vt 0.659871 0.851174
vt 0.653760 0.862762
vt 0.647888 0.874488
vt 0.642336 0.886381
vt 0.636787 0.898272
vt 0.631227 0.910153
vt 0.625826 0.922106
vt 0.620489 0.934075
vt 0.614378 0.945615
vt 0.607778 0.956844
vt 0.601047 0.967973
vt 0.594498 0.979211
vt 0.586088 0.988612
vt 0.697575 0.808228
vt 0.689247 0.818679
vt 0.681241 0.829378
vt 0.673863 0.840515
vt 0.667168 0.852080
vt 0.660642 0.863742
vt 0.654375 0.875544
vt 0.648442 0.887518
vt 0.642510 0.899493
vt 0.636558 0.911457
vt 0.630764 0.923500
vt 0.625019 0.935564
vt 0.618443 0.947194
vt 0.611336 0.958511
vt 0.604079 0.969732
vt 0.597004 0.981068
vt 0.588102 0.990539
vt 0.374859 0.797918
vt 0.362492 0.784634
vt 0.372819 0.784634
vt 0.360608 0.771350
vt 0.370778 0.771350
vt 0.368737 0.758066
vt 0.358723 0.758066
vt 0.366696 0.744782
vt 0.356840 0.744783
vt 0.364655 0.731498
vt 0.354956 0.731498
vt 0.362614 0.718215
vt 0.353072 0.718215
vt 0.360584 0.704929
vt 0.351198 0.704929
vt 0.358555 0.691643
vt 0.349326 0.691643
vt 0.356526 0.678358
vt 0.347452 0.678358
vt 0.354496 0.665072
vt 0.345578 0.665072
vt 0.352466 0.651786
vt 0.343705 0.651787
vt 0.350438 0.638501
vt 0.341832 0.638501
vt 0.348419 0.625213
vt 0.339969 0.625213
vt 0.346402 0.611926
vt 0.338107 0.611926
vt 0.344384 0.598638
vt 0.336244 0.598638
vt 0.342366 0.585351
vt 0.334382 0.585351
vt 0.340348 0.572064
vt 0.332519 0.572064
vt 0.338331 0.558776
vt 0.330657 0.558776
vt 0.336324 0.545487
vt 0.328804 0.545487
vt 0.334317 0.532198
vt 0.326951 0.532198
vt 0.332309 0.518909
vt 0.325098 0.518909
vt 0.330302 0.505620
vt 0.323246 0.505620
vt 0.328295 0.492331
vt 0.319579 0.479308
vt 0.326288 0.479042
vt 0.326442 0.479315
vt 0.364375 0.797918
vt 0.352164 0.784634
vt 0.350438 0.771350
vt 0.348710 0.758067
vt 0.346984 0.744783
vt 0.345257 0.731499
vt 0.343530 0.718215
vt 0.341812 0.704929
vt 0.340096 0.691643
vt 0.338378 0.678358
vt 0.336661 0.665072
vt 0.334943 0.651787
vt 0.333227 0.638501
vt 0.331519 0.625213
vt 0.329812 0.611926
vt 0.328104 0.598639
vt 0.326397 0.585351
vt 0.324690 0.572064
vt 0.321284 0.545487
vt 0.319586 0.532198
vt 0.317887 0.518909
vt 0.316189 0.505620
vt 0.321393 0.492331
vt 0.312842 0.479256
vt 0.319540 0.479042
vt 0.353891 0.797918
vt 0.341837 0.784634
vt 0.340268 0.771351
vt 0.338697 0.758067
vt 0.337128 0.744783
vt 0.335558 0.731499
vt 0.333988 0.718215
vt 0.332426 0.704929
vt 0.330866 0.691644
vt 0.329304 0.678358
vt 0.327743 0.665072
vt 0.326182 0.651787
vt 0.324621 0.638501
vt 0.323069 0.625214
vt 0.321517 0.611926
vt 0.319965 0.598639
vt 0.318412 0.585351
vt 0.316860 0.572064
vt 0.322983 0.558776
vt 0.315309 0.558776
vt 0.313764 0.545487
vt 0.312221 0.532198
vt 0.310676 0.518909
vt 0.309132 0.505620
vt 0.314491 0.492331
vt 0.306088 0.479268
vt 0.312792 0.479042
vt 0.343407 0.797918
vt 0.331510 0.784635
vt 0.330097 0.771351
vt 0.328684 0.758067
vt 0.327271 0.744783
vt 0.325859 0.731499
vt 0.324446 0.718215
vt 0.323040 0.704929
vt 0.321636 0.691644
vt 0.320231 0.678358
vt 0.318826 0.665072
vt 0.317420 0.651787
vt 0.316016 0.638501
vt 0.314619 0.625214
vt 0.313222 0.611926
vt 0.311825 0.598639
vt 0.310428 0.585351
vt 0.309031 0.572064
vt 0.307635 0.558776
vt 0.306245 0.545487
vt 0.304855 0.532198
vt 0.303465 0.518909
vt 0.302076 0.505620
vt 0.307589 0.492331
vt 0.299338 0.479308
vt 0.306044 0.479042
vt 0.332923 0.797918
vt 0.321183 0.784635
vt 0.319927 0.771351
vt 0.318671 0.758067
vt 0.317415 0.744783
vt 0.316160 0.731499
vt 0.314904 0.718215
vt 0.313654 0.704930
vt 0.312406 0.691644
vt 0.311157 0.678358
vt 0.309908 0.665072
vt 0.308659 0.651787
vt 0.307410 0.638501
vt 0.306168 0.625214
vt 0.304927 0.611926
vt 0.303685 0.598639
vt 0.302443 0.585351
vt 0.301202 0.572064
vt 0.299960 0.558776
vt 0.298725 0.545487
vt 0.297490 0.532198
vt 0.296254 0.518909
vt 0.295019 0.505620
vt 0.300686 0.492331
vt 0.292592 0.479292
vt 0.299296 0.479042
vt 0.311954 0.797919
vt 0.322439 0.797918
vt 0.310856 0.784635
vt 0.309757 0.771351
vt 0.308658 0.758067
vt 0.307559 0.744783
vt 0.306461 0.731499
vt 0.305362 0.718215
vt 0.304268 0.704930
vt 0.303176 0.691644
vt 0.302083 0.678358
vt 0.300990 0.665073
vt 0.299897 0.651787
vt 0.298805 0.638501
vt 0.297718 0.625214
vt 0.296632 0.611926
vt 0.295545 0.598639
vt 0.294459 0.585351
vt 0.293372 0.572064
vt 0.292286 0.558776
vt 0.291205 0.545487
vt 0.290125 0.532198
vt 0.289043 0.518909
vt 0.287963 0.505620
vt 0.293784 0.492331
vt 0.285826 0.479318
vt 0.292549 0.479042
vt 0.301470 0.797919
vt 0.300529 0.784635
vt 0.299587 0.771351
vt 0.298645 0.758067
vt 0.297703 0.744783
vt 0.296762 0.731499
vt 0.295819 0.718215
vt 0.294882 0.704930
vt 0.293946 0.691644
vt 0.293009 0.678359
vt 0.292073 0.665073
vt 0.291136 0.651787
vt 0.290199 0.638502
vt 0.289268 0.625214
vt 0.288337 0.611927
vt 0.287405 0.598639
vt 0.286474 0.585352
vt 0.285543 0.572065
vt 0.284612 0.558777
vt 0.283686 0.545488
vt 0.282759 0.532199
vt 0.281832 0.518910
vt 0.280906 0.505621
vt 0.286882 0.492331
vt 0.279073 0.479263
vt 0.285801 0.479042
vt 0.290986 0.797919
vt 0.290201 0.784635
vt 0.289417 0.771351
vt 0.288632 0.758067
vt 0.287847 0.744783
vt 0.287063 0.731499
vt 0.286277 0.718216
vt 0.285496 0.704930
vt 0.284716 0.691644
vt 0.283936 0.678359
vt 0.283155 0.665073
vt 0.282374 0.651788
vt 0.281594 0.638502
vt 0.280818 0.625214
vt 0.280042 0.611927
vt 0.279266 0.598639
vt 0.278490 0.585352
vt 0.277714 0.572065
vt 0.276938 0.558777
vt 0.276166 0.545488
vt 0.275394 0.532199
vt 0.274621 0.518910
vt 0.273850 0.505621
vt 0.279980 0.492332
vt 0.272334 0.479303
vt 0.279053 0.479043
vt 0.280502 0.797919
vt 0.279247 0.771351
vt 0.278619 0.758067
vt 0.277991 0.744784
vt 0.277363 0.731500
vt 0.276735 0.718216
vt 0.276111 0.704930
vt 0.275487 0.691644
vt 0.274862 0.678359
vt 0.274237 0.665073
vt 0.273613 0.651788
vt 0.272988 0.638502
vt 0.272368 0.625214
vt 0.271747 0.611927
vt 0.271126 0.598639
vt 0.270505 0.585352
vt 0.269264 0.558777
vt 0.268646 0.545488
vt 0.268029 0.532199
vt 0.267410 0.518910
vt 0.266793 0.505621
vt 0.273078 0.492332
vt 0.265558 0.479294
vt 0.272305 0.479043
vt 0.270018 0.797919
vt 0.279874 0.784635
vt 0.269547 0.784635
vt 0.269077 0.771351
vt 0.268606 0.758068
vt 0.268135 0.744784
vt 0.267664 0.731500
vt 0.267193 0.718216
vt 0.266725 0.704930
vt 0.266257 0.691645
vt 0.265788 0.678359
vt 0.265320 0.665073
vt 0.264383 0.638502
vt 0.263917 0.625214
vt 0.263452 0.611927
vt 0.262986 0.598640
vt 0.262520 0.585352
vt 0.269884 0.572065
vt 0.262055 0.572065
vt 0.261126 0.545488
vt 0.260663 0.532199
vt 0.260200 0.518910
vt 0.259736 0.505621
vt 0.266175 0.492332
vt 0.258816 0.479289
vt 0.265558 0.479043
vt 0.259534 0.797919
vt 0.259220 0.784635
vt 0.258906 0.771351
vt 0.258592 0.758068
vt 0.258279 0.744784
vt 0.257965 0.731500
vt 0.257651 0.718216
vt 0.257339 0.704930
vt 0.257027 0.691645
vt 0.256714 0.678359
vt 0.256090 0.651788
vt 0.264851 0.651788
vt 0.255777 0.638502
vt 0.255467 0.625215
vt 0.255157 0.611927
vt 0.254846 0.598640
vt 0.254536 0.585352
vt 0.253915 0.558777
vt 0.261590 0.558777
vt 0.253298 0.532199
vt 0.252989 0.518910
vt 0.252680 0.505621
vt 0.259273 0.492332
vt 0.252066 0.479292
vt 0.258810 0.479043
vt 0.249050 0.797919
vt 0.248893 0.784635
vt 0.248736 0.771352
vt 0.248579 0.758068
vt 0.248423 0.744784
vt 0.248266 0.731500
vt 0.248109 0.718216
vt 0.247953 0.704930
vt 0.247797 0.691645
vt 0.247484 0.665073
vt 0.256402 0.665073
vt 0.247328 0.651788
vt 0.247172 0.638502
vt 0.247017 0.625215
vt 0.246862 0.611927
vt 0.246706 0.598640
vt 0.246396 0.572065
vt 0.254225 0.572065
vt 0.246241 0.558777
vt 0.253607 0.545488
vt 0.246087 0.545488
vt 0.245933 0.532199
vt 0.245778 0.518910
vt 0.245623 0.505621
vt 0.252371 0.492332
vt 0.245311 0.479295
vt 0.252062 0.479043
vt 0.238566 0.797920
vt 0.238566 0.784636
vt 0.238566 0.771352
vt 0.238566 0.758068
vt 0.238567 0.731500
vt 0.238567 0.718216
vt 0.238567 0.704931
vt 0.238567 0.691645
vt 0.238567 0.678359
vt 0.247641 0.678359
vt 0.238567 0.665074
vt 0.238567 0.651788
vt 0.238566 0.638502
vt 0.238567 0.625215
vt 0.238567 0.611927
vt 0.238567 0.598640
vt 0.246551 0.585352
vt 0.238567 0.572065
vt 0.238567 0.558777
vt 0.238567 0.545488
vt 0.238567 0.532199
vt 0.238567 0.518910
vt 0.238567 0.505621
vt 0.245469 0.492332
vt 0.238567 0.479043
vt 0.245314 0.479043
vt 0.228081 0.797920
vt 0.228238 0.784636
vt 0.228396 0.771352
vt 0.228553 0.758068
vt 0.238567 0.744784
vt 0.228868 0.731500
vt 0.229025 0.718216
vt 0.229181 0.704931
vt 0.229337 0.691645
vt 0.229493 0.678359
vt 0.229649 0.665074
vt 0.229805 0.651788
vt 0.229961 0.638502
vt 0.230116 0.625215
vt 0.230272 0.611927
vt 0.230427 0.598640
vt 0.238567 0.585352
vt 0.230737 0.572065
vt 0.230893 0.558777
vt 0.231047 0.545488
vt 0.231202 0.532199
vt 0.231510 0.505621
vt 0.238567 0.492332
vt 0.238559 0.479292
vt 0.231819 0.479043
vt 0.217597 0.797920
vt 0.217911 0.784636
vt 0.218226 0.771352
vt 0.218540 0.758068
vt 0.228711 0.744784
vt 0.219169 0.731500
vt 0.219482 0.718216
vt 0.219795 0.704931
vt 0.220107 0.691645
vt 0.220419 0.678359
vt 0.220731 0.665074
vt 0.221044 0.651788
vt 0.221355 0.638502
vt 0.221666 0.625215
vt 0.221977 0.611927
vt 0.222598 0.585352
vt 0.230582 0.585352
vt 0.222908 0.572065
vt 0.223219 0.558777
vt 0.223528 0.545488
vt 0.223836 0.532199
vt 0.224145 0.518910
vt 0.231356 0.518910
vt 0.224453 0.505621
vt 0.224762 0.492332
vt 0.231664 0.492332
vt 0.231814 0.479292
vt 0.225071 0.479043
vt 0.207113 0.797920
vt 0.207584 0.784636
vt 0.208056 0.771352
vt 0.208527 0.758068
vt 0.218854 0.744784
vt 0.209470 0.731500
vt 0.209940 0.718216
vt 0.210409 0.704931
vt 0.210877 0.691645
vt 0.211346 0.678359
vt 0.211814 0.665074
vt 0.212282 0.651788
vt 0.212750 0.638502
vt 0.213216 0.625215
vt 0.213682 0.611927
vt 0.222287 0.598640
vt 0.214613 0.585352
vt 0.215079 0.572065
vt 0.215545 0.558777
vt 0.216008 0.545488
vt 0.216471 0.532199
vt 0.216934 0.518910
vt 0.217397 0.505621
vt 0.217860 0.492332
vt 0.225064 0.479291
vt 0.218323 0.479043
vt 0.196629 0.797920
vt 0.197257 0.784636
vt 0.197885 0.771352
vt 0.199142 0.744785
vt 0.208998 0.744784
vt 0.199771 0.731501
vt 0.200398 0.718217
vt 0.201023 0.704931
vt 0.201648 0.691646
vt 0.202272 0.678360
vt 0.202896 0.665074
vt 0.203521 0.651789
vt 0.204144 0.638503
vt 0.204766 0.625215
vt 0.205387 0.611928
vt 0.214147 0.598640
vt 0.206628 0.585353
vt 0.207249 0.572066
vt 0.207871 0.558778
vt 0.208488 0.545489
vt 0.209106 0.532200
vt 0.209723 0.518911
vt 0.210340 0.505622
vt 0.210958 0.492333
vt 0.218312 0.479291
vt 0.211576 0.479044
vt 0.186145 0.797920
vt 0.186930 0.784636
vt 0.187715 0.771352
vt 0.198514 0.758069
vt 0.189286 0.744785
vt 0.190072 0.731501
vt 0.190856 0.718217
vt 0.191637 0.704931
vt 0.192418 0.691646
vt 0.193198 0.678360
vt 0.193978 0.665074
vt 0.194759 0.651789
vt 0.195539 0.638503
vt 0.196316 0.625215
vt 0.197868 0.598641
vt 0.206007 0.598641
vt 0.198644 0.585353
vt 0.199420 0.572066
vt 0.200196 0.558778
vt 0.200968 0.545489
vt 0.201740 0.532200
vt 0.202512 0.518911
vt 0.203284 0.505622
vt 0.204056 0.492333
vt 0.211562 0.479297
vt 0.204828 0.479044
vt 0.175661 0.797920
vt 0.176603 0.784636
vt 0.178488 0.758069
vt 0.188501 0.758069
vt 0.179430 0.744785
vt 0.180372 0.731501
vt 0.181314 0.718217
vt 0.182251 0.704931
vt 0.183188 0.691646
vt 0.184124 0.678360
vt 0.185061 0.665074
vt 0.185998 0.651789
vt 0.186933 0.638503
vt 0.187865 0.625216
vt 0.188797 0.611928
vt 0.197092 0.611928
vt 0.189728 0.598641
vt 0.190659 0.585353
vt 0.191590 0.572066
vt 0.192522 0.558778
vt 0.193449 0.545489
vt 0.195301 0.518911
vt 0.196227 0.505622
vt 0.197153 0.492333
vt 0.204817 0.479293
vt 0.198080 0.479044
vt 0.165177 0.797920
vt 0.166275 0.784636
vt 0.177545 0.771352
vt 0.168474 0.758069
vt 0.169574 0.744785
vt 0.170673 0.731501
vt 0.171772 0.718217
vt 0.172865 0.704931
vt 0.173958 0.691646
vt 0.175050 0.678360
vt 0.176143 0.665074
vt 0.177236 0.651789
vt 0.178328 0.638503
vt 0.179415 0.625216
vt 0.180502 0.611928
vt 0.181588 0.598641
vt 0.182675 0.585353
vt 0.183761 0.572066
vt 0.184848 0.558778
vt 0.185929 0.545489
vt 0.187010 0.532200
vt 0.194375 0.532200
vt 0.188090 0.518911
vt 0.189171 0.505622
vt 0.190251 0.492333
vt 0.198061 0.479295
vt 0.191332 0.479044
vt 0.154692 0.797920
vt 0.155948 0.784637
vt 0.167375 0.771353
vt 0.158461 0.758069
vt 0.159718 0.744785
vt 0.160974 0.731501
vt 0.162230 0.718217
vt 0.163479 0.704932
vt 0.164728 0.691646
vt 0.165977 0.678360
vt 0.167225 0.665075
vt 0.168475 0.651789
vt 0.169723 0.638503
vt 0.170965 0.625216
vt 0.172207 0.611928
vt 0.173448 0.598641
vt 0.174690 0.585353
vt 0.175932 0.572066
vt 0.177174 0.558778
vt 0.178409 0.545489
vt 0.179644 0.532200
vt 0.182114 0.505622
vt 0.183349 0.492333
vt 0.191307 0.479287
vt 0.184585 0.479044
vt 0.144208 0.797921
vt 0.147035 0.771353
vt 0.157205 0.771353
vt 0.148448 0.758069
vt 0.149862 0.744785
vt 0.151275 0.731501
vt 0.152687 0.718217
vt 0.154093 0.704932
vt 0.155498 0.691646
vt 0.156903 0.678360
vt 0.158308 0.665075
vt 0.159713 0.651789
vt 0.161117 0.638503
vt 0.162515 0.625216
vt 0.163912 0.611928
vt 0.165309 0.598641
vt 0.166705 0.585353
vt 0.168102 0.572066
vt 0.169500 0.558779
vt 0.172279 0.532200
vt 0.173668 0.518911
vt 0.180879 0.518911
vt 0.175057 0.505622
vt 0.176447 0.492333
vt 0.184570 0.479306
vt 0.177837 0.479044
vt 0.135294 0.784637
vt 0.145621 0.784637
vt 0.136865 0.771353
vt 0.138435 0.758069
vt 0.140006 0.744785
vt 0.141576 0.731501
vt 0.143145 0.718217
vt 0.144707 0.704932
vt 0.146268 0.691646
vt 0.147829 0.678360
vt 0.149390 0.665075
vt 0.150951 0.651789
vt 0.152512 0.638503
vt 0.154064 0.625216
vt 0.155617 0.611928
vt 0.157169 0.598641
vt 0.158721 0.585353
vt 0.160273 0.572066
vt 0.161826 0.558779
vt 0.163370 0.545489
vt 0.170890 0.545489
vt 0.166457 0.518911
vt 0.168001 0.505622
vt 0.169545 0.492333
vt 0.177794 0.479283
vt 0.171089 0.479044
vt 0.133724 0.797921
vt 0.124967 0.784637
vt 0.126694 0.771353
vt 0.128422 0.758069
vt 0.130150 0.744785
vt 0.131877 0.731501
vt 0.133603 0.718217
vt 0.135321 0.704932
vt 0.137039 0.691646
vt 0.138755 0.678360
vt 0.140473 0.665075
vt 0.142190 0.651789
vt 0.143906 0.638503
vt 0.145614 0.625216
vt 0.147322 0.611928
vt 0.149029 0.598641
vt 0.150736 0.585353
vt 0.152444 0.572066
vt 0.154151 0.558779
vt 0.155850 0.545490
vt 0.157548 0.532200
vt 0.164914 0.532200
vt 0.159246 0.518911
vt 0.160944 0.505622
vt 0.162642 0.492333
vt 0.171057 0.479303
vt 0.164341 0.479044
vt 0.123240 0.797921
vt 0.114640 0.784637
vt 0.116524 0.771353
vt 0.118409 0.758069
vt 0.120294 0.744785
vt 0.122178 0.731502
vt 0.124061 0.718218
vt 0.125935 0.704932
vt 0.127809 0.691646
vt 0.129682 0.678361
vt 0.131555 0.665075
vt 0.133428 0.651789
vt 0.135301 0.638503
vt 0.137164 0.625216
vt 0.139027 0.611928
vt 0.140889 0.598641
vt 0.142752 0.585353
vt 0.144614 0.572066
vt 0.146477 0.558779
vt 0.148330 0.545490
vt 0.150183 0.532200
vt 0.152035 0.518911
vt 0.153888 0.505622
vt 0.155740 0.492333
vt 0.164296 0.479281
vt 0.157594 0.479044
vt 0.112756 0.797921
vt 0.104312 0.784637
vt 0.106354 0.771353
vt 0.108396 0.758069
vt 0.110437 0.744786
vt 0.112479 0.731502
vt 0.114519 0.718218
vt 0.116549 0.704932
vt 0.118579 0.691646
vt 0.120608 0.678361
vt 0.122637 0.665075
vt 0.124667 0.651789
vt 0.126695 0.638503
vt 0.128714 0.625216
vt 0.130732 0.611928
vt 0.132749 0.598641
vt 0.134767 0.585353
vt 0.136785 0.572066
vt 0.138803 0.558779
vt 0.140811 0.545490
vt 0.142818 0.532200
vt 0.144824 0.518911
vt 0.146831 0.505622
vt 0.148838 0.492333
vt 0.157556 0.479252
vt 0.150846 0.479044
vt 0.362961 0.800665
vt 0.352420 0.806811
vt 0.353251 0.800889
vt 0.344309 0.815923
vt 0.343427 0.807134
vt 0.338852 0.826864
vt 0.335928 0.816240
vt 0.335113 0.838529
vt 0.330956 0.827122
vt 0.331731 0.850306
vt 0.327610 0.838716
vt 0.328639 0.862162
vt 0.324600 0.850421
vt 0.325652 0.874044
vt 0.321859 0.862208
vt 0.322594 0.885909
vt 0.319205 0.874027
vt 0.319376 0.897731
vt 0.316483 0.885828
vt 0.316014 0.909513
vt 0.313608 0.897589
vt 0.312180 0.921150
vt 0.310587 0.909314
vt 0.307634 0.932524
vt 0.307111 0.920899
vt 0.302487 0.943642
vt 0.302983 0.932216
vt 0.296932 0.954563
vt 0.298298 0.943274
vt 0.291193 0.965388
vt 0.293228 0.954138
vt 0.285367 0.976167
vt 0.287972 0.964916
vt 0.343541 0.801117
vt 0.334434 0.807465
vt 0.327546 0.816569
vt 0.323058 0.827396
vt 0.320104 0.838923
vt 0.317466 0.850561
vt 0.315075 0.862283
vt 0.312754 0.874042
vt 0.310366 0.885784
vt 0.307833 0.897487
vt 0.305153 0.909159
vt 0.302034 0.920697
vt 0.298323 0.931960
vt 0.294100 0.942962
vt 0.289513 0.953775
vt 0.282628 0.975652
vt 0.284741 0.964508
vt 0.333833 0.801351
vt 0.325441 0.807808
vt 0.319163 0.816917
vt 0.315160 0.827695
vt 0.312596 0.839162
vt 0.310329 0.850738
vt 0.308287 0.862401
vt 0.306297 0.874107
vt 0.304244 0.885796
vt 0.302051 0.897448
vt 0.296948 0.920570
vt 0.299710 0.909072
vt 0.293653 0.931786
vt 0.289890 0.942737
vt 0.285785 0.953504
vt 0.279877 0.975207
vt 0.281496 0.964200
vt 0.324122 0.801591
vt 0.316446 0.808163
vt 0.310778 0.817283
vt 0.307257 0.828017
vt 0.305084 0.839429
vt 0.303187 0.850950
vt 0.301493 0.862559
vt 0.299835 0.874218
vt 0.298115 0.885861
vt 0.296262 0.897466
vt 0.291853 0.920512
vt 0.294261 0.909049
vt 0.288974 0.931685
vt 0.285671 0.942593
vt 0.282048 0.953320
vt 0.277111 0.974867
vt 0.278240 0.963984
vt 0.314410 0.801835
vt 0.307449 0.808526
vt 0.302390 0.817660
vt 0.299353 0.828355
vt 0.297570 0.839717
vt 0.296042 0.851186
vt 0.294697 0.862747
vt 0.293369 0.874362
vt 0.291982 0.885961
vt 0.290469 0.897525
vt 0.286754 0.920503
vt 0.288807 0.909070
vt 0.284290 0.931639
vt 0.281447 0.942506
vt 0.278306 0.953197
vt 0.274335 0.974624
vt 0.274980 0.963833
vt 0.304698 0.802082
vt 0.298452 0.808894
vt 0.294002 0.818046
vt 0.291448 0.828704
vt 0.290055 0.840018
vt 0.288897 0.851438
vt 0.287900 0.862952
vt 0.286902 0.874526
vt 0.285849 0.886086
vt 0.283351 0.909121
vt 0.284675 0.897610
vt 0.281654 0.920525
vt 0.279605 0.931625
vt 0.277221 0.942456
vt 0.274561 0.953112
vt 0.271553 0.974451
vt 0.271717 0.963723
vt 0.294985 0.802332
vt 0.289454 0.809270
vt 0.285614 0.818442
vt 0.283542 0.829068
vt 0.282540 0.840337
vt 0.281751 0.851712
vt 0.281101 0.863183
vt 0.280435 0.874720
vt 0.279714 0.886242
vt 0.277894 0.909211
vt 0.278880 0.897731
vt 0.276552 0.920590
vt 0.274918 0.931659
vt 0.272993 0.942456
vt 0.270815 0.953083
vt 0.268769 0.974322
vt 0.268452 0.963672
vt 0.285273 0.802588
vt 0.280456 0.809656
vt 0.277225 0.818853
vt 0.275637 0.829451
vt 0.275024 0.840680
vt 0.274605 0.852016
vt 0.274303 0.863449
vt 0.273967 0.874953
vt 0.273579 0.886444
vt 0.272437 0.909356
vt 0.273084 0.897902
vt 0.271449 0.920715
vt 0.270230 0.931758
vt 0.268765 0.942525
vt 0.267068 0.953127
vt 0.265983 0.974255
vt 0.265187 0.963700
vt 0.275561 0.802847
vt 0.271459 0.810049
vt 0.268838 0.819276
vt 0.267732 0.829850
vt 0.267509 0.841044
vt 0.267459 0.852343
vt 0.267506 0.863742
vt 0.267500 0.875218
vt 0.267445 0.886681
vt 0.266981 0.909544
vt 0.267289 0.898112
vt 0.266347 0.920888
vt 0.265544 0.931908
vt 0.264538 0.942650
vt 0.263322 0.953231
vt 0.263196 0.974272
vt 0.261922 0.963791
vt 0.265849 0.803109
vt 0.262462 0.810449
vt 0.260450 0.819709
vt 0.259827 0.830262
vt 0.259995 0.841423
vt 0.260314 0.852689
vt 0.260709 0.864058
vt 0.261034 0.875508
vt 0.261312 0.886946
vt 0.261526 0.909767
vt 0.261496 0.898354
vt 0.261247 0.921098
vt 0.260859 0.932099
vt 0.260313 0.942820
vt 0.259578 0.953383
vt 0.260410 0.974356
vt 0.258660 0.963933
vt 0.256138 0.803375
vt 0.253466 0.810855
vt 0.252063 0.820151
vt 0.252481 0.841819
vt 0.251923 0.830687
vt 0.253171 0.853055
vt 0.253913 0.864396
vt 0.254569 0.875825
vt 0.255180 0.887242
vt 0.255704 0.898629
vt 0.256073 0.910026
vt 0.256150 0.921348
vt 0.256176 0.932333
vt 0.256090 0.943035
vt 0.255838 0.953584
vt 0.257626 0.974494
vt 0.255401 0.964128
vt 0.246427 0.803645
vt 0.244470 0.811270
vt 0.244021 0.831128
vt 0.243678 0.820606
vt 0.244970 0.842236
vt 0.246029 0.853446
vt 0.247120 0.864764
vt 0.248107 0.876174
vt 0.249052 0.887574
vt 0.249916 0.898946
vt 0.250624 0.910331
vt 0.251056 0.921648
vt 0.251499 0.932620
vt 0.251873 0.943308
vt 0.252102 0.953847
vt 0.254846 0.974689
vt 0.252148 0.964389
vt 0.236715 0.803920
vt 0.235292 0.821076
vt 0.235475 0.811694
vt 0.236120 0.831589
vt 0.237460 0.842677
vt 0.238890 0.853866
vt 0.240330 0.865166
vt 0.241649 0.876563
vt 0.242928 0.887951
vt 0.244133 0.899311
vt 0.245181 0.910690
vt 0.245969 0.922007
vt 0.246828 0.932972
vt 0.247662 0.943651
vt 0.248374 0.954184
vt 0.252072 0.974953
vt 0.248903 0.964729
vt 0.226482 0.812138
vt 0.227005 0.804204
vt 0.226911 0.821574
vt 0.228224 0.832088
vt 0.229956 0.843165
vt 0.231759 0.854343
vt 0.233550 0.865633
vt 0.235202 0.877028
vt 0.236817 0.888412
vt 0.238364 0.899771
vt 0.239754 0.911153
vt 0.240900 0.922479
vt 0.242176 0.933447
vt 0.243473 0.944126
vt 0.244669 0.954663
vt 0.249307 0.975302
vt 0.245681 0.965221
vt 0.217300 0.804496
vt 0.217495 0.812597
vt 0.218537 0.822095
vt 0.220337 0.832618
vt 0.222463 0.843692
vt 0.224639 0.854867
vt 0.226782 0.866156
vt 0.228770 0.877555
vt 0.230722 0.888945
vt 0.232613 0.900310
vt 0.234346 0.911703
vt 0.235852 0.923046
vt 0.239308 0.944712
vt 0.237548 0.934025
vt 0.240990 0.955261
vt 0.246567 0.975811
vt 0.242488 0.965839
vt 0.207597 0.804796
vt 0.208513 0.813071
vt 0.210170 0.822639
vt 0.212458 0.833179
vt 0.214981 0.844259
vt 0.217532 0.855438
vt 0.220030 0.866734
vt 0.222354 0.878146
vt 0.224646 0.889548
vt 0.226884 0.900928
vt 0.228963 0.912339
vt 0.230830 0.923708
vt 0.232948 0.934705
vt 0.235174 0.945408
vt 0.237343 0.955978
vt 0.243856 0.976456
vt 0.239328 0.966584
vt 0.197896 0.805103
vt 0.199535 0.813560
vt 0.201809 0.823205
vt 0.204587 0.833768
vt 0.207508 0.844860
vt 0.210437 0.856052
vt 0.213291 0.867361
vt 0.215955 0.878792
vt 0.218589 0.890215
vt 0.221176 0.901616
vt 0.223603 0.913053
vt 0.225835 0.924454
vt 0.231071 0.946204
vt 0.228377 0.935477
vt 0.233729 0.956801
vt 0.241181 0.977234
vt 0.236204 0.967443
vt 0.188201 0.805417
vt 0.190565 0.814063
vt 0.193458 0.823793
vt 0.196729 0.834388
vt 0.200050 0.845499
vt 0.203360 0.856710
vt 0.206573 0.868041
vt 0.209579 0.879499
vt 0.212559 0.890950
vt 0.215498 0.902380
vt 0.218276 0.913851
vt 0.220875 0.925292
vt 0.227009 0.947106
vt 0.223844 0.936348
vt 0.230159 0.957738
vt 0.238544 0.978134
vt 0.233126 0.968423
vt 0.178506 0.805741
vt 0.181599 0.814586
vt 0.185115 0.824411
vt 0.188884 0.835046
vt 0.192609 0.846187
vt 0.196304 0.857427
vt 0.199881 0.868790
vt 0.203234 0.880285
vt 0.206563 0.891773
vt 0.209859 0.903242
vt 0.212994 0.914757
vt 0.215966 0.926248
vt 0.223006 0.948147
vt 0.219367 0.937347
vt 0.226653 0.958824
vt 0.235956 0.979164
vt 0.230116 0.969562
vt 0.168814 0.806076
vt 0.172641 0.815130
vt 0.176785 0.825058
vt 0.181056 0.835745
vt 0.185191 0.846926
vt 0.189276 0.858204
vt 0.193222 0.869609
vt 0.196928 0.881151
vt 0.200613 0.892687
vt 0.204271 0.904206
vt 0.207768 0.915774
vt 0.211119 0.927326
vt 0.219077 0.949330
vt 0.214958 0.938479
vt 0.223226 0.960063
vt 0.233440 0.980361
vt 0.227191 0.970865
vt 0.159131 0.806421
vt 0.163698 0.815694
vt 0.168476 0.825738
vt 0.173255 0.836485
vt 0.177806 0.847717
vt 0.182287 0.859045
vt 0.186609 0.870502
vt 0.190675 0.882102
vt 0.194722 0.893698
vt 0.198751 0.905276
vt 0.202618 0.916909
vt 0.206355 0.928532
vt 0.215245 0.950664
vt 0.210638 0.939750
vt 0.219901 0.961464
vt 0.231013 0.981733
vt 0.224374 0.972341
vt 0.149455 0.806773
vt 0.154767 0.816273
vt 0.160184 0.826438
vt 0.165475 0.837255
vt 0.170447 0.848544
vt 0.175330 0.859930
vt 0.180032 0.871447
vt 0.184463 0.883112
vt 0.188879 0.894774
vt 0.193283 0.906420
vt 0.197527 0.918126
vt 0.201657 0.929828
vt 0.206390 0.941118
vt 0.211488 0.952103
vt 0.216657 0.962977
vt 0.228702 0.983288
vt 0.221643 0.973937
vt 0.139782 0.807131
vt 0.145843 0.816863
vt 0.151902 0.827156
vt 0.157710 0.838047
vt 0.163108 0.849399
vt 0.168396 0.860848
vt 0.173484 0.872430
vt 0.178285 0.884167
vt 0.183074 0.895901
vt 0.187860 0.907620
vt 0.192484 0.919404
vt 0.202200 0.942560
vt 0.197012 0.931191
vt 0.207795 0.953621
vt 0.213481 0.964576
vt 0.226481 0.984971
vt 0.218984 0.975623
vt 0.130112 0.807494
vt 0.136926 0.817462
vt 0.143631 0.827887
vt 0.149959 0.838857
vt 0.155787 0.850277
vt 0.161485 0.861794
vt 0.166963 0.873446
vt 0.172137 0.885259
vt 0.177305 0.897069
vt 0.182476 0.908867
vt 0.187486 0.920734
vt 0.198063 0.944062
vt 0.192416 0.932610
vt 0.204159 0.955205
vt 0.210366 0.966245
vt 0.224338 0.986751
vt 0.216390 0.977386
vt 0.120444 0.807860
vt 0.128014 0.818069
vt 0.135369 0.828629
vt 0.142221 0.839682
vt 0.148481 0.851174
vt 0.154592 0.862762
vt 0.160463 0.874488
vt 0.166016 0.886381
vt 0.171565 0.898272
vt 0.177126 0.910153
vt 0.182526 0.922106
vt 0.187863 0.934076
vt 0.193974 0.945615
vt 0.200574 0.956844
vt 0.207305 0.967974
vt 0.222263 0.988612
vt 0.213854 0.979211
vt 0.110777 0.808229
vt 0.102272 0.797921
vt 0.119105 0.818679
vt 0.127112 0.829378
vt 0.134489 0.840515
vt 0.141184 0.852081
vt 0.147710 0.863742
vt 0.153977 0.875545
vt 0.159910 0.887519
vt 0.165843 0.899493
vt 0.171795 0.911457
vt 0.177588 0.923500
vt 0.183333 0.935565
vt 0.189909 0.947194
vt 0.197016 0.958510
vt 0.204273 0.969732
vt 0.220250 0.990539
vt 0.211348 0.981068
vt 0.252218 0.466652
vt 0.797489 0.479663
vt 0.812305 0.490514
vt 0.795155 0.487103
vt 0.960267 0.441050
vt 0.948515 0.453931
vt 0.945293 0.451722
vt 0.800525 0.472407
vt 0.814167 0.484668
vt 0.963837 0.443972
vt 0.951564 0.456297
vt 0.804454 0.465535
vt 0.816562 0.478988
vt 0.967211 0.447119
vt 0.954467 0.458832
vt 0.809138 0.459164
vt 0.819711 0.473704
vt 0.970433 0.450428
vt 0.957035 0.461686
vt 0.814356 0.453233
vt 0.823444 0.468875
vt 0.973417 0.453925
vt 0.959432 0.464710
vt 0.820023 0.447747
vt 0.827552 0.464425
vt 0.976184 0.457588
vt 0.961660 0.467891
vt 0.836895 0.456016
vt 0.831976 0.460350
vt 0.978744 0.461408
vt 0.963647 0.471230
vt 0.826421 0.442265
vt 0.842141 0.452087
vt 0.981012 0.465363
vt 0.965416 0.474680
vt 0.833170 0.437331
vt 0.847735 0.448623
vt 0.983013 0.469433
vt 0.966988 0.478215
vt 0.840301 0.433037
vt 0.853728 0.445891
vt 0.984748 0.473642
vt 0.968368 0.481853
vt 0.847870 0.429677
vt 0.859927 0.443853
vt 0.986185 0.478012
vt 0.969531 0.485532
vt 0.855694 0.427152
vt 0.866181 0.442171
vt 0.987473 0.482389
vt 0.970387 0.489290
vt 0.863682 0.425183
vt 0.872444 0.440850
vt 0.988445 0.486842
vt 0.971026 0.493085
vt 0.871747 0.423747
vt 0.878693 0.439933
vt 0.989071 0.491396
vt 0.971395 0.496932
vt 0.879911 0.423039
vt 0.885001 0.439351
vt 0.989451 0.495998
vt 0.971546 0.500844
vt 0.888147 0.422534
vt 0.891429 0.439097
vt 0.989653 0.500652
vt 0.971589 0.504787
vt 0.989644 0.510053
vt 0.971393 0.513732
vt 0.971568 0.508747
vt 0.896454 0.422534
vt 0.898042 0.439213
vt 0.989708 0.505340
vt 0.989332 0.515863
vt 0.970729 0.518651
vt 0.904788 0.423025
vt 0.904850 0.439804
vt 0.870854 0.622806
vt 0.874483 0.604269
vt 0.875769 0.622704
vt 0.988522 0.521668
vt 0.969757 0.523463
vt 0.913115 0.423956
vt 0.911842 0.440727
vt 0.865962 0.622718
vt 0.870439 0.604224
vt 0.987369 0.527421
vt 0.968308 0.528177
vt 0.861109 0.622432
vt 0.866396 0.604068
vt 0.985715 0.533152
vt 0.966583 0.532870
vt 0.856335 0.621933
vt 0.862373 0.603795
vt 0.983758 0.538873
vt 0.964620 0.537503
vt 0.851537 0.621231
vt 0.858413 0.603380
vt 0.981521 0.544556
vt 0.962351 0.542065
vt 0.846843 0.620199
vt 0.854456 0.602749
vt 0.978947 0.550159
vt 0.959787 0.546559
vt 0.842247 0.618841
vt 0.850575 0.601857
vt 0.976018 0.555660
vt 0.956922 0.550954
vt 0.837707 0.617218
vt 0.846789 0.600677
vt 0.972727 0.561028
vt 0.953763 0.555227
vt 0.833316 0.615284
vt 0.843082 0.599224
vt 0.969096 0.566230
vt 0.950370 0.559403
vt 0.829103 0.613038
vt 0.839509 0.597491
vt 0.965187 0.571276
vt 0.946813 0.563496
vt 0.825083 0.610477
vt 0.836067 0.595523
vt 0.961038 0.576160
vt 0.943132 0.567464
vt 0.821178 0.607647
vt 0.832793 0.593294
vt 0.956687 0.580840
vt 0.939255 0.571304
vt 0.817527 0.604535
vt 0.829667 0.590792
vt 0.952100 0.585332
vt 0.934870 0.575227
vt 0.814086 0.601180
vt 0.826712 0.588083
vt 0.947040 0.589887
vt 0.930362 0.579017
vt 0.810848 0.597612
vt 0.823930 0.585198
vt 0.941810 0.594224
vt 0.925686 0.582613
vt 0.807863 0.593830
vt 0.821463 0.582000
vt 0.930837 0.602122
vt 0.936393 0.598312
vt 0.805131 0.589886
vt 0.819199 0.578621
vt 0.916068 0.589247
vt 0.920908 0.585986
vt 0.802694 0.585763
vt 0.817134 0.575094
vt 0.919319 0.609107
vt 0.925144 0.605774
vt 0.800693 0.581388
vt 0.815297 0.571440
vt 0.913347 0.612076
vt 0.911126 0.592214
vt 0.798814 0.576958
vt 0.813813 0.567622
vt 0.907272 0.614779
vt 0.906084 0.594856
vt 0.797129 0.572448
vt 0.812460 0.563760
vt 0.901112 0.617123
vt 0.900981 0.597266
vt 0.795651 0.567855
vt 0.811281 0.559849
vt 0.894852 0.619162
vt 0.895816 0.599355
vt 0.794369 0.563212
vt 0.810255 0.555920
vt 0.885615 0.602748
vt 0.890578 0.601189
vt 0.793321 0.558530
vt 0.809412 0.551999
vt 0.882181 0.622088
vt 0.888854 0.620895
vt 0.792474 0.553807
vt 0.808800 0.548076
vt 0.879948 0.603784
vt 0.791816 0.549037
vt 0.808366 0.544164
vt 0.921417 0.425203
vt 0.915643 0.441280
vt 0.791040 0.541152
vt 0.807992 0.540308
vt 0.926089 0.426150
vt 0.919483 0.441954
vt 0.790620 0.533312
vt 0.807472 0.533644
vt 0.930698 0.427293
vt 0.923326 0.442793
vt 0.790512 0.525475
vt 0.807336 0.527146
vt 0.935237 0.428634
vt 0.927133 0.443829
vt 0.790719 0.517698
vt 0.807531 0.520774
vt 0.939675 0.430176
vt 0.930910 0.445037
vt 0.791124 0.509978
vt 0.807960 0.514544
vt 0.944022 0.431918
vt 0.934649 0.446400
vt 0.791887 0.502312
vt 0.808490 0.508383
vt 0.948279 0.433854
vt 0.938329 0.447934
vt 0.793304 0.494713
vt 0.809302 0.502331
vt 0.952447 0.435997
vt 0.941908 0.449688
vt 0.810676 0.496437
vt 0.956482 0.438363
vt 0.889639 0.520450
vt 0.620456 0.007500
vt 0.208090 0.007500
vt 0.222176 0.007500
vt 0.634315 0.007500
vt 0.236262 0.007500
vt 0.648175 0.007500
vt 0.250347 0.007500
vt 0.662034 0.007500
vt 0.264433 0.007500
vt 0.675893 0.007500
vt 0.500264 0.007500
vt 0.278519 0.007500
vt 0.689752 0.007500
vt 0.292604 0.007500
vt 0.703611 0.007500
vt 0.306690 0.007500
vt 0.717470 0.007500
vt 0.320776 0.007500
vt 0.731329 0.007500
vt 0.334862 0.007500
vt 0.745188 0.007500
vt 0.348947 0.007500
vt 0.759047 0.007500
vt 0.363033 0.007500
vt 0.772906 0.007500
vt 0.377119 0.007500
vt 0.786766 0.007500
vt 0.800625 0.007500
vt 0.007500 0.007500
vt 0.961934 0.263195
vt 0.950763 0.263537
vt 0.956212 0.256188
vt 0.966511 0.271006
vt 0.955306 0.269566
vt 0.849254 0.357919
vt 0.861251 0.360324
vt 0.853432 0.365843
vt 0.970268 0.279205
vt 0.958951 0.276428
vt 0.846247 0.349365
vt 0.857776 0.353560
vt 0.973306 0.287665
vt 0.962096 0.283703
vt 0.844450 0.340433
vt 0.855363 0.346274
vt 0.975555 0.296397
vt 0.964733 0.291211
vt 0.843566 0.331429
vt 0.854010 0.338544
vt 0.843132 0.322545
vt 0.852791 0.314195
vt 0.852995 0.322190
vt 0.976959 0.305306
vt 0.966647 0.298932
vt 0.853379 0.330454
vt 0.842938 0.314040
vt 0.852789 0.306281
vt 0.977637 0.314294
vt 0.967833 0.306802
vt 0.968438 0.322226
vt 0.968408 0.314723
vt 0.842973 0.305487
vt 0.853091 0.298544
vt 0.977637 0.322802
vt 0.967976 0.329734
vt 0.843452 0.296819
vt 0.854105 0.290988
vt 0.977030 0.331245
vt 0.966930 0.337165
vt 0.844730 0.288157
vt 0.855880 0.283696
vt 0.975767 0.339562
vt 0.965262 0.344500
vt 0.847014 0.279632
vt 0.858782 0.276869
vt 0.973887 0.347717
vt 0.963125 0.351732
vt 0.850563 0.271632
vt 0.862829 0.270532
vt 0.971487 0.355753
vt 0.960653 0.358810
vt 0.855345 0.264288
vt 0.867884 0.264934
vt 0.968574 0.363725
vt 0.957579 0.365606
vt 0.867834 0.252545
vt 0.861165 0.257913
vt 0.964803 0.371528
vt 0.953555 0.371804
vt 0.875109 0.248109
vt 0.873818 0.260222
vt 0.959782 0.378749
vt 0.948494 0.377116
vt 0.882752 0.244469
vt 0.880319 0.256301
vt 0.953496 0.384976
vt 0.942481 0.381309
vt 0.890694 0.241605
vt 0.887152 0.253049
vt 0.946238 0.389895
vt 0.935850 0.384518
vt 0.898905 0.239565
vt 0.894212 0.250518
vt 0.938357 0.393594
vt 0.928748 0.386744
vt 0.907340 0.238490
vt 0.901439 0.248754
vt 0.930029 0.396133
vt 0.921460 0.388017
vt 0.912995 0.397764
vt 0.906334 0.387721
vt 0.914044 0.388352
vt 0.921567 0.397522
vt 0.904201 0.396942
vt 0.898738 0.386185
vt 0.916290 0.238549
vt 0.908771 0.247888
vt 0.895606 0.395137
vt 0.891330 0.383824
vt 0.925112 0.239771
vt 0.916528 0.247973
vt 0.887285 0.392449
vt 0.884156 0.380723
vt 0.933655 0.242211
vt 0.924196 0.249126
vt 0.879265 0.388941
vt 0.877352 0.376889
vt 0.941779 0.245764
vt 0.931628 0.251327
vt 0.871663 0.384569
vt 0.871134 0.372200
vt 0.949372 0.250393
vt 0.938640 0.254519
vt 0.858673 0.372934
vt 0.864727 0.379251
vt 0.945105 0.258586
vt 0.865819 0.366546
vt 0.910653 0.318189
vt 0.563037 0.479043
vt 0.844533 0.068910
vt 0.861261 0.077011
vt 0.843937 0.082241
vt 0.963304 0.089940
vt 0.944771 0.090003
vt 0.949683 0.082319
vt 0.928403 0.022540
vt 0.914155 0.034972
vt 0.914744 0.019653
vt 0.848575 0.056148
vt 0.862396 0.067940
vt 0.955200 0.101511
vt 0.937303 0.095363
vt 0.905672 0.115068
vt 0.897860 0.099390
vt 0.908254 0.099164
vt 0.931930 0.041392
vt 0.923349 0.037262
vt 0.855660 0.044889
vt 0.865835 0.059316
vt 0.944136 0.109368
vt 0.928279 0.098326
vt 0.892582 0.115548
vt 0.887654 0.099008
vt 0.940767 0.028721
vt 0.939431 0.047629
vt 0.865269 0.035650
vt 0.871311 0.051729
vt 0.931594 0.113600
vt 0.918463 0.099114
vt 0.879632 0.114695
vt 0.878083 0.097491
vt 0.951295 0.037727
vt 0.945274 0.055367
vt 0.876130 0.028254
vt 0.878616 0.045624
vt 0.918784 0.115057
vt 0.866970 0.111749
vt 0.869723 0.092929
vt 0.959389 0.048851
vt 0.949195 0.064157
vt 0.888292 0.022822
vt 0.886681 0.040414
vt 0.855779 0.104849
vt 0.863706 0.085878
vt 0.964665 0.061766
vt 0.950960 0.073309
vt 0.901211 0.019915
vt 0.895524 0.036733
vt 0.847819 0.094693
vt 0.966351 0.075922
vt 0.904727 0.034926
vt 0.959709 0.141171
vt 0.950628 0.159462
vt 0.945201 0.152396
vt 0.845923 0.179163
vt 0.864480 0.168628
vt 0.866068 0.177442
vt 0.907740 0.226833
vt 0.918176 0.207449
vt 0.921808 0.225942
vt 0.934697 0.127413
vt 0.937613 0.147645
vt 0.928784 0.145042
vt 0.967840 0.153147
vt 0.952734 0.168303
vt 0.844450 0.165310
vt 0.866235 0.159808
vt 0.899742 0.206446
vt 0.908932 0.207712
vt 0.920574 0.125578
vt 0.919087 0.144432
vt 0.969658 0.180780
vt 0.970903 0.166867
vt 0.854948 0.140548
vt 0.847539 0.152027
vt 0.893900 0.224568
vt 0.890933 0.203314
vt 0.908865 0.144488
vt 0.906463 0.125964
vt 0.964967 0.193892
vt 0.951246 0.177383
vt 0.865907 0.132219
vt 0.871575 0.152449
vt 0.880954 0.219703
vt 0.882829 0.198542
vt 0.957313 0.205449
vt 0.947712 0.186162
vt 0.878995 0.127866
vt 0.879308 0.147437
vt 0.869281 0.212572
vt 0.875486 0.192845
vt 0.947185 0.214936
vt 0.942281 0.193983
vt 0.892595 0.126118
vt 0.888582 0.145263
vt 0.858852 0.203468
vt 0.869760 0.185732
vt 0.935177 0.221886
vt 0.935271 0.200402
vt 0.898559 0.144536
vt 0.948056 0.132477
vt 0.850821 0.192177
vt 0.927109 0.204987
vt 0.906471 0.069671
vt 0.908867 0.173743
vt 0.607102 0.021081
vt 0.593747 0.021081
vt 0.580392 0.021081
vt 0.567038 0.021081
vt 0.553683 0.021081
vt 0.540328 0.021081
vt 0.526973 0.021081
vt 0.513619 0.021081
vt 0.500264 0.021081
vt 0.486909 0.021081
vt 0.473555 0.021081
vt 0.460200 0.021081
vt 0.446845 0.021081
vt 0.433490 0.021082
vt 0.180683 0.021081
vt 0.167361 0.021081
vt 0.154039 0.021081
vt 0.140717 0.021081
vt 0.127396 0.021081
vt 0.114074 0.021081
vt 0.100752 0.021081
vt 0.087431 0.021081
vt 0.074109 0.021081
vt 0.060787 0.021081
vt 0.047465 0.021081
vt 0.034144 0.021081
vt 0.020822 0.021081
vt 0.007500 0.021082
vt 0.576687 0.492332
vt 0.514568 0.492331
vt 0.150667 0.479381
vt 0.377119 0.021080
vt 0.800625 0.021080
vt 0.573337 0.453039
vt 0.660779 0.453039
vt 0.674392 0.453039
vt 0.549782 0.453039
vt 0.559724 0.453039
vt 0.590083 0.992500
vt 0.218269 0.992500
s 1
usemtl jbib_diff_018_a_uni
f 1/1/1 2/2/2 3/3/3
f 4/4/4 5/5/5 2/2/2
f 6/6/6 7/7/7 5/5/5
f 8/8/8 9/9/9 7/7/7
f 10/10/10 11/11/11 9/9/9
f 12/12/12 13/13/13 11/11/11
f 13/13/13 14/14/14 15/15/15
f 15/15/15 16/16/16 17/17/17
f 17/17/17 18/18/18 19/19/19
f 19/19/19 20/20/20 21/21/21
f 21/21/21 22/22/22 23/23/23
f 23/23/23 24/24/24 25/25/25
f 25/25/25 26/26/26 27/27/27
f 27/27/27 28/28/28 29/29/29
f 30/30/30 4/4/4 1/1/1
f 31/31/31 6/6/6 4/4/4
f 32/32/32 8/8/8 6/6/6
f 33/33/33 10/10/10 8/8/8
f 34/34/34 12/12/12 10/10/10
f 35/35/35 36/36/36 12/12/12
f 37/37/37 14/14/14 36/36/36
f 38/38/38 16/16/16 14/14/14
f 39/39/39 18/18/18 16/16/16
f 40/40/40 20/20/20 18/18/18
f 41/41/41 22/22/22 20/20/20
f 42/42/42 24/24/24 22/22/22
f 24/24/24 43/43/43 26/26/26
f 43/43/43 28/28/28 26/26/26
f 44/44/44 31/31/31 30/30/30
f 45/45/45 32/32/32 31/31/31
f 46/46/46 33/33/33 32/32/32
f 47/47/47 34/34/34 33/33/33
f 48/48/48 35/35/35 34/34/34
f 49/49/49 37/37/37 35/35/35
f 50/50/50 38/38/38 37/37/37
f 51/51/51 39/39/39 38/38/38
f 52/52/52 40/40/40 39/39/39
f 53/53/53 41/41/41 40/40/40
f 54/54/54 42/42/42 41/41/41
f 55/55/55 56/56/56 42/42/42
f 57/57/57 43/43/43 56/56/56
f 58/58/58 59/59/59 43/43/43
f 60/60/60 45/45/45 44/44/44
f 61/61/61 46/46/46 45/45/45
f 62/62/62 47/47/47 46/46/46
f 63/63/63 48/48/48 47/47/47
f 64/64/64 49/49/49 48/48/48
f 65/65/65 50/50/50 49/49/49
f 66/66/66 51/51/51 50/50/50
f 67/67/67 52/52/52 51/51/51
f 68/68/68 53/53/53 52/52/52
f 69/69/69 54/54/54 53/53/53
f 70/70/70 55/55/55 54/54/54
f 71/71/71 57/57/57 55/55/55
f 72/72/72 58/58/58 57/57/57
f 73/73/73 74/74/74 58/58/58
f 75/75/75 61/61/61 60/60/60
f 76/76/76 62/62/62 61/61/61
f 77/77/77 63/63/63 62/62/62
f 78/78/78 64/64/64 63/63/63
f 79/79/79 65/65/65 64/64/64
f 80/80/80 66/66/66 65/65/65
f 81/81/81 67/67/67 66/66/66
f 82/82/82 68/68/68 67/67/67
f 83/83/83 69/69/69 68/68/68
f 84/84/84 70/70/70 69/69/69
f 85/85/85 71/71/71 70/70/70
f 86/86/86 72/72/72 71/71/71
f 87/87/87 73/73/73 72/72/72
f 88/88/88 89/89/89 73/73/73
f 90/90/90 76/76/76 75/75/75
f 91/91/91 77/77/77 76/76/76
f 92/92/92 78/78/78 77/77/77
f 93/93/93 79/79/79 78/78/78
f 94/94/94 80/80/80 79/79/79
f 95/95/95 81/81/81 80/80/80
f 96/96/96 82/82/82 81/81/81
f 97/97/97 83/83/83 82/82/82
f 98/98/98 84/84/84 83/83/83
f 99/99/99 85/85/85 84/84/84
f 100/100/100 86/86/86 85/85/85
f 101/101/101 87/87/87 86/86/86
f 102/102/102 88/88/88 87/87/87
f 103/103/103 104/104/104 88/88/88
f 105/105/105 91/91/91 90/90/90
f 106/106/106 92/92/92 91/91/91
f 107/107/107 93/93/93 92/92/92
f 108/108/108 94/94/94 93/93/93
f 109/109/109 95/95/95 94/94/94
f 110/110/110 96/96/96 95/95/95
f 111/111/111 97/97/97 96/96/96
f 112/112/112 98/98/98 97/97/97
f 113/113/113 99/99/99 98/98/98
f 114/114/114 100/100/100 99/99/99
f 115/115/115 101/101/101 100/100/100
f 116/116/116 102/102/102 101/101/101
f 117/117/117 103/103/103 102/102/102
f 118/118/118 119/119/119 103/103/103
f 120/120/120 106/106/106 105/105/105
f 121/121/121 107/107/107 106/106/106
f 122/122/122 108/108/108 107/107/107
f 123/123/123 109/109/109 108/108/108
f 124/124/124 110/110/110 109/109/109
f 125/125/125 111/111/111 110/110/110
f 126/126/126 112/112/112 111/111/111
f 127/127/127 113/113/113 112/112/112
f 128/128/128 114/114/114 113/113/113
f 129/129/129 115/115/115 114/114/114
f 130/130/130 116/116/116 115/115/115
f 131/131/131 117/117/117 116/116/116
f 132/132/132 118/118/118 117/117/117
f 133/133/133 134/134/134 118/118/118
f 135/135/135 121/121/121 120/120/120
f 136/136/136 122/122/122 121/121/121
f 137/137/137 123/123/123 122/122/122
f 138/138/138 124/124/124 123/123/123
f 139/139/139 125/125/125 124/124/124
f 140/140/140 126/126/126 125/125/125
f 141/141/141 127/127/127 126/126/126
f 142/142/142 128/128/128 127/127/127
f 143/143/143 129/129/129 128/128/128
f 144/144/144 130/130/130 129/129/129
f 145/145/145 131/131/131 130/130/130
f 146/146/146 132/132/132 131/131/131
f 147/147/147 133/133/133 132/132/132
f 148/148/148 149/149/149 133/133/133
f 150/150/150 136/136/136 135/135/135
f 151/151/151 137/137/137 136/136/136
f 152/152/152 138/138/138 137/137/137
f 153/153/153 139/139/139 138/138/138
f 154/154/154 140/140/140 139/139/139
f 155/155/155 141/141/141 140/140/140
f 156/156/156 142/142/142 141/141/141
f 157/157/157 143/143/143 142/142/142
f 158/158/158 144/144/144 143/143/143
f 159/159/159 145/145/145 144/144/144
f 160/160/160 146/146/146 145/145/145
f 161/161/161 147/147/147 146/146/146
f 162/162/162 148/148/148 147/147/147
f 163/163/163 164/164/164 148/148/148
f 165/165/165 151/151/151 150/150/150
f 166/166/166 152/152/152 151/151/151
f 167/167/167 153/153/153 152/152/152
f 168/168/168 154/154/154 153/153/153
f 169/169/169 155/155/155 154/154/154
f 170/170/170 156/156/156 155/155/155
f 171/171/171 157/157/157 156/156/156
f 172/172/172 158/158/158 157/157/157
f 173/173/173 159/159/159 158/158/158
f 174/174/174 160/160/160 159/159/159
f 175/175/175 161/161/161 160/160/160
f 176/176/176 162/162/162 161/161/161
f 177/177/177 163/163/163 162/162/162
f 178/178/178 179/179/179 163/163/163
f 180/180/180 166/166/166 165/165/165
f 181/181/181 167/167/167 166/166/166
f 182/182/182 168/168/168 167/167/167
f 183/183/183 169/169/169 168/168/168
f 184/184/184 170/170/170 169/169/169
f 185/185/185 171/171/171 170/170/170
f 186/186/186 172/172/172 171/171/171
f 187/187/187 173/173/173 172/172/172
f 188/188/188 174/174/174 173/173/173
f 189/189/189 175/175/175 174/174/174
f 190/190/190 176/176/176 175/175/175
f 191/191/191 177/177/177 176/176/176
f 192/192/192 178/178/178 177/177/177
f 193/193/193 194/194/194 178/178/178
f 195/195/195 181/181/181 180/180/180
f 196/196/196 182/182/182 181/181/181
f 197/197/197 183/183/183 182/182/182
f 198/198/198 184/184/184 183/183/183
f 199/199/199 185/185/185 184/184/184
f 200/200/200 186/186/186 185/185/185
f 201/201/201 187/187/187 186/186/186
f 202/202/202 188/188/188 187/187/187
f 203/203/203 189/189/189 188/188/188
f 204/204/204 190/190/190 189/189/189
f 205/205/205 191/191/191 190/190/190
f 206/206/206 192/192/192 191/191/191
f 207/207/207 193/193/193 192/192/192
f 208/208/208 209/209/209 193/193/193
f 210/210/210 196/196/196 195/195/195
f 211/211/211 197/197/197 196/196/196
f 212/212/212 198/198/198 197/197/197
f 213/213/213 199/199/199 198/198/198
f 214/214/214 200/200/200 199/199/199
f 215/215/215 201/201/201 200/200/200
f 216/216/216 202/202/202 201/201/201
f 217/217/217 203/203/203 202/202/202
f 218/218/218 204/204/204 203/203/203
f 219/219/219 205/205/205 204/204/204
f 220/220/220 206/206/206 205/205/205
f 221/221/221 207/207/207 206/206/206
f 222/222/222 208/208/208 207/207/207
f 223/223/223 224/224/224 208/208/208
f 225/225/225 211/211/211 210/210/210
f 226/226/226 212/212/212 211/211/211
f 227/227/227 213/213/213 212/212/212
f 228/228/228 214/214/214 213/213/213
f 229/229/229 215/215/215 214/214/214
f 230/230/230 216/216/216 215/215/215
f 231/231/231 217/217/217 216/216/216
f 232/232/232 218/218/218 217/217/217
f 233/233/233 219/219/219 218/218/218
f 234/234/234 220/220/220 219/219/219
f 235/235/235 221/221/221 220/220/220
f 236/236/236 222/222/222 221/221/221
f 237/237/237 223/223/223 222/222/222
f 238/238/238 239/239/239 223/223/223
f 240/240/240 226/226/226 225/225/225
f 241/241/241 227/227/227 226/226/226
f 242/242/242 228/228/228 227/227/227
f 243/243/243 229/229/229 228/228/228
f 244/244/244 230/230/230 229/229/229
f 245/245/245 231/231/231 230/230/230
f 246/246/246 232/232/232 231/231/231
f 247/247/247 233/233/233 232/232/232
f 248/248/248 234/234/234 233/233/233
f 249/249/249 235/235/235 234/234/234
f 250/250/250 236/236/236 235/235/235
f 251/251/251 237/237/237 236/236/236
f 252/252/252 238/238/238 237/237/237
f 253/253/253 254/254/254 238/238/238
f 255/255/255 241/241/241 240/240/240
f 256/256/256 242/242/242 241/241/241
f 257/257/257 243/243/243 242/242/242
f 258/258/258 244/244/244 243/243/243
f 259/259/259 245/245/245 244/244/244
f 260/260/260 246/246/246 245/245/245
f 261/261/261 247/247/247 246/246/246
f 262/262/262 248/248/248 247/247/247
f 263/263/263 249/249/249 248/248/248
f 264/264/264 250/250/250 249/249/249
f 265/265/265 251/251/251 250/250/250
f 266/266/266 252/252/252 251/251/251
f 267/267/267 253/253/253 252/252/252
f 268/268/268 269/269/269 253/253/253
f 270/270/270 271/271/271 272/272/272
f 273/273/273 274/274/274 271/271/271
f 275/275/275 276/276/276 274/274/274
f 277/277/277 278/278/278 276/276/276
f 279/279/279 280/280/280 278/278/278
f 281/281/281 282/282/282 280/280/280
f 283/283/283 284/284/284 282/282/282
f 285/285/285 286/286/286 284/284/284
f 287/287/287 288/288/288 286/286/286
f 289/289/289 290/290/290 288/288/288
f 291/291/291 292/292/292 290/290/290
f 293/293/293 294/294/294 292/292/292
f 295/295/295 296/296/296 294/294/294
f 297/297/297 298/298/298 296/296/296
f 299/299/299 300/300/300 298/298/298
f 301/301/301 302/302/302 300/300/300
f 302/302/302 303/303/303 304/304/304
f 305/305/305 273/273/273 270/270/270
f 306/306/306 275/275/275 273/273/273
f 307/307/307 277/277/277 275/275/275
f 308/308/308 279/279/279 277/277/277
f 309/309/309 281/281/281 279/279/279
f 310/310/310 283/283/283 281/281/281
f 311/311/311 285/285/285 283/283/283
f 312/312/312 287/287/287 285/285/285
f 313/313/313 289/289/289 287/287/287
f 314/314/314 291/291/291 289/289/289
f 315/315/315 293/293/293 291/291/291
f 316/316/316 295/295/295 293/293/293
f 317/317/317 297/297/297 295/295/295
f 318/318/318 299/299/299 297/297/297
f 319/319/319 301/301/301 299/299/299
f 320/320/320 321/321/321 301/301/301
f 321/321/321 322/322/322 303/303/303
f 323/323/323 306/306/306 305/305/305
f 324/324/324 307/307/307 306/306/306
f 325/325/325 308/308/308 307/307/307
f 326/326/326 309/309/309 308/308/308
f 327/327/327 310/310/310 309/309/309
f 328/328/328 311/311/311 310/310/310
f 329/329/329 312/312/312 311/311/311
f 330/330/330 313/313/313 312/312/312
f 331/331/331 314/314/314 313/313/313
f 332/332/332 315/315/315 314/314/314
f 333/333/333 316/316/316 315/315/315
f 334/334/334 317/317/317 316/316/316
f 335/335/335 318/318/318 317/317/317
f 336/336/336 319/319/319 318/318/318
f 337/337/337 320/320/320 319/319/319
f 338/338/338 339/339/339 320/320/320
f 339/339/339 340/340/340 322/322/322
f 341/341/341 324/324/324 323/323/323
f 342/342/342 325/325/325 324/324/324
f 343/343/343 326/326/326 325/325/325
f 344/344/344 327/327/327 326/326/326
f 345/345/345 328/328/328 327/327/327
f 346/346/346 329/329/329 328/328/328
f 347/347/347 330/330/330 329/329/329
f 348/348/348 331/331/331 330/330/330
f 349/349/349 332/332/332 331/331/331
f 350/350/350 333/333/333 332/332/332
f 351/351/351 334/334/334 333/333/333
f 352/352/352 335/335/335 334/334/334
f 353/353/353 336/336/336 335/335/335
f 354/354/354 337/337/337 336/336/336
f 355/355/355 338/338/338 337/337/337
f 356/356/356 357/357/357 338/338/338
f 357/357/357 358/358/358 340/340/340
f 359/359/359 342/342/342 341/341/341
f 360/360/360 343/343/343 342/342/342
f 361/361/361 344/344/344 343/343/343
f 362/362/362 345/345/345 344/344/344
f 363/363/363 346/346/346 345/345/345
f 364/364/364 347/347/347 346/346/346
f 365/365/365 348/348/348 347/347/347
f 366/366/366 349/349/349 348/348/348
f 367/367/367 350/350/350 349/349/349
f 368/368/368 351/351/351 350/350/350
f 369/369/369 352/352/352 351/351/351
f 370/370/370 353/353/353 352/352/352
f 371/371/371 354/354/354 353/353/353
f 372/372/372 355/355/355 354/354/354
f 373/373/373 356/356/356 355/355/355
f 374/374/374 375/375/375 356/356/356
f 375/375/375 376/376/376 358/358/358
f 377/377/377 360/360/360 359/359/359
f 378/378/378 361/361/361 360/360/360
f 379/379/379 362/362/362 361/361/361
f 380/380/380 363/363/363 362/362/362
f 381/381/381 364/364/364 363/363/363
f 382/382/382 365/365/365 364/364/364
f 383/383/383 366/366/366 365/365/365
f 384/384/384 367/367/367 366/366/366
f 385/385/385 368/368/368 367/367/367
f 386/386/386 369/369/369 368/368/368
f 387/387/387 370/370/370 369/369/369
f 388/388/388 371/371/371 370/370/370
f 389/389/389 372/372/372 371/371/371
f 390/390/390 373/373/373 372/372/372
f 391/391/391 374/374/374 373/373/373
f 392/392/392 393/393/393 374/374/374
f 393/393/393 394/394/394 376/376/376
f 395/395/395 378/378/378 377/377/377
f 396/396/396 379/379/379 378/378/378
f 397/397/397 380/380/380 379/379/379
f 398/398/398 381/381/381 380/380/380
f 399/399/399 382/382/382 381/381/381
f 400/400/400 383/383/383 382/382/382
f 401/401/401 384/384/384 383/383/383
f 402/402/402 385/385/385 384/384/384
f 403/403/403 386/386/386 385/385/385
f 404/404/404 387/387/387 386/386/386
f 405/405/405 388/388/388 387/387/387
f 406/406/406 389/389/389 388/388/388
f 407/407/407 390/390/390 389/389/389
f 408/408/408 391/391/391 390/390/390
f 409/409/409 392/392/392 391/391/391
f 392/392/392 410/410/410 411/411/411
f 411/411/411 412/412/412 394/394/394
f 413/413/413 396/396/396 395/395/395
f 414/414/414 397/397/397 396/396/396
f 415/415/415 398/398/398 397/397/397
f 416/416/416 399/399/399 398/398/398
f 417/417/417 400/400/400 399/399/399
f 418/418/418 401/401/401 400/400/400
f 419/419/419 402/402/402 401/401/401
f 420/420/420 403/403/403 402/402/402
f 421/421/421 404/404/404 403/403/403
f 422/422/422 405/405/405 404/404/404
f 423/423/423 406/406/406 405/405/405
f 424/424/424 407/407/407 406/406/406
f 425/425/425 408/408/408 407/407/407
f 426/426/426 409/409/409 408/408/408
f 427/427/427 428/428/428 409/409/409
f 428/428/428 429/429/429 410/410/410
f 410/410/410 430/430/430 412/412/412
f 431/431/431 414/414/414 413/413/413
f 432/432/432 415/415/415 414/414/414
f 433/433/433 416/416/416 415/415/415
f 434/434/434 417/417/417 416/416/416
f 435/435/435 418/418/418 417/417/417
f 436/436/436 419/419/419 418/418/418
f 437/437/437 420/420/420 419/419/419
f 438/438/438 421/421/421 420/420/420
f 439/439/439 422/422/422 421/421/421
f 440/440/440 423/423/423 422/422/422
f 441/441/441 424/424/424 423/423/423
f 442/442/442 425/425/425 424/424/424
f 443/443/443 426/426/426 425/425/425
f 444/444/444 427/427/427 426/426/426
f 445/445/445 446/446/446 427/427/427
f 446/446/446 447/447/447 429/429/429
f 429/429/429 448/448/448 430/430/430
f 449/449/449 432/432/432 431/431/431
f 450/450/450 433/433/433 432/432/432
f 451/451/451 434/434/434 433/433/433
f 452/452/452 435/435/435 434/434/434
f 453/453/453 436/436/436 435/435/435
f 454/454/454 437/437/437 436/436/436
f 455/455/455 438/438/438 437/437/437
f 456/456/456 439/439/439 438/438/438
f 457/457/457 440/440/440 439/439/439
f 458/458/458 441/441/441 440/440/440
f 459/459/459 442/442/442 441/441/441
f 460/460/460 443/443/443 442/442/442
f 461/461/461 444/444/444 443/443/443
f 462/462/462 445/445/445 444/444/444
f 463/463/463 464/464/464 445/445/445
f 464/464/464 465/465/465 447/447/447
f 447/447/447 466/466/466 448/448/448
f 467/467/467 450/450/450 449/449/449
f 468/468/468 451/451/451 450/450/450
f 469/469/469 452/452/452 451/451/451
f 470/470/470 453/453/453 452/452/452
f 471/471/471 454/454/454 453/453/453
f 472/472/472 455/455/455 454/454/454
f 473/473/473 456/456/456 455/455/455
f 474/474/474 457/457/457 456/456/456
f 475/475/475 458/458/458 457/457/457
f 476/476/476 459/459/459 458/458/458
f 477/477/477 460/460/460 459/459/459
f 478/478/478 461/461/461 460/460/460
f 479/479/479 462/462/462 461/461/461
f 480/480/480 463/463/463 462/462/462
f 481/481/481 482/482/482 463/463/463
f 483/483/483 465/465/465 482/482/482
f 465/465/465 484/484/484 466/466/466
f 485/485/485 468/468/468 467/467/467
f 486/486/486 469/469/469 468/468/468
f 487/487/487 470/470/470 469/469/469
f 488/488/488 471/471/471 470/470/470
f 489/489/489 472/472/472 471/471/471
f 490/490/490 473/473/473 472/472/472
f 491/491/491 474/474/474 473/473/473
f 492/492/492 475/475/475 474/474/474
f 493/493/493 476/476/476 475/475/475
f 494/494/494 477/477/477 476/476/476
f 495/495/495 478/478/478 477/477/477
f 496/496/496 479/479/479 478/478/478
f 497/497/497 480/480/480 479/479/479
f 498/498/498 481/481/481 480/480/480
f 499/499/499 483/483/483 481/481/481
f 500/500/500 501/501/501 483/483/483
f 501/501/501 502/502/502 484/484/484
f 255/255/255 486/486/486 485/485/485
f 240/240/240 487/487/487 486/486/486
f 225/225/225 488/488/488 487/487/487
f 210/210/210 489/489/489 488/488/488
f 195/195/195 490/490/490 489/489/489
f 180/180/180 491/491/491 490/490/490
f 165/165/165 492/492/492 491/491/491
f 150/150/150 493/493/493 492/492/492
f 135/135/135 494/494/494 493/493/493
f 120/120/120 495/495/495 494/494/494
f 105/105/105 496/496/496 495/495/495
f 90/90/90 497/497/497 496/496/496
f 75/75/75 498/498/498 497/497/497
f 60/60/60 499/499/499 498/498/498
f 44/44/44 500/500/500 499/499/499
f 30/30/30 503/503/503 500/500/500
f 503/503/503 3/3/3 502/502/502
f 268/268/268 504/504/504 505/505/505
f 506/506/506 507/507/507 504/504/504
f 508/508/508 509/509/509 507/507/507
f 510/510/510 511/511/511 509/509/509
f 512/512/512 513/513/513 511/511/511
f 513/513/513 514/514/514 515/515/515
f 515/515/515 516/516/516 517/517/517
f 517/517/517 518/518/518 519/519/519
f 519/519/519 520/520/520 521/521/521
f 521/521/521 522/522/522 523/523/523
f 523/523/523 524/524/524 525/525/525
f 524/524/524 526/526/526 525/525/525
f 527/527/527 528/528/528 526/526/526
f 529/529/529 530/530/530 528/528/528
f 531/531/531 532/532/532 530/530/530
f 532/532/532 533/533/533 534/534/534
f 534/534/534 535/535/535 536/536/536
f 267/267/267 506/506/506 268/268/268
f 537/537/537 508/508/508 506/506/506
f 538/538/538 510/510/510 508/508/508
f 539/539/539 512/512/512 510/510/510
f 540/540/540 541/541/541 512/512/512
f 541/541/541 542/542/542 514/514/514
f 514/514/514 543/543/543 516/516/516
f 516/516/516 544/544/544 518/518/518
f 518/518/518 545/545/545 520/520/520
f 520/520/520 546/546/546 522/522/522
f 522/522/522 547/547/547 524/524/524
f 524/524/524 548/548/548 527/527/527
f 548/548/548 529/529/529 527/527/527
f 549/549/549 531/531/531 529/529/529
f 550/550/550 551/551/551 531/531/531
f 551/551/551 552/552/552 533/533/533
f 533/533/533 553/553/553 535/535/535
f 266/266/266 537/537/537 267/267/267
f 554/554/554 538/538/538 537/537/537
f 555/555/555 539/539/539 538/538/538
f 556/556/556 540/540/540 539/539/539
f 557/557/557 558/558/558 540/540/540
f 558/558/558 559/559/559 542/542/542
f 542/542/542 560/560/560 543/543/543
f 543/543/543 561/561/561 544/544/544
f 544/544/544 562/562/562 545/545/545
f 545/545/545 563/563/563 546/546/546
f 546/546/546 564/564/564 547/547/547
f 547/547/547 565/565/565 548/548/548
f 565/565/565 549/549/549 548/548/548
f 566/566/566 550/550/550 549/549/549
f 567/567/567 568/568/568 550/550/550
f 568/568/568 569/569/569 552/552/552
f 552/552/552 570/570/570 553/553/553
f 265/265/265 554/554/554 266/266/266
f 571/571/571 555/555/555 554/554/554
f 572/572/572 556/556/556 555/555/555
f 573/573/573 557/557/557 556/556/556
f 574/574/574 575/575/575 557/557/557
f 575/575/575 576/576/576 559/559/559
f 559/559/559 577/577/577 560/560/560
f 560/560/560 578/578/578 561/561/561
f 561/561/561 579/579/579 562/562/562
f 562/562/562 580/580/580 563/563/563
f 563/563/563 581/581/581 564/564/564
f 564/564/564 582/582/582 565/565/565
f 565/565/565 583/583/583 566/566/566
f 583/583/583 567/567/567 566/566/566
f 567/567/567 584/584/584 585/585/585
f 585/585/585 586/586/586 569/569/569
f 569/569/569 587/587/587 570/570/570
f 264/264/264 571/571/571 265/265/265
f 588/588/588 572/572/572 571/571/571
f 589/589/589 573/573/573 572/572/572
f 590/590/590 574/574/574 573/573/573
f 591/591/591 592/592/592 574/574/574
f 592/592/592 593/593/593 576/576/576
f 576/576/576 594/594/594 577/577/577
f 577/577/577 595/595/595 578/578/578
f 578/578/578 596/596/596 579/579/579
f 579/579/579 597/597/597 580/580/580
f 580/580/580 598/598/598 581/581/581
f 581/581/581 599/599/599 582/582/582
f 582/582/582 600/600/600 583/583/583
f 583/583/583 601/601/601 602/602/602
f 602/602/602 603/603/603 584/584/584
f 584/584/584 604/604/604 586/586/586
f 586/586/586 605/605/605 587/587/587
f 263/263/263 588/588/588 264/264/264
f 606/606/606 589/589/589 588/588/588
f 607/607/607 590/590/590 589/589/589
f 608/608/608 591/591/591 590/590/590
f 609/609/609 610/610/610 591/591/591
f 610/610/610 611/611/611 593/593/593
f 593/593/593 612/612/612 594/594/594
f 594/594/594 613/613/613 595/595/595
f 595/595/595 614/614/614 596/596/596
f 596/596/596 615/615/615 597/597/597
f 597/597/597 616/616/616 598/598/598
f 598/598/598 617/617/617 599/599/599
f 599/599/599 618/618/618 600/600/600
f 600/600/600 619/619/619 601/601/601
f 601/601/601 620/620/620 603/603/603
f 603/603/603 621/621/621 604/604/604
f 604/604/604 622/622/622 605/605/605
f 262/262/262 606/606/606 263/263/263
f 623/623/623 607/607/607 606/606/606
f 624/624/624 608/608/608 607/607/607
f 625/625/625 609/609/609 608/608/608
f 609/609/609 626/626/626 627/627/627
f 627/627/627 628/628/628 611/611/611
f 611/611/611 629/629/629 612/612/612
f 612/612/612 630/630/630 613/613/613
f 613/613/613 631/631/631 614/614/614
f 614/614/614 632/632/632 615/615/615
f 615/615/615 633/633/633 616/616/616
f 616/616/616 634/634/634 617/617/617
f 617/617/617 635/635/635 618/618/618
f 618/618/618 636/636/636 619/619/619
f 619/619/619 637/637/637 620/620/620
f 620/620/620 638/638/638 621/621/621
f 621/621/621 639/639/639 622/622/622
f 261/261/261 623/623/623 262/262/262
f 640/640/640 624/624/624 623/623/623
f 641/641/641 625/625/625 624/624/624
f 625/625/625 642/642/642 643/643/643
f 643/643/643 644/644/644 626/626/626
f 626/626/626 645/645/645 628/628/628
f 628/628/628 646/646/646 629/629/629
f 629/629/629 647/647/647 630/630/630
f 630/630/630 648/648/648 631/631/631
f 631/631/631 649/649/649 632/632/632
f 632/632/632 650/650/650 633/633/633
f 633/633/633 651/651/651 634/634/634
f 634/634/634 652/652/652 635/635/635
f 635/635/635 653/653/653 636/636/636
f 636/636/636 654/654/654 637/637/637
f 637/637/637 655/655/655 638/638/638
f 638/638/638 656/656/656 639/639/639
f 260/260/260 640/640/640 261/261/261
f 657/657/657 641/641/641 640/640/640
f 641/641/641 658/658/658 659/659/659
f 659/659/659 660/660/660 642/642/642
f 642/642/642 661/661/661 644/644/644
f 644/644/644 662/662/662 645/645/645
f 645/645/645 663/663/663 646/646/646
f 646/646/646 664/664/664 647/647/647
f 647/647/647 665/665/665 648/648/648
f 648/648/648 666/666/666 649/649/649
f 649/649/649 667/667/667 650/650/650
f 650/650/650 668/668/668 651/651/651
f 651/651/651 669/669/669 652/652/652
f 652/652/652 670/670/670 653/653/653
f 653/653/653 671/671/671 654/654/654
f 654/654/654 672/672/672 655/655/655
f 655/655/655 673/673/673 656/656/656
f 259/259/259 657/657/657 260/260/260
f 674/674/674 675/675/675 657/657/657
f 675/675/675 676/676/676 658/658/658
f 658/658/658 677/677/677 660/660/660
f 660/660/660 678/678/678 661/661/661
f 661/661/661 679/679/679 662/662/662
f 662/662/662 680/680/680 663/663/663
f 663/663/663 681/681/681 664/664/664
f 664/664/664 682/682/682 665/665/665
f 665/665/665 683/683/683 666/666/666
f 666/666/666 684/684/684 667/667/667
f 667/667/667 685/685/685 668/668/668
f 668/668/668 686/686/686 669/669/669
f 669/669/669 687/687/687 670/670/670
f 670/670/670 688/688/688 671/671/671
f 671/671/671 689/689/689 672/672/672
f 672/672/672 690/690/690 673/673/673
f 259/259/259 691/691/691 674/674/674
f 674/674/674 692/692/692 693/693/693
f 693/693/693 694/694/694 676/676/676
f 676/676/676 695/695/695 677/677/677
f 677/677/677 696/696/696 678/678/678
f 678/678/678 697/697/697 679/679/679
f 679/679/679 698/698/698 680/680/680
f 680/680/680 699/699/699 681/681/681
f 681/681/681 700/700/700 682/682/682
f 682/682/682 701/701/701 683/683/683
f 683/683/683 702/702/702 684/684/684
f 684/684/684 703/703/703 685/685/685
f 685/685/685 704/704/704 686/686/686
f 686/686/686 705/705/705 687/687/687
f 687/687/687 706/706/706 688/688/688
f 688/688/688 707/707/707 689/689/689
f 689/689/689 708/708/708 690/690/690
f 258/258/258 709/709/709 691/691/691
f 691/691/691 710/710/710 692/692/692
f 692/692/692 711/711/711 694/694/694
f 694/694/694 712/712/712 695/695/695
f 695/695/695 713/713/713 696/696/696
f 696/696/696 714/714/714 697/697/697
f 697/697/697 715/715/715 698/698/698
f 698/698/698 716/716/716 699/699/699
f 699/699/699 717/717/717 700/700/700
f 700/700/700 718/718/718 701/701/701
f 701/701/701 719/719/719 702/702/702
f 702/702/702 720/720/720 703/703/703
f 703/703/703 721/721/721 704/704/704
f 704/704/704 722/722/722 705/705/705
f 705/705/705 723/723/723 706/706/706
f 706/706/706 724/724/724 707/707/707
f 707/707/707 725/725/725 708/708/708
f 257/257/257 726/726/726 709/709/709
f 709/709/709 727/727/727 710/710/710
f 710/710/710 728/728/728 711/711/711
f 711/711/711 729/729/729 712/712/712
f 712/712/712 730/730/730 713/713/713
f 713/713/713 731/731/731 714/714/714
f 714/714/714 732/732/732 715/715/715
f 715/715/715 733/733/733 716/716/716
f 716/716/716 734/734/734 717/717/717
f 717/717/717 735/735/735 718/718/718
f 718/718/718 736/736/736 719/719/719
f 719/719/719 737/737/737 720/720/720
f 720/720/720 738/738/738 721/721/721
f 721/721/721 739/739/739 722/722/722
f 722/722/722 740/740/740 723/723/723
f 723/723/723 741/741/741 724/724/724
f 724/724/724 742/742/742 725/725/725
f 256/256/256 743/743/743 726/726/726
f 726/726/726 744/744/744 727/727/727
f 727/727/727 745/745/745 728/728/728
f 728/728/728 746/746/746 729/729/729
f 729/729/729 747/747/747 730/730/730
f 730/730/730 748/748/748 731/731/731
f 731/731/731 749/749/749 732/732/732
f 732/732/732 750/750/750 733/733/733
f 733/733/733 751/751/751 734/734/734
f 734/734/734 752/752/752 735/735/735
f 735/735/735 753/753/753 736/736/736
f 736/736/736 754/754/754 737/737/737
f 737/737/737 755/755/755 738/738/738
f 738/738/738 756/756/756 739/739/739
f 739/739/739 757/757/757 740/740/740
f 740/740/740 758/758/758 741/741/741
f 741/741/741 759/759/759 742/742/742
f 759/759/759 760/760/760 761/761/761
f 761/761/761 762/762/762 763/763/763
f 763/763/763 764/764/764 765/765/765
f 765/765/765 766/766/766 767/767/767
f 767/767/767 768/768/768 769/769/769
f 769/769/769 770/770/770 771/771/771
f 771/771/771 772/772/772 773/773/773
f 773/773/773 774/774/774 775/775/775
f 775/775/775 776/776/776 777/777/777
f 777/777/777 778/778/778 779/779/779
f 779/779/779 780/780/780 781/781/781
f 781/781/781 782/782/782 783/783/783
f 783/783/783 784/784/784 785/785/785
f 758/758/758 786/786/786 760/760/760
f 760/760/760 787/787/787 762/762/762
f 762/762/762 788/788/788 764/764/764
f 764/764/764 789/789/789 766/766/766
f 766/766/766 790/790/790 768/768/768
f 768/768/768 791/791/791 770/770/770
f 770/770/770 792/792/792 772/772/772
f 772/772/772 793/793/793 774/774/774
f 774/774/774 794/794/794 776/776/776
f 776/776/776 795/795/795 778/778/778
f 778/778/778 796/796/796 780/780/780
f 780/780/780 797/797/797 782/782/782
f 782/782/782 798/798/798 784/784/784
f 757/757/757 799/799/799 786/786/786
f 786/786/786 800/800/800 787/787/787
f 787/787/787 801/801/801 788/788/788
f 788/788/788 802/802/802 789/789/789
f 789/789/789 803/803/803 790/790/790
f 790/790/790 804/804/804 791/791/791
f 791/791/791 805/805/805 792/792/792
f 792/792/792 806/806/806 793/793/793
f 793/793/793 807/807/807 794/794/794
f 794/794/794 808/808/808 795/795/795
f 808/808/808 796/796/796 795/795/795
f 809/809/809 797/797/797 796/796/796
f 810/810/810 798/798/798 797/797/797
f 756/756/756 811/811/811 799/799/799
f 799/799/799 812/812/812 800/800/800
f 800/800/800 813/813/813 801/801/801
f 801/801/801 814/814/814 802/802/802
f 802/802/802 815/815/815 803/803/803
f 803/803/803 816/816/816 804/804/804
f 804/804/804 817/817/817 805/805/805
f 805/805/805 818/818/818 806/806/806
f 806/806/806 819/819/819 807/807/807
f 807/807/807 820/820/820 808/808/808
f 820/820/820 809/809/809 808/808/808
f 821/821/821 810/810/810 809/809/809
f 822/822/822 823/823/823 810/810/810
f 755/755/755 824/824/824 811/811/811
f 811/811/811 825/825/825 812/812/812
f 812/812/812 826/826/826 813/813/813
f 813/813/813 827/827/827 814/814/814
f 814/814/814 828/828/828 815/815/815
f 815/815/815 829/829/829 816/816/816
f 816/816/816 830/830/830 817/817/817
f 817/817/817 831/831/831 818/818/818
f 818/818/818 832/832/832 819/819/819
f 819/819/819 833/833/833 820/820/820
f 820/820/820 834/834/834 821/821/821
f 834/834/834 822/822/822 821/821/821
f 835/835/835 836/836/836 822/822/822
f 754/754/754 837/837/837 824/824/824
f 824/824/824 838/838/838 825/825/825
f 825/825/825 839/839/839 826/826/826
f 826/826/826 840/840/840 827/827/827
f 827/827/827 841/841/841 828/828/828
f 828/828/828 842/842/842 829/829/829
f 829/829/829 843/843/843 830/830/830
f 830/830/830 844/844/844 831/831/831
f 831/831/831 845/845/845 832/832/832
f 832/832/832 846/846/846 833/833/833
f 833/833/833 847/847/847 834/834/834
f 834/834/834 848/848/848 835/835/835
f 848/848/848 849/849/849 835/835/835
f 753/753/753 850/850/850 837/837/837
f 837/837/837 851/851/851 838/838/838
f 838/838/838 852/852/852 839/839/839
f 839/839/839 853/853/853 840/840/840
f 840/840/840 854/854/854 841/841/841
f 841/841/841 855/855/855 842/842/842
f 842/842/842 856/856/856 843/843/843
f 843/843/843 857/857/857 844/844/844
f 844/844/844 858/858/858 845/845/845
f 845/845/845 859/859/859 846/846/846
f 846/846/846 860/860/860 847/847/847
f 847/847/847 861/861/861 848/848/848
f 848/848/848 862/862/862 863/863/863
f 752/752/752 864/864/864 850/850/850
f 850/850/850 865/865/865 851/851/851
f 851/851/851 866/866/866 852/852/852
f 852/852/852 867/867/867 853/853/853
f 853/853/853 868/868/868 854/854/854
f 854/854/854 869/869/869 855/855/855
f 855/855/855 870/870/870 856/856/856
f 856/856/856 871/871/871 857/857/857
f 857/857/857 872/872/872 858/858/858
f 858/858/858 873/873/873 859/859/859
f 859/859/859 874/874/874 860/860/860
f 860/860/860 875/875/875 861/861/861
f 861/861/861 876/876/876 862/862/862
f 751/751/751 877/877/877 864/864/864
f 864/864/864 878/878/878 865/865/865
f 865/865/865 879/879/879 866/866/866
f 866/866/866 880/880/880 867/867/867
f 867/867/867 881/881/881 868/868/868
f 868/868/868 882/882/882 869/869/869
f 869/869/869 883/883/883 870/870/870
f 870/870/870 884/884/884 871/871/871
f 871/871/871 885/885/885 872/872/872
f 872/872/872 886/886/886 873/873/873
f 873/873/873 887/887/887 874/874/874
f 874/874/874 888/888/888 875/875/875
f 875/875/875 889/889/889 876/876/876
f 750/750/750 890/890/890 877/877/877
f 877/877/877 891/891/891 878/878/878
f 878/878/878 892/892/892 879/879/879
f 879/879/879 893/893/893 880/880/880
f 880/880/880 894/894/894 881/881/881
f 881/881/881 895/895/895 882/882/882
f 882/882/882 896/896/896 883/883/883
f 883/883/883 897/897/897 884/884/884
f 884/884/884 898/898/898 885/885/885
f 885/885/885 899/899/899 886/886/886
f 886/886/886 900/900/900 887/887/887
f 887/887/887 901/901/901 888/888/888
f 888/888/888 902/902/902 889/889/889
f 749/749/749 903/903/903 890/890/890
f 890/890/890 904/904/904 891/891/891
f 891/891/891 905/905/905 892/892/892
f 892/892/892 906/906/906 893/893/893
f 893/893/893 907/907/907 894/894/894
f 894/894/894 908/908/908 895/895/895
f 895/895/895 909/909/909 896/896/896
f 896/896/896 910/910/910 897/897/897
f 897/897/897 911/911/911 898/898/898
f 898/898/898 912/912/912 899/899/899
f 899/899/899 913/913/913 900/900/900
f 900/900/900 914/914/914 901/901/901
f 901/901/901 915/915/915 902/902/902
f 748/748/748 916/916/916 903/903/903
f 903/903/903 917/917/917 904/904/904
f 904/904/904 918/918/918 905/905/905
f 905/905/905 919/919/919 906/906/906
f 906/906/906 920/920/920 907/907/907
f 907/907/907 921/921/921 908/908/908
f 908/908/908 922/922/922 909/909/909
f 909/909/909 923/923/923 910/910/910
f 910/910/910 924/924/924 911/911/911
f 911/911/911 925/925/925 912/912/912
f 912/912/912 926/926/926 913/913/913
f 913/913/913 927/927/927 914/914/914
f 914/914/914 928/928/928 915/915/915
f 747/747/747 929/929/929 916/916/916
f 916/916/916 930/930/930 917/917/917
f 917/917/917 931/931/931 918/918/918
f 918/918/918 932/932/932 919/919/919
f 919/919/919 933/933/933 920/920/920
f 920/920/920 934/934/934 921/921/921
f 921/921/921 935/935/935 922/922/922
f 922/922/922 936/936/936 923/923/923
f 936/936/936 924/924/924 923/923/923
f 937/937/937 925/925/925 924/924/924
f 938/938/938 926/926/926 925/925/925
f 939/939/939 927/927/927 926/926/926
f 940/940/940 928/928/928 927/927/927
f 746/746/746 941/941/941 929/929/929
f 929/929/929 942/942/942 930/930/930
f 930/930/930 943/943/943 931/931/931
f 931/931/931 944/944/944 932/932/932
f 932/932/932 945/945/945 933/933/933
f 933/933/933 946/946/946 934/934/934
f 946/946/946 935/935/935 934/934/934
f 947/947/947 936/936/936 935/935/935
f 948/948/948 937/937/937 936/936/936
f 949/949/949 938/938/938 937/937/937
f 950/950/950 939/939/939 938/938/938
f 951/951/951 940/940/940 939/939/939
f 952/952/952 953/953/953 940/940/940
f 745/745/745 954/954/954 941/941/941
f 941/941/941 955/955/955 942/942/942
f 942/942/942 956/956/956 943/943/943
f 943/943/943 957/957/957 944/944/944
f 944/944/944 958/958/958 945/945/945
f 958/958/958 946/946/946 945/945/945
f 959/959/959 947/947/947 946/946/946
f 960/960/960 948/948/948 947/947/947
f 961/961/961 949/949/949 948/948/948
f 962/962/962 950/950/950 949/949/949
f 963/963/963 951/951/951 950/950/950
f 964/964/964 952/952/952 951/951/951
f 965/965/965 966/966/966 952/952/952
f 744/744/744 967/967/967 954/954/954
f 954/954/954 968/968/968 955/955/955
f 955/955/955 969/969/969 956/956/956
f 956/956/956 970/970/970 957/957/957
f 970/970/970 958/958/958 957/957/957
f 971/971/971 959/959/959 958/958/958
f 972/972/972 960/960/960 959/959/959
f 973/973/973 961/961/961 960/960/960
f 974/974/974 962/962/962 961/961/961
f 975/975/975 963/963/963 962/962/962
f 976/976/976 964/964/964 963/963/963
f 977/977/977 965/965/965 964/964/964
f 978/978/978 979/979/979 965/965/965
f 743/743/743 485/485/485 967/967/967
f 967/967/967 467/467/467 968/968/968
f 968/968/968 449/449/449 969/969/969
f 449/449/449 970/970/970 969/969/969
f 431/431/431 971/971/971 970/970/970
f 413/413/413 972/972/972 971/971/971
f 395/395/395 973/973/973 972/972/972
f 377/377/377 974/974/974 973/973/973
f 359/359/359 975/975/975 974/974/974
f 341/341/341 976/976/976 975/975/975
f 323/323/323 977/977/977 976/976/976
f 305/305/305 978/978/978 977/977/977
f 270/270/270 980/980/980 978/978/978
f 981/981/981 982/982/982 983/983/983
f 984/984/984 985/985/985 982/982/982
f 986/986/986 987/987/987 985/985/985
f 988/988/988 989/989/989 987/987/987
f 990/990/990 991/991/991 989/989/989
f 992/992/992 993/993/993 991/991/991
f 994/994/994 995/995/995 993/993/993
f 996/996/996 997/997/997 995/995/995
f 998/998/998 999/999/999 997/997/997
f 1000/1000/1000 1001/1001/1001 999/999/999
f 1002/1002/1002 1003/1003/1003 1001/1001/1001
f 1004/1004/1004 1005/1005/1005 1003/1003/1003
f 1006/1006/1006 1007/1007/1007 1005/1005/1005
f 1008/1008/1008 1009/1009/304 1007/1007/1007
f 1010/1010/1009 984/984/984 981/981/981
f 1011/1011/1010 986/986/986 984/984/984
f 1012/1012/1011 988/988/988 986/986/986
f 1013/1013/1012 990/990/990 988/988/988
f 1014/1014/1013 992/992/992 990/990/990
f 1015/1015/1014 994/994/994 992/992/992
f 1016/1016/1015 996/996/996 994/994/994
f 1017/1017/1016 998/998/998 996/996/996
f 1018/1018/1017 1000/1000/1000 998/998/998
f 1019/1019/1018 1002/1002/1002 1000/1000/1000
f 1020/1020/1019 1004/1004/1004 1002/1002/1002
f 1021/1021/1020 1006/1006/1006 1004/1004/1004
f 1022/1022/1021 1008/1008/1008 1006/1006/1006
f 1023/1023/1022 1024/1024/302 1008/1008/1008
f 1025/1025/1023 1011/1011/1010 1010/1010/1009
f 1026/1026/1024 1012/1012/1011 1011/1011/1010
f 1027/1027/1025 1013/1013/1012 1012/1012/1011
f 1028/1028/1026 1014/1014/1013 1013/1013/1012
f 1029/1029/1027 1015/1015/1014 1014/1014/1013
f 1030/1030/1028 1016/1016/1015 1015/1015/1014
f 1031/1031/1029 1017/1017/1016 1016/1016/1015
f 1032/1032/1030 1018/1018/1017 1017/1017/1016
f 1033/1033/1031 1019/1019/1018 1018/1018/1017
f 1034/1034/1032 1020/1020/1019 1019/1019/1018
f 1035/1035/1033 1021/1021/1020 1020/1020/1019
f 1036/1036/1034 1022/1022/1021 1021/1021/1020
f 1037/1037/1035 1023/1023/1022 1022/1022/1021
f 1038/1038/1036 1039/1039/300 1023/1023/1022
f 1040/1040/1037 1026/1026/1024 1025/1025/1023
f 1041/1041/1038 1027/1027/1025 1026/1026/1024
f 1042/1042/1039 1028/1028/1026 1027/1027/1025
f 1043/1043/1040 1029/1029/1027 1028/1028/1026
f 1044/1044/1041 1030/1030/1028 1029/1029/1027
f 1045/1045/1042 1031/1031/1029 1030/1030/1028
f 1046/1046/1043 1032/1032/1030 1031/1031/1029
f 1047/1047/1044 1033/1033/1031 1032/1032/1030
f 1048/1048/1045 1034/1034/1032 1033/1033/1031
f 1049/1049/1046 1035/1035/1033 1034/1034/1032
f 1050/1050/1047 1036/1036/1034 1035/1035/1033
f 1051/1051/1048 1037/1037/1035 1036/1036/1034
f 1052/1052/1049 1038/1038/1036 1037/1037/1035
f 1053/1053/1050 1054/1054/298 1038/1038/1036
f 1055/1055/1051 1041/1041/1038 1040/1040/1037
f 1056/1056/1052 1042/1042/1039 1041/1041/1038
f 1057/1057/1053 1043/1043/1040 1042/1042/1039
f 1058/1058/1054 1044/1044/1041 1043/1043/1040
f 1059/1059/1055 1045/1045/1042 1044/1044/1041
f 1060/1060/1056 1046/1046/1043 1045/1045/1042
f 1061/1061/1057 1047/1047/1044 1046/1046/1043
f 1062/1062/1058 1048/1048/1045 1047/1047/1044
f 1063/1063/1059 1049/1049/1046 1048/1048/1045
f 1064/1064/1060 1050/1050/1047 1049/1049/1046
f 1065/1065/1061 1051/1051/1048 1050/1050/1047
f 1066/1066/1062 1052/1052/1049 1051/1051/1048
f 1067/1067/1063 1053/1053/1050 1052/1052/1049
f 1068/1068/1064 1069/1069/1065 1053/1053/1050
f 1070/1070/1066 1056/1056/1052 1055/1055/1051
f 1071/1071/1067 1057/1057/1053 1056/1056/1052
f 1072/1072/1068 1058/1058/1054 1057/1057/1053
f 1073/1073/1069 1059/1059/1055 1058/1058/1054
f 1074/1074/1070 1060/1060/1056 1059/1059/1055
f 1075/1075/1071 1061/1061/1057 1060/1060/1056
f 1076/1076/1072 1062/1062/1058 1061/1061/1057
f 1077/1077/1073 1063/1063/1059 1062/1062/1058
f 1078/1078/1074 1064/1064/1060 1063/1063/1059
f 1079/1079/1075 1065/1065/1061 1064/1064/1060
f 1080/1080/1076 1066/1066/1062 1065/1065/1061
f 1081/1081/1077 1067/1067/1063 1066/1066/1062
f 1082/1082/1078 1068/1068/1064 1067/1067/1063
f 1083/1083/1079 1084/1084/294 1068/1068/1064
f 1085/1085/1080 1071/1071/1067 1070/1070/1066
f 1086/1086/1081 1072/1072/1068 1071/1071/1067
f 1087/1087/1082 1073/1073/1069 1072/1072/1068
f 1088/1088/1083 1074/1074/1070 1073/1073/1069
f 1089/1089/1084 1075/1075/1071 1074/1074/1070
f 1090/1090/1085 1076/1076/1072 1075/1075/1071
f 1091/1091/1086 1077/1077/1073 1076/1076/1072
f 1092/1092/1087 1078/1078/1074 1077/1077/1073
f 1093/1093/1088 1079/1079/1075 1078/1078/1074
f 1094/1094/1089 1080/1080/1076 1079/1079/1075
f 1095/1095/1090 1081/1081/1077 1080/1080/1076
f 1096/1096/1091 1082/1082/1078 1081/1081/1077
f 1097/1097/1092 1083/1083/1079 1082/1082/1078
f 1098/1098/1093 1099/1099/1094 1083/1083/1079
f 1100/1100/1095 1086/1086/1081 1085/1085/1080
f 1101/1101/1096 1087/1087/1082 1086/1086/1081
f 1102/1102/1097 1088/1088/1083 1087/1087/1082
f 1103/1103/1098 1089/1089/1084 1088/1088/1083
f 1104/1104/1099 1090/1090/1085 1089/1089/1084
f 1105/1105/1100 1091/1091/1086 1090/1090/1085
f 1106/1106/1101 1092/1092/1087 1091/1091/1086
f 1107/1107/1102 1093/1093/1088 1092/1092/1087
f 1108/1108/1103 1094/1094/1089 1093/1093/1088
f 1109/1109/1104 1095/1095/1090 1094/1094/1089
f 1110/1110/1105 1096/1096/1091 1095/1095/1090
f 1111/1111/1106 1097/1097/1092 1096/1096/1091
f 1112/1112/1107 1098/1098/1093 1097/1097/1092
f 1113/1113/1108 1114/1114/1109 1098/1098/1093
f 1115/1115/1110 1101/1101/1096 1100/1100/1095
f 1116/1116/1111 1102/1102/1097 1101/1101/1096
f 1117/1117/1112 1103/1103/1098 1102/1102/1097
f 1118/1118/1113 1104/1104/1099 1103/1103/1098
f 1119/1119/1114 1105/1105/1100 1104/1104/1099
f 1120/1120/1115 1106/1106/1101 1105/1105/1100
f 1121/1121/1116 1107/1107/1102 1106/1106/1101
f 1122/1122/1117 1108/1108/1103 1107/1107/1102
f 1123/1123/1118 1109/1109/1104 1108/1108/1103
f 1124/1124/1119 1110/1110/1105 1109/1109/1104
f 1125/1125/1120 1111/1111/1106 1110/1110/1105
f 1126/1126/1121 1112/1112/1107 1111/1111/1106
f 1127/1127/1122 1113/1113/1108 1112/1112/1107
f 1128/1128/1123 1129/1129/1124 1113/1113/1108
f 1130/1130/1125 1116/1116/1111 1115/1115/1110
f 1131/1131/1126 1117/1117/1112 1116/1116/1111
f 1132/1132/1127 1118/1118/1113 1117/1117/1112
f 1133/1133/1128 1119/1119/1114 1118/1118/1113
f 1134/1134/1129 1120/1120/1115 1119/1119/1114
f 1135/1135/1130 1121/1121/1116 1120/1120/1115
f 1136/1136/1131 1122/1122/1117 1121/1121/1116
f 1137/1137/1132 1123/1123/1118 1122/1122/1117
f 1138/1138/1133 1124/1124/1119 1123/1123/1118
f 1139/1139/1134 1125/1125/1120 1124/1124/1119
f 1140/1140/1135 1126/1126/1121 1125/1125/1120
f 1141/1141/1136 1127/1127/1122 1126/1126/1121
f 1142/1142/1137 1128/1128/1123 1127/1127/1122
f 1143/1143/1138 1144/1144/1139 1128/1128/1123
f 1145/1145/1140 1131/1131/1126 1130/1130/1125
f 1146/1146/1141 1132/1132/1127 1131/1131/1126
f 1147/1147/1142 1133/1133/1128 1132/1132/1127
f 1148/1148/1143 1134/1134/1129 1133/1133/1128
f 1149/1149/1144 1135/1135/1130 1134/1134/1129
f 1150/1150/1145 1136/1136/1131 1135/1135/1130
f 1151/1151/1146 1137/1137/1132 1136/1136/1131
f 1152/1152/1147 1138/1138/1133 1137/1137/1132
f 1153/1153/1148 1139/1139/1134 1138/1138/1133
f 1154/1154/1149 1140/1140/1135 1139/1139/1134
f 1155/1155/1150 1141/1141/1136 1140/1140/1135
f 1156/1156/1151 1142/1142/1137 1141/1141/1136
f 1157/1157/1152 1143/1143/1138 1142/1142/1137
f 1158/1158/1153 1159/1159/1154 1143/1143/1138
f 1160/1160/1155 1146/1146/1141 1145/1145/1140
f 1161/1161/1156 1147/1147/1142 1146/1146/1141
f 1162/1162/1157 1148/1148/1143 1147/1147/1142
f 1163/1163/1158 1149/1149/1144 1148/1148/1143
f 1164/1164/1159 1150/1150/1145 1149/1149/1144
f 1165/1165/1160 1151/1151/1146 1150/1150/1145
f 1166/1166/1161 1152/1152/1147 1151/1151/1146
f 1167/1167/1162 1153/1153/1148 1152/1152/1147
f 1168/1168/1163 1154/1154/1149 1153/1153/1148
f 1169/1169/1164 1155/1155/1150 1154/1154/1149
f 1170/1170/1165 1156/1156/1151 1155/1155/1150
f 1171/1171/1166 1157/1157/1152 1156/1156/1151
f 1172/1172/1167 1158/1158/1153 1157/1157/1152
f 1173/1173/1168 1174/1174/1169 1158/1158/1153
f 1175/1175/1170 1161/1161/1156 1160/1160/1155
f 1176/1176/1171 1162/1162/1157 1161/1161/1156
f 1177/1177/1172 1163/1163/1158 1162/1162/1157
f 1178/1178/1173 1164/1164/1159 1163/1163/1158
f 1179/1179/1174 1165/1165/1160 1164/1164/1159
f 1180/1180/1175 1166/1166/1161 1165/1165/1160
f 1181/1181/1176 1167/1167/1162 1166/1166/1161
f 1182/1182/1177 1168/1168/1163 1167/1167/1162
f 1183/1183/1178 1169/1169/1164 1168/1168/1163
f 1184/1184/1179 1170/1170/1165 1169/1169/1164
f 1185/1185/1180 1171/1171/1166 1170/1170/1165
f 1186/1186/1181 1172/1172/1167 1171/1171/1166
f 1187/1187/1182 1173/1173/1168 1172/1172/1167
f 1188/1188/1183 1189/1189/1184 1173/1173/1168
f 1190/1190/1185 1176/1176/1171 1175/1175/1170
f 1191/1191/1186 1177/1177/1172 1176/1176/1171
f 1192/1192/1187 1178/1178/1173 1177/1177/1172
f 1193/1193/1188 1179/1179/1174 1178/1178/1173
f 1194/1194/1189 1180/1180/1175 1179/1179/1174
f 1195/1195/1190 1181/1181/1176 1180/1180/1175
f 1196/1196/1191 1182/1182/1177 1181/1181/1176
f 1197/1197/1192 1183/1183/1178 1182/1182/1177
f 1198/1198/1193 1184/1184/1179 1183/1183/1178
f 1199/1199/1194 1185/1185/1180 1184/1184/1179
f 1200/1200/1195 1186/1186/1181 1185/1185/1180
f 1201/1201/1196 1187/1187/1182 1186/1186/1181
f 1202/1202/1197 1188/1188/1183 1187/1187/1182
f 1203/1203/1198 1204/1204/1199 1188/1188/1183
f 1205/1205/1200 1191/1191/1186 1190/1190/1185
f 1206/1206/1201 1192/1192/1187 1191/1191/1186
f 1207/1207/1202 1193/1193/1188 1192/1192/1187
f 1208/1208/1203 1194/1194/1189 1193/1193/1188
f 1209/1209/1204 1195/1195/1190 1194/1194/1189
f 1210/1210/1205 1196/1196/1191 1195/1195/1190
f 1211/1211/1206 1197/1197/1192 1196/1196/1191
f 1212/1212/1207 1198/1198/1193 1197/1197/1192
f 1213/1213/1208 1199/1199/1194 1198/1198/1193
f 1214/1214/1209 1200/1200/1195 1199/1199/1194
f 1215/1215/1210 1201/1201/1196 1200/1200/1195
f 1216/1216/1211 1202/1202/1197 1201/1201/1196
f 1217/1217/1212 1203/1203/1198 1202/1202/1197
f 1218/1218/1213 1219/1219/276 1203/1203/1198
f 1220/1220/1214 1206/1206/1201 1205/1205/1200
f 1221/1221/1215 1207/1207/1202 1206/1206/1201
f 1222/1222/1216 1208/1208/1203 1207/1207/1202
f 1223/1223/1217 1209/1209/1204 1208/1208/1203
f 1224/1224/1218 1210/1210/1205 1209/1209/1204
f 1225/1225/1219 1211/1211/1206 1210/1210/1205
f 1226/1226/1220 1212/1212/1207 1211/1211/1206
f 1227/1227/1221 1213/1213/1208 1212/1212/1207
f 1228/1228/1222 1214/1214/1209 1213/1213/1208
f 1229/1229/1223 1215/1215/1210 1214/1214/1209
f 1230/1230/1224 1216/1216/1211 1215/1215/1210
f 1231/1231/1225 1217/1217/1212 1216/1216/1211
f 1232/1232/1226 1218/1218/1213 1217/1217/1212
f 1233/1233/1227 1234/1234/274 1218/1218/1213
f 1235/1235/1228 1221/1221/1215 1220/1220/1214
f 1236/1236/1229 1222/1222/1216 1221/1221/1215
f 1237/1237/1230 1223/1223/1217 1222/1222/1216
f 1238/1238/1231 1224/1224/1218 1223/1223/1217
f 1239/1239/1232 1225/1225/1219 1224/1224/1218
f 1240/1240/1233 1226/1226/1220 1225/1225/1219
f 1241/1241/1234 1227/1227/1221 1226/1226/1220
f 1242/1242/1235 1228/1228/1222 1227/1227/1221
f 1243/1243/1236 1229/1229/1223 1228/1228/1222
f 1244/1244/1237 1230/1230/1224 1229/1229/1223
f 1245/1245/1238 1231/1231/1225 1230/1230/1224
f 1246/1246/1239 1232/1232/1226 1231/1231/1225
f 1247/1247/1240 1233/1233/1227 1232/1232/1226
f 1248/1248/1241 1249/1249/1242 1233/1233/1227
f 1250/1250/1243 1251/1251/269 1252/1252/1244
f 1253/1253/1245 1254/1254/254 1251/1251/269
f 1255/1255/1246 1256/1256/239 1254/1254/254
f 1257/1257/1247 1258/1258/224 1256/1256/239
f 1259/1259/1248 1260/1260/1249 1258/1258/224
f 1261/1261/1250 1262/1262/194 1260/1260/1249
f 1263/1263/1251 1264/1264/1252 1262/1262/194
f 1265/1265/1253 1266/1266/1254 1264/1264/1252
f 1267/1267/1255 1268/1268/1256 1266/1266/1254
f 1269/1269/1257 1270/1270/134 1268/1268/1256
f 1271/1271/1258 1272/1272/119 1270/1270/134
f 1273/1273/1259 1274/1274/104 1272/1272/119
f 1275/1275/1260 1276/1276/89 1274/1274/104
f 1277/1277/1261 1278/1278/1262 1276/1276/89
f 1279/1279/1263 1280/1280/59 1278/1278/1262
f 1281/1281/1264 1282/1282/28 1280/1280/59
f 1283/1283/1265 1284/1284/29 1282/1282/28
f 1285/1285/1266 1253/1253/1245 1250/1250/1243
f 1286/1286/1267 1255/1255/1246 1253/1253/1245
f 1287/1287/1268 1257/1257/1247 1255/1255/1246
f 1288/1288/1269 1259/1259/1248 1257/1257/1247
f 1289/1289/1270 1261/1261/1250 1259/1259/1248
f 1290/1290/1271 1263/1263/1251 1261/1261/1250
f 1291/1291/1272 1265/1265/1253 1263/1263/1251
f 1292/1292/1273 1267/1267/1255 1265/1265/1253
f 1293/1293/1274 1269/1269/1257 1267/1267/1255
f 1294/1294/1275 1271/1271/1258 1269/1269/1257
f 1295/1295/1276 1273/1273/1259 1271/1271/1258
f 1296/1296/1277 1275/1275/1260 1273/1273/1259
f 1297/1297/1278 1277/1277/1261 1275/1275/1260
f 1298/1298/1279 1279/1279/1263 1277/1277/1261
f 1299/1299/1280 1281/1281/1264 1279/1279/1263
f 1300/1300/1281 1283/1283/1265 1281/1281/1264
f 1301/1301/1282 1302/1302/1283 1283/1283/1265
f 1303/1303/1284 1286/1286/1267 1285/1285/1266
f 1304/1304/1285 1287/1287/1268 1286/1286/1267
f 1305/1305/1286 1288/1288/1269 1287/1287/1268
f 1306/1306/1287 1289/1289/1270 1288/1288/1269
f 1307/1307/1288 1290/1290/1271 1289/1289/1270
f 1308/1308/1289 1291/1291/1272 1290/1290/1271
f 1309/1309/1290 1292/1292/1273 1291/1291/1272
f 1310/1310/1291 1293/1293/1274 1292/1292/1273
f 1311/1311/1292 1294/1294/1275 1293/1293/1274
f 1312/1312/1293 1295/1295/1276 1294/1294/1275
f 1313/1313/1294 1296/1296/1277 1295/1295/1276
f 1314/1314/1295 1297/1297/1278 1296/1296/1277
f 1315/1315/1296 1298/1298/1279 1297/1297/1278
f 1316/1316/1297 1299/1299/1280 1298/1298/1279
f 1317/1317/1298 1300/1300/1281 1299/1299/1280
f 1318/1318/1299 1301/1301/1282 1300/1300/1281
f 1319/1319/1300 1320/1320/1301 1301/1301/1282
f 1321/1321/1302 1304/1304/1285 1303/1303/1284
f 1322/1322/1303 1305/1305/1286 1304/1304/1285
f 1323/1323/1304 1306/1306/1287 1305/1305/1286
f 1324/1324/1305 1307/1307/1288 1306/1306/1287
f 1325/1325/1306 1308/1308/1289 1307/1307/1288
f 1326/1326/1307 1309/1309/1290 1308/1308/1289
f 1327/1327/1308 1310/1310/1291 1309/1309/1290
f 1328/1328/1309 1311/1311/1292 1310/1310/1291
f 1329/1329/1310 1312/1312/1293 1311/1311/1292
f 1330/1330/1311 1313/1313/1294 1312/1312/1293
f 1331/1331/1312 1314/1314/1295 1313/1313/1294
f 1332/1332/1313 1315/1315/1296 1314/1314/1295
f 1333/1333/1314 1316/1316/1297 1315/1315/1296
f 1334/1334/1315 1317/1317/1298 1316/1316/1297
f 1335/1335/1316 1318/1318/1299 1317/1317/1298
f 1336/1336/1317 1319/1319/1300 1318/1318/1299
f 1337/1337/1318 1338/1338/1319 1319/1319/1300
f 1339/1339/1320 1322/1322/1303 1321/1321/1302
f 1340/1340/1321 1323/1323/1304 1322/1322/1303
f 1341/1341/1322 1324/1324/1305 1323/1323/1304
f 1342/1342/1323 1325/1325/1306 1324/1324/1305
f 1343/1343/1324 1326/1326/1307 1325/1325/1306
f 1344/1344/1325 1327/1327/1308 1326/1326/1307
f 1345/1345/1326 1328/1328/1309 1327/1327/1308
f 1346/1346/1327 1329/1329/1310 1328/1328/1309
f 1347/1347/1328 1330/1330/1311 1329/1329/1310
f 1348/1348/1329 1331/1331/1312 1330/1330/1311
f 1349/1349/1330 1332/1332/1313 1331/1331/1312
f 1350/1350/1331 1333/1333/1314 1332/1332/1313
f 1351/1351/1332 1334/1334/1315 1333/1333/1314
f 1352/1352/1333 1335/1335/1316 1334/1334/1315
f 1353/1353/1334 1336/1336/1317 1335/1335/1316
f 1354/1354/1335 1337/1337/1318 1336/1336/1317
f 1355/1355/1336 1356/1356/1337 1337/1337/1318
f 1357/1357/1338 1340/1340/1321 1339/1339/1320
f 1358/1358/1339 1341/1341/1322 1340/1340/1321
f 1359/1359/1340 1342/1342/1323 1341/1341/1322
f 1360/1360/1341 1343/1343/1324 1342/1342/1323
f 1361/1361/1342 1344/1344/1325 1343/1343/1324
f 1362/1362/1343 1345/1345/1326 1344/1344/1325
f 1363/1363/1344 1346/1346/1327 1345/1345/1326
f 1364/1364/1345 1347/1347/1328 1346/1346/1327
f 1365/1365/1346 1348/1348/1329 1347/1347/1328
f 1366/1366/1347 1349/1349/1330 1348/1348/1329
f 1367/1367/1348 1350/1350/1331 1349/1349/1330
f 1368/1368/1349 1351/1351/1332 1350/1350/1331
f 1369/1369/1350 1352/1352/1333 1351/1351/1332
f 1370/1370/1351 1353/1353/1334 1352/1352/1333
f 1371/1371/1352 1354/1354/1335 1353/1353/1334
f 1372/1372/1353 1355/1355/1336 1354/1354/1335
f 1373/1373/1354 1374/1374/1355 1355/1355/1336
f 1375/1375/1356 1358/1358/1339 1357/1357/1338
f 1376/1376/1357 1359/1359/1340 1358/1358/1339
f 1377/1377/1358 1360/1360/1341 1359/1359/1340
f 1378/1378/1359 1361/1361/1342 1360/1360/1341
f 1379/1379/1360 1362/1362/1343 1361/1361/1342
f 1380/1380/1361 1363/1363/1344 1362/1362/1343
f 1381/1381/1362 1364/1364/1345 1363/1363/1344
f 1382/1382/1363 1365/1365/1346 1364/1364/1345
f 1383/1383/1364 1366/1366/1347 1365/1365/1346
f 1384/1384/1365 1367/1367/1348 1366/1366/1347
f 1385/1385/1366 1368/1368/1349 1367/1367/1348
f 1386/1386/1367 1369/1369/1350 1368/1368/1349
f 1387/1387/1368 1370/1370/1351 1369/1369/1350
f 1388/1388/1369 1371/1371/1352 1370/1370/1351
f 1389/1389/1370 1372/1372/1353 1371/1371/1352
f 1390/1390/1371 1373/1373/1354 1372/1372/1353
f 1391/1391/1372 1392/1392/1373 1373/1373/1354
f 1393/1393/1374 1376/1376/1357 1375/1375/1356
f 1394/1394/1375 1377/1377/1358 1376/1376/1357
f 1395/1395/1376 1378/1378/1359 1377/1377/1358
f 1396/1396/1377 1379/1379/1360 1378/1378/1359
f 1397/1397/1378 1380/1380/1361 1379/1379/1360
f 1398/1398/1379 1381/1381/1362 1380/1380/1361
f 1399/1399/1380 1382/1382/1363 1381/1381/1362
f 1400/1400/1381 1383/1383/1364 1382/1382/1363
f 1401/1401/1382 1384/1384/1365 1383/1383/1364
f 1402/1402/1383 1385/1385/1366 1384/1384/1365
f 1403/1403/1384 1386/1386/1367 1385/1385/1366
f 1404/1404/1385 1387/1387/1368 1386/1386/1367
f 1405/1405/1386 1388/1388/1369 1387/1387/1368
f 1406/1406/1387 1389/1389/1370 1388/1388/1369
f 1407/1407/1388 1390/1390/1371 1389/1389/1370
f 1408/1408/1389 1391/1391/1372 1390/1390/1371
f 1409/1409/1390 1410/1410/1391 1391/1391/1372
f 1411/1411/1392 1394/1394/1375 1393/1393/1374
f 1412/1412/1393 1395/1395/1376 1394/1394/1375
f 1413/1413/1394 1396/1396/1377 1395/1395/1376
f 1414/1414/1395 1397/1397/1378 1396/1396/1377
f 1415/1415/1396 1398/1398/1379 1397/1397/1378
f 1416/1416/1397 1399/1399/1380 1398/1398/1379
f 1417/1417/1398 1400/1400/1381 1399/1399/1380
f 1418/1418/1399 1401/1401/1382 1400/1400/1381
f 1419/1419/1400 1402/1402/1383 1401/1401/1382
f 1420/1420/1401 1403/1403/1384 1402/1402/1383
f 1421/1421/1402 1404/1404/1385 1403/1403/1384
f 1422/1422/1403 1405/1405/1386 1404/1404/1385
f 1423/1423/1404 1406/1406/1387 1405/1405/1386
f 1424/1424/1405 1407/1407/1388 1406/1406/1387
f 1425/1425/1406 1408/1408/1389 1407/1407/1388
f 1426/1426/1407 1409/1409/1390 1408/1408/1389
f 1427/1427/1408 1428/1428/1409 1409/1409/1390
f 1429/1429/1410 1412/1412/1393 1411/1411/1392
f 1430/1430/1411 1413/1413/1394 1412/1412/1393
f 1431/1431/1412 1414/1414/1395 1413/1413/1394
f 1432/1432/1413 1415/1415/1396 1414/1414/1395
f 1433/1433/1414 1416/1416/1397 1415/1415/1396
f 1434/1434/1415 1417/1417/1398 1416/1416/1397
f 1435/1435/1416 1418/1418/1399 1417/1417/1398
f 1436/1436/1417 1419/1419/1400 1418/1418/1399
f 1437/1437/1418 1420/1420/1401 1419/1419/1400
f 1438/1438/1419 1421/1421/1402 1420/1420/1401
f 1439/1439/1420 1422/1422/1403 1421/1421/1402
f 1440/1440/1421 1423/1423/1404 1422/1422/1403
f 1441/1441/1422 1424/1424/1405 1423/1423/1404
f 1442/1442/1423 1425/1425/1406 1424/1424/1405
f 1443/1443/1424 1426/1426/1407 1425/1425/1406
f 1444/1444/1425 1427/1427/1408 1426/1426/1407
f 1445/1445/1426 1446/1446/1427 1427/1427/1408
f 1447/1447/1428 1430/1430/1411 1429/1429/1410
f 1448/1448/1429 1431/1431/1412 1430/1430/1411
f 1449/1449/1430 1432/1432/1413 1431/1431/1412
f 1450/1450/1431 1433/1433/1414 1432/1432/1413
f 1451/1451/1432 1434/1434/1415 1433/1433/1414
f 1452/1452/1433 1435/1435/1416 1434/1434/1415
f 1453/1453/1434 1436/1436/1417 1435/1435/1416
f 1454/1454/1435 1437/1437/1418 1436/1436/1417
f 1455/1455/1436 1438/1438/1419 1437/1437/1418
f 1456/1456/1437 1439/1439/1420 1438/1438/1419
f 1457/1457/1438 1440/1440/1421 1439/1439/1420
f 1458/1458/1439 1441/1441/1422 1440/1440/1421
f 1459/1459/1440 1442/1442/1423 1441/1441/1422
f 1460/1460/1441 1443/1443/1424 1442/1442/1423
f 1461/1461/1442 1444/1444/1425 1443/1443/1424
f 1462/1462/1443 1445/1445/1426 1444/1444/1425
f 1463/1463/1444 1464/1464/1445 1445/1445/1426
f 1465/1465/1446 1448/1448/1429 1447/1447/1428
f 1466/1466/1447 1449/1449/1430 1448/1448/1429
f 1467/1467/1448 1450/1450/1431 1449/1449/1430
f 1468/1468/1449 1451/1451/1432 1450/1450/1431
f 1469/1469/1450 1452/1452/1433 1451/1451/1432
f 1470/1470/1451 1453/1453/1434 1452/1452/1433
f 1471/1471/1452 1454/1454/1435 1453/1453/1434
f 1472/1472/1453 1455/1455/1436 1454/1454/1435
f 1473/1473/1454 1456/1456/1437 1455/1455/1436
f 1474/1474/1455 1457/1457/1438 1456/1456/1437
f 1475/1475/1456 1458/1458/1439 1457/1457/1438
f 1476/1476/1457 1459/1459/1440 1458/1458/1439
f 1477/1477/1458 1460/1460/1441 1459/1459/1440
f 1478/1478/1459 1461/1461/1442 1460/1460/1441
f 1479/1479/1460 1462/1462/1443 1461/1461/1442
f 1480/1480/1461 1463/1463/1444 1462/1462/1443
f 1481/1481/1462 1482/1482/1463 1463/1463/1444
f 1235/1235/1228 1466/1466/1447 1465/1465/1446
f 1220/1220/1214 1467/1467/1448 1466/1466/1447
f 1205/1205/1200 1468/1468/1449 1467/1467/1448
f 1190/1190/1185 1469/1469/1450 1468/1468/1449
f 1175/1175/1170 1470/1470/1451 1469/1469/1450
f 1160/1160/1155 1471/1471/1452 1470/1470/1451
f 1145/1145/1140 1472/1472/1453 1471/1471/1452
f 1130/1130/1125 1473/1473/1454 1472/1472/1453
f 1115/1115/1110 1474/1474/1455 1473/1473/1454
f 1100/1100/1095 1475/1475/1456 1474/1474/1455
f 1085/1085/1080 1476/1476/1457 1475/1475/1456
f 1070/1070/1066 1477/1477/1458 1476/1476/1457
f 1055/1055/1051 1478/1478/1459 1477/1477/1458
f 1040/1040/1037 1479/1479/1460 1478/1478/1459
f 1025/1025/1023 1480/1480/1461 1479/1479/1460
f 1010/1010/1009 1481/1481/1462 1480/1480/1461
f 981/981/981 1483/1483/1464 1481/1481/1462
f 1248/1248/1241 1484/1484/1465 1485/1485/272
f 1486/1486/1466 1487/1487/1467 1484/1484/1465
f 1488/1488/1468 1489/1489/1469 1487/1487/1467
f 1490/1490/1470 1491/1491/1471 1489/1489/1469
f 1491/1491/1471 1492/1492/1472 1493/1493/1473
f 1493/1493/1473 1494/1494/1474 1495/1495/1475
f 1495/1495/1475 1496/1496/1476 1497/1497/1477
f 1497/1497/1477 1498/1498/1478 1499/1499/1479
f 1499/1499/1479 1500/1500/1480 1501/1501/1481
f 1501/1501/1481 1502/1502/1482 1503/1503/1483
f 1502/1502/1482 1504/1504/1484 1503/1503/1483
f 1505/1505/1485 1506/1506/1486 1504/1504/1484
f 1507/1507/1487 1508/1508/1488 1506/1506/1486
f 1509/1509/1489 1510/1510/1490 1508/1508/1488
f 1511/1511/1491 1512/1512/1492 1510/1510/1490
f 1513/1513/1493 1514/1514/1494 1512/1512/1492
f 1515/1515/1495 1516/1516/1496 1514/1514/1494
f 1247/1247/1240 1486/1486/1466 1248/1248/1241
f 1517/1517/1497 1488/1488/1468 1486/1486/1466
f 1518/1518/1498 1490/1490/1470 1488/1488/1468
f 1519/1519/1499 1520/1520/1500 1490/1490/1470
f 1520/1520/1500 1521/1521/1501 1492/1492/1472
f 1492/1492/1472 1522/1522/1502 1494/1494/1474
f 1494/1494/1474 1523/1523/1503 1496/1496/1476
f 1496/1496/1476 1524/1524/1504 1498/1498/1478
f 1498/1498/1478 1525/1525/1505 1500/1500/1480
f 1525/1525/1505 1502/1502/1482 1500/1500/1480
f 1526/1526/1506 1505/1505/1485 1502/1502/1482
f 1527/1527/1507 1507/1507/1487 1505/1505/1485
f 1528/1528/1508 1509/1509/1489 1507/1507/1487
f 1529/1529/1509 1511/1511/1491 1509/1509/1489
f 1530/1530/1510 1513/1513/1493 1511/1511/1491
f 1531/1531/1511 1515/1515/1495 1513/1513/1493
f 1532/1532/1512 1533/1533/1513 1515/1515/1495
f 1246/1246/1239 1517/1517/1497 1247/1247/1240
f 1534/1534/1514 1518/1518/1498 1517/1517/1497
f 1535/1535/1515 1519/1519/1499 1518/1518/1498
f 1536/1536/1516 1537/1537/1517 1519/1519/1499
f 1537/1537/1517 1538/1538/1518 1521/1521/1501
f 1521/1521/1501 1539/1539/1519 1522/1522/1502
f 1522/1522/1502 1540/1540/1520 1523/1523/1503
f 1523/1523/1503 1541/1541/1521 1524/1524/1504
f 1524/1524/1504 1542/1542/1522 1525/1525/1505
f 1542/1542/1522 1526/1526/1506 1525/1525/1505
f 1543/1543/1523 1527/1527/1507 1526/1526/1506
f 1544/1544/1524 1528/1528/1508 1527/1527/1507
f 1545/1545/1525 1529/1529/1509 1528/1528/1508
f 1546/1546/1526 1530/1530/1510 1529/1529/1509
f 1547/1547/1527 1531/1531/1511 1530/1530/1510
f 1548/1548/1528 1532/1532/1512 1531/1531/1511
f 1549/1549/1529 1550/1550/1530 1532/1532/1512
f 1245/1245/1238 1534/1534/1514 1246/1246/1239
f 1551/1551/1531 1535/1535/1515 1534/1534/1514
f 1552/1552/1532 1536/1536/1516 1535/1535/1515
f 1553/1553/1533 1554/1554/1534 1536/1536/1516
f 1554/1554/1534 1555/1555/1535 1538/1538/1518
f 1538/1538/1518 1556/1556/1536 1539/1539/1519
f 1539/1539/1519 1557/1557/1537 1540/1540/1520
f 1540/1540/1520 1558/1558/1538 1541/1541/1521
f 1541/1541/1521 1559/1559/1539 1542/1542/1522
f 1559/1559/1539 1543/1543/1523 1542/1542/1522
f 1560/1560/1540 1544/1544/1524 1543/1543/1523
f 1561/1561/1541 1545/1545/1525 1544/1544/1524
f 1562/1562/1542 1546/1546/1526 1545/1545/1525
f 1563/1563/1543 1547/1547/1527 1546/1546/1526
f 1564/1564/1544 1548/1548/1528 1547/1547/1527
f 1565/1565/1545 1549/1549/1529 1548/1548/1528
f 1566/1566/1546 1567/1567/1547 1549/1549/1529
f 1244/1244/1237 1551/1551/1531 1245/1245/1238
f 1568/1568/1548 1552/1552/1532 1551/1551/1531
f 1569/1569/1549 1553/1553/1533 1552/1552/1532
f 1553/1553/1533 1570/1570/1550 1571/1571/1551
f 1571/1571/1551 1572/1572/1552 1555/1555/1535
f 1555/1555/1535 1573/1573/1553 1556/1556/1536
f 1556/1556/1536 1574/1574/1554 1557/1557/1537
f 1557/1557/1537 1575/1575/1555 1558/1558/1538
f 1558/1558/1538 1576/1576/1556 1559/1559/1539
f 1559/1559/1539 1577/1577/1557 1560/1560/1540
f 1577/1577/1557 1561/1561/1541 1560/1560/1540
f 1578/1578/1558 1562/1562/1542 1561/1561/1541
f 1579/1579/1559 1563/1563/1543 1562/1562/1542
f 1580/1580/1560 1564/1564/1544 1563/1563/1543
f 1581/1581/1561 1565/1565/1545 1564/1564/1544
f 1582/1582/1562 1566/1566/1546 1565/1565/1545
f 1583/1583/1563 1584/1584/1564 1566/1566/1546
f 1243/1243/1236 1568/1568/1548 1244/1244/1237
f 1585/1585/1565 1569/1569/1549 1568/1568/1548
f 1586/1586/1566 1587/1587/1567 1569/1569/1549
f 1587/1587/1567 1588/1588/1568 1570/1570/1550
f 1570/1570/1550 1589/1589/1569 1572/1572/1552
f 1572/1572/1552 1590/1590/1570 1573/1573/1553
f 1573/1573/1553 1591/1591/1571 1574/1574/1554
f 1574/1574/1554 1592/1592/1572 1575/1575/1555
f 1575/1575/1555 1593/1593/1573 1576/1576/1556
f 1576/1576/1556 1594/1594/1574 1577/1577/1557
f 1594/1594/1574 1578/1578/1558 1577/1577/1557
f 1595/1595/1575 1579/1579/1559 1578/1578/1558
f 1596/1596/1576 1580/1580/1560 1579/1579/1559
f 1597/1597/1577 1581/1581/1561 1580/1580/1560
f 1598/1598/1578 1582/1582/1562 1581/1581/1561
f 1599/1599/1579 1583/1583/1563 1582/1582/1562
f 1600/1600/1580 1601/1601/1581 1583/1583/1563
f 1242/1242/1235 1585/1585/1565 1243/1243/1236
f 1602/1602/1582 1586/1586/1566 1585/1585/1565
f 1603/1603/1583 1604/1604/1584 1586/1586/1566
f 1604/1604/1584 1605/1605/1585 1588/1588/1568
f 1588/1588/1568 1606/1606/1586 1589/1589/1569
f 1589/1589/1569 1607/1607/1587 1590/1590/1570
f 1590/1590/1570 1608/1608/1588 1591/1591/1571
f 1591/1591/1571 1609/1609/1589 1592/1592/1572
f 1592/1592/1572 1610/1610/1590 1593/1593/1573
f 1593/1593/1573 1611/1611/1591 1594/1594/1574
f 1611/1611/1591 1595/1595/1575 1594/1594/1574
f 1612/1612/1592 1596/1596/1576 1595/1595/1575
f 1613/1613/1593 1597/1597/1577 1596/1596/1576
f 1614/1614/1594 1598/1598/1578 1597/1597/1577
f 1615/1615/1595 1599/1599/1579 1598/1598/1578
f 1616/1616/1596 1600/1600/1580 1599/1599/1579
f 1617/1617/1597 1618/1618/1598 1600/1600/1580
f 1241/1241/1234 1602/1602/1582 1242/1242/1235
f 1619/1619/1599 1603/1603/1583 1602/1602/1582
f 1603/1603/1583 1620/1620/1600 1621/1621/1601
f 1621/1621/1601 1622/1622/1602 1605/1605/1585
f 1605/1605/1585 1623/1623/1603 1606/1606/1586
f 1606/1606/1586 1624/1624/1604 1607/1607/1587
f 1607/1607/1587 1625/1625/1605 1608/1608/1588
f 1608/1608/1588 1626/1626/1606 1609/1609/1589
f 1609/1609/1589 1627/1627/1607 1610/1610/1590
f 1610/1610/1590 1628/1628/1608 1611/1611/1591
f 1611/1611/1591 1629/1629/1609 1612/1612/1592
f 1612/1612/1592 1630/1630/1610 1613/1613/1593
f 1630/1630/1610 1614/1614/1594 1613/1613/1593
f 1631/1631/1611 1615/1615/1595 1614/1614/1594
f 1632/1632/1612 1616/1616/1596 1615/1615/1595
f 1633/1633/1613 1617/1617/1597 1616/1616/1596
f 1634/1634/1614 1635/1635/1615 1617/1617/1597
f 1240/1240/1233 1619/1619/1599 1241/1241/1234
f 1619/1619/1599 1636/1636/1616 1637/1637/1617
f 1637/1637/1617 1638/1638/1618 1620/1620/1600
f 1620/1620/1600 1639/1639/1619 1622/1622/1602
f 1622/1622/1602 1640/1640/1620 1623/1623/1603
f 1623/1623/1603 1641/1641/1621 1624/1624/1604
f 1624/1624/1604 1642/1642/1622 1625/1625/1605
f 1625/1625/1605 1643/1643/1623 1626/1626/1606
f 1626/1626/1606 1644/1644/1624 1627/1627/1607
f 1627/1627/1607 1645/1645/1625 1628/1628/1608
f 1628/1628/1608 1646/1646/1626 1629/1629/1609
f 1629/1629/1609 1647/1647/1627 1630/1630/1610
f 1630/1630/1610 1648/1648/1628 1631/1631/1611
f 1648/1648/1628 1632/1632/1612 1631/1631/1611
f 1649/1649/1629 1633/1633/1613 1632/1632/1612
f 1650/1650/1630 1634/1634/1614 1633/1633/1613
f 1651/1651/1631 1652/1652/1632 1634/1634/1614
f 1240/1240/1233 1653/1653/1633 1654/1654/1634
f 1654/1654/1634 1655/1655/1635 1636/1636/1616
f 1636/1636/1616 1656/1656/1636 1638/1638/1618
f 1638/1638/1618 1657/1657/1637 1639/1639/1619
f 1639/1639/1619 1658/1658/1638 1640/1640/1620
f 1640/1640/1620 1659/1659/1639 1641/1641/1621
f 1641/1641/1621 1660/1660/1640 1642/1642/1622
f 1642/1642/1622 1661/1661/1641 1643/1643/1623
f 1643/1643/1623 1662/1662/1642 1644/1644/1624
f 1644/1644/1624 1663/1663/1643 1645/1645/1625
f 1645/1645/1625 1664/1664/1644 1646/1646/1626
f 1646/1646/1626 1665/1665/1645 1647/1647/1627
f 1647/1647/1627 1666/1666/1646 1648/1648/1628
f 1648/1648/1628 1667/1667/1647 1649/1649/1629
f 1649/1649/1629 1668/1668/1648 1650/1650/1630
f 1668/1668/1648 1651/1651/1631 1650/1650/1630
f 1669/1669/1649 1670/1670/1650 1651/1651/1631
f 1239/1239/1232 1671/1671/1651 1653/1653/1633
f 1653/1653/1633 1672/1672/1652 1655/1655/1635
f 1655/1655/1635 1673/1673/1653 1656/1656/1636
f 1656/1656/1636 1674/1674/1654 1657/1657/1637
f 1657/1657/1637 1675/1675/1655 1658/1658/1638
f 1658/1658/1638 1676/1676/1656 1659/1659/1639
f 1659/1659/1639 1677/1677/1657 1660/1660/1640
f 1660/1660/1640 1678/1678/1658 1661/1661/1641
f 1661/1661/1641 1679/1679/1659 1662/1662/1642
f 1662/1662/1642 1680/1680/1660 1663/1663/1643
f 1663/1663/1643 1681/1681/1661 1664/1664/1644
f 1664/1664/1644 1682/1682/1662 1665/1665/1645
f 1665/1665/1645 1683/1683/1663 1666/1666/1646
f 1666/1666/1646 1684/1684/1664 1667/1667/1647
f 1667/1667/1647 1685/1685/1665 1668/1668/1648
f 1668/1668/1648 1686/1686/1666 1669/1669/1649
f 1686/1686/1666 1687/1687/1667 1669/1669/1649
f 1238/1238/1231 1688/1688/1668 1671/1671/1651
f 1671/1671/1651 1689/1689/1669 1672/1672/1652
f 1672/1672/1652 1690/1690/1670 1673/1673/1653
f 1673/1673/1653 1691/1691/1671 1674/1674/1654
f 1674/1674/1654 1692/1692/1672 1675/1675/1655
f 1675/1675/1655 1693/1693/1673 1676/1676/1656
f 1676/1676/1656 1694/1694/1674 1677/1677/1657
f 1677/1677/1657 1695/1695/1675 1678/1678/1658
f 1678/1678/1658 1696/1696/1676 1679/1679/1659
f 1679/1679/1659 1697/1697/1677 1680/1680/1660
f 1680/1680/1660 1698/1698/1678 1681/1681/1661
f 1681/1681/1661 1699/1699/1679 1682/1682/1662
f 1682/1682/1662 1700/1700/1680 1683/1683/1663
f 1683/1683/1663 1701/1701/1681 1684/1684/1664
f 1684/1684/1664 1702/1702/1682 1685/1685/1665
f 1685/1685/1665 1703/1703/1683 1686/1686/1666
f 1703/1703/1683 1704/1704/1684 1686/1686/1666
f 1237/1237/1230 1705/1705/1685 1688/1688/1668
f 1688/1688/1668 1706/1706/1686 1689/1689/1669
f 1689/1689/1669 1707/1707/1687 1690/1690/1670
f 1690/1690/1670 1708/1708/1688 1691/1691/1671
f 1691/1691/1671 1709/1709/1689 1692/1692/1672
f 1692/1692/1672 1710/1710/1690 1693/1693/1673
f 1693/1693/1673 1711/1711/1691 1694/1694/1674
f 1694/1694/1674 1712/1712/1692 1695/1695/1675
f 1695/1695/1675 1713/1713/1693 1696/1696/1676
f 1696/1696/1676 1714/1714/1694 1697/1697/1677
f 1697/1697/1677 1715/1715/1695 1698/1698/1678
f 1698/1698/1678 1716/1716/1696 1699/1699/1679
f 1699/1699/1679 1717/1717/1697 1700/1700/1680
f 1700/1700/1680 1718/1718/1698 1701/1701/1681
f 1701/1701/1681 1719/1719/1699 1702/1702/1682
f 1702/1702/1682 1720/1720/1700 1703/1703/1683
f 1703/1703/1683 1721/1721/1701 1722/1722/1702
f 1236/1236/1229 1723/1723/1703 1705/1705/1685
f 1705/1705/1685 1724/1724/1704 1706/1706/1686
f 1706/1706/1686 1725/1725/1705 1707/1707/1687
f 1707/1707/1687 1726/1726/1706 1708/1708/1688
f 1708/1708/1688 1727/1727/1707 1709/1709/1689
f 1709/1709/1689 1728/1728/1708 1710/1710/1690
f 1710/1710/1690 1729/1729/1709 1711/1711/1691
f 1711/1711/1691 1730/1730/1710 1712/1712/1692
f 1712/1712/1692 1731/1731/1711 1713/1713/1693
f 1713/1713/1693 1732/1732/1712 1714/1714/1694
f 1714/1714/1694 1733/1733/1713 1715/1715/1695
f 1715/1715/1695 1734/1734/1714 1716/1716/1696
f 1716/1716/1696 1735/1735/1715 1717/1717/1697
f 1717/1717/1697 1736/1736/1716 1718/1718/1698
f 1718/1718/1698 1737/1737/1717 1719/1719/1699
f 1719/1719/1699 1738/1738/1718 1720/1720/1700
f 1720/1720/1700 1739/1739/1719 1721/1721/1701
f 1739/1739/1719 1740/1740/1720 1741/1741/1721
f 1741/1741/1721 1742/1742/1722 1743/1743/1723
f 1742/1742/1722 1744/1744/1724 1743/1743/1723
f 1745/1745/1725 1746/1746/1726 1744/1744/1724
f 1747/1747/1727 1748/1748/1728 1746/1746/1726
f 1749/1749/1729 1750/1750/1730 1748/1748/1728
f 1751/1751/1731 1752/1752/1732 1750/1750/1730
f 1753/1753/1733 1754/1754/1734 1752/1752/1732
f 1755/1755/1735 1756/1756/1736 1754/1754/1734
f 1757/1757/1737 1758/1758/1738 1756/1756/1736
f 1759/1759/1739 1760/1760/1740 1758/1758/1738
f 1761/1761/1741 1762/1762/1742 1760/1760/1740
f 1763/1763/1743 1764/1764/1744 1762/1762/1742
f 1738/1738/1718 1765/1765/1745 1740/1740/1720
f 1740/1740/1720 1766/1766/1746 1742/1742/1722
f 1742/1742/1722 1767/1767/1747 1745/1745/1725
f 1767/1767/1747 1747/1747/1727 1745/1745/1725
f 1768/1768/1748 1749/1749/1729 1747/1747/1727
f 1769/1769/1749 1751/1751/1731 1749/1749/1729
f 1770/1770/1750 1753/1753/1733 1751/1751/1731
f 1771/1771/1751 1755/1755/1735 1753/1753/1733
f 1772/1772/1752 1757/1757/1737 1755/1755/1735
f 1773/1773/1753 1759/1759/1739 1757/1757/1737
f 1774/1774/1754 1761/1761/1741 1759/1759/1739
f 1775/1775/1755 1763/1763/1743 1761/1761/1741
f 1776/1776/1756 1777/1777/1757 1763/1763/1743
f 1737/1737/1717 1778/1778/1758 1765/1765/1745
f 1765/1765/1745 1779/1779/1759 1766/1766/1746
f 1766/1766/1746 1780/1780/1760 1767/1767/1747
f 1767/1767/1747 1781/1781/1761 1768/1768/1748
f 1781/1781/1761 1769/1769/1749 1768/1768/1748
f 1782/1782/1762 1770/1770/1750 1769/1769/1749
f 1783/1783/1763 1771/1771/1751 1770/1770/1750
f 1784/1784/1764 1772/1772/1752 1771/1771/1751
f 1785/1785/1765 1773/1773/1753 1772/1772/1752
f 1786/1786/1766 1774/1774/1754 1773/1773/1753
f 1787/1787/1767 1775/1775/1755 1774/1774/1754
f 1788/1788/1768 1776/1776/1756 1775/1775/1755
f 1789/1789/1769 1790/1790/1770 1776/1776/1756
f 1736/1736/1716 1791/1791/1771 1778/1778/1758
f 1778/1778/1758 1792/1792/1772 1779/1779/1759
f 1779/1779/1759 1793/1793/1773 1780/1780/1760
f 1780/1780/1760 1794/1794/1774 1781/1781/1761
f 1781/1781/1761 1795/1795/1775 1782/1782/1762
f 1795/1795/1775 1783/1783/1763 1782/1782/1762
f 1796/1796/1776 1784/1784/1764 1783/1783/1763
f 1797/1797/1777 1785/1785/1765 1784/1784/1764
f 1798/1798/1778 1786/1786/1766 1785/1785/1765
f 1799/1799/1779 1787/1787/1767 1786/1786/1766
f 1800/1800/1780 1788/1788/1768 1787/1787/1767
f 1801/1801/1781 1789/1789/1769 1788/1788/1768
f 1802/1802/1782 1803/1803/1783 1789/1789/1769
f 1735/1735/1715 1804/1804/1784 1791/1791/1771
f 1791/1791/1771 1805/1805/1785 1792/1792/1772
f 1792/1792/1772 1806/1806/1786 1793/1793/1773
f 1793/1793/1773 1807/1807/1787 1794/1794/1774
f 1794/1794/1774 1808/1808/1788 1795/1795/1775
f 1808/1808/1788 1796/1796/1776 1795/1795/1775
f 1809/1809/1789 1797/1797/1777 1796/1796/1776
f 1810/1810/1790 1798/1798/1778 1797/1797/1777
f 1811/1811/1791 1799/1799/1779 1798/1798/1778
f 1812/1812/1792 1800/1800/1780 1799/1799/1779
f 1813/1813/1793 1801/1801/1781 1800/1800/1780
f 1814/1814/1794 1802/1802/1782 1801/1801/1781
f 1815/1815/1795 1816/1816/1796 1802/1802/1782
f 1734/1734/1714 1817/1817/1797 1804/1804/1784
f 1804/1804/1784 1818/1818/1798 1805/1805/1785
f 1805/1805/1785 1819/1819/1799 1806/1806/1786
f 1806/1806/1786 1820/1820/1800 1807/1807/1787
f 1807/1807/1787 1821/1821/1801 1808/1808/1788
f 1808/1808/1788 1822/1822/1802 1809/1809/1789
f 1822/1822/1802 1810/1810/1790 1809/1809/1789
f 1823/1823/1803 1811/1811/1791 1810/1810/1790
f 1824/1824/1804 1812/1812/1792 1811/1811/1791
f 1825/1825/1805 1813/1813/1793 1812/1812/1792
f 1826/1826/1806 1814/1814/1794 1813/1813/1793
f 1827/1827/1807 1815/1815/1795 1814/1814/1794
f 1828/1828/1808 1829/1829/1809 1815/1815/1795
f 1733/1733/1713 1830/1830/1810 1817/1817/1797
f 1817/1817/1797 1831/1831/1811 1818/1818/1798
f 1818/1818/1798 1832/1832/1812 1819/1819/1799
f 1819/1819/1799 1833/1833/1813 1820/1820/1800
f 1820/1820/1800 1834/1834/1814 1821/1821/1801
f 1821/1821/1801 1835/1835/1815 1822/1822/1802
f 1822/1822/1802 1836/1836/1816 1823/1823/1803
f 1836/1836/1816 1824/1824/1804 1823/1823/1803
f 1837/1837/1817 1825/1825/1805 1824/1824/1804
f 1838/1838/1818 1826/1826/1806 1825/1825/1805
f 1839/1839/1819 1827/1827/1807 1826/1826/1806
f 1840/1840/1820 1828/1828/1808 1827/1827/1807
f 1841/1841/1821 1842/1842/1822 1828/1828/1808
f 1732/1732/1712 1843/1843/1823 1830/1830/1810
f 1830/1830/1810 1844/1844/1824 1831/1831/1811
f 1831/1831/1811 1845/1845/1825 1832/1832/1812
f 1832/1832/1812 1846/1846/1826 1833/1833/1813
f 1833/1833/1813 1847/1847/1827 1834/1834/1814
f 1834/1834/1814 1848/1848/1828 1835/1835/1815
f 1835/1835/1815 1849/1849/1829 1836/1836/1816
f 1836/1836/1816 1850/1850/1830 1837/1837/1817
f 1837/1837/1817 1851/1851/1831 1838/1838/1818
f 1851/1851/1831 1839/1839/1819 1838/1838/1818
f 1852/1852/1832 1840/1840/1820 1839/1839/1819
f 1853/1853/1833 1841/1841/1821 1840/1840/1820
f 1854/1854/1834 1855/1855/1835 1841/1841/1821
f 1731/1731/1711 1856/1856/1836 1843/1843/1823
f 1843/1843/1823 1857/1857/1837 1844/1844/1824
f 1844/1844/1824 1858/1858/1838 1845/1845/1825
f 1845/1845/1825 1859/1859/1839 1846/1846/1826
f 1846/1846/1826 1860/1860/1840 1847/1847/1827
f 1847/1847/1827 1861/1861/1841 1848/1848/1828
f 1848/1848/1828 1862/1862/1842 1849/1849/1829
f 1849/1849/1829 1863/1863/1843 1850/1850/1830
f 1850/1850/1830 1864/1864/1844 1851/1851/1831
f 1851/1851/1831 1865/1865/1845 1852/1852/1832
f 1852/1852/1832 1866/1866/1846 1853/1853/1833
f 1853/1853/1833 1867/1867/1847 1854/1854/1834
f 1854/1854/1834 1868/1868/1848 1869/1869/1849
f 1730/1730/1710 1870/1870/1850 1856/1856/1836
f 1856/1856/1836 1871/1871/1851 1857/1857/1837
f 1857/1857/1837 1872/1872/1852 1858/1858/1838
f 1858/1858/1838 1873/1873/1853 1859/1859/1839
f 1859/1859/1839 1874/1874/1854 1860/1860/1840
f 1860/1860/1840 1875/1875/1855 1861/1861/1841
f 1861/1861/1841 1876/1876/1856 1862/1862/1842
f 1862/1862/1842 1877/1877/1857 1863/1863/1843
f 1863/1863/1843 1878/1878/1858 1864/1864/1844
f 1864/1864/1844 1879/1879/1859 1865/1865/1845
f 1865/1865/1845 1880/1880/1860 1866/1866/1846
f 1866/1866/1846 1881/1881/1861 1867/1867/1847
f 1867/1867/1847 1882/1882/1862 1868/1868/1848
f 1729/1729/1709 1883/1883/1863 1870/1870/1850
f 1870/1870/1850 1884/1884/1864 1871/1871/1851
f 1871/1871/1851 1885/1885/1865 1872/1872/1852
f 1872/1872/1852 1886/1886/1866 1873/1873/1853
f 1873/1873/1853 1887/1887/1867 1874/1874/1854
f 1874/1874/1854 1888/1888/1868 1875/1875/1855
f 1875/1875/1855 1889/1889/1869 1876/1876/1856
f 1876/1876/1856 1890/1890/1870 1877/1877/1857
f 1877/1877/1857 1891/1891/1871 1878/1878/1858
f 1878/1878/1858 1892/1892/1872 1879/1879/1859
f 1879/1879/1859 1893/1893/1873 1880/1880/1860
f 1880/1880/1860 1894/1894/1874 1881/1881/1861
f 1881/1881/1861 1895/1895/1875 1882/1882/1862
f 1728/1728/1708 1896/1896/1876 1883/1883/1863
f 1883/1883/1863 1897/1897/1877 1884/1884/1864
f 1884/1884/1864 1898/1898/1878 1885/1885/1865
f 1885/1885/1865 1899/1899/1879 1886/1886/1866
f 1886/1886/1866 1900/1900/1880 1887/1887/1867
f 1887/1887/1867 1901/1901/1881 1888/1888/1868
f 1888/1888/1868 1902/1902/1882 1889/1889/1869
f 1889/1889/1869 1903/1903/1883 1890/1890/1870
f 1890/1890/1870 1904/1904/1884 1891/1891/1871
f 1891/1891/1871 1905/1905/1885 1892/1892/1872
f 1892/1892/1872 1906/1906/1886 1893/1893/1873
f 1893/1893/1873 1907/1907/1887 1894/1894/1874
f 1894/1894/1874 1908/1908/1888 1895/1895/1875
f 1727/1727/1707 1909/1909/1889 1896/1896/1876
f 1896/1896/1876 1910/1910/1890 1897/1897/1877
f 1897/1897/1877 1911/1911/1891 1898/1898/1878
f 1898/1898/1878 1912/1912/1892 1899/1899/1879
f 1899/1899/1879 1913/1913/1893 1900/1900/1880
f 1900/1900/1880 1914/1914/1894 1901/1901/1881
f 1901/1901/1881 1915/1915/1895 1902/1902/1882
f 1902/1902/1882 1916/1916/1896 1903/1903/1883
f 1903/1903/1883 1917/1917/1897 1904/1904/1884
f 1904/1904/1884 1918/1918/1898 1905/1905/1885
f 1905/1905/1885 1919/1919/1899 1906/1906/1886
f 1906/1906/1886 1920/1920/1900 1907/1907/1887
f 1907/1907/1887 1921/1921/1901 1908/1908/1888
f 1726/1726/1706 1922/1922/1902 1909/1909/1889
f 1909/1909/1889 1923/1923/1903 1910/1910/1890
f 1910/1910/1890 1924/1924/1904 1911/1911/1891
f 1911/1911/1891 1925/1925/1905 1912/1912/1892
f 1912/1912/1892 1926/1926/1906 1913/1913/1893
f 1913/1913/1893 1927/1927/1907 1914/1914/1894
f 1914/1914/1894 1928/1928/1908 1915/1915/1895
f 1915/1915/1895 1929/1929/1909 1916/1916/1896
f 1916/1916/1896 1930/1930/1910 1917/1917/1897
f 1917/1917/1897 1931/1931/1911 1918/1918/1898
f 1931/1931/1911 1919/1919/1899 1918/1918/1898
f 1932/1932/1912 1920/1920/1900 1919/1919/1899
f 1920/1920/1900 1933/1933/1913 1921/1921/1901
f 1725/1725/1705 1934/1934/1914 1922/1922/1902
f 1922/1922/1902 1935/1935/1915 1923/1923/1903
f 1923/1923/1903 1936/1936/1916 1924/1924/1904
f 1924/1924/1904 1937/1937/1917 1925/1925/1905
f 1925/1925/1905 1938/1938/1918 1926/1926/1906
f 1926/1926/1906 1939/1939/1919 1927/1927/1907
f 1927/1927/1907 1940/1940/1920 1928/1928/1908
f 1940/1940/1920 1929/1929/1909 1928/1928/1908
f 1941/1941/1921 1930/1930/1910 1929/1929/1909
f 1942/1942/1922 1931/1931/1911 1930/1930/1910
f 1943/1943/1923 1932/1932/1912 1931/1931/1911
f 1944/1944/1924 1945/1945/1925 1932/1932/1912
f 1946/1946/1926 1933/1933/1913 1945/1945/1925
f 1724/1724/1704 1947/1947/1927 1934/1934/1914
f 1934/1934/1914 1948/1948/1928 1935/1935/1915
f 1935/1935/1915 1949/1949/1929 1936/1936/1916
f 1936/1936/1916 1950/1950/1930 1937/1937/1917
f 1937/1937/1917 1951/1951/1931 1938/1938/1918
f 1951/1951/1931 1939/1939/1919 1938/1938/1918
f 1952/1952/1932 1940/1940/1920 1939/1939/1919
f 1953/1953/1933 1941/1941/1921 1940/1940/1920
f 1954/1954/1934 1942/1942/1922 1941/1941/1921
f 1955/1955/1935 1943/1943/1923 1942/1942/1922
f 1956/1956/1936 1944/1944/1924 1943/1943/1923
f 1957/1957/1937 1946/1946/1926 1944/1944/1924
f 1958/1958/1938 1959/1959/1939 1946/1946/1926
f 1723/1723/1703 1465/1465/1446 1947/1947/1927
f 1947/1947/1927 1447/1447/1428 1948/1948/1928
f 1948/1948/1928 1429/1429/1410 1949/1949/1929
f 1949/1949/1929 1411/1411/1392 1950/1950/1930
f 1411/1411/1392 1951/1951/1931 1950/1950/1930
f 1393/1393/1374 1952/1952/1932 1951/1951/1931
f 1375/1375/1356 1953/1953/1933 1952/1952/1932
f 1357/1357/1338 1954/1954/1934 1953/1953/1933
f 1339/1339/1320 1955/1955/1935 1954/1954/1934
f 1321/1321/1302 1956/1956/1936 1955/1955/1935
f 1303/1303/1284 1957/1957/1937 1956/1956/1936
f 1285/1285/1266 1958/1958/1938 1957/1957/1937
f 1250/1250/1243 1960/1960/1940 1958/1958/1938
f 1961/1961/1941 1962/1962/1942 1963/1963/3
f 1964/1964/1943 1965/1965/484 1962/1962/1942
f 1966/1966/1944 1967/1967/466 1965/1965/484
f 1968/1968/1945 1969/1969/448 1967/1967/466
f 1970/1970/1946 1971/1971/1947 1969/1969/448
f 1972/1972/1948 1973/1973/412 1971/1971/1947
f 1974/1974/1949 1975/1975/394 1973/1973/412
f 1976/1976/1950 1977/1977/376 1975/1975/394
f 1978/1978/1951 1979/1979/358 1977/1977/376
f 1980/1980/1952 1981/1981/340 1979/1979/358
f 1982/1982/1953 1983/1983/1954 1981/1981/340
f 1984/1984/1955 1985/1985/303 1983/1983/1954
f 1986/1986/1956 1985/1985/303 1987/1987/1957
f 1988/1988/1958 1989/1989/1959 1990/1990/1960
f 1990/1990/1960 1991/1991/1961 1992/1992/1962
f 1992/1992/1962 1993/1993/1963 1994/1994/1964
f 1994/1994/1964 1995/1995/1965 1996/1996/1966
f 1996/1996/1966 1997/1997/1967 1998/1998/1968
f 1998/1998/1968 1999/1999/1969 2000/2000/1970
f 2000/2000/1970 2001/2001/1971 2002/2002/1972
f 2002/2002/1972 2003/2003/1973 2004/2004/1974
f 2004/2004/1974 2005/2005/1975 2006/2006/1976
f 2006/2006/1976 2007/2007/1977 2008/2008/1978
f 2008/2008/1978 2009/2009/1979 2010/2010/1980
f 2010/2010/1980 2011/2011/1981 2012/2012/1982
f 2012/2012/1982 2013/2013/1983 2014/2014/1984
f 2014/2014/1984 2015/2015/1985 1961/1961/1941
f 2016/2016/1986 2017/2017/983 2018/2018/1987
f 2019/2019/1988 2020/2020/1464 2016/2016/1986
f 2021/2021/1989 2022/2022/1463 2019/2019/1988
f 2023/2023/1990 2024/2024/1445 2021/2021/1989
f 2025/2025/1991 2026/2026/1427 2023/2023/1990
f 2025/2025/1991 2027/2027/1992 2028/2028/1993
f 2029/2029/1994 2030/2030/1373 2027/2027/1992
f 2031/2031/1995 2030/2030/1373 2032/2032/1996
f 2033/2033/1997 2034/2034/1998 2031/2031/1995
f 2035/2035/1999 2036/2036/1337 2033/2033/1997
f 2037/2037/2000 2038/2038/1319 2035/2035/1999
f 2039/2039/2001 2040/2040/1301 2037/2037/2000
f 2041/2041/1958 2042/2042/1283 2039/2039/2001
f 2043/2043/2002 2044/2044/2003 2045/2045/1956
f 2046/2046/2004 2047/2047/2005 2044/2044/2003
f 2048/2048/2006 2049/2049/2007 2047/2047/2005
f 2050/2050/2008 2051/2051/2009 2049/2049/2007
f 2052/2052/2010 2053/2053/2011 2051/2051/2009
f 2053/2053/2011 2054/2054/2012 2055/2055/2013
f 2055/2055/2013 2056/2056/2014 2057/2057/2015
f 2057/2057/2015 2058/2058/2016 2059/2059/2017
f 2059/2059/2017 2060/2060/2018 2061/2061/2019
f 2061/2061/2019 2062/2062/2020 2063/2063/2021
f 2062/2062/2020 2064/2064/2022 2063/2063/2021
f 2065/2065/2023 2066/2066/2024 2064/2064/2022
f 2067/2067/2025 2068/2068/2026 2066/2066/2024
f 2069/2069/2027 2018/2018/1987 2068/2068/2026
f 2070/2070/2028 2071/2071/1513 2072/2072/2029
f 2072/2072/2029 2073/2073/1530 2074/2074/2030
f 2074/2074/2030 2075/2075/1547 2076/2076/2031
f 2076/2076/2031 2077/2077/1564 2078/2078/2032
f 2078/2078/2032 2079/2079/1581 2080/2080/2033
f 2080/2080/2033 2081/2081/2034 2082/2082/2035
f 2082/2082/2035 2083/2083/1615 2084/2084/2036
f 2084/2084/2036 2085/2085/1632 2086/2086/2037
f 2086/2086/2037 2087/2087/1650 2088/2088/2038
f 2088/2088/2038 2089/2089/1667 2090/2090/2039
f 2090/2090/2039 2091/2091/1684 2092/2092/2040
f 2092/2092/2040 2093/2093/2041 2094/2094/2042
f 2094/2094/2042 2095/2095/2043 2096/2096/2044
f 2096/2096/2044 2097/2097/2045 2098/2098/2046
f 2099/2099/2047 2098/2098/2046 2097/2097/2045
f 2099/2099/2047 2100/2100/2048 2101/2101/2049
f 2102/2102/2050 2103/2103/2051 2100/2100/2048
f 2104/2104/1724 2105/2105/2052 2103/2103/2051
f 2106/2106/1726 2107/2107/2053 2105/2105/2052
f 2108/2108/1728 2109/2109/2054 2107/2107/2053
f 2110/2110/1730 2111/2111/2055 2109/2109/2054
f 2112/2112/1732 2113/2113/2056 2111/2111/2055
f 2114/2114/2057 2115/2115/2058 2113/2113/2056
f 2116/2116/2059 2117/2117/2060 2115/2115/2058
f 2118/2118/1738 2119/2119/2061 2117/2117/2060
f 2120/2120/1740 2121/2121/2062 2119/2119/2061
f 2122/2122/2063 2123/2123/2064 2121/2121/2062
f 2124/2124/2065 2125/2125/2066 2126/2126/2067
f 2126/2126/2067 2127/2127/2068 2128/2128/2069
f 2128/2128/2069 2129/2129/2070 2130/2130/2071
f 2130/2130/2071 2131/2131/2072 2132/2132/2073
f 2132/2132/2073 2133/2133/2074 2134/2134/2075
f 2134/2134/2075 2135/2135/2076 2136/2136/2077
f 2136/2136/2077 2137/2137/2078 2138/2138/2079
f 2138/2138/2079 2139/2139/2080 2140/2140/2081
f 2140/2140/2081 2141/2141/2082 2142/2142/2083
f 2142/2142/2083 2143/2143/2084 2144/2144/2085
f 2144/2144/2085 2145/2145/2086 2146/2146/2087
f 2146/2146/2087 2147/2147/2088 2148/2148/2089
f 2148/2148/2089 2149/2149/2090 2150/2150/2091
f 2150/2150/2091 2151/2151/2092 2152/2152/2093
f 2152/2152/2093 2153/2153/2094 2154/2154/2095
f 2154/2154/2095 2155/2155/2096 2156/2156/2097
f 2156/2156/2097 2157/2157/2098 2158/2158/2099
f 2158/2158/2099 2159/2159/2100 2160/2160/2101
f 2160/2160/2101 2161/2161/2102 2162/2162/2103
f 2162/2162/2103 2163/2163/2104 2164/2164/2105
f 2164/2164/2105 2165/2165/2106 2166/2166/2107
f 2166/2166/2107 2167/2167/2108 2168/2168/2109
f 2168/2168/2109 2169/2169/2110 2170/2170/2111
f 2170/2170/2111 2171/2171/2112 2172/2172/2113
f 2172/2172/2113 2173/2173/2114 2174/2174/2115
f 2174/2174/2115 2175/2175/1496 2176/2176/2116
f 2177/2177/2117 2178/2178/2118 2179/2179/2064
f 2180/2180/2119 2181/2181/2120 2178/2178/2118
f 2182/2182/2121 2183/2183/2122 2181/2181/2120
f 2184/2184/2123 2185/2185/2124 2183/2183/2122
f 2186/2186/2125 2187/2187/2126 2185/2185/2124
f 2188/2188/2127 2189/2189/2128 2187/2187/2126
f 2190/2190/2129 2191/2191/2130 2189/2189/2128
f 2192/2192/2131 2193/2193/2132 2191/2191/2130
f 2194/2194/2133 2195/2195/2134 2193/2193/2132
f 2196/2196/2135 2197/2197/2136 2195/2195/2134
f 2198/2198/2137 2199/2199/2138 2197/2197/2136
f 2200/2200/2139 2201/2201/2140 2199/2199/2138
f 2202/2202/2141 2203/2203/2142 2201/2201/2140
f 2204/2204/2143 2205/2205/2144 2203/2203/2142
f 2206/2206/2145 2207/2207/2146 2205/2205/2144
f 2208/2208/2147 2209/2209/2148 2207/2207/2146
f 2210/2210/2149 2211/2211/2150 2209/2209/2148
f 2212/2212/2151 2213/2213/2152 2211/2211/2150
f 2214/2214/2153 2215/2215/2154 2213/2213/2152
f 2216/2216/2155 2217/2217/2156 2215/2215/2154
f 2218/2218/2157 2219/2219/2158 2217/2217/2156
f 2220/2220/2159 2221/2221/2160 2219/2219/2158
f 2221/2221/2160 2222/2222/2161 2223/2223/2162
f 2223/2223/2162 2224/2224/2163 2225/2225/2164
f 2225/2225/2164 2226/2226/2165 2227/2227/2166
f 2226/2226/2165 2228/2228/2167 2227/2227/2166
f 2229/2229/2168 2230/2230/2169 2231/2231/2167
f 2232/2232/535 2233/2233/2170 2230/2230/2169
f 2234/2234/553 2235/2235/2171 2233/2233/2170
f 2236/2236/570 2237/2237/2172 2235/2235/2171
f 2238/2238/2173 2239/2239/2174 2237/2237/2172
f 2240/2240/605 2241/2241/2175 2239/2239/2174
f 2242/2242/2176 2243/2243/2177 2241/2241/2175
f 2244/2244/2178 2245/2245/2179 2243/2243/2177
f 2246/2246/656 2247/2247/2180 2245/2245/2179
f 2248/2248/2181 2249/2249/2182 2247/2247/2180
f 2250/2250/690 2251/2251/2183 2249/2249/2182
f 2252/2252/708 2253/2253/2184 2251/2251/2183
f 2254/2254/2185 2255/2255/2186 2253/2253/2184
f 2256/2256/2187 2257/2257/2188 2255/2255/2186
f 2258/2258/2189 2257/2257/2188 2259/2259/2190
f 2260/2260/2191 2261/2261/2192 2258/2258/2189
f 2262/2262/765 2263/2263/2193 2260/2260/2191
f 2264/2264/767 2265/2265/2194 2262/2262/765
f 2266/2266/2195 2267/2267/2196 2264/2264/767
f 2268/2268/2197 2269/2269/2198 2266/2266/2195
f 2270/2270/2199 2271/2271/2200 2268/2268/2197
f 2272/2272/2201 2273/2273/2202 2270/2270/2199
f 2274/2274/777 2275/2275/2203 2272/2272/2201
f 2276/2276/2204 2277/2277/2205 2274/2274/777
f 2278/2278/781 2279/2279/2206 2276/2276/2204
f 2280/2280/783 2281/2281/2207 2278/2278/781
f 2282/2282/785 2283/2283/2208 2280/2280/783
f 2284/2284/2209 2285/2285/2210 2286/2286/2211
f 2287/2287/2212 2288/2288/2213 2285/2285/2210
f 2289/2289/2214 2290/2290/2215 2288/2288/2213
f 2291/2291/2216 2290/2290/2215 2292/2292/2217
f 2293/2293/2218 2294/2294/2219 2291/2291/2216
f 2295/2295/2220 2296/2296/2221 2293/2293/2218
f 2297/2297/2222 2298/2298/2223 2295/2295/2220
f 2299/2299/2224 2300/2300/2225 2297/2297/2222
f 2301/2301/2226 2302/2302/2227 2299/2299/2224
f 2303/2303/2228 2304/2304/2229 2301/2301/2226
f 2305/2305/2230 2306/2306/2231 2303/2303/2228
f 2307/2307/2232 2308/2308/2233 2305/2305/2230
f 2309/2309/2234 2310/2310/2235 2307/2307/2232
f 2311/2311/2236 2312/2312/2237 2309/2309/2234
f 2313/2313/2238 2314/2314/2239 2311/2311/2236
f 2315/2315/2240 2316/2316/2241 2313/2313/2238
f 2317/2317/2242 2318/2318/2243 2315/2315/2240
f 2319/2319/2244 2320/2320/2245 2317/2317/2242
f 2321/2321/2246 2322/2322/2247 2319/2319/2244
f 2323/2323/2248 2324/2324/2249 2321/2321/2246
f 2325/2325/2250 2326/2326/2251 2323/2323/2248
f 2327/2327/2252 2328/2328/2253 2325/2325/2250
f 2329/2329/2254 2330/2330/2255 2327/2327/2252
f 2331/2331/2256 2332/2332/2257 2333/2333/2258
f 2286/2286/2211 2334/2334/2259 2335/2335/2260
f 2285/2285/2210 2336/2336/2261 2334/2334/2259
f 2290/2290/2215 2336/2336/2261 2288/2288/2213
f 2294/2294/2219 2337/2337/2262 2290/2290/2215
f 2296/2296/2221 2338/2338/2263 2294/2294/2219
f 2298/2298/2223 2339/2339/2264 2296/2296/2221
f 2300/2300/2225 2340/2340/2265 2298/2298/2223
f 2302/2302/2227 2341/2341/2266 2300/2300/2225
f 2304/2304/2229 2342/2342/2267 2302/2302/2227
f 2306/2306/2231 2343/2343/2268 2304/2304/2229
f 2308/2308/2233 2344/2344/2269 2306/2306/2231
f 2310/2310/2235 2345/2345/2270 2308/2308/2233
f 2312/2312/2237 2346/2346/2271 2310/2310/2235
f 2314/2314/2239 2347/2347/2272 2312/2312/2237
f 2316/2316/2241 2348/2348/2273 2314/2314/2239
f 2318/2318/2243 2349/2349/2274 2316/2316/2241
f 2320/2320/2245 2350/2350/2275 2318/2318/2243
f 2322/2322/2247 2351/2351/2276 2320/2320/2245
f 2324/2324/2249 2352/2352/2277 2322/2322/2247
f 2326/2326/2251 2353/2353/2278 2324/2324/2249
f 2328/2328/2253 2354/2354/2279 2326/2326/2251
f 2330/2330/2255 2355/2355/2280 2328/2328/2253
f 2356/2356/2281 2357/2357/2282 2330/2330/2255
f 2358/2358/2283 2359/2359/2284 2332/2332/2257
f 2335/2335/2260 2360/2360/2285 2361/2361/2286
f 2336/2336/2261 2360/2360/2285 2334/2334/2259
f 2337/2337/2262 2362/2362/2287 2336/2336/2261
f 2338/2338/2263 2363/2363/2288 2337/2337/2262
f 2339/2339/2264 2364/2364/2289 2338/2338/2263
f 2340/2340/2265 2365/2365/2290 2339/2339/2264
f 2341/2341/2266 2366/2366/2291 2340/2340/2265
f 2342/2342/2267 2367/2367/2292 2341/2341/2266
f 2343/2343/2268 2368/2368/2293 2342/2342/2267
f 2344/2344/2269 2369/2369/2294 2343/2343/2268
f 2345/2345/2270 2370/2370/2295 2344/2344/2269
f 2346/2346/2271 2371/2371/2296 2345/2345/2270
f 2347/2347/2272 2372/2372/2297 2346/2346/2271
f 2348/2348/2273 2373/2373/2298 2347/2347/2272
f 2349/2349/2274 2374/2374/2299 2348/2348/2273
f 2350/2350/2275 2375/2375/2300 2349/2349/2274
f 2351/2351/2276 2376/2376/2301 2350/2350/2275
f 2352/2352/2277 2377/2377/2302 2351/2351/2276
f 2353/2353/2278 2378/2378/2303 2352/2352/2277
f 2354/2354/2279 2379/2379/2304 2353/2353/2278
f 2355/2355/2280 2380/2380/2305 2354/2354/2279
f 2357/2357/2282 2381/2381/2306 2355/2355/2280
f 2382/2382/2307 2383/2383/2308 2357/2357/2282
f 2384/2384/2309 2385/2385/2310 2359/2359/2284
f 2361/2361/2286 2386/2386/2311 2387/2387/2312
f 2362/2362/2287 2386/2386/2311 2360/2360/2285
f 2363/2363/2288 2388/2388/2313 2362/2362/2287
f 2364/2364/2289 2389/2389/2314 2363/2363/2288
f 2365/2365/2290 2390/2390/2315 2364/2364/2289
f 2366/2366/2291 2391/2391/2316 2365/2365/2290
f 2367/2367/2292 2392/2392/2317 2366/2366/2291
f 2368/2368/2293 2393/2393/2318 2367/2367/2292
f 2369/2369/2294 2394/2394/2319 2368/2368/2293
f 2370/2370/2295 2395/2395/2320 2369/2369/2294
f 2371/2371/2296 2396/2396/2321 2370/2370/2295
f 2372/2372/2297 2397/2397/2322 2371/2371/2296
f 2373/2373/2298 2398/2398/2323 2372/2372/2297
f 2374/2374/2299 2399/2399/2324 2373/2373/2298
f 2375/2375/2300 2400/2400/2325 2374/2374/2299
f 2376/2376/2301 2401/2401/2326 2375/2375/2300
f 2377/2377/2302 2402/2402/2327 2376/2376/2301
f 2378/2378/2303 2403/2403/2328 2377/2377/2302
f 2379/2379/2304 2404/2404/2329 2378/2378/2303
f 2380/2380/2305 2405/2405/2330 2379/2379/2304
f 2381/2381/2306 2406/2406/2331 2380/2380/2305
f 2383/2383/2308 2407/2407/2332 2381/2381/2306
f 2408/2408/2333 2409/2409/2334 2383/2383/2308
f 2410/2410/2335 2411/2411/2336 2385/2385/2310
f 2386/2386/2311 2412/2412/2337 2387/2387/2312
f 2388/2388/2313 2413/2413/2338 2386/2386/2311
f 2389/2389/2314 2414/2414/2339 2388/2388/2313
f 2390/2390/2315 2415/2415/2340 2389/2389/2314
f 2391/2391/2316 2416/2416/2341 2390/2390/2315
f 2392/2392/2317 2417/2417/2342 2391/2391/2316
f 2393/2393/2318 2418/2418/2343 2392/2392/2317
f 2394/2394/2319 2419/2419/2344 2393/2393/2318
f 2395/2395/2320 2420/2420/2345 2394/2394/2319
f 2396/2396/2321 2421/2421/2346 2395/2395/2320
f 2397/2397/2322 2422/2422/2347 2396/2396/2321
f 2398/2398/2323 2423/2423/2348 2397/2397/2322
f 2399/2399/2324 2424/2424/2349 2398/2398/2323
f 2400/2400/2325 2425/2425/2350 2399/2399/2324
f 2401/2401/2326 2426/2426/2351 2400/2400/2325
f 2402/2402/2327 2427/2427/2352 2401/2401/2326
f 2403/2403/2328 2428/2428/2353 2402/2402/2327
f 2404/2404/2329 2429/2429/2354 2403/2403/2328
f 2405/2405/2330 2430/2430/2355 2404/2404/2329
f 2406/2406/2331 2431/2431/2356 2405/2405/2330
f 2407/2407/2332 2432/2432/2357 2406/2406/2331
f 2409/2409/2334 2433/2433/2358 2407/2407/2332
f 2434/2434/2359 2435/2435/2360 2409/2409/2334
f 2436/2436/2361 2437/2437/2362 2411/2411/2336
f 2413/2413/2338 2438/2438/2363 2412/2412/2337
f 2414/2414/2339 2439/2439/2364 2413/2413/2338
f 2415/2415/2340 2440/2440/2365 2414/2414/2339
f 2416/2416/2341 2441/2441/2366 2415/2415/2340
f 2417/2417/2342 2442/2442/2367 2416/2416/2341
f 2418/2418/2343 2443/2443/2368 2417/2417/2342
f 2419/2419/2344 2444/2444/2369 2418/2418/2343
f 2420/2420/2345 2445/2445/2370 2419/2419/2344
f 2421/2421/2346 2446/2446/2371 2420/2420/2345
f 2422/2422/2347 2447/2447/2372 2421/2421/2346
f 2423/2423/2348 2448/2448/2373 2422/2422/2347
f 2424/2424/2349 2449/2449/2374 2423/2423/2348
f 2425/2425/2350 2450/2450/2375 2424/2424/2349
f 2426/2426/2351 2451/2451/2376 2425/2425/2350
f 2427/2427/2352 2452/2452/2377 2426/2426/2351
f 2428/2428/2353 2453/2453/2378 2427/2427/2352
f 2429/2429/2354 2454/2454/2379 2428/2428/2353
f 2430/2430/2355 2455/2455/2380 2429/2429/2354
f 2430/2430/2355 2456/2456/2381 2457/2457/2382
f 2431/2431/2356 2458/2458/2383 2456/2456/2381
f 2433/2433/2358 2458/2458/2383 2432/2432/2357
f 2435/2435/2360 2459/2459/2384 2433/2433/2358
f 2435/2435/2360 2460/2460/2385 2461/2461/2386
f 2462/2462/2387 2463/2463/2388 2437/2437/2362
f 2439/2439/2364 2464/2464/2389 2438/2438/2363
f 2440/2440/2365 2465/2465/2390 2439/2439/2364
f 2441/2441/2366 2466/2466/2391 2440/2440/2365
f 2442/2442/2367 2467/2467/2392 2441/2441/2366
f 2443/2443/2368 2468/2468/2393 2442/2442/2367
f 2444/2444/2369 2469/2469/2394 2443/2443/2368
f 2445/2445/2370 2470/2470/2395 2444/2444/2369
f 2446/2446/2371 2471/2471/2396 2445/2445/2370
f 2447/2447/2372 2472/2472/2397 2446/2446/2371
f 2448/2448/2373 2473/2473/2398 2447/2447/2372
f 2449/2449/2374 2474/2474/2399 2448/2448/2373
f 2450/2450/2375 2475/2475/2400 2449/2449/2374
f 2451/2451/2376 2476/2476/2401 2450/2450/2375
f 2452/2452/2377 2477/2477/2402 2451/2451/2376
f 2453/2453/2378 2478/2478/2403 2452/2452/2377
f 2454/2454/2379 2479/2479/2404 2453/2453/2378
f 2455/2455/2380 2480/2480/2405 2454/2454/2379
f 2457/2457/2382 2481/2481/2406 2455/2455/2380
f 2456/2456/2381 2482/2482/2407 2457/2457/2382
f 2456/2456/2381 2483/2483/2408 2484/2484/2409
f 2459/2459/2384 2483/2483/2408 2458/2458/2383
f 2461/2461/2386 2485/2485/2410 2459/2459/2384
f 2461/2461/2386 2486/2486/2411 2487/2487/2412
f 2488/2488/2413 2489/2489/2414 2463/2463/2388
f 2465/2465/2390 2490/2490/2415 2464/2464/2389
f 2466/2466/2391 2491/2491/2416 2465/2465/2390
f 2467/2467/2392 2492/2492/2417 2466/2466/2391
f 2468/2468/2393 2493/2493/2418 2467/2467/2392
f 2469/2469/2394 2494/2494/2419 2468/2468/2393
f 2470/2470/2395 2495/2495/2420 2469/2469/2394
f 2471/2471/2396 2496/2496/2421 2470/2470/2395
f 2472/2472/2397 2497/2497/2422 2471/2471/2396
f 2473/2473/2398 2498/2498/2423 2472/2472/2397
f 2474/2474/2399 2499/2499/2424 2473/2473/2398
f 2475/2475/2400 2500/2500/2425 2474/2474/2399
f 2476/2476/2401 2501/2501/2426 2475/2475/2400
f 2477/2477/2402 2502/2502/2427 2476/2476/2401
f 2478/2478/2403 2503/2503/2428 2477/2477/2402
f 2479/2479/2404 2504/2504/2429 2478/2478/2403
f 2480/2480/2405 2505/2505/2430 2479/2479/2404
f 2481/2481/2406 2506/2506/2431 2480/2480/2405
f 2481/2481/2406 2507/2507/2432 2508/2508/2433
f 2484/2484/2409 2507/2507/2432 2482/2482/2407
f 2483/2483/2408 2509/2509/2434 2484/2484/2409
f 2485/2485/2410 2510/2510/2435 2483/2483/2408
f 2487/2487/2412 2511/2511/2436 2485/2485/2410
f 2486/2486/2411 2512/2512/2437 2487/2487/2412
f 2513/2513/2438 2514/2514/2439 2489/2489/2414
f 2490/2490/2415 2515/2515/2440 2516/2516/2441
f 2492/2492/2417 2515/2515/2440 2491/2491/2416
f 2493/2493/2418 2517/2517/2442 2492/2492/2417
f 2494/2494/2419 2518/2518/2443 2493/2493/2418
f 2495/2495/2420 2519/2519/2444 2494/2494/2419
f 2496/2496/2421 2520/2520/2445 2495/2495/2420
f 2497/2497/2422 2521/2521/2446 2496/2496/2421
f 2498/2498/2423 2522/2522/2447 2497/2497/2422
f 2499/2499/2424 2523/2523/2448 2498/2498/2423
f 2500/2500/2425 2524/2524/2449 2499/2499/2424
f 2501/2501/2426 2525/2525/2450 2500/2500/2425
f 2502/2502/2427 2526/2526/2451 2501/2501/2426
f 2503/2503/2428 2527/2527/2452 2502/2502/2427
f 2504/2504/2429 2528/2528/2453 2503/2503/2428
f 2505/2505/2430 2529/2529/2454 2504/2504/2429
f 2506/2506/2431 2530/2530/2455 2505/2505/2430
f 2508/2508/2433 2531/2531/2456 2506/2506/2431
f 2508/2508/2433 2532/2532/2457 2533/2533/2458
f 2509/2509/2434 2532/2532/2457 2507/2507/2432
f 2510/2510/2435 2534/2534/2459 2509/2509/2434
f 2511/2511/2436 2535/2535/2460 2510/2510/2435
f 2512/2512/2437 2536/2536/2461 2511/2511/2436
f 2537/2537/2462 2538/2538/2463 2512/2512/2437
f 2539/2539/2464 2540/2540/2465 2514/2514/2439
f 2515/2515/2440 2541/2541/2466 2516/2516/2441
f 2517/2517/2442 2542/2542/2467 2515/2515/2440
f 2518/2518/2443 2543/2543/2468 2517/2517/2442
f 2519/2519/2444 2544/2544/2469 2518/2518/2443
f 2520/2520/2445 2545/2545/2470 2519/2519/2444
f 2521/2521/2446 2546/2546/2471 2520/2520/2445
f 2522/2522/2447 2547/2547/2472 2521/2521/2446
f 2523/2523/2448 2548/2548/2473 2522/2522/2447
f 2524/2524/2449 2549/2549/2474 2523/2523/2448
f 2525/2525/2450 2550/2550/2475 2524/2524/2449
f 2526/2526/2451 2551/2551/2476 2525/2525/2450
f 2527/2527/2452 2552/2552/2477 2526/2526/2451
f 2528/2528/2453 2553/2553/2478 2527/2527/2452
f 2529/2529/2454 2554/2554/2479 2528/2528/2453
f 2530/2530/2455 2555/2555/2480 2529/2529/2454
f 2531/2531/2456 2556/2556/2481 2530/2530/2455
f 2531/2531/2456 2557/2557/2482 2558/2558/2483
f 2533/2533/2458 2559/2559/2484 2557/2557/2482
f 2534/2534/2459 2559/2559/2484 2532/2532/2457
f 2535/2535/2460 2560/2560/2485 2534/2534/2459
f 2536/2536/2461 2561/2561/2486 2535/2535/2460
f 2538/2538/2463 2562/2562/2487 2536/2536/2461
f 2563/2563/2488 2564/2564/2489 2538/2538/2463
f 2565/2565/2490 2566/2566/2491 2540/2540/2465
f 2542/2542/2467 2567/2567/2492 2541/2541/2466
f 2543/2543/2468 2568/2568/2493 2542/2542/2467
f 2544/2544/2469 2569/2569/2494 2543/2543/2468
f 2545/2545/2470 2570/2570/2495 2544/2544/2469
f 2546/2546/2471 2571/2571/2496 2545/2545/2470
f 2547/2547/2472 2572/2572/2497 2546/2546/2471
f 2548/2548/2473 2573/2573/2498 2547/2547/2472
f 2549/2549/2474 2574/2574/2499 2548/2548/2473
f 2550/2550/2475 2575/2575/2500 2549/2549/2474
f 2551/2551/2476 2576/2576/2501 2550/2550/2475
f 2551/2551/2476 2577/2577/2502 2578/2578/2503
f 2553/2553/2478 2577/2577/2502 2552/2552/2477
f 2554/2554/2479 2579/2579/2504 2553/2553/2478
f 2555/2555/2480 2580/2580/2505 2554/2554/2479
f 2556/2556/2481 2581/2581/2506 2555/2555/2480
f 2558/2558/2483 2582/2582/2507 2556/2556/2481
f 2558/2558/2483 2583/2583/2508 2584/2584/2509
f 2557/2557/2482 2585/2585/2510 2583/2583/2508
f 2559/2559/2484 2586/2586/2511 2585/2585/2510
f 2561/2561/2486 2586/2586/2511 2560/2560/2485
f 2562/2562/2487 2587/2587/2512 2561/2561/2486
f 2564/2564/2489 2588/2588/2513 2562/2562/2487
f 2589/2589/2514 2590/2590/2515 2564/2564/2489
f 2591/2591/2516 2592/2592/2517 2566/2566/2491
f 2568/2568/2493 2593/2593/2518 2567/2567/2492
f 2569/2569/2494 2594/2594/2519 2568/2568/2493
f 2570/2570/2495 2595/2595/2520 2569/2569/2494
f 2571/2571/2496 2596/2596/2521 2570/2570/2495
f 2572/2572/2497 2597/2597/2522 2571/2571/2496
f 2573/2573/2498 2598/2598/2523 2572/2572/2497
f 2574/2574/2499 2599/2599/2524 2573/2573/2498
f 2575/2575/2500 2600/2600/2525 2574/2574/2499
f 2576/2576/2501 2601/2601/2526 2575/2575/2500
f 2576/2576/2501 2602/2602/2527 2603/2603/2528
f 2578/2578/2503 2604/2604/2529 2602/2602/2527
f 2579/2579/2504 2604/2604/2529 2577/2577/2502
f 2580/2580/2505 2605/2605/2530 2579/2579/2504
f 2581/2581/2506 2606/2606/2531 2580/2580/2505
f 2582/2582/2507 2607/2607/2532 2581/2581/2506
f 2584/2584/2509 2608/2608/2533 2582/2582/2507
f 2583/2583/2508 2609/2609/2534 2584/2584/2509
f 2583/2583/2508 2610/2610/2535 2611/2611/2536
f 2585/2585/2510 2612/2612/2537 2610/2610/2535
f 2587/2587/2512 2612/2612/2537 2586/2586/2511
f 2588/2588/2513 2613/2613/2538 2587/2587/2512
f 2590/2590/2515 2614/2614/2539 2588/2588/2513
f 2615/2615/2540 2616/2616/2541 2590/2590/2515
f 2617/2617/2542 2618/2618/2543 2592/2592/2517
f 2594/2594/2519 2619/2619/2544 2593/2593/2518
f 2595/2595/2520 2620/2620/2545 2594/2594/2519
f 2596/2596/2521 2621/2621/2546 2595/2595/2520
f 2597/2597/2522 2622/2622/2547 2596/2596/2521
f 2598/2598/2523 2623/2623/2548 2597/2597/2522
f 2599/2599/2524 2624/2624/2549 2598/2598/2523
f 2599/2599/2524 2625/2625/2550 2626/2626/2551
f 2600/2600/2525 2627/2627/2552 2625/2625/2550
f 2601/2601/2526 2628/2628/2553 2627/2627/2552
f 2603/2603/2528 2629/2629/2554 2628/2628/2553
f 2602/2602/2527 2630/2630/2555 2629/2629/2554
f 2605/2605/2530 2630/2630/2555 2604/2604/2529
f 2606/2606/2531 2631/2631/2556 2605/2605/2530
f 2607/2607/2532 2632/2632/2557 2606/2606/2531
f 2608/2608/2533 2633/2633/2558 2607/2607/2532
f 2609/2609/2534 2634/2634/2559 2608/2608/2533
f 2609/2609/2534 2635/2635/2560 2636/2636/2561
f 2611/2611/2536 2637/2637/2562 2635/2635/2560
f 2610/2610/2535 2638/2638/2563 2637/2637/2562
f 2613/2613/2538 2638/2638/2563 2612/2612/2537
f 2614/2614/2539 2639/2639/2564 2613/2613/2538
f 2616/2616/2541 2640/2640/2565 2614/2614/2539
f 2641/2641/2566 2642/2642/2567 2616/2616/2541
f 2618/2618/2543 2643/2643/2568 2644/2644/2569
f 2620/2620/2545 2645/2645/2570 2619/2619/2544
f 2621/2621/2546 2646/2646/2571 2620/2620/2545
f 2622/2622/2547 2647/2647/2572 2621/2621/2546
f 2623/2623/2548 2648/2648/2573 2622/2622/2547
f 2624/2624/2549 2649/2649/2574 2623/2623/2548
f 2626/2626/2551 2650/2650/2575 2624/2624/2549
f 2626/2626/2551 2651/2651/2576 2652/2652/2577
f 2625/2625/2550 2653/2653/2578 2651/2651/2576
f 2627/2627/2552 2654/2654/2579 2653/2653/2578
f 2628/2628/2553 2655/2655/2580 2654/2654/2579
f 2629/2629/2554 2656/2656/2581 2655/2655/2580
f 2631/2631/2556 2656/2656/2581 2630/2630/2555
f 2632/2632/2557 2657/2657/2582 2631/2631/2556
f 2633/2633/2558 2658/2658/2583 2632/2632/2557
f 2634/2634/2559 2659/2659/2584 2633/2633/2558
f 2634/2634/2559 2660/2660/2585 2661/2661/2586
f 2636/2636/2561 2662/2662/2587 2660/2660/2585
f 2635/2635/2560 2663/2663/2588 2662/2662/2587
f 2637/2637/2562 2664/2664/2589 2663/2663/2588
f 2638/2638/2563 2665/2665/2590 2664/2664/2589
f 2640/2640/2565 2665/2665/2590 2639/2639/2564
f 2640/2640/2565 2666/2666/2591 2667/2667/2592
f 2668/2668/2593 2666/2666/2591 2642/2642/2567
f 2644/2644/2569 2669/2669/2594 2670/2670/2595
f 2646/2646/2571 2671/2671/2596 2645/2645/2570
f 2647/2647/2572 2672/2672/2597 2646/2646/2571
f 2648/2648/2573 2673/2673/2598 2647/2647/2572
f 2649/2649/2574 2674/2674/2599 2648/2648/2573
f 2650/2650/2575 2675/2675/2600 2649/2649/2574
f 2652/2652/2577 2676/2676/2601 2650/2650/2575
f 2652/2652/2577 2677/2677/2602 2678/2678/2603
f 2651/2651/2576 2679/2679/2604 2677/2677/2602
f 2653/2653/2578 2680/2680/2605 2679/2679/2604
f 2654/2654/2579 2681/2681/2606 2680/2680/2605
f 2655/2655/2580 2682/2682/2607 2681/2681/2606
f 2657/2657/2582 2682/2682/2607 2656/2656/2581
f 2658/2658/2583 2683/2683/2608 2657/2657/2582
f 2659/2659/2584 2684/2684/2609 2658/2658/2583
f 2661/2661/2586 2685/2685/2610 2659/2659/2584
f 2661/2661/2586 2686/2686/2611 2687/2687/2612
f 2660/2660/2585 2688/2688/2613 2686/2686/2611
f 2662/2662/2587 2689/2689/2614 2688/2688/2613
f 2663/2663/2588 2690/2690/2615 2689/2689/2614
f 2664/2664/2589 2691/2691/2616 2690/2690/2615
f 2665/2665/2590 2692/2692/2617 2691/2691/2616
f 2667/2667/2592 2693/2693/2618 2692/2692/2617
f 2666/2666/2591 2694/2694/2619 2693/2693/2618
f 2670/2670/2595 2695/2695/2620 2696/2696/2621
f 2672/2672/2597 2697/2697/2622 2671/2671/2596
f 2673/2673/2598 2698/2698/2623 2672/2672/2597
f 2674/2674/2599 2699/2699/2624 2673/2673/2598
f 2675/2675/2600 2700/2700/2625 2674/2674/2599
f 2676/2676/2601 2701/2701/2626 2675/2675/2600
f 2676/2676/2601 2702/2702/2627 2703/2703/2628
f 2678/2678/2603 2704/2704/2629 2702/2702/2627
f 2677/2677/2602 2705/2705/2630 2704/2704/2629
f 2679/2679/2604 2706/2706/2631 2705/2705/2630
f 2680/2680/2605 2707/2707/2632 2706/2706/2631
f 2681/2681/2606 2708/2708/2633 2707/2707/2632
f 2683/2683/2608 2708/2708/2633 2682/2682/2607
f 2684/2684/2609 2709/2709/2634 2683/2683/2608
f 2685/2685/2610 2710/2710/2635 2684/2684/2609
f 2687/2687/2612 2711/2711/2636 2685/2685/2610
f 2687/2687/2612 2712/2712/2637 2713/2713/2638
f 2686/2686/2611 2714/2714/2639 2712/2712/2637
f 2688/2688/2613 2715/2715/2640 2714/2714/2639
f 2689/2689/2614 2716/2716/2641 2715/2715/2640
f 2690/2690/2615 2717/2717/2642 2716/2716/2641
f 2691/2691/2616 2718/2718/2643 2717/2717/2642
f 2692/2692/2617 2719/2719/2644 2718/2718/2643
f 2693/2693/2618 2720/2720/2645 2719/2719/2644
f 2696/2696/2621 2721/2721/2646 2722/2722/2647
f 2698/2698/2623 2723/2723/2648 2697/2697/2622
f 2699/2699/2624 2724/2724/2649 2698/2698/2623
f 2700/2700/2625 2725/2725/2650 2699/2699/2624
f 2701/2701/2626 2726/2726/2651 2700/2700/2625
f 2703/2703/2628 2727/2727/2652 2701/2701/2626
f 2703/2703/2628 2728/2728/2653 2729/2729/2654
f 2702/2702/2627 2730/2730/2655 2728/2728/2653
f 2704/2704/2629 2731/2731/2656 2730/2730/2655
f 2705/2705/2630 2732/2732/2657 2731/2731/2656
f 2706/2706/2631 2733/2733/2658 2732/2732/2657
f 2707/2707/2632 2734/2734/2659 2733/2733/2658
f 2709/2709/2634 2734/2734/2659 2708/2708/2633
f 2710/2710/2635 2735/2735/2660 2709/2709/2634
f 2711/2711/2636 2736/2736/2661 2710/2710/2635
f 2713/2713/2638 2737/2737/2662 2711/2711/2636
f 2713/2713/2638 2738/2738/2663 2739/2739/2664
f 2712/2712/2637 2740/2740/2665 2738/2738/2663
f 2714/2714/2639 2741/2741/2666 2740/2740/2665
f 2715/2715/2640 2742/2742/2667 2741/2741/2666
f 2716/2716/2641 2743/2743/2668 2742/2742/2667
f 2717/2717/2642 2744/2744/2669 2743/2743/2668
f 2718/2718/2643 2745/2745/2670 2744/2744/2669
f 2719/2719/2644 2746/2746/2671 2745/2745/2670
f 2722/2722/2647 2747/2747/2672 2748/2748/2673
f 2724/2724/2649 2749/2749/2674 2723/2723/2648
f 2725/2725/2650 2750/2750/2675 2724/2724/2649
f 2726/2726/2651 2751/2751/2676 2725/2725/2650
f 2726/2726/2651 2752/2752/2677 2753/2753/2678
f 2727/2727/2652 2754/2754/2679 2752/2752/2677
f 2729/2729/2654 2755/2755/2680 2754/2754/2679
f 2728/2728/2653 2756/2756/2681 2755/2755/2680
f 2730/2730/2655 2757/2757/2682 2756/2756/2681
f 2731/2731/2656 2758/2758/2683 2757/2757/2682
f 2732/2732/2657 2759/2759/2684 2758/2758/2683
f 2733/2733/2658 2760/2760/2685 2759/2759/2684
f 2734/2734/2659 2761/2761/2686 2760/2760/2685
f 2736/2736/2661 2761/2761/2686 2735/2735/2660
f 2737/2737/2662 2762/2762/2687 2736/2736/2661
f 2737/2737/2662 2763/2763/2688 2764/2764/2689
f 2739/2739/2664 2765/2765/2690 2763/2763/2688
f 2738/2738/2663 2766/2766/2691 2765/2765/2690
f 2740/2740/2665 2767/2767/2692 2766/2766/2691
f 2741/2741/2666 2768/2768/2693 2767/2767/2692
f 2742/2742/2667 2769/2769/2694 2768/2768/2693
f 2743/2743/2668 2770/2770/2695 2769/2769/2694
f 2744/2744/2669 2771/2771/2696 2770/2770/2695
f 2745/2745/2670 2772/2772/2697 2771/2771/2696
f 2748/2748/2673 2773/2773/2698 2774/2774/2699
f 2750/2750/2675 2775/2775/2700 2749/2749/2674
f 2751/2751/2676 2776/2776/2701 2750/2750/2675
f 2753/2753/2678 2777/2777/2702 2751/2751/2676
f 2753/2753/2678 2778/2778/2703 2779/2779/2704
f 2752/2752/2677 2780/2780/2705 2778/2778/2703
f 2754/2754/2679 2781/2781/2706 2780/2780/2705
f 2755/2755/2680 2782/2782/2707 2781/2781/2706
f 2756/2756/2681 2783/2783/2708 2782/2782/2707
f 2757/2757/2682 2784/2784/2709 2783/2783/2708
f 2758/2758/2683 2785/2785/2710 2784/2784/2709
f 2759/2759/2684 2786/2786/2711 2785/2785/2710
f 2760/2760/2685 2787/2787/2712 2786/2786/2711
f 2761/2761/2686 2788/2788/2713 2787/2787/2712
f 2762/2762/2687 2789/2789/2714 2788/2788/2713
f 2764/2764/2689 2790/2790/2715 2789/2789/2714
f 2763/2763/2688 2791/2791/2716 2790/2790/2715
f 2765/2765/2690 2792/2792/2717 2791/2791/2716
f 2766/2766/2691 2793/2793/2718 2792/2792/2717
f 2767/2767/2692 2794/2794/2719 2793/2793/2718
f 2768/2768/2693 2795/2795/2720 2794/2794/2719
f 2769/2769/2694 2796/2796/2721 2795/2795/2720
f 2770/2770/2695 2797/2797/2722 2796/2796/2721
f 2771/2771/2696 2798/2798/2723 2797/2797/2722
f 2774/2774/2699 2799/2799/2724 2800/2800/2725
f 2776/2776/2701 2801/2801/2726 2775/2775/2700
f 2777/2777/2702 2802/2802/2727 2776/2776/2701
f 2777/2777/2702 2803/2803/2728 2804/2804/2729
f 2779/2779/2704 2805/2805/2730 2803/2803/2728
f 2778/2778/2703 2806/2806/2731 2805/2805/2730
f 2780/2780/2705 2807/2807/2732 2806/2806/2731
f 2781/2781/2706 2808/2808/2733 2807/2807/2732
f 2783/2783/2708 2808/2808/2733 2782/2782/2707
f 2783/2783/2708 2809/2809/2734 2810/2810/2735
f 2784/2784/2709 2811/2811/2736 2809/2809/2734
f 2785/2785/2710 2812/2812/2737 2811/2811/2736
f 2786/2786/2711 2813/2813/2738 2812/2812/2737
f 2787/2787/2712 2814/2814/2739 2813/2813/2738
f 2788/2788/2713 2815/2815/2740 2814/2814/2739
f 2789/2789/2714 2816/2816/2741 2815/2815/2740
f 2790/2790/2715 2817/2817/2742 2816/2816/2741
f 2791/2791/2716 2818/2818/2743 2817/2817/2742
f 2792/2792/2717 2819/2819/2744 2818/2818/2743
f 2793/2793/2718 2820/2820/2745 2819/2819/2744
f 2794/2794/2719 2821/2821/2746 2820/2820/2745
f 2795/2795/2720 2822/2822/2747 2821/2821/2746
f 2796/2796/2721 2823/2823/2748 2822/2822/2747
f 2797/2797/2722 2824/2824/2749 2823/2823/2748
f 2800/2800/2725 2825/2825/2750 2826/2826/2751
f 2802/2802/2727 2827/2827/2752 2801/2801/2726
f 2804/2804/2729 2828/2828/2753 2802/2802/2727
f 2804/2804/2729 2829/2829/2754 2830/2830/2755
f 2803/2803/2728 2831/2831/2756 2829/2829/2754
f 2805/2805/2730 2832/2832/2757 2831/2831/2756
f 2806/2806/2731 2833/2833/2758 2832/2832/2757
f 2807/2807/2732 2834/2834/2759 2833/2833/2758
f 2808/2808/2733 2835/2835/2760 2834/2834/2759
f 2810/2810/2735 2836/2836/2761 2835/2835/2760
f 2809/2809/2734 2837/2837/2762 2836/2836/2761
f 2811/2811/2736 2838/2838/2763 2837/2837/2762
f 2812/2812/2737 2839/2839/2764 2838/2838/2763
f 2813/2813/2738 2840/2840/2765 2839/2839/2764
f 2814/2814/2739 2841/2841/2766 2840/2840/2765
f 2815/2815/2740 2842/2842/2767 2841/2841/2766
f 2816/2816/2741 2843/2843/2768 2842/2842/2767
f 2817/2817/2742 2844/2844/2769 2843/2843/2768
f 2818/2818/2743 2845/2845/2770 2844/2844/2769
f 2819/2819/2744 2846/2846/2771 2845/2845/2770
f 2820/2820/2745 2847/2847/2772 2846/2846/2771
f 2821/2821/2746 2848/2848/2773 2847/2847/2772
f 2822/2822/2747 2849/2849/2774 2848/2848/2773
f 2823/2823/2748 2850/2850/2775 2849/2849/2774
f 2826/2826/2751 2851/2851/2776 2852/2852/2777
f 2828/2828/2753 2853/2853/2778 2827/2827/2752
f 2828/2828/2753 2854/2854/2779 2855/2855/2780
f 2830/2830/2755 2856/2856/2781 2854/2854/2779
f 2829/2829/2754 2857/2857/2782 2856/2856/2781
f 2831/2831/2756 2858/2858/2783 2857/2857/2782
f 2832/2832/2757 2859/2859/2784 2858/2858/2783
f 2833/2833/2758 2860/2860/2785 2859/2859/2784
f 2834/2834/2759 2861/2861/2786 2860/2860/2785
f 2835/2835/2760 2862/2862/2787 2861/2861/2786
f 2836/2836/2761 2863/2863/2788 2862/2862/2787
f 2837/2837/2762 2864/2864/2789 2863/2863/2788
f 2838/2838/2763 2865/2865/2790 2864/2864/2789
f 2839/2839/2764 2866/2866/2791 2865/2865/2790
f 2840/2840/2765 2867/2867/2792 2866/2866/2791
f 2841/2841/2766 2868/2868/2793 2867/2867/2792
f 2842/2842/2767 2869/2869/2794 2868/2868/2793
f 2843/2843/2768 2870/2870/2795 2869/2869/2794
f 2844/2844/2769 2871/2871/2796 2870/2870/2795
f 2845/2845/2770 2872/2872/2797 2871/2871/2796
f 2846/2846/2771 2873/2873/2798 2872/2872/2797
f 2847/2847/2772 2874/2874/2799 2873/2873/2798
f 2848/2848/2773 2875/2875/2800 2874/2874/2799
f 2849/2849/2774 2876/2876/2801 2875/2875/2800
f 2852/2852/2777 2877/2877/2802 2878/2878/2803
f 2853/2853/2778 2879/2879/2804 2880/2880/2805
f 2855/2855/2780 2881/2881/2806 2879/2879/2804
f 2854/2854/2779 2882/2882/2807 2881/2881/2806
f 2856/2856/2781 2883/2883/2808 2882/2882/2807
f 2857/2857/2782 2884/2884/2809 2883/2883/2808
f 2858/2858/2783 2885/2885/2810 2884/2884/2809
f 2859/2859/2784 2886/2886/2811 2885/2885/2810
f 2860/2860/2785 2887/2887/2812 2886/2886/2811
f 2861/2861/2786 2888/2888/2813 2887/2887/2812
f 2862/2862/2787 2889/2889/2814 2888/2888/2813
f 2863/2863/2788 2890/2890/2815 2889/2889/2814
f 2864/2864/2789 2891/2891/2816 2890/2890/2815
f 2865/2865/2790 2892/2892/2817 2891/2891/2816
f 2866/2866/2791 2893/2893/2818 2892/2892/2817
f 2867/2867/2792 2894/2894/2819 2893/2893/2818
f 2868/2868/2793 2895/2895/2820 2894/2894/2819
f 2869/2869/2794 2896/2896/2821 2895/2895/2820
f 2870/2870/2795 2897/2897/2822 2896/2896/2821
f 2871/2871/2796 2898/2898/2823 2897/2897/2822
f 2872/2872/2797 2899/2899/2824 2898/2898/2823
f 2873/2873/2798 2900/2900/2825 2899/2899/2824
f 2874/2874/2799 2901/2901/2826 2900/2900/2825
f 2875/2875/2800 2902/2902/2827 2901/2901/2826
f 2878/2878/2803 2903/2903/2828 2904/2904/2829
f 2880/2880/2805 2905/2905/2830 2906/2906/2831
f 2879/2879/2804 2907/2907/2832 2905/2905/2830
f 2881/2881/2806 2908/2908/2833 2907/2907/2832
f 2882/2882/2807 2909/2909/2834 2908/2908/2833
f 2883/2883/2808 2910/2910/2835 2909/2909/2834
f 2884/2884/2809 2911/2911/2836 2910/2910/2835
f 2885/2885/2810 2912/2912/2837 2911/2911/2836
f 2886/2886/2811 2913/2913/2838 2912/2912/2837
f 2887/2887/2812 2914/2914/2839 2913/2913/2838
f 2888/2888/2813 2915/2915/2840 2914/2914/2839
f 2889/2889/2814 2916/2916/2841 2915/2915/2840
f 2890/2890/2815 2917/2917/2842 2916/2916/2841
f 2891/2891/2816 2918/2918/2843 2917/2917/2842
f 2892/2892/2817 2919/2919/2844 2918/2918/2843
f 2893/2893/2818 2920/2920/2845 2919/2919/2844
f 2894/2894/2819 2921/2921/2846 2920/2920/2845
f 2895/2895/2820 2922/2922/2847 2921/2921/2846
f 2896/2896/2821 2923/2923/2848 2922/2922/2847
f 2897/2897/2822 2924/2924/2849 2923/2923/2848
f 2898/2898/2823 2925/2925/2850 2924/2924/2849
f 2899/2899/2824 2926/2926/2851 2925/2925/2850
f 2900/2900/2825 2927/2927/2852 2926/2926/2851
f 2901/2901/2826 2928/2928/2853 2927/2927/2852
f 2904/2904/2829 2929/2929/2854 2930/2930/2855
f 2906/2906/2831 2931/2931/2856 2932/2932/2857
f 2905/2905/2830 2933/2933/2858 2931/2931/2856
f 2907/2907/2832 2934/2934/2859 2933/2933/2858
f 2908/2908/2833 2935/2935/2860 2934/2934/2859
f 2909/2909/2834 2936/2936/2861 2935/2935/2860
f 2910/2910/2835 2937/2937/2862 2936/2936/2861
f 2911/2911/2836 2938/2938/2863 2937/2937/2862
f 2912/2912/2837 2939/2939/2864 2938/2938/2863
f 2913/2913/2838 2940/2940/2865 2939/2939/2864
f 2914/2914/2839 2941/2941/2866 2940/2940/2865
f 2915/2915/2840 2942/2942/2867 2941/2941/2866
f 2916/2916/2841 2943/2943/2868 2942/2942/2867
f 2917/2917/2842 2944/2944/2869 2943/2943/2868
f 2918/2918/2843 2945/2945/2870 2944/2944/2869
f 2919/2919/2844 2946/2946/2871 2945/2945/2870
f 2920/2920/2845 2947/2947/2872 2946/2946/2871
f 2921/2921/2846 2948/2948/2873 2947/2947/2872
f 2923/2923/2848 2948/2948/2873 2922/2922/2847
f 2923/2923/2848 2949/2949/2874 2950/2950/2875
f 2924/2924/2849 2951/2951/2876 2949/2949/2874
f 2925/2925/2850 2952/2952/2877 2951/2951/2876
f 2926/2926/2851 2953/2953/2878 2952/2952/2877
f 2927/2927/2852 2954/2954/2879 2953/2953/2878
f 2930/2930/2855 2955/2955/2880 2956/2956/2881
f 2932/2932/2857 2957/2957/2212 2958/2958/272
f 2931/2931/2856 2959/2959/2214 2957/2957/2212
f 2933/2933/2858 2960/2960/2882 2959/2959/2214
f 2934/2934/2859 2961/2961/2216 2960/2960/2882
f 2935/2935/2860 2962/2962/2218 2961/2961/2216
f 2936/2936/2861 2963/2963/2883 2962/2962/2218
f 2937/2937/2862 2964/2964/2222 2963/2963/2883
f 2938/2938/2863 2965/2965/2884 2964/2964/2222
f 2939/2939/2864 2966/2966/2885 2965/2965/2884
f 2940/2940/2865 2967/2967/2886 2966/2966/2885
f 2941/2941/2866 2968/2968/2887 2967/2967/2886
f 2942/2942/2867 2969/2969/2232 2968/2968/2887
f 2943/2943/2868 2970/2970/2888 2969/2969/2232
f 2944/2944/2869 2971/2971/2889 2970/2970/2888
f 2945/2945/2870 2972/2972/2238 2971/2971/2889
f 2946/2946/2871 2973/2973/2240 2972/2972/2238
f 2947/2947/2872 2974/2974/2890 2973/2973/2240
f 2948/2948/2873 2975/2975/2891 2974/2974/2890
f 2950/2950/2875 2976/2976/2892 2975/2975/2891
f 2949/2949/2874 2977/2977/2248 2976/2976/2892
f 2951/2951/2876 2978/2978/2893 2977/2977/2248
f 2952/2952/2877 2979/2979/2894 2978/2978/2893
f 2953/2953/2878 2980/2980/2895 2979/2979/2894
f 2956/2956/2881 2981/2981/2256 2982/2982/2258
f 2286/2286/2211 2983/2983/2896 2284/2284/2209
f 2984/2984/2897 2985/2985/2898 2983/2983/2896
f 2986/2986/2899 2987/2987/966 2985/2985/2898
f 2988/2988/2900 2989/2989/953 2987/2987/966
f 2990/2990/2901 2991/2991/928 2989/2989/953
f 2992/2992/2902 2993/2993/2903 2991/2991/928
f 2994/2994/2904 2995/2995/902 2993/2993/2903
f 2996/2996/2905 2997/2997/889 2995/2995/902
f 2998/2998/2906 2999/2999/876 2997/2997/889
f 3000/3000/2907 3001/3001/862 2999/2999/876
f 3002/3002/2908 3003/3003/863 3001/3001/862
f 3004/3004/2909 3005/3005/849 3003/3003/863
f 3005/3005/849 3006/3006/2910 3007/3007/836
f 3006/3006/2910 3008/3008/823 3007/3007/836
f 3009/3009/2911 3010/3010/798 3008/3008/823
f 3011/3011/2912 3012/3012/2913 3010/3010/798
f 3013/3013/2914 3014/3014/2915 3012/3012/2913
f 2335/2335/2260 2984/2984/2897 2286/2286/2211
f 3015/3015/2916 2986/2986/2899 2984/2984/2897
f 3016/3016/2917 2988/2988/2900 2986/2986/2899
f 3017/3017/2918 2990/2990/2901 2988/2988/2900
f 3018/3018/2919 2992/2992/2902 2990/2990/2901
f 3019/3019/2920 2994/2994/2904 2992/2992/2902
f 3020/3020/2921 2996/2996/2905 2994/2994/2904
f 3021/3021/2922 2998/2998/2906 2996/2996/2905
f 3022/3022/2923 3000/3000/2907 2998/2998/2906
f 3023/3023/2924 3002/3002/2908 3000/3000/2907
f 3024/3024/2925 3004/3004/2909 3002/3002/2908
f 3025/3025/2926 3026/3026/2927 3004/3004/2909
f 3026/3026/2927 3027/3027/2928 3006/3006/2910
f 3027/3027/2928 3009/3009/2911 3006/3006/2910
f 3028/3028/2929 3011/3011/2912 3009/3009/2911
f 3029/3029/2930 3013/3013/2914 3011/3011/2912
f 3030/3030/2931 3031/3031/2932 3013/3013/2914
f 2361/2361/2286 3015/3015/2916 2335/2335/2260
f 3032/3032/2933 3016/3016/2917 3015/3015/2916
f 3033/3033/2934 3017/3017/2918 3016/3016/2917
f 3034/3034/2935 3018/3018/2919 3017/3017/2918
f 3035/3035/2936 3019/3019/2920 3018/3018/2919
f 3036/3036/2937 3020/3020/2921 3019/3019/2920
f 3037/3037/2938 3021/3021/2922 3020/3020/2921
f 3038/3038/2939 3022/3022/2923 3021/3021/2922
f 3039/3039/2940 3023/3023/2924 3022/3022/2923
f 3040/3040/2941 3024/3024/2925 3023/3023/2924
f 3041/3041/2942 3025/3025/2926 3024/3024/2925
f 3042/3042/2943 3043/3043/2944 3025/3025/2926
f 3044/3044/2945 3027/3027/2928 3043/3043/2944
f 3045/3045/2946 3028/3028/2929 3027/3027/2928
f 3046/3046/2947 3029/3029/2930 3028/3028/2929
f 3047/3047/2948 3030/3030/2931 3029/3029/2930
f 3048/3048/2949 3049/3049/2950 3030/3030/2931
f 2387/2387/2312 3032/3032/2933 2361/2361/2286
f 3050/3050/2951 3033/3033/2934 3032/3032/2933
f 3051/3051/2952 3034/3034/2935 3033/3033/2934
f 3052/3052/2953 3035/3035/2936 3034/3034/2935
f 3053/3053/2954 3036/3036/2937 3035/3035/2936
f 3054/3054/2955 3037/3037/2938 3036/3036/2937
f 3055/3055/2956 3038/3038/2939 3037/3037/2938
f 3056/3056/2957 3039/3039/2940 3038/3038/2939
f 3057/3057/2958 3040/3040/2941 3039/3039/2940
f 3058/3058/2959 3041/3041/2942 3040/3040/2941
f 3059/3059/2960 3042/3042/2943 3041/3041/2942
f 3042/3042/2943 3060/3060/2961 3044/3044/2945
f 3060/3060/2961 3045/3045/2946 3044/3044/2945
f 3061/3061/2962 3046/3046/2947 3045/3045/2946
f 3062/3062/2963 3047/3047/2948 3046/3046/2947
f 3063/3063/2964 3048/3048/2949 3047/3047/2948
f 3064/3064/2965 3065/3065/2966 3048/3048/2949
f 2412/2412/2337 3050/3050/2951 2387/2387/2312
f 3066/3066/2967 3051/3051/2952 3050/3050/2951
f 3067/3067/2968 3052/3052/2953 3051/3051/2952
f 3068/3068/2969 3053/3053/2954 3052/3052/2953
f 3069/3069/2970 3054/3054/2955 3053/3053/2954
f 3070/3070/2971 3055/3055/2956 3054/3054/2955
f 3071/3071/2972 3056/3056/2957 3055/3055/2956
f 3072/3072/2973 3057/3057/2958 3056/3056/2957
f 3073/3073/2974 3058/3058/2959 3057/3057/2958
f 3074/3074/2975 3059/3059/2960 3058/3058/2959
f 3075/3075/2976 3076/3076/2977 3059/3059/2960
f 3076/3076/2977 3077/3077/2978 3060/3060/2961
f 3060/3060/2961 3078/3078/2979 3061/3061/2962
f 3078/3078/2979 3062/3062/2963 3061/3061/2962
f 3079/3079/2980 3063/3063/2964 3062/3062/2963
f 3080/3080/2981 3064/3064/2965 3063/3063/2964
f 3081/3081/2982 3082/3082/2983 3064/3064/2965
f 2438/2438/2363 3066/3066/2967 2412/2412/2337
f 3083/3083/2984 3067/3067/2968 3066/3066/2967
f 3084/3084/2985 3068/3068/2969 3067/3067/2968
f 3085/3085/2986 3069/3069/2970 3068/3068/2969
f 3086/3086/2987 3070/3070/2971 3069/3069/2970
f 3087/3087/2988 3071/3071/2972 3070/3070/2971
f 3088/3088/2989 3072/3072/2973 3071/3071/2972
f 3089/3089/2990 3073/3073/2974 3072/3072/2973
f 3090/3090/2991 3074/3074/2975 3073/3073/2974
f 3091/3091/2992 3075/3075/2976 3074/3074/2975
f 3092/3092/2993 3093/3093/2994 3075/3075/2976
f 3093/3093/2994 3094/3094/2995 3077/3077/2978
f 3077/3077/2978 3095/3095/2996 3078/3078/2979
f 3095/3095/2996 3079/3079/2980 3078/3078/2979
f 3096/3096/2997 3080/3080/2981 3079/3079/2980
f 3097/3097/2998 3081/3081/2982 3080/3080/2981
f 3098/3098/2999 3099/3099/3000 3081/3081/2982
f 2464/2464/2389 3083/3083/2984 2438/2438/2363
f 3100/3100/3001 3084/3084/2985 3083/3083/2984
f 3101/3101/3002 3085/3085/2986 3084/3084/2985
f 3102/3102/3003 3086/3086/2987 3085/3085/2986
f 3103/3103/3004 3087/3087/2988 3086/3086/2987
f 3104/3104/3005 3088/3088/2989 3087/3087/2988
f 3105/3105/3006 3089/3089/2990 3088/3088/2989
f 3106/3106/3007 3090/3090/2991 3089/3089/2990
f 3107/3107/3008 3091/3091/2992 3090/3090/2991
f 3108/3108/3009 3092/3092/2993 3091/3091/2992
f 3092/3092/2993 3109/3109/3010 3110/3110/3011
f 3110/3110/3011 3111/3111/3012 3094/3094/2995
f 3094/3094/2995 3112/3112/3013 3095/3095/2996
f 3095/3095/2996 3113/3113/3014 3096/3096/2997
f 3113/3113/3014 3097/3097/2998 3096/3096/2997
f 3114/3114/3015 3098/3098/2999 3097/3097/2998
f 3115/3115/3016 3116/3116/3017 3098/3098/2999
f 2490/2490/2415 3100/3100/3001 2464/2464/2389
f 3117/3117/3018 3101/3101/3002 3100/3100/3001
f 3118/3118/3019 3102/3102/3003 3101/3101/3002
f 3119/3119/3020 3103/3103/3004 3102/3102/3003
f 3120/3120/3021 3104/3104/3005 3103/3103/3004
f 3121/3121/3022 3105/3105/3006 3104/3104/3005
f 3122/3122/3023 3106/3106/3007 3105/3105/3006
f 3123/3123/3024 3107/3107/3008 3106/3106/3007
f 3124/3124/3025 3108/3108/3009 3107/3107/3008
f 3125/3125/3026 3126/3126/3027 3108/3108/3009
f 3126/3126/3027 3127/3127/3028 3109/3109/3010
f 3109/3109/3010 3128/3128/3029 3111/3111/3012
f 3111/3111/3012 3129/3129/3030 3112/3112/3013
f 3112/3112/3013 3130/3130/3031 3113/3113/3014
f 3130/3130/3031 3114/3114/3015 3113/3113/3014
f 3131/3131/3032 3115/3115/3016 3114/3114/3015
f 3132/3132/3033 3133/3133/2078 3115/3115/3016
f 2516/2516/2441 3117/3117/3018 2490/2490/2415
f 3134/3134/3034 3118/3118/3019 3117/3117/3018
f 3135/3135/3035 3119/3119/3020 3118/3118/3019
f 3136/3136/3036 3120/3120/3021 3119/3119/3020
f 3137/3137/3037 3121/3121/3022 3120/3120/3021
f 3138/3138/3038 3122/3122/3023 3121/3121/3022
f 3139/3139/3039 3123/3123/3024 3122/3122/3023
f 3140/3140/3040 3124/3124/3025 3123/3123/3024
f 3141/3141/3041 3125/3125/3026 3124/3124/3025
f 3142/3142/3042 3143/3143/3043 3125/3125/3026
f 3143/3143/3043 3144/3144/3044 3127/3127/3028
f 3127/3127/3028 3145/3145/3045 3128/3128/3029
f 3128/3128/3029 3146/3146/3046 3129/3129/3030
f 3129/3129/3030 3147/3147/3047 3130/3130/3031
f 3147/3147/3047 3131/3131/3032 3130/3130/3031
f 3148/3148/3048 3132/3132/3033 3131/3131/3032
f 3149/3149/3049 3150/3150/3050 3132/3132/3033
f 2541/2541/2466 3134/3134/3034 2516/2516/2441
f 3151/3151/3051 3135/3135/3035 3134/3134/3034
f 3152/3152/3052 3136/3136/3036 3135/3135/3035
f 3153/3153/3053 3137/3137/3037 3136/3136/3036
f 3154/3154/3054 3138/3138/3038 3137/3137/3037
f 3155/3155/3055 3139/3139/3039 3138/3138/3038
f 3156/3156/3056 3140/3140/3040 3139/3139/3039
f 3157/3157/3057 3141/3141/3041 3140/3140/3040
f 3158/3158/3058 3142/3142/3042 3141/3141/3041
f 3159/3159/3059 3160/3160/3060 3142/3142/3042
f 3160/3160/3060 3161/3161/3061 3144/3144/3044
f 3144/3144/3044 3162/3162/3062 3145/3145/3045
f 3145/3145/3045 3163/3163/3063 3146/3146/3046
f 3146/3146/3046 3164/3164/3064 3147/3147/3047
f 3147/3147/3047 3165/3165/3065 3148/3148/3048
f 3165/3165/3065 3149/3149/3049 3148/3148/3048
f 3166/3166/3066 3167/3167/2082 3149/3149/3049
f 2567/2567/2492 3151/3151/3051 2541/2541/2466
f 3168/3168/3067 3152/3152/3052 3151/3151/3051
f 3169/3169/3068 3153/3153/3053 3152/3152/3052
f 3170/3170/3069 3154/3154/3054 3153/3153/3053
f 3154/3154/3054 3171/3171/3070 3155/3155/3055
f 3155/3155/3055 3172/3172/3071 3156/3156/3056
f 3156/3156/3056 3173/3173/3072 3157/3157/3057
f 3157/3157/3057 3174/3174/3073 3158/3158/3058
f 3158/3158/3058 3175/3175/3074 3159/3159/3059
f 3175/3175/3074 3176/3176/3075 3159/3159/3059
f 3176/3176/3075 3177/3177/3076 3161/3161/3061
f 3161/3161/3061 3178/3178/3077 3162/3162/3062
f 3162/3162/3062 3179/3179/3078 3163/3163/3063
f 3163/3163/3063 3180/3180/3079 3164/3164/3064
f 3164/3164/3064 3181/3181/3080 3165/3165/3065
f 3181/3181/3080 3166/3166/3066 3165/3165/3065
f 3182/3182/3081 3183/3183/2084 3166/3166/3066
f 2593/2593/2518 3168/3168/3067 2567/2567/2492
f 3184/3184/3082 3169/3169/3068 3168/3168/3067
f 3185/3185/3083 3170/3170/3069 3169/3169/3068
f 3170/3170/3069 3186/3186/3084 3187/3187/3085
f 3187/3187/3085 3188/3188/3086 3171/3171/3070
f 3171/3171/3070 3189/3189/3087 3172/3172/3071
f 3172/3172/3071 3190/3190/3088 3173/3173/3072
f 3173/3173/3072 3191/3191/3089 3174/3174/3073
f 3174/3174/3073 3192/3192/3090 3175/3175/3074
f 3175/3175/3074 3193/3193/3091 3194/3194/3092
f 3194/3194/3092 3195/3195/3093 3177/3177/3076
f 3177/3177/3076 3196/3196/3094 3178/3178/3077
f 3178/3178/3077 3197/3197/3095 3179/3179/3078
f 3179/3179/3078 3198/3198/3096 3180/3180/3079
f 3180/3180/3079 3199/3199/3097 3181/3181/3080
f 3199/3199/3097 3182/3182/3081 3181/3181/3080
f 3200/3200/3098 3201/3201/2086 3182/3182/3081
f 2619/2619/2544 3184/3184/3082 2593/2593/2518
f 3202/3202/3099 3185/3185/3083 3184/3184/3082
f 3185/3185/3083 3203/3203/3100 3204/3204/3101
f 3204/3204/3101 3205/3205/3102 3186/3186/3084
f 3186/3186/3084 3206/3206/3103 3188/3188/3086
f 3188/3188/3086 3207/3207/3104 3189/3189/3087
f 3189/3189/3087 3208/3208/3105 3190/3190/3088
f 3190/3190/3088 3209/3209/3106 3191/3191/3089
f 3191/3191/3089 3210/3210/3107 3192/3192/3090
f 3192/3192/3090 3211/3211/3108 3193/3193/3091
f 3193/3193/3091 3212/3212/3109 3195/3195/3093
f 3195/3195/3093 3213/3213/3110 3196/3196/3094
f 3196/3196/3094 3214/3214/3111 3197/3197/3095
f 3197/3197/3095 3215/3215/3112 3198/3198/3096
f 3198/3198/3096 3216/3216/3113 3199/3199/3097
f 3216/3216/3113 3200/3200/3098 3199/3199/3097
f 3217/3217/3114 3218/3218/2088 3200/3200/3098
f 2645/2645/2570 3202/3202/3099 2619/2619/2544
f 3202/3202/3099 3219/3219/3115 3220/3220/3116
f 3220/3220/3116 3221/3221/3117 3203/3203/3100
f 3203/3203/3100 3222/3222/3118 3205/3205/3102
f 3205/3205/3102 3223/3223/3119 3206/3206/3103
f 3206/3206/3103 3224/3224/3120 3207/3207/3104
f 3207/3207/3104 3225/3225/3121 3208/3208/3105
f 3208/3208/3105 3226/3226/3122 3209/3209/3106
f 3209/3209/3106 3227/3227/3123 3210/3210/3107
f 3210/3210/3107 3228/3228/3124 3211/3211/3108
f 3211/3211/3108 3229/3229/3125 3212/3212/3109
f 3212/3212/3109 3230/3230/3126 3213/3213/3110
f 3213/3213/3110 3231/3231/3127 3214/3214/3111
f 3214/3214/3111 3232/3232/3128 3215/3215/3112
f 3232/3232/3128 3216/3216/3113 3215/3215/3112
f 3233/3233/3129 3217/3217/3114 3216/3216/3113
f 3234/3234/3130 3235/3235/3131 3217/3217/3114
f 2645/2645/2570 3236/3236/3132 3237/3237/3133
f 3237/3237/3133 3238/3238/3134 3219/3219/3115
f 3219/3219/3115 3239/3239/3135 3221/3221/3117
f 3221/3221/3117 3240/3240/3136 3222/3222/3118
f 3222/3222/3118 3241/3241/3137 3223/3223/3119
f 3223/3223/3119 3242/3242/3138 3224/3224/3120
f 3224/3224/3120 3243/3243/3139 3225/3225/3121
f 3225/3225/3121 3244/3244/3140 3226/3226/3122
f 3226/3226/3122 3245/3245/3141 3227/3227/3123
f 3227/3227/3123 3246/3246/3142 3228/3228/3124
f 3228/3228/3124 3247/3247/3143 3229/3229/3125
f 3229/3229/3125 3248/3248/3144 3230/3230/3126
f 3248/3248/3144 3231/3231/3127 3230/3230/3126
f 3231/3231/3127 3249/3249/3145 3232/3232/3128
f 3249/3249/3145 3233/3233/3129 3232/3232/3128
f 3250/3250/3146 3234/3234/3130 3233/3233/3129
f 3251/3251/3147 3252/3252/2092 3234/3234/3130
f 2671/2671/2596 3253/3253/3148 3236/3236/3132
f 3236/3236/3132 3254/3254/3149 3238/3238/3134
f 3238/3238/3134 3255/3255/3150 3239/3239/3135
f 3239/3239/3135 3256/3256/3151 3240/3240/3136
f 3240/3240/3136 3257/3257/3152 3241/3241/3137
f 3241/3241/3137 3258/3258/3153 3242/3242/3138
f 3242/3242/3138 3259/3259/3154 3243/3243/3139
f 3243/3243/3139 3260/3260/3155 3244/3244/3140
f 3244/3244/3140 3261/3261/3156 3245/3245/3141
f 3245/3245/3141 3262/3262/3157 3246/3246/3142
f 3246/3246/3142 3263/3263/3158 3247/3247/3143
f 3247/3247/3143 3264/3264/3159 3248/3248/3144
f 3264/3264/3159 3265/3265/3160 3248/3248/3144
f 3266/3266/3161 3249/3249/3145 3265/3265/3160
f 3267/3267/3162 3250/3250/3146 3249/3249/3145
f 3268/3268/3163 3251/3251/3147 3250/3250/3146
f 3269/3269/3164 3270/3270/2094 3251/3251/3147
f 2697/2697/2622 3271/3271/3165 3253/3253/3148
f 3253/3253/3148 3272/3272/3166 3254/3254/3149
f 3254/3254/3149 3273/3273/3167 3255/3255/3150
f 3255/3255/3150 3274/3274/3168 3256/3256/3151
f 3256/3256/3151 3275/3275/3169 3257/3257/3152
f 3257/3257/3152 3276/3276/3170 3258/3258/3153
f 3258/3258/3153 3277/3277/3171 3259/3259/3154
f 3259/3259/3154 3278/3278/3172 3260/3260/3155
f 3260/3260/3155 3279/3279/3173 3261/3261/3156
f 3261/3261/3156 3280/3280/3174 3262/3262/3157
f 3262/3262/3157 3281/3281/3175 3263/3263/3158
f 3281/3281/3175 3264/3264/3159 3263/3263/3158
f 3282/3282/3176 3266/3266/3161 3264/3264/3159
f 3283/3283/3177 3267/3267/3162 3266/3266/3161
f 3284/3284/3178 3268/3268/3163 3267/3267/3162
f 3285/3285/3179 3269/3269/3164 3268/3268/3163
f 3286/3286/3180 3287/3287/2096 3269/3269/3164
f 2723/2723/2648 3288/3288/3181 3271/3271/3165
f 3271/3271/3165 3289/3289/3182 3272/3272/3166
f 3272/3272/3166 3290/3290/3183 3273/3273/3167
f 3273/3273/3167 3291/3291/3184 3274/3274/3168
f 3274/3274/3168 3292/3292/3185 3275/3275/3169
f 3275/3275/3169 3293/3293/3186 3276/3276/3170
f 3276/3276/3170 3294/3294/3187 3277/3277/3171
f 3277/3277/3171 3295/3295/3188 3278/3278/3172
f 3278/3278/3172 3296/3296/3189 3279/3279/3173
f 3279/3279/3173 3297/3297/3190 3280/3280/3174
f 3280/3280/3174 3298/3298/3191 3281/3281/3175
f 3298/3298/3191 3282/3282/3176 3281/3281/3175
f 3299/3299/3192 3283/3283/3177 3282/3282/3176
f 3300/3300/3193 3284/3284/3178 3283/3283/3177
f 3301/3301/3194 3285/3285/3179 3284/3284/3178
f 3302/3302/3195 3286/3286/3180 3285/3285/3179
f 3303/3303/3196 3304/3304/2098 3286/3286/3180
f 2749/2749/2674 3305/3305/3197 3288/3288/3181
f 3288/3288/3181 3306/3306/3198 3289/3289/3182
f 3289/3289/3182 3307/3307/3199 3290/3290/3183
f 3290/3290/3183 3308/3308/3200 3291/3291/3184
f 3291/3291/3184 3309/3309/3201 3292/3292/3185
f 3292/3292/3185 3310/3310/3202 3293/3293/3186
f 3293/3293/3186 3311/3311/3203 3294/3294/3187
f 3294/3294/3187 3312/3312/3204 3295/3295/3188
f 3295/3295/3188 3313/3313/3205 3296/3296/3189
f 3296/3296/3189 3314/3314/3206 3297/3297/3190
f 3297/3297/3190 3315/3315/3207 3298/3298/3191
f 3315/3315/3207 3299/3299/3192 3298/3298/3191
f 3316/3316/3208 3300/3300/3193 3299/3299/3192
f 3317/3317/3209 3301/3301/3194 3300/3300/3193
f 3318/3318/3210 3302/3302/3195 3301/3301/3194
f 3319/3319/3211 3303/3303/3196 3302/3302/3195
f 3320/3320/3212 3321/3321/3213 3303/3303/3196
f 2775/2775/2700 3322/3322/3214 3305/3305/3197
f 3305/3305/3197 3323/3323/3215 3306/3306/3198
f 3306/3306/3198 3324/3324/3216 3307/3307/3199
f 3307/3307/3199 3325/3325/3217 3308/3308/3200
f 3308/3308/3200 3326/3326/3218 3309/3309/3201
f 3309/3309/3201 3327/3327/3219 3310/3310/3202
f 3310/3310/3202 3328/3328/3220 3311/3311/3203
f 3311/3311/3203 3329/3329/3221 3312/3312/3204
f 3312/3312/3204 3330/3330/3222 3313/3313/3205
f 3313/3313/3205 3331/3331/3223 3314/3314/3206
f 3314/3314/3206 3332/3332/3224 3315/3315/3207
f 3332/3332/3224 3316/3316/3208 3315/3315/3207
f 3333/3333/3225 3317/3317/3209 3316/3316/3208
f 3334/3334/3226 3318/3318/3210 3317/3317/3209
f 3335/3335/3227 3319/3319/3211 3318/3318/3210
f 3336/3336/3228 3320/3320/3212 3319/3319/3211
f 3337/3337/3229 3338/3338/3230 3320/3320/3212
f 2801/2801/2726 3339/3339/3231 3322/3322/3214
f 3322/3322/3214 3340/3340/3232 3323/3323/3215
f 3323/3323/3215 3341/3341/3233 3324/3324/3216
f 3324/3324/3216 3342/3342/3234 3325/3325/3217
f 3325/3325/3217 3343/3343/3235 3326/3326/3218
f 3326/3326/3218 3344/3344/3236 3327/3327/3219
f 3327/3327/3219 3345/3345/3237 3328/3328/3220
f 3328/3328/3220 3346/3346/3238 3329/3329/3221
f 3329/3329/3221 3347/3347/3239 3330/3330/3222
f 3330/3330/3222 3348/3348/3240 3331/3331/3223
f 3331/3331/3223 3349/3349/3241 3332/3332/3224
f 3349/3349/3241 3333/3333/3225 3332/3332/3224
f 3350/3350/3242 3334/3334/3226 3333/3333/3225
f 3351/3351/3243 3335/3335/3227 3334/3334/3226
f 3352/3352/3244 3336/3336/3228 3335/3335/3227
f 3353/3353/3245 3337/3337/3229 3336/3336/3228
f 3354/3354/3246 3355/3355/2104 3337/3337/3229
f 2827/2827/2752 3356/3356/3247 3339/3339/3231
f 3339/3339/3231 3357/3357/3248 3340/3340/3232
f 3340/3340/3232 3358/3358/3249 3341/3341/3233
f 3341/3341/3233 3359/3359/3250 3342/3342/3234
f 3342/3342/3234 3360/3360/3251 3343/3343/3235
f 3343/3343/3235 3361/3361/3252 3344/3344/3236
f 3344/3344/3236 3362/3362/3253 3345/3345/3237
f 3345/3345/3237 3363/3363/3254 3346/3346/3238
f 3346/3346/3238 3364/3364/3255 3347/3347/3239
f 3347/3347/3239 3365/3365/3256 3348/3348/3240
f 3348/3348/3240 3366/3366/3257 3349/3349/3241
f 3349/3349/3241 3367/3367/3258 3350/3350/3242
f 3350/3350/3242 3368/3368/3259 3351/3351/3243
f 3368/3368/3259 3352/3352/3244 3351/3351/3243
f 3369/3369/3260 3353/3353/3245 3352/3352/3244
f 3370/3370/3261 3354/3354/3246 3353/3353/3245
f 3371/3371/3262 3372/3372/2106 3354/3354/3246
f 2853/2853/2778 3373/3373/3263 3356/3356/3247
f 3356/3356/3247 3374/3374/3264 3357/3357/3248
f 3357/3357/3248 3375/3375/3265 3358/3358/3249
f 3358/3358/3249 3376/3376/3266 3359/3359/3250
f 3359/3359/3250 3377/3377/3267 3360/3360/3251
f 3360/3360/3251 3378/3378/3268 3361/3361/3252
f 3361/3361/3252 3379/3379/3269 3362/3362/3253
f 3362/3362/3253 3380/3380/3270 3363/3363/3254
f 3363/3363/3254 3381/3381/3271 3364/3364/3255
f 3364/3364/3255 3382/3382/3272 3365/3365/3256
f 3365/3365/3256 3383/3383/3273 3366/3366/3257
f 3366/3366/3257 3384/3384/3274 3367/3367/3258
f 3367/3367/3258 3385/3385/3275 3368/3368/3259
f 3368/3368/3259 3386/3386/3276 3369/3369/3260
f 3386/3386/3276 3370/3370/3261 3369/3369/3260
f 3387/3387/3277 3371/3371/3262 3370/3370/3261
f 3388/3388/3278 3389/3389/2108 3371/3371/3262
f 2880/2880/2805 3390/3390/3279 3373/3373/3263
f 3373/3373/3263 3391/3391/3280 3374/3374/3264
f 3374/3374/3264 3392/3392/3281 3375/3375/3265
f 3375/3375/3265 3393/3393/3282 3376/3376/3266
f 3376/3376/3266 3394/3394/3283 3377/3377/3267
f 3377/3377/3267 3395/3395/3284 3378/3378/3268
f 3378/3378/3268 3396/3396/3285 3379/3379/3269
f 3379/3379/3269 3397/3397/3286 3380/3380/3270
f 3380/3380/3270 3398/3398/3287 3381/3381/3271
f 3381/3381/3271 3399/3399/3288 3382/3382/3272
f 3382/3382/3272 3400/3400/3289 3383/3383/3273
f 3383/3383/3273 3401/3401/3290 3384/3384/3274
f 3384/3384/3274 3402/3402/3291 3385/3385/3275
f 3385/3385/3275 3403/3403/3292 3386/3386/3276
f 3403/3403/3292 3387/3387/3277 3386/3386/3276
f 3404/3404/3293 3388/3388/3278 3387/3387/3277
f 3405/3405/3294 3406/3406/3295 3388/3388/3278
f 2906/2906/2831 3407/3407/3296 3390/3390/3279
f 3390/3390/3279 3408/3408/3297 3391/3391/3280
f 3391/3391/3280 3409/3409/3298 3392/3392/3281
f 3392/3392/3281 3410/3410/3299 3393/3393/3282
f 3393/3393/3282 3411/3411/3300 3394/3394/3283
f 3394/3394/3283 3412/3412/3301 3395/3395/3284
f 3395/3395/3284 3413/3413/3302 3396/3396/3285
f 3396/3396/3285 3414/3414/3303 3397/3397/3286
f 3397/3397/3286 3415/3415/3304 3398/3398/3287
f 3398/3398/3287 3416/3416/3305 3399/3399/3288
f 3399/3399/3288 3417/3417/3306 3400/3400/3289
f 3400/3400/3289 3418/3418/3307 3401/3401/3290
f 3401/3401/3290 3419/3419/3308 3402/3402/3291
f 3402/3402/3291 3420/3420/3309 3403/3403/3292
f 3403/3403/3292 3421/3421/3310 3404/3404/3293
f 3421/3421/3310 3405/3405/3294 3404/3404/3293
f 3422/3422/3311 3423/3423/2112 3405/3405/3294
f 2932/2932/2857 3424/3424/3312 3407/3407/3296
f 3407/3407/3296 3425/3425/1467 3408/3408/3297
f 3408/3408/3297 3426/3426/1469 3409/3409/3298
f 3409/3409/3298 3427/3427/1471 3410/3410/3299
f 3410/3410/3299 3428/3428/3313 3411/3411/3300
f 3411/3411/3300 3429/3429/1475 3412/3412/3301
f 3412/3412/3301 3430/3430/1477 3413/3413/3302
f 3413/3413/3302 3431/3431/3314 3414/3414/3303
f 3414/3414/3303 3432/3432/1481 3415/3415/3304
f 3415/3415/3304 3433/3433/3315 3416/3416/3305
f 3416/3416/3305 3434/3434/3316 3417/3417/3306
f 3417/3417/3306 3435/3435/1486 3418/3418/3307
f 3418/3418/3307 3436/3436/1488 3419/3419/3308
f 3419/3419/3308 3437/3437/3317 3420/3420/3309
f 3420/3420/3309 3438/3438/1492 3421/3421/3310
f 3438/3438/1492 3422/3422/3311 3421/3421/3310
f 3439/3439/3318 3440/3440/2114 3422/3422/3311
f 3441/3441/3319 3442/3442/3320 3443/3443/3321
f 3443/3443/3321 3444/3444/3322 3445/3445/3323
f 3444/3444/3322 3446/3446/3324 3445/3445/3323
f 3447/3447/3325 3448/3448/3326 3446/3446/3324
f 3449/3449/3327 3450/3450/3328 3448/3448/3326
f 3451/3451/3329 3452/3452/3330 3450/3450/3328
f 3453/3453/3331 3454/3454/3332 3452/3452/3330
f 3455/3455/3333 3456/3456/3334 3454/3454/3332
f 3457/3457/3335 3458/3458/3336 3456/3456/3334
f 3459/3459/3337 3460/3460/3338 3458/3458/3336
f 3461/3461/3339 3462/3462/3340 3460/3460/3338
f 3463/3463/3341 3464/3464/3342 3462/3462/3340
f 3465/3465/3343 3466/3466/3344 3464/3464/3342
f 3467/3467/3345 3468/3468/3346 3466/3466/3344
f 3469/3469/3347 3470/3470/3348 3468/3468/3346
f 3471/3471/3349 3472/3472/3350 3470/3470/3348
f 3473/3473/3351 3474/3474/3352 3472/3472/3350
f 3475/3475/3353 3476/3476/3354 3474/3474/3352
f 3477/3477/3355 3478/3478/3356 3476/3476/3354
f 3479/3479/3357 3480/3480/3358 3478/3478/3356
f 3481/3481/3359 3482/3482/3360 3480/3480/3358
f 3483/3483/3361 3484/3484/3362 3482/3482/3360
f 3485/3485/3363 3486/3486/3364 3484/3484/3362
f 3487/3487/3365 3488/3488/3366 3489/3489/3367
f 3490/3490/3368 3491/3491/3369 3442/3442/3320
f 3442/3442/3320 3492/3492/3370 3444/3444/3322
f 3492/3492/3370 3447/3447/3325 3444/3444/3322
f 3493/3493/3371 3449/3449/3327 3447/3447/3325
f 3494/3494/3372 3451/3451/3329 3449/3449/3327
f 3495/3495/3373 3453/3453/3331 3451/3451/3329
f 3496/3496/3374 3455/3455/3333 3453/3453/3331
f 3497/3497/3375 3457/3457/3335 3455/3455/3333
f 3498/3498/3376 3459/3459/3337 3457/3457/3335
f 3499/3499/3377 3461/3461/3339 3459/3459/3337
f 3500/3500/3378 3463/3463/3341 3461/3461/3339
f 3501/3501/3379 3465/3465/3343 3463/3463/3341
f 3502/3502/3380 3467/3467/3345 3465/3465/3343
f 3503/3503/3381 3469/3469/3347 3467/3467/3345
f 3504/3504/3382 3471/3471/3349 3469/3469/3347
f 3505/3505/3383 3473/3473/3351 3471/3471/3349
f 3506/3506/3384 3475/3475/3353 3473/3473/3351
f 3507/3507/3385 3477/3477/3355 3475/3475/3353
f 3477/3477/3355 3508/3508/3386 3479/3479/3357
f 3508/3508/3386 3481/3481/3359 3479/3479/3357
f 3509/3509/3387 3483/3483/3361 3481/3481/3359
f 3510/3510/3388 3485/3485/3363 3483/3483/3361
f 3511/3511/3389 3512/3512/3390 3485/3485/3363
f 3513/3513/3391 3514/3514/3392 3487/3487/3365
f 3515/3515/3393 3516/3516/3394 3491/3491/3369
f 3516/3516/3394 3492/3492/3370 3491/3491/3369
f 3517/3517/3395 3493/3493/3371 3492/3492/3370
f 3518/3518/3396 3494/3494/3372 3493/3493/3371
f 3519/3519/3397 3495/3495/3373 3494/3494/3372
f 3520/3520/3398 3496/3496/3374 3495/3495/3373
f 3521/3521/3399 3497/3497/3375 3496/3496/3374
f 3522/3522/3400 3498/3498/3376 3497/3497/3375
f 3523/3523/3401 3499/3499/3377 3498/3498/3376
f 3524/3524/3402 3500/3500/3378 3499/3499/3377
f 3525/3525/3403 3501/3501/3379 3500/3500/3378
f 3526/3526/3404 3502/3502/3380 3501/3501/3379
f 3527/3527/3405 3503/3503/3381 3502/3502/3380
f 3528/3528/3406 3504/3504/3382 3503/3503/3381
f 3529/3529/3407 3505/3505/3383 3504/3504/3382
f 3530/3530/3408 3506/3506/3384 3505/3505/3383
f 3531/3531/3409 3507/3507/3385 3506/3506/3384
f 3532/3532/3410 3533/3533/3411 3507/3507/3385
f 3534/3534/3412 3508/3508/3386 3533/3533/3411
f 3535/3535/3413 3509/3509/3387 3508/3508/3386
f 3536/3536/3414 3510/3510/3388 3509/3509/3387
f 3537/3537/3415 3511/3511/3389 3510/3510/3388
f 3538/3538/3416 3539/3539/3417 3511/3511/3389
f 3540/3540/3418 3541/3541/3419 3513/3513/3391
f 3542/3542/3420 3543/3543/3421 3516/3516/3394
f 3543/3543/3421 3517/3517/3395 3516/3516/3394
f 3544/3544/3422 3518/3518/3396 3517/3517/3395
f 3545/3545/3423 3519/3519/3397 3518/3518/3396
f 3546/3546/3424 3520/3520/3398 3519/3519/3397
f 3547/3547/3425 3521/3521/3399 3520/3520/3398
f 3548/3548/3426 3522/3522/3400 3521/3521/3399
f 3549/3549/3427 3523/3523/3401 3522/3522/3400
f 3550/3550/3428 3524/3524/3402 3523/3523/3401
f 3551/3551/3429 3525/3525/3403 3524/3524/3402
f 3552/3552/3430 3526/3526/3404 3525/3525/3403
f 3553/3553/3431 3527/3527/3405 3526/3526/3404
f 3554/3554/3432 3528/3528/3406 3527/3527/3405
f 3555/3555/3433 3529/3529/3407 3528/3528/3406
f 3556/3556/3434 3530/3530/3408 3529/3529/3407
f 3557/3557/3435 3531/3531/3409 3530/3530/3408
f 3558/3558/3436 3532/3532/3410 3531/3531/3409
f 3559/3559/3437 3534/3534/3412 3532/3532/3410
f 3560/3560/3438 3535/3535/3413 3534/3534/3412
f 3561/3561/3439 3536/3536/3414 3535/3535/3413
f 3562/3562/3440 3537/3537/3415 3536/3536/3414
f 3563/3563/3441 3538/3538/3416 3537/3537/3415
f 3564/3564/3442 3565/3565/3443 3538/3538/3416
f 3566/3566/3444 3567/3567/3445 3540/3540/3418
f 3568/3568/3446 3569/3569/3447 3543/3543/3421
f 3569/3569/3447 3544/3544/3422 3543/3543/3421
f 3570/3570/3448 3545/3545/3423 3544/3544/3422
f 3571/3571/3449 3546/3546/3424 3545/3545/3423
f 3572/3572/3450 3547/3547/3425 3546/3546/3424
f 3573/3573/3451 3548/3548/3426 3547/3547/3425
f 3574/3574/3452 3549/3549/3427 3548/3548/3426
f 3575/3575/3453 3550/3550/3428 3549/3549/3427
f 3576/3576/3454 3551/3551/3429 3550/3550/3428
f 3577/3577/3455 3552/3552/3430 3551/3551/3429
f 3578/3578/3456 3553/3553/3431 3552/3552/3430
f 3579/3579/3457 3554/3554/3432 3553/3553/3431
f 3580/3580/3458 3555/3555/3433 3554/3554/3432
f 3581/3581/3459 3556/3556/3434 3555/3555/3433
f 3582/3582/3460 3557/3557/3435 3556/3556/3434
f 3583/3583/3461 3558/3558/3436 3557/3557/3435
f 3584/3584/3462 3559/3559/3437 3558/3558/3436
f 3585/3585/3463 3560/3560/3438 3559/3559/3437
f 3586/3586/3464 3561/3561/3439 3560/3560/3438
f 3587/3587/3465 3562/3562/3440 3561/3561/3439
f 3588/3588/3466 3563/3563/3441 3562/3562/3440
f 3589/3589/3467 3564/3564/3442 3563/3563/3441
f 3590/3590/3468 3591/3591/3469 3564/3564/3442
f 3592/3592/3470 3593/3593/3471 3566/3566/3444
f 3594/3594/3472 3569/3569/3447 3595/3595/3473
f 3596/3596/3474 3570/3570/3448 3569/3569/3447
f 3597/3597/3475 3571/3571/3449 3570/3570/3448
f 3598/3598/3476 3572/3572/3450 3571/3571/3449
f 3599/3599/3477 3573/3573/3451 3572/3572/3450
f 3600/3600/3478 3574/3574/3452 3573/3573/3451
f 3601/3601/3479 3575/3575/3453 3574/3574/3452
f 3602/3602/3480 3576/3576/3454 3575/3575/3453
f 3603/3603/3481 3577/3577/3455 3576/3576/3454
f 3604/3604/3482 3578/3578/3456 3577/3577/3455
f 3605/3605/3483 3579/3579/3457 3578/3578/3456
f 3606/3606/3484 3580/3580/3458 3579/3579/3457
f 3607/3607/3485 3581/3581/3459 3580/3580/3458
f 3608/3608/3486 3582/3582/3460 3581/3581/3459
f 3609/3609/3487 3583/3583/3461 3582/3582/3460
f 3610/3610/3488 3584/3584/3462 3583/3583/3461
f 3611/3611/3489 3585/3585/3463 3584/3584/3462
f 3612/3612/3490 3586/3586/3464 3585/3585/3463
f 3613/3613/3491 3587/3587/3465 3586/3586/3464
f 3614/3614/3492 3588/3588/3466 3587/3587/3465
f 3615/3615/3493 3589/3589/3467 3588/3588/3466
f 3616/3616/3494 3590/3590/3468 3589/3589/3467
f 3617/3617/3495 3618/3618/3496 3590/3590/3468
f 3619/3619/3497 3620/3620/3498 3592/3592/3470
f 3621/3621/3499 3596/3596/3474 3594/3594/3472
f 3622/3622/3500 3597/3597/3475 3596/3596/3474
f 3623/3623/3501 3598/3598/3476 3597/3597/3475
f 3624/3624/3502 3599/3599/3477 3598/3598/3476
f 3625/3625/3503 3600/3600/3478 3599/3599/3477
f 3626/3626/3504 3601/3601/3479 3600/3600/3478
f 3627/3627/3505 3602/3602/3480 3601/3601/3479
f 3628/3628/3506 3603/3603/3481 3602/3602/3480
f 3629/3629/3507 3604/3604/3482 3603/3603/3481
f 3630/3630/3508 3605/3605/3483 3604/3604/3482
f 3631/3631/3509 3606/3606/3484 3605/3605/3483
f 3632/3632/3510 3607/3607/3485 3606/3606/3484
f 3633/3633/3511 3608/3608/3486 3607/3607/3485
f 3634/3634/3512 3609/3609/3487 3608/3608/3486
f 3635/3635/3513 3610/3610/3488 3609/3609/3487
f 3636/3636/3514 3611/3611/3489 3610/3610/3488
f 3637/3637/3515 3612/3612/3490 3611/3611/3489
f 3638/3638/3516 3613/3613/3491 3612/3612/3490
f 3639/3639/3517 3614/3614/3492 3613/3613/3491
f 3640/3640/3518 3615/3615/3493 3614/3614/3492
f 3641/3641/3519 3616/3616/3494 3615/3615/3493
f 3642/3642/3520 3617/3617/3495 3616/3616/3494
f 3643/3643/3521 3644/3644/3522 3617/3617/3495
f 3645/3645/3523 3646/3646/3524 3619/3619/3497
f 3647/3647/3525 3622/3622/3500 3621/3621/3499
f 3648/3648/3526 3623/3623/3501 3622/3622/3500
f 3649/3649/3527 3624/3624/3502 3623/3623/3501
f 3650/3650/3528 3625/3625/3503 3624/3624/3502
f 3651/3651/3529 3626/3626/3504 3625/3625/3503
f 3652/3652/3530 3627/3627/3505 3626/3626/3504
f 3653/3653/3531 3628/3628/3506 3627/3627/3505
f 3654/3654/3532 3629/3629/3507 3628/3628/3506
f 3655/3655/3533 3630/3630/3508 3629/3629/3507
f 3656/3656/3534 3631/3631/3509 3630/3630/3508
f 3657/3657/3535 3632/3632/3510 3631/3631/3509
f 3658/3658/3536 3633/3633/3511 3632/3632/3510
f 3659/3659/3537 3634/3634/3512 3633/3633/3511
f 3660/3660/3538 3635/3635/3513 3634/3634/3512
f 3661/3661/3539 3636/3636/3514 3635/3635/3513
f 3662/3662/3540 3637/3637/3515 3636/3636/3514
f 3663/3663/3541 3638/3638/3516 3637/3637/3515
f 3664/3664/3542 3639/3639/3517 3638/3638/3516
f 3665/3665/3543 3640/3640/3518 3639/3639/3517
f 3666/3666/3544 3641/3641/3519 3640/3640/3518
f 3667/3667/3545 3642/3642/3520 3641/3641/3519
f 3668/3668/3546 3643/3643/3521 3642/3642/3520
f 3669/3669/3547 3670/3670/3548 3643/3643/3521
f 3671/3671/3549 3672/3672/3550 3645/3645/3523
f 3673/3673/3551 3648/3648/3526 3647/3647/3525
f 3648/3648/3526 3674/3674/3552 3649/3649/3527
f 3674/3674/3552 3650/3650/3528 3649/3649/3527
f 3675/3675/3553 3651/3651/3529 3650/3650/3528
f 3676/3676/3554 3652/3652/3530 3651/3651/3529
f 3677/3677/3555 3653/3653/3531 3652/3652/3530
f 3678/3678/3556 3654/3654/3532 3653/3653/3531
f 3679/3679/3557 3655/3655/3533 3654/3654/3532
f 3680/3680/3558 3656/3656/3534 3655/3655/3533
f 3681/3681/3559 3657/3657/3535 3656/3656/3534
f 3682/3682/3560 3658/3658/3536 3657/3657/3535
f 3683/3683/3561 3659/3659/3537 3658/3658/3536
f 3684/3684/3562 3660/3660/3538 3659/3659/3537
f 3685/3685/3563 3661/3661/3539 3660/3660/3538
f 3686/3686/3564 3662/3662/3540 3661/3661/3539
f 3687/3687/3565 3663/3663/3541 3662/3662/3540
f 3688/3688/3566 3664/3664/3542 3663/3663/3541
f 3664/3664/3542 3689/3689/3567 3665/3665/3543
f 3665/3665/3543 3690/3690/3568 3666/3666/3544
f 3690/3690/3568 3667/3667/3545 3666/3666/3544
f 3691/3691/3569 3668/3668/3546 3667/3667/3545
f 3692/3692/3570 3669/3669/3547 3668/3668/3546
f 3693/3693/3571 3694/3694/3572 3669/3669/3547
f 3695/3695/3573 3696/3696/3574 3671/3671/3549
f 3697/3697/3575 3698/3698/3576 3673/3673/3551
f 3699/3699/3577 3674/3674/3552 3698/3698/3576
f 3700/3700/3578 3675/3675/3553 3674/3674/3552
f 3701/3701/3579 3676/3676/3554 3675/3675/3553
f 3702/3702/3580 3677/3677/3555 3676/3676/3554
f 3703/3703/3581 3678/3678/3556 3677/3677/3555
f 3704/3704/3582 3679/3679/3557 3678/3678/3556
f 3705/3705/3583 3680/3680/3558 3679/3679/3557
f 3706/3706/3584 3681/3681/3559 3680/3680/3558
f 3707/3707/3585 3682/3682/3560 3681/3681/3559
f 3708/3708/3586 3683/3683/3561 3682/3682/3560
f 3683/3683/3561 3709/3709/3587 3684/3684/3562
f 3709/3709/3587 3685/3685/3563 3684/3684/3562
f 3710/3710/3588 3686/3686/3564 3685/3685/3563
f 3711/3711/3589 3687/3687/3565 3686/3686/3564
f 3712/3712/3590 3688/3688/3566 3687/3687/3565
f 3713/3713/3591 3714/3714/3592 3688/3688/3566
f 3715/3715/3593 3689/3689/3567 3714/3714/3592
f 3689/3689/3567 3716/3716/3594 3690/3690/3568
f 3716/3716/3594 3691/3691/3569 3690/3690/3568
f 3717/3717/3595 3692/3692/3570 3691/3691/3569
f 3718/3718/3596 3693/3693/3571 3692/3692/3570
f 3719/3719/3597 3720/3720/3598 3693/3693/3571
f 3721/3721/3599 3722/3722/3600 3695/3695/3573
f 3723/3723/3601 3699/3699/3577 3697/3697/3575
f 3724/3724/3602 3700/3700/3578 3699/3699/3577
f 3725/3725/3603 3701/3701/3579 3700/3700/3578
f 3726/3726/3604 3702/3702/3580 3701/3701/3579
f 3727/3727/3605 3703/3703/3581 3702/3702/3580
f 3728/3728/3606 3704/3704/3582 3703/3703/3581
f 3729/3729/3607 3705/3705/3583 3704/3704/3582
f 3730/3730/3608 3706/3706/3584 3705/3705/3583
f 3731/3731/3609 3707/3707/3585 3706/3706/3584
f 3732/3732/3610 3708/3708/3586 3707/3707/3585
f 3708/3708/3586 3733/3733/3611 3734/3734/3612
f 3733/3733/3611 3709/3709/3587 3734/3734/3612
f 3735/3735/3613 3710/3710/3588 3709/3709/3587
f 3736/3736/3614 3711/3711/3589 3710/3710/3588
f 3737/3737/3615 3712/3712/3590 3711/3711/3589
f 3738/3738/3616 3713/3713/3591 3712/3712/3590
f 3739/3739/3617 3715/3715/3593 3713/3713/3591
f 3715/3715/3593 3740/3740/3618 3741/3741/3619
f 3740/3740/3618 3716/3716/3594 3741/3741/3619
f 3716/3716/3594 3742/3742/3620 3717/3717/3595
f 3742/3742/3620 3718/3718/3596 3717/3717/3595
f 3743/3743/3621 3719/3719/3597 3718/3718/3596
f 3744/3744/3622 3745/3745/3623 3719/3719/3597
f 3746/3746/3624 3747/3747/3625 3721/3721/3599
f 3748/3748/3626 3724/3724/3602 3723/3723/3601
f 3749/3749/3627 3725/3725/3603 3724/3724/3602
f 3750/3750/3628 3726/3726/3604 3725/3725/3603
f 3751/3751/3629 3727/3727/3605 3726/3726/3604
f 3752/3752/3630 3728/3728/3606 3727/3727/3605
f 3753/3753/3631 3729/3729/3607 3728/3728/3606
f 3754/3754/3632 3730/3730/3608 3729/3729/3607
f 3755/3755/3633 3731/3731/3609 3730/3730/3608
f 3756/3756/3634 3732/3732/3610 3731/3731/3609
f 3732/3732/3610 3757/3757/3635 3758/3758/3636
f 3758/3758/3636 3759/3759/3637 3733/3733/3611
f 3759/3759/3637 3735/3735/3613 3733/3733/3611
f 3760/3760/3638 3736/3736/3614 3735/3735/3613
f 3761/3761/3639 3737/3737/3615 3736/3736/3614
f 3762/3762/3640 3738/3738/3616 3737/3737/3615
f 3763/3763/3641 3739/3739/3617 3738/3738/3616
f 3739/3739/3617 3764/3764/3642 3765/3765/3643
f 3765/3765/3643 3766/3766/3644 3740/3740/3618
f 3766/3766/3644 3767/3767/3645 3740/3740/3618
f 3768/3768/3646 3742/3742/3620 3767/3767/3645
f 3769/3769/3647 3743/3743/3621 3742/3742/3620
f 3770/3770/3648 3744/3744/3622 3743/3743/3621
f 3771/3771/3649 3772/3772/3650 3744/3744/3622
f 3773/3773/3651 3774/3774/3652 3746/3746/3624
f 3775/3775/3653 3749/3749/3627 3748/3748/3626
f 3776/3776/3654 3750/3750/3628 3749/3749/3627
f 3777/3777/3655 3751/3751/3629 3750/3750/3628
f 3778/3778/3656 3752/3752/3630 3751/3751/3629
f 3752/3752/3630 3779/3779/3657 3753/3753/3631
f 3753/3753/3631 3780/3780/3658 3754/3754/3632
f 3754/3754/3632 3781/3781/3659 3755/3755/3633
f 3755/3755/3633 3782/3782/3660 3756/3756/3634
f 3756/3756/3634 3783/3783/3661 3784/3784/3662
f 3784/3784/3662 3785/3785/3663 3757/3757/3635
f 3757/3757/3635 3786/3786/3664 3759/3759/3637
f 3786/3786/3664 3760/3760/3638 3759/3759/3637
f 3787/3787/3665 3761/3761/3639 3760/3760/3638
f 3788/3788/3666 3762/3762/3640 3761/3761/3639
f 3789/3789/3667 3763/3763/3641 3762/3762/3640
f 3790/3790/3668 3791/3791/3669 3763/3763/3641
f 3791/3791/3669 3792/3792/3670 3764/3764/3642
f 3764/3764/3642 3793/3793/3671 3766/3766/3644
f 3766/3766/3644 3794/3794/3672 3768/3768/3646
f 3794/3794/3672 3769/3769/3647 3768/3768/3646
f 3795/3795/3673 3770/3770/3648 3769/3769/3647
f 3796/3796/3674 3771/3771/3649 3770/3770/3648
f 3797/3797/3675 3798/3798/3676 3771/3771/3649
f 3773/3773/3651 3799/3799/3677 3800/3800/3678
f 3801/3801/3679 3776/3776/3654 3775/3775/3653
f 3802/3802/3680 3777/3777/3655 3776/3776/3654
f 3803/3803/3681 3778/3778/3656 3777/3777/3655
f 3804/3804/3682 3805/3805/3683 3778/3778/3656
f 3805/3805/3683 3806/3806/3684 3779/3779/3657
f 3779/3779/3657 3807/3807/3685 3780/3780/3658
f 3780/3780/3658 3808/3808/3686 3781/3781/3659
f 3781/3781/3659 3809/3809/3687 3782/3782/3660
f 3782/3782/3660 3810/3810/3688 3783/3783/3661
f 3783/3783/3661 3811/3811/3689 3785/3785/3663
f 3785/3785/3663 3812/3812/3690 3786/3786/3664
f 3812/3812/3690 3787/3787/3665 3786/3786/3664
f 3813/3813/3691 3788/3788/3666 3787/3787/3665
f 3814/3814/3692 3789/3789/3667 3788/3788/3666
f 3815/3815/3693 3790/3790/3668 3789/3789/3667
f 3816/3816/3694 3817/3817/3695 3790/3790/3668
f 3817/3817/3695 3818/3818/3696 3792/3792/3670
f 3792/3792/3670 3819/3819/3697 3793/3793/3671
f 3793/3793/3671 3820/3820/3698 3794/3794/3672
f 3820/3820/3698 3795/3795/3673 3794/3794/3672
f 3821/3821/3699 3796/3796/3674 3795/3795/3673
f 3796/3796/3674 3822/3822/3700 3797/3797/3675
f 3822/3822/3700 3823/3823/3701 3797/3797/3675
f 3824/3824/3702 3825/3825/3703 3799/3799/3677
f 3826/3826/3704 3802/3802/3680 3801/3801/3679
f 3827/3827/3705 3803/3803/3681 3802/3802/3680
f 3828/3828/3706 3804/3804/3682 3803/3803/3681
f 3829/3829/3707 3830/3830/3708 3804/3804/3682
f 3830/3830/3708 3831/3831/3709 3806/3806/3684
f 3806/3806/3684 3832/3832/3710 3807/3807/3685
f 3807/3807/3685 3833/3833/3711 3808/3808/3686
f 3808/3808/3686 3834/3834/3712 3809/3809/3687
f 3809/3809/3687 3835/3835/3713 3810/3810/3688
f 3810/3810/3688 3836/3836/3714 3811/3811/3689
f 3811/3811/3689 3837/3837/3715 3812/3812/3690
f 3837/3837/3715 3813/3813/3691 3812/3812/3690
f 3838/3838/3716 3814/3814/3692 3813/3813/3691
f 3839/3839/3717 3815/3815/3693 3814/3814/3692
f 3840/3840/3718 3816/3816/3694 3815/3815/3693
f 3816/3816/3694 3841/3841/3719 3842/3842/3720
f 3842/3842/3720 3843/3843/3721 3818/3818/3696
f 3818/3818/3696 3844/3844/3722 3819/3819/3697
f 3819/3819/3697 3845/3845/3723 3820/3820/3698
f 3820/3820/3698 3846/3846/3724 3821/3821/3699
f 3821/3821/3699 3847/3847/3725 3848/3848/3726
f 3848/3848/3726 3849/3849/3727 3822/3822/3700
f 3822/3822/3700 3850/3850/3728 3851/3851/3729
f 3852/3852/3730 3853/3853/3731 3825/3825/3703
f 3854/3854/3732 3827/3827/3705 3826/3826/3704
f 3855/3855/3733 3828/3828/3706 3827/3827/3705
f 3856/3856/3734 3829/3829/3707 3828/3828/3706
f 3857/3857/3735 3858/3858/3736 3829/3829/3707
f 3858/3858/3736 3859/3859/3737 3831/3831/3709
f 3831/3831/3709 3860/3860/3738 3832/3832/3710
f 3832/3832/3710 3861/3861/3739 3833/3833/3711
f 3833/3833/3711 3862/3862/3740 3834/3834/3712
f 3834/3834/3712 3863/3863/3741 3835/3835/3713
f 3835/3835/3713 3864/3864/3742 3836/3836/3714
f 3836/3836/3714 3865/3865/3743 3837/3837/3715
f 3865/3865/3743 3838/3838/3716 3837/3837/3715
f 3866/3866/3744 3839/3839/3717 3838/3838/3716
f 3867/3867/3745 3840/3840/3718 3839/3839/3717
f 3868/3868/3746 3869/3869/3747 3840/3840/3718
f 3869/3869/3747 3870/3870/3748 3841/3841/3719
f 3841/3841/3719 3871/3871/3749 3843/3843/3721
f 3843/3843/3721 3872/3872/3750 3844/3844/3722
f 3844/3844/3722 3873/3873/3751 3845/3845/3723
f 3845/3845/3723 3874/3874/3752 3846/3846/3724
f 3846/3846/3724 3875/3875/3753 3847/3847/3725
f 3847/3847/3725 3876/3876/3754 3849/3849/3727
f 3849/3849/3727 3877/3877/3755 3850/3850/3728
f 3878/3878/3756 3879/3879/3757 3853/3853/3731
f 3880/3880/3758 3855/3855/3733 3854/3854/3732
f 3881/3881/3759 3856/3856/3734 3855/3855/3733
f 3882/3882/3760 3857/3857/3735 3856/3856/3734
f 3857/3857/3735 3883/3883/3761 3884/3884/3762
f 3884/3884/3762 3885/3885/3763 3859/3859/3737
f 3859/3859/3737 3886/3886/3764 3860/3860/3738
f 3860/3860/3738 3887/3887/3765 3861/3861/3739
f 3861/3861/3739 3888/3888/3766 3862/3862/3740
f 3862/3862/3740 3889/3889/3767 3863/3863/3741
f 3863/3863/3741 3890/3890/3768 3864/3864/3742
f 3864/3864/3742 3891/3891/3769 3865/3865/3743
f 3865/3865/3743 3892/3892/3770 3866/3866/3744
f 3892/3892/3770 3867/3867/3745 3866/3866/3744
f 3893/3893/3771 3868/3868/3746 3867/3867/3745
f 3894/3894/3772 3895/3895/3773 3868/3868/3746
f 3895/3895/3773 3896/3896/3774 3870/3870/3748
f 3870/3870/3748 3897/3897/3775 3871/3871/3749
f 3871/3871/3749 3898/3898/3776 3872/3872/3750
f 3872/3872/3750 3899/3899/3777 3873/3873/3751
f 3873/3873/3751 3900/3900/3778 3874/3874/3752
f 3874/3874/3752 3901/3901/3779 3875/3875/3753
f 3875/3875/3753 3902/3902/3780 3876/3876/3754
f 3876/3876/3754 3903/3903/3781 3877/3877/3755
f 3904/3904/3782 3905/3905/3783 3879/3879/3757
f 3906/3906/3784 3881/3881/3759 3880/3880/3758
f 3907/3907/3785 3882/3882/3760 3881/3881/3759
f 3908/3908/3786 3909/3909/3787 3882/3882/3760
f 3909/3909/3787 3910/3910/3788 3883/3883/3761
f 3883/3883/3761 3911/3911/3789 3885/3885/3763
f 3885/3885/3763 3912/3912/3790 3886/3886/3764
f 3886/3886/3764 3913/3913/3791 3887/3887/3765
f 3887/3887/3765 3914/3914/3792 3888/3888/3766
f 3888/3888/3766 3915/3915/3793 3889/3889/3767
f 3889/3889/3767 3916/3916/3794 3890/3890/3768
f 3890/3890/3768 3917/3917/3795 3891/3891/3769
f 3891/3891/3769 3918/3918/3796 3892/3892/3770
f 3918/3918/3796 3893/3893/3771 3892/3892/3770
f 3919/3919/3797 3894/3894/3772 3893/3893/3771
f 3894/3894/3772 3920/3920/3798 3921/3921/3799
f 3921/3921/3799 3922/3922/3800 3896/3896/3774
f 3896/3896/3774 3923/3923/3801 3897/3897/3775
f 3897/3897/3775 3924/3924/3802 3898/3898/3776
f 3898/3898/3776 3925/3925/3803 3899/3899/3777
f 3899/3899/3777 3926/3926/3804 3900/3900/3778
f 3900/3900/3778 3927/3927/3805 3901/3901/3779
f 3901/3901/3779 3928/3928/3806 3902/3902/3780
f 3902/3902/3780 3929/3929/3807 3903/3903/3781
f 3930/3930/3808 3931/3931/3809 3905/3905/3783
f 3932/3932/3810 3907/3907/3785 3906/3906/3784
f 3933/3933/3811 3908/3908/3786 3907/3907/3785
f 3908/3908/3786 3934/3934/3812 3935/3935/3813
f 3935/3935/3813 3936/3936/3814 3910/3910/3788
f 3910/3910/3788 3937/3937/3815 3911/3911/3789
f 3911/3911/3789 3938/3938/3816 3912/3912/3790
f 3912/3912/3790 3939/3939/3817 3913/3913/3791
f 3913/3913/3791 3940/3940/3818 3914/3914/3792
f 3914/3914/3792 3941/3941/3819 3915/3915/3793
f 3915/3915/3793 3942/3942/3820 3916/3916/3794
f 3916/3916/3794 3943/3943/3821 3917/3917/3795
f 3917/3917/3795 3944/3944/3822 3918/3918/3796
f 3918/3918/3796 3945/3945/3823 3919/3919/3797
f 3919/3919/3797 3946/3946/3824 3947/3947/3825
f 3947/3947/3825 3948/3948/3826 3920/3920/3798
f 3920/3920/3798 3949/3949/3827 3922/3922/3800
f 3922/3922/3800 3950/3950/3828 3923/3923/3801
f 3923/3923/3801 3951/3951/3829 3924/3924/3802
f 3924/3924/3802 3952/3952/3830 3925/3925/3803
f 3952/3952/3830 3926/3926/3804 3925/3925/3803
f 3926/3926/3804 3953/3953/3831 3927/3927/3805
f 3927/3927/3805 3954/3954/3832 3928/3928/3806
f 3928/3928/3806 3955/3955/3833 3929/3929/3807
f 3956/3956/3834 3957/3957/3835 3931/3931/3809
f 3958/3958/3836 3933/3933/3811 3932/3932/3810
f 3959/3959/3837 3960/3960/3838 3933/3933/3811
f 3960/3960/3838 3961/3961/3839 3934/3934/3812
f 3934/3934/3812 3962/3962/3840 3936/3936/3814
f 3936/3936/3814 3963/3963/3841 3937/3937/3815
f 3937/3937/3815 3964/3964/3842 3938/3938/3816
f 3938/3938/3816 3965/3965/3843 3939/3939/3817
f 3939/3939/3817 3966/3966/3844 3940/3940/3818
f 3940/3940/3818 3967/3967/3845 3941/3941/3819
f 3941/3941/3819 3968/3968/3846 3942/3942/3820
f 3942/3942/3820 3969/3969/3847 3943/3943/3821
f 3943/3943/3821 3970/3970/3848 3944/3944/3822
f 3944/3944/3822 3971/3971/3849 3945/3945/3823
f 3945/3945/3823 3972/3972/3850 3946/3946/3824
f 3946/3946/3824 3973/3973/3851 3948/3948/3826
f 3948/3948/3826 3974/3974/3852 3949/3949/3827
f 3949/3949/3827 3975/3975/3853 3950/3950/3828
f 3950/3950/3828 3976/3976/3854 3951/3951/3829
f 3951/3951/3829 3977/3977/3855 3952/3952/3830
f 3952/3952/3830 3978/3978/3856 3979/3979/3857
f 3979/3979/3857 3980/3980/3858 3953/3953/3831
f 3953/3953/3831 3981/3981/3859 3954/3954/3832
f 3954/3954/3832 3982/3982/3860 3955/3955/3833
f 3983/3983/3861 3984/3984/3862 3957/3957/3835
f 3985/3985/3863 3959/3959/3837 3958/3958/3836
f 3986/3986/3864 3987/3987/3865 3959/3959/3837
f 3987/3987/3865 3988/3988/3866 3961/3961/3839
f 3961/3961/3839 3989/3989/3867 3962/3962/3840
f 3962/3962/3840 3990/3990/3868 3963/3963/3841
f 3963/3963/3841 3991/3991/3869 3964/3964/3842
f 3964/3964/3842 3992/3992/3870 3965/3965/3843
f 3965/3965/3843 3993/3993/3871 3966/3966/3844
f 3966/3966/3844 3994/3994/3872 3967/3967/3845
f 3967/3967/3845 3995/3995/3873 3968/3968/3846
f 3968/3968/3846 3996/3996/3874 3969/3969/3847
f 3969/3969/3847 3997/3997/3875 3970/3970/3848
f 3970/3970/3848 3998/3998/3876 3971/3971/3849
f 3971/3971/3849 3999/3999/3877 3972/3972/3850
f 3972/3972/3850 4000/4000/3878 3973/3973/3851
f 3973/3973/3851 4001/4001/3879 3974/3974/3852
f 3974/3974/3852 4002/4002/3880 3975/3975/3853
f 3975/3975/3853 4003/4003/3881 3976/3976/3854
f 3976/3976/3854 4004/4004/3882 3977/3977/3855
f 3977/3977/3855 4005/4005/3883 3978/3978/3856
f 4005/4005/3883 3980/3980/3858 3978/3978/3856
f 3980/3980/3858 4006/4006/3884 3981/3981/3859
f 3981/3981/3859 4007/4007/3885 3982/3982/3860
f 4008/4008/3886 4009/4009/3887 3984/3984/3862
f 4010/4010/3888 3986/3986/3864 3985/3985/3863
f 3986/3986/3864 4011/4011/3889 4012/4012/3890
f 4012/4012/3890 4013/4013/3891 3988/3988/3866
f 3988/3988/3866 4014/4014/3892 3989/3989/3867
f 3989/3989/3867 4015/4015/3893 3990/3990/3868
f 3990/3990/3868 4016/4016/3894 3991/3991/3869
f 3991/3991/3869 4017/4017/3895 3992/3992/3870
f 3992/3992/3870 4018/4018/3896 3993/3993/3871
f 3993/3993/3871 4019/4019/3897 3994/3994/3872
f 3994/3994/3872 4020/4020/3898 3995/3995/3873
f 3995/3995/3873 4021/4021/3899 3996/3996/3874
f 3996/3996/3874 4022/4022/3900 3997/3997/3875
f 3997/3997/3875 4023/4023/3901 3998/3998/3876
f 3998/3998/3876 4024/4024/3902 3999/3999/3877
f 3999/3999/3877 4025/4025/3903 4000/4000/3878
f 4000/4000/3878 4026/4026/3904 4001/4001/3879
f 4001/4001/3879 4027/4027/3905 4002/4002/3880
f 4002/4002/3880 4028/4028/3906 4003/4003/3881
f 4028/4028/3906 4004/4004/3882 4003/4003/3881
f 4004/4004/3882 4029/4029/3907 4005/4005/3883
f 4005/4005/3883 4030/4030/3908 4031/4031/3909
f 4031/4031/3909 4032/4032/3910 4006/4006/3884
f 4006/4006/3884 4033/4033/3911 4007/4007/3885
f 4034/4034/3912 4035/4035/3913 4009/4009/3887
f 4010/4010/3888 4036/4036/3914 4037/4037/3915
f 4037/4037/3915 4038/4038/3916 4011/4011/3889
f 4011/4011/3889 4039/4039/3917 4013/4013/3891
f 4013/4013/3891 4040/4040/3918 4014/4014/3892
f 4014/4014/3892 4041/4041/3919 4015/4015/3893
f 4015/4015/3893 4042/4042/3920 4016/4016/3894
f 4016/4016/3894 4043/4043/3921 4017/4017/3895
f 4017/4017/3895 4044/4044/3922 4018/4018/3896
f 4018/4018/3896 4045/4045/3923 4019/4019/3897
f 4019/4019/3897 4046/4046/3924 4020/4020/3898
f 4020/4020/3898 4047/4047/3925 4021/4021/3899
f 4021/4021/3899 4048/4048/3926 4022/4022/3900
f 4022/4022/3900 4049/4049/3927 4023/4023/3901
f 4023/4023/3901 4050/4050/3928 4024/4024/3902
f 4024/4024/3902 4051/4051/3929 4025/4025/3903
f 4025/4025/3903 4052/4052/3930 4026/4026/3904
f 4026/4026/3904 4053/4053/3931 4027/4027/3905
f 4027/4027/3905 4054/4054/3932 4028/4028/3906
f 4028/4028/3906 4055/4055/3933 4056/4056/3934
f 4055/4055/3933 4029/4029/3907 4056/4056/3934
f 4029/4029/3907 4057/4057/3935 4030/4030/3908
f 4030/4030/3908 4058/4058/3936 4032/4032/3910
f 4032/4032/3910 4059/4059/3937 4033/4033/3911
f 4060/4060/3938 4061/4061/3939 4035/4035/3913
f 4062/4062/3940 4063/4063/3941 4036/4036/3914
f 4036/4036/3914 4064/4064/3942 4038/4038/3916
f 4038/4038/3916 4065/4065/3943 4039/4039/3917
f 4039/4039/3917 4066/4066/3944 4040/4040/3918
f 4040/4040/3918 4067/4067/3945 4041/4041/3919
f 4041/4041/3919 4068/4068/3946 4042/4042/3920
f 4042/4042/3920 4069/4069/3947 4043/4043/3921
f 4043/4043/3921 4070/4070/3948 4044/4044/3922
f 4044/4044/3922 4071/4071/3949 4045/4045/3923
f 4045/4045/3923 4072/4072/3950 4046/4046/3924
f 4046/4046/3924 4073/4073/3951 4047/4047/3925
f 4047/4047/3925 4074/4074/3952 4048/4048/3926
f 4048/4048/3926 4075/4075/3953 4049/4049/3927
f 4049/4049/3927 4076/4076/3954 4050/4050/3928
f 4050/4050/3928 4077/4077/3955 4051/4051/3929
f 4051/4051/3929 4078/4078/3956 4052/4052/3930
f 4052/4052/3930 4079/4079/3957 4053/4053/3931
f 4053/4053/3931 4080/4080/3958 4054/4054/3932
f 4054/4054/3932 4081/4081/3959 4055/4055/3933
f 4055/4055/3933 4082/4082/3960 4083/4083/3961
f 4083/4083/3961 4084/4084/3962 4057/4057/3935
f 4057/4057/3935 4085/4085/3963 4058/4058/3936
f 4058/4058/3936 4086/4086/3964 4059/4059/3937
f 4087/4087/3965 4088/4088/3966 4061/4061/3939
f 4089/4089/3967 4090/4090/3968 4063/4063/3941
f 4063/4063/3941 4091/4091/3969 4064/4064/3942
f 4064/4064/3942 4092/4092/3970 4065/4065/3943
f 4065/4065/3943 4093/4093/3971 4066/4066/3944
f 4066/4066/3944 4094/4094/3972 4067/4067/3945
f 4067/4067/3945 4095/4095/3973 4068/4068/3946
f 4068/4068/3946 4096/4096/3974 4069/4069/3947
f 4069/4069/3947 4097/4097/3975 4070/4070/3948
f 4070/4070/3948 4098/4098/3976 4071/4071/3949
f 4071/4071/3949 4099/4099/3977 4072/4072/3950
f 4072/4072/3950 4100/4100/3978 4073/4073/3951
f 4073/4073/3951 4101/4101/3979 4074/4074/3952
f 4074/4074/3952 4102/4102/3980 4075/4075/3953
f 4075/4075/3953 4103/4103/3981 4076/4076/3954
f 4076/4076/3954 4104/4104/3982 4077/4077/3955
f 4077/4077/3955 4105/4105/3983 4078/4078/3956
f 4078/4078/3956 4106/4106/3984 4079/4079/3957
f 4079/4079/3957 4107/4107/3985 4080/4080/3958
f 4080/4080/3958 4108/4108/3986 4081/4081/3959
f 4081/4081/3959 4109/4109/3987 4082/4082/3960
f 4082/4082/3960 4110/4110/3988 4084/4084/3962
f 4084/4084/3962 4111/4111/3989 4085/4085/3963
f 4085/4085/3963 4112/4112/3990 4086/4086/3964
f 4113/4113/3991 4114/4114/3992 4088/4088/3966
f 4115/4115/3993 4116/4116/3994 4090/4090/3968
f 4090/4090/3968 4117/4117/3995 4091/4091/3969
f 4091/4091/3969 4118/4118/3996 4092/4092/3970
f 4092/4092/3970 4119/4119/3997 4093/4093/3971
f 4093/4093/3971 4120/4120/3328 4094/4094/3972
f 4094/4094/3972 4121/4121/3998 4095/4095/3973
f 4095/4095/3973 4122/4122/3332 4096/4096/3974
f 4096/4096/3974 4123/4123/3999 4097/4097/3975
f 4097/4097/3975 4124/4124/4000 4098/4098/3976
f 4098/4098/3976 4125/4125/3338 4099/4099/3977
f 4099/4099/3977 4126/4126/4001 4100/4100/3978
f 4100/4100/3978 4127/4127/3342 4101/4101/3979
f 4101/4101/3979 4128/4128/4002 4102/4102/3980
f 4102/4102/3980 4129/4129/4003 4103/4103/3981
f 4103/4103/3981 4130/4130/4004 4104/4104/3982
f 4104/4104/3982 4131/4131/3350 4105/4105/3983
f 4105/4105/3983 4132/4132/4005 4106/4106/3984
f 4106/4106/3984 4133/4133/4006 4107/4107/3985
f 4107/4107/3985 4134/4134/4007 4108/4108/3986
f 4108/4108/3986 4135/4135/4008 4109/4109/3987
f 4109/4109/3987 4136/4136/4009 4110/4110/3988
f 4110/4110/3988 4137/4137/4010 4111/4111/3989
f 4111/4111/3989 4138/4138/4011 4112/4112/3990
f 4139/4139/4012 4140/4140/4013 4114/4114/3992
f 4141/4141/504 3490/3490/3368 3441/3441/3319
f 4142/4142/4014 4143/4143/4015 4141/4141/504
f 4144/4144/4016 4145/4145/4017 4142/4142/4014
f 4146/4146/4018 4147/4147/4019 4144/4144/4016
f 4148/4148/513 4149/4149/4020 4146/4146/4018
f 4150/4150/515 4151/4151/4021 4148/4148/513
f 4152/4152/517 4153/4153/4022 4150/4150/515
f 4154/4154/519 4155/4155/4023 4152/4152/517
f 4156/4156/521 4157/4157/4024 4154/4154/519
f 4158/4158/523 4159/4159/4025 4156/4156/521
f 4160/4160/4026 4161/4161/4027 4158/4158/523
f 4162/4162/526 4163/4163/4028 4160/4160/4026
f 4164/4164/4029 4165/4165/4030 4162/4162/526
f 4166/4166/4031 4167/4167/4032 4164/4164/4029
f 4168/4168/4033 4169/4169/4034 4166/4166/4031
f 4170/4170/4035 4171/4171/4036 4168/4168/4033
f 4172/4172/2168 4173/4173/4037 4170/4170/4035
f 4143/4143/4015 3515/3515/3393 3490/3490/3368
f 4145/4145/4017 4174/4174/4038 4143/4143/4015
f 4147/4147/4019 4175/4175/4039 4145/4145/4017
f 4149/4149/4020 4176/4176/4040 4147/4147/4019
f 4151/4151/4021 4177/4177/4041 4149/4149/4020
f 4153/4153/4022 4178/4178/4042 4151/4151/4021
f 4155/4155/4023 4179/4179/4043 4153/4153/4022
f 4157/4157/4024 4180/4180/4044 4155/4155/4023
f 4159/4159/4025 4181/4181/4045 4157/4157/4024
f 4161/4161/4027 4182/4182/4046 4159/4159/4025
f 4163/4163/4028 4183/4183/4047 4161/4161/4027
f 4165/4165/4030 4184/4184/4048 4163/4163/4028
f 4167/4167/4032 4185/4185/4049 4165/4165/4030
f 4169/4169/4034 4186/4186/4050 4167/4167/4032
f 4171/4171/4036 4187/4187/4051 4169/4169/4034
f 4173/4173/4037 4188/4188/4052 4171/4171/4036
f 4189/4189/2165 4190/4190/4053 4173/4173/4037
f 4174/4174/4038 3542/3542/3420 3515/3515/3393
f 4175/4175/4039 4191/4191/4054 4174/4174/4038
f 4176/4176/4040 4192/4192/4055 4175/4175/4039
f 4177/4177/4041 4193/4193/4056 4176/4176/4040
f 4178/4178/4042 4194/4194/4057 4177/4177/4041
f 4179/4179/4043 4195/4195/4058 4178/4178/4042
f 4180/4180/4044 4196/4196/4059 4179/4179/4043
f 4181/4181/4045 4197/4197/4060 4180/4180/4044
f 4182/4182/4046 4198/4198/4061 4181/4181/4045
f 4183/4183/4047 4199/4199/4062 4182/4182/4046
f 4184/4184/4048 4200/4200/4063 4183/4183/4047
f 4184/4184/4048 4201/4201/4064 4202/4202/4065
f 4186/4186/4050 4201/4201/4064 4185/4185/4049
f 4187/4187/4051 4203/4203/4066 4186/4186/4050
f 4188/4188/4052 4204/4204/4067 4187/4187/4051
f 4190/4190/4053 4205/4205/4068 4188/4188/4052
f 4206/4206/2163 4207/4207/4069 4190/4190/4053
f 4191/4191/4054 3568/3568/3446 3542/3542/3420
f 4192/4192/4055 4208/4208/4070 4191/4191/4054
f 4193/4193/4056 4209/4209/4071 4192/4192/4055
f 4194/4194/4057 4210/4210/4072 4193/4193/4056
f 4195/4195/4058 4211/4211/4073 4194/4194/4057
f 4196/4196/4059 4212/4212/4074 4195/4195/4058
f 4197/4197/4060 4213/4213/4075 4196/4196/4059
f 4198/4198/4061 4214/4214/4076 4197/4197/4060
f 4199/4199/4062 4215/4215/4077 4198/4198/4061
f 4200/4200/4063 4216/4216/4078 4199/4199/4062
f 4202/4202/4065 4217/4217/4079 4200/4200/4063
f 4202/4202/4065 4218/4218/4080 4219/4219/4081
f 4203/4203/4066 4218/4218/4080 4201/4201/4064
f 4204/4204/4067 4220/4220/4082 4203/4203/4066
f 4205/4205/4068 4221/4221/4083 4204/4204/4067
f 4207/4207/4069 4222/4222/4084 4205/4205/4068
f 4223/4223/4085 4224/4224/4086 4207/4207/4069
f 4208/4208/4070 3595/3595/3473 3568/3568/3446
f 4209/4209/4071 4225/4225/4087 4208/4208/4070
f 4210/4210/4072 4226/4226/4088 4209/4209/4071
f 4211/4211/4073 4227/4227/4089 4210/4210/4072
f 4212/4212/4074 4228/4228/4090 4211/4211/4073
f 4213/4213/4075 4229/4229/4091 4212/4212/4074
f 4214/4214/4076 4230/4230/4092 4213/4213/4075
f 4215/4215/4077 4231/4231/4093 4214/4214/4076
f 4216/4216/4078 4232/4232/4094 4215/4215/4077
f 4217/4217/4079 4233/4233/4095 4216/4216/4078
f 4219/4219/4081 4234/4234/4096 4217/4217/4079
f 4219/4219/4081 4235/4235/4097 4236/4236/4098
f 4218/4218/4080 4237/4237/4099 4235/4235/4097
f 4221/4221/4083 4237/4237/4099 4220/4220/4082
f 4222/4222/4084 4238/4238/4100 4221/4221/4083
f 4224/4224/4086 4239/4239/4101 4222/4222/4084
f 4240/4240/4102 4241/4241/4103 4224/4224/4086
f 4225/4225/4087 3594/3594/3472 3595/3595/3473
f 4226/4226/4088 4242/4242/4104 4225/4225/4087
f 4227/4227/4089 4243/4243/4105 4226/4226/4088
f 4228/4228/4090 4244/4244/4106 4227/4227/4089
f 4229/4229/4091 4245/4245/4107 4228/4228/4090
f 4230/4230/4092 4246/4246/4108 4229/4229/4091
f 4231/4231/4093 4247/4247/4109 4230/4230/4092
f 4232/4232/4094 4248/4248/4110 4231/4231/4093
f 4233/4233/4095 4249/4249/4111 4232/4232/4094
f 4234/4234/4096 4250/4250/4112 4233/4233/4095
f 4234/4234/4096 4251/4251/4113 4252/4252/4114
f 4236/4236/4098 4253/4253/4115 4251/4251/4113
f 4235/4235/4097 4254/4254/4116 4253/4253/4115
f 4238/4238/4100 4254/4254/4116 4237/4237/4099
f 4239/4239/4101 4255/4255/4117 4238/4238/4100
f 4241/4241/4103 4256/4256/4118 4239/4239/4101
f 4257/4257/2159 4258/4258/4119 4241/4241/4103
f 4242/4242/4104 3621/3621/3499 3594/3594/3472
f 4243/4243/4105 4259/4259/4120 4242/4242/4104
f 4244/4244/4106 4260/4260/4121 4243/4243/4105
f 4245/4245/4107 4261/4261/4122 4244/4244/4106
f 4246/4246/4108 4262/4262/4123 4245/4245/4107
f 4247/4247/4109 4263/4263/4124 4246/4246/4108
f 4248/4248/4110 4264/4264/4125 4247/4247/4109
f 4249/4249/4111 4265/4265/4126 4248/4248/4110
f 4250/4250/4112 4266/4266/4127 4249/4249/4111
f 4252/4252/4114 4267/4267/4128 4250/4250/4112
f 4252/4252/4114 4268/4268/4129 4269/4269/4130
f 4251/4251/4113 4270/4270/4131 4268/4268/4129
f 4253/4253/4115 4271/4271/4132 4270/4270/4131
f 4255/4255/4117 4271/4271/4132 4254/4254/4116
f 4256/4256/4118 4272/4272/4133 4255/4255/4117
f 4258/4258/4119 4273/4273/4134 4256/4256/4118
f 4274/4274/2157 4275/4275/4135 4258/4258/4119
f 4259/4259/4120 3647/3647/3525 3621/3621/3499
f 4260/4260/4121 4276/4276/4136 4259/4259/4120
f 4261/4261/4122 4277/4277/4137 4260/4260/4121
f 4262/4262/4123 4278/4278/4138 4261/4261/4122
f 4263/4263/4124 4279/4279/4139 4262/4262/4123
f 4264/4264/4125 4280/4280/4140 4263/4263/4124
f 4265/4265/4126 4281/4281/4141 4264/4264/4125
f 4266/4266/4127 4282/4282/4142 4265/4265/4126
f 4267/4267/4128 4283/4283/4143 4266/4266/4127
f 4269/4269/4130 4284/4284/4144 4267/4267/4128
f 4269/4269/4130 4285/4285/4145 4286/4286/4146
f 4268/4268/4129 4287/4287/4147 4285/4285/4145
f 4270/4270/4131 4288/4288/4148 4287/4287/4147
f 4271/4271/4132 4289/4289/4149 4288/4288/4148
f 4273/4273/4134 4289/4289/4149 4272/4272/4133
f 4275/4275/4135 4290/4290/4150 4273/4273/4134
f 4291/4291/4151 4292/4292/4152 4275/4275/4135
f 4276/4276/4136 3673/3673/3551 3647/3647/3525
f 4277/4277/4137 4293/4293/4153 4276/4276/4136
f 4278/4278/4138 4294/4294/4154 4277/4277/4137
f 4279/4279/4139 4295/4295/4155 4278/4278/4138
f 4280/4280/4140 4296/4296/4156 4279/4279/4139
f 4281/4281/4141 4297/4297/4157 4280/4280/4140
f 4282/4282/4142 4298/4298/4158 4281/4281/4141
f 4283/4283/4143 4299/4299/4159 4282/4282/4142
f 4284/4284/4144 4300/4300/4160 4283/4283/4143
f 4286/4286/4146 4301/4301/4161 4284/4284/4144
f 4286/4286/4146 4302/4302/4162 4303/4303/4163
f 4285/4285/4145 4304/4304/4164 4302/4302/4162
f 4287/4287/4147 4305/4305/4165 4304/4304/4164
f 4288/4288/4148 4306/4306/4166 4305/4305/4165
f 4290/4290/4150 4306/4306/4166 4289/4289/4149
f 4292/4292/4152 4307/4307/4167 4290/4290/4150
f 4308/4308/2153 4309/4309/4168 4292/4292/4152
f 4293/4293/4153 3697/3697/3575 3673/3673/3551
f 4294/4294/4154 4310/4310/4169 4293/4293/4153
f 4295/4295/4155 4311/4311/4170 4294/4294/4154
f 4296/4296/4156 4312/4312/4171 4295/4295/4155
f 4297/4297/4157 4313/4313/4172 4296/4296/4156
f 4298/4298/4158 4314/4314/4173 4297/4297/4157
f 4299/4299/4159 4315/4315/4174 4298/4298/4158
f 4300/4300/4160 4316/4316/4175 4299/4299/4159
f 4301/4301/4161 4317/4317/4176 4300/4300/4160
f 4303/4303/4163 4318/4318/4177 4301/4301/4161
f 4303/4303/4163 4319/4319/4178 4320/4320/4179
f 4302/4302/4162 4321/4321/4180 4319/4319/4178
f 4304/4304/4164 4322/4322/4181 4321/4321/4180
f 4305/4305/4165 4323/4323/4182 4322/4322/4181
f 4307/4307/4167 4323/4323/4182 4306/4306/4166
f 4309/4309/4168 4324/4324/4183 4307/4307/4167
f 4325/4325/2151 4326/4326/4184 4309/4309/4168
f 4310/4310/4169 3723/3723/3601 3697/3697/3575
f 4311/4311/4170 4327/4327/4185 4310/4310/4169
f 4312/4312/4171 4328/4328/4186 4311/4311/4170
f 4313/4313/4172 4329/4329/4187 4312/4312/4171
f 4313/4313/4172 4330/4330/4188 4331/4331/4189
f 4314/4314/4173 4332/4332/4190 4330/4330/4188
f 4315/4315/4174 4333/4333/4191 4332/4332/4190
f 4316/4316/4175 4334/4334/4192 4333/4333/4191
f 4317/4317/4176 4335/4335/4193 4334/4334/4192
f 4318/4318/4177 4336/4336/4194 4335/4335/4193
f 4320/4320/4179 4337/4337/4195 4336/4336/4194
f 4319/4319/4178 4338/4338/4196 4337/4337/4195
f 4321/4321/4180 4339/4339/4197 4338/4338/4196
f 4322/4322/4181 4340/4340/4198 4339/4339/4197
f 4323/4323/4182 4341/4341/4199 4340/4340/4198
f 4326/4326/4184 4341/4341/4199 4324/4324/4183
f 4342/4342/2149 4343/4343/4200 4326/4326/4184
f 4327/4327/4185 3748/3748/3626 3723/3723/3601
f 4328/4328/4186 4344/4344/4201 4327/4327/4185
f 4329/4329/4187 4345/4345/4202 4328/4328/4186
f 4329/4329/4187 4346/4346/4203 4347/4347/4204
f 4331/4331/4189 4348/4348/4205 4346/4346/4203
f 4330/4330/4188 4349/4349/4206 4348/4348/4205
f 4332/4332/4190 4350/4350/4207 4349/4349/4206
f 4333/4333/4191 4351/4351/4208 4350/4350/4207
f 4334/4334/4192 4352/4352/4209 4351/4351/4208
f 4335/4335/4193 4353/4353/4210 4352/4352/4209
f 4336/4336/4194 4354/4354/4211 4353/4353/4210
f 4337/4337/4195 4355/4355/4212 4354/4354/4211
f 4338/4338/4196 4356/4356/4213 4355/4355/4212
f 4339/4339/4197 4357/4357/4214 4356/4356/4213
f 4340/4340/4198 4358/4358/4215 4357/4357/4214
f 4343/4343/4200 4358/4358/4215 4341/4341/4199
f 4359/4359/2147 4360/4360/4216 4343/4343/4200
f 4344/4344/4201 3775/3775/3653 3748/3748/3626
f 4345/4345/4202 4361/4361/4217 4344/4344/4201
f 4345/4345/4202 4362/4362/4218 4363/4363/4219
f 4347/4347/4204 4364/4364/4220 4362/4362/4218
f 4346/4346/4203 4365/4365/4221 4364/4364/4220
f 4348/4348/4205 4366/4366/4222 4365/4365/4221
f 4349/4349/4206 4367/4367/4223 4366/4366/4222
f 4350/4350/4207 4368/4368/4224 4367/4367/4223
f 4351/4351/4208 4369/4369/4225 4368/4368/4224
f 4352/4352/4209 4370/4370/4226 4369/4369/4225
f 4353/4353/4210 4371/4371/4227 4370/4370/4226
f 4354/4354/4211 4372/4372/4228 4371/4371/4227
f 4355/4355/4212 4373/4373/4229 4372/4372/4228
f 4356/4356/4213 4374/4374/4230 4373/4373/4229
f 4357/4357/4214 4375/4375/4231 4374/4374/4230
f 4360/4360/4216 4375/4375/4231 4358/4358/4215
f 4376/4376/4232 4377/4377/4233 4360/4360/4216
f 4361/4361/4217 3801/3801/3679 3775/3775/3653
f 4361/4361/4217 4378/4378/4234 4379/4379/4235
f 4363/4363/4219 4380/4380/4236 4378/4378/4234
f 4362/4362/4218 4381/4381/4237 4380/4380/4236
f 4364/4364/4220 4382/4382/4238 4381/4381/4237
f 4365/4365/4221 4383/4383/4239 4382/4382/4238
f 4366/4366/4222 4384/4384/4240 4383/4383/4239
f 4367/4367/4223 4385/4385/4241 4384/4384/4240
f 4368/4368/4224 4386/4386/4242 4385/4385/4241
f 4369/4369/4225 4387/4387/4243 4386/4386/4242
f 4370/4370/4226 4388/4388/4244 4387/4387/4243
f 4371/4371/4227 4389/4389/4245 4388/4388/4244
f 4372/4372/4228 4390/4390/4246 4389/4389/4245
f 4373/4373/4229 4391/4391/4247 4390/4390/4246
f 4375/4375/4231 4391/4391/4247 4374/4374/4230
f 4377/4377/4233 4392/4392/4248 4375/4375/4231
f 4393/4393/4249 4394/4394/4250 4377/4377/4233
f 3801/3801/3679 4395/4395/4251 3826/3826/3704
f 4379/4379/4235 4396/4396/4252 4395/4395/4251
f 4378/4378/4234 4397/4397/4253 4396/4396/4252
f 4380/4380/4236 4398/4398/4254 4397/4397/4253
f 4381/4381/4237 4399/4399/4255 4398/4398/4254
f 4382/4382/4238 4400/4400/4256 4399/4399/4255
f 4383/4383/4239 4401/4401/4257 4400/4400/4256
f 4384/4384/4240 4402/4402/4258 4401/4401/4257
f 4385/4385/4241 4403/4403/4259 4402/4402/4258
f 4386/4386/4242 4404/4404/4260 4403/4403/4259
f 4387/4387/4243 4405/4405/4261 4404/4404/4260
f 4388/4388/4244 4406/4406/4262 4405/4405/4261
f 4390/4390/4246 4406/4406/4262 4389/4389/4245
f 4390/4390/4246 4407/4407/4263 4408/4408/4264
f 4392/4392/4248 4407/4407/4263 4391/4391/4247
f 4394/4394/4250 4409/4409/4265 4392/4392/4248
f 4410/4410/2141 4411/4411/4266 4394/4394/4250
f 3826/3826/3704 4412/4412/4267 3854/3854/3732
f 4395/4395/4251 4413/4413/4268 4412/4412/4267
f 4396/4396/4252 4414/4414/4269 4413/4413/4268
f 4397/4397/4253 4415/4415/4270 4414/4414/4269
f 4398/4398/4254 4416/4416/4271 4415/4415/4270
f 4399/4399/4255 4417/4417/4272 4416/4416/4271
f 4400/4400/4256 4418/4418/4273 4417/4417/4272
f 4401/4401/4257 4419/4419/4274 4418/4418/4273
f 4402/4402/4258 4420/4420/4275 4419/4419/4274
f 4403/4403/4259 4421/4421/4276 4420/4420/4275
f 4404/4404/4260 4422/4422/4277 4421/4421/4276
f 4406/4406/4262 4422/4422/4277 4405/4405/4261
f 4408/4408/4264 4423/4423/4278 4406/4406/4262
f 4407/4407/4263 4424/4424/4279 4408/4408/4264
f 4409/4409/4265 4425/4425/4280 4407/4407/4263
f 4411/4411/4266 4426/4426/4281 4409/4409/4265
f 4427/4427/2139 4428/4428/4282 4411/4411/4266
f 3854/3854/3732 4429/4429/4283 3880/3880/3758
f 4412/4412/4267 4430/4430/4284 4429/4429/4283
f 4413/4413/4268 4431/4431/4285 4430/4430/4284
f 4414/4414/4269 4432/4432/4286 4431/4431/4285
f 4415/4415/4270 4433/4433/4287 4432/4432/4286
f 4416/4416/4271 4434/4434/4288 4433/4433/4287
f 4417/4417/4272 4435/4435/4289 4434/4434/4288
f 4418/4418/4273 4436/4436/4290 4435/4435/4289
f 4419/4419/4274 4437/4437/4291 4436/4436/4290
f 4420/4420/4275 4438/4438/4292 4437/4437/4291
f 4421/4421/4276 4439/4439/4293 4438/4438/4292
f 4423/4423/4278 4439/4439/4293 4422/4422/4277
f 4424/4424/4279 4440/4440/4294 4423/4423/4278
f 4424/4424/4279 4441/4441/4295 4442/4442/4296
f 4426/4426/4281 4441/4441/4295 4425/4425/4280
f 4428/4428/4282 4443/4443/4297 4426/4426/4281
f 4444/4444/4298 4445/4445/4299 4428/4428/4282
f 3880/3880/3758 4446/4446/4300 3906/3906/3784
f 4429/4429/4283 4447/4447/4301 4446/4446/4300
f 4430/4430/4284 4448/4448/4302 4447/4447/4301
f 4431/4431/4285 4449/4449/4303 4448/4448/4302
f 4432/4432/4286 4450/4450/4304 4449/4449/4303
f 4433/4433/4287 4451/4451/4305 4450/4450/4304
f 4434/4434/4288 4452/4452/4306 4451/4451/4305
f 4435/4435/4289 4453/4453/4307 4452/4452/4306
f 4436/4436/4290 4454/4454/4308 4453/4453/4307
f 4437/4437/4291 4455/4455/4309 4454/4454/4308
f 4438/4438/4292 4456/4456/4310 4455/4455/4309
f 4440/4440/4294 4456/4456/4310 4439/4439/4293
f 4442/4442/4296 4457/4457/4311 4440/4440/4294
f 4442/4442/4296 4458/4458/4312 4459/4459/4313
f 4443/4443/4297 4458/4458/4312 4441/4441/4295
f 4445/4445/4299 4460/4460/4314 4443/4443/4297
f 4461/4461/2135 4462/4462/4315 4445/4445/4299
f 3906/3906/3784 4463/4463/4316 3932/3932/3810
f 4446/4446/4300 4464/4464/4317 4463/4463/4316
f 4447/4447/4301 4465/4465/4318 4464/4464/4317
f 4448/4448/4302 4466/4466/4319 4465/4465/4318
f 4449/4449/4303 4467/4467/4320 4466/4466/4319
f 4450/4450/4304 4468/4468/4321 4467/4467/4320
f 4451/4451/4305 4469/4469/4322 4468/4468/4321
f 4452/4452/4306 4470/4470/4323 4469/4469/4322
f 4453/4453/4307 4471/4471/4324 4470/4470/4323
f 4454/4454/4308 4472/4472/4325 4471/4471/4324
f 4455/4455/4309 4473/4473/4326 4472/4472/4325
f 4457/4457/4311 4473/4473/4326 4456/4456/4310
f 4459/4459/4313 4474/4474/4327 4457/4457/4311
f 4459/4459/4313 4475/4475/4328 4476/4476/4329
f 4460/4460/4314 4475/4475/4328 4458/4458/4312
f 4462/4462/4315 4477/4477/4330 4460/4460/4314
f 4478/4478/2133 4479/4479/4331 4462/4462/4315
f 3932/3932/3810 4480/4480/4332 3958/3958/3836
f 4463/4463/4316 4481/4481/4333 4480/4480/4332
f 4464/4464/4317 4482/4482/4334 4481/4481/4333
f 4465/4465/4318 4483/4483/4335 4482/4482/4334
f 4466/4466/4319 4484/4484/4336 4483/4483/4335
f 4467/4467/4320 4485/4485/4337 4484/4484/4336
f 4468/4468/4321 4486/4486/4338 4485/4485/4337
f 4469/4469/4322 4487/4487/4339 4486/4486/4338
f 4470/4470/4323 4488/4488/4340 4487/4487/4339
f 4471/4471/4324 4489/4489/4341 4488/4488/4340
f 4472/4472/4325 4490/4490/4342 4489/4489/4341
f 4474/4474/4327 4490/4490/4342 4473/4473/4326
f 4476/4476/4329 4491/4491/4343 4474/4474/4327
f 4476/4476/4329 4492/4492/4344 4493/4493/4345
f 4477/4477/4330 4492/4492/4344 4475/4475/4328
f 4479/4479/4331 4494/4494/4346 4477/4477/4330
f 4495/4495/2131 4496/4496/4347 4479/4479/4331
f 3958/3958/3836 4497/4497/4348 3985/3985/3863
f 4480/4480/4332 4498/4498/4349 4497/4497/4348
f 4481/4481/4333 4499/4499/4350 4498/4498/4349
f 4482/4482/4334 4500/4500/4351 4499/4499/4350
f 4483/4483/4335 4501/4501/4352 4500/4500/4351
f 4484/4484/4336 4502/4502/4353 4501/4501/4352
f 4485/4485/4337 4503/4503/4354 4502/4502/4353
f 4486/4486/4338 4504/4504/4355 4503/4503/4354
f 4487/4487/4339 4505/4505/4356 4504/4504/4355
f 4488/4488/4340 4506/4506/4357 4505/4505/4356
f 4489/4489/4341 4507/4507/4358 4506/4506/4357
f 4491/4491/4343 4507/4507/4358 4490/4490/4342
f 4493/4493/4345 4508/4508/4359 4491/4491/4343
f 4493/4493/4345 4509/4509/4360 4510/4510/4361
f 4494/4494/4346 4509/4509/4360 4492/4492/4344
f 4496/4496/4347 4511/4511/4362 4494/4494/4346
f 4512/4512/2129 4513/4513/4363 4496/4496/4347
f 3985/3985/3863 4514/4514/4364 4010/4010/3888
f 4497/4497/4348 4515/4515/4365 4514/4514/4364
f 4498/4498/4349 4516/4516/4366 4515/4515/4365
f 4499/4499/4350 4517/4517/4367 4516/4516/4366
f 4500/4500/4351 4518/4518/4368 4517/4517/4367
f 4501/4501/4352 4519/4519/4369 4518/4518/4368
f 4502/4502/4353 4520/4520/4370 4519/4519/4369
f 4503/4503/4354 4521/4521/4371 4520/4520/4370
f 4504/4504/4355 4522/4522/4372 4521/4521/4371
f 4505/4505/4356 4523/4523/4373 4522/4522/4372
f 4506/4506/4357 4524/4524/4374 4523/4523/4373
f 4507/4507/4358 4525/4525/4375 4524/4524/4374
f 4508/4508/4359 4526/4526/4376 4525/4525/4375
f 4510/4510/4361 4527/4527/4377 4526/4526/4376
f 4511/4511/4362 4527/4527/4377 4509/4509/4360
f 4513/4513/4363 4528/4528/4378 4511/4511/4362
f 4529/4529/2127 4530/4530/4379 4513/4513/4363
f 4010/4010/3888 4531/4531/4380 4062/4062/3940
f 4514/4514/4364 4532/4532/4381 4531/4531/4380
f 4515/4515/4365 4533/4533/4382 4532/4532/4381
f 4516/4516/4366 4534/4534/4383 4533/4533/4382
f 4517/4517/4367 4535/4535/4384 4534/4534/4383
f 4518/4518/4368 4536/4536/4385 4535/4535/4384
f 4519/4519/4369 4537/4537/4386 4536/4536/4385
f 4520/4520/4370 4538/4538/4387 4537/4537/4386
f 4521/4521/4371 4539/4539/4388 4538/4538/4387
f 4522/4522/4372 4540/4540/4389 4539/4539/4388
f 4523/4523/4373 4541/4541/4390 4540/4540/4389
f 4525/4525/4375 4541/4541/4390 4524/4524/4374
f 4525/4525/4375 4542/4542/4391 4543/4543/4392
f 4526/4526/4376 4544/4544/4393 4542/4542/4391
f 4528/4528/4378 4544/4544/4393 4527/4527/4377
f 4530/4530/4379 4545/4545/4394 4528/4528/4378
f 4546/4546/2125 4547/4547/4395 4530/4530/4379
f 4062/4062/3940 4548/4548/4396 4089/4089/3967
f 4531/4531/4380 4549/4549/4397 4548/4548/4396
f 4532/4532/4381 4550/4550/4398 4549/4549/4397
f 4533/4533/4382 4551/4551/4399 4550/4550/4398
f 4534/4534/4383 4552/4552/4400 4551/4551/4399
f 4535/4535/4384 4553/4553/4401 4552/4552/4400
f 4536/4536/4385 4554/4554/4402 4553/4553/4401
f 4537/4537/4386 4555/4555/4403 4554/4554/4402
f 4538/4538/4387 4556/4556/4404 4555/4555/4403
f 4539/4539/4388 4557/4557/4405 4556/4556/4404
f 4540/4540/4389 4558/4558/4406 4557/4557/4405
f 4543/4543/4392 4558/4558/4406 4541/4541/4390
f 4543/4543/4392 4559/4559/4407 4560/4560/4408
f 4542/4542/4391 4561/4561/4409 4559/4559/4407
f 4544/4544/4393 4562/4562/4410 4561/4561/4409
f 4547/4547/4395 4562/4562/4410 4545/4545/4394
f 4563/4563/2123 4564/4564/4411 4547/4547/4395
f 4089/4089/3967 4565/4565/4412 4115/4115/3993
f 4548/4548/4396 4566/4566/4413 4565/4565/4412
f 4549/4549/4397 4567/4567/4414 4566/4566/4413
f 4550/4550/4398 4568/4568/4415 4567/4567/4414
f 4551/4551/4399 4569/4569/4416 4568/4568/4415
f 4552/4552/4400 4570/4570/4417 4569/4569/4416
f 4553/4553/4401 4571/4571/4418 4570/4570/4417
f 4554/4554/4402 4572/4572/4419 4571/4571/4418
f 4555/4555/4403 4573/4573/4420 4572/4572/4419
f 4556/4556/4404 4574/4574/4421 4573/4573/4420
f 4557/4557/4405 4575/4575/4422 4574/4574/4421
f 4558/4558/4406 4576/4576/4423 4575/4575/4422
f 4560/4560/4408 4577/4577/4424 4576/4576/4423
f 4559/4559/4407 4578/4578/4425 4577/4577/4424
f 4561/4561/4409 4579/4579/4426 4578/4578/4425
f 4564/4564/4411 4579/4579/4426 4562/4562/4410
f 4580/4580/2121 4581/4581/4427 4564/4564/4411
f 4115/4115/3993 4582/4582/4428 4583/4583/3319
f 4565/4565/4412 4584/4584/4429 4582/4582/4428
f 4566/4566/4413 4585/4585/4430 4584/4584/4429
f 4567/4567/4414 4586/4586/4431 4585/4585/4430
f 4568/4568/4415 4587/4587/4432 4586/4586/4431
f 4569/4569/4416 4588/4588/1875 4587/4587/4432
f 4570/4570/4417 4589/4589/4433 4588/4588/1875
f 4571/4571/4418 4590/4590/1848 4589/4589/4433
f 4572/4572/4419 4591/4591/4434 4590/4590/1848
f 4573/4573/4420 4592/4592/1835 4591/4591/4434
f 4574/4574/4421 4593/4593/4435 4592/4592/1835
f 4575/4575/4422 4594/4594/4436 4593/4593/4435
f 4576/4576/4423 4595/4595/4437 4594/4594/4436
f 4577/4577/4424 4596/4596/4438 4595/4595/4437
f 4578/4578/4425 4597/4597/4439 4596/4596/4438
f 4581/4581/4427 4597/4597/4439 4579/4579/4426
f 4598/4598/2119 4599/4599/4440 4581/4581/4427
f 2247/2247/2180 4600/2249/4441 4601/2247/4442
f 2209/2209/2148 4602/2207/4443 2207/2207/2146
f 2096/2096/2044 4603/2094/4444 2094/2094/2042
f 2174/2174/2115 4604/2172/4445 2172/2172/2113
f 2249/2249/2182 4605/2251/4446 4600/2249/4441
f 2138/2138/2079 4606/2140/4447 4607/2138/4448
f 2211/2211/2150 4608/2209/4449 2209/2209/2148
f 2098/2098/2046 4609/2096/4450 2096/2096/2044
f 2251/2251/2183 4610/2253/4451 4605/2251/4446
f 2176/2176/2116 4611/2174/4452 2174/2174/2115
f 2140/2140/2081 4612/2142/4453 4606/2140/4447
f 2098/2098/2046 4613/2101/4454 4614/2098/4455
f 2253/2253/2184 4615/2255/4456 4610/2253/4451
f 2213/2213/2152 4616/2211/4457 2211/2211/2150
f 2179/2179/2064 4617/2178/4458 4618/2179/4459
f 2101/2101/2049 4619/2100/4460 4613/2101/4454
f 2255/2255/2186 4620/2257/4461 4615/2255/4456
f 2142/2142/2083 4621/2144/4462 4612/2142/4453
f 2215/2215/2154 4622/2213/4463 2213/2213/2152
f 2100/2100/2048 4623/2103/4464 4619/2100/4460
f 2178/2178/2118 4624/2181/4465 4617/2178/4458
f 2261/2261/2192 4620/2257/4461 2257/2257/2188
f 2144/2144/2085 4625/2146/4466 4621/2144/4462
f 2103/2103/2051 4626/2105/4467 4623/2103/4464
f 2263/2263/2193 4627/2261/4468 2261/2261/2192
f 2217/2217/2156 4628/2215/4469 2215/2215/2154
f 2181/2181/2120 4629/2183/4470 4624/2181/4465
f 2105/2105/2052 4630/2107/4471 4626/2105/4467
f 2265/2265/2194 4631/2263/4472 2263/2263/2193
f 2148/2148/2089 4625/2146/4466 2146/2146/2087
f 2219/2219/2158 4632/2217/4473 2217/2217/2156
f 2107/2107/2053 4633/2109/4474 4630/2107/4471
f 2183/2183/2122 4634/2185/4475 4629/2183/4470
f 2267/2267/2196 4635/2265/4476 2265/2265/2194
f 2150/2150/2091 4636/2148/4477 2148/2148/2089
f 2109/2109/2054 4637/2111/4478 4633/2109/4474
f 2269/2269/2198 4638/2267/4479 2267/2267/2196
f 2221/2221/2160 4639/2219/4480 2219/2219/2158
f 2185/2185/2124 4640/2187/4481 4634/2185/4475
f 2111/2111/2055 4641/2113/4482 4637/2111/4478
f 2271/2271/2200 4642/2269/4483 2269/2269/2198
f 2152/2152/2093 4643/2150/4484 2150/2150/2091
f 2223/2223/2162 4644/2221/4485 2221/2221/2160
f 2113/2113/2056 4645/2115/4486 4641/2113/4482
f 2187/2187/2126 4646/2189/4487 4640/2187/4481
f 2273/2273/2202 4647/2271/4488 2271/2271/2200
f 2154/2154/2095 4648/2152/4489 2152/2152/2093
f 2115/2115/2058 4649/2117/4490 4645/2115/4486
f 2275/2275/2203 4650/2273/4491 2273/2273/2202
f 2225/2225/2164 4651/2223/4492 2223/2223/2162
f 2189/2189/2128 4652/2191/4493 4646/2189/4487
f 2117/2117/2060 4653/2119/4494 4649/2117/4490
f 2277/2277/2205 4654/2275/4495 2275/2275/2203
f 2156/2156/2097 4655/2154/4496 2154/2154/2095
f 2227/2227/2166 4656/2225/4497 2225/2225/2164
f 2119/2119/2061 4657/2121/4498 4653/2119/4494
f 2191/2191/2130 4658/2193/4499 4652/2191/4493
f 2279/2279/2206 4659/2277/4500 2277/2277/2205
f 2072/2072/2029 4660/2070/4501 2070/2070/2028
f 2158/2158/2099 4661/2156/4502 2156/2156/2097
f 2121/2121/2062 4662/2123/4459 4657/2121/4498
f 2281/2281/2207 4663/2279/4503 2279/2279/2206
f 2228/2228/2167 4664/2227/4504 2227/2227/2166
f 2193/2193/2132 4665/2195/4505 4658/2193/4499
f 2074/2074/2030 4666/2072/4506 2072/2072/2029
f 2124/2124/2065 4667/2126/4507 4668/2124/4508
f 2283/2283/2208 4669/2281/4509 2281/2281/2207
f 2160/2160/2101 4670/2158/4510 2158/2158/2099
f 2076/2076/2031 4671/2074/4511 2074/2074/2030
f 2230/2230/2169 4672/2231/4512 2231/2231/2167
f 2195/2195/2134 4673/2197/4513 4665/2195/4505
f 2283/2283/2208 4674/4600/4508 4675/2283/4514
f 2078/2078/2032 4676/2076/4515 2076/2076/2031
f 2162/2162/2103 4677/2160/4516 2160/2160/2101
f 2233/2233/2170 4678/2230/4517 2230/2230/2169
f 2126/2126/2067 4679/2128/4518 4667/2126/4507
f 2197/2197/2136 4680/2199/4519 4673/2197/4513
f 2080/2080/2033 4681/2078/4520 2078/2078/2032
f 2233/2233/2170 4682/2235/4521 4683/2233/4522
f 2164/2164/2105 4684/2162/4523 2162/2162/2103
f 2128/2128/2069 4685/2130/4524 4679/2128/4518
f 2082/2082/2035 4686/2080/4525 2080/2080/2033
f 2235/2235/2171 4687/2237/4526 4682/2235/4521
f 2199/2199/2138 4688/2201/4527 4680/2199/4519
f 2084/2084/2036 4689/2082/4528 2082/2082/2035
f 2166/2166/2107 4690/2164/4529 2164/2164/2105
f 2237/2237/2172 4691/2239/4530 4687/2237/4526
f 2130/2130/2071 4692/2132/4531 4685/2130/4524
f 2203/2203/2142 4688/2201/4527 2201/2201/2140
f 2086/2086/2037 4693/2084/4532 2084/2084/2036
f 2239/2239/2174 4694/2241/4533 4691/2239/4530
f 2168/2168/2109 4695/2166/4534 2166/2166/2107
f 2132/2132/2073 4696/2134/4535 4692/2132/4531
f 2088/2088/2038 4697/2086/4536 2086/2086/2037
f 2241/2241/2175 4698/2243/4537 4694/2241/4533
f 2205/2205/2144 4699/2203/4538 2203/2203/2142
f 2090/2090/2039 4700/2088/4539 2088/2088/2038
f 2170/2170/2111 4701/2168/4540 2168/2168/2109
f 2243/2243/2177 4702/2245/4541 4698/2243/4537
f 2134/2134/2075 4703/2136/4542 4696/2134/4535
f 2207/2207/2146 4704/2205/4543 2205/2205/2144
f 2092/2092/2040 4705/2090/4544 2090/2090/2039
f 2245/2245/2179 4601/2247/4442 4702/2245/4541
f 2172/2172/2113 4706/2170/4545 2170/2170/2111
f 2136/2136/2077 4607/2138/4448 4703/2136/4542
f 2094/2094/2042 4707/2092/4546 2092/2092/2040
f 4708/4601/4547 4709/4602/4548 4710/4603/4549
f 4711/4604/4550 4712/4605/4551 4713/4606/4552
f 4714/4607/4553 4715/4608/4554 4708/4601/4547
f 4716/4609/4555 4717/4610/4556 4712/4605/4551
f 4718/4611/4446 4719/4612/4557 4714/4607/4553
f 4720/4613/4466 4721/4614/4558 4717/4610/4556
f 4722/4615/4451 4723/4616/4559 4718/4611/4446
f 4724/4617/4560 4725/4618/4561 4721/4614/4558
f 4726/4619/4562 4727/4620/4563 4722/4615/4451
f 4728/4621/4564 4729/4622/4565 4725/4618/4561
f 4730/4623/4566 4731/4624/4567 4726/4619/4562
f 4732/4625/4568 4733/4626/4569 4729/4622/4565
f 4730/4623/4566 4734/4627/4570 4735/4628/4571
f 4736/4629/4572 4737/4630/4573 4733/4626/4569
f 4738/4631/4574 4739/4632/4575 4734/4627/4570
f 4740/4633/4502 4741/4634/4576 4737/4630/4573
f 4742/4635/4577 4743/4636/4578 4739/4632/4575
f 4744/4637/4579 4745/4638/4580 4741/4634/4576
f 4746/4639/4581 4747/4640/4582 4743/4636/4578
f 4748/4641/4583 4749/4642/4584 4745/4638/4580
f 4750/4643/4585 4751/4644/4586 4747/4640/4582
f 4752/4645/4587 4753/4646/4588 4749/4642/4584
f 4754/4647/4483 4755/4648/4589 4751/4644/4586
f 4756/4649/4590 4757/4650/4591 4753/4646/4588
f 4758/4651/4592 4759/4652/4593 4755/4648/4589
f 4760/4653/4594 4761/4654/4595 4757/4650/4591
f 4762/4655/4596 4763/4656/4597 4759/4652/4593
f 4764/4657/4598 4765/4658/4599 4761/4654/4595
f 4766/4659/4495 4767/4660/4600 4763/4656/4597
f 4768/4661/4601 4769/4662/4602 4765/4658/4599
f 4770/4663/4603 4771/4664/4604 4767/4660/4600
f 4772/4665/4605 4773/4666/4606 4769/4662/4602
f 4774/4667/4607 4775/4668/4608 4776/4669/4609
f 4777/4670/4503 4778/4671/4610 4771/4664/4604
f 4779/4672/4611 4776/4669/4609 4773/4666/4606
f 4780/4673/4612 4781/4674/4613 4775/4668/4608
f 4782/4675/4509 4783/4676/4614 4778/4671/4610
f 4784/4677/4615 4785/4678/4616 4786/4679/4617
f 4787/4680/4618 4788/4681/4619 4781/4674/4613
f 4789/4682/4620 4790/4683/4621 4783/4676/4614
f 4791/4684/4622 4792/4685/4623 4784/4677/4615
f 4793/4686/4624 4794/4687/4625 4788/4681/4619
f 4795/4688/4626 4796/4689/4627 4791/4684/4622
f 4797/4690/4628 4798/4691/4629 4794/4687/4625
f 4799/4692/4630 4800/4693/4631 4795/4688/4626
f 4801/4694/4632 4802/4695/4633 4798/4691/4629
f 4803/4696/4481 4804/4697/4634 4799/4692/4630
f 4805/4698/4635 4806/4699/4636 4802/4695/4633
f 4807/4700/4637 4808/4701/4638 4803/4696/4481
f 4809/4702/4639 4810/4703/4640 4806/4699/4636
f 4811/4704/4641 4812/4705/4642 4807/4700/4637
f 4813/4706/4643 4814/4707/4644 4810/4703/4640
f 4815/4708/4645 4816/4709/4646 4811/4704/4641
f 4817/4710/4647 4818/4711/4648 4814/4707/4644
f 4819/4712/4649 4820/4713/4650 4815/4708/4645
f 4821/4714/4651 4822/4715/4652 4818/4711/4648
f 4823/4716/4653 4824/4717/4654 4819/4712/4649
f 4825/4718/4655 4826/4719/4656 4822/4715/4652
f 4827/4720/4657 4828/4721/4658 4823/4716/4653
f 4829/4722/4659 4830/4723/4660 4826/4719/4656
f 4831/4724/4661 4832/4725/4662 4827/4720/4657
f 4833/4726/4663 4834/4727/4664 4830/4723/4660
f 4835/4728/4665 4836/4729/4666 4831/4724/4661
f 4837/4730/4667 4838/4731/4668 4834/4727/4664
f 4839/4732/4669 4840/4733/4670 4835/4728/4665
f 4841/4734/4671 4842/4735/4672 4838/4731/4668
f 4843/4736/4673 4844/4737/4674 4839/4732/4669
f 4845/4738/4460 4846/4739/4675 4842/4735/4672
f 4847/4740/4676 4848/4741/4677 4843/4736/4673
f 4849/4742/4678 4846/4739/4675 4850/4743/4679
f 4851/4744/4680 4852/4745/4681 4847/4740/4676
f 4849/4742/4678 4853/4746/4682 4854/4747/4683
f 4855/4748/4684 4856/4749/4685 4851/4744/4680
f 4857/4750/4686 4853/4746/4682 4858/4751/4687
f 4859/4752/4688 4860/4753/4689 4855/4748/4684
f 4861/4754/4690 4862/4755/4691 4857/4750/4686
f 4863/4756/4692 4864/4757/4693 4859/4752/4688
f 4865/4758/4694 4866/4759/4695 4861/4754/4690
f 4867/4760/4480 4868/4761/4696 4863/4756/4692
f 4869/4762/4697 4870/4763/4698 4865/4758/4694
f 4871/4764/4699 4872/4765/4700 4867/4760/4480
f 4873/4766/4701 4874/4767/4702 4869/4762/4697
f 4875/4768/4703 4876/4769/4704 4871/4764/4699
f 4873/4766/4701 4877/4770/4705 4878/4771/4706
f 4879/4772/4707 4880/4773/4708 4875/4768/4703
f 4881/4774/4709 4877/4770/4705 4882/4775/4710
f 4883/4776/4711 4884/4777/4712 4879/4772/4707
f 4786/4679/4617 4885/4778/4713 4881/4774/4709
f 4886/4779/4512 4887/4780/4714 4883/4776/4711
f 4888/4781/4508 4889/4782/4715 4790/4683/4621
f 4890/4783/4517 4891/4784/4716 4886/4779/4512
f 4892/4785/4717 4893/4786/4718 4889/4782/4715
f 4894/4787/4522 4895/4788/4719 4890/4783/4517
f 4896/4789/4720 4897/4790/4721 4893/4786/4718
f 4898/4791/4521 4899/4792/4722 4894/4787/4522
f 4900/4793/4723 4901/4794/4724 4897/4790/4721
f 4902/4795/4526 4903/4796/4725 4898/4791/4521
f 4904/4797/4726 4905/4798/4727 4901/4794/4724
f 4906/4799/4728 4907/4800/4729 4902/4795/4526
f 4908/4801/4730 4909/4802/4731 4905/4798/4727
f 4910/4803/4533 4911/4804/4732 4906/4799/4728
f 4912/4805/4733 4913/4806/4734 4909/4802/4731
f 4914/4807/4537 4915/4808/4735 4910/4803/4533
f 4916/4809/4736 4917/4810/4737 4913/4806/4734
f 4710/4603/4549 4918/4811/4738 4914/4807/4537
f 4919/4812/4739 4713/4606/4552 4917/4810/4737
f 4848/4741/4677 4852/4745/4681 4920/4813/4740
f 4846/4739/4675 4854/4747/4683 4920/4813/4740
f 4852/4745/4681 4856/4749/4685 4920/4813/4740
f 4854/4747/4683 4853/4746/4682 4920/4813/4740
f 4856/4749/4685 4860/4753/4689 4920/4813/4740
f 4853/4746/4682 4862/4755/4691 4920/4813/4740
f 4860/4753/4689 4864/4757/4693 4920/4813/4740
f 4862/4755/4691 4866/4759/4695 4920/4813/4740
f 4864/4757/4693 4868/4761/4696 4920/4813/4740
f 4866/4759/4695 4870/4763/4698 4920/4813/4740
f 4868/4761/4696 4872/4765/4700 4920/4813/4740
f 4870/4763/4698 4874/4767/4702 4920/4813/4740
f 4872/4765/4700 4876/4769/4704 4920/4813/4740
f 4874/4767/4702 4878/4771/4706 4920/4813/4740
f 4876/4769/4704 4880/4773/4708 4920/4813/4740
f 4878/4771/4706 4877/4770/4705 4920/4813/4740
f 4880/4773/4708 4884/4777/4712 4920/4813/4740
f 4877/4770/4705 4885/4778/4713 4920/4813/4740
f 4884/4777/4712 4887/4780/4714 4920/4813/4740
f 4885/4778/4713 4785/4678/4616 4920/4813/4740
f 4887/4780/4714 4891/4784/4716 4920/4813/4740
f 4790/4683/4621 4889/4782/4715 4920/4813/4740
f 4891/4784/4716 4895/4788/4719 4920/4813/4740
f 4889/4782/4715 4893/4786/4718 4920/4813/4740
f 4895/4788/4719 4899/4792/4722 4920/4813/4740
f 4893/4786/4718 4897/4790/4721 4920/4813/4740
f 4899/4792/4722 4903/4796/4725 4920/4813/4740
f 4897/4790/4721 4901/4794/4724 4920/4813/4740
f 4903/4796/4725 4907/4800/4729 4920/4813/4740
f 4901/4794/4724 4905/4798/4727 4920/4813/4740
f 4907/4800/4729 4911/4804/4732 4920/4813/4740
f 4905/4798/4727 4909/4802/4731 4920/4813/4740
f 4911/4804/4732 4915/4808/4735 4920/4813/4740
f 4909/4802/4731 4913/4806/4734 4920/4813/4740
f 4915/4808/4735 4918/4811/4738 4920/4813/4740
f 4913/4806/4734 4917/4810/4737 4920/4813/4740
f 4918/4811/4738 4709/4602/4548 4920/4813/4740
f 4917/4810/4737 4713/4606/4552 4920/4813/4740
f 4709/4602/4548 4715/4608/4554 4920/4813/4740
f 4713/4606/4552 4712/4605/4551 4920/4813/4740
f 4715/4608/4554 4719/4612/4557 4920/4813/4740
f 4712/4605/4551 4717/4610/4556 4920/4813/4740
f 4719/4612/4557 4723/4616/4559 4920/4813/4740
f 4717/4610/4556 4721/4614/4558 4920/4813/4740
f 4723/4616/4559 4727/4620/4563 4920/4813/4740
f 4721/4614/4558 4725/4618/4561 4920/4813/4740
f 4727/4620/4563 4731/4624/4567 4920/4813/4740
f 4725/4618/4561 4729/4622/4565 4920/4813/4740
f 4731/4624/4567 4735/4628/4571 4920/4813/4740
f 4729/4622/4565 4733/4626/4569 4920/4813/4740
f 4735/4628/4571 4734/4627/4570 4920/4813/4740
f 4733/4626/4569 4737/4630/4573 4920/4813/4740
f 4734/4627/4570 4739/4632/4575 4920/4813/4740
f 4737/4630/4573 4741/4634/4576 4920/4813/4740
f 4739/4632/4575 4743/4636/4578 4920/4813/4740
f 4741/4634/4576 4745/4638/4580 4920/4813/4740
f 4743/4636/4578 4747/4640/4582 4920/4813/4740
f 4745/4638/4580 4749/4642/4584 4920/4813/4740
f 4747/4640/4582 4751/4644/4586 4920/4813/4740
f 4749/4642/4584 4753/4646/4588 4920/4813/4740
f 4751/4644/4586 4755/4648/4589 4920/4813/4740
f 4753/4646/4588 4757/4650/4591 4920/4813/4740
f 4755/4648/4589 4759/4652/4593 4920/4813/4740
f 4757/4650/4591 4761/4654/4595 4920/4813/4740
f 4759/4652/4593 4763/4656/4597 4920/4813/4740
f 4761/4654/4595 4765/4658/4599 4920/4813/4740
f 4763/4656/4597 4767/4660/4600 4920/4813/4740
f 4765/4658/4599 4769/4662/4602 4920/4813/4740
f 4767/4660/4600 4771/4664/4604 4920/4813/4740
f 4769/4662/4602 4773/4666/4606 4920/4813/4740
f 4776/4669/4609 4775/4668/4608 4920/4813/4740
f 4771/4664/4604 4778/4671/4610 4920/4813/4740
f 4773/4666/4606 4776/4669/4609 4920/4813/4740
f 4775/4668/4608 4781/4674/4613 4920/4813/4740
f 4778/4671/4610 4783/4676/4614 4920/4813/4740
f 4785/4678/4616 4792/4685/4623 4920/4813/4740
f 4781/4674/4613 4788/4681/4619 4920/4813/4740
f 4783/4676/4614 4790/4683/4621 4920/4813/4740
f 4792/4685/4623 4796/4689/4627 4920/4813/4740
f 4788/4681/4619 4794/4687/4625 4920/4813/4740
f 4796/4689/4627 4800/4693/4631 4920/4813/4740
f 4794/4687/4625 4798/4691/4629 4920/4813/4740
f 4800/4693/4631 4804/4697/4634 4920/4813/4740
f 4798/4691/4629 4802/4695/4633 4920/4813/4740
f 4804/4697/4634 4808/4701/4638 4920/4813/4740
f 4802/4695/4633 4806/4699/4636 4920/4813/4740
f 4808/4701/4638 4812/4705/4642 4920/4813/4740
f 4806/4699/4636 4810/4703/4640 4920/4813/4740
f 4812/4705/4642 4816/4709/4646 4920/4813/4740
f 4810/4703/4640 4814/4707/4644 4920/4813/4740
f 4816/4709/4646 4820/4713/4650 4920/4813/4740
f 4814/4707/4644 4818/4711/4648 4920/4813/4740
f 4820/4713/4650 4824/4717/4654 4920/4813/4740
f 4818/4711/4648 4822/4715/4652 4920/4813/4740
f 4824/4717/4654 4828/4721/4658 4920/4813/4740
f 4822/4715/4652 4826/4719/4656 4920/4813/4740
f 4828/4721/4658 4832/4725/4662 4920/4813/4740
f 4826/4719/4656 4830/4723/4660 4920/4813/4740
f 4832/4725/4662 4836/4729/4666 4920/4813/4740
f 4830/4723/4660 4834/4727/4664 4920/4813/4740
f 4836/4729/4666 4840/4733/4670 4920/4813/4740
f 4834/4727/4664 4838/4731/4668 4920/4813/4740
f 4840/4733/4670 4844/4737/4674 4920/4813/4740
f 4838/4731/4668 4842/4735/4672 4920/4813/4740
f 4844/4737/4674 4848/4741/4677 4920/4813/4740
f 4842/4735/4672 4846/4739/4675 4920/4813/4740
f 4921/4814/4741 4922/2069/4742 4923/4814/4743
f 2046/2046/2004 4924/2043/4744 4925/2046/4745
f 4926/4815/4746 4927/4816/4747 4928/4816/4748
f 4921/4814/4741 4929/4817/4749 4930/4817/4750
f 1989/1989/1959 4931/1991/4751 1991/1991/1961
f 2048/2048/2006 4925/2046/4745 4932/2048/4752
f 4928/4816/4748 4933/4818/4753 4934/4818/4754
f 4930/4817/4750 4935/4819/4755 4936/4819/4756
f 1993/1993/1963 4931/1991/4751 4937/1993/4757
f 2050/2050/2008 4932/2048/4752 4938/2050/4758
f 4934/4818/4754 4939/4820/4759 4940/4820/4760
f 4936/4819/4756 4941/4821/4761 4942/4821/4762
f 1995/1995/1965 4937/1993/4757 4943/1995/4763
f 2052/2052/2010 4938/2050/4758 4944/2052/4764
f 4940/4820/4760 4945/4822/4765 4946/4822/4766
f 4942/4821/4762 4947/4823/4767 4948/4823/4768
f 1997/1997/1967 4943/1995/4763 4949/1997/4769
f 4950/4824/4770 4944/2052/4764 4951/4824/4771
f 4946/4822/4766 4952/4825/4772 4953/4825/4773
f 4948/4823/4768 4954/4826/4774 4955/4826/4775
f 1999/1999/1969 4949/1997/4769 4956/1999/4776
f 2054/2054/2012 4951/4824/4771 4957/2054/4777
f 4953/4825/4773 4958/4827/4778 4959/4827/4779
f 4955/4826/4775 4960/4828/4780 4961/4828/4781
f 2001/2001/1971 4956/1999/4776 4962/2001/4782
f 2056/2056/2014 4957/2054/4777 4963/2056/4783
f 4959/4827/4779 4964/4829/4784 4965/4829/4785
f 4961/4828/4781 4966/4830/4786 4967/4830/4787
f 2003/2003/1973 4962/2001/4782 4968/2003/4788
f 2058/2058/2016 4963/2056/4783 4969/2058/4789
f 4965/4829/4785 4970/4831/4790 4971/4831/4791
f 4967/4830/4787 4972/4832/4792 4973/4832/4793
f 2005/2005/1975 4968/2003/4788 4974/2005/4794
f 2060/2060/2018 4969/2058/4789 4975/2060/4795
f 4971/4831/4791 4976/4833/4796 4977/4833/4797
f 4973/4832/4793 4978/4834/4798 4979/4834/4799
f 2007/2007/1977 4974/2005/4794 4980/2007/4800
f 2062/2062/2020 4975/2060/4795 4981/2062/4801
f 4977/4833/4797 4982/4835/4802 4983/4835/4803
f 4979/4834/4799 4984/4836/4804 4985/4836/4805
f 2009/2009/1979 4980/2007/4800 4986/2009/4806
f 2065/2065/2023 4981/2062/4801 4987/2065/4807
f 4988/4837/4808 4982/4835/4802 4989/4837/4809
f 4985/4836/4805 4990/4838/4810 4991/4838/4811
f 2011/2011/1981 4986/2009/4806 4992/2011/4812
f 2067/2067/2025 4987/2065/4807 4993/2067/4813
f 4994/4839/2002 4989/4837/4809 4995/4839/4814
f 4991/4838/4811 4996/4840/4815 4997/4840/4816
f 2013/2013/1983 4992/2011/4812 4998/2013/4817
f 2069/2069/2027 4993/2067/4813 4922/2069/4742
f 4997/4840/4816 4999/4841/4818 5000/4841/4819
f 2015/2015/1985 4998/2013/4817 5001/2015/4820
f 5002/4842/4821 5003/1989/4822 1989/1989/1959
f 2015/2015/1985 5004/4815/4823 4926/4815/4746
f 5005/4843/4824 5006/4844/4825 5007/4845/4826
f 5008/4846/4827 5009/4847/4828 5005/4843/4824
f 5010/4848/4767 5011/4849/4829 5012/4850/4830
f 5013/4851/4831 5014/4852/4832 5008/4846/4827
f 5015/4853/4761 5016/4854/4833 5010/4848/4767
f 5017/4855/4834 5018/4856/4835 5013/4851/4831
f 5019/4857/4755 5020/4858/4836 5015/4853/4761
f 5021/4859/4747 5022/4860/4837 5017/4855/4834
f 5023/4861/4838 5024/4862/4839 5019/4857/4755
f 5025/4863/4840 5026/4864/4841 5027/4865/4842
f 5028/4866/4843 5029/4867/4844 5021/4859/4747
f 5025/4863/4840 5030/4868/4845 5023/4861/4838
f 5031/4869/4846 5032/4870/4847 5026/4864/4841
f 5033/4871/4848 5034/4872/4849 5028/4866/4843
f 5033/4871/4848 5035/4873/4850 5036/4874/4851
f 5037/4875/4813 5038/4876/4852 5032/4870/4847
f 5039/4877/4853 5040/4878/4854 5035/4873/4850
f 5041/4879/4855 5042/4880/4856 5038/4876/4852
f 5043/4881/4812 5044/4882/4857 5040/4878/4854
f 5045/4883/4801 5046/4884/4858 5042/4880/4856
f 5047/4885/4859 5048/4886/4860 5044/4882/4857
f 5049/4887/4795 5050/4888/4861 5046/4884/4858
f 5051/4889/4862 5052/4890/4863 5048/4886/4860
f 5053/4891/4789 5054/4892/4864 5050/4888/4861
f 5055/4893/4865 5056/4894/4866 5052/4890/4863
f 5057/4895/4783 5058/4896/4867 5054/4892/4864
f 5059/4897/4868 5060/4898/4869 5056/4894/4866
f 5061/4899/4771 5058/4896/4867 5062/4900/4870
f 5063/4901/4782 5064/4902/4871 5060/4898/4869
f 5065/4903/4764 5066/4904/4872 5061/4899/4771
f 5067/4905/4776 5068/4906/4873 5064/4902/4871
f 5069/4907/4874 5070/4908/4875 5065/4903/4764
f 5071/4909/4876 5072/4910/4877 5068/4906/4873
f 5073/4911/4878 5074/4912/4879 5069/4907/4874
f 5075/4913/4763 5076/4914/4880 5072/4910/4877
f 5077/4915/4745 5078/4916/4881 5073/4911/4878
f 5079/4917/4882 5080/4918/4883 5076/4914/4880
f 5081/4919/4744 5082/4920/4884 5077/4915/4745
f 5083/4921/4751 5084/4922/4885 5080/4918/4883
f 5085/4923/4818 5086/4924/4886 5087/4925/4887
f 5088/4926/4888 5087/4925/4887 5084/4922/4885
f 5089/4927/4815 5090/4928/4889 5086/4924/4886
f 5091/4929/4809 5092/4930/4890 5081/4919/4744
f 5093/4931/4810 5094/4932/4891 5090/4928/4889
f 5095/4933/4892 5096/4934/4893 5091/4929/4809
f 5097/4935/4894 5098/4936/4895 5094/4932/4891
f 5099/4937/4796 5100/4938/4896 5095/4933/4892
f 5101/4939/4897 5102/4940/4898 5098/4936/4895
f 5103/4941/4899 5104/4942/4900 5099/4937/4796
f 5105/4943/4792 5106/4944/4901 5102/4940/4898
f 5107/4945/4784 5108/4946/4902 5103/4941/4899
f 5109/4947/4780 5106/4944/4901 5110/4948/4903
f 5007/4845/4826 5111/4949/4904 5107/4945/4784
f 5012/4850/4830 5112/4950/4905 5109/4947/4780
f 5032/4870/4847 5038/4876/4852 5113/4951/4906
f 5035/4873/4850 5040/4878/4854 5113/4951/4906
f 5026/4864/4841 5032/4870/4847 5113/4951/4906
f 5036/4874/4851 5035/4873/4850 5113/4951/4906
f 5034/4872/4849 5036/4874/4851 5113/4951/4906
f 5027/4865/4842 5026/4864/4841 5113/4951/4906
f 5030/4868/4845 5027/4865/4842 5113/4951/4906
f 5029/4867/4844 5034/4872/4849 5113/4951/4906
f 5024/4862/4839 5030/4868/4845 5113/4951/4906
f 5022/4860/4837 5029/4867/4844 5113/4951/4906
f 5020/4858/4836 5024/4862/4839 5113/4951/4906
f 5018/4856/4835 5022/4860/4837 5113/4951/4906
f 5016/4854/4833 5020/4858/4836 5113/4951/4906
f 5014/4852/4832 5018/4856/4835 5113/4951/4906
f 5011/4849/4829 5016/4854/4833 5113/4951/4906
f 5009/4847/4828 5014/4852/4832 5113/4951/4906
f 5112/4950/4905 5011/4849/4829 5113/4951/4906
f 5006/4844/4825 5009/4847/4828 5113/4951/4906
f 5106/4944/4901 5112/4950/4905 5113/4951/4906
f 5111/4949/4904 5006/4844/4825 5113/4951/4906
f 5102/4940/4898 5106/4944/4901 5113/4951/4906
f 5108/4946/4902 5111/4949/4904 5113/4951/4906
f 5098/4936/4895 5102/4940/4898 5113/4951/4906
f 5104/4942/4900 5108/4946/4902 5113/4951/4906
f 5094/4932/4891 5098/4936/4895 5113/4951/4906
f 5100/4938/4896 5104/4942/4900 5113/4951/4906
f 5090/4928/4889 5094/4932/4891 5113/4951/4906
f 5096/4934/4893 5100/4938/4896 5113/4951/4906
f 5086/4924/4886 5090/4928/4889 5113/4951/4906
f 5092/4930/4890 5096/4934/4893 5113/4951/4906
f 5087/4925/4887 5086/4924/4886 5113/4951/4906
f 5084/4922/4885 5087/4925/4887 5113/4951/4906
f 5082/4920/4884 5092/4930/4890 5113/4951/4906
f 5080/4918/4883 5084/4922/4885 5113/4951/4906
f 5078/4916/4881 5082/4920/4884 5113/4951/4906
f 5076/4914/4880 5080/4918/4883 5113/4951/4906
f 5074/4912/4879 5078/4916/4881 5113/4951/4906
f 5072/4910/4877 5076/4914/4880 5113/4951/4906
f 5070/4908/4875 5074/4912/4879 5113/4951/4906
f 5068/4906/4873 5072/4910/4877 5113/4951/4906
f 5066/4904/4872 5070/4908/4875 5113/4951/4906
f 5064/4902/4871 5068/4906/4873 5113/4951/4906
f 5058/4896/4867 5066/4904/4872 5113/4951/4906
f 5060/4898/4869 5064/4902/4871 5113/4951/4906
f 5054/4892/4864 5058/4896/4867 5113/4951/4906
f 5056/4894/4866 5060/4898/4869 5113/4951/4906
f 5050/4888/4861 5054/4892/4864 5113/4951/4906
f 5052/4890/4863 5056/4894/4866 5113/4951/4906
f 5046/4884/4858 5050/4888/4861 5113/4951/4906
f 5048/4886/4860 5052/4890/4863 5113/4951/4906
f 5042/4880/4856 5046/4884/4858 5113/4951/4906
f 5044/4882/4857 5048/4886/4860 5113/4951/4906
f 5038/4876/4852 5042/4880/4856 5113/4951/4906
f 5040/4878/4854 5044/4882/4857 5113/4951/4906
f 2851/2851/2776 5114/2825/4907 5115/2851/4908
f 2565/2565/2490 5116/2539/4909 5117/2565/4910
f 2747/2747/2672 5118/2773/4911 2773/2773/2698
f 2669/2669/2594 5119/2643/4912 5120/2669/4913
f 2488/2488/2413 5121/2462/4914 5122/2488/4915
f 2903/2903/2828 5123/2877/4916 5124/2903/4917
f 2617/2617/2542 5125/2591/4918 5126/2617/4919
f 2384/2384/2309 5127/2410/4920 2410/2410/2335
f 2799/2799/2724 5114/2825/4907 2825/2825/2750
f 2539/2539/2464 5128/2513/4921 5116/2539/4909
f 2955/2955/2880 5129/2929/4922 5130/2955/4923
f 2721/2721/2646 5131/2747/4924 2747/2747/2672
f 2643/2643/2568 5132/4952/4925 5119/2643/4912
f 2436/2436/2361 5121/2462/4914 2462/2462/2387
f 2877/2877/2802 5115/2851/4908 5123/2877/4916
f 2591/2591/2516 5117/2565/4910 5125/2591/4918
f 2358/2358/2283 5133/2384/4926 2384/2384/2309
f 2773/2773/2698 5134/2799/4927 2799/2799/2724
f 2669/2669/2594 5135/2695/4928 2695/2695/2620
f 2513/2513/2438 5122/2488/4915 5128/2513/4921
f 2981/2981/2256 5130/2955/4923 5136/2981/4929
f 2929/2929/2854 5124/2903/4917 5129/2929/4922
f 2695/2695/2620 5137/2721/4930 2721/2721/2646
f 5138/4952/4931 5126/2617/4919 5132/4952/4925
f 2331/2331/2256 5139/2358/4932 2358/2358/2283
f 2410/2410/2335 5140/2436/4933 2436/2436/2361
f 5141/4953/4927 5142/4954/4934 5143/4955/4935
f 5144/4956/4936 5145/4957/4937 5146/4958/4938
f 5147/4959/4919 5148/4960/4939 5149/4961/4940
f 5150/4962/4911 5151/4963/4941 5141/4953/4927
f 5152/4964/4942 5153/4965/4943 5145/4957/4937
f 5154/4966/4929 5155/4967/4944 5156/4968/4945
f 5147/4959/4919 5157/4969/4946 5158/4970/4947
f 5159/4971/4924 5160/4972/4948 5150/4962/4911
f 5161/4973/4920 5162/4974/4949 5153/4965/4943
f 5163/4975/4950 5164/4976/4951 5155/4967/4944
f 5165/4977/4952 5166/4978/4953 5157/4969/4946
f 5167/4979/4930 5168/4980/4954 5159/4971/4924
f 5169/4981/4926 5170/4982/4955 5162/4974/4949
f 5171/4983/4922 5172/4984/4956 5164/4976/4951
f 5173/4985/4957 5174/4986/4958 5166/4978/4953
f 5175/4987/4959 5176/4988/4960 5167/4979/4930
f 5177/4989/4961 5156/4968/4945 5170/4982/4955
f 5178/4990/4962 5179/4991/4963 5172/4984/4956
f 5180/4992/4909 5181/4993/4964 5174/4986/4958
f 5182/4994/4913 5183/4995/4965 5175/4987/4959
f 5184/4996/4916 5185/4997/4966 5179/4991/4963
f 5186/4998/4967 5187/4999/4968 5181/4993/4964
f 5188/5000/4912 5189/5001/4969 5182/4994/4913
f 5143/4955/4935 5185/4997/4966 5190/5002/4908
f 5191/5003/4970 5146/4958/4938 5187/4999/4968
f 5149/4961/4940 5192/5004/4971 5188/5000/4912
f 3931/3931/3809 5193/3957/4972 5194/3931/4973
f 3514/3514/3392 5195/3541/4974 5196/3514/4975
f 3774/3774/3652 5197/3747/4976 3747/3747/3625
f 4140/4140/4013 5198/4114/4977 4114/4114/3992
f 4088/4088/3966 5199/4061/4978 4061/4061/3939
f 3853/3853/3731 5200/3879/4979 5201/3853/4980
f 3696/3696/3574 5202/3672/4981 3672/3672/3550
f 4009/4009/3887 5203/3984/4982 3984/3984/3862
f 3799/3799/3677 5204/3800/4983 3800/3800/3678
f 3567/3567/3445 5205/3593/4984 5206/3567/4985
f 3488/3488/3366 5196/3514/4975 5207/3488/4986
f 3905/3905/3783 5194/3931/4973 5208/3905/4987
f 3747/3747/3625 5209/3722/4988 3722/3722/3600
f 4061/4061/3939 5210/4035/4989 4035/4035/3913
f 3825/3825/3703 5201/3853/4980 5211/3825/4990
f 3672/3672/3550 5212/3646/4991 3646/3646/3524
f 3957/3957/3835 5203/3984/4982 5193/3957/4972
f 3800/3800/3678 5213/3774/4992 3774/3774/3652
f 3541/3541/3419 5206/3567/4985 5195/3541/4974
f 4114/4114/3992 5214/4088/4993 4088/4088/3966
f 3879/3879/3757 5208/3905/4987 5200/3879/4979
f 3722/3722/3600 5215/3696/4994 3696/3696/3574
f 4035/4035/3913 5216/4009/4995 4009/4009/3887
f 3825/3825/3703 5217/3799/4996 3799/3799/3677
f 3593/3593/3471 5218/3620/4997 5205/3593/4984
f 3646/3646/3524 5218/3620/4997 3620/3620/3498
f 5219/5005/4998 5220/5006/4999 5221/5007/5000
f 5222/5008/4972 5223/5009/5001 5224/5010/5002
f 5225/5011/4996 5226/5012/5003 5227/5013/4983
f 5228/5014/4974 5229/5015/5004 5230/5016/5005
f 5231/5017/4997 5232/5018/5006 5220/5006/4999
f 5233/5019/4982 5234/5020/5007 5223/5009/5001
f 5225/5011/4996 5235/5021/5008 5236/5022/5009
f 5237/5023/5010 5230/5016/5005 5238/5024/5011
f 5239/5025/5012 5232/5018/5006 5240/5026/4991
f 5241/5027/4989 5234/5020/5007 5242/5028/5013
f 5243/5029/4990 5244/5030/5014 5235/5021/5008
f 5237/5023/5010 5245/5031/5015 5246/5032/4986
f 5247/5033/5016 5248/5034/5017 5239/5025/5012
f 5249/5035/5018 5250/5036/5019 5241/5027/4989
f 5251/5037/4980 5252/5038/5020 5244/5030/5014
f 5253/5039/5021 5254/5040/5022 5247/5033/5016
f 5255/5041/4993 5256/5042/5023 5249/5035/5018
f 5257/5043/4979 5258/5044/5024 5252/5038/5020
f 5259/5045/4976 5260/5046/5025 5253/5039/5021
f 5261/5047/5026 5262/5048/5027 5255/5041/4993
f 5263/5049/5028 5264/5050/5029 5258/5044/5024
f 5265/5051/5030 5266/5052/5031 5259/5045/4976
f 5246/5032/4986 5267/5053/5032 5261/5047/5026
f 5268/5054/4985 5221/5007/5000 5229/5015/5004
f 5269/5055/5033 5224/5010/5002 5264/5050/5029
f 5227/5013/4983 5270/5056/5034 5265/5051/5030
f 5172/4984/4956 5179/4991/4963 5271/5057/5035
f 5170/4982/4955 5156/4968/4945 5271/5057/5035
f 5176/4988/4960 5183/4995/4965 5271/5057/5035
f 5166/4978/4953 5174/4986/4958 5271/5057/5035
f 5164/4976/4951 5172/4984/4956 5271/5057/5035
f 5162/4974/4949 5170/4982/4955 5271/5057/5035
f 5168/4980/4954 5176/4988/4960 5271/5057/5035
f 5157/4969/4946 5166/4978/4953 5271/5057/5035
f 5155/4967/4944 5164/4976/4951 5271/5057/5035
f 5153/4965/4943 5162/4974/4949 5271/5057/5035
f 5160/4972/4948 5168/4980/4954 5271/5057/5035
f 5158/4970/4947 5157/4969/4946 5271/5057/5035
f 5156/4968/4945 5155/4967/4944 5271/5057/5035
f 5145/4957/4937 5153/4965/4943 5271/5057/5035
f 5151/4963/4941 5160/4972/4948 5271/5057/5035
f 5148/4960/4939 5158/4970/4947 5271/5057/5035
f 5146/4958/4938 5145/4957/4937 5271/5057/5035
f 5142/4954/4934 5151/4963/4941 5271/5057/5035
f 5192/5004/4971 5148/4960/4939 5271/5057/5035
f 5187/4999/4968 5146/4958/4938 5271/5057/5035
f 5185/4997/4966 5142/4954/4934 5271/5057/5035
f 5189/5001/4969 5192/5004/4971 5271/5057/5035
f 5181/4993/4964 5187/4999/4968 5271/5057/5035
f 5179/4991/4963 5185/4997/4966 5271/5057/5035
f 5183/4995/4965 5189/5001/4969 5271/5057/5035
f 5174/4986/4958 5181/4993/4964 5271/5057/5035
f 5235/5021/5008 5244/5030/5014 5272/5058/5036
f 5248/5034/5017 5254/5040/5022 5272/5058/5036
f 5250/5036/5019 5256/5042/5023 5272/5058/5036
f 5230/5016/5005 5229/5015/5004 5272/5058/5036
f 5244/5030/5014 5252/5038/5020 5272/5058/5036
f 5254/5040/5022 5260/5046/5025 5272/5058/5036
f 5256/5042/5023 5262/5048/5027 5272/5058/5036
f 5238/5024/5011 5230/5016/5005 5272/5058/5036
f 5252/5038/5020 5258/5044/5024 5272/5058/5036
f 5260/5046/5025 5266/5052/5031 5272/5058/5036
f 5262/5048/5027 5267/5053/5032 5272/5058/5036
f 5245/5031/5015 5238/5024/5011 5272/5058/5036
f 5258/5044/5024 5264/5050/5029 5272/5058/5036
f 5266/5052/5031 5270/5056/5034 5272/5058/5036
f 5267/5053/5032 5245/5031/5015 5272/5058/5036
f 5229/5015/5004 5221/5007/5000 5272/5058/5036
f 5264/5050/5029 5224/5010/5002 5272/5058/5036
f 5270/5056/5034 5226/5012/5003 5272/5058/5036
f 5221/5007/5000 5220/5006/4999 5272/5058/5036
f 5224/5010/5002 5223/5009/5001 5272/5058/5036
f 5226/5012/5003 5236/5022/5009 5272/5058/5036
f 5220/5006/4999 5232/5018/5006 5272/5058/5036
f 5223/5009/5001 5234/5020/5007 5272/5058/5036
f 5236/5022/5009 5235/5021/5008 5272/5058/5036
f 5232/5018/5006 5248/5034/5017 5272/5058/5036
f 5234/5020/5007 5250/5036/5019 5272/5058/5036
f 2068/2068/2026 2017/2017/983 5273/5059/5037
f 2066/2066/2024 5273/5059/5037 5274/5060/5038
f 2064/2064/2022 5274/5060/5038 5275/5061/987
f 2063/2063/2021 5275/5061/987 5276/5062/989
f 2061/2061/2019 5276/5062/989 5277/5063/5039
f 5278/5064/993 2061/2061/2019 5277/5063/5039
f 5279/5065/5040 2059/2059/2017 5278/5064/993
f 5280/5066/5041 2057/2057/2015 5279/5065/5040
f 5281/5067/999 2055/2055/2013 5280/5066/5041
f 2051/2051/2009 5281/5067/999 5282/5068/5042
f 2049/2049/2007 5282/5068/5042 5283/5069/5043
f 2047/2047/2005 5283/5069/5043 5284/5070/1005
f 2044/2044/2003 5284/5070/1005 5285/5071/1007
f 2045/2045/1956 5285/5071/1007 5286/5072/304
f 5000/4841/4819 2039/2039/2001 4997/4840/4816
f 4997/4840/4816 2037/2037/2000 4991/4838/4811
f 4991/4838/4811 2035/2035/1999 4985/4836/4805
f 4985/4836/4805 2033/2033/1997 4979/4834/4799
f 4979/4834/4799 2031/2031/1995 4973/4832/4793
f 4973/4832/4793 2032/2032/1996 4967/4830/4787
f 4961/4828/4781 2032/2032/1996 2029/2029/1994
f 4955/4826/4775 2029/2029/1994 2025/2025/1991
f 4955/4826/4775 2023/2023/1990 4948/4823/4768
f 4948/4823/4768 2021/2021/1989 4942/4821/4762
f 4942/4821/4762 2019/2019/1988 4936/4819/4756
f 4936/4819/4756 2016/2016/1986 4930/4817/4750
f 4930/4817/4750 2018/2018/1987 4921/4814/4741
f 5287/5073/5044 1961/1961/1941 1963/1963/3
f 5288/5074/5045 2014/2014/1984 5287/5073/5044
f 5289/5075/7 2012/2012/1982 5288/5074/5045
f 5290/5076/9 2010/2010/1980 5289/5075/7
f 5291/5077/11 2008/2008/1978 5290/5076/9
f 5292/5078/5046 2006/2006/1976 5291/5077/11
f 5293/5079/5047 2004/2004/1974 5292/5078/5046
f 5294/5080/5048 2002/2002/1972 5293/5079/5047
f 5295/5081/19 2000/2000/1970 5294/5080/5048
f 5296/5082/21 1998/1998/1968 5295/5081/19
f 5297/5083/23 1996/1996/1966 5296/5082/21
f 5298/5084/5049 1994/1994/1964 5297/5083/23
f 5299/5085/27 1992/1992/1962 5298/5084/5049
f 5300/5086/29 1990/1990/1960 5299/5085/27
f 4988/4837/4808 1986/1986/1956 1987/1987/1957
f 4983/4835/4803 1987/1987/1957 1984/1984/1955
f 4977/4833/4797 1984/1984/1955 1982/1982/1953
f 4971/4831/4791 1982/1982/1953 1980/1980/1952
f 4965/4829/4785 1980/1980/1952 1978/1978/1951
f 4959/4827/4779 1978/1978/1951 1976/1976/1950
f 4953/4825/4773 1976/1976/1950 1974/1974/1949
f 4946/4822/4766 1974/1974/1949 1972/1972/1948
f 4940/4820/4760 1972/1972/1948 1970/1970/1946
f 4934/4818/4754 1970/1970/1946 1968/1968/1945
f 4928/4816/4748 1968/1968/1945 1966/1966/1944
f 4926/4815/4746 1966/1966/1944 1964/1964/1943
f 2015/2015/1985 1964/1964/1943 1961/1961/1941
f 2954/2954/2879 2982/2982/2258 2980/2980/2895
f 2928/2928/2853 2956/2956/2881 2954/2954/2879
f 2902/2902/2827 2930/2930/2855 2928/2928/2853
f 2876/2876/2801 2904/2904/2829 2902/2902/2827
f 2850/2850/2775 2878/2878/2803 2876/2876/2801
f 2824/2824/2749 2852/2852/2777 2850/2850/2775
f 2798/2798/2723 2826/2826/2751 2824/2824/2749
f 2772/2772/2697 2800/2800/2725 2798/2798/2723
f 2746/2746/2671 2774/2774/2699 2772/2772/2697
f 2720/2720/2645 2748/2748/2673 2746/2746/2671
f 2694/2694/2619 2722/2722/2647 2720/2720/2645
f 5301/5087/5050 2696/2696/2621 2694/2694/2619
f 2668/2668/2593 2670/2670/2595 5301/5087/5050
f 2641/2641/2566 2644/2644/2569 2668/2668/2593
f 2615/2615/2540 2618/2618/2543 2641/2641/2566
f 2566/2566/2491 2615/2615/2540 2589/2589/2514
f 2540/2540/2465 2589/2589/2514 2563/2563/2488
f 2514/2514/2439 2563/2563/2488 2537/2537/2462
f 2489/2489/2414 2537/2537/2462 2486/2486/2411
f 2463/2463/2388 2486/2486/2411 2460/2460/2385
f 2437/2437/2362 2460/2460/2385 5302/5088/5051
f 2411/2411/2336 5302/5088/5051 2434/2434/2359
f 2385/2385/2310 2434/2434/2359 2408/2408/2333
f 2359/2359/2284 2408/2408/2333 2382/2382/2307
f 2332/2332/2257 2382/2382/2307 2356/2356/2281
f 2333/2333/2258 2356/2356/2281 2329/2329/2254
f 4112/4112/3990 5303/5089/3367 4139/4139/4012
f 4086/4086/3964 4139/4139/4012 4113/4113/3991
f 4059/4059/3937 4113/4113/3991 4087/4087/3965
f 4033/4033/3911 4087/4087/3965 4060/4060/3938
f 4007/4007/3885 4060/4060/3938 4034/4034/3912
f 3982/3982/3860 4034/4034/3912 4008/4008/3886
f 3955/3955/3833 4008/4008/3886 3983/3983/3861
f 3929/3929/3807 3983/3983/3861 3956/3956/3834
f 3903/3903/3781 3956/3956/3834 3930/3930/3808
f 3877/3877/3755 3930/3930/3808 3904/3904/3782
f 3850/3850/3728 3904/3904/3782 3878/3878/3756
f 3851/3851/3729 3878/3878/3756 3852/3852/3730
f 3823/3823/3701 3852/3852/3730 3824/3824/3702
f 3798/3798/3676 3824/3824/3702 3773/3773/3651
f 3798/3798/3676 3746/3746/3624 3772/3772/3650
f 3772/3772/3650 3721/3721/3599 3745/3745/3623
f 3745/3745/3623 3695/3695/3573 3720/3720/3598
f 3720/3720/3598 3671/3671/3549 3694/3694/3572
f 3694/3694/3572 3645/3645/3523 3670/3670/3548
f 3670/3670/3548 3619/3619/3497 3644/3644/3522
f 3644/3644/3522 3592/3592/3470 3618/3618/3496
f 3618/3618/3496 3566/3566/3444 3591/3591/3469
f 3591/3591/3469 3540/3540/3418 3565/3565/3443
f 3565/3565/3443 3513/3513/3391 3539/3539/3417
f 3539/3539/3417 3487/3487/3365 3512/3512/3390
f 3512/3512/3390 3489/3489/3367 3486/3486/3364
f 1/1/1 4/4/4 2/2/2
f 4/4/4 6/6/6 5/5/5
f 6/6/6 8/8/8 7/7/7
f 8/8/8 10/10/10 9/9/9
f 10/10/10 12/12/12 11/11/11
f 12/12/12 36/36/36 13/13/13
f 13/13/13 36/36/36 14/14/14
f 15/15/15 14/14/14 16/16/16
f 17/17/17 16/16/16 18/18/18
f 19/19/19 18/18/18 20/20/20
f 21/21/21 20/20/20 22/22/22
f 23/23/23 22/22/22 24/24/24
f 25/25/25 24/24/24 26/26/26
f 27/27/27 26/26/26 28/28/28
f 30/30/30 31/31/31 4/4/4
f 31/31/31 32/32/32 6/6/6
f 32/32/32 33/33/33 8/8/8
f 33/33/33 34/34/34 10/10/10
f 34/34/34 35/35/35 12/12/12
f 35/35/35 37/37/37 36/36/36
f 37/37/37 38/38/38 14/14/14
f 38/38/38 39/39/39 16/16/16
f 39/39/39 40/40/40 18/18/18
f 40/40/40 41/41/41 20/20/20
f 41/41/41 42/42/42 22/22/22
f 42/42/42 56/56/56 24/24/24
f 24/24/24 56/56/56 43/43/43
f 43/43/43 59/59/59 28/28/28
f 44/44/44 45/45/45 31/31/31
f 45/45/45 46/46/46 32/32/32
f 46/46/46 47/47/47 33/33/33
f 47/47/47 48/48/48 34/34/34
f 48/48/48 49/49/49 35/35/35
f 49/49/49 50/50/50 37/37/37
f 50/50/50 51/51/51 38/38/38
f 51/51/51 52/52/52 39/39/39
f 52/52/52 53/53/53 40/40/40
f 53/53/53 54/54/54 41/41/41
f 54/54/54 55/55/55 42/42/42
f 55/55/55 57/57/57 56/56/56
f 57/57/57 58/58/58 43/43/43
f 58/58/58 74/74/74 59/59/59
f 60/60/60 61/61/61 45/45/45
f 61/61/61 62/62/62 46/46/46
f 62/62/62 63/63/63 47/47/47
f 63/63/63 64/64/64 48/48/48
f 64/64/64 65/65/65 49/49/49
f 65/65/65 66/66/66 50/50/50
f 66/66/66 67/67/67 51/51/51
f 67/67/67 68/68/68 52/52/52
f 68/68/68 69/69/69 53/53/53
f 69/69/69 70/70/70 54/54/54
f 70/70/70 71/71/71 55/55/55
f 71/71/71 72/72/72 57/57/57
f 72/72/72 73/73/73 58/58/58
f 73/73/73 89/89/89 74/74/74
f 75/75/75 76/76/76 61/61/61
f 76/76/76 77/77/77 62/62/62
f 77/77/77 78/78/78 63/63/63
f 78/78/78 79/79/79 64/64/64
f 79/79/79 80/80/80 65/65/65
f 80/80/80 81/81/81 66/66/66
f 81/81/81 82/82/82 67/67/67
f 82/82/82 83/83/83 68/68/68
f 83/83/83 84/84/84 69/69/69
f 84/84/84 85/85/85 70/70/70
f 85/85/85 86/86/86 71/71/71
f 86/86/86 87/87/87 72/72/72
f 87/87/87 88/88/88 73/73/73
f 88/88/88 104/104/104 89/89/89
f 90/90/90 91/91/91 76/76/76
f 91/91/91 92/92/92 77/77/77
f 92/92/92 93/93/93 78/78/78
f 93/93/93 94/94/94 79/79/79
f 94/94/94 95/95/95 80/80/80
f 95/95/95 96/96/96 81/81/81
f 96/96/96 97/97/97 82/82/82
f 97/97/97 98/98/98 83/83/83
f 98/98/98 99/99/99 84/84/84
f 99/99/99 100/100/100 85/85/85
f 100/100/100 101/101/101 86/86/86
f 101/101/101 102/102/102 87/87/87
f 102/102/102 103/103/103 88/88/88
f 103/103/103 119/119/119 104/104/104
f 105/105/105 106/106/106 91/91/91
f 106/106/106 107/107/107 92/92/92
f 107/107/107 108/108/108 93/93/93
f 108/108/108 109/109/109 94/94/94
f 109/109/109 110/110/110 95/95/95
f 110/110/110 111/111/111 96/96/96
f 111/111/111 112/112/112 97/97/97
f 112/112/112 113/113/113 98/98/98
f 113/113/113 114/114/114 99/99/99
f 114/114/114 115/115/115 100/100/100
f 115/115/115 116/116/116 101/101/101
f 116/116/116 117/117/117 102/102/102
f 117/117/117 118/118/118 103/103/103
f 118/118/118 134/134/134 119/119/119
f 120/120/120 121/121/121 106/106/106
f 121/121/121 122/122/122 107/107/107
f 122/122/122 123/123/123 108/108/108
f 123/123/123 124/124/124 109/109/109
f 124/124/124 125/125/125 110/110/110
f 125/125/125 126/126/126 111/111/111
f 126/126/126 127/127/127 112/112/112
f 127/127/127 128/128/128 113/113/113
f 128/128/128 129/129/129 114/114/114
f 129/129/129 130/130/130 115/115/115
f 130/130/130 131/131/131 116/116/116
f 131/131/131 132/132/132 117/117/117
f 132/132/132 133/133/133 118/118/118
f 133/133/133 149/149/149 134/134/134
f 135/135/135 136/136/136 121/121/121
f 136/136/136 137/137/137 122/122/122
f 137/137/137 138/138/138 123/123/123
f 138/138/138 139/139/139 124/124/124
f 139/139/139 140/140/140 125/125/125
f 140/140/140 141/141/141 126/126/126
f 141/141/141 142/142/142 127/127/127
f 142/142/142 143/143/143 128/128/128
f 143/143/143 144/144/144 129/129/129
f 144/144/144 145/145/145 130/130/130
f 145/145/145 146/146/146 131/131/131
f 146/146/146 147/147/147 132/132/132
f 147/147/147 148/148/148 133/133/133
f 148/148/148 164/164/164 149/149/149
f 150/150/150 151/151/151 136/136/136
f 151/151/151 152/152/152 137/137/137
f 152/152/152 153/153/153 138/138/138
f 153/153/153 154/154/154 139/139/139
f 154/154/154 155/155/155 140/140/140
f 155/155/155 156/156/156 141/141/141
f 156/156/156 157/157/157 142/142/142
f 157/157/157 158/158/158 143/143/143
f 158/158/158 159/159/159 144/144/144
f 159/159/159 160/160/160 145/145/145
f 160/160/160 161/161/161 146/146/146
f 161/161/161 162/162/162 147/147/147
f 162/162/162 163/163/163 148/148/148
f 163/163/163 179/179/179 164/164/164
f 165/165/165 166/166/166 151/151/151
f 166/166/166 167/167/167 152/152/152
f 167/167/167 168/168/168 153/153/153
f 168/168/168 169/169/169 154/154/154
f 169/169/169 170/170/170 155/155/155
f 170/170/170 171/171/171 156/156/156
f 171/171/171 172/172/172 157/157/157
f 172/172/172 173/173/173 158/158/158
f 173/173/173 174/174/174 159/159/159
f 174/174/174 175/175/175 160/160/160
f 175/175/175 176/176/176 161/161/161
f 176/176/176 177/177/177 162/162/162
f 177/177/177 178/178/178 163/163/163
f 178/178/178 194/194/194 179/179/179
f 180/180/180 181/181/181 166/166/166
f 181/181/181 182/182/182 167/167/167
f 182/182/182 183/183/183 168/168/168
f 183/183/183 184/184/184 169/169/169
f 184/184/184 185/185/185 170/170/170
f 185/185/185 186/186/186 171/171/171
f 186/186/186 187/187/187 172/172/172
f 187/187/187 188/188/188 173/173/173
f 188/188/188 189/189/189 174/174/174
f 189/189/189 190/190/190 175/175/175
f 190/190/190 191/191/191 176/176/176
f 191/191/191 192/192/192 177/177/177
f 192/192/192 193/193/193 178/178/178
f 193/193/193 209/209/209 194/194/194
f 195/195/195 196/196/196 181/181/181
f 196/196/196 197/197/197 182/182/182
f 197/197/197 198/198/198 183/183/183
f 198/198/198 199/199/199 184/184/184
f 199/199/199 200/200/200 185/185/185
f 200/200/200 201/201/201 186/186/186
f 201/201/201 202/202/202 187/187/187
f 202/202/202 203/203/203 188/188/188
f 203/203/203 204/204/204 189/189/189
f 204/204/204 205/205/205 190/190/190
f 205/205/205 206/206/206 191/191/191
f 206/206/206 207/207/207 192/192/192
f 207/207/207 208/208/208 193/193/193
f 208/208/208 224/224/224 209/209/209
f 210/210/210 211/211/211 196/196/196
f 211/211/211 212/212/212 197/197/197
f 212/212/212 213/213/213 198/198/198
f 213/213/213 214/214/214 199/199/199
f 214/214/214 215/215/215 200/200/200
f 215/215/215 216/216/216 201/201/201
f 216/216/216 217/217/217 202/202/202
f 217/217/217 218/218/218 203/203/203
f 218/218/218 219/219/219 204/204/204
f 219/219/219 220/220/220 205/205/205
f 220/220/220 221/221/221 206/206/206
f 221/221/221 222/222/222 207/207/207
f 222/222/222 223/223/223 208/208/208
f 223/223/223 239/239/239 224/224/224
f 225/225/225 226/226/226 211/211/211
f 226/226/226 227/227/227 212/212/212
f 227/227/227 228/228/228 213/213/213
f 228/228/228 229/229/229 214/214/214
f 229/229/229 230/230/230 215/215/215
f 230/230/230 231/231/231 216/216/216
f 231/231/231 232/232/232 217/217/217
f 232/232/232 233/233/233 218/218/218
f 233/233/233 234/234/234 219/219/219
f 234/234/234 235/235/235 220/220/220
f 235/235/235 236/236/236 221/221/221
f 236/236/236 237/237/237 222/222/222
f 237/237/237 238/238/238 223/223/223
f 238/238/238 254/254/254 239/239/239
f 240/240/240 241/241/241 226/226/226
f 241/241/241 242/242/242 227/227/227
f 242/242/242 243/243/243 228/228/228
f 243/243/243 244/244/244 229/229/229
f 244/244/244 245/245/245 230/230/230
f 245/245/245 246/246/246 231/231/231
f 246/246/246 247/247/247 232/232/232
f 247/247/247 248/248/248 233/233/233
f 248/248/248 249/249/249 234/234/234
f 249/249/249 250/250/250 235/235/235
f 250/250/250 251/251/251 236/236/236
f 251/251/251 252/252/252 237/237/237
f 252/252/252 253/253/253 238/238/238
f 253/253/253 269/269/269 254/254/254
f 255/255/255 256/256/256 241/241/241
f 256/256/256 257/257/257 242/242/242
f 257/257/257 258/258/258 243/243/243
f 258/258/258 259/259/259 244/244/244
f 259/259/259 260/260/260 245/245/245
f 260/260/260 261/261/261 246/246/246
f 261/261/261 262/262/262 247/247/247
f 262/262/262 263/263/263 248/248/248
f 263/263/263 264/264/264 249/249/249
f 264/264/264 265/265/265 250/250/250
f 265/265/265 266/266/266 251/251/251
f 266/266/266 267/267/267 252/252/252
f 267/267/267 268/268/268 253/253/253
f 268/268/268 505/505/505 269/269/269
f 270/270/270 273/273/273 271/271/271
f 273/273/273 275/275/275 274/274/274
f 275/275/275 277/277/277 276/276/276
f 277/277/277 279/279/279 278/278/278
f 279/279/279 281/281/281 280/280/280
f 281/281/281 283/283/283 282/282/282
f 283/283/283 285/285/285 284/284/284
f 285/285/285 287/287/287 286/286/286
f 287/287/287 289/289/289 288/288/288
f 289/289/289 291/291/291 290/290/290
f 291/291/291 293/293/293 292/292/292
f 293/293/293 295/295/295 294/294/294
f 295/295/295 297/297/297 296/296/296
f 297/297/297 299/299/299 298/298/298
f 299/299/299 301/301/301 300/300/300
f 301/301/301 321/321/321 302/302/302
f 302/302/302 321/321/321 303/303/303
f 305/305/305 306/306/306 273/273/273
f 306/306/306 307/307/307 275/275/275
f 307/307/307 308/308/308 277/277/277
f 308/308/308 309/309/309 279/279/279
f 309/309/309 310/310/310 281/281/281
f 310/310/310 311/311/311 283/283/283
f 311/311/311 312/312/312 285/285/285
f 312/312/312 313/313/313 287/287/287
f 313/313/313 314/314/314 289/289/289
f 314/314/314 315/315/315 291/291/291
f 315/315/315 316/316/316 293/293/293
f 316/316/316 317/317/317 295/295/295
f 317/317/317 318/318/318 297/297/297
f 318/318/318 319/319/319 299/299/299
f 319/319/319 320/320/320 301/301/301
f 320/320/320 339/339/339 321/321/321
f 321/321/321 339/339/339 322/322/322
f 323/323/323 324/324/324 306/306/306
f 324/324/324 325/325/325 307/307/307
f 325/325/325 326/326/326 308/308/308
f 326/326/326 327/327/327 309/309/309
f 327/327/327 328/328/328 310/310/310
f 328/328/328 329/329/329 311/311/311
f 329/329/329 330/330/330 312/312/312
f 330/330/330 331/331/331 313/313/313
f 331/331/331 332/332/332 314/314/314
f 332/332/332 333/333/333 315/315/315
f 333/333/333 334/334/334 316/316/316
f 334/334/334 335/335/335 317/317/317
f 335/335/335 336/336/336 318/318/318
f 336/336/336 337/337/337 319/319/319
f 337/337/337 338/338/338 320/320/320
f 338/338/338 357/357/357 339/339/339
f 339/339/339 357/357/357 340/340/340
f 341/341/341 342/342/342 324/324/324
f 342/342/342 343/343/343 325/325/325
f 343/343/343 344/344/344 326/326/326
f 344/344/344 345/345/345 327/327/327
f 345/345/345 346/346/346 328/328/328
f 346/346/346 347/347/347 329/329/329
f 347/347/347 348/348/348 330/330/330
f 348/348/348 349/349/349 331/331/331
f 349/349/349 350/350/350 332/332/332
f 350/350/350 351/351/351 333/333/333
f 351/351/351 352/352/352 334/334/334
f 352/352/352 353/353/353 335/335/335
f 353/353/353 354/354/354 336/336/336
f 354/354/354 355/355/355 337/337/337
f 355/355/355 356/356/356 338/338/338
f 356/356/356 375/375/375 357/357/357
f 357/357/357 375/375/375 358/358/358
f 359/359/359 360/360/360 342/342/342
f 360/360/360 361/361/361 343/343/343
f 361/361/361 362/362/362 344/344/344
f 362/362/362 363/363/363 345/345/345
f 363/363/363 364/364/364 346/346/346
f 364/364/364 365/365/365 347/347/347
f 365/365/365 366/366/366 348/348/348
f 366/366/366 367/367/367 349/349/349
f 367/367/367 368/368/368 350/350/350
f 368/368/368 369/369/369 351/351/351
f 369/369/369 370/370/370 352/352/352
f 370/370/370 371/371/371 353/353/353
f 371/371/371 372/372/372 354/354/354
f 372/372/372 373/373/373 355/355/355
f 373/373/373 374/374/374 356/356/356
f 374/374/374 393/393/393 375/375/375
f 375/375/375 393/393/393 376/376/376
f 377/377/377 378/378/378 360/360/360
f 378/378/378 379/379/379 361/361/361
f 379/379/379 380/380/380 362/362/362
f 380/380/380 381/381/381 363/363/363
f 381/381/381 382/382/382 364/364/364
f 382/382/382 383/383/383 365/365/365
f 383/383/383 384/384/384 366/366/366
f 384/384/384 385/385/385 367/367/367
f 385/385/385 386/386/386 368/368/368
f 386/386/386 387/387/387 369/369/369
f 387/387/387 388/388/388 370/370/370
f 388/388/388 389/389/389 371/371/371
f 389/389/389 390/390/390 372/372/372
f 390/390/390 391/391/391 373/373/373
f 391/391/391 392/392/392 374/374/374
f 392/392/392 411/411/411 393/393/393
f 393/393/393 411/411/411 394/394/394
f 395/395/395 396/396/396 378/378/378
f 396/396/396 397/397/397 379/379/379
f 397/397/397 398/398/398 380/380/380
f 398/398/398 399/399/399 381/381/381
f 399/399/399 400/400/400 382/382/382
f 400/400/400 401/401/401 383/383/383
f 401/401/401 402/402/402 384/384/384
f 402/402/402 403/403/403 385/385/385
f 403/403/403 404/404/404 386/386/386
f 404/404/404 405/405/405 387/387/387
f 405/405/405 406/406/406 388/388/388
f 406/406/406 407/407/407 389/389/389
f 407/407/407 408/408/408 390/390/390
f 408/408/408 409/409/409 391/391/391
f 409/409/409 428/428/428 392/392/392
f 392/392/392 428/428/428 410/410/410
f 411/411/411 410/410/410 412/412/412
f 413/413/413 414/414/414 396/396/396
f 414/414/414 415/415/415 397/397/397
f 415/415/415 416/416/416 398/398/398
f 416/416/416 417/417/417 399/399/399
f 417/417/417 418/418/418 400/400/400
f 418/418/418 419/419/419 401/401/401
f 419/419/419 420/420/420 402/402/402
f 420/420/420 421/421/421 403/403/403
f 421/421/421 422/422/422 404/404/404
f 422/422/422 423/423/423 405/405/405
f 423/423/423 424/424/424 406/406/406
f 424/424/424 425/425/425 407/407/407
f 425/425/425 426/426/426 408/408/408
f 426/426/426 427/427/427 409/409/409
f 427/427/427 446/446/446 428/428/428
f 428/428/428 446/446/446 429/429/429
f 410/410/410 429/429/429 430/430/430
f 431/431/431 432/432/432 414/414/414
f 432/432/432 433/433/433 415/415/415
f 433/433/433 434/434/434 416/416/416
f 434/434/434 435/435/435 417/417/417
f 435/435/435 436/436/436 418/418/418
f 436/436/436 437/437/437 419/419/419
f 437/437/437 438/438/438 420/420/420
f 438/438/438 439/439/439 421/421/421
f 439/439/439 440/440/440 422/422/422
f 440/440/440 441/441/441 423/423/423
f 441/441/441 442/442/442 424/424/424
f 442/442/442 443/443/443 425/425/425
f 443/443/443 444/444/444 426/426/426
f 444/444/444 445/445/445 427/427/427
f 445/445/445 464/464/464 446/446/446
f 446/446/446 464/464/464 447/447/447
f 429/429/429 447/447/447 448/448/448
f 449/449/449 450/450/450 432/432/432
f 450/450/450 451/451/451 433/433/433
f 451/451/451 452/452/452 434/434/434
f 452/452/452 453/453/453 435/435/435
f 453/453/453 454/454/454 436/436/436
f 454/454/454 455/455/455 437/437/437
f 455/455/455 456/456/456 438/438/438
f 456/456/456 457/457/457 439/439/439
f 457/457/457 458/458/458 440/440/440
f 458/458/458 459/459/459 441/441/441
f 459/459/459 460/460/460 442/442/442
f 460/460/460 461/461/461 443/443/443
f 461/461/461 462/462/462 444/444/444
f 462/462/462 463/463/463 445/445/445
f 463/463/463 482/482/482 464/464/464
f 464/464/464 482/482/482 465/465/465
f 447/447/447 465/465/465 466/466/466
f 467/467/467 468/468/468 450/450/450
f 468/468/468 469/469/469 451/451/451
f 469/469/469 470/470/470 452/452/452
f 470/470/470 471/471/471 453/453/453
f 471/471/471 472/472/472 454/454/454
f 472/472/472 473/473/473 455/455/455
f 473/473/473 474/474/474 456/456/456
f 474/474/474 475/475/475 457/457/457
f 475/475/475 476/476/476 458/458/458
f 476/476/476 477/477/477 459/459/459
f 477/477/477 478/478/478 460/460/460
f 478/478/478 479/479/479 461/461/461
f 479/479/479 480/480/480 462/462/462
f 480/480/480 481/481/481 463/463/463
f 481/481/481 483/483/483 482/482/482
f 483/483/483 501/501/501 465/465/465
f 465/465/465 501/501/501 484/484/484
f 485/485/485 486/486/486 468/468/468
f 486/486/486 487/487/487 469/469/469
f 487/487/487 488/488/488 470/470/470
f 488/488/488 489/489/489 471/471/471
f 489/489/489 490/490/490 472/472/472
f 490/490/490 491/491/491 473/473/473
f 491/491/491 492/492/492 474/474/474
f 492/492/492 493/493/493 475/475/475
f 493/493/493 494/494/494 476/476/476
f 494/494/494 495/495/495 477/477/477
f 495/495/495 496/496/496 478/478/478
f 496/496/496 497/497/497 479/479/479
f 497/497/497 498/498/498 480/480/480
f 498/498/498 499/499/499 481/481/481
f 499/499/499 500/500/500 483/483/483
f 500/500/500 503/503/503 501/501/501
f 501/501/501 503/503/503 502/502/502
f 255/255/255 240/240/240 486/486/486
f 240/240/240 225/225/225 487/487/487
f 225/225/225 210/210/210 488/488/488
f 210/210/210 195/195/195 489/489/489
f 195/195/195 180/180/180 490/490/490
f 180/180/180 165/165/165 491/491/491
f 165/165/165 150/150/150 492/492/492
f 150/150/150 135/135/135 493/493/493
f 135/135/135 120/120/120 494/494/494
f 120/120/120 105/105/105 495/495/495
f 105/105/105 90/90/90 496/496/496
f 90/90/90 75/75/75 497/497/497
f 75/75/75 60/60/60 498/498/498
f 60/60/60 44/44/44 499/499/499
f 44/44/44 30/30/30 500/500/500
f 30/30/30 1/1/1 503/503/503
f 503/503/503 1/1/1 3/3/3
f 268/268/268 506/506/506 504/504/504
f 506/506/506 508/508/508 507/507/507
f 508/508/508 510/510/510 509/509/509
f 510/510/510 512/512/512 511/511/511
f 512/512/512 541/541/541 513/513/513
f 513/513/513 541/541/541 514/514/514
f 515/515/515 514/514/514 516/516/516
f 517/517/517 516/516/516 518/518/518
f 519/519/519 518/518/518 520/520/520
f 521/521/521 520/520/520 522/522/522
f 523/523/523 522/522/522 524/524/524
f 524/524/524 527/527/527 526/526/526
f 527/527/527 529/529/529 528/528/528
f 529/529/529 531/531/531 530/530/530
f 531/531/531 551/551/551 532/532/532
f 532/532/532 551/551/551 533/533/533
f 534/534/534 533/533/533 535/535/535
f 267/267/267 537/537/537 506/506/506
f 537/537/537 538/538/538 508/508/508
f 538/538/538 539/539/539 510/510/510
f 539/539/539 540/540/540 512/512/512
f 540/540/540 558/558/558 541/541/541
f 541/541/541 558/558/558 542/542/542
f 514/514/514 542/542/542 543/543/543
f 516/516/516 543/543/543 544/544/544
f 518/518/518 544/544/544 545/545/545
f 520/520/520 545/545/545 546/546/546
f 522/522/522 546/546/546 547/547/547
f 524/524/524 547/547/547 548/548/548
f 548/548/548 549/549/549 529/529/529
f 549/549/549 550/550/550 531/531/531
f 550/550/550 568/568/568 551/551/551
f 551/551/551 568/568/568 552/552/552
f 533/533/533 552/552/552 553/553/553
f 266/266/266 554/554/554 537/537/537
f 554/554/554 555/555/555 538/538/538
f 555/555/555 556/556/556 539/539/539
f 556/556/556 557/557/557 540/540/540
f 557/557/557 575/575/575 558/558/558
f 558/558/558 575/575/575 559/559/559
f 542/542/542 559/559/559 560/560/560
f 543/543/543 560/560/560 561/561/561
f 544/544/544 561/561/561 562/562/562
f 545/545/545 562/562/562 563/563/563
f 546/546/546 563/563/563 564/564/564
f 547/547/547 564/564/564 565/565/565
f 565/565/565 566/566/566 549/549/549
f 566/566/566 567/567/567 550/550/550
f 567/567/567 585/585/585 568/568/568
f 568/568/568 585/585/585 569/569/569
f 552/552/552 569/569/569 570/570/570
f 265/265/265 571/571/571 554/554/554
f 571/571/571 572/572/572 555/555/555
f 572/572/572 573/573/573 556/556/556
f 573/573/573 574/574/574 557/557/557
f 574/574/574 592/592/592 575/575/575
f 575/575/575 592/592/592 576/576/576
f 559/559/559 576/576/576 577/577/577
f 560/560/560 577/577/577 578/578/578
f 561/561/561 578/578/578 579/579/579
f 562/562/562 579/579/579 580/580/580
f 563/563/563 580/580/580 581/581/581
f 564/564/564 581/581/581 582/582/582
f 565/565/565 582/582/582 583/583/583
f 583/583/583 602/602/602 567/567/567
f 567/567/567 602/602/602 584/584/584
f 585/585/585 584/584/584 586/586/586
f 569/569/569 586/586/586 587/587/587
f 264/264/264 588/588/588 571/571/571
f 588/588/588 589/589/589 572/572/572
f 589/589/589 590/590/590 573/573/573
f 590/590/590 591/591/591 574/574/574
f 591/591/591 610/610/610 592/592/592
f 592/592/592 610/610/610 593/593/593
f 576/576/576 593/593/593 594/594/594
f 577/577/577 594/594/594 595/595/595
f 578/578/578 595/595/595 596/596/596
f 579/579/579 596/596/596 597/597/597
f 580/580/580 597/597/597 598/598/598
f 581/581/581 598/598/598 599/599/599
f 582/582/582 599/599/599 600/600/600
f 583/583/583 600/600/600 601/601/601
f 602/602/602 601/601/601 603/603/603
f 584/584/584 603/603/603 604/604/604
f 586/586/586 604/604/604 605/605/605
f 263/263/263 606/606/606 588/588/588
f 606/606/606 607/607/607 589/589/589
f 607/607/607 608/608/608 590/590/590
f 608/608/608 609/609/609 591/591/591
f 609/609/609 627/627/627 610/610/610
f 610/610/610 627/627/627 611/611/611
f 593/593/593 611/611/611 612/612/612
f 594/594/594 612/612/612 613/613/613
f 595/595/595 613/613/613 614/614/614
f 596/596/596 614/614/614 615/615/615
f 597/597/597 615/615/615 616/616/616
f 598/598/598 616/616/616 617/617/617
f 599/599/599 617/617/617 618/618/618
f 600/600/600 618/618/618 619/619/619
f 601/601/601 619/619/619 620/620/620
f 603/603/603 620/620/620 621/621/621
f 604/604/604 621/621/621 622/622/622
f 262/262/262 623/623/623 606/606/606
f 623/623/623 624/624/624 607/607/607
f 624/624/624 625/625/625 608/608/608
f 625/625/625 643/643/643 609/609/609
f 609/609/609 643/643/643 626/626/626
f 627/627/627 626/626/626 628/628/628
f 611/611/611 628/628/628 629/629/629
f 612/612/612 629/629/629 630/630/630
f 613/613/613 630/630/630 631/631/631
f 614/614/614 631/631/631 632/632/632
f 615/615/615 632/632/632 633/633/633
f 616/616/616 633/633/633 634/634/634
f 617/617/617 634/634/634 635/635/635
f 618/618/618 635/635/635 636/636/636
f 619/619/619 636/636/636 637/637/637
f 620/620/620 637/637/637 638/638/638
f 621/621/621 638/638/638 639/639/639
f 261/261/261 640/640/640 623/623/623
f 640/640/640 641/641/641 624/624/624
f 641/641/641 659/659/659 625/625/625
f 625/625/625 659/659/659 642/642/642
f 643/643/643 642/642/642 644/644/644
f 626/626/626 644/644/644 645/645/645
f 628/628/628 645/645/645 646/646/646
f 629/629/629 646/646/646 647/647/647
f 630/630/630 647/647/647 648/648/648
f 631/631/631 648/648/648 649/649/649
f 632/632/632 649/649/649 650/650/650
f 633/633/633 650/650/650 651/651/651
f 634/634/634 651/651/651 652/652/652
f 635/635/635 652/652/652 653/653/653
f 636/636/636 653/653/653 654/654/654
f 637/637/637 654/654/654 655/655/655
f 638/638/638 655/655/655 656/656/656
f 260/260/260 657/657/657 640/640/640
f 657/657/657 675/675/675 641/641/641
f 641/641/641 675/675/675 658/658/658
f 659/659/659 658/658/658 660/660/660
f 642/642/642 660/660/660 661/661/661
f 644/644/644 661/661/661 662/662/662
f 645/645/645 662/662/662 663/663/663
f 646/646/646 663/663/663 664/664/664
f 647/647/647 664/664/664 665/665/665
f 648/648/648 665/665/665 666/666/666
f 649/649/649 666/666/666 667/667/667
f 650/650/650 667/667/667 668/668/668
f 651/651/651 668/668/668 669/669/669
f 652/652/652 669/669/669 670/670/670
f 653/653/653 670/670/670 671/671/671
f 654/654/654 671/671/671 672/672/672
f 655/655/655 672/672/672 673/673/673
f 259/259/259 674/674/674 657/657/657
f 674/674/674 693/693/693 675/675/675
f 675/675/675 693/693/693 676/676/676
f 658/658/658 676/676/676 677/677/677
f 660/660/660 677/677/677 678/678/678
f 661/661/661 678/678/678 679/679/679
f 662/662/662 679/679/679 680/680/680
f 663/663/663 680/680/680 681/681/681
f 664/664/664 681/681/681 682/682/682
f 665/665/665 682/682/682 683/683/683
f 666/666/666 683/683/683 684/684/684
f 667/667/667 684/684/684 685/685/685
f 668/668/668 685/685/685 686/686/686
f 669/669/669 686/686/686 687/687/687
f 670/670/670 687/687/687 688/688/688
f 671/671/671 688/688/688 689/689/689
f 672/672/672 689/689/689 690/690/690
f 259/259/259 258/258/258 691/691/691
f 674/674/674 691/691/691 692/692/692
f 693/693/693 692/692/692 694/694/694
f 676/676/676 694/694/694 695/695/695
f 677/677/677 695/695/695 696/696/696
f 678/678/678 696/696/696 697/697/697
f 679/679/679 697/697/697 698/698/698
f 680/680/680 698/698/698 699/699/699
f 681/681/681 699/699/699 700/700/700
f 682/682/682 700/700/700 701/701/701
f 683/683/683 701/701/701 702/702/702
f 684/684/684 702/702/702 703/703/703
f 685/685/685 703/703/703 704/704/704
f 686/686/686 704/704/704 705/705/705
f 687/687/687 705/705/705 706/706/706
f 688/688/688 706/706/706 707/707/707
f 689/689/689 707/707/707 708/708/708
f 258/258/258 257/257/257 709/709/709
f 691/691/691 709/709/709 710/710/710
f 692/692/692 710/710/710 711/711/711
f 694/694/694 711/711/711 712/712/712
f 695/695/695 712/712/712 713/713/713
f 696/696/696 713/713/713 714/714/714
f 697/697/697 714/714/714 715/715/715
f 698/698/698 715/715/715 716/716/716
f 699/699/699 716/716/716 717/717/717
f 700/700/700 717/717/717 718/718/718
f 701/701/701 718/718/718 719/719/719
f 702/702/702 719/719/719 720/720/720
f 703/703/703 720/720/720 721/721/721
f 704/704/704 721/721/721 722/722/722
f 705/705/705 722/722/722 723/723/723
f 706/706/706 723/723/723 724/724/724
f 707/707/707 724/724/724 725/725/725
f 257/257/257 256/256/256 726/726/726
f 709/709/709 726/726/726 727/727/727
f 710/710/710 727/727/727 728/728/728
f 711/711/711 728/728/728 729/729/729
f 712/712/712 729/729/729 730/730/730
f 713/713/713 730/730/730 731/731/731
f 714/714/714 731/731/731 732/732/732
f 715/715/715 732/732/732 733/733/733
f 716/716/716 733/733/733 734/734/734
f 717/717/717 734/734/734 735/735/735
f 718/718/718 735/735/735 736/736/736
f 719/719/719 736/736/736 737/737/737
f 720/720/720 737/737/737 738/738/738
f 721/721/721 738/738/738 739/739/739
f 722/722/722 739/739/739 740/740/740
f 723/723/723 740/740/740 741/741/741
f 724/724/724 741/741/741 742/742/742
f 256/256/256 255/255/255 743/743/743
f 726/726/726 743/743/743 744/744/744
f 727/727/727 744/744/744 745/745/745
f 728/728/728 745/745/745 746/746/746
f 729/729/729 746/746/746 747/747/747
f 730/730/730 747/747/747 748/748/748
f 731/731/731 748/748/748 749/749/749
f 732/732/732 749/749/749 750/750/750
f 733/733/733 750/750/750 751/751/751
f 734/734/734 751/751/751 752/752/752
f 735/735/735 752/752/752 753/753/753
f 736/736/736 753/753/753 754/754/754
f 737/737/737 754/754/754 755/755/755
f 738/738/738 755/755/755 756/756/756
f 739/739/739 756/756/756 757/757/757
f 740/740/740 757/757/757 758/758/758
f 741/741/741 758/758/758 759/759/759
f 759/759/759 758/758/758 760/760/760
f 761/761/761 760/760/760 762/762/762
f 763/763/763 762/762/762 764/764/764
f 765/765/765 764/764/764 766/766/766
f 767/767/767 766/766/766 768/768/768
f 769/769/769 768/768/768 770/770/770
f 771/771/771 770/770/770 772/772/772
f 773/773/773 772/772/772 774/774/774
f 775/775/775 774/774/774 776/776/776
f 777/777/777 776/776/776 778/778/778
f 779/779/779 778/778/778 780/780/780
f 781/781/781 780/780/780 782/782/782
f 783/783/783 782/782/782 784/784/784
f 758/758/758 757/757/757 786/786/786
f 760/760/760 786/786/786 787/787/787
f 762/762/762 787/787/787 788/788/788
f 764/764/764 788/788/788 789/789/789
f 766/766/766 789/789/789 790/790/790
f 768/768/768 790/790/790 791/791/791
f 770/770/770 791/791/791 792/792/792
f 772/772/772 792/792/792 793/793/793
f 774/774/774 793/793/793 794/794/794
f 776/776/776 794/794/794 795/795/795
f 778/778/778 795/795/795 796/796/796
f 780/780/780 796/796/796 797/797/797
f 782/782/782 797/797/797 798/798/798
f 757/757/757 756/756/756 799/799/799
f 786/786/786 799/799/799 800/800/800
f 787/787/787 800/800/800 801/801/801
f 788/788/788 801/801/801 802/802/802
f 789/789/789 802/802/802 803/803/803
f 790/790/790 803/803/803 804/804/804
f 791/791/791 804/804/804 805/805/805
f 792/792/792 805/805/805 806/806/806
f 793/793/793 806/806/806 807/807/807
f 794/794/794 807/807/807 808/808/808
f 808/808/808 809/809/809 796/796/796
f 809/809/809 810/810/810 797/797/797
f 810/810/810 823/823/823 798/798/798
f 756/756/756 755/755/755 811/811/811
f 799/799/799 811/811/811 812/812/812
f 800/800/800 812/812/812 813/813/813
f 801/801/801 813/813/813 814/814/814
f 802/802/802 814/814/814 815/815/815
f 803/803/803 815/815/815 816/816/816
f 804/804/804 816/816/816 817/817/817
f 805/805/805 817/817/817 818/818/818
f 806/806/806 818/818/818 819/819/819
f 807/807/807 819/819/819 820/820/820
f 820/820/820 821/821/821 809/809/809
f 821/821/821 822/822/822 810/810/810
f 822/822/822 836/836/836 823/823/823
f 755/755/755 754/754/754 824/824/824
f 811/811/811 824/824/824 825/825/825
f 812/812/812 825/825/825 826/826/826
f 813/813/813 826/826/826 827/827/827
f 814/814/814 827/827/827 828/828/828
f 815/815/815 828/828/828 829/829/829
f 816/816/816 829/829/829 830/830/830
f 817/817/817 830/830/830 831/831/831
f 818/818/818 831/831/831 832/832/832
f 819/819/819 832/832/832 833/833/833
f 820/820/820 833/833/833 834/834/834
f 834/834/834 835/835/835 822/822/822
f 835/835/835 849/849/849 836/836/836
f 754/754/754 753/753/753 837/837/837
f 824/824/824 837/837/837 838/838/838
f 825/825/825 838/838/838 839/839/839
f 826/826/826 839/839/839 840/840/840
f 827/827/827 840/840/840 841/841/841
f 828/828/828 841/841/841 842/842/842
f 829/829/829 842/842/842 843/843/843
f 830/830/830 843/843/843 844/844/844
f 831/831/831 844/844/844 845/845/845
f 832/832/832 845/845/845 846/846/846
f 833/833/833 846/846/846 847/847/847
f 834/834/834 847/847/847 848/848/848
f 848/848/848 863/863/863 849/849/849
f 753/753/753 752/752/752 850/850/850
f 837/837/837 850/850/850 851/851/851
f 838/838/838 851/851/851 852/852/852
f 839/839/839 852/852/852 853/853/853
f 840/840/840 853/853/853 854/854/854
f 841/841/841 854/854/854 855/855/855
f 842/842/842 855/855/855 856/856/856
f 843/843/843 856/856/856 857/857/857
f 844/844/844 857/857/857 858/858/858
f 845/845/845 858/858/858 859/859/859
f 846/846/846 859/859/859 860/860/860
f 847/847/847 860/860/860 861/861/861
f 848/848/848 861/861/861 862/862/862
f 752/752/752 751/751/751 864/864/864
f 850/850/850 864/864/864 865/865/865
f 851/851/851 865/865/865 866/866/866
f 852/852/852 866/866/866 867/867/867
f 853/853/853 867/867/867 868/868/868
f 854/854/854 868/868/868 869/869/869
f 855/855/855 869/869/869 870/870/870
f 856/856/856 870/870/870 871/871/871
f 857/857/857 871/871/871 872/872/872
f 858/858/858 872/872/872 873/873/873
f 859/859/859 873/873/873 874/874/874
f 860/860/860 874/874/874 875/875/875
f 861/861/861 875/875/875 876/876/876
f 751/751/751 750/750/750 877/877/877
f 864/864/864 877/877/877 878/878/878
f 865/865/865 878/878/878 879/879/879
f 866/866/866 879/879/879 880/880/880
f 867/867/867 880/880/880 881/881/881
f 868/868/868 881/881/881 882/882/882
f 869/869/869 882/882/882 883/883/883
f 870/870/870 883/883/883 884/884/884
f 871/871/871 884/884/884 885/885/885
f 872/872/872 885/885/885 886/886/886
f 873/873/873 886/886/886 887/887/887
f 874/874/874 887/887/887 888/888/888
f 875/875/875 888/888/888 889/889/889
f 750/750/750 749/749/749 890/890/890
f 877/877/877 890/890/890 891/891/891
f 878/878/878 891/891/891 892/892/892
f 879/879/879 892/892/892 893/893/893
f 880/880/880 893/893/893 894/894/894
f 881/881/881 894/894/894 895/895/895
f 882/882/882 895/895/895 896/896/896
f 883/883/883 896/896/896 897/897/897
f 884/884/884 897/897/897 898/898/898
f 885/885/885 898/898/898 899/899/899
f 886/886/886 899/899/899 900/900/900
f 887/887/887 900/900/900 901/901/901
f 888/888/888 901/901/901 902/902/902
f 749/749/749 748/748/748 903/903/903
f 890/890/890 903/903/903 904/904/904
f 891/891/891 904/904/904 905/905/905
f 892/892/892 905/905/905 906/906/906
f 893/893/893 906/906/906 907/907/907
f 894/894/894 907/907/907 908/908/908
f 895/895/895 908/908/908 909/909/909
f 896/896/896 909/909/909 910/910/910
f 897/897/897 910/910/910 911/911/911
f 898/898/898 911/911/911 912/912/912
f 899/899/899 912/912/912 913/913/913
f 900/900/900 913/913/913 914/914/914
f 901/901/901 914/914/914 915/915/915
f 748/748/748 747/747/747 916/916/916
f 903/903/903 916/916/916 917/917/917
f 904/904/904 917/917/917 918/918/918
f 905/905/905 918/918/918 919/919/919
f 906/906/906 919/919/919 920/920/920
f 907/907/907 920/920/920 921/921/921
f 908/908/908 921/921/921 922/922/922
f 909/909/909 922/922/922 923/923/923
f 910/910/910 923/923/923 924/924/924
f 911/911/911 924/924/924 925/925/925
f 912/912/912 925/925/925 926/926/926
f 913/913/913 926/926/926 927/927/927
f 914/914/914 927/927/927 928/928/928
f 747/747/747 746/746/746 929/929/929
f 916/916/916 929/929/929 930/930/930
f 917/917/917 930/930/930 931/931/931
f 918/918/918 931/931/931 932/932/932
f 919/919/919 932/932/932 933/933/933
f 920/920/920 933/933/933 934/934/934
f 921/921/921 934/934/934 935/935/935
f 922/922/922 935/935/935 936/936/936
f 936/936/936 937/937/937 924/924/924
f 937/937/937 938/938/938 925/925/925
f 938/938/938 939/939/939 926/926/926
f 939/939/939 940/940/940 927/927/927
f 940/940/940 953/953/953 928/928/928
f 746/746/746 745/745/745 941/941/941
f 929/929/929 941/941/941 942/942/942
f 930/930/930 942/942/942 943/943/943
f 931/931/931 943/943/943 944/944/944
f 932/932/932 944/944/944 945/945/945
f 933/933/933 945/945/945 946/946/946
f 946/946/946 947/947/947 935/935/935
f 947/947/947 948/948/948 936/936/936
f 948/948/948 949/949/949 937/937/937
f 949/949/949 950/950/950 938/938/938
f 950/950/950 951/951/951 939/939/939
f 951/951/951 952/952/952 940/940/940
f 952/952/952 966/966/966 953/953/953
f 745/745/745 744/744/744 954/954/954
f 941/941/941 954/954/954 955/955/955
f 942/942/942 955/955/955 956/956/956
f 943/943/943 956/956/956 957/957/957
f 944/944/944 957/957/957 958/958/958
f 958/958/958 959/959/959 946/946/946
f 959/959/959 960/960/960 947/947/947
f 960/960/960 961/961/961 948/948/948
f 961/961/961 962/962/962 949/949/949
f 962/962/962 963/963/963 950/950/950
f 963/963/963 964/964/964 951/951/951
f 964/964/964 965/965/965 952/952/952
f 965/965/965 979/979/979 966/966/966
f 744/744/744 743/743/743 967/967/967
f 954/954/954 967/967/967 968/968/968
f 955/955/955 968/968/968 969/969/969
f 956/956/956 969/969/969 970/970/970
f 970/970/970 971/971/971 958/958/958
f 971/971/971 972/972/972 959/959/959
f 972/972/972 973/973/973 960/960/960
f 973/973/973 974/974/974 961/961/961
f 974/974/974 975/975/975 962/962/962
f 975/975/975 976/976/976 963/963/963
f 976/976/976 977/977/977 964/964/964
f 977/977/977 978/978/978 965/965/965
f 978/978/978 980/980/980 979/979/979
f 743/743/743 255/255/255 485/485/485
f 967/967/967 485/485/485 467/467/467
f 968/968/968 467/467/467 449/449/449
f 449/449/449 431/431/431 970/970/970
f 431/431/431 413/413/413 971/971/971
f 413/413/413 395/395/395 972/972/972
f 395/395/395 377/377/377 973/973/973
f 377/377/377 359/359/359 974/974/974
f 359/359/359 341/341/341 975/975/975
f 341/341/341 323/323/323 976/976/976
f 323/323/323 305/305/305 977/977/977
f 305/305/305 270/270/270 978/978/978
f 270/270/270 272/272/272 980/980/980
f 981/981/981 984/984/984 982/982/982
f 984/984/984 986/986/986 985/985/985
f 986/986/986 988/988/988 987/987/987
f 988/988/988 990/990/990 989/989/989
f 990/990/990 992/992/992 991/991/991
f 992/992/992 994/994/994 993/993/993
f 994/994/994 996/996/996 995/995/995
f 996/996/996 998/998/998 997/997/997
f 998/998/998 1000/1000/1000 999/999/999
f 1000/1000/1000 1002/1002/1002 1001/1001/1001
f 1002/1002/1002 1004/1004/1004 1003/1003/1003
f 1004/1004/1004 1006/1006/1006 1005/1005/1005
f 1006/1006/1006 1008/1008/1008 1007/1007/1007
f 1008/1008/1008 1024/1024/302 1009/1009/304
f 1010/1010/1009 1011/1011/1010 984/984/984
f 1011/1011/1010 1012/1012/1011 986/986/986
f 1012/1012/1011 1013/1013/1012 988/988/988
f 1013/1013/1012 1014/1014/1013 990/990/990
f 1014/1014/1013 1015/1015/1014 992/992/992
f 1015/1015/1014 1016/1016/1015 994/994/994
f 1016/1016/1015 1017/1017/1016 996/996/996
f 1017/1017/1016 1018/1018/1017 998/998/998
f 1018/1018/1017 1019/1019/1018 1000/1000/1000
f 1019/1019/1018 1020/1020/1019 1002/1002/1002
f 1020/1020/1019 1021/1021/1020 1004/1004/1004
f 1021/1021/1020 1022/1022/1021 1006/1006/1006
f 1022/1022/1021 1023/1023/1022 1008/1008/1008
f 1023/1023/1022 1039/1039/300 1024/1024/302
f 1025/1025/1023 1026/1026/1024 1011/1011/1010
f 1026/1026/1024 1027/1027/1025 1012/1012/1011
f 1027/1027/1025 1028/1028/1026 1013/1013/1012
f 1028/1028/1026 1029/1029/1027 1014/1014/1013
f 1029/1029/1027 1030/1030/1028 1015/1015/1014
f 1030/1030/1028 1031/1031/1029 1016/1016/1015
f 1031/1031/1029 1032/1032/1030 1017/1017/1016
f 1032/1032/1030 1033/1033/1031 1018/1018/1017
f 1033/1033/1031 1034/1034/1032 1019/1019/1018
f 1034/1034/1032 1035/1035/1033 1020/1020/1019
f 1035/1035/1033 1036/1036/1034 1021/1021/1020
f 1036/1036/1034 1037/1037/1035 1022/1022/1021
f 1037/1037/1035 1038/1038/1036 1023/1023/1022
f 1038/1038/1036 1054/1054/298 1039/1039/300
f 1040/1040/1037 1041/1041/1038 1026/1026/1024
f 1041/1041/1038 1042/1042/1039 1027/1027/1025
f 1042/1042/1039 1043/1043/1040 1028/1028/1026
f 1043/1043/1040 1044/1044/1041 1029/1029/1027
f 1044/1044/1041 1045/1045/1042 1030/1030/1028
f 1045/1045/1042 1046/1046/1043 1031/1031/1029
f 1046/1046/1043 1047/1047/1044 1032/1032/1030
f 1047/1047/1044 1048/1048/1045 1033/1033/1031
f 1048/1048/1045 1049/1049/1046 1034/1034/1032
f 1049/1049/1046 1050/1050/1047 1035/1035/1033
f 1050/1050/1047 1051/1051/1048 1036/1036/1034
f 1051/1051/1048 1052/1052/1049 1037/1037/1035
f 1052/1052/1049 1053/1053/1050 1038/1038/1036
f 1053/1053/1050 1069/1069/1065 1054/1054/298
f 1055/1055/1051 1056/1056/1052 1041/1041/1038
f 1056/1056/1052 1057/1057/1053 1042/1042/1039
f 1057/1057/1053 1058/1058/1054 1043/1043/1040
f 1058/1058/1054 1059/1059/1055 1044/1044/1041
f 1059/1059/1055 1060/1060/1056 1045/1045/1042
f 1060/1060/1056 1061/1061/1057 1046/1046/1043
f 1061/1061/1057 1062/1062/1058 1047/1047/1044
f 1062/1062/1058 1063/1063/1059 1048/1048/1045
f 1063/1063/1059 1064/1064/1060 1049/1049/1046
f 1064/1064/1060 1065/1065/1061 1050/1050/1047
f 1065/1065/1061 1066/1066/1062 1051/1051/1048
f 1066/1066/1062 1067/1067/1063 1052/1052/1049
f 1067/1067/1063 1068/1068/1064 1053/1053/1050
f 1068/1068/1064 1084/1084/294 1069/1069/1065
f 1070/1070/1066 1071/1071/1067 1056/1056/1052
f 1071/1071/1067 1072/1072/1068 1057/1057/1053
f 1072/1072/1068 1073/1073/1069 1058/1058/1054
f 1073/1073/1069 1074/1074/1070 1059/1059/1055
f 1074/1074/1070 1075/1075/1071 1060/1060/1056
f 1075/1075/1071 1076/1076/1072 1061/1061/1057
f 1076/1076/1072 1077/1077/1073 1062/1062/1058
f 1077/1077/1073 1078/1078/1074 1063/1063/1059
f 1078/1078/1074 1079/1079/1075 1064/1064/1060
f 1079/1079/1075 1080/1080/1076 1065/1065/1061
f 1080/1080/1076 1081/1081/1077 1066/1066/1062
f 1081/1081/1077 1082/1082/1078 1067/1067/1063
f 1082/1082/1078 1083/1083/1079 1068/1068/1064
f 1083/1083/1079 1099/1099/1094 1084/1084/294
f 1085/1085/1080 1086/1086/1081 1071/1071/1067
f 1086/1086/1081 1087/1087/1082 1072/1072/1068
f 1087/1087/1082 1088/1088/1083 1073/1073/1069
f 1088/1088/1083 1089/1089/1084 1074/1074/1070
f 1089/1089/1084 1090/1090/1085 1075/1075/1071
f 1090/1090/1085 1091/1091/1086 1076/1076/1072
f 1091/1091/1086 1092/1092/1087 1077/1077/1073
f 1092/1092/1087 1093/1093/1088 1078/1078/1074
f 1093/1093/1088 1094/1094/1089 1079/1079/1075
f 1094/1094/1089 1095/1095/1090 1080/1080/1076
f 1095/1095/1090 1096/1096/1091 1081/1081/1077
f 1096/1096/1091 1097/1097/1092 1082/1082/1078
f 1097/1097/1092 1098/1098/1093 1083/1083/1079
f 1098/1098/1093 1114/1114/1109 1099/1099/1094
f 1100/1100/1095 1101/1101/1096 1086/1086/1081
f 1101/1101/1096 1102/1102/1097 1087/1087/1082
f 1102/1102/1097 1103/1103/1098 1088/1088/1083
f 1103/1103/1098 1104/1104/1099 1089/1089/1084
f 1104/1104/1099 1105/1105/1100 1090/1090/1085
f 1105/1105/1100 1106/1106/1101 1091/1091/1086
f 1106/1106/1101 1107/1107/1102 1092/1092/1087
f 1107/1107/1102 1108/1108/1103 1093/1093/1088
f 1108/1108/1103 1109/1109/1104 1094/1094/1089
f 1109/1109/1104 1110/1110/1105 1095/1095/1090
f 1110/1110/1105 1111/1111/1106 1096/1096/1091
f 1111/1111/1106 1112/1112/1107 1097/1097/1092
f 1112/1112/1107 1113/1113/1108 1098/1098/1093
f 1113/1113/1108 1129/1129/1124 1114/1114/1109
f 1115/1115/1110 1116/1116/1111 1101/1101/1096
f 1116/1116/1111 1117/1117/1112 1102/1102/1097
f 1117/1117/1112 1118/1118/1113 1103/1103/1098
f 1118/1118/1113 1119/1119/1114 1104/1104/1099
f 1119/1119/1114 1120/1120/1115 1105/1105/1100
f 1120/1120/1115 1121/1121/1116 1106/1106/1101
f 1121/1121/1116 1122/1122/1117 1107/1107/1102
f 1122/1122/1117 1123/1123/1118 1108/1108/1103
f 1123/1123/1118 1124/1124/1119 1109/1109/1104
f 1124/1124/1119 1125/1125/1120 1110/1110/1105
f 1125/1125/1120 1126/1126/1121 1111/1111/1106
f 1126/1126/1121 1127/1127/1122 1112/1112/1107
f 1127/1127/1122 1128/1128/1123 1113/1113/1108
f 1128/1128/1123 1144/1144/1139 1129/1129/1124
f 1130/1130/1125 1131/1131/1126 1116/1116/1111
f 1131/1131/1126 1132/1132/1127 1117/1117/1112
f 1132/1132/1127 1133/1133/1128 1118/1118/1113
f 1133/1133/1128 1134/1134/1129 1119/1119/1114
f 1134/1134/1129 1135/1135/1130 1120/1120/1115
f 1135/1135/1130 1136/1136/1131 1121/1121/1116
f 1136/1136/1131 1137/1137/1132 1122/1122/1117
f 1137/1137/1132 1138/1138/1133 1123/1123/1118
f 1138/1138/1133 1139/1139/1134 1124/1124/1119
f 1139/1139/1134 1140/1140/1135 1125/1125/1120
f 1140/1140/1135 1141/1141/1136 1126/1126/1121
f 1141/1141/1136 1142/1142/1137 1127/1127/1122
f 1142/1142/1137 1143/1143/1138 1128/1128/1123
f 1143/1143/1138 1159/1159/1154 1144/1144/1139
f 1145/1145/1140 1146/1146/1141 1131/1131/1126
f 1146/1146/1141 1147/1147/1142 1132/1132/1127
f 1147/1147/1142 1148/1148/1143 1133/1133/1128
f 1148/1148/1143 1149/1149/1144 1134/1134/1129
f 1149/1149/1144 1150/1150/1145 1135/1135/1130
f 1150/1150/1145 1151/1151/1146 1136/1136/1131
f 1151/1151/1146 1152/1152/1147 1137/1137/1132
f 1152/1152/1147 1153/1153/1148 1138/1138/1133
f 1153/1153/1148 1154/1154/1149 1139/1139/1134
f 1154/1154/1149 1155/1155/1150 1140/1140/1135
f 1155/1155/1150 1156/1156/1151 1141/1141/1136
f 1156/1156/1151 1157/1157/1152 1142/1142/1137
f 1157/1157/1152 1158/1158/1153 1143/1143/1138
f 1158/1158/1153 1174/1174/1169 1159/1159/1154
f 1160/1160/1155 1161/1161/1156 1146/1146/1141
f 1161/1161/1156 1162/1162/1157 1147/1147/1142
f 1162/1162/1157 1163/1163/1158 1148/1148/1143
f 1163/1163/1158 1164/1164/1159 1149/1149/1144
f 1164/1164/1159 1165/1165/1160 1150/1150/1145
f 1165/1165/1160 1166/1166/1161 1151/1151/1146
f 1166/1166/1161 1167/1167/1162 1152/1152/1147
f 1167/1167/1162 1168/1168/1163 1153/1153/1148
f 1168/1168/1163 1169/1169/1164 1154/1154/1149
f 1169/1169/1164 1170/1170/1165 1155/1155/1150
f 1170/1170/1165 1171/1171/1166 1156/1156/1151
f 1171/1171/1166 1172/1172/1167 1157/1157/1152
f 1172/1172/1167 1173/1173/1168 1158/1158/1153
f 1173/1173/1168 1189/1189/1184 1174/1174/1169
f 1175/1175/1170 1176/1176/1171 1161/1161/1156
f 1176/1176/1171 1177/1177/1172 1162/1162/1157
f 1177/1177/1172 1178/1178/1173 1163/1163/1158
f 1178/1178/1173 1179/1179/1174 1164/1164/1159
f 1179/1179/1174 1180/1180/1175 1165/1165/1160
f 1180/1180/1175 1181/1181/1176 1166/1166/1161
f 1181/1181/1176 1182/1182/1177 1167/1167/1162
f 1182/1182/1177 1183/1183/1178 1168/1168/1163
f 1183/1183/1178 1184/1184/1179 1169/1169/1164
f 1184/1184/1179 1185/1185/1180 1170/1170/1165
f 1185/1185/1180 1186/1186/1181 1171/1171/1166
f 1186/1186/1181 1187/1187/1182 1172/1172/1167
f 1187/1187/1182 1188/1188/1183 1173/1173/1168
f 1188/1188/1183 1204/1204/1199 1189/1189/1184
f 1190/1190/1185 1191/1191/1186 1176/1176/1171
f 1191/1191/1186 1192/1192/1187 1177/1177/1172
f 1192/1192/1187 1193/1193/1188 1178/1178/1173
f 1193/1193/1188 1194/1194/1189 1179/1179/1174
f 1194/1194/1189 1195/1195/1190 1180/1180/1175
f 1195/1195/1190 1196/1196/1191 1181/1181/1176
f 1196/1196/1191 1197/1197/1192 1182/1182/1177
f 1197/1197/1192 1198/1198/1193 1183/1183/1178
f 1198/1198/1193 1199/1199/1194 1184/1184/1179
f 1199/1199/1194 1200/1200/1195 1185/1185/1180
f 1200/1200/1195 1201/1201/1196 1186/1186/1181
f 1201/1201/1196 1202/1202/1197 1187/1187/1182
f 1202/1202/1197 1203/1203/1198 1188/1188/1183
f 1203/1203/1198 1219/1219/276 1204/1204/1199
f 1205/1205/1200 1206/1206/1201 1191/1191/1186
f 1206/1206/1201 1207/1207/1202 1192/1192/1187
f 1207/1207/1202 1208/1208/1203 1193/1193/1188
f 1208/1208/1203 1209/1209/1204 1194/1194/1189
f 1209/1209/1204 1210/1210/1205 1195/1195/1190
f 1210/1210/1205 1211/1211/1206 1196/1196/1191
f 1211/1211/1206 1212/1212/1207 1197/1197/1192
f 1212/1212/1207 1213/1213/1208 1198/1198/1193
f 1213/1213/1208 1214/1214/1209 1199/1199/1194
f 1214/1214/1209 1215/1215/1210 1200/1200/1195
f 1215/1215/1210 1216/1216/1211 1201/1201/1196
f 1216/1216/1211 1217/1217/1212 1202/1202/1197
f 1217/1217/1212 1218/1218/1213 1203/1203/1198
f 1218/1218/1213 1234/1234/274 1219/1219/276
f 1220/1220/1214 1221/1221/1215 1206/1206/1201
f 1221/1221/1215 1222/1222/1216 1207/1207/1202
f 1222/1222/1216 1223/1223/1217 1208/1208/1203
f 1223/1223/1217 1224/1224/1218 1209/1209/1204
f 1224/1224/1218 1225/1225/1219 1210/1210/1205
f 1225/1225/1219 1226/1226/1220 1211/1211/1206
f 1226/1226/1220 1227/1227/1221 1212/1212/1207
f 1227/1227/1221 1228/1228/1222 1213/1213/1208
f 1228/1228/1222 1229/1229/1223 1214/1214/1209
f 1229/1229/1223 1230/1230/1224 1215/1215/1210
f 1230/1230/1224 1231/1231/1225 1216/1216/1211
f 1231/1231/1225 1232/1232/1226 1217/1217/1212
f 1232/1232/1226 1233/1233/1227 1218/1218/1213
f 1233/1233/1227 1249/1249/1242 1234/1234/274
f 1235/1235/1228 1236/1236/1229 1221/1221/1215
f 1236/1236/1229 1237/1237/1230 1222/1222/1216
f 1237/1237/1230 1238/1238/1231 1223/1223/1217
f 1238/1238/1231 1239/1239/1232 1224/1224/1218
f 1239/1239/1232 1240/1240/1233 1225/1225/1219
f 1240/1240/1233 1241/1241/1234 1226/1226/1220
f 1241/1241/1234 1242/1242/1235 1227/1227/1221
f 1242/1242/1235 1243/1243/1236 1228/1228/1222
f 1243/1243/1236 1244/1244/1237 1229/1229/1223
f 1244/1244/1237 1245/1245/1238 1230/1230/1224
f 1245/1245/1238 1246/1246/1239 1231/1231/1225
f 1246/1246/1239 1247/1247/1240 1232/1232/1226
f 1247/1247/1240 1248/1248/1241 1233/1233/1227
f 1248/1248/1241 1485/1485/272 1249/1249/1242
f 1250/1250/1243 1253/1253/1245 1251/1251/269
f 1253/1253/1245 1255/1255/1246 1254/1254/254
f 1255/1255/1246 1257/1257/1247 1256/1256/239
f 1257/1257/1247 1259/1259/1248 1258/1258/224
f 1259/1259/1248 1261/1261/1250 1260/1260/1249
f 1261/1261/1250 1263/1263/1251 1262/1262/194
f 1263/1263/1251 1265/1265/1253 1264/1264/1252
f 1265/1265/1253 1267/1267/1255 1266/1266/1254
f 1267/1267/1255 1269/1269/1257 1268/1268/1256
f 1269/1269/1257 1271/1271/1258 1270/1270/134
f 1271/1271/1258 1273/1273/1259 1272/1272/119
f 1273/1273/1259 1275/1275/1260 1274/1274/104
f 1275/1275/1260 1277/1277/1261 1276/1276/89
f 1277/1277/1261 1279/1279/1263 1278/1278/1262
f 1279/1279/1263 1281/1281/1264 1280/1280/59
f 1281/1281/1264 1283/1283/1265 1282/1282/28
f 1283/1283/1265 1302/1302/1283 1284/1284/29
f 1285/1285/1266 1286/1286/1267 1253/1253/1245
f 1286/1286/1267 1287/1287/1268 1255/1255/1246
f 1287/1287/1268 1288/1288/1269 1257/1257/1247
f 1288/1288/1269 1289/1289/1270 1259/1259/1248
f 1289/1289/1270 1290/1290/1271 1261/1261/1250
f 1290/1290/1271 1291/1291/1272 1263/1263/1251
f 1291/1291/1272 1292/1292/1273 1265/1265/1253
f 1292/1292/1273 1293/1293/1274 1267/1267/1255
f 1293/1293/1274 1294/1294/1275 1269/1269/1257
f 1294/1294/1275 1295/1295/1276 1271/1271/1258
f 1295/1295/1276 1296/1296/1277 1273/1273/1259
f 1296/1296/1277 1297/1297/1278 1275/1275/1260
f 1297/1297/1278 1298/1298/1279 1277/1277/1261
f 1298/1298/1279 1299/1299/1280 1279/1279/1263
f 1299/1299/1280 1300/1300/1281 1281/1281/1264
f 1300/1300/1281 1301/1301/1282 1283/1283/1265
f 1301/1301/1282 1320/1320/1301 1302/1302/1283
f 1303/1303/1284 1304/1304/1285 1286/1286/1267
f 1304/1304/1285 1305/1305/1286 1287/1287/1268
f 1305/1305/1286 1306/1306/1287 1288/1288/1269
f 1306/1306/1287 1307/1307/1288 1289/1289/1270
f 1307/1307/1288 1308/1308/1289 1290/1290/1271
f 1308/1308/1289 1309/1309/1290 1291/1291/1272
f 1309/1309/1290 1310/1310/1291 1292/1292/1273
f 1310/1310/1291 1311/1311/1292 1293/1293/1274
f 1311/1311/1292 1312/1312/1293 1294/1294/1275
f 1312/1312/1293 1313/1313/1294 1295/1295/1276
f 1313/1313/1294 1314/1314/1295 1296/1296/1277
f 1314/1314/1295 1315/1315/1296 1297/1297/1278
f 1315/1315/1296 1316/1316/1297 1298/1298/1279
f 1316/1316/1297 1317/1317/1298 1299/1299/1280
f 1317/1317/1298 1318/1318/1299 1300/1300/1281
f 1318/1318/1299 1319/1319/1300 1301/1301/1282
f 1319/1319/1300 1338/1338/1319 1320/1320/1301
f 1321/1321/1302 1322/1322/1303 1304/1304/1285
f 1322/1322/1303 1323/1323/1304 1305/1305/1286
f 1323/1323/1304 1324/1324/1305 1306/1306/1287
f 1324/1324/1305 1325/1325/1306 1307/1307/1288
f 1325/1325/1306 1326/1326/1307 1308/1308/1289
f 1326/1326/1307 1327/1327/1308 1309/1309/1290
f 1327/1327/1308 1328/1328/1309 1310/1310/1291
f 1328/1328/1309 1329/1329/1310 1311/1311/1292
f 1329/1329/1310 1330/1330/1311 1312/1312/1293
f 1330/1330/1311 1331/1331/1312 1313/1313/1294
f 1331/1331/1312 1332/1332/1313 1314/1314/1295
f 1332/1332/1313 1333/1333/1314 1315/1315/1296
f 1333/1333/1314 1334/1334/1315 1316/1316/1297
f 1334/1334/1315 1335/1335/1316 1317/1317/1298
f 1335/1335/1316 1336/1336/1317 1318/1318/1299
f 1336/1336/1317 1337/1337/1318 1319/1319/1300
f 1337/1337/1318 1356/1356/1337 1338/1338/1319
f 1339/1339/1320 1340/1340/1321 1322/1322/1303
f 1340/1340/1321 1341/1341/1322 1323/1323/1304
f 1341/1341/1322 1342/1342/1323 1324/1324/1305
f 1342/1342/1323 1343/1343/1324 1325/1325/1306
f 1343/1343/1324 1344/1344/1325 1326/1326/1307
f 1344/1344/1325 1345/1345/1326 1327/1327/1308
f 1345/1345/1326 1346/1346/1327 1328/1328/1309
f 1346/1346/1327 1347/1347/1328 1329/1329/1310
f 1347/1347/1328 1348/1348/1329 1330/1330/1311
f 1348/1348/1329 1349/1349/1330 1331/1331/1312
f 1349/1349/1330 1350/1350/1331 1332/1332/1313
f 1350/1350/1331 1351/1351/1332 1333/1333/1314
f 1351/1351/1332 1352/1352/1333 1334/1334/1315
f 1352/1352/1333 1353/1353/1334 1335/1335/1316
f 1353/1353/1334 1354/1354/1335 1336/1336/1317
f 1354/1354/1335 1355/1355/1336 1337/1337/1318
f 1355/1355/1336 1374/1374/1355 1356/1356/1337
f 1357/1357/1338 1358/1358/1339 1340/1340/1321
f 1358/1358/1339 1359/1359/1340 1341/1341/1322
f 1359/1359/1340 1360/1360/1341 1342/1342/1323
f 1360/1360/1341 1361/1361/1342 1343/1343/1324
f 1361/1361/1342 1362/1362/1343 1344/1344/1325
f 1362/1362/1343 1363/1363/1344 1345/1345/1326
f 1363/1363/1344 1364/1364/1345 1346/1346/1327
f 1364/1364/1345 1365/1365/1346 1347/1347/1328
f 1365/1365/1346 1366/1366/1347 1348/1348/1329
f 1366/1366/1347 1367/1367/1348 1349/1349/1330
f 1367/1367/1348 1368/1368/1349 1350/1350/1331
f 1368/1368/1349 1369/1369/1350 1351/1351/1332
f 1369/1369/1350 1370/1370/1351 1352/1352/1333
f 1370/1370/1351 1371/1371/1352 1353/1353/1334
f 1371/1371/1352 1372/1372/1353 1354/1354/1335
f 1372/1372/1353 1373/1373/1354 1355/1355/1336
f 1373/1373/1354 1392/1392/1373 1374/1374/1355
f 1375/1375/1356 1376/1376/1357 1358/1358/1339
f 1376/1376/1357 1377/1377/1358 1359/1359/1340
f 1377/1377/1358 1378/1378/1359 1360/1360/1341
f 1378/1378/1359 1379/1379/1360 1361/1361/1342
f 1379/1379/1360 1380/1380/1361 1362/1362/1343
f 1380/1380/1361 1381/1381/1362 1363/1363/1344
f 1381/1381/1362 1382/1382/1363 1364/1364/1345
f 1382/1382/1363 1383/1383/1364 1365/1365/1346
f 1383/1383/1364 1384/1384/1365 1366/1366/1347
f 1384/1384/1365 1385/1385/1366 1367/1367/1348
f 1385/1385/1366 1386/1386/1367 1368/1368/1349
f 1386/1386/1367 1387/1387/1368 1369/1369/1350
f 1387/1387/1368 1388/1388/1369 1370/1370/1351
f 1388/1388/1369 1389/1389/1370 1371/1371/1352
f 1389/1389/1370 1390/1390/1371 1372/1372/1353
f 1390/1390/1371 1391/1391/1372 1373/1373/1354
f 1391/1391/1372 1410/1410/1391 1392/1392/1373
f 1393/1393/1374 1394/1394/1375 1376/1376/1357
f 1394/1394/1375 1395/1395/1376 1377/1377/1358
f 1395/1395/1376 1396/1396/1377 1378/1378/1359
f 1396/1396/1377 1397/1397/1378 1379/1379/1360
f 1397/1397/1378 1398/1398/1379 1380/1380/1361
f 1398/1398/1379 1399/1399/1380 1381/1381/1362
f 1399/1399/1380 1400/1400/1381 1382/1382/1363
f 1400/1400/1381 1401/1401/1382 1383/1383/1364
f 1401/1401/1382 1402/1402/1383 1384/1384/1365
f 1402/1402/1383 1403/1403/1384 1385/1385/1366
f 1403/1403/1384 1404/1404/1385 1386/1386/1367
f 1404/1404/1385 1405/1405/1386 1387/1387/1368
f 1405/1405/1386 1406/1406/1387 1388/1388/1369
f 1406/1406/1387 1407/1407/1388 1389/1389/1370
f 1407/1407/1388 1408/1408/1389 1390/1390/1371
f 1408/1408/1389 1409/1409/1390 1391/1391/1372
f 1409/1409/1390 1428/1428/1409 1410/1410/1391
f 1411/1411/1392 1412/1412/1393 1394/1394/1375
f 1412/1412/1393 1413/1413/1394 1395/1395/1376
f 1413/1413/1394 1414/1414/1395 1396/1396/1377
f 1414/1414/1395 1415/1415/1396 1397/1397/1378
f 1415/1415/1396 1416/1416/1397 1398/1398/1379
f 1416/1416/1397 1417/1417/1398 1399/1399/1380
f 1417/1417/1398 1418/1418/1399 1400/1400/1381
f 1418/1418/1399 1419/1419/1400 1401/1401/1382
f 1419/1419/1400 1420/1420/1401 1402/1402/1383
f 1420/1420/1401 1421/1421/1402 1403/1403/1384
f 1421/1421/1402 1422/1422/1403 1404/1404/1385
f 1422/1422/1403 1423/1423/1404 1405/1405/1386
f 1423/1423/1404 1424/1424/1405 1406/1406/1387
f 1424/1424/1405 1425/1425/1406 1407/1407/1388
f 1425/1425/1406 1426/1426/1407 1408/1408/1389
f 1426/1426/1407 1427/1427/1408 1409/1409/1390
f 1427/1427/1408 1446/1446/1427 1428/1428/1409
f 1429/1429/1410 1430/1430/1411 1412/1412/1393
f 1430/1430/1411 1431/1431/1412 1413/1413/1394
f 1431/1431/1412 1432/1432/1413 1414/1414/1395
f 1432/1432/1413 1433/1433/1414 1415/1415/1396
f 1433/1433/1414 1434/1434/1415 1416/1416/1397
f 1434/1434/1415 1435/1435/1416 1417/1417/1398
f 1435/1435/1416 1436/1436/1417 1418/1418/1399
f 1436/1436/1417 1437/1437/1418 1419/1419/1400
f 1437/1437/1418 1438/1438/1419 1420/1420/1401
f 1438/1438/1419 1439/1439/1420 1421/1421/1402
f 1439/1439/1420 1440/1440/1421 1422/1422/1403
f 1440/1440/1421 1441/1441/1422 1423/1423/1404
f 1441/1441/1422 1442/1442/1423 1424/1424/1405
f 1442/1442/1423 1443/1443/1424 1425/1425/1406
f 1443/1443/1424 1444/1444/1425 1426/1426/1407
f 1444/1444/1425 1445/1445/1426 1427/1427/1408
f 1445/1445/1426 1464/1464/1445 1446/1446/1427
f 1447/1447/1428 1448/1448/1429 1430/1430/1411
f 1448/1448/1429 1449/1449/1430 1431/1431/1412
f 1449/1449/1430 1450/1450/1431 1432/1432/1413
f 1450/1450/1431 1451/1451/1432 1433/1433/1414
f 1451/1451/1432 1452/1452/1433 1434/1434/1415
f 1452/1452/1433 1453/1453/1434 1435/1435/1416
f 1453/1453/1434 1454/1454/1435 1436/1436/1417
f 1454/1454/1435 1455/1455/1436 1437/1437/1418
f 1455/1455/1436 1456/1456/1437 1438/1438/1419
f 1456/1456/1437 1457/1457/1438 1439/1439/1420
f 1457/1457/1438 1458/1458/1439 1440/1440/1421
f 1458/1458/1439 1459/1459/1440 1441/1441/1422
f 1459/1459/1440 1460/1460/1441 1442/1442/1423
f 1460/1460/1441 1461/1461/1442 1443/1443/1424
f 1461/1461/1442 1462/1462/1443 1444/1444/1425
f 1462/1462/1443 1463/1463/1444 1445/1445/1426
f 1463/1463/1444 1482/1482/1463 1464/1464/1445
f 1465/1465/1446 1466/1466/1447 1448/1448/1429
f 1466/1466/1447 1467/1467/1448 1449/1449/1430
f 1467/1467/1448 1468/1468/1449 1450/1450/1431
f 1468/1468/1449 1469/1469/1450 1451/1451/1432
f 1469/1469/1450 1470/1470/1451 1452/1452/1433
f 1470/1470/1451 1471/1471/1452 1453/1453/1434
f 1471/1471/1452 1472/1472/1453 1454/1454/1435
f 1472/1472/1453 1473/1473/1454 1455/1455/1436
f 1473/1473/1454 1474/1474/1455 1456/1456/1437
f 1474/1474/1455 1475/1475/1456 1457/1457/1438
f 1475/1475/1456 1476/1476/1457 1458/1458/1439
f 1476/1476/1457 1477/1477/1458 1459/1459/1440
f 1477/1477/1458 1478/1478/1459 1460/1460/1441
f 1478/1478/1459 1479/1479/1460 1461/1461/1442
f 1479/1479/1460 1480/1480/1461 1462/1462/1443
f 1480/1480/1461 1481/1481/1462 1463/1463/1444
f 1481/1481/1462 1483/1483/1464 1482/1482/1463
f 1235/1235/1228 1220/1220/1214 1466/1466/1447
f 1220/1220/1214 1205/1205/1200 1467/1467/1448
f 1205/1205/1200 1190/1190/1185 1468/1468/1449
f 1190/1190/1185 1175/1175/1170 1469/1469/1450
f 1175/1175/1170 1160/1160/1155 1470/1470/1451
f 1160/1160/1155 1145/1145/1140 1471/1471/1452
f 1145/1145/1140 1130/1130/1125 1472/1472/1453
f 1130/1130/1125 1115/1115/1110 1473/1473/1454
f 1115/1115/1110 1100/1100/1095 1474/1474/1455
f 1100/1100/1095 1085/1085/1080 1475/1475/1456
f 1085/1085/1080 1070/1070/1066 1476/1476/1457
f 1070/1070/1066 1055/1055/1051 1477/1477/1458
f 1055/1055/1051 1040/1040/1037 1478/1478/1459
f 1040/1040/1037 1025/1025/1023 1479/1479/1460
f 1025/1025/1023 1010/1010/1009 1480/1480/1461
f 1010/1010/1009 981/981/981 1481/1481/1462
f 981/981/981 983/983/983 1483/1483/1464
f 1248/1248/1241 1486/1486/1466 1484/1484/1465
f 1486/1486/1466 1488/1488/1468 1487/1487/1467
f 1488/1488/1468 1490/1490/1470 1489/1489/1469
f 1490/1490/1470 1520/1520/1500 1491/1491/1471
f 1491/1491/1471 1520/1520/1500 1492/1492/1472
f 1493/1493/1473 1492/1492/1472 1494/1494/1474
f 1495/1495/1475 1494/1494/1474 1496/1496/1476
f 1497/1497/1477 1496/1496/1476 1498/1498/1478
f 1499/1499/1479 1498/1498/1478 1500/1500/1480
f 1501/1501/1481 1500/1500/1480 1502/1502/1482
f 1502/1502/1482 1505/1505/1485 1504/1504/1484
f 1505/1505/1485 1507/1507/1487 1506/1506/1486
f 1507/1507/1487 1509/1509/1489 1508/1508/1488
f 1509/1509/1489 1511/1511/1491 1510/1510/1490
f 1511/1511/1491 1513/1513/1493 1512/1512/1492
f 1513/1513/1493 1515/1515/1495 1514/1514/1494
f 1515/1515/1495 1533/1533/1513 1516/1516/1496
f 1247/1247/1240 1517/1517/1497 1486/1486/1466
f 1517/1517/1497 1518/1518/1498 1488/1488/1468
f 1518/1518/1498 1519/1519/1499 1490/1490/1470
f 1519/1519/1499 1537/1537/1517 1520/1520/1500
f 1520/1520/1500 1537/1537/1517 1521/1521/1501
f 1492/1492/1472 1521/1521/1501 1522/1522/1502
f 1494/1494/1474 1522/1522/1502 1523/1523/1503
f 1496/1496/1476 1523/1523/1503 1524/1524/1504
f 1498/1498/1478 1524/1524/1504 1525/1525/1505
f 1525/1525/1505 1526/1526/1506 1502/1502/1482
f 1526/1526/1506 1527/1527/1507 1505/1505/1485
f 1527/1527/1507 1528/1528/1508 1507/1507/1487
f 1528/1528/1508 1529/1529/1509 1509/1509/1489
f 1529/1529/1509 1530/1530/1510 1511/1511/1491
f 1530/1530/1510 1531/1531/1511 1513/1513/1493
f 1531/1531/1511 1532/1532/1512 1515/1515/1495
f 1532/1532/1512 1550/1550/1530 1533/1533/1513
f 1246/1246/1239 1534/1534/1514 1517/1517/1497
f 1534/1534/1514 1535/1535/1515 1518/1518/1498
f 1535/1535/1515 1536/1536/1516 1519/1519/1499
f 1536/1536/1516 1554/1554/1534 1537/1537/1517
f 1537/1537/1517 1554/1554/1534 1538/1538/1518
f 1521/1521/1501 1538/1538/1518 1539/1539/1519
f 1522/1522/1502 1539/1539/1519 1540/1540/1520
f 1523/1523/1503 1540/1540/1520 1541/1541/1521
f 1524/1524/1504 1541/1541/1521 1542/1542/1522
f 1542/1542/1522 1543/1543/1523 1526/1526/1506
f 1543/1543/1523 1544/1544/1524 1527/1527/1507
f 1544/1544/1524 1545/1545/1525 1528/1528/1508
f 1545/1545/1525 1546/1546/1526 1529/1529/1509
f 1546/1546/1526 1547/1547/1527 1530/1530/1510
f 1547/1547/1527 1548/1548/1528 1531/1531/1511
f 1548/1548/1528 1549/1549/1529 1532/1532/1512
f 1549/1549/1529 1567/1567/1547 1550/1550/1530
f 1245/1245/1238 1551/1551/1531 1534/1534/1514
f 1551/1551/1531 1552/1552/1532 1535/1535/1515
f 1552/1552/1532 1553/1553/1533 1536/1536/1516
f 1553/1553/1533 1571/1571/1551 1554/1554/1534
f 1554/1554/1534 1571/1571/1551 1555/1555/1535
f 1538/1538/1518 1555/1555/1535 1556/1556/1536
f 1539/1539/1519 1556/1556/1536 1557/1557/1537
f 1540/1540/1520 1557/1557/1537 1558/1558/1538
f 1541/1541/1521 1558/1558/1538 1559/1559/1539
f 1559/1559/1539 1560/1560/1540 1543/1543/1523
f 1560/1560/1540 1561/1561/1541 1544/1544/1524
f 1561/1561/1541 1562/1562/1542 1545/1545/1525
f 1562/1562/1542 1563/1563/1543 1546/1546/1526
f 1563/1563/1543 1564/1564/1544 1547/1547/1527
f 1564/1564/1544 1565/1565/1545 1548/1548/1528
f 1565/1565/1545 1566/1566/1546 1549/1549/1529
f 1566/1566/1546 1584/1584/1564 1567/1567/1547
f 1244/1244/1237 1568/1568/1548 1551/1551/1531
f 1568/1568/1548 1569/1569/1549 1552/1552/1532
f 1569/1569/1549 1587/1587/1567 1553/1553/1533
f 1553/1553/1533 1587/1587/1567 1570/1570/1550
f 1571/1571/1551 1570/1570/1550 1572/1572/1552
f 1555/1555/1535 1572/1572/1552 1573/1573/1553
f 1556/1556/1536 1573/1573/1553 1574/1574/1554
f 1557/1557/1537 1574/1574/1554 1575/1575/1555
f 1558/1558/1538 1575/1575/1555 1576/1576/1556
f 1559/1559/1539 1576/1576/1556 1577/1577/1557
f 1577/1577/1557 1578/1578/1558 1561/1561/1541
f 1578/1578/1558 1579/1579/1559 1562/1562/1542
f 1579/1579/1559 1580/1580/1560 1563/1563/1543
f 1580/1580/1560 1581/1581/1561 1564/1564/1544
f 1581/1581/1561 1582/1582/1562 1565/1565/1545
f 1582/1582/1562 1583/1583/1563 1566/1566/1546
f 1583/1583/1563 1601/1601/1581 1584/1584/1564
f 1243/1243/1236 1585/1585/1565 1568/1568/1548
f 1585/1585/1565 1586/1586/1566 1569/1569/1549
f 1586/1586/1566 1604/1604/1584 1587/1587/1567
f 1587/1587/1567 1604/1604/1584 1588/1588/1568
f 1570/1570/1550 1588/1588/1568 1589/1589/1569
f 1572/1572/1552 1589/1589/1569 1590/1590/1570
f 1573/1573/1553 1590/1590/1570 1591/1591/1571
f 1574/1574/1554 1591/1591/1571 1592/1592/1572
f 1575/1575/1555 1592/1592/1572 1593/1593/1573
f 1576/1576/1556 1593/1593/1573 1594/1594/1574
f 1594/1594/1574 1595/1595/1575 1578/1578/1558
f 1595/1595/1575 1596/1596/1576 1579/1579/1559
f 1596/1596/1576 1597/1597/1577 1580/1580/1560
f 1597/1597/1577 1598/1598/1578 1581/1581/1561
f 1598/1598/1578 1599/1599/1579 1582/1582/1562
f 1599/1599/1579 1600/1600/1580 1583/1583/1563
f 1600/1600/1580 1618/1618/1598 1601/1601/1581
f 1242/1242/1235 1602/1602/1582 1585/1585/1565
f 1602/1602/1582 1603/1603/1583 1586/1586/1566
f 1603/1603/1583 1621/1621/1601 1604/1604/1584
f 1604/1604/1584 1621/1621/1601 1605/1605/1585
f 1588/1588/1568 1605/1605/1585 1606/1606/1586
f 1589/1589/1569 1606/1606/1586 1607/1607/1587
f 1590/1590/1570 1607/1607/1587 1608/1608/1588
f 1591/1591/1571 1608/1608/1588 1609/1609/1589
f 1592/1592/1572 1609/1609/1589 1610/1610/1590
f 1593/1593/1573 1610/1610/1590 1611/1611/1591
f 1611/1611/1591 1612/1612/1592 1595/1595/1575
f 1612/1612/1592 1613/1613/1593 1596/1596/1576
f 1613/1613/1593 1614/1614/1594 1597/1597/1577
f 1614/1614/1594 1615/1615/1595 1598/1598/1578
f 1615/1615/1595 1616/1616/1596 1599/1599/1579
f 1616/1616/1596 1617/1617/1597 1600/1600/1580
f 1617/1617/1597 1635/1635/1615 1618/1618/1598
f 1241/1241/1234 1619/1619/1599 1602/1602/1582
f 1619/1619/1599 1637/1637/1617 1603/1603/1583
f 1603/1603/1583 1637/1637/1617 1620/1620/1600
f 1621/1621/1601 1620/1620/1600 1622/1622/1602
f 1605/1605/1585 1622/1622/1602 1623/1623/1603
f 1606/1606/1586 1623/1623/1603 1624/1624/1604
f 1607/1607/1587 1624/1624/1604 1625/1625/1605
f 1608/1608/1588 1625/1625/1605 1626/1626/1606
f 1609/1609/1589 1626/1626/1606 1627/1627/1607
f 1610/1610/1590 1627/1627/1607 1628/1628/1608
f 1611/1611/1591 1628/1628/1608 1629/1629/1609
f 1612/1612/1592 1629/1629/1609 1630/1630/1610
f 1630/1630/1610 1631/1631/1611 1614/1614/1594
f 1631/1631/1611 1632/1632/1612 1615/1615/1595
f 1632/1632/1612 1633/1633/1613 1616/1616/1596
f 1633/1633/1613 1634/1634/1614 1617/1617/1597
f 1634/1634/1614 1652/1652/1632 1635/1635/1615
f 1240/1240/1233 1654/1654/1634 1619/1619/1599
f 1619/1619/1599 1654/1654/1634 1636/1636/1616
f 1637/1637/1617 1636/1636/1616 1638/1638/1618
f 1620/1620/1600 1638/1638/1618 1639/1639/1619
f 1622/1622/1602 1639/1639/1619 1640/1640/1620
f 1623/1623/1603 1640/1640/1620 1641/1641/1621
f 1624/1624/1604 1641/1641/1621 1642/1642/1622
f 1625/1625/1605 1642/1642/1622 1643/1643/1623
f 1626/1626/1606 1643/1643/1623 1644/1644/1624
f 1627/1627/1607 1644/1644/1624 1645/1645/1625
f 1628/1628/1608 1645/1645/1625 1646/1646/1626
f 1629/1629/1609 1646/1646/1626 1647/1647/1627
f 1630/1630/1610 1647/1647/1627 1648/1648/1628
f 1648/1648/1628 1649/1649/1629 1632/1632/1612
f 1649/1649/1629 1650/1650/1630 1633/1633/1613
f 1650/1650/1630 1651/1651/1631 1634/1634/1614
f 1651/1651/1631 1670/1670/1650 1652/1652/1632
f 1240/1240/1233 1239/1239/1232 1653/1653/1633
f 1654/1654/1634 1653/1653/1633 1655/1655/1635
f 1636/1636/1616 1655/1655/1635 1656/1656/1636
f 1638/1638/1618 1656/1656/1636 1657/1657/1637
f 1639/1639/1619 1657/1657/1637 1658/1658/1638
f 1640/1640/1620 1658/1658/1638 1659/1659/1639
f 1641/1641/1621 1659/1659/1639 1660/1660/1640
f 1642/1642/1622 1660/1660/1640 1661/1661/1641
f 1643/1643/1623 1661/1661/1641 1662/1662/1642
f 1644/1644/1624 1662/1662/1642 1663/1663/1643
f 1645/1645/1625 1663/1663/1643 1664/1664/1644
f 1646/1646/1626 1664/1664/1644 1665/1665/1645
f 1647/1647/1627 1665/1665/1645 1666/1666/1646
f 1648/1648/1628 1666/1666/1646 1667/1667/1647
f 1649/1649/1629 1667/1667/1647 1668/1668/1648
f 1668/1668/1648 1669/1669/1649 1651/1651/1631
f 1669/1669/1649 1687/1687/1667 1670/1670/1650
f 1239/1239/1232 1238/1238/1231 1671/1671/1651
f 1653/1653/1633 1671/1671/1651 1672/1672/1652
f 1655/1655/1635 1672/1672/1652 1673/1673/1653
f 1656/1656/1636 1673/1673/1653 1674/1674/1654
f 1657/1657/1637 1674/1674/1654 1675/1675/1655
f 1658/1658/1638 1675/1675/1655 1676/1676/1656
f 1659/1659/1639 1676/1676/1656 1677/1677/1657
f 1660/1660/1640 1677/1677/1657 1678/1678/1658
f 1661/1661/1641 1678/1678/1658 1679/1679/1659
f 1662/1662/1642 1679/1679/1659 1680/1680/1660
f 1663/1663/1643 1680/1680/1660 1681/1681/1661
f 1664/1664/1644 1681/1681/1661 1682/1682/1662
f 1665/1665/1645 1682/1682/1662 1683/1683/1663
f 1666/1666/1646 1683/1683/1663 1684/1684/1664
f 1667/1667/1647 1684/1684/1664 1685/1685/1665
f 1668/1668/1648 1685/1685/1665 1686/1686/1666
f 1686/1686/1666 1704/1704/1684 1687/1687/1667
f 1238/1238/1231 1237/1237/1230 1688/1688/1668
f 1671/1671/1651 1688/1688/1668 1689/1689/1669
f 1672/1672/1652 1689/1689/1669 1690/1690/1670
f 1673/1673/1653 1690/1690/1670 1691/1691/1671
f 1674/1674/1654 1691/1691/1671 1692/1692/1672
f 1675/1675/1655 1692/1692/1672 1693/1693/1673
f 1676/1676/1656 1693/1693/1673 1694/1694/1674
f 1677/1677/1657 1694/1694/1674 1695/1695/1675
f 1678/1678/1658 1695/1695/1675 1696/1696/1676
f 1679/1679/1659 1696/1696/1676 1697/1697/1677
f 1680/1680/1660 1697/1697/1677 1698/1698/1678
f 1681/1681/1661 1698/1698/1678 1699/1699/1679
f 1682/1682/1662 1699/1699/1679 1700/1700/1680
f 1683/1683/1663 1700/1700/1680 1701/1701/1681
f 1684/1684/1664 1701/1701/1681 1702/1702/1682
f 1685/1685/1665 1702/1702/1682 1703/1703/1683
f 1703/1703/1683 1722/1722/1702 1704/1704/1684
f 1237/1237/1230 1236/1236/1229 1705/1705/1685
f 1688/1688/1668 1705/1705/1685 1706/1706/1686
f 1689/1689/1669 1706/1706/1686 1707/1707/1687
f 1690/1690/1670 1707/1707/1687 1708/1708/1688
f 1691/1691/1671 1708/1708/1688 1709/1709/1689
f 1692/1692/1672 1709/1709/1689 1710/1710/1690
f 1693/1693/1673 1710/1710/1690 1711/1711/1691
f 1694/1694/1674 1711/1711/1691 1712/1712/1692
f 1695/1695/1675 1712/1712/1692 1713/1713/1693
f 1696/1696/1676 1713/1713/1693 1714/1714/1694
f 1697/1697/1677 1714/1714/1694 1715/1715/1695
f 1698/1698/1678 1715/1715/1695 1716/1716/1696
f 1699/1699/1679 1716/1716/1696 1717/1717/1697
f 1700/1700/1680 1717/1717/1697 1718/1718/1698
f 1701/1701/1681 1718/1718/1698 1719/1719/1699
f 1702/1702/1682 1719/1719/1699 1720/1720/1700
f 1703/1703/1683 1720/1720/1700 1721/1721/1701
f 1236/1236/1229 1235/1235/1228 1723/1723/1703
f 1705/1705/1685 1723/1723/1703 1724/1724/1704
f 1706/1706/1686 1724/1724/1704 1725/1725/1705
f 1707/1707/1687 1725/1725/1705 1726/1726/1706
f 1708/1708/1688 1726/1726/1706 1727/1727/1707
f 1709/1709/1689 1727/1727/1707 1728/1728/1708
f 1710/1710/1690 1728/1728/1708 1729/1729/1709
f 1711/1711/1691 1729/1729/1709 1730/1730/1710
f 1712/1712/1692 1730/1730/1710 1731/1731/1711
f 1713/1713/1693 1731/1731/1711 1732/1732/1712
f 1714/1714/1694 1732/1732/1712 1733/1733/1713
f 1715/1715/1695 1733/1733/1713 1734/1734/1714
f 1716/1716/1696 1734/1734/1714 1735/1735/1715
f 1717/1717/1697 1735/1735/1715 1736/1736/1716
f 1718/1718/1698 1736/1736/1716 1737/1737/1717
f 1719/1719/1699 1737/1737/1717 1738/1738/1718
f 1720/1720/1700 1738/1738/1718 1739/1739/1719
f 1739/1739/1719 1738/1738/1718 1740/1740/1720
f 1741/1741/1721 1740/1740/1720 1742/1742/1722
f 1742/1742/1722 1745/1745/1725 1744/1744/1724
f 1745/1745/1725 1747/1747/1727 1746/1746/1726
f 1747/1747/1727 1749/1749/1729 1748/1748/1728
f 1749/1749/1729 1751/1751/1731 1750/1750/1730
f 1751/1751/1731 1753/1753/1733 1752/1752/1732
f 1753/1753/1733 1755/1755/1735 1754/1754/1734
f 1755/1755/1735 1757/1757/1737 1756/1756/1736
f 1757/1757/1737 1759/1759/1739 1758/1758/1738
f 1759/1759/1739 1761/1761/1741 1760/1760/1740
f 1761/1761/1741 1763/1763/1743 1762/1762/1742
f 1763/1763/1743 1777/1777/1757 1764/1764/1744
f 1738/1738/1718 1737/1737/1717 1765/1765/1745
f 1740/1740/1720 1765/1765/1745 1766/1766/1746
f 1742/1742/1722 1766/1766/1746 1767/1767/1747
f 1767/1767/1747 1768/1768/1748 1747/1747/1727
f 1768/1768/1748 1769/1769/1749 1749/1749/1729
f 1769/1769/1749 1770/1770/1750 1751/1751/1731
f 1770/1770/1750 1771/1771/1751 1753/1753/1733
f 1771/1771/1751 1772/1772/1752 1755/1755/1735
f 1772/1772/1752 1773/1773/1753 1757/1757/1737
f 1773/1773/1753 1774/1774/1754 1759/1759/1739
f 1774/1774/1754 1775/1775/1755 1761/1761/1741
f 1775/1775/1755 1776/1776/1756 1763/1763/1743
f 1776/1776/1756 1790/1790/1770 1777/1777/1757
f 1737/1737/1717 1736/1736/1716 1778/1778/1758
f 1765/1765/1745 1778/1778/1758 1779/1779/1759
f 1766/1766/1746 1779/1779/1759 1780/1780/1760
f 1767/1767/1747 1780/1780/1760 1781/1781/1761
f 1781/1781/1761 1782/1782/1762 1769/1769/1749
f 1782/1782/1762 1783/1783/1763 1770/1770/1750
f 1783/1783/1763 1784/1784/1764 1771/1771/1751
f 1784/1784/1764 1785/1785/1765 1772/1772/1752
f 1785/1785/1765 1786/1786/1766 1773/1773/1753
f 1786/1786/1766 1787/1787/1767 1774/1774/1754
f 1787/1787/1767 1788/1788/1768 1775/1775/1755
f 1788/1788/1768 1789/1789/1769 1776/1776/1756
f 1789/1789/1769 1803/1803/1783 1790/1790/1770
f 1736/1736/1716 1735/1735/1715 1791/1791/1771
f 1778/1778/1758 1791/1791/1771 1792/1792/1772
f 1779/1779/1759 1792/1792/1772 1793/1793/1773
f 1780/1780/1760 1793/1793/1773 1794/1794/1774
f 1781/1781/1761 1794/1794/1774 1795/1795/1775
f 1795/1795/1775 1796/1796/1776 1783/1783/1763
f 1796/1796/1776 1797/1797/1777 1784/1784/1764
f 1797/1797/1777 1798/1798/1778 1785/1785/1765
f 1798/1798/1778 1799/1799/1779 1786/1786/1766
f 1799/1799/1779 1800/1800/1780 1787/1787/1767
f 1800/1800/1780 1801/1801/1781 1788/1788/1768
f 1801/1801/1781 1802/1802/1782 1789/1789/1769
f 1802/1802/1782 1816/1816/1796 1803/1803/1783
f 1735/1735/1715 1734/1734/1714 1804/1804/1784
f 1791/1791/1771 1804/1804/1784 1805/1805/1785
f 1792/1792/1772 1805/1805/1785 1806/1806/1786
f 1793/1793/1773 1806/1806/1786 1807/1807/1787
f 1794/1794/1774 1807/1807/1787 1808/1808/1788
f 1808/1808/1788 1809/1809/1789 1796/1796/1776
f 1809/1809/1789 1810/1810/1790 1797/1797/1777
f 1810/1810/1790 1811/1811/1791 1798/1798/1778
f 1811/1811/1791 1812/1812/1792 1799/1799/1779
f 1812/1812/1792 1813/1813/1793 1800/1800/1780
f 1813/1813/1793 1814/1814/1794 1801/1801/1781
f 1814/1814/1794 1815/1815/1795 1802/1802/1782
f 1815/1815/1795 1829/1829/1809 1816/1816/1796
f 1734/1734/1714 1733/1733/1713 1817/1817/1797
f 1804/1804/1784 1817/1817/1797 1818/1818/1798
f 1805/1805/1785 1818/1818/1798 1819/1819/1799
f 1806/1806/1786 1819/1819/1799 1820/1820/1800
f 1807/1807/1787 1820/1820/1800 1821/1821/1801
f 1808/1808/1788 1821/1821/1801 1822/1822/1802
f 1822/1822/1802 1823/1823/1803 1810/1810/1790
f 1823/1823/1803 1824/1824/1804 1811/1811/1791
f 1824/1824/1804 1825/1825/1805 1812/1812/1792
f 1825/1825/1805 1826/1826/1806 1813/1813/1793
f 1826/1826/1806 1827/1827/1807 1814/1814/1794
f 1827/1827/1807 1828/1828/1808 1815/1815/1795
f 1828/1828/1808 1842/1842/1822 1829/1829/1809
f 1733/1733/1713 1732/1732/1712 1830/1830/1810
f 1817/1817/1797 1830/1830/1810 1831/1831/1811
f 1818/1818/1798 1831/1831/1811 1832/1832/1812
f 1819/1819/1799 1832/1832/1812 1833/1833/1813
f 1820/1820/1800 1833/1833/1813 1834/1834/1814
f 1821/1821/1801 1834/1834/1814 1835/1835/1815
f 1822/1822/1802 1835/1835/1815 1836/1836/1816
f 1836/1836/1816 1837/1837/1817 1824/1824/1804
f 1837/1837/1817 1838/1838/1818 1825/1825/1805
f 1838/1838/1818 1839/1839/1819 1826/1826/1806
f 1839/1839/1819 1840/1840/1820 1827/1827/1807
f 1840/1840/1820 1841/1841/1821 1828/1828/1808
f 1841/1841/1821 1855/1855/1835 1842/1842/1822
f 1732/1732/1712 1731/1731/1711 1843/1843/1823
f 1830/1830/1810 1843/1843/1823 1844/1844/1824
f 1831/1831/1811 1844/1844/1824 1845/1845/1825
f 1832/1832/1812 1845/1845/1825 1846/1846/1826
f 1833/1833/1813 1846/1846/1826 1847/1847/1827
f 1834/1834/1814 1847/1847/1827 1848/1848/1828
f 1835/1835/1815 1848/1848/1828 1849/1849/1829
f 1836/1836/1816 1849/1849/1829 1850/1850/1830
f 1837/1837/1817 1850/1850/1830 1851/1851/1831
f 1851/1851/1831 1852/1852/1832 1839/1839/1819
f 1852/1852/1832 1853/1853/1833 1840/1840/1820
f 1853/1853/1833 1854/1854/1834 1841/1841/1821
f 1854/1854/1834 1869/1869/1849 1855/1855/1835
f 1731/1731/1711 1730/1730/1710 1856/1856/1836
f 1843/1843/1823 1856/1856/1836 1857/1857/1837
f 1844/1844/1824 1857/1857/1837 1858/1858/1838
f 1845/1845/1825 1858/1858/1838 1859/1859/1839
f 1846/1846/1826 1859/1859/1839 1860/1860/1840
f 1847/1847/1827 1860/1860/1840 1861/1861/1841
f 1848/1848/1828 1861/1861/1841 1862/1862/1842
f 1849/1849/1829 1862/1862/1842 1863/1863/1843
f 1850/1850/1830 1863/1863/1843 1864/1864/1844
f 1851/1851/1831 1864/1864/1844 1865/1865/1845
f 1852/1852/1832 1865/1865/1845 1866/1866/1846
f 1853/1853/1833 1866/1866/1846 1867/1867/1847
f 1854/1854/1834 1867/1867/1847 1868/1868/1848
f 1730/1730/1710 1729/1729/1709 1870/1870/1850
f 1856/1856/1836 1870/1870/1850 1871/1871/1851
f 1857/1857/1837 1871/1871/1851 1872/1872/1852
f 1858/1858/1838 1872/1872/1852 1873/1873/1853
f 1859/1859/1839 1873/1873/1853 1874/1874/1854
f 1860/1860/1840 1874/1874/1854 1875/1875/1855
f 1861/1861/1841 1875/1875/1855 1876/1876/1856
f 1862/1862/1842 1876/1876/1856 1877/1877/1857
f 1863/1863/1843 1877/1877/1857 1878/1878/1858
f 1864/1864/1844 1878/1878/1858 1879/1879/1859
f 1865/1865/1845 1879/1879/1859 1880/1880/1860
f 1866/1866/1846 1880/1880/1860 1881/1881/1861
f 1867/1867/1847 1881/1881/1861 1882/1882/1862
f 1729/1729/1709 1728/1728/1708 1883/1883/1863
f 1870/1870/1850 1883/1883/1863 1884/1884/1864
f 1871/1871/1851 1884/1884/1864 1885/1885/1865
f 1872/1872/1852 1885/1885/1865 1886/1886/1866
f 1873/1873/1853 1886/1886/1866 1887/1887/1867
f 1874/1874/1854 1887/1887/1867 1888/1888/1868
f 1875/1875/1855 1888/1888/1868 1889/1889/1869
f 1876/1876/1856 1889/1889/1869 1890/1890/1870
f 1877/1877/1857 1890/1890/1870 1891/1891/1871
f 1878/1878/1858 1891/1891/1871 1892/1892/1872
f 1879/1879/1859 1892/1892/1872 1893/1893/1873
f 1880/1880/1860 1893/1893/1873 1894/1894/1874
f 1881/1881/1861 1894/1894/1874 1895/1895/1875
f 1728/1728/1708 1727/1727/1707 1896/1896/1876
f 1883/1883/1863 1896/1896/1876 1897/1897/1877
f 1884/1884/1864 1897/1897/1877 1898/1898/1878
f 1885/1885/1865 1898/1898/1878 1899/1899/1879
f 1886/1886/1866 1899/1899/1879 1900/1900/1880
f 1887/1887/1867 1900/1900/1880 1901/1901/1881
f 1888/1888/1868 1901/1901/1881 1902/1902/1882
f 1889/1889/1869 1902/1902/1882 1903/1903/1883
f 1890/1890/1870 1903/1903/1883 1904/1904/1884
f 1891/1891/1871 1904/1904/1884 1905/1905/1885
f 1892/1892/1872 1905/1905/1885 1906/1906/1886
f 1893/1893/1873 1906/1906/1886 1907/1907/1887
f 1894/1894/1874 1907/1907/1887 1908/1908/1888
f 1727/1727/1707 1726/1726/1706 1909/1909/1889
f 1896/1896/1876 1909/1909/1889 1910/1910/1890
f 1897/1897/1877 1910/1910/1890 1911/1911/1891
f 1898/1898/1878 1911/1911/1891 1912/1912/1892
f 1899/1899/1879 1912/1912/1892 1913/1913/1893
f 1900/1900/1880 1913/1913/1893 1914/1914/1894
f 1901/1901/1881 1914/1914/1894 1915/1915/1895
f 1902/1902/1882 1915/1915/1895 1916/1916/1896
f 1903/1903/1883 1916/1916/1896 1917/1917/1897
f 1904/1904/1884 1917/1917/1897 1918/1918/1898
f 1905/1905/1885 1918/1918/1898 1919/1919/1899
f 1906/1906/1886 1919/1919/1899 1920/1920/1900
f 1907/1907/1887 1920/1920/1900 1921/1921/1901
f 1726/1726/1706 1725/1725/1705 1922/1922/1902
f 1909/1909/1889 1922/1922/1902 1923/1923/1903
f 1910/1910/1890 1923/1923/1903 1924/1924/1904
f 1911/1911/1891 1924/1924/1904 1925/1925/1905
f 1912/1912/1892 1925/1925/1905 1926/1926/1906
f 1913/1913/1893 1926/1926/1906 1927/1927/1907
f 1914/1914/1894 1927/1927/1907 1928/1928/1908
f 1915/1915/1895 1928/1928/1908 1929/1929/1909
f 1916/1916/1896 1929/1929/1909 1930/1930/1910
f 1917/1917/1897 1930/1930/1910 1931/1931/1911
f 1931/1931/1911 1932/1932/1912 1919/1919/1899
f 1932/1932/1912 1945/1945/1925 1920/1920/1900
f 1920/1920/1900 1945/1945/1925 1933/1933/1913
f 1725/1725/1705 1724/1724/1704 1934/1934/1914
f 1922/1922/1902 1934/1934/1914 1935/1935/1915
f 1923/1923/1903 1935/1935/1915 1936/1936/1916
f 1924/1924/1904 1936/1936/1916 1937/1937/1917
f 1925/1925/1905 1937/1937/1917 1938/1938/1918
f 1926/1926/1906 1938/1938/1918 1939/1939/1919
f 1927/1927/1907 1939/1939/1919 1940/1940/1920
f 1940/1940/1920 1941/1941/1921 1929/1929/1909
f 1941/1941/1921 1942/1942/1922 1930/1930/1910
f 1942/1942/1922 1943/1943/1923 1931/1931/1911
f 1943/1943/1923 1944/1944/1924 1932/1932/1912
f 1944/1944/1924 1946/1946/1926 1945/1945/1925
f 1946/1946/1926 1959/1959/1939 1933/1933/1913
f 1724/1724/1704 1723/1723/1703 1947/1947/1927
f 1934/1934/1914 1947/1947/1927 1948/1948/1928
f 1935/1935/1915 1948/1948/1928 1949/1949/1929
f 1936/1936/1916 1949/1949/1929 1950/1950/1930
f 1937/1937/1917 1950/1950/1930 1951/1951/1931
f 1951/1951/1931 1952/1952/1932 1939/1939/1919
f 1952/1952/1932 1953/1953/1933 1940/1940/1920
f 1953/1953/1933 1954/1954/1934 1941/1941/1921
f 1954/1954/1934 1955/1955/1935 1942/1942/1922
f 1955/1955/1935 1956/1956/1936 1943/1943/1923
f 1956/1956/1936 1957/1957/1937 1944/1944/1924
f 1957/1957/1937 1958/1958/1938 1946/1946/1926
f 1958/1958/1938 1960/1960/1940 1959/1959/1939
f 1723/1723/1703 1235/1235/1228 1465/1465/1446
f 1947/1947/1927 1465/1465/1446 1447/1447/1428
f 1948/1948/1928 1447/1447/1428 1429/1429/1410
f 1949/1949/1929 1429/1429/1410 1411/1411/1392
f 1411/1411/1392 1393/1393/1374 1951/1951/1931
f 1393/1393/1374 1375/1375/1356 1952/1952/1932
f 1375/1375/1356 1357/1357/1338 1953/1953/1933
f 1357/1357/1338 1339/1339/1320 1954/1954/1934
f 1339/1339/1320 1321/1321/1302 1955/1955/1935
f 1321/1321/1302 1303/1303/1284 1956/1956/1936
f 1303/1303/1284 1285/1285/1266 1957/1957/1937
f 1285/1285/1266 1250/1250/1243 1958/1958/1938
f 1250/1250/1243 1252/1252/1244 1960/1960/1940
f 1961/1961/1941 1964/1964/1943 1962/1962/1942
f 1964/1964/1943 1966/1966/1944 1965/1965/484
f 1966/1966/1944 1968/1968/1945 1967/1967/466
f 1968/1968/1945 1970/1970/1946 1969/1969/448
f 1970/1970/1946 1972/1972/1948 1971/1971/1947
f 1972/1972/1948 1974/1974/1949 1973/1973/412
f 1974/1974/1949 1976/1976/1950 1975/1975/394
f 1976/1976/1950 1978/1978/1951 1977/1977/376
f 1978/1978/1951 1980/1980/1952 1979/1979/358
f 1980/1980/1952 1982/1982/1953 1981/1981/340
f 1982/1982/1953 1984/1984/1955 1983/1983/1954
f 1984/1984/1955 1987/1987/1957 1985/1985/303
f 1986/1986/1956 5304/5090/304 1985/1985/303
f 1988/1988/1958 5002/4842/4821 1989/1989/1959
f 1990/1990/1960 1989/1989/1959 1991/1991/1961
f 1992/1992/1962 1991/1991/1961 1993/1993/1963
f 1994/1994/1964 1993/1993/1963 1995/1995/1965
f 1996/1996/1966 1995/1995/1965 1997/1997/1967
f 1998/1998/1968 1997/1997/1967 1999/1999/1969
f 2000/2000/1970 1999/1999/1969 2001/2001/1971
f 2002/2002/1972 2001/2001/1971 2003/2003/1973
f 2004/2004/1974 2003/2003/1973 2005/2005/1975
f 2006/2006/1976 2005/2005/1975 2007/2007/1977
f 2008/2008/1978 2007/2007/1977 2009/2009/1979
f 2010/2010/1980 2009/2009/1979 2011/2011/1981
f 2012/2012/1982 2011/2011/1981 2013/2013/1983
f 2014/2014/1984 2013/2013/1983 2015/2015/1985
f 2016/2016/1986 2020/2020/1464 2017/2017/983
f 2019/2019/1988 2022/2022/1463 2020/2020/1464
f 2021/2021/1989 2024/2024/1445 2022/2022/1463
f 2023/2023/1990 2026/2026/1427 2024/2024/1445
f 2025/2025/1991 2028/2028/1993 2026/2026/1427
f 2025/2025/1991 2029/2029/1994 2027/2027/1992
f 2029/2029/1994 2032/2032/1996 2030/2030/1373
f 2031/2031/1995 2034/2034/1998 2030/2030/1373
f 2033/2033/1997 2036/2036/1337 2034/2034/1998
f 2035/2035/1999 2038/2038/1319 2036/2036/1337
f 2037/2037/2000 2040/2040/1301 2038/2038/1319
f 2039/2039/2001 2042/2042/1283 2040/2040/1301
f 2041/2041/1958 5305/5091/29 2042/2042/1283
f 2043/2043/2002 2046/2046/2004 2044/2044/2003
f 2046/2046/2004 2048/2048/2006 2047/2047/2005
f 2048/2048/2006 2050/2050/2008 2049/2049/2007
f 2050/2050/2008 2052/2052/2010 2051/2051/2009
f 2052/2052/2010 4950/4824/4770 2053/2053/2011
f 2053/2053/2011 4950/4824/4770 2054/2054/2012
f 2055/2055/2013 2054/2054/2012 2056/2056/2014
f 2057/2057/2015 2056/2056/2014 2058/2058/2016
f 2059/2059/2017 2058/2058/2016 2060/2060/2018
f 2061/2061/2019 2060/2060/2018 2062/2062/2020
f 2062/2062/2020 2065/2065/2023 2064/2064/2022
f 2065/2065/2023 2067/2067/2025 2066/2066/2024
f 2067/2067/2025 2069/2069/2027 2068/2068/2026
f 2069/2069/2027 4921/4814/4741 2018/2018/1987
f 2070/2070/2028 5306/5092/1496 2071/2071/1513
f 2072/2072/2029 2071/2071/1513 2073/2073/1530
f 2074/2074/2030 2073/2073/1530 2075/2075/1547
f 2076/2076/2031 2075/2075/1547 2077/2077/1564
f 2078/2078/2032 2077/2077/1564 2079/2079/1581
f 2080/2080/2033 2079/2079/1581 2081/2081/2034
f 2082/2082/2035 2081/2081/2034 2083/2083/1615
f 2084/2084/2036 2083/2083/1615 2085/2085/1632
f 2086/2086/2037 2085/2085/1632 2087/2087/1650
f 2088/2088/2038 2087/2087/1650 2089/2089/1667
f 2090/2090/2039 2089/2089/1667 2091/2091/1684
f 2092/2092/2040 2091/2091/1684 2093/2093/2041
f 2094/2094/2042 2093/2093/2041 2095/2095/2043
f 2096/2096/2044 2095/2095/2043 2097/2097/2045
f 2099/2099/2047 2101/2101/2049 2098/2098/2046
f 2099/2099/2047 2102/2102/2050 2100/2100/2048
f 2102/2102/2050 2104/2104/1724 2103/2103/2051
f 2104/2104/1724 2106/2106/1726 2105/2105/2052
f 2106/2106/1726 2108/2108/1728 2107/2107/2053
f 2108/2108/1728 2110/2110/1730 2109/2109/2054
f 2110/2110/1730 2112/2112/1732 2111/2111/2055
f 2112/2112/1732 2114/2114/2057 2113/2113/2056
f 2114/2114/2057 2116/2116/2059 2115/2115/2058
f 2116/2116/2059 2118/2118/1738 2117/2117/2060
f 2118/2118/1738 2120/2120/1740 2119/2119/2061
f 2120/2120/1740 2122/2122/2063 2121/2121/2062
f 2122/2122/2063 5307/5093/5052 2123/2123/2064
f 2124/2124/2065 5308/5094/785 2125/2125/2066
f 2126/2126/2067 2125/2125/2066 2127/2127/2068
f 2128/2128/2069 2127/2127/2068 2129/2129/2070
f 2130/2130/2071 2129/2129/2070 2131/2131/2072
f 2132/2132/2073 2131/2131/2072 2133/2133/2074
f 2134/2134/2075 2133/2133/2074 2135/2135/2076
f 2136/2136/2077 2135/2135/2076 2137/2137/2078
f 2138/2138/2079 2137/2137/2078 2139/2139/2080
f 2140/2140/2081 2139/2139/2080 2141/2141/2082
f 2142/2142/2083 2141/2141/2082 2143/2143/2084
f 2144/2144/2085 2143/2143/2084 2145/2145/2086
f 2146/2146/2087 2145/2145/2086 2147/2147/2088
f 2148/2148/2089 2147/2147/2088 2149/2149/2090
f 2150/2150/2091 2149/2149/2090 2151/2151/2092
f 2152/2152/2093 2151/2151/2092 2153/2153/2094
f 2154/2154/2095 2153/2153/2094 2155/2155/2096
f 2156/2156/2097 2155/2155/2096 2157/2157/2098
f 2158/2158/2099 2157/2157/2098 2159/2159/2100
f 2160/2160/2101 2159/2159/2100 2161/2161/2102
f 2162/2162/2103 2161/2161/2102 2163/2163/2104
f 2164/2164/2105 2163/2163/2104 2165/2165/2106
f 2166/2166/2107 2165/2165/2106 2167/2167/2108
f 2168/2168/2109 2167/2167/2108 2169/2169/2110
f 2170/2170/2111 2169/2169/2110 2171/2171/2112
f 2172/2172/2113 2171/2171/2112 2173/2173/2114
f 2174/2174/2115 2173/2173/2114 2175/2175/1496
f 2177/2177/2117 2180/2180/2119 2178/2178/2118
f 2180/2180/2119 2182/2182/2121 2181/2181/2120
f 2182/2182/2121 2184/2184/2123 2183/2183/2122
f 2184/2184/2123 2186/2186/2125 2185/2185/2124
f 2186/2186/2125 2188/2188/2127 2187/2187/2126
f 2188/2188/2127 2190/2190/2129 2189/2189/2128
f 2190/2190/2129 2192/2192/2131 2191/2191/2130
f 2192/2192/2131 2194/2194/2133 2193/2193/2132
f 2194/2194/2133 2196/2196/2135 2195/2195/2134
f 2196/2196/2135 2198/2198/2137 2197/2197/2136
f 2198/2198/2137 2200/2200/2139 2199/2199/2138
f 2200/2200/2139 2202/2202/2141 2201/2201/2140
f 2202/2202/2141 2204/2204/2143 2203/2203/2142
f 2204/2204/2143 2206/2206/2145 2205/2205/2144
f 2206/2206/2145 2208/2208/2147 2207/2207/2146
f 2208/2208/2147 2210/2210/2149 2209/2209/2148
f 2210/2210/2149 2212/2212/2151 2211/2211/2150
f 2212/2212/2151 2214/2214/2153 2213/2213/2152
f 2214/2214/2153 2216/2216/2155 2215/2215/2154
f 2216/2216/2155 2218/2218/2157 2217/2217/2156
f 2218/2218/2157 2220/2220/2159 2219/2219/2158
f 2220/2220/2159 5309/5095/4102 2221/2221/2160
f 2221/2221/2160 5309/5095/4102 2222/2222/2161
f 2223/2223/2162 2222/2222/2161 2224/2224/2163
f 2225/2225/2164 2224/2224/2163 2226/2226/2165
f 2226/2226/2165 5310/5096/2168 2228/2228/2167
f 2229/2229/2168 2232/2232/535 2230/2230/2169
f 2232/2232/535 2234/2234/553 2233/2233/2170
f 2234/2234/553 2236/2236/570 2235/2235/2171
f 2236/2236/570 2238/2238/2173 2237/2237/2172
f 2238/2238/2173 2240/2240/605 2239/2239/2174
f 2240/2240/605 2242/2242/2176 2241/2241/2175
f 2242/2242/2176 2244/2244/2178 2243/2243/2177
f 2244/2244/2178 2246/2246/656 2245/2245/2179
f 2246/2246/656 2248/2248/2181 2247/2247/2180
f 2248/2248/2181 2250/2250/690 2249/2249/2182
f 2250/2250/690 2252/2252/708 2251/2251/2183
f 2252/2252/708 2254/2254/2185 2253/2253/2184
f 2254/2254/2185 2256/2256/2187 2255/2255/2186
f 2256/2256/2187 2259/2259/2190 2257/2257/2188
f 2258/2258/2189 2261/2261/2192 2257/2257/2188
f 2260/2260/2191 2263/2263/2193 2261/2261/2192
f 2262/2262/765 2265/2265/2194 2263/2263/2193
f 2264/2264/767 2267/2267/2196 2265/2265/2194
f 2266/2266/2195 2269/2269/2198 2267/2267/2196
f 2268/2268/2197 2271/2271/2200 2269/2269/2198
f 2270/2270/2199 2273/2273/2202 2271/2271/2200
f 2272/2272/2201 2275/2275/2203 2273/2273/2202
f 2274/2274/777 2277/2277/2205 2275/2275/2203
f 2276/2276/2204 2279/2279/2206 2277/2277/2205
f 2278/2278/781 2281/2281/2207 2279/2279/2206
f 2280/2280/783 2283/2283/2208 2281/2281/2207
f 2282/2282/785 5311/4600/2065 2283/2283/2208
f 2284/2284/2209 2287/2287/2212 2285/2285/2210
f 2287/2287/2212 2289/2289/2214 2288/2288/2213
f 2289/2289/2214 2292/2292/2217 2290/2290/2215
f 2291/2291/2216 2294/2294/2219 2290/2290/2215
f 2293/2293/2218 2296/2296/2221 2294/2294/2219
f 2295/2295/2220 2298/2298/2223 2296/2296/2221
f 2297/2297/2222 2300/2300/2225 2298/2298/2223
f 2299/2299/2224 2302/2302/2227 2300/2300/2225
f 2301/2301/2226 2304/2304/2229 2302/2302/2227
f 2303/2303/2228 2306/2306/2231 2304/2304/2229
f 2305/2305/2230 2308/2308/2233 2306/2306/2231
f 2307/2307/2232 2310/2310/2235 2308/2308/2233
f 2309/2309/2234 2312/2312/2237 2310/2310/2235
f 2311/2311/2236 2314/2314/2239 2312/2312/2237
f 2313/2313/2238 2316/2316/2241 2314/2314/2239
f 2315/2315/2240 2318/2318/2243 2316/2316/2241
f 2317/2317/2242 2320/2320/2245 2318/2318/2243
f 2319/2319/2244 2322/2322/2247 2320/2320/2245
f 2321/2321/2246 2324/2324/2249 2322/2322/2247
f 2323/2323/2248 2326/2326/2251 2324/2324/2249
f 2325/2325/2250 2328/2328/2253 2326/2326/2251
f 2327/2327/2252 2330/2330/2255 2328/2328/2253
f 2329/2329/2254 2356/2356/2281 2330/2330/2255
f 2331/2331/2256 2358/2358/2283 2332/2332/2257
f 2286/2286/2211 2285/2285/2210 2334/2334/2259
f 2285/2285/2210 2288/2288/2213 2336/2336/2261
f 2290/2290/2215 2337/2337/2262 2336/2336/2261
f 2294/2294/2219 2338/2338/2263 2337/2337/2262
f 2296/2296/2221 2339/2339/2264 2338/2338/2263
f 2298/2298/2223 2340/2340/2265 2339/2339/2264
f 2300/2300/2225 2341/2341/2266 2340/2340/2265
f 2302/2302/2227 2342/2342/2267 2341/2341/2266
f 2304/2304/2229 2343/2343/2268 2342/2342/2267
f 2306/2306/2231 2344/2344/2269 2343/2343/2268
f 2308/2308/2233 2345/2345/2270 2344/2344/2269
f 2310/2310/2235 2346/2346/2271 2345/2345/2270
f 2312/2312/2237 2347/2347/2272 2346/2346/2271
f 2314/2314/2239 2348/2348/2273 2347/2347/2272
f 2316/2316/2241 2349/2349/2274 2348/2348/2273
f 2318/2318/2243 2350/2350/2275 2349/2349/2274
f 2320/2320/2245 2351/2351/2276 2350/2350/2275
f 2322/2322/2247 2352/2352/2277 2351/2351/2276
f 2324/2324/2249 2353/2353/2278 2352/2352/2277
f 2326/2326/2251 2354/2354/2279 2353/2353/2278
f 2328/2328/2253 2355/2355/2280 2354/2354/2279
f 2330/2330/2255 2357/2357/2282 2355/2355/2280
f 2356/2356/2281 2382/2382/2307 2357/2357/2282
f 2358/2358/2283 2384/2384/2309 2359/2359/2284
f 2335/2335/2260 2334/2334/2259 2360/2360/2285
f 2336/2336/2261 2362/2362/2287 2360/2360/2285
f 2337/2337/2262 2363/2363/2288 2362/2362/2287
f 2338/2338/2263 2364/2364/2289 2363/2363/2288
f 2339/2339/2264 2365/2365/2290 2364/2364/2289
f 2340/2340/2265 2366/2366/2291 2365/2365/2290
f 2341/2341/2266 2367/2367/2292 2366/2366/2291
f 2342/2342/2267 2368/2368/2293 2367/2367/2292
f 2343/2343/2268 2369/2369/2294 2368/2368/2293
f 2344/2344/2269 2370/2370/2295 2369/2369/2294
f 2345/2345/2270 2371/2371/2296 2370/2370/2295
f 2346/2346/2271 2372/2372/2297 2371/2371/2296
f 2347/2347/2272 2373/2373/2298 2372/2372/2297
f 2348/2348/2273 2374/2374/2299 2373/2373/2298
f 2349/2349/2274 2375/2375/2300 2374/2374/2299
f 2350/2350/2275 2376/2376/2301 2375/2375/2300
f 2351/2351/2276 2377/2377/2302 2376/2376/2301
f 2352/2352/2277 2378/2378/2303 2377/2377/2302
f 2353/2353/2278 2379/2379/2304 2378/2378/2303
f 2354/2354/2279 2380/2380/2305 2379/2379/2304
f 2355/2355/2280 2381/2381/2306 2380/2380/2305
f 2357/2357/2282 2383/2383/2308 2381/2381/2306
f 2382/2382/2307 2408/2408/2333 2383/2383/2308
f 2384/2384/2309 2410/2410/2335 2385/2385/2310
f 2361/2361/2286 2360/2360/2285 2386/2386/2311
f 2362/2362/2287 2388/2388/2313 2386/2386/2311
f 2363/2363/2288 2389/2389/2314 2388/2388/2313
f 2364/2364/2289 2390/2390/2315 2389/2389/2314
f 2365/2365/2290 2391/2391/2316 2390/2390/2315
f 2366/2366/2291 2392/2392/2317 2391/2391/2316
f 2367/2367/2292 2393/2393/2318 2392/2392/2317
f 2368/2368/2293 2394/2394/2319 2393/2393/2318
f 2369/2369/2294 2395/2395/2320 2394/2394/2319
f 2370/2370/2295 2396/2396/2321 2395/2395/2320
f 2371/2371/2296 2397/2397/2322 2396/2396/2321
f 2372/2372/2297 2398/2398/2323 2397/2397/2322
f 2373/2373/2298 2399/2399/2324 2398/2398/2323
f 2374/2374/2299 2400/2400/2325 2399/2399/2324
f 2375/2375/2300 2401/2401/2326 2400/2400/2325
f 2376/2376/2301 2402/2402/2327 2401/2401/2326
f 2377/2377/2302 2403/2403/2328 2402/2402/2327
f 2378/2378/2303 2404/2404/2329 2403/2403/2328
f 2379/2379/2304 2405/2405/2330 2404/2404/2329
f 2380/2380/2305 2406/2406/2331 2405/2405/2330
f 2381/2381/2306 2407/2407/2332 2406/2406/2331
f 2383/2383/2308 2409/2409/2334 2407/2407/2332
f 2408/2408/2333 2434/2434/2359 2409/2409/2334
f 2410/2410/2335 2436/2436/2361 2411/2411/2336
f 2386/2386/2311 2413/2413/2338 2412/2412/2337
f 2388/2388/2313 2414/2414/2339 2413/2413/2338
f 2389/2389/2314 2415/2415/2340 2414/2414/2339
f 2390/2390/2315 2416/2416/2341 2415/2415/2340
f 2391/2391/2316 2417/2417/2342 2416/2416/2341
f 2392/2392/2317 2418/2418/2343 2417/2417/2342
f 2393/2393/2318 2419/2419/2344 2418/2418/2343
f 2394/2394/2319 2420/2420/2345 2419/2419/2344
f 2395/2395/2320 2421/2421/2346 2420/2420/2345
f 2396/2396/2321 2422/2422/2347 2421/2421/2346
f 2397/2397/2322 2423/2423/2348 2422/2422/2347
f 2398/2398/2323 2424/2424/2349 2423/2423/2348
f 2399/2399/2324 2425/2425/2350 2424/2424/2349
f 2400/2400/2325 2426/2426/2351 2425/2425/2350
f 2401/2401/2326 2427/2427/2352 2426/2426/2351
f 2402/2402/2327 2428/2428/2353 2427/2427/2352
f 2403/2403/2328 2429/2429/2354 2428/2428/2353
f 2404/2404/2329 2430/2430/2355 2429/2429/2354
f 2405/2405/2330 2431/2431/2356 2430/2430/2355
f 2406/2406/2331 2432/2432/2357 2431/2431/2356
f 2407/2407/2332 2433/2433/2358 2432/2432/2357
f 2409/2409/2334 2435/2435/2360 2433/2433/2358
f 2434/2434/2359 5302/5088/5051 2435/2435/2360
f 2436/2436/2361 2462/2462/2387 2437/2437/2362
f 2413/2413/2338 2439/2439/2364 2438/2438/2363
f 2414/2414/2339 2440/2440/2365 2439/2439/2364
f 2415/2415/2340 2441/2441/2366 2440/2440/2365
f 2416/2416/2341 2442/2442/2367 2441/2441/2366
f 2417/2417/2342 2443/2443/2368 2442/2442/2367
f 2418/2418/2343 2444/2444/2369 2443/2443/2368
f 2419/2419/2344 2445/2445/2370 2444/2444/2369
f 2420/2420/2345 2446/2446/2371 2445/2445/2370
f 2421/2421/2346 2447/2447/2372 2446/2446/2371
f 2422/2422/2347 2448/2448/2373 2447/2447/2372
f 2423/2423/2348 2449/2449/2374 2448/2448/2373
f 2424/2424/2349 2450/2450/2375 2449/2449/2374
f 2425/2425/2350 2451/2451/2376 2450/2450/2375
f 2426/2426/2351 2452/2452/2377 2451/2451/2376
f 2427/2427/2352 2453/2453/2378 2452/2452/2377
f 2428/2428/2353 2454/2454/2379 2453/2453/2378
f 2429/2429/2354 2455/2455/2380 2454/2454/2379
f 2430/2430/2355 2457/2457/2382 2455/2455/2380
f 2430/2430/2355 2431/2431/2356 2456/2456/2381
f 2431/2431/2356 2432/2432/2357 2458/2458/2383
f 2433/2433/2358 2459/2459/2384 2458/2458/2383
f 2435/2435/2360 2461/2461/2386 2459/2459/2384
f 2435/2435/2360 5302/5088/5051 2460/2460/2385
f 2462/2462/2387 2488/2488/2413 2463/2463/2388
f 2439/2439/2364 2465/2465/2390 2464/2464/2389
f 2440/2440/2365 2466/2466/2391 2465/2465/2390
f 2441/2441/2366 2467/2467/2392 2466/2466/2391
f 2442/2442/2367 2468/2468/2393 2467/2467/2392
f 2443/2443/2368 2469/2469/2394 2468/2468/2393
f 2444/2444/2369 2470/2470/2395 2469/2469/2394
f 2445/2445/2370 2471/2471/2396 2470/2470/2395
f 2446/2446/2371 2472/2472/2397 2471/2471/2396
f 2447/2447/2372 2473/2473/2398 2472/2472/2397
f 2448/2448/2373 2474/2474/2399 2473/2473/2398
f 2449/2449/2374 2475/2475/2400 2474/2474/2399
f 2450/2450/2375 2476/2476/2401 2475/2475/2400
f 2451/2451/2376 2477/2477/2402 2476/2476/2401
f 2452/2452/2377 2478/2478/2403 2477/2477/2402
f 2453/2453/2378 2479/2479/2404 2478/2478/2403
f 2454/2454/2379 2480/2480/2405 2479/2479/2404
f 2455/2455/2380 2481/2481/2406 2480/2480/2405
f 2457/2457/2382 2482/2482/2407 2481/2481/2406
f 2456/2456/2381 2484/2484/2409 2482/2482/2407
f 2456/2456/2381 2458/2458/2383 2483/2483/2408
f 2459/2459/2384 2485/2485/2410 2483/2483/2408
f 2461/2461/2386 2487/2487/2412 2485/2485/2410
f 2461/2461/2386 2460/2460/2385 2486/2486/2411
f 2488/2488/2413 2513/2513/2438 2489/2489/2414
f 2465/2465/2390 2491/2491/2416 2490/2490/2415
f 2466/2466/2391 2492/2492/2417 2491/2491/2416
f 2467/2467/2392 2493/2493/2418 2492/2492/2417
f 2468/2468/2393 2494/2494/2419 2493/2493/2418
f 2469/2469/2394 2495/2495/2420 2494/2494/2419
f 2470/2470/2395 2496/2496/2421 2495/2495/2420
f 2471/2471/2396 2497/2497/2422 2496/2496/2421
f 2472/2472/2397 2498/2498/2423 2497/2497/2422
f 2473/2473/2398 2499/2499/2424 2498/2498/2423
f 2474/2474/2399 2500/2500/2425 2499/2499/2424
f 2475/2475/2400 2501/2501/2426 2500/2500/2425
f 2476/2476/2401 2502/2502/2427 2501/2501/2426
f 2477/2477/2402 2503/2503/2428 2502/2502/2427
f 2478/2478/2403 2504/2504/2429 2503/2503/2428
f 2479/2479/2404 2505/2505/2430 2504/2504/2429
f 2480/2480/2405 2506/2506/2431 2505/2505/2430
f 2481/2481/2406 2508/2508/2433 2506/2506/2431
f 2481/2481/2406 2482/2482/2407 2507/2507/2432
f 2484/2484/2409 2509/2509/2434 2507/2507/2432
f 2483/2483/2408 2510/2510/2435 2509/2509/2434
f 2485/2485/2410 2511/2511/2436 2510/2510/2435
f 2487/2487/2412 2512/2512/2437 2511/2511/2436
f 2486/2486/2411 2537/2537/2462 2512/2512/2437
f 2513/2513/2438 2539/2539/2464 2514/2514/2439
f 2490/2490/2415 2491/2491/2416 2515/2515/2440
f 2492/2492/2417 2517/2517/2442 2515/2515/2440
f 2493/2493/2418 2518/2518/2443 2517/2517/2442
f 2494/2494/2419 2519/2519/2444 2518/2518/2443
f 2495/2495/2420 2520/2520/2445 2519/2519/2444
f 2496/2496/2421 2521/2521/2446 2520/2520/2445
f 2497/2497/2422 2522/2522/2447 2521/2521/2446
f 2498/2498/2423 2523/2523/2448 2522/2522/2447
f 2499/2499/2424 2524/2524/2449 2523/2523/2448
f 2500/2500/2425 2525/2525/2450 2524/2524/2449
f 2501/2501/2426 2526/2526/2451 2525/2525/2450
f 2502/2502/2427 2527/2527/2452 2526/2526/2451
f 2503/2503/2428 2528/2528/2453 2527/2527/2452
f 2504/2504/2429 2529/2529/2454 2528/2528/2453
f 2505/2505/2430 2530/2530/2455 2529/2529/2454
f 2506/2506/2431 2531/2531/2456 2530/2530/2455
f 2508/2508/2433 2533/2533/2458 2531/2531/2456
f 2508/2508/2433 2507/2507/2432 2532/2532/2457
f 2509/2509/2434 2534/2534/2459 2532/2532/2457
f 2510/2510/2435 2535/2535/2460 2534/2534/2459
f 2511/2511/2436 2536/2536/2461 2535/2535/2460
f 2512/2512/2437 2538/2538/2463 2536/2536/2461
f 2537/2537/2462 2563/2563/2488 2538/2538/2463
f 2539/2539/2464 2565/2565/2490 2540/2540/2465
f 2515/2515/2440 2542/2542/2467 2541/2541/2466
f 2517/2517/2442 2543/2543/2468 2542/2542/2467
f 2518/2518/2443 2544/2544/2469 2543/2543/2468
f 2519/2519/2444 2545/2545/2470 2544/2544/2469
f 2520/2520/2445 2546/2546/2471 2545/2545/2470
f 2521/2521/2446 2547/2547/2472 2546/2546/2471
f 2522/2522/2447 2548/2548/2473 2547/2547/2472
f 2523/2523/2448 2549/2549/2474 2548/2548/2473
f 2524/2524/2449 2550/2550/2475 2549/2549/2474
f 2525/2525/2450 2551/2551/2476 2550/2550/2475
f 2526/2526/2451 2552/2552/2477 2551/2551/2476
f 2527/2527/2452 2553/2553/2478 2552/2552/2477
f 2528/2528/2453 2554/2554/2479 2553/2553/2478
f 2529/2529/2454 2555/2555/2480 2554/2554/2479
f 2530/2530/2455 2556/2556/2481 2555/2555/2480
f 2531/2531/2456 2558/2558/2483 2556/2556/2481
f 2531/2531/2456 2533/2533/2458 2557/2557/2482
f 2533/2533/2458 2532/2532/2457 2559/2559/2484
f 2534/2534/2459 2560/2560/2485 2559/2559/2484
f 2535/2535/2460 2561/2561/2486 2560/2560/2485
f 2536/2536/2461 2562/2562/2487 2561/2561/2486
f 2538/2538/2463 2564/2564/2489 2562/2562/2487
f 2563/2563/2488 2589/2589/2514 2564/2564/2489
f 2565/2565/2490 2591/2591/2516 2566/2566/2491
f 2542/2542/2467 2568/2568/2493 2567/2567/2492
f 2543/2543/2468 2569/2569/2494 2568/2568/2493
f 2544/2544/2469 2570/2570/2495 2569/2569/2494
f 2545/2545/2470 2571/2571/2496 2570/2570/2495
f 2546/2546/2471 2572/2572/2497 2571/2571/2496
f 2547/2547/2472 2573/2573/2498 2572/2572/2497
f 2548/2548/2473 2574/2574/2499 2573/2573/2498
f 2549/2549/2474 2575/2575/2500 2574/2574/2499
f 2550/2550/2475 2576/2576/2501 2575/2575/2500
f 2551/2551/2476 2578/2578/2503 2576/2576/2501
f 2551/2551/2476 2552/2552/2477 2577/2577/2502
f 2553/2553/2478 2579/2579/2504 2577/2577/2502
f 2554/2554/2479 2580/2580/2505 2579/2579/2504
f 2555/2555/2480 2581/2581/2506 2580/2580/2505
f 2556/2556/2481 2582/2582/2507 2581/2581/2506
f 2558/2558/2483 2584/2584/2509 2582/2582/2507
f 2558/2558/2483 2557/2557/2482 2583/2583/2508
f 2557/2557/2482 2559/2559/2484 2585/2585/2510
f 2559/2559/2484 2560/2560/2485 2586/2586/2511
f 2561/2561/2486 2587/2587/2512 2586/2586/2511
f 2562/2562/2487 2588/2588/2513 2587/2587/2512
f 2564/2564/2489 2590/2590/2515 2588/2588/2513
f 2589/2589/2514 2615/2615/2540 2590/2590/2515
f 2591/2591/2516 2617/2617/2542 2592/2592/2517
f 2568/2568/2493 2594/2594/2519 2593/2593/2518
f 2569/2569/2494 2595/2595/2520 2594/2594/2519
f 2570/2570/2495 2596/2596/2521 2595/2595/2520
f 2571/2571/2496 2597/2597/2522 2596/2596/2521
f 2572/2572/2497 2598/2598/2523 2597/2597/2522
f 2573/2573/2498 2599/2599/2524 2598/2598/2523
f 2574/2574/2499 2600/2600/2525 2599/2599/2524
f 2575/2575/2500 2601/2601/2526 2600/2600/2525
f 2576/2576/2501 2603/2603/2528 2601/2601/2526
f 2576/2576/2501 2578/2578/2503 2602/2602/2527
f 2578/2578/2503 2577/2577/2502 2604/2604/2529
f 2579/2579/2504 2605/2605/2530 2604/2604/2529
f 2580/2580/2505 2606/2606/2531 2605/2605/2530
f 2581/2581/2506 2607/2607/2532 2606/2606/2531
f 2582/2582/2507 2608/2608/2533 2607/2607/2532
f 2584/2584/2509 2609/2609/2534 2608/2608/2533
f 2583/2583/2508 2611/2611/2536 2609/2609/2534
f 2583/2583/2508 2585/2585/2510 2610/2610/2535
f 2585/2585/2510 2586/2586/2511 2612/2612/2537
f 2587/2587/2512 2613/2613/2538 2612/2612/2537
f 2588/2588/2513 2614/2614/2539 2613/2613/2538
f 2590/2590/2515 2616/2616/2541 2614/2614/2539
f 2615/2615/2540 2641/2641/2566 2616/2616/2541
f 2617/2617/2542 5138/4952/4931 2618/2618/2543
f 2594/2594/2519 2620/2620/2545 2619/2619/2544
f 2595/2595/2520 2621/2621/2546 2620/2620/2545
f 2596/2596/2521 2622/2622/2547 2621/2621/2546
f 2597/2597/2522 2623/2623/2548 2622/2622/2547
f 2598/2598/2523 2624/2624/2549 2623/2623/2548
f 2599/2599/2524 2626/2626/2551 2624/2624/2549
f 2599/2599/2524 2600/2600/2525 2625/2625/2550
f 2600/2600/2525 2601/2601/2526 2627/2627/2552
f 2601/2601/2526 2603/2603/2528 2628/2628/2553
f 2603/2603/2528 2602/2602/2527 2629/2629/2554
f 2602/2602/2527 2604/2604/2529 2630/2630/2555
f 2605/2605/2530 2631/2631/2556 2630/2630/2555
f 2606/2606/2531 2632/2632/2557 2631/2631/2556
f 2607/2607/2532 2633/2633/2558 2632/2632/2557
f 2608/2608/2533 2634/2634/2559 2633/2633/2558
f 2609/2609/2534 2636/2636/2561 2634/2634/2559
f 2609/2609/2534 2611/2611/2536 2635/2635/2560
f 2611/2611/2536 2610/2610/2535 2637/2637/2562
f 2610/2610/2535 2612/2612/2537 2638/2638/2563
f 2613/2613/2538 2639/2639/2564 2638/2638/2563
f 2614/2614/2539 2640/2640/2565 2639/2639/2564
f 2616/2616/2541 2642/2642/2567 2640/2640/2565
f 2641/2641/2566 2668/2668/2593 2642/2642/2567
f 2618/2618/2543 5138/4952/4931 2643/2643/2568
f 2620/2620/2545 2646/2646/2571 2645/2645/2570
f 2621/2621/2546 2647/2647/2572 2646/2646/2571
f 2622/2622/2547 2648/2648/2573 2647/2647/2572
f 2623/2623/2548 2649/2649/2574 2648/2648/2573
f 2624/2624/2549 2650/2650/2575 2649/2649/2574
f 2626/2626/2551 2652/2652/2577 2650/2650/2575
f 2626/2626/2551 2625/2625/2550 2651/2651/2576
f 2625/2625/2550 2627/2627/2552 2653/2653/2578
f 2627/2627/2552 2628/2628/2553 2654/2654/2579
f 2628/2628/2553 2629/2629/2554 2655/2655/2580
f 2629/2629/2554 2630/2630/2555 2656/2656/2581
f 2631/2631/2556 2657/2657/2582 2656/2656/2581
f 2632/2632/2557 2658/2658/2583 2657/2657/2582
f 2633/2633/2558 2659/2659/2584 2658/2658/2583
f 2634/2634/2559 2661/2661/2586 2659/2659/2584
f 2634/2634/2559 2636/2636/2561 2660/2660/2585
f 2636/2636/2561 2635/2635/2560 2662/2662/2587
f 2635/2635/2560 2637/2637/2562 2663/2663/2588
f 2637/2637/2562 2638/2638/2563 2664/2664/2589
f 2638/2638/2563 2639/2639/2564 2665/2665/2590
f 2640/2640/2565 2667/2667/2592 2665/2665/2590
f 2640/2640/2565 2642/2642/2567 2666/2666/2591
f 2668/2668/2593 5301/5087/5050 2666/2666/2591
f 2644/2644/2569 2643/2643/2568 2669/2669/2594
f 2646/2646/2571 2672/2672/2597 2671/2671/2596
f 2647/2647/2572 2673/2673/2598 2672/2672/2597
f 2648/2648/2573 2674/2674/2599 2673/2673/2598
f 2649/2649/2574 2675/2675/2600 2674/2674/2599
f 2650/2650/2575 2676/2676/2601 2675/2675/2600
f 2652/2652/2577 2678/2678/2603 2676/2676/2601
f 2652/2652/2577 2651/2651/2576 2677/2677/2602
f 2651/2651/2576 2653/2653/2578 2679/2679/2604
f 2653/2653/2578 2654/2654/2579 2680/2680/2605
f 2654/2654/2579 2655/2655/2580 2681/2681/2606
f 2655/2655/2580 2656/2656/2581 2682/2682/2607
f 2657/2657/2582 2683/2683/2608 2682/2682/2607
f 2658/2658/2583 2684/2684/2609 2683/2683/2608
f 2659/2659/2584 2685/2685/2610 2684/2684/2609
f 2661/2661/2586 2687/2687/2612 2685/2685/2610
f 2661/2661/2586 2660/2660/2585 2686/2686/2611
f 2660/2660/2585 2662/2662/2587 2688/2688/2613
f 2662/2662/2587 2663/2663/2588 2689/2689/2614
f 2663/2663/2588 2664/2664/2589 2690/2690/2615
f 2664/2664/2589 2665/2665/2590 2691/2691/2616
f 2665/2665/2590 2667/2667/2592 2692/2692/2617
f 2667/2667/2592 2666/2666/2591 2693/2693/2618
f 2666/2666/2591 5301/5087/5050 2694/2694/2619
f 2670/2670/2595 2669/2669/2594 2695/2695/2620
f 2672/2672/2597 2698/2698/2623 2697/2697/2622
f 2673/2673/2598 2699/2699/2624 2698/2698/2623
f 2674/2674/2599 2700/2700/2625 2699/2699/2624
f 2675/2675/2600 2701/2701/2626 2700/2700/2625
f 2676/2676/2601 2703/2703/2628 2701/2701/2626
f 2676/2676/2601 2678/2678/2603 2702/2702/2627
f 2678/2678/2603 2677/2677/2602 2704/2704/2629
f 2677/2677/2602 2679/2679/2604 2705/2705/2630
f 2679/2679/2604 2680/2680/2605 2706/2706/2631
f 2680/2680/2605 2681/2681/2606 2707/2707/2632
f 2681/2681/2606 2682/2682/2607 2708/2708/2633
f 2683/2683/2608 2709/2709/2634 2708/2708/2633
f 2684/2684/2609 2710/2710/2635 2709/2709/2634
f 2685/2685/2610 2711/2711/2636 2710/2710/2635
f 2687/2687/2612 2713/2713/2638 2711/2711/2636
f 2687/2687/2612 2686/2686/2611 2712/2712/2637
f 2686/2686/2611 2688/2688/2613 2714/2714/2639
f 2688/2688/2613 2689/2689/2614 2715/2715/2640
f 2689/2689/2614 2690/2690/2615 2716/2716/2641
f 2690/2690/2615 2691/2691/2616 2717/2717/2642
f 2691/2691/2616 2692/2692/2617 2718/2718/2643
f 2692/2692/2617 2693/2693/2618 2719/2719/2644
f 2693/2693/2618 2694/2694/2619 2720/2720/2645
f 2696/2696/2621 2695/2695/2620 2721/2721/2646
f 2698/2698/2623 2724/2724/2649 2723/2723/2648
f 2699/2699/2624 2725/2725/2650 2724/2724/2649
f 2700/2700/2625 2726/2726/2651 2725/2725/2650
f 2701/2701/2626 2727/2727/2652 2726/2726/2651
f 2703/2703/2628 2729/2729/2654 2727/2727/2652
f 2703/2703/2628 2702/2702/2627 2728/2728/2653
f 2702/2702/2627 2704/2704/2629 2730/2730/2655
f 2704/2704/2629 2705/2705/2630 2731/2731/2656
f 2705/2705/2630 2706/2706/2631 2732/2732/2657
f 2706/2706/2631 2707/2707/2632 2733/2733/2658
f 2707/2707/2632 2708/2708/2633 2734/2734/2659
f 2709/2709/2634 2735/2735/2660 2734/2734/2659
f 2710/2710/2635 2736/2736/2661 2735/2735/2660
f 2711/2711/2636 2737/2737/2662 2736/2736/2661
f 2713/2713/2638 2739/2739/2664 2737/2737/2662
f 2713/2713/2638 2712/2712/2637 2738/2738/2663
f 2712/2712/2637 2714/2714/2639 2740/2740/2665
f 2714/2714/2639 2715/2715/2640 2741/2741/2666
f 2715/2715/2640 2716/2716/2641 2742/2742/2667
f 2716/2716/2641 2717/2717/2642 2743/2743/2668
f 2717/2717/2642 2718/2718/2643 2744/2744/2669
f 2718/2718/2643 2719/2719/2644 2745/2745/2670
f 2719/2719/2644 2720/2720/2645 2746/2746/2671
f 2722/2722/2647 2721/2721/2646 2747/2747/2672
f 2724/2724/2649 2750/2750/2675 2749/2749/2674
f 2725/2725/2650 2751/2751/2676 2750/2750/2675
f 2726/2726/2651 2753/2753/2678 2751/2751/2676
f 2726/2726/2651 2727/2727/2652 2752/2752/2677
f 2727/2727/2652 2729/2729/2654 2754/2754/2679
f 2729/2729/2654 2728/2728/2653 2755/2755/2680
f 2728/2728/2653 2730/2730/2655 2756/2756/2681
f 2730/2730/2655 2731/2731/2656 2757/2757/2682
f 2731/2731/2656 2732/2732/2657 2758/2758/2683
f 2732/2732/2657 2733/2733/2658 2759/2759/2684
f 2733/2733/2658 2734/2734/2659 2760/2760/2685
f 2734/2734/2659 2735/2735/2660 2761/2761/2686
f 2736/2736/2661 2762/2762/2687 2761/2761/2686
f 2737/2737/2662 2764/2764/2689 2762/2762/2687
f 2737/2737/2662 2739/2739/2664 2763/2763/2688
f 2739/2739/2664 2738/2738/2663 2765/2765/2690
f 2738/2738/2663 2740/2740/2665 2766/2766/2691
f 2740/2740/2665 2741/2741/2666 2767/2767/2692
f 2741/2741/2666 2742/2742/2667 2768/2768/2693
f 2742/2742/2667 2743/2743/2668 2769/2769/2694
f 2743/2743/2668 2744/2744/2669 2770/2770/2695
f 2744/2744/2669 2745/2745/2670 2771/2771/2696
f 2745/2745/2670 2746/2746/2671 2772/2772/2697
f 2748/2748/2673 2747/2747/2672 2773/2773/2698
f 2750/2750/2675 2776/2776/2701 2775/2775/2700
f 2751/2751/2676 2777/2777/2702 2776/2776/2701
f 2753/2753/2678 2779/2779/2704 2777/2777/2702
f 2753/2753/2678 2752/2752/2677 2778/2778/2703
f 2752/2752/2677 2754/2754/2679 2780/2780/2705
f 2754/2754/2679 2755/2755/2680 2781/2781/2706
f 2755/2755/2680 2756/2756/2681 2782/2782/2707
f 2756/2756/2681 2757/2757/2682 2783/2783/2708
f 2757/2757/2682 2758/2758/2683 2784/2784/2709
f 2758/2758/2683 2759/2759/2684 2785/2785/2710
f 2759/2759/2684 2760/2760/2685 2786/2786/2711
f 2760/2760/2685 2761/2761/2686 2787/2787/2712
f 2761/2761/2686 2762/2762/2687 2788/2788/2713
f 2762/2762/2687 2764/2764/2689 2789/2789/2714
f 2764/2764/2689 2763/2763/2688 2790/2790/2715
f 2763/2763/2688 2765/2765/2690 2791/2791/2716
f 2765/2765/2690 2766/2766/2691 2792/2792/2717
f 2766/2766/2691 2767/2767/2692 2793/2793/2718
f 2767/2767/2692 2768/2768/2693 2794/2794/2719
f 2768/2768/2693 2769/2769/2694 2795/2795/2720
f 2769/2769/2694 2770/2770/2695 2796/2796/2721
f 2770/2770/2695 2771/2771/2696 2797/2797/2722
f 2771/2771/2696 2772/2772/2697 2798/2798/2723
f 2774/2774/2699 2773/2773/2698 2799/2799/2724
f 2776/2776/2701 2802/2802/2727 2801/2801/2726
f 2777/2777/2702 2804/2804/2729 2802/2802/2727
f 2777/2777/2702 2779/2779/2704 2803/2803/2728
f 2779/2779/2704 2778/2778/2703 2805/2805/2730
f 2778/2778/2703 2780/2780/2705 2806/2806/2731
f 2780/2780/2705 2781/2781/2706 2807/2807/2732
f 2781/2781/2706 2782/2782/2707 2808/2808/2733
f 2783/2783/2708 2810/2810/2735 2808/2808/2733
f 2783/2783/2708 2784/2784/2709 2809/2809/2734
f 2784/2784/2709 2785/2785/2710 2811/2811/2736
f 2785/2785/2710 2786/2786/2711 2812/2812/2737
f 2786/2786/2711 2787/2787/2712 2813/2813/2738
f 2787/2787/2712 2788/2788/2713 2814/2814/2739
f 2788/2788/2713 2789/2789/2714 2815/2815/2740
f 2789/2789/2714 2790/2790/2715 2816/2816/2741
f 2790/2790/2715 2791/2791/2716 2817/2817/2742
f 2791/2791/2716 2792/2792/2717 2818/2818/2743
f 2792/2792/2717 2793/2793/2718 2819/2819/2744
f 2793/2793/2718 2794/2794/2719 2820/2820/2745
f 2794/2794/2719 2795/2795/2720 2821/2821/2746
f 2795/2795/2720 2796/2796/2721 2822/2822/2747
f 2796/2796/2721 2797/2797/2722 2823/2823/2748
f 2797/2797/2722 2798/2798/2723 2824/2824/2749
f 2800/2800/2725 2799/2799/2724 2825/2825/2750
f 2802/2802/2727 2828/2828/2753 2827/2827/2752
f 2804/2804/2729 2830/2830/2755 2828/2828/2753
f 2804/2804/2729 2803/2803/2728 2829/2829/2754
f 2803/2803/2728 2805/2805/2730 2831/2831/2756
f 2805/2805/2730 2806/2806/2731 2832/2832/2757
f 2806/2806/2731 2807/2807/2732 2833/2833/2758
f 2807/2807/2732 2808/2808/2733 2834/2834/2759
f 2808/2808/2733 2810/2810/2735 2835/2835/2760
f 2810/2810/2735 2809/2809/2734 2836/2836/2761
f 2809/2809/2734 2811/2811/2736 2837/2837/2762
f 2811/2811/2736 2812/2812/2737 2838/2838/2763
f 2812/2812/2737 2813/2813/2738 2839/2839/2764
f 2813/2813/2738 2814/2814/2739 2840/2840/2765
f 2814/2814/2739 2815/2815/2740 2841/2841/2766
f 2815/2815/2740 2816/2816/2741 2842/2842/2767
f 2816/2816/2741 2817/2817/2742 2843/2843/2768
f 2817/2817/2742 2818/2818/2743 2844/2844/2769
f 2818/2818/2743 2819/2819/2744 2845/2845/2770
f 2819/2819/2744 2820/2820/2745 2846/2846/2771
f 2820/2820/2745 2821/2821/2746 2847/2847/2772
f 2821/2821/2746 2822/2822/2747 2848/2848/2773
f 2822/2822/2747 2823/2823/2748 2849/2849/2774
f 2823/2823/2748 2824/2824/2749 2850/2850/2775
f 2826/2826/2751 2825/2825/2750 2851/2851/2776
f 2828/2828/2753 2855/2855/2780 2853/2853/2778
f 2828/2828/2753 2830/2830/2755 2854/2854/2779
f 2830/2830/2755 2829/2829/2754 2856/2856/2781
f 2829/2829/2754 2831/2831/2756 2857/2857/2782
f 2831/2831/2756 2832/2832/2757 2858/2858/2783
f 2832/2832/2757 2833/2833/2758 2859/2859/2784
f 2833/2833/2758 2834/2834/2759 2860/2860/2785
f 2834/2834/2759 2835/2835/2760 2861/2861/2786
f 2835/2835/2760 2836/2836/2761 2862/2862/2787
f 2836/2836/2761 2837/2837/2762 2863/2863/2788
f 2837/2837/2762 2838/2838/2763 2864/2864/2789
f 2838/2838/2763 2839/2839/2764 2865/2865/2790
f 2839/2839/2764 2840/2840/2765 2866/2866/2791
f 2840/2840/2765 2841/2841/2766 2867/2867/2792
f 2841/2841/2766 2842/2842/2767 2868/2868/2793
f 2842/2842/2767 2843/2843/2768 2869/2869/2794
f 2843/2843/2768 2844/2844/2769 2870/2870/2795
f 2844/2844/2769 2845/2845/2770 2871/2871/2796
f 2845/2845/2770 2846/2846/2771 2872/2872/2797
f 2846/2846/2771 2847/2847/2772 2873/2873/2798
f 2847/2847/2772 2848/2848/2773 2874/2874/2799
f 2848/2848/2773 2849/2849/2774 2875/2875/2800
f 2849/2849/2774 2850/2850/2775 2876/2876/2801
f 2852/2852/2777 2851/2851/2776 2877/2877/2802
f 2853/2853/2778 2855/2855/2780 2879/2879/2804
f 2855/2855/2780 2854/2854/2779 2881/2881/2806
f 2854/2854/2779 2856/2856/2781 2882/2882/2807
f 2856/2856/2781 2857/2857/2782 2883/2883/2808
f 2857/2857/2782 2858/2858/2783 2884/2884/2809
f 2858/2858/2783 2859/2859/2784 2885/2885/2810
f 2859/2859/2784 2860/2860/2785 2886/2886/2811
f 2860/2860/2785 2861/2861/2786 2887/2887/2812
f 2861/2861/2786 2862/2862/2787 2888/2888/2813
f 2862/2862/2787 2863/2863/2788 2889/2889/2814
f 2863/2863/2788 2864/2864/2789 2890/2890/2815
f 2864/2864/2789 2865/2865/2790 2891/2891/2816
f 2865/2865/2790 2866/2866/2791 2892/2892/2817
f 2866/2866/2791 2867/2867/2792 2893/2893/2818
f 2867/2867/2792 2868/2868/2793 2894/2894/2819
f 2868/2868/2793 2869/2869/2794 2895/2895/2820
f 2869/2869/2794 2870/2870/2795 2896/2896/2821
f 2870/2870/2795 2871/2871/2796 2897/2897/2822
f 2871/2871/2796 2872/2872/2797 2898/2898/2823
f 2872/2872/2797 2873/2873/2798 2899/2899/2824
f 2873/2873/2798 2874/2874/2799 2900/2900/2825
f 2874/2874/2799 2875/2875/2800 2901/2901/2826
f 2875/2875/2800 2876/2876/2801 2902/2902/2827
f 2878/2878/2803 2877/2877/2802 2903/2903/2828
f 2880/2880/2805 2879/2879/2804 2905/2905/2830
f 2879/2879/2804 2881/2881/2806 2907/2907/2832
f 2881/2881/2806 2882/2882/2807 2908/2908/2833
f 2882/2882/2807 2883/2883/2808 2909/2909/2834
f 2883/2883/2808 2884/2884/2809 2910/2910/2835
f 2884/2884/2809 2885/2885/2810 2911/2911/2836
f 2885/2885/2810 2886/2886/2811 2912/2912/2837
f 2886/2886/2811 2887/2887/2812 2913/2913/2838
f 2887/2887/2812 2888/2888/2813 2914/2914/2839
f 2888/2888/2813 2889/2889/2814 2915/2915/2840
f 2889/2889/2814 2890/2890/2815 2916/2916/2841
f 2890/2890/2815 2891/2891/2816 2917/2917/2842
f 2891/2891/2816 2892/2892/2817 2918/2918/2843
f 2892/2892/2817 2893/2893/2818 2919/2919/2844
f 2893/2893/2818 2894/2894/2819 2920/2920/2845
f 2894/2894/2819 2895/2895/2820 2921/2921/2846
f 2895/2895/2820 2896/2896/2821 2922/2922/2847
f 2896/2896/2821 2897/2897/2822 2923/2923/2848
f 2897/2897/2822 2898/2898/2823 2924/2924/2849
f 2898/2898/2823 2899/2899/2824 2925/2925/2850
f 2899/2899/2824 2900/2900/2825 2926/2926/2851
f 2900/2900/2825 2901/2901/2826 2927/2927/2852
f 2901/2901/2826 2902/2902/2827 2928/2928/2853
f 2904/2904/2829 2903/2903/2828 2929/2929/2854
f 2906/2906/2831 2905/2905/2830 2931/2931/2856
f 2905/2905/2830 2907/2907/2832 2933/2933/2858
f 2907/2907/2832 2908/2908/2833 2934/2934/2859
f 2908/2908/2833 2909/2909/2834 2935/2935/2860
f 2909/2909/2834 2910/2910/2835 2936/2936/2861
f 2910/2910/2835 2911/2911/2836 2937/2937/2862
f 2911/2911/2836 2912/2912/2837 2938/2938/2863
f 2912/2912/2837 2913/2913/2838 2939/2939/2864
f 2913/2913/2838 2914/2914/2839 2940/2940/2865
f 2914/2914/2839 2915/2915/2840 2941/2941/2866
f 2915/2915/2840 2916/2916/2841 2942/2942/2867
f 2916/2916/2841 2917/2917/2842 2943/2943/2868
f 2917/2917/2842 2918/2918/2843 2944/2944/2869
f 2918/2918/2843 2919/2919/2844 2945/2945/2870
f 2919/2919/2844 2920/2920/2845 2946/2946/2871
f 2920/2920/2845 2921/2921/2846 2947/2947/2872
f 2921/2921/2846 2922/2922/2847 2948/2948/2873
f 2923/2923/2848 2950/2950/2875 2948/2948/2873
f 2923/2923/2848 2924/2924/2849 2949/2949/2874
f 2924/2924/2849 2925/2925/2850 2951/2951/2876
f 2925/2925/2850 2926/2926/2851 2952/2952/2877
f 2926/2926/2851 2927/2927/2852 2953/2953/2878
f 2927/2927/2852 2928/2928/2853 2954/2954/2879
f 2930/2930/2855 2929/2929/2854 2955/2955/2880
f 2932/2932/2857 2931/2931/2856 2957/2957/2212
f 2931/2931/2856 2933/2933/2858 2959/2959/2214
f 2933/2933/2858 2934/2934/2859 2960/2960/2882
f 2934/2934/2859 2935/2935/2860 2961/2961/2216
f 2935/2935/2860 2936/2936/2861 2962/2962/2218
f 2936/2936/2861 2937/2937/2862 2963/2963/2883
f 2937/2937/2862 2938/2938/2863 2964/2964/2222
f 2938/2938/2863 2939/2939/2864 2965/2965/2884
f 2939/2939/2864 2940/2940/2865 2966/2966/2885
f 2940/2940/2865 2941/2941/2866 2967/2967/2886
f 2941/2941/2866 2942/2942/2867 2968/2968/2887
f 2942/2942/2867 2943/2943/2868 2969/2969/2232
f 2943/2943/2868 2944/2944/2869 2970/2970/2888
f 2944/2944/2869 2945/2945/2870 2971/2971/2889
f 2945/2945/2870 2946/2946/2871 2972/2972/2238
f 2946/2946/2871 2947/2947/2872 2973/2973/2240
f 2947/2947/2872 2948/2948/2873 2974/2974/2890
f 2948/2948/2873 2950/2950/2875 2975/2975/2891
f 2950/2950/2875 2949/2949/2874 2976/2976/2892
f 2949/2949/2874 2951/2951/2876 2977/2977/2248
f 2951/2951/2876 2952/2952/2877 2978/2978/2893
f 2952/2952/2877 2953/2953/2878 2979/2979/2894
f 2953/2953/2878 2954/2954/2879 2980/2980/2895
f 2956/2956/2881 2955/2955/2880 2981/2981/2256
f 2286/2286/2211 2984/2984/2897 2983/2983/2896
f 2984/2984/2897 2986/2986/2899 2985/2985/2898
f 2986/2986/2899 2988/2988/2900 2987/2987/966
f 2988/2988/2900 2990/2990/2901 2989/2989/953
f 2990/2990/2901 2992/2992/2902 2991/2991/928
f 2992/2992/2902 2994/2994/2904 2993/2993/2903
f 2994/2994/2904 2996/2996/2905 2995/2995/902
f 2996/2996/2905 2998/2998/2906 2997/2997/889
f 2998/2998/2906 3000/3000/2907 2999/2999/876
f 3000/3000/2907 3002/3002/2908 3001/3001/862
f 3002/3002/2908 3004/3004/2909 3003/3003/863
f 3004/3004/2909 3026/3026/2927 3005/3005/849
f 3005/3005/849 3026/3026/2927 3006/3006/2910
f 3006/3006/2910 3009/3009/2911 3008/3008/823
f 3009/3009/2911 3011/3011/2912 3010/3010/798
f 3011/3011/2912 3013/3013/2914 3012/3012/2913
f 3013/3013/2914 3031/3031/2932 3014/3014/2915
f 2335/2335/2260 3015/3015/2916 2984/2984/2897
f 3015/3015/2916 3016/3016/2917 2986/2986/2899
f 3016/3016/2917 3017/3017/2918 2988/2988/2900
f 3017/3017/2918 3018/3018/2919 2990/2990/2901
f 3018/3018/2919 3019/3019/2920 2992/2992/2902
f 3019/3019/2920 3020/3020/2921 2994/2994/2904
f 3020/3020/2921 3021/3021/2922 2996/2996/2905
f 3021/3021/2922 3022/3022/2923 2998/2998/2906
f 3022/3022/2923 3023/3023/2924 3000/3000/2907
f 3023/3023/2924 3024/3024/2925 3002/3002/2908
f 3024/3024/2925 3025/3025/2926 3004/3004/2909
f 3025/3025/2926 3043/3043/2944 3026/3026/2927
f 3026/3026/2927 3043/3043/2944 3027/3027/2928
f 3027/3027/2928 3028/3028/2929 3009/3009/2911
f 3028/3028/2929 3029/3029/2930 3011/3011/2912
f 3029/3029/2930 3030/3030/2931 3013/3013/2914
f 3030/3030/2931 3049/3049/2950 3031/3031/2932
f 2361/2361/2286 3032/3032/2933 3015/3015/2916
f 3032/3032/2933 3033/3033/2934 3016/3016/2917
f 3033/3033/2934 3034/3034/2935 3017/3017/2918
f 3034/3034/2935 3035/3035/2936 3018/3018/2919
f 3035/3035/2936 3036/3036/2937 3019/3019/2920
f 3036/3036/2937 3037/3037/2938 3020/3020/2921
f 3037/3037/2938 3038/3038/2939 3021/3021/2922
f 3038/3038/2939 3039/3039/2940 3022/3022/2923
f 3039/3039/2940 3040/3040/2941 3023/3023/2924
f 3040/3040/2941 3041/3041/2942 3024/3024/2925
f 3041/3041/2942 3042/3042/2943 3025/3025/2926
f 3042/3042/2943 3044/3044/2945 3043/3043/2944
f 3044/3044/2945 3045/3045/2946 3027/3027/2928
f 3045/3045/2946 3046/3046/2947 3028/3028/2929
f 3046/3046/2947 3047/3047/2948 3029/3029/2930
f 3047/3047/2948 3048/3048/2949 3030/3030/2931
f 3048/3048/2949 3065/3065/2966 3049/3049/2950
f 2387/2387/2312 3050/3050/2951 3032/3032/2933
f 3050/3050/2951 3051/3051/2952 3033/3033/2934
f 3051/3051/2952 3052/3052/2953 3034/3034/2935
f 3052/3052/2953 3053/3053/2954 3035/3035/2936
f 3053/3053/2954 3054/3054/2955 3036/3036/2937
f 3054/3054/2955 3055/3055/2956 3037/3037/2938
f 3055/3055/2956 3056/3056/2957 3038/3038/2939
f 3056/3056/2957 3057/3057/2958 3039/3039/2940
f 3057/3057/2958 3058/3058/2959 3040/3040/2941
f 3058/3058/2959 3059/3059/2960 3041/3041/2942
f 3059/3059/2960 3076/3076/2977 3042/3042/2943
f 3042/3042/2943 3076/3076/2977 3060/3060/2961
f 3060/3060/2961 3061/3061/2962 3045/3045/2946
f 3061/3061/2962 3062/3062/2963 3046/3046/2947
f 3062/3062/2963 3063/3063/2964 3047/3047/2948
f 3063/3063/2964 3064/3064/2965 3048/3048/2949
f 3064/3064/2965 3082/3082/2983 3065/3065/2966
f 2412/2412/2337 3066/3066/2967 3050/3050/2951
f 3066/3066/2967 3067/3067/2968 3051/3051/2952
f 3067/3067/2968 3068/3068/2969 3052/3052/2953
f 3068/3068/2969 3069/3069/2970 3053/3053/2954
f 3069/3069/2970 3070/3070/2971 3054/3054/2955
f 3070/3070/2971 3071/3071/2972 3055/3055/2956
f 3071/3071/2972 3072/3072/2973 3056/3056/2957
f 3072/3072/2973 3073/3073/2974 3057/3057/2958
f 3073/3073/2974 3074/3074/2975 3058/3058/2959
f 3074/3074/2975 3075/3075/2976 3059/3059/2960
f 3075/3075/2976 3093/3093/2994 3076/3076/2977
f 3076/3076/2977 3093/3093/2994 3077/3077/2978
f 3060/3060/2961 3077/3077/2978 3078/3078/2979
f 3078/3078/2979 3079/3079/2980 3062/3062/2963
f 3079/3079/2980 3080/3080/2981 3063/3063/2964
f 3080/3080/2981 3081/3081/2982 3064/3064/2965
f 3081/3081/2982 3099/3099/3000 3082/3082/2983
f 2438/2438/2363 3083/3083/2984 3066/3066/2967
f 3083/3083/2984 3084/3084/2985 3067/3067/2968
f 3084/3084/2985 3085/3085/2986 3068/3068/2969
f 3085/3085/2986 3086/3086/2987 3069/3069/2970
f 3086/3086/2987 3087/3087/2988 3070/3070/2971
f 3087/3087/2988 3088/3088/2989 3071/3071/2972
f 3088/3088/2989 3089/3089/2990 3072/3072/2973
f 3089/3089/2990 3090/3090/2991 3073/3073/2974
f 3090/3090/2991 3091/3091/2992 3074/3074/2975
f 3091/3091/2992 3092/3092/2993 3075/3075/2976
f 3092/3092/2993 3110/3110/3011 3093/3093/2994
f 3093/3093/2994 3110/3110/3011 3094/3094/2995
f 3077/3077/2978 3094/3094/2995 3095/3095/2996
f 3095/3095/2996 3096/3096/2997 3079/3079/2980
f 3096/3096/2997 3097/3097/2998 3080/3080/2981
f 3097/3097/2998 3098/3098/2999 3081/3081/2982
f 3098/3098/2999 3116/3116/3017 3099/3099/3000
f 2464/2464/2389 3100/3100/3001 3083/3083/2984
f 3100/3100/3001 3101/3101/3002 3084/3084/2985
f 3101/3101/3002 3102/3102/3003 3085/3085/2986
f 3102/3102/3003 3103/3103/3004 3086/3086/2987
f 3103/3103/3004 3104/3104/3005 3087/3087/2988
f 3104/3104/3005 3105/3105/3006 3088/3088/2989
f 3105/3105/3006 3106/3106/3007 3089/3089/2990
f 3106/3106/3007 3107/3107/3008 3090/3090/2991
f 3107/3107/3008 3108/3108/3009 3091/3091/2992
f 3108/3108/3009 3126/3126/3027 3092/3092/2993
f 3092/3092/2993 3126/3126/3027 3109/3109/3010
f 3110/3110/3011 3109/3109/3010 3111/3111/3012
f 3094/3094/2995 3111/3111/3012 3112/3112/3013
f 3095/3095/2996 3112/3112/3013 3113/3113/3014
f 3113/3113/3014 3114/3114/3015 3097/3097/2998
f 3114/3114/3015 3115/3115/3016 3098/3098/2999
f 3115/3115/3016 3133/3133/2078 3116/3116/3017
f 2490/2490/2415 3117/3117/3018 3100/3100/3001
f 3117/3117/3018 3118/3118/3019 3101/3101/3002
f 3118/3118/3019 3119/3119/3020 3102/3102/3003
f 3119/3119/3020 3120/3120/3021 3103/3103/3004
f 3120/3120/3021 3121/3121/3022 3104/3104/3005
f 3121/3121/3022 3122/3122/3023 3105/3105/3006
f 3122/3122/3023 3123/3123/3024 3106/3106/3007
f 3123/3123/3024 3124/3124/3025 3107/3107/3008
f 3124/3124/3025 3125/3125/3026 3108/3108/3009
f 3125/3125/3026 3143/3143/3043 3126/3126/3027
f 3126/3126/3027 3143/3143/3043 3127/3127/3028
f 3109/3109/3010 3127/3127/3028 3128/3128/3029
f 3111/3111/3012 3128/3128/3029 3129/3129/3030
f 3112/3112/3013 3129/3129/3030 3130/3130/3031
f 3130/3130/3031 3131/3131/3032 3114/3114/3015
f 3131/3131/3032 3132/3132/3033 3115/3115/3016
f 3132/3132/3033 3150/3150/3050 3133/3133/2078
f 2516/2516/2441 3134/3134/3034 3117/3117/3018
f 3134/3134/3034 3135/3135/3035 3118/3118/3019
f 3135/3135/3035 3136/3136/3036 3119/3119/3020
f 3136/3136/3036 3137/3137/3037 3120/3120/3021
f 3137/3137/3037 3138/3138/3038 3121/3121/3022
f 3138/3138/3038 3139/3139/3039 3122/3122/3023
f 3139/3139/3039 3140/3140/3040 3123/3123/3024
f 3140/3140/3040 3141/3141/3041 3124/3124/3025
f 3141/3141/3041 3142/3142/3042 3125/3125/3026
f 3142/3142/3042 3160/3160/3060 3143/3143/3043
f 3143/3143/3043 3160/3160/3060 3144/3144/3044
f 3127/3127/3028 3144/3144/3044 3145/3145/3045
f 3128/3128/3029 3145/3145/3045 3146/3146/3046
f 3129/3129/3030 3146/3146/3046 3147/3147/3047
f 3147/3147/3047 3148/3148/3048 3131/3131/3032
f 3148/3148/3048 3149/3149/3049 3132/3132/3033
f 3149/3149/3049 3167/3167/2082 3150/3150/3050
f 2541/2541/2466 3151/3151/3051 3134/3134/3034
f 3151/3151/3051 3152/3152/3052 3135/3135/3035
f 3152/3152/3052 3153/3153/3053 3136/3136/3036
f 3153/3153/3053 3154/3154/3054 3137/3137/3037
f 3154/3154/3054 3155/3155/3055 3138/3138/3038
f 3155/3155/3055 3156/3156/3056 3139/3139/3039
f 3156/3156/3056 3157/3157/3057 3140/3140/3040
f 3157/3157/3057 3158/3158/3058 3141/3141/3041
f 3158/3158/3058 3159/3159/3059 3142/3142/3042
f 3159/3159/3059 3176/3176/3075 3160/3160/3060
f 3160/3160/3060 3176/3176/3075 3161/3161/3061
f 3144/3144/3044 3161/3161/3061 3162/3162/3062
f 3145/3145/3045 3162/3162/3062 3163/3163/3063
f 3146/3146/3046 3163/3163/3063 3164/3164/3064
f 3147/3147/3047 3164/3164/3064 3165/3165/3065
f 3165/3165/3065 3166/3166/3066 3149/3149/3049
f 3166/3166/3066 3183/3183/2084 3167/3167/2082
f 2567/2567/2492 3168/3168/3067 3151/3151/3051
f 3168/3168/3067 3169/3169/3068 3152/3152/3052
f 3169/3169/3068 3170/3170/3069 3153/3153/3053
f 3170/3170/3069 3187/3187/3085 3154/3154/3054
f 3154/3154/3054 3187/3187/3085 3171/3171/3070
f 3155/3155/3055 3171/3171/3070 3172/3172/3071
f 3156/3156/3056 3172/3172/3071 3173/3173/3072
f 3157/3157/3057 3173/3173/3072 3174/3174/3073
f 3158/3158/3058 3174/3174/3073 3175/3175/3074
f 3175/3175/3074 3194/3194/3092 3176/3176/3075
f 3176/3176/3075 3194/3194/3092 3177/3177/3076
f 3161/3161/3061 3177/3177/3076 3178/3178/3077
f 3162/3162/3062 3178/3178/3077 3179/3179/3078
f 3163/3163/3063 3179/3179/3078 3180/3180/3079
f 3164/3164/3064 3180/3180/3079 3181/3181/3080
f 3181/3181/3080 3182/3182/3081 3166/3166/3066
f 3182/3182/3081 3201/3201/2086 3183/3183/2084
f 2593/2593/2518 3184/3184/3082 3168/3168/3067
f 3184/3184/3082 3185/3185/3083 3169/3169/3068
f 3185/3185/3083 3204/3204/3101 3170/3170/3069
f 3170/3170/3069 3204/3204/3101 3186/3186/3084
f 3187/3187/3085 3186/3186/3084 3188/3188/3086
f 3171/3171/3070 3188/3188/3086 3189/3189/3087
f 3172/3172/3071 3189/3189/3087 3190/3190/3088
f 3173/3173/3072 3190/3190/3088 3191/3191/3089
f 3174/3174/3073 3191/3191/3089 3192/3192/3090
f 3175/3175/3074 3192/3192/3090 3193/3193/3091
f 3194/3194/3092 3193/3193/3091 3195/3195/3093
f 3177/3177/3076 3195/3195/3093 3196/3196/3094
f 3178/3178/3077 3196/3196/3094 3197/3197/3095
f 3179/3179/3078 3197/3197/3095 3198/3198/3096
f 3180/3180/3079 3198/3198/3096 3199/3199/3097
f 3199/3199/3097 3200/3200/3098 3182/3182/3081
f 3200/3200/3098 3218/3218/2088 3201/3201/2086
f 2619/2619/2544 3202/3202/3099 3184/3184/3082
f 3202/3202/3099 3220/3220/3116 3185/3185/3083
f 3185/3185/3083 3220/3220/3116 3203/3203/3100
f 3204/3204/3101 3203/3203/3100 3205/3205/3102
f 3186/3186/3084 3205/3205/3102 3206/3206/3103
f 3188/3188/3086 3206/3206/3103 3207/3207/3104
f 3189/3189/3087 3207/3207/3104 3208/3208/3105
f 3190/3190/3088 3208/3208/3105 3209/3209/3106
f 3191/3191/3089 3209/3209/3106 3210/3210/3107
f 3192/3192/3090 3210/3210/3107 3211/3211/3108
f 3193/3193/3091 3211/3211/3108 3212/3212/3109
f 3195/3195/3093 3212/3212/3109 3213/3213/3110
f 3196/3196/3094 3213/3213/3110 3214/3214/3111
f 3197/3197/3095 3214/3214/3111 3215/3215/3112
f 3198/3198/3096 3215/3215/3112 3216/3216/3113
f 3216/3216/3113 3217/3217/3114 3200/3200/3098
f 3217/3217/3114 3235/3235/3131 3218/3218/2088
f 2645/2645/2570 3237/3237/3133 3202/3202/3099
f 3202/3202/3099 3237/3237/3133 3219/3219/3115
f 3220/3220/3116 3219/3219/3115 3221/3221/3117
f 3203/3203/3100 3221/3221/3117 3222/3222/3118
f 3205/3205/3102 3222/3222/3118 3223/3223/3119
f 3206/3206/3103 3223/3223/3119 3224/3224/3120
f 3207/3207/3104 3224/3224/3120 3225/3225/3121
f 3208/3208/3105 3225/3225/3121 3226/3226/3122
f 3209/3209/3106 3226/3226/3122 3227/3227/3123
f 3210/3210/3107 3227/3227/3123 3228/3228/3124
f 3211/3211/3108 3228/3228/3124 3229/3229/3125
f 3212/3212/3109 3229/3229/3125 3230/3230/3126
f 3213/3213/3110 3230/3230/3126 3231/3231/3127
f 3214/3214/3111 3231/3231/3127 3232/3232/3128
f 3232/3232/3128 3233/3233/3129 3216/3216/3113
f 3233/3233/3129 3234/3234/3130 3217/3217/3114
f 3234/3234/3130 3252/3252/2092 3235/3235/3131
f 2645/2645/2570 2671/2671/2596 3236/3236/3132
f 3237/3237/3133 3236/3236/3132 3238/3238/3134
f 3219/3219/3115 3238/3238/3134 3239/3239/3135
f 3221/3221/3117 3239/3239/3135 3240/3240/3136
f 3222/3222/3118 3240/3240/3136 3241/3241/3137
f 3223/3223/3119 3241/3241/3137 3242/3242/3138
f 3224/3224/3120 3242/3242/3138 3243/3243/3139
f 3225/3225/3121 3243/3243/3139 3244/3244/3140
f 3226/3226/3122 3244/3244/3140 3245/3245/3141
f 3227/3227/3123 3245/3245/3141 3246/3246/3142
f 3228/3228/3124 3246/3246/3142 3247/3247/3143
f 3229/3229/3125 3247/3247/3143 3248/3248/3144
f 3248/3248/3144 3265/3265/3160 3231/3231/3127
f 3231/3231/3127 3265/3265/3160 3249/3249/3145
f 3249/3249/3145 3250/3250/3146 3233/3233/3129
f 3250/3250/3146 3251/3251/3147 3234/3234/3130
f 3251/3251/3147 3270/3270/2094 3252/3252/2092
f 2671/2671/2596 2697/2697/2622 3253/3253/3148
f 3236/3236/3132 3253/3253/3148 3254/3254/3149
f 3238/3238/3134 3254/3254/3149 3255/3255/3150
f 3239/3239/3135 3255/3255/3150 3256/3256/3151
f 3240/3240/3136 3256/3256/3151 3257/3257/3152
f 3241/3241/3137 3257/3257/3152 3258/3258/3153
f 3242/3242/3138 3258/3258/3153 3259/3259/3154
f 3243/3243/3139 3259/3259/3154 3260/3260/3155
f 3244/3244/3140 3260/3260/3155 3261/3261/3156
f 3245/3245/3141 3261/3261/3156 3262/3262/3157
f 3246/3246/3142 3262/3262/3157 3263/3263/3158
f 3247/3247/3143 3263/3263/3158 3264/3264/3159
f 3264/3264/3159 3266/3266/3161 3265/3265/3160
f 3266/3266/3161 3267/3267/3162 3249/3249/3145
f 3267/3267/3162 3268/3268/3163 3250/3250/3146
f 3268/3268/3163 3269/3269/3164 3251/3251/3147
f 3269/3269/3164 3287/3287/2096 3270/3270/2094
f 2697/2697/2622 2723/2723/2648 3271/3271/3165
f 3253/3253/3148 3271/3271/3165 3272/3272/3166
f 3254/3254/3149 3272/3272/3166 3273/3273/3167
f 3255/3255/3150 3273/3273/3167 3274/3274/3168
f 3256/3256/3151 3274/3274/3168 3275/3275/3169
f 3257/3257/3152 3275/3275/3169 3276/3276/3170
f 3258/3258/3153 3276/3276/3170 3277/3277/3171
f 3259/3259/3154 3277/3277/3171 3278/3278/3172
f 3260/3260/3155 3278/3278/3172 3279/3279/3173
f 3261/3261/3156 3279/3279/3173 3280/3280/3174
f 3262/3262/3157 3280/3280/3174 3281/3281/3175
f 3281/3281/3175 3282/3282/3176 3264/3264/3159
f 3282/3282/3176 3283/3283/3177 3266/3266/3161
f 3283/3283/3177 3284/3284/3178 3267/3267/3162
f 3284/3284/3178 3285/3285/3179 3268/3268/3163
f 3285/3285/3179 3286/3286/3180 3269/3269/3164
f 3286/3286/3180 3304/3304/2098 3287/3287/2096
f 2723/2723/2648 2749/2749/2674 3288/3288/3181
f 3271/3271/3165 3288/3288/3181 3289/3289/3182
f 3272/3272/3166 3289/3289/3182 3290/3290/3183
f 3273/3273/3167 3290/3290/3183 3291/3291/3184
f 3274/3274/3168 3291/3291/3184 3292/3292/3185
f 3275/3275/3169 3292/3292/3185 3293/3293/3186
f 3276/3276/3170 3293/3293/3186 3294/3294/3187
f 3277/3277/3171 3294/3294/3187 3295/3295/3188
f 3278/3278/3172 3295/3295/3188 3296/3296/3189
f 3279/3279/3173 3296/3296/3189 3297/3297/3190
f 3280/3280/3174 3297/3297/3190 3298/3298/3191
f 3298/3298/3191 3299/3299/3192 3282/3282/3176
f 3299/3299/3192 3300/3300/3193 3283/3283/3177
f 3300/3300/3193 3301/3301/3194 3284/3284/3178
f 3301/3301/3194 3302/3302/3195 3285/3285/3179
f 3302/3302/3195 3303/3303/3196 3286/3286/3180
f 3303/3303/3196 3321/3321/3213 3304/3304/2098
f 2749/2749/2674 2775/2775/2700 3305/3305/3197
f 3288/3288/3181 3305/3305/3197 3306/3306/3198
f 3289/3289/3182 3306/3306/3198 3307/3307/3199
f 3290/3290/3183 3307/3307/3199 3308/3308/3200
f 3291/3291/3184 3308/3308/3200 3309/3309/3201
f 3292/3292/3185 3309/3309/3201 3310/3310/3202
f 3293/3293/3186 3310/3310/3202 3311/3311/3203
f 3294/3294/3187 3311/3311/3203 3312/3312/3204
f 3295/3295/3188 3312/3312/3204 3313/3313/3205
f 3296/3296/3189 3313/3313/3205 3314/3314/3206
f 3297/3297/3190 3314/3314/3206 3315/3315/3207
f 3315/3315/3207 3316/3316/3208 3299/3299/3192
f 3316/3316/3208 3317/3317/3209 3300/3300/3193
f 3317/3317/3209 3318/3318/3210 3301/3301/3194
f 3318/3318/3210 3319/3319/3211 3302/3302/3195
f 3319/3319/3211 3320/3320/3212 3303/3303/3196
f 3320/3320/3212 3338/3338/3230 3321/3321/3213
f 2775/2775/2700 2801/2801/2726 3322/3322/3214
f 3305/3305/3197 3322/3322/3214 3323/3323/3215
f 3306/3306/3198 3323/3323/3215 3324/3324/3216
f 3307/3307/3199 3324/3324/3216 3325/3325/3217
f 3308/3308/3200 3325/3325/3217 3326/3326/3218
f 3309/3309/3201 3326/3326/3218 3327/3327/3219
f 3310/3310/3202 3327/3327/3219 3328/3328/3220
f 3311/3311/3203 3328/3328/3220 3329/3329/3221
f 3312/3312/3204 3329/3329/3221 3330/3330/3222
f 3313/3313/3205 3330/3330/3222 3331/3331/3223
f 3314/3314/3206 3331/3331/3223 3332/3332/3224
f 3332/3332/3224 3333/3333/3225 3316/3316/3208
f 3333/3333/3225 3334/3334/3226 3317/3317/3209
f 3334/3334/3226 3335/3335/3227 3318/3318/3210
f 3335/3335/3227 3336/3336/3228 3319/3319/3211
f 3336/3336/3228 3337/3337/3229 3320/3320/3212
f 3337/3337/3229 3355/3355/2104 3338/3338/3230
f 2801/2801/2726 2827/2827/2752 3339/3339/3231
f 3322/3322/3214 3339/3339/3231 3340/3340/3232
f 3323/3323/3215 3340/3340/3232 3341/3341/3233
f 3324/3324/3216 3341/3341/3233 3342/3342/3234
f 3325/3325/3217 3342/3342/3234 3343/3343/3235
f 3326/3326/3218 3343/3343/3235 3344/3344/3236
f 3327/3327/3219 3344/3344/3236 3345/3345/3237
f 3328/3328/3220 3345/3345/3237 3346/3346/3238
f 3329/3329/3221 3346/3346/3238 3347/3347/3239
f 3330/3330/3222 3347/3347/3239 3348/3348/3240
f 3331/3331/3223 3348/3348/3240 3349/3349/3241
f 3349/3349/3241 3350/3350/3242 3333/3333/3225
f 3350/3350/3242 3351/3351/3243 3334/3334/3226
f 3351/3351/3243 3352/3352/3244 3335/3335/3227
f 3352/3352/3244 3353/3353/3245 3336/3336/3228
f 3353/3353/3245 3354/3354/3246 3337/3337/3229
f 3354/3354/3246 3372/3372/2106 3355/3355/2104
f 2827/2827/2752 2853/2853/2778 3356/3356/3247
f 3339/3339/3231 3356/3356/3247 3357/3357/3248
f 3340/3340/3232 3357/3357/3248 3358/3358/3249
f 3341/3341/3233 3358/3358/3249 3359/3359/3250
f 3342/3342/3234 3359/3359/3250 3360/3360/3251
f 3343/3343/3235 3360/3360/3251 3361/3361/3252
f 3344/3344/3236 3361/3361/3252 3362/3362/3253
f 3345/3345/3237 3362/3362/3253 3363/3363/3254
f 3346/3346/3238 3363/3363/3254 3364/3364/3255
f 3347/3347/3239 3364/3364/3255 3365/3365/3256
f 3348/3348/3240 3365/3365/3256 3366/3366/3257
f 3349/3349/3241 3366/3366/3257 3367/3367/3258
f 3350/3350/3242 3367/3367/3258 3368/3368/3259
f 3368/3368/3259 3369/3369/3260 3352/3352/3244
f 3369/3369/3260 3370/3370/3261 3353/3353/3245
f 3370/3370/3261 3371/3371/3262 3354/3354/3246
f 3371/3371/3262 3389/3389/2108 3372/3372/2106
f 2853/2853/2778 2880/2880/2805 3373/3373/3263
f 3356/3356/3247 3373/3373/3263 3374/3374/3264
f 3357/3357/3248 3374/3374/3264 3375/3375/3265
f 3358/3358/3249 3375/3375/3265 3376/3376/3266
f 3359/3359/3250 3376/3376/3266 3377/3377/3267
f 3360/3360/3251 3377/3377/3267 3378/3378/3268
f 3361/3361/3252 3378/3378/3268 3379/3379/3269
f 3362/3362/3253 3379/3379/3269 3380/3380/3270
f 3363/3363/3254 3380/3380/3270 3381/3381/3271
f 3364/3364/3255 3381/3381/3271 3382/3382/3272
f 3365/3365/3256 3382/3382/3272 3383/3383/3273
f 3366/3366/3257 3383/3383/3273 3384/3384/3274
f 3367/3367/3258 3384/3384/3274 3385/3385/3275
f 3368/3368/3259 3385/3385/3275 3386/3386/3276
f 3386/3386/3276 3387/3387/3277 3370/3370/3261
f 3387/3387/3277 3388/3388/3278 3371/3371/3262
f 3388/3388/3278 3406/3406/3295 3389/3389/2108
f 2880/2880/2805 2906/2906/2831 3390/3390/3279
f 3373/3373/3263 3390/3390/3279 3391/3391/3280
f 3374/3374/3264 3391/3391/3280 3392/3392/3281
f 3375/3375/3265 3392/3392/3281 3393/3393/3282
f 3376/3376/3266 3393/3393/3282 3394/3394/3283
f 3377/3377/3267 3394/3394/3283 3395/3395/3284
f 3378/3378/3268 3395/3395/3284 3396/3396/3285
f 3379/3379/3269 3396/3396/3285 3397/3397/3286
f 3380/3380/3270 3397/3397/3286 3398/3398/3287
f 3381/3381/3271 3398/3398/3287 3399/3399/3288
f 3382/3382/3272 3399/3399/3288 3400/3400/3289
f 3383/3383/3273 3400/3400/3289 3401/3401/3290
f 3384/3384/3274 3401/3401/3290 3402/3402/3291
f 3385/3385/3275 3402/3402/3291 3403/3403/3292
f 3403/3403/3292 3404/3404/3293 3387/3387/3277
f 3404/3404/3293 3405/3405/3294 3388/3388/3278
f 3405/3405/3294 3423/3423/2112 3406/3406/3295
f 2906/2906/2831 2932/2932/2857 3407/3407/3296
f 3390/3390/3279 3407/3407/3296 3408/3408/3297
f 3391/3391/3280 3408/3408/3297 3409/3409/3298
f 3392/3392/3281 3409/3409/3298 3410/3410/3299
f 3393/3393/3282 3410/3410/3299 3411/3411/3300
f 3394/3394/3283 3411/3411/3300 3412/3412/3301
f 3395/3395/3284 3412/3412/3301 3413/3413/3302
f 3396/3396/3285 3413/3413/3302 3414/3414/3303
f 3397/3397/3286 3414/3414/3303 3415/3415/3304
f 3398/3398/3287 3415/3415/3304 3416/3416/3305
f 3399/3399/3288 3416/3416/3305 3417/3417/3306
f 3400/3400/3289 3417/3417/3306 3418/3418/3307
f 3401/3401/3290 3418/3418/3307 3419/3419/3308
f 3402/3402/3291 3419/3419/3308 3420/3420/3309
f 3403/3403/3292 3420/3420/3309 3421/3421/3310
f 3421/3421/3310 3422/3422/3311 3405/3405/3294
f 3422/3422/3311 3440/3440/2114 3423/3423/2112
f 2932/2932/2857 2958/2958/272 3424/3424/3312
f 3407/3407/3296 3424/3424/3312 3425/3425/1467
f 3408/3408/3297 3425/3425/1467 3426/3426/1469
f 3409/3409/3298 3426/3426/1469 3427/3427/1471
f 3410/3410/3299 3427/3427/1471 3428/3428/3313
f 3411/3411/3300 3428/3428/3313 3429/3429/1475
f 3412/3412/3301 3429/3429/1475 3430/3430/1477
f 3413/3413/3302 3430/3430/1477 3431/3431/3314
f 3414/3414/3303 3431/3431/3314 3432/3432/1481
f 3415/3415/3304 3432/3432/1481 3433/3433/3315
f 3416/3416/3305 3433/3433/3315 3434/3434/3316
f 3417/3417/3306 3434/3434/3316 3435/3435/1486
f 3418/3418/3307 3435/3435/1486 3436/3436/1488
f 3419/3419/3308 3436/3436/1488 3437/3437/3317
f 3420/3420/3309 3437/3437/3317 3438/3438/1492
f 3438/3438/1492 3439/3439/3318 3422/3422/3311
f 3439/3439/3318 5312/5097/1496 3440/3440/2114
f 3441/3441/3319 3490/3490/3368 3442/3442/3320
f 3443/3443/3321 3442/3442/3320 3444/3444/3322
f 3444/3444/3322 3447/3447/3325 3446/3446/3324
f 3447/3447/3325 3449/3449/3327 3448/3448/3326
f 3449/3449/3327 3451/3451/3329 3450/3450/3328
f 3451/3451/3329 3453/3453/3331 3452/3452/3330
f 3453/3453/3331 3455/3455/3333 3454/3454/3332
f 3455/3455/3333 3457/3457/3335 3456/3456/3334
f 3457/3457/3335 3459/3459/3337 3458/3458/3336
f 3459/3459/3337 3461/3461/3339 3460/3460/3338
f 3461/3461/3339 3463/3463/3341 3462/3462/3340
f 3463/3463/3341 3465/3465/3343 3464/3464/3342
f 3465/3465/3343 3467/3467/3345 3466/3466/3344
f 3467/3467/3345 3469/3469/3347 3468/3468/3346
f 3469/3469/3347 3471/3471/3349 3470/3470/3348
f 3471/3471/3349 3473/3473/3351 3472/3472/3350
f 3473/3473/3351 3475/3475/3353 3474/3474/3352
f 3475/3475/3353 3477/3477/3355 3476/3476/3354
f 3477/3477/3355 3479/3479/3357 3478/3478/3356
f 3479/3479/3357 3481/3481/3359 3480/3480/3358
f 3481/3481/3359 3483/3483/3361 3482/3482/3360
f 3483/3483/3361 3485/3485/3363 3484/3484/3362
f 3485/3485/3363 3512/3512/3390 3486/3486/3364
f 3487/3487/3365 3514/3514/3392 3488/3488/3366
f 3490/3490/3368 3515/3515/3393 3491/3491/3369
f 3442/3442/3320 3491/3491/3369 3492/3492/3370
f 3492/3492/3370 3493/3493/3371 3447/3447/3325
f 3493/3493/3371 3494/3494/3372 3449/3449/3327
f 3494/3494/3372 3495/3495/3373 3451/3451/3329
f 3495/3495/3373 3496/3496/3374 3453/3453/3331
f 3496/3496/3374 3497/3497/3375 3455/3455/3333
f 3497/3497/3375 3498/3498/3376 3457/3457/3335
f 3498/3498/3376 3499/3499/3377 3459/3459/3337
f 3499/3499/3377 3500/3500/3378 3461/3461/3339
f 3500/3500/3378 3501/3501/3379 3463/3463/3341
f 3501/3501/3379 3502/3502/3380 3465/3465/3343
f 3502/3502/3380 3503/3503/3381 3467/3467/3345
f 3503/3503/3381 3504/3504/3382 3469/3469/3347
f 3504/3504/3382 3505/3505/3383 3471/3471/3349
f 3505/3505/3383 3506/3506/3384 3473/3473/3351
f 3506/3506/3384 3507/3507/3385 3475/3475/3353
f 3507/3507/3385 3533/3533/3411 3477/3477/3355
f 3477/3477/3355 3533/3533/3411 3508/3508/3386
f 3508/3508/3386 3509/3509/3387 3481/3481/3359
f 3509/3509/3387 3510/3510/3388 3483/3483/3361
f 3510/3510/3388 3511/3511/3389 3485/3485/3363
f 3511/3511/3389 3539/3539/3417 3512/3512/3390
f 3513/3513/3391 3541/3541/3419 3514/3514/3392
f 3515/3515/3393 3542/3542/3420 3516/3516/3394
f 3516/3516/3394 3517/3517/3395 3492/3492/3370
f 3517/3517/3395 3518/3518/3396 3493/3493/3371
f 3518/3518/3396 3519/3519/3397 3494/3494/3372
f 3519/3519/3397 3520/3520/3398 3495/3495/3373
f 3520/3520/3398 3521/3521/3399 3496/3496/3374
f 3521/3521/3399 3522/3522/3400 3497/3497/3375
f 3522/3522/3400 3523/3523/3401 3498/3498/3376
f 3523/3523/3401 3524/3524/3402 3499/3499/3377
f 3524/3524/3402 3525/3525/3403 3500/3500/3378
f 3525/3525/3403 3526/3526/3404 3501/3501/3379
f 3526/3526/3404 3527/3527/3405 3502/3502/3380
f 3527/3527/3405 3528/3528/3406 3503/3503/3381
f 3528/3528/3406 3529/3529/3407 3504/3504/3382
f 3529/3529/3407 3530/3530/3408 3505/3505/3383
f 3530/3530/3408 3531/3531/3409 3506/3506/3384
f 3531/3531/3409 3532/3532/3410 3507/3507/3385
f 3532/3532/3410 3534/3534/3412 3533/3533/3411
f 3534/3534/3412 3535/3535/3413 3508/3508/3386
f 3535/3535/3413 3536/3536/3414 3509/3509/3387
f 3536/3536/3414 3537/3537/3415 3510/3510/3388
f 3537/3537/3415 3538/3538/3416 3511/3511/3389
f 3538/3538/3416 3565/3565/3443 3539/3539/3417
f 3540/3540/3418 3567/3567/3445 3541/3541/3419
f 3542/3542/3420 3568/3568/3446 3543/3543/3421
f 3543/3543/3421 3544/3544/3422 3517/3517/3395
f 3544/3544/3422 3545/3545/3423 3518/3518/3396
f 3545/3545/3423 3546/3546/3424 3519/3519/3397
f 3546/3546/3424 3547/3547/3425 3520/3520/3398
f 3547/3547/3425 3548/3548/3426 3521/3521/3399
f 3548/3548/3426 3549/3549/3427 3522/3522/3400
f 3549/3549/3427 3550/3550/3428 3523/3523/3401
f 3550/3550/3428 3551/3551/3429 3524/3524/3402
f 3551/3551/3429 3552/3552/3430 3525/3525/3403
f 3552/3552/3430 3553/3553/3431 3526/3526/3404
f 3553/3553/3431 3554/3554/3432 3527/3527/3405
f 3554/3554/3432 3555/3555/3433 3528/3528/3406
f 3555/3555/3433 3556/3556/3434 3529/3529/3407
f 3556/3556/3434 3557/3557/3435 3530/3530/3408
f 3557/3557/3435 3558/3558/3436 3531/3531/3409
f 3558/3558/3436 3559/3559/3437 3532/3532/3410
f 3559/3559/3437 3560/3560/3438 3534/3534/3412
f 3560/3560/3438 3561/3561/3439 3535/3535/3413
f 3561/3561/3439 3562/3562/3440 3536/3536/3414
f 3562/3562/3440 3563/3563/3441 3537/3537/3415
f 3563/3563/3441 3564/3564/3442 3538/3538/3416
f 3564/3564/3442 3591/3591/3469 3565/3565/3443
f 3566/3566/3444 3593/3593/3471 3567/3567/3445
f 3568/3568/3446 3595/3595/3473 3569/3569/3447
f 3569/3569/3447 3570/3570/3448 3544/3544/3422
f 3570/3570/3448 3571/3571/3449 3545/3545/3423
f 3571/3571/3449 3572/3572/3450 3546/3546/3424
f 3572/3572/3450 3573/3573/3451 3547/3547/3425
f 3573/3573/3451 3574/3574/3452 3548/3548/3426
f 3574/3574/3452 3575/3575/3453 3549/3549/3427
f 3575/3575/3453 3576/3576/3454 3550/3550/3428
f 3576/3576/3454 3577/3577/3455 3551/3551/3429
f 3577/3577/3455 3578/3578/3456 3552/3552/3430
f 3578/3578/3456 3579/3579/3457 3553/3553/3431
f 3579/3579/3457 3580/3580/3458 3554/3554/3432
f 3580/3580/3458 3581/3581/3459 3555/3555/3433
f 3581/3581/3459 3582/3582/3460 3556/3556/3434
f 3582/3582/3460 3583/3583/3461 3557/3557/3435
f 3583/3583/3461 3584/3584/3462 3558/3558/3436
f 3584/3584/3462 3585/3585/3463 3559/3559/3437
f 3585/3585/3463 3586/3586/3464 3560/3560/3438
f 3586/3586/3464 3587/3587/3465 3561/3561/3439
f 3587/3587/3465 3588/3588/3466 3562/3562/3440
f 3588/3588/3466 3589/3589/3467 3563/3563/3441
f 3589/3589/3467 3590/3590/3468 3564/3564/3442
f 3590/3590/3468 3618/3618/3496 3591/3591/3469
f 3592/3592/3470 3620/3620/3498 3593/3593/3471
f 3594/3594/3472 3596/3596/3474 3569/3569/3447
f 3596/3596/3474 3597/3597/3475 3570/3570/3448
f 3597/3597/3475 3598/3598/3476 3571/3571/3449
f 3598/3598/3476 3599/3599/3477 3572/3572/3450
f 3599/3599/3477 3600/3600/3478 3573/3573/3451
f 3600/3600/3478 3601/3601/3479 3574/3574/3452
f 3601/3601/3479 3602/3602/3480 3575/3575/3453
f 3602/3602/3480 3603/3603/3481 3576/3576/3454
f 3603/3603/3481 3604/3604/3482 3577/3577/3455
f 3604/3604/3482 3605/3605/3483 3578/3578/3456
f 3605/3605/3483 3606/3606/3484 3579/3579/3457
f 3606/3606/3484 3607/3607/3485 3580/3580/3458
f 3607/3607/3485 3608/3608/3486 3581/3581/3459
f 3608/3608/3486 3609/3609/3487 3582/3582/3460
f 3609/3609/3487 3610/3610/3488 3583/3583/3461
f 3610/3610/3488 3611/3611/3489 3584/3584/3462
f 3611/3611/3489 3612/3612/3490 3585/3585/3463
f 3612/3612/3490 3613/3613/3491 3586/3586/3464
f 3613/3613/3491 3614/3614/3492 3587/3587/3465
f 3614/3614/3492 3615/3615/3493 3588/3588/3466
f 3615/3615/3493 3616/3616/3494 3589/3589/3467
f 3616/3616/3494 3617/3617/3495 3590/3590/3468
f 3617/3617/3495 3644/3644/3522 3618/3618/3496
f 3619/3619/3497 3646/3646/3524 3620/3620/3498
f 3621/3621/3499 3622/3622/3500 3596/3596/3474
f 3622/3622/3500 3623/3623/3501 3597/3597/3475
f 3623/3623/3501 3624/3624/3502 3598/3598/3476
f 3624/3624/3502 3625/3625/3503 3599/3599/3477
f 3625/3625/3503 3626/3626/3504 3600/3600/3478
f 3626/3626/3504 3627/3627/3505 3601/3601/3479
f 3627/3627/3505 3628/3628/3506 3602/3602/3480
f 3628/3628/3506 3629/3629/3507 3603/3603/3481
f 3629/3629/3507 3630/3630/3508 3604/3604/3482
f 3630/3630/3508 3631/3631/3509 3605/3605/3483
f 3631/3631/3509 3632/3632/3510 3606/3606/3484
f 3632/3632/3510 3633/3633/3511 3607/3607/3485
f 3633/3633/3511 3634/3634/3512 3608/3608/3486
f 3634/3634/3512 3635/3635/3513 3609/3609/3487
f 3635/3635/3513 3636/3636/3514 3610/3610/3488
f 3636/3636/3514 3637/3637/3515 3611/3611/3489
f 3637/3637/3515 3638/3638/3516 3612/3612/3490
f 3638/3638/3516 3639/3639/3517 3613/3613/3491
f 3639/3639/3517 3640/3640/3518 3614/3614/3492
f 3640/3640/3518 3641/3641/3519 3615/3615/3493
f 3641/3641/3519 3642/3642/3520 3616/3616/3494
f 3642/3642/3520 3643/3643/3521 3617/3617/3495
f 3643/3643/3521 3670/3670/3548 3644/3644/3522
f 3645/3645/3523 3672/3672/3550 3646/3646/3524
f 3647/3647/3525 3648/3648/3526 3622/3622/3500
f 3648/3648/3526 3649/3649/3527 3623/3623/3501
f 3649/3649/3527 3650/3650/3528 3624/3624/3502
f 3650/3650/3528 3651/3651/3529 3625/3625/3503
f 3651/3651/3529 3652/3652/3530 3626/3626/3504
f 3652/3652/3530 3653/3653/3531 3627/3627/3505
f 3653/3653/3531 3654/3654/3532 3628/3628/3506
f 3654/3654/3532 3655/3655/3533 3629/3629/3507
f 3655/3655/3533 3656/3656/3534 3630/3630/3508
f 3656/3656/3534 3657/3657/3535 3631/3631/3509
f 3657/3657/3535 3658/3658/3536 3632/3632/3510
f 3658/3658/3536 3659/3659/3537 3633/3633/3511
f 3659/3659/3537 3660/3660/3538 3634/3634/3512
f 3660/3660/3538 3661/3661/3539 3635/3635/3513
f 3661/3661/3539 3662/3662/3540 3636/3636/3514
f 3662/3662/3540 3663/3663/3541 3637/3637/3515
f 3663/3663/3541 3664/3664/3542 3638/3638/3516
f 3664/3664/3542 3665/3665/3543 3639/3639/3517
f 3665/3665/3543 3666/3666/3544 3640/3640/3518
f 3666/3666/3544 3667/3667/3545 3641/3641/3519
f 3667/3667/3545 3668/3668/3546 3642/3642/3520
f 3668/3668/3546 3669/3669/3547 3643/3643/3521
f 3669/3669/3547 3694/3694/3572 3670/3670/3548
f 3671/3671/3549 3696/3696/3574 3672/3672/3550
f 3673/3673/3551 3698/3698/3576 3648/3648/3526
f 3648/3648/3526 3698/3698/3576 3674/3674/3552
f 3674/3674/3552 3675/3675/3553 3650/3650/3528
f 3675/3675/3553 3676/3676/3554 3651/3651/3529
f 3676/3676/3554 3677/3677/3555 3652/3652/3530
f 3677/3677/3555 3678/3678/3556 3653/3653/3531
f 3678/3678/3556 3679/3679/3557 3654/3654/3532
f 3679/3679/3557 3680/3680/3558 3655/3655/3533
f 3680/3680/3558 3681/3681/3559 3656/3656/3534
f 3681/3681/3559 3682/3682/3560 3657/3657/3535
f 3682/3682/3560 3683/3683/3561 3658/3658/3536
f 3683/3683/3561 3684/3684/3562 3659/3659/3537
f 3684/3684/3562 3685/3685/3563 3660/3660/3538
f 3685/3685/3563 3686/3686/3564 3661/3661/3539
f 3686/3686/3564 3687/3687/3565 3662/3662/3540
f 3687/3687/3565 3688/3688/3566 3663/3663/3541
f 3688/3688/3566 3714/3714/3592 3664/3664/3542
f 3664/3664/3542 3714/3714/3592 3689/3689/3567
f 3665/3665/3543 3689/3689/3567 3690/3690/3568
f 3690/3690/3568 3691/3691/3569 3667/3667/3545
f 3691/3691/3569 3692/3692/3570 3668/3668/3546
f 3692/3692/3570 3693/3693/3571 3669/3669/3547
f 3693/3693/3571 3720/3720/3598 3694/3694/3572
f 3695/3695/3573 3722/3722/3600 3696/3696/3574
f 3697/3697/3575 3699/3699/3577 3698/3698/3576
f 3699/3699/3577 3700/3700/3578 3674/3674/3552
f 3700/3700/3578 3701/3701/3579 3675/3675/3553
f 3701/3701/3579 3702/3702/3580 3676/3676/3554
f 3702/3702/3580 3703/3703/3581 3677/3677/3555
f 3703/3703/3581 3704/3704/3582 3678/3678/3556
f 3704/3704/3582 3705/3705/3583 3679/3679/3557
f 3705/3705/3583 3706/3706/3584 3680/3680/3558
f 3706/3706/3584 3707/3707/3585 3681/3681/3559
f 3707/3707/3585 3708/3708/3586 3682/3682/3560
f 3708/3708/3586 3734/3734/3612 3683/3683/3561
f 3683/3683/3561 3734/3734/3612 3709/3709/3587
f 3709/3709/3587 3710/3710/3588 3685/3685/3563
f 3710/3710/3588 3711/3711/3589 3686/3686/3564
f 3711/3711/3589 3712/3712/3590 3687/3687/3565
f 3712/3712/3590 3713/3713/3591 3688/3688/3566
f 3713/3713/3591 3715/3715/3593 3714/3714/3592
f 3715/3715/3593 3741/3741/3619 3689/3689/3567
f 3689/3689/3567 3741/3741/3619 3716/3716/3594
f 3716/3716/3594 3717/3717/3595 3691/3691/3569
f 3717/3717/3595 3718/3718/3596 3692/3692/3570
f 3718/3718/3596 3719/3719/3597 3693/3693/3571
f 3719/3719/3597 3745/3745/3623 3720/3720/3598
f 3721/3721/3599 3747/3747/3625 3722/3722/3600
f 3723/3723/3601 3724/3724/3602 3699/3699/3577
f 3724/3724/3602 3725/3725/3603 3700/3700/3578
f 3725/3725/3603 3726/3726/3604 3701/3701/3579
f 3726/3726/3604 3727/3727/3605 3702/3702/3580
f 3727/3727/3605 3728/3728/3606 3703/3703/3581
f 3728/3728/3606 3729/3729/3607 3704/3704/3582
f 3729/3729/3607 3730/3730/3608 3705/3705/3583
f 3730/3730/3608 3731/3731/3609 3706/3706/3584
f 3731/3731/3609 3732/3732/3610 3707/3707/3585
f 3732/3732/3610 3758/3758/3636 3708/3708/3586
f 3708/3708/3586 3758/3758/3636 3733/3733/3611
f 3733/3733/3611 3735/3735/3613 3709/3709/3587
f 3735/3735/3613 3736/3736/3614 3710/3710/3588
f 3736/3736/3614 3737/3737/3615 3711/3711/3589
f 3737/3737/3615 3738/3738/3616 3712/3712/3590
f 3738/3738/3616 3739/3739/3617 3713/3713/3591
f 3739/3739/3617 3765/3765/3643 3715/3715/3593
f 3715/3715/3593 3765/3765/3643 3740/3740/3618
f 3740/3740/3618 3767/3767/3645 3716/3716/3594
f 3716/3716/3594 3767/3767/3645 3742/3742/3620
f 3742/3742/3620 3743/3743/3621 3718/3718/3596
f 3743/3743/3621 3744/3744/3622 3719/3719/3597
f 3744/3744/3622 3772/3772/3650 3745/3745/3623
f 3746/3746/3624 3774/3774/3652 3747/3747/3625
f 3748/3748/3626 3749/3749/3627 3724/3724/3602
f 3749/3749/3627 3750/3750/3628 3725/3725/3603
f 3750/3750/3628 3751/3751/3629 3726/3726/3604
f 3751/3751/3629 3752/3752/3630 3727/3727/3605
f 3752/3752/3630 3753/3753/3631 3728/3728/3606
f 3753/3753/3631 3754/3754/3632 3729/3729/3607
f 3754/3754/3632 3755/3755/3633 3730/3730/3608
f 3755/3755/3633 3756/3756/3634 3731/3731/3609
f 3756/3756/3634 3784/3784/3662 3732/3732/3610
f 3732/3732/3610 3784/3784/3662 3757/3757/3635
f 3758/3758/3636 3757/3757/3635 3759/3759/3637
f 3759/3759/3637 3760/3760/3638 3735/3735/3613
f 3760/3760/3638 3761/3761/3639 3736/3736/3614
f 3761/3761/3639 3762/3762/3640 3737/3737/3615
f 3762/3762/3640 3763/3763/3641 3738/3738/3616
f 3763/3763/3641 3791/3791/3669 3739/3739/3617
f 3739/3739/3617 3791/3791/3669 3764/3764/3642
f 3765/3765/3643 3764/3764/3642 3766/3766/3644
f 3766/3766/3644 3768/3768/3646 3767/3767/3645
f 3768/3768/3646 3769/3769/3647 3742/3742/3620
f 3769/3769/3647 3770/3770/3648 3743/3743/3621
f 3770/3770/3648 3771/3771/3649 3744/3744/3622
f 3771/3771/3649 3798/3798/3676 3772/3772/3650
f 3773/3773/3651 3800/3800/3678 3774/3774/3652
f 3775/3775/3653 3776/3776/3654 3749/3749/3627
f 3776/3776/3654 3777/3777/3655 3750/3750/3628
f 3777/3777/3655 3778/3778/3656 3751/3751/3629
f 3778/3778/3656 3805/3805/3683 3752/3752/3630
f 3752/3752/3630 3805/3805/3683 3779/3779/3657
f 3753/3753/3631 3779/3779/3657 3780/3780/3658
f 3754/3754/3632 3780/3780/3658 3781/3781/3659
f 3755/3755/3633 3781/3781/3659 3782/3782/3660
f 3756/3756/3634 3782/3782/3660 3783/3783/3661
f 3784/3784/3662 3783/3783/3661 3785/3785/3663
f 3757/3757/3635 3785/3785/3663 3786/3786/3664
f 3786/3786/3664 3787/3787/3665 3760/3760/3638
f 3787/3787/3665 3788/3788/3666 3761/3761/3639
f 3788/3788/3666 3789/3789/3667 3762/3762/3640
f 3789/3789/3667 3790/3790/3668 3763/3763/3641
f 3790/3790/3668 3817/3817/3695 3791/3791/3669
f 3791/3791/3669 3817/3817/3695 3792/3792/3670
f 3764/3764/3642 3792/3792/3670 3793/3793/3671
f 3766/3766/3644 3793/3793/3671 3794/3794/3672
f 3794/3794/3672 3795/3795/3673 3769/3769/3647
f 3795/3795/3673 3796/3796/3674 3770/3770/3648
f 3796/3796/3674 3797/3797/3675 3771/3771/3649
f 3797/3797/3675 3823/3823/3701 3798/3798/3676
f 3773/3773/3651 3824/3824/3702 3799/3799/3677
f 3801/3801/3679 3802/3802/3680 3776/3776/3654
f 3802/3802/3680 3803/3803/3681 3777/3777/3655
f 3803/3803/3681 3804/3804/3682 3778/3778/3656
f 3804/3804/3682 3830/3830/3708 3805/3805/3683
f 3805/3805/3683 3830/3830/3708 3806/3806/3684
f 3779/3779/3657 3806/3806/3684 3807/3807/3685
f 3780/3780/3658 3807/3807/3685 3808/3808/3686
f 3781/3781/3659 3808/3808/3686 3809/3809/3687
f 3782/3782/3660 3809/3809/3687 3810/3810/3688
f 3783/3783/3661 3810/3810/3688 3811/3811/3689
f 3785/3785/3663 3811/3811/3689 3812/3812/3690
f 3812/3812/3690 3813/3813/3691 3787/3787/3665
f 3813/3813/3691 3814/3814/3692 3788/3788/3666
f 3814/3814/3692 3815/3815/3693 3789/3789/3667
f 3815/3815/3693 3816/3816/3694 3790/3790/3668
f 3816/3816/3694 3842/3842/3720 3817/3817/3695
f 3817/3817/3695 3842/3842/3720 3818/3818/3696
f 3792/3792/3670 3818/3818/3696 3819/3819/3697
f 3793/3793/3671 3819/3819/3697 3820/3820/3698
f 3820/3820/3698 3821/3821/3699 3795/3795/3673
f 3821/3821/3699 3848/3848/3726 3796/3796/3674
f 3796/3796/3674 3848/3848/3726 3822/3822/3700
f 3822/3822/3700 3851/3851/3729 3823/3823/3701
f 3824/3824/3702 3852/3852/3730 3825/3825/3703
f 3826/3826/3704 3827/3827/3705 3802/3802/3680
f 3827/3827/3705 3828/3828/3706 3803/3803/3681
f 3828/3828/3706 3829/3829/3707 3804/3804/3682
f 3829/3829/3707 3858/3858/3736 3830/3830/3708
f 3830/3830/3708 3858/3858/3736 3831/3831/3709
f 3806/3806/3684 3831/3831/3709 3832/3832/3710
f 3807/3807/3685 3832/3832/3710 3833/3833/3711
f 3808/3808/3686 3833/3833/3711 3834/3834/3712
f 3809/3809/3687 3834/3834/3712 3835/3835/3713
f 3810/3810/3688 3835/3835/3713 3836/3836/3714
f 3811/3811/3689 3836/3836/3714 3837/3837/3715
f 3837/3837/3715 3838/3838/3716 3813/3813/3691
f 3838/3838/3716 3839/3839/3717 3814/3814/3692
f 3839/3839/3717 3840/3840/3718 3815/3815/3693
f 3840/3840/3718 3869/3869/3747 3816/3816/3694
f 3816/3816/3694 3869/3869/3747 3841/3841/3719
f 3842/3842/3720 3841/3841/3719 3843/3843/3721
f 3818/3818/3696 3843/3843/3721 3844/3844/3722
f 3819/3819/3697 3844/3844/3722 3845/3845/3723
f 3820/3820/3698 3845/3845/3723 3846/3846/3724
f 3821/3821/3699 3846/3846/3724 3847/3847/3725
f 3848/3848/3726 3847/3847/3725 3849/3849/3727
f 3822/3822/3700 3849/3849/3727 3850/3850/3728
f 3852/3852/3730 3878/3878/3756 3853/3853/3731
f 3854/3854/3732 3855/3855/3733 3827/3827/3705
f 3855/3855/3733 3856/3856/3734 3828/3828/3706
f 3856/3856/3734 3857/3857/3735 3829/3829/3707
f 3857/3857/3735 3884/3884/3762 3858/3858/3736
f 3858/3858/3736 3884/3884/3762 3859/3859/3737
f 3831/3831/3709 3859/3859/3737 3860/3860/3738
f 3832/3832/3710 3860/3860/3738 3861/3861/3739
f 3833/3833/3711 3861/3861/3739 3862/3862/3740
f 3834/3834/3712 3862/3862/3740 3863/3863/3741
f 3835/3835/3713 3863/3863/3741 3864/3864/3742
f 3836/3836/3714 3864/3864/3742 3865/3865/3743
f 3865/3865/3743 3866/3866/3744 3838/3838/3716
f 3866/3866/3744 3867/3867/3745 3839/3839/3717
f 3867/3867/3745 3868/3868/3746 3840/3840/3718
f 3868/3868/3746 3895/3895/3773 3869/3869/3747
f 3869/3869/3747 3895/3895/3773 3870/3870/3748
f 3841/3841/3719 3870/3870/3748 3871/3871/3749
f 3843/3843/3721 3871/3871/3749 3872/3872/3750
f 3844/3844/3722 3872/3872/3750 3873/3873/3751
f 3845/3845/3723 3873/3873/3751 3874/3874/3752
f 3846/3846/3724 3874/3874/3752 3875/3875/3753
f 3847/3847/3725 3875/3875/3753 3876/3876/3754
f 3849/3849/3727 3876/3876/3754 3877/3877/3755
f 3878/3878/3756 3904/3904/3782 3879/3879/3757
f 3880/3880/3758 3881/3881/3759 3855/3855/3733
f 3881/3881/3759 3882/3882/3760 3856/3856/3734
f 3882/3882/3760 3909/3909/3787 3857/3857/3735
f 3857/3857/3735 3909/3909/3787 3883/3883/3761
f 3884/3884/3762 3883/3883/3761 3885/3885/3763
f 3859/3859/3737 3885/3885/3763 3886/3886/3764
f 3860/3860/3738 3886/3886/3764 3887/3887/3765
f 3861/3861/3739 3887/3887/3765 3888/3888/3766
f 3862/3862/3740 3888/3888/3766 3889/3889/3767
f 3863/3863/3741 3889/3889/3767 3890/3890/3768
f 3864/3864/3742 3890/3890/3768 3891/3891/3769
f 3865/3865/3743 3891/3891/3769 3892/3892/3770
f 3892/3892/3770 3893/3893/3771 3867/3867/3745
f 3893/3893/3771 3894/3894/3772 3868/3868/3746
f 3894/3894/3772 3921/3921/3799 3895/3895/3773
f 3895/3895/3773 3921/3921/3799 3896/3896/3774
f 3870/3870/3748 3896/3896/3774 3897/3897/3775
f 3871/3871/3749 3897/3897/3775 3898/3898/3776
f 3872/3872/3750 3898/3898/3776 3899/3899/3777
f 3873/3873/3751 3899/3899/3777 3900/3900/3778
f 3874/3874/3752 3900/3900/3778 3901/3901/3779
f 3875/3875/3753 3901/3901/3779 3902/3902/3780
f 3876/3876/3754 3902/3902/3780 3903/3903/3781
f 3904/3904/3782 3930/3930/3808 3905/3905/3783
f 3906/3906/3784 3907/3907/3785 3881/3881/3759
f 3907/3907/3785 3908/3908/3786 3882/3882/3760
f 3908/3908/3786 3935/3935/3813 3909/3909/3787
f 3909/3909/3787 3935/3935/3813 3910/3910/3788
f 3883/3883/3761 3910/3910/3788 3911/3911/3789
f 3885/3885/3763 3911/3911/3789 3912/3912/3790
f 3886/3886/3764 3912/3912/3790 3913/3913/3791
f 3887/3887/3765 3913/3913/3791 3914/3914/3792
f 3888/3888/3766 3914/3914/3792 3915/3915/3793
f 3889/3889/3767 3915/3915/3793 3916/3916/3794
f 3890/3890/3768 3916/3916/3794 3917/3917/3795
f 3891/3891/3769 3917/3917/3795 3918/3918/3796
f 3918/3918/3796 3919/3919/3797 3893/3893/3771
f 3919/3919/3797 3947/3947/3825 3894/3894/3772
f 3894/3894/3772 3947/3947/3825 3920/3920/3798
f 3921/3921/3799 3920/3920/3798 3922/3922/3800
f 3896/3896/3774 3922/3922/3800 3923/3923/3801
f 3897/3897/3775 3923/3923/3801 3924/3924/3802
f 3898/3898/3776 3924/3924/3802 3925/3925/3803
f 3899/3899/3777 3925/3925/3803 3926/3926/3804
f 3900/3900/3778 3926/3926/3804 3927/3927/3805
f 3901/3901/3779 3927/3927/3805 3928/3928/3806
f 3902/3902/3780 3928/3928/3806 3929/3929/3807
f 3930/3930/3808 3956/3956/3834 3931/3931/3809
f 3932/3932/3810 3933/3933/3811 3907/3907/3785
f 3933/3933/3811 3960/3960/3838 3908/3908/3786
f 3908/3908/3786 3960/3960/3838 3934/3934/3812
f 3935/3935/3813 3934/3934/3812 3936/3936/3814
f 3910/3910/3788 3936/3936/3814 3937/3937/3815
f 3911/3911/3789 3937/3937/3815 3938/3938/3816
f 3912/3912/3790 3938/3938/3816 3939/3939/3817
f 3913/3913/3791 3939/3939/3817 3940/3940/3818
f 3914/3914/3792 3940/3940/3818 3941/3941/3819
f 3915/3915/3793 3941/3941/3819 3942/3942/3820
f 3916/3916/3794 3942/3942/3820 3943/3943/3821
f 3917/3917/3795 3943/3943/3821 3944/3944/3822
f 3918/3918/3796 3944/3944/3822 3945/3945/3823
f 3919/3919/3797 3945/3945/3823 3946/3946/3824
f 3947/3947/3825 3946/3946/3824 3948/3948/3826
f 3920/3920/3798 3948/3948/3826 3949/3949/3827
f 3922/3922/3800 3949/3949/3827 3950/3950/3828
f 3923/3923/3801 3950/3950/3828 3951/3951/3829
f 3924/3924/3802 3951/3951/3829 3952/3952/3830
f 3952/3952/3830 3979/3979/3857 3926/3926/3804
f 3926/3926/3804 3979/3979/3857 3953/3953/3831
f 3927/3927/3805 3953/3953/3831 3954/3954/3832
f 3928/3928/3806 3954/3954/3832 3955/3955/3833
f 3956/3956/3834 3983/3983/3861 3957/3957/3835
f 3958/3958/3836 3959/3959/3837 3933/3933/3811
f 3959/3959/3837 3987/3987/3865 3960/3960/3838
f 3960/3960/3838 3987/3987/3865 3961/3961/3839
f 3934/3934/3812 3961/3961/3839 3962/3962/3840
f 3936/3936/3814 3962/3962/3840 3963/3963/3841
f 3937/3937/3815 3963/3963/3841 3964/3964/3842
f 3938/3938/3816 3964/3964/3842 3965/3965/3843
f 3939/3939/3817 3965/3965/3843 3966/3966/3844
f 3940/3940/3818 3966/3966/3844 3967/3967/3845
f 3941/3941/3819 3967/3967/3845 3968/3968/3846
f 3942/3942/3820 3968/3968/3846 3969/3969/3847
f 3943/3943/3821 3969/3969/3847 3970/3970/3848
f 3944/3944/3822 3970/3970/3848 3971/3971/3849
f 3945/3945/3823 3971/3971/3849 3972/3972/3850
f 3946/3946/3824 3972/3972/3850 3973/3973/3851
f 3948/3948/3826 3973/3973/3851 3974/3974/3852
f 3949/3949/3827 3974/3974/3852 3975/3975/3853
f 3950/3950/3828 3975/3975/3853 3976/3976/3854
f 3951/3951/3829 3976/3976/3854 3977/3977/3855
f 3952/3952/3830 3977/3977/3855 3978/3978/3856
f 3979/3979/3857 3978/3978/3856 3980/3980/3858
f 3953/3953/3831 3980/3980/3858 3981/3981/3859
f 3954/3954/3832 3981/3981/3859 3982/3982/3860
f 3983/3983/3861 4008/4008/3886 3984/3984/3862
f 3985/3985/3863 3986/3986/3864 3959/3959/3837
f 3986/3986/3864 4012/4012/3890 3987/3987/3865
f 3987/3987/3865 4012/4012/3890 3988/3988/3866
f 3961/3961/3839 3988/3988/3866 3989/3989/3867
f 3962/3962/3840 3989/3989/3867 3990/3990/3868
f 3963/3963/3841 3990/3990/3868 3991/3991/3869
f 3964/3964/3842 3991/3991/3869 3992/3992/3870
f 3965/3965/3843 3992/3992/3870 3993/3993/3871
f 3966/3966/3844 3993/3993/3871 3994/3994/3872
f 3967/3967/3845 3994/3994/3872 3995/3995/3873
f 3968/3968/3846 3995/3995/3873 3996/3996/3874
f 3969/3969/3847 3996/3996/3874 3997/3997/3875
f 3970/3970/3848 3997/3997/3875 3998/3998/3876
f 3971/3971/3849 3998/3998/3876 3999/3999/3877
f 3972/3972/3850 3999/3999/3877 4000/4000/3878
f 3973/3973/3851 4000/4000/3878 4001/4001/3879
f 3974/3974/3852 4001/4001/3879 4002/4002/3880
f 3975/3975/3853 4002/4002/3880 4003/4003/3881
f 3976/3976/3854 4003/4003/3881 4004/4004/3882
f 3977/3977/3855 4004/4004/3882 4005/4005/3883
f 4005/4005/3883 4031/4031/3909 3980/3980/3858
f 3980/3980/3858 4031/4031/3909 4006/4006/3884
f 3981/3981/3859 4006/4006/3884 4007/4007/3885
f 4008/4008/3886 4034/4034/3912 4009/4009/3887
f 4010/4010/3888 4037/4037/3915 3986/3986/3864
f 3986/3986/3864 4037/4037/3915 4011/4011/3889
f 4012/4012/3890 4011/4011/3889 4013/4013/3891
f 3988/3988/3866 4013/4013/3891 4014/4014/3892
f 3989/3989/3867 4014/4014/3892 4015/4015/3893
f 3990/3990/3868 4015/4015/3893 4016/4016/3894
f 3991/3991/3869 4016/4016/3894 4017/4017/3895
f 3992/3992/3870 4017/4017/3895 4018/4018/3896
f 3993/3993/3871 4018/4018/3896 4019/4019/3897
f 3994/3994/3872 4019/4019/3897 4020/4020/3898
f 3995/3995/3873 4020/4020/3898 4021/4021/3899
f 3996/3996/3874 4021/4021/3899 4022/4022/3900
f 3997/3997/3875 4022/4022/3900 4023/4023/3901
f 3998/3998/3876 4023/4023/3901 4024/4024/3902
f 3999/3999/3877 4024/4024/3902 4025/4025/3903
f 4000/4000/3878 4025/4025/3903 4026/4026/3904
f 4001/4001/3879 4026/4026/3904 4027/4027/3905
f 4002/4002/3880 4027/4027/3905 4028/4028/3906
f 4028/4028/3906 4056/4056/3934 4004/4004/3882
f 4004/4004/3882 4056/4056/3934 4029/4029/3907
f 4005/4005/3883 4029/4029/3907 4030/4030/3908
f 4031/4031/3909 4030/4030/3908 4032/4032/3910
f 4006/4006/3884 4032/4032/3910 4033/4033/3911
f 4034/4034/3912 4060/4060/3938 4035/4035/3913
f 4010/4010/3888 4062/4062/3940 4036/4036/3914
f 4037/4037/3915 4036/4036/3914 4038/4038/3916
f 4011/4011/3889 4038/4038/3916 4039/4039/3917
f 4013/4013/3891 4039/4039/3917 4040/4040/3918
f 4014/4014/3892 4040/4040/3918 4041/4041/3919
f 4015/4015/3893 4041/4041/3919 4042/4042/3920
f 4016/4016/3894 4042/4042/3920 4043/4043/3921
f 4017/4017/3895 4043/4043/3921 4044/4044/3922
f 4018/4018/3896 4044/4044/3922 4045/4045/3923
f 4019/4019/3897 4045/4045/3923 4046/4046/3924
f 4020/4020/3898 4046/4046/3924 4047/4047/3925
f 4021/4021/3899 4047/4047/3925 4048/4048/3926
f 4022/4022/3900 4048/4048/3926 4049/4049/3927
f 4023/4023/3901 4049/4049/3927 4050/4050/3928
f 4024/4024/3902 4050/4050/3928 4051/4051/3929
f 4025/4025/3903 4051/4051/3929 4052/4052/3930
f 4026/4026/3904 4052/4052/3930 4053/4053/3931
f 4027/4027/3905 4053/4053/3931 4054/4054/3932
f 4028/4028/3906 4054/4054/3932 4055/4055/3933
f 4055/4055/3933 4083/4083/3961 4029/4029/3907
f 4029/4029/3907 4083/4083/3961 4057/4057/3935
f 4030/4030/3908 4057/4057/3935 4058/4058/3936
f 4032/4032/3910 4058/4058/3936 4059/4059/3937
f 4060/4060/3938 4087/4087/3965 4061/4061/3939
f 4062/4062/3940 4089/4089/3967 4063/4063/3941
f 4036/4036/3914 4063/4063/3941 4064/4064/3942
f 4038/4038/3916 4064/4064/3942 4065/4065/3943
f 4039/4039/3917 4065/4065/3943 4066/4066/3944
f 4040/4040/3918 4066/4066/3944 4067/4067/3945
f 4041/4041/3919 4067/4067/3945 4068/4068/3946
f 4042/4042/3920 4068/4068/3946 4069/4069/3947
f 4043/4043/3921 4069/4069/3947 4070/4070/3948
f 4044/4044/3922 4070/4070/3948 4071/4071/3949
f 4045/4045/3923 4071/4071/3949 4072/4072/3950
f 4046/4046/3924 4072/4072/3950 4073/4073/3951
f 4047/4047/3925 4073/4073/3951 4074/4074/3952
f 4048/4048/3926 4074/4074/3952 4075/4075/3953
f 4049/4049/3927 4075/4075/3953 4076/4076/3954
f 4050/4050/3928 4076/4076/3954 4077/4077/3955
f 4051/4051/3929 4077/4077/3955 4078/4078/3956
f 4052/4052/3930 4078/4078/3956 4079/4079/3957
f 4053/4053/3931 4079/4079/3957 4080/4080/3958
f 4054/4054/3932 4080/4080/3958 4081/4081/3959
f 4055/4055/3933 4081/4081/3959 4082/4082/3960
f 4083/4083/3961 4082/4082/3960 4084/4084/3962
f 4057/4057/3935 4084/4084/3962 4085/4085/3963
f 4058/4058/3936 4085/4085/3963 4086/4086/3964
f 4087/4087/3965 4113/4113/3991 4088/4088/3966
f 4089/4089/3967 4115/4115/3993 4090/4090/3968
f 4063/4063/3941 4090/4090/3968 4091/4091/3969
f 4064/4064/3942 4091/4091/3969 4092/4092/3970
f 4065/4065/3943 4092/4092/3970 4093/4093/3971
f 4066/4066/3944 4093/4093/3971 4094/4094/3972
f 4067/4067/3945 4094/4094/3972 4095/4095/3973
f 4068/4068/3946 4095/4095/3973 4096/4096/3974
f 4069/4069/3947 4096/4096/3974 4097/4097/3975
f 4070/4070/3948 4097/4097/3975 4098/4098/3976
f 4071/4071/3949 4098/4098/3976 4099/4099/3977
f 4072/4072/3950 4099/4099/3977 4100/4100/3978
f 4073/4073/3951 4100/4100/3978 4101/4101/3979
f 4074/4074/3952 4101/4101/3979 4102/4102/3980
f 4075/4075/3953 4102/4102/3980 4103/4103/3981
f 4076/4076/3954 4103/4103/3981 4104/4104/3982
f 4077/4077/3955 4104/4104/3982 4105/4105/3983
f 4078/4078/3956 4105/4105/3983 4106/4106/3984
f 4079/4079/3957 4106/4106/3984 4107/4107/3985
f 4080/4080/3958 4107/4107/3985 4108/4108/3986
f 4081/4081/3959 4108/4108/3986 4109/4109/3987
f 4082/4082/3960 4109/4109/3987 4110/4110/3988
f 4084/4084/3962 4110/4110/3988 4111/4111/3989
f 4085/4085/3963 4111/4111/3989 4112/4112/3990
f 4113/4113/3991 4139/4139/4012 4114/4114/3992
f 4115/4115/3993 4583/4583/3319 4116/4116/3994
f 4090/4090/3968 4116/4116/3994 4117/4117/3995
f 4091/4091/3969 4117/4117/3995 4118/4118/3996
f 4092/4092/3970 4118/4118/3996 4119/4119/3997
f 4093/4093/3971 4119/4119/3997 4120/4120/3328
f 4094/4094/3972 4120/4120/3328 4121/4121/3998
f 4095/4095/3973 4121/4121/3998 4122/4122/3332
f 4096/4096/3974 4122/4122/3332 4123/4123/3999
f 4097/4097/3975 4123/4123/3999 4124/4124/4000
f 4098/4098/3976 4124/4124/4000 4125/4125/3338
f 4099/4099/3977 4125/4125/3338 4126/4126/4001
f 4100/4100/3978 4126/4126/4001 4127/4127/3342
f 4101/4101/3979 4127/4127/3342 4128/4128/4002
f 4102/4102/3980 4128/4128/4002 4129/4129/4003
f 4103/4103/3981 4129/4129/4003 4130/4130/4004
f 4104/4104/3982 4130/4130/4004 4131/4131/3350
f 4105/4105/3983 4131/4131/3350 4132/4132/4005
f 4106/4106/3984 4132/4132/4005 4133/4133/4006
f 4107/4107/3985 4133/4133/4006 4134/4134/4007
f 4108/4108/3986 4134/4134/4007 4135/4135/4008
f 4109/4109/3987 4135/4135/4008 4136/4136/4009
f 4110/4110/3988 4136/4136/4009 4137/4137/4010
f 4111/4111/3989 4137/4137/4010 4138/4138/4011
f 4139/4139/4012 5303/5089/3367 4140/4140/4013
f 4141/4141/504 4143/4143/4015 3490/3490/3368
f 4142/4142/4014 4145/4145/4017 4143/4143/4015
f 4144/4144/4016 4147/4147/4019 4145/4145/4017
f 4146/4146/4018 4149/4149/4020 4147/4147/4019
f 4148/4148/513 4151/4151/4021 4149/4149/4020
f 4150/4150/515 4153/4153/4022 4151/4151/4021
f 4152/4152/517 4155/4155/4023 4153/4153/4022
f 4154/4154/519 4157/4157/4024 4155/4155/4023
f 4156/4156/521 4159/4159/4025 4157/4157/4024
f 4158/4158/523 4161/4161/4027 4159/4159/4025
f 4160/4160/4026 4163/4163/4028 4161/4161/4027
f 4162/4162/526 4165/4165/4030 4163/4163/4028
f 4164/4164/4029 4167/4167/4032 4165/4165/4030
f 4166/4166/4031 4169/4169/4034 4167/4167/4032
f 4168/4168/4033 4171/4171/4036 4169/4169/4034
f 4170/4170/4035 4173/4173/4037 4171/4171/4036
f 4172/4172/2168 4189/4189/2165 4173/4173/4037
f 4143/4143/4015 4174/4174/4038 3515/3515/3393
f 4145/4145/4017 4175/4175/4039 4174/4174/4038
f 4147/4147/4019 4176/4176/4040 4175/4175/4039
f 4149/4149/4020 4177/4177/4041 4176/4176/4040
f 4151/4151/4021 4178/4178/4042 4177/4177/4041
f 4153/4153/4022 4179/4179/4043 4178/4178/4042
f 4155/4155/4023 4180/4180/4044 4179/4179/4043
f 4157/4157/4024 4181/4181/4045 4180/4180/4044
f 4159/4159/4025 4182/4182/4046 4181/4181/4045
f 4161/4161/4027 4183/4183/4047 4182/4182/4046
f 4163/4163/4028 4184/4184/4048 4183/4183/4047
f 4165/4165/4030 4185/4185/4049 4184/4184/4048
f 4167/4167/4032 4186/4186/4050 4185/4185/4049
f 4169/4169/4034 4187/4187/4051 4186/4186/4050
f 4171/4171/4036 4188/4188/4052 4187/4187/4051
f 4173/4173/4037 4190/4190/4053 4188/4188/4052
f 4189/4189/2165 4206/4206/2163 4190/4190/4053
f 4174/4174/4038 4191/4191/4054 3542/3542/3420
f 4175/4175/4039 4192/4192/4055 4191/4191/4054
f 4176/4176/4040 4193/4193/4056 4192/4192/4055
f 4177/4177/4041 4194/4194/4057 4193/4193/4056
f 4178/4178/4042 4195/4195/4058 4194/4194/4057
f 4179/4179/4043 4196/4196/4059 4195/4195/4058
f 4180/4180/4044 4197/4197/4060 4196/4196/4059
f 4181/4181/4045 4198/4198/4061 4197/4197/4060
f 4182/4182/4046 4199/4199/4062 4198/4198/4061
f 4183/4183/4047 4200/4200/4063 4199/4199/4062
f 4184/4184/4048 4202/4202/4065 4200/4200/4063
f 4184/4184/4048 4185/4185/4049 4201/4201/4064
f 4186/4186/4050 4203/4203/4066 4201/4201/4064
f 4187/4187/4051 4204/4204/4067 4203/4203/4066
f 4188/4188/4052 4205/4205/4068 4204/4204/4067
f 4190/4190/4053 4207/4207/4069 4205/4205/4068
f 4206/4206/2163 4223/4223/4085 4207/4207/4069
f 4191/4191/4054 4208/4208/4070 3568/3568/3446
f 4192/4192/4055 4209/4209/4071 4208/4208/4070
f 4193/4193/4056 4210/4210/4072 4209/4209/4071
f 4194/4194/4057 4211/4211/4073 4210/4210/4072
f 4195/4195/4058 4212/4212/4074 4211/4211/4073
f 4196/4196/4059 4213/4213/4075 4212/4212/4074
f 4197/4197/4060 4214/4214/4076 4213/4213/4075
f 4198/4198/4061 4215/4215/4077 4214/4214/4076
f 4199/4199/4062 4216/4216/4078 4215/4215/4077
f 4200/4200/4063 4217/4217/4079 4216/4216/4078
f 4202/4202/4065 4219/4219/4081 4217/4217/4079
f 4202/4202/4065 4201/4201/4064 4218/4218/4080
f 4203/4203/4066 4220/4220/4082 4218/4218/4080
f 4204/4204/4067 4221/4221/4083 4220/4220/4082
f 4205/4205/4068 4222/4222/4084 4221/4221/4083
f 4207/4207/4069 4224/4224/4086 4222/4222/4084
f 4223/4223/4085 4240/4240/4102 4224/4224/4086
f 4208/4208/4070 4225/4225/4087 3595/3595/3473
f 4209/4209/4071 4226/4226/4088 4225/4225/4087
f 4210/4210/4072 4227/4227/4089 4226/4226/4088
f 4211/4211/4073 4228/4228/4090 4227/4227/4089
f 4212/4212/4074 4229/4229/4091 4228/4228/4090
f 4213/4213/4075 4230/4230/4092 4229/4229/4091
f 4214/4214/4076 4231/4231/4093 4230/4230/4092
f 4215/4215/4077 4232/4232/4094 4231/4231/4093
f 4216/4216/4078 4233/4233/4095 4232/4232/4094
f 4217/4217/4079 4234/4234/4096 4233/4233/4095
f 4219/4219/4081 4236/4236/4098 4234/4234/4096
f 4219/4219/4081 4218/4218/4080 4235/4235/4097
f 4218/4218/4080 4220/4220/4082 4237/4237/4099
f 4221/4221/4083 4238/4238/4100 4237/4237/4099
f 4222/4222/4084 4239/4239/4101 4238/4238/4100
f 4224/4224/4086 4241/4241/4103 4239/4239/4101
f 4240/4240/4102 4257/4257/2159 4241/4241/4103
f 4225/4225/4087 4242/4242/4104 3594/3594/3472
f 4226/4226/4088 4243/4243/4105 4242/4242/4104
f 4227/4227/4089 4244/4244/4106 4243/4243/4105
f 4228/4228/4090 4245/4245/4107 4244/4244/4106
f 4229/4229/4091 4246/4246/4108 4245/4245/4107
f 4230/4230/4092 4247/4247/4109 4246/4246/4108
f 4231/4231/4093 4248/4248/4110 4247/4247/4109
f 4232/4232/4094 4249/4249/4111 4248/4248/4110
f 4233/4233/4095 4250/4250/4112 4249/4249/4111
f 4234/4234/4096 4252/4252/4114 4250/4250/4112
f 4234/4234/4096 4236/4236/4098 4251/4251/4113
f 4236/4236/4098 4235/4235/4097 4253/4253/4115
f 4235/4235/4097 4237/4237/4099 4254/4254/4116
f 4238/4238/4100 4255/4255/4117 4254/4254/4116
f 4239/4239/4101 4256/4256/4118 4255/4255/4117
f 4241/4241/4103 4258/4258/4119 4256/4256/4118
f 4257/4257/2159 4274/4274/2157 4258/4258/4119
f 4242/4242/4104 4259/4259/4120 3621/3621/3499
f 4243/4243/4105 4260/4260/4121 4259/4259/4120
f 4244/4244/4106 4261/4261/4122 4260/4260/4121
f 4245/4245/4107 4262/4262/4123 4261/4261/4122
f 4246/4246/4108 4263/4263/4124 4262/4262/4123
f 4247/4247/4109 4264/4264/4125 4263/4263/4124
f 4248/4248/4110 4265/4265/4126 4264/4264/4125
f 4249/4249/4111 4266/4266/4127 4265/4265/4126
f 4250/4250/4112 4267/4267/4128 4266/4266/4127
f 4252/4252/4114 4269/4269/4130 4267/4267/4128
f 4252/4252/4114 4251/4251/4113 4268/4268/4129
f 4251/4251/4113 4253/4253/4115 4270/4270/4131
f 4253/4253/4115 4254/4254/4116 4271/4271/4132
f 4255/4255/4117 4272/4272/4133 4271/4271/4132
f 4256/4256/4118 4273/4273/4134 4272/4272/4133
f 4258/4258/4119 4275/4275/4135 4273/4273/4134
f 4274/4274/2157 4291/4291/4151 4275/4275/4135
f 4259/4259/4120 4276/4276/4136 3647/3647/3525
f 4260/4260/4121 4277/4277/4137 4276/4276/4136
f 4261/4261/4122 4278/4278/4138 4277/4277/4137
f 4262/4262/4123 4279/4279/4139 4278/4278/4138
f 4263/4263/4124 4280/4280/4140 4279/4279/4139
f 4264/4264/4125 4281/4281/4141 4280/4280/4140
f 4265/4265/4126 4282/4282/4142 4281/4281/4141
f 4266/4266/4127 4283/4283/4143 4282/4282/4142
f 4267/4267/4128 4284/4284/4144 4283/4283/4143
f 4269/4269/4130 4286/4286/4146 4284/4284/4144
f 4269/4269/4130 4268/4268/4129 4285/4285/4145
f 4268/4268/4129 4270/4270/4131 4287/4287/4147
f 4270/4270/4131 4271/4271/4132 4288/4288/4148
f 4271/4271/4132 4272/4272/4133 4289/4289/4149
f 4273/4273/4134 4290/4290/4150 4289/4289/4149
f 4275/4275/4135 4292/4292/4152 4290/4290/4150
f 4291/4291/4151 4308/4308/2153 4292/4292/4152
f 4276/4276/4136 4293/4293/4153 3673/3673/3551
f 4277/4277/4137 4294/4294/4154 4293/4293/4153
f 4278/4278/4138 4295/4295/4155 4294/4294/4154
f 4279/4279/4139 4296/4296/4156 4295/4295/4155
f 4280/4280/4140 4297/4297/4157 4296/4296/4156
f 4281/4281/4141 4298/4298/4158 4297/4297/4157
f 4282/4282/4142 4299/4299/4159 4298/4298/4158
f 4283/4283/4143 4300/4300/4160 4299/4299/4159
f 4284/4284/4144 4301/4301/4161 4300/4300/4160
f 4286/4286/4146 4303/4303/4163 4301/4301/4161
f 4286/4286/4146 4285/4285/4145 4302/4302/4162
f 4285/4285/4145 4287/4287/4147 4304/4304/4164
f 4287/4287/4147 4288/4288/4148 4305/4305/4165
f 4288/4288/4148 4289/4289/4149 4306/4306/4166
f 4290/4290/4150 4307/4307/4167 4306/4306/4166
f 4292/4292/4152 4309/4309/4168 4307/4307/4167
f 4308/4308/2153 4325/4325/2151 4309/4309/4168
f 4293/4293/4153 4310/4310/4169 3697/3697/3575
f 4294/4294/4154 4311/4311/4170 4310/4310/4169
f 4295/4295/4155 4312/4312/4171 4311/4311/4170
f 4296/4296/4156 4313/4313/4172 4312/4312/4171
f 4297/4297/4157 4314/4314/4173 4313/4313/4172
f 4298/4298/4158 4315/4315/4174 4314/4314/4173
f 4299/4299/4159 4316/4316/4175 4315/4315/4174
f 4300/4300/4160 4317/4317/4176 4316/4316/4175
f 4301/4301/4161 4318/4318/4177 4317/4317/4176
f 4303/4303/4163 4320/4320/4179 4318/4318/4177
f 4303/4303/4163 4302/4302/4162 4319/4319/4178
f 4302/4302/4162 4304/4304/4164 4321/4321/4180
f 4304/4304/4164 4305/4305/4165 4322/4322/4181
f 4305/4305/4165 4306/4306/4166 4323/4323/4182
f 4307/4307/4167 4324/4324/4183 4323/4323/4182
f 4309/4309/4168 4326/4326/4184 4324/4324/4183
f 4325/4325/2151 4342/4342/2149 4326/4326/4184
f 4310/4310/4169 4327/4327/4185 3723/3723/3601
f 4311/4311/4170 4328/4328/4186 4327/4327/4185
f 4312/4312/4171 4329/4329/4187 4328/4328/4186
f 4313/4313/4172 4331/4331/4189 4329/4329/4187
f 4313/4313/4172 4314/4314/4173 4330/4330/4188
f 4314/4314/4173 4315/4315/4174 4332/4332/4190
f 4315/4315/4174 4316/4316/4175 4333/4333/4191
f 4316/4316/4175 4317/4317/4176 4334/4334/4192
f 4317/4317/4176 4318/4318/4177 4335/4335/4193
f 4318/4318/4177 4320/4320/4179 4336/4336/4194
f 4320/4320/4179 4319/4319/4178 4337/4337/4195
f 4319/4319/4178 4321/4321/4180 4338/4338/4196
f 4321/4321/4180 4322/4322/4181 4339/4339/4197
f 4322/4322/4181 4323/4323/4182 4340/4340/4198
f 4323/4323/4182 4324/4324/4183 4341/4341/4199
f 4326/4326/4184 4343/4343/4200 4341/4341/4199
f 4342/4342/2149 4359/4359/2147 4343/4343/4200
f 4327/4327/4185 4344/4344/4201 3748/3748/3626
f 4328/4328/4186 4345/4345/4202 4344/4344/4201
f 4329/4329/4187 4347/4347/4204 4345/4345/4202
f 4329/4329/4187 4331/4331/4189 4346/4346/4203
f 4331/4331/4189 4330/4330/4188 4348/4348/4205
f 4330/4330/4188 4332/4332/4190 4349/4349/4206
f 4332/4332/4190 4333/4333/4191 4350/4350/4207
f 4333/4333/4191 4334/4334/4192 4351/4351/4208
f 4334/4334/4192 4335/4335/4193 4352/4352/4209
f 4335/4335/4193 4336/4336/4194 4353/4353/4210
f 4336/4336/4194 4337/4337/4195 4354/4354/4211
f 4337/4337/4195 4338/4338/4196 4355/4355/4212
f 4338/4338/4196 4339/4339/4197 4356/4356/4213
f 4339/4339/4197 4340/4340/4198 4357/4357/4214
f 4340/4340/4198 4341/4341/4199 4358/4358/4215
f 4343/4343/4200 4360/4360/4216 4358/4358/4215
f 4359/4359/2147 4376/4376/4232 4360/4360/4216
f 4344/4344/4201 4361/4361/4217 3775/3775/3653
f 4345/4345/4202 4363/4363/4219 4361/4361/4217
f 4345/4345/4202 4347/4347/4204 4362/4362/4218
f 4347/4347/4204 4346/4346/4203 4364/4364/4220
f 4346/4346/4203 4348/4348/4205 4365/4365/4221
f 4348/4348/4205 4349/4349/4206 4366/4366/4222
f 4349/4349/4206 4350/4350/4207 4367/4367/4223
f 4350/4350/4207 4351/4351/4208 4368/4368/4224
f 4351/4351/4208 4352/4352/4209 4369/4369/4225
f 4352/4352/4209 4353/4353/4210 4370/4370/4226
f 4353/4353/4210 4354/4354/4211 4371/4371/4227
f 4354/4354/4211 4355/4355/4212 4372/4372/4228
f 4355/4355/4212 4356/4356/4213 4373/4373/4229
f 4356/4356/4213 4357/4357/4214 4374/4374/4230
f 4357/4357/4214 4358/4358/4215 4375/4375/4231
f 4360/4360/4216 4377/4377/4233 4375/4375/4231
f 4376/4376/4232 4393/4393/4249 4377/4377/4233
f 4361/4361/4217 4379/4379/4235 3801/3801/3679
f 4361/4361/4217 4363/4363/4219 4378/4378/4234
f 4363/4363/4219 4362/4362/4218 4380/4380/4236
f 4362/4362/4218 4364/4364/4220 4381/4381/4237
f 4364/4364/4220 4365/4365/4221 4382/4382/4238
f 4365/4365/4221 4366/4366/4222 4383/4383/4239
f 4366/4366/4222 4367/4367/4223 4384/4384/4240
f 4367/4367/4223 4368/4368/4224 4385/4385/4241
f 4368/4368/4224 4369/4369/4225 4386/4386/4242
f 4369/4369/4225 4370/4370/4226 4387/4387/4243
f 4370/4370/4226 4371/4371/4227 4388/4388/4244
f 4371/4371/4227 4372/4372/4228 4389/4389/4245
f 4372/4372/4228 4373/4373/4229 4390/4390/4246
f 4373/4373/4229 4374/4374/4230 4391/4391/4247
f 4375/4375/4231 4392/4392/4248 4391/4391/4247
f 4377/4377/4233 4394/4394/4250 4392/4392/4248
f 4393/4393/4249 4410/4410/2141 4394/4394/4250
f 3801/3801/3679 4379/4379/4235 4395/4395/4251
f 4379/4379/4235 4378/4378/4234 4396/4396/4252
f 4378/4378/4234 4380/4380/4236 4397/4397/4253
f 4380/4380/4236 4381/4381/4237 4398/4398/4254
f 4381/4381/4237 4382/4382/4238 4399/4399/4255
f 4382/4382/4238 4383/4383/4239 4400/4400/4256
f 4383/4383/4239 4384/4384/4240 4401/4401/4257
f 4384/4384/4240 4385/4385/4241 4402/4402/4258
f 4385/4385/4241 4386/4386/4242 4403/4403/4259
f 4386/4386/4242 4387/4387/4243 4404/4404/4260
f 4387/4387/4243 4388/4388/4244 4405/4405/4261
f 4388/4388/4244 4389/4389/4245 4406/4406/4262
f 4390/4390/4246 4408/4408/4264 4406/4406/4262
f 4390/4390/4246 4391/4391/4247 4407/4407/4263
f 4392/4392/4248 4409/4409/4265 4407/4407/4263
f 4394/4394/4250 4411/4411/4266 4409/4409/4265
f 4410/4410/2141 4427/4427/2139 4411/4411/4266
f 3826/3826/3704 4395/4395/4251 4412/4412/4267
f 4395/4395/4251 4396/4396/4252 4413/4413/4268
f 4396/4396/4252 4397/4397/4253 4414/4414/4269
f 4397/4397/4253 4398/4398/4254 4415/4415/4270
f 4398/4398/4254 4399/4399/4255 4416/4416/4271
f 4399/4399/4255 4400/4400/4256 4417/4417/4272
f 4400/4400/4256 4401/4401/4257 4418/4418/4273
f 4401/4401/4257 4402/4402/4258 4419/4419/4274
f 4402/4402/4258 4403/4403/4259 4420/4420/4275
f 4403/4403/4259 4404/4404/4260 4421/4421/4276
f 4404/4404/4260 4405/4405/4261 4422/4422/4277
f 4406/4406/4262 4423/4423/4278 4422/4422/4277
f 4408/4408/4264 4424/4424/4279 4423/4423/4278
f 4407/4407/4263 4425/4425/4280 4424/4424/4279
f 4409/4409/4265 4426/4426/4281 4425/4425/4280
f 4411/4411/4266 4428/4428/4282 4426/4426/4281
f 4427/4427/2139 4444/4444/4298 4428/4428/4282
f 3854/3854/3732 4412/4412/4267 4429/4429/4283
f 4412/4412/4267 4413/4413/4268 4430/4430/4284
f 4413/4413/4268 4414/4414/4269 4431/4431/4285
f 4414/4414/4269 4415/4415/4270 4432/4432/4286
f 4415/4415/4270 4416/4416/4271 4433/4433/4287
f 4416/4416/4271 4417/4417/4272 4434/4434/4288
f 4417/4417/4272 4418/4418/4273 4435/4435/4289
f 4418/4418/4273 4419/4419/4274 4436/4436/4290
f 4419/4419/4274 4420/4420/4275 4437/4437/4291
f 4420/4420/4275 4421/4421/4276 4438/4438/4292
f 4421/4421/4276 4422/4422/4277 4439/4439/4293
f 4423/4423/4278 4440/4440/4294 4439/4439/4293
f 4424/4424/4279 4442/4442/4296 4440/4440/4294
f 4424/4424/4279 4425/4425/4280 4441/4441/4295
f 4426/4426/4281 4443/4443/4297 4441/4441/4295
f 4428/4428/4282 4445/4445/4299 4443/4443/4297
f 4444/4444/4298 4461/4461/2135 4445/4445/4299
f 3880/3880/3758 4429/4429/4283 4446/4446/4300
f 4429/4429/4283 4430/4430/4284 4447/4447/4301
f 4430/4430/4284 4431/4431/4285 4448/4448/4302
f 4431/4431/4285 4432/4432/4286 4449/4449/4303
f 4432/4432/4286 4433/4433/4287 4450/4450/4304
f 4433/4433/4287 4434/4434/4288 4451/4451/4305
f 4434/4434/4288 4435/4435/4289 4452/4452/4306
f 4435/4435/4289 4436/4436/4290 4453/4453/4307
f 4436/4436/4290 4437/4437/4291 4454/4454/4308
f 4437/4437/4291 4438/4438/4292 4455/4455/4309
f 4438/4438/4292 4439/4439/4293 4456/4456/4310
f 4440/4440/4294 4457/4457/4311 4456/4456/4310
f 4442/4442/4296 4459/4459/4313 4457/4457/4311
f 4442/4442/4296 4441/4441/4295 4458/4458/4312
f 4443/4443/4297 4460/4460/4314 4458/4458/4312
f 4445/4445/4299 4462/4462/4315 4460/4460/4314
f 4461/4461/2135 4478/4478/2133 4462/4462/4315
f 3906/3906/3784 4446/4446/4300 4463/4463/4316
f 4446/4446/4300 4447/4447/4301 4464/4464/4317
f 4447/4447/4301 4448/4448/4302 4465/4465/4318
f 4448/4448/4302 4449/4449/4303 4466/4466/4319
f 4449/4449/4303 4450/4450/4304 4467/4467/4320
f 4450/4450/4304 4451/4451/4305 4468/4468/4321
f 4451/4451/4305 4452/4452/4306 4469/4469/4322
f 4452/4452/4306 4453/4453/4307 4470/4470/4323
f 4453/4453/4307 4454/4454/4308 4471/4471/4324
f 4454/4454/4308 4455/4455/4309 4472/4472/4325
f 4455/4455/4309 4456/4456/4310 4473/4473/4326
f 4457/4457/4311 4474/4474/4327 4473/4473/4326
f 4459/4459/4313 4476/4476/4329 4474/4474/4327
f 4459/4459/4313 4458/4458/4312 4475/4475/4328
f 4460/4460/4314 4477/4477/4330 4475/4475/4328
f 4462/4462/4315 4479/4479/4331 4477/4477/4330
f 4478/4478/2133 4495/4495/2131 4479/4479/4331
f 3932/3932/3810 4463/4463/4316 4480/4480/4332
f 4463/4463/4316 4464/4464/4317 4481/4481/4333
f 4464/4464/4317 4465/4465/4318 4482/4482/4334
f 4465/4465/4318 4466/4466/4319 4483/4483/4335
f 4466/4466/4319 4467/4467/4320 4484/4484/4336
f 4467/4467/4320 4468/4468/4321 4485/4485/4337
f 4468/4468/4321 4469/4469/4322 4486/4486/4338
f 4469/4469/4322 4470/4470/4323 4487/4487/4339
f 4470/4470/4323 4471/4471/4324 4488/4488/4340
f 4471/4471/4324 4472/4472/4325 4489/4489/4341
f 4472/4472/4325 4473/4473/4326 4490/4490/4342
f 4474/4474/4327 4491/4491/4343 4490/4490/4342
f 4476/4476/4329 4493/4493/4345 4491/4491/4343
f 4476/4476/4329 4475/4475/4328 4492/4492/4344
f 4477/4477/4330 4494/4494/4346 4492/4492/4344
f 4479/4479/4331 4496/4496/4347 4494/4494/4346
f 4495/4495/2131 4512/4512/2129 4496/4496/4347
f 3958/3958/3836 4480/4480/4332 4497/4497/4348
f 4480/4480/4332 4481/4481/4333 4498/4498/4349
f 4481/4481/4333 4482/4482/4334 4499/4499/4350
f 4482/4482/4334 4483/4483/4335 4500/4500/4351
f 4483/4483/4335 4484/4484/4336 4501/4501/4352
f 4484/4484/4336 4485/4485/4337 4502/4502/4353
f 4485/4485/4337 4486/4486/4338 4503/4503/4354
f 4486/4486/4338 4487/4487/4339 4504/4504/4355
f 4487/4487/4339 4488/4488/4340 4505/4505/4356
f 4488/4488/4340 4489/4489/4341 4506/4506/4357
f 4489/4489/4341 4490/4490/4342 4507/4507/4358
f 4491/4491/4343 4508/4508/4359 4507/4507/4358
f 4493/4493/4345 4510/4510/4361 4508/4508/4359
f 4493/4493/4345 4492/4492/4344 4509/4509/4360
f 4494/4494/4346 4511/4511/4362 4509/4509/4360
f 4496/4496/4347 4513/4513/4363 4511/4511/4362
f 4512/4512/2129 4529/4529/2127 4513/4513/4363
f 3985/3985/3863 4497/4497/4348 4514/4514/4364
f 4497/4497/4348 4498/4498/4349 4515/4515/4365
f 4498/4498/4349 4499/4499/4350 4516/4516/4366
f 4499/4499/4350 4500/4500/4351 4517/4517/4367
f 4500/4500/4351 4501/4501/4352 4518/4518/4368
f 4501/4501/4352 4502/4502/4353 4519/4519/4369
f 4502/4502/4353 4503/4503/4354 4520/4520/4370
f 4503/4503/4354 4504/4504/4355 4521/4521/4371
f 4504/4504/4355 4505/4505/4356 4522/4522/4372
f 4505/4505/4356 4506/4506/4357 4523/4523/4373
f 4506/4506/4357 4507/4507/4358 4524/4524/4374
f 4507/4507/4358 4508/4508/4359 4525/4525/4375
f 4508/4508/4359 4510/4510/4361 4526/4526/4376
f 4510/4510/4361 4509/4509/4360 4527/4527/4377
f 4511/4511/4362 4528/4528/4378 4527/4527/4377
f 4513/4513/4363 4530/4530/4379 4528/4528/4378
f 4529/4529/2127 4546/4546/2125 4530/4530/4379
f 4010/4010/3888 4514/4514/4364 4531/4531/4380
f 4514/4514/4364 4515/4515/4365 4532/4532/4381
f 4515/4515/4365 4516/4516/4366 4533/4533/4382
f 4516/4516/4366 4517/4517/4367 4534/4534/4383
f 4517/4517/4367 4518/4518/4368 4535/4535/4384
f 4518/4518/4368 4519/4519/4369 4536/4536/4385
f 4519/4519/4369 4520/4520/4370 4537/4537/4386
f 4520/4520/4370 4521/4521/4371 4538/4538/4387
f 4521/4521/4371 4522/4522/4372 4539/4539/4388
f 4522/4522/4372 4523/4523/4373 4540/4540/4389
f 4523/4523/4373 4524/4524/4374 4541/4541/4390
f 4525/4525/4375 4543/4543/4392 4541/4541/4390
f 4525/4525/4375 4526/4526/4376 4542/4542/4391
f 4526/4526/4376 4527/4527/4377 4544/4544/4393
f 4528/4528/4378 4545/4545/4394 4544/4544/4393
f 4530/4530/4379 4547/4547/4395 4545/4545/4394
f 4546/4546/2125 4563/4563/2123 4547/4547/4395
f 4062/4062/3940 4531/4531/4380 4548/4548/4396
f 4531/4531/4380 4532/4532/4381 4549/4549/4397
f 4532/4532/4381 4533/4533/4382 4550/4550/4398
f 4533/4533/4382 4534/4534/4383 4551/4551/4399
f 4534/4534/4383 4535/4535/4384 4552/4552/4400
f 4535/4535/4384 4536/4536/4385 4553/4553/4401
f 4536/4536/4385 4537/4537/4386 4554/4554/4402
f 4537/4537/4386 4538/4538/4387 4555/4555/4403
f 4538/4538/4387 4539/4539/4388 4556/4556/4404
f 4539/4539/4388 4540/4540/4389 4557/4557/4405
f 4540/4540/4389 4541/4541/4390 4558/4558/4406
f 4543/4543/4392 4560/4560/4408 4558/4558/4406
f 4543/4543/4392 4542/4542/4391 4559/4559/4407
f 4542/4542/4391 4544/4544/4393 4561/4561/4409
f 4544/4544/4393 4545/4545/4394 4562/4562/4410
f 4547/4547/4395 4564/4564/4411 4562/4562/4410
f 4563/4563/2123 4580/4580/2121 4564/4564/4411
f 4089/4089/3967 4548/4548/4396 4565/4565/4412
f 4548/4548/4396 4549/4549/4397 4566/4566/4413
f 4549/4549/4397 4550/4550/4398 4567/4567/4414
f 4550/4550/4398 4551/4551/4399 4568/4568/4415
f 4551/4551/4399 4552/4552/4400 4569/4569/4416
f 4552/4552/4400 4553/4553/4401 4570/4570/4417
f 4553/4553/4401 4554/4554/4402 4571/4571/4418
f 4554/4554/4402 4555/4555/4403 4572/4572/4419
f 4555/4555/4403 4556/4556/4404 4573/4573/4420
f 4556/4556/4404 4557/4557/4405 4574/4574/4421
f 4557/4557/4405 4558/4558/4406 4575/4575/4422
f 4558/4558/4406 4560/4560/4408 4576/4576/4423
f 4560/4560/4408 4559/4559/4407 4577/4577/4424
f 4559/4559/4407 4561/4561/4409 4578/4578/4425
f 4561/4561/4409 4562/4562/4410 4579/4579/4426
f 4564/4564/4411 4581/4581/4427 4579/4579/4426
f 4580/4580/2121 4598/4598/2119 4581/4581/4427
f 4115/4115/3993 4565/4565/4412 4582/4582/4428
f 4565/4565/4412 4566/4566/4413 4584/4584/4429
f 4566/4566/4413 4567/4567/4414 4585/4585/4430
f 4567/4567/4414 4568/4568/4415 4586/4586/4431
f 4568/4568/4415 4569/4569/4416 4587/4587/4432
f 4569/4569/4416 4570/4570/4417 4588/4588/1875
f 4570/4570/4417 4571/4571/4418 4589/4589/4433
f 4571/4571/4418 4572/4572/4419 4590/4590/1848
f 4572/4572/4419 4573/4573/4420 4591/4591/4434
f 4573/4573/4420 4574/4574/4421 4592/4592/1835
f 4574/4574/4421 4575/4575/4422 4593/4593/4435
f 4575/4575/4422 4576/4576/4423 4594/4594/4436
f 4576/4576/4423 4577/4577/4424 4595/4595/4437
f 4577/4577/4424 4578/4578/4425 4596/4596/4438
f 4578/4578/4425 4579/4579/4426 4597/4597/4439
f 4581/4581/4427 4599/4599/4440 4597/4597/4439
f 4598/4598/2119 5313/5098/5052 4599/4599/4440
f 2247/2247/2180 2249/2249/2182 4600/2249/4441
f 2209/2209/2148 4608/2209/4449 4602/2207/4443
f 2096/2096/2044 4609/2096/4450 4603/2094/4444
f 2174/2174/2115 4611/2174/4452 4604/2172/4445
f 2249/2249/2182 2251/2251/2183 4605/2251/4446
f 2138/2138/2079 2140/2140/2081 4606/2140/4447
f 2211/2211/2150 4616/2211/4457 4608/2209/4449
f 2098/2098/2046 4614/2098/4455 4609/2096/4450
f 2251/2251/2183 2253/2253/2184 4610/2253/4451
f 2176/2176/2116 5314/2176/4501 4611/2174/4452
f 2140/2140/2081 2142/2142/2083 4612/2142/4453
f 2098/2098/2046 2101/2101/2049 4613/2101/4454
f 2253/2253/2184 2255/2255/2186 4615/2255/4456
f 2213/2213/2152 4622/2213/4463 4616/2211/4457
f 2179/2179/2064 2178/2178/2118 4617/2178/4458
f 2101/2101/2049 2100/2100/2048 4619/2100/4460
f 2255/2255/2186 2257/2257/2188 4620/2257/4461
f 2142/2142/2083 2144/2144/2085 4621/2144/4462
f 2215/2215/2154 4628/2215/4469 4622/2213/4463
f 2100/2100/2048 2103/2103/2051 4623/2103/4464
f 2178/2178/2118 2181/2181/2120 4624/2181/4465
f 2261/2261/2192 4627/2261/4468 4620/2257/4461
f 2144/2144/2085 2146/2146/2087 4625/2146/4466
f 2103/2103/2051 2105/2105/2052 4626/2105/4467
f 2263/2263/2193 4631/2263/4472 4627/2261/4468
f 2217/2217/2156 4632/2217/4473 4628/2215/4469
f 2181/2181/2120 2183/2183/2122 4629/2183/4470
f 2105/2105/2052 2107/2107/2053 4630/2107/4471
f 2265/2265/2194 4635/2265/4476 4631/2263/4472
f 2148/2148/2089 4636/2148/4477 4625/2146/4466
f 2219/2219/2158 4639/2219/4480 4632/2217/4473
f 2107/2107/2053 2109/2109/2054 4633/2109/4474
f 2183/2183/2122 2185/2185/2124 4634/2185/4475
f 2267/2267/2196 4638/2267/4479 4635/2265/4476
f 2150/2150/2091 4643/2150/4484 4636/2148/4477
f 2109/2109/2054 2111/2111/2055 4637/2111/4478
f 2269/2269/2198 4642/2269/4483 4638/2267/4479
f 2221/2221/2160 4644/2221/4485 4639/2219/4480
f 2185/2185/2124 2187/2187/2126 4640/2187/4481
f 2111/2111/2055 2113/2113/2056 4641/2113/4482
f 2271/2271/2200 4647/2271/4488 4642/2269/4483
f 2152/2152/2093 4648/2152/4489 4643/2150/4484
f 2223/2223/2162 4651/2223/4492 4644/2221/4485
f 2113/2113/2056 2115/2115/2058 4645/2115/4486
f 2187/2187/2126 2189/2189/2128 4646/2189/4487
f 2273/2273/2202 4650/2273/4491 4647/2271/4488
f 2154/2154/2095 4655/2154/4496 4648/2152/4489
f 2115/2115/2058 2117/2117/2060 4649/2117/4490
f 2275/2275/2203 4654/2275/4495 4650/2273/4491
f 2225/2225/2164 4656/2225/4497 4651/2223/4492
f 2189/2189/2128 2191/2191/2130 4652/2191/4493
f 2117/2117/2060 2119/2119/2061 4653/2119/4494
f 2277/2277/2205 4659/2277/4500 4654/2275/4495
f 2156/2156/2097 4661/2156/4502 4655/2154/4496
f 2227/2227/2166 4664/2227/4504 4656/2225/4497
f 2119/2119/2061 2121/2121/2062 4657/2121/4498
f 2191/2191/2130 2193/2193/2132 4658/2193/4499
f 2279/2279/2206 4663/2279/4503 4659/2277/4500
f 2072/2072/2029 4666/2072/4506 4660/2070/4501
f 2158/2158/2099 4670/2158/4510 4661/2156/4502
f 2121/2121/2062 2123/2123/2064 4662/2123/4459
f 2281/2281/2207 4669/2281/4509 4663/2279/4503
f 2228/2228/2167 5315/2228/4512 4664/2227/4504
f 2193/2193/2132 2195/2195/2134 4665/2195/4505
f 2074/2074/2030 4671/2074/4511 4666/2072/4506
f 2124/2124/2065 2126/2126/2067 4667/2126/4507
f 2283/2283/2208 4675/2283/4514 4669/2281/4509
f 2160/2160/2101 4677/2160/4516 4670/2158/4510
f 2076/2076/2031 4676/2076/4515 4671/2074/4511
f 2230/2230/2169 4678/2230/4517 4672/2231/4512
f 2195/2195/2134 2197/2197/2136 4673/2197/4513
f 2283/2283/2208 5311/4600/2065 4674/4600/4508
f 2078/2078/2032 4681/2078/4520 4676/2076/4515
f 2162/2162/2103 4684/2162/4523 4677/2160/4516
f 2233/2233/2170 4683/2233/4522 4678/2230/4517
f 2126/2126/2067 2128/2128/2069 4679/2128/4518
f 2197/2197/2136 2199/2199/2138 4680/2199/4519
f 2080/2080/2033 4686/2080/4525 4681/2078/4520
f 2233/2233/2170 2235/2235/2171 4682/2235/4521
f 2164/2164/2105 4690/2164/4529 4684/2162/4523
f 2128/2128/2069 2130/2130/2071 4685/2130/4524
f 2082/2082/2035 4689/2082/4528 4686/2080/4525
f 2235/2235/2171 2237/2237/2172 4687/2237/4526
f 2199/2199/2138 2201/2201/2140 4688/2201/4527
f 2084/2084/2036 4693/2084/4532 4689/2082/4528
f 2166/2166/2107 4695/2166/4534 4690/2164/4529
f 2237/2237/2172 2239/2239/2174 4691/2239/4530
f 2130/2130/2071 2132/2132/2073 4692/2132/4531
f 2203/2203/2142 4699/2203/4538 4688/2201/4527
f 2086/2086/2037 4697/2086/4536 4693/2084/4532
f 2239/2239/2174 2241/2241/2175 4694/2241/4533
f 2168/2168/2109 4701/2168/4540 4695/2166/4534
f 2132/2132/2073 2134/2134/2075 4696/2134/4535
f 2088/2088/2038 4700/2088/4539 4697/2086/4536
f 2241/2241/2175 2243/2243/2177 4698/2243/4537
f 2205/2205/2144 4704/2205/4543 4699/2203/4538
f 2090/2090/2039 4705/2090/4544 4700/2088/4539
f 2170/2170/2111 4706/2170/4545 4701/2168/4540
f 2243/2243/2177 2245/2245/2179 4702/2245/4541
f 2134/2134/2075 2136/2136/2077 4703/2136/4542
f 2207/2207/2146 4602/2207/4443 4704/2205/4543
f 2092/2092/2040 4707/2092/4546 4705/2090/4544
f 2245/2245/2179 2247/2247/2180 4601/2247/4442
f 2172/2172/2113 4604/2172/4445 4706/2170/4545
f 2136/2136/2077 2138/2138/2079 4607/2138/4448
f 2094/2094/2042 4603/2094/4444 4707/2092/4546
f 4708/4601/4547 4715/4608/4554 4709/4602/4548
f 4711/4604/4550 4716/4609/4555 4712/4605/4551
f 4714/4607/4553 4719/4612/4557 4715/4608/4554
f 4716/4609/4555 4720/4613/4466 4717/4610/4556
f 4718/4611/4446 4723/4616/4559 4719/4612/4557
f 4720/4613/4466 4724/4617/4560 4721/4614/4558
f 4722/4615/4451 4727/4620/4563 4723/4616/4559
f 4724/4617/4560 4728/4621/4564 4725/4618/4561
f 4726/4619/4562 4731/4624/4567 4727/4620/4563
f 4728/4621/4564 4732/4625/4568 4729/4622/4565
f 4730/4623/4566 4735/4628/4571 4731/4624/4567
f 4732/4625/4568 4736/4629/4572 4733/4626/4569
f 4730/4623/4566 4738/4631/4574 4734/4627/4570
f 4736/4629/4572 4740/4633/4502 4737/4630/4573
f 4738/4631/4574 4742/4635/4577 4739/4632/4575
f 4740/4633/4502 4744/4637/4579 4741/4634/4576
f 4742/4635/4577 4746/4639/4581 4743/4636/4578
f 4744/4637/4579 4748/4641/4583 4745/4638/4580
f 4746/4639/4581 4750/4643/4585 4747/4640/4582
f 4748/4641/4583 4752/4645/4587 4749/4642/4584
f 4750/4643/4585 4754/4647/4483 4751/4644/4586
f 4752/4645/4587 4756/4649/4590 4753/4646/4588
f 4754/4647/4483 4758/4651/4592 4755/4648/4589
f 4756/4649/4590 4760/4653/4594 4757/4650/4591
f 4758/4651/4592 4762/4655/4596 4759/4652/4593
f 4760/4653/4594 4764/4657/4598 4761/4654/4595
f 4762/4655/4596 4766/4659/4495 4763/4656/4597
f 4764/4657/4598 4768/4661/4601 4765/4658/4599
f 4766/4659/4495 4770/4663/4603 4767/4660/4600
f 4768/4661/4601 4772/4665/4605 4769/4662/4602
f 4770/4663/4603 4777/4670/4503 4771/4664/4604
f 4772/4665/4605 4779/4672/4611 4773/4666/4606
f 4774/4667/4607 4780/4673/4612 4775/4668/4608
f 4777/4670/4503 4782/4675/4509 4778/4671/4610
f 4779/4672/4611 4774/4667/4607 4776/4669/4609
f 4780/4673/4612 4787/4680/4618 4781/4674/4613
f 4782/4675/4509 4789/4682/4620 4783/4676/4614
f 4784/4677/4615 4792/4685/4623 4785/4678/4616
f 4787/4680/4618 4793/4686/4624 4788/4681/4619
f 4789/4682/4620 4888/4781/4508 4790/4683/4621
f 4791/4684/4622 4796/4689/4627 4792/4685/4623
f 4793/4686/4624 4797/4690/4628 4794/4687/4625
f 4795/4688/4626 4800/4693/4631 4796/4689/4627
f 4797/4690/4628 4801/4694/4632 4798/4691/4629
f 4799/4692/4630 4804/4697/4634 4800/4693/4631
f 4801/4694/4632 4805/4698/4635 4802/4695/4633
f 4803/4696/4481 4808/4701/4638 4804/4697/4634
f 4805/4698/4635 4809/4702/4639 4806/4699/4636
f 4807/4700/4637 4812/4705/4642 4808/4701/4638
f 4809/4702/4639 4813/4706/4643 4810/4703/4640
f 4811/4704/4641 4816/4709/4646 4812/4705/4642
f 4813/4706/4643 4817/4710/4647 4814/4707/4644
f 4815/4708/4645 4820/4713/4650 4816/4709/4646
f 4817/4710/4647 4821/4714/4651 4818/4711/4648
f 4819/4712/4649 4824/4717/4654 4820/4713/4650
f 4821/4714/4651 4825/4718/4655 4822/4715/4652
f 4823/4716/4653 4828/4721/4658 4824/4717/4654
f 4825/4718/4655 4829/4722/4659 4826/4719/4656
f 4827/4720/4657 4832/4725/4662 4828/4721/4658
f 4829/4722/4659 4833/4726/4663 4830/4723/4660
f 4831/4724/4661 4836/4729/4666 4832/4725/4662
f 4833/4726/4663 4837/4730/4667 4834/4727/4664
f 4835/4728/4665 4840/4733/4670 4836/4729/4666
f 4837/4730/4667 4841/4734/4671 4838/4731/4668
f 4839/4732/4669 4844/4737/4674 4840/4733/4670
f 4841/4734/4671 4845/4738/4460 4842/4735/4672
f 4843/4736/4673 4848/4741/4677 4844/4737/4674
f 4845/4738/4460 4850/4743/4679 4846/4739/4675
f 4847/4740/4676 4852/4745/4681 4848/4741/4677
f 4849/4742/4678 4854/4747/4683 4846/4739/4675
f 4851/4744/4680 4856/4749/4685 4852/4745/4681
f 4849/4742/4678 4858/4751/4687 4853/4746/4682
f 4855/4748/4684 4860/4753/4689 4856/4749/4685
f 4857/4750/4686 4862/4755/4691 4853/4746/4682
f 4859/4752/4688 4864/4757/4693 4860/4753/4689
f 4861/4754/4690 4866/4759/4695 4862/4755/4691
f 4863/4756/4692 4868/4761/4696 4864/4757/4693
f 4865/4758/4694 4870/4763/4698 4866/4759/4695
f 4867/4760/4480 4872/4765/4700 4868/4761/4696
f 4869/4762/4697 4874/4767/4702 4870/4763/4698
f 4871/4764/4699 4876/4769/4704 4872/4765/4700
f 4873/4766/4701 4878/4771/4706 4874/4767/4702
f 4875/4768/4703 4880/4773/4708 4876/4769/4704
f 4873/4766/4701 4882/4775/4710 4877/4770/4705
f 4879/4772/4707 4884/4777/4712 4880/4773/4708
f 4881/4774/4709 4885/4778/4713 4877/4770/4705
f 4883/4776/4711 4887/4780/4714 4884/4777/4712
f 4786/4679/4617 4785/4678/4616 4885/4778/4713
f 4886/4779/4512 4891/4784/4716 4887/4780/4714
f 4888/4781/4508 4892/4785/4717 4889/4782/4715
f 4890/4783/4517 4895/4788/4719 4891/4784/4716
f 4892/4785/4717 4896/4789/4720 4893/4786/4718
f 4894/4787/4522 4899/4792/4722 4895/4788/4719
f 4896/4789/4720 4900/4793/4723 4897/4790/4721
f 4898/4791/4521 4903/4796/4725 4899/4792/4722
f 4900/4793/4723 4904/4797/4726 4901/4794/4724
f 4902/4795/4526 4907/4800/4729 4903/4796/4725
f 4904/4797/4726 4908/4801/4730 4905/4798/4727
f 4906/4799/4728 4911/4804/4732 4907/4800/4729
f 4908/4801/4730 4912/4805/4733 4909/4802/4731
f 4910/4803/4533 4915/4808/4735 4911/4804/4732
f 4912/4805/4733 4916/4809/4736 4913/4806/4734
f 4914/4807/4537 4918/4811/4738 4915/4808/4735
f 4916/4809/4736 4919/4812/4739 4917/4810/4737
f 4710/4603/4549 4709/4602/4548 4918/4811/4738
f 4919/4812/4739 4711/4604/4550 4713/4606/4552
f 4921/4814/4741 2069/2069/2027 4922/2069/4742
f 2046/2046/2004 2043/2043/2002 4924/2043/4744
f 4926/4815/4746 5004/4815/4823 4927/4816/4747
f 4921/4814/4741 4923/4814/4743 4929/4817/4749
f 1989/1989/1959 5003/1989/4822 4931/1991/4751
f 2048/2048/2006 2046/2046/2004 4925/2046/4745
f 4928/4816/4748 4927/4816/4747 4933/4818/4753
f 4930/4817/4750 4929/4817/4749 4935/4819/4755
f 1993/1993/1963 1991/1991/1961 4931/1991/4751
f 2050/2050/2008 2048/2048/2006 4932/2048/4752
f 4934/4818/4754 4933/4818/4753 4939/4820/4759
f 4936/4819/4756 4935/4819/4755 4941/4821/4761
f 1995/1995/1965 1993/1993/1963 4937/1993/4757
f 2052/2052/2010 2050/2050/2008 4938/2050/4758
f 4940/4820/4760 4939/4820/4759 4945/4822/4765
f 4942/4821/4762 4941/4821/4761 4947/4823/4767
f 1997/1997/1967 1995/1995/1965 4943/1995/4763
f 4950/4824/4770 2052/2052/2010 4944/2052/4764
f 4946/4822/4766 4945/4822/4765 4952/4825/4772
f 4948/4823/4768 4947/4823/4767 4954/4826/4774
f 1999/1999/1969 1997/1997/1967 4949/1997/4769
f 2054/2054/2012 4950/4824/4770 4951/4824/4771
f 4953/4825/4773 4952/4825/4772 4958/4827/4778
f 4955/4826/4775 4954/4826/4774 4960/4828/4780
f 2001/2001/1971 1999/1999/1969 4956/1999/4776
f 2056/2056/2014 2054/2054/2012 4957/2054/4777
f 4959/4827/4779 4958/4827/4778 4964/4829/4784
f 4961/4828/4781 4960/4828/4780 4966/4830/4786
f 2003/2003/1973 2001/2001/1971 4962/2001/4782
f 2058/2058/2016 2056/2056/2014 4963/2056/4783
f 4965/4829/4785 4964/4829/4784 4970/4831/4790
f 4967/4830/4787 4966/4830/4786 4972/4832/4792
f 2005/2005/1975 2003/2003/1973 4968/2003/4788
f 2060/2060/2018 2058/2058/2016 4969/2058/4789
f 4971/4831/4791 4970/4831/4790 4976/4833/4796
f 4973/4832/4793 4972/4832/4792 4978/4834/4798
f 2007/2007/1977 2005/2005/1975 4974/2005/4794
f 2062/2062/2020 2060/2060/2018 4975/2060/4795
f 4977/4833/4797 4976/4833/4796 4982/4835/4802
f 4979/4834/4799 4978/4834/4798 4984/4836/4804
f 2009/2009/1979 2007/2007/1977 4980/2007/4800
f 2065/2065/2023 2062/2062/2020 4981/2062/4801
f 4988/4837/4808 4983/4835/4803 4982/4835/4802
f 4985/4836/4805 4984/4836/4804 4990/4838/4810
f 2011/2011/1981 2009/2009/1979 4986/2009/4806
f 2067/2067/2025 2065/2065/2023 4987/2065/4807
f 4994/4839/2002 4988/4837/4808 4989/4837/4809
f 4991/4838/4811 4990/4838/4810 4996/4840/4815
f 2013/2013/1983 2011/2011/1981 4992/2011/4812
f 2069/2069/2027 2067/2067/2025 4993/2067/4813
f 4997/4840/4816 4996/4840/4815 4999/4841/4818
f 2015/2015/1985 2013/2013/1983 4998/2013/4817
f 5002/4842/4821 5316/4842/4818 5003/1989/4822
f 2015/2015/1985 5001/2015/4820 5004/4815/4823
f 5005/4843/4824 5009/4847/4828 5006/4844/4825
f 5008/4846/4827 5014/4852/4832 5009/4847/4828
f 5010/4848/4767 5016/4854/4833 5011/4849/4829
f 5013/4851/4831 5018/4856/4835 5014/4852/4832
f 5015/4853/4761 5020/4858/4836 5016/4854/4833
f 5017/4855/4834 5022/4860/4837 5018/4856/4835
f 5019/4857/4755 5024/4862/4839 5020/4858/4836
f 5021/4859/4747 5029/4867/4844 5022/4860/4837
f 5023/4861/4838 5030/4868/4845 5024/4862/4839
f 5025/4863/4840 5031/4869/4846 5026/4864/4841
f 5028/4866/4843 5034/4872/4849 5029/4867/4844
f 5025/4863/4840 5027/4865/4842 5030/4868/4845
f 5031/4869/4846 5037/4875/4813 5032/4870/4847
f 5033/4871/4848 5036/4874/4851 5034/4872/4849
f 5033/4871/4848 5039/4877/4853 5035/4873/4850
f 5037/4875/4813 5041/4879/4855 5038/4876/4852
f 5039/4877/4853 5043/4881/4812 5040/4878/4854
f 5041/4879/4855 5045/4883/4801 5042/4880/4856
f 5043/4881/4812 5047/4885/4859 5044/4882/4857
f 5045/4883/4801 5049/4887/4795 5046/4884/4858
f 5047/4885/4859 5051/4889/4862 5048/4886/4860
f 5049/4887/4795 5053/4891/4789 5050/4888/4861
f 5051/4889/4862 5055/4893/4865 5052/4890/4863
f 5053/4891/4789 5057/4895/4783 5054/4892/4864
f 5055/4893/4865 5059/4897/4868 5056/4894/4866
f 5057/4895/4783 5062/4900/4870 5058/4896/4867
f 5059/4897/4868 5063/4901/4782 5060/4898/4869
f 5061/4899/4771 5066/4904/4872 5058/4896/4867
f 5063/4901/4782 5067/4905/4776 5064/4902/4871
f 5065/4903/4764 5070/4908/4875 5066/4904/4872
f 5067/4905/4776 5071/4909/4876 5068/4906/4873
f 5069/4907/4874 5074/4912/4879 5070/4908/4875
f 5071/4909/4876 5075/4913/4763 5072/4910/4877
f 5073/4911/4878 5078/4916/4881 5074/4912/4879
f 5075/4913/4763 5079/4917/4882 5076/4914/4880
f 5077/4915/4745 5082/4920/4884 5078/4916/4881
f 5079/4917/4882 5083/4921/4751 5080/4918/4883
f 5081/4919/4744 5092/4930/4890 5082/4920/4884
f 5083/4921/4751 5088/4926/4888 5084/4922/4885
f 5085/4923/4818 5089/4927/4815 5086/4924/4886
f 5088/4926/4888 5085/4923/4818 5087/4925/4887
f 5089/4927/4815 5093/4931/4810 5090/4928/4889
f 5091/4929/4809 5096/4934/4893 5092/4930/4890
f 5093/4931/4810 5097/4935/4894 5094/4932/4891
f 5095/4933/4892 5100/4938/4896 5096/4934/4893
f 5097/4935/4894 5101/4939/4897 5098/4936/4895
f 5099/4937/4796 5104/4942/4900 5100/4938/4896
f 5101/4939/4897 5105/4943/4792 5102/4940/4898
f 5103/4941/4899 5108/4946/4902 5104/4942/4900
f 5105/4943/4792 5110/4948/4903 5106/4944/4901
f 5107/4945/4784 5111/4949/4904 5108/4946/4902
f 5109/4947/4780 5112/4950/4905 5106/4944/4901
f 5007/4845/4826 5006/4844/4825 5111/4949/4904
f 5012/4850/4830 5011/4849/4829 5112/4950/4905
f 2851/2851/2776 2825/2825/2750 5114/2825/4907
f 2565/2565/2490 2539/2539/2464 5116/2539/4909
f 2747/2747/2672 5131/2747/4924 5118/2773/4911
f 2669/2669/2594 2643/2643/2568 5119/2643/4912
f 2488/2488/2413 2462/2462/2387 5121/2462/4914
f 2903/2903/2828 2877/2877/2802 5123/2877/4916
f 2617/2617/2542 2591/2591/2516 5125/2591/4918
f 2384/2384/2309 5133/2384/4926 5127/2410/4920
f 2799/2799/2724 5134/2799/4927 5114/2825/4907
f 2539/2539/2464 2513/2513/2438 5128/2513/4921
f 2955/2955/2880 2929/2929/2854 5129/2929/4922
f 2721/2721/2646 5137/2721/4930 5131/2747/4924
f 2643/2643/2568 5138/4952/4931 5132/4952/4925
f 2436/2436/2361 5140/2436/4933 5121/2462/4914
f 2877/2877/2802 2851/2851/2776 5115/2851/4908
f 2591/2591/2516 2565/2565/2490 5117/2565/4910
f 2358/2358/2283 5139/2358/4932 5133/2384/4926
f 2773/2773/2698 5118/2773/4911 5134/2799/4927
f 2669/2669/2594 5120/2669/4913 5135/2695/4928
f 2513/2513/2438 2488/2488/2413 5122/2488/4915
f 2981/2981/2256 2955/2955/2880 5130/2955/4923
f 2929/2929/2854 2903/2903/2828 5124/2903/4917
f 2695/2695/2620 5135/2695/4928 5137/2721/4930
f 5138/4952/4931 2617/2617/2542 5126/2617/4919
f 2331/2331/2256 5317/2331/4929 5139/2358/4932
f 2410/2410/2335 5127/2410/4920 5140/2436/4933
f 5141/4953/4927 5151/4963/4941 5142/4954/4934
f 5144/4956/4936 5152/4964/4942 5145/4957/4937
f 5147/4959/4919 5158/4970/4947 5148/4960/4939
f 5150/4962/4911 5160/4972/4948 5151/4963/4941
f 5152/4964/4942 5161/4973/4920 5153/4965/4943
f 5154/4966/4929 5163/4975/4950 5155/4967/4944
f 5147/4959/4919 5165/4977/4952 5157/4969/4946
f 5159/4971/4924 5168/4980/4954 5160/4972/4948
f 5161/4973/4920 5169/4981/4926 5162/4974/4949
f 5163/4975/4950 5171/4983/4922 5164/4976/4951
f 5165/4977/4952 5173/4985/4957 5166/4978/4953
f 5167/4979/4930 5176/4988/4960 5168/4980/4954
f 5169/4981/4926 5177/4989/4961 5170/4982/4955
f 5171/4983/4922 5178/4990/4962 5172/4984/4956
f 5173/4985/4957 5180/4992/4909 5174/4986/4958
f 5175/4987/4959 5183/4995/4965 5176/4988/4960
f 5177/4989/4961 5154/4966/4929 5156/4968/4945
f 5178/4990/4962 5184/4996/4916 5179/4991/4963
f 5180/4992/4909 5186/4998/4967 5181/4993/4964
f 5182/4994/4913 5189/5001/4969 5183/4995/4965
f 5184/4996/4916 5190/5002/4908 5185/4997/4966
f 5186/4998/4967 5191/5003/4970 5187/4999/4968
f 5188/5000/4912 5192/5004/4971 5189/5001/4969
f 5143/4955/4935 5142/4954/4934 5185/4997/4966
f 5191/5003/4970 5144/4956/4936 5146/4958/4938
f 5149/4961/4940 5148/4960/4939 5192/5004/4971
f 3931/3931/3809 3957/3957/3835 5193/3957/4972
f 3514/3514/3392 3541/3541/3419 5195/3541/4974
f 3774/3774/3652 5213/3774/4992 5197/3747/4976
f 4140/4140/4013 5318/4140/5053 5198/4114/4977
f 4088/4088/3966 5214/4088/4993 5199/4061/4978
f 3853/3853/3731 3879/3879/3757 5200/3879/4979
f 3696/3696/3574 5215/3696/4994 5202/3672/4981
f 4009/4009/3887 5216/4009/4995 5203/3984/4982
f 3799/3799/3677 5217/3799/4996 5204/3800/4983
f 3567/3567/3445 3593/3593/3471 5205/3593/4984
f 3488/3488/3366 3514/3514/3392 5196/3514/4975
f 3905/3905/3783 3931/3931/3809 5194/3931/4973
f 3747/3747/3625 5197/3747/4976 5209/3722/4988
f 4061/4061/3939 5199/4061/4978 5210/4035/4989
f 3825/3825/3703 3853/3853/3731 5201/3853/4980
f 3672/3672/3550 5202/3672/4981 5212/3646/4991
f 3957/3957/3835 3984/3984/3862 5203/3984/4982
f 3800/3800/3678 5204/3800/4983 5213/3774/4992
f 3541/3541/3419 3567/3567/3445 5206/3567/4985
f 4114/4114/3992 5198/4114/4977 5214/4088/4993
f 3879/3879/3757 3905/3905/3783 5208/3905/4987
f 3722/3722/3600 5209/3722/4988 5215/3696/4994
f 4035/4035/3913 5210/4035/4989 5216/4009/4995
f 3825/3825/3703 5211/3825/4990 5217/3799/4996
f 3593/3593/3471 3620/3620/3498 5218/3620/4997
f 3646/3646/3524 5212/3646/4991 5218/3620/4997
f 5219/5005/4998 5231/5017/4997 5220/5006/4999
f 5222/5008/4972 5233/5019/4982 5223/5009/5001
f 5225/5011/4996 5236/5022/5009 5226/5012/5003
f 5228/5014/4974 5268/5054/4985 5229/5015/5004
f 5231/5017/4997 5240/5026/4991 5232/5018/5006
f 5233/5019/4982 5242/5028/5013 5234/5020/5007
f 5225/5011/4996 5243/5029/4990 5235/5021/5008
f 5237/5023/5010 5228/5014/4974 5230/5016/5005
f 5239/5025/5012 5248/5034/5017 5232/5018/5006
f 5241/5027/4989 5250/5036/5019 5234/5020/5007
f 5243/5029/4990 5251/5037/4980 5244/5030/5014
f 5237/5023/5010 5238/5024/5011 5245/5031/5015
f 5247/5033/5016 5254/5040/5022 5248/5034/5017
f 5249/5035/5018 5256/5042/5023 5250/5036/5019
f 5251/5037/4980 5257/5043/4979 5252/5038/5020
f 5253/5039/5021 5260/5046/5025 5254/5040/5022
f 5255/5041/4993 5262/5048/5027 5256/5042/5023
f 5257/5043/4979 5263/5049/5028 5258/5044/5024
f 5259/5045/4976 5266/5052/5031 5260/5046/5025
f 5261/5047/5026 5267/5053/5032 5262/5048/5027
f 5263/5049/5028 5269/5055/5033 5264/5050/5029
f 5265/5051/5030 5270/5056/5034 5266/5052/5031
f 5246/5032/4986 5245/5031/5015 5267/5053/5032
f 5268/5054/4985 5219/5005/4998 5221/5007/5000
f 5269/5055/5033 5222/5008/4972 5224/5010/5002
f 5227/5013/4983 5226/5012/5003 5270/5056/5034
f 2068/2068/2026 2018/2018/1987 2017/2017/983
f 2066/2066/2024 2068/2068/2026 5273/5059/5037
f 2064/2064/2022 2066/2066/2024 5274/5060/5038
f 2063/2063/2021 2064/2064/2022 5275/5061/987
f 2061/2061/2019 2063/2063/2021 5276/5062/989
f 5278/5064/993 2059/2059/2017 2061/2061/2019
f 5279/5065/5040 2057/2057/2015 2059/2059/2017
f 5280/5066/5041 2055/2055/2013 2057/2057/2015
f 5281/5067/999 2053/2053/2011 2055/2055/2013
f 2051/2051/2009 2053/2053/2011 5281/5067/999
f 2049/2049/2007 2051/2051/2009 5282/5068/5042
f 2047/2047/2005 2049/2049/2007 5283/5069/5043
f 2044/2044/2003 2047/2047/2005 5284/5070/1005
f 2045/2045/1956 2044/2044/2003 5285/5071/1007
f 5000/4841/4819 2041/2041/1958 2039/2039/2001
f 4997/4840/4816 2039/2039/2001 2037/2037/2000
f 4991/4838/4811 2037/2037/2000 2035/2035/1999
f 4985/4836/4805 2035/2035/1999 2033/2033/1997
f 4979/4834/4799 2033/2033/1997 2031/2031/1995
f 4973/4832/4793 2031/2031/1995 2032/2032/1996
f 4961/4828/4781 4967/4830/4787 2032/2032/1996
f 4955/4826/4775 4961/4828/4781 2029/2029/1994
f 4955/4826/4775 2025/2025/1991 2023/2023/1990
f 4948/4823/4768 2023/2023/1990 2021/2021/1989
f 4942/4821/4762 2021/2021/1989 2019/2019/1988
f 4936/4819/4756 2019/2019/1988 2016/2016/1986
f 4930/4817/4750 2016/2016/1986 2018/2018/1987
f 5287/5073/5044 2014/2014/1984 1961/1961/1941
f 5288/5074/5045 2012/2012/1982 2014/2014/1984
f 5289/5075/7 2010/2010/1980 2012/2012/1982
f 5290/5076/9 2008/2008/1978 2010/2010/1980
f 5291/5077/11 2006/2006/1976 2008/2008/1978
f 5292/5078/5046 2004/2004/1974 2006/2006/1976
f 5293/5079/5047 2002/2002/1972 2004/2004/1974
f 5294/5080/5048 2000/2000/1970 2002/2002/1972
f 5295/5081/19 1998/1998/1968 2000/2000/1970
f 5296/5082/21 1996/1996/1966 1998/1998/1968
f 5297/5083/23 1994/1994/1964 1996/1996/1966
f 5298/5084/5049 1992/1992/1962 1994/1994/1964
f 5299/5085/27 1990/1990/1960 1992/1992/1962
f 5300/5086/29 1988/1988/1958 1990/1990/1960
f 4988/4837/4808 4994/4839/2002 1986/1986/1956
f 4983/4835/4803 4988/4837/4808 1987/1987/1957
f 4977/4833/4797 4983/4835/4803 1984/1984/1955
f 4971/4831/4791 4977/4833/4797 1982/1982/1953
f 4965/4829/4785 4971/4831/4791 1980/1980/1952
f 4959/4827/4779 4965/4829/4785 1978/1978/1951
f 4953/4825/4773 4959/4827/4779 1976/1976/1950
f 4946/4822/4766 4953/4825/4773 1974/1974/1949
f 4940/4820/4760 4946/4822/4766 1972/1972/1948
f 4934/4818/4754 4940/4820/4760 1970/1970/1946
f 4928/4816/4748 4934/4818/4754 1968/1968/1945
f 4926/4815/4746 4928/4816/4748 1966/1966/1944
f 2015/2015/1985 4926/4815/4746 1964/1964/1943
f 2954/2954/2879 2956/2956/2881 2982/2982/2258
f 2928/2928/2853 2930/2930/2855 2956/2956/2881
f 2902/2902/2827 2904/2904/2829 2930/2930/2855
f 2876/2876/2801 2878/2878/2803 2904/2904/2829
f 2850/2850/2775 2852/2852/2777 2878/2878/2803
f 2824/2824/2749 2826/2826/2751 2852/2852/2777
f 2798/2798/2723 2800/2800/2725 2826/2826/2751
f 2772/2772/2697 2774/2774/2699 2800/2800/2725
f 2746/2746/2671 2748/2748/2673 2774/2774/2699
f 2720/2720/2645 2722/2722/2647 2748/2748/2673
f 2694/2694/2619 2696/2696/2621 2722/2722/2647
f 5301/5087/5050 2670/2670/2595 2696/2696/2621
f 2668/2668/2593 2644/2644/2569 2670/2670/2595
f 2641/2641/2566 2618/2618/2543 2644/2644/2569
f 2615/2615/2540 2592/2592/2517 2618/2618/2543
f 2566/2566/2491 2592/2592/2517 2615/2615/2540
f 2540/2540/2465 2566/2566/2491 2589/2589/2514
f 2514/2514/2439 2540/2540/2465 2563/2563/2488
f 2489/2489/2414 2514/2514/2439 2537/2537/2462
f 2463/2463/2388 2489/2489/2414 2486/2486/2411
f 2437/2437/2362 2463/2463/2388 2460/2460/2385
f 2411/2411/2336 2437/2437/2362 5302/5088/5051
f 2385/2385/2310 2411/2411/2336 2434/2434/2359
f 2359/2359/2284 2385/2385/2310 2408/2408/2333
f 2332/2332/2257 2359/2359/2284 2382/2382/2307
f 2333/2333/2258 2332/2332/2257 2356/2356/2281
f 4112/4112/3990 4138/4138/4011 5303/5089/3367
f 4086/4086/3964 4112/4112/3990 4139/4139/4012
f 4059/4059/3937 4086/4086/3964 4113/4113/3991
f 4033/4033/3911 4059/4059/3937 4087/4087/3965
f 4007/4007/3885 4033/4033/3911 4060/4060/3938
f 3982/3982/3860 4007/4007/3885 4034/4034/3912
f 3955/3955/3833 3982/3982/3860 4008/4008/3886
f 3929/3929/3807 3955/3955/3833 3983/3983/3861
f 3903/3903/3781 3929/3929/3807 3956/3956/3834
f 3877/3877/3755 3903/3903/3781 3930/3930/3808
f 3850/3850/3728 3877/3877/3755 3904/3904/3782
f 3851/3851/3729 3850/3850/3728 3878/3878/3756
f 3823/3823/3701 3851/3851/3729 3852/3852/3730
f 3798/3798/3676 3823/3823/3701 3824/3824/3702
f 3798/3798/3676 3773/3773/3651 3746/3746/3624
f 3772/3772/3650 3746/3746/3624 3721/3721/3599
f 3745/3745/3623 3721/3721/3599 3695/3695/3573
f 3720/3720/3598 3695/3695/3573 3671/3671/3549
f 3694/3694/3572 3671/3671/3549 3645/3645/3523
f 3670/3670/3548 3645/3645/3523 3619/3619/3497
f 3644/3644/3522 3619/3619/3497 3592/3592/3470
f 3618/3618/3496 3592/3592/3470 3566/3566/3444
f 3591/3591/3469 3566/3566/3444 3540/3540/3418
f 3565/3565/3443 3540/3540/3418 3513/3513/3391
f 3539/3539/3417 3513/3513/3391 3487/3487/3365
f 3512/3512/3390 3487/3487/3365 3489/3489/3367
