# Blender 4.4.3
# www.blender.org
mtllib Untitled.mtl
o hash_4C45FFAC.model
v -0.086380 -0.940860 0.024185
v -0.095971 -0.941397 0.057231
v -0.094781 -0.961049 0.035696
v -0.095396 -0.919233 0.039790
v -0.093561 -0.919592 0.077166
v -0.094689 -0.894978 0.059523
v -0.116047 -0.898066 0.096052
v -0.124938 -0.876826 0.074708
v -0.153739 -0.895214 0.102279
v -0.156759 -0.863866 0.086788
v -0.189105 -0.897109 0.096901
v -0.211587 -0.882620 0.059405
v -0.210776 -0.913065 0.076001
v -0.229147 -0.907628 0.037848
v -0.218215 -0.935525 0.050359
v -0.232351 -0.929826 0.012410
v -0.221192 -0.955615 0.023972
v -0.226994 -0.945889 -0.013919
v -0.221502 -0.969465 -0.002900
v -0.072965 -0.873065 0.028554
v -0.118751 -0.851713 0.049832
v -0.148558 -0.853718 0.055586
v -0.179667 -0.854245 0.049671
v -0.188166 -0.866407 0.078668
v -0.207070 -0.860054 0.033793
v -0.245469 -0.882410 -0.007852
v -0.241387 -0.898144 -0.034023
v -0.084692 -0.952312 -0.002337
v -0.065296 -0.891681 0.003941
v -0.086380 -0.940860 0.024185
v -0.065296 -0.891681 0.003941
v -0.070161 -0.858758 0.009614
v -0.097418 -0.850334 0.021208
v -0.093176 -0.850345 0.041776
v -0.120232 -0.842988 0.040008
v -0.145856 -0.838414 0.046396
v -0.175561 -0.834110 0.045361
v -0.202098 -0.837793 0.031229
v -0.226417 -0.848867 0.009574
v -0.227889 -0.870515 0.011849
v -0.238946 -0.860707 -0.015290
v -0.234362 -0.874639 -0.043023
v -0.052524 -0.838236 -0.015353
v -0.054638 -0.866164 -0.005684
v -0.068447 -0.831556 0.006975
v -0.093571 -0.825269 0.021909
v -0.143949 -0.819174 0.048835
v -0.172097 -0.818287 0.040957
v -0.199168 -0.821143 0.026009
v -0.228664 -0.830452 0.005511
v -0.240731 -0.843874 -0.020314
v -0.232660 -0.854015 -0.049383
v -0.055856 -0.810564 -0.025517
v -0.071984 -0.804686 -0.001710
v -0.092061 -0.800722 0.019423
v -0.116442 -0.819993 0.040219
v -0.141322 -0.797322 0.043969
v -0.166099 -0.799465 0.030860
v -0.195510 -0.800290 0.018784
v -0.224586 -0.810149 -0.002200
v -0.243483 -0.821951 -0.026664
v -0.248461 -0.831674 -0.048490
v -0.086167 -0.786939 -0.017476
v -0.104402 -0.783540 0.004632
v -0.115307 -0.797862 0.037026
v -0.125665 -0.781722 0.022347
v -0.147122 -0.778675 0.031860
v -0.189967 -0.777245 0.012075
v -0.216311 -0.785112 -0.007744
v -0.242357 -0.799435 -0.022696
v -0.258519 -0.810472 -0.041330
v -0.079985 -0.767061 -0.049830
v -0.067436 -0.787965 -0.039410
v -0.101224 -0.770287 -0.030604
v -0.122245 -0.773990 -0.011236
v -0.142612 -0.775844 0.007402
v -0.158856 -0.764420 0.026260
v -0.179082 -0.760943 0.037042
v -0.166241 -0.775826 0.028417
v -0.222537 -0.772955 0.006834
v -0.241516 -0.779366 -0.014711
v -0.094967 -0.743658 -0.020807
v -0.115146 -0.748194 -0.001002
v -0.139091 -0.749327 0.010398
v -0.167451 -0.746938 0.013271
v -0.190347 -0.743350 0.027350
v -0.200711 -0.765198 0.025041
v -0.231517 -0.753041 0.016815
v -0.235733 -0.755225 -0.040214
v -0.248660 -0.782714 -0.040776
v -0.071995 -0.741105 -0.037691
v -0.088208 -0.717194 -0.010388
v -0.109290 -0.721464 0.008340
v -0.133702 -0.723705 0.021646
v -0.161992 -0.721805 0.024543
v -0.214557 -0.725945 0.039660
v -0.210729 -0.747409 0.029318
v -0.229838 -0.727166 -0.009952
v -0.235522 -0.753766 -0.011598
v -0.230179 -0.728679 -0.038415
v -0.065440 -0.714000 -0.027210
v -0.082913 -0.689845 -0.001446
v -0.105498 -0.693662 0.015361
v -0.129145 -0.697020 0.030646
v -0.156104 -0.698406 0.039313
v -0.183467 -0.699820 0.046725
v -0.189693 -0.722134 0.031089
v -0.210570 -0.699510 0.045430
v -0.221783 -0.699202 0.019999
v -0.227371 -0.726028 0.018484
v -0.224730 -0.700451 -0.008180
v -0.223472 -0.702452 -0.036414
v -0.061078 -0.685677 -0.019013
v -0.077981 -0.662282 0.007198
v -0.101865 -0.665736 0.021969
v -0.126023 -0.669122 0.036316
v -0.151964 -0.671646 0.047361
v -0.179278 -0.673230 0.054635
v -0.205342 -0.672391 0.047373
v -0.216606 -0.672311 0.021701
v -0.219857 -0.673699 -0.006341
v -0.217664 -0.676045 -0.034362
v -0.067122 -0.628679 -0.006764
v -0.059716 -0.656683 -0.012567
v -0.097664 -0.638028 0.029263
v -0.122562 -0.641279 0.042179
v -0.148321 -0.644125 0.053355
v -0.175657 -0.645812 0.059752
v -0.200108 -0.645264 0.049214
v -0.211297 -0.645454 0.023499
v -0.215078 -0.646950 -0.004415
v -0.215121 -0.649111 -0.032509
v -0.069266 -0.606397 0.022778
v -0.073211 -0.634583 0.015649
v -0.093308 -0.610321 0.036656
v -0.118804 -0.613476 0.048252
v -0.144657 -0.616500 0.059054
v -0.172111 -0.618315 0.064478
v -0.195439 -0.618065 0.051388
v -0.205978 -0.618606 0.025351
v -0.210527 -0.620178 -0.002437
v -0.212532 -0.622191 -0.030456
v -0.073399 -0.600195 -0.002050
v -0.068146 -0.577599 0.027304
v -0.089078 -0.582401 0.043532
v -0.114997 -0.585578 0.054077
v -0.141017 -0.588766 0.064379
v -0.168572 -0.590728 0.068625
v -0.190814 -0.590849 0.053630
v -0.200635 -0.591782 0.027292
v -0.206441 -0.593349 -0.000266
v -0.209534 -0.595317 -0.028171
v -0.075260 -0.570720 0.001018
v -0.069264 -0.548664 0.030405
v -0.085139 -0.554159 0.049380
v -0.111223 -0.557553 0.059492
v -0.137483 -0.560893 0.069170
v -0.165174 -0.563118 0.072765
v -0.186401 -0.563601 0.055942
v -0.196005 -0.564854 0.029465
v -0.202965 -0.566455 0.002137
v -0.207003 -0.568380 -0.025668
v -0.072444 -0.541245 0.003406
v -0.066805 -0.519753 0.032855
v -0.081610 -0.525591 0.053857
v -0.107507 -0.529391 0.064399
v -0.133955 -0.532943 0.073624
v -0.161747 -0.535402 0.076424
v -0.182305 -0.536317 0.058404
v -0.192215 -0.537825 0.031959
v -0.200375 -0.539497 0.004904
v -0.204494 -0.541460 -0.022929
v -0.064659 -0.512645 0.005640
v -0.063205 -0.490863 0.034877
v -0.078483 -0.496811 0.057029
v -0.103882 -0.501092 0.068707
v -0.130412 -0.504930 0.077849
v -0.158309 -0.507585 0.079280
v -0.178630 -0.508981 0.061030
v -0.189646 -0.510699 0.034913
v -0.198841 -0.512511 0.008112
v -0.201936 -0.514539 -0.019947
v -0.057113 -0.484012 0.008041
v -0.059985 -0.461869 0.036511
v -0.075711 -0.467908 0.059048
v -0.100347 -0.472667 0.072317
v -0.126919 -0.476816 0.081590
v -0.154953 -0.479763 0.082263
v -0.175514 -0.481592 0.063857
v -0.188409 -0.483537 0.038460
v -0.198108 -0.485527 0.011740
v -0.198820 -0.487749 -0.016593
v -0.049474 -0.455419 0.010870
v -0.056591 -0.432854 0.037860
v -0.073164 -0.438947 0.060257
v -0.096921 -0.444135 0.075189
v -0.123479 -0.448608 0.084810
v -0.151582 -0.451907 0.085023
v -0.172955 -0.454171 0.066984
v -0.187659 -0.456381 0.042398
v -0.196912 -0.458547 0.015502
v -0.190111 -0.462725 -0.011421
v -0.041311 -0.426988 0.014387
v -0.052941 -0.403827 0.039069
v -0.070600 -0.409991 0.061070
v -0.093599 -0.415536 0.077437
v -0.120073 -0.420341 0.087701
v -0.148301 -0.424004 0.087500
v -0.170874 -0.426720 0.070390
v -0.187163 -0.429226 0.046632
v -0.193014 -0.431890 0.019275
v -0.181062 -0.437739 -0.006340
v -0.036861 -0.397556 0.015927
v -0.049153 -0.374746 0.040314
v -0.067830 -0.381065 0.061749
v -0.090347 -0.386895 0.079108
v -0.116726 -0.391997 0.090026
v -0.145125 -0.396054 0.089864
v -0.169017 -0.399249 0.074033
v -0.186634 -0.402056 0.051047
v -0.185908 -0.405936 0.023447
v -0.177036 -0.411119 -0.003821
v -0.034611 -0.367863 0.016283
v -0.045469 -0.345598 0.041397
v -0.064537 -0.352196 0.062746
v -0.087065 -0.358250 0.080518
v -0.113439 -0.363606 0.091957
v -0.142091 -0.368040 0.092059
v -0.167239 -0.371737 0.077706
v -0.185079 -0.374918 0.055361
v -0.179116 -0.379907 0.027086
v -0.180166 -0.384728 -0.001560
v -0.032524 -0.338194 0.016320
v -0.042069 -0.316426 0.042089
v -0.060830 -0.323382 0.063999
v -0.083624 -0.329621 0.081833
v -0.110192 -0.335171 0.093434
v -0.139114 -0.339971 0.094135
v -0.165568 -0.344166 0.081617
v -0.179759 -0.348186 0.058616
v -0.180402 -0.353160 0.029598
v -0.190415 -0.359949 0.002429
v -0.029213 -0.308594 0.016590
v -0.037141 -0.287603 0.043575
v -0.056138 -0.294825 0.065995
v -0.079655 -0.301118 0.083722
v -0.106930 -0.306720 0.094833
v -0.136185 -0.311838 0.096060
v -0.163328 -0.316438 0.084619
v -0.178801 -0.321061 0.061157
v -0.186454 -0.326896 0.032796
v -0.194763 -0.333318 0.004674
v -0.024572 -0.279131 0.017412
v -0.030241 -0.259387 0.045898
v -0.049901 -0.266881 0.068826
v -0.074391 -0.273187 0.087127
v -0.102993 -0.278672 0.098233
v -0.133434 -0.283886 0.099494
v -0.161175 -0.288761 0.087242
v -0.180016 -0.293887 0.063714
v -0.188957 -0.299944 0.035082
v -0.188254 -0.307121 0.006033
v -0.016753 -0.250494 0.018963
v -0.020073 -0.232747 0.050123
v -0.040720 -0.240428 0.073737
v -0.067774 -0.246052 0.091112
v -0.098292 -0.251173 0.101830
v -0.130534 -0.256456 0.103774
v -0.160565 -0.261857 0.091882
v -0.181844 -0.267089 0.067123
v -0.190890 -0.273132 0.036522
v -0.189571 -0.280425 0.005352
v -0.011009 -0.221982 0.020388
v -0.009585 -0.207056 0.054914
v -0.029349 -0.215052 0.079739
v -0.058012 -0.220694 0.097530
v -0.091615 -0.225046 0.107675
v -0.126669 -0.229756 0.108492
v -0.159049 -0.235360 0.095851
v -0.181894 -0.240645 0.069875
v -0.193059 -0.246880 0.037888
v -0.192006 -0.254164 0.004822
v -0.193976 -0.224622 0.003841
v -0.195093 -0.220253 0.035228
v -0.196335 -0.195756 0.002267
v -0.196168 -0.165834 0.029566
v -0.197025 -0.167339 0.000440
v -0.194903 -0.138508 0.027884
v -0.195001 -0.139696 -0.001454
v -0.192024 -0.111869 0.026537
v -0.192563 -0.112494 -0.003502
v -0.188054 -0.085707 0.025010
v -0.188215 -0.085806 -0.005269
v -0.183432 -0.059806 0.023787
v -0.184050 -0.059351 -0.006364
v -0.178535 -0.033840 0.023129
v -0.179039 -0.033016 -0.006545
v -0.173296 -0.007489 0.022789
v -0.174831 -0.006214 -0.006067
v -0.168512 0.019544 0.022736
v -0.170123 0.021285 -0.005162
v -0.185682 -0.216830 0.065685
v -0.188252 -0.191403 0.061365
v -0.195862 -0.193218 0.032146
v -0.188506 -0.164826 0.057928
v -0.187260 -0.138184 0.056552
v -0.184451 -0.111981 0.055627
v -0.180503 -0.086125 0.054090
v -0.175893 -0.060549 0.052631
v -0.170900 -0.034930 0.051386
v -0.166060 -0.008847 0.050403
v -0.160938 0.017752 0.049517
v -0.166870 -0.214343 0.091861
v -0.172731 -0.190519 0.087403
v -0.174787 -0.164470 0.083989
v -0.172862 -0.138338 0.082552
v -0.165910 -0.087207 0.080175
v -0.161543 -0.061825 0.078389
v -0.156842 -0.036517 0.076727
v -0.152409 -0.010805 0.075359
v -0.147014 0.015335 0.073412
v -0.138734 -0.211577 0.108402
v -0.148539 -0.190037 0.105733
v -0.152485 -0.164861 0.103258
v -0.151022 -0.139239 0.102387
v -0.170010 -0.112462 0.081835
v -0.147054 -0.114241 0.100982
v -0.139648 -0.064354 0.097845
v -0.135820 -0.039282 0.096202
v -0.131910 -0.013691 0.094735
v -0.127157 0.012576 0.091850
v -0.106068 -0.209238 0.112450
v -0.118608 -0.189328 0.113210
v -0.124013 -0.165820 0.112273
v -0.122508 -0.141032 0.111046
v -0.118589 -0.116716 0.110128
v -0.143288 -0.089394 0.099378
v -0.115268 -0.092173 0.109001
v -0.112247 -0.067367 0.107954
v -0.109515 -0.042205 0.107507
v -0.103448 0.009914 0.104689
v -0.073629 -0.207580 0.107327
v -0.087429 -0.189477 0.113555
v -0.093759 -0.166948 0.114269
v -0.092573 -0.143001 0.114994
v -0.089058 -0.119068 0.115779
v -0.086639 -0.094748 0.116924
v -0.082497 -0.044564 0.116491
v -0.080485 -0.018751 0.115854
v -0.106794 -0.016419 0.106863
v -0.078297 0.007498 0.114714
v -0.042890 -0.206368 0.097288
v -0.056509 -0.190254 0.108763
v -0.063034 -0.168294 0.113241
v -0.062064 -0.145024 0.117581
v -0.059337 -0.121274 0.121319
v -0.057708 -0.096757 0.123479
v -0.084551 -0.069916 0.117071
v -0.055146 -0.046356 0.123966
v -0.053876 -0.020586 0.123682
v -0.052303 0.005553 0.121716
v -0.016468 -0.205020 0.081389
v -0.026128 -0.192484 0.102436
v -0.031668 -0.170311 0.111872
v -0.031188 -0.147138 0.120065
v -0.029500 -0.123047 0.126248
v -0.028634 -0.097868 0.128526
v -0.056407 -0.071728 0.124056
v -0.027952 -0.072562 0.128843
v -0.027266 -0.047139 0.128300
v -0.025665 0.004480 0.124961
v 0.000240 -0.201826 0.056266
v 0.000347 -0.196857 0.089960
v 0.000276 -0.173719 0.109777
v 0.000225 -0.147420 0.119836
v 0.000374 -0.123027 0.128648
v 0.000531 -0.097464 0.130624
v 0.000652 -0.072200 0.130527
v 0.000840 -0.046990 0.129543
v -0.026507 -0.021439 0.127370
v 0.001059 -0.021501 0.128563
v 0.086183 -0.937749 0.019770
v 0.091429 -0.973621 0.005091
v 0.092938 -0.959824 0.032625
v 0.082903 -0.950512 -0.006517
v 0.099015 -0.984339 -0.026738
v 0.093549 -0.958362 -0.036383
v 0.107444 -0.990927 -0.058265
v 0.107766 -0.963046 -0.064011
v 0.117503 -0.995430 -0.087652
v 0.118860 -0.967661 -0.092090
v 0.141974 -0.997668 -0.105709
v 0.141929 -0.970217 -0.110185
v 0.172879 -0.996843 -0.105018
v 0.172217 -0.969434 -0.109720
v 0.197671 -0.992414 -0.087359
v 0.205063 -0.958472 -0.065553
v 0.208211 -0.984698 -0.058790
v 0.211446 -0.950487 -0.036656
v 0.215453 -0.976213 -0.029413
v 0.221480 -0.941823 -0.008810
v 0.222837 -0.967059 -0.000109
v 0.066836 -0.899547 -0.031688
v 0.076814 -0.907132 -0.058730
v 0.094271 -0.910626 -0.082908
v 0.140584 -0.913456 -0.116177
v 0.168742 -0.913573 -0.106148
v 0.197483 -0.965937 -0.094149
v 0.197154 -0.913354 -0.096438
v 0.234667 -0.910031 -0.055687
v 0.242805 -0.903644 -0.027383
v 0.097778 -0.915650 0.038706
v 0.067492 -0.887907 -0.003865
v 0.086183 -0.937749 0.019770
v 0.069243 -0.862359 -0.016208
v 0.067492 -0.887907 -0.003865
v 0.064074 -0.872971 -0.043478
v 0.066294 -0.882504 -0.070594
v 0.112263 -0.884647 -0.106631
v 0.113341 -0.913007 -0.105982
v 0.140551 -0.884963 -0.115778
v 0.167829 -0.885643 -0.104343
v 0.195040 -0.886013 -0.092292
v 0.222744 -0.886485 -0.081358
v 0.223857 -0.913967 -0.083225
v 0.255809 -0.884231 -0.036239
v 0.075889 -0.849152 -0.054729
v 0.087103 -0.856213 -0.089482
v 0.086277 -0.884529 -0.092427
v 0.115262 -0.857224 -0.098453
v 0.142847 -0.857463 -0.109123
v 0.198036 -0.859348 -0.100406
v 0.224222 -0.859379 -0.086789
v 0.244998 -0.858709 -0.066403
v 0.244452 -0.886179 -0.063085
v 0.258020 -0.857356 -0.038780
v 0.086435 -0.841509 -0.028361
v 0.058604 -0.826613 -0.048175
v 0.062332 -0.826898 -0.073335
v 0.060639 -0.855626 -0.077742
v 0.090575 -0.828715 -0.080888
v 0.118351 -0.829945 -0.090170
v 0.146087 -0.830920 -0.099567
v 0.173774 -0.831806 -0.109150
v 0.171414 -0.859028 -0.113162
v 0.224416 -0.831881 -0.090693
v 0.242907 -0.831134 -0.067898
v 0.077238 -0.818355 -0.027159
v 0.057271 -0.798460 -0.045226
v 0.065464 -0.798660 -0.073136
v 0.088350 -0.801745 -0.089307
v 0.116520 -0.802224 -0.096485
v 0.144530 -0.803061 -0.104236
v 0.172331 -0.804104 -0.112635
v 0.200054 -0.804317 -0.110194
v 0.200564 -0.832371 -0.107733
v 0.223481 -0.804141 -0.093099
v 0.238958 -0.803873 -0.068663
v 0.247995 -0.803138 -0.034776
v 0.255542 -0.829278 -0.035734
v 0.057470 -0.799090 -0.016839
v 0.070258 -0.772248 -0.041098
v 0.079072 -0.773190 -0.068581
v 0.088008 -0.774132 -0.096041
v 0.141278 -0.776419 -0.113891
v 0.170034 -0.776320 -0.116669
v 0.198100 -0.776232 -0.110433
v 0.222363 -0.776351 -0.095163
v 0.231466 -0.777472 -0.068403
v 0.233650 -0.780118 -0.037523
v 0.060987 -0.770804 -0.013754
v 0.085959 -0.747644 -0.035932
v 0.094828 -0.749102 -0.063247
v 0.100401 -0.748539 -0.091427
v 0.112892 -0.776177 -0.108340
v 0.139151 -0.748144 -0.117000
v 0.167874 -0.748079 -0.116162
v 0.195979 -0.748156 -0.110426
v 0.219450 -0.748734 -0.095828
v 0.218735 -0.753046 -0.067465
v 0.219346 -0.757034 -0.039050
v 0.074409 -0.744581 -0.009790
v 0.092795 -0.719255 -0.033874
v 0.089631 -0.720453 -0.062191
v 0.093518 -0.720355 -0.090412
v 0.109366 -0.719428 -0.112371
v 0.110496 -0.748123 -0.114741
v 0.137226 -0.719620 -0.117897
v 0.165720 -0.719811 -0.116001
v 0.193648 -0.720066 -0.110206
v 0.215610 -0.721340 -0.093947
v 0.214242 -0.726070 -0.065943
v 0.213373 -0.730711 -0.037791
v 0.085604 -0.717261 -0.006532
v 0.090230 -0.689792 -0.033255
v 0.083708 -0.691694 -0.060915
v 0.089045 -0.691626 -0.088566
v 0.108334 -0.690936 -0.108874
v 0.135208 -0.691083 -0.117537
v 0.163529 -0.691512 -0.116343
v 0.191023 -0.692010 -0.109384
v 0.211979 -0.693868 -0.091540
v 0.215549 -0.698583 -0.064027
v 0.213170 -0.703662 -0.036126
v 0.091378 -0.688144 -0.005148
v 0.085568 -0.660622 -0.031859
v 0.079087 -0.662719 -0.059205
v 0.087071 -0.662655 -0.086066
v 0.106694 -0.662353 -0.106235
v 0.133097 -0.662614 -0.116205
v 0.161272 -0.663193 -0.116527
v 0.188116 -0.664026 -0.107746
v 0.208552 -0.666299 -0.089215
v 0.214255 -0.671116 -0.062068
v 0.212571 -0.676621 -0.034306
v 0.091817 -0.658423 -0.004396
v 0.078390 -0.631992 -0.029437
v 0.075075 -0.633681 -0.057169
v 0.085567 -0.633704 -0.083226
v 0.105027 -0.633737 -0.103532
v 0.130754 -0.634227 -0.114867
v 0.158764 -0.634956 -0.116003
v 0.185077 -0.636110 -0.105926
v 0.205413 -0.638651 -0.087041
v 0.211725 -0.643770 -0.060030
v 0.210449 -0.649649 -0.032385
v 0.087567 -0.628990 -0.002890
v 0.071671 -0.603253 -0.026901
v 0.071982 -0.604573 -0.054853
v 0.084158 -0.604765 -0.080135
v 0.103531 -0.605098 -0.100486
v 0.128272 -0.605811 -0.113742
v 0.156082 -0.606737 -0.115179
v 0.181610 -0.608251 -0.103704
v 0.201184 -0.611179 -0.084043
v 0.208980 -0.616471 -0.057693
v 0.208132 -0.622695 -0.030222
v 0.081040 -0.599976 -0.000500
v 0.066225 -0.574249 -0.024513
v 0.069115 -0.575483 -0.052272
v 0.082956 -0.575858 -0.076698
v 0.102125 -0.576459 -0.097324
v 0.125642 -0.577416 -0.112601
v 0.153266 -0.578531 -0.114553
v 0.177818 -0.580439 -0.101274
v 0.196727 -0.583776 -0.080843
v 0.206355 -0.589149 -0.055169
v 0.206121 -0.595730 -0.027811
v 0.074470 -0.570958 0.002178
v 0.061144 -0.545200 -0.022019
v 0.066315 -0.546432 -0.049390
v 0.082532 -0.547064 -0.072382
v 0.101532 -0.547919 -0.093234
v 0.123003 -0.549032 -0.111384
v 0.150168 -0.550359 -0.113558
v 0.173574 -0.552746 -0.098402
v 0.191863 -0.556500 -0.077344
v 0.203426 -0.561878 -0.052414
v 0.204394 -0.568743 -0.025168
v 0.068106 -0.541868 0.004979
v 0.055978 -0.516173 -0.019322
v 0.064675 -0.517435 -0.045596
v 0.083855 -0.518636 -0.066314
v 0.103337 -0.519862 -0.086732
v 0.121407 -0.520754 -0.108451
v 0.146858 -0.522205 -0.112508
v 0.168546 -0.525305 -0.094945
v 0.186740 -0.529326 -0.073639
v 0.199923 -0.534694 -0.049394
v 0.202692 -0.541782 -0.022341
v 0.061673 -0.512807 0.007989
v 0.051598 -0.487012 -0.016316
v 0.063567 -0.488521 -0.041474
v 0.083582 -0.489992 -0.061496
v 0.102534 -0.491485 -0.082418
v 0.119012 -0.492759 -0.105351
v 0.141748 -0.494614 -0.109103
v 0.157359 -0.501241 -0.086456
v 0.177939 -0.503885 -0.067156
v 0.196121 -0.507581 -0.046044
v 0.201165 -0.514808 -0.019316
v 0.054673 -0.483954 0.011452
v 0.050667 -0.457657 -0.012618
v 0.060484 -0.459568 -0.038923
v 0.079801 -0.461189 -0.059710
v 0.092570 -0.464803 -0.084693
v 0.111807 -0.465385 -0.104119
v 0.139110 -0.467428 -0.104330
v 0.155677 -0.475770 -0.082978
v 0.165774 -0.480791 -0.057897
v 0.187350 -0.482525 -0.039506
v 0.199804 -0.487864 -0.016022
v 0.047295 -0.455235 0.015189
v 0.043146 -0.430929 -0.011067
v 0.055421 -0.431640 -0.036990
v 0.064624 -0.437304 -0.063633
v 0.080359 -0.439472 -0.085954
v 0.108383 -0.441670 -0.090098
v 0.136824 -0.442234 -0.092673
v 0.161503 -0.448305 -0.083349
v 0.162417 -0.453343 -0.055851
v 0.175971 -0.458927 -0.031324
v 0.196912 -0.461130 -0.012124
v 0.044478 -0.425543 0.015816
v 0.041059 -0.402967 -0.012288
v 0.038479 -0.410146 -0.040072
v 0.050798 -0.413519 -0.064098
v 0.078013 -0.422575 -0.064090
v 0.105678 -0.427208 -0.069699
v 0.133921 -0.429801 -0.069516
v 0.161040 -0.423736 -0.073541
v 0.172927 -0.431699 -0.029233
v 0.187631 -0.436443 -0.005840
v 0.044337 -0.395808 0.015448
v 0.036705 -0.374039 -0.011882
v 0.029401 -0.382605 -0.038608
v 0.052130 -0.388104 -0.050488
v 0.075640 -0.394540 -0.065498
v 0.102249 -0.399430 -0.075580
v 0.130844 -0.402471 -0.075141
v 0.156376 -0.403007 -0.061516
v 0.170646 -0.427160 -0.056066
v 0.173902 -0.404520 -0.028276
v 0.180732 -0.410701 -0.001237
v 0.042123 -0.366193 0.015546
v 0.026612 -0.346242 -0.009708
v 0.025152 -0.354110 -0.036920
v 0.048254 -0.360189 -0.053778
v 0.072003 -0.366356 -0.069764
v 0.099051 -0.371275 -0.079550
v 0.128086 -0.374829 -0.080320
v 0.152190 -0.377136 -0.066071
v 0.176346 -0.377021 -0.049614
v 0.183099 -0.402679 -0.054834
v 0.178375 -0.383902 0.000844
v 0.035826 -0.337164 0.016651
v 0.021340 -0.317045 -0.009105
v 0.025470 -0.324938 -0.035956
v 0.044259 -0.331990 -0.057734
v 0.068098 -0.338166 -0.074038
v 0.095788 -0.343055 -0.082985
v 0.125021 -0.346744 -0.082235
v 0.150179 -0.349860 -0.068539
v 0.166442 -0.352650 -0.044010
v 0.187821 -0.354679 -0.023817
v 0.188380 -0.381156 -0.026062
v 0.187548 -0.358676 0.002471
v 0.029882 -0.308031 0.017841
v 0.019278 -0.287441 -0.009374
v 0.023277 -0.295869 -0.036932
v 0.041412 -0.303319 -0.059517
v 0.064710 -0.309736 -0.076955
v 0.092734 -0.314808 -0.085972
v 0.122229 -0.318723 -0.084349
v 0.148683 -0.322016 -0.071587
v 0.165861 -0.325054 -0.047485
v 0.182052 -0.328111 -0.022616
v 0.193286 -0.332217 0.003691
v 0.024844 -0.278668 0.018653
v 0.016536 -0.257918 -0.009683
v 0.021306 -0.266647 -0.038071
v 0.037302 -0.274770 -0.062159
v 0.061221 -0.281320 -0.079306
v 0.089626 -0.286630 -0.088627
v 0.119822 -0.290848 -0.087478
v 0.147179 -0.294311 -0.075100
v 0.165993 -0.297457 -0.051164
v 0.178736 -0.300990 -0.023713
v 0.189385 -0.305415 0.004297
v 0.016790 -0.250081 0.019866
v 0.011252 -0.228959 -0.010541
v 0.015891 -0.238029 -0.040521
v 0.031970 -0.246474 -0.065753
v 0.056893 -0.253145 -0.082480
v 0.086097 -0.258662 -0.091700
v 0.117013 -0.263216 -0.090851
v 0.145610 -0.266923 -0.078806
v 0.166169 -0.270235 -0.054724
v 0.180695 -0.274064 -0.026474
v 0.189470 -0.278738 0.003777
v 0.010948 -0.221425 0.020948
v 0.005754 -0.200865 -0.011908
v 0.011627 -0.209441 -0.043658
v 0.025219 -0.218945 -0.070828
v 0.049988 -0.226363 -0.089759
v 0.081346 -0.231432 -0.097157
v 0.113926 -0.236476 -0.097300
v 0.143968 -0.240183 -0.083820
v 0.165581 -0.243535 -0.058175
v 0.181849 -0.247592 -0.028913
v 0.191599 -0.252500 0.003010
v 0.193215 -0.223067 0.001772
v 0.184325 -0.220735 -0.028368
v 0.194630 -0.194390 -0.000139
v 0.186209 -0.193934 -0.028235
v 0.194718 -0.166416 -0.002634
v 0.186669 -0.166978 -0.028882
v 0.192947 -0.139175 -0.005471
v 0.185732 -0.140042 -0.030817
v 0.190650 -0.112457 -0.008182
v 0.184106 -0.113198 -0.033456
v 0.186819 -0.086321 -0.009846
v 0.180918 -0.086620 -0.035371
v 0.183143 -0.060280 -0.010688
v 0.177343 -0.060306 -0.036247
v 0.178847 -0.033681 -0.010817
v 0.171364 -0.006556 -0.035133
v 0.174648 -0.006965 -0.010055
v 0.167838 0.021066 -0.033132
v 0.170367 0.020462 -0.008760
v 0.169570 -0.219073 -0.056067
v 0.172988 -0.193994 -0.054199
v 0.175342 -0.167963 -0.053759
v 0.175237 -0.141233 -0.054990
v 0.173768 -0.114351 -0.057460
v 0.171251 -0.087510 -0.059751
v 0.168971 -0.060606 -0.061151
v 0.174368 -0.033684 -0.036174
v 0.165162 -0.006044 -0.059811
v 0.162570 0.021807 -0.057375
v 0.150021 -0.217943 -0.080355
v 0.156162 -0.194614 -0.077695
v 0.160652 -0.169415 -0.076544
v 0.161505 -0.142795 -0.077405
v 0.160454 -0.115897 -0.080025
v 0.159154 -0.088757 -0.083076
v 0.157317 -0.061318 -0.084691
v 0.166778 -0.033530 -0.061005
v 0.155132 -0.005383 -0.083442
v 0.153642 0.023139 -0.080618
v 0.125194 -0.217084 -0.098235
v 0.135332 -0.195614 -0.097147
v 0.142875 -0.171351 -0.096647
v 0.145270 -0.144884 -0.097941
v 0.146207 -0.117844 -0.102083
v 0.144893 -0.090167 -0.105287
v 0.143438 -0.061999 -0.107066
v 0.156116 -0.033501 -0.084764
v 0.142465 -0.004258 -0.105840
v 0.140115 0.025181 -0.101629
v 0.095407 -0.215182 -0.103727
v 0.109124 -0.195950 -0.107199
v 0.119985 -0.173036 -0.110089
v 0.126037 -0.147449 -0.115402
v 0.127567 -0.120007 -0.120592
v 0.127144 -0.091796 -0.124834
v 0.125350 -0.062907 -0.126195
v 0.142612 -0.033473 -0.107022
v 0.124197 -0.033070 -0.125408
v 0.123664 -0.002813 -0.123018
v 0.065807 -0.212756 -0.100728
v 0.081610 -0.195919 -0.110251
v 0.094734 -0.174189 -0.117386
v 0.102339 -0.149428 -0.126351
v 0.104669 -0.122359 -0.133396
v 0.104606 -0.093674 -0.138822
v 0.103405 -0.063885 -0.140837
v 0.102055 -0.032232 -0.139204
v 0.100133 -0.001626 -0.133164
v 0.120498 0.026728 -0.116388
v 0.039358 -0.209315 -0.089359
v 0.055180 -0.194770 -0.104197
v 0.068660 -0.174261 -0.116172
v 0.076188 -0.149825 -0.127703
v 0.079048 -0.124210 -0.140382
v 0.079218 -0.095231 -0.147013
v 0.078158 -0.064303 -0.148918
v 0.076769 -0.031887 -0.145659
v 0.075028 -0.000599 -0.138390
v 0.097407 0.028241 -0.125580
v 0.019256 -0.204283 -0.070072
v 0.031206 -0.193816 -0.093407
v 0.043145 -0.175272 -0.111815
v 0.049890 -0.150949 -0.126194
v 0.052204 -0.125174 -0.140425
v 0.052416 -0.096344 -0.149200
v 0.051576 -0.064465 -0.150828
v 0.050736 -0.031668 -0.147948
v 0.049654 0.000466 -0.141606
v 0.073216 0.029860 -0.131226
v 0.007004 -0.198447 -0.044828
v 0.011927 -0.192366 -0.076707
v 0.019094 -0.177547 -0.104038
v 0.023737 -0.153556 -0.123403
v 0.025196 -0.126537 -0.138268
v 0.025329 -0.097116 -0.147673
v 0.024860 -0.064834 -0.150424
v 0.024524 -0.031794 -0.147889
v 0.024066 0.000651 -0.141793
v 0.048457 0.031201 -0.133303
v -0.000775 -0.195796 -0.014635
v -0.001261 -0.191714 -0.053505
v -0.001641 -0.181734 -0.091712
v -0.001860 -0.158103 -0.119486
v -0.001963 -0.128741 -0.136756
v -0.001957 -0.097786 -0.147080
v -0.001868 -0.064918 -0.150290
v -0.001716 -0.031730 -0.147820
v -0.001567 0.000804 -0.141609
v 0.023487 0.031695 -0.132787
v -0.162848 0.063216 0.024185
v -0.165701 0.064798 -0.003210
v -0.165727 0.064544 -0.003221
v -0.154074 0.061572 0.049689
v -0.162815 0.063473 0.024194
v -0.139460 0.059681 0.071418
v -0.154034 0.061830 0.049690
v -0.119635 0.057690 0.087976
v -0.139415 0.059941 0.071407
v -0.119679 0.057427 0.087998
v -0.096991 0.055322 0.100058
v -0.097029 0.055057 0.100085
v -0.073305 0.053269 0.109649
v -0.073334 0.053002 0.109679
v -0.048988 0.051372 0.116815
v -0.023972 0.050372 0.119791
v -0.049008 0.051105 0.116844
v 0.001335 0.050081 0.120847
v -0.023962 0.050641 0.119761
v 0.165769 0.063694 -0.006614
v 0.164044 0.064949 -0.030375
v 0.165742 0.063948 -0.006601
v 0.164066 0.064693 -0.030391
v 0.159032 0.066061 -0.053603
v 0.150104 0.067730 -0.075255
v 0.159052 0.065803 -0.053625
v 0.136037 0.071048 -0.093977
v 0.150084 0.067990 -0.075224
v 0.114948 0.071932 -0.106804
v 0.136013 0.071313 -0.093932
v 0.092403 0.073469 -0.114417
v 0.114915 0.072191 -0.106747
v 0.069080 0.074646 -0.117491
v 0.092373 0.073726 -0.114351
v 0.045615 0.075720 -0.117605
v 0.069055 0.074899 -0.117414
v 0.022159 0.076572 -0.116622
v 0.045599 0.075969 -0.117521
v -0.001301 0.077006 -0.116033
v 0.022151 0.076822 -0.116540
v 0.097094 -0.940875 0.055347
v 0.092938 -0.959824 0.032625
v 0.093753 -0.919311 0.076817
v 0.112790 -0.899970 0.097437
v 0.098282 -0.892646 0.060091
v 0.150139 -0.894750 0.103010
v 0.117987 -0.874256 0.080232
v 0.187654 -0.895696 0.099405
v 0.152217 -0.865654 0.083893
v 0.212291 -0.881411 0.062952
v 0.186435 -0.864699 0.081021
v 0.212997 -0.912972 0.080220
v 0.229923 -0.906187 0.042757
v 0.218148 -0.934551 0.054702
v 0.234325 -0.927976 0.018669
v 0.220004 -0.954112 0.027752
v 0.221480 -0.941823 -0.008810
v 0.073935 -0.869753 0.021511
v 0.117516 -0.857984 0.050758
v 0.148457 -0.857970 0.057468
v 0.181537 -0.856601 0.053857
v 0.211647 -0.865848 0.039327
v 0.233433 -0.875162 0.018151
v 0.242805 -0.903644 -0.027383
v 0.069243 -0.862359 -0.016208
v 0.096268 -0.854052 0.034649
v 0.076759 -0.849459 0.008446
v 0.124491 -0.841444 0.043388
v 0.101165 -0.844217 0.025167
v 0.150334 -0.839771 0.049715
v 0.209641 -0.846006 0.035215
v 0.180021 -0.839137 0.044943
v 0.227589 -0.860067 0.013201
v 0.237931 -0.874869 -0.014643
v 0.249616 -0.886970 -0.002259
v 0.086435 -0.841509 -0.028361
v 0.093062 -0.830566 -0.001567
v 0.103058 -0.821024 0.025095
v 0.123655 -0.819193 0.045449
v 0.152554 -0.821077 0.047530
v 0.211747 -0.827862 0.032288
v 0.181045 -0.823138 0.040209
v 0.237307 -0.837201 0.018278
v 0.252953 -0.850783 -0.006223
v 0.258020 -0.857356 -0.038780
v 0.077238 -0.818355 -0.027159
v 0.095890 -0.809929 -0.006210
v 0.113898 -0.802439 0.015759
v 0.127306 -0.796798 0.041060
v 0.153528 -0.799592 0.040173
v 0.210333 -0.808753 0.022311
v 0.181277 -0.804313 0.031106
v 0.235911 -0.815235 0.009589
v 0.257571 -0.823438 -0.004885
v 0.255542 -0.829278 -0.035734
v 0.073781 -0.795963 0.006887
v 0.057470 -0.799090 -0.016839
v 0.094646 -0.785279 0.022848
v 0.122445 -0.778412 0.024612
v 0.151106 -0.780106 0.020991
v 0.179641 -0.778991 0.019157
v 0.205477 -0.785444 0.007556
v 0.234910 -0.796952 0.017030
v 0.251317 -0.798866 -0.000622
v 0.247995 -0.803138 -0.034776
v 0.060987 -0.770804 -0.013754
v 0.089651 -0.765800 0.010399
v 0.061748 -0.773208 0.011872
v 0.118284 -0.760790 0.011083
v 0.147067 -0.758256 0.013797
v 0.175631 -0.760271 0.017771
v 0.200461 -0.774594 0.024305
v 0.226205 -0.778442 0.020855
v 0.232859 -0.777873 -0.005644
v 0.074409 -0.744581 -0.009790
v 0.065879 -0.745681 0.017202
v 0.113592 -0.749714 0.036982
v 0.085182 -0.750032 0.034090
v 0.141853 -0.751065 0.040437
v 0.169820 -0.755294 0.044282
v 0.197749 -0.755384 0.039088
v 0.214090 -0.754488 0.017828
v 0.233650 -0.780118 -0.037523
v 0.216932 -0.755635 -0.010577
v 0.074191 -0.717919 0.019581
v 0.085604 -0.717261 -0.006532
v 0.111207 -0.725758 0.050229
v 0.083889 -0.722640 0.042778
v 0.139599 -0.727668 0.053155
v 0.168115 -0.728626 0.052010
v 0.194417 -0.727967 0.041681
v 0.210771 -0.727400 0.018969
v 0.213234 -0.728857 -0.009350
v 0.213373 -0.730711 -0.037791
v 0.083103 -0.690298 0.021899
v 0.091378 -0.688144 -0.005148
v 0.083709 -0.694180 0.048070
v 0.109878 -0.698031 0.057490
v 0.138102 -0.700037 0.059504
v 0.166308 -0.701059 0.057056
v 0.191020 -0.700593 0.043770
v 0.205990 -0.700478 0.019907
v 0.211422 -0.701813 -0.007865
v 0.213170 -0.703662 -0.036126
v 0.089972 -0.662044 0.023537
v 0.091817 -0.658423 -0.004396
v 0.085493 -0.665518 0.051018
v 0.108476 -0.670162 0.064457
v 0.136600 -0.672306 0.065645
v 0.164442 -0.673378 0.061376
v 0.187530 -0.673234 0.045611
v 0.201258 -0.673551 0.020976
v 0.208300 -0.674859 -0.006401
v 0.212571 -0.676621 -0.034306
v 0.092523 -0.633046 0.024503
v 0.087567 -0.628990 -0.002890
v 0.090422 -0.637189 0.052354
v 0.107084 -0.642011 0.070373
v 0.135066 -0.644432 0.071248
v 0.162426 -0.645618 0.065038
v 0.184067 -0.645866 0.047432
v 0.196681 -0.646602 0.022242
v 0.204723 -0.647960 -0.004795
v 0.210449 -0.649649 -0.032385
v 0.090897 -0.603905 0.025546
v 0.081040 -0.599976 -0.000500
v 0.093644 -0.608613 0.053151
v 0.105665 -0.613675 0.075469
v 0.133514 -0.616415 0.076247
v 0.160330 -0.617809 0.068274
v 0.180784 -0.618472 0.049303
v 0.192886 -0.619538 0.023880
v 0.201787 -0.620975 -0.002850
v 0.208132 -0.622695 -0.030222
v 0.086382 -0.575073 0.027349
v 0.074470 -0.570958 0.002178
v 0.094165 -0.579917 0.054005
v 0.104574 -0.585062 0.078665
v 0.131920 -0.588277 0.080683
v 0.158156 -0.589969 0.071190
v 0.177858 -0.591042 0.051418
v 0.189963 -0.592376 0.025994
v 0.199443 -0.593938 -0.000529
v 0.206121 -0.595730 -0.027811
v 0.081532 -0.546281 0.029335
v 0.068106 -0.541868 0.004979
v 0.091354 -0.551274 0.055303
v 0.104083 -0.556335 0.079506
v 0.130287 -0.560036 0.084562
v 0.156127 -0.562109 0.074128
v 0.175330 -0.563574 0.053795
v 0.187724 -0.565156 0.028486
v 0.197697 -0.566874 0.002121
v 0.204394 -0.568743 -0.025168
v 0.076531 -0.517502 0.031511
v 0.061673 -0.512807 0.007989
v 0.089431 -0.522507 0.056151
v 0.102913 -0.527680 0.080312
v 0.128540 -0.531702 0.087724
v 0.154310 -0.534225 0.077229
v 0.173266 -0.536070 0.056526
v 0.186087 -0.537913 0.031366
v 0.196477 -0.539802 0.005109
v 0.202692 -0.541782 -0.022341
v 0.070551 -0.488932 0.034351
v 0.054673 -0.483954 0.011452
v 0.086413 -0.493829 0.057346
v 0.101560 -0.499024 0.080738
v 0.126641 -0.503330 0.090271
v 0.152598 -0.506298 0.080325
v 0.171538 -0.508537 0.059497
v 0.184994 -0.510660 0.034585
v 0.195715 -0.512753 0.008378
v 0.201165 -0.514808 -0.019316
v 0.063979 -0.460479 0.037611
v 0.047295 -0.455235 0.015189
v 0.082077 -0.465320 0.059111
v 0.099592 -0.470417 0.081027
v 0.124540 -0.474929 0.092119
v 0.150899 -0.478331 0.083364
v 0.170203 -0.480975 0.062738
v 0.184414 -0.483411 0.038120
v 0.195674 -0.485741 0.012012
v 0.199804 -0.487864 -0.016022
v 0.058883 -0.431615 0.039808
v 0.044478 -0.425543 0.015816
v 0.077913 -0.436743 0.060624
v 0.097395 -0.441824 0.081099
v 0.122279 -0.446525 0.093565
v 0.149172 -0.450331 0.086332
v 0.169136 -0.453385 0.066180
v 0.184324 -0.456176 0.041979
v 0.196381 -0.458776 0.016071
v 0.196912 -0.461130 -0.012124
v 0.054716 -0.402573 0.041217
v 0.044337 -0.395808 0.015448
v 0.074023 -0.408067 0.061907
v 0.095024 -0.413252 0.081078
v 0.119867 -0.418125 0.094350
v 0.147314 -0.422284 0.089067
v 0.168236 -0.425758 0.069685
v 0.184739 -0.428955 0.046158
v 0.196673 -0.431759 0.020114
v 0.187631 -0.436443 -0.005840
v 0.051128 -0.373458 0.042065
v 0.042123 -0.366193 0.015546
v 0.070007 -0.379368 0.063246
v 0.092099 -0.384716 0.081448
v 0.117300 -0.389733 0.094793
v 0.145241 -0.394197 0.091503
v 0.167303 -0.398087 0.073175
v 0.185301 -0.401719 0.050555
v 0.194234 -0.404856 0.023838
v 0.180732 -0.410701 -0.001237
v 0.047759 -0.344336 0.042516
v 0.035826 -0.337164 0.016651
v 0.065943 -0.350663 0.064559
v 0.088824 -0.356199 0.082122
v 0.114601 -0.361346 0.094945
v 0.142972 -0.366066 0.093529
v 0.166333 -0.370352 0.076562
v 0.185634 -0.374401 0.054781
v 0.188665 -0.378522 0.027781
v 0.178375 -0.383902 0.000844
v 0.043889 -0.315324 0.043026
v 0.029882 -0.308031 0.017841
v 0.062071 -0.321934 0.065524
v 0.085270 -0.327694 0.082987
v 0.111683 -0.332972 0.095135
v 0.140467 -0.337904 0.095137
v 0.165151 -0.342550 0.079803
v 0.185432 -0.346966 0.058665
v 0.184374 -0.351962 0.030826
v 0.187548 -0.358676 0.002471
v 0.037654 -0.286865 0.044889
v 0.024844 -0.278668 0.018653
v 0.057061 -0.293555 0.067356
v 0.081022 -0.299345 0.084836
v 0.108547 -0.304614 0.095649
v 0.137811 -0.309721 0.096360
v 0.163786 -0.314661 0.082847
v 0.183732 -0.319393 0.061118
v 0.186932 -0.325151 0.032251
v 0.193286 -0.332217 0.003691
v 0.030537 -0.258844 0.046954
v 0.016790 -0.250081 0.019866
v 0.050695 -0.265831 0.069947
v 0.075585 -0.271615 0.088186
v 0.104555 -0.276723 0.099032
v 0.135267 -0.281802 0.099468
v 0.162746 -0.286844 0.086344
v 0.181129 -0.291959 0.062471
v 0.188847 -0.298100 0.033612
v 0.189385 -0.305415 0.004297
v 0.020136 -0.232475 0.050830
v 0.010948 -0.221425 0.020948
v 0.041324 -0.239730 0.074689
v 0.068838 -0.244706 0.092022
v 0.099758 -0.249322 0.102366
v 0.132341 -0.254375 0.103810
v 0.162185 -0.259660 0.090915
v 0.182835 -0.265011 0.065663
v 0.191362 -0.271259 0.034894
v 0.189470 -0.278738 0.003777
v 0.010284 -0.206496 0.055020
v -0.000201 -0.197668 0.022691
v 0.030261 -0.214320 0.079908
v 0.059075 -0.219397 0.097870
v 0.093018 -0.223081 0.107435
v 0.128210 -0.227436 0.107033
v 0.160599 -0.232972 0.094709
v 0.183064 -0.238491 0.068308
v 0.193637 -0.244996 0.036047
v 0.191599 -0.252500 0.003010
v 0.193215 -0.223067 0.001772
v 0.194630 -0.194390 -0.000139
v 0.195669 -0.218560 0.033037
v 0.195908 -0.164408 0.026287
v 0.196271 -0.191689 0.029434
v 0.194718 -0.166416 -0.002634
v 0.193434 -0.137675 0.023657
v 0.192947 -0.139175 -0.005471
v 0.190202 -0.111797 0.021863
v 0.190650 -0.112457 -0.008182
v 0.186620 -0.086262 0.020362
v 0.186819 -0.086321 -0.009846
v 0.182456 -0.060455 0.019270
v 0.183143 -0.060280 -0.010688
v 0.178417 -0.034387 0.018809
v 0.178847 -0.033681 -0.010817
v 0.174040 -0.008144 0.019011
v 0.174648 -0.006965 -0.010055
v 0.169218 0.018719 0.019272
v 0.186765 -0.214752 0.063655
v 0.189288 -0.189622 0.058598
v 0.188982 -0.163152 0.054530
v 0.185914 -0.137080 0.052068
v 0.182723 -0.111767 0.050784
v 0.179312 -0.086371 0.049317
v 0.175601 -0.060984 0.048120
v 0.171363 -0.035556 0.047353
v 0.167100 -0.009542 0.046903
v 0.162309 0.017008 0.046353
v 0.167932 -0.211861 0.089966
v 0.172997 -0.188338 0.084217
v 0.174129 -0.162677 0.079876
v 0.171545 -0.137155 0.077762
v 0.165041 -0.087210 0.075412
v 0.168638 -0.112070 0.076849
v 0.161612 -0.062250 0.074179
v 0.157700 -0.037327 0.073091
v 0.153837 -0.011633 0.072310
v 0.148894 0.014634 0.070764
v 0.140042 -0.209027 0.106729
v 0.149313 -0.187526 0.103240
v 0.152253 -0.162975 0.099533
v 0.150159 -0.138088 0.097888
v 0.146347 -0.113691 0.096533
v 0.140315 -0.064696 0.094395
v 0.143202 -0.089132 0.095300
v 0.137177 -0.039873 0.093264
v 0.133792 -0.014221 0.092232
v 0.129489 0.011993 0.089944
v 0.107446 -0.206953 0.111238
v 0.119741 -0.186733 0.111619
v 0.124444 -0.163897 0.109252
v 0.122177 -0.139933 0.107423
v 0.118313 -0.116187 0.106572
v 0.113121 -0.067438 0.105203
v 0.115565 -0.091933 0.105825
v 0.111031 -0.042457 0.105195
v 0.108904 -0.016769 0.105139
v 0.105915 0.009506 0.103453
v 0.074916 -0.205747 0.106649
v 0.088624 -0.186985 0.111241
v 0.094348 -0.165938 0.111847
v 0.092534 -0.142193 0.112095
v 0.089062 -0.118553 0.112860
v 0.085523 -0.069840 0.114710
v 0.087068 -0.094468 0.114166
v 0.084126 -0.044659 0.114893
v 0.082729 -0.018967 0.115022
v 0.080775 0.007243 0.113814
v 0.043954 -0.205164 0.097032
v 0.057451 -0.188687 0.108490
v 0.063582 -0.167784 0.111607
v 0.062306 -0.144550 0.115385
v 0.059637 -0.120915 0.119126
v 0.057558 -0.071631 0.122497
v 0.058394 -0.096532 0.121558
v 0.056835 -0.046352 0.122924
v 0.056018 -0.020615 0.122856
v 0.054735 0.005515 0.121057
v 0.017255 -0.204473 0.081428
v 0.026993 -0.191832 0.102329
v 0.032197 -0.169988 0.111772
v 0.031608 -0.146852 0.118772
v 0.030081 -0.122823 0.124972
v 0.029220 -0.072499 0.128091
v 0.029549 -0.097776 0.127511
v 0.028951 -0.047118 0.127719
v 0.028632 -0.021437 0.127043
v 0.028052 0.004485 0.124806
v 0.000240 -0.201826 0.056266
v 0.000347 -0.196857 0.089960
v 0.000276 -0.173719 0.109777
v 0.000225 -0.147420 0.119836
v 0.000374 -0.123027 0.128648
v 0.000531 -0.097464 0.130624
v 0.000652 -0.072200 0.130527
v 0.000840 -0.046990 0.129543
v 0.001182 0.004240 0.125953
v 0.001059 -0.021501 0.128563
v -0.093922 -0.975670 0.008030
v -0.094781 -0.961049 0.035696
v -0.099194 -0.986183 -0.023788
v -0.107103 -0.992522 -0.055448
v -0.092174 -0.960405 -0.033133
v -0.116192 -0.996197 -0.085434
v -0.105077 -0.964781 -0.061257
v -0.139223 -0.997695 -0.105084
v -0.117485 -0.968224 -0.088897
v -0.169817 -0.997168 -0.105737
v -0.138995 -0.970173 -0.109233
v -0.194253 -0.966631 -0.094549
v -0.169327 -0.969756 -0.110516
v -0.195648 -0.993783 -0.090222
v -0.208481 -0.961770 -0.068007
v -0.207251 -0.988228 -0.061775
v -0.222844 -0.956328 -0.041869
v -0.213792 -0.979795 -0.031821
v -0.226994 -0.945889 -0.013919
v -0.066886 -0.901158 -0.024524
v -0.074855 -0.907900 -0.052675
v -0.115014 -0.912383 -0.094464
v -0.139362 -0.913245 -0.111968
v -0.168603 -0.913294 -0.113642
v -0.217872 -0.910858 -0.085708
v -0.235518 -0.906712 -0.061781
v -0.241387 -0.898144 -0.034023
v -0.054638 -0.866164 -0.005684
v -0.058843 -0.874277 -0.034065
v -0.090340 -0.911760 -0.077368
v -0.068566 -0.880586 -0.061439
v -0.086131 -0.884176 -0.084939
v -0.137861 -0.885512 -0.109272
v -0.109783 -0.885461 -0.103056
v -0.167441 -0.886370 -0.105273
v -0.197737 -0.913374 -0.107821
v -0.197239 -0.886170 -0.103486
v -0.235542 -0.882282 -0.071711
v -0.225904 -0.886717 -0.096765
v -0.234362 -0.874639 -0.043023
v -0.052524 -0.838236 -0.015353
v -0.052276 -0.846906 -0.043372
v -0.063206 -0.853047 -0.069977
v -0.107690 -0.857419 -0.103570
v -0.081351 -0.856672 -0.092926
v -0.136869 -0.858802 -0.099304
v -0.166261 -0.859443 -0.097606
v -0.195648 -0.859613 -0.094881
v -0.225161 -0.859390 -0.093482
v -0.232660 -0.854015 -0.049383
v -0.233555 -0.858452 -0.076249
v -0.055856 -0.810564 -0.025517
v -0.048027 -0.818965 -0.052197
v -0.078390 -0.828314 -0.098307
v -0.057405 -0.825617 -0.078681
v -0.107625 -0.829210 -0.097876
v -0.136862 -0.830272 -0.097857
v -0.165931 -0.831434 -0.101209
v -0.195051 -0.831942 -0.098560
v -0.224358 -0.832138 -0.093636
v -0.246491 -0.833708 -0.073050
v -0.067436 -0.787965 -0.039410
v -0.050777 -0.792412 -0.062487
v -0.078632 -0.799394 -0.097856
v -0.053179 -0.797451 -0.085967
v -0.107716 -0.800501 -0.098626
v -0.136694 -0.801862 -0.100955
v -0.165584 -0.803362 -0.104297
v -0.194592 -0.804356 -0.103807
v -0.222380 -0.804572 -0.094325
v -0.245566 -0.806574 -0.070724
v -0.248461 -0.831674 -0.048490
v -0.055882 -0.768003 -0.065750
v -0.079985 -0.767061 -0.049830
v -0.054558 -0.768141 -0.086651
v -0.078891 -0.770664 -0.101698
v -0.107318 -0.772705 -0.106286
v -0.136134 -0.774180 -0.108034
v -0.165000 -0.775510 -0.109128
v -0.193693 -0.776380 -0.106389
v -0.219278 -0.776894 -0.093585
v -0.237130 -0.778774 -0.069710
v -0.248660 -0.782714 -0.040776
v -0.050790 -0.740699 -0.056437
v -0.071995 -0.741105 -0.037691
v -0.059785 -0.739502 -0.082466
v -0.080377 -0.741659 -0.102254
v -0.106987 -0.744516 -0.112221
v -0.135575 -0.746312 -0.114232
v -0.164268 -0.747464 -0.112817
v -0.192441 -0.748325 -0.107510
v -0.216809 -0.749240 -0.092822
v -0.231182 -0.751374 -0.068307
v -0.235733 -0.755225 -0.040214
v -0.054089 -0.711848 -0.051325
v -0.065440 -0.714000 -0.027210
v -0.068310 -0.712913 -0.075076
v -0.088012 -0.715862 -0.095440
v -0.135066 -0.718103 -0.118727
v -0.106858 -0.716041 -0.116615
v -0.163329 -0.719209 -0.114692
v -0.190998 -0.720245 -0.107866
v -0.214277 -0.721584 -0.091877
v -0.226491 -0.724320 -0.066425
v -0.230179 -0.728679 -0.038415
v -0.061809 -0.684637 -0.044308
v -0.061078 -0.685677 -0.019013
v -0.081313 -0.690591 -0.063207
v -0.091562 -0.690832 -0.089330
v -0.112552 -0.689868 -0.108316
v -0.162225 -0.690922 -0.116183
v -0.134538 -0.689776 -0.122691
v -0.189276 -0.692160 -0.107618
v -0.211845 -0.693907 -0.090948
v -0.219500 -0.697838 -0.064215
v -0.223472 -0.702452 -0.036414
v -0.074297 -0.659518 -0.035363
v -0.059716 -0.656683 -0.012567
v -0.080933 -0.661412 -0.061471
v -0.088041 -0.661938 -0.088582
v -0.107178 -0.661635 -0.109361
v -0.132920 -0.661420 -0.120039
v -0.160948 -0.662598 -0.116907
v -0.187538 -0.664046 -0.107316
v -0.208594 -0.666313 -0.089100
v -0.213951 -0.671076 -0.062002
v -0.217664 -0.676045 -0.034362
v -0.080521 -0.631215 -0.031129
v -0.067122 -0.628679 -0.006764
v -0.080812 -0.632154 -0.059343
v -0.085483 -0.632998 -0.087058
v -0.104302 -0.633009 -0.107501
v -0.130811 -0.633217 -0.116616
v -0.158953 -0.634336 -0.115839
v -0.185291 -0.636015 -0.106051
v -0.205447 -0.638737 -0.087004
v -0.212617 -0.643663 -0.060164
v -0.215121 -0.649111 -0.032509
v -0.081054 -0.601650 -0.028956
v -0.073399 -0.600195 -0.002050
v -0.081688 -0.602903 -0.057131
v -0.083171 -0.604095 -0.085219
v -0.101953 -0.604352 -0.104880
v -0.128558 -0.604923 -0.113800
v -0.156634 -0.606129 -0.114435
v -0.182626 -0.608024 -0.104334
v -0.201699 -0.611241 -0.084182
v -0.210245 -0.616339 -0.057967
v -0.212532 -0.622191 -0.030456
v -0.079719 -0.572142 -0.026751
v -0.075260 -0.570720 0.001018
v -0.080332 -0.573784 -0.054894
v -0.080516 -0.575332 -0.083023
v -0.099840 -0.575690 -0.101656
v -0.126201 -0.576580 -0.111416
v -0.154155 -0.577949 -0.113243
v -0.179702 -0.580107 -0.102368
v -0.197839 -0.583755 -0.081332
v -0.207449 -0.589028 -0.055555
v -0.209534 -0.595317 -0.028171
v -0.070807 -0.544087 -0.024549
v -0.072444 -0.541245 0.003406
v -0.069870 -0.546506 -0.052589
v -0.076748 -0.546906 -0.079322
v -0.098332 -0.547143 -0.097240
v -0.123822 -0.548213 -0.109138
v -0.151578 -0.549783 -0.112222
v -0.176518 -0.552276 -0.100164
v -0.193673 -0.556338 -0.078331
v -0.204262 -0.561764 -0.052886
v -0.207003 -0.568380 -0.025668
v -0.059935 -0.516685 -0.021934
v -0.064659 -0.512645 0.005640
v -0.060935 -0.518710 -0.049931
v -0.075989 -0.518484 -0.073217
v -0.097748 -0.518889 -0.091328
v -0.121540 -0.519855 -0.106486
v -0.148955 -0.521634 -0.111148
v -0.173254 -0.524474 -0.098054
v -0.189112 -0.529006 -0.075195
v -0.200323 -0.534611 -0.049923
v -0.204494 -0.541460 -0.022929
v -0.050064 -0.488917 -0.018988
v -0.057113 -0.484012 0.008041
v -0.056465 -0.490298 -0.045265
v -0.078956 -0.491685 -0.062605
v -0.100291 -0.492006 -0.081340
v -0.120960 -0.491991 -0.100733
v -0.146397 -0.493441 -0.110314
v -0.168940 -0.496929 -0.095436
v -0.182438 -0.502362 -0.071108
v -0.195583 -0.507645 -0.046564
v -0.201936 -0.514539 -0.019947
v -0.040287 -0.461135 -0.015202
v -0.049474 -0.455419 0.010870
v -0.058639 -0.462579 -0.035907
v -0.077743 -0.463824 -0.056786
v -0.100896 -0.464501 -0.073215
v -0.121974 -0.464912 -0.092349
v -0.143440 -0.465195 -0.108265
v -0.159521 -0.471237 -0.089756
v -0.169556 -0.478711 -0.064183
v -0.185196 -0.482955 -0.040750
v -0.198820 -0.487749 -0.016593
v -0.039086 -0.432204 -0.009259
v -0.041311 -0.426988 0.014387
v -0.056021 -0.433647 -0.032271
v -0.072135 -0.435405 -0.055649
v -0.091171 -0.438008 -0.076171
v -0.110932 -0.439069 -0.096390
v -0.138623 -0.438407 -0.099837
v -0.162726 -0.443666 -0.087721
v -0.171181 -0.452208 -0.061803
v -0.173566 -0.459146 -0.034252
v -0.190111 -0.462725 -0.011421
v -0.030690 -0.404830 -0.011148
v -0.036861 -0.397556 0.015927
v -0.040925 -0.410203 -0.037040
v -0.057120 -0.413262 -0.060820
v -0.075668 -0.415171 -0.082434
v -0.103471 -0.420462 -0.082177
v -0.132057 -0.424247 -0.080093
v -0.160145 -0.418094 -0.079195
v -0.177978 -0.425200 -0.060729
v -0.174872 -0.431749 -0.033051
v -0.181062 -0.437739 -0.006340
v -0.033209 -0.375382 -0.011687
v -0.034611 -0.367863 0.016283
v -0.032731 -0.382911 -0.039715
v -0.044061 -0.388834 -0.065209
v -0.072769 -0.393224 -0.065815
v -0.100444 -0.398801 -0.072850
v -0.128851 -0.403577 -0.074402
v -0.152097 -0.406331 -0.058611
v -0.181197 -0.405224 -0.031165
v -0.178499 -0.399241 -0.054824
v -0.177036 -0.411119 -0.003821
v -0.030365 -0.346017 -0.011842
v -0.032524 -0.338194 0.016320
v -0.028436 -0.353963 -0.039974
v -0.043861 -0.359997 -0.062875
v -0.069700 -0.366017 -0.074794
v -0.098450 -0.370867 -0.077753
v -0.127218 -0.375511 -0.077924
v -0.151582 -0.378629 -0.063021
v -0.167785 -0.380757 -0.038779
v -0.180166 -0.384728 -0.001560
v -0.192374 -0.380411 -0.027397
v -0.024198 -0.317027 -0.011373
v -0.029213 -0.308594 0.016590
v -0.024262 -0.324919 -0.039771
v -0.045443 -0.331488 -0.058465
v -0.068935 -0.337676 -0.075212
v -0.096200 -0.343047 -0.083418
v -0.125334 -0.347387 -0.080985
v -0.150666 -0.350822 -0.067009
v -0.168540 -0.353421 -0.043641
v -0.185245 -0.355766 -0.019395
v -0.020358 -0.287591 -0.011000
v -0.024572 -0.279131 0.017412
v -0.023207 -0.295648 -0.039320
v -0.041923 -0.302914 -0.061161
v -0.065998 -0.309291 -0.077563
v -0.094038 -0.314750 -0.086190
v -0.123402 -0.319292 -0.084063
v -0.149397 -0.322943 -0.070555
v -0.168317 -0.326039 -0.047677
v -0.184373 -0.328906 -0.022665
v -0.194763 -0.333318 0.004674
v -0.016710 -0.258147 -0.010914
v -0.016753 -0.250494 0.018963
v -0.022494 -0.266369 -0.039482
v -0.038538 -0.274305 -0.063502
v -0.062788 -0.280951 -0.080117
v -0.091321 -0.286570 -0.088938
v -0.121423 -0.291268 -0.087190
v -0.148270 -0.295106 -0.074057
v -0.166625 -0.298469 -0.049905
v -0.178940 -0.302443 -0.022366
v -0.188254 -0.307121 0.006033
v -0.011243 -0.229383 -0.011543
v -0.011009 -0.221982 0.020388
v -0.016179 -0.238072 -0.042017
v -0.032898 -0.246259 -0.067441
v -0.058610 -0.252885 -0.083704
v -0.088130 -0.258673 -0.092477
v -0.119069 -0.263555 -0.090739
v -0.147236 -0.267629 -0.077845
v -0.167195 -0.271222 -0.053282
v -0.181227 -0.275413 -0.024888
v -0.189571 -0.280425 0.005352
v -0.006508 -0.201228 -0.012106
v -0.000201 -0.197668 0.022691
v -0.011865 -0.209695 -0.044698
v -0.026066 -0.219102 -0.072651
v -0.051848 -0.226576 -0.091564
v -0.083805 -0.231745 -0.098759
v -0.116698 -0.236932 -0.097967
v -0.146197 -0.240835 -0.083008
v -0.167303 -0.244416 -0.056825
v -0.182820 -0.248850 -0.027202
v -0.192006 -0.254164 0.004822
v -0.193976 -0.224622 0.003841
v -0.196335 -0.195756 0.002267
v -0.186161 -0.221921 -0.026553
v -0.197025 -0.167339 0.000440
v -0.189104 -0.195057 -0.026187
v -0.195001 -0.139696 -0.001454
v -0.190080 -0.167707 -0.026195
v -0.192563 -0.112494 -0.003502
v -0.188670 -0.140326 -0.027152
v -0.188215 -0.085806 -0.005269
v -0.186128 -0.113217 -0.028916
v -0.184050 -0.059351 -0.006364
v -0.182620 -0.086324 -0.030840
v -0.179039 -0.033016 -0.006545
v -0.178775 -0.059669 -0.031930
v -0.174831 -0.006214 -0.006067
v -0.175099 -0.032883 -0.032073
v -0.168084 0.021786 -0.029483
v -0.171752 -0.005859 -0.031127
v -0.172049 -0.219913 -0.054660
v -0.176074 -0.194821 -0.052413
v -0.178426 -0.168497 -0.051030
v -0.178045 -0.141338 -0.051390
v -0.176208 -0.114214 -0.053320
v -0.173335 -0.087270 -0.055374
v -0.170710 -0.060149 -0.056893
v -0.165752 -0.005416 -0.055925
v -0.167856 -0.032897 -0.056984
v -0.163221 0.022331 -0.053755
v -0.152758 -0.218572 -0.079488
v -0.158930 -0.195092 -0.075967
v -0.162993 -0.169629 -0.073532
v -0.164171 -0.142719 -0.073877
v -0.163371 -0.115548 -0.076297
v -0.161667 -0.088299 -0.079032
v -0.159305 -0.060825 -0.080583
v -0.156632 -0.004817 -0.079931
v -0.157763 -0.033008 -0.080930
v -0.154911 0.023503 -0.077357
v -0.128468 -0.217689 -0.098657
v -0.138712 -0.196009 -0.096550
v -0.145920 -0.171386 -0.094583
v -0.148366 -0.144551 -0.094938
v -0.149125 -0.117297 -0.098460
v -0.147370 -0.089598 -0.101311
v -0.145817 -0.061655 -0.103243
v -0.144607 -0.033166 -0.103414
v -0.142041 0.025256 -0.098868
v -0.144074 -0.003810 -0.102465
v -0.098531 -0.215650 -0.105074
v -0.112880 -0.196429 -0.108133
v -0.123855 -0.173038 -0.109588
v -0.129435 -0.146938 -0.112958
v -0.130246 -0.119290 -0.116766
v -0.129690 -0.091262 -0.120901
v -0.128129 -0.062609 -0.122891
v -0.126658 -0.032837 -0.122230
v -0.126232 -0.002517 -0.120494
v -0.068405 -0.213227 -0.102627
v -0.085024 -0.196437 -0.111766
v -0.098651 -0.174533 -0.118032
v -0.105649 -0.148897 -0.124063
v -0.108023 -0.121665 -0.130990
v -0.107833 -0.093158 -0.136058
v -0.106307 -0.063303 -0.138025
v -0.104934 -0.031904 -0.136841
v -0.123319 0.027000 -0.114878
v -0.103041 -0.001251 -0.131705
v -0.041174 -0.209776 -0.091413
v -0.058279 -0.195175 -0.105652
v -0.072372 -0.174725 -0.117327
v -0.080122 -0.150814 -0.129827
v -0.082863 -0.123874 -0.139477
v -0.082974 -0.094900 -0.145890
v -0.081788 -0.063763 -0.148099
v -0.080109 -0.031276 -0.144974
v -0.100336 0.028501 -0.124398
v -0.078097 0.000054 -0.137784
v -0.021236 -0.204279 -0.070988
v -0.034296 -0.193726 -0.094097
v -0.046729 -0.175442 -0.112616
v -0.053740 -0.151524 -0.127541
v -0.056135 -0.125169 -0.140797
v -0.056291 -0.095943 -0.149149
v -0.055293 -0.064024 -0.151042
v -0.054120 -0.031113 -0.147752
v -0.076111 0.030132 -0.130113
v -0.052735 0.000961 -0.141231
v -0.009312 -0.198159 -0.045037
v -0.014975 -0.191929 -0.076899
v -0.022579 -0.177440 -0.104356
v -0.027516 -0.153760 -0.123979
v -0.029128 -0.126546 -0.138528
v -0.029229 -0.096940 -0.147929
v -0.028591 -0.064563 -0.150752
v -0.027942 -0.031488 -0.147899
v -0.051313 0.031571 -0.132603
v -0.027183 0.000984 -0.141730
v -0.000775 -0.195796 -0.014635
v -0.001261 -0.191714 -0.053505
v -0.001641 -0.181734 -0.091712
v -0.001860 -0.158103 -0.119486
v -0.001963 -0.128741 -0.136756
v -0.001957 -0.097786 -0.147080
v -0.001868 -0.064918 -0.150290
v -0.001716 -0.031730 -0.147820
v -0.026347 0.032022 -0.132681
v -0.001567 0.000804 -0.141609
v 0.165742 0.063948 -0.006601
v 0.163600 0.062306 0.020854
v 0.165769 0.063694 -0.006614
v 0.163567 0.062562 0.020863
v 0.155674 0.060764 0.046705
v 0.141587 0.059067 0.069149
v 0.141630 0.058808 0.069158
v 0.122355 0.056705 0.086395
v 0.122313 0.056967 0.086374
v 0.099804 0.054608 0.098910
v 0.076109 0.052954 0.108890
v 0.076136 0.052687 0.108919
v 0.051754 0.051334 0.116397
v 0.051771 0.051067 0.116424
v 0.026647 0.050386 0.119646
v 0.001335 0.050081 0.120847
v 0.001334 0.049813 0.120877
v -0.165727 0.064544 -0.003221
v -0.164474 0.065556 -0.026879
v -0.164495 0.065301 -0.026894
v -0.160031 0.066417 -0.050357
v -0.160050 0.066160 -0.050376
v -0.151559 0.067692 -0.072454
v -0.151540 0.067949 -0.072425
v -0.138636 0.070280 -0.091589
v -0.138616 0.070541 -0.091547
v -0.118065 0.071947 -0.105463
v -0.118034 0.072205 -0.105407
v -0.095392 0.073514 -0.113573
v -0.095363 0.073771 -0.113509
v -0.071947 0.074716 -0.116647
v -0.071923 0.074968 -0.116572
v -0.048396 0.075986 -0.117219
v -0.048379 0.076234 -0.117137
v -0.024802 0.076763 -0.116500
v -0.024793 0.077012 -0.116417
v -0.001301 0.077006 -0.116033
v -0.138616 0.070541 -0.091547
v -0.143029 0.068046 -0.068827
v -0.130832 0.070749 -0.086874
v -0.023962 0.050641 0.119761
v -0.046239 0.051921 0.109783
v -0.048988 0.051372 0.116815
v 0.076109 0.052954 0.108890
v 0.094161 0.055225 0.092858
v 0.071831 0.053414 0.102303
v -0.154034 0.061830 0.049690
v -0.153671 0.063342 0.022364
v -0.162815 0.063473 0.024194
v 0.092373 0.073726 -0.114351
v 0.108458 0.072511 -0.101221
v 0.114915 0.072191 -0.106747
v -0.118034 0.072205 -0.105407
v -0.111406 0.072531 -0.099956
v 0.001335 0.050081 0.120847
v -0.022619 0.051232 0.112563
v 0.051754 0.051334 0.116397
v 0.048844 0.051886 0.109388
v -0.139415 0.059941 0.071407
v -0.145383 0.061792 0.046428
v 0.069055 0.074899 -0.117414
v 0.087182 0.074046 -0.108266
v 0.165742 0.063948 -0.006601
v 0.154376 0.062483 0.019221
v 0.163567 0.062562 0.020863
v -0.095363 0.073771 -0.113509
v -0.090009 0.074099 -0.107473
v 0.164044 0.064949 -0.030375
v 0.156429 0.063791 -0.006700
v 0.026639 0.050655 0.119616
v 0.025140 0.051245 0.112426
v 0.001258 0.050703 0.113588
v -0.119635 0.057690 0.087976
v -0.131586 0.060009 0.066925
v 0.045599 0.075969 -0.117521
v 0.065174 0.075146 -0.110984
v 0.155635 0.061020 0.046707
v 0.146889 0.061028 0.043613
v -0.071923 0.074968 -0.116572
v -0.067885 0.075219 -0.110186
v 0.159032 0.066061 -0.053603
v 0.154826 0.064736 -0.029139
v -0.164474 0.065556 -0.026879
v -0.156395 0.064593 -0.003500
v -0.155237 0.065309 -0.025839
v -0.096991 0.055322 0.100058
v -0.112917 0.057885 0.082563
v 0.022151 0.076822 -0.116540
v 0.043035 0.076091 -0.111059
v 0.141587 0.059067 0.069149
v 0.133631 0.059184 0.064794
v -0.048379 0.076234 -0.117137
v -0.045663 0.076351 -0.110689
v 0.150084 0.067990 -0.075224
v 0.150096 0.065974 -0.051062
v -0.160031 0.066417 -0.050357
v -0.151044 0.066313 -0.047998
v -0.073305 0.053269 0.109649
v -0.091545 0.055650 0.093967
v -0.001300 0.077255 -0.115952
v 0.020904 0.076822 -0.110181
v 0.122313 0.056967 0.086374
v 0.115440 0.057202 0.081052
v -0.024793 0.077012 -0.116417
v -0.023402 0.077008 -0.110059
v -0.001229 0.077195 -0.109664
v 0.136013 0.071313 -0.093932
v 0.141650 0.068079 -0.071468
v -0.151540 0.067949 -0.072425
v -0.069189 0.053712 0.103019
v 0.099768 0.054873 0.098883
v -0.165701 0.064798 -0.003210
v 0.128370 0.071479 -0.089125
v -0.149489 0.049452 -0.025192
v 0.083951 0.058426 -0.104536
v -0.140000 0.046054 0.044398
v -0.145451 0.050583 -0.046530
v 0.062758 0.059399 -0.107170
v -0.126714 0.044337 0.064136
v -0.137733 0.052413 -0.066587
v 0.041439 0.060181 -0.107324
v -0.108736 0.042292 0.079195
v -0.125988 0.055169 -0.083966
v 0.020128 0.060760 -0.106586
v -0.088156 0.040140 0.090176
v -0.107281 0.056978 -0.096564
v 0.150634 0.047979 -0.006762
v 0.148657 0.046720 0.018199
v -0.066628 0.038273 0.098894
v -0.086677 0.058488 -0.103771
v 0.141447 0.045318 0.041688
v -0.044528 0.036549 0.105407
v -0.065372 0.059478 -0.106396
v 0.128680 0.043543 0.062084
v -0.021782 0.035885 0.108084
v -0.043974 0.060446 -0.106956
v 0.111163 0.041634 0.077740
v 0.149090 0.048899 -0.028369
v -0.022537 0.060949 -0.106459
v 0.090672 0.039731 0.089109
v 0.144535 0.050254 -0.049481
v -0.001185 0.061059 -0.106153
v 0.069169 0.037987 0.098204
v 0.136402 0.052443 -0.069131
v 0.047033 0.036515 0.105026
v 0.123614 0.055879 -0.086134
v 0.024207 0.035898 0.107952
v -0.150604 0.048752 -0.003680
v 0.001210 0.035376 0.109071
v 0.104439 0.056953 -0.097782
v -0.147981 0.047547 0.021226
v -0.000042 0.050309 -0.008369
v 0.099124 -0.984807 -0.026575
v 0.110343 -0.989468 -0.054483
v 0.102142 -0.983118 -0.024527
v 0.208267 -0.985168 -0.058669
v 0.195231 -0.990843 -0.081835
v 0.197675 -0.992889 -0.087238
v 0.097103 -0.941304 0.055641
v 0.096672 -0.921621 0.073044
v 0.093726 -0.919753 0.077119
v 0.217856 -0.935054 0.054909
v 0.210698 -0.915350 0.076006
v 0.214038 -0.936442 0.051783
v 0.091607 -0.974037 0.005280
v 0.096152 -0.960033 0.031355
v 0.093096 -0.960217 0.032840
v 0.172891 -0.997334 -0.104934
v 0.142833 -0.995802 -0.099136
v 0.141975 -0.998160 -0.105629
v 0.187623 -0.896247 0.099727
v 0.149942 -0.897789 0.097356
v 0.187542 -0.897865 0.094233
v 0.107438 -0.991427 -0.058162
v 0.119789 -0.993702 -0.082150
v 0.215525 -0.976674 -0.029283
v 0.205196 -0.983580 -0.054960
v 0.113035 -0.903082 0.092138
v 0.112728 -0.900392 0.097751
v 0.219730 -0.954560 0.027913
v 0.215983 -0.954751 0.026455
v 0.094836 -0.973015 0.005418
v 0.171916 -0.995024 -0.098482
v 0.100126 -0.942279 0.052738
v 0.212895 -0.913516 0.080517
v 0.222866 -0.967501 0.000045
v 0.219019 -0.966986 0.000256
v 0.117479 -0.995927 -0.087573
v 0.212023 -0.975589 -0.027316
v 0.150121 -0.895230 0.103355
v -0.107138 -0.992991 -0.055350
v -0.118510 -0.994512 -0.080263
v -0.116170 -0.996669 -0.085376
v -0.213639 -0.980191 -0.031651
v -0.204320 -0.986979 -0.057924
v -0.210359 -0.978984 -0.029637
v -0.189085 -0.897615 0.097203
v -0.153288 -0.898389 0.096701
v -0.153699 -0.895703 0.102541
v -0.094102 -0.976068 0.008189
v -0.102288 -0.984926 -0.021870
v -0.099322 -0.986621 -0.023639
v -0.195671 -0.994242 -0.090149
v -0.169072 -0.995419 -0.099375
v -0.193427 -0.992225 -0.084762
v -0.221409 -0.969861 -0.002715
v -0.217782 -0.969279 -0.002389
v -0.093585 -0.919974 0.077466
v -0.115767 -0.901529 0.090930
v -0.095900 -0.922079 0.073476
v -0.220987 -0.956024 0.024166
v -0.214408 -0.937463 0.047742
v -0.217966 -0.935996 0.050564
v -0.140238 -0.995917 -0.098769
v -0.139227 -0.998160 -0.105014
v -0.094946 -0.961392 0.035881
v -0.099391 -0.942700 0.054617
v -0.097829 -0.961194 0.034232
v -0.210682 -0.913565 0.076271
v -0.188560 -0.899114 0.091951
v -0.109998 -0.991046 -0.051968
v -0.207230 -0.988675 -0.061670
v -0.115932 -0.898392 0.096417
v -0.217336 -0.956210 0.022927
v -0.097156 -0.975013 0.008104
v -0.169825 -0.997631 -0.105657
v -0.096029 -0.941742 0.057519
v -0.208561 -0.915528 0.072077
v 0.192490 -0.980060 -0.075774
v 0.116165 -0.896722 0.086260
v 0.150440 -0.890374 0.090864
v 0.170823 -0.983946 -0.091244
v 0.100734 -0.914419 0.068498
v 0.143796 -0.984668 -0.091852
v 0.215543 -0.958071 0.000337
v 0.122380 -0.982717 -0.076067
v 0.103869 -0.934211 0.049461
v 0.213638 -0.945329 0.024688
v 0.113603 -0.978782 -0.050355
v 0.099928 -0.952049 0.029601
v 0.212114 -0.927178 0.048348
v 0.105195 -0.972802 -0.022016
v 0.208094 -0.965885 -0.025108
v 0.208057 -0.906154 0.070938
v 0.098206 -0.963804 0.005694
v 0.201750 -0.973310 -0.050799
v 0.185972 -0.889199 0.087939
v -0.206834 -0.905820 0.068658
v -0.187181 -0.890267 0.087566
v -0.120420 -0.984264 -0.076090
v -0.153613 -0.890346 0.092144
v -0.112334 -0.980971 -0.049208
v -0.207682 -0.969511 -0.027992
v -0.215705 -0.960511 -0.002297
v -0.118794 -0.894243 0.086900
v -0.104386 -0.975094 -0.020206
v -0.201944 -0.977106 -0.054867
v -0.098515 -0.914558 0.070295
v -0.099337 -0.966051 0.008180
v -0.191596 -0.982090 -0.080363
v -0.099823 -0.935098 0.052430
v -0.216251 -0.947089 0.021755
v -0.168456 -0.985125 -0.094247
v -0.099834 -0.953358 0.032950
v -0.213667 -0.927773 0.045484
v -0.141063 -0.985598 -0.093671
v 0.154419 -0.949771 0.004562
v -0.154851 -0.950650 0.003926
v -0.213639 -0.980191 -0.031651
v -0.221502 -0.969465 -0.002900
v -0.207230 -0.988675 -0.061670
v -0.195671 -0.994242 -0.090149
v -0.169825 -0.997631 -0.105657
v -0.139227 -0.998160 -0.105014
v -0.116170 -0.996669 -0.085376
v -0.107138 -0.992991 -0.055350
v -0.099322 -0.986621 -0.023639
v -0.094102 -0.976068 0.008189
v -0.094946 -0.961392 0.035881
v -0.220987 -0.956024 0.024166
v -0.221409 -0.969861 -0.002715
v -0.217966 -0.935996 0.050564
v -0.210682 -0.913565 0.076271
v -0.189085 -0.897615 0.097203
v -0.153699 -0.895703 0.102541
v -0.115932 -0.898392 0.096417
v -0.093585 -0.919974 0.077466
v -0.096029 -0.941742 0.057519
v -0.094946 -0.961392 0.035881
v 0.219730 -0.954560 0.027913
v 0.222837 -0.967059 -0.000109
v 0.217856 -0.935054 0.054909
v 0.212895 -0.913516 0.080517
v 0.187623 -0.896247 0.099727
v 0.150121 -0.895230 0.103355
v 0.112728 -0.900392 0.097751
v 0.093726 -0.919753 0.077119
v 0.097103 -0.941304 0.055641
v 0.093096 -0.960217 0.032840
v 0.215525 -0.976674 -0.029283
v 0.222866 -0.967501 0.000045
v 0.208267 -0.985168 -0.058669
v 0.197675 -0.992889 -0.087238
v 0.172891 -0.997334 -0.104934
v 0.141975 -0.998160 -0.105629
v 0.117479 -0.995927 -0.087573
v 0.107438 -0.991427 -0.058162
v 0.099124 -0.984807 -0.026575
v 0.091607 -0.974037 0.005280
v 0.093096 -0.960217 0.032840
v -0.001432 0.032082 -0.132305
v -0.026347 0.032022 -0.132681
v -0.051313 0.031571 -0.132603
v -0.076111 0.030132 -0.130113
v -0.100336 0.028501 -0.124398
v -0.123319 0.027000 -0.114878
v -0.142041 0.025256 -0.098868
v -0.154911 0.023503 -0.077357
v -0.163221 0.022331 -0.053755
v -0.168084 0.021786 -0.029483
v -0.170123 0.021285 -0.005162
v 0.028052 0.004485 0.124806
v 0.001182 0.004240 0.125953
v 0.054735 0.005515 0.121057
v 0.080775 0.007243 0.113814
v 0.105915 0.009506 0.103453
v 0.129489 0.011993 0.089944
v 0.148894 0.014634 0.070764
v 0.162309 0.017008 0.046353
v 0.169218 0.018719 0.019272
v 0.170367 0.020462 -0.008760
v -0.001432 0.032082 -0.132305
v 0.023487 0.031695 -0.132787
v 0.048457 0.031201 -0.133303
v 0.073216 0.029860 -0.131226
v 0.097407 0.028241 -0.125580
v 0.120498 0.026728 -0.116388
v 0.140115 0.025181 -0.101629
v 0.153642 0.023139 -0.080618
v 0.162570 0.021807 -0.057375
v 0.167838 0.021066 -0.033132
v 0.170367 0.020462 -0.008760
v 0.001182 0.004240 0.125953
v -0.025665 0.004480 0.124961
v -0.052303 0.005553 0.121716
v -0.078297 0.007498 0.114714
v -0.103448 0.009914 0.104689
v -0.127157 0.012576 0.091850
v -0.147014 0.015335 0.073412
v -0.160938 0.017752 0.049517
v -0.168512 0.019544 0.022736
v -0.170123 0.021285 -0.005162
v 0.029177 0.026530 0.122299
v 0.028928 0.031349 0.124014
v 0.029842 0.026785 0.124563
v 0.025882 0.034428 0.121283
v 0.028320 0.030808 0.121783
v 0.022433 0.037781 0.123041
v 0.026326 0.035210 0.123479
v 0.022230 0.036838 0.120871
v 0.017841 0.038669 0.122764
v 0.017925 0.037671 0.120613
v 0.013247 0.037742 0.122694
v 0.009969 0.034361 0.120684
v 0.013619 0.036802 0.120547
v 0.006752 0.031254 0.123179
v 0.009354 0.035138 0.122840
v 0.006674 0.026435 0.121451
v 0.007530 0.030720 0.121000
v 0.007530 0.022156 0.121967
v 0.005838 0.026683 0.123659
v 0.009354 0.018259 0.124743
v 0.006752 0.022120 0.124209
v 0.013619 0.016127 0.122879
v 0.009969 0.018537 0.122467
v 0.017925 0.015294 0.123137
v 0.013247 0.015689 0.125182
v 0.022230 0.016163 0.123203
v 0.017841 0.014800 0.125458
v 0.025882 0.018604 0.123066
v 0.022433 0.015728 0.125527
v 0.028928 0.022215 0.125043
v 0.026326 0.018331 0.125383
v 0.028320 0.022245 0.122749
v 0.027209 0.030825 0.125519
v 0.027985 0.026946 0.125986
v 0.024997 0.034107 0.125064
v 0.021687 0.036291 0.124692
v 0.017784 0.037048 0.124458
v 0.013879 0.036258 0.124398
v 0.008358 0.030745 0.124809
v 0.010570 0.034045 0.124521
v 0.007582 0.026860 0.125218
v 0.008358 0.022981 0.125685
v 0.010570 0.019699 0.126139
v 0.013879 0.017514 0.126512
v 0.017784 0.016758 0.126746
v 0.021687 0.017547 0.126806
v 0.024997 0.019760 0.126683
v 0.027209 0.023060 0.126395
v 0.027985 0.026946 0.125986
v 0.027209 0.030825 0.125519
v 0.017784 0.026902 0.125602
v 0.024997 0.034107 0.125064
v 0.021687 0.036291 0.124692
v 0.017784 0.037048 0.124458
v 0.013879 0.036258 0.124398
v 0.010570 0.034045 0.124521
v 0.008358 0.030745 0.124809
v 0.007582 0.026860 0.125218
v 0.008358 0.022981 0.125685
v 0.010570 0.019699 0.126139
v 0.013879 0.017514 0.126512
v 0.017784 0.016758 0.126746
v 0.021687 0.017547 0.126806
v 0.024997 0.019760 0.126683
v 0.027209 0.023060 0.126395
v -0.088073 0.049367 0.111541
v -0.079869 0.051637 0.107181
v -0.086911 0.051818 0.104397
v -0.081291 0.049788 0.114150
v -0.072671 0.051496 0.109933
v -0.088580 0.040065 0.115031
v -0.081781 0.040373 0.117547
v -0.074141 0.050105 0.116124
v -0.088774 0.030214 0.116875
v -0.074714 0.030714 0.121035
v -0.074527 0.040599 0.119192
v -0.082037 0.020483 0.120346
v -0.081982 0.030480 0.119395
v -0.074792 0.020713 0.122100
v -0.088803 0.020245 0.117749
v -0.081901 0.010500 0.120178
v -0.074646 0.010707 0.122047
v -0.088678 0.010338 0.117680
v -0.080302 0.003463 0.114178
v 0.066473 0.048220 0.117357
v 0.070821 0.050763 0.110164
v 0.064336 0.051006 0.112365
v 0.073571 0.048642 0.115199
v 0.078311 0.050631 0.107622
v 0.070041 0.038918 0.119686
v 0.077051 0.039226 0.117472
v 0.080022 0.048958 0.112227
v 0.071961 0.029067 0.120863
v 0.078939 0.029333 0.118608
v 0.083264 0.039452 0.114341
v 0.072891 0.019099 0.121358
v 0.079923 0.019336 0.119141
v 0.085220 0.029567 0.115558
v 0.079793 0.009353 0.118928
v 0.086454 0.009560 0.116211
v 0.086362 0.019566 0.116236
v 0.071690 0.002976 0.116413
v 0.072769 0.009192 0.121074
v 0.079353 0.002666 0.114275
v -0.129152 0.065760 -0.107666
v -0.130291 0.067552 -0.098032
v -0.124622 0.068358 -0.101590
v -0.135403 0.065477 -0.103434
v -0.136943 0.066673 -0.093639
v -0.133775 0.055960 -0.108966
v -0.139947 0.055625 -0.104728
v -0.140558 0.065236 -0.098511
v -0.136447 0.045758 -0.109741
v -0.142630 0.045424 -0.105513
v -0.143990 0.055428 -0.099152
v -0.138111 0.035485 -0.110323
v -0.144028 0.035185 -0.105881
v -0.146079 0.045312 -0.099512
v -0.138855 0.025311 -0.110766
v -0.143879 0.025038 -0.105758
v -0.147311 0.035107 -0.099708
v -0.135970 0.018488 -0.105210
v -0.141931 0.017676 -0.100177
v -0.147432 0.024940 -0.099683
v 0.146460 0.064178 -0.092582
v 0.138049 0.067099 -0.091843
v 0.142387 0.066816 -0.085889
v 0.142395 0.064990 -0.098344
v 0.132261 0.067584 -0.096916
v 0.148382 0.054772 -0.095864
v 0.137432 0.056304 -0.105164
v 0.135632 0.065954 -0.102141
v 0.149569 0.044809 -0.097792
v 0.144464 0.055437 -0.101682
v 0.138695 0.046251 -0.107151
v 0.146399 0.035261 -0.104740
v 0.145650 0.045410 -0.103605
v 0.139764 0.036037 -0.108567
v 0.150174 0.034719 -0.098799
v 0.146390 0.025132 -0.104752
v 0.140693 0.025783 -0.109327
v 0.150212 0.024688 -0.098902
v 0.142341 0.018187 -0.099314
v 0.137132 0.018522 -0.105093
v 0.007328 0.071019 -0.124706
v 0.000489 0.073519 -0.116365
v 0.007763 0.073588 -0.116392
v -0.006904 0.071842 -0.123966
v -0.006801 0.073337 -0.116491
v -0.000598 0.061730 -0.129965
v 0.000206 0.071550 -0.124474
v -0.007577 0.061936 -0.129313
v 0.005629 0.050837 -0.134732
v 0.006491 0.061324 -0.130245
v -0.001408 0.051185 -0.134504
v -0.001827 0.040354 -0.138044
v -0.008767 0.040554 -0.137720
v -0.008317 0.051396 -0.133975
v 0.005205 0.040046 -0.138161
v -0.002073 0.029335 -0.140282
v -0.009081 0.029502 -0.140242
v 0.004902 0.029107 -0.140447
v -0.002067 0.021003 -0.135092
v -0.079659 0.049711 0.106686
v -0.087564 0.047878 0.110306
v -0.086668 0.049907 0.103859
v -0.072502 0.049553 0.109492
v -0.080838 0.048336 0.112852
v -0.087881 0.039542 0.113231
v -0.073767 0.048634 0.114821
v -0.081198 0.039859 0.115704
v -0.088070 0.029948 0.115022
v -0.074262 0.030431 0.119108
v -0.081403 0.030206 0.117500
v -0.081447 0.020405 0.118437
v -0.088096 0.020175 0.115879
v -0.074320 0.020627 0.120158
v -0.081340 0.011214 0.118396
v -0.088026 0.011110 0.115954
v -0.074183 0.011420 0.120237
v -0.079844 0.004785 0.112749
v -0.087215 0.005104 0.110021
v 0.070594 0.048910 0.109446
v 0.066076 0.046811 0.115994
v 0.064109 0.049180 0.111582
v 0.078084 0.048748 0.106986
v 0.073085 0.047274 0.113823
v 0.069483 0.038410 0.117834
v 0.079451 0.047557 0.110919
v 0.076350 0.038716 0.115670
v 0.071366 0.028818 0.118970
v 0.082432 0.038935 0.112597
v 0.078212 0.029066 0.116764
v 0.072292 0.019049 0.119450
v 0.084371 0.029283 0.113770
v 0.079212 0.019267 0.117273
v 0.079161 0.009958 0.117129
v 0.072227 0.009836 0.119260
v 0.085735 0.010163 0.114445
v 0.071248 0.004152 0.114857
v 0.078821 0.003784 0.112705
v -0.129859 0.065634 -0.097670
v -0.128354 0.064219 -0.106671
v -0.124182 0.066450 -0.101183
v -0.136521 0.064742 -0.093337
v -0.134459 0.064029 -0.102427
v -0.132676 0.055374 -0.107401
v -0.139501 0.063780 -0.097638
v -0.138608 0.055056 -0.103356
v -0.135306 0.045416 -0.108135
v -0.142440 0.054866 -0.098020
v -0.141177 0.045079 -0.104183
v -0.136877 0.035324 -0.108758
v -0.144384 0.044969 -0.098508
v -0.142500 0.035046 -0.104598
v -0.137620 0.025887 -0.109302
v -0.145565 0.034990 -0.098740
v -0.142438 0.025648 -0.104513
v -0.134999 0.019761 -0.104011
v -0.145793 0.025561 -0.098720
v -0.140646 0.018818 -0.099155
v 0.137499 0.065199 -0.091549
v 0.145299 0.062689 -0.091922
v 0.141759 0.064937 -0.085614
v 0.131814 0.065661 -0.096597
v 0.141347 0.063588 -0.097377
v 0.146762 0.054224 -0.094826
v 0.136497 0.055706 -0.103500
v 0.143154 0.054863 -0.100284
v 0.147908 0.044496 -0.096722
v 0.137752 0.045870 -0.105429
v 0.144309 0.045058 -0.102164
v 0.144998 0.035095 -0.103322
v 0.148494 0.034605 -0.097719
v 0.138717 0.035821 -0.106877
v 0.145023 0.025813 -0.103461
v 0.148695 0.025526 -0.097903
v 0.139549 0.026388 -0.107802
v 0.141236 0.019550 -0.098354
v 0.145162 0.019559 -0.091940
v 0.136155 0.019831 -0.103939
v 0.000460 0.071579 -0.115879
v 0.007299 0.069445 -0.123473
v 0.007711 0.071662 -0.115857
v -0.006847 0.070228 -0.122787
v 0.000220 0.069963 -0.123257
v 0.006502 0.060435 -0.128453
v -0.007457 0.061048 -0.127525
v -0.000532 0.060841 -0.128174
v 0.005650 0.050134 -0.132860
v -0.001340 0.050471 -0.132637
v -0.001782 0.039833 -0.136113
v 0.005226 0.039537 -0.136227
v -0.008698 0.040022 -0.135793
v -0.002056 0.029684 -0.138313
v 0.004920 0.029507 -0.138487
v -0.002067 0.022067 -0.133399
v 0.005625 0.022381 -0.133371
v -0.009064 0.029843 -0.138271
v -0.086668 0.049907 0.103859
v -0.087564 0.047878 0.110306
v -0.074061 0.040091 0.117315
v 0.066076 0.046811 0.115994
v 0.069483 0.038410 0.117834
v 0.085547 0.019479 0.114412
v 0.084371 0.029283 0.113770
v 0.086378 0.003644 0.110003
v 0.086984 0.002576 0.111582
v -0.132676 0.055374 -0.107401
v -0.135306 0.045416 -0.108135
v -0.145793 0.025561 -0.098720
v -0.145565 0.034990 -0.098740
v 0.137499 0.065199 -0.091549
v 0.147908 0.044496 -0.096722
v 0.148494 0.034605 -0.097719
v 0.139549 0.026388 -0.107802
v 0.004920 0.029507 -0.138487
v -0.079659 0.049711 0.106686
v -0.088070 0.029948 0.115022
v -0.088096 0.020175 0.115879
v -0.072426 0.003367 0.116392
v -0.074183 0.011420 0.120237
v 0.072227 0.009836 0.119260
v -0.137620 0.025887 -0.109302
v -0.134999 0.019761 -0.104011
v 0.134869 0.064420 -0.101108
v 0.131814 0.065661 -0.096597
v 0.146353 0.018168 -0.092743
v 0.141236 0.019550 -0.098354
v -0.006847 0.070228 -0.122787
v -0.073767 0.048634 0.114821
v -0.072502 0.049553 0.109492
v -0.087741 0.003759 0.111405
v -0.079844 0.004785 0.112749
v 0.079451 0.047557 0.110919
v -0.124182 0.066450 -0.101183
v -0.128354 0.064219 -0.106671
v -0.142440 0.054866 -0.098020
v 0.145299 0.062689 -0.091922
v 0.146762 0.054224 -0.094826
v 0.138717 0.035821 -0.106877
v 0.137752 0.045870 -0.105429
v 0.136155 0.019831 -0.103939
v 0.006502 0.060435 -0.128453
v 0.005650 0.050134 -0.132860
v -0.009064 0.029843 -0.138271
v -0.008698 0.040022 -0.135793
v -0.087881 0.039542 0.113231
v -0.074320 0.020627 0.120158
v -0.074262 0.030431 0.119108
v -0.072038 0.004664 0.114920
v 0.071366 0.028818 0.118970
v 0.085735 0.010163 0.114445
v -0.129859 0.065634 -0.097670
v -0.136877 0.035324 -0.108758
v -0.145860 0.017232 -0.093430
v 0.148695 0.025526 -0.097903
v 0.005616 0.021284 -0.135044
v -0.088026 0.011110 0.115954
v 0.071248 0.004152 0.114857
v -0.139501 0.063780 -0.097638
v -0.136521 0.064742 -0.093337
v -0.140646 0.018818 -0.099155
v 0.007711 0.071662 -0.115857
v 0.007299 0.069445 -0.123473
v -0.008203 0.050672 -0.132114
v -0.007457 0.061048 -0.127525
v 0.064109 0.049180 0.111582
v 0.082432 0.038935 0.112597
v -0.144384 0.044969 -0.098508
v -0.145860 0.017232 -0.093430
v -0.144405 0.018273 -0.092537
v 0.000460 0.071579 -0.115879
v 0.005226 0.039537 -0.136227
v -0.009788 0.020821 -0.135194
v 0.070594 0.048910 0.109446
v 0.072292 0.019049 0.119450
v 0.146353 0.018168 -0.092743
v -0.006805 0.071385 -0.116057
v 0.005616 0.021284 -0.135044
v -0.002067 0.022067 -0.133399
v -0.087741 0.003759 0.111405
v 0.078084 0.048748 0.106986
v 0.078821 0.003784 0.112705
v 0.141759 0.064937 -0.085614
v 0.136497 0.055706 -0.103500
v -0.009796 0.021853 -0.133480
v -0.000201 -0.197668 0.022691
v 0.001182 0.004240 0.125953
v -0.000201 -0.197668 0.022691
v -0.001432 0.032082 -0.132305
v 0.001334 0.049813 0.120877
v -0.001300 0.077255 -0.115952
v 0.255809 -0.884231 -0.036239
v 0.219346 -0.757034 -0.039050
v 0.170367 0.020462 -0.008760
v -0.258519 -0.810472 -0.041330
v -0.190415 -0.359949 0.002429
v -0.170123 0.021285 -0.005162
v -0.001432 0.032082 -0.132305
v 0.155635 0.061020 0.046707
v 0.099768 0.054873 0.098883
v 0.026639 0.050655 0.119616
v -0.165701 0.064798 -0.003210
v -0.001300 0.077255 -0.115952
v -0.221409 -0.969861 -0.002715
v 0.222866 -0.967501 0.000045
v -0.074061 0.040091 0.117315
v -0.072038 0.004664 0.114920
v 0.085547 0.019479 0.114412
v 0.086378 0.003644 0.110003
v 0.134869 0.064420 -0.101108
v -0.006805 0.071385 -0.116057
v -0.008203 0.050672 -0.132114
v -0.009796 0.021853 -0.133480
v -0.072426 0.003367 0.116392
v -0.009788 0.020821 -0.135194
v 0.086984 0.002576 0.111582
vn 0.9355 -0.1870 0.2997
vn 0.9925 -0.0707 0.0996
vn 0.9283 -0.2850 0.2390
vn 0.9493 -0.0740 0.3055
vn 0.9558 0.1666 0.2421
vn 0.8556 0.2001 0.4774
vn 0.4795 0.6944 0.5366
vn 0.4499 0.6499 0.6125
vn 0.0554 0.5006 0.8639
vn 0.1201 0.7343 0.6681
vn -0.5027 0.4224 0.7542
vn -0.7877 0.4588 0.4112
vn -0.8593 0.1293 0.4948
vn -0.9241 0.0535 0.3784
vn -0.8919 -0.2449 0.3801
vn -0.9509 -0.2702 0.1512
vn -0.9253 -0.3053 0.2251
vn -0.9539 -0.2999 -0.0119
vn -0.9710 -0.2382 -0.0215
vn 0.8646 0.1873 0.4662
vn 0.2540 0.6190 0.7432
vn 0.0964 0.7135 0.6940
vn -0.3966 0.6236 0.6737
vn -0.4821 0.7033 0.5225
vn -0.6805 0.3887 0.6211
vn -0.9812 0.1304 0.1426
vn -0.9868 -0.0685 -0.1466
vn 0.9416 -0.3350 0.0331
vn 0.9252 -0.2310 0.3012
vn 0.9355 -0.1871 0.2997
vn 0.9251 -0.2309 0.3013
vn 0.7103 0.2036 0.6738
vn 0.6546 0.4626 0.5979
vn 0.5386 0.7180 0.4409
vn 0.4037 0.4381 0.8031
vn 0.0731 0.2561 0.9639
vn -0.2751 0.3135 0.9089
vn -0.5777 0.2683 0.7709
vn -0.8145 0.0883 0.5734
vn -0.8069 0.2828 0.5187
vn -0.9865 0.1132 0.1188
vn -0.9849 0.1065 -0.1366
vn 0.9561 0.0806 0.2817
vn 0.9369 -0.0866 0.3386
vn 0.6802 0.1513 0.7172
vn 0.6022 0.0030 0.7983
vn -0.0283 0.0923 0.9953
vn -0.3000 0.3679 0.8801
vn -0.5478 0.3501 0.7598
vn -0.7828 0.1918 0.5920
vn -0.9712 -0.1268 0.2019
vn -0.9677 -0.2495 -0.0363
vn 0.8724 0.3896 0.2953
vn 0.7036 0.5102 0.4947
vn 0.6446 0.4211 0.6381
vn 0.4607 0.0158 0.8874
vn -0.0438 0.4006 0.9152
vn -0.3721 0.3499 0.8597
vn -0.5189 0.3736 0.7688
vn -0.6888 0.3146 0.6532
vn -0.8699 -0.0901 0.4849
vn -0.9244 -0.3813 -0.0008
vn 0.5610 0.7261 0.3975
vn 0.4241 0.8259 0.3716
vn 0.4269 0.4452 0.7871
vn 0.3050 0.8492 0.4311
vn 0.2199 0.6130 0.7589
vn -0.4549 -0.3235 0.8297
vn -0.5359 -0.2460 0.8077
vn -0.6575 -0.1239 0.7432
vn -0.9910 -0.0866 0.1024
vn 0.6342 0.1021 0.7664
vn 0.6934 0.5275 0.4909
vn 0.6690 0.2590 0.6967
vn 0.5639 0.4170 0.7128
vn 0.6107 0.5532 0.5666
vn 0.5121 0.5683 0.6441
vn -0.0204 0.0317 0.9993
vn -0.3610 -0.3446 0.8666
vn -0.3710 -0.6835 0.6286
vn -0.8388 -0.0999 0.5352
vn 0.6334 -0.4122 0.6549
vn 0.5590 -0.4098 0.7208
vn 0.4013 -0.2500 0.8811
vn 0.3381 0.1276 0.9324
vn 0.2020 -0.0407 0.9785
vn -0.2631 -0.5309 0.8056
vn -0.8063 -0.2003 0.5565
vn -0.9597 0.2731 -0.0658
vn -0.9275 0.3692 -0.0578
vn 0.6324 -0.3990 0.6640
vn 0.6120 -0.3740 0.6968
vn 0.5859 -0.3421 0.7346
vn 0.2947 -0.4142 0.8611
vn 0.1676 -0.4760 0.8633
vn -0.3557 -0.1691 0.9192
vn -0.1471 -0.3917 0.9083
vn -0.9798 0.1964 0.0387
vn -0.9751 0.2116 0.0658
vn -0.9732 0.2242 -0.0520
vn 0.8002 -0.2755 0.5327
vn 0.6010 -0.3268 0.7294
vn 0.5821 -0.2718 0.7664
vn 0.4332 -0.2924 0.8525
vn 0.2476 -0.4118 0.8770
vn 0.0693 -0.4086 0.9101
vn 0.2322 -0.3499 0.9076
vn -0.5217 -0.1041 0.8467
vn -0.9508 0.1560 0.2678
vn -0.9404 0.1494 0.3055
vn -0.9818 0.1898 0.0112
vn -0.9707 0.2303 -0.0692
vn 0.9464 -0.1013 0.3066
vn 0.6632 -0.2513 0.7050
vn 0.5296 -0.2787 0.8011
vn 0.4665 -0.2376 0.8520
vn 0.3156 -0.2633 0.9116
vn -0.0194 -0.2138 0.9767
vn -0.6314 0.0325 0.7748
vn -0.9521 0.1661 0.2567
vn -0.9858 0.1669 0.0170
vn -0.9828 0.1594 -0.0929
vn 0.9915 0.0951 -0.0885
vn 0.9926 0.0855 0.0857
vn 0.4824 -0.2923 0.8257
vn 0.4455 -0.2484 0.8601
vn 0.3177 -0.2311 0.9196
vn -0.0945 -0.1530 0.9837
vn -0.6931 0.0566 0.7186
vn -0.9500 0.1656 0.2648
vn -0.9851 0.1598 0.0640
vn -0.9929 0.1037 -0.0575
vn 0.8913 -0.1318 0.4339
vn 0.7866 -0.2783 0.5512
vn 0.4636 -0.2790 0.8410
vn 0.4163 -0.2480 0.8747
vn 0.2982 -0.2202 0.9288
vn -0.1594 -0.1299 0.9786
vn -0.7424 0.0615 0.6671
vn -0.9495 0.1593 0.2705
vn -0.9831 0.1484 0.1075
vn -0.9937 0.1118 -0.0101
vn 0.9709 0.1275 -0.2027
vn 0.9529 -0.0566 0.2979
vn 0.4968 -0.2396 0.8341
vn 0.3888 -0.2341 0.8911
vn 0.2736 -0.2055 0.9396
vn -0.2180 -0.1128 0.9694
vn -0.7781 0.0662 0.6247
vn -0.9493 0.1447 0.2790
vn -0.9809 0.1270 0.1476
vn -0.9942 0.1056 0.0186
vn 0.9876 -0.0201 -0.1557
vn 0.9665 -0.0782 0.2447
vn 0.5758 -0.1929 0.7945
vn 0.3693 -0.2151 0.9041
vn 0.2517 -0.1883 0.9493
vn -0.2655 -0.0982 0.9591
vn -0.8037 0.0608 0.5919
vn -0.9489 0.1150 0.2940
vn -0.9782 0.0981 0.1831
vn -0.9947 0.0982 0.0297
vn 0.9838 -0.1793 0.0060
vn 0.9487 -0.1492 0.2787
vn 0.6320 -0.1696 0.7562
vn 0.3675 -0.1933 0.9097
vn 0.2265 -0.1727 0.9586
vn -0.2970 -0.0775 0.9517
vn -0.8154 0.0490 0.5769
vn -0.9448 0.0749 0.3189
vn -0.9773 0.0638 0.2022
vn -0.9949 0.0994 0.0157
vn 0.9550 -0.2599 0.1428
vn 0.9252 -0.1501 0.3485
vn 0.6611 -0.1417 0.7368
vn 0.3842 -0.1694 0.9076
vn 0.2024 -0.1590 0.9663
vn -0.3222 -0.0675 0.9443
vn -0.8078 0.0294 0.5888
vn -0.9356 0.0266 0.3521
vn -0.9795 0.0338 0.1984
vn -0.9931 0.1130 -0.0299
vn 0.9297 -0.2605 0.2604
vn 0.8920 -0.1427 0.4290
vn 0.6837 -0.1135 0.7208
vn 0.4131 -0.1455 0.8990
vn 0.1914 -0.1406 0.9714
vn -0.3328 -0.0654 0.9407
vn -0.7869 0.0045 0.6171
vn -0.9223 -0.0069 0.3864
vn -0.9886 0.0609 0.1379
vn -0.9529 0.2593 -0.1574
vn 0.9112 -0.2331 0.3395
vn 0.8409 -0.1458 0.5213
vn 0.6990 -0.0986 0.7083
vn 0.4488 -0.1259 0.8847
vn 0.1880 -0.1243 0.9743
vn -0.3241 -0.0606 0.9441
vn -0.7576 -0.0185 0.6525
vn -0.9179 -0.0107 0.3968
vn -0.9925 0.1225 0.0010
vn -0.8752 0.3512 -0.3327
vn 0.9078 -0.2317 0.3497
vn 0.8099 -0.1262 0.5728
vn 0.7050 -0.0942 0.7030
vn 0.4844 -0.1101 0.8679
vn 0.1920 -0.1097 0.9752
vn -0.3043 -0.0592 0.9507
vn -0.7207 -0.0373 0.6922
vn -0.9359 0.0076 0.3523
vn -0.9786 0.1803 -0.0995
vn -0.9127 0.2093 -0.3509
vn 0.9261 -0.0945 0.3653
vn 0.8116 -0.1160 0.5726
vn 0.7028 -0.1015 0.7041
vn 0.5120 -0.1012 0.8530
vn 0.2040 -0.0950 0.9744
vn -0.2742 -0.0577 0.9600
vn -0.6829 -0.0454 0.7291
vn -0.9627 0.0328 0.2685
vn -0.9768 0.1862 -0.1062
vn -0.9857 0.0119 -0.1679
vn 0.9543 -0.0848 0.2867
vn 0.8299 -0.1107 0.5468
vn 0.6994 -0.1135 0.7056
vn 0.5259 -0.1006 0.8446
vn 0.2184 -0.0840 0.9722
vn -0.2364 -0.0588 0.9699
vn -0.6677 -0.0324 0.7437
vn -0.9654 0.0539 0.2553
vn -0.9995 0.0303 -0.0125
vn -0.9847 -0.1616 0.0648
vn 0.9510 -0.1081 0.2897
vn 0.8430 -0.1399 0.5195
vn 0.7025 -0.1365 0.6984
vn 0.5254 -0.1122 0.8434
vn 0.2310 -0.0777 0.9698
vn -0.1958 -0.0526 0.9792
vn -0.6674 -0.0385 0.7437
vn -0.9396 0.0150 0.3420
vn -0.9810 -0.1077 0.1612
vn -0.9713 -0.2369 0.0193
vn 0.9422 -0.1359 0.3062
vn 0.8474 -0.2046 0.4899
vn 0.7034 -0.1929 0.6841
vn 0.5146 -0.1633 0.8418
vn 0.2345 -0.1157 0.9652
vn -0.1714 -0.0713 0.9826
vn -0.6275 -0.0370 0.7777
vn -0.9059 -0.0459 0.4211
vn -0.9741 -0.0947 0.2052
vn -0.9998 0.0215 0.0015
vn 0.9440 -0.2001 0.2624
vn 0.8346 -0.3155 0.4516
vn 0.6914 -0.2797 0.6661
vn 0.5029 -0.2158 0.8370
vn 0.2328 -0.1623 0.9589
vn -0.1591 -0.1267 0.9791
vn -0.5902 -0.0861 0.8026
vn -0.8803 -0.0856 0.4666
vn -0.9854 -0.0829 0.1484
vn -0.9907 0.0629 -0.1203
vn 0.9510 -0.2524 0.1786
vn 0.8497 -0.3789 0.3667
vn 0.6575 -0.3949 0.6416
vn 0.4621 -0.3125 0.8300
vn 0.2211 -0.2136 0.9516
vn -0.1388 -0.1430 0.9799
vn -0.5684 -0.1039 0.8162
vn -0.8663 -0.0889 0.4915
vn -0.9857 -0.0879 0.1440
vn -0.9842 -0.0805 -0.1574
vn 0.9525 -0.2950 0.0754
vn 0.6957 -0.6948 0.1824
vn 0.5937 -0.5680 0.5700
vn 0.4113 -0.3760 0.8303
vn 0.1957 -0.2471 0.9490
vn -0.1281 -0.1668 0.9776
vn -0.5502 -0.1056 0.8283
vn -0.8553 -0.0675 0.5137
vn -0.9846 -0.0722 0.1593
vn -0.9851 -0.0811 -0.1515
vn -0.9859 -0.0848 -0.1439
vn -0.9891 -0.0492 0.1385
vn -0.9913 -0.0536 -0.1205
vn -0.9896 0.0264 0.1415
vn -0.9933 0.0133 -0.1151
vn -0.9876 0.0864 0.1309
vn -0.9901 0.0724 -0.1202
vn -0.9824 0.1326 0.1315
vn -0.9864 0.1154 -0.1174
vn -0.9769 0.1698 0.1296
vn -0.9828 0.1495 -0.1081
vn -0.9736 0.1824 0.1369
vn -0.9817 0.1664 -0.0927
vn -0.9713 0.1902 0.1425
vn -0.9833 0.1692 -0.0666
vn -0.9708 0.1812 0.1570
vn -0.9875 0.1549 -0.0285
vn -0.9727 0.1510 0.1761
vn -0.9907 0.1363 -0.0008
vn -0.8960 -0.0459 0.4416
vn -0.9239 0.0062 0.3825
vn -0.9907 -0.0042 0.1358
vn -0.9305 0.0514 0.3626
vn -0.9245 0.0874 0.3710
vn -0.9187 0.1384 0.3699
vn -0.9125 0.1732 0.3705
vn -0.9090 0.1896 0.3711
vn -0.9079 0.1871 0.3751
vn -0.9067 0.1894 0.3769
vn -0.9020 0.1665 0.3983
vn -0.6721 -0.0683 0.7373
vn -0.7470 -0.0099 0.6648
vn -0.7842 0.0602 0.6176
vn -0.7829 0.0945 0.6149
vn -0.7580 0.1647 0.6311
vn -0.7625 0.1763 0.6225
vn -0.7678 0.1729 0.6169
vn -0.7674 0.1859 0.6137
vn -0.7571 0.1809 0.6277
vn -0.3067 -0.0956 0.9470
vn -0.4333 -0.0190 0.9010
vn -0.4883 0.0444 0.8716
vn -0.4843 0.0881 0.8704
vn -0.7647 0.1394 0.6291
vn -0.4690 0.1245 0.8744
vn -0.4944 0.1280 0.8597
vn -0.5217 0.1271 0.8436
vn -0.5470 0.1490 0.8238
vn -0.5600 0.1761 0.8096
vn 0.0207 -0.1424 0.9896
vn -0.1221 -0.0325 0.9920
vn -0.1841 0.0382 0.9822
vn -0.2050 0.0575 0.9771
vn -0.2350 0.0697 0.9695
vn -0.4792 0.1232 0.8690
vn -0.2807 0.0701 0.9572
vn -0.3234 0.0656 0.9440
vn -0.3556 0.0625 0.9326
vn -0.4024 0.1428 0.9043
vn 0.2332 -0.2631 0.9361
vn 0.0768 -0.1140 0.9905
vn -0.0393 -0.0282 0.9988
vn -0.1177 -0.0112 0.9930
vn -0.1835 -0.0204 0.9828
vn -0.2448 -0.0024 0.9696
vn -0.2883 0.0436 0.9566
vn -0.2941 0.0602 0.9539
vn -0.3767 0.0869 0.9223
vn -0.3013 0.1058 0.9476
vn 0.3583 -0.5234 0.7731
vn 0.1647 -0.2915 0.9423
vn 0.0319 -0.1772 0.9837
vn -0.0878 -0.1310 0.9875
vn -0.1722 -0.1114 0.9787
vn -0.1995 -0.0411 0.9790
vn -0.2751 0.0249 0.9611
vn -0.2063 0.0220 0.9782
vn -0.2037 0.0597 0.9772
vn -0.1878 0.0981 0.9773
vn 0.4031 -0.8309 0.3837
vn 0.1993 -0.5709 0.7965
vn 0.0456 -0.3341 0.9414
vn -0.0393 -0.2632 0.9639
vn -0.1123 -0.1752 0.9781
vn -0.1223 -0.0472 0.9914
vn -0.2041 0.0014 0.9790
vn -0.1126 0.0073 0.9936
vn -0.0981 0.0307 0.9947
vn -0.0786 0.1034 0.9915
vn 0.0240 -0.9989 0.0411
vn 0.0129 -0.8544 0.5195
vn 0.0052 -0.4582 0.8888
vn 0.0158 -0.3191 0.9476
vn 0.0204 -0.2123 0.9770
vn 0.0163 -0.0409 0.9990
vn 0.0123 0.0169 0.9998
vn 0.0091 0.0372 0.9993
vn -0.0873 0.0667 0.9939
vn 0.0068 0.0686 0.9976
vn -0.9423 -0.1147 0.3144
vn -0.9400 -0.3355 0.0615
vn -0.9494 -0.2031 0.2395
vn -0.9511 -0.3086 0.0144
vn -0.9413 -0.2889 -0.1746
vn -0.9023 -0.3228 -0.2856
vn -0.9492 -0.0801 -0.3043
vn -0.8996 -0.2201 -0.3773
vn -0.8047 -0.0614 -0.5904
vn -0.7690 -0.1534 -0.6206
vn -0.3054 -0.1496 -0.9404
vn -0.2925 -0.1001 -0.9510
vn 0.3224 -0.1517 -0.9344
vn 0.2895 -0.0499 -0.9559
vn 0.8036 -0.1211 -0.5827
vn 0.9426 -0.1632 -0.2915
vn 0.9529 0.0399 -0.3006
vn 0.9485 -0.2410 -0.2056
vn 0.9606 0.0601 -0.2714
vn 0.9352 -0.3206 -0.1504
vn 0.9960 0.0282 -0.0847
vn -0.9742 -0.2142 -0.0718
vn -0.8559 -0.4090 -0.3163
vn -0.7385 -0.3467 -0.5783
vn -0.0263 -0.0686 -0.9973
vn 0.3319 0.0365 -0.9426
vn 0.7842 -0.0603 -0.6176
vn 0.4356 -0.0267 -0.8997
vn 0.8495 -0.4447 -0.2839
vn 0.9123 -0.4095 -0.0079
vn -0.9609 -0.0407 0.2737
vn -0.9755 -0.0754 0.2069
vn -0.9356 0.3475 0.0617
vn -0.9755 -0.0755 0.2068
vn -0.9924 0.1186 -0.0341
vn -0.9183 -0.2271 -0.3244
vn -0.4477 0.0759 -0.8909
vn -0.5694 -0.1426 -0.8096
vn 0.0285 0.1156 -0.9929
vn 0.3265 -0.0690 -0.9427
vn 0.3859 -0.0708 -0.9198
vn 0.5876 -0.1065 -0.8021
vn 0.7235 -0.2216 -0.6537
vn 0.9551 -0.2528 0.1544
vn -0.9625 -0.0415 0.2681
vn -0.3995 0.1590 -0.9028
vn -0.5929 -0.1465 -0.7918
vn -0.3304 0.2876 -0.8989
vn -0.1886 0.2158 -0.9581
vn 0.4045 -0.2315 -0.8848
vn 0.5834 -0.1526 -0.7977
vn 0.8094 -0.0389 -0.5859
vn 0.7789 -0.2786 -0.5619
vn 0.9958 -0.0725 -0.0553
vn -0.9396 0.1521 0.3066
vn -0.9184 -0.3091 0.2471
vn -0.8436 -0.0832 -0.5305
vn -0.9324 -0.0443 -0.3588
vn -0.2988 -0.0026 -0.9543
vn -0.3082 0.0495 -0.9500
vn -0.3211 0.0929 -0.9425
vn -0.0495 -0.0180 -0.9986
vn 0.1461 -0.0999 -0.9842
vn 0.6818 -0.0775 -0.7275
vn 0.8555 0.0826 -0.5112
vn -0.7178 -0.4433 0.5369
vn -0.9941 0.1048 -0.0284
vn -0.7891 0.2684 -0.5525
vn -0.4543 -0.1255 -0.8819
vn -0.2760 -0.3073 -0.9107
vn -0.2589 -0.2483 -0.9334
vn -0.0899 -0.1265 -0.9879
vn 0.3401 -0.0441 -0.9394
vn 0.3300 -0.1739 -0.9278
vn 0.7503 0.0058 -0.6611
vn 0.9011 0.2010 -0.3841
vn 0.9007 0.3913 -0.1887
vn 0.9704 0.1516 -0.1881
vn -0.9170 -0.3151 0.2446
vn -0.8426 0.4744 -0.2548
vn -0.8285 0.4419 -0.3441
vn -0.7286 0.1007 -0.6775
vn -0.1347 -0.2307 -0.9637
vn 0.0322 -0.0892 -0.9955
vn 0.3642 0.0046 -0.9313
vn 0.8169 0.0950 -0.5689
vn 0.9199 0.3430 -0.1899
vn 0.8639 0.5013 -0.0486
vn -0.9678 0.2406 -0.0743
vn -0.8909 0.3447 -0.2958
vn -0.9474 0.2126 -0.2394
vn -0.8994 0.0819 -0.4293
vn -0.3803 -0.2383 -0.8936
vn -0.0347 -0.0830 -0.9959
vn 0.0990 0.0031 -0.9951
vn 0.3822 0.0474 -0.9228
vn 0.8751 0.1209 -0.4686
vn 0.9611 0.2761 -0.0007
vn 0.9243 0.3800 0.0347
vn -0.8816 0.3642 -0.3002
vn -0.9929 0.0843 -0.0840
vn -0.9894 -0.1253 -0.0731
vn -0.9091 -0.1342 -0.3944
vn -0.5718 0.0174 -0.8202
vn -0.5723 -0.1064 -0.8131
vn -0.0523 -0.0008 -0.9986
vn 0.1361 0.0081 -0.9907
vn 0.4175 0.0628 -0.9065
vn 0.8858 0.1165 -0.4492
vn 0.9968 0.0591 0.0534
vn 0.9943 0.1027 0.0268
vn -0.9242 0.2724 -0.2675
vn -0.9908 -0.0871 0.1035
vn -0.9886 -0.1507 -0.0042
vn -0.8895 -0.0711 -0.4513
vn -0.5518 0.0389 -0.8331
vn -0.1256 0.0286 -0.9917
vn 0.1570 0.0156 -0.9875
vn 0.4588 0.0826 -0.8847
vn 0.8688 0.1313 -0.4774
vn 0.9998 0.0202 0.0022
vn 0.9983 0.0111 0.0567
vn -0.9917 0.1088 -0.0680
vn -0.9651 -0.1712 0.1983
vn -0.9906 -0.1317 -0.0364
vn -0.8691 -0.0210 -0.4942
vn -0.5548 0.0366 -0.8312
vn -0.1815 0.0346 -0.9828
vn 0.1664 0.0340 -0.9855
vn 0.4983 0.0986 -0.8614
vn 0.8641 0.1346 -0.4850
vn 0.9954 0.0817 -0.0492
vn 0.9934 0.0565 0.0994
vn -0.9902 -0.0569 0.1276
vn -0.9546 -0.2158 0.2053
vn -0.9856 -0.1179 -0.1214
vn -0.8466 -0.0011 -0.5322
vn -0.5801 0.0402 -0.8135
vn -0.2194 0.0295 -0.9752
vn 0.1749 0.0515 -0.9832
vn 0.5307 0.1214 -0.8388
vn 0.8599 0.1510 -0.4876
vn 0.9922 0.1024 -0.0705
vn 0.9889 0.0808 0.1249
vn -0.9463 -0.1731 0.2729
vn -0.9654 -0.2031 0.1636
vn -0.9720 -0.0899 -0.2172
vn -0.8280 0.0154 -0.5605
vn -0.6132 0.0434 -0.7887
vn -0.2599 0.0231 -0.9654
vn 0.1980 0.0565 -0.9786
vn 0.5703 0.1393 -0.8095
vn 0.8519 0.1751 -0.4936
vn 0.9888 0.1110 -0.0999
vn 0.9882 0.0737 0.1341
vn -0.9148 -0.2204 0.3385
vn -0.9781 -0.1801 0.1045
vn -0.9506 -0.0629 -0.3038
vn -0.8112 0.0452 -0.5831
vn -0.6528 0.0575 -0.7553
vn -0.3073 0.0215 -0.9514
vn 0.2274 0.0660 -0.9716
vn 0.6127 0.1570 -0.7746
vn 0.8429 0.1897 -0.5036
vn 0.9824 0.1177 -0.1447
vn 0.9894 0.0614 0.1318
vn -0.9095 -0.2212 0.3520
vn -0.9858 -0.1644 0.0336
vn -0.9180 -0.0170 -0.3962
vn -0.7788 0.1140 -0.6168
vn -0.7014 0.1235 -0.7020
vn -0.3731 0.0471 -0.9266
vn 0.2649 0.0824 -0.9607
vn 0.6526 0.1843 -0.7350
vn 0.8321 0.2072 -0.5145
vn 0.9701 0.1372 -0.2002
vn 0.9916 0.0573 0.1162
vn -0.9074 -0.2216 0.3572
vn -0.9879 -0.1447 -0.0562
vn -0.8672 0.0135 -0.4978
vn -0.7346 0.1188 -0.6680
vn -0.7462 0.1251 -0.6538
vn -0.4665 0.0865 -0.8803
vn 0.3186 0.1840 -0.9299
vn 0.6658 0.3303 -0.6690
vn 0.7991 0.2815 -0.5311
vn 0.9524 0.1562 -0.2617
vn 0.9950 0.0575 0.0818
vn -0.9074 -0.2320 0.3506
vn -0.9859 -0.1004 -0.1336
vn -0.8299 -0.0188 -0.5576
vn -0.7541 -0.0213 -0.6564
vn -0.7612 -0.0989 -0.6409
vn -0.4849 0.0246 -0.8742
vn 0.3855 0.1788 -0.9052
vn 0.7572 0.3408 -0.5572
vn 0.6692 0.4683 -0.5770
vn 0.8832 0.2755 -0.3796
vn 0.9979 0.0577 0.0310
vn -0.9253 -0.2310 0.3008
vn -0.9671 -0.1515 -0.2045
vn -0.8732 -0.1423 -0.4661
vn -0.7874 -0.2814 -0.5485
vn -0.7148 -0.1899 -0.6730
vn -0.4106 0.1445 -0.9003
vn 0.3621 0.2173 -0.9065
vn 0.8949 0.0231 -0.4457
vn 0.7813 0.3499 -0.5168
vn 0.7221 0.4323 -0.5400
vn 0.9873 0.1245 -0.0992
vn -0.9427 -0.2120 0.2576
vn -0.9701 -0.2162 -0.1102
vn -0.8627 -0.3951 -0.3156
vn -0.7536 -0.2227 -0.6184
vn -0.5274 0.2169 -0.8214
vn -0.1576 0.5922 -0.7903
vn 0.1871 0.6851 -0.7040
vn 0.8157 0.2063 -0.5405
vn 0.9535 -0.0243 -0.3005
vn 0.7624 0.3158 -0.5648
vn 0.9104 0.2898 -0.2954
vn -0.9584 -0.0742 0.2756
vn -0.9805 -0.1248 0.1520
vn -0.9077 -0.2889 -0.3042
vn -0.6281 -0.0849 -0.7735
vn -0.2330 0.2258 -0.9459
vn -0.0422 0.3800 -0.9240
vn 0.0753 0.4507 -0.8895
vn 0.4835 0.3426 -0.8055
vn 0.9458 0.0390 -0.3225
vn 0.8755 0.2730 -0.3986
vn -0.9658 -0.0620 0.2518
vn -0.9468 -0.2104 0.2435
vn -0.9159 -0.1939 -0.3514
vn -0.5782 0.0209 -0.8156
vn -0.3725 -0.0455 -0.9269
vn -0.1769 -0.1747 -0.9686
vn 0.2405 -0.1585 -0.9576
vn 0.3994 0.0959 -0.9118
vn 0.9124 -0.1608 -0.3764
vn 0.9835 -0.1753 -0.0455
vn 0.9116 0.1538 -0.3812
vn -0.9399 -0.1605 0.3013
vn -0.9551 -0.2155 0.2036
vn -0.9358 -0.1258 -0.3293
vn -0.5793 -0.1644 -0.7983
vn -0.4689 -0.1854 -0.8636
vn -0.1987 -0.1445 -0.9693
vn 0.2404 -0.0968 -0.9658
vn 0.5748 0.0037 -0.8183
vn 0.7484 0.1612 -0.6434
vn 0.8935 -0.0354 -0.4476
vn 0.9789 -0.1605 -0.1262
vn -0.9044 -0.1894 0.3824
vn -0.9842 -0.1290 0.1212
vn -0.9277 -0.0672 -0.3673
vn -0.6619 -0.1277 -0.7386
vn -0.4614 -0.1688 -0.8710
vn -0.1613 -0.1302 -0.9783
vn 0.2372 -0.0601 -0.9696
vn 0.6732 -0.0307 -0.7389
vn 0.7484 0.1586 -0.6440
vn 0.9195 0.1162 -0.3755
vn 0.9495 -0.2834 -0.1345
vn 0.9845 -0.1714 0.0373
vn -0.9143 -0.1735 0.3661
vn -0.9934 -0.0930 0.0666
vn -0.9276 -0.0917 -0.3621
vn -0.7048 -0.1313 -0.6971
vn -0.4723 -0.1324 -0.8714
vn -0.1468 -0.1169 -0.9822
vn 0.2319 -0.0775 -0.9697
vn 0.6399 -0.0558 -0.7665
vn 0.8383 -0.0380 -0.5439
vn 0.8697 0.1197 -0.4789
vn 0.9990 0.0142 -0.0414
vn -0.9375 -0.2023 0.2832
vn -0.9862 -0.1657 -0.0014
vn -0.9367 -0.1463 -0.3180
vn -0.7254 -0.1752 -0.6657
vn -0.4743 -0.1514 -0.8672
vn -0.1565 -0.1192 -0.9805
vn 0.2164 -0.0948 -0.9717
vn 0.6076 -0.0723 -0.7909
vn 0.8459 -0.0738 -0.5281
vn 0.9172 -0.0159 -0.3981
vn 0.9887 0.0439 -0.1430
vn -0.9496 -0.2544 0.1833
vn -0.9821 -0.1853 -0.0326
vn -0.9406 -0.2000 -0.2743
vn -0.7394 -0.2642 -0.6192
vn -0.4560 -0.2488 -0.8545
vn -0.1709 -0.1825 -0.9682
vn 0.1980 -0.1484 -0.9689
vn 0.5864 -0.0896 -0.8051
vn 0.8253 -0.0654 -0.5608
vn 0.9228 -0.0863 -0.3755
vn 0.9837 -0.0640 -0.1681
vn -0.9494 -0.3025 0.0845
vn -0.8364 -0.5441 -0.0664
vn -0.9296 -0.2897 -0.2278
vn -0.7771 -0.2894 -0.5589
vn -0.4604 -0.3237 -0.8266
vn -0.1665 -0.2893 -0.9426
vn 0.1735 -0.2209 -0.9597
vn 0.5876 -0.1218 -0.8000
vn 0.8129 -0.0761 -0.5773
vn 0.9165 -0.0730 -0.3932
vn 0.9825 -0.0726 -0.1717
vn 0.9819 -0.0660 -0.1774
vn 0.9227 -0.0730 -0.3784
vn 0.9846 -0.0352 -0.1715
vn 0.9293 -0.0501 -0.3658
vn 0.9862 0.0182 -0.1647
vn 0.9365 -0.0058 -0.3507
vn 0.9872 0.0613 -0.1470
vn 0.9418 0.0173 -0.3359
vn 0.9870 0.0999 -0.1261
vn 0.9446 0.0610 -0.3226
vn 0.9845 0.1347 -0.1125
vn 0.9478 0.1020 -0.3021
vn 0.9842 0.1455 -0.1010
vn 0.9559 0.1128 -0.2710
vn 0.9861 0.1470 -0.0778
vn 0.9743 0.1279 -0.1856
vn 0.9868 0.1557 -0.0439
vn 0.9805 0.1188 -0.1567
vn 0.9911 0.1313 -0.0194
vn 0.8326 -0.0856 -0.5472
vn 0.8552 -0.0769 -0.5126
vn 0.8783 -0.0387 -0.4765
vn 0.8881 -0.0052 -0.4596
vn 0.8916 0.0279 -0.4521
vn 0.9075 0.0520 -0.4168
vn 0.9215 0.0683 -0.3824
vn 0.9677 0.1021 -0.2304
vn 0.9437 0.0939 -0.3173
vn 0.9524 0.1111 -0.2839
vn 0.6947 -0.1064 -0.7114
vn 0.7532 -0.1182 -0.6471
vn 0.7994 -0.0786 -0.5956
vn 0.8214 -0.0287 -0.5697
vn 0.8490 -0.0233 -0.5279
vn 0.8661 0.0091 -0.4998
vn 0.8738 0.0357 -0.4849
vn 0.9331 0.0660 -0.3535
vn 0.8912 0.0803 -0.4465
vn 0.8870 0.1098 -0.4485
vn 0.3729 -0.1870 -0.9088
vn 0.5329 -0.1805 -0.8267
vn 0.6532 -0.1507 -0.7421
vn 0.7418 -0.0981 -0.6634
vn 0.7790 -0.0779 -0.6221
vn 0.7910 -0.0200 -0.6114
vn 0.7928 0.0170 -0.6092
vn 0.8854 0.0394 -0.4632
vn 0.7813 0.0976 -0.6164
vn 0.7384 0.1631 -0.6543
vn 0.0197 -0.2900 -0.9568
vn 0.2259 -0.2638 -0.9377
vn 0.3953 -0.2751 -0.8764
vn 0.5451 -0.2177 -0.8096
vn 0.6079 -0.1329 -0.7828
vn 0.6353 -0.0588 -0.7700
vn 0.6372 0.0169 -0.7705
vn 0.7872 0.0298 -0.6160
vn 0.6193 0.0573 -0.7830
vn 0.5485 0.1638 -0.8199
vn -0.2621 -0.3475 -0.9003
vn -0.0680 -0.3403 -0.9378
vn 0.1141 -0.3524 -0.9289
vn 0.2582 -0.3343 -0.9064
vn 0.3880 -0.2068 -0.8982
vn 0.4269 -0.1018 -0.8986
vn 0.4297 0.0077 -0.9029
vn 0.3820 0.1234 -0.9159
vn 0.3046 0.2331 -0.9235
vn 0.4853 0.2328 -0.8428
vn -0.5461 -0.3853 -0.7439
vn -0.2946 -0.4165 -0.8601
vn -0.1004 -0.4026 -0.9098
vn 0.0060 -0.4285 -0.9035
vn 0.1292 -0.3195 -0.9387
vn 0.1951 -0.1323 -0.9718
vn 0.1838 0.0206 -0.9827
vn 0.1613 0.1623 -0.9735
vn 0.1679 0.2317 -0.9582
vn 0.2983 0.2520 -0.9206
vn -0.7625 -0.4764 -0.4377
vn -0.4549 -0.5801 -0.6757
vn -0.1778 -0.5265 -0.8314
vn -0.0514 -0.4742 -0.8789
vn -0.0229 -0.3831 -0.9234
vn 0.0128 -0.1683 -0.9857
vn 0.0299 0.0212 -0.9993
vn 0.0459 0.1454 -0.9883
vn 0.0650 0.2235 -0.9725
vn 0.1632 0.2644 -0.9505
vn -0.7399 -0.6518 -0.1665
vn -0.4952 -0.7778 -0.3870
vn -0.2128 -0.6997 -0.6820
vn -0.0531 -0.5329 -0.8445
vn -0.0347 -0.3954 -0.9179
vn -0.0335 -0.1961 -0.9800
vn -0.0131 0.0015 -0.9999
vn -0.0016 0.1316 -0.9913
vn -0.0005 0.2297 -0.9733
vn 0.0380 0.2942 -0.9550
vn 0.0386 -0.9944 -0.0984
vn -0.0110 -0.9739 -0.2267
vn -0.0025 -0.8648 -0.5020
vn 0.0095 -0.6125 -0.7904
vn 0.0064 -0.4103 -0.9119
vn 0.0042 -0.2067 -0.9784
vn 0.0046 -0.0069 -1.0000
vn 0.0007 0.1304 -0.9915
vn 0.0002 0.2349 -0.9720
vn -0.0137 0.3083 -0.9512
vn -0.9695 0.1138 0.2170
vn -0.6780 0.7335 0.0477
vn -0.9946 0.0997 0.0302
vn -0.8858 0.1313 0.4451
vn -0.6584 0.7290 0.1872
vn -0.7309 0.1481 0.6662
vn -0.5919 0.7265 0.3492
vn -0.3315 0.7231 0.6061
vn -0.4730 0.7233 0.5030
vn -0.5444 0.1567 0.8240
vn -0.2352 0.7218 0.6509
vn -0.4075 0.1493 0.9009
vn -0.1765 0.7171 0.6742
vn -0.3154 0.1389 0.9387
vn -0.1069 0.6974 0.7086
vn -0.0761 0.1139 0.9906
vn -0.1910 0.1206 0.9742
vn 0.0018 0.7024 0.7117
vn -0.0381 0.7097 0.7034
vn 0.9944 0.1053 0.0085
vn 0.6791 0.7313 -0.0641
vn 0.6787 0.7335 0.0367
vn 0.9855 0.0972 -0.1393
vn 0.6726 0.7227 -0.1591
vn 0.8710 0.1327 -0.4731
vn 0.9520 0.1032 -0.2882
vn 0.6771 0.1898 -0.7110
vn 0.6410 0.7174 -0.2730
vn 0.4243 0.2445 -0.8719
vn 0.4991 0.7428 -0.4462
vn 0.2408 0.2712 -0.9319
vn 0.3063 0.7601 -0.5731
vn 0.0855 0.3056 -0.9483
vn 0.1845 0.7741 -0.6055
vn -0.0030 0.3267 -0.9451
vn 0.0766 0.7899 -0.6084
vn -0.0224 0.3260 -0.9451
vn 0.0209 0.8069 -0.5903
vn -0.0012 0.3250 -0.9457
vn 0.0028 0.8142 -0.5806
vn -0.9979 0.0031 0.0641
vn -0.9680 0.1952 0.1576
vn -0.5593 0.5379 0.6307
vn -0.8970 0.2413 0.3704
vn -0.0580 0.5709 0.8190
vn -0.5032 0.6667 0.5498
vn 0.4234 0.4579 0.7817
vn -0.0980 0.7907 0.6043
vn 0.7553 0.4940 0.4307
vn 0.3644 0.7534 0.5474
vn 0.8487 0.1457 0.5083
vn 0.9337 0.0601 0.3530
vn 0.8787 -0.3004 0.3710
vn 0.9327 -0.3338 0.1365
vn 0.9014 -0.3690 0.2263
vn 0.9352 -0.3207 -0.1504
vn -0.8809 0.1326 0.4543
vn -0.4053 0.6041 0.6861
vn -0.1030 0.7498 0.6536
vn 0.3069 0.7118 0.6318
vn 0.6936 0.4236 0.5826
vn 0.8401 0.3522 0.4126
vn 0.9123 -0.4095 -0.0078
vn -0.5522 0.5592 0.6184
vn -0.7864 0.5502 0.2809
vn -0.4172 0.2433 0.8756
vn -0.6470 0.4992 0.5764
vn -0.0324 0.2438 0.9693
vn 0.5390 0.1166 0.8342
vn 0.2567 0.3275 0.9093
vn 0.8126 -0.0435 0.5813
vn 0.9522 -0.0048 0.3054
vn 0.9700 0.2244 0.0930
vn -0.9396 0.1521 0.3065
vn -0.8805 0.3327 0.3378
vn -0.7875 0.3036 0.5363
vn -0.4778 0.1465 0.8662
vn 0.1010 0.2116 0.9721
vn 0.4142 0.2821 0.8653
vn 0.2901 0.3294 0.8985
vn 0.6496 -0.0461 0.7589
vn 0.8574 -0.3435 0.3832
vn 0.9958 -0.0725 -0.0552
vn -0.6868 -0.3070 0.6588
vn -0.6982 0.0519 0.7140
vn -0.4083 0.4394 0.8002
vn 0.1645 0.4909 0.8556
vn 0.2971 0.4182 0.8584
vn 0.3517 0.4291 0.8320
vn 0.5774 0.0722 0.8133
vn 0.9424 0.0697 0.3270
vn 0.9704 0.1516 -0.1880
vn -0.4994 -0.5090 0.7011
vn -0.3467 -0.0816 0.9344
vn -0.1959 0.4255 0.8835
vn 0.0536 0.5040 0.8621
vn 0.1204 0.1677 0.9785
vn 0.0721 -0.1688 0.9830
vn 0.5000 0.1139 0.8585
vn 0.8635 0.3666 0.3463
vn 0.9007 0.3913 -0.1886
vn -0.9678 0.2406 -0.0742
vn -0.1955 -0.2693 0.9430
vn -0.7485 -0.1661 0.6420
vn -0.0628 -0.3066 0.9498
vn -0.0582 -0.4792 0.8758
vn -0.1652 -0.5706 0.8044
vn -0.1259 -0.6703 0.7313
vn 0.5779 -0.0308 0.8155
vn 0.8169 0.5680 0.1005
vn -0.8816 0.3642 -0.3001
vn -0.9290 -0.0104 0.3700
vn -0.0639 -0.7263 0.6844
vn -0.4414 -0.5446 0.7131
vn -0.1049 -0.7543 0.6481
vn 0.0074 -0.7039 0.7102
vn 0.3333 -0.3459 0.8771
vn 0.8772 0.3099 0.3667
vn 0.9264 0.3735 0.0476
vn -0.9786 0.2032 0.0334
vn -0.9242 0.2725 -0.2676
vn -0.1722 -0.3476 0.9217
vn -0.6714 -0.2063 0.7118
vn -0.0421 -0.3511 0.9354
vn 0.1869 -0.2262 0.9560
vn 0.5995 -0.0136 0.8002
vn 0.9266 0.1059 0.3609
vn 0.9947 0.0895 0.0502
vn -0.9601 0.2391 -0.1453
vn -0.9917 0.1088 -0.0682
vn -0.8004 -0.0401 0.5981
vn -0.2106 -0.2379 0.9482
vn 0.0006 -0.2156 0.9765
vn 0.2895 -0.1332 0.9479
vn 0.6760 0.0227 0.7366
vn 0.9167 0.1306 0.3776
vn 0.9891 0.0860 0.1197
vn -0.9827 0.1471 -0.1126
vn -0.9041 0.0604 0.4231
vn -0.2744 -0.2031 0.9399
vn 0.0483 -0.1983 0.9790
vn 0.3655 -0.1050 0.9249
vn 0.7324 0.0389 0.6798
vn 0.9176 0.1297 0.3758
vn 0.9750 0.1110 0.1925
vn -0.9990 0.0052 0.0436
vn -0.9464 -0.1731 0.2728
vn -0.9495 0.0775 0.3039
vn -0.3929 -0.1553 0.9064
vn 0.0908 -0.1733 0.9807
vn 0.4337 -0.0802 0.8975
vn 0.7742 0.0438 0.6314
vn 0.9216 0.1120 0.3716
vn 0.9663 0.1032 0.2357
vn -0.9710 -0.1132 0.2104
vn -0.9148 -0.2204 0.3384
vn -0.9648 0.0187 0.2624
vn -0.5108 -0.1184 0.8515
vn 0.1252 -0.1500 0.9807
vn 0.4895 -0.0623 0.8698
vn 0.8007 0.0381 0.5979
vn 0.9236 0.0826 0.3743
vn 0.9617 0.0759 0.2635
vn -0.9303 -0.1728 0.3236
vn -0.9480 -0.0627 0.3120
vn -0.5886 -0.0767 0.8048
vn 0.1355 -0.1255 0.9828
vn 0.5306 -0.0533 0.8459
vn 0.8137 0.0262 0.5807
vn 0.9222 0.0525 0.3831
vn 0.9583 0.0495 0.2814
vn 0.9894 0.0614 0.1319
vn -0.9025 -0.1746 0.3936
vn -0.9174 -0.0970 0.3861
vn -0.6190 -0.0662 0.7826
vn 0.1021 -0.1000 0.9897
vn 0.5577 -0.0542 0.8283
vn 0.8187 0.0090 0.5741
vn 0.9178 0.0256 0.3963
vn 0.9567 0.0274 0.2898
vn -0.8619 -0.1970 0.4673
vn -0.9073 -0.2320 0.3506
vn -0.8871 -0.0997 0.4507
vn -0.6385 -0.0600 0.7673
vn 0.0521 -0.0868 0.9949
vn 0.5669 -0.0553 0.8219
vn 0.8182 -0.0088 0.5748
vn 0.9117 0.0003 0.4109
vn 0.9574 0.0079 0.2886
vn 0.9950 0.0575 0.0819
vn -0.8189 -0.2287 0.5264
vn -0.9252 -0.2310 0.3009
vn -0.8384 -0.1379 0.5273
vn -0.6467 -0.0642 0.7600
vn -0.0022 -0.0721 0.9974
vn 0.5598 -0.0556 0.8268
vn 0.8118 -0.0252 0.5834
vn 0.9032 -0.0247 0.4284
vn 0.9600 -0.0128 0.2796
vn -0.7884 -0.2142 0.5767
vn -0.9427 -0.2120 0.2577
vn -0.7815 -0.1522 0.6050
vn -0.6342 -0.0719 0.7698
vn -0.0571 -0.0627 0.9964
vn 0.5355 -0.0552 0.8427
vn 0.7985 -0.0413 0.6006
vn 0.8906 -0.0505 0.4520
vn 0.9668 -0.0265 0.2541
vn 0.9873 0.1244 -0.0991
vn -0.8010 -0.1485 0.5800
vn -0.9584 -0.0742 0.2757
vn -0.7379 -0.1317 0.6619
vn -0.6151 -0.0659 0.7857
vn -0.1110 -0.0521 0.9925
vn 0.4979 -0.0540 0.8655
vn 0.7766 -0.0546 0.6276
vn 0.8763 -0.0694 0.4768
vn 0.9856 0.0161 0.1681
vn 0.9104 0.2897 -0.2954
vn -0.8408 -0.1134 0.5294
vn -0.7099 -0.1235 0.6934
vn -0.5931 -0.0694 0.8021
vn -0.1619 -0.0425 0.9859
vn 0.4479 -0.0482 0.8928
vn 0.7453 -0.0619 0.6638
vn 0.8734 -0.0683 0.4821
vn 0.9979 0.0631 0.0153
vn 0.8756 0.2730 -0.3986
vn -0.8698 -0.1121 0.4805
vn -0.6992 -0.1225 0.7044
vn -0.5677 -0.0802 0.8193
vn -0.1994 -0.0393 0.9791
vn 0.3893 -0.0419 0.9202
vn 0.7073 -0.0630 0.7041
vn 0.8940 -0.0444 0.4458
vn 0.9906 0.1197 -0.0661
vn -0.8636 -0.1322 0.4866
vn -0.7019 -0.1178 0.7025
vn -0.5414 -0.0878 0.8361
vn -0.2209 -0.0389 0.9745
vn 0.3268 -0.0341 0.9445
vn 0.6673 -0.0591 0.7425
vn 0.9243 -0.0265 0.3807
vn 0.9960 0.0838 -0.0301
vn 0.9789 -0.1605 -0.1263
vn -0.8419 -0.1753 0.5104
vn -0.7060 -0.1400 0.6942
vn -0.5202 -0.1046 0.8476
vn -0.2288 -0.0446 0.9725
vn 0.2660 -0.0281 0.9636
vn 0.6347 -0.0441 0.7715
vn 0.9254 -0.0288 0.3778
vn 0.9969 -0.0131 0.0780
vn -0.8380 -0.2231 0.4981
vn -0.9375 -0.2023 0.2833
vn -0.6969 -0.2007 0.6885
vn -0.5004 -0.1650 0.8499
vn -0.2202 -0.1025 0.9701
vn 0.2154 -0.0571 0.9749
vn 0.6224 -0.0404 0.7816
vn 0.8990 0.0133 0.4378
vn 0.9923 -0.0373 0.1184
vn 0.9990 0.0142 -0.0413
vn -0.8283 -0.3192 0.4605
vn -0.9496 -0.2544 0.1834
vn -0.6807 -0.2804 0.6767
vn -0.4894 -0.2138 0.8455
vn -0.2133 -0.1579 0.9641
vn 0.1878 -0.1204 0.9748
vn 0.6147 -0.0968 0.7828
vn 0.8857 -0.0405 0.4625
vn 0.9919 -0.0534 0.1156
vn 0.9888 0.0439 -0.1430
vn -0.8496 -0.3668 0.3790
vn -0.9494 -0.3025 0.0846
vn -0.6491 -0.3844 0.6564
vn -0.4460 -0.3002 0.8432
vn -0.1979 -0.1891 0.9618
vn 0.1617 -0.1169 0.9799
vn 0.5905 -0.0975 0.8011
vn 0.8763 -0.0855 0.4740
vn 0.9881 -0.0932 0.1224
vn -0.6808 -0.7062 0.1945
vn 0.0141 -0.9999 -0.0063
vn -0.5892 -0.5521 0.5899
vn -0.3979 -0.3421 0.8512
vn -0.1682 -0.2124 0.9626
vn 0.1452 -0.1331 0.9804
vn 0.5642 -0.0784 0.8219
vn 0.8642 -0.0602 0.4996
vn 0.9882 -0.0722 0.1350
vn 0.9819 -0.0659 -0.1773
vn 0.9846 -0.0351 -0.1714
vn 0.9934 -0.0451 0.1052
vn 0.9934 0.0636 0.0957
vn 0.9960 0.0075 0.0892
vn 0.9862 0.0182 -0.1646
vn 0.9874 0.1126 0.1107
vn 0.9832 0.1329 0.1250
vn 0.9870 0.1000 -0.1261
vn 0.9804 0.1532 0.1237
vn 0.9793 0.1579 0.1264
vn 0.9842 0.1455 -0.1009
vn 0.9784 0.1592 0.1316
vn 0.9763 0.1676 0.1372
vn 0.9868 0.1557 -0.0438
vn 0.9783 0.1444 0.1484
vn 0.8989 -0.0301 0.4371
vn 0.9216 0.0306 0.3869
vn 0.9258 0.1014 0.3641
vn 0.9206 0.1358 0.3661
vn 0.9202 0.1392 0.3658
vn 0.9200 0.1480 0.3628
vn 0.9211 0.1591 0.3554
vn 0.9205 0.1583 0.3574
vn 0.9173 0.1673 0.3613
vn 0.9122 0.1535 0.3798
vn 0.6837 -0.0264 0.7293
vn 0.7496 0.0409 0.6606
vn 0.7742 0.1031 0.6245
vn 0.7817 0.1256 0.6108
vn 0.7759 0.1371 0.6158
vn 0.7761 0.1347 0.6160
vn 0.7828 0.1419 0.6059
vn 0.7873 0.1428 0.5998
vn 0.7862 0.1605 0.5968
vn 0.7771 0.1675 0.6067
vn 0.3202 -0.0716 0.9446
vn 0.4577 0.0304 0.8886
vn 0.5098 0.0915 0.8554
vn 0.5063 0.1121 0.8550
vn 0.4972 0.1161 0.8598
vn 0.5325 0.0957 0.8410
vn 0.5142 0.0959 0.8523
vn 0.5596 0.1034 0.8223
vn 0.5780 0.1318 0.8053
vn 0.5846 0.1616 0.7951
vn -0.0063 -0.1114 0.9938
vn 0.1333 0.0047 0.9911
vn 0.2054 0.0837 0.9751
vn 0.2283 0.0768 0.9705
vn 0.2624 0.0628 0.9629
vn 0.3435 0.0437 0.9381
vn 0.3107 0.0436 0.9495
vn 0.3697 0.0366 0.9284
vn 0.3980 0.0721 0.9146
vn 0.4217 0.1308 0.8972
vn -0.2026 -0.2230 0.9535
vn -0.0570 -0.0819 0.9950
vn 0.0355 0.0069 0.9993
vn 0.1249 -0.0145 0.9921
vn 0.2062 -0.0239 0.9782
vn 0.2919 0.0075 0.9564
vn 0.2637 -0.0260 0.9643
vn 0.3079 0.0131 0.9513
vn 0.3108 0.0431 0.9495
vn 0.3147 0.1012 0.9438
vn -0.3439 -0.5142 0.7857
vn -0.1235 -0.2779 0.9526
vn 0.0237 -0.1332 0.9908
vn 0.1328 -0.1319 0.9823
vn 0.2011 -0.1158 0.9727
vn 0.2258 -0.0139 0.9741
vn 0.2264 -0.0571 0.9724
vn 0.2217 0.0040 0.9751
vn 0.2132 0.0446 0.9760
vn 0.2005 0.0925 0.9753
vn -0.3809 -0.8393 0.3878
vn -0.1797 -0.5782 0.7959
vn -0.0183 -0.3173 0.9481
vn 0.0772 -0.2415 0.9673
vn 0.1495 -0.1799 0.9722
vn 0.1437 -0.0009 0.9896
vn 0.1574 -0.0566 0.9859
vn 0.1232 0.0211 0.9922
vn 0.1044 0.0578 0.9929
vn 0.0896 0.0976 0.9912
vn 0.0239 -0.9989 0.0411
vn 0.0164 -0.0409 0.9990
vn 0.0042 0.1045 0.9945
vn 0.9299 -0.3568 0.0889
vn 0.9393 -0.3209 -0.1210
vn 0.9528 -0.1496 -0.2642
vn 0.9164 -0.3325 -0.2229
vn 0.8282 -0.0482 -0.5583
vn 0.8896 -0.2004 -0.4104
vn 0.3612 -0.1348 -0.9227
vn 0.8037 -0.0590 -0.5921
vn -0.2637 -0.1547 -0.9521
vn 0.3843 -0.0946 -0.9184
vn -0.7002 -0.1385 -0.7004
vn -0.2604 -0.1048 -0.9598
vn -0.7547 -0.0794 -0.6513
vn -0.8760 -0.2230 -0.4276
vn -0.9431 -0.1520 -0.2956
vn -0.9259 -0.3334 -0.1777
vn -0.9218 -0.3775 -0.0882
vn 0.9376 -0.3402 -0.0722
vn 0.8794 -0.3525 -0.3201
vn 0.5644 -0.2232 -0.7947
vn 0.3095 0.0301 -0.9504
vn -0.0996 0.0889 -0.9910
vn -0.7463 -0.2799 -0.6039
vn -0.9288 -0.1933 -0.3161
vn 0.9517 -0.2743 -0.1380
vn 0.6925 -0.3428 -0.6347
vn 0.8644 -0.3051 -0.3996
vn 0.6684 -0.2787 -0.6896
vn 0.1059 0.1531 -0.9825
vn 0.3730 -0.1463 -0.9162
vn -0.0932 0.2518 -0.9633
vn -0.4676 -0.0319 -0.8833
vn -0.2018 0.1325 -0.9704
vn -0.9753 -0.0594 -0.2127
vn -0.6426 -0.1985 -0.7401
vn -0.9849 0.1065 -0.1365
vn 0.9561 0.0805 0.2816
vn 0.9780 -0.1820 -0.1016
vn 0.8463 -0.2826 -0.4515
vn 0.1762 0.0243 -0.9841
vn 0.5557 -0.2123 -0.8038
vn -0.0350 0.1350 -0.9902
vn -0.0859 0.0873 -0.9925
vn -0.0805 0.1045 -0.9913
vn -0.5882 0.0775 -0.8050
vn -0.9504 -0.1207 -0.2868
vn 0.8724 0.3896 0.2952
vn 0.9997 0.0225 0.0083
vn 0.3897 -0.1236 -0.9126
vn 0.8260 -0.2254 -0.5166
vn 0.0528 0.0241 -0.9983
vn 0.0387 -0.0105 -0.9992
vn 0.0020 -0.1058 -0.9944
vn -0.1473 -0.1334 -0.9800
vn -0.4678 -0.0403 -0.8829
vn -0.9019 -0.1993 -0.3833
vn 0.6934 0.5274 0.4909
vn 0.9722 0.1328 0.1927
vn 0.2927 -0.1144 -0.9493
vn 0.8188 -0.1348 -0.5581
vn 0.0511 -0.1396 -0.9889
vn 0.0836 -0.1588 -0.9838
vn 0.0437 -0.1304 -0.9905
vn -0.1963 -0.1042 -0.9750
vn -0.5314 0.0463 -0.8458
vn -0.8540 0.1303 -0.5037
vn -0.9244 -0.3813 -0.0009
vn 0.9264 0.1130 0.3592
vn 0.8754 0.1196 -0.4684
vn 0.3638 -0.0703 -0.9288
vn 0.1045 -0.2202 -0.9698
vn 0.0499 -0.2244 -0.9732
vn -0.0247 -0.1482 -0.9887
vn -0.2744 -0.0529 -0.9602
vn -0.6382 0.0810 -0.7656
vn -0.8585 0.2512 -0.4471
vn -0.9275 0.3692 -0.0579
vn 0.9651 -0.0849 0.2478
vn 0.6324 -0.3989 0.6640
vn 0.8322 0.2604 -0.4896
vn 0.4847 0.2073 -0.8497
vn 0.2518 -0.0906 -0.9635
vn 0.0057 -0.1741 -0.9847
vn -0.1093 -0.0987 -0.9891
vn -0.3520 -0.0120 -0.9359
vn -0.7122 0.0866 -0.6966
vn -0.9261 0.1883 -0.3269
vn -0.9597 0.2731 -0.0659
vn 0.9817 0.1872 -0.0351
vn 0.8003 -0.2754 0.5326
vn 0.7442 0.4330 -0.5086
vn 0.6378 0.2703 -0.7213
vn 0.0157 -0.0763 -0.9970
vn 0.4356 0.1104 -0.8934
vn -0.1848 -0.0554 -0.9812
vn -0.4076 0.0184 -0.9130
vn -0.7695 0.1061 -0.6298
vn -0.9405 0.2125 -0.2652
vn 0.9196 0.2723 -0.2833
vn 0.8116 0.2841 -0.5104
vn 0.7860 0.1387 -0.6025
vn 0.5439 0.0601 -0.8370
vn -0.2578 -0.0335 -0.9656
vn 0.1797 -0.0436 -0.9827
vn -0.4572 0.0386 -0.8885
vn -0.8254 0.1196 -0.5518
vn -0.9565 0.2183 -0.1936
vn 0.9087 0.2758 -0.3135
vn 0.9926 0.0854 0.0858
vn 0.9455 0.0779 -0.3161
vn 0.8686 -0.0563 -0.4924
vn 0.5555 -0.0471 -0.8302
vn 0.1710 0.0584 -0.9835
vn -0.2453 0.0374 -0.9687
vn -0.5084 0.0608 -0.8590
vn -0.8555 0.1146 -0.5049
vn -0.9808 0.1296 -0.1458
vn 0.9506 0.1523 -0.2704
vn 0.9915 0.0952 -0.0886
vn 0.9937 0.0370 -0.1055
vn 0.8913 -0.0339 -0.4522
vn 0.5461 0.0169 -0.8375
vn 0.1635 0.0806 -0.9832
vn -0.2069 0.0720 -0.9757
vn -0.5376 0.0983 -0.8374
vn -0.8529 0.1378 -0.5035
vn -0.9851 0.0876 -0.1482
vn -0.9929 0.1036 -0.0576
vn 0.9834 0.0301 -0.1791
vn 0.9995 -0.0140 -0.0292
vn 0.9091 -0.0271 -0.4158
vn 0.5406 0.0369 -0.8405
vn 0.1763 0.0689 -0.9819
vn -0.1879 0.0725 -0.9795
vn -0.5664 0.1150 -0.8161
vn -0.8539 0.1557 -0.4966
vn -0.9794 0.1150 -0.1660
vn 0.9831 -0.1608 -0.0877
vn 0.9850 -0.1687 -0.0372
vn 0.9091 -0.0395 -0.4146
vn 0.5433 0.0605 -0.8373
vn 0.2076 0.0609 -0.9763
vn -0.1839 0.0678 -0.9806
vn -0.5971 0.1267 -0.7921
vn -0.8563 0.1656 -0.4893
vn -0.9745 0.1265 -0.1851
vn -0.9942 0.1056 0.0185
vn 0.9531 -0.3008 0.0328
vn 0.9838 -0.1793 0.0061
vn 0.9533 -0.2656 -0.1437
vn 0.8613 -0.0178 -0.5078
vn 0.5532 0.1019 -0.8268
vn 0.2636 0.0654 -0.9624
vn -0.1854 0.0664 -0.9804
vn -0.6347 0.1344 -0.7610
vn -0.8591 0.1810 -0.4788
vn -0.9659 0.1466 -0.2135
vn 0.9476 -0.3147 0.0545
vn 0.9338 -0.1348 -0.3315
vn 0.7678 0.1675 -0.6184
vn 0.5919 0.2179 -0.7760
vn 0.3600 0.1123 -0.9262
vn -0.1870 0.0720 -0.9797
vn -0.6796 0.1630 -0.7152
vn -0.8604 0.2214 -0.4590
vn -0.9531 0.1739 -0.2476
vn -0.9949 0.0994 0.0156
vn 0.9690 -0.2423 -0.0478
vn 0.8643 0.0312 -0.5020
vn 0.6425 0.2071 -0.7377
vn 0.6391 0.2819 -0.7156
vn 0.5213 0.2050 -0.8284
vn -0.1833 0.1412 -0.9729
vn -0.7372 0.2925 -0.6091
vn -0.8320 0.3802 -0.4039
vn -0.9060 0.2901 -0.3081
vn -0.9931 0.1131 -0.0299
vn 0.9719 -0.1567 -0.1756
vn 0.9113 -0.2331 0.3395
vn 0.7964 0.0397 -0.6034
vn 0.6656 0.0075 -0.7463
vn 0.6452 -0.0609 -0.7616
vn 0.5747 0.0369 -0.8175
vn -0.1176 0.1842 -0.9758
vn -0.8435 0.1357 -0.5198
vn -0.8901 0.3082 -0.3358
vn -0.7920 0.4589 -0.4025
vn -0.9529 0.2593 -0.1575
vn 0.9616 -0.2429 -0.1277
vn 0.9078 -0.2317 0.3496
vn 0.7871 -0.2755 -0.5519
vn 0.7391 -0.3452 -0.5784
vn 0.5961 -0.2678 -0.7569
vn 0.3856 0.1558 -0.9094
vn -0.0310 0.4435 -0.8957
vn -0.7594 0.1159 -0.6402
vn -0.9707 -0.1162 -0.2102
vn -0.9217 0.2230 -0.3175
vn -0.8752 0.3512 -0.3328
vn 0.9897 -0.1427 -0.0080
vn 0.8249 -0.4190 -0.3794
vn 0.6647 -0.3762 -0.6454
vn 0.4373 0.0086 -0.8993
vn 0.0939 0.3103 -0.9460
vn -0.0583 0.6387 -0.7672
vn -0.3782 0.6899 -0.6172
vn -0.9259 0.0780 -0.3696
vn -0.9917 -0.1138 -0.0599
vn -0.9128 0.2093 -0.3508
vn 0.9965 -0.0363 0.0756
vn 0.9543 -0.0848 0.2866
vn 0.9585 -0.1438 -0.2460
vn 0.6189 -0.2153 -0.7554
vn 0.2413 0.0031 -0.9704
vn 0.0734 0.1609 -0.9842
vn -0.2973 0.1186 -0.9474
vn -0.3499 0.3036 -0.8862
vn -0.9931 -0.0972 -0.0661
vn -0.7607 0.3047 -0.5731
vn -0.9858 0.0119 -0.1677
vn 0.9856 -0.1389 0.0963
vn 0.9550 -0.0908 -0.2825
vn 0.6794 0.0483 -0.7321
vn 0.2575 -0.1462 -0.9552
vn 0.0936 -0.2001 -0.9753
vn -0.2397 -0.1120 -0.9644
vn -0.6115 -0.0066 -0.7912
vn -0.7606 0.2396 -0.6034
vn -0.9847 -0.1616 0.0649
vn -0.9415 0.0175 -0.3365
vn 0.9851 -0.1413 0.0976
vn 0.9287 -0.1128 -0.3532
vn 0.6541 -0.0332 -0.7557
vn 0.4222 -0.0460 -0.9053
vn 0.0987 -0.1301 -0.9866
vn -0.2591 -0.1043 -0.9602
vn -0.6453 -0.0766 -0.7601
vn -0.8100 -0.0881 -0.5798
vn -0.9194 -0.0272 -0.3923
vn 0.9921 -0.1166 0.0463
vn 0.9440 -0.2001 0.2623
vn 0.9362 -0.0597 -0.3463
vn 0.6686 -0.1256 -0.7329
vn 0.4555 -0.1287 -0.8809
vn 0.1304 -0.1087 -0.9855
vn -0.2575 -0.0904 -0.9620
vn -0.6294 -0.0611 -0.7747
vn -0.8234 -0.0087 -0.5675
vn -0.8951 0.0837 -0.4380
vn -0.9998 0.0215 0.0014
vn 0.9830 -0.1824 -0.0204
vn 0.9510 -0.2524 0.1785
vn 0.9334 -0.1468 -0.3273
vn 0.7127 -0.1658 -0.6816
vn 0.4554 -0.1529 -0.8770
vn 0.1399 -0.1249 -0.9823
vn -0.2384 -0.0989 -0.9661
vn -0.6250 -0.0793 -0.7766
vn -0.8497 -0.0487 -0.5250
vn -0.9280 0.0233 -0.3718
vn -0.9907 0.0630 -0.1203
vn 0.9834 -0.1775 -0.0364
vn 0.9525 -0.2950 0.0753
vn 0.9345 -0.2127 -0.2854
vn 0.7264 -0.2796 -0.6278
vn 0.4399 -0.2647 -0.8581
vn 0.1531 -0.2018 -0.9674
vn -0.2238 -0.1648 -0.9606
vn -0.6052 -0.1024 -0.7895
vn -0.8345 -0.0790 -0.5453
vn -0.9266 -0.0956 -0.3636
vn -0.9842 -0.0805 -0.1575
vn 0.8694 -0.4874 -0.0816
vn 0.0145 -0.9999 -0.0038
vn 0.9478 -0.1967 -0.2510
vn 0.7779 -0.2548 -0.5744
vn 0.4460 -0.3349 -0.8300
vn 0.1495 -0.3035 -0.9410
vn -0.2032 -0.2416 -0.9489
vn -0.6102 -0.1420 -0.7794
vn -0.8224 -0.0990 -0.5602
vn -0.9223 -0.0924 -0.3752
vn -0.9859 -0.0848 -0.1440
vn -0.9913 -0.0536 -0.1206
vn -0.9299 -0.1019 -0.3535
vn -0.9933 0.0133 -0.1152
vn -0.9363 -0.0689 -0.3443
vn -0.9416 0.0034 -0.3368
vn -0.9864 0.1154 -0.1175
vn -0.9444 0.0483 -0.3253
vn -0.9828 0.1495 -0.1082
vn -0.9462 0.0856 -0.3121
vn -0.9817 0.1664 -0.0928
vn -0.9510 0.1128 -0.2878
vn -0.9833 0.1691 -0.0666
vn -0.9582 0.1286 -0.2556
vn -0.9699 0.1235 -0.2100
vn -0.9830 0.1179 -0.1406
vn -0.9768 0.1284 -0.1713
vn -0.8393 -0.1023 -0.5340
vn -0.8550 -0.0727 -0.5135
vn -0.8722 -0.0222 -0.4886
vn -0.8874 0.0205 -0.4606
vn -0.8989 0.0440 -0.4360
vn -0.9139 0.0660 -0.4006
vn -0.9250 0.0846 -0.3704
vn -0.9502 0.0993 -0.2955
vn -0.9385 0.0796 -0.3361
vn -0.9579 0.1066 -0.2666
vn -0.7155 -0.1099 -0.6899
vn -0.7678 -0.0918 -0.6341
vn -0.8032 -0.0570 -0.5929
vn -0.8272 -0.0221 -0.5614
vn -0.8568 -0.0116 -0.5155
vn -0.8701 0.0272 -0.4922
vn -0.8799 0.0475 -0.4727
vn -0.9001 0.0772 -0.4289
vn -0.8922 0.0467 -0.4492
vn -0.9012 0.1070 -0.4200
vn -0.4096 -0.1903 -0.8922
vn -0.5762 -0.1520 -0.8030
vn -0.6891 -0.1128 -0.7158
vn -0.7546 -0.0774 -0.6516
vn -0.7760 -0.0586 -0.6280
vn -0.7921 -0.0097 -0.6103
vn -0.8041 0.0179 -0.5943
vn -0.8007 0.0382 -0.5978
vn -0.7674 0.1470 -0.6241
vn -0.7991 0.0830 -0.5954
vn -0.0424 -0.2924 -0.9553
vn -0.2622 -0.2449 -0.9334
vn -0.4417 -0.2157 -0.8709
vn -0.5688 -0.1672 -0.8053
vn -0.6310 -0.1031 -0.7689
vn -0.6587 -0.0607 -0.7499
vn -0.6566 0.0132 -0.7541
vn -0.6431 0.0503 -0.7642
vn -0.5876 0.1381 -0.7973
vn 0.2513 -0.3387 -0.9067
vn 0.0549 -0.3243 -0.9444
vn -0.1674 -0.3126 -0.9350
vn -0.3331 -0.2752 -0.9018
vn -0.4359 -0.1906 -0.8796
vn -0.4750 -0.0924 -0.8751
vn -0.4737 0.0072 -0.8807
vn -0.4311 0.1066 -0.8960
vn -0.5207 0.2168 -0.8258
vn -0.3424 0.2165 -0.9143
vn 0.5577 -0.3386 -0.7579
vn 0.3066 -0.3832 -0.8713
vn 0.1031 -0.4074 -0.9074
vn -0.0732 -0.3906 -0.9177
vn -0.1956 -0.2756 -0.9412
vn -0.2470 -0.1282 -0.9605
vn -0.2403 0.0162 -0.9706
vn -0.2019 0.1601 -0.9662
vn -0.3097 0.2499 -0.9174
vn -0.1865 0.2383 -0.9531
vn 0.7981 -0.3850 -0.4636
vn 0.4918 -0.5313 -0.6898
vn 0.2008 -0.5230 -0.8284
vn 0.0785 -0.4680 -0.8802
vn 0.0096 -0.3493 -0.9369
vn -0.0391 -0.1637 -0.9857
vn -0.0492 0.0217 -0.9986
vn -0.0566 0.1535 -0.9865
vn -0.1713 0.2707 -0.9473
vn -0.0744 0.2329 -0.9696
vn 0.7860 -0.5848 -0.2004
vn 0.5125 -0.7587 -0.4022
vn 0.2280 -0.6981 -0.6787
vn 0.0775 -0.5325 -0.8429
vn 0.0453 -0.3851 -0.9218
vn 0.0334 -0.1938 -0.9805
vn 0.0160 0.0048 -0.9999
vn 0.0001 0.1366 -0.9906
vn -0.0563 0.2966 -0.9533
vn -0.0054 0.2326 -0.9726
vn 0.0385 -0.9944 -0.0984
vn -0.0025 -0.8649 -0.5020
vn 0.0096 -0.6125 -0.7904
vn 0.0037 0.3086 -0.9512
vn 0.9754 0.1201 0.1846
vn 0.9944 0.1053 0.0086
vn 0.6652 0.7278 0.1670
vn 0.8979 0.1328 0.4196
vn 0.4940 0.7189 0.4890
vn 0.7532 0.1416 0.6424
vn 0.5663 0.1499 0.8105
vn 0.3540 0.7186 0.5985
vn 0.4239 0.1462 0.8938
vn 0.1924 0.7151 0.6720
vn 0.3296 0.1353 0.9344
vn 0.1202 0.6965 0.7074
vn 0.2035 0.1159 0.9722
vn 0.0846 0.1138 0.9899
vn 0.0018 0.7024 0.7118
vn 0.0024 0.1111 0.9938
vn -0.6795 0.7316 -0.0560
vn -0.9887 0.0917 -0.1183
vn -0.6765 0.7205 -0.1524
vn -0.9588 0.0913 -0.2689
vn -0.8882 0.1192 -0.4437
vn -0.6450 0.7175 -0.2630
vn -0.7131 0.1757 -0.6787
vn -0.5293 0.7296 -0.4331
vn -0.4556 0.2400 -0.8572
vn -0.3364 0.7602 -0.5558
vn -0.2493 0.2660 -0.9312
vn -0.1908 0.7706 -0.6080
vn -0.0954 0.3019 -0.9486
vn -0.0855 0.7904 -0.6065
vn -0.0132 0.3233 -0.9462
vn -0.0325 0.8062 -0.5907
vn 0.0166 0.3271 -0.9448
vn -0.0031 0.8143 -0.5804
vn -0.0011 0.3250 -0.9457
vn -0.5293 0.7295 -0.4331
vn 0.4430 0.8347 0.3273
vn 0.3118 0.8488 0.4270
vn -0.0382 0.7097 0.7035
vn 0.1537 0.8388 -0.5223
vn 0.1924 0.7150 0.6721
vn -0.3014 0.8340 -0.4622
vn -0.2445 0.8338 -0.4950
vn -0.5919 0.7264 0.3492
vn 0.5451 0.8353 -0.0717
vn -0.6585 0.7290 0.1872
vn 0.1845 0.7741 -0.6056
vn -0.1947 0.8271 0.5272
vn 0.3063 0.7600 -0.5732
vn -0.3365 0.7602 -0.5558
vn 0.1986 0.8307 0.5200
vn 0.0019 0.7024 0.7118
vn 0.0663 0.8317 -0.5513
vn 0.1202 0.6964 0.7075
vn -0.1541 0.8399 -0.5205
vn -0.4730 0.7233 0.5031
vn 0.5078 0.8414 -0.1849
vn 0.0766 0.7899 -0.6085
vn -0.0830 0.8191 0.5676
vn 0.6788 0.7334 0.0366
vn -0.5458 0.8360 -0.0561
vn 0.6653 0.7277 0.1670
vn -0.1908 0.7706 -0.6081
vn 0.0870 0.8212 0.5640
vn 0.6791 0.7312 -0.0641
vn -0.5604 0.8274 0.0372
vn 0.0446 0.7093 0.7035
vn -0.0702 0.8324 -0.5497
vn -0.0018 0.8315 -0.5555
vn -0.3315 0.7230 0.6061
vn 0.4427 0.8463 -0.2964
vn -0.0025 0.8033 0.5956
vn 0.6058 0.7243 0.3292
vn -0.5105 0.8434 -0.1674
vn -0.0855 0.7904 -0.6066
vn 0.0038 0.7997 0.6004
vn 0.6726 0.7227 -0.1592
vn -0.5537 0.8242 0.1191
vn -0.6795 0.7315 -0.0560
vn 0.5620 0.8269 0.0192
vn 0.5597 0.8228 0.0980
vn 0.3679 0.8414 -0.3958
vn 0.0399 0.7884 0.6138
vn 0.4941 0.7188 0.4891
vn -0.4488 0.8480 -0.2820
vn -0.0326 0.8062 -0.5908
vn -0.0314 0.7899 0.6124
vn 0.6410 0.7173 -0.2729
vn -0.5117 0.8293 0.2246
vn 0.5206 0.8301 0.1998
vn -0.1765 0.7171 0.6743
vn 0.3007 0.8323 -0.4656
vn 0.0019 0.8175 -0.5759
vn 0.0379 0.7780 0.6271
vn 0.3540 0.7186 0.5986
vn -0.3696 0.8443 -0.3879
vn -0.0277 0.7794 0.6259
vn 0.0051 0.7743 0.6328
vn 0.4992 0.7428 -0.4463
vn -0.4199 0.8322 0.3622
vn -0.6451 0.7175 -0.2629
vn 0.2446 0.8328 -0.4966
vn 0.2516 0.7216 0.6449
vn -0.6781 0.7334 0.0477
vn -0.2949 0.8494 0.4376
vn 0.5774 0.8100 0.1028
vn -0.1011 0.7431 0.6616
vn 0.5511 0.8048 -0.2202
vn 0.5551 0.8042 0.2126
vn -0.0107 0.7408 0.6716
vn 0.4758 0.8052 -0.3539
vn 0.4975 0.7930 0.3515
vn 0.0349 0.7408 0.6708
vn 0.3765 0.8139 -0.4425
vn 0.4000 0.7582 0.5150
vn 0.0349 0.7436 0.6677
vn 0.2988 0.8252 -0.4794
vn 0.2400 0.7547 0.6105
vn -0.5854 0.8100 0.0342
vn -0.5861 0.8072 -0.0698
vn 0.2421 0.8263 -0.5086
vn 0.1063 0.7413 0.6627
vn -0.5564 0.8061 -0.2014
vn 0.1524 0.8241 -0.5456
vn 0.0142 0.7421 0.6702
vn -0.4839 0.8076 -0.3369
vn 0.0648 0.8299 -0.5541
vn -0.0274 0.7380 0.6742
vn -0.3814 0.8145 -0.4371
vn -0.5728 0.8103 0.1236
vn -0.0247 0.7427 0.6692
vn -0.3000 0.8259 -0.4774
vn -0.5450 0.8044 0.2366
vn 0.0053 0.7448 0.6673
vn -0.2426 0.8273 -0.5066
vn -0.4786 0.7884 0.3865
vn -0.1532 0.8236 -0.5461
vn -0.3800 0.7493 0.5423
vn -0.0685 0.8294 -0.5544
vn 0.5895 0.8076 0.0159
vn -0.0018 0.8313 -0.5558
vn -0.2300 0.7612 0.6064
vn 0.5874 0.8045 -0.0878
vn 0.0024 0.9946 0.1039
vn -0.4757 -0.8725 0.1115
vn 0.6148 -0.7188 0.3246
vn 0.6241 -0.6920 0.3628
vn 0.6848 -0.7287 -0.0067
vn -0.3221 -0.8154 0.4809
vn 0.5918 -0.7669 -0.2481
vn -0.4687 -0.6056 0.6431
vn 0.6828 -0.5666 0.4612
vn -0.6729 -0.4552 0.5831
vn 0.4036 -0.6874 0.6038
vn -0.7063 -0.6650 0.2426
vn -0.6968 -0.5980 0.3961
vn -0.4798 -0.8249 0.2989
vn 0.6358 -0.6843 0.3570
vn -0.4392 -0.7248 0.5309
vn 0.2560 -0.8001 -0.5425
vn 0.1529 -0.8199 0.5517
vn -0.2070 -0.7998 -0.5634
vn 0.2913 -0.2817 0.9142
vn 0.0762 -0.9804 -0.1818
vn -0.3904 -0.9053 -0.1677
vn -0.5672 -0.8231 -0.0277
vn 0.4409 -0.7852 0.4349
vn 0.6940 -0.7188 0.0410
vn -0.5096 -0.7715 0.3808
vn 0.4635 -0.8808 0.0970
vn -0.4227 -0.1754 0.8891
vn 0.4065 -0.7679 0.4951
vn -0.6553 -0.6787 0.3315
vn 0.6137 -0.6997 0.3656
vn -0.1032 -0.8217 0.5605
vn 0.6938 -0.5569 0.4566
vn 0.5111 -0.4806 0.7126
vn 0.7139 -0.6694 0.2057
vn -0.5280 -0.7702 0.3578
vn -0.5759 -0.7648 -0.2888
vn -0.5361 -0.7619 0.3635
vn -0.0188 -0.2186 0.9756
vn 0.5142 -0.8576 -0.0112
vn -0.5284 -0.7386 0.4186
vn 0.5781 -0.7689 -0.2731
vn -0.4844 -0.8617 0.1513
vn 0.5718 -0.7333 0.3679
vn 0.5950 -0.7127 0.3716
vn -0.3571 -0.2926 0.8871
vn -0.0250 -0.9671 -0.2532
vn 0.0106 -0.2731 0.9619
vn 0.4335 -0.8403 0.3257
vn -0.6820 -0.6513 0.3327
vn 0.4508 -0.8821 0.1364
vn -0.5768 -0.7470 -0.3306
vn 0.1017 -0.7898 0.6049
vn 0.3792 -0.7835 0.4923
vn -0.6022 -0.7576 0.2519
vn 0.5787 -0.7073 0.4060
vn 0.6140 -0.4321 0.6606
vn -0.4992 -0.8664 0.0126
vn -0.7626 -0.5002 0.4102
vn -0.4773 -0.7279 0.4923
vn 0.7295 -0.5836 0.3567
vn -0.4403 -0.6468 0.6228
vn -0.2071 -0.7902 0.5768
vn 0.2405 -0.7903 -0.5636
vn 0.3713 -0.7457 0.5532
vn -0.8005 -0.4151 0.4323
vn -0.7193 -0.5939 0.3603
vn -0.5290 -0.4809 0.6992
vn 0.4370 -0.8765 -0.2019
vn -0.6744 -0.6733 0.3031
vn -0.6040 -0.7970 -0.0023
vn 0.4498 -0.0183 0.8929
vn 0.6820 -0.6346 0.3636
vn -0.6863 -0.6446 0.3369
vn -0.2052 -0.8055 -0.5560
vn 0.4513 -0.6103 0.6510
vn 0.7342 -0.6493 0.1984
vn -0.4597 -0.7394 0.4919
vn 0.4087 -0.9118 -0.0404
vn 0.0962 -0.9820 -0.1623
vn -0.1564 -0.7543 0.6377
vn 0.6810 -0.6418 0.3528
vn 0.1933 -0.7476 0.6354
vn -0.6404 -0.6984 0.3195
vn 0.5374 -0.7107 0.4540
vn 0.6822 -0.5077 0.5261
vn -0.6815 -0.6345 0.3646
vn 0.6387 -0.6997 0.3201
vn 0.6772 -0.6438 0.3563
vn -0.7226 -0.5618 0.4027
vn 0.6399 -0.6826 0.3528
vn -0.5352 -0.7620 0.3646
vn -0.6842 -0.7113 0.1611
vn 0.6736 -0.6651 0.3223
vn -0.5409 -0.7558 0.3690
vn -0.2968 -0.9426 -0.1532
vn 0.6888 -0.7137 0.1274
vn 0.3375 -0.9159 -0.2174
vn -0.6091 -0.6607 0.4387
vn -0.0473 -0.9587 -0.2806
vn -0.7003 -0.6497 0.2956
vn 0.5923 -0.7141 0.3732
vn 0.6782 -0.6374 0.3658
vn -0.3766 -0.9157 -0.1398
vn -0.7072 -0.6327 0.3156
vn 0.6307 -0.6955 0.3442
vn -0.7494 -0.6204 0.2311
vn -0.7317 -0.6116 0.3009
vn 0.4976 -0.6944 0.5197
vn -0.8094 -0.3593 0.4645
vn 0.7394 -0.5743 0.3515
vn 0.1435 -0.7139 0.6853
vn -0.7622 -0.5319 0.3689
vn 0.7666 -0.5477 0.3353
vn -0.2512 -0.7028 0.6656
vn 0.0728 -0.8851 0.4596
vn -0.0873 -0.8798 0.4672
vn -0.4843 -0.8617 0.1513
vn -0.9710 -0.2382 -0.0216
vn -0.6040 -0.7970 -0.0022
vn -0.2051 -0.8055 -0.5559
vn 0.2405 -0.7903 -0.5635
vn 0.4508 -0.8822 0.1363
vn 0.4334 -0.8403 0.3257
vn 0.3712 -0.7458 0.5532
vn -0.4772 -0.7279 0.4923
vn -0.6021 -0.7576 0.2520
vn -0.4402 -0.6468 0.6228
vn -0.5289 -0.4810 0.6992
vn 0.0107 -0.2732 0.9619
vn 0.4497 -0.0183 0.8930
vn 0.4513 -0.6103 0.6511
vn 0.3712 -0.7458 0.5531
vn 0.4036 -0.6875 0.6038
vn 0.5110 -0.4806 0.7127
vn 0.2911 -0.2817 0.9143
vn -0.0187 -0.2187 0.9756
vn -0.4391 -0.7247 0.5310
vn 0.6940 -0.7188 0.0411
vn 0.7138 -0.6694 0.2057
vn 0.5918 -0.7670 -0.2480
vn -0.2069 -0.7999 -0.5634
vn -0.4757 -0.8725 0.1116
vn -0.4797 -0.8249 0.2989
vn -0.4391 -0.7248 0.5310
vn -0.0002 0.3127 -0.9499
vn -0.9830 0.1178 -0.1406
vn 0.0043 0.1045 0.9945
vn 0.9912 0.1313 -0.0194
vn -0.0002 0.3127 -0.9498
vn -0.3013 0.1059 0.9476
vn -0.4024 0.1429 0.9042
vn -0.9727 0.1510 0.1762
vn 0.9599 -0.0314 -0.2784
vn 0.8826 0.4001 0.2470
vn 0.9561 0.0328 0.2912
vn 0.6824 0.6340 -0.3639
vn 0.8878 0.3291 -0.3217
vn 0.3599 0.9176 0.1688
vn 0.6732 0.7108 0.2042
vn 0.3746 0.8370 -0.3988
vn -0.0097 0.9892 0.1464
vn 0.0120 0.9072 -0.4205
vn -0.3793 0.9145 0.1409
vn -0.6584 0.6282 -0.4145
vn -0.3508 0.8340 -0.4259
vn -0.9020 0.3925 0.1801
vn -0.6927 0.7049 0.1526
vn -0.9360 -0.0393 -0.3499
vn -0.8640 0.3217 -0.3874
vn -0.8639 -0.3999 -0.3063
vn -0.9756 0.0244 0.2184
vn -0.6926 -0.6532 0.3059
vn -0.9019 -0.3426 0.2630
vn -0.3508 -0.9079 -0.2295
vn -0.6584 -0.7049 -0.2641
vn 0.0119 -0.9781 -0.2077
vn -0.3793 -0.8601 0.3411
vn 0.3746 -0.9049 -0.2022
vn -0.0097 -0.9316 0.3634
vn 0.6824 -0.6991 -0.2135
vn 0.3599 -0.8570 0.3688
vn 0.8826 -0.3350 0.3299
vn 0.6732 -0.6474 0.3574
vn 0.8878 -0.3924 -0.2404
vn 0.5622 0.3321 0.7574
vn 0.6107 0.0886 0.7869
vn 0.4233 0.5378 0.7291
vn 0.2157 0.6747 0.7059
vn -0.0291 0.7224 0.6909
vn -0.2740 0.6727 0.6873
vn -0.6201 0.3270 0.7131
vn -0.4814 0.5339 0.6952
vn -0.6686 0.0834 0.7389
vn -0.6200 -0.1599 0.7681
vn -0.4814 -0.3657 0.7965
vn -0.2740 -0.5026 0.8200
vn -0.0291 -0.5500 0.8347
vn 0.2158 -0.5007 0.8383
vn 0.4234 -0.3620 0.8305
vn 0.5622 -0.1551 0.8123
vn -0.0379 0.1119 0.9930
vn -0.0379 0.1120 0.9930
vn -0.0378 0.1120 0.9930
vn -0.7869 0.5226 0.3282
vn 0.1816 0.8742 -0.4504
vn -0.4787 0.7017 -0.5277
vn -0.2400 0.7340 0.6353
vn 0.6667 0.7083 -0.2319
vn -0.8950 0.1463 0.4213
vn -0.2883 0.2550 0.9229
vn 0.4389 0.6144 0.6557
vn -0.9029 0.0701 0.4241
vn 0.5204 0.1171 0.8458
vn 0.5117 0.1966 0.8364
vn -0.2985 0.0364 0.9537
vn -0.2877 0.1386 0.9476
vn 0.5064 0.0441 0.8612
vn -0.9048 0.0100 0.4258
vn -0.2707 -0.3585 0.8934
vn 0.4298 -0.2486 0.8680
vn -0.8349 -0.2606 0.4847
vn -0.0377 -0.9966 0.0736
vn -0.4404 0.4372 0.7841
vn -0.1188 0.9218 -0.3690
vn -0.6433 0.7639 -0.0511
vn 0.2248 0.6932 0.6848
vn 0.4379 0.7335 -0.5198
vn -0.4097 0.0452 0.9111
vn 0.3551 0.2530 0.8999
vn 0.7468 0.6114 0.2617
vn -0.4326 0.0132 0.9015
vn 0.3675 0.1311 0.9207
vn 0.9106 0.2922 0.2924
vn -0.4369 -0.0063 0.8995
vn 0.3557 0.0373 0.9339
vn 0.9290 0.1729 0.3273
vn 0.3181 -0.3114 0.8955
vn 0.8607 -0.1510 0.4862
vn 0.9298 0.0707 0.3611
vn -0.5227 -0.8056 0.2790
vn -0.4119 -0.2682 0.8709
vn 0.0507 -0.9775 0.2049
vn 0.1752 0.5289 -0.8304
vn 0.1873 0.8705 0.4551
vn 0.6389 0.7692 0.0099
vn -0.4446 0.7339 -0.5136
vn -0.2890 0.6436 0.7087
vn 0.0994 0.0632 -0.9930
vn -0.6664 0.2865 -0.6884
vn -0.7965 0.6025 0.0512
vn 0.1415 0.0405 -0.9891
vn -0.7253 0.1739 -0.6662
vn -0.9458 0.2676 0.1842
vn 0.1109 0.0325 -0.9933
vn -0.7690 0.0648 -0.6360
vn -0.9555 0.1478 0.2553
vn 0.0127 -0.2994 -0.9540
vn -0.7319 -0.3180 -0.6027
vn -0.9616 0.0546 0.2690
vn 0.3917 -0.8205 -0.4164
vn -0.1644 -0.9665 -0.1970
vn -0.9918 -0.1020 0.0765
vn 0.8802 0.4547 0.1359
vn -0.2679 0.9058 0.3283
vn 0.2298 0.6451 0.7287
vn 0.5287 0.7036 -0.4748
vn -0.6536 0.7569 -0.0063
vn 0.9784 0.1099 0.1751
vn -0.2668 0.2058 -0.9415
vn -0.2042 0.6228 -0.7553
vn 0.9803 0.0630 0.1873
vn 0.6510 0.2931 -0.7002
vn -0.2817 0.1295 -0.9507
vn 0.7034 0.0794 -0.7064
vn 0.6680 0.1782 -0.7226
vn -0.2368 0.0774 -0.9685
vn 0.9809 0.0175 0.1935
vn 0.6876 -0.3461 -0.6383
vn -0.0600 -0.2138 -0.9750
vn 0.9680 -0.2454 0.0519
vn 0.0385 -0.9976 -0.0568
vn -0.3883 -0.7941 -0.4676
vn 0.6472 0.5734 -0.5023
vn -0.0014 0.8573 0.5148
vn 0.5976 0.7068 0.3786
vn -0.6325 0.6377 -0.4396
vn -0.5885 0.6781 0.4404
vn -0.0384 0.4454 -0.8945
vn 0.0121 0.7939 -0.6080
vn -0.7388 0.3388 -0.5826
vn 0.6831 0.2201 -0.6964
vn 0.6869 0.2760 -0.6723
vn -0.0356 0.3591 -0.9326
vn -0.0190 0.2584 -0.9658
vn -0.7216 0.2117 -0.6591
vn -0.7389 0.2830 -0.6114
vn 0.6883 0.1601 -0.7075
vn -0.0185 -0.1757 -0.9843
vn -0.6329 -0.1020 -0.7675
vn 0.6059 -0.1403 -0.7830
vn 0.0186 -0.9751 -0.2210
vn 0.3213 -0.5063 -0.8003
vn -0.6300 -0.5264 -0.5710
vn -0.3562 -0.3825 -0.8525
vn 0.7562 -0.4484 -0.4766
vn 0.2375 -0.7399 -0.6293
vn -0.4319 -0.2197 -0.8748
vn 0.9218 -0.3641 -0.1328
vn 0.2892 -0.2432 -0.9259
vn -0.4246 -0.1197 -0.8974
vn 0.8544 -0.0865 -0.5124
vn 0.2877 -0.1384 -0.9477
vn 0.2987 -0.0427 -0.9534
vn -0.4188 -0.0416 -0.9071
vn 0.8617 -0.0239 -0.5068
vn 0.2707 0.3598 -0.8929
vn -0.5428 0.2879 -0.7890
vn 0.9009 0.2566 -0.3500
vn 0.2944 -0.0623 -0.9537
vn -0.3090 0.0157 -0.9509
vn -0.2767 -0.4089 -0.8696
vn -0.8487 -0.5266 -0.0496
vn -0.8116 -0.2753 -0.5154
vn 0.3092 -0.3756 -0.8737
vn -0.2218 -0.7015 -0.6773
vn -0.8465 -0.3253 -0.4214
vn 0.5549 -0.3757 -0.7422
vn -0.3563 -0.2439 -0.9020
vn -0.8798 -0.1652 -0.4458
vn 0.3458 -0.0489 -0.9370
vn -0.3676 -0.1309 -0.9207
vn -0.8872 -0.0472 -0.4590
vn 0.3506 -0.0254 -0.9362
vn -0.3554 -0.0415 -0.9338
vn -0.3174 0.3132 -0.8951
vn -0.9259 0.1910 -0.3259
vn 0.4550 0.3027 -0.8375
vn -0.7720 -0.1109 -0.6259
vn -0.3157 -0.1991 -0.9277
vn 0.4995 -0.5046 0.7041
vn 0.8111 -0.4899 -0.3197
vn 0.9155 -0.3202 0.2436
vn -0.0501 -0.4932 0.8685
vn 0.4402 -0.7403 0.5081
vn 0.9238 -0.3615 0.1259
vn -0.2335 -0.4625 0.8553
vn 0.6680 -0.2767 0.6908
vn 0.9636 -0.2163 0.1572
vn 0.1503 -0.0929 0.9843
vn 0.7254 -0.1737 0.6660
vn 0.9839 -0.1200 0.1322
vn 0.2460 -0.0758 0.9663
vn 0.7690 -0.0699 0.6354
vn 0.9894 0.0987 -0.1067
vn 0.2648 -0.0217 0.9641
vn 0.7315 0.3202 0.6019
vn 0.9514 -0.0499 0.3040
vn 0.1720 0.3730 0.9117
vn 0.7802 -0.2042 0.5912
vn -0.6724 -0.4981 0.5474
vn 0.1867 -0.6398 0.7455
vn -0.1170 -0.4076 0.9056
vn -0.9087 -0.3799 0.1730
vn -0.5250 -0.7099 0.4695
vn -0.1718 -0.2825 0.9438
vn -0.9478 -0.2179 0.2327
vn -0.6523 -0.2857 0.7020
vn -0.1934 -0.1624 0.9676
vn -0.9518 -0.1516 0.2667
vn -0.6682 -0.1780 0.7224
vn -0.7040 -0.0862 0.7050
vn -0.2123 -0.0625 0.9752
vn -0.9663 -0.1129 0.2312
vn -0.6873 0.3486 0.6372
vn -0.0139 0.3710 0.9285
vn -0.9848 0.1737 -0.0011
vn -0.8005 -0.0242 0.5989
vn -0.2572 0.0572 0.9647
vn -0.9800 -0.0319 0.1962
vn -0.0201 -0.5192 0.8544
vn 0.7934 -0.5126 0.3281
vn 0.5884 -0.4019 0.7016
vn -0.7997 -0.4639 0.3810
vn -0.0106 -0.7971 0.6037
vn 0.7210 -0.3511 0.5974
vn -0.6666 -0.2856 0.6885
vn 0.0404 -0.4373 0.8984
vn 0.7204 -0.2818 0.6338
vn 0.0356 -0.3591 0.9326
vn 0.0223 -0.2610 0.9651
vn 0.7218 -0.2027 0.6618
vn -0.6930 -0.1692 0.7008
vn 0.0220 0.1734 0.9846
vn 0.8091 0.1356 0.5719
vn 0.0140 -0.2164 0.9762
vn 0.6022 -0.1198 0.7893
vn -0.7956 0.1424 0.5889
vn -0.6299 -0.5264 -0.5710
vn 0.8584 -0.1407 -0.4933
vn -0.8486 -0.5266 -0.0496
vn -0.8465 -0.3252 -0.4215
vn 0.3787 -0.0068 -0.9255
vn 0.3505 -0.0255 -0.9362
vn 0.3623 -0.1295 -0.9230
vn 0.6899 -0.7237 -0.0193
vn 0.9238 -0.3614 0.1260
vn 0.9636 -0.2163 0.1573
vn 0.1720 0.3731 0.9117
vn 0.2649 -0.0217 0.9640
vn -0.6724 -0.4982 0.5474
vn -0.1935 -0.1624 0.9676
vn -0.2124 -0.0625 0.9752
vn -0.9848 0.1738 -0.0010
vn 0.8090 0.1356 0.5719
vn 0.3212 -0.5064 -0.8002
vn -0.4245 -0.1197 -0.8975
vn 0.5543 -0.7977 0.2375
vn 0.9009 0.2567 -0.3500
vn -0.9259 0.1910 -0.3260
vn 0.9894 0.0987 -0.1066
vn 0.9514 -0.0498 0.3040
vn -0.9031 -0.3849 -0.1905
vn -0.9087 -0.3799 0.1731
vn 0.4143 -0.7366 0.5346
vn -0.8005 -0.0241 0.5989
vn -0.7997 -0.4640 0.3810
vn 0.7561 -0.4484 -0.4766
vn -0.6197 -0.7659 -0.1715
vn 0.2944 -0.0622 -0.9537
vn 0.5549 -0.3758 -0.7422
vn 0.8110 -0.4899 -0.3197
vn 0.1504 -0.0929 0.9843
vn 0.1867 -0.6399 0.7455
vn -0.1719 -0.2825 0.9438
vn -0.9663 -0.1129 0.2313
vn 0.7210 -0.3511 0.5975
vn 0.7203 -0.2818 0.6339
vn -0.4318 -0.2197 -0.8748
vn 0.8617 -0.0239 -0.5069
vn 0.8543 -0.0866 -0.5125
vn 0.7897 -0.0575 -0.6108
vn -0.8797 -0.1651 -0.4458
vn 0.4549 0.3027 -0.8375
vn 0.4995 -0.5047 0.7041
vn 0.9839 -0.1200 0.1323
vn -0.5661 -0.6785 0.4682
vn 0.6163 -0.7699 -0.1659
vn -0.5427 0.2879 -0.7890
vn -0.0499 -0.4933 0.8684
vn 0.7802 -0.2041 0.5912
vn 0.5883 -0.4019 0.7017
vn 0.7934 -0.5127 0.3281
vn -0.6755 -0.2354 0.6988
vn -0.6666 -0.2857 0.6885
vn -0.8115 -0.2753 -0.5154
vn 0.3457 -0.0489 -0.9371
vn -0.5661 -0.6785 0.4681
vn 0.2378 -0.1037 0.9658
vn -0.0201 -0.5193 0.8544
vn 0.7217 -0.2027 0.6619
vn -0.5898 -0.7785 -0.2146
vn -0.2767 -0.4090 -0.8696
vn -0.8872 -0.0471 -0.4591
vn -0.5753 -0.4660 0.6723
vn 0.6162 -0.7699 -0.1658
vn 0.0140 -0.2163 0.9762
vn -0.3157 -0.1990 -0.9278
vn -0.6051 -0.1905 0.7730
vn 0.0145 -0.9999 -0.0037
vn 0.0144 -0.9999 -0.0038
vn 0.6057 0.7244 0.3292
vn 0.0446 0.7094 0.7034
vn 0.8584 -0.1406 -0.4933
vn 0.7897 -0.0576 -0.6108
vn 0.3788 -0.0068 -0.9255
vn 0.3623 -0.1296 -0.9230
vn -0.5753 -0.4659 0.6722
vn -0.6756 -0.2353 0.6987
vn -0.6050 -0.1905 0.7731
vt 0.227605 0.047139
vt 0.204366 0.023913
vt 0.228974 0.023917
vt 0.203209 0.046907
vt 0.179759 0.023909
vt 0.178813 0.046674
vt 0.155152 0.023905
vt 0.154417 0.046441
vt 0.130545 0.023901
vt 0.130020 0.046208
vt 0.105938 0.023897
vt 0.081228 0.045742
vt 0.081331 0.023894
vt 0.056832 0.045510
vt 0.056723 0.023890
vt 0.032436 0.045277
vt 0.032116 0.023886
vt 0.008039 0.045044
vt 0.007509 0.023882
vt 0.200896 0.093674
vt 0.152949 0.092276
vt 0.128975 0.091577
vt 0.105001 0.090878
vt 0.105624 0.045975
vt 0.081028 0.090179
vt 0.033081 0.088782
vt 0.009107 0.088083
vt 0.771572 0.031218
vt 0.750157 0.079252
vt 0.747092 0.031417
vt 0.224870 0.094372
vt 0.199783 0.117060
vt 0.176014 0.116127
vt 0.176922 0.092975
vt 0.152246 0.115195
vt 0.128477 0.114263
vt 0.104708 0.113331
vt 0.080939 0.112399
vt 0.057171 0.111467
vt 0.057054 0.089481
vt 0.033402 0.110535
vt 0.009633 0.109603
vt 0.222279 0.141613
vt 0.223552 0.117991
vt 0.198708 0.140448
vt 0.175137 0.139282
vt 0.127996 0.136951
vt 0.104426 0.135785
vt 0.080855 0.134620
vt 0.057285 0.133454
vt 0.033714 0.132288
vt 0.010144 0.131123
vt 0.221071 0.165238
vt 0.197690 0.163839
vt 0.174309 0.162439
vt 0.151567 0.138116
vt 0.127547 0.159641
vt 0.104166 0.158241
vt 0.080786 0.156842
vt 0.057405 0.155442
vt 0.034024 0.154043
vt 0.010643 0.152643
vt 0.196733 0.187233
vt 0.173532 0.185600
vt 0.150928 0.161040
vt 0.150331 0.183966
vt 0.127130 0.182332
vt 0.080728 0.179065
vt 0.057527 0.177431
vt 0.034326 0.175798
vt 0.011125 0.174164
vt 0.218880 0.212499
vt 0.219934 0.188867
vt 0.195847 0.210631
vt 0.172814 0.208763
vt 0.149782 0.206895
vt 0.126749 0.205027
vt 0.103716 0.203158
vt 0.103929 0.180699
vt 0.057650 0.199422
vt 0.034617 0.197553
vt 0.195052 0.234033
vt 0.172175 0.231930
vt 0.149297 0.229826
vt 0.126420 0.227723
vt 0.103542 0.225620
vt 0.080683 0.201290
vt 0.057787 0.221413
vt 0.012032 0.217207
vt 0.011585 0.195685
vt 0.217930 0.236136
vt 0.194346 0.257439
vt 0.171607 0.255100
vt 0.148869 0.252761
vt 0.126130 0.250422
vt 0.080653 0.245745
vt 0.080665 0.223517
vt 0.035177 0.241068
vt 0.034910 0.219310
vt 0.012438 0.238729
vt 0.217084 0.259777
vt 0.193751 0.280848
vt 0.171137 0.278273
vt 0.148523 0.275699
vt 0.125909 0.273124
vt 0.103295 0.270550
vt 0.103392 0.248084
vt 0.080681 0.267975
vt 0.058067 0.265400
vt 0.057915 0.243406
vt 0.035453 0.262826
vt 0.012839 0.260251
vt 0.216365 0.283422
vt 0.193269 0.304260
vt 0.170758 0.301450
vt 0.148247 0.298639
vt 0.125736 0.295828
vt 0.103224 0.293018
vt 0.080713 0.290207
vt 0.058202 0.287396
vt 0.035691 0.284585
vt 0.013180 0.281775
vt 0.215335 0.330723
vt 0.215780 0.307071
vt 0.170487 0.324629
vt 0.148063 0.321581
vt 0.125639 0.318534
vt 0.103215 0.315487
vt 0.080791 0.312440
vt 0.058367 0.309393
vt 0.035943 0.306345
vt 0.013519 0.303298
vt 0.192699 0.351094
vt 0.192911 0.327676
vt 0.170336 0.347810
vt 0.147972 0.344526
vt 0.125608 0.341242
vt 0.103245 0.337958
vt 0.080881 0.334674
vt 0.058518 0.331390
vt 0.036154 0.328106
vt 0.013790 0.324823
vt 0.215063 0.354377
vt 0.192631 0.374512
vt 0.170308 0.370992
vt 0.147986 0.367471
vt 0.125663 0.363950
vt 0.103340 0.360430
vt 0.081017 0.356909
vt 0.058695 0.353388
vt 0.036372 0.349868
vt 0.014049 0.346347
vt 0.214954 0.378033
vt 0.192721 0.397931
vt 0.170412 0.394174
vt 0.148103 0.390417
vt 0.125793 0.386659
vt 0.103484 0.382902
vt 0.081174 0.379145
vt 0.058865 0.375387
vt 0.036556 0.371630
vt 0.014246 0.367872
vt 0.215031 0.401689
vt 0.192986 0.421349
vt 0.170664 0.417355
vt 0.148342 0.413361
vt 0.126021 0.409368
vt 0.103699 0.405374
vt 0.081377 0.401380
vt 0.059055 0.397386
vt 0.036733 0.393392
vt 0.014411 0.389398
vt 0.215308 0.425343
vt 0.193421 0.444764
vt 0.171059 0.440534
vt 0.148697 0.436304
vt 0.126335 0.432074
vt 0.103974 0.427844
vt 0.081612 0.423614
vt 0.059250 0.419384
vt 0.036889 0.415154
vt 0.014527 0.410924
vt 0.215782 0.448994
vt 0.194045 0.468175
vt 0.171612 0.463709
vt 0.149180 0.459243
vt 0.126747 0.454778
vt 0.104315 0.450312
vt 0.081882 0.445846
vt 0.059450 0.441381
vt 0.037017 0.436915
vt 0.014584 0.432450
vt 0.216478 0.472640
vt 0.194844 0.491579
vt 0.172315 0.486878
vt 0.149786 0.482178
vt 0.127257 0.477478
vt 0.104728 0.472777
vt 0.082198 0.468077
vt 0.059669 0.463376
vt 0.037140 0.458676
vt 0.014611 0.453976
vt 0.217374 0.496279
vt 0.195790 0.514977
vt 0.173135 0.510042
vt 0.150481 0.505108
vt 0.127826 0.500173
vt 0.105171 0.495239
vt 0.082517 0.490305
vt 0.059862 0.485370
vt 0.037208 0.480436
vt 0.014553 0.475502
vt 0.218444 0.519911
vt 0.196870 0.538368
vt 0.174072 0.533200
vt 0.151274 0.528033
vt 0.128476 0.522865
vt 0.105678 0.517698
vt 0.082880 0.512530
vt 0.060082 0.507363
vt 0.037284 0.502195
vt 0.014486 0.497028
vt 0.219668 0.543535
vt 0.198056 0.561752
vt 0.175089 0.556352
vt 0.152123 0.550953
vt 0.129156 0.545553
vt 0.106189 0.540153
vt 0.083222 0.534753
vt 0.060255 0.529353
vt 0.037288 0.523953
vt 0.014321 0.518553
vt 0.221023 0.567152
vt 0.199340 0.585131
vt 0.176192 0.579500
vt 0.153044 0.573868
vt 0.129896 0.568237
vt 0.106748 0.562605
vt 0.083600 0.556974
vt 0.060452 0.551342
vt 0.037304 0.545710
vt 0.014157 0.540079
vt 0.222488 0.590763
vt 0.200690 0.608505
vt 0.177343 0.602642
vt 0.153995 0.596780
vt 0.130647 0.590917
vt 0.107299 0.585054
vt 0.083951 0.579192
vt 0.060603 0.573329
vt 0.037256 0.567466
vt 0.013908 0.561603
vt 0.224038 0.614368
vt 0.202099 0.631875
vt 0.178542 0.625782
vt 0.154986 0.619688
vt 0.131430 0.613595
vt 0.107874 0.607501
vt 0.084318 0.601408
vt 0.060761 0.595315
vt 0.037205 0.589221
vt 0.013649 0.583128
vt 0.225655 0.637969
vt 0.203540 0.655242
vt 0.179764 0.648918
vt 0.155989 0.642595
vt 0.132213 0.636271
vt 0.108437 0.629947
vt 0.084662 0.623623
vt 0.060886 0.617299
vt 0.037110 0.610976
vt 0.013335 0.604652
vt 0.227316 0.661566
vt 0.204996 0.678608
vt 0.180996 0.672054
vt 0.156996 0.665500
vt 0.132996 0.658946
vt 0.108996 0.652392
vt 0.084996 0.645838
vt 0.060995 0.639283
vt 0.036995 0.632729
vt 0.012995 0.626175
vt 0.012563 0.650829
vt 0.034167 0.654951
vt 0.012098 0.675481
vt 0.029888 0.702042
vt 0.011593 0.700134
vt 0.029054 0.726390
vt 0.011067 0.724785
vt 0.028552 0.750773
vt 0.010507 0.749436
vt 0.028043 0.775156
vt 0.009935 0.774087
vt 0.027512 0.799539
vt 0.009337 0.798737
vt 0.026976 0.823921
vt 0.008734 0.823387
vt 0.026428 0.848303
vt 0.008118 0.848036
vt 0.025879 0.872686
vt 0.007500 0.872686
vt 0.055771 0.659074
vt 0.051120 0.680600
vt 0.031609 0.678041
vt 0.048183 0.703950
vt 0.047041 0.727994
vt 0.046597 0.752110
vt 0.046152 0.776225
vt 0.045687 0.800340
vt 0.045218 0.824456
vt 0.044738 0.848570
vt 0.044258 0.872685
vt 0.077375 0.663197
vt 0.070631 0.683159
vt 0.066478 0.705858
vt 0.065028 0.729598
vt 0.064260 0.777295
vt 0.063862 0.801143
vt 0.063460 0.824991
vt 0.063049 0.848838
vt 0.062637 0.872686
vt 0.098979 0.667319
vt 0.090141 0.685718
vt 0.084773 0.707766
vt 0.083015 0.731203
vt 0.064642 0.753447
vt 0.082687 0.754783
vt 0.082037 0.801944
vt 0.081702 0.825525
vt 0.081359 0.849105
vt 0.081016 0.872685
vt 0.120582 0.671442
vt 0.109652 0.688278
vt 0.103069 0.709674
vt 0.101002 0.732807
vt 0.100732 0.756120
vt 0.082369 0.778364
vt 0.100477 0.779433
vt 0.100212 0.802747
vt 0.099944 0.826060
vt 0.099395 0.872685
vt 0.142186 0.675565
vt 0.129163 0.690837
vt 0.121364 0.711583
vt 0.118989 0.734411
vt 0.118777 0.757457
vt 0.118586 0.780503
vt 0.118186 0.826594
vt 0.117980 0.849640
vt 0.099670 0.849372
vt 0.117774 0.872685
vt 0.163790 0.679687
vt 0.148674 0.693396
vt 0.139659 0.713491
vt 0.136976 0.736016
vt 0.136822 0.758794
vt 0.136694 0.781572
vt 0.118387 0.803548
vt 0.136428 0.827129
vt 0.136291 0.849907
vt 0.136153 0.872685
vt 0.185394 0.683810
vt 0.168184 0.695956
vt 0.157954 0.715399
vt 0.154963 0.737620
vt 0.154867 0.760131
vt 0.154803 0.782642
vt 0.136562 0.804350
vt 0.154737 0.805153
vt 0.154670 0.827664
vt 0.154532 0.872686
vt 0.206998 0.687933
vt 0.187695 0.698515
vt 0.176249 0.717307
vt 0.172950 0.739224
vt 0.172911 0.761468
vt 0.172911 0.783711
vt 0.172911 0.805955
vt 0.172911 0.828198
vt 0.154601 0.850175
vt 0.172911 0.850441
vt 0.727952 0.031417
vt 0.704789 0.007918
vt 0.729482 0.007922
vt 0.703472 0.031218
vt 0.680097 0.007915
vt 0.678992 0.031018
vt 0.655404 0.007911
vt 0.654513 0.030819
vt 0.630711 0.007907
vt 0.630033 0.030620
vt 0.606018 0.007903
vt 0.605554 0.030420
vt 0.581326 0.007900
vt 0.581074 0.030221
vt 0.556633 0.007896
vt 0.532115 0.029823
vt 0.531940 0.007893
vt 0.507635 0.029624
vt 0.507247 0.007889
vt 0.483156 0.029425
vt 0.482554 0.007886
vt 0.700835 0.078654
vt 0.676783 0.078056
vt 0.652731 0.077459
vt 0.604628 0.076263
vt 0.580576 0.075665
vt 0.556594 0.030022
vt 0.556524 0.075067
vt 0.508420 0.073872
vt 0.484368 0.073274
vt 0.270809 0.046907
vt 0.249148 0.094372
vt 0.246413 0.047140
vt 0.723410 0.103173
vt 0.724887 0.079252
vt 0.699566 0.102375
vt 0.675721 0.101578
vt 0.628032 0.099983
vt 0.628680 0.076860
vt 0.604188 0.099186
vt 0.580343 0.098388
vt 0.556499 0.097591
vt 0.532654 0.096794
vt 0.532472 0.074470
vt 0.484965 0.095200
vt 0.698339 0.126099
vt 0.651051 0.124105
vt 0.651877 0.100781
vt 0.627407 0.123108
vt 0.603763 0.122110
vt 0.556475 0.120116
vt 0.532832 0.119119
vt 0.509188 0.118122
vt 0.508810 0.095997
vt 0.485544 0.117125
vt 0.721983 0.127097
vt 0.697177 0.149827
vt 0.673725 0.148630
vt 0.674695 0.125102
vt 0.650274 0.147433
vt 0.626822 0.146235
vt 0.603370 0.145037
vt 0.579918 0.143840
vt 0.580119 0.121113
vt 0.533014 0.141446
vt 0.509563 0.140248
vt 0.720629 0.151025
vt 0.696082 0.173559
vt 0.672813 0.172161
vt 0.649544 0.170763
vt 0.626274 0.169365
vt 0.603005 0.167967
vt 0.579736 0.166569
vt 0.556466 0.165171
vt 0.556466 0.142643
vt 0.533197 0.163773
vt 0.509928 0.162375
vt 0.486659 0.160977
vt 0.486111 0.139051
vt 0.719352 0.174957
vt 0.695074 0.197295
vt 0.671975 0.195696
vt 0.648875 0.194098
vt 0.602677 0.190899
vt 0.579577 0.189300
vt 0.556478 0.187701
vt 0.533379 0.186102
vt 0.510280 0.184503
vt 0.487180 0.182905
vt 0.718173 0.198895
vt 0.694161 0.221036
vt 0.671219 0.219236
vt 0.648278 0.217436
vt 0.625776 0.192498
vt 0.602395 0.213834
vt 0.579453 0.212034
vt 0.556512 0.210233
vt 0.533570 0.208433
vt 0.510629 0.206632
vt 0.487687 0.204832
vt 0.717102 0.222837
vt 0.693349 0.244782
vt 0.670549 0.242780
vt 0.647749 0.240777
vt 0.624949 0.238774
vt 0.625336 0.215635
vt 0.602148 0.236772
vt 0.579348 0.234770
vt 0.556548 0.232767
vt 0.533748 0.230765
vt 0.510948 0.228763
vt 0.488148 0.226760
vt 0.716149 0.246785
vt 0.692668 0.268532
vt 0.669994 0.266328
vt 0.647321 0.264123
vt 0.624647 0.261918
vt 0.601973 0.259713
vt 0.579299 0.257508
vt 0.556626 0.255303
vt 0.533952 0.253098
vt 0.511278 0.250894
vt 0.488604 0.248689
vt 0.715342 0.270737
vt 0.692107 0.292287
vt 0.669539 0.289879
vt 0.646970 0.287472
vt 0.624402 0.285064
vt 0.601834 0.282656
vt 0.579265 0.280249
vt 0.556697 0.277841
vt 0.534128 0.275434
vt 0.511560 0.273026
vt 0.488991 0.270619
vt 0.714676 0.294694
vt 0.691699 0.316045
vt 0.669219 0.313434
vt 0.646738 0.310824
vt 0.624258 0.308213
vt 0.601778 0.305602
vt 0.579297 0.302991
vt 0.556817 0.300381
vt 0.534337 0.297770
vt 0.511856 0.295159
vt 0.489376 0.292549
vt 0.714179 0.318656
vt 0.691442 0.339806
vt 0.669024 0.336992
vt 0.646607 0.334178
vt 0.624189 0.331364
vt 0.601772 0.328550
vt 0.579354 0.325736
vt 0.556936 0.322922
vt 0.534519 0.320108
vt 0.512101 0.317294
vt 0.489684 0.314480
vt 0.713859 0.342620
vt 0.691350 0.363569
vt 0.668975 0.360551
vt 0.646600 0.357534
vt 0.624225 0.354516
vt 0.601851 0.351498
vt 0.579476 0.348481
vt 0.557101 0.345463
vt 0.534726 0.342446
vt 0.512352 0.339428
vt 0.489977 0.336411
vt 0.713724 0.366586
vt 0.691448 0.387331
vt 0.669087 0.384110
vt 0.646727 0.380890
vt 0.624366 0.377668
vt 0.602005 0.374447
vt 0.579644 0.371226
vt 0.557284 0.368006
vt 0.534923 0.364785
vt 0.512562 0.361564
vt 0.490201 0.358343
vt 0.713809 0.390552
vt 0.691728 0.411093
vt 0.669356 0.407669
vt 0.646985 0.404245
vt 0.624614 0.400820
vt 0.602243 0.397396
vt 0.579872 0.393972
vt 0.557501 0.390548
vt 0.535130 0.387124
vt 0.512759 0.383699
vt 0.490388 0.380275
vt 0.714099 0.414517
vt 0.692219 0.434850
vt 0.669808 0.431224
vt 0.647397 0.427597
vt 0.624986 0.423970
vt 0.602575 0.420343
vt 0.580164 0.416716
vt 0.557753 0.413089
vt 0.535341 0.409462
vt 0.512930 0.405835
vt 0.490519 0.402208
vt 0.714630 0.438477
vt 0.692914 0.458602
vt 0.670433 0.454774
vt 0.647952 0.450945
vt 0.625471 0.447115
vt 0.602990 0.443286
vt 0.580509 0.439457
vt 0.558028 0.435628
vt 0.535547 0.431799
vt 0.513066 0.427970
vt 0.490585 0.424141
vt 0.715395 0.462432
vt 0.693814 0.482347
vt 0.671237 0.478317
vt 0.648659 0.474286
vt 0.626081 0.470256
vt 0.603504 0.466226
vt 0.580926 0.462195
vt 0.558348 0.458165
vt 0.535770 0.454135
vt 0.513193 0.450104
vt 0.490615 0.446074
vt 0.716392 0.486377
vt 0.694888 0.506083
vt 0.672183 0.501852
vt 0.649479 0.497622
vt 0.626775 0.493391
vt 0.604070 0.489160
vt 0.581366 0.484930
vt 0.558661 0.480699
vt 0.513253 0.472238
vt 0.490548 0.468007
vt 0.717592 0.510314
vt 0.696118 0.529810
vt 0.673268 0.525380
vt 0.650419 0.520950
vt 0.627570 0.516520
vt 0.604720 0.512090
vt 0.581871 0.507660
vt 0.559021 0.503230
vt 0.535957 0.476469
vt 0.513322 0.494370
vt 0.490473 0.489940
vt 0.718967 0.534241
vt 0.697473 0.553530
vt 0.674452 0.548901
vt 0.651432 0.544273
vt 0.628411 0.539644
vt 0.605390 0.535015
vt 0.582369 0.530387
vt 0.559348 0.525758
vt 0.536328 0.521130
vt 0.536172 0.498800
vt 0.490286 0.511873
vt 0.720494 0.558158
vt 0.698942 0.577241
vt 0.675737 0.572415
vt 0.652532 0.567589
vt 0.629327 0.562763
vt 0.606123 0.557936
vt 0.582918 0.553110
vt 0.559713 0.548284
vt 0.536508 0.543458
vt 0.513303 0.538631
vt 0.513307 0.516501
vt 0.490098 0.533805
vt 0.722147 0.582068
vt 0.700492 0.600946
vt 0.677084 0.595923
vt 0.653675 0.590900
vt 0.630267 0.585876
vt 0.606858 0.580853
vt 0.583450 0.575830
vt 0.560042 0.570807
vt 0.536633 0.565783
vt 0.513225 0.560760
vt 0.489816 0.555737
vt 0.723900 0.605970
vt 0.702107 0.624646
vt 0.678487 0.619427
vt 0.654866 0.614207
vt 0.631246 0.608987
vt 0.607626 0.603767
vt 0.584005 0.598547
vt 0.560385 0.593328
vt 0.536764 0.588108
vt 0.513144 0.582888
vt 0.489523 0.577668
vt 0.725728 0.629867
vt 0.703763 0.648343
vt 0.679918 0.642927
vt 0.656074 0.637511
vt 0.632230 0.632095
vt 0.608386 0.626679
vt 0.584542 0.621263
vt 0.560698 0.615847
vt 0.536854 0.610431
vt 0.513010 0.605014
vt 0.489166 0.599598
vt 0.727607 0.653759
vt 0.705437 0.672038
vt 0.681364 0.666426
vt 0.657291 0.660814
vt 0.633218 0.655201
vt 0.609145 0.649589
vt 0.585072 0.643977
vt 0.560999 0.638365
vt 0.536926 0.632753
vt 0.512854 0.627141
vt 0.488781 0.621528
vt 0.488290 0.646647
vt 0.509922 0.649934
vt 0.487763 0.671765
vt 0.507060 0.673252
vt 0.487190 0.696882
vt 0.504574 0.697365
vt 0.486592 0.721998
vt 0.502832 0.722145
vt 0.485956 0.747114
vt 0.501701 0.747181
vt 0.485307 0.772229
vt 0.500927 0.772276
vt 0.484629 0.797343
vt 0.500303 0.797378
vt 0.483944 0.822457
vt 0.499058 0.847583
vt 0.483245 0.847571
vt 0.498427 0.872685
vt 0.482544 0.872685
vt 0.531554 0.653220
vt 0.526358 0.674740
vt 0.521958 0.697848
vt 0.519071 0.722291
vt 0.517445 0.747248
vt 0.516547 0.772322
vt 0.515978 0.797413
vt 0.499687 0.822481
vt 0.514871 0.847594
vt 0.514310 0.872685
vt 0.553186 0.656506
vt 0.545656 0.676227
vt 0.539343 0.698331
vt 0.535311 0.722437
vt 0.533189 0.747314
vt 0.532167 0.772369
vt 0.531653 0.797448
vt 0.515430 0.822504
vt 0.530684 0.847606
vt 0.530193 0.872685
vt 0.574817 0.659793
vt 0.564954 0.677714
vt 0.556727 0.698813
vt 0.551551 0.722584
vt 0.548934 0.747381
vt 0.547787 0.772415
vt 0.547327 0.797483
vt 0.531173 0.822527
vt 0.546497 0.847618
vt 0.546076 0.872685
vt 0.596449 0.663079
vt 0.584252 0.679201
vt 0.574112 0.699296
vt 0.567790 0.722730
vt 0.564678 0.747448
vt 0.563407 0.772462
vt 0.563002 0.797517
vt 0.546916 0.822550
vt 0.562660 0.822573
vt 0.562310 0.847629
vt 0.618081 0.666365
vt 0.603550 0.680689
vt 0.591496 0.699779
vt 0.584030 0.722876
vt 0.580422 0.747515
vt 0.579027 0.772508
vt 0.578677 0.797552
vt 0.578403 0.822597
vt 0.578123 0.847641
vt 0.561960 0.872685
vt 0.639713 0.669652
vt 0.622848 0.682176
vt 0.608880 0.700262
vt 0.600270 0.723022
vt 0.596167 0.747581
vt 0.594647 0.772555
vt 0.594351 0.797587
vt 0.594146 0.822620
vt 0.593936 0.847652
vt 0.577843 0.872685
vt 0.661345 0.672938
vt 0.642146 0.683663
vt 0.626265 0.700745
vt 0.616509 0.723169
vt 0.611911 0.747648
vt 0.610267 0.772602
vt 0.610026 0.797622
vt 0.609889 0.822643
vt 0.609749 0.847664
vt 0.593726 0.872685
vt 0.682976 0.676224
vt 0.661443 0.685150
vt 0.643649 0.701228
vt 0.632749 0.723315
vt 0.627655 0.747715
vt 0.625887 0.772648
vt 0.625701 0.797657
vt 0.625632 0.822666
vt 0.625562 0.847676
vt 0.609609 0.872685
vt 0.704608 0.679511
vt 0.680741 0.686638
vt 0.661034 0.701710
vt 0.648988 0.723461
vt 0.643400 0.747782
vt 0.641507 0.772695
vt 0.641375 0.797691
vt 0.641375 0.822689
vt 0.641375 0.847687
vt 0.625492 0.872685
vt 0.025884 0.928536
vt 0.007500 0.928770
vt 0.007500 0.928536
vt 0.044267 0.928536
vt 0.025884 0.928770
vt 0.062651 0.928536
vt 0.044267 0.928770
vt 0.081034 0.928770
vt 0.062651 0.928770
vt 0.081034 0.928536
vt 0.099418 0.928770
vt 0.099418 0.928536
vt 0.117801 0.928770
vt 0.117801 0.928536
vt 0.136185 0.928770
vt 0.154568 0.928536
vt 0.136185 0.928536
vt 0.172952 0.928770
vt 0.154568 0.928770
vt 0.482544 0.928536
vt 0.498424 0.928770
vt 0.482544 0.928770
vt 0.498424 0.928536
vt 0.514304 0.928770
vt 0.530184 0.928536
vt 0.514304 0.928536
vt 0.546064 0.928536
vt 0.530184 0.928770
vt 0.561944 0.928536
vt 0.546064 0.928770
vt 0.577824 0.928536
vt 0.561944 0.928770
vt 0.593705 0.928536
vt 0.577824 0.928770
vt 0.609585 0.928536
vt 0.593705 0.928770
vt 0.625465 0.928536
vt 0.609585 0.928770
vt 0.641345 0.928536
vt 0.625465 0.928770
vt 0.269653 0.023936
vt 0.245046 0.023940
vt 0.294260 0.023932
vt 0.318867 0.023928
vt 0.295205 0.046674
vt 0.343474 0.023924
vt 0.319602 0.046441
vt 0.368081 0.023920
vt 0.343998 0.046208
vt 0.392791 0.045742
vt 0.368394 0.045975
vt 0.392688 0.023916
vt 0.417187 0.045510
vt 0.417295 0.023911
vt 0.441583 0.045277
vt 0.441903 0.023907
vt 0.465980 0.045044
vt 0.273122 0.093674
vt 0.321069 0.092276
vt 0.345043 0.091577
vt 0.369017 0.090878
vt 0.392990 0.090179
vt 0.416964 0.089481
vt 0.464911 0.088083
vt 0.250467 0.117992
vt 0.297096 0.092975
vt 0.274236 0.117059
vt 0.321773 0.115195
vt 0.298004 0.116127
vt 0.345542 0.114263
vt 0.393079 0.112399
vt 0.369310 0.113331
vt 0.416848 0.111467
vt 0.440616 0.110535
vt 0.440938 0.088782
vt 0.251740 0.141613
vt 0.275310 0.140448
vt 0.298881 0.139282
vt 0.322452 0.138116
vt 0.346022 0.136951
vt 0.393163 0.134620
vt 0.369593 0.135785
vt 0.416734 0.133454
vt 0.440305 0.132288
vt 0.463876 0.131123
vt 0.252948 0.165238
vt 0.276329 0.163839
vt 0.299710 0.162439
vt 0.323091 0.161040
vt 0.346472 0.159641
vt 0.393233 0.156842
vt 0.369853 0.158241
vt 0.416614 0.155442
vt 0.439995 0.154043
vt 0.463376 0.152643
vt 0.277286 0.187233
vt 0.254084 0.188867
vt 0.300486 0.185600
vt 0.323687 0.183966
vt 0.346888 0.182332
vt 0.370089 0.180699
vt 0.393290 0.179065
vt 0.416491 0.177431
vt 0.439692 0.175798
vt 0.462893 0.174164
vt 0.255138 0.212500
vt 0.301204 0.208763
vt 0.278171 0.210631
vt 0.324237 0.206895
vt 0.347269 0.205027
vt 0.370302 0.203158
vt 0.393335 0.201290
vt 0.416368 0.199422
vt 0.439401 0.197553
vt 0.256088 0.236137
vt 0.278966 0.234033
vt 0.324721 0.229826
vt 0.301844 0.231930
vt 0.347599 0.227723
vt 0.370477 0.225620
vt 0.393354 0.223517
vt 0.416232 0.221413
vt 0.462434 0.195685
vt 0.439109 0.219310
vt 0.279673 0.257439
vt 0.256935 0.259777
vt 0.325150 0.252761
vt 0.302412 0.255100
vt 0.347889 0.250422
vt 0.370627 0.248084
vt 0.393366 0.245745
vt 0.416104 0.243406
vt 0.438842 0.241068
vt 0.461581 0.238729
vt 0.280268 0.280848
vt 0.257653 0.283423
vt 0.302881 0.278273
vt 0.325495 0.275699
vt 0.348109 0.273124
vt 0.370723 0.270550
vt 0.393337 0.267975
vt 0.415951 0.265400
vt 0.438565 0.262826
vt 0.461179 0.260251
vt 0.280750 0.304260
vt 0.258239 0.307071
vt 0.303261 0.301450
vt 0.325772 0.298639
vt 0.348283 0.295828
vt 0.370794 0.293018
vt 0.393305 0.290207
vt 0.415816 0.287396
vt 0.438327 0.284585
vt 0.460838 0.281775
vt 0.281108 0.327676
vt 0.258684 0.330723
vt 0.303532 0.324629
vt 0.325956 0.321581
vt 0.348380 0.318534
vt 0.370804 0.315487
vt 0.393228 0.312440
vt 0.415652 0.309393
vt 0.438076 0.306345
vt 0.460500 0.303298
vt 0.281319 0.351094
vt 0.258955 0.354377
vt 0.303683 0.347810
vt 0.326046 0.344526
vt 0.348410 0.341242
vt 0.370774 0.337958
vt 0.393138 0.334674
vt 0.415501 0.331390
vt 0.437865 0.328107
vt 0.460229 0.324823
vt 0.281388 0.374512
vt 0.259065 0.378033
vt 0.303711 0.370992
vt 0.326033 0.367471
vt 0.348356 0.363950
vt 0.370679 0.360430
vt 0.393001 0.356909
vt 0.415324 0.353388
vt 0.437647 0.349868
vt 0.459970 0.346347
vt 0.281298 0.397932
vt 0.258988 0.401689
vt 0.303607 0.394174
vt 0.325917 0.390417
vt 0.348226 0.386659
vt 0.370535 0.382902
vt 0.392845 0.379145
vt 0.415154 0.375387
vt 0.437463 0.371630
vt 0.459773 0.367872
vt 0.281032 0.421349
vt 0.258710 0.425343
vt 0.303354 0.417355
vt 0.325676 0.413361
vt 0.347998 0.409368
vt 0.370320 0.405374
vt 0.392642 0.401380
vt 0.414963 0.397386
vt 0.437285 0.393392
vt 0.459607 0.389398
vt 0.280598 0.444764
vt 0.258237 0.448994
vt 0.302960 0.440534
vt 0.325322 0.436304
vt 0.347684 0.432074
vt 0.370045 0.427844
vt 0.392407 0.423614
vt 0.414769 0.419384
vt 0.437131 0.415154
vt 0.459492 0.410924
vt 0.279973 0.468175
vt 0.257540 0.472640
vt 0.302406 0.463709
vt 0.324838 0.459243
vt 0.347271 0.454778
vt 0.369704 0.450312
vt 0.392136 0.445846
vt 0.414569 0.441381
vt 0.437002 0.436915
vt 0.459434 0.432450
vt 0.279174 0.491579
vt 0.256644 0.496279
vt 0.301703 0.486878
vt 0.324232 0.482178
vt 0.346761 0.477478
vt 0.369291 0.472777
vt 0.391820 0.468077
vt 0.414349 0.463377
vt 0.436878 0.458676
vt 0.459408 0.453976
vt 0.278229 0.514977
vt 0.255574 0.519911
vt 0.300883 0.510042
vt 0.323538 0.505108
vt 0.346193 0.500173
vt 0.368847 0.495239
vt 0.391502 0.490305
vt 0.414157 0.485370
vt 0.436811 0.480436
vt 0.459466 0.475502
vt 0.277149 0.538368
vt 0.254351 0.543535
vt 0.299947 0.533200
vt 0.322745 0.528033
vt 0.345543 0.522865
vt 0.368341 0.517698
vt 0.391139 0.512530
vt 0.413937 0.507363
vt 0.436735 0.502195
vt 0.459533 0.497028
vt 0.275963 0.561752
vt 0.252996 0.567152
vt 0.298929 0.556353
vt 0.321896 0.550953
vt 0.344863 0.545553
vt 0.367830 0.540153
vt 0.390797 0.534753
vt 0.413763 0.529353
vt 0.436730 0.523953
vt 0.459697 0.518553
vt 0.274680 0.585131
vt 0.251532 0.590763
vt 0.297827 0.579500
vt 0.320975 0.573868
vt 0.344123 0.568237
vt 0.367271 0.562605
vt 0.390419 0.556974
vt 0.413567 0.551342
vt 0.436715 0.545710
vt 0.459863 0.540079
vt 0.273328 0.608505
vt 0.249980 0.614368
vt 0.296676 0.602642
vt 0.320024 0.596780
vt 0.343371 0.590917
vt 0.366719 0.585054
vt 0.390067 0.579192
vt 0.413415 0.573329
vt 0.436763 0.567466
vt 0.460111 0.561603
vt 0.271920 0.631875
vt 0.248363 0.637969
vt 0.295476 0.625782
vt 0.319032 0.619688
vt 0.342588 0.613595
vt 0.366144 0.607502
vt 0.389701 0.601408
vt 0.413257 0.595315
vt 0.436813 0.589221
vt 0.460369 0.583128
vt 0.270479 0.655242
vt 0.246703 0.661566
vt 0.294255 0.648919
vt 0.318030 0.642595
vt 0.341806 0.636271
vt 0.365582 0.629947
vt 0.389357 0.623623
vt 0.413133 0.617299
vt 0.436909 0.610976
vt 0.460684 0.604652
vt 0.269022 0.678608
vt 0.245021 0.685162
vt 0.293022 0.672054
vt 0.317022 0.665500
vt 0.341022 0.658946
vt 0.365022 0.652392
vt 0.389022 0.645838
vt 0.413023 0.639283
vt 0.437023 0.632729
vt 0.461023 0.626175
vt 0.461455 0.650829
vt 0.461920 0.675481
vt 0.439851 0.654951
vt 0.444130 0.702042
vt 0.442409 0.678041
vt 0.462425 0.700134
vt 0.444965 0.726390
vt 0.462952 0.724785
vt 0.445467 0.750773
vt 0.463512 0.749436
vt 0.445976 0.775156
vt 0.464084 0.774087
vt 0.446507 0.799539
vt 0.464682 0.798737
vt 0.447042 0.823922
vt 0.465284 0.823387
vt 0.447591 0.848304
vt 0.465901 0.848036
vt 0.448140 0.872686
vt 0.418247 0.659074
vt 0.422898 0.680600
vt 0.425835 0.703950
vt 0.426978 0.727994
vt 0.427422 0.752110
vt 0.427867 0.776226
vt 0.428332 0.800341
vt 0.428800 0.824456
vt 0.429280 0.848571
vt 0.429761 0.872686
vt 0.396644 0.663197
vt 0.403388 0.683159
vt 0.407540 0.705858
vt 0.408991 0.729598
vt 0.409758 0.777295
vt 0.409377 0.753447
vt 0.410157 0.801143
vt 0.410558 0.824991
vt 0.410970 0.848838
vt 0.411382 0.872686
vt 0.375040 0.667319
vt 0.383877 0.685718
vt 0.389245 0.707766
vt 0.391004 0.731203
vt 0.391332 0.754784
vt 0.391982 0.801945
vt 0.391650 0.778364
vt 0.392316 0.825525
vt 0.392659 0.849106
vt 0.393002 0.872686
vt 0.353436 0.671442
vt 0.364366 0.688278
vt 0.370950 0.709674
vt 0.373017 0.732807
vt 0.373287 0.756120
vt 0.373807 0.802747
vt 0.373541 0.779434
vt 0.374074 0.826060
vt 0.374349 0.849373
vt 0.374623 0.872686
vt 0.331832 0.675564
vt 0.344856 0.690837
vt 0.352654 0.711583
vt 0.355030 0.734412
vt 0.355242 0.757457
vt 0.355632 0.803549
vt 0.355433 0.780503
vt 0.355832 0.826595
vt 0.356038 0.849640
vt 0.356244 0.872686
vt 0.310228 0.679687
vt 0.325345 0.693396
vt 0.334359 0.713491
vt 0.337043 0.736016
vt 0.337197 0.758794
vt 0.337457 0.804351
vt 0.337324 0.781573
vt 0.337590 0.827129
vt 0.337728 0.849907
vt 0.337865 0.872686
vt 0.288624 0.683810
vt 0.305834 0.695955
vt 0.316064 0.715399
vt 0.319055 0.737620
vt 0.319152 0.760131
vt 0.319282 0.805153
vt 0.319215 0.782642
vt 0.319349 0.827664
vt 0.319417 0.850175
vt 0.319486 0.872686
vt 0.267021 0.687932
vt 0.286324 0.698515
vt 0.297769 0.717307
vt 0.301068 0.739225
vt 0.301107 0.761468
vt 0.301107 0.783712
vt 0.301107 0.805955
vt 0.301107 0.828199
vt 0.301107 0.872686
vt 0.301107 0.850442
vt 0.770253 0.007895
vt 0.745560 0.007898
vt 0.794946 0.007892
vt 0.819639 0.007888
vt 0.796051 0.031018
vt 0.844332 0.007884
vt 0.820531 0.030819
vt 0.869025 0.007881
vt 0.845010 0.030619
vt 0.893718 0.007877
vt 0.869490 0.030420
vt 0.918449 0.030022
vt 0.893970 0.030221
vt 0.918411 0.007874
vt 0.942929 0.029823
vt 0.943104 0.007871
vt 0.967409 0.029624
vt 0.967797 0.007868
vt 0.991888 0.029425
vt 0.774208 0.078654
vt 0.798260 0.078056
vt 0.846364 0.076860
vt 0.870416 0.076263
vt 0.894468 0.075665
vt 0.942572 0.074470
vt 0.966624 0.073872
vt 0.990676 0.073274
vt 0.751634 0.103173
vt 0.775478 0.102375
vt 0.822312 0.077459
vt 0.799323 0.101578
vt 0.823167 0.100781
vt 0.870856 0.099186
vt 0.847012 0.099983
vt 0.894700 0.098388
vt 0.918520 0.075067
vt 0.918545 0.097591
vt 0.966234 0.095997
vt 0.942389 0.096794
vt 0.990078 0.095200
vt 0.753061 0.127097
vt 0.776705 0.126099
vt 0.800349 0.125102
vt 0.847636 0.123107
vt 0.823992 0.124105
vt 0.871280 0.122110
vt 0.894924 0.121113
vt 0.918568 0.120116
vt 0.942212 0.119119
vt 0.989500 0.117125
vt 0.965856 0.118122
vt 0.754415 0.151025
vt 0.777867 0.149827
vt 0.824770 0.147433
vt 0.801318 0.148630
vt 0.848222 0.146235
vt 0.871674 0.145037
vt 0.895126 0.143840
vt 0.918578 0.142643
vt 0.942029 0.141446
vt 0.965481 0.140248
vt 0.755692 0.174957
vt 0.778961 0.173559
vt 0.825500 0.170763
vt 0.802231 0.172161
vt 0.848769 0.169365
vt 0.872039 0.167967
vt 0.895308 0.166569
vt 0.918577 0.165171
vt 0.941847 0.163773
vt 0.965116 0.162375
vt 0.988933 0.139051
vt 0.779970 0.197295
vt 0.756871 0.198895
vt 0.803069 0.195697
vt 0.826168 0.194098
vt 0.849268 0.192498
vt 0.872367 0.190899
vt 0.895466 0.189300
vt 0.918566 0.187701
vt 0.941665 0.186102
vt 0.964764 0.184503
vt 0.987863 0.182905
vt 0.780883 0.221036
vt 0.757941 0.222837
vt 0.803824 0.219236
vt 0.826766 0.217436
vt 0.849707 0.215634
vt 0.872649 0.213834
vt 0.895590 0.212034
vt 0.918532 0.210233
vt 0.941473 0.208433
vt 0.964415 0.206632
vt 0.987356 0.204832
vt 0.781695 0.244782
vt 0.758895 0.246785
vt 0.804495 0.242780
vt 0.827295 0.240777
vt 0.872895 0.236772
vt 0.850095 0.238774
vt 0.895695 0.234770
vt 0.918495 0.232767
vt 0.941295 0.230765
vt 0.964095 0.228763
vt 0.986895 0.226760
vt 0.782376 0.268532
vt 0.759702 0.270737
vt 0.805049 0.266328
vt 0.827723 0.264123
vt 0.850397 0.261917
vt 0.895744 0.257508
vt 0.873071 0.259713
vt 0.918418 0.255303
vt 0.941092 0.253098
vt 0.963766 0.250894
vt 0.986439 0.248689
vt 0.782936 0.292287
vt 0.760368 0.294694
vt 0.805505 0.289879
vt 0.828073 0.287472
vt 0.850642 0.285064
vt 0.873210 0.282656
vt 0.895779 0.280249
vt 0.918347 0.277841
vt 0.940915 0.275434
vt 0.963484 0.273026
vt 0.986052 0.270619
vt 0.783345 0.316045
vt 0.760864 0.318656
vt 0.805825 0.313434
vt 0.828305 0.310824
vt 0.850786 0.308213
vt 0.873266 0.305602
vt 0.895746 0.302991
vt 0.918227 0.300381
vt 0.940707 0.297770
vt 0.963187 0.295159
vt 0.985668 0.292549
vt 0.783602 0.339806
vt 0.761184 0.342620
vt 0.806019 0.336992
vt 0.828437 0.334178
vt 0.850855 0.331364
vt 0.873272 0.328550
vt 0.895690 0.325736
vt 0.918107 0.322922
vt 0.940525 0.320108
vt 0.962942 0.317294
vt 0.985360 0.314480
vt 0.783694 0.363569
vt 0.761320 0.366586
vt 0.806069 0.360551
vt 0.828444 0.357534
vt 0.850819 0.354516
vt 0.873193 0.351498
vt 0.895568 0.348481
vt 0.917943 0.345463
vt 0.940317 0.342446
vt 0.962692 0.339428
vt 0.985067 0.336411
vt 0.783595 0.387331
vt 0.761235 0.390552
vt 0.805956 0.384111
vt 0.828317 0.380890
vt 0.850678 0.377668
vt 0.873039 0.374447
vt 0.895399 0.371227
vt 0.917760 0.368006
vt 0.940121 0.364785
vt 0.962482 0.361564
vt 0.984842 0.358343
vt 0.783316 0.411093
vt 0.760945 0.414517
vt 0.805687 0.407669
vt 0.828058 0.404245
vt 0.850429 0.400820
vt 0.872800 0.397396
vt 0.895171 0.393972
vt 0.917543 0.390548
vt 0.939914 0.387124
vt 0.962285 0.383699
vt 0.984656 0.380275
vt 0.782824 0.434851
vt 0.760413 0.438478
vt 0.805236 0.431224
vt 0.827647 0.427597
vt 0.850058 0.423970
vt 0.872469 0.420343
vt 0.894880 0.416716
vt 0.917291 0.413089
vt 0.939702 0.409462
vt 0.962113 0.405835
vt 0.984525 0.402208
vt 0.782129 0.458603
vt 0.759649 0.462432
vt 0.804611 0.454774
vt 0.827092 0.450945
vt 0.849573 0.447115
vt 0.872054 0.443286
vt 0.894535 0.439457
vt 0.917016 0.435628
vt 0.939497 0.431799
vt 0.961978 0.427970
vt 0.984459 0.424141
vt 0.781229 0.482347
vt 0.758652 0.486377
vt 0.803807 0.478317
vt 0.826385 0.474286
vt 0.848963 0.470256
vt 0.871540 0.466226
vt 0.894118 0.462195
vt 0.916696 0.458165
vt 0.939273 0.454135
vt 0.961851 0.450105
vt 0.984429 0.446074
vt 0.780156 0.506083
vt 0.757452 0.510314
vt 0.802860 0.501852
vt 0.825565 0.497622
vt 0.848269 0.493391
vt 0.870973 0.489160
vt 0.893678 0.484930
vt 0.916382 0.480699
vt 0.939086 0.476469
vt 0.961791 0.472238
vt 0.984495 0.468007
vt 0.778926 0.529810
vt 0.756077 0.534241
vt 0.801775 0.525380
vt 0.824624 0.520950
vt 0.847474 0.516520
vt 0.870323 0.512090
vt 0.893172 0.507660
vt 0.916022 0.503230
vt 0.961721 0.494370
vt 0.938871 0.498800
vt 0.984570 0.489940
vt 0.777571 0.553530
vt 0.754550 0.558158
vt 0.800591 0.548901
vt 0.823612 0.544273
vt 0.846633 0.539644
vt 0.869654 0.535015
vt 0.892675 0.530387
vt 0.915695 0.525758
vt 0.938716 0.521130
vt 0.984758 0.511873
vt 0.961737 0.516501
vt 0.776102 0.577241
vt 0.752897 0.582068
vt 0.799307 0.572415
vt 0.822511 0.567589
vt 0.845716 0.562763
vt 0.868921 0.557936
vt 0.892126 0.553110
vt 0.915331 0.548284
vt 0.938536 0.543458
vt 0.961740 0.538632
vt 0.774552 0.600946
vt 0.751144 0.605970
vt 0.797961 0.595923
vt 0.821369 0.590900
vt 0.844777 0.585877
vt 0.868186 0.580853
vt 0.891594 0.575830
vt 0.915002 0.570807
vt 0.938411 0.565783
vt 0.961819 0.560760
vt 0.985227 0.555737
vt 0.772935 0.624646
vt 0.749315 0.629867
vt 0.796556 0.619427
vt 0.820177 0.614207
vt 0.843797 0.608987
vt 0.867418 0.603767
vt 0.891038 0.598547
vt 0.914659 0.593328
vt 0.938279 0.588108
vt 0.961900 0.582888
vt 0.985520 0.577668
vt 0.771281 0.648343
vt 0.747437 0.653759
vt 0.795125 0.642927
vt 0.818969 0.637511
vt 0.842813 0.632095
vt 0.866658 0.626679
vt 0.890502 0.621263
vt 0.914346 0.615847
vt 0.938190 0.610431
vt 0.962034 0.605015
vt 0.985878 0.599598
vt 0.769607 0.672038
vt 0.745534 0.677650
vt 0.793680 0.666426
vt 0.817753 0.660814
vt 0.841826 0.655201
vt 0.865899 0.649589
vt 0.889972 0.643977
vt 0.914044 0.638365
vt 0.938117 0.632753
vt 0.962190 0.627141
vt 0.986263 0.621528
vt 0.986754 0.646647
vt 0.987281 0.671765
vt 0.965122 0.649933
vt 0.987854 0.696882
vt 0.967983 0.673252
vt 0.988452 0.721998
vt 0.970470 0.697365
vt 0.989087 0.747114
vt 0.972212 0.722145
vt 0.989737 0.772229
vt 0.973343 0.747181
vt 0.990415 0.797343
vt 0.974117 0.772275
vt 0.991099 0.822457
vt 0.974740 0.797378
vt 0.991799 0.847571
vt 0.975356 0.822481
vt 0.976617 0.872685
vt 0.975986 0.847583
vt 0.943490 0.653220
vt 0.948685 0.674740
vt 0.953085 0.697848
vt 0.955972 0.722291
vt 0.957599 0.747248
vt 0.958497 0.772322
vt 0.959066 0.797413
vt 0.960173 0.847594
vt 0.959613 0.822504
vt 0.960734 0.872685
vt 0.921858 0.656506
vt 0.929388 0.676227
vt 0.935701 0.698331
vt 0.939733 0.722437
vt 0.941854 0.747314
vt 0.942877 0.772369
vt 0.943391 0.797448
vt 0.944359 0.847606
vt 0.943870 0.822527
vt 0.944850 0.872685
vt 0.900226 0.659793
vt 0.910090 0.677714
vt 0.918317 0.698813
vt 0.923493 0.722584
vt 0.926110 0.747381
vt 0.927257 0.772415
vt 0.927716 0.797483
vt 0.928127 0.822550
vt 0.928967 0.872685
vt 0.928546 0.847618
vt 0.878595 0.663079
vt 0.890792 0.679201
vt 0.900932 0.699296
vt 0.907253 0.722730
vt 0.910366 0.747448
vt 0.911637 0.772462
vt 0.912041 0.797517
vt 0.912383 0.822573
vt 0.912733 0.847629
vt 0.856963 0.666365
vt 0.871494 0.680689
vt 0.883548 0.699779
vt 0.891014 0.722876
vt 0.894621 0.747514
vt 0.896017 0.772508
vt 0.896366 0.797552
vt 0.896640 0.822597
vt 0.913084 0.872685
vt 0.896920 0.847641
vt 0.835331 0.669652
vt 0.852196 0.682176
vt 0.866163 0.700262
vt 0.874774 0.723022
vt 0.878877 0.747581
vt 0.880397 0.772555
vt 0.880692 0.797587
vt 0.880897 0.822620
vt 0.897200 0.872685
vt 0.881107 0.847652
vt 0.813699 0.672938
vt 0.832898 0.683663
vt 0.848779 0.700745
vt 0.858535 0.723169
vt 0.863133 0.747648
vt 0.864777 0.772602
vt 0.865017 0.797622
vt 0.865154 0.822643
vt 0.881317 0.872685
vt 0.865294 0.847664
vt 0.792067 0.676224
vt 0.813600 0.685151
vt 0.831395 0.701227
vt 0.842295 0.723315
vt 0.847388 0.747715
vt 0.849157 0.772648
vt 0.849342 0.797657
vt 0.849411 0.822666
vt 0.865434 0.872685
vt 0.849481 0.847676
vt 0.770435 0.679511
vt 0.794302 0.686638
vt 0.814010 0.701710
vt 0.826055 0.723461
vt 0.831644 0.747782
vt 0.833537 0.772695
vt 0.833668 0.797691
vt 0.833668 0.822689
vt 0.849551 0.872685
vt 0.833668 0.847687
vt 0.466519 0.928770
vt 0.448136 0.928536
vt 0.466519 0.928536
vt 0.448136 0.928770
vt 0.429752 0.928536
vt 0.411368 0.928770
vt 0.411368 0.928536
vt 0.392985 0.928536
vt 0.392985 0.928770
vt 0.374601 0.928536
vt 0.356218 0.928770
vt 0.356218 0.928536
vt 0.337834 0.928770
vt 0.337834 0.928536
vt 0.319451 0.928536
vt 0.301067 0.928770
vt 0.301067 0.928536
vt 0.992500 0.928536
vt 0.976620 0.928770
vt 0.976620 0.928536
vt 0.960740 0.928770
vt 0.960740 0.928536
vt 0.944860 0.928536
vt 0.944860 0.928770
vt 0.928980 0.928536
vt 0.928980 0.928770
vt 0.913099 0.928536
vt 0.913099 0.928770
vt 0.897219 0.928536
vt 0.897219 0.928770
vt 0.881339 0.928536
vt 0.881339 0.928770
vt 0.865459 0.928536
vt 0.865459 0.928770
vt 0.849579 0.928536
vt 0.849579 0.928770
vt 0.833699 0.928536
vt 0.271762 0.833999
vt 0.263025 0.835595
vt 0.270074 0.830989
vt 0.189676 0.789754
vt 0.193610 0.798341
vt 0.190900 0.799392
vt 0.194765 0.751368
vt 0.201154 0.744668
vt 0.197237 0.753067
vt 0.217360 0.839713
vt 0.227989 0.839662
vt 0.227254 0.843196
vt 0.282456 0.746851
vt 0.277236 0.740828
vt 0.279264 0.738328
vt 0.277424 0.826430
vt 0.275514 0.823809
vt 0.189328 0.780013
vt 0.192425 0.789249
vt 0.191617 0.760660
vt 0.194280 0.761851
vt 0.208872 0.834054
vt 0.218636 0.836380
vt 0.284263 0.755702
vt 0.280264 0.748873
vt 0.240951 0.718099
vt 0.230889 0.722291
vt 0.230327 0.718722
vt 0.281073 0.817972
vt 0.278964 0.815815
vt 0.250073 0.719009
vt 0.240892 0.721656
vt 0.190013 0.770283
vt 0.192742 0.770926
vt 0.192108 0.780082
vt 0.202271 0.826475
vt 0.210572 0.831019
vt 0.285125 0.764618
vt 0.281951 0.757214
vt 0.220215 0.721589
vt 0.221336 0.724990
vt 0.283168 0.809123
vt 0.280928 0.807483
vt 0.258950 0.721262
vt 0.249473 0.722516
vt 0.246915 0.843940
vt 0.237941 0.840849
vt 0.246494 0.840412
vt 0.197405 0.817823
vt 0.204297 0.823864
vt 0.285430 0.773511
vt 0.282757 0.765607
vt 0.211303 0.726796
vt 0.212875 0.729925
vt 0.284469 0.800225
vt 0.282142 0.799113
vt 0.267157 0.724985
vt 0.257842 0.724646
vt 0.255937 0.842165
vt 0.254995 0.838734
vt 0.193638 0.808765
vt 0.199700 0.815726
vt 0.285430 0.782398
vt 0.283038 0.773977
vt 0.204245 0.733989
vt 0.206159 0.736719
vt 0.285129 0.791299
vt 0.282755 0.790711
vt 0.283042 0.782338
vt 0.274272 0.730392
vt 0.265646 0.728171
vt 0.264403 0.838842
vt 0.196173 0.807205
vt 0.198952 0.742443
vt 0.237824 0.844401
vt 0.272470 0.733286
vt 0.245544 0.834238
vt 0.274835 0.751665
vt 0.220892 0.830551
vt 0.253069 0.832791
vt 0.276220 0.759187
vt 0.213959 0.825802
vt 0.260092 0.830124
vt 0.276856 0.766816
vt 0.208598 0.819483
vt 0.266245 0.826249
vt 0.277049 0.774491
vt 0.204615 0.812205
vt 0.270775 0.819889
vt 0.240503 0.727877
vt 0.231615 0.728480
vt 0.201501 0.804500
vt 0.273650 0.812783
vt 0.223260 0.730925
vt 0.199319 0.796568
vt 0.275278 0.805281
vt 0.215980 0.735304
vt 0.198340 0.788465
vt 0.276292 0.797644
vt 0.210258 0.741292
vt 0.248151 0.728614
vt 0.276791 0.789925
vt 0.205923 0.748382
vt 0.255539 0.730447
vt 0.276991 0.782201
vt 0.202459 0.755974
vt 0.262337 0.733422
vt 0.199922 0.763839
vt 0.268338 0.737772
vt 0.198624 0.771942
vt 0.237906 0.834605
vt 0.198153 0.780201
vt 0.272324 0.744507
vt 0.229057 0.833511
vt 0.240157 0.781255
vt 0.670774 0.749537
vt 0.680099 0.736960
vt 0.672289 0.751195
vt 0.737252 0.747692
vt 0.732120 0.733620
vt 0.733958 0.730693
vt 0.663298 0.800277
vt 0.666101 0.814490
vt 0.664325 0.816827
vt 0.723956 0.812996
vt 0.715262 0.825034
vt 0.722795 0.811015
vt 0.664775 0.765791
vt 0.665234 0.782748
vt 0.663298 0.783105
vt 0.722085 0.718185
vt 0.704892 0.718085
vt 0.705300 0.714210
vt 0.703736 0.839813
vt 0.686944 0.836854
vt 0.703651 0.836119
vt 0.679135 0.734420
vt 0.689781 0.723931
vt 0.738324 0.764660
vt 0.735264 0.749547
vt 0.670942 0.830272
vt 0.669187 0.833831
vt 0.732032 0.798014
vt 0.730316 0.796923
vt 0.666652 0.766500
vt 0.720826 0.721788
vt 0.665188 0.798871
vt 0.715912 0.827876
vt 0.738794 0.782027
vt 0.736634 0.781865
vt 0.689409 0.720495
vt 0.736219 0.765488
vt 0.686124 0.840514
vt 0.811969 0.746992
vt 0.805140 0.733618
vt 0.806472 0.730647
vt 0.746713 0.755318
vt 0.753653 0.741632
vt 0.748348 0.756742
vt 0.755117 0.836990
vt 0.771365 0.840428
vt 0.770974 0.843914
vt 0.815402 0.781209
vt 0.813503 0.764977
vt 0.815402 0.763949
vt 0.761457 0.724624
vt 0.776960 0.721271
vt 0.762203 0.727934
vt 0.741221 0.771702
vt 0.743219 0.772216
vt 0.799363 0.829322
vt 0.788177 0.838882
vt 0.798546 0.826649
vt 0.741925 0.788677
vt 0.746688 0.803771
vt 0.745025 0.805166
vt 0.792989 0.723160
vt 0.793778 0.719507
vt 0.811672 0.798288
vt 0.804695 0.812454
vt 0.810043 0.797280
vt 0.748292 0.821406
vt 0.756308 0.833699
vt 0.810337 0.748973
vt 0.752424 0.739269
vt 0.788622 0.842638
vt 0.743837 0.788239
vt 0.813490 0.781232
vt 0.776922 0.717609
vt 0.805930 0.814388
vt 0.749688 0.819113
vt 0.727661 0.739015
vt 0.674765 0.827323
vt 0.687896 0.832139
vt 0.718265 0.728626
vt 0.670384 0.814360
vt 0.704633 0.725202
vt 0.731128 0.782744
vt 0.691949 0.730670
vt 0.669676 0.800127
vt 0.725267 0.796531
vt 0.683704 0.742290
vt 0.669990 0.784947
vt 0.718397 0.809912
vt 0.676583 0.755444
vt 0.730939 0.767794
vt 0.711634 0.822847
vt 0.671466 0.769666
vt 0.730127 0.753148
vt 0.701643 0.831995
vt 0.753561 0.818916
vt 0.759564 0.831163
vt 0.801159 0.738348
vt 0.772191 0.836069
vt 0.805554 0.752178
vt 0.752391 0.760237
vt 0.747646 0.774868
vt 0.785742 0.835512
vt 0.808398 0.767239
vt 0.757387 0.745979
vt 0.794775 0.825903
vt 0.808300 0.782627
vt 0.764680 0.733638
vt 0.800385 0.812877
vt 0.748364 0.789798
vt 0.777187 0.727561
vt 0.805212 0.798255
vt 0.750931 0.804545
vt 0.791082 0.728925
vt 0.699506 0.779765
vt 0.778526 0.782588
vt 0.967803 0.007500
vt 0.992490 0.007864
vt 0.943107 0.007500
vt 0.918410 0.007500
vt 0.893714 0.007500
vt 0.869017 0.007500
vt 0.844321 0.007500
vt 0.819624 0.007501
vt 0.794927 0.007501
vt 0.770231 0.007501
vt 0.745534 0.007501
vt 0.032111 0.023525
vt 0.007500 0.023525
vt 0.056722 0.023525
vt 0.081332 0.023525
vt 0.105943 0.023525
vt 0.130554 0.023525
vt 0.155164 0.023525
vt 0.179775 0.023525
vt 0.204386 0.023525
vt 0.228997 0.023525
vt 0.441908 0.023525
vt 0.466510 0.023903
vt 0.417297 0.023525
vt 0.392687 0.023525
vt 0.368076 0.023525
vt 0.343465 0.023525
vt 0.318854 0.023525
vt 0.294243 0.023525
vt 0.269632 0.023525
vt 0.245021 0.023525
vt 0.507240 0.007500
vt 0.482544 0.007500
vt 0.531937 0.007500
vt 0.556633 0.007500
vt 0.581330 0.007500
vt 0.606027 0.007500
vt 0.630723 0.007500
vt 0.655420 0.007501
vt 0.680116 0.007501
vt 0.704813 0.007501
vt 0.729510 0.007501
vt 0.833699 0.888709
vt 0.849579 0.888709
vt 0.865459 0.888709
vt 0.881339 0.888709
vt 0.897219 0.888709
vt 0.913099 0.888709
vt 0.928980 0.888709
vt 0.944860 0.888709
vt 0.960740 0.888709
vt 0.976620 0.888709
vt 0.992500 0.888709
vt 0.319451 0.888709
vt 0.301067 0.888709
vt 0.337834 0.888709
vt 0.356218 0.888709
vt 0.374601 0.888710
vt 0.392985 0.888709
vt 0.411369 0.888709
vt 0.429752 0.888709
vt 0.448136 0.888709
vt 0.466519 0.888709
vt 0.641345 0.888709
vt 0.625465 0.888709
vt 0.609585 0.888709
vt 0.593705 0.888709
vt 0.577824 0.888709
vt 0.561944 0.888709
vt 0.546064 0.888709
vt 0.530184 0.888709
vt 0.514304 0.888709
vt 0.498424 0.888709
vt 0.482544 0.888709
vt 0.172952 0.888709
vt 0.154568 0.888709
vt 0.136185 0.888709
vt 0.117801 0.888709
vt 0.099418 0.888709
vt 0.081034 0.888709
vt 0.062651 0.888709
vt 0.044267 0.888709
vt 0.025884 0.888709
vt 0.007500 0.888709
vt 0.855000 0.962000
vt 0.852010 0.966975
vt 0.853000 0.962000
vt 0.850607 0.972607
vt 0.853858 0.967740
vt 0.844975 0.974010
vt 0.849192 0.971192
vt 0.845740 0.975858
vt 0.840000 0.975000
vt 0.840000 0.977000
vt 0.835025 0.974010
vt 0.829393 0.972607
vt 0.834260 0.975858
vt 0.827990 0.966975
vt 0.830808 0.971192
vt 0.825000 0.962000
vt 0.826142 0.967740
vt 0.826142 0.956260
vt 0.827000 0.962000
vt 0.830808 0.952808
vt 0.827990 0.957025
vt 0.834260 0.948142
vt 0.829393 0.951393
vt 0.840000 0.947000
vt 0.835025 0.949990
vt 0.845740 0.948142
vt 0.840000 0.949000
vt 0.850607 0.951393
vt 0.844975 0.949990
vt 0.852010 0.957025
vt 0.849192 0.952808
vt 0.853858 0.956260
vt 0.849701 0.966018
vt 0.850500 0.962000
vt 0.847425 0.969425
vt 0.844018 0.971701
vt 0.840000 0.972500
vt 0.835982 0.971701
vt 0.830299 0.966018
vt 0.832575 0.969425
vt 0.829500 0.962000
vt 0.830299 0.957982
vt 0.832575 0.954575
vt 0.835982 0.952299
vt 0.840000 0.951500
vt 0.844018 0.952299
vt 0.847425 0.954575
vt 0.849701 0.957982
vt 0.840000 0.962000
vt 0.030000 0.949500
vt 0.038000 0.942000
vt 0.030000 0.942000
vt 0.038000 0.949500
vt 0.046000 0.942000
vt 0.030000 0.957000
vt 0.038000 0.957000
vt 0.046000 0.949500
vt 0.030000 0.964500
vt 0.046000 0.964500
vt 0.046000 0.957000
vt 0.038000 0.972000
vt 0.038000 0.964500
vt 0.046000 0.972000
vt 0.030000 0.972000
vt 0.038000 0.979500
vt 0.046000 0.979500
vt 0.030000 0.979500
vt 0.038000 0.987000
vt 0.150000 0.949500
vt 0.158000 0.942000
vt 0.150000 0.942000
vt 0.158000 0.949500
vt 0.166000 0.942000
vt 0.150000 0.957000
vt 0.158000 0.957000
vt 0.166000 0.949500
vt 0.150000 0.964500
vt 0.158000 0.964500
vt 0.166000 0.957000
vt 0.150000 0.972000
vt 0.158000 0.972000
vt 0.166000 0.964500
vt 0.158000 0.979500
vt 0.166000 0.979500
vt 0.166000 0.972000
vt 0.150000 0.987000
vt 0.150000 0.979500
vt 0.158000 0.987000
vt 0.270000 0.949500
vt 0.278000 0.942000
vt 0.270000 0.942000
vt 0.278000 0.949500
vt 0.286000 0.942000
vt 0.270000 0.957000
vt 0.278000 0.957000
vt 0.286000 0.949500
vt 0.270000 0.964500
vt 0.278000 0.964500
vt 0.286000 0.957000
vt 0.270000 0.972000
vt 0.278000 0.972000
vt 0.286000 0.964500
vt 0.270000 0.979500
vt 0.278000 0.979500
vt 0.286000 0.972000
vt 0.270000 0.987000
vt 0.278000 0.987000
vt 0.286000 0.979500
vt 0.390000 0.949500
vt 0.398000 0.942000
vt 0.390000 0.942000
vt 0.398000 0.949500
vt 0.406000 0.942000
vt 0.390000 0.957000
vt 0.406000 0.957000
vt 0.406000 0.949500
vt 0.390000 0.964500
vt 0.398000 0.957000
vt 0.406000 0.964500
vt 0.398000 0.972000
vt 0.398000 0.964500
vt 0.406000 0.972000
vt 0.390000 0.972000
vt 0.398000 0.979500
vt 0.406000 0.979500
vt 0.390000 0.979500
vt 0.398000 0.987000
vt 0.406000 0.987000
vt 0.510000 0.949500
vt 0.518000 0.942000
vt 0.510000 0.942000
vt 0.526000 0.949500
vt 0.526000 0.942000
vt 0.518000 0.957000
vt 0.518000 0.949500
vt 0.526000 0.957000
vt 0.510000 0.964500
vt 0.510000 0.957000
vt 0.518000 0.964500
vt 0.518000 0.972000
vt 0.526000 0.972000
vt 0.526000 0.964500
vt 0.510000 0.972000
vt 0.518000 0.979500
vt 0.526000 0.979500
vt 0.510000 0.979500
vt 0.518000 0.987000
vt 0.030000 0.987000
vt 0.390000 0.987000
vt 0.510000 0.987000
vt 0.166000 0.987000
vt 0.046000 0.987000
vt 0.286000 0.987000
vt 0.526000 0.987000
vt 0.228997 0.685162
vt 0.172911 0.872685
vt 0.729510 0.677650
vt 0.641375 0.872685
vt 0.172952 0.928536
vt 0.641345 0.928770
vt 0.464385 0.109603
vt 0.461987 0.217207
vt 0.466519 0.872686
vt 0.988385 0.160977
vt 0.984945 0.533805
vt 0.992500 0.872685
vt 0.833667 0.872685
vt 0.429752 0.928770
vt 0.374601 0.928770
vt 0.319451 0.928770
vt 0.992500 0.928770
vt 0.833699 0.928770
vt 0.992500 0.007500
vt 0.466519 0.023525
s 1
usemtl lowr_diff_004_a_whi
f 1/1/1 2/2/2 3/3/3
f 4/4/4 5/5/5 2/2/2
f 6/6/6 7/7/7 5/5/5
f 8/8/8 9/9/9 7/7/7
f 10/10/10 11/11/11 9/9/9
f 11/11/11 12/12/12 13/13/13
f 13/13/13 14/14/14 15/15/15
f 15/15/15 16/16/16 17/17/17
f 17/17/17 18/18/18 19/19/19
f 20/20/20 6/6/6 4/4/4
f 6/6/6 21/21/21 8/8/8
f 8/8/8 22/22/22 10/10/10
f 10/10/10 23/23/23 24/24/24
f 23/23/23 12/12/12 24/24/24
f 25/25/25 14/14/14 12/12/12
f 14/14/14 26/26/26 16/16/16
f 16/16/16 27/27/27 18/18/18
f 28/28/28 29/29/29 30/30/30
f 31/31/31 32/32/32 20/20/20
f 20/20/20 33/33/33 34/34/34
f 34/34/34 35/35/35 21/21/21
f 21/21/21 36/36/36 22/22/22
f 22/22/22 37/37/37 23/23/23
f 23/23/23 38/38/38 25/25/25
f 25/25/25 39/39/39 40/40/40
f 40/40/40 41/41/41 26/26/26
f 26/26/26 42/42/42 27/27/27
f 43/43/43 32/32/32 44/44/44
f 45/45/45 33/33/33 32/32/32
f 46/46/46 35/35/35 33/33/33
f 35/35/35 47/47/47 36/36/36
f 36/36/36 48/48/48 37/37/37
f 37/37/37 49/49/49 38/38/38
f 38/38/38 50/50/50 39/39/39
f 39/39/39 51/51/51 41/41/41
f 41/41/41 52/52/52 42/42/42
f 53/53/53 45/45/45 43/43/43
f 54/54/54 46/46/46 45/45/45
f 55/55/55 56/56/56 46/46/46
f 56/56/56 57/57/57 47/47/47
f 47/47/47 58/58/58 48/48/48
f 48/48/48 59/59/59 49/49/49
f 49/49/49 60/60/60 50/50/50
f 50/50/50 61/61/61 51/51/51
f 51/51/51 62/62/62 52/52/52
f 53/53/53 63/63/63 54/54/54
f 54/54/54 64/64/64 55/55/55
f 64/64/64 65/65/65 55/55/55
f 66/66/66 57/57/57 65/65/65
f 67/67/67 58/58/58 57/57/57
f 58/58/58 68/68/68 59/59/59
f 59/59/59 69/69/69 60/60/60
f 60/60/60 70/70/70 61/61/61
f 61/61/61 71/71/71 62/62/62
f 72/72/72 63/63/63 73/73/73
f 74/74/74 64/64/64 63/63/63
f 75/75/75 66/66/66 64/64/64
f 76/76/76 67/67/67 66/66/66
f 67/67/67 77/77/77 78/78/78
f 78/78/78 68/68/68 79/79/79
f 68/68/68 80/80/80 69/69/69
f 69/69/69 81/81/81 70/70/70
f 70/70/70 81/81/81 71/71/71
f 72/72/72 82/82/82 74/74/74
f 74/74/74 83/83/83 75/75/75
f 75/75/75 84/84/84 76/76/76
f 84/84/84 77/77/77 76/76/76
f 85/85/85 78/78/78 77/77/77
f 86/86/86 87/87/87 78/78/78
f 87/87/87 88/88/88 80/80/80
f 80/80/80 88/88/88 81/81/81
f 81/81/81 89/89/89 90/90/90
f 91/91/91 92/92/92 82/82/82
f 82/82/82 93/93/93 83/83/83
f 83/83/83 94/94/94 84/84/84
f 84/84/84 95/95/95 85/85/85
f 95/95/95 86/86/86 85/85/85
f 86/86/86 96/96/96 97/97/97
f 97/97/97 96/96/96 88/88/88
f 88/88/88 98/98/98 99/99/99
f 99/99/99 100/100/100 89/89/89
f 101/101/101 102/102/102 92/92/92
f 92/92/92 103/103/103 93/93/93
f 93/93/93 104/104/104 94/94/94
f 94/94/94 105/105/105 95/95/95
f 95/95/95 106/106/106 107/107/107
f 107/107/107 108/108/108 96/96/96
f 96/96/96 109/109/109 110/110/110
f 110/110/110 111/111/111 98/98/98
f 98/98/98 112/112/112 100/100/100
f 113/113/113 114/114/114 102/102/102
f 102/102/102 115/115/115 103/103/103
f 103/103/103 116/116/116 104/104/104
f 104/104/104 117/117/117 105/105/105
f 105/105/105 118/118/118 106/106/106
f 106/106/106 119/119/119 108/108/108
f 108/108/108 120/120/120 109/109/109
f 109/109/109 121/121/121 111/111/111
f 111/111/111 122/122/122 112/112/112
f 123/123/123 114/114/114 124/124/124
f 114/114/114 125/125/125 115/115/115
f 115/115/115 126/126/126 116/116/116
f 116/116/116 127/127/127 117/117/117
f 117/117/117 128/128/128 118/118/118
f 118/118/118 129/129/129 119/119/119
f 119/119/119 130/130/130 120/120/120
f 120/120/120 131/131/131 121/121/121
f 121/121/121 132/132/132 122/122/122
f 123/123/123 133/133/133 134/134/134
f 134/134/134 135/135/135 125/125/125
f 125/125/125 136/136/136 126/126/126
f 126/126/126 137/137/137 127/127/127
f 127/127/127 138/138/138 128/128/128
f 128/128/128 139/139/139 129/129/129
f 129/129/129 140/140/140 130/130/130
f 130/130/130 141/141/141 131/131/131
f 131/131/131 142/142/142 132/132/132
f 143/143/143 144/144/144 133/133/133
f 133/133/133 145/145/145 135/135/135
f 135/135/135 146/146/146 136/136/136
f 136/136/136 147/147/147 137/137/137
f 137/137/137 148/148/148 138/138/138
f 138/138/138 149/149/149 139/139/139
f 139/139/139 150/150/150 140/140/140
f 140/140/140 151/151/151 141/141/141
f 141/141/141 152/152/152 142/142/142
f 153/153/153 154/154/154 144/144/144
f 144/144/144 155/155/155 145/145/145
f 145/145/145 156/156/156 146/146/146
f 146/146/146 157/157/157 147/147/147
f 147/147/147 158/158/158 148/148/148
f 148/148/148 159/159/159 149/149/149
f 149/149/149 160/160/160 150/150/150
f 150/150/150 161/161/161 151/151/151
f 151/151/151 162/162/162 152/152/152
f 163/163/163 164/164/164 154/154/154
f 154/154/154 165/165/165 155/155/155
f 155/155/155 166/166/166 156/156/156
f 156/156/156 167/167/167 157/157/157
f 157/157/157 168/168/168 158/158/158
f 158/158/158 169/169/169 159/159/159
f 159/159/159 170/170/170 160/160/160
f 160/160/160 171/171/171 161/161/161
f 161/161/161 172/172/172 162/162/162
f 173/173/173 174/174/174 164/164/164
f 164/164/164 175/175/175 165/165/165
f 165/165/165 176/176/176 166/166/166
f 166/166/166 177/177/177 167/167/167
f 167/167/167 178/178/178 168/168/168
f 168/168/168 179/179/179 169/169/169
f 169/169/169 180/180/180 170/170/170
f 170/170/170 181/181/181 171/171/171
f 171/171/171 182/182/182 172/172/172
f 183/183/183 184/184/184 174/174/174
f 174/174/174 185/185/185 175/175/175
f 175/175/175 186/186/186 176/176/176
f 176/176/176 187/187/187 177/177/177
f 177/177/177 188/188/188 178/178/178
f 178/178/178 189/189/189 179/179/179
f 179/179/179 190/190/190 180/180/180
f 180/180/180 191/191/191 181/181/181
f 181/181/181 192/192/192 182/182/182
f 193/193/193 194/194/194 184/184/184
f 184/184/184 195/195/195 185/185/185
f 185/185/185 196/196/196 186/186/186
f 186/186/186 197/197/197 187/187/187
f 187/187/187 198/198/198 188/188/188
f 188/188/188 199/199/199 189/189/189
f 189/189/189 200/200/200 190/190/190
f 190/190/190 201/201/201 191/191/191
f 191/191/191 202/202/202 192/192/192
f 203/203/203 204/204/204 194/194/194
f 194/194/194 205/205/205 195/195/195
f 195/195/195 206/206/206 196/196/196
f 196/196/196 207/207/207 197/197/197
f 197/197/197 208/208/208 198/198/198
f 198/198/198 209/209/209 199/199/199
f 199/199/199 210/210/210 200/200/200
f 200/200/200 211/211/211 201/201/201
f 201/201/201 212/212/212 202/202/202
f 213/213/213 214/214/214 204/204/204
f 204/204/204 215/215/215 205/205/205
f 205/205/205 216/216/216 206/206/206
f 206/206/206 217/217/217 207/207/207
f 207/207/207 218/218/218 208/208/208
f 208/208/208 219/219/219 209/209/209
f 209/209/209 220/220/220 210/210/210
f 210/210/210 221/221/221 211/211/211
f 211/211/211 222/222/222 212/212/212
f 223/223/223 224/224/224 214/214/214
f 214/214/214 225/225/225 215/215/215
f 215/215/215 226/226/226 216/216/216
f 216/216/216 227/227/227 217/217/217
f 217/217/217 228/228/228 218/218/218
f 218/218/218 229/229/229 219/219/219
f 219/219/219 230/230/230 220/220/220
f 220/220/220 231/231/231 221/221/221
f 221/221/221 232/232/232 222/222/222
f 233/233/233 234/234/234 224/224/224
f 224/224/224 235/235/235 225/225/225
f 225/225/225 236/236/236 226/226/226
f 226/226/226 237/237/237 227/227/227
f 227/227/227 238/238/238 228/228/228
f 228/228/228 239/239/239 229/229/229
f 229/229/229 240/240/240 230/230/230
f 230/230/230 241/241/241 231/231/231
f 231/231/231 242/242/242 232/232/232
f 243/243/243 244/244/244 234/234/234
f 234/234/234 245/245/245 235/235/235
f 235/235/235 246/246/246 236/236/236
f 236/236/236 247/247/247 237/237/237
f 237/237/237 248/248/248 238/238/238
f 238/238/238 249/249/249 239/239/239
f 239/239/239 250/250/250 240/240/240
f 240/240/240 251/251/251 241/241/241
f 241/241/241 252/252/252 242/242/242
f 253/253/253 254/254/254 244/244/244
f 244/244/244 255/255/255 245/245/245
f 245/245/245 256/256/256 246/246/246
f 246/246/246 257/257/257 247/247/247
f 247/247/247 258/258/258 248/248/248
f 248/248/248 259/259/259 249/249/249
f 249/249/249 260/260/260 250/250/250
f 250/250/250 261/261/261 251/251/251
f 251/251/251 262/262/262 252/252/252
f 263/263/263 264/264/264 254/254/254
f 254/254/254 265/265/265 255/255/255
f 255/255/255 266/266/266 256/256/256
f 256/256/256 267/267/267 257/257/257
f 257/257/257 268/268/268 258/258/258
f 258/258/258 269/269/269 259/259/259
f 259/259/259 270/270/270 260/260/260
f 260/260/260 271/271/271 261/261/261
f 261/261/261 272/272/272 262/262/262
f 273/273/273 274/274/274 264/264/264
f 264/264/264 275/275/275 265/265/265
f 265/265/265 276/276/276 266/266/266
f 266/266/266 277/277/277 267/267/267
f 267/267/267 278/278/278 268/268/268
f 268/268/268 279/279/279 269/269/269
f 269/269/269 280/280/280 270/270/270
f 270/270/270 281/281/281 271/271/271
f 271/271/271 282/282/282 272/272/272
f 281/281/281 283/283/283 282/282/282
f 284/284/284 285/285/285 283/283/283
f 285/285/285 286/286/286 287/287/287
f 287/287/287 288/288/288 289/289/289
f 289/289/289 290/290/290 291/291/291
f 291/291/291 292/292/292 293/293/293
f 293/293/293 294/294/294 295/295/295
f 295/295/295 296/296/296 297/297/297
f 297/297/297 298/298/298 299/299/299
f 299/299/299 300/300/300 301/301/301
f 281/281/281 302/302/302 284/284/284
f 284/284/284 303/303/303 304/304/304
f 304/304/304 305/305/305 286/286/286
f 286/286/286 306/306/306 288/288/288
f 288/288/288 307/307/307 290/290/290
f 290/290/290 308/308/308 292/292/292
f 292/292/292 309/309/309 294/294/294
f 294/294/294 310/310/310 296/296/296
f 296/296/296 311/311/311 298/298/298
f 298/298/298 312/312/312 300/300/300
f 280/280/280 313/313/313 302/302/302
f 302/302/302 314/314/314 303/303/303
f 303/303/303 315/315/315 305/305/305
f 305/305/305 316/316/316 306/306/306
f 316/316/316 307/307/307 306/306/306
f 307/307/307 317/317/317 308/308/308
f 308/308/308 318/318/318 309/309/309
f 309/309/309 319/319/319 310/310/310
f 310/310/310 320/320/320 311/311/311
f 311/311/311 321/321/321 312/312/312
f 279/279/279 322/322/322 313/313/313
f 313/313/313 323/323/323 314/314/314
f 314/314/314 324/324/324 315/315/315
f 315/315/315 325/325/325 316/316/316
f 325/325/325 326/326/326 316/316/316
f 327/327/327 317/317/317 326/326/326
f 317/317/317 328/328/328 318/318/318
f 318/318/318 329/329/329 319/319/319
f 319/319/319 330/330/330 320/320/320
f 320/320/320 331/331/331 321/321/321
f 278/278/278 332/332/332 322/322/322
f 322/322/322 333/333/333 323/323/323
f 323/323/323 334/334/334 324/324/324
f 324/324/324 335/335/335 325/325/325
f 335/335/335 327/327/327 325/325/325
f 336/336/336 337/337/337 327/327/327
f 338/338/338 328/328/328 337/337/337
f 339/339/339 329/329/329 328/328/328
f 340/340/340 330/330/330 329/329/329
f 330/330/330 341/341/341 331/331/331
f 277/277/277 342/342/342 332/332/332
f 332/332/332 343/343/343 333/333/333
f 333/333/333 344/344/344 334/334/334
f 344/344/344 335/335/335 334/334/334
f 345/345/345 336/336/336 335/335/335
f 346/346/346 338/338/338 336/336/336
f 347/347/347 339/339/339 338/338/338
f 339/339/339 348/348/348 340/340/340
f 340/340/340 349/349/349 350/350/350
f 350/350/350 351/351/351 341/341/341
f 276/276/276 352/352/352 342/342/342
f 342/342/342 353/353/353 343/343/343
f 343/343/343 354/354/354 344/344/344
f 344/344/344 355/355/355 345/345/345
f 355/355/355 346/346/346 345/345/345
f 356/356/356 347/347/347 346/346/346
f 357/357/357 358/358/358 347/347/347
f 358/358/358 359/359/359 348/348/348
f 348/348/348 360/360/360 349/349/349
f 349/349/349 361/361/361 351/351/351
f 275/275/275 362/362/362 352/352/352
f 352/352/352 363/363/363 353/353/353
f 353/353/353 364/364/364 354/354/354
f 354/354/354 365/365/365 355/355/355
f 365/365/365 356/356/356 355/355/355
f 366/366/366 357/357/357 356/356/356
f 367/367/367 368/368/368 357/357/357
f 369/369/369 359/359/359 368/368/368
f 370/370/370 360/360/360 359/359/359
f 360/360/360 371/371/371 361/361/361
f 274/274/274 372/372/372 362/362/362
f 362/362/362 373/373/373 363/363/363
f 363/363/363 374/374/374 364/364/364
f 364/364/364 375/375/375 365/365/365
f 375/375/375 366/366/366 365/365/365
f 376/376/376 367/367/367 366/366/366
f 377/377/377 369/369/369 367/367/367
f 378/378/378 370/370/370 369/369/369
f 379/379/379 380/380/380 370/370/370
f 381/381/381 371/371/371 380/380/380
f 382/382/382 383/383/383 384/384/384
f 385/385/385 386/386/386 383/383/383
f 387/387/387 388/388/388 386/386/386
f 389/389/389 390/390/390 388/388/388
f 391/391/391 392/392/392 390/390/390
f 393/393/393 394/394/394 392/392/392
f 395/395/395 396/396/396 394/394/394
f 396/396/396 397/397/397 398/398/398
f 398/398/398 399/399/399 400/400/400
f 400/400/400 401/401/401 402/402/402
f 403/403/403 387/387/387 385/385/385
f 404/404/404 389/389/389 387/387/387
f 405/405/405 391/391/391 389/389/389
f 391/391/391 406/406/406 393/393/393
f 393/393/393 407/407/407 395/395/395
f 407/407/407 408/408/408 395/395/395
f 409/409/409 397/397/397 408/408/408
f 397/397/397 410/410/410 399/399/399
f 399/399/399 411/411/411 401/401/401
f 412/412/412 413/413/413 414/414/382
f 415/415/414 403/403/403 416/416/415
f 417/417/416 404/404/404 403/403/403
f 418/418/417 405/405/405 404/404/404
f 405/405/405 419/419/418 420/420/419
f 420/420/419 421/421/420 406/406/406
f 406/406/406 422/422/421 407/407/407
f 407/407/407 423/423/422 409/409/409
f 409/409/409 424/424/423 425/425/424
f 424/424/423 410/410/410 425/425/424
f 410/410/410 426/426/425 411/411/411
f 415/415/414 427/427/426 417/417/416
f 427/427/426 418/418/417 417/417/416
f 418/418/417 428/428/427 429/429/428
f 429/429/428 430/430/429 419/419/418
f 419/419/418 431/431/430 421/421/420
f 431/431/430 422/422/421 421/421/420
f 422/422/421 432/432/431 423/423/422
f 423/423/422 433/433/432 424/424/423
f 424/424/423 434/434/433 435/435/434
f 435/435/434 436/436/435 426/426/425
f 437/437/436 438/438/437 427/427/426
f 427/427/426 439/439/438 440/440/439
f 440/440/439 441/441/440 428/428/427
f 428/428/427 442/442/441 430/430/429
f 430/430/429 443/443/442 431/431/430
f 431/431/430 444/444/443 445/445/444
f 444/444/443 432/432/431 445/445/444
f 432/432/431 446/446/445 433/433/432
f 433/433/432 447/447/446 434/434/433
f 447/447/446 436/436/435 434/434/433
f 448/448/447 449/449/448 438/438/437
f 438/438/437 450/450/449 439/439/438
f 439/439/438 451/451/450 441/441/440
f 441/441/440 452/452/451 442/442/441
f 442/442/441 453/453/452 443/443/442
f 443/443/442 454/454/453 444/444/443
f 444/444/443 455/455/454 456/456/455
f 456/456/455 457/457/456 446/446/445
f 446/446/445 458/458/457 447/447/446
f 447/447/446 459/459/458 460/460/459
f 461/461/460 462/462/461 449/449/448
f 449/449/448 463/463/462 450/450/449
f 463/463/462 451/451/450 450/450/449
f 464/464/463 452/452/451 451/451/450
f 452/452/451 465/465/464 453/453/452
f 453/453/452 466/466/465 454/454/453
f 454/454/453 467/467/466 455/455/454
f 455/455/454 468/468/467 457/457/456
f 457/457/456 469/469/468 458/458/457
f 458/458/457 470/470/469 459/459/458
f 471/471/470 472/472/471 462/462/461
f 462/462/461 473/473/472 463/463/462
f 463/463/462 474/474/473 464/464/463
f 474/474/473 475/475/474 464/464/463
f 475/475/474 476/476/475 465/465/464
f 465/465/464 477/477/476 466/466/465
f 466/466/465 478/478/477 467/467/466
f 467/467/466 479/479/478 468/468/467
f 468/468/467 480/480/479 469/469/468
f 469/469/468 481/481/480 470/470/469
f 482/482/481 483/483/482 472/472/471
f 472/472/471 484/484/483 473/473/472
f 473/473/472 485/485/484 474/474/473
f 474/474/473 486/486/485 487/487/486
f 487/487/486 488/488/487 476/476/475
f 476/476/475 489/489/488 477/477/476
f 477/477/476 490/490/489 478/478/477
f 478/478/477 491/491/490 479/479/478
f 479/479/478 492/492/491 480/480/479
f 480/480/479 493/493/492 481/481/480
f 494/494/493 495/495/494 483/483/482
f 483/483/482 496/496/495 484/484/483
f 484/484/483 497/497/496 485/485/484
f 485/485/484 498/498/497 486/486/485
f 486/486/485 499/499/498 488/488/487
f 488/488/487 500/500/499 489/489/488
f 489/489/488 501/501/500 490/490/489
f 490/490/489 502/502/501 491/491/490
f 491/491/490 503/503/502 492/492/491
f 492/492/491 504/504/503 493/493/492
f 505/505/504 506/506/505 495/495/494
f 495/495/494 507/507/506 496/496/495
f 496/496/495 508/508/507 497/497/496
f 497/497/496 509/509/508 498/498/497
f 498/498/497 510/510/509 499/499/498
f 499/499/498 511/511/510 500/500/499
f 500/500/499 512/512/511 501/501/500
f 501/501/500 513/513/512 502/502/501
f 502/502/501 514/514/513 503/503/502
f 503/503/502 515/515/514 504/504/503
f 516/516/515 517/517/516 506/506/505
f 506/506/505 518/518/517 507/507/506
f 507/507/506 519/519/518 508/508/507
f 508/508/507 520/520/519 509/509/508
f 509/509/508 521/521/520 510/510/509
f 510/510/509 522/522/521 511/511/510
f 511/511/510 523/523/522 512/512/511
f 512/512/511 524/524/523 513/513/512
f 513/513/512 525/525/524 514/514/513
f 514/514/513 526/526/525 515/515/514
f 527/527/526 528/528/527 517/517/516
f 517/517/516 529/529/528 518/518/517
f 518/518/517 530/530/529 519/519/518
f 519/519/518 531/531/530 520/520/519
f 520/520/519 532/532/531 521/521/520
f 521/521/520 533/533/532 522/522/521
f 522/522/521 534/534/533 523/523/522
f 523/523/522 535/535/534 524/524/523
f 524/524/523 536/536/535 525/525/524
f 525/525/524 537/537/536 526/526/525
f 538/538/537 539/539/538 528/528/527
f 528/528/527 540/540/539 529/529/528
f 529/529/528 541/541/540 530/530/529
f 530/530/529 542/542/541 531/531/530
f 531/531/530 543/543/542 532/532/531
f 532/532/531 544/544/543 533/533/532
f 533/533/532 545/545/544 534/534/533
f 534/534/533 546/546/545 535/535/534
f 535/535/534 547/547/546 536/536/535
f 536/536/535 548/548/547 537/537/536
f 549/549/548 550/550/549 539/539/538
f 539/539/538 551/551/550 540/540/539
f 540/540/539 552/552/551 541/541/540
f 541/541/540 553/553/552 542/542/541
f 542/542/541 554/554/553 543/543/542
f 543/543/542 555/555/554 544/544/543
f 544/544/543 556/556/555 545/545/544
f 545/545/544 557/557/556 546/546/545
f 546/546/545 558/558/557 547/547/546
f 547/547/546 559/559/558 548/548/547
f 560/560/559 561/561/560 550/550/549
f 550/550/549 562/562/561 551/551/550
f 551/551/550 563/563/562 552/552/551
f 552/552/551 564/564/563 553/553/552
f 553/553/552 565/565/564 554/554/553
f 554/554/553 566/566/565 555/555/554
f 555/555/554 567/567/566 556/556/555
f 556/556/555 568/568/567 557/557/556
f 557/557/556 569/569/568 558/558/557
f 558/558/557 570/570/569 559/559/558
f 571/571/570 572/572/571 561/561/560
f 561/561/560 573/573/572 562/562/561
f 562/562/561 574/574/573 563/563/562
f 563/563/562 575/575/574 564/564/563
f 564/564/563 576/576/575 565/565/564
f 565/565/564 577/577/576 566/566/565
f 566/566/565 578/578/577 567/567/566
f 567/567/566 579/579/578 568/568/567
f 568/568/567 580/580/579 569/569/568
f 569/569/568 581/581/580 570/570/569
f 582/582/581 583/583/582 572/572/571
f 572/572/571 584/584/583 573/573/572
f 573/573/572 585/585/584 574/574/573
f 574/574/573 586/586/585 575/575/574
f 575/575/574 587/587/586 576/576/575
f 576/576/575 588/588/587 577/577/576
f 577/577/576 589/589/588 578/578/577
f 578/578/577 590/590/589 579/579/578
f 579/579/578 591/591/590 580/580/579
f 580/580/579 592/592/591 581/581/580
f 593/593/592 594/594/593 583/583/582
f 583/583/582 595/595/594 584/584/583
f 584/584/583 596/596/595 585/585/584
f 585/585/584 597/597/596 586/586/585
f 586/586/585 598/598/597 587/587/586
f 587/587/586 599/599/598 588/588/587
f 588/588/587 600/600/599 589/589/588
f 589/589/588 601/601/600 590/590/589
f 590/590/589 602/602/601 591/591/590
f 591/591/590 603/603/602 592/592/591
f 604/604/603 605/605/604 594/594/593
f 594/594/593 606/606/605 595/595/594
f 595/595/594 607/607/606 596/596/595
f 596/596/595 608/608/607 597/597/596
f 597/597/596 609/609/608 598/598/597
f 598/598/597 610/610/609 599/599/598
f 610/610/609 600/600/599 599/599/598
f 611/611/610 601/601/600 600/600/599
f 601/601/600 612/612/611 602/602/601
f 602/602/601 613/613/612 603/603/602
f 614/614/613 615/615/614 605/605/604
f 605/605/604 616/616/615 606/606/605
f 606/606/605 617/617/616 607/607/606
f 607/607/606 618/618/617 608/608/607
f 608/608/607 619/619/618 609/609/608
f 609/609/608 620/620/619 610/610/609
f 610/610/609 621/621/620 611/611/610
f 621/621/620 622/622/621 611/611/610
f 622/622/621 623/623/622 612/612/611
f 612/612/611 624/624/623 613/613/612
f 625/625/624 626/626/625 615/615/614
f 615/615/614 627/627/626 616/616/615
f 616/616/615 628/628/627 617/617/616
f 617/617/616 629/629/628 618/618/617
f 618/618/617 630/630/629 619/619/618
f 619/619/618 631/631/630 620/620/619
f 620/620/619 632/632/631 621/621/620
f 621/621/620 633/633/632 634/634/633
f 633/633/632 623/623/622 634/634/633
f 623/623/622 635/635/634 624/624/623
f 636/636/635 637/637/636 626/626/625
f 626/626/625 638/638/637 627/627/626
f 627/627/626 639/639/638 628/628/627
f 628/628/627 640/640/639 629/629/628
f 629/629/628 641/641/640 630/630/629
f 630/630/629 642/642/641 631/631/630
f 631/631/630 643/643/642 632/632/631
f 632/632/631 644/644/643 633/633/632
f 633/633/632 645/645/644 646/646/645
f 646/646/645 647/647/646 635/635/634
f 648/648/647 649/649/648 637/637/636
f 637/637/636 650/650/649 638/638/637
f 638/638/637 651/651/650 639/639/638
f 639/639/638 652/652/651 640/640/639
f 640/640/639 653/653/652 641/641/640
f 641/641/640 654/654/653 642/642/641
f 642/642/641 655/655/654 643/643/642
f 643/643/642 656/656/655 644/644/643
f 644/644/643 657/657/656 645/645/644
f 645/645/644 658/658/657 647/647/646
f 659/659/658 660/660/659 649/649/648
f 649/649/648 661/661/660 650/650/649
f 650/650/649 662/662/661 651/651/650
f 651/651/650 663/663/662 652/652/651
f 652/652/651 664/664/663 653/653/652
f 653/653/652 665/665/664 654/654/653
f 654/654/653 666/666/665 655/655/654
f 655/655/654 667/667/666 656/656/655
f 656/656/655 668/668/667 657/657/656
f 657/657/656 669/669/668 658/658/657
f 670/670/669 671/671/670 660/660/659
f 660/660/659 672/672/671 661/661/660
f 661/661/660 673/673/672 662/662/661
f 662/662/661 674/674/673 663/663/662
f 663/663/662 675/675/674 664/664/663
f 664/664/663 676/676/675 665/665/664
f 665/665/664 677/677/676 666/666/665
f 666/666/665 678/678/677 667/667/666
f 667/667/666 679/679/678 668/668/667
f 668/668/667 680/680/679 669/669/668
f 681/681/680 682/682/681 671/671/670
f 671/671/670 683/683/682 672/672/671
f 672/672/671 684/684/683 673/673/672
f 673/673/672 685/685/684 674/674/673
f 674/674/673 686/686/685 675/675/674
f 675/675/674 687/687/686 676/676/675
f 676/676/675 688/688/687 677/677/676
f 677/677/676 689/689/688 678/678/677
f 678/678/677 690/690/689 679/679/678
f 679/679/678 691/691/690 680/680/679
f 690/690/689 692/692/691 691/691/690
f 693/693/692 694/694/693 692/692/691
f 695/695/694 696/696/695 694/694/693
f 697/697/696 698/698/697 696/696/695
f 699/699/698 700/700/699 698/698/697
f 701/701/700 702/702/701 700/700/699
f 703/703/702 704/704/703 702/702/701
f 705/705/704 706/706/705 704/704/703
f 706/706/705 707/707/706 708/708/707
f 708/708/707 709/709/708 710/710/709
f 690/690/689 711/711/710 693/693/692
f 693/693/692 712/712/711 695/695/694
f 695/695/694 713/713/712 697/697/696
f 713/713/712 699/699/698 697/697/696
f 714/714/713 701/701/700 699/699/698
f 715/715/714 703/703/702 701/701/700
f 716/716/715 705/705/704 703/703/702
f 717/717/716 718/718/717 705/705/704
f 718/718/717 719/719/718 707/707/706
f 707/707/706 720/720/719 709/709/708
f 689/689/688 721/721/720 711/711/710
f 711/711/710 722/722/721 712/712/711
f 712/712/711 723/723/722 713/713/712
f 713/713/712 724/724/723 714/714/713
f 724/724/723 715/715/714 714/714/713
f 725/725/724 716/716/715 715/715/714
f 726/726/725 717/717/716 716/716/715
f 727/727/726 728/728/727 717/717/716
f 728/728/727 729/729/728 719/719/718
f 719/719/718 730/730/729 720/720/719
f 688/688/687 731/731/730 721/721/720
f 721/721/720 732/732/731 722/722/721
f 722/722/721 733/733/732 723/723/722
f 723/723/722 734/734/733 724/724/723
f 734/734/733 725/725/724 724/724/723
f 735/735/734 726/726/725 725/725/724
f 736/736/735 727/727/726 726/726/725
f 737/737/736 738/738/737 727/727/726
f 738/738/737 739/739/738 729/729/728
f 729/729/728 740/740/739 730/730/729
f 687/687/686 741/741/740 731/731/730
f 731/731/730 742/742/741 732/732/731
f 732/732/731 743/743/742 733/733/732
f 733/733/732 744/744/743 734/734/733
f 734/734/733 745/745/744 735/735/734
f 745/745/744 736/736/735 735/735/734
f 746/746/745 737/737/736 736/736/735
f 747/747/746 748/748/747 737/737/736
f 749/749/748 739/739/738 748/748/747
f 750/750/749 740/740/739 739/739/738
f 686/686/685 751/751/750 741/741/740
f 741/741/740 752/752/751 742/742/741
f 742/742/741 753/753/752 743/743/742
f 743/743/742 754/754/753 744/744/743
f 744/744/743 755/755/754 745/745/744
f 755/755/754 746/746/745 745/745/744
f 756/756/755 747/747/746 746/746/745
f 757/757/756 749/749/748 747/747/746
f 758/758/757 750/750/749 749/749/748
f 759/759/758 760/760/759 750/750/749
f 685/685/684 761/761/760 751/751/750
f 751/751/750 762/762/761 752/752/751
f 752/752/751 763/763/762 753/753/752
f 753/753/752 764/764/763 754/754/753
f 754/754/753 765/765/764 755/755/754
f 755/755/754 766/766/765 756/756/755
f 766/766/765 757/757/756 756/756/755
f 767/767/766 758/758/757 757/757/756
f 768/768/767 759/759/758 758/758/757
f 769/769/768 770/770/769 759/759/758
f 684/684/683 771/771/770 761/761/760
f 761/761/760 772/772/771 762/762/761
f 762/762/761 773/773/772 763/763/762
f 763/763/762 774/774/773 764/764/763
f 764/764/763 775/775/774 765/765/764
f 765/765/764 776/776/775 766/766/765
f 776/776/775 767/767/766 766/766/765
f 777/777/776 768/768/767 767/767/766
f 778/778/777 769/769/768 768/768/767
f 779/779/778 780/780/779 769/769/768
f 683/683/682 781/781/780 771/771/770
f 771/771/770 782/782/781 772/772/771
f 772/772/771 783/783/782 773/773/772
f 773/773/772 784/784/783 774/774/773
f 774/774/773 785/785/784 775/775/774
f 775/775/774 786/786/785 776/776/775
f 776/776/775 787/787/786 777/777/776
f 787/787/786 778/778/777 777/777/776
f 788/788/787 779/779/778 778/778/777
f 789/789/788 790/790/789 779/779/778
f 682/682/681 791/791/790 781/781/780
f 781/781/780 792/792/791 782/782/781
f 782/782/781 793/793/792 783/783/782
f 783/783/782 794/794/793 784/784/783
f 784/784/783 795/795/794 785/785/784
f 785/785/784 796/796/795 786/786/785
f 786/786/785 797/797/796 787/787/786
f 797/797/796 788/788/787 787/787/786
f 798/798/797 789/789/788 788/788/787
f 799/799/798 800/800/799 789/789/788
f 801/801/800 802/802/801 803/803/802
f 804/804/803 805/805/804 801/801/800
f 806/806/805 807/807/806 804/804/803
f 806/806/805 808/808/807 809/809/808
f 810/810/809 811/811/810 808/808/807
f 812/812/811 813/813/812 811/811/810
f 814/814/813 815/815/814 813/813/812
f 816/816/815 815/815/814 817/817/816
f 816/816/815 818/818/817 819/819/818
f 820/820/819 821/821/820 822/822/821
f 823/823/822 824/824/823 821/821/820
f 825/825/824 824/824/823 826/826/825
f 827/827/826 828/828/827 825/825/824
f 829/829/828 830/830/829 827/827/826
f 831/831/830 832/832/831 829/829/828
f 833/833/832 834/834/833 831/831/830
f 835/835/834 836/836/835 833/833/832
f 837/837/836 838/838/837 835/835/834
f 839/839/838 840/840/839 837/837/836
f 841/841/840 414/414/382 842/842/384
f 843/843/841 412/412/412 841/841/840
f 844/844/842 845/845/843 843/843/841
f 846/846/844 847/847/845 844/844/842
f 848/848/846 849/849/847 846/846/844
f 848/848/846 850/850/848 851/851/849
f 852/852/850 853/853/851 850/850/848
f 854/854/852 855/855/853 853/853/851
f 856/856/854 857/857/855 855/855/853
f 845/845/843 858/858/856 412/412/412
f 859/859/857 845/845/843 847/847/845
f 860/860/858 847/847/845 849/849/847
f 861/861/859 849/849/847 851/851/849
f 850/850/848 861/861/859 851/851/849
f 853/853/851 862/862/860 850/850/848
f 855/855/853 863/863/861 853/853/851
f 864/864/862 855/855/853 857/857/855
f 31/31/31 4/4/4 1/1/1
f 858/858/856 865/865/414 413/413/413
f 866/866/863 867/867/864 858/858/856
f 866/866/863 868/868/865 869/869/866
f 860/860/858 868/868/865 859/859/857
f 861/861/859 870/870/867 860/860/858
f 861/861/859 871/871/868 872/872/869
f 862/862/860 873/873/870 871/871/868
f 863/863/861 874/874/871 873/873/870
f 864/864/862 874/874/871 875/875/872
f 867/867/864 876/876/873 865/865/414
f 869/869/866 877/877/874 867/867/864
f 868/868/865 878/878/875 869/869/866
f 870/870/867 879/879/876 868/868/865
f 872/872/869 880/880/877 870/870/867
f 872/872/869 881/881/878 882/882/879
f 871/871/868 883/883/880 881/881/878
f 873/873/870 884/884/881 883/883/880
f 874/874/871 885/885/882 884/884/881
f 877/877/874 886/886/447 876/876/873
f 878/878/875 887/887/883 877/877/874
f 879/879/876 888/888/884 878/878/875
f 880/880/877 889/889/885 879/879/876
f 882/882/879 890/890/886 880/880/877
f 882/882/879 891/891/887 892/892/888
f 881/881/878 893/893/889 891/891/887
f 883/883/880 894/894/890 893/893/889
f 884/884/881 895/895/891 894/894/890
f 886/886/447 896/896/892 897/897/460
f 887/887/883 898/898/893 896/896/892
f 888/888/884 899/899/894 898/898/893
f 889/889/885 900/900/895 899/899/894
f 890/890/886 901/901/896 900/900/895
f 892/892/888 902/902/897 901/901/896
f 891/891/887 903/903/898 902/902/897
f 893/893/889 904/904/899 903/903/898
f 894/894/890 905/905/900 904/904/899
f 896/896/892 906/906/901 897/897/460
f 896/896/892 907/907/902 908/908/903
f 898/898/893 909/909/904 907/907/902
f 899/899/894 910/910/905 909/909/904
f 900/900/895 911/911/906 910/910/905
f 901/901/896 912/912/907 911/911/906
f 902/902/897 913/913/908 912/912/907
f 903/903/898 914/914/909 913/913/908
f 905/905/900 914/914/909 904/904/899
f 908/908/903 915/915/910 906/906/901
f 907/907/902 916/916/911 908/908/903
f 907/907/902 917/917/912 918/918/913
f 909/909/904 919/919/914 917/917/912
f 910/910/905 920/920/915 919/919/914
f 911/911/906 921/921/916 920/920/915
f 912/912/907 913/913/908 921/921/916
f 914/914/909 922/922/917 913/913/908
f 923/923/469 924/924/918 914/914/909
f 915/915/910 925/925/919 926/926/920
f 918/918/913 925/925/919 916/916/911
f 918/918/913 927/927/921 928/928/922
f 917/917/912 929/929/923 927/927/921
f 919/919/914 930/930/924 929/929/923
f 920/920/915 931/931/925 930/930/924
f 921/921/916 932/932/926 931/931/925
f 922/922/917 933/933/927 932/932/926
f 924/924/918 934/934/492 933/933/927
f 926/926/920 935/935/928 936/936/929
f 925/925/919 937/937/930 935/935/928
f 928/928/922 938/938/931 937/937/930
f 927/927/921 939/939/932 938/938/931
f 929/929/923 940/940/933 939/939/932
f 930/930/924 941/941/934 940/940/933
f 931/931/925 942/942/935 941/941/934
f 932/932/926 943/943/936 942/942/935
f 933/933/927 944/944/503 943/943/936
f 936/936/929 945/945/937 946/946/515
f 935/935/928 947/947/938 945/945/937
f 937/937/930 948/948/939 947/947/938
f 938/938/931 949/949/940 948/948/939
f 939/939/932 950/950/941 949/949/940
f 940/940/933 951/951/942 950/950/941
f 941/941/934 952/952/943 951/951/942
f 942/942/935 953/953/944 952/952/943
f 943/943/936 954/954/514 953/953/944
f 946/946/515 955/955/945 956/956/946
f 945/945/937 957/957/947 955/955/945
f 947/947/938 958/958/948 957/957/947
f 948/948/939 959/959/949 958/958/948
f 949/949/940 960/960/950 959/959/949
f 950/950/941 961/961/951 960/960/950
f 951/951/942 962/962/952 961/961/951
f 952/952/943 963/963/953 962/962/952
f 953/953/944 964/964/525 963/963/953
f 956/956/946 965/965/954 966/966/955
f 955/955/945 967/967/956 965/965/954
f 957/957/947 968/968/957 967/967/956
f 958/958/948 969/969/958 968/968/957
f 959/959/949 970/970/959 969/969/958
f 960/960/950 971/971/960 970/970/959
f 961/961/951 972/972/961 971/971/960
f 962/962/952 973/973/962 972/972/961
f 963/963/953 974/974/536 973/973/962
f 966/966/955 975/975/963 976/976/548
f 965/965/954 977/977/964 975/975/963
f 967/967/956 978/978/965 977/977/964
f 968/968/957 979/979/966 978/978/965
f 969/969/958 980/980/967 979/979/966
f 970/970/959 981/981/968 980/980/967
f 971/971/960 982/982/969 981/981/968
f 972/972/961 983/983/970 982/982/969
f 973/973/962 984/984/971 983/983/970
f 976/976/548 985/985/972 986/986/559
f 975/975/963 987/987/973 985/985/972
f 977/977/964 988/988/974 987/987/973
f 978/978/965 989/989/975 988/988/974
f 979/979/966 990/990/976 989/989/975
f 980/980/967 991/991/977 990/990/976
f 981/981/968 992/992/978 991/991/977
f 982/982/969 993/993/979 992/992/978
f 983/983/970 994/994/558 993/993/979
f 986/986/559 995/995/980 996/996/981
f 985/985/972 997/997/982 995/995/980
f 987/987/973 998/998/983 997/997/982
f 988/988/974 999/999/984 998/998/983
f 989/989/975 1000/1000/985 999/999/984
f 990/990/976 1001/1001/986 1000/1000/985
f 991/991/977 1002/1002/987 1001/1001/986
f 992/992/978 1003/1003/988 1002/1002/987
f 993/993/979 1004/1004/989 1003/1003/988
f 996/996/981 1005/1005/990 1006/1006/991
f 995/995/980 1007/1007/992 1005/1005/990
f 997/997/982 1008/1008/993 1007/1007/992
f 998/998/983 1009/1009/994 1008/1008/993
f 999/999/984 1010/1010/995 1009/1009/994
f 1000/1000/985 1011/1011/996 1010/1010/995
f 1001/1001/986 1012/1012/997 1011/1011/996
f 1002/1002/987 1013/1013/998 1012/1012/997
f 1003/1003/988 1014/1014/580 1013/1013/998
f 1006/1006/991 1015/1015/999 1016/1016/1000
f 1005/1005/990 1017/1017/1001 1015/1015/999
f 1007/1007/992 1018/1018/1002 1017/1017/1001
f 1008/1008/993 1019/1019/1003 1018/1018/1002
f 1009/1009/994 1020/1020/1004 1019/1019/1003
f 1010/1010/995 1021/1021/1005 1020/1020/1004
f 1011/1011/996 1022/1022/1006 1021/1021/1005
f 1012/1012/997 1023/1023/1007 1022/1022/1006
f 1013/1013/998 1024/1024/1008 1023/1023/1007
f 1016/1016/1000 1025/1025/1009 1026/1026/1010
f 1015/1015/999 1027/1027/1011 1025/1025/1009
f 1017/1017/1001 1028/1028/1012 1027/1027/1011
f 1018/1018/1002 1029/1029/1013 1028/1028/1012
f 1019/1019/1003 1030/1030/1014 1029/1029/1013
f 1020/1020/1004 1031/1031/1015 1030/1030/1014
f 1021/1021/1005 1032/1032/1016 1031/1031/1015
f 1022/1022/1006 1033/1033/1017 1032/1032/1016
f 1023/1023/1007 1034/1034/1018 1033/1033/1017
f 1026/1026/1010 1035/1035/1019 1036/1036/613
f 1025/1025/1009 1037/1037/1020 1035/1035/1019
f 1027/1027/1011 1038/1038/1021 1037/1037/1020
f 1028/1028/1012 1039/1039/1022 1038/1038/1021
f 1029/1029/1013 1040/1040/1023 1039/1039/1022
f 1030/1030/1014 1041/1041/1024 1040/1040/1023
f 1031/1031/1015 1042/1042/1025 1041/1041/1024
f 1032/1032/1016 1043/1043/1026 1042/1042/1025
f 1033/1033/1017 1044/1044/1027 1043/1043/1026
f 1036/1036/613 1045/1045/1028 1046/1046/624
f 1035/1035/1019 1047/1047/1029 1045/1045/1028
f 1037/1037/1020 1048/1048/1030 1047/1047/1029
f 1038/1038/1021 1049/1049/1031 1048/1048/1030
f 1039/1039/1022 1050/1050/1032 1049/1049/1031
f 1040/1040/1023 1051/1051/1033 1050/1050/1032
f 1041/1041/1024 1052/1052/1034 1051/1051/1033
f 1042/1042/1025 1053/1053/1035 1052/1052/1034
f 1043/1043/1026 1054/1054/623 1053/1053/1035
f 1046/1046/624 1055/1055/1036 1056/1056/635
f 1045/1045/1028 1057/1057/1037 1055/1055/1036
f 1047/1047/1029 1058/1058/1038 1057/1057/1037
f 1048/1048/1030 1059/1059/1039 1058/1058/1038
f 1049/1049/1031 1060/1060/1040 1059/1059/1039
f 1050/1050/1032 1061/1061/1041 1060/1060/1040
f 1051/1051/1033 1062/1062/1042 1061/1061/1041
f 1052/1052/1034 1063/1063/1043 1062/1062/1042
f 1053/1053/1035 1064/1064/1044 1063/1063/1043
f 1056/1056/635 1065/1065/1045 1066/1066/647
f 1055/1055/1036 1067/1067/1046 1065/1065/1045
f 1057/1057/1037 1068/1068/1047 1067/1067/1046
f 1058/1058/1038 1069/1069/1048 1068/1068/1047
f 1059/1059/1039 1070/1070/1049 1069/1069/1048
f 1060/1060/1040 1071/1071/1050 1070/1070/1049
f 1061/1061/1041 1072/1072/1051 1071/1071/1050
f 1062/1062/1042 1073/1073/1052 1072/1072/1051
f 1063/1063/1043 1074/1074/646 1073/1073/1052
f 1066/1066/647 1075/1075/1053 1076/1076/1054
f 1065/1065/1045 1077/1077/1055 1075/1075/1053
f 1067/1067/1046 1078/1078/1056 1077/1077/1055
f 1068/1068/1047 1079/1079/1057 1078/1078/1056
f 1069/1069/1048 1080/1080/1058 1079/1079/1057
f 1070/1070/1049 1081/1081/1059 1080/1080/1058
f 1071/1071/1050 1082/1082/1060 1081/1081/1059
f 1072/1072/1051 1083/1083/1061 1082/1082/1060
f 1073/1073/1052 1084/1084/1062 1083/1083/1061
f 1076/1076/1054 1085/1085/1063 1086/1086/1064
f 1075/1075/1053 1087/1087/1065 1085/1085/1063
f 1077/1077/1055 1088/1088/1066 1087/1087/1065
f 1078/1078/1056 1089/1089/1067 1088/1088/1066
f 1079/1079/1057 1090/1090/1068 1089/1089/1067
f 1080/1080/1058 1091/1091/1069 1090/1090/1068
f 1081/1081/1059 1092/1092/1070 1091/1091/1069
f 1082/1082/1060 1093/1093/1071 1092/1092/1070
f 1083/1083/1061 1094/1094/1072 1093/1093/1071
f 1086/1086/1064 1095/1095/1073 1096/1096/1074
f 1085/1085/1063 1097/1097/1075 1095/1095/1073
f 1087/1087/1065 1098/1098/1076 1097/1097/1075
f 1088/1088/1066 1099/1099/1077 1098/1098/1076
f 1089/1089/1067 1100/1100/1078 1099/1099/1077
f 1090/1090/1068 1101/1101/1079 1100/1100/1078
f 1091/1091/1069 1102/1102/1080 1101/1101/1079
f 1092/1092/1070 1103/1103/1081 1102/1102/1080
f 1093/1093/1071 1104/1104/679 1103/1103/1081
f 1096/1096/1074 1105/1105/1082 1106/1106/1083
f 1095/1095/1073 1107/1107/1084 1105/1105/1082
f 1097/1097/1075 1108/1108/1085 1107/1107/1084
f 1098/1098/1076 1109/1109/1086 1108/1108/1085
f 1099/1099/1077 1110/1110/1087 1109/1109/1086
f 1100/1100/1078 1111/1111/1088 1110/1110/1087
f 1101/1101/1079 1112/1112/1089 1111/1111/1088
f 1102/1102/1080 1113/1113/1090 1112/1112/1089
f 1103/1103/1081 1114/1114/690 1113/1113/1090
f 1115/1115/1091 1113/1113/1090 1114/1114/690
f 1116/1116/1092 1117/1117/1093 1115/1115/1091
f 1116/1116/1092 1118/1118/1094 1119/1119/1095
f 1120/1120/1096 1121/1121/1097 1118/1118/1094
f 1122/1122/697 1123/1123/1098 1121/1121/1097
f 1124/1124/1099 1125/1125/1100 1123/1123/1098
f 1126/1126/701 1127/1127/1101 1125/1125/1100
f 1128/1128/1102 1129/1129/1103 1127/1127/1101
f 1130/1130/705 1131/1131/1104 1129/1129/1103
f 1132/1132/1105 1133/1133/1106 1131/1131/1104
f 1113/1113/1090 1134/1134/1107 1112/1112/1089
f 1117/1117/1093 1135/1135/1108 1134/1134/1107
f 1119/1119/1095 1136/1136/1109 1135/1135/1108
f 1118/1118/1094 1137/1137/1110 1136/1136/1109
f 1121/1121/1097 1138/1138/1111 1137/1137/1110
f 1123/1123/1098 1139/1139/1112 1138/1138/1111
f 1125/1125/1100 1140/1140/1113 1139/1139/1112
f 1127/1127/1101 1141/1141/1114 1140/1140/1113
f 1129/1129/1103 1142/1142/1115 1141/1141/1114
f 1131/1131/1104 1143/1143/1116 1142/1142/1115
f 1112/1112/1089 1144/1144/1117 1111/1111/1088
f 1134/1134/1107 1145/1145/1118 1144/1144/1117
f 1135/1135/1108 1146/1146/1119 1145/1145/1118
f 1136/1136/1109 1147/1147/1120 1146/1146/1119
f 1138/1138/1111 1147/1147/1120 1137/1137/1110
f 1138/1138/1111 1148/1148/1121 1149/1149/1122
f 1139/1139/1112 1150/1150/1123 1148/1148/1121
f 1140/1140/1113 1151/1151/1124 1150/1150/1123
f 1141/1141/1114 1152/1152/1125 1151/1151/1124
f 1142/1142/1115 1153/1153/1126 1152/1152/1125
f 1111/1111/1088 1154/1154/1127 1110/1110/1087
f 1144/1144/1117 1155/1155/1128 1154/1154/1127
f 1145/1145/1118 1156/1156/1129 1155/1155/1128
f 1146/1146/1119 1157/1157/1130 1156/1156/1129
f 1149/1149/1122 1157/1157/1130 1147/1147/1120
f 1148/1148/1121 1158/1158/1131 1149/1149/1122
f 1148/1148/1121 1159/1159/1132 1160/1160/1133
f 1150/1150/1123 1161/1161/1134 1159/1159/1132
f 1151/1151/1124 1162/1162/1135 1161/1161/1134
f 1152/1152/1125 1163/1163/1136 1162/1162/1135
f 1110/1110/1087 1164/1164/1137 1109/1109/1086
f 1154/1154/1127 1165/1165/1138 1164/1164/1137
f 1155/1155/1128 1166/1166/1139 1165/1165/1138
f 1157/1157/1130 1166/1166/1139 1156/1156/1129
f 1158/1158/1131 1167/1167/1140 1157/1157/1130
f 1160/1160/1133 1168/1168/1141 1158/1158/1131
f 1160/1160/1133 1169/1169/1142 1170/1170/1143
f 1159/1159/1132 1171/1171/1144 1169/1169/1142
f 1161/1161/1134 1172/1172/1145 1171/1171/1144
f 1162/1162/1135 1173/1173/1146 1172/1172/1145
f 1109/1109/1086 1174/1174/1147 1108/1108/1085
f 1164/1164/1137 1175/1175/1148 1174/1174/1147
f 1165/1165/1138 1176/1176/1149 1175/1175/1148
f 1167/1167/1140 1176/1176/1149 1166/1166/1139
f 1168/1168/1141 1177/1177/1150 1167/1167/1140
f 1170/1170/1143 1178/1178/1151 1168/1168/1141
f 1170/1170/1143 1179/1179/1152 1180/1180/1153
f 1169/1169/1142 1181/1181/1154 1179/1179/1152
f 1171/1171/1144 1182/1182/1155 1181/1181/1154
f 1172/1172/1145 1183/1183/1156 1182/1182/1155
f 1108/1108/1085 1184/1184/1157 1107/1107/1084
f 1174/1174/1147 1185/1185/1158 1184/1184/1157
f 1175/1175/1148 1186/1186/1159 1185/1185/1158
f 1177/1177/1150 1186/1186/1159 1176/1176/1149
f 1178/1178/1151 1187/1187/1160 1177/1177/1150
f 1180/1180/1153 1188/1188/1161 1178/1178/1151
f 1180/1180/1153 1189/1189/1162 1190/1190/1163
f 1179/1179/1152 1191/1191/1164 1189/1189/1162
f 1181/1181/1154 1192/1192/1165 1191/1191/1164
f 1182/1182/1155 1193/1193/1166 1192/1192/1165
f 1107/1107/1084 1194/1194/1167 1105/1105/1082
f 1184/1184/1157 1195/1195/1168 1194/1194/1167
f 1185/1185/1158 1196/1196/1169 1195/1195/1168
f 1186/1186/1159 1197/1197/1170 1196/1196/1169
f 1188/1188/1161 1197/1197/1170 1187/1187/1160
f 1190/1190/1163 1198/1198/1171 1188/1188/1161
f 1190/1190/1163 1199/1199/1172 1200/1200/1173
f 1189/1189/1162 1201/1201/1174 1199/1199/1172
f 1191/1191/1164 1202/1202/1175 1201/1201/1174
f 1192/1192/1165 1203/1203/1176 1202/1202/1175
f 1105/1105/1082 1204/1204/1177 1106/1106/1083
f 1194/1194/1167 1205/1205/373 1204/1204/1177
f 1195/1195/1168 1206/1206/374 1205/1205/373
f 1196/1196/1169 1207/1207/375 1206/1206/374
f 1198/1198/1171 1207/1207/375 1197/1197/1170
f 1200/1200/1173 1208/1208/376 1198/1198/1171
f 1199/1199/1172 1209/1209/1178 1200/1200/1173
f 1201/1201/1174 1210/1210/378 1199/1199/1172
f 1202/1202/1175 1211/1211/379 1201/1201/1174
f 1202/1202/1175 1212/1212/1179 1213/1213/381
f 1214/1214/1180 30/30/30 1215/1215/3
f 1216/1216/1181 28/28/28 1214/1214/1180
f 1217/1217/1182 1218/1218/1183 1216/1216/1181
f 1219/1219/1184 1220/1220/1185 1217/1217/1182
f 1221/1221/1186 1222/1222/1187 1219/1219/1184
f 1223/1223/1188 1224/1224/1189 1221/1221/1186
f 1223/1223/1188 1225/1225/1190 1226/1226/1191
f 1227/1227/1192 1228/1228/1193 1225/1225/1190
f 1229/1229/1194 1230/1230/1195 1228/1228/1193
f 1231/1231/1196 1232/1232/18 1230/1230/1195
f 1218/1218/1183 1233/1233/1197 28/28/28
f 1220/1220/1185 1234/1234/1198 1218/1218/1183
f 1235/1235/1199 1220/1220/1185 1222/1222/1187
f 1236/1236/1200 1222/1222/1187 1224/1224/1189
f 1226/1226/1191 1236/1236/1200 1224/1224/1189
f 1225/1225/1190 1237/1237/1201 1226/1226/1191
f 1238/1238/1202 1225/1225/1190 1228/1228/1193
f 1239/1239/1203 1228/1228/1193 1230/1230/1195
f 1240/1240/27 1230/1230/1195 1232/1232/18
f 1233/1233/1197 1241/1241/44 29/29/29
f 1234/1234/1198 1242/1242/1204 1233/1233/1197
f 1243/1243/1205 1244/1244/1206 1234/1234/1198
f 1235/1235/1199 1245/1245/1207 1243/1243/1205
f 1235/1235/1199 1246/1246/1208 1247/1247/1209
f 1236/1236/1200 1248/1248/1210 1246/1246/1208
f 1249/1249/1211 1248/1248/1210 1237/1237/1201
f 1238/1238/1202 1250/1250/1212 1249/1249/1211
f 1238/1238/1202 1251/1251/1213 1252/1252/1214
f 1239/1239/1203 1253/1253/1215 1251/1251/1213
f 1242/1242/1204 1254/1254/1216 1241/1241/44
f 1244/1244/1206 1255/1255/1217 1242/1242/1204
f 1245/1245/1207 1256/1256/1218 1244/1244/1206
f 1245/1245/1207 1257/1257/1219 1258/1258/1220
f 1247/1247/1209 1259/1259/1221 1257/1257/1219
f 1246/1246/1208 1260/1260/1222 1259/1259/1221
f 1248/1248/1210 1261/1261/1223 1260/1260/1222
f 1250/1250/1212 1262/1262/1224 1261/1261/1223
f 1251/1251/1213 1262/1262/1224 1252/1252/1214
f 1251/1251/1213 1263/1263/52 1264/1264/1225
f 1255/1255/1217 1265/1265/1226 1254/1254/1216
f 1256/1256/1218 1266/1266/1227 1255/1255/1217
f 1256/1256/1218 1267/1267/1228 1268/1268/1229
f 1258/1258/1220 1269/1269/1230 1267/1267/1228
f 1257/1257/1219 1270/1270/1231 1269/1269/1230
f 1259/1259/1221 1271/1271/1232 1270/1270/1231
f 1260/1260/1222 1272/1272/1233 1271/1271/1232
f 1261/1261/1223 1273/1273/1234 1272/1272/1233
f 1264/1264/1225 1273/1273/1234 1262/1262/1224
f 1263/1263/52 1274/1274/1235 1264/1264/1225
f 1266/1266/1227 1275/1275/1236 1265/1265/1226
f 1268/1268/1229 1276/1276/1237 1266/1266/1227
f 1268/1268/1229 1277/1277/1238 1278/1278/1239
f 1267/1267/1228 1279/1279/1240 1277/1277/1238
f 1269/1269/1230 1280/1280/1241 1279/1279/1240
f 1270/1270/1231 1281/1281/1242 1280/1280/1241
f 1271/1271/1232 1282/1282/1243 1281/1281/1242
f 1272/1272/1233 1283/1283/1244 1282/1282/1243
f 1273/1273/1234 1284/1284/1245 1283/1283/1244
f 1285/1285/1246 1284/1284/1245 1274/1274/1235
f 1275/1275/1236 1286/1286/1247 1287/1287/72
f 1276/1276/1237 1288/1288/1248 1286/1286/1247
f 1278/1278/1239 1289/1289/1249 1288/1288/1248
f 1277/1277/1238 1290/1290/1250 1289/1289/1249
f 1279/1279/1240 1291/1291/1251 1290/1290/1250
f 1280/1280/1241 1292/1292/1252 1291/1291/1251
f 1281/1281/1242 1293/1293/1253 1292/1292/1252
f 1282/1282/1243 1294/1294/1254 1293/1293/1253
f 1283/1283/1244 1295/1295/1255 1294/1294/1254
f 1284/1284/1245 1296/1296/1256 1295/1295/1255
f 1287/1287/72 1297/1297/1257 1298/1298/1258
f 1286/1286/1247 1299/1299/1259 1297/1297/1257
f 1288/1288/1248 1300/1300/1260 1299/1299/1259
f 1289/1289/1249 1301/1301/1261 1300/1300/1260
f 1290/1290/1250 1302/1302/1262 1301/1301/1261
f 1291/1291/1251 1303/1303/1263 1302/1302/1262
f 1292/1292/1252 1304/1304/1264 1303/1303/1263
f 1293/1293/1253 1305/1305/1265 1304/1304/1264
f 1294/1294/1254 1306/1306/1266 1305/1305/1265
f 1295/1295/1255 1307/1307/1267 1306/1306/1266
f 1298/1298/1258 1308/1308/1268 1309/1309/1269
f 1297/1297/1257 1310/1310/1270 1308/1308/1268
f 1299/1299/1259 1311/1311/1271 1310/1310/1270
f 1301/1301/1261 1311/1311/1271 1300/1300/1260
f 1301/1301/1261 1312/1312/1272 1313/1313/1273
f 1302/1302/1262 1314/1314/1274 1312/1312/1272
f 1303/1303/1263 1315/1315/1275 1314/1314/1274
f 1304/1304/1264 1316/1316/1276 1315/1315/1275
f 1305/1305/1265 1317/1317/1277 1316/1316/1276
f 1306/1306/1266 1318/1318/100 1317/1317/1277
f 1309/1309/1269 1319/1319/1278 1320/1320/113
f 1308/1308/1268 1321/1321/1279 1319/1319/1278
f 1310/1310/1270 1322/1322/1280 1321/1321/1279
f 1311/1311/1271 1323/1323/1281 1322/1322/1280
f 1312/1312/1272 1323/1323/1281 1313/1313/1273
f 1312/1312/1272 1324/1324/1282 1325/1325/1283
f 1314/1314/1274 1326/1326/1284 1324/1324/1282
f 1315/1315/1275 1327/1327/1285 1326/1326/1284
f 1316/1316/1276 1328/1328/1286 1327/1327/1285
f 1317/1317/1277 1329/1329/112 1328/1328/1286
f 1320/1320/113 1330/1330/1287 1331/1331/1288
f 1319/1319/1278 1332/1332/1289 1330/1330/1287
f 1321/1321/1279 1333/1333/1290 1332/1332/1289
f 1322/1322/1280 1334/1334/1291 1333/1333/1290
f 1323/1323/1281 1335/1335/1292 1334/1334/1291
f 1325/1325/1283 1336/1336/1293 1335/1335/1292
f 1324/1324/1282 1337/1337/1294 1336/1336/1293
f 1326/1326/1284 1338/1338/1295 1337/1337/1294
f 1327/1327/1285 1339/1339/1296 1338/1338/1295
f 1328/1328/1286 1340/1340/122 1339/1339/1296
f 1331/1331/1288 1341/1341/1297 1342/1342/1298
f 1330/1330/1287 1343/1343/1299 1341/1341/1297
f 1332/1332/1289 1344/1344/1300 1343/1343/1299
f 1333/1333/1290 1345/1345/1301 1344/1344/1300
f 1334/1334/1291 1346/1346/1302 1345/1345/1301
f 1335/1335/1292 1347/1347/1303 1346/1346/1302
f 1336/1336/1293 1348/1348/1304 1347/1347/1303
f 1337/1337/1294 1349/1349/1305 1348/1348/1304
f 1338/1338/1295 1350/1350/1306 1349/1349/1305
f 1339/1339/1296 1351/1351/1307 1350/1350/1306
f 1342/1342/1298 1352/1352/1308 1353/1353/143
f 1341/1341/1297 1354/1354/1309 1352/1352/1308
f 1343/1343/1299 1355/1355/1310 1354/1354/1309
f 1344/1344/1300 1356/1356/1311 1355/1355/1310
f 1345/1345/1301 1357/1357/1312 1356/1356/1311
f 1346/1346/1302 1358/1358/1313 1357/1357/1312
f 1347/1347/1303 1359/1359/1314 1358/1358/1313
f 1348/1348/1304 1360/1360/1315 1359/1359/1314
f 1349/1349/1305 1361/1361/1316 1360/1360/1315
f 1350/1350/1306 1362/1362/142 1361/1361/1316
f 1353/1353/143 1363/1363/1317 1364/1364/153
f 1352/1352/1308 1365/1365/1318 1363/1363/1317
f 1354/1354/1309 1366/1366/1319 1365/1365/1318
f 1355/1355/1310 1367/1367/1320 1366/1366/1319
f 1356/1356/1311 1368/1368/1321 1367/1367/1320
f 1357/1357/1312 1369/1369/1322 1368/1368/1321
f 1358/1358/1313 1370/1370/1323 1369/1369/1322
f 1359/1359/1314 1371/1371/1324 1370/1370/1323
f 1360/1360/1315 1372/1372/1325 1371/1371/1324
f 1361/1361/1316 1373/1373/1326 1372/1372/1325
f 1364/1364/153 1374/1374/1327 1375/1375/1328
f 1363/1363/1317 1376/1376/1329 1374/1374/1327
f 1365/1365/1318 1377/1377/1330 1376/1376/1329
f 1366/1366/1319 1378/1378/1331 1377/1377/1330
f 1367/1367/1320 1379/1379/1332 1378/1378/1331
f 1368/1368/1321 1380/1380/1333 1379/1379/1332
f 1369/1369/1322 1381/1381/1334 1380/1380/1333
f 1370/1370/1323 1382/1382/1335 1381/1381/1334
f 1371/1371/1324 1383/1383/1336 1382/1382/1335
f 1372/1372/1325 1384/1384/162 1383/1383/1336
f 1375/1375/1328 1385/1385/1337 1386/1386/173
f 1374/1374/1327 1387/1387/1338 1385/1385/1337
f 1376/1376/1329 1388/1388/1339 1387/1387/1338
f 1377/1377/1330 1389/1389/1340 1388/1388/1339
f 1378/1378/1331 1390/1390/1341 1389/1389/1340
f 1379/1379/1332 1391/1391/1342 1390/1390/1341
f 1380/1380/1333 1392/1392/1343 1391/1391/1342
f 1381/1381/1334 1393/1393/1344 1392/1392/1343
f 1382/1382/1335 1394/1394/1345 1393/1393/1344
f 1383/1383/1336 1395/1395/1346 1394/1394/1345
f 1386/1386/173 1396/1396/1347 1397/1397/183
f 1385/1385/1337 1398/1398/1348 1396/1396/1347
f 1387/1387/1338 1399/1399/1349 1398/1398/1348
f 1388/1388/1339 1400/1400/1350 1399/1399/1349
f 1389/1389/1340 1401/1401/1351 1400/1400/1350
f 1390/1390/1341 1402/1402/1352 1401/1401/1351
f 1391/1391/1342 1403/1403/1353 1402/1402/1352
f 1392/1392/1343 1404/1404/1354 1403/1403/1353
f 1393/1393/1344 1405/1405/1355 1404/1404/1354
f 1394/1394/1345 1406/1406/1356 1405/1405/1355
f 1397/1397/183 1407/1407/1357 1408/1408/1358
f 1396/1396/1347 1409/1409/1359 1407/1407/1357
f 1398/1398/1348 1410/1410/1360 1409/1409/1359
f 1399/1399/1349 1411/1411/1361 1410/1410/1360
f 1400/1400/1350 1412/1412/1362 1411/1411/1361
f 1401/1401/1351 1413/1413/1363 1412/1412/1362
f 1402/1402/1352 1414/1414/1364 1413/1413/1363
f 1403/1403/1353 1415/1415/1365 1414/1414/1364
f 1404/1404/1354 1416/1416/1366 1415/1415/1365
f 1405/1405/1355 1417/1417/1367 1416/1416/1366
f 1408/1408/1358 1418/1418/1368 1419/1419/1369
f 1407/1407/1357 1420/1420/1370 1418/1418/1368
f 1409/1409/1359 1421/1421/1371 1420/1420/1370
f 1410/1410/1360 1422/1422/1372 1421/1421/1371
f 1411/1411/1361 1423/1423/1373 1422/1422/1372
f 1412/1412/1362 1424/1424/1374 1423/1423/1373
f 1413/1413/1363 1425/1425/1375 1424/1424/1374
f 1414/1414/1364 1426/1426/1376 1425/1425/1375
f 1415/1415/1365 1427/1427/1377 1426/1426/1376
f 1416/1416/1366 1428/1428/1378 1427/1427/1377
f 1419/1419/1369 1429/1429/1379 1430/1430/213
f 1418/1418/1368 1431/1431/1380 1429/1429/1379
f 1420/1420/1370 1432/1432/1381 1431/1431/1380
f 1421/1421/1371 1433/1433/1382 1432/1432/1381
f 1422/1422/1372 1434/1434/1383 1433/1433/1382
f 1423/1423/1373 1435/1435/1384 1434/1434/1383
f 1424/1424/1374 1436/1436/1385 1435/1435/1384
f 1425/1425/1375 1437/1437/1386 1436/1436/1385
f 1426/1426/1376 1438/1438/1387 1437/1437/1386
f 1427/1427/1377 1439/1439/1388 1438/1438/1387
f 1430/1430/213 1440/1440/1389 1441/1441/1390
f 1429/1429/1379 1442/1442/1391 1440/1440/1389
f 1431/1431/1380 1443/1443/1392 1442/1442/1391
f 1432/1432/1381 1444/1444/1393 1443/1443/1392
f 1433/1433/1382 1445/1445/1394 1444/1444/1393
f 1434/1434/1383 1446/1446/1395 1445/1445/1394
f 1435/1435/1384 1447/1447/1396 1446/1446/1395
f 1437/1437/1386 1447/1447/1396 1436/1436/1385
f 1437/1437/1386 1448/1448/1397 1449/1449/1398
f 1438/1438/1387 1450/1450/1399 1448/1448/1397
f 1441/1441/1390 1451/1451/1400 1452/1452/233
f 1440/1440/1389 1453/1453/1401 1451/1451/1400
f 1442/1442/1391 1454/1454/1402 1453/1453/1401
f 1443/1443/1392 1455/1455/1403 1454/1454/1402
f 1444/1444/1393 1456/1456/1404 1455/1455/1403
f 1445/1445/1394 1457/1457/1405 1456/1456/1404
f 1446/1446/1395 1458/1458/1406 1457/1457/1405
f 1449/1449/1398 1458/1458/1406 1447/1447/1396
f 1448/1448/1397 1459/1459/1407 1449/1449/1398
f 1448/1448/1397 1460/1460/1408 1461/1461/1409
f 1452/1452/233 1462/1462/1410 1463/1463/243
f 1451/1451/1400 1464/1464/1411 1462/1462/1410
f 1453/1453/1401 1465/1465/1412 1464/1464/1411
f 1454/1454/1402 1466/1466/1413 1465/1465/1412
f 1455/1455/1403 1467/1467/1414 1466/1466/1413
f 1456/1456/1404 1468/1468/1415 1467/1467/1414
f 1457/1457/1405 1469/1469/1416 1468/1468/1415
f 1458/1458/1406 1470/1470/1417 1469/1469/1416
f 1459/1459/1407 1471/1471/1418 1470/1470/1417
f 1460/1460/1408 1471/1471/1418 1461/1461/1409
f 1463/1463/243 1472/1472/1419 1473/1473/1420
f 1462/1462/1410 1474/1474/1421 1472/1472/1419
f 1464/1464/1411 1475/1475/1422 1474/1474/1421
f 1465/1465/1412 1476/1476/1423 1475/1475/1422
f 1466/1466/1413 1477/1477/1424 1476/1476/1423
f 1467/1467/1414 1478/1478/1425 1477/1477/1424
f 1468/1468/1415 1479/1479/1426 1478/1478/1425
f 1469/1469/1416 1480/1480/1427 1479/1479/1426
f 1470/1470/1417 1481/1481/1428 1480/1480/1427
f 1471/1471/1418 1482/1482/1429 1481/1481/1428
f 1473/1473/1420 1483/1483/1430 1484/1484/1431
f 1472/1472/1419 1485/1485/1432 1483/1483/1430
f 1474/1474/1421 1486/1486/1433 1485/1485/1432
f 1475/1475/1422 1487/1487/1434 1486/1486/1433
f 1476/1476/1423 1488/1488/1435 1487/1487/1434
f 1477/1477/1424 1489/1489/1436 1488/1488/1435
f 1478/1478/1425 1490/1490/1437 1489/1489/1436
f 1479/1479/1426 1491/1491/1438 1490/1490/1437
f 1480/1480/1427 1492/1492/1439 1491/1491/1438
f 1481/1481/1428 1493/1493/1440 1492/1492/1439
f 1484/1484/1431 1494/1494/1441 1495/1495/1442
f 1483/1483/1430 1496/1496/1443 1494/1494/1441
f 1485/1485/1432 1497/1497/1444 1496/1496/1443
f 1486/1486/1433 1498/1498/1445 1497/1497/1444
f 1487/1487/1434 1499/1499/1446 1498/1498/1445
f 1488/1488/1435 1500/1500/1447 1499/1499/1446
f 1489/1489/1436 1501/1501/1448 1500/1500/1447
f 1490/1490/1437 1502/1502/1449 1501/1501/1448
f 1491/1491/1438 1503/1503/1450 1502/1502/1449
f 1492/1492/1439 1504/1504/1451 1503/1503/1450
f 1495/1495/1442 1505/1505/1452 1506/1506/1453
f 1494/1494/1441 1507/1507/1454 1505/1505/1452
f 1496/1496/1443 1508/1508/1455 1507/1507/1454
f 1497/1497/1444 1509/1509/1456 1508/1508/1455
f 1498/1498/1445 1510/1510/1457 1509/1509/1456
f 1499/1499/1446 1511/1511/1458 1510/1510/1457
f 1500/1500/1447 1512/1512/1459 1511/1511/1458
f 1501/1501/1448 1513/1513/1460 1512/1512/1459
f 1502/1502/1449 1514/1514/1461 1513/1513/1460
f 1503/1503/1450 1515/1515/282 1514/1514/1461
f 1516/1516/1462 1514/1514/1461 1515/1515/282
f 1517/1517/1463 1518/1518/1464 1516/1516/1462
f 1519/1519/1465 1520/1520/1466 1517/1517/1463
f 1521/1521/289 1522/1522/1467 1519/1519/1465
f 1523/1523/1468 1524/1524/1469 1521/1521/289
f 1525/1525/1470 1526/1526/1471 1523/1523/1468
f 1527/1527/1472 1528/1528/1473 1525/1525/1470
f 1529/1529/1474 1530/1530/1475 1527/1527/1472
f 1531/1531/299 1532/1532/1476 1529/1529/1474
f 1531/1531/299 1533/1533/1477 1534/1534/1478
f 1514/1514/1461 1535/1535/1479 1513/1513/1460
f 1518/1518/1464 1536/1536/1480 1535/1535/1479
f 1520/1520/1466 1537/1537/1481 1536/1536/1480
f 1524/1524/1469 1537/1537/1481 1522/1522/1467
f 1526/1526/1471 1538/1538/1482 1524/1524/1469
f 1528/1528/1473 1539/1539/1483 1526/1526/1471
f 1530/1530/1475 1540/1540/1484 1528/1528/1473
f 1532/1532/1476 1541/1541/1485 1530/1530/1475
f 1532/1532/1476 1542/1542/1486 1543/1543/1487
f 1534/1534/1478 1544/1544/1488 1542/1542/1486
f 1513/1513/1460 1545/1545/1489 1512/1512/1459
f 1535/1535/1479 1546/1546/1490 1545/1545/1489
f 1536/1536/1480 1547/1547/1491 1546/1546/1490
f 1537/1537/1481 1548/1548/1492 1547/1547/1491
f 1539/1539/1483 1548/1548/1492 1538/1538/1482
f 1540/1540/1484 1549/1549/1493 1539/1539/1483
f 1541/1541/1485 1550/1550/1494 1540/1540/1484
f 1543/1543/1487 1551/1551/1495 1541/1541/1485
f 1543/1543/1487 1552/1552/1496 1553/1553/1497
f 1542/1542/1486 1554/1554/1498 1552/1552/1496
f 1512/1512/1459 1555/1555/1499 1511/1511/1458
f 1545/1545/1489 1556/1556/1500 1555/1555/1499
f 1546/1546/1490 1557/1557/1501 1556/1556/1500
f 1547/1547/1491 1558/1558/1502 1557/1557/1501
f 1549/1549/1493 1558/1558/1502 1548/1548/1492
f 1550/1550/1494 1559/1559/1503 1549/1549/1493
f 1551/1551/1495 1560/1560/1504 1550/1550/1494
f 1553/1553/1497 1561/1561/1505 1551/1551/1495
f 1552/1552/1496 1562/1562/1506 1553/1553/1497
f 1552/1552/1496 1563/1563/1507 1564/1564/1508
f 1511/1511/1458 1565/1565/1509 1510/1510/1457
f 1555/1555/1499 1566/1566/1510 1565/1565/1509
f 1556/1556/1500 1567/1567/1511 1566/1566/1510
f 1557/1557/1501 1568/1568/1512 1567/1567/1511
f 1558/1558/1502 1569/1569/1513 1568/1568/1512
f 1560/1560/1504 1569/1569/1513 1559/1559/1503
f 1561/1561/1505 1570/1570/1514 1560/1560/1504
f 1562/1562/1506 1571/1571/1515 1561/1561/1505
f 1564/1564/1508 1572/1572/1516 1562/1562/1506
f 1563/1563/1507 1573/1573/1517 1564/1564/1508
f 1510/1510/1457 1574/1574/1518 1509/1509/1456
f 1565/1565/1509 1575/1575/1519 1574/1574/1518
f 1566/1566/1510 1576/1576/1520 1575/1575/1519
f 1567/1567/1511 1577/1577/1521 1576/1576/1520
f 1568/1568/1512 1578/1578/1522 1577/1577/1521
f 1570/1570/1514 1578/1578/1522 1569/1569/1513
f 1571/1571/1515 1579/1579/1523 1570/1570/1514
f 1572/1572/1516 1580/1580/1524 1571/1571/1515
f 1573/1573/1517 1581/1581/1525 1572/1572/1516
f 1582/1582/1526 1583/1583/1527 1573/1573/1517
f 1509/1509/1456 1584/1584/1528 1508/1508/1455
f 1574/1574/1518 1585/1585/1529 1584/1584/1528
f 1575/1575/1519 1586/1586/1530 1585/1585/1529
f 1576/1576/1520 1587/1587/1531 1586/1586/1530
f 1577/1577/1521 1588/1588/1532 1587/1587/1531
f 1578/1578/1522 1589/1589/1533 1588/1588/1532
f 1580/1580/1524 1589/1589/1533 1579/1579/1523
f 1581/1581/1525 1590/1590/1534 1580/1580/1524
f 1583/1583/1527 1591/1591/1535 1581/1581/1525
f 1592/1592/1536 1593/1593/1537 1583/1583/1527
f 1508/1508/1455 1594/1594/1538 1507/1507/1454
f 1584/1584/1528 1595/1595/1539 1594/1594/1538
f 1585/1585/1529 1596/1596/1540 1595/1595/1539
f 1586/1586/1530 1597/1597/1541 1596/1596/1540
f 1587/1587/1531 1598/1598/1542 1597/1597/1541
f 1588/1588/1532 1599/1599/1543 1598/1598/1542
f 1590/1590/1534 1599/1599/1543 1589/1589/1533
f 1591/1591/1535 1600/1600/1544 1590/1590/1534
f 1593/1593/1537 1601/1601/1545 1591/1591/1535
f 1602/1602/1546 1603/1603/1547 1593/1593/1537
f 1507/1507/1454 1604/1604/1548 1505/1505/1452
f 1594/1594/1538 1605/1605/1549 1604/1604/1548
f 1595/1595/1539 1606/1606/1550 1605/1605/1549
f 1596/1596/1540 1607/1607/1551 1606/1606/1550
f 1597/1597/1541 1608/1608/1552 1607/1607/1551
f 1598/1598/1542 1609/1609/1553 1608/1608/1552
f 1599/1599/1543 1610/1610/1554 1609/1609/1553
f 1601/1601/1545 1610/1610/1554 1600/1600/1544
f 1603/1603/1547 1611/1611/1555 1601/1601/1545
f 1612/1612/1556 1613/1613/1557 1603/1603/1547
f 1505/1505/1452 1614/1614/1558 1506/1506/1453
f 1604/1604/1548 1615/1615/791 1614/1614/1558
f 1605/1605/1549 1616/1616/1559 1615/1615/791
f 1606/1606/1550 1617/1617/1560 1616/1616/1559
f 1607/1607/1551 1618/1618/794 1617/1617/1560
f 1608/1608/1552 1619/1619/795 1618/1618/794
f 1609/1609/1553 1620/1620/796 1619/1619/795
f 1611/1611/1555 1620/1620/796 1610/1610/1554
f 1613/1613/1557 1621/1621/797 1611/1611/1555
f 1622/1622/1561 1623/1623/798 1613/1613/1557
f 1624/1624/821 1625/1625/1562 1626/1626/1563
f 1627/1627/1564 1628/1628/1565 1625/1625/1562
f 1628/1628/1565 1629/1629/1566 1630/1630/1567
f 1629/1629/1566 1631/1631/1568 1630/1630/1567
f 1632/1632/1569 1633/1633/1570 1631/1631/1568
f 1633/1633/1570 1634/1634/1571 1635/1635/1572
f 1635/1635/1572 1636/1636/1573 1637/1637/1574
f 1636/1636/1573 1638/1638/1575 1637/1637/1574
f 1638/1638/1575 1639/1639/1576 1640/1640/1577
f 1641/1641/802 1642/1642/1578 1643/1643/1579
f 1643/1643/1579 1644/1644/1580 1645/1645/1581
f 1644/1644/1580 1646/1646/1582 1645/1645/1581
f 1647/1647/1583 1648/1648/1584 1646/1646/1582
f 1649/1649/1585 1650/1650/1586 1648/1648/1584
f 1651/1651/1587 1652/1652/1588 1650/1650/1586
f 1653/1653/1589 1654/1654/1590 1652/1652/1588
f 1655/1655/1591 1656/1656/1592 1654/1654/1590
f 1657/1657/1593 1658/1658/1594 1656/1656/1592
f 1659/1659/1595 1660/1660/1596 1658/1658/1594
f 1661/1661/1597 1662/1662/1598 1663/1663/1599
f 1664/1664/1600 1665/1665/1601 1666/1666/814
f 1667/1667/1602 1668/1668/1603 1669/1669/1604
f 1670/1670/1605 1671/1671/1606 1672/1672/1607
f 1673/1673/1608 1674/1674/1609 1675/1675/1610
f 1676/1676/1611 1663/1663/1599 1677/1677/1612
f 1678/1678/1613 1679/1679/1614 1664/1664/1600
f 1680/1680/1615 1669/1669/1604 1681/1681/1616
f 1682/1682/1617 1683/1683/1618 1670/1670/1605
f 1684/1684/1619 1685/1685/1620 1673/1673/1608
f 1686/1686/1621 1687/1687/1622 1688/1688/1623
f 1689/1689/1624 1677/1677/1612 1690/1690/1625
f 1691/1691/1626 1692/1692/1627 1686/1686/1621
f 1693/1693/1628 1681/1681/1616 1694/1694/1629
f 1678/1678/1613 1694/1694/1629 1695/1695/1630
f 1696/1696/1631 1697/1697/1632 1682/1682/1617
f 1698/1698/837 1699/1699/1633 1684/1684/1619
f 1700/1700/1634 1687/1687/1622 1701/1701/1635
f 1702/1702/1636 1690/1690/1625 1703/1703/1637
f 1704/1704/1638 1705/1705/1639 1691/1691/1626
f 1706/1706/1640 1707/1707/1641 1708/1708/1642
f 1709/1709/810 1710/1710/1643 1696/1696/1631
f 1711/1711/839 1712/1712/1644 1698/1698/837
f 1713/1713/1645 1701/1701/1635 1714/1714/1646
f 1715/1715/1647 1703/1703/1637 1716/1716/1648
f 1717/1717/1649 1718/1718/1650 1704/1704/1638
f 1719/1719/1580 1708/1708/1642 1720/1720/1651
f 1721/1721/1652 1722/1722/1653 1709/1709/810
f 1723/1723/1654 1724/1724/1655 1711/1711/839
f 1725/1725/1656 1714/1714/1646 1726/1726/1657
f 1727/1727/1595 1716/1716/1648 1728/1728/1658
f 1723/1723/1654 1728/1728/1658 1729/1729/1659
f 1730/1730/1660 1731/1731/1661 1717/1717/1649
f 1732/1732/1662 1720/1720/1651 1662/1662/1598
f 1666/1666/814 1733/1733/1663 1721/1721/1652
f 1734/1734/1664 1726/1726/1657 1668/1668/1603
f 1735/1735/1665 1671/1671/1606 1707/1707/1641
f 1675/1675/1610 1736/1736/1666 1730/1730/1660
f 1707/1707/1641 1737/1737/1667 1708/1708/1642
f 1699/1699/1633 1738/1738/1668 1685/1685/1620
f 1697/1697/1632 1739/1739/1669 1683/1683/1618
f 1708/1708/1642 1740/1740/1670 1720/1720/1651
f 1712/1712/1644 1741/1741/1671 1699/1699/1633
f 1710/1710/1643 1742/1742/1672 1697/1697/1632
f 1720/1720/1651 1743/1743/1673 1662/1662/1598
f 1724/1724/1655 1744/1744/1674 1712/1712/1644
f 1722/1722/1653 1745/1745/1675 1710/1710/1643
f 1662/1662/1598 1746/1746/1676 1663/1663/1599
f 1729/1729/1659 1747/1747/1677 1724/1724/1655
f 1733/1733/1663 1748/1748/1678 1722/1722/1653
f 1677/1677/1612 1746/1746/1676 1749/1749/1679
f 1687/1687/1622 1750/1750/1680 1751/1751/1681
f 1665/1665/1601 1752/1752/1682 1733/1733/1663
f 1690/1690/1625 1749/1749/1679 1753/1753/1683
f 1701/1701/1635 1751/1751/1681 1754/1754/1684
f 1679/1679/1614 1755/1755/1685 1665/1665/1601
f 1703/1703/1637 1753/1753/1683 1756/1756/1686
f 1714/1714/1646 1754/1754/1684 1757/1757/1687
f 1695/1695/1630 1758/1758/1688 1679/1679/1614
f 1716/1716/1648 1756/1756/1686 1759/1759/1689
f 1726/1726/1657 1757/1757/1687 1760/1760/1690
f 1692/1692/1627 1761/1761/1691 1750/1750/1680
f 1728/1728/1658 1759/1759/1689 1762/1762/1692
f 1668/1668/1603 1760/1760/1690 1763/1763/1693
f 1705/1705/1639 1764/1764/1694 1761/1761/1691
f 1729/1729/1659 1762/1762/1692 1765/1765/1695
f 1669/1669/1604 1763/1763/1693 1766/1766/1696
f 1718/1718/1650 1767/1767/1697 1764/1764/1694
f 1681/1681/1616 1766/1766/1696 1768/1768/1698
f 1731/1731/1661 1769/1769/1699 1767/1767/1697
f 1694/1694/1629 1768/1768/1698 1770/1770/1700
f 1674/1674/1609 1769/1769/1699 1736/1736/1666
f 1671/1671/1606 1771/1771/1701 1707/1707/1641
f 1695/1695/1630 1770/1770/1700 1772/1772/1702
f 1685/1685/1620 1773/1773/1703 1674/1674/1609
f 1683/1683/1618 1774/1774/1704 1671/1671/1606
f 1751/1751/1681 1750/1750/1680 1775/1775/1705
f 1752/1752/1682 1755/1755/1685 1775/1775/1705
f 1753/1753/1683 1749/1749/1679 1775/1775/1705
f 1754/1754/1684 1751/1751/1681 1775/1775/1705
f 1755/1755/1685 1758/1758/1688 1775/1775/1705
f 1756/1756/1686 1753/1753/1683 1775/1775/1705
f 1757/1757/1687 1754/1754/1684 1775/1775/1705
f 1758/1758/1688 1772/1772/1702 1775/1775/1705
f 1759/1759/1689 1756/1756/1686 1775/1775/1705
f 1760/1760/1690 1757/1757/1687 1775/1775/1705
f 1750/1750/1680 1761/1761/1691 1775/1775/1705
f 1762/1762/1692 1759/1759/1689 1775/1775/1705
f 1763/1763/1693 1760/1760/1690 1775/1775/1705
f 1761/1761/1691 1764/1764/1694 1775/1775/1705
f 1765/1765/1695 1762/1762/1692 1775/1775/1705
f 1766/1766/1696 1763/1763/1693 1775/1775/1705
f 1764/1764/1694 1767/1767/1697 1775/1775/1705
f 1768/1768/1698 1766/1766/1696 1775/1775/1705
f 1767/1767/1697 1769/1769/1699 1775/1775/1705
f 1770/1770/1700 1768/1768/1698 1775/1775/1705
f 1769/1769/1699 1773/1773/1703 1775/1775/1705
f 1771/1771/1701 1774/1774/1704 1775/1775/1705
f 1772/1772/1702 1770/1770/1700 1775/1775/1705
f 1773/1773/1703 1738/1738/1668 1775/1775/1705
f 1774/1774/1704 1739/1739/1669 1775/1775/1705
f 1737/1737/1667 1771/1771/1701 1775/1775/1705
f 1738/1738/1668 1741/1741/1671 1775/1775/1705
f 1739/1739/1669 1742/1742/1672 1775/1775/1705
f 1740/1740/1670 1737/1737/1667 1775/1775/1705
f 1741/1741/1671 1744/1744/1674 1775/1775/1705
f 1742/1742/1672 1745/1745/1675 1775/1775/1705
f 1743/1743/1673 1740/1740/1670 1775/1775/1705
f 1744/1744/1674 1747/1747/1677 1775/1775/1705
f 1745/1745/1675 1748/1748/1678 1775/1775/1705
f 1746/1746/1676 1743/1743/1673 1775/1775/1705
f 1747/1747/1677 1765/1765/1695 1775/1775/1705
f 1748/1748/1678 1752/1752/1682 1775/1775/1705
f 1749/1749/1679 1746/1746/1676 1775/1775/1705
f 1776/1776/1706 1777/1777/1707 1778/1778/1708
f 1779/1779/1709 1780/1780/1710 1781/1781/1711
f 1782/1782/1712 1783/1783/1713 1784/1784/1714
f 1785/1785/1715 1786/1786/1716 1787/1787/1717
f 1788/1788/1718 1789/1789/1719 1790/1790/1720
f 1791/1791/1721 1792/1792/1722 1793/1793/1723
f 1794/1794/1724 1795/1795/1725 1796/1796/1726
f 1797/1797/1727 1798/1798/1728 1777/1777/1707
f 1799/1799/1729 1800/1800/1730 1779/1779/1709
f 1784/1784/1714 1801/1801/1731 1802/1802/1732
f 1803/1803/1733 1787/1787/1717 1804/1804/1734
f 1788/1788/1718 1778/1778/1708 1805/1805/1735
f 1781/1781/1711 1806/1806/1736 1791/1791/1721
f 1790/1790/1720 1807/1807/1737 1782/1782/1712
f 1808/1808/1738 1796/1796/1726 1786/1786/1716
f 1809/1809/1739 1804/1804/1734 1810/1810/1740
f 1811/1811/1741 1792/1792/1722 1798/1798/1728
f 1809/1809/1739 1812/1812/1742 1799/1799/1729
f 1802/1802/1732 1795/1795/1725 1813/1813/1743
f 1814/1814/1744 1815/1815/1745 1816/1816/1746
f 1817/1817/1747 1818/1818/1748 1819/1819/1749
f 1820/1820/1750 1821/1821/1751 1822/1822/1752
f 1823/1823/1753 1824/1824/1754 1825/1825/1755
f 1826/1826/1756 1827/1827/1757 1828/1828/1758
f 1829/1829/1759 1819/1819/1749 1830/1830/1760
f 1831/1831/1761 1832/1832/1762 1833/1833/1763
f 1834/1834/1764 1835/1835/1765 1836/1836/1766
f 1816/1816/1746 1837/1837/1767 1838/1838/1768
f 1839/1839/1769 1840/1840/1770 1841/1841/1771
f 1842/1842/1772 1843/1843/1773 1820/1820/1750
f 1825/1825/1755 1844/1844/1774 1814/1814/1744
f 1845/1845/1775 1828/1828/1758 1818/1818/1748
f 1846/1846/1776 1821/1821/1751 1832/1832/1762
f 1829/1829/1759 1847/1847/1777 1834/1834/1764
f 1823/1823/1753 1841/1841/1771 1848/1848/1778
f 1849/1849/1779 1837/1837/1767 1827/1827/1757
f 1850/1850/1780 1833/1833/1763 1840/1840/1770
f 1836/1836/1766 1851/1851/1781 1842/1842/1772
f 1800/1800/1730 1852/1852/1782 1780/1780/1710
f 1795/1795/1725 1853/1853/1783 1854/1854/1784
f 1780/1780/1710 1855/1855/1785 1806/1806/1736
f 1801/1801/1731 1856/1856/1786 1853/1853/1783
f 1806/1806/1736 1857/1857/1787 1792/1792/1722
f 1804/1804/1734 1858/1858/1788 1810/1810/1740
f 1798/1798/1728 1857/1857/1787 1859/1859/1789
f 1783/1783/1713 1860/1860/1790 1856/1856/1786
f 1787/1787/1717 1861/1861/1791 1804/1804/1734
f 1777/1777/1707 1859/1859/1789 1862/1862/1792
f 1807/1807/1737 1863/1863/1793 1860/1860/1790
f 1786/1786/1716 1864/1864/1794 1787/1787/1717
f 1778/1778/1708 1862/1862/1792 1865/1865/1795
f 1810/1810/1740 1866/1866/1796 1812/1812/1742
f 1796/1796/1726 1867/1867/1797 1786/1786/1716
f 1805/1805/1735 1865/1865/1795 1868/1868/1798
f 1812/1812/1742 1869/1869/1799 1800/1800/1730
f 1796/1796/1726 1854/1854/1784 1870/1870/1800
f 1789/1789/1719 1868/1868/1798 1863/1863/1793
f 1843/1843/1773 1871/1871/1801 1872/1872/1802
f 1844/1844/1774 1873/1873/1803 1815/1815/1745
f 1843/1843/1773 1874/1874/1804 1821/1821/1751
f 1824/1824/1754 1875/1875/1805 1844/1844/1774
f 1830/1830/1760 1876/1876/1806 1877/1877/1807
f 1821/1821/1751 1878/1878/1808 1832/1832/1762
f 1848/1848/1778 1879/1879/1809 1824/1824/1754
f 1819/1819/1749 1880/1880/1810 1876/1876/1806
f 1832/1832/1762 1881/1881/1811 1833/1833/1763
f 1841/1841/1771 1882/1882/1812 1848/1848/1778
f 1818/1818/1748 1883/1883/1813 1880/1880/1810
f 1833/1833/1763 1884/1884/1814 1840/1840/1770
f 1847/1847/1777 1877/1877/1807 1885/1885/1815
f 1828/1828/1758 1886/1886/1816 1883/1883/1813
f 1840/1840/1770 1887/1887/1817 1841/1841/1771
f 1835/1835/1765 1885/1885/1815 1888/1888/1818
f 1827/1827/1757 1889/1889/1819 1886/1886/1816
f 1851/1851/1781 1888/1888/1818 1871/1871/1801
f 1815/1815/1745 1889/1889/1819 1837/1837/1767
f 1858/1858/1788 1861/1861/1791 1890/1890/1820
f 1862/1862/1792 1859/1859/1789 1890/1890/1820
f 1860/1860/1790 1863/1863/1793 1890/1890/1820
f 1861/1861/1791 1864/1864/1794 1890/1890/1820
f 1865/1865/1795 1862/1862/1792 1890/1890/1820
f 1866/1866/1796 1858/1858/1788 1890/1890/1820
f 1864/1864/1794 1867/1867/1797 1890/1890/1820
f 1868/1868/1798 1865/1865/1795 1890/1890/1820
f 1869/1869/1799 1866/1866/1796 1890/1890/1820
f 1867/1867/1797 1870/1870/1800 1890/1890/1820
f 1863/1863/1793 1868/1868/1798 1890/1890/1820
f 1852/1852/1782 1869/1869/1799 1890/1890/1820
f 1870/1870/1800 1854/1854/1784 1890/1890/1820
f 1855/1855/1785 1852/1852/1782 1890/1890/1820
f 1854/1854/1784 1853/1853/1783 1890/1890/1820
f 1857/1857/1787 1855/1855/1785 1890/1890/1820
f 1853/1853/1783 1856/1856/1786 1890/1890/1820
f 1859/1859/1789 1857/1857/1787 1890/1890/1820
f 1856/1856/1786 1860/1860/1790 1890/1890/1820
f 1874/1874/1804 1872/1872/1802 1891/1891/1821
f 1875/1875/1805 1879/1879/1809 1891/1891/1821
f 1877/1877/1807 1876/1876/1806 1891/1891/1821
f 1878/1878/1808 1874/1874/1804 1891/1891/1821
f 1879/1879/1809 1882/1882/1812 1891/1891/1821
f 1876/1876/1806 1880/1880/1810 1891/1891/1821
f 1881/1881/1811 1878/1878/1808 1891/1891/1821
f 1882/1882/1812 1887/1887/1817 1891/1891/1821
f 1880/1880/1810 1883/1883/1813 1891/1891/1821
f 1884/1884/1814 1881/1881/1811 1891/1891/1821
f 1885/1885/1815 1877/1877/1807 1891/1891/1821
f 1883/1883/1813 1886/1886/1816 1891/1891/1821
f 1887/1887/1817 1884/1884/1814 1891/1891/1821
f 1888/1888/1818 1885/1885/1815 1891/1891/1821
f 1886/1886/1816 1889/1889/1819 1891/1891/1821
f 1871/1871/1801 1888/1888/1818 1891/1891/1821
f 1889/1889/1819 1873/1873/1803 1891/1891/1821
f 1872/1872/1802 1871/1871/1801 1891/1891/1821
f 1873/1873/1803 1875/1875/1805 1891/1891/1821
f 1892/1892/1822 1893/1893/1823 1231/1231/1196
f 1892/1892/1822 1229/1229/1194 1894/1894/1824
f 1895/1895/1756 1229/1229/1194 1227/1227/1192
f 1896/1896/1825 1227/1227/1192 1223/1223/1188
f 1896/1896/1825 1221/1221/1186 1897/1897/1826
f 1897/1897/1826 1219/1219/1184 1898/1898/1746
f 1898/1898/1746 1217/1217/1182 1899/1899/1744
f 1899/1899/1744 1216/1216/1181 1900/1900/1827
f 1901/1901/1828 1216/1216/1181 1214/1214/1180
f 1902/1902/1829 1214/1214/1180 1215/1215/3
f 1903/1903/1830 19/19/19 1904/1904/1831
f 1905/1905/1832 17/17/17 1903/1903/1830
f 1906/1906/1833 15/15/15 1905/1905/1832
f 1907/1907/1750 13/13/13 1906/1906/1833
f 9/9/9 1907/1907/1750 1908/1908/1834
f 7/7/7 1908/1908/1834 1909/1909/1835
f 5/5/5 1909/1909/1835 1910/1910/1761
f 2/2/2 1910/1910/1761 1911/1911/1836
f 3/3/3 1911/1911/1836 1912/1912/1837
f 1913/1913/1733 1914/1914/402 856/856/854
f 1915/1915/1838 856/856/854 854/854/852
f 1916/1916/1839 854/854/852 852/852/850
f 1917/1917/1840 852/852/850 848/848/846
f 1917/1917/1840 846/846/844 1918/1918/1841
f 1918/1918/1841 844/844/842 1919/1919/1732
f 1919/1919/1732 843/843/841 1920/1920/1714
f 1920/1920/1714 841/841/840 1921/1921/1712
f 1921/1921/1712 842/842/384 1922/1922/1842
f 1923/1923/1843 402/402/402 1924/1924/1844
f 1925/1925/1709 400/400/400 1923/1923/1843
f 1926/1926/1845 398/398/398 1925/1925/1709
f 394/394/394 1926/1926/1845 1927/1927/1721
f 392/392/392 1927/1927/1721 1928/1928/1846
f 390/390/390 1928/1928/1846 1929/1929/1741
f 388/388/388 1929/1929/1741 1930/1930/1727
f 386/386/386 1930/1930/1727 1931/1931/1847
f 1932/1932/1848 386/386/386 1931/1931/1847
f 384/384/384 1932/1932/1848 1933/1933/1849
f 1658/1658/1594 1934/1934/1850 1935/1935/1561
f 1656/1656/1592 1935/1935/1561 1936/1936/1556
f 1654/1654/1590 1936/1936/1556 1937/1937/1546
f 1652/1652/1588 1937/1937/1546 1938/1938/1536
f 1650/1650/1586 1938/1938/1536 1939/1939/1526
f 1648/1648/1584 1939/1939/1526 1940/1940/1507
f 1646/1646/1582 1940/1940/1507 1941/1941/1498
f 1942/1942/1488 1646/1646/1582 1941/1941/1498
f 1943/1943/1851 1645/1645/1581 1942/1942/1488
f 1944/1944/301 1643/1643/1579 1943/1943/1851
f 1945/1945/1176 1640/1640/1577 1946/1946/1852
f 1637/1637/1574 1945/1945/1176 1947/1947/1166
f 1948/1948/1156 1637/1637/1574 1947/1947/1166
f 1949/1949/1146 1635/1635/1572 1948/1948/1156
f 1950/1950/1136 1633/1633/1570 1949/1949/1146
f 1951/1951/1126 1631/1631/1568 1950/1950/1136
f 1952/1952/1116 1630/1630/1567 1951/1951/1126
f 1625/1625/1562 1952/1952/1116 1953/1953/1106
f 1954/1954/1853 1625/1625/1562 1953/1953/1106
f 1955/1955/1854 837/837/836 1956/1956/799
f 1956/1956/799 835/835/834 1957/1957/789
f 1957/1957/789 833/833/832 1958/1958/779
f 1958/1958/779 831/831/830 1959/1959/769
f 1959/1959/769 829/829/828 1960/1960/759
f 1960/1960/759 827/827/826 1961/1961/739
f 1961/1961/739 825/825/824 1962/1962/729
f 1962/1962/729 826/826/825 1963/1963/719
f 1964/1964/708 826/826/825 823/823/822
f 1965/1965/1853 823/823/822 820/820/819
f 1966/1966/1179 816/816/815 1967/1967/371
f 1967/1967/371 817/817/816 1968/1968/361
f 1969/1969/1855 817/817/816 814/814/813
f 1970/1970/1856 814/814/813 812/812/811
f 1971/1971/331 812/812/811 810/810/809
f 1972/1972/321 810/810/809 806/806/805
f 1973/1973/312 806/806/805 804/804/803
f 1974/1974/1857 804/804/803 801/801/800
f 1975/1975/301 801/801/800 803/803/802
f 416/416/415 385/385/385 382/382/382
f 1976/1976/1858 1977/1977/1859 1978/1978/1860
f 1979/1979/1861 1977/1977/1859 1980/1980/1862
f 1979/1979/1861 1981/1981/1863 1982/1982/1864
f 1983/1983/1865 1984/1984/1866 1981/1981/1863
f 1985/1985/1867 1986/1986/1868 1984/1984/1866
f 1987/1987/1869 1986/1986/1868 1988/1988/1870
f 1987/1987/1869 1989/1989/1871 1990/1990/1872
f 1991/1991/1873 1989/1989/1871 1992/1992/1874
f 1993/1993/1875 1994/1994/1876 1991/1991/1873
f 1993/1993/1875 1995/1995/1877 1996/1996/1878
f 1997/1997/1879 1995/1995/1877 1998/1998/1880
f 1999/1999/1881 2000/2000/1882 1997/1997/1879
f 2001/2001/1883 2002/2002/1884 1999/1999/1881
f 2003/2003/1885 2004/2004/1886 2001/2001/1883
f 2003/2003/1885 2005/2005/1887 2006/2006/1888
f 1976/1976/1858 2005/2005/1887 2007/2007/1889
f 1978/1978/1860 2008/2008/1890 2009/2009/1891
f 1977/1977/1859 2010/2010/1892 2008/2008/1890
f 1982/1982/1864 2011/2011/1893 2010/2010/1892
f 1981/1981/1863 2012/2012/1894 2011/2011/1893
f 1986/1986/1868 2012/2012/1894 1984/1984/1866
f 1990/1990/1872 2013/2013/1895 1986/1986/1868
f 1990/1990/1872 2014/2014/1896 2015/2015/1897
f 1989/1989/1871 2016/2016/1898 2014/2014/1896
f 1994/1994/1876 2017/2017/1899 2016/2016/1898
f 1996/1996/1878 2018/2018/1900 2017/2017/1899
f 1995/1995/1877 2019/2019/1901 2018/2018/1900
f 2000/2000/1882 2020/2020/1902 2019/2019/1901
f 2002/2002/1884 2021/2021/1903 2020/2020/1902
f 2006/2006/1888 2021/2021/1903 2004/2004/1886
f 2005/2005/1887 2022/2022/1904 2006/2006/1888
f 2005/2005/1887 2009/2009/1891 2023/2023/1905
f 2024/2009/1906 2025/2008/1907 2026/2024/1907
f 2025/2008/1907 2027/2010/1907 2026/2024/1907
f 2027/2010/1907 2028/2011/1908 2026/2024/1907
f 2028/2011/1908 2029/2012/1907 2026/2024/1907
f 2029/2012/1907 2030/2013/1907 2026/2024/1907
f 2030/2013/1907 2031/2015/1907 2026/2024/1907
f 2031/2015/1907 2032/2014/1908 2026/2024/1907
f 2032/2014/1908 2033/2016/1906 2026/2024/1907
f 2033/2016/1906 2034/2017/1907 2026/2024/1907
f 2034/2017/1907 2035/2018/1907 2026/2024/1907
f 2035/2018/1907 2036/2019/1908 2026/2024/1907
f 2036/2019/1908 2037/2020/1907 2026/2024/1907
f 2037/2020/1907 2038/2021/1907 2026/2024/1907
f 2038/2021/1907 2039/2022/1907 2026/2024/1907
f 2039/2022/1907 2040/2023/1907 2026/2024/1907
f 2040/2023/1907 2024/2009/1906 2026/2024/1907
f 2041/2025/1909 2042/2026/1910 2043/2027/1911
f 2044/2028/1912 2045/2029/1913 2042/2026/1910
f 2046/2030/1914 2044/2028/1912 2041/2025/1909
f 2047/2031/1915 2048/2032/1916 2044/2028/1912
f 2049/2033/1917 2047/2031/1915 2046/2030/1914
f 2047/2031/1915 2050/2034/1918 2051/2035/1919
f 2049/2033/1917 2052/2036/1920 2053/2037/1921
f 2053/2037/1921 2054/2038/1922 2050/2034/1918
f 2055/2039/1923 2056/2040/1924 2052/2036/1920
f 2052/2036/1920 2057/2041/1925 2054/2038/1922
f 2058/2042/1926 2059/2043/1927 2056/2040/1924
f 2059/2043/1927 2057/2041/1925 2056/2040/1924
f 2060/2044/1928 2061/2045/1929 2062/2046/1930
f 2063/2047/1931 2064/2048/1932 2061/2045/1929
f 2065/2049/1933 2063/2047/1931 2060/2044/1928
f 2066/2050/1934 2067/2051/1935 2063/2047/1931
f 2068/2052/1936 2066/2050/1934 2065/2049/1933
f 2069/2053/1937 2070/2054/1938 2066/2050/1934
f 2071/2055/1939 2069/2053/1937 2068/2052/1936
f 2072/2056/1940 2073/2057/1941 2069/2053/1937
f 2071/2055/1939 2074/2058/1942 2072/2056/1940
f 2072/2056/1940 2075/2059/1943 2076/2060/1944
f 2077/2061/1945 2074/2058/1942 2078/2062/1946
f 2079/2063/1947 2075/2059/1943 2074/2058/1942
f 2080/2064/1948 2081/2065/1949 2082/2066/1950
f 2083/2067/1951 2084/2068/1952 2081/2065/1949
f 2085/2069/1953 2083/2067/1951 2080/2064/1948
f 2086/2070/1954 2087/2071/1955 2083/2067/1951
f 2088/2072/1956 2086/2070/1954 2085/2069/1953
f 2089/2073/1957 2090/2074/1958 2086/2070/1954
f 2091/2075/1959 2089/2073/1957 2088/2072/1956
f 2092/2076/1960 2093/2077/1961 2089/2073/1957
f 2094/2078/1962 2092/2076/1960 2091/2075/1959
f 2095/2079/1963 2096/2080/1964 2092/2076/1960
f 2097/2081/1965 2095/2079/1963 2094/2078/1962
f 2098/2082/1966 2099/2083/1967 2095/2079/1963
f 2100/2084/1968 2101/2085/1969 2102/2086/1970
f 2103/2087/1971 2104/2088/1972 2101/2085/1969
f 2105/2089/1973 2103/2087/1971 2100/2084/1968
f 2103/2087/1971 2106/2090/1974 2107/2091/1975
f 2108/2092/1976 2109/2093/1977 2105/2089/1973
f 2109/2093/1977 2110/2094/1978 2106/2090/1974
f 2108/2092/1976 2111/2095/1979 2112/2096/1980
f 2112/2096/1980 2113/2097/1981 2110/2094/1978
f 2114/2098/1982 2115/2099/1983 2111/2095/1979
f 2111/2095/1979 2116/2100/1984 2113/2097/1981
f 2117/2101/1985 2118/2102/1986 2115/2099/1983
f 2115/2099/1983 2119/2103/1987 2116/2100/1984
f 2120/2104/1988 2121/2105/1989 2122/2106/1990
f 2121/2105/1989 2123/2107/1991 2124/2108/1992
f 2120/2104/1988 2125/2109/1993 2126/2110/1994
f 2126/2110/1994 2127/2111/1995 2123/2107/1991
f 2128/2112/1996 2125/2109/1993 2129/2113/1997
f 2130/2114/1998 2127/2111/1995 2125/2109/1993
f 2128/2112/1996 2131/2115/1999 2130/2114/1998
f 2130/2114/1998 2132/2116/2000 2133/2117/2001
f 2134/2118/2002 2135/2119/2003 2131/2115/1999
f 2131/2115/1999 2136/2120/2004 2132/2116/2000
f 2137/2121/2005 2138/2122/2006 2135/2119/2003
f 2138/2122/2006 2136/2120/2004 2135/2119/2003
f 2139/2026/2007 2140/2025/2008 2141/2027/2009
f 2142/2029/2010 2143/2028/2011 2139/2026/2007
f 2143/2028/2011 2144/2030/2012 2140/2025/2008
f 2145/2032/2013 2146/2031/2014 2143/2028/2011
f 2146/2031/2014 2147/2033/2015 2144/2030/2012
f 2146/2031/2014 2148/2034/2016 2149/2037/2017
f 2147/2033/2015 2150/2036/2018 2151/2039/2019
f 2149/2037/2017 2152/2038/2020 2150/2036/2018
f 2151/2039/2019 2153/2040/2021 2154/2042/2022
f 2150/2036/2018 2155/2041/2023 2153/2040/2021
f 2154/2042/2022 2156/2043/2024 2157/2123/2025
f 2155/2041/2023 2156/2043/2024 2153/2040/2021
f 2158/2045/2026 2159/2044/2027 2160/2046/2028
f 2161/2048/2029 2162/2047/2030 2158/2045/2026
f 2162/2047/2030 2163/2049/2031 2159/2044/2027
f 2164/2051/2032 2165/2050/2033 2162/2047/2030
f 2165/2050/2033 2166/2052/2034 2163/2049/2031
f 2167/2054/2035 2168/2053/2036 2165/2050/2033
f 2168/2053/2036 2169/2055/2037 2166/2052/2034
f 2170/2057/2038 2171/2056/2039 2168/2053/2036
f 2169/2055/2037 2172/2058/2040 2173/2062/2041
f 2171/2056/2039 2174/2059/2042 2172/2058/2040
f 2172/2058/2040 2175/2061/2043 2173/2062/2041
f 2174/2059/2042 2176/2063/2044 2172/2058/2040
f 2177/2065/2045 2178/2064/2046 2179/2066/2047
f 2180/2068/2048 2181/2067/2049 2177/2065/2045
f 2181/2067/2049 2182/2069/2050 2178/2064/2046
f 2183/2071/2051 2184/2070/2052 2181/2067/2049
f 2184/2070/2052 2185/2072/2053 2182/2069/2050
f 2186/2074/2054 2187/2073/2055 2184/2070/2052
f 2187/2073/2055 2188/2075/2056 2185/2072/2053
f 2189/2077/2057 2190/2076/2058 2187/2073/2055
f 2190/2076/2058 2191/2078/2059 2188/2075/2056
f 2192/2080/2060 2193/2079/2061 2190/2076/2058
f 2193/2079/2061 2194/2081/2062 2191/2078/2059
f 2195/2083/2063 2196/2082/2064 2193/2079/2061
f 2197/2085/2065 2198/2084/2066 2199/2086/2067
f 2200/2088/2068 2201/2087/2069 2197/2085/2065
f 2201/2087/2069 2202/2089/2070 2198/2084/2066
f 2201/2087/2069 2203/2090/2071 2204/2093/2072
f 2204/2093/2072 2205/2092/2073 2202/2089/2070
f 2204/2093/2072 2206/2094/2074 2207/2096/2075
f 2205/2092/2073 2208/2095/2076 2209/2098/2077
f 2207/2096/2075 2210/2097/2078 2208/2095/2076
f 2209/2098/2077 2211/2099/2079 2212/2101/2080
f 2208/2095/2076 2213/2100/2081 2211/2099/2079
f 2212/2101/2080 2214/2102/2082 2215/2124/2083
f 2211/2099/2079 2216/2103/2084 2214/2102/2082
f 2217/2105/2085 2218/2104/2086 2219/2106/2087
f 2217/2105/2085 2220/2107/2088 2221/2110/2089
f 2221/2110/2089 2222/2113/2090 2218/2104/2086
f 2221/2110/2089 2223/2111/2091 2224/2109/2092
f 2224/2109/2092 2225/2112/2093 2222/2113/2090
f 2223/2111/2091 2226/2114/2094 2224/2109/2092
f 2225/2112/2093 2227/2115/2095 2228/2118/2096
f 2226/2114/2094 2229/2116/2097 2227/2115/2095
f 2228/2118/2096 2230/2119/2098 2231/2121/2099
f 2229/2116/2097 2230/2119/2098 2227/2115/2095
f 2231/2121/2099 2232/2122/2100 2233/2125/2101
f 2234/2120/2102 2232/2122/2100 2230/2119/2098
f 2042/2026/1910 2235/2027/2009 2043/2027/1911
f 2043/2027/1911 2236/2025/2103 2041/2025/1909
f 2050/2034/1918 2237/2035/2104 2051/2035/1919
f 2065/2049/1933 2238/2044/2105 2239/2049/2106
f 2073/2057/1941 2240/2060/2107 2241/2057/2108
f 2079/2063/1947 2242/2126/2109 2243/2126/2110
f 2088/2072/1956 2244/2069/2111 2245/2072/2112
f 2096/2080/1964 2246/2083/2113 2247/2080/2114
f 2104/2088/1972 2248/2085/2115 2101/2085/1969
f 2114/2098/1982 2249/2092/2116 2250/2098/2117
f 2119/2103/1987 2251/2100/2118 2116/2100/1984
f 2134/2118/2002 2252/2121/2119 2137/2121/2005
f 2045/2029/1913 2253/2026/2120 2042/2026/1910
f 2055/2039/1923 2254/2033/2121 2255/2039/2019
f 2256/2127/2122 2257/2041/2123 2057/2041/1925
f 2071/2055/1939 2258/2062/2124 2078/2062/1946
f 2097/2081/1965 2259/2078/2125 2260/2081/2126
f 2104/2088/1972 2261/2091/2127 2262/2088/2128
f 2263/2124/2129 2264/2102/2130 2118/2102/1986
f 2127/2111/1995 2265/2107/2131 2123/2107/1991
f 2045/2029/1913 2266/2032/2013 2267/2029/2132
f 2268/2123/2133 2269/2043/2134 2059/2043/1927
f 2070/2054/1938 2270/2051/2135 2067/2051/1935
f 2081/2065/1949 2271/2066/2047 2082/2066/1950
f 2082/2066/1950 2272/2064/2136 2080/2064/1948
f 2093/2077/1961 2273/2074/2137 2090/2074/1958
f 2105/2089/1973 2274/2084/2138 2275/2089/2139
f 2110/2094/1978 2276/2097/2140 2277/2094/2074
f 2118/2102/1986 2278/2103/2084 2119/2103/1987
f 2128/2112/1996 2279/2113/2141 2280/2112/2142
f 2132/2116/2000 2281/2120/2102 2282/2116/2097
f 2046/2030/1914 2236/2025/2103 2283/2030/2143
f 2050/2034/1918 2284/2038/2144 2285/2034/2145
f 2059/2043/1927 2286/2127/2146 2256/2127/2122
f 2068/2052/1936 2239/2049/2106 2287/2052/2147
f 2076/2060/1944 2288/2059/2148 2240/2060/2107
f 2084/2068/1952 2289/2065/2149 2081/2065/1949
f 2088/2072/1956 2290/2075/2150 2091/2075/1959
f 2291/2128/2151 2246/2083/2113 2099/2083/1967
f 2114/2098/1982 2292/2101/2080 2117/2101/1985
f 2293/2125/2152 2231/2121/2099 2233/2125/2101
f 2055/2039/1923 2294/2042/2153 2058/2042/1926
f 2077/2061/1945 2258/2062/2124 2295/2061/2043
f 2084/2068/1952 2296/2071/2051 2297/2068/2154
f 2097/2081/1965 2298/2082/2155 2098/2082/1966
f 2106/2090/1974 2261/2091/2127 2107/2091/1975
f 2121/2105/1989 2299/2106/2156 2122/2106/1990
f 2122/2106/1990 2300/2104/2157 2120/2104/1988
f 2127/2111/1995 2301/2117/2158 2302/2111/2159
f 2051/2035/1919 2266/2032/2013 2048/2032/1916
f 2061/2045/1929 2303/2046/2160 2062/2046/1930
f 2062/2046/1930 2238/2044/2105 2060/2044/1928
f 2073/2057/1941 2304/2054/2161 2070/2054/1938
f 2085/2069/1953 2272/2064/2136 2244/2069/2111
f 2096/2080/1964 2305/2077/2057 2093/2077/1961
f 2306/2128/2162 2196/2082/2064 2307/2128/2163
f 2108/2092/1976 2275/2089/2139 2249/2092/2116
f 2113/2097/1981 2251/2100/2118 2276/2097/2140
f 2124/2108/1992 2308/2105/2164 2121/2105/1989
f 2134/2118/2002 2280/2112/2142 2309/2118/2165
f 2310/2129/2166 2281/2120/2102 2136/2120/2004
f 2049/2033/1917 2283/2030/2143 2254/2033/2121
f 2054/2038/1922 2257/2041/2123 2284/2038/2144
f 2064/2048/1932 2311/2045/2167 2061/2045/1929
f 2068/2052/1936 2312/2055/2168 2071/2055/1939
f 2243/2126/2110 2288/2059/2148 2075/2059/1943
f 2091/2075/1959 2259/2078/2125 2094/2078/1962
f 2313/2124/2129 2212/2101/2080 2215/2124/2083
f 2124/2108/1992 2265/2107/2131 2314/2108/2169
f 2315/2125/2170 2316/2122/2171 2138/2122/2006
f 2317/2123/2133 2154/2042/2022 2157/2123/2025
f 2064/2048/1932 2270/2051/2135 2318/2048/2029
f 2077/2061/1945 2319/2063/2172 2079/2063/1947
f 2090/2074/1958 2296/2071/2051 2087/2071/1955
f 2101/2085/1969 2320/2086/2067 2102/2086/1970
f 2102/2086/1970 2274/2084/2138 2100/2084/1968
f 2110/2094/1978 2321/2090/2071 2106/2090/1974
f 2129/2113/1997 2300/2104/2157 2279/2113/2141
f 2133/2117/2001 2282/2116/2097 2301/2117/2158
f 2138/2122/2006 2322/2129/2173 2310/2129/2166
f 78/78/78 79/79/79 67/67/67
f 71/71/71 81/81/81 90/90/90
f 81/81/81 88/88/88 99/99/99
f 88/88/88 96/96/96 110/110/110
f 921/921/916 913/913/908 922/922/917
f 1/1/1 4/4/4 2/2/2
f 4/4/4 6/6/6 5/5/5
f 6/6/6 8/8/8 7/7/7
f 8/8/8 10/10/10 9/9/9
f 10/10/10 24/24/24 11/11/11
f 11/11/11 24/24/24 12/12/12
f 13/13/13 12/12/12 14/14/14
f 15/15/15 14/14/14 16/16/16
f 17/17/17 16/16/16 18/18/18
f 20/20/20 34/34/34 6/6/6
f 6/6/6 34/34/34 21/21/21
f 8/8/8 21/21/21 22/22/22
f 10/10/10 22/22/22 23/23/23
f 23/23/23 25/25/25 12/12/12
f 25/25/25 40/40/40 14/14/14
f 14/14/14 40/40/40 26/26/26
f 16/16/16 26/26/26 27/27/27
f 28/28/28 1233/1233/1197 29/29/29
f 31/31/31 44/44/44 32/32/32
f 20/20/20 32/32/32 33/33/33
f 34/34/34 33/33/33 35/35/35
f 21/21/21 35/35/35 36/36/36
f 22/22/22 36/36/36 37/37/37
f 23/23/23 37/37/37 38/38/38
f 25/25/25 38/38/38 39/39/39
f 40/40/40 39/39/39 41/41/41
f 26/26/26 41/41/41 42/42/42
f 43/43/43 45/45/45 32/32/32
f 45/45/45 46/46/46 33/33/33
f 46/46/46 56/56/56 35/35/35
f 35/35/35 56/56/56 47/47/47
f 36/36/36 47/47/47 48/48/48
f 37/37/37 48/48/48 49/49/49
f 38/38/38 49/49/49 50/50/50
f 39/39/39 50/50/50 51/51/51
f 41/41/41 51/51/51 52/52/52
f 53/53/53 54/54/54 45/45/45
f 54/54/54 55/55/55 46/46/46
f 55/55/55 65/65/65 56/56/56
f 56/56/56 65/65/65 57/57/57
f 47/47/47 57/57/57 58/58/58
f 48/48/48 58/58/58 59/59/59
f 49/49/49 59/59/59 60/60/60
f 50/50/50 60/60/60 61/61/61
f 51/51/51 61/61/61 62/62/62
f 53/53/53 73/73/73 63/63/63
f 54/54/54 63/63/63 64/64/64
f 64/64/64 66/66/66 65/65/65
f 66/66/66 67/67/67 57/57/57
f 67/67/67 79/79/79 58/58/58
f 58/58/58 79/79/79 68/68/68
f 59/59/59 68/68/68 69/69/69
f 60/60/60 69/69/69 70/70/70
f 61/61/61 70/70/70 71/71/71
f 72/72/72 74/74/74 63/63/63
f 74/74/74 75/75/75 64/64/64
f 75/75/75 76/76/76 66/66/66
f 76/76/76 77/77/77 67/67/67
f 78/78/78 87/87/87 68/68/68
f 68/68/68 87/87/87 80/80/80
f 69/69/69 80/80/80 81/81/81
f 72/72/72 91/91/91 82/82/82
f 74/74/74 82/82/82 83/83/83
f 75/75/75 83/83/83 84/84/84
f 84/84/84 85/85/85 77/77/77
f 85/85/85 86/86/86 78/78/78
f 86/86/86 97/97/97 87/87/87
f 87/87/87 97/97/97 88/88/88
f 81/81/81 99/99/99 89/89/89
f 91/91/91 101/101/101 92/92/92
f 82/82/82 92/92/92 93/93/93
f 83/83/83 93/93/93 94/94/94
f 84/84/84 94/94/94 95/95/95
f 95/95/95 107/107/107 86/86/86
f 86/86/86 107/107/107 96/96/96
f 88/88/88 110/110/110 98/98/98
f 99/99/99 98/98/98 100/100/100
f 101/101/101 113/113/113 102/102/102
f 92/92/92 102/102/102 103/103/103
f 93/93/93 103/103/103 104/104/104
f 94/94/94 104/104/104 105/105/105
f 95/95/95 105/105/105 106/106/106
f 107/107/107 106/106/106 108/108/108
f 96/96/96 108/108/108 109/109/109
f 110/110/110 109/109/109 111/111/111
f 98/98/98 111/111/111 112/112/112
f 113/113/113 124/124/124 114/114/114
f 102/102/102 114/114/114 115/115/115
f 103/103/103 115/115/115 116/116/116
f 104/104/104 116/116/116 117/117/117
f 105/105/105 117/117/117 118/118/118
f 106/106/106 118/118/118 119/119/119
f 108/108/108 119/119/119 120/120/120
f 109/109/109 120/120/120 121/121/121
f 111/111/111 121/121/121 122/122/122
f 123/123/123 134/134/134 114/114/114
f 114/114/114 134/134/134 125/125/125
f 115/115/115 125/125/125 126/126/126
f 116/116/116 126/126/126 127/127/127
f 117/117/117 127/127/127 128/128/128
f 118/118/118 128/128/128 129/129/129
f 119/119/119 129/129/129 130/130/130
f 120/120/120 130/130/130 131/131/131
f 121/121/121 131/131/131 132/132/132
f 123/123/123 143/143/143 133/133/133
f 134/134/134 133/133/133 135/135/135
f 125/125/125 135/135/135 136/136/136
f 126/126/126 136/136/136 137/137/137
f 127/127/127 137/137/137 138/138/138
f 128/128/128 138/138/138 139/139/139
f 129/129/129 139/139/139 140/140/140
f 130/130/130 140/140/140 141/141/141
f 131/131/131 141/141/141 142/142/142
f 143/143/143 153/153/153 144/144/144
f 133/133/133 144/144/144 145/145/145
f 135/135/135 145/145/145 146/146/146
f 136/136/136 146/146/146 147/147/147
f 137/137/137 147/147/147 148/148/148
f 138/138/138 148/148/148 149/149/149
f 139/139/139 149/149/149 150/150/150
f 140/140/140 150/150/150 151/151/151
f 141/141/141 151/151/151 152/152/152
f 153/153/153 163/163/163 154/154/154
f 144/144/144 154/154/154 155/155/155
f 145/145/145 155/155/155 156/156/156
f 146/146/146 156/156/156 157/157/157
f 147/147/147 157/157/157 158/158/158
f 148/148/148 158/158/158 159/159/159
f 149/149/149 159/159/159 160/160/160
f 150/150/150 160/160/160 161/161/161
f 151/151/151 161/161/161 162/162/162
f 163/163/163 173/173/173 164/164/164
f 154/154/154 164/164/164 165/165/165
f 155/155/155 165/165/165 166/166/166
f 156/156/156 166/166/166 167/167/167
f 157/157/157 167/167/167 168/168/168
f 158/158/158 168/168/168 169/169/169
f 159/159/159 169/169/169 170/170/170
f 160/160/160 170/170/170 171/171/171
f 161/161/161 171/171/171 172/172/172
f 173/173/173 183/183/183 174/174/174
f 164/164/164 174/174/174 175/175/175
f 165/165/165 175/175/175 176/176/176
f 166/166/166 176/176/176 177/177/177
f 167/167/167 177/177/177 178/178/178
f 168/168/168 178/178/178 179/179/179
f 169/169/169 179/179/179 180/180/180
f 170/170/170 180/180/180 181/181/181
f 171/171/171 181/181/181 182/182/182
f 183/183/183 193/193/193 184/184/184
f 174/174/174 184/184/184 185/185/185
f 175/175/175 185/185/185 186/186/186
f 176/176/176 186/186/186 187/187/187
f 177/177/177 187/187/187 188/188/188
f 178/178/178 188/188/188 189/189/189
f 179/179/179 189/189/189 190/190/190
f 180/180/180 190/190/190 191/191/191
f 181/181/181 191/191/191 192/192/192
f 193/193/193 203/203/203 194/194/194
f 184/184/184 194/194/194 195/195/195
f 185/185/185 195/195/195 196/196/196
f 186/186/186 196/196/196 197/197/197
f 187/187/187 197/197/197 198/198/198
f 188/188/188 198/198/198 199/199/199
f 189/189/189 199/199/199 200/200/200
f 190/190/190 200/200/200 201/201/201
f 191/191/191 201/201/201 202/202/202
f 203/203/203 213/213/213 204/204/204
f 194/194/194 204/204/204 205/205/205
f 195/195/195 205/205/205 206/206/206
f 196/196/196 206/206/206 207/207/207
f 197/197/197 207/207/207 208/208/208
f 198/198/198 208/208/208 209/209/209
f 199/199/199 209/209/209 210/210/210
f 200/200/200 210/210/210 211/211/211
f 201/201/201 211/211/211 212/212/212
f 213/213/213 223/223/223 214/214/214
f 204/204/204 214/214/214 215/215/215
f 205/205/205 215/215/215 216/216/216
f 206/206/206 216/216/216 217/217/217
f 207/207/207 217/217/217 218/218/218
f 208/208/208 218/218/218 219/219/219
f 209/209/209 219/219/219 220/220/220
f 210/210/210 220/220/220 221/221/221
f 211/211/211 221/221/221 222/222/222
f 223/223/223 233/233/233 224/224/224
f 214/214/214 224/224/224 225/225/225
f 215/215/215 225/225/225 226/226/226
f 216/216/216 226/226/226 227/227/227
f 217/217/217 227/227/227 228/228/228
f 218/218/218 228/228/228 229/229/229
f 219/219/219 229/229/229 230/230/230
f 220/220/220 230/230/230 231/231/231
f 221/221/221 231/231/231 232/232/232
f 233/233/233 243/243/243 234/234/234
f 224/224/224 234/234/234 235/235/235
f 225/225/225 235/235/235 236/236/236
f 226/226/226 236/236/236 237/237/237
f 227/227/227 237/237/237 238/238/238
f 228/228/228 238/238/238 239/239/239
f 229/229/229 239/239/239 240/240/240
f 230/230/230 240/240/240 241/241/241
f 231/231/231 241/241/241 242/242/242
f 243/243/243 253/253/253 244/244/244
f 234/234/234 244/244/244 245/245/245
f 235/235/235 245/245/245 246/246/246
f 236/236/236 246/246/246 247/247/247
f 237/237/237 247/247/247 248/248/248
f 238/238/238 248/248/248 249/249/249
f 239/239/239 249/249/249 250/250/250
f 240/240/240 250/250/250 251/251/251
f 241/241/241 251/251/251 252/252/252
f 253/253/253 263/263/263 254/254/254
f 244/244/244 254/254/254 255/255/255
f 245/245/245 255/255/255 256/256/256
f 246/246/246 256/256/256 257/257/257
f 247/247/247 257/257/257 258/258/258
f 248/248/248 258/258/258 259/259/259
f 249/249/249 259/259/259 260/260/260
f 250/250/250 260/260/260 261/261/261
f 251/251/251 261/261/261 262/262/262
f 263/263/263 273/273/273 264/264/264
f 254/254/254 264/264/264 265/265/265
f 255/255/255 265/265/265 266/266/266
f 256/256/256 266/266/266 267/267/267
f 257/257/257 267/267/267 268/268/268
f 258/258/258 268/268/268 269/269/269
f 259/259/259 269/269/269 270/270/270
f 260/260/260 270/270/270 271/271/271
f 261/261/261 271/271/271 272/272/272
f 273/273/273 2323/2130/2174 274/274/274
f 264/264/264 274/274/274 275/275/275
f 265/265/265 275/275/275 276/276/276
f 266/266/266 276/276/276 277/277/277
f 267/267/267 277/277/277 278/278/278
f 268/268/268 278/278/278 279/279/279
f 269/269/269 279/279/279 280/280/280
f 270/270/270 280/280/280 281/281/281
f 271/271/271 281/281/281 282/282/282
f 281/281/281 284/284/284 283/283/283
f 284/284/284 304/304/304 285/285/285
f 285/285/285 304/304/304 286/286/286
f 287/287/287 286/286/286 288/288/288
f 289/289/289 288/288/288 290/290/290
f 291/291/291 290/290/290 292/292/292
f 293/293/293 292/292/292 294/294/294
f 295/295/295 294/294/294 296/296/296
f 297/297/297 296/296/296 298/298/298
f 299/299/299 298/298/298 300/300/300
f 281/281/281 280/280/280 302/302/302
f 284/284/284 302/302/302 303/303/303
f 304/304/304 303/303/303 305/305/305
f 286/286/286 305/305/305 306/306/306
f 288/288/288 306/306/306 307/307/307
f 290/290/290 307/307/307 308/308/308
f 292/292/292 308/308/308 309/309/309
f 294/294/294 309/309/309 310/310/310
f 296/296/296 310/310/310 311/311/311
f 298/298/298 311/311/311 312/312/312
f 280/280/280 279/279/279 313/313/313
f 302/302/302 313/313/313 314/314/314
f 303/303/303 314/314/314 315/315/315
f 305/305/305 315/315/315 316/316/316
f 316/316/316 326/326/326 307/307/307
f 307/307/307 326/326/326 317/317/317
f 308/308/308 317/317/317 318/318/318
f 309/309/309 318/318/318 319/319/319
f 310/310/310 319/319/319 320/320/320
f 311/311/311 320/320/320 321/321/321
f 279/279/279 278/278/278 322/322/322
f 313/313/313 322/322/322 323/323/323
f 314/314/314 323/323/323 324/324/324
f 315/315/315 324/324/324 325/325/325
f 325/325/325 327/327/327 326/326/326
f 327/327/327 337/337/337 317/317/317
f 317/317/317 337/337/337 328/328/328
f 318/318/318 328/328/328 329/329/329
f 319/319/319 329/329/329 330/330/330
f 320/320/320 330/330/330 331/331/331
f 278/278/278 277/277/277 332/332/332
f 322/322/322 332/332/332 333/333/333
f 323/323/323 333/333/333 334/334/334
f 324/324/324 334/334/334 335/335/335
f 335/335/335 336/336/336 327/327/327
f 336/336/336 338/338/338 337/337/337
f 338/338/338 339/339/339 328/328/328
f 339/339/339 340/340/340 329/329/329
f 340/340/340 350/350/350 330/330/330
f 330/330/330 350/350/350 341/341/341
f 277/277/277 276/276/276 342/342/342
f 332/332/332 342/342/342 343/343/343
f 333/333/333 343/343/343 344/344/344
f 344/344/344 345/345/345 335/335/335
f 345/345/345 346/346/346 336/336/336
f 346/346/346 347/347/347 338/338/338
f 347/347/347 358/358/358 339/339/339
f 339/339/339 358/358/358 348/348/348
f 340/340/340 348/348/348 349/349/349
f 350/350/350 349/349/349 351/351/351
f 276/276/276 275/275/275 352/352/352
f 342/342/342 352/352/352 353/353/353
f 343/343/343 353/353/353 354/354/354
f 344/344/344 354/354/354 355/355/355
f 355/355/355 356/356/356 346/346/346
f 356/356/356 357/357/357 347/347/347
f 357/357/357 368/368/368 358/358/358
f 358/358/358 368/368/368 359/359/359
f 348/348/348 359/359/359 360/360/360
f 349/349/349 360/360/360 361/361/361
f 275/275/275 274/274/274 362/362/362
f 352/352/352 362/362/362 363/363/363
f 353/353/353 363/363/363 364/364/364
f 354/354/354 364/364/364 365/365/365
f 365/365/365 366/366/366 356/356/356
f 366/366/366 367/367/367 357/357/357
f 367/367/367 369/369/369 368/368/368
f 369/369/369 370/370/370 359/359/359
f 370/370/370 380/380/380 360/360/360
f 360/360/360 380/380/380 371/371/371
f 274/274/274 2323/2130/2174 372/372/372
f 362/362/362 372/372/372 373/373/373
f 363/363/363 373/373/373 374/374/374
f 364/364/364 374/374/374 375/375/375
f 375/375/375 376/376/376 366/366/366
f 376/376/376 377/377/377 367/367/367
f 377/377/377 378/378/378 369/369/369
f 378/378/378 379/379/379 370/370/370
f 379/379/379 381/381/381 380/380/380
f 381/381/381 2324/2131/1179 371/371/371
f 382/382/382 385/385/385 383/383/383
f 385/385/385 387/387/387 386/386/386
f 387/387/387 389/389/389 388/388/388
f 389/389/389 391/391/391 390/390/390
f 391/391/391 393/393/393 392/392/392
f 393/393/393 395/395/395 394/394/394
f 395/395/395 408/408/408 396/396/396
f 396/396/396 408/408/408 397/397/397
f 398/398/398 397/397/397 399/399/399
f 400/400/400 399/399/399 401/401/401
f 403/403/403 404/404/404 387/387/387
f 404/404/404 405/405/405 389/389/389
f 405/405/405 420/420/419 391/391/391
f 391/391/391 420/420/419 406/406/406
f 393/393/393 406/406/406 407/407/407
f 407/407/407 409/409/409 408/408/408
f 409/409/409 425/425/424 397/397/397
f 397/397/397 425/425/424 410/410/410
f 399/399/399 410/410/410 411/411/411
f 412/412/412 858/858/856 413/413/413
f 415/415/414 417/417/416 403/403/403
f 417/417/416 418/418/417 404/404/404
f 418/418/417 429/429/428 405/405/405
f 405/405/405 429/429/428 419/419/418
f 420/420/419 419/419/418 421/421/420
f 406/406/406 421/421/420 422/422/421
f 407/407/407 422/422/421 423/423/422
f 409/409/409 423/423/422 424/424/423
f 424/424/423 435/435/434 410/410/410
f 410/410/410 435/435/434 426/426/425
f 415/415/414 437/437/436 427/427/426
f 427/427/426 440/440/439 418/418/417
f 418/418/417 440/440/439 428/428/427
f 429/429/428 428/428/427 430/430/429
f 419/419/418 430/430/429 431/431/430
f 431/431/430 445/445/444 422/422/421
f 422/422/421 445/445/444 432/432/431
f 423/423/422 432/432/431 433/433/432
f 424/424/423 433/433/432 434/434/433
f 435/435/434 434/434/433 436/436/435
f 437/437/436 448/448/447 438/438/437
f 427/427/426 438/438/437 439/439/438
f 440/440/439 439/439/438 441/441/440
f 428/428/427 441/441/440 442/442/441
f 430/430/429 442/442/441 443/443/442
f 431/431/430 443/443/442 444/444/443
f 444/444/443 456/456/455 432/432/431
f 432/432/431 456/456/455 446/446/445
f 433/433/432 446/446/445 447/447/446
f 447/447/446 460/460/459 436/436/435
f 448/448/447 461/461/460 449/449/448
f 438/438/437 449/449/448 450/450/449
f 439/439/438 450/450/449 451/451/450
f 441/441/440 451/451/450 452/452/451
f 442/442/441 452/452/451 453/453/452
f 443/443/442 453/453/452 454/454/453
f 444/444/443 454/454/453 455/455/454
f 456/456/455 455/455/454 457/457/456
f 446/446/445 457/457/456 458/458/457
f 447/447/446 458/458/457 459/459/458
f 461/461/460 471/471/470 462/462/461
f 449/449/448 462/462/461 463/463/462
f 463/463/462 464/464/463 451/451/450
f 464/464/463 475/475/474 452/452/451
f 452/452/451 475/475/474 465/465/464
f 453/453/452 465/465/464 466/466/465
f 454/454/453 466/466/465 467/467/466
f 455/455/454 467/467/466 468/468/467
f 457/457/456 468/468/467 469/469/468
f 458/458/457 469/469/468 470/470/469
f 471/471/470 482/482/481 472/472/471
f 462/462/461 472/472/471 473/473/472
f 463/463/462 473/473/472 474/474/473
f 474/474/473 487/487/486 475/475/474
f 475/475/474 487/487/486 476/476/475
f 465/465/464 476/476/475 477/477/476
f 466/466/465 477/477/476 478/478/477
f 467/467/466 478/478/477 479/479/478
f 468/468/467 479/479/478 480/480/479
f 469/469/468 480/480/479 481/481/480
f 482/482/481 494/494/493 483/483/482
f 472/472/471 483/483/482 484/484/483
f 473/473/472 484/484/483 485/485/484
f 474/474/473 485/485/484 486/486/485
f 487/487/486 486/486/485 488/488/487
f 476/476/475 488/488/487 489/489/488
f 477/477/476 489/489/488 490/490/489
f 478/478/477 490/490/489 491/491/490
f 479/479/478 491/491/490 492/492/491
f 480/480/479 492/492/491 493/493/492
f 494/494/493 505/505/504 495/495/494
f 483/483/482 495/495/494 496/496/495
f 484/484/483 496/496/495 497/497/496
f 485/485/484 497/497/496 498/498/497
f 486/486/485 498/498/497 499/499/498
f 488/488/487 499/499/498 500/500/499
f 489/489/488 500/500/499 501/501/500
f 490/490/489 501/501/500 502/502/501
f 491/491/490 502/502/501 503/503/502
f 492/492/491 503/503/502 504/504/503
f 505/505/504 516/516/515 506/506/505
f 495/495/494 506/506/505 507/507/506
f 496/496/495 507/507/506 508/508/507
f 497/497/496 508/508/507 509/509/508
f 498/498/497 509/509/508 510/510/509
f 499/499/498 510/510/509 511/511/510
f 500/500/499 511/511/510 512/512/511
f 501/501/500 512/512/511 513/513/512
f 502/502/501 513/513/512 514/514/513
f 503/503/502 514/514/513 515/515/514
f 516/516/515 527/527/526 517/517/516
f 506/506/505 517/517/516 518/518/517
f 507/507/506 518/518/517 519/519/518
f 508/508/507 519/519/518 520/520/519
f 509/509/508 520/520/519 521/521/520
f 510/510/509 521/521/520 522/522/521
f 511/511/510 522/522/521 523/523/522
f 512/512/511 523/523/522 524/524/523
f 513/513/512 524/524/523 525/525/524
f 514/514/513 525/525/524 526/526/525
f 527/527/526 538/538/537 528/528/527
f 517/517/516 528/528/527 529/529/528
f 518/518/517 529/529/528 530/530/529
f 519/519/518 530/530/529 531/531/530
f 520/520/519 531/531/530 532/532/531
f 521/521/520 532/532/531 533/533/532
f 522/522/521 533/533/532 534/534/533
f 523/523/522 534/534/533 535/535/534
f 524/524/523 535/535/534 536/536/535
f 525/525/524 536/536/535 537/537/536
f 538/538/537 549/549/548 539/539/538
f 528/528/527 539/539/538 540/540/539
f 529/529/528 540/540/539 541/541/540
f 530/530/529 541/541/540 542/542/541
f 531/531/530 542/542/541 543/543/542
f 532/532/531 543/543/542 544/544/543
f 533/533/532 544/544/543 545/545/544
f 534/534/533 545/545/544 546/546/545
f 535/535/534 546/546/545 547/547/546
f 536/536/535 547/547/546 548/548/547
f 549/549/548 560/560/559 550/550/549
f 539/539/538 550/550/549 551/551/550
f 540/540/539 551/551/550 552/552/551
f 541/541/540 552/552/551 553/553/552
f 542/542/541 553/553/552 554/554/553
f 543/543/542 554/554/553 555/555/554
f 544/544/543 555/555/554 556/556/555
f 545/545/544 556/556/555 557/557/556
f 546/546/545 557/557/556 558/558/557
f 547/547/546 558/558/557 559/559/558
f 560/560/559 571/571/570 561/561/560
f 550/550/549 561/561/560 562/562/561
f 551/551/550 562/562/561 563/563/562
f 552/552/551 563/563/562 564/564/563
f 553/553/552 564/564/563 565/565/564
f 554/554/553 565/565/564 566/566/565
f 555/555/554 566/566/565 567/567/566
f 556/556/555 567/567/566 568/568/567
f 557/557/556 568/568/567 569/569/568
f 558/558/557 569/569/568 570/570/569
f 571/571/570 582/582/581 572/572/571
f 561/561/560 572/572/571 573/573/572
f 562/562/561 573/573/572 574/574/573
f 563/563/562 574/574/573 575/575/574
f 564/564/563 575/575/574 576/576/575
f 565/565/564 576/576/575 577/577/576
f 566/566/565 577/577/576 578/578/577
f 567/567/566 578/578/577 579/579/578
f 568/568/567 579/579/578 580/580/579
f 569/569/568 580/580/579 581/581/580
f 582/582/581 593/593/592 583/583/582
f 572/572/571 583/583/582 584/584/583
f 573/573/572 584/584/583 585/585/584
f 574/574/573 585/585/584 586/586/585
f 575/575/574 586/586/585 587/587/586
f 576/576/575 587/587/586 588/588/587
f 577/577/576 588/588/587 589/589/588
f 578/578/577 589/589/588 590/590/589
f 579/579/578 590/590/589 591/591/590
f 580/580/579 591/591/590 592/592/591
f 593/593/592 604/604/603 594/594/593
f 583/583/582 594/594/593 595/595/594
f 584/584/583 595/595/594 596/596/595
f 585/585/584 596/596/595 597/597/596
f 586/586/585 597/597/596 598/598/597
f 587/587/586 598/598/597 599/599/598
f 588/588/587 599/599/598 600/600/599
f 589/589/588 600/600/599 601/601/600
f 590/590/589 601/601/600 602/602/601
f 591/591/590 602/602/601 603/603/602
f 604/604/603 614/614/613 605/605/604
f 594/594/593 605/605/604 606/606/605
f 595/595/594 606/606/605 607/607/606
f 596/596/595 607/607/606 608/608/607
f 597/597/596 608/608/607 609/609/608
f 598/598/597 609/609/608 610/610/609
f 610/610/609 611/611/610 600/600/599
f 611/611/610 622/622/621 601/601/600
f 601/601/600 622/622/621 612/612/611
f 602/602/601 612/612/611 613/613/612
f 614/614/613 625/625/624 615/615/614
f 605/605/604 615/615/614 616/616/615
f 606/606/605 616/616/615 617/617/616
f 607/607/606 617/617/616 618/618/617
f 608/608/607 618/618/617 619/619/618
f 609/609/608 619/619/618 620/620/619
f 610/610/609 620/620/619 621/621/620
f 621/621/620 634/634/633 622/622/621
f 622/622/621 634/634/633 623/623/622
f 612/612/611 623/623/622 624/624/623
f 625/625/624 636/636/635 626/626/625
f 615/615/614 626/626/625 627/627/626
f 616/616/615 627/627/626 628/628/627
f 617/617/616 628/628/627 629/629/628
f 618/618/617 629/629/628 630/630/629
f 619/619/618 630/630/629 631/631/630
f 620/620/619 631/631/630 632/632/631
f 621/621/620 632/632/631 633/633/632
f 633/633/632 646/646/645 623/623/622
f 623/623/622 646/646/645 635/635/634
f 636/636/635 648/648/647 637/637/636
f 626/626/625 637/637/636 638/638/637
f 627/627/626 638/638/637 639/639/638
f 628/628/627 639/639/638 640/640/639
f 629/629/628 640/640/639 641/641/640
f 630/630/629 641/641/640 642/642/641
f 631/631/630 642/642/641 643/643/642
f 632/632/631 643/643/642 644/644/643
f 633/633/632 644/644/643 645/645/644
f 646/646/645 645/645/644 647/647/646
f 648/648/647 659/659/658 649/649/648
f 637/637/636 649/649/648 650/650/649
f 638/638/637 650/650/649 651/651/650
f 639/639/638 651/651/650 652/652/651
f 640/640/639 652/652/651 653/653/652
f 641/641/640 653/653/652 654/654/653
f 642/642/641 654/654/653 655/655/654
f 643/643/642 655/655/654 656/656/655
f 644/644/643 656/656/655 657/657/656
f 645/645/644 657/657/656 658/658/657
f 659/659/658 670/670/669 660/660/659
f 649/649/648 660/660/659 661/661/660
f 650/650/649 661/661/660 662/662/661
f 651/651/650 662/662/661 663/663/662
f 652/652/651 663/663/662 664/664/663
f 653/653/652 664/664/663 665/665/664
f 654/654/653 665/665/664 666/666/665
f 655/655/654 666/666/665 667/667/666
f 656/656/655 667/667/666 668/668/667
f 657/657/656 668/668/667 669/669/668
f 670/670/669 681/681/680 671/671/670
f 660/660/659 671/671/670 672/672/671
f 661/661/660 672/672/671 673/673/672
f 662/662/661 673/673/672 674/674/673
f 663/663/662 674/674/673 675/675/674
f 664/664/663 675/675/674 676/676/675
f 665/665/664 676/676/675 677/677/676
f 666/666/665 677/677/676 678/678/677
f 667/667/666 678/678/677 679/679/678
f 668/668/667 679/679/678 680/680/679
f 681/681/680 2325/2132/2175 682/682/681
f 671/671/670 682/682/681 683/683/682
f 672/672/671 683/683/682 684/684/683
f 673/673/672 684/684/683 685/685/684
f 674/674/673 685/685/684 686/686/685
f 675/675/674 686/686/685 687/687/686
f 676/676/675 687/687/686 688/688/687
f 677/677/676 688/688/687 689/689/688
f 678/678/677 689/689/688 690/690/689
f 679/679/678 690/690/689 691/691/690
f 690/690/689 693/693/692 692/692/691
f 693/693/692 695/695/694 694/694/693
f 695/695/694 697/697/696 696/696/695
f 697/697/696 699/699/698 698/698/697
f 699/699/698 701/701/700 700/700/699
f 701/701/700 703/703/702 702/702/701
f 703/703/702 705/705/704 704/704/703
f 705/705/704 718/718/717 706/706/705
f 706/706/705 718/718/717 707/707/706
f 708/708/707 707/707/706 709/709/708
f 690/690/689 689/689/688 711/711/710
f 693/693/692 711/711/710 712/712/711
f 695/695/694 712/712/711 713/713/712
f 713/713/712 714/714/713 699/699/698
f 714/714/713 715/715/714 701/701/700
f 715/715/714 716/716/715 703/703/702
f 716/716/715 717/717/716 705/705/704
f 717/717/716 728/728/727 718/718/717
f 718/718/717 728/728/727 719/719/718
f 707/707/706 719/719/718 720/720/719
f 689/689/688 688/688/687 721/721/720
f 711/711/710 721/721/720 722/722/721
f 712/712/711 722/722/721 723/723/722
f 713/713/712 723/723/722 724/724/723
f 724/724/723 725/725/724 715/715/714
f 725/725/724 726/726/725 716/716/715
f 726/726/725 727/727/726 717/717/716
f 727/727/726 738/738/737 728/728/727
f 728/728/727 738/738/737 729/729/728
f 719/719/718 729/729/728 730/730/729
f 688/688/687 687/687/686 731/731/730
f 721/721/720 731/731/730 732/732/731
f 722/722/721 732/732/731 733/733/732
f 723/723/722 733/733/732 734/734/733
f 734/734/733 735/735/734 725/725/724
f 735/735/734 736/736/735 726/726/725
f 736/736/735 737/737/736 727/727/726
f 737/737/736 748/748/747 738/738/737
f 738/738/737 748/748/747 739/739/738
f 729/729/728 739/739/738 740/740/739
f 687/687/686 686/686/685 741/741/740
f 731/731/730 741/741/740 742/742/741
f 732/732/731 742/742/741 743/743/742
f 733/733/732 743/743/742 744/744/743
f 734/734/733 744/744/743 745/745/744
f 745/745/744 746/746/745 736/736/735
f 746/746/745 747/747/746 737/737/736
f 747/747/746 749/749/748 748/748/747
f 749/749/748 750/750/749 739/739/738
f 750/750/749 760/760/759 740/740/739
f 686/686/685 685/685/684 751/751/750
f 741/741/740 751/751/750 752/752/751
f 742/742/741 752/752/751 753/753/752
f 743/743/742 753/753/752 754/754/753
f 744/744/743 754/754/753 755/755/754
f 755/755/754 756/756/755 746/746/745
f 756/756/755 757/757/756 747/747/746
f 757/757/756 758/758/757 749/749/748
f 758/758/757 759/759/758 750/750/749
f 759/759/758 770/770/769 760/760/759
f 685/685/684 684/684/683 761/761/760
f 751/751/750 761/761/760 762/762/761
f 752/752/751 762/762/761 763/763/762
f 753/753/752 763/763/762 764/764/763
f 754/754/753 764/764/763 765/765/764
f 755/755/754 765/765/764 766/766/765
f 766/766/765 767/767/766 757/757/756
f 767/767/766 768/768/767 758/758/757
f 768/768/767 769/769/768 759/759/758
f 769/769/768 780/780/779 770/770/769
f 684/684/683 683/683/682 771/771/770
f 761/761/760 771/771/770 772/772/771
f 762/762/761 772/772/771 773/773/772
f 763/763/762 773/773/772 774/774/773
f 764/764/763 774/774/773 775/775/774
f 765/765/764 775/775/774 776/776/775
f 776/776/775 777/777/776 767/767/766
f 777/777/776 778/778/777 768/768/767
f 778/778/777 779/779/778 769/769/768
f 779/779/778 790/790/789 780/780/779
f 683/683/682 682/682/681 781/781/780
f 771/771/770 781/781/780 782/782/781
f 772/772/771 782/782/781 783/783/782
f 773/773/772 783/783/782 784/784/783
f 774/774/773 784/784/783 785/785/784
f 775/775/774 785/785/784 786/786/785
f 776/776/775 786/786/785 787/787/786
f 787/787/786 788/788/787 778/778/777
f 788/788/787 789/789/788 779/779/778
f 789/789/788 800/800/799 790/790/789
f 682/682/681 2325/2132/2175 791/791/790
f 781/781/780 791/791/790 792/792/791
f 782/782/781 792/792/791 793/793/792
f 783/783/782 793/793/792 794/794/793
f 784/784/783 794/794/793 795/795/794
f 785/785/784 795/795/794 796/796/795
f 786/786/785 796/796/795 797/797/796
f 797/797/796 798/798/797 788/788/787
f 798/798/797 799/799/798 789/789/788
f 799/799/798 2326/2133/1850 800/800/799
f 801/801/800 805/805/804 802/802/801
f 804/804/803 807/807/806 805/805/804
f 806/806/805 809/809/808 807/807/806
f 806/806/805 810/810/809 808/808/807
f 810/810/809 812/812/811 811/811/810
f 812/812/811 814/814/813 813/813/812
f 814/814/813 817/817/816 815/815/814
f 816/816/815 819/819/818 815/815/814
f 816/816/815 2327/2134/1577 818/818/817
f 820/820/819 823/823/822 821/821/820
f 823/823/822 826/826/825 824/824/823
f 825/825/824 828/828/827 824/824/823
f 827/827/826 830/830/829 828/828/827
f 829/829/828 832/832/831 830/830/829
f 831/831/830 834/834/833 832/832/831
f 833/833/832 836/836/835 834/834/833
f 835/835/834 838/838/837 836/836/835
f 837/837/836 840/840/839 838/838/837
f 839/839/838 2328/2135/1654 840/840/839
f 841/841/840 412/412/412 414/414/382
f 843/843/841 845/845/843 412/412/412
f 844/844/842 847/847/845 845/845/843
f 846/846/844 849/849/847 847/847/845
f 848/848/846 851/851/849 849/849/847
f 848/848/846 852/852/850 850/850/848
f 852/852/850 854/854/852 853/853/851
f 854/854/852 856/856/854 855/855/853
f 856/856/854 1914/1914/402 857/857/855
f 845/845/843 866/866/863 858/858/856
f 859/859/857 866/866/863 845/845/843
f 860/860/858 859/859/857 847/847/845
f 861/861/859 860/860/858 849/849/847
f 850/850/848 862/862/860 861/861/859
f 853/853/851 863/863/861 862/862/860
f 855/855/853 875/875/872 863/863/861
f 864/864/862 875/875/872 855/855/853
f 31/31/31 20/20/20 4/4/4
f 858/858/856 867/867/864 865/865/414
f 866/866/863 869/869/866 867/867/864
f 866/866/863 859/859/857 868/868/865
f 860/860/858 870/870/867 868/868/865
f 861/861/859 872/872/869 870/870/867
f 861/861/859 862/862/860 871/871/868
f 862/862/860 863/863/861 873/873/870
f 863/863/861 875/875/872 874/874/871
f 864/864/862 2329/2136/425 874/874/871
f 867/867/864 877/877/874 876/876/873
f 869/869/866 878/878/875 877/877/874
f 868/868/865 879/879/876 878/878/875
f 870/870/867 880/880/877 879/879/876
f 872/872/869 882/882/879 880/880/877
f 872/872/869 871/871/868 881/881/878
f 871/871/868 873/873/870 883/883/880
f 873/873/870 874/874/871 884/884/881
f 874/874/871 2329/2136/425 885/885/882
f 877/877/874 887/887/883 886/886/447
f 878/878/875 888/888/884 887/887/883
f 879/879/876 889/889/885 888/888/884
f 880/880/877 890/890/886 889/889/885
f 882/882/879 892/892/888 890/890/886
f 882/882/879 881/881/878 891/891/887
f 881/881/878 883/883/880 893/893/889
f 883/883/880 884/884/881 894/894/890
f 884/884/881 885/885/882 895/895/891
f 886/886/447 887/887/883 896/896/892
f 887/887/883 888/888/884 898/898/893
f 888/888/884 889/889/885 899/899/894
f 889/889/885 890/890/886 900/900/895
f 890/890/886 892/892/888 901/901/896
f 892/892/888 891/891/887 902/902/897
f 891/891/887 893/893/889 903/903/898
f 893/893/889 894/894/890 904/904/899
f 894/894/890 895/895/891 905/905/900
f 896/896/892 908/908/903 906/906/901
f 896/896/892 898/898/893 907/907/902
f 898/898/893 899/899/894 909/909/904
f 899/899/894 900/900/895 910/910/905
f 900/900/895 901/901/896 911/911/906
f 901/901/896 902/902/897 912/912/907
f 902/902/897 903/903/898 913/913/908
f 903/903/898 904/904/899 914/914/909
f 905/905/900 923/923/469 914/914/909
f 908/908/903 916/916/911 915/915/910
f 907/907/902 918/918/913 916/916/911
f 907/907/902 909/909/904 917/917/912
f 909/909/904 910/910/905 919/919/914
f 910/910/905 911/911/906 920/920/915
f 911/911/906 912/912/907 921/921/916
f 914/914/909 924/924/918 922/922/917
f 923/923/469 2330/2137/480 924/924/918
f 915/915/910 916/916/911 925/925/919
f 918/918/913 928/928/922 925/925/919
f 918/918/913 917/917/912 927/927/921
f 917/917/912 919/919/914 929/929/923
f 919/919/914 920/920/915 930/930/924
f 920/920/915 921/921/916 931/931/925
f 921/921/916 922/922/917 932/932/926
f 922/922/917 924/924/918 933/933/927
f 924/924/918 2330/2137/480 934/934/492
f 926/926/920 925/925/919 935/935/928
f 925/925/919 928/928/922 937/937/930
f 928/928/922 927/927/921 938/938/931
f 927/927/921 929/929/923 939/939/932
f 929/929/923 930/930/924 940/940/933
f 930/930/924 931/931/925 941/941/934
f 931/931/925 932/932/926 942/942/935
f 932/932/926 933/933/927 943/943/936
f 933/933/927 934/934/492 944/944/503
f 936/936/929 935/935/928 945/945/937
f 935/935/928 937/937/930 947/947/938
f 937/937/930 938/938/931 948/948/939
f 938/938/931 939/939/932 949/949/940
f 939/939/932 940/940/933 950/950/941
f 940/940/933 941/941/934 951/951/942
f 941/941/934 942/942/935 952/952/943
f 942/942/935 943/943/936 953/953/944
f 943/943/936 944/944/503 954/954/514
f 946/946/515 945/945/937 955/955/945
f 945/945/937 947/947/938 957/957/947
f 947/947/938 948/948/939 958/958/948
f 948/948/939 949/949/940 959/959/949
f 949/949/940 950/950/941 960/960/950
f 950/950/941 951/951/942 961/961/951
f 951/951/942 952/952/943 962/962/952
f 952/952/943 953/953/944 963/963/953
f 953/953/944 954/954/514 964/964/525
f 956/956/946 955/955/945 965/965/954
f 955/955/945 957/957/947 967/967/956
f 957/957/947 958/958/948 968/968/957
f 958/958/948 959/959/949 969/969/958
f 959/959/949 960/960/950 970/970/959
f 960/960/950 961/961/951 971/971/960
f 961/961/951 962/962/952 972/972/961
f 962/962/952 963/963/953 973/973/962
f 963/963/953 964/964/525 974/974/536
f 966/966/955 965/965/954 975/975/963
f 965/965/954 967/967/956 977/977/964
f 967/967/956 968/968/957 978/978/965
f 968/968/957 969/969/958 979/979/966
f 969/969/958 970/970/959 980/980/967
f 970/970/959 971/971/960 981/981/968
f 971/971/960 972/972/961 982/982/969
f 972/972/961 973/973/962 983/983/970
f 973/973/962 974/974/536 984/984/971
f 976/976/548 975/975/963 985/985/972
f 975/975/963 977/977/964 987/987/973
f 977/977/964 978/978/965 988/988/974
f 978/978/965 979/979/966 989/989/975
f 979/979/966 980/980/967 990/990/976
f 980/980/967 981/981/968 991/991/977
f 981/981/968 982/982/969 992/992/978
f 982/982/969 983/983/970 993/993/979
f 983/983/970 984/984/971 994/994/558
f 986/986/559 985/985/972 995/995/980
f 985/985/972 987/987/973 997/997/982
f 987/987/973 988/988/974 998/998/983
f 988/988/974 989/989/975 999/999/984
f 989/989/975 990/990/976 1000/1000/985
f 990/990/976 991/991/977 1001/1001/986
f 991/991/977 992/992/978 1002/1002/987
f 992/992/978 993/993/979 1003/1003/988
f 993/993/979 994/994/558 1004/1004/989
f 996/996/981 995/995/980 1005/1005/990
f 995/995/980 997/997/982 1007/1007/992
f 997/997/982 998/998/983 1008/1008/993
f 998/998/983 999/999/984 1009/1009/994
f 999/999/984 1000/1000/985 1010/1010/995
f 1000/1000/985 1001/1001/986 1011/1011/996
f 1001/1001/986 1002/1002/987 1012/1012/997
f 1002/1002/987 1003/1003/988 1013/1013/998
f 1003/1003/988 1004/1004/989 1014/1014/580
f 1006/1006/991 1005/1005/990 1015/1015/999
f 1005/1005/990 1007/1007/992 1017/1017/1001
f 1007/1007/992 1008/1008/993 1018/1018/1002
f 1008/1008/993 1009/1009/994 1019/1019/1003
f 1009/1009/994 1010/1010/995 1020/1020/1004
f 1010/1010/995 1011/1011/996 1021/1021/1005
f 1011/1011/996 1012/1012/997 1022/1022/1006
f 1012/1012/997 1013/1013/998 1023/1023/1007
f 1013/1013/998 1014/1014/580 1024/1024/1008
f 1016/1016/1000 1015/1015/999 1025/1025/1009
f 1015/1015/999 1017/1017/1001 1027/1027/1011
f 1017/1017/1001 1018/1018/1002 1028/1028/1012
f 1018/1018/1002 1019/1019/1003 1029/1029/1013
f 1019/1019/1003 1020/1020/1004 1030/1030/1014
f 1020/1020/1004 1021/1021/1005 1031/1031/1015
f 1021/1021/1005 1022/1022/1006 1032/1032/1016
f 1022/1022/1006 1023/1023/1007 1033/1033/1017
f 1023/1023/1007 1024/1024/1008 1034/1034/1018
f 1026/1026/1010 1025/1025/1009 1035/1035/1019
f 1025/1025/1009 1027/1027/1011 1037/1037/1020
f 1027/1027/1011 1028/1028/1012 1038/1038/1021
f 1028/1028/1012 1029/1029/1013 1039/1039/1022
f 1029/1029/1013 1030/1030/1014 1040/1040/1023
f 1030/1030/1014 1031/1031/1015 1041/1041/1024
f 1031/1031/1015 1032/1032/1016 1042/1042/1025
f 1032/1032/1016 1033/1033/1017 1043/1043/1026
f 1033/1033/1017 1034/1034/1018 1044/1044/1027
f 1036/1036/613 1035/1035/1019 1045/1045/1028
f 1035/1035/1019 1037/1037/1020 1047/1047/1029
f 1037/1037/1020 1038/1038/1021 1048/1048/1030
f 1038/1038/1021 1039/1039/1022 1049/1049/1031
f 1039/1039/1022 1040/1040/1023 1050/1050/1032
f 1040/1040/1023 1041/1041/1024 1051/1051/1033
f 1041/1041/1024 1042/1042/1025 1052/1052/1034
f 1042/1042/1025 1043/1043/1026 1053/1053/1035
f 1043/1043/1026 1044/1044/1027 1054/1054/623
f 1046/1046/624 1045/1045/1028 1055/1055/1036
f 1045/1045/1028 1047/1047/1029 1057/1057/1037
f 1047/1047/1029 1048/1048/1030 1058/1058/1038
f 1048/1048/1030 1049/1049/1031 1059/1059/1039
f 1049/1049/1031 1050/1050/1032 1060/1060/1040
f 1050/1050/1032 1051/1051/1033 1061/1061/1041
f 1051/1051/1033 1052/1052/1034 1062/1062/1042
f 1052/1052/1034 1053/1053/1035 1063/1063/1043
f 1053/1053/1035 1054/1054/623 1064/1064/1044
f 1056/1056/635 1055/1055/1036 1065/1065/1045
f 1055/1055/1036 1057/1057/1037 1067/1067/1046
f 1057/1057/1037 1058/1058/1038 1068/1068/1047
f 1058/1058/1038 1059/1059/1039 1069/1069/1048
f 1059/1059/1039 1060/1060/1040 1070/1070/1049
f 1060/1060/1040 1061/1061/1041 1071/1071/1050
f 1061/1061/1041 1062/1062/1042 1072/1072/1051
f 1062/1062/1042 1063/1063/1043 1073/1073/1052
f 1063/1063/1043 1064/1064/1044 1074/1074/646
f 1066/1066/647 1065/1065/1045 1075/1075/1053
f 1065/1065/1045 1067/1067/1046 1077/1077/1055
f 1067/1067/1046 1068/1068/1047 1078/1078/1056
f 1068/1068/1047 1069/1069/1048 1079/1079/1057
f 1069/1069/1048 1070/1070/1049 1080/1080/1058
f 1070/1070/1049 1071/1071/1050 1081/1081/1059
f 1071/1071/1050 1072/1072/1051 1082/1082/1060
f 1072/1072/1051 1073/1073/1052 1083/1083/1061
f 1073/1073/1052 1074/1074/646 1084/1084/1062
f 1076/1076/1054 1075/1075/1053 1085/1085/1063
f 1075/1075/1053 1077/1077/1055 1087/1087/1065
f 1077/1077/1055 1078/1078/1056 1088/1088/1066
f 1078/1078/1056 1079/1079/1057 1089/1089/1067
f 1079/1079/1057 1080/1080/1058 1090/1090/1068
f 1080/1080/1058 1081/1081/1059 1091/1091/1069
f 1081/1081/1059 1082/1082/1060 1092/1092/1070
f 1082/1082/1060 1083/1083/1061 1093/1093/1071
f 1083/1083/1061 1084/1084/1062 1094/1094/1072
f 1086/1086/1064 1085/1085/1063 1095/1095/1073
f 1085/1085/1063 1087/1087/1065 1097/1097/1075
f 1087/1087/1065 1088/1088/1066 1098/1098/1076
f 1088/1088/1066 1089/1089/1067 1099/1099/1077
f 1089/1089/1067 1090/1090/1068 1100/1100/1078
f 1090/1090/1068 1091/1091/1069 1101/1101/1079
f 1091/1091/1069 1092/1092/1070 1102/1102/1080
f 1092/1092/1070 1093/1093/1071 1103/1103/1081
f 1093/1093/1071 1094/1094/1072 1104/1104/679
f 1096/1096/1074 1095/1095/1073 1105/1105/1082
f 1095/1095/1073 1097/1097/1075 1107/1107/1084
f 1097/1097/1075 1098/1098/1076 1108/1108/1085
f 1098/1098/1076 1099/1099/1077 1109/1109/1086
f 1099/1099/1077 1100/1100/1078 1110/1110/1087
f 1100/1100/1078 1101/1101/1079 1111/1111/1088
f 1101/1101/1079 1102/1102/1080 1112/1112/1089
f 1102/1102/1080 1103/1103/1081 1113/1113/1090
f 1103/1103/1081 1104/1104/679 1114/1114/690
f 1115/1115/1091 1117/1117/1093 1113/1113/1090
f 1116/1116/1092 1119/1119/1095 1117/1117/1093
f 1116/1116/1092 1120/1120/1096 1118/1118/1094
f 1120/1120/1096 1122/1122/697 1121/1121/1097
f 1122/1122/697 1124/1124/1099 1123/1123/1098
f 1124/1124/1099 1126/1126/701 1125/1125/1100
f 1126/1126/701 1128/1128/1102 1127/1127/1101
f 1128/1128/1102 1130/1130/705 1129/1129/1103
f 1130/1130/705 1132/1132/1105 1131/1131/1104
f 1132/1132/1105 2331/2138/1853 1133/1133/1106
f 1113/1113/1090 1117/1117/1093 1134/1134/1107
f 1117/1117/1093 1119/1119/1095 1135/1135/1108
f 1119/1119/1095 1118/1118/1094 1136/1136/1109
f 1118/1118/1094 1121/1121/1097 1137/1137/1110
f 1121/1121/1097 1123/1123/1098 1138/1138/1111
f 1123/1123/1098 1125/1125/1100 1139/1139/1112
f 1125/1125/1100 1127/1127/1101 1140/1140/1113
f 1127/1127/1101 1129/1129/1103 1141/1141/1114
f 1129/1129/1103 1131/1131/1104 1142/1142/1115
f 1131/1131/1104 1133/1133/1106 1143/1143/1116
f 1112/1112/1089 1134/1134/1107 1144/1144/1117
f 1134/1134/1107 1135/1135/1108 1145/1145/1118
f 1135/1135/1108 1136/1136/1109 1146/1146/1119
f 1136/1136/1109 1137/1137/1110 1147/1147/1120
f 1138/1138/1111 1149/1149/1122 1147/1147/1120
f 1138/1138/1111 1139/1139/1112 1148/1148/1121
f 1139/1139/1112 1140/1140/1113 1150/1150/1123
f 1140/1140/1113 1141/1141/1114 1151/1151/1124
f 1141/1141/1114 1142/1142/1115 1152/1152/1125
f 1142/1142/1115 1143/1143/1116 1153/1153/1126
f 1111/1111/1088 1144/1144/1117 1154/1154/1127
f 1144/1144/1117 1145/1145/1118 1155/1155/1128
f 1145/1145/1118 1146/1146/1119 1156/1156/1129
f 1146/1146/1119 1147/1147/1120 1157/1157/1130
f 1149/1149/1122 1158/1158/1131 1157/1157/1130
f 1148/1148/1121 1160/1160/1133 1158/1158/1131
f 1148/1148/1121 1150/1150/1123 1159/1159/1132
f 1150/1150/1123 1151/1151/1124 1161/1161/1134
f 1151/1151/1124 1152/1152/1125 1162/1162/1135
f 1152/1152/1125 1153/1153/1126 1163/1163/1136
f 1110/1110/1087 1154/1154/1127 1164/1164/1137
f 1154/1154/1127 1155/1155/1128 1165/1165/1138
f 1155/1155/1128 1156/1156/1129 1166/1166/1139
f 1157/1157/1130 1167/1167/1140 1166/1166/1139
f 1158/1158/1131 1168/1168/1141 1167/1167/1140
f 1160/1160/1133 1170/1170/1143 1168/1168/1141
f 1160/1160/1133 1159/1159/1132 1169/1169/1142
f 1159/1159/1132 1161/1161/1134 1171/1171/1144
f 1161/1161/1134 1162/1162/1135 1172/1172/1145
f 1162/1162/1135 1163/1163/1136 1173/1173/1146
f 1109/1109/1086 1164/1164/1137 1174/1174/1147
f 1164/1164/1137 1165/1165/1138 1175/1175/1148
f 1165/1165/1138 1166/1166/1139 1176/1176/1149
f 1167/1167/1140 1177/1177/1150 1176/1176/1149
f 1168/1168/1141 1178/1178/1151 1177/1177/1150
f 1170/1170/1143 1180/1180/1153 1178/1178/1151
f 1170/1170/1143 1169/1169/1142 1179/1179/1152
f 1169/1169/1142 1171/1171/1144 1181/1181/1154
f 1171/1171/1144 1172/1172/1145 1182/1182/1155
f 1172/1172/1145 1173/1173/1146 1183/1183/1156
f 1108/1108/1085 1174/1174/1147 1184/1184/1157
f 1174/1174/1147 1175/1175/1148 1185/1185/1158
f 1175/1175/1148 1176/1176/1149 1186/1186/1159
f 1177/1177/1150 1187/1187/1160 1186/1186/1159
f 1178/1178/1151 1188/1188/1161 1187/1187/1160
f 1180/1180/1153 1190/1190/1163 1188/1188/1161
f 1180/1180/1153 1179/1179/1152 1189/1189/1162
f 1179/1179/1152 1181/1181/1154 1191/1191/1164
f 1181/1181/1154 1182/1182/1155 1192/1192/1165
f 1182/1182/1155 1183/1183/1156 1193/1193/1166
f 1107/1107/1084 1184/1184/1157 1194/1194/1167
f 1184/1184/1157 1185/1185/1158 1195/1195/1168
f 1185/1185/1158 1186/1186/1159 1196/1196/1169
f 1186/1186/1159 1187/1187/1160 1197/1197/1170
f 1188/1188/1161 1198/1198/1171 1197/1197/1170
f 1190/1190/1163 1200/1200/1173 1198/1198/1171
f 1190/1190/1163 1189/1189/1162 1199/1199/1172
f 1189/1189/1162 1191/1191/1164 1201/1201/1174
f 1191/1191/1164 1192/1192/1165 1202/1202/1175
f 1192/1192/1165 1193/1193/1166 1203/1203/1176
f 1105/1105/1082 1194/1194/1167 1204/1204/1177
f 1194/1194/1167 1195/1195/1168 1205/1205/373
f 1195/1195/1168 1196/1196/1169 1206/1206/374
f 1196/1196/1169 1197/1197/1170 1207/1207/375
f 1198/1198/1171 1208/1208/376 1207/1207/375
f 1200/1200/1173 1209/1209/1178 1208/1208/376
f 1199/1199/1172 1210/1210/378 1209/1209/1178
f 1201/1201/1174 1211/1211/379 1210/1210/378
f 1202/1202/1175 1213/1213/381 1211/1211/379
f 1202/1202/1175 1203/1203/1176 1212/1212/1179
f 1214/1214/1180 28/28/28 30/30/30
f 1216/1216/1181 1218/1218/1183 28/28/28
f 1217/1217/1182 1220/1220/1185 1218/1218/1183
f 1219/1219/1184 1222/1222/1187 1220/1220/1185
f 1221/1221/1186 1224/1224/1189 1222/1222/1187
f 1223/1223/1188 1226/1226/1191 1224/1224/1189
f 1223/1223/1188 1227/1227/1192 1225/1225/1190
f 1227/1227/1192 1229/1229/1194 1228/1228/1193
f 1229/1229/1194 1231/1231/1196 1230/1230/1195
f 1231/1231/1196 1893/1893/1823 1232/1232/18
f 1218/1218/1183 1234/1234/1198 1233/1233/1197
f 1220/1220/1185 1243/1243/1205 1234/1234/1198
f 1235/1235/1199 1243/1243/1205 1220/1220/1185
f 1236/1236/1200 1235/1235/1199 1222/1222/1187
f 1226/1226/1191 1237/1237/1201 1236/1236/1200
f 1225/1225/1190 1249/1249/1211 1237/1237/1201
f 1238/1238/1202 1249/1249/1211 1225/1225/1190
f 1239/1239/1203 1238/1238/1202 1228/1228/1193
f 1240/1240/27 1239/1239/1203 1230/1230/1195
f 1233/1233/1197 1242/1242/1204 1241/1241/44
f 1234/1234/1198 1244/1244/1206 1242/1242/1204
f 1243/1243/1205 1245/1245/1207 1244/1244/1206
f 1235/1235/1199 1247/1247/1209 1245/1245/1207
f 1235/1235/1199 1236/1236/1200 1246/1246/1208
f 1236/1236/1200 1237/1237/1201 1248/1248/1210
f 1249/1249/1211 1250/1250/1212 1248/1248/1210
f 1238/1238/1202 1252/1252/1214 1250/1250/1212
f 1238/1238/1202 1239/1239/1203 1251/1251/1213
f 1239/1239/1203 1240/1240/27 1253/1253/1215
f 1242/1242/1204 1255/1255/1217 1254/1254/1216
f 1244/1244/1206 1256/1256/1218 1255/1255/1217
f 1245/1245/1207 1258/1258/1220 1256/1256/1218
f 1245/1245/1207 1247/1247/1209 1257/1257/1219
f 1247/1247/1209 1246/1246/1208 1259/1259/1221
f 1246/1246/1208 1248/1248/1210 1260/1260/1222
f 1248/1248/1210 1250/1250/1212 1261/1261/1223
f 1250/1250/1212 1252/1252/1214 1262/1262/1224
f 1251/1251/1213 1264/1264/1225 1262/1262/1224
f 1251/1251/1213 1253/1253/1215 1263/1263/52
f 1255/1255/1217 1266/1266/1227 1265/1265/1226
f 1256/1256/1218 1268/1268/1229 1266/1266/1227
f 1256/1256/1218 1258/1258/1220 1267/1267/1228
f 1258/1258/1220 1257/1257/1219 1269/1269/1230
f 1257/1257/1219 1259/1259/1221 1270/1270/1231
f 1259/1259/1221 1260/1260/1222 1271/1271/1232
f 1260/1260/1222 1261/1261/1223 1272/1272/1233
f 1261/1261/1223 1262/1262/1224 1273/1273/1234
f 1264/1264/1225 1274/1274/1235 1273/1273/1234
f 1263/1263/52 1285/1285/1246 1274/1274/1235
f 1266/1266/1227 1276/1276/1237 1275/1275/1236
f 1268/1268/1229 1278/1278/1239 1276/1276/1237
f 1268/1268/1229 1267/1267/1228 1277/1277/1238
f 1267/1267/1228 1269/1269/1230 1279/1279/1240
f 1269/1269/1230 1270/1270/1231 1280/1280/1241
f 1270/1270/1231 1271/1271/1232 1281/1281/1242
f 1271/1271/1232 1272/1272/1233 1282/1282/1243
f 1272/1272/1233 1273/1273/1234 1283/1283/1244
f 1273/1273/1234 1274/1274/1235 1284/1284/1245
f 1285/1285/1246 2332/2139/71 1284/1284/1245
f 1275/1275/1236 1276/1276/1237 1286/1286/1247
f 1276/1276/1237 1278/1278/1239 1288/1288/1248
f 1278/1278/1239 1277/1277/1238 1289/1289/1249
f 1277/1277/1238 1279/1279/1240 1290/1290/1250
f 1279/1279/1240 1280/1280/1241 1291/1291/1251
f 1280/1280/1241 1281/1281/1242 1292/1292/1252
f 1281/1281/1242 1282/1282/1243 1293/1293/1253
f 1282/1282/1243 1283/1283/1244 1294/1294/1254
f 1283/1283/1244 1284/1284/1245 1295/1295/1255
f 1284/1284/1245 2332/2139/71 1296/1296/1256
f 1287/1287/72 1286/1286/1247 1297/1297/1257
f 1286/1286/1247 1288/1288/1248 1299/1299/1259
f 1288/1288/1248 1289/1289/1249 1300/1300/1260
f 1289/1289/1249 1290/1290/1250 1301/1301/1261
f 1290/1290/1250 1291/1291/1251 1302/1302/1262
f 1291/1291/1251 1292/1292/1252 1303/1303/1263
f 1292/1292/1252 1293/1293/1253 1304/1304/1264
f 1293/1293/1253 1294/1294/1254 1305/1305/1265
f 1294/1294/1254 1295/1295/1255 1306/1306/1266
f 1295/1295/1255 1296/1296/1256 1307/1307/1267
f 1298/1298/1258 1297/1297/1257 1308/1308/1268
f 1297/1297/1257 1299/1299/1259 1310/1310/1270
f 1299/1299/1259 1300/1300/1260 1311/1311/1271
f 1301/1301/1261 1313/1313/1273 1311/1311/1271
f 1301/1301/1261 1302/1302/1262 1312/1312/1272
f 1302/1302/1262 1303/1303/1263 1314/1314/1274
f 1303/1303/1263 1304/1304/1264 1315/1315/1275
f 1304/1304/1264 1305/1305/1265 1316/1316/1276
f 1305/1305/1265 1306/1306/1266 1317/1317/1277
f 1306/1306/1266 1307/1307/1267 1318/1318/100
f 1309/1309/1269 1308/1308/1268 1319/1319/1278
f 1308/1308/1268 1310/1310/1270 1321/1321/1279
f 1310/1310/1270 1311/1311/1271 1322/1322/1280
f 1311/1311/1271 1313/1313/1273 1323/1323/1281
f 1312/1312/1272 1325/1325/1283 1323/1323/1281
f 1312/1312/1272 1314/1314/1274 1324/1324/1282
f 1314/1314/1274 1315/1315/1275 1326/1326/1284
f 1315/1315/1275 1316/1316/1276 1327/1327/1285
f 1316/1316/1276 1317/1317/1277 1328/1328/1286
f 1317/1317/1277 1318/1318/100 1329/1329/112
f 1320/1320/113 1319/1319/1278 1330/1330/1287
f 1319/1319/1278 1321/1321/1279 1332/1332/1289
f 1321/1321/1279 1322/1322/1280 1333/1333/1290
f 1322/1322/1280 1323/1323/1281 1334/1334/1291
f 1323/1323/1281 1325/1325/1283 1335/1335/1292
f 1325/1325/1283 1324/1324/1282 1336/1336/1293
f 1324/1324/1282 1326/1326/1284 1337/1337/1294
f 1326/1326/1284 1327/1327/1285 1338/1338/1295
f 1327/1327/1285 1328/1328/1286 1339/1339/1296
f 1328/1328/1286 1329/1329/112 1340/1340/122
f 1331/1331/1288 1330/1330/1287 1341/1341/1297
f 1330/1330/1287 1332/1332/1289 1343/1343/1299
f 1332/1332/1289 1333/1333/1290 1344/1344/1300
f 1333/1333/1290 1334/1334/1291 1345/1345/1301
f 1334/1334/1291 1335/1335/1292 1346/1346/1302
f 1335/1335/1292 1336/1336/1293 1347/1347/1303
f 1336/1336/1293 1337/1337/1294 1348/1348/1304
f 1337/1337/1294 1338/1338/1295 1349/1349/1305
f 1338/1338/1295 1339/1339/1296 1350/1350/1306
f 1339/1339/1296 1340/1340/122 1351/1351/1307
f 1342/1342/1298 1341/1341/1297 1352/1352/1308
f 1341/1341/1297 1343/1343/1299 1354/1354/1309
f 1343/1343/1299 1344/1344/1300 1355/1355/1310
f 1344/1344/1300 1345/1345/1301 1356/1356/1311
f 1345/1345/1301 1346/1346/1302 1357/1357/1312
f 1346/1346/1302 1347/1347/1303 1358/1358/1313
f 1347/1347/1303 1348/1348/1304 1359/1359/1314
f 1348/1348/1304 1349/1349/1305 1360/1360/1315
f 1349/1349/1305 1350/1350/1306 1361/1361/1316
f 1350/1350/1306 1351/1351/1307 1362/1362/142
f 1353/1353/143 1352/1352/1308 1363/1363/1317
f 1352/1352/1308 1354/1354/1309 1365/1365/1318
f 1354/1354/1309 1355/1355/1310 1366/1366/1319
f 1355/1355/1310 1356/1356/1311 1367/1367/1320
f 1356/1356/1311 1357/1357/1312 1368/1368/1321
f 1357/1357/1312 1358/1358/1313 1369/1369/1322
f 1358/1358/1313 1359/1359/1314 1370/1370/1323
f 1359/1359/1314 1360/1360/1315 1371/1371/1324
f 1360/1360/1315 1361/1361/1316 1372/1372/1325
f 1361/1361/1316 1362/1362/142 1373/1373/1326
f 1364/1364/153 1363/1363/1317 1374/1374/1327
f 1363/1363/1317 1365/1365/1318 1376/1376/1329
f 1365/1365/1318 1366/1366/1319 1377/1377/1330
f 1366/1366/1319 1367/1367/1320 1378/1378/1331
f 1367/1367/1320 1368/1368/1321 1379/1379/1332
f 1368/1368/1321 1369/1369/1322 1380/1380/1333
f 1369/1369/1322 1370/1370/1323 1381/1381/1334
f 1370/1370/1323 1371/1371/1324 1382/1382/1335
f 1371/1371/1324 1372/1372/1325 1383/1383/1336
f 1372/1372/1325 1373/1373/1326 1384/1384/162
f 1375/1375/1328 1374/1374/1327 1385/1385/1337
f 1374/1374/1327 1376/1376/1329 1387/1387/1338
f 1376/1376/1329 1377/1377/1330 1388/1388/1339
f 1377/1377/1330 1378/1378/1331 1389/1389/1340
f 1378/1378/1331 1379/1379/1332 1390/1390/1341
f 1379/1379/1332 1380/1380/1333 1391/1391/1342
f 1380/1380/1333 1381/1381/1334 1392/1392/1343
f 1381/1381/1334 1382/1382/1335 1393/1393/1344
f 1382/1382/1335 1383/1383/1336 1394/1394/1345
f 1383/1383/1336 1384/1384/162 1395/1395/1346
f 1386/1386/173 1385/1385/1337 1396/1396/1347
f 1385/1385/1337 1387/1387/1338 1398/1398/1348
f 1387/1387/1338 1388/1388/1339 1399/1399/1349
f 1388/1388/1339 1389/1389/1340 1400/1400/1350
f 1389/1389/1340 1390/1390/1341 1401/1401/1351
f 1390/1390/1341 1391/1391/1342 1402/1402/1352
f 1391/1391/1342 1392/1392/1343 1403/1403/1353
f 1392/1392/1343 1393/1393/1344 1404/1404/1354
f 1393/1393/1344 1394/1394/1345 1405/1405/1355
f 1394/1394/1345 1395/1395/1346 1406/1406/1356
f 1397/1397/183 1396/1396/1347 1407/1407/1357
f 1396/1396/1347 1398/1398/1348 1409/1409/1359
f 1398/1398/1348 1399/1399/1349 1410/1410/1360
f 1399/1399/1349 1400/1400/1350 1411/1411/1361
f 1400/1400/1350 1401/1401/1351 1412/1412/1362
f 1401/1401/1351 1402/1402/1352 1413/1413/1363
f 1402/1402/1352 1403/1403/1353 1414/1414/1364
f 1403/1403/1353 1404/1404/1354 1415/1415/1365
f 1404/1404/1354 1405/1405/1355 1416/1416/1366
f 1405/1405/1355 1406/1406/1356 1417/1417/1367
f 1408/1408/1358 1407/1407/1357 1418/1418/1368
f 1407/1407/1357 1409/1409/1359 1420/1420/1370
f 1409/1409/1359 1410/1410/1360 1421/1421/1371
f 1410/1410/1360 1411/1411/1361 1422/1422/1372
f 1411/1411/1361 1412/1412/1362 1423/1423/1373
f 1412/1412/1362 1413/1413/1363 1424/1424/1374
f 1413/1413/1363 1414/1414/1364 1425/1425/1375
f 1414/1414/1364 1415/1415/1365 1426/1426/1376
f 1415/1415/1365 1416/1416/1366 1427/1427/1377
f 1416/1416/1366 1417/1417/1367 1428/1428/1378
f 1419/1419/1369 1418/1418/1368 1429/1429/1379
f 1418/1418/1368 1420/1420/1370 1431/1431/1380
f 1420/1420/1370 1421/1421/1371 1432/1432/1381
f 1421/1421/1371 1422/1422/1372 1433/1433/1382
f 1422/1422/1372 1423/1423/1373 1434/1434/1383
f 1423/1423/1373 1424/1424/1374 1435/1435/1384
f 1424/1424/1374 1425/1425/1375 1436/1436/1385
f 1425/1425/1375 1426/1426/1376 1437/1437/1386
f 1426/1426/1376 1427/1427/1377 1438/1438/1387
f 1427/1427/1377 1428/1428/1378 1439/1439/1388
f 1430/1430/213 1429/1429/1379 1440/1440/1389
f 1429/1429/1379 1431/1431/1380 1442/1442/1391
f 1431/1431/1380 1432/1432/1381 1443/1443/1392
f 1432/1432/1381 1433/1433/1382 1444/1444/1393
f 1433/1433/1382 1434/1434/1383 1445/1445/1394
f 1434/1434/1383 1435/1435/1384 1446/1446/1395
f 1435/1435/1384 1436/1436/1385 1447/1447/1396
f 1437/1437/1386 1449/1449/1398 1447/1447/1396
f 1437/1437/1386 1438/1438/1387 1448/1448/1397
f 1438/1438/1387 1439/1439/1388 1450/1450/1399
f 1441/1441/1390 1440/1440/1389 1451/1451/1400
f 1440/1440/1389 1442/1442/1391 1453/1453/1401
f 1442/1442/1391 1443/1443/1392 1454/1454/1402
f 1443/1443/1392 1444/1444/1393 1455/1455/1403
f 1444/1444/1393 1445/1445/1394 1456/1456/1404
f 1445/1445/1394 1446/1446/1395 1457/1457/1405
f 1446/1446/1395 1447/1447/1396 1458/1458/1406
f 1449/1449/1398 1459/1459/1407 1458/1458/1406
f 1448/1448/1397 1461/1461/1409 1459/1459/1407
f 1448/1448/1397 1450/1450/1399 1460/1460/1408
f 1452/1452/233 1451/1451/1400 1462/1462/1410
f 1451/1451/1400 1453/1453/1401 1464/1464/1411
f 1453/1453/1401 1454/1454/1402 1465/1465/1412
f 1454/1454/1402 1455/1455/1403 1466/1466/1413
f 1455/1455/1403 1456/1456/1404 1467/1467/1414
f 1456/1456/1404 1457/1457/1405 1468/1468/1415
f 1457/1457/1405 1458/1458/1406 1469/1469/1416
f 1458/1458/1406 1459/1459/1407 1470/1470/1417
f 1459/1459/1407 1461/1461/1409 1471/1471/1418
f 1460/1460/1408 2333/2140/242 1471/1471/1418
f 1463/1463/243 1462/1462/1410 1472/1472/1419
f 1462/1462/1410 1464/1464/1411 1474/1474/1421
f 1464/1464/1411 1465/1465/1412 1475/1475/1422
f 1465/1465/1412 1466/1466/1413 1476/1476/1423
f 1466/1466/1413 1467/1467/1414 1477/1477/1424
f 1467/1467/1414 1468/1468/1415 1478/1478/1425
f 1468/1468/1415 1469/1469/1416 1479/1479/1426
f 1469/1469/1416 1470/1470/1417 1480/1480/1427
f 1470/1470/1417 1471/1471/1418 1481/1481/1428
f 1471/1471/1418 2333/2140/242 1482/1482/1429
f 1473/1473/1420 1472/1472/1419 1483/1483/1430
f 1472/1472/1419 1474/1474/1421 1485/1485/1432
f 1474/1474/1421 1475/1475/1422 1486/1486/1433
f 1475/1475/1422 1476/1476/1423 1487/1487/1434
f 1476/1476/1423 1477/1477/1424 1488/1488/1435
f 1477/1477/1424 1478/1478/1425 1489/1489/1436
f 1478/1478/1425 1479/1479/1426 1490/1490/1437
f 1479/1479/1426 1480/1480/1427 1491/1491/1438
f 1480/1480/1427 1481/1481/1428 1492/1492/1439
f 1481/1481/1428 1482/1482/1429 1493/1493/1440
f 1484/1484/1431 1483/1483/1430 1494/1494/1441
f 1483/1483/1430 1485/1485/1432 1496/1496/1443
f 1485/1485/1432 1486/1486/1433 1497/1497/1444
f 1486/1486/1433 1487/1487/1434 1498/1498/1445
f 1487/1487/1434 1488/1488/1435 1499/1499/1446
f 1488/1488/1435 1489/1489/1436 1500/1500/1447
f 1489/1489/1436 1490/1490/1437 1501/1501/1448
f 1490/1490/1437 1491/1491/1438 1502/1502/1449
f 1491/1491/1438 1492/1492/1439 1503/1503/1450
f 1492/1492/1439 1493/1493/1440 1504/1504/1451
f 1495/1495/1442 1494/1494/1441 1505/1505/1452
f 1494/1494/1441 1496/1496/1443 1507/1507/1454
f 1496/1496/1443 1497/1497/1444 1508/1508/1455
f 1497/1497/1444 1498/1498/1445 1509/1509/1456
f 1498/1498/1445 1499/1499/1446 1510/1510/1457
f 1499/1499/1446 1500/1500/1447 1511/1511/1458
f 1500/1500/1447 1501/1501/1448 1512/1512/1459
f 1501/1501/1448 1502/1502/1449 1513/1513/1460
f 1502/1502/1449 1503/1503/1450 1514/1514/1461
f 1503/1503/1450 1504/1504/1451 1515/1515/282
f 1516/1516/1462 1518/1518/1464 1514/1514/1461
f 1517/1517/1463 1520/1520/1466 1518/1518/1464
f 1519/1519/1465 1522/1522/1467 1520/1520/1466
f 1521/1521/289 1524/1524/1469 1522/1522/1467
f 1523/1523/1468 1526/1526/1471 1524/1524/1469
f 1525/1525/1470 1528/1528/1473 1526/1526/1471
f 1527/1527/1472 1530/1530/1475 1528/1528/1473
f 1529/1529/1474 1532/1532/1476 1530/1530/1475
f 1531/1531/299 1534/1534/1478 1532/1532/1476
f 1531/1531/299 2334/2141/301 1533/1533/1477
f 1514/1514/1461 1518/1518/1464 1535/1535/1479
f 1518/1518/1464 1520/1520/1466 1536/1536/1480
f 1520/1520/1466 1522/1522/1467 1537/1537/1481
f 1524/1524/1469 1538/1538/1482 1537/1537/1481
f 1526/1526/1471 1539/1539/1483 1538/1538/1482
f 1528/1528/1473 1540/1540/1484 1539/1539/1483
f 1530/1530/1475 1541/1541/1485 1540/1540/1484
f 1532/1532/1476 1543/1543/1487 1541/1541/1485
f 1532/1532/1476 1534/1534/1478 1542/1542/1486
f 1534/1534/1478 1533/1533/1477 1544/1544/1488
f 1513/1513/1460 1535/1535/1479 1545/1545/1489
f 1535/1535/1479 1536/1536/1480 1546/1546/1490
f 1536/1536/1480 1537/1537/1481 1547/1547/1491
f 1537/1537/1481 1538/1538/1482 1548/1548/1492
f 1539/1539/1483 1549/1549/1493 1548/1548/1492
f 1540/1540/1484 1550/1550/1494 1549/1549/1493
f 1541/1541/1485 1551/1551/1495 1550/1550/1494
f 1543/1543/1487 1553/1553/1497 1551/1551/1495
f 1543/1543/1487 1542/1542/1486 1552/1552/1496
f 1542/1542/1486 1544/1544/1488 1554/1554/1498
f 1512/1512/1459 1545/1545/1489 1555/1555/1499
f 1545/1545/1489 1546/1546/1490 1556/1556/1500
f 1546/1546/1490 1547/1547/1491 1557/1557/1501
f 1547/1547/1491 1548/1548/1492 1558/1558/1502
f 1549/1549/1493 1559/1559/1503 1558/1558/1502
f 1550/1550/1494 1560/1560/1504 1559/1559/1503
f 1551/1551/1495 1561/1561/1505 1560/1560/1504
f 1553/1553/1497 1562/1562/1506 1561/1561/1505
f 1552/1552/1496 1564/1564/1508 1562/1562/1506
f 1552/1552/1496 1554/1554/1498 1563/1563/1507
f 1511/1511/1458 1555/1555/1499 1565/1565/1509
f 1555/1555/1499 1556/1556/1500 1566/1566/1510
f 1556/1556/1500 1557/1557/1501 1567/1567/1511
f 1557/1557/1501 1558/1558/1502 1568/1568/1512
f 1558/1558/1502 1559/1559/1503 1569/1569/1513
f 1560/1560/1504 1570/1570/1514 1569/1569/1513
f 1561/1561/1505 1571/1571/1515 1570/1570/1514
f 1562/1562/1506 1572/1572/1516 1571/1571/1515
f 1564/1564/1508 1573/1573/1517 1572/1572/1516
f 1563/1563/1507 1582/1582/1526 1573/1573/1517
f 1510/1510/1457 1565/1565/1509 1574/1574/1518
f 1565/1565/1509 1566/1566/1510 1575/1575/1519
f 1566/1566/1510 1567/1567/1511 1576/1576/1520
f 1567/1567/1511 1568/1568/1512 1577/1577/1521
f 1568/1568/1512 1569/1569/1513 1578/1578/1522
f 1570/1570/1514 1579/1579/1523 1578/1578/1522
f 1571/1571/1515 1580/1580/1524 1579/1579/1523
f 1572/1572/1516 1581/1581/1525 1580/1580/1524
f 1573/1573/1517 1583/1583/1527 1581/1581/1525
f 1582/1582/1526 1592/1592/1536 1583/1583/1527
f 1509/1509/1456 1574/1574/1518 1584/1584/1528
f 1574/1574/1518 1575/1575/1519 1585/1585/1529
f 1575/1575/1519 1576/1576/1520 1586/1586/1530
f 1576/1576/1520 1577/1577/1521 1587/1587/1531
f 1577/1577/1521 1578/1578/1522 1588/1588/1532
f 1578/1578/1522 1579/1579/1523 1589/1589/1533
f 1580/1580/1524 1590/1590/1534 1589/1589/1533
f 1581/1581/1525 1591/1591/1535 1590/1590/1534
f 1583/1583/1527 1593/1593/1537 1591/1591/1535
f 1592/1592/1536 1602/1602/1546 1593/1593/1537
f 1508/1508/1455 1584/1584/1528 1594/1594/1538
f 1584/1584/1528 1585/1585/1529 1595/1595/1539
f 1585/1585/1529 1586/1586/1530 1596/1596/1540
f 1586/1586/1530 1587/1587/1531 1597/1597/1541
f 1587/1587/1531 1588/1588/1532 1598/1598/1542
f 1588/1588/1532 1589/1589/1533 1599/1599/1543
f 1590/1590/1534 1600/1600/1544 1599/1599/1543
f 1591/1591/1535 1601/1601/1545 1600/1600/1544
f 1593/1593/1537 1603/1603/1547 1601/1601/1545
f 1602/1602/1546 1612/1612/1556 1603/1603/1547
f 1507/1507/1454 1594/1594/1538 1604/1604/1548
f 1594/1594/1538 1595/1595/1539 1605/1605/1549
f 1595/1595/1539 1596/1596/1540 1606/1606/1550
f 1596/1596/1540 1597/1597/1541 1607/1607/1551
f 1597/1597/1541 1598/1598/1542 1608/1608/1552
f 1598/1598/1542 1599/1599/1543 1609/1609/1553
f 1599/1599/1543 1600/1600/1544 1610/1610/1554
f 1601/1601/1545 1611/1611/1555 1610/1610/1554
f 1603/1603/1547 1613/1613/1557 1611/1611/1555
f 1612/1612/1556 1622/1622/1561 1613/1613/1557
f 1505/1505/1452 1604/1604/1548 1614/1614/1558
f 1604/1604/1548 1605/1605/1549 1615/1615/791
f 1605/1605/1549 1606/1606/1550 1616/1616/1559
f 1606/1606/1550 1607/1607/1551 1617/1617/1560
f 1607/1607/1551 1608/1608/1552 1618/1618/794
f 1608/1608/1552 1609/1609/1553 1619/1619/795
f 1609/1609/1553 1610/1610/1554 1620/1620/796
f 1611/1611/1555 1621/1621/797 1620/1620/796
f 1613/1613/1557 1623/1623/798 1621/1621/797
f 1622/1622/1561 2335/2142/1850 1623/1623/798
f 1624/1624/821 1627/1627/1564 1625/1625/1562
f 1627/1627/1564 2336/2143/2176 1628/1628/1565
f 1628/1628/1565 2336/2143/2176 1629/1629/1566
f 1629/1629/1566 1632/1632/1569 1631/1631/1568
f 1632/1632/1569 2337/2144/1664 1633/1633/1570
f 1633/1633/1570 2337/2144/1664 1634/1634/1571
f 1635/1635/1572 1634/1634/1571 1636/1636/1573
f 1636/1636/1573 2338/2145/2177 1638/1638/1575
f 1638/1638/1575 2338/2145/2177 1639/1639/1576
f 1641/1641/802 2339/2146/801 1642/1642/1578
f 1643/1643/1579 1642/1642/1578 1644/1644/1580
f 1644/1644/1580 1647/1647/1583 1646/1646/1582
f 1647/1647/1583 1649/1649/1585 1648/1648/1584
f 1649/1649/1585 1651/1651/1587 1650/1650/1586
f 1651/1651/1587 1653/1653/1589 1652/1652/1588
f 1653/1653/1589 1655/1655/1591 1654/1654/1590
f 1655/1655/1591 1657/1657/1593 1656/1656/1592
f 1657/1657/1593 1659/1659/1595 1658/1658/1594
f 1659/1659/1595 2340/2147/1654 1660/1660/1596
f 1661/1661/1597 1732/1732/1662 1662/1662/1598
f 1664/1664/1600 1679/1679/1614 1665/1665/1601
f 1667/1667/1602 1734/1734/1664 1668/1668/1603
f 1670/1670/1605 1683/1683/1618 1671/1671/1606
f 1673/1673/1608 1685/1685/1620 1674/1674/1609
f 1676/1676/1611 1661/1661/1597 1663/1663/1599
f 1678/1678/1613 1695/1695/1630 1679/1679/1614
f 1680/1680/1615 1667/1667/1602 1669/1669/1604
f 1682/1682/1617 1697/1697/1632 1683/1683/1618
f 1684/1684/1619 1699/1699/1633 1685/1685/1620
f 1686/1686/1621 1692/1692/1627 1687/1687/1622
f 1689/1689/1624 1676/1676/1611 1677/1677/1612
f 1691/1691/1626 1705/1705/1639 1692/1692/1627
f 1693/1693/1628 1680/1680/1615 1681/1681/1616
f 1678/1678/1613 1693/1693/1628 1694/1694/1629
f 1696/1696/1631 1710/1710/1643 1697/1697/1632
f 1698/1698/837 1712/1712/1644 1699/1699/1633
f 1700/1700/1634 1688/1688/1623 1687/1687/1622
f 1702/1702/1636 1689/1689/1624 1690/1690/1625
f 1704/1704/1638 1718/1718/1650 1705/1705/1639
f 1706/1706/1640 1735/1735/1665 1707/1707/1641
f 1709/1709/810 1722/1722/1653 1710/1710/1643
f 1711/1711/839 1724/1724/1655 1712/1712/1644
f 1713/1713/1645 1700/1700/1634 1701/1701/1635
f 1715/1715/1647 1702/1702/1636 1703/1703/1637
f 1717/1717/1649 1731/1731/1661 1718/1718/1650
f 1719/1719/1580 1706/1706/1640 1708/1708/1642
f 1721/1721/1652 1733/1733/1663 1722/1722/1653
f 1723/1723/1654 1729/1729/1659 1724/1724/1655
f 1725/1725/1656 1713/1713/1645 1714/1714/1646
f 1727/1727/1595 1715/1715/1647 1716/1716/1648
f 1723/1723/1654 1727/1727/1595 1728/1728/1658
f 1730/1730/1660 1736/1736/1666 1731/1731/1661
f 1732/1732/1662 1719/1719/1580 1720/1720/1651
f 1666/1666/814 1665/1665/1601 1733/1733/1663
f 1734/1734/1664 1725/1725/1656 1726/1726/1657
f 1735/1735/1665 1672/1672/1607 1671/1671/1606
f 1675/1675/1610 1674/1674/1609 1736/1736/1666
f 1707/1707/1641 1771/1771/1701 1737/1737/1667
f 1699/1699/1633 1741/1741/1671 1738/1738/1668
f 1697/1697/1632 1742/1742/1672 1739/1739/1669
f 1708/1708/1642 1737/1737/1667 1740/1740/1670
f 1712/1712/1644 1744/1744/1674 1741/1741/1671
f 1710/1710/1643 1745/1745/1675 1742/1742/1672
f 1720/1720/1651 1740/1740/1670 1743/1743/1673
f 1724/1724/1655 1747/1747/1677 1744/1744/1674
f 1722/1722/1653 1748/1748/1678 1745/1745/1675
f 1662/1662/1598 1743/1743/1673 1746/1746/1676
f 1729/1729/1659 1765/1765/1695 1747/1747/1677
f 1733/1733/1663 1752/1752/1682 1748/1748/1678
f 1677/1677/1612 1663/1663/1599 1746/1746/1676
f 1687/1687/1622 1692/1692/1627 1750/1750/1680
f 1665/1665/1601 1755/1755/1685 1752/1752/1682
f 1690/1690/1625 1677/1677/1612 1749/1749/1679
f 1701/1701/1635 1687/1687/1622 1751/1751/1681
f 1679/1679/1614 1758/1758/1688 1755/1755/1685
f 1703/1703/1637 1690/1690/1625 1753/1753/1683
f 1714/1714/1646 1701/1701/1635 1754/1754/1684
f 1695/1695/1630 1772/1772/1702 1758/1758/1688
f 1716/1716/1648 1703/1703/1637 1756/1756/1686
f 1726/1726/1657 1714/1714/1646 1757/1757/1687
f 1692/1692/1627 1705/1705/1639 1761/1761/1691
f 1728/1728/1658 1716/1716/1648 1759/1759/1689
f 1668/1668/1603 1726/1726/1657 1760/1760/1690
f 1705/1705/1639 1718/1718/1650 1764/1764/1694
f 1729/1729/1659 1728/1728/1658 1762/1762/1692
f 1669/1669/1604 1668/1668/1603 1763/1763/1693
f 1718/1718/1650 1731/1731/1661 1767/1767/1697
f 1681/1681/1616 1669/1669/1604 1766/1766/1696
f 1731/1731/1661 1736/1736/1666 1769/1769/1699
f 1694/1694/1629 1681/1681/1616 1768/1768/1698
f 1674/1674/1609 1773/1773/1703 1769/1769/1699
f 1671/1671/1606 1774/1774/1704 1771/1771/1701
f 1695/1695/1630 1694/1694/1629 1770/1770/1700
f 1685/1685/1620 1738/1738/1668 1773/1773/1703
f 1683/1683/1618 1739/1739/1669 1774/1774/1704
f 1776/1776/1706 1797/1797/1727 1777/1777/1707
f 1779/1779/1709 1800/1800/1730 1780/1780/1710
f 1782/1782/1712 1807/1807/1737 1783/1783/1713
f 1785/1785/1715 1808/1808/1738 1786/1786/1716
f 1788/1788/1718 1805/1805/1735 1789/1789/1719
f 1791/1791/1721 1806/1806/1736 1792/1792/1722
f 1794/1794/1724 1813/1813/1743 1795/1795/1725
f 1797/1797/1727 1811/1811/1741 1798/1798/1728
f 1799/1799/1729 1812/1812/1742 1800/1800/1730
f 1784/1784/1714 1783/1783/1713 1801/1801/1731
f 1803/1803/1733 1785/1785/1715 1787/1787/1717
f 1788/1788/1718 1776/1776/1706 1778/1778/1708
f 1781/1781/1711 1780/1780/1710 1806/1806/1736
f 1790/1790/1720 1789/1789/1719 1807/1807/1737
f 1808/1808/1738 1794/1794/1724 1796/1796/1726
f 1809/1809/1739 1803/1803/1733 1804/1804/1734
f 1811/1811/1741 1793/1793/1723 1792/1792/1722
f 1809/1809/1739 1810/1810/1740 1812/1812/1742
f 1802/1802/1732 1801/1801/1731 1795/1795/1725
f 1814/1814/1744 1844/1844/1774 1815/1815/1745
f 1817/1817/1747 1845/1845/1775 1818/1818/1748
f 1820/1820/1750 1843/1843/1773 1821/1821/1751
f 1823/1823/1753 1848/1848/1778 1824/1824/1754
f 1826/1826/1756 1849/1849/1779 1827/1827/1757
f 1829/1829/1759 1817/1817/1747 1819/1819/1749
f 1831/1831/1761 1846/1846/1776 1832/1832/1762
f 1834/1834/1764 1847/1847/1777 1835/1835/1765
f 1816/1816/1746 1815/1815/1745 1837/1837/1767
f 1839/1839/1769 1850/1850/1780 1840/1840/1770
f 1842/1842/1772 1851/1851/1781 1843/1843/1773
f 1825/1825/1755 1824/1824/1754 1844/1844/1774
f 1845/1845/1775 1826/1826/1756 1828/1828/1758
f 1846/1846/1776 1822/1822/1752 1821/1821/1751
f 1829/1829/1759 1830/1830/1760 1847/1847/1777
f 1823/1823/1753 1839/1839/1769 1841/1841/1771
f 1849/1849/1779 1838/1838/1768 1837/1837/1767
f 1850/1850/1780 1831/1831/1761 1833/1833/1763
f 1836/1836/1766 1835/1835/1765 1851/1851/1781
f 1800/1800/1730 1869/1869/1799 1852/1852/1782
f 1795/1795/1725 1801/1801/1731 1853/1853/1783
f 1780/1780/1710 1852/1852/1782 1855/1855/1785
f 1801/1801/1731 1783/1783/1713 1856/1856/1786
f 1806/1806/1736 1855/1855/1785 1857/1857/1787
f 1804/1804/1734 1861/1861/1791 1858/1858/1788
f 1798/1798/1728 1792/1792/1722 1857/1857/1787
f 1783/1783/1713 1807/1807/1737 1860/1860/1790
f 1787/1787/1717 1864/1864/1794 1861/1861/1791
f 1777/1777/1707 1798/1798/1728 1859/1859/1789
f 1807/1807/1737 1789/1789/1719 1863/1863/1793
f 1786/1786/1716 1867/1867/1797 1864/1864/1794
f 1778/1778/1708 1777/1777/1707 1862/1862/1792
f 1810/1810/1740 1858/1858/1788 1866/1866/1796
f 1796/1796/1726 1870/1870/1800 1867/1867/1797
f 1805/1805/1735 1778/1778/1708 1865/1865/1795
f 1812/1812/1742 1866/1866/1796 1869/1869/1799
f 1796/1796/1726 1795/1795/1725 1854/1854/1784
f 1789/1789/1719 1805/1805/1735 1868/1868/1798
f 1843/1843/1773 1851/1851/1781 1871/1871/1801
f 1844/1844/1774 1875/1875/1805 1873/1873/1803
f 1843/1843/1773 1872/1872/1802 1874/1874/1804
f 1824/1824/1754 1879/1879/1809 1875/1875/1805
f 1830/1830/1760 1819/1819/1749 1876/1876/1806
f 1821/1821/1751 1874/1874/1804 1878/1878/1808
f 1848/1848/1778 1882/1882/1812 1879/1879/1809
f 1819/1819/1749 1818/1818/1748 1880/1880/1810
f 1832/1832/1762 1878/1878/1808 1881/1881/1811
f 1841/1841/1771 1887/1887/1817 1882/1882/1812
f 1818/1818/1748 1828/1828/1758 1883/1883/1813
f 1833/1833/1763 1881/1881/1811 1884/1884/1814
f 1847/1847/1777 1830/1830/1760 1877/1877/1807
f 1828/1828/1758 1827/1827/1757 1886/1886/1816
f 1840/1840/1770 1884/1884/1814 1887/1887/1817
f 1835/1835/1765 1847/1847/1777 1885/1885/1815
f 1827/1827/1757 1837/1837/1767 1889/1889/1819
f 1851/1851/1781 1835/1835/1765 1888/1888/1818
f 1815/1815/1745 1873/1873/1803 1889/1889/1819
f 1892/1892/1822 2341/2148/1831 1893/1893/1823
f 1892/1892/1822 1231/1231/1196 1229/1229/1194
f 1895/1895/1756 1894/1894/1824 1229/1229/1194
f 1896/1896/1825 1895/1895/1756 1227/1227/1192
f 1896/1896/1825 1223/1223/1188 1221/1221/1186
f 1897/1897/1826 1221/1221/1186 1219/1219/1184
f 1898/1898/1746 1219/1219/1184 1217/1217/1182
f 1899/1899/1744 1217/1217/1182 1216/1216/1181
f 1901/1901/1828 1900/1900/1827 1216/1216/1181
f 1902/1902/1829 1901/1901/1828 1214/1214/1180
f 1903/1903/1830 17/17/17 19/19/19
f 1905/1905/1832 15/15/15 17/17/17
f 1906/1906/1833 13/13/13 15/15/15
f 1907/1907/1750 11/11/11 13/13/13
f 9/9/9 11/11/11 1907/1907/1750
f 7/7/7 9/9/9 1908/1908/1834
f 5/5/5 7/7/7 1909/1909/1835
f 2/2/2 5/5/5 1910/1910/1761
f 3/3/3 2/2/2 1911/1911/1836
f 1913/1913/1733 2342/2149/1739 1914/1914/402
f 1915/1915/1838 1913/1913/1733 856/856/854
f 1916/1916/1839 1915/1915/1838 854/854/852
f 1917/1917/1840 1916/1916/1839 852/852/850
f 1917/1917/1840 848/848/846 846/846/844
f 1918/1918/1841 846/846/844 844/844/842
f 1919/1919/1732 844/844/842 843/843/841
f 1920/1920/1714 843/843/841 841/841/840
f 1921/1921/1712 841/841/840 842/842/384
f 1923/1923/1843 400/400/400 402/402/402
f 1925/1925/1709 398/398/398 400/400/400
f 1926/1926/1845 396/396/396 398/398/398
f 394/394/394 396/396/396 1926/1926/1845
f 392/392/392 394/394/394 1927/1927/1721
f 390/390/390 392/392/392 1928/1928/1846
f 388/388/388 390/390/390 1929/1929/1741
f 386/386/386 388/388/388 1930/1930/1727
f 1932/1932/1848 383/383/383 386/386/386
f 384/384/384 383/383/383 1932/1932/1848
f 1658/1658/1594 1660/1660/1596 1934/1934/1850
f 1656/1656/1592 1658/1658/1594 1935/1935/1561
f 1654/1654/1590 1656/1656/1592 1936/1936/1556
f 1652/1652/1588 1654/1654/1590 1937/1937/1546
f 1650/1650/1586 1652/1652/1588 1938/1938/1536
f 1648/1648/1584 1650/1650/1586 1939/1939/1526
f 1646/1646/1582 1648/1648/1584 1940/1940/1507
f 1942/1942/1488 1645/1645/1581 1646/1646/1582
f 1943/1943/1851 1643/1643/1579 1645/1645/1581
f 1944/1944/301 1641/1641/802 1643/1643/1579
f 1945/1945/1176 1638/1638/1575 1640/1640/1577
f 1637/1637/1574 1638/1638/1575 1945/1945/1176
f 1948/1948/1156 1635/1635/1572 1637/1637/1574
f 1949/1949/1146 1633/1633/1570 1635/1635/1572
f 1950/1950/1136 1631/1631/1568 1633/1633/1570
f 1951/1951/1126 1630/1630/1567 1631/1631/1568
f 1952/1952/1116 1628/1628/1565 1630/1630/1567
f 1625/1625/1562 1628/1628/1565 1952/1952/1116
f 1954/1954/1853 1626/1626/1563 1625/1625/1562
f 1955/1955/1854 839/839/838 837/837/836
f 1956/1956/799 837/837/836 835/835/834
f 1957/1957/789 835/835/834 833/833/832
f 1958/1958/779 833/833/832 831/831/830
f 1959/1959/769 831/831/830 829/829/828
f 1960/1960/759 829/829/828 827/827/826
f 1961/1961/739 827/827/826 825/825/824
f 1962/1962/729 825/825/824 826/826/825
f 1964/1964/708 1963/1963/719 826/826/825
f 1965/1965/1853 1964/1964/708 823/823/822
f 1966/1966/1179 2327/2134/1577 816/816/815
f 1967/1967/371 816/816/815 817/817/816
f 1969/1969/1855 1968/1968/361 817/817/816
f 1970/1970/1856 1969/1969/1855 814/814/813
f 1971/1971/331 1970/1970/1856 812/812/811
f 1972/1972/321 1971/1971/331 810/810/809
f 1973/1973/312 1972/1972/321 806/806/805
f 1974/1974/1857 1973/1973/312 804/804/803
f 1975/1975/301 1974/1974/1857 801/801/800
f 416/416/415 403/403/403 385/385/385
f 1976/1976/1858 1980/1980/1862 1977/1977/1859
f 1979/1979/1861 1982/1982/1864 1977/1977/1859
f 1979/1979/1861 1983/1983/1865 1981/1981/1863
f 1983/1983/1865 1985/1985/1867 1984/1984/1866
f 1985/1985/1867 1988/1988/1870 1986/1986/1868
f 1987/1987/1869 1990/1990/1872 1986/1986/1868
f 1987/1987/1869 1992/1992/1874 1989/1989/1871
f 1991/1991/1873 1994/1994/1876 1989/1989/1871
f 1993/1993/1875 1996/1996/1878 1994/1994/1876
f 1993/1993/1875 1998/1998/1880 1995/1995/1877
f 1997/1997/1879 2000/2000/1882 1995/1995/1877
f 1999/1999/1881 2002/2002/1884 2000/2000/1882
f 2001/2001/1883 2004/2004/1886 2002/2002/1884
f 2003/2003/1885 2006/2006/1888 2004/2004/1886
f 2003/2003/1885 2007/2007/1889 2005/2005/1887
f 1976/1976/1858 1978/1978/1860 2005/2005/1887
f 1978/1978/1860 1977/1977/1859 2008/2008/1890
f 1977/1977/1859 1982/1982/1864 2010/2010/1892
f 1982/1982/1864 1981/1981/1863 2011/2011/1893
f 1981/1981/1863 1984/1984/1866 2012/2012/1894
f 1986/1986/1868 2013/2013/1895 2012/2012/1894
f 1990/1990/1872 2015/2015/1897 2013/2013/1895
f 1990/1990/1872 1989/1989/1871 2014/2014/1896
f 1989/1989/1871 1994/1994/1876 2016/2016/1898
f 1994/1994/1876 1996/1996/1878 2017/2017/1899
f 1996/1996/1878 1995/1995/1877 2018/2018/1900
f 1995/1995/1877 2000/2000/1882 2019/2019/1901
f 2000/2000/1882 2002/2002/1884 2020/2020/1902
f 2002/2002/1884 2004/2004/1886 2021/2021/1903
f 2006/2006/1888 2022/2022/1904 2021/2021/1903
f 2005/2005/1887 2023/2023/1905 2022/2022/1904
f 2005/2005/1887 1978/1978/1860 2009/2009/1891
f 2041/2025/1909 2044/2028/1912 2042/2026/1910
f 2044/2028/1912 2048/2032/1916 2045/2029/1913
f 2046/2030/1914 2047/2031/1915 2044/2028/1912
f 2047/2031/1915 2051/2035/1919 2048/2032/1916
f 2049/2033/1917 2053/2037/1921 2047/2031/1915
f 2047/2031/1915 2053/2037/1921 2050/2034/1918
f 2049/2033/1917 2055/2039/1923 2052/2036/1920
f 2053/2037/1921 2052/2036/1920 2054/2038/1922
f 2055/2039/1923 2058/2042/1926 2056/2040/1924
f 2052/2036/1920 2056/2040/1924 2057/2041/1925
f 2058/2042/1926 2268/2123/2133 2059/2043/1927
f 2059/2043/1927 2256/2127/2122 2057/2041/1925
f 2060/2044/1928 2063/2047/1931 2061/2045/1929
f 2063/2047/1931 2067/2051/1935 2064/2048/1932
f 2065/2049/1933 2066/2050/1934 2063/2047/1931
f 2066/2050/1934 2070/2054/1938 2067/2051/1935
f 2068/2052/1936 2069/2053/1937 2066/2050/1934
f 2069/2053/1937 2073/2057/1941 2070/2054/1938
f 2071/2055/1939 2072/2056/1940 2069/2053/1937
f 2072/2056/1940 2076/2060/1944 2073/2057/1941
f 2071/2055/1939 2078/2062/1946 2074/2058/1942
f 2072/2056/1940 2074/2058/1942 2075/2059/1943
f 2077/2061/1945 2079/2063/1947 2074/2058/1942
f 2079/2063/1947 2243/2126/2110 2075/2059/1943
f 2080/2064/1948 2083/2067/1951 2081/2065/1949
f 2083/2067/1951 2087/2071/1955 2084/2068/1952
f 2085/2069/1953 2086/2070/1954 2083/2067/1951
f 2086/2070/1954 2090/2074/1958 2087/2071/1955
f 2088/2072/1956 2089/2073/1957 2086/2070/1954
f 2089/2073/1957 2093/2077/1961 2090/2074/1958
f 2091/2075/1959 2092/2076/1960 2089/2073/1957
f 2092/2076/1960 2096/2080/1964 2093/2077/1961
f 2094/2078/1962 2095/2079/1963 2092/2076/1960
f 2095/2079/1963 2099/2083/1967 2096/2080/1964
f 2097/2081/1965 2098/2082/1966 2095/2079/1963
f 2098/2082/1966 2291/2128/2151 2099/2083/1967
f 2100/2084/1968 2103/2087/1971 2101/2085/1969
f 2103/2087/1971 2107/2091/1975 2104/2088/1972
f 2105/2089/1973 2109/2093/1977 2103/2087/1971
f 2103/2087/1971 2109/2093/1977 2106/2090/1974
f 2108/2092/1976 2112/2096/1980 2109/2093/1977
f 2109/2093/1977 2112/2096/1980 2110/2094/1978
f 2108/2092/1976 2114/2098/1982 2111/2095/1979
f 2112/2096/1980 2111/2095/1979 2113/2097/1981
f 2114/2098/1982 2117/2101/1985 2115/2099/1983
f 2111/2095/1979 2115/2099/1983 2116/2100/1984
f 2117/2101/1985 2263/2124/2129 2118/2102/1986
f 2115/2099/1983 2118/2102/1986 2119/2103/1987
f 2120/2104/1988 2126/2110/1994 2121/2105/1989
f 2121/2105/1989 2126/2110/1994 2123/2107/1991
f 2120/2104/1988 2129/2113/1997 2125/2109/1993
f 2126/2110/1994 2125/2109/1993 2127/2111/1995
f 2128/2112/1996 2130/2114/1998 2125/2109/1993
f 2130/2114/1998 2133/2117/2001 2127/2111/1995
f 2128/2112/1996 2134/2118/2002 2131/2115/1999
f 2130/2114/1998 2131/2115/1999 2132/2116/2000
f 2134/2118/2002 2137/2121/2005 2135/2119/2003
f 2131/2115/1999 2135/2119/2003 2136/2120/2004
f 2137/2121/2005 2315/2125/2170 2138/2122/2006
f 2138/2122/2006 2310/2129/2166 2136/2120/2004
f 2139/2026/2007 2143/2028/2011 2140/2025/2008
f 2142/2029/2010 2145/2032/2013 2143/2028/2011
f 2143/2028/2011 2146/2031/2014 2144/2030/2012
f 2145/2032/2013 2343/2035/2178 2146/2031/2014
f 2146/2031/2014 2149/2037/2017 2147/2033/2015
f 2146/2031/2014 2343/2035/2178 2148/2034/2016
f 2147/2033/2015 2149/2037/2017 2150/2036/2018
f 2149/2037/2017 2148/2034/2016 2152/2038/2020
f 2151/2039/2019 2150/2036/2018 2153/2040/2021
f 2150/2036/2018 2152/2038/2020 2155/2041/2023
f 2154/2042/2022 2153/2040/2021 2156/2043/2024
f 2155/2041/2023 2344/2127/2179 2156/2043/2024
f 2158/2045/2026 2162/2047/2030 2159/2044/2027
f 2161/2048/2029 2164/2051/2032 2162/2047/2030
f 2162/2047/2030 2165/2050/2033 2163/2049/2031
f 2164/2051/2032 2167/2054/2035 2165/2050/2033
f 2165/2050/2033 2168/2053/2036 2166/2052/2034
f 2167/2054/2035 2170/2057/2038 2168/2053/2036
f 2168/2053/2036 2171/2056/2039 2169/2055/2037
f 2170/2057/2038 2345/2060/2180 2171/2056/2039
f 2169/2055/2037 2171/2056/2039 2172/2058/2040
f 2171/2056/2039 2345/2060/2180 2174/2059/2042
f 2172/2058/2040 2176/2063/2044 2175/2061/2043
f 2174/2059/2042 2346/2126/2181 2176/2063/2044
f 2177/2065/2045 2181/2067/2049 2178/2064/2046
f 2180/2068/2048 2183/2071/2051 2181/2067/2049
f 2181/2067/2049 2184/2070/2052 2182/2069/2050
f 2183/2071/2051 2186/2074/2054 2184/2070/2052
f 2184/2070/2052 2187/2073/2055 2185/2072/2053
f 2186/2074/2054 2189/2077/2057 2187/2073/2055
f 2187/2073/2055 2190/2076/2058 2188/2075/2056
f 2189/2077/2057 2192/2080/2060 2190/2076/2058
f 2190/2076/2058 2193/2079/2061 2191/2078/2059
f 2192/2080/2060 2195/2083/2063 2193/2079/2061
f 2193/2079/2061 2196/2082/2064 2194/2081/2062
f 2195/2083/2063 2307/2128/2163 2196/2082/2064
f 2197/2085/2065 2201/2087/2069 2198/2084/2066
f 2200/2088/2068 2347/2091/2127 2201/2087/2069
f 2201/2087/2069 2204/2093/2072 2202/2089/2070
f 2201/2087/2069 2347/2091/2127 2203/2090/2071
f 2204/2093/2072 2207/2096/2075 2205/2092/2073
f 2204/2093/2072 2203/2090/2071 2206/2094/2074
f 2205/2092/2073 2207/2096/2075 2208/2095/2076
f 2207/2096/2075 2206/2094/2074 2210/2097/2078
f 2209/2098/2077 2208/2095/2076 2211/2099/2079
f 2208/2095/2076 2210/2097/2078 2213/2100/2081
f 2212/2101/2080 2211/2099/2079 2214/2102/2082
f 2211/2099/2079 2213/2100/2081 2216/2103/2084
f 2217/2105/2085 2221/2110/2089 2218/2104/2086
f 2217/2105/2085 2348/2108/2182 2220/2107/2088
f 2221/2110/2089 2224/2109/2092 2222/2113/2090
f 2221/2110/2089 2220/2107/2088 2223/2111/2091
f 2224/2109/2092 2226/2114/2094 2225/2112/2093
f 2223/2111/2091 2349/2117/2183 2226/2114/2094
f 2225/2112/2093 2226/2114/2094 2227/2115/2095
f 2226/2114/2094 2349/2117/2183 2229/2116/2097
f 2228/2118/2096 2227/2115/2095 2230/2119/2098
f 2229/2116/2097 2234/2120/2102 2230/2119/2098
f 2231/2121/2099 2230/2119/2098 2232/2122/2100
f 2234/2120/2102 2350/2129/2184 2232/2122/2100
f 2042/2026/1910 2253/2026/2120 2235/2027/2009
f 2043/2027/1911 2235/2027/2009 2236/2025/2103
f 2050/2034/1918 2285/2034/2145 2237/2035/2104
f 2065/2049/1933 2060/2044/1928 2238/2044/2105
f 2073/2057/1941 2076/2060/1944 2240/2060/2107
f 2079/2063/1947 2319/2063/2172 2242/2126/2109
f 2088/2072/1956 2085/2069/1953 2244/2069/2111
f 2096/2080/1964 2099/2083/1967 2246/2083/2113
f 2104/2088/1972 2262/2088/2128 2248/2085/2115
f 2114/2098/1982 2108/2092/1976 2249/2092/2116
f 2119/2103/1987 2278/2103/2084 2251/2100/2118
f 2134/2118/2002 2309/2118/2165 2252/2121/2119
f 2045/2029/1913 2267/2029/2132 2253/2026/2120
f 2055/2039/1923 2049/2033/1917 2254/2033/2121
f 2351/2127/2122 2344/2127/2179 2155/2041/2023
f 2071/2055/1939 2312/2055/2168 2258/2062/2124
f 2097/2081/1965 2094/2078/1962 2259/2078/2125
f 2104/2088/1972 2107/2091/1975 2261/2091/2127
f 2313/2124/2129 2215/2124/2083 2214/2102/2082
f 2127/2111/1995 2302/2111/2159 2265/2107/2131
f 2045/2029/1913 2048/2032/1916 2266/2032/2013
f 2317/2123/2133 2157/2123/2025 2156/2043/2024
f 2070/2054/1938 2304/2054/2161 2270/2051/2135
f 2081/2065/1949 2289/2065/2149 2271/2066/2047
f 2082/2066/1950 2271/2066/2047 2272/2064/2136
f 2093/2077/1961 2305/2077/2057 2273/2074/2137
f 2105/2089/1973 2100/2084/1968 2274/2084/2138
f 2110/2094/1978 2113/2097/1981 2276/2097/2140
f 2118/2102/1986 2264/2102/2130 2278/2103/2084
f 2128/2112/1996 2129/2113/1997 2279/2113/2141
f 2132/2116/2000 2136/2120/2004 2281/2120/2102
f 2046/2030/1914 2041/2025/1909 2236/2025/2103
f 2050/2034/1918 2054/2038/1922 2284/2038/2144
f 2059/2043/1927 2269/2043/2134 2286/2127/2146
f 2068/2052/1936 2065/2049/1933 2239/2049/2106
f 2076/2060/1944 2075/2059/1943 2288/2059/2148
f 2084/2068/1952 2297/2068/2154 2289/2065/2149
f 2088/2072/1956 2245/2072/2112 2290/2075/2150
f 2306/2128/2162 2307/2128/2163 2195/2083/2063
f 2114/2098/1982 2250/2098/2117 2292/2101/2080
f 2315/2125/2170 2137/2121/2005 2252/2121/2119
f 2055/2039/1923 2255/2039/2019 2294/2042/2153
f 2077/2061/1945 2078/2062/1946 2258/2062/2124
f 2084/2068/1952 2087/2071/1955 2296/2071/2051
f 2097/2081/1965 2260/2081/2126 2298/2082/2155
f 2106/2090/1974 2321/2090/2071 2261/2091/2127
f 2121/2105/1989 2308/2105/2164 2299/2106/2156
f 2122/2106/1990 2299/2106/2156 2300/2104/2157
f 2127/2111/1995 2133/2117/2001 2301/2117/2158
f 2051/2035/1919 2237/2035/2104 2266/2032/2013
f 2061/2045/1929 2311/2045/2167 2303/2046/2160
f 2062/2046/1930 2303/2046/2160 2238/2044/2105
f 2073/2057/1941 2241/2057/2108 2304/2054/2161
f 2085/2069/1953 2080/2064/1948 2272/2064/2136
f 2096/2080/1964 2247/2080/2114 2305/2077/2057
f 2291/2128/2151 2098/2082/1966 2298/2082/2155
f 2108/2092/1976 2105/2089/1973 2275/2089/2139
f 2113/2097/1981 2116/2100/1984 2251/2100/2118
f 2124/2108/1992 2314/2108/2169 2308/2105/2164
f 2134/2118/2002 2128/2112/1996 2280/2112/2142
f 2352/2129/2166 2350/2129/2184 2234/2120/2102
f 2049/2033/1917 2046/2030/1914 2283/2030/2143
f 2054/2038/1922 2057/2041/1925 2257/2041/2123
f 2064/2048/1932 2318/2048/2029 2311/2045/2167
f 2068/2052/1936 2287/2052/2147 2312/2055/2168
f 2353/2126/2110 2346/2126/2181 2174/2059/2042
f 2091/2075/1959 2290/2075/2150 2259/2078/2125
f 2263/2124/2129 2117/2101/1985 2292/2101/2080
f 2124/2108/1992 2123/2107/1991 2265/2107/2131
f 2293/2125/2152 2233/2125/2101 2232/2122/2100
f 2268/2123/2133 2058/2042/1926 2294/2042/2153
f 2064/2048/1932 2067/2051/1935 2270/2051/2135
f 2077/2061/1945 2295/2061/2043 2319/2063/2172
f 2090/2074/1958 2273/2074/2137 2296/2071/2051
f 2101/2085/1969 2248/2085/2115 2320/2086/2067
f 2102/2086/1970 2320/2086/2067 2274/2084/2138
f 2110/2094/1978 2277/2094/2074 2321/2090/2071
f 2129/2113/1997 2120/2104/1988 2300/2104/2157
f 2133/2117/2001 2132/2116/2000 2282/2116/2097
f 2138/2122/2006 2316/2122/2171 2322/2129/2173
