# Blender 4.4.3
# www.blender.org
mtllib Untitled.mtl
o hash_C38CC441.model
v 0.039015 -0.001498 0.009612
v 0.040027 -0.000893 0.003785
v 0.039290 -0.001553 0.003791
v 0.039745 -0.000836 0.009714
v 0.041525 -0.000975 0.003785
v 0.041225 -0.000916 0.009942
v 0.042185 -0.001712 0.003791
v 0.041536 -0.007842 0.010097
v 0.041844 -0.007903 0.003833
v 0.040807 -0.008504 0.009995
v 0.041107 -0.008564 0.003838
v 0.039327 -0.008424 0.009767
v 0.039609 -0.008481 0.003838
v 0.038675 -0.007688 0.009655
v 0.038949 -0.007743 0.003833
v 0.039290 -0.001553 0.003791
v 0.038178 -0.001418 0.014351
v 0.038889 -0.000756 0.014538
v 0.040329 -0.000832 0.014950
v 0.041877 -0.001652 0.010054
v 0.040962 -0.001567 0.015148
v 0.039911 -0.008420 0.015003
v 0.038471 -0.008344 0.014590
v 0.037838 -0.007609 0.014394
v 0.038178 -0.001418 0.014351
v 0.039015 -0.001498 0.009612
v 0.036783 -0.001312 0.018630
v 0.037467 -0.000646 0.018895
v 0.038849 -0.000719 0.019473
v 0.039455 -0.001452 0.019747
v 0.040622 -0.007757 0.015192
v 0.038431 -0.008307 0.019525
v 0.037049 -0.008235 0.018947
v 0.036442 -0.007502 0.018673
v 0.035492 -0.000511 0.022849
v 0.036800 -0.000578 0.023580
v 0.037372 -0.001307 0.023925
v 0.039115 -0.007641 0.019790
v 0.037031 -0.007498 0.023968
v 0.036383 -0.008166 0.023632
v 0.035074 -0.008099 0.022902
v 0.034502 -0.007369 0.022556
v 0.036783 -0.001312 0.018630
v 0.034842 -0.001178 0.022513
v 0.032984 -0.000348 0.026406
v 0.034204 -0.000408 0.027277
v 0.034734 -0.001136 0.027689
v 0.034393 -0.007326 0.027731
v 0.033786 -0.007997 0.027330
v 0.032567 -0.007936 0.026458
v 0.032036 -0.007209 0.026046
v 0.034842 -0.001178 0.022513
v 0.032377 -0.001018 0.026004
v 0.029966 -0.000160 0.029547
v 0.031081 -0.000214 0.030549
v 0.031563 -0.000939 0.031022
v 0.031222 -0.007129 0.031065
v 0.030663 -0.007802 0.030602
v 0.029548 -0.007748 0.029599
v 0.029068 -0.007023 0.029126
v 0.032377 -0.001018 0.026004
v 0.029408 -0.000833 0.029083
v 0.026466 0.000051 0.032250
v 0.027458 0.000005 0.033374
v 0.027883 -0.000716 0.033903
v 0.027543 -0.006906 0.033947
v 0.027041 -0.007583 0.033427
v 0.026049 -0.007537 0.032302
v 0.025964 -0.000626 0.031731
v 0.029408 -0.000833 0.029083
v 0.025964 -0.000626 0.031731
v 0.022508 0.000285 0.034493
v 0.023359 0.000247 0.035728
v 0.023718 -0.000470 0.036309
v 0.023377 -0.006661 0.036352
v 0.022942 -0.007341 0.035781
v 0.022091 -0.007303 0.034547
v 0.025624 -0.006815 0.031774
v 0.021731 -0.006586 0.033965
v 0.022072 -0.000396 0.033922
v 0.018112 0.000539 0.036257
v 0.018800 0.000511 0.037589
v 0.019083 -0.000201 0.038216
v 0.018743 -0.006392 0.038259
v 0.018382 -0.007078 0.037642
v 0.017694 -0.007049 0.036309
v 0.017412 -0.006337 0.035683
v 0.022072 -0.000396 0.033922
v 0.017752 -0.000146 0.035639
v 0.013274 0.000815 0.037523
v 0.013775 0.000797 0.038937
v 0.013970 0.000090 0.039601
v 0.013629 -0.006101 0.039645
v 0.013358 -0.006792 0.038990
v 0.012857 -0.006774 0.037576
v 0.012661 -0.006067 0.036912
v 0.017752 -0.000146 0.035639
v 0.013002 0.000124 0.036868
v 0.007923 0.001114 0.038283
v 0.008204 0.001109 0.039757
v 0.008296 0.000407 0.040449
v 0.007956 -0.005783 0.040493
v 0.007786 -0.006479 0.039809
v 0.007505 -0.006474 0.038336
v 0.007752 0.000418 0.037601
v 0.013002 0.000124 0.036868
v 0.007752 0.000418 0.037601
v 0.001349 0.001477 0.038534
v 0.001349 0.001488 0.040035
v 0.001311 0.000794 0.040739
v 0.000970 -0.005397 0.040782
v 0.000932 -0.006100 0.040087
v 0.000931 -0.006111 0.038587
v 0.007412 -0.005773 0.037644
v 0.001310 0.000775 0.037839
v -0.005132 0.001128 0.037601
v 0.001310 0.000775 0.037839
v -0.005225 0.001838 0.038283
v -0.005505 0.001864 0.039757
v -0.005674 0.001176 0.040449
v -0.005923 -0.005724 0.039809
v -0.005643 -0.005751 0.038336
v -0.005473 -0.005064 0.037644
v 0.000969 -0.005417 0.037882
v -0.010383 0.001411 0.036868
v -0.010578 0.002127 0.037523
v -0.011077 0.002165 0.038937
v -0.011689 -0.004707 0.039645
v -0.006015 -0.005014 0.040493
v -0.011495 -0.005424 0.038990
v -0.010995 -0.005461 0.037576
v -0.010723 -0.004780 0.036912
v -0.005132 0.001128 0.037601
v -0.015134 0.001664 0.035639
v -0.015416 0.002384 0.036257
v -0.016103 0.002432 0.037589
v -0.011348 0.001483 0.039601
v -0.016463 0.001755 0.038216
v -0.016521 -0.005157 0.037642
v -0.015833 -0.005204 0.036309
v -0.015475 -0.004527 0.035683
v -0.015134 0.001664 0.035639
v -0.010383 0.001411 0.036868
v -0.019455 0.001890 0.033922
v -0.019814 0.002614 0.034493
v -0.020664 0.002670 0.035728
v -0.021099 0.001997 0.036309
v -0.016804 -0.004436 0.038259
v -0.021082 -0.004918 0.035781
v -0.020231 -0.004974 0.034547
v -0.019796 -0.004301 0.033965
v -0.019455 0.001890 0.033922
v -0.023349 0.002088 0.031731
v -0.023774 0.002816 0.032250
v -0.024765 0.002880 0.033374
v -0.025607 -0.003981 0.033947
v -0.021439 -0.004194 0.036352
v -0.025182 -0.004709 0.033427
v -0.024191 -0.004772 0.032302
v -0.023690 -0.004101 0.031774
v -0.023349 0.002088 0.031731
v -0.026795 0.002260 0.029083
v -0.027275 0.002990 0.029547
v -0.028389 0.003059 0.030549
v -0.025266 0.002209 0.033903
v -0.029288 -0.003798 0.031065
v -0.028807 -0.004529 0.030602
v -0.027693 -0.004598 0.029599
v -0.027135 -0.003930 0.029126
v -0.029765 0.002402 0.026004
v -0.030296 0.003135 0.026406
v -0.031515 0.003209 0.027277
v -0.028948 0.002392 0.031022
v -0.032462 -0.003647 0.027731
v -0.031932 -0.004380 0.027330
v -0.030714 -0.004453 0.026458
v -0.030106 -0.003788 0.026046
v -0.029765 0.002402 0.026004
v -0.026795 0.002260 0.029083
v -0.032234 0.002514 0.022513
v -0.032807 0.003248 0.022849
v -0.034114 0.003325 0.023580
v -0.032121 0.002544 0.027689
v -0.034763 0.002663 0.023925
v -0.034532 -0.004263 0.023632
v -0.033224 -0.004340 0.022902
v -0.032575 -0.003677 0.022556
v -0.032234 0.002514 0.022513
v -0.034178 0.002594 0.018630
v -0.034784 0.003330 0.018895
v -0.036166 0.003410 0.019473
v -0.037190 -0.003442 0.019790
v -0.035103 -0.003528 0.023968
v -0.036583 -0.004178 0.019525
v -0.035202 -0.004258 0.018947
v -0.034518 -0.003597 0.018673
v -0.034178 0.002594 0.018630
v -0.036210 0.003378 0.014538
v -0.037649 0.003460 0.014950
v -0.038360 0.002799 0.015148
v -0.036849 0.002748 0.019747
v -0.038700 -0.003391 0.015192
v -0.038067 -0.004128 0.015003
v -0.036627 -0.004210 0.014590
v -0.035576 0.002641 0.014351
v -0.035576 0.002641 0.014351
v -0.037069 0.003392 0.009714
v -0.038549 0.003475 0.009943
v -0.039278 0.002814 0.010054
v -0.039619 -0.003375 0.010097
v -0.038966 -0.004114 0.009995
v -0.037487 -0.004197 0.009767
v -0.035917 -0.003550 0.014394
v -0.036757 -0.003536 0.009655
v -0.036417 0.002654 0.009612
v -0.037356 0.003366 0.003785
v -0.038854 0.003448 0.003785
v -0.039591 0.002788 0.003791
v -0.039932 -0.003402 0.003833
v -0.039271 -0.004140 0.003838
v -0.037774 -0.004222 0.003838
v -0.036695 0.002629 0.003791
v -0.036417 0.002654 0.009612
v -0.036421 0.002574 -0.002032
v -0.036695 0.002629 0.003791
v -0.037074 0.003310 -0.002144
v -0.038553 0.003390 -0.002373
v -0.039283 0.002728 -0.002474
v -0.038971 -0.004199 -0.002319
v -0.037491 -0.004279 -0.002091
v -0.036762 -0.003617 -0.001989
v -0.037036 -0.003561 0.003833
v -0.036421 0.002574 -0.002032
v -0.035584 0.002494 -0.006771
v -0.036218 0.003229 -0.006968
v -0.037658 0.003305 -0.007380
v -0.038709 -0.003549 -0.007525
v -0.039624 -0.003463 -0.002431
v -0.038075 -0.004284 -0.007327
v -0.036635 -0.004360 -0.006915
v -0.035925 -0.003696 -0.006727
v -0.034189 0.002388 -0.011049
v -0.034796 0.003121 -0.011324
v -0.036178 0.003192 -0.011902
v -0.038368 0.002642 -0.007568
v -0.036861 0.002527 -0.012166
v -0.036595 -0.004396 -0.011849
v -0.035213 -0.004468 -0.011271
v -0.034530 -0.003803 -0.011006
v -0.035584 0.002494 -0.006771
v -0.032821 0.002984 -0.015279
v -0.034129 0.003051 -0.016009
v -0.034778 0.002384 -0.016345
v -0.035119 -0.003807 -0.016302
v -0.037202 -0.003664 -0.012124
v -0.034547 -0.004537 -0.015956
v -0.033239 -0.004604 -0.015226
v -0.032248 0.002254 -0.014933
v -0.034189 0.002388 -0.011049
v -0.032248 0.002254 -0.014933
v -0.030313 0.002821 -0.018835
v -0.031533 0.002883 -0.019706
v -0.032139 0.002212 -0.020109
v -0.032480 -0.003978 -0.020065
v -0.031950 -0.004706 -0.019653
v -0.030731 -0.004767 -0.018783
v -0.032589 -0.003936 -0.014890
v -0.029782 0.002093 -0.018423
v -0.029782 0.002093 -0.018423
v -0.027295 0.002633 -0.021976
v -0.028410 0.002688 -0.022979
v -0.028969 0.002014 -0.023441
v -0.029309 -0.004176 -0.023399
v -0.028827 -0.004901 -0.022926
v -0.027713 -0.004955 -0.021924
v -0.030123 -0.004097 -0.018381
v -0.027155 -0.004282 -0.021460
v -0.026814 0.001909 -0.021504
v -0.023795 0.002422 -0.024679
v -0.024787 0.002469 -0.025803
v -0.025289 0.001792 -0.026323
v -0.025630 -0.004399 -0.026280
v -0.025205 -0.005120 -0.025750
v -0.024213 -0.005166 -0.024627
v -0.023370 0.001701 -0.024150
v -0.026814 0.001909 -0.021504
v -0.023370 0.001701 -0.024150
v -0.019837 0.002189 -0.026923
v -0.020688 0.002227 -0.028158
v -0.021123 0.001545 -0.028729
v -0.021464 -0.004645 -0.028685
v -0.021106 -0.005362 -0.028105
v -0.020255 -0.005400 -0.026870
v -0.023711 -0.004489 -0.024107
v -0.019819 -0.004719 -0.026299
v -0.019478 0.001472 -0.026342
v -0.015441 0.001934 -0.028686
v -0.016129 0.001963 -0.030019
v -0.016489 0.001278 -0.030635
v -0.016830 -0.004913 -0.030592
v -0.016547 -0.005626 -0.029966
v -0.015858 -0.005654 -0.028634
v -0.015499 -0.004969 -0.028016
v -0.019478 0.001472 -0.026342
v -0.015158 0.001222 -0.028059
v -0.010603 0.001659 -0.029953
v -0.011104 0.001677 -0.031366
v -0.011375 0.000986 -0.032022
v -0.011716 -0.005205 -0.031978
v -0.011522 -0.005911 -0.031313
v -0.011021 -0.005929 -0.029901
v -0.010749 -0.005238 -0.029245
v -0.015158 0.001222 -0.028059
v -0.010408 0.000952 -0.029288
v -0.005252 0.001359 -0.030713
v -0.005533 0.001365 -0.032186
v -0.005702 0.000668 -0.032869
v -0.006043 -0.005523 -0.032826
v -0.005950 -0.006224 -0.032134
v -0.005669 -0.006229 -0.030660
v -0.005158 0.000658 -0.030021
v -0.010408 0.000952 -0.029288
v -0.005158 0.000658 -0.030021
v 0.001322 0.000996 -0.030964
v 0.001322 0.000985 -0.032464
v 0.001283 0.000281 -0.033159
v 0.000942 -0.005909 -0.033115
v 0.000904 -0.006603 -0.032411
v 0.000905 -0.006593 -0.030911
v -0.005499 -0.005533 -0.029977
v 0.000943 -0.005889 -0.030216
v 0.007726 -0.000051 -0.030021
v 0.001284 0.000302 -0.030259
v 0.007896 0.000636 -0.030713
v 0.008176 0.000610 -0.032186
v 0.007928 -0.006292 -0.032826
v 0.007759 -0.006978 -0.032134
v 0.007479 -0.006953 -0.030660
v 0.007386 -0.006242 -0.029977
v 0.007726 -0.000051 -0.030021
v 0.001284 0.000302 -0.030259
v 0.012977 -0.000335 -0.029288
v 0.013249 0.000346 -0.029953
v 0.013748 0.000310 -0.031366
v 0.008268 -0.000101 -0.032869
v 0.013942 -0.000407 -0.032022
v 0.013331 -0.007279 -0.031313
v 0.012831 -0.007242 -0.029901
v 0.012636 -0.006525 -0.029245
v 0.017728 -0.000588 -0.028059
v 0.018087 0.000089 -0.028686
v 0.018774 0.000042 -0.030019
v 0.018716 -0.006869 -0.030592
v 0.013601 -0.006598 -0.031978
v 0.018357 -0.007547 -0.029966
v 0.017669 -0.007499 -0.028634
v 0.017387 -0.006779 -0.028016
v 0.017728 -0.000588 -0.028059
v 0.012977 -0.000335 -0.029288
v 0.022049 -0.000814 -0.026343
v 0.022485 -0.000141 -0.026923
v 0.023335 -0.000196 -0.028158
v 0.019057 -0.000679 -0.030635
v 0.023693 -0.000921 -0.028729
v 0.022917 -0.007785 -0.028105
v 0.022067 -0.007729 -0.026870
v 0.021708 -0.007004 -0.026299
v 0.022049 -0.000814 -0.026343
v 0.025943 -0.001013 -0.024150
v 0.026445 -0.000343 -0.024679
v 0.027436 -0.000405 -0.025803
v 0.027860 -0.001133 -0.026323
v 0.023352 -0.007111 -0.028685
v 0.027018 -0.007994 -0.025750
v 0.026027 -0.007931 -0.024627
v 0.025602 -0.007204 -0.024108
v 0.025943 -0.001013 -0.024150
v 0.029389 -0.001184 -0.021504
v 0.029946 -0.000518 -0.021976
v 0.031060 -0.000585 -0.022979
v 0.031542 -0.001316 -0.023441
v 0.027520 -0.007324 -0.026280
v 0.030643 -0.008174 -0.022926
v 0.029529 -0.008106 -0.021924
v 0.029048 -0.007375 -0.021460
v 0.032360 -0.001327 -0.018423
v 0.032967 -0.000662 -0.018835
v 0.034186 -0.000734 -0.019706
v 0.034715 -0.001468 -0.020109
v 0.031201 -0.007507 -0.023399
v 0.033768 -0.008323 -0.019653
v 0.032549 -0.008250 -0.018783
v 0.032019 -0.007517 -0.018381
v 0.032360 -0.001327 -0.018423
v 0.029389 -0.001184 -0.021504
v 0.034828 -0.001438 -0.014934
v 0.035478 -0.000775 -0.015279
v 0.036785 -0.000852 -0.016009
v 0.037357 -0.001586 -0.016345
v 0.034375 -0.007658 -0.020065
v 0.036368 -0.008440 -0.015956
v 0.035060 -0.008364 -0.015226
v 0.034487 -0.007628 -0.014890
v 0.036772 -0.001518 -0.011049
v 0.037455 -0.000856 -0.011324
v 0.038837 -0.000936 -0.011902
v 0.039443 -0.001673 -0.012166
v 0.037016 -0.007777 -0.016302
v 0.038419 -0.008524 -0.011849
v 0.037037 -0.008444 -0.011271
v 0.036431 -0.007708 -0.011007
v 0.034828 -0.001438 -0.014934
v 0.038881 -0.000904 -0.006968
v 0.040320 -0.000987 -0.007380
v 0.040954 -0.001723 -0.007568
v 0.040613 -0.007914 -0.007525
v 0.039103 -0.007863 -0.012124
v 0.039903 -0.008575 -0.007327
v 0.038463 -0.008493 -0.006915
v 0.038170 -0.001565 -0.006771
v 0.036772 -0.001518 -0.011049
v 0.038170 -0.001565 -0.006771
v 0.039740 -0.000918 -0.002144
v 0.041220 -0.001001 -0.002373
v 0.041872 -0.001739 -0.002474
v 0.041532 -0.007930 -0.002431
v 0.040802 -0.008590 -0.002320
v 0.039322 -0.008507 -0.002091
v 0.037830 -0.007755 -0.006727
v 0.039011 -0.001578 -0.002032
v 0.039011 -0.001578 -0.002032
v 0.040027 -0.000893 0.003785
v 0.041525 -0.000975 0.003785
v 0.042185 -0.001712 0.003791
v 0.041844 -0.007903 0.003833
v 0.041107 -0.008564 0.003838
v 0.039609 -0.008481 0.003838
v 0.038670 -0.007769 -0.001989
v 0.038949 -0.007743 0.003833
v -0.015444 0.000552 0.038936
v -0.020371 0.000255 0.036494
v -0.015238 -0.000014 0.038442
v -0.020039 0.000785 0.036031
v -0.014973 0.000520 0.037942
v -0.015178 0.001085 0.038435
v -0.020311 0.001354 0.036485
v -0.015444 0.000552 0.038936
v -0.020644 0.000825 0.036948
v -0.024951 0.000490 0.033950
v -0.024561 0.001016 0.033531
v -0.024891 0.001588 0.033942
v -0.020644 0.000825 0.036948
v -0.025280 0.001061 0.034360
v -0.028958 0.000689 0.030840
v -0.028519 0.001213 0.030469
v -0.028898 0.001787 0.030832
v -0.025280 0.001061 0.034360
v -0.029337 0.001263 0.031203
v -0.032366 0.000851 0.027196
v -0.031884 0.001373 0.026878
v -0.032305 0.001949 0.027188
v -0.029337 0.001263 0.031203
v -0.032786 0.001427 0.027506
v -0.035140 0.000975 0.023046
v -0.034625 0.001496 0.022785
v -0.035080 0.002073 0.023038
v -0.032786 0.001427 0.027506
v -0.035595 0.001552 0.023299
v -0.037252 0.001058 0.018406
v -0.036708 0.001578 0.018206
v -0.037191 0.002157 0.018397
v -0.035595 0.001552 0.023299
v -0.039181 0.001681 0.013376
v -0.037734 0.001638 0.018597
v -0.038676 0.001101 0.013253
v -0.038616 0.002200 0.013246
v -0.039181 0.001681 0.013376
v -0.037734 0.001638 0.018597
v -0.039912 0.001680 0.007453
v -0.039396 0.001100 0.007409
v -0.038112 0.001620 0.013123
v -0.039335 0.002199 0.007401
v -0.039912 0.001680 0.007453
v -0.039389 0.001048 0.000043
v -0.038812 0.001569 0.000090
v -0.038818 0.001619 0.007357
v -0.039329 0.002147 0.000036
v -0.039906 0.001628 -0.000011
v -0.038659 0.000968 -0.005778
v -0.038094 0.001488 -0.005653
v -0.038598 0.002066 -0.005786
v -0.039906 0.001628 -0.000011
v -0.039162 0.001546 -0.005911
v -0.037221 0.000853 -0.010918
v -0.036677 0.001376 -0.010724
v -0.037160 0.001952 -0.010925
v -0.039162 0.001546 -0.005911
v -0.035551 0.001277 -0.015808
v -0.037704 0.001429 -0.011117
v -0.035096 0.000704 -0.015546
v -0.035035 0.001802 -0.015553
v -0.035551 0.001277 -0.015808
v -0.037704 0.001429 -0.011117
v -0.032730 0.001093 -0.020003
v -0.032310 0.000521 -0.019684
v -0.034581 0.001229 -0.015291
v -0.032249 0.001620 -0.019692
v -0.032730 0.001093 -0.020003
v -0.029269 0.000878 -0.023687
v -0.028891 0.000308 -0.023316
v -0.031830 0.001048 -0.019373
v -0.028831 0.001406 -0.023324
v -0.029269 0.000878 -0.023687
v -0.025201 0.000632 -0.026832
v -0.024871 0.000065 -0.026412
v -0.028452 0.000837 -0.022952
v -0.024811 0.001164 -0.026420
v -0.025201 0.000632 -0.026832
v -0.020553 0.000358 -0.029406
v -0.020281 -0.000205 -0.028942
v -0.024483 0.000598 -0.026000
v -0.020221 0.000893 -0.028950
v -0.020553 0.000358 -0.029406
v -0.015341 0.000057 -0.031379
v -0.015137 -0.000502 -0.030877
v -0.019949 0.000331 -0.028487
v -0.015076 0.000597 -0.030885
v -0.015341 0.000057 -0.031379
v -0.009540 -0.000271 -0.032722
v -0.009414 -0.000825 -0.032191
v -0.014872 0.000038 -0.030384
v -0.009354 0.000272 -0.032199
v -0.009540 -0.000271 -0.032722
v -0.002947 -0.000639 -0.033412
v -0.002916 -0.001188 -0.032861
v -0.009228 -0.000281 -0.031667
v -0.002856 -0.000089 -0.032869
v -0.002947 -0.000639 -0.033412
v 0.005386 -0.001097 -0.033412
v 0.005295 -0.001640 -0.032861
v -0.002825 -0.000638 -0.032319
v 0.005356 -0.000541 -0.032869
v 0.005386 -0.001097 -0.033412
v 0.011794 -0.001993 -0.032191
v 0.011668 -0.001432 -0.031667
v 0.005265 -0.001083 -0.032319
v 0.011854 -0.000895 -0.032199
v 0.011980 -0.001456 -0.032722
v 0.017518 -0.002299 -0.030877
v 0.017313 -0.001733 -0.030384
v 0.017578 -0.001200 -0.030885
v 0.011980 -0.001456 -0.032722
v 0.017781 -0.001766 -0.031379
v 0.022664 -0.002568 -0.028942
v 0.022393 -0.001999 -0.028487
v 0.022724 -0.001470 -0.028950
v 0.017781 -0.001766 -0.031379
v 0.022995 -0.002039 -0.029406
v 0.027256 -0.002804 -0.026413
v 0.026928 -0.002232 -0.026000
v 0.027316 -0.001705 -0.026420
v 0.022995 -0.002039 -0.029406
v 0.027645 -0.002277 -0.026832
v 0.031278 -0.003003 -0.023316
v 0.030900 -0.002429 -0.022953
v 0.031338 -0.001906 -0.023324
v 0.027645 -0.002277 -0.026832
v 0.031716 -0.002479 -0.023687
v 0.034699 -0.003167 -0.019684
v 0.034280 -0.002590 -0.019373
v 0.034759 -0.002068 -0.019693
v 0.031716 -0.002479 -0.023687
v 0.035179 -0.002645 -0.020003
v 0.037488 -0.003291 -0.015546
v 0.037034 -0.002713 -0.015291
v 0.037549 -0.002193 -0.015553
v 0.035179 -0.002645 -0.020003
v 0.038004 -0.002771 -0.015808
v 0.039617 -0.003376 -0.010918
v 0.039134 -0.002797 -0.010724
v 0.039677 -0.002277 -0.010925
v 0.038004 -0.002771 -0.015808
v 0.041622 -0.002900 -0.005911
v 0.040160 -0.002857 -0.011118
v 0.041059 -0.003420 -0.005778
v 0.041119 -0.002322 -0.005786
v 0.041622 -0.002900 -0.005911
v 0.040160 -0.002857 -0.011118
v 0.042371 -0.002901 -0.000011
v 0.041794 -0.003420 0.000043
v 0.040555 -0.002840 -0.005654
v 0.041854 -0.002321 0.000036
v 0.042371 -0.002901 -0.000011
v 0.042383 -0.002850 0.007453
v 0.041806 -0.003369 0.007409
v 0.041277 -0.002839 0.000090
v 0.041866 -0.002271 0.007401
v 0.042383 -0.002850 0.007453
v 0.041091 -0.003289 0.013253
v 0.040587 -0.002711 0.013123
v 0.041289 -0.002790 0.007357
v 0.041151 -0.002190 0.013246
v 0.041656 -0.002768 0.013376
v 0.039670 -0.003175 0.018405
v 0.039187 -0.002599 0.018206
v 0.039730 -0.002076 0.018397
v 0.041656 -0.002768 0.013376
v 0.038078 -0.002503 0.023299
v 0.040214 -0.002653 0.018597
v 0.037562 -0.003027 0.023046
v 0.037622 -0.001929 0.023038
v 0.038078 -0.002503 0.023299
v 0.040214 -0.002653 0.018597
v 0.035271 -0.002319 0.027506
v 0.034791 -0.002845 0.027196
v 0.037107 -0.002453 0.022785
v 0.034851 -0.001747 0.027188
v 0.035271 -0.002319 0.027506
v 0.031826 -0.002104 0.031203
v 0.031386 -0.002633 0.030840
v 0.034370 -0.002274 0.026878
v 0.031447 -0.001534 0.030832
v 0.031826 -0.002104 0.031203
v 0.027771 -0.001859 0.034360
v 0.027381 -0.002390 0.033949
v 0.031007 -0.002063 0.030469
v 0.027441 -0.001292 0.033942
v 0.027771 -0.001859 0.034360
v 0.023137 -0.001585 0.036948
v 0.022803 -0.002121 0.036494
v 0.027051 -0.001824 0.033531
v 0.022864 -0.001022 0.036485
v 0.023137 -0.001585 0.036948
v 0.017939 -0.001285 0.038936
v 0.017672 -0.001825 0.038442
v 0.022531 -0.001558 0.036031
v 0.017732 -0.000726 0.038435
v 0.017939 -0.001285 0.038936
v -0.015238 -0.000014 0.038442
v -0.015178 0.001085 0.038435
v -0.015444 0.000552 0.038936
v 0.017732 -0.000726 0.038435
v 0.017672 -0.001825 0.038442
v 0.017939 -0.001285 0.038936
v 0.018153 0.001226 0.035685
v 0.021689 0.000541 0.036064
v 0.021042 -0.000531 0.035141
v 0.020162 0.002243 0.039382
v 0.022755 0.000495 0.037755
v 0.020614 0.001123 0.040364
v 0.023281 -0.000630 0.038694
v 0.020055 -0.009045 0.040435
v 0.022896 -0.007619 0.038742
v 0.022250 -0.008691 0.037819
v 0.019482 -0.010121 0.039469
v 0.021184 -0.008644 0.036127
v 0.017594 -0.008942 0.035756
v 0.020658 -0.007520 0.035189
v 0.018153 0.001226 0.035685
v 0.021042 -0.000531 0.035141
v 0.015233 0.002324 0.036217
v 0.018725 0.002303 0.036651
v 0.017183 0.003349 0.040648
v 0.017553 0.002234 0.041668
v 0.016891 -0.009795 0.041751
v 0.016400 -0.010877 0.040747
v 0.018045 -0.010062 0.036737
v 0.014571 -0.009706 0.036302
v 0.012209 0.003188 0.036625
v 0.015724 0.003406 0.037223
v 0.013916 0.004231 0.041651
v 0.014197 0.003120 0.042705
v 0.013459 -0.010292 0.042798
v 0.013057 -0.011379 0.041760
v 0.014941 -0.010820 0.037321
v 0.011471 -0.010226 0.036718
v 0.015233 0.002324 0.036217
v 0.009345 0.004947 0.037970
v 0.012612 0.004275 0.037663
v 0.010352 0.004922 0.042388
v 0.010535 0.003818 0.043468
v 0.009743 -0.010574 0.043569
v 0.009439 -0.011667 0.042504
v 0.011752 -0.011335 0.037772
v 0.008431 -0.011642 0.038085
v 0.009040 0.003855 0.036905
v 0.012209 0.003188 0.036625
v 0.009040 0.003855 0.036905
v 0.005837 0.005437 0.038148
v 0.006420 0.005436 0.042845
v 0.006496 0.004339 0.043943
v 0.005671 -0.010641 0.044048
v 0.005475 -0.011741 0.042964
v 0.004892 -0.011740 0.038267
v 0.008248 -0.010538 0.037005
v 0.005641 0.004337 0.037064
v 0.005641 0.004337 0.037064
v 0.001585 0.005769 0.038204
v 0.001587 0.005803 0.043005
v 0.001527 0.004712 0.044112
v 0.000691 -0.010465 0.044218
v 0.000631 -0.011571 0.043126
v 0.000629 -0.011604 0.038325
v 0.004817 -0.010643 0.037168
v 0.000689 -0.010513 0.037218
v -0.002604 0.004791 0.037064
v 0.001524 0.004663 0.037113
v -0.002678 0.005905 0.038148
v -0.003257 0.005969 0.042845
v -0.004278 -0.010094 0.044048
v -0.004203 -0.011208 0.042964
v -0.003623 -0.011272 0.038267
v -0.003429 -0.010189 0.037168
v -0.002604 0.004791 0.037064
v 0.001524 0.004663 0.037113
v -0.006035 0.004684 0.036905
v -0.006218 0.005804 0.037970
v -0.007222 0.005889 0.042388
v -0.003453 0.004886 0.043943
v -0.007525 0.004812 0.043468
v -0.008135 -0.010700 0.042504
v -0.007131 -0.010786 0.038085
v -0.006827 -0.009708 0.037005
v -0.009258 0.004369 0.036625
v -0.009539 0.005494 0.037663
v -0.010840 0.005593 0.041651
v -0.011980 -0.008892 0.042798
v -0.008318 -0.009580 0.043569
v -0.011700 -0.010017 0.041760
v -0.010398 -0.010116 0.037772
v -0.009997 -0.009044 0.036718
v -0.006035 0.004684 0.036905
v -0.012728 0.004972 0.037223
v -0.014184 0.005075 0.040648
v -0.011242 0.004520 0.042705
v -0.014674 0.004008 0.041668
v -0.014967 -0.009150 0.040747
v -0.013511 -0.009255 0.037321
v -0.012359 0.003842 0.036217
v -0.009258 0.004369 0.036625
v -0.012359 0.003842 0.036217
v -0.015832 0.004205 0.036651
v -0.017267 0.004303 0.039383
v -0.018399 -0.006928 0.040435
v -0.015336 -0.008021 0.041751
v -0.017948 -0.008061 0.039469
v -0.016513 -0.008160 0.036737
v -0.013021 -0.008187 0.036302
v -0.015382 0.003071 0.035685
v -0.015382 0.003071 0.035685
v -0.018971 0.002779 0.036064
v -0.020036 0.002850 0.037755
v -0.017839 0.003240 0.040364
v -0.020682 0.001790 0.038694
v -0.020542 -0.006336 0.037819
v -0.019477 -0.006406 0.036127
v -0.015942 -0.007096 0.035756
v -0.018831 -0.005347 0.035189
v 0.022250 -0.008691 0.037819
v 0.021184 -0.008644 0.036127
v 0.020658 -0.007520 0.035189
v -0.020682 0.001790 0.038694
v -0.020036 0.002850 0.037755
v -0.018971 0.002779 0.036064
v 0.021706 0.001834 0.042113
v 0.019251 -0.008550 0.041574
v 0.021129 -0.008650 0.042185
v 0.019828 0.001933 0.041502
v 0.018089 -0.008497 0.039974
v 0.018665 0.001973 0.037924
v 0.018666 0.001987 0.039901
v 0.019249 -0.008586 0.036396
v 0.018088 -0.008511 0.037997
v 0.019826 0.001898 0.036324
v 0.021127 -0.008694 0.035786
v 0.023582 0.001691 0.036324
v 0.021704 0.001791 0.035713
v 0.024743 0.001638 0.037924
v 0.023005 -0.008793 0.036396
v 0.024167 -0.008832 0.039974
v 0.024166 -0.008846 0.037997
v 0.023584 0.001727 0.041502
v 0.024744 0.001652 0.039901
v 0.021706 0.001834 0.042113
v 0.023007 -0.008757 0.041574
v 0.018666 0.001987 0.039901
v 0.019828 0.001933 0.041502
v 0.024743 0.001638 0.037924
v 0.018088 -0.008511 0.037997
v 0.021127 -0.008694 0.035786
v 0.024166 -0.008846 0.037997
v -0.018846 0.004066 0.042113
v -0.021302 -0.006318 0.041574
v -0.019423 -0.006418 0.042185
v -0.020725 0.004165 0.041502
v -0.022463 -0.006265 0.039974
v -0.021886 0.004205 0.037924
v -0.021886 0.004219 0.039901
v -0.021304 -0.006354 0.036396
v -0.022463 -0.006280 0.037997
v -0.020727 0.004130 0.036324
v -0.019426 -0.006462 0.035786
v -0.016971 0.003923 0.036324
v -0.018849 0.004023 0.035713
v -0.015809 0.003870 0.037924
v -0.017548 -0.006561 0.036396
v -0.016385 -0.006600 0.039974
v -0.016386 -0.006614 0.037997
v -0.016969 0.003959 0.041502
v -0.015808 0.003884 0.039901
v -0.018846 0.004066 0.042113
v -0.017546 -0.006525 0.041574
v -0.016969 0.003959 0.041502
v -0.015809 0.003870 0.037924
v -0.021886 0.004205 0.037924
v -0.019426 -0.006462 0.035786
v -0.016386 -0.006614 0.037997
v -0.017546 -0.006525 0.041574
v 0.000485 -0.014224 0.049344
v 0.001460 -0.016210 0.048417
v 0.001566 -0.014287 0.048719
v 0.001482 -0.015816 0.047231
v 0.001565 -0.014296 0.047469
v 0.000411 -0.015560 0.046638
v 0.000484 -0.014241 0.046844
v -0.000597 -0.014177 0.047469
v -0.000681 -0.015697 0.047231
v -0.000597 -0.014168 0.048719
v -0.000703 -0.016091 0.048417
v 0.000485 -0.014224 0.049344
v 0.000368 -0.016348 0.049010
v 0.001369 -0.017869 0.047518
v 0.001412 -0.017084 0.046547
v 0.000352 -0.016631 0.046061
v -0.000751 -0.016965 0.046547
v -0.000794 -0.017750 0.047518
v 0.000368 -0.016348 0.049010
v 0.000266 -0.018202 0.048003
v 0.001306 -0.019014 0.046124
v 0.001367 -0.017904 0.045554
v 0.000316 -0.017289 0.045269
v -0.000796 -0.017785 0.045554
v -0.000857 -0.018895 0.046124
v 0.000266 -0.018202 0.048003
v 0.000194 -0.019509 0.046409
v 0.001282 -0.019434 0.044430
v 0.001351 -0.018187 0.044421
v 0.000304 -0.017503 0.044417
v -0.000812 -0.018068 0.044421
v -0.000880 -0.019315 0.044430
v 0.000194 -0.019509 0.046409
v 0.000192 -0.019538 0.042452
v 0.000167 -0.019999 0.044434
v 0.001304 -0.019038 0.042730
v 0.001366 -0.017919 0.043284
v -0.000797 -0.017800 0.043284
v -0.000858 -0.018919 0.042730
v 0.000192 -0.019538 0.042452
v 0.000167 -0.019999 0.044434
v 0.000263 -0.018253 0.040840
v 0.001366 -0.017913 0.041320
v 0.001410 -0.017113 0.042280
v 0.000315 -0.017301 0.043561
v -0.000752 -0.016994 0.042280
v -0.000796 -0.017794 0.041320
v 0.000263 -0.018253 0.040840
v 0.000364 -0.016411 0.039807
v 0.001457 -0.016266 0.040397
v 0.001479 -0.015855 0.041578
v 0.000351 -0.016654 0.042760
v -0.000683 -0.015736 0.041578
v -0.000706 -0.016147 0.040397
v 0.000364 -0.016411 0.039807
v 0.000481 -0.014292 0.039444
v 0.001562 -0.014348 0.040069
v 0.001563 -0.014339 0.041319
v 0.000409 -0.015591 0.042168
v -0.000600 -0.014220 0.041319
v -0.000600 -0.014229 0.040069
v 0.000481 -0.014292 0.039444
v 0.001668 -0.012425 0.040371
v 0.001647 -0.012819 0.041557
v 0.000554 -0.012956 0.042150
v 0.000482 -0.014275 0.041944
v -0.000516 -0.012700 0.041557
v -0.000494 -0.012306 0.040371
v 0.000598 -0.012168 0.039778
v 0.001760 -0.010765 0.041270
v 0.001716 -0.011551 0.042241
v 0.000613 -0.011885 0.042727
v -0.000446 -0.011432 0.042241
v -0.000403 -0.010646 0.041270
v 0.000598 -0.012168 0.039778
v 0.000700 -0.010314 0.040785
v 0.001823 -0.009621 0.042664
v 0.001761 -0.010732 0.043235
v 0.000650 -0.011227 0.043519
v -0.000401 -0.010613 0.043235
v -0.000340 -0.009502 0.042664
v 0.000700 -0.010314 0.040785
v 0.000772 -0.009006 0.042379
v 0.001846 -0.009201 0.044358
v 0.001777 -0.010448 0.044368
v 0.000661 -0.011012 0.044371
v -0.000386 -0.010329 0.044368
v -0.000317 -0.009082 0.044358
v 0.000772 -0.009006 0.042379
v 0.000773 -0.008978 0.046336
v 0.000799 -0.008516 0.044354
v 0.001824 -0.009597 0.046058
v 0.001762 -0.010716 0.045504
v -0.000400 -0.010597 0.045504
v -0.000339 -0.009478 0.046058
v 0.000773 -0.008978 0.046336
v 0.000799 -0.008516 0.044354
v 0.000703 -0.010263 0.047948
v 0.001762 -0.010722 0.047468
v 0.001718 -0.011522 0.046508
v 0.000650 -0.011215 0.045227
v -0.000445 -0.011403 0.046508
v -0.000401 -0.010603 0.047468
v 0.000703 -0.010263 0.047948
v 0.000601 -0.012105 0.048981
v 0.001671 -0.012369 0.048391
v 0.001649 -0.012780 0.047210
v 0.000615 -0.011862 0.046028
v -0.000514 -0.012661 0.047210
v -0.000491 -0.012250 0.048391
v 0.000601 -0.012105 0.048981
v 0.000485 -0.014224 0.049344
v 0.001566 -0.014287 0.048719
v 0.001565 -0.014296 0.047469
v 0.000556 -0.012925 0.046620
v -0.000597 -0.014177 0.047469
v -0.000597 -0.014168 0.048719
v 0.000485 -0.014224 0.049344
v 0.004989 -0.021545 0.044443
v 0.004041 -0.023540 0.043331
v 0.004340 -0.021517 0.043317
v 0.002778 -0.023228 0.043329
v 0.003042 -0.021445 0.043317
v 0.002147 -0.023065 0.044455
v 0.002393 -0.021402 0.044443
v 0.003043 -0.021429 0.045569
v 0.002779 -0.023213 0.045581
v 0.004341 -0.021501 0.045569
v 0.004042 -0.023524 0.045583
v 0.004989 -0.021545 0.044443
v 0.004672 -0.023687 0.044457
v 0.003388 -0.025366 0.043344
v 0.002220 -0.024796 0.043341
v 0.001636 -0.024504 0.044465
v 0.002221 -0.024781 0.045592
v 0.003388 -0.025352 0.045596
v 0.004672 -0.023687 0.044457
v 0.003972 -0.025645 0.044472
v 0.002418 -0.026841 0.043355
v 0.001448 -0.025975 0.043349
v 0.000964 -0.025534 0.044472
v 0.001449 -0.025958 0.045601
v 0.002419 -0.026825 0.045607
v 0.003972 -0.025645 0.044472
v 0.002904 -0.027266 0.044484
v 0.001169 -0.027815 0.043362
v 0.000597 -0.026647 0.043354
v 0.000312 -0.026056 0.044475
v 0.000598 -0.026632 0.045606
v 0.001170 -0.027800 0.045614
v 0.002904 -0.027266 0.044484
v 0.001454 -0.028391 0.044492
v -0.000280 -0.028123 0.043365
v -0.000209 -0.026825 0.043356
v -0.000173 -0.026168 0.044477
v -0.000208 -0.026809 0.045607
v -0.000279 -0.028107 0.045616
v 0.001454 -0.028391 0.044492
v -0.002034 -0.028199 0.044492
v -0.000316 -0.028764 0.044495
v -0.001687 -0.027658 0.043362
v -0.000991 -0.026560 0.043354
v -0.000990 -0.026545 0.045606
v -0.001686 -0.027642 0.045614
v -0.002034 -0.028199 0.044492
v -0.000316 -0.028764 0.044495
v -0.003351 -0.026922 0.044484
v -0.002822 -0.026552 0.043355
v -0.001763 -0.025798 0.043349
v -0.000642 -0.026004 0.044475
v -0.001762 -0.025782 0.045601
v -0.002821 -0.026537 0.045607
v -0.003351 -0.026922 0.044484
v -0.004235 -0.025193 0.044472
v -0.003624 -0.024980 0.043344
v -0.002401 -0.024542 0.043341
v -0.001234 -0.025413 0.044472
v -0.002400 -0.024527 0.045592
v -0.003623 -0.024966 0.045596
v -0.004235 -0.025193 0.044472
v -0.004716 -0.023170 0.044457
v -0.004073 -0.023093 0.043331
v -0.002783 -0.022922 0.043329
v -0.001788 -0.024315 0.044465
v -0.002783 -0.022907 0.045581
v -0.004072 -0.023077 0.045583
v -0.004716 -0.023170 0.044457
v -0.004796 -0.021006 0.044443
v -0.004147 -0.021050 0.043317
v -0.002849 -0.021121 0.043317
v -0.002138 -0.022829 0.044455
v -0.002849 -0.021105 0.045569
v -0.004147 -0.021033 0.045569
v -0.004796 -0.021006 0.044443
v -0.003849 -0.019026 0.043303
v -0.002586 -0.019338 0.043304
v -0.001954 -0.019485 0.044432
v -0.002200 -0.021149 0.044443
v -0.002585 -0.019322 0.045557
v -0.003848 -0.019011 0.045554
v -0.004479 -0.018863 0.044429
v -0.003195 -0.017199 0.043290
v -0.002028 -0.017770 0.043293
v -0.001443 -0.018046 0.044421
v -0.002027 -0.017754 0.045545
v -0.003195 -0.017184 0.045542
v -0.004479 -0.018863 0.044429
v -0.003779 -0.016906 0.044414
v -0.002226 -0.015725 0.043279
v -0.001256 -0.016592 0.043285
v -0.000772 -0.017017 0.044413
v -0.001255 -0.016575 0.045537
v -0.002225 -0.015710 0.045531
v -0.003779 -0.016906 0.044414
v -0.002710 -0.015284 0.044402
v -0.000977 -0.014750 0.043272
v -0.000405 -0.015918 0.043280
v -0.000119 -0.016494 0.044409
v -0.000404 -0.015903 0.045532
v -0.000976 -0.014735 0.045524
v -0.002710 -0.015284 0.044402
v -0.001261 -0.014159 0.044394
v 0.000473 -0.014443 0.043270
v 0.000401 -0.015742 0.043279
v 0.000366 -0.016383 0.044409
v 0.000402 -0.015725 0.045530
v 0.000473 -0.014428 0.045521
v -0.001261 -0.014159 0.044394
v 0.002227 -0.014351 0.044394
v 0.000509 -0.013786 0.044391
v 0.001879 -0.014908 0.043272
v 0.001183 -0.016005 0.043280
v 0.001184 -0.015990 0.045532
v 0.001880 -0.014892 0.045524
v 0.002227 -0.014351 0.044394
v 0.000509 -0.013786 0.044391
v 0.003544 -0.015629 0.044402
v 0.003014 -0.016013 0.043279
v 0.001955 -0.016768 0.043285
v 0.000835 -0.016547 0.044409
v 0.001956 -0.016752 0.045537
v 0.003015 -0.015999 0.045531
v 0.003544 -0.015629 0.044402
v 0.004428 -0.017357 0.044414
v 0.003816 -0.017585 0.043290
v 0.002593 -0.018024 0.043293
v 0.001426 -0.017138 0.044413
v 0.002594 -0.018008 0.045545
v 0.003817 -0.017570 0.045542
v 0.004428 -0.017357 0.044414
v 0.004909 -0.019380 0.044429
v 0.004265 -0.019473 0.043303
v 0.002976 -0.019644 0.043304
v 0.001981 -0.018235 0.044421
v 0.002976 -0.019628 0.045557
v 0.004266 -0.019458 0.045554
v 0.004909 -0.019380 0.044429
v 0.004989 -0.021545 0.044443
v 0.004340 -0.021517 0.043317
v 0.003042 -0.021445 0.043317
v 0.002331 -0.019721 0.044432
v 0.003043 -0.021429 0.045569
v 0.004341 -0.021501 0.045569
v 0.004989 -0.021545 0.044443
v -0.000536 -0.032770 0.050723
v 0.000427 -0.035758 0.049844
v 0.000588 -0.032836 0.050073
v 0.000439 -0.035543 0.048562
v 0.000587 -0.032846 0.048773
v -0.000679 -0.035374 0.047921
v -0.000537 -0.032788 0.048123
v -0.001661 -0.032722 0.048773
v -0.001810 -0.035420 0.048562
v -0.001661 -0.032713 0.050073
v -0.001821 -0.035634 0.049844
v -0.000536 -0.032770 0.050723
v -0.000703 -0.035804 0.050485
v 0.000281 -0.038420 0.049131
v 0.000306 -0.037957 0.047918
v -0.000805 -0.037662 0.047311
v -0.001942 -0.037833 0.047918
v -0.001968 -0.038297 0.049131
v -0.000703 -0.035804 0.050485
v -0.000857 -0.038591 0.049738
v 0.000161 -0.040589 0.047979
v 0.000203 -0.039823 0.046930
v -0.000900 -0.039379 0.046405
v -0.002045 -0.039700 0.046930
v -0.002087 -0.040465 0.047979
v -0.000857 -0.038591 0.049738
v -0.000984 -0.040910 0.048505
v 0.000080 -0.042059 0.046437
v 0.000141 -0.040953 0.045757
v -0.000953 -0.040338 0.045418
v -0.002107 -0.040829 0.045757
v -0.002168 -0.041936 0.046437
v -0.000984 -0.040910 0.048505
v -0.001074 -0.042551 0.046777
v 0.000050 -0.042611 0.044591
v 0.000121 -0.041313 0.044582
v -0.000967 -0.040601 0.044577
v -0.002127 -0.041189 0.044582
v -0.002199 -0.042487 0.044591
v -0.001074 -0.042551 0.046777
v -0.001076 -0.042581 0.042405
v -0.001110 -0.043197 0.044595
v 0.000079 -0.042085 0.042737
v 0.000140 -0.040969 0.043401
v -0.002108 -0.040845 0.043401
v -0.002170 -0.041961 0.042737
v -0.001076 -0.042581 0.042405
v -0.001110 -0.043197 0.044595
v -0.000987 -0.040965 0.040655
v 0.000159 -0.040636 0.041175
v 0.000202 -0.039856 0.042214
v -0.000953 -0.040349 0.043733
v -0.002047 -0.039732 0.042214
v -0.002090 -0.040512 0.041175
v -0.000987 -0.040965 0.040655
v -0.000860 -0.038663 0.039389
v 0.000277 -0.038484 0.039993
v 0.000304 -0.038003 0.041200
v -0.000901 -0.039405 0.042734
v -0.001945 -0.037879 0.041200
v -0.001972 -0.038360 0.039993
v -0.000860 -0.038663 0.039389
v -0.000708 -0.035887 0.038604
v 0.000423 -0.035832 0.039243
v 0.000436 -0.035599 0.040522
v -0.000807 -0.037700 0.041804
v -0.001813 -0.035475 0.040522
v -0.001826 -0.035708 0.039243
v -0.000708 -0.035887 0.038604
v -0.000541 -0.032857 0.038323
v 0.000584 -0.032914 0.038974
v 0.000584 -0.032905 0.040273
v -0.000682 -0.035421 0.041162
v -0.001664 -0.032781 0.040273
v -0.001665 -0.032790 0.038974
v -0.000541 -0.032857 0.038323
v 0.000744 -0.029993 0.039203
v 0.000733 -0.030207 0.040484
v -0.000398 -0.030253 0.041126
v -0.000540 -0.032838 0.040923
v -0.001516 -0.030084 0.040484
v -0.001504 -0.029869 0.039203
v -0.000374 -0.029823 0.038561
v 0.000891 -0.027330 0.039915
v 0.000865 -0.027795 0.041129
v -0.000272 -0.027965 0.041735
v -0.001383 -0.027671 0.041129
v -0.001358 -0.027206 0.039915
v -0.000374 -0.029823 0.038561
v -0.000221 -0.027035 0.039308
v 0.001010 -0.025162 0.041068
v 0.000968 -0.025927 0.042117
v -0.000177 -0.026248 0.042642
v -0.001280 -0.025804 0.042117
v -0.001238 -0.025038 0.041068
v -0.000221 -0.027035 0.039308
v -0.000093 -0.024717 0.040543
v 0.001091 -0.023692 0.042609
v 0.001030 -0.024798 0.043288
v -0.000124 -0.025290 0.043628
v -0.001218 -0.024674 0.043288
v -0.001157 -0.023568 0.042609
v -0.000093 -0.024717 0.040543
v -0.000003 -0.023076 0.042269
v 0.001122 -0.023140 0.044455
v 0.001050 -0.024438 0.044464
v -0.000110 -0.025025 0.044469
v -0.001198 -0.024314 0.044464
v -0.001127 -0.023016 0.044455
v -0.000003 -0.023076 0.042269
v -0.000001 -0.023046 0.046641
v 0.000033 -0.022429 0.044451
v 0.001093 -0.023665 0.046310
v 0.001031 -0.024781 0.045645
v -0.001217 -0.024657 0.045645
v -0.001156 -0.023542 0.046310
v -0.000001 -0.023046 0.046641
v 0.000033 -0.022429 0.044451
v -0.000090 -0.024663 0.048391
v 0.001013 -0.025114 0.047871
v 0.000970 -0.025894 0.046833
v -0.000124 -0.025278 0.045313
v -0.001279 -0.025771 0.046833
v -0.001236 -0.024990 0.047871
v -0.000090 -0.024663 0.048391
v -0.000217 -0.026964 0.049657
v 0.000894 -0.027266 0.049054
v 0.000868 -0.027748 0.047847
v -0.000176 -0.026223 0.046313
v -0.001381 -0.027624 0.047847
v -0.001354 -0.027143 0.049054
v -0.000217 -0.026964 0.049657
v -0.000369 -0.029741 0.050443
v 0.000748 -0.029919 0.049803
v 0.000736 -0.030151 0.048524
v -0.000270 -0.027926 0.047243
v -0.001513 -0.030027 0.048524
v -0.001500 -0.029796 0.049803
v -0.000369 -0.029741 0.050443
v -0.000536 -0.032770 0.050723
v 0.000588 -0.032836 0.050073
v 0.000587 -0.032846 0.048773
v -0.000395 -0.030206 0.047884
v -0.001661 -0.032722 0.048773
v -0.001661 -0.032713 0.050073
v -0.000536 -0.032770 0.050723
v 0.003719 -0.044621 0.044603
v 0.002771 -0.046616 0.043491
v 0.003070 -0.044593 0.043478
v 0.001508 -0.046306 0.043490
v 0.001772 -0.044521 0.043478
v 0.000877 -0.046142 0.044615
v 0.001123 -0.044478 0.044603
v 0.001772 -0.044506 0.045729
v 0.001509 -0.046290 0.045742
v 0.003070 -0.044578 0.045729
v 0.002772 -0.046600 0.045744
v 0.003719 -0.044621 0.044603
v 0.003402 -0.046764 0.044619
v 0.002117 -0.048444 0.043505
v 0.000950 -0.047874 0.043501
v 0.000366 -0.047580 0.044625
v 0.000951 -0.047857 0.045753
v 0.002118 -0.048428 0.045756
v 0.003402 -0.046764 0.044619
v 0.002702 -0.048721 0.044632
v 0.001148 -0.049917 0.043515
v 0.000178 -0.049051 0.043510
v -0.000306 -0.048610 0.044633
v 0.000179 -0.049035 0.045761
v 0.001149 -0.049901 0.045767
v 0.002702 -0.048721 0.044632
v 0.001633 -0.050343 0.044644
v -0.000101 -0.050892 0.043523
v -0.000673 -0.049725 0.043515
v -0.000958 -0.049133 0.044637
v -0.000672 -0.049709 0.045766
v -0.000101 -0.050877 0.045774
v 0.001633 -0.050343 0.044644
v 0.000184 -0.051467 0.044653
v -0.001550 -0.051199 0.043525
v -0.001479 -0.049901 0.043516
v -0.001443 -0.049244 0.044638
v -0.001478 -0.049885 0.045768
v -0.001550 -0.051184 0.045777
v 0.000184 -0.051467 0.044653
v -0.003304 -0.051275 0.044653
v -0.001586 -0.051840 0.044656
v -0.002957 -0.050735 0.043523
v -0.002261 -0.049637 0.043515
v -0.002260 -0.049621 0.045766
v -0.002956 -0.050719 0.045774
v -0.003304 -0.051275 0.044653
v -0.001586 -0.051840 0.044656
v -0.004621 -0.049999 0.044644
v -0.004092 -0.049629 0.043515
v -0.003033 -0.048874 0.043510
v -0.001913 -0.049080 0.044637
v -0.003032 -0.048858 0.045761
v -0.004091 -0.049613 0.045767
v -0.004621 -0.049999 0.044644
v -0.005505 -0.048269 0.044632
v -0.004894 -0.048058 0.043505
v -0.003671 -0.047619 0.043501
v -0.002504 -0.048489 0.044633
v -0.003670 -0.047603 0.045753
v -0.004893 -0.048042 0.045756
v -0.005505 -0.048269 0.044632
v -0.005986 -0.046247 0.044619
v -0.005343 -0.046170 0.043491
v -0.004053 -0.046000 0.043490
v -0.003058 -0.047391 0.044625
v -0.004053 -0.045984 0.045742
v -0.005342 -0.046154 0.045744
v -0.005986 -0.046247 0.044619
v -0.006066 -0.044082 0.044603
v -0.005418 -0.044126 0.043478
v -0.004120 -0.044197 0.043478
v -0.003408 -0.045907 0.044615
v -0.004119 -0.044182 0.045729
v -0.005417 -0.044110 0.045729
v -0.006066 -0.044082 0.044603
v -0.005119 -0.042103 0.043464
v -0.003856 -0.042414 0.043465
v -0.003224 -0.042561 0.044592
v -0.003470 -0.044225 0.044603
v -0.003855 -0.042398 0.045717
v -0.005118 -0.042087 0.045715
v -0.005749 -0.041940 0.044588
v -0.004466 -0.040276 0.043450
v -0.003298 -0.040846 0.043454
v -0.002713 -0.041123 0.044582
v -0.003297 -0.040830 0.045706
v -0.004465 -0.040260 0.045702
v -0.005749 -0.041940 0.044588
v -0.005049 -0.039982 0.044575
v -0.003496 -0.038802 0.043440
v -0.002526 -0.039668 0.043446
v -0.002042 -0.040094 0.044574
v -0.002525 -0.039653 0.045697
v -0.003495 -0.038786 0.045691
v -0.005049 -0.039982 0.044575
v -0.003981 -0.038361 0.044563
v -0.002247 -0.037827 0.043432
v -0.001675 -0.038995 0.043441
v -0.001389 -0.039571 0.044571
v -0.001674 -0.038979 0.045692
v -0.002246 -0.037811 0.045685
v -0.003981 -0.038361 0.044563
v -0.002532 -0.037236 0.044555
v -0.000798 -0.037519 0.043430
v -0.000869 -0.038818 0.043439
v -0.000904 -0.039459 0.044569
v -0.000868 -0.038803 0.045691
v -0.000797 -0.037504 0.045681
v -0.002532 -0.037236 0.044555
v 0.000957 -0.037428 0.044555
v -0.000761 -0.036863 0.044552
v 0.000609 -0.037984 0.043432
v -0.000087 -0.039083 0.043441
v -0.000086 -0.039066 0.045692
v 0.000610 -0.037968 0.045685
v 0.000957 -0.037428 0.044555
v -0.000761 -0.036863 0.044552
v 0.002274 -0.038705 0.044563
v 0.001744 -0.039090 0.043440
v 0.000685 -0.039845 0.043446
v -0.000435 -0.039623 0.044571
v 0.000686 -0.039830 0.045697
v 0.001745 -0.039075 0.045691
v 0.002274 -0.038705 0.044563
v 0.003158 -0.040434 0.044575
v 0.002546 -0.040661 0.043450
v 0.001323 -0.041100 0.043454
v 0.000156 -0.040215 0.044574
v 0.001324 -0.041085 0.045706
v 0.002547 -0.040646 0.045702
v 0.003158 -0.040434 0.044575
v 0.003639 -0.042457 0.044588
v 0.002995 -0.042549 0.043464
v 0.001705 -0.042720 0.043465
v 0.000711 -0.041312 0.044582
v 0.001706 -0.042704 0.045717
v 0.002996 -0.042534 0.045715
v 0.003639 -0.042457 0.044588
v 0.003719 -0.044621 0.044603
v 0.003070 -0.044593 0.043478
v 0.001772 -0.044521 0.043478
v 0.001061 -0.042797 0.044592
v 0.001772 -0.044506 0.045729
v 0.003070 -0.044578 0.045729
v 0.003719 -0.044621 0.044603
v -0.001806 -0.055847 0.050884
v -0.000843 -0.058835 0.050004
v -0.000682 -0.055914 0.050233
v -0.000831 -0.058620 0.048722
v -0.000683 -0.055923 0.048933
v -0.001950 -0.058451 0.048081
v -0.001807 -0.055865 0.048283
v -0.002931 -0.055799 0.048933
v -0.003080 -0.058496 0.048722
v -0.002931 -0.055790 0.050233
v -0.003092 -0.058711 0.050004
v -0.001806 -0.055847 0.050884
v -0.001973 -0.058880 0.050645
v -0.000990 -0.061498 0.049292
v -0.000964 -0.061033 0.048078
v -0.002075 -0.060738 0.047471
v -0.003213 -0.060909 0.048078
v -0.003238 -0.061374 0.049292
v -0.001973 -0.058880 0.050645
v -0.002127 -0.061667 0.049899
v -0.001109 -0.063665 0.048140
v -0.001067 -0.062900 0.047090
v -0.002170 -0.062455 0.046565
v -0.003315 -0.062776 0.047090
v -0.003357 -0.063542 0.048140
v -0.002127 -0.061667 0.049899
v -0.002254 -0.063986 0.048665
v -0.001190 -0.065136 0.046598
v -0.001129 -0.064029 0.045919
v -0.002223 -0.063414 0.045579
v -0.003378 -0.063906 0.045919
v -0.003438 -0.065012 0.046598
v -0.002254 -0.063986 0.048665
v -0.002345 -0.065627 0.046937
v -0.001220 -0.065687 0.044751
v -0.001149 -0.064389 0.044742
v -0.002237 -0.063678 0.044738
v -0.003397 -0.064265 0.044742
v -0.003469 -0.065563 0.044751
v -0.002345 -0.065627 0.046937
v -0.002346 -0.065658 0.042566
v -0.002380 -0.066274 0.044756
v -0.001191 -0.065161 0.042898
v -0.001130 -0.064045 0.043562
v -0.003378 -0.063921 0.043562
v -0.003440 -0.065038 0.042898
v -0.002346 -0.065658 0.042566
v -0.002380 -0.066274 0.044756
v -0.002257 -0.064041 0.040816
v -0.001111 -0.063712 0.041335
v -0.001069 -0.062932 0.042375
v -0.002223 -0.063426 0.043894
v -0.003317 -0.062809 0.042375
v -0.003360 -0.063588 0.041335
v -0.002257 -0.064041 0.040816
v -0.002131 -0.061739 0.039550
v -0.000993 -0.061561 0.040153
v -0.000967 -0.061079 0.041361
v -0.002171 -0.062481 0.042894
v -0.003215 -0.060955 0.041361
v -0.003242 -0.061437 0.040153
v -0.002131 -0.061739 0.039550
v -0.001978 -0.058963 0.038764
v -0.000847 -0.058908 0.039404
v -0.000834 -0.058676 0.040682
v -0.002078 -0.060776 0.041964
v -0.003083 -0.058552 0.040682
v -0.003096 -0.058784 0.039404
v -0.001978 -0.058963 0.038764
v -0.001811 -0.055933 0.038484
v -0.000686 -0.055990 0.039134
v -0.000686 -0.055981 0.040434
v -0.001952 -0.058498 0.041322
v -0.002935 -0.055857 0.040434
v -0.002935 -0.055866 0.039134
v -0.001811 -0.055933 0.038484
v -0.000526 -0.053069 0.039363
v -0.000538 -0.053284 0.040645
v -0.001668 -0.053329 0.041286
v -0.001810 -0.055915 0.041084
v -0.002786 -0.053160 0.040645
v -0.002774 -0.052945 0.039363
v -0.001644 -0.052900 0.038722
v -0.000379 -0.050406 0.040075
v -0.000405 -0.050871 0.041289
v -0.001542 -0.051042 0.041896
v -0.002653 -0.050747 0.041289
v -0.002628 -0.050282 0.040075
v -0.001644 -0.052900 0.038722
v -0.001491 -0.050112 0.039469
v -0.000260 -0.048238 0.041228
v -0.000302 -0.049003 0.042278
v -0.001447 -0.049324 0.042803
v -0.002551 -0.048880 0.042278
v -0.002508 -0.048114 0.041228
v -0.001491 -0.050112 0.039469
v -0.001363 -0.047794 0.040702
v -0.000179 -0.046768 0.042769
v -0.000240 -0.047874 0.043449
v -0.001395 -0.048366 0.043789
v -0.002488 -0.047751 0.043449
v -0.002427 -0.046644 0.042769
v -0.001363 -0.047794 0.040702
v -0.001273 -0.046153 0.042430
v -0.000149 -0.046217 0.044616
v -0.000220 -0.047515 0.044625
v -0.001380 -0.048101 0.044630
v -0.002469 -0.047391 0.044625
v -0.002397 -0.046093 0.044616
v -0.001273 -0.046153 0.042430
v -0.001271 -0.046122 0.046801
v -0.001237 -0.045506 0.044611
v -0.000177 -0.046742 0.046470
v -0.000239 -0.047857 0.045806
v -0.002487 -0.047734 0.045806
v -0.002426 -0.046618 0.046470
v -0.001271 -0.046122 0.046801
v -0.001237 -0.045506 0.044611
v -0.001360 -0.047739 0.048552
v -0.000257 -0.048191 0.048033
v -0.000300 -0.048971 0.046993
v -0.001394 -0.048354 0.045474
v -0.002549 -0.048847 0.046993
v -0.002506 -0.048067 0.048033
v -0.001360 -0.047739 0.048552
v -0.001487 -0.050040 0.049818
v -0.000376 -0.050343 0.049215
v -0.000402 -0.050825 0.048007
v -0.001446 -0.049299 0.046473
v -0.002651 -0.050701 0.048007
v -0.002624 -0.050219 0.049215
v -0.001487 -0.050040 0.049818
v -0.001640 -0.052817 0.050603
v -0.000522 -0.052996 0.049964
v -0.000534 -0.053228 0.048685
v -0.001540 -0.051003 0.047404
v -0.002783 -0.053104 0.048685
v -0.002770 -0.052872 0.049964
v -0.001640 -0.052817 0.050603
v -0.001806 -0.055847 0.050884
v -0.000682 -0.055914 0.050233
v -0.000683 -0.055923 0.048933
v -0.001665 -0.053283 0.048046
v -0.002931 -0.055799 0.048933
v -0.002931 -0.055790 0.050233
v -0.001806 -0.055847 0.050884
v 0.002449 -0.067698 0.044764
v 0.001501 -0.069693 0.043653
v 0.001799 -0.067669 0.043638
v 0.000238 -0.069382 0.043650
v 0.000501 -0.067598 0.043638
v -0.000393 -0.069219 0.044775
v -0.000147 -0.067555 0.044764
v 0.000502 -0.067583 0.045890
v 0.000239 -0.069366 0.045902
v 0.001800 -0.067654 0.045890
v 0.001502 -0.069677 0.045904
v 0.002449 -0.067698 0.044764
v 0.002132 -0.069840 0.044779
v 0.000847 -0.071520 0.043665
v -0.000320 -0.070950 0.043662
v -0.000904 -0.070656 0.044786
v -0.000319 -0.070934 0.045913
v 0.000848 -0.071504 0.045917
v 0.002132 -0.069840 0.044779
v 0.001432 -0.071797 0.044793
v -0.000122 -0.072994 0.043676
v -0.001092 -0.072127 0.043670
v -0.001576 -0.071686 0.044793
v -0.001091 -0.072112 0.045922
v -0.000121 -0.072978 0.045928
v 0.001432 -0.071797 0.044793
v 0.000363 -0.073419 0.044804
v -0.001371 -0.073968 0.043683
v -0.001943 -0.072801 0.043675
v -0.002228 -0.072209 0.044797
v -0.001942 -0.072785 0.045927
v -0.001371 -0.073953 0.045934
v 0.000363 -0.073419 0.044804
v -0.001086 -0.074545 0.044813
v -0.002821 -0.074275 0.043685
v -0.002749 -0.072977 0.043677
v -0.002713 -0.072321 0.044798
v -0.002748 -0.072962 0.045928
v -0.002820 -0.074260 0.045938
v -0.001086 -0.074545 0.044813
v -0.004574 -0.074353 0.044813
v -0.002856 -0.074916 0.044816
v -0.004227 -0.073811 0.043683
v -0.003531 -0.072714 0.043675
v -0.003530 -0.072697 0.045927
v -0.004226 -0.073796 0.045934
v -0.004574 -0.074353 0.044813
v -0.002856 -0.074916 0.044816
v -0.005891 -0.073075 0.044804
v -0.005362 -0.072705 0.043676
v -0.004303 -0.071950 0.043670
v -0.003183 -0.072157 0.044797
v -0.004302 -0.071935 0.045922
v -0.005361 -0.072689 0.045928
v -0.005891 -0.073075 0.044804
v -0.006775 -0.071345 0.044793
v -0.006164 -0.071134 0.043665
v -0.004941 -0.070695 0.043662
v -0.003774 -0.071565 0.044793
v -0.004940 -0.070679 0.045913
v -0.006163 -0.071118 0.045917
v -0.006775 -0.071345 0.044793
v -0.007256 -0.069323 0.044779
v -0.006613 -0.069246 0.043653
v -0.005324 -0.069076 0.043650
v -0.004329 -0.070468 0.044786
v -0.005323 -0.069060 0.045902
v -0.006612 -0.069230 0.045904
v -0.007256 -0.069323 0.044779
v -0.007336 -0.067159 0.044764
v -0.006688 -0.067202 0.043638
v -0.005390 -0.067273 0.043638
v -0.004678 -0.068983 0.044775
v -0.005389 -0.067259 0.045890
v -0.006687 -0.067187 0.045890
v -0.007336 -0.067159 0.044764
v -0.006389 -0.065180 0.043624
v -0.005126 -0.065490 0.043626
v -0.004494 -0.065638 0.044752
v -0.004740 -0.067302 0.044764
v -0.005125 -0.065474 0.045877
v -0.006388 -0.065164 0.045876
v -0.007019 -0.065016 0.044749
v -0.005736 -0.063352 0.043611
v -0.004568 -0.063923 0.043615
v -0.003984 -0.064200 0.044742
v -0.004567 -0.063906 0.045866
v -0.005735 -0.063336 0.045863
v -0.007019 -0.065016 0.044749
v -0.006319 -0.063059 0.044735
v -0.004766 -0.061879 0.043600
v -0.003796 -0.062745 0.043607
v -0.003312 -0.063170 0.044735
v -0.003795 -0.062729 0.045858
v -0.004765 -0.061863 0.045852
v -0.006319 -0.063059 0.044735
v -0.005251 -0.061437 0.044724
v -0.003517 -0.060903 0.043594
v -0.002945 -0.062071 0.043601
v -0.002659 -0.062647 0.044731
v -0.002944 -0.062055 0.045853
v -0.003516 -0.060888 0.045844
v -0.005251 -0.061437 0.044724
v -0.003802 -0.060312 0.044715
v -0.002068 -0.060596 0.043590
v -0.002139 -0.061894 0.043600
v -0.002174 -0.062536 0.044730
v -0.002138 -0.061879 0.045851
v -0.002067 -0.060581 0.045843
v -0.003802 -0.060312 0.044715
v -0.000313 -0.060504 0.044715
v -0.002032 -0.059940 0.044712
v -0.000661 -0.061061 0.043594
v -0.001357 -0.062159 0.043601
v -0.001357 -0.062143 0.045853
v -0.000660 -0.061045 0.045844
v -0.000313 -0.060504 0.044715
v -0.002032 -0.059940 0.044712
v 0.001004 -0.061781 0.044724
v 0.000474 -0.062167 0.043600
v -0.000585 -0.062921 0.043607
v -0.001705 -0.062699 0.044731
v -0.000584 -0.062906 0.045858
v 0.000475 -0.062151 0.045852
v 0.001004 -0.061781 0.044724
v 0.001888 -0.063511 0.044735
v 0.001276 -0.063738 0.043611
v 0.000053 -0.064177 0.043615
v -0.001114 -0.063291 0.044735
v 0.000054 -0.064161 0.045866
v 0.001277 -0.063722 0.045863
v 0.001888 -0.063511 0.044735
v 0.002369 -0.065533 0.044749
v 0.001725 -0.065626 0.043624
v 0.000435 -0.065797 0.043626
v -0.000559 -0.064389 0.044742
v 0.000436 -0.065780 0.045877
v 0.001726 -0.065610 0.045876
v 0.002369 -0.065533 0.044749
v 0.002449 -0.067698 0.044764
v 0.001799 -0.067669 0.043638
v 0.000501 -0.067598 0.043638
v -0.000209 -0.065873 0.044752
v 0.000502 -0.067583 0.045890
v 0.001800 -0.067654 0.045890
v 0.002449 -0.067698 0.044764
v -0.003076 -0.078923 0.051044
v -0.002113 -0.081911 0.050165
v -0.001952 -0.078990 0.050394
v -0.002101 -0.081696 0.048883
v -0.001953 -0.078999 0.049094
v -0.003220 -0.081527 0.048241
v -0.003077 -0.078941 0.048445
v -0.004201 -0.078875 0.049094
v -0.004350 -0.081573 0.048883
v -0.004201 -0.078866 0.050394
v -0.004362 -0.081787 0.050165
v -0.003076 -0.078923 0.051044
v -0.003243 -0.081957 0.050806
v -0.002260 -0.084574 0.049452
v -0.002234 -0.084109 0.048238
v -0.003346 -0.083815 0.047632
v -0.004483 -0.083985 0.048238
v -0.004508 -0.084450 0.049452
v -0.003243 -0.081957 0.050806
v -0.003397 -0.084744 0.050060
v -0.002379 -0.086741 0.048300
v -0.002337 -0.085976 0.047251
v -0.003440 -0.085532 0.046725
v -0.004585 -0.085852 0.047251
v -0.004628 -0.086618 0.048300
v -0.003397 -0.084744 0.050060
v -0.003524 -0.087062 0.048825
v -0.002460 -0.088212 0.046758
v -0.002399 -0.087106 0.046079
v -0.003493 -0.086490 0.045739
v -0.004648 -0.086982 0.046079
v -0.004708 -0.088088 0.046758
v -0.003524 -0.087062 0.048825
v -0.003615 -0.088704 0.047098
v -0.002490 -0.088764 0.044912
v -0.002419 -0.087465 0.044903
v -0.003507 -0.086754 0.044899
v -0.004667 -0.087341 0.044903
v -0.004739 -0.088640 0.044912
v -0.003615 -0.088704 0.047098
v -0.003616 -0.088734 0.042727
v -0.003650 -0.089351 0.044916
v -0.002461 -0.088238 0.043058
v -0.002400 -0.087123 0.043722
v -0.004649 -0.086999 0.043722
v -0.004710 -0.088115 0.043058
v -0.003616 -0.088734 0.042727
v -0.003650 -0.089351 0.044916
v -0.003527 -0.087117 0.040976
v -0.002382 -0.086788 0.041496
v -0.002339 -0.086009 0.042535
v -0.003493 -0.086502 0.044054
v -0.004587 -0.085886 0.042535
v -0.004630 -0.086665 0.041496
v -0.003527 -0.087117 0.040976
v -0.003401 -0.084816 0.039709
v -0.002263 -0.084637 0.040314
v -0.002237 -0.084155 0.041521
v -0.003441 -0.085557 0.043054
v -0.004485 -0.084032 0.041521
v -0.004512 -0.084514 0.040314
v -0.003401 -0.084816 0.039709
v -0.003248 -0.082039 0.038925
v -0.002117 -0.081984 0.039564
v -0.002104 -0.081752 0.040843
v -0.003348 -0.083853 0.042124
v -0.004353 -0.081628 0.040843
v -0.004366 -0.081861 0.039564
v -0.003248 -0.082039 0.038925
v -0.003081 -0.079010 0.038645
v -0.001957 -0.079067 0.039294
v -0.001956 -0.079057 0.040595
v -0.003222 -0.081574 0.041483
v -0.004205 -0.078934 0.040595
v -0.004205 -0.078943 0.039294
v -0.003081 -0.079010 0.038645
v -0.001796 -0.076145 0.039523
v -0.001808 -0.076360 0.040806
v -0.002938 -0.076405 0.041447
v -0.003080 -0.078992 0.041244
v -0.004056 -0.076237 0.040806
v -0.004044 -0.076021 0.039523
v -0.002914 -0.075976 0.038883
v -0.001649 -0.073483 0.040237
v -0.001675 -0.073947 0.041450
v -0.002812 -0.074118 0.042057
v -0.003923 -0.073823 0.041450
v -0.003898 -0.073359 0.040237
v -0.002914 -0.075976 0.038883
v -0.002761 -0.073189 0.039629
v -0.001530 -0.071315 0.041388
v -0.001572 -0.072080 0.042437
v -0.002717 -0.072401 0.042962
v -0.003821 -0.071957 0.042437
v -0.003778 -0.071191 0.041388
v -0.002761 -0.073189 0.039629
v -0.002633 -0.070870 0.040863
v -0.001449 -0.069844 0.042931
v -0.001510 -0.070951 0.043610
v -0.002665 -0.071442 0.043949
v -0.003758 -0.070827 0.043610
v -0.003698 -0.069721 0.042931
v -0.002633 -0.070870 0.040863
v -0.002543 -0.069229 0.042591
v -0.001419 -0.069293 0.044777
v -0.001490 -0.070591 0.044785
v -0.002650 -0.071179 0.044790
v -0.003739 -0.070468 0.044785
v -0.003667 -0.069169 0.044777
v -0.002543 -0.069229 0.042591
v -0.002541 -0.069199 0.046962
v -0.002507 -0.068582 0.044772
v -0.001448 -0.069819 0.046630
v -0.001509 -0.070935 0.045966
v -0.003758 -0.070811 0.045966
v -0.003696 -0.069695 0.046630
v -0.002541 -0.069199 0.046962
v -0.002507 -0.068582 0.044772
v -0.002630 -0.070815 0.048712
v -0.001527 -0.071268 0.048192
v -0.001570 -0.072048 0.047154
v -0.002664 -0.071430 0.045634
v -0.003819 -0.071924 0.047154
v -0.003776 -0.071144 0.048192
v -0.002630 -0.070815 0.048712
v -0.002757 -0.073117 0.049978
v -0.001646 -0.073419 0.049375
v -0.001672 -0.073901 0.048167
v -0.002716 -0.072376 0.046634
v -0.003921 -0.073777 0.048167
v -0.003894 -0.073296 0.049375
v -0.002757 -0.073117 0.049978
v -0.002910 -0.075893 0.050764
v -0.001792 -0.076072 0.050124
v -0.001804 -0.076304 0.048845
v -0.002810 -0.074080 0.047564
v -0.004053 -0.076180 0.048845
v -0.004040 -0.075948 0.050124
v -0.002910 -0.075893 0.050764
v -0.003076 -0.078923 0.051044
v -0.001952 -0.078990 0.050394
v -0.001953 -0.078999 0.049094
v -0.002935 -0.076359 0.048206
v -0.004201 -0.078875 0.049094
v -0.004201 -0.078866 0.050394
v -0.003076 -0.078923 0.051044
v 0.039290 -0.001553 0.003791
v 0.039290 -0.001553 0.003791
v 0.017466 -0.001266 0.037942
v -0.014973 0.000520 0.037942
v 0.017466 -0.001266 0.037942
v -0.018446 0.001643 0.035141
v -0.021067 -0.005199 0.038742
v -0.018446 0.001643 0.035141
v 0.021042 -0.000531 0.035141
v 0.023281 -0.000630 0.038694
v 0.021689 0.000541 0.036064
v 0.022755 0.000495 0.037755
v 0.022896 -0.007619 0.038742
v -0.018446 0.001643 0.035141
v -0.018831 -0.005347 0.035189
v -0.019477 -0.006406 0.036127
v -0.020542 -0.006336 0.037819
v -0.021067 -0.005199 0.038742
v 0.021129 -0.008650 0.042185
v 0.021706 0.001834 0.042113
v 0.023584 0.001727 0.041502
v 0.024744 0.001652 0.039901
v 0.023582 0.001691 0.036324
v 0.021704 0.001791 0.035713
v 0.019826 0.001898 0.036324
v 0.018665 0.001973 0.037924
v 0.023007 -0.008757 0.041574
v 0.021129 -0.008650 0.042185
v 0.019251 -0.008550 0.041574
v 0.018089 -0.008497 0.039974
v 0.019249 -0.008586 0.036396
v 0.023005 -0.008793 0.036396
v 0.024167 -0.008832 0.039974
v -0.019423 -0.006418 0.042185
v -0.020725 0.004165 0.041502
v -0.018846 0.004066 0.042113
v -0.015808 0.003884 0.039901
v -0.016971 0.003923 0.036324
v -0.018849 0.004023 0.035713
v -0.020727 0.004130 0.036324
v -0.021886 0.004219 0.039901
v -0.019423 -0.006418 0.042185
v -0.021302 -0.006318 0.041574
v -0.022463 -0.006265 0.039974
v -0.022463 -0.006280 0.037997
v -0.021304 -0.006354 0.036396
v -0.017548 -0.006561 0.036396
v -0.016385 -0.006600 0.039974
v 0.000484 -0.014241 0.046844
v 0.002393 -0.021402 0.044443
v -0.000537 -0.032788 0.048123
v 0.001123 -0.044478 0.044603
v -0.001807 -0.055865 0.048283
v -0.000147 -0.067555 0.044764
v -0.003077 -0.078941 0.048445
vn -0.8971 0.4021 0.1831
vn -0.2472 0.9689 -0.0067
vn -0.9881 0.1541 -0.0007
vn -0.2496 0.9681 -0.0221
vn 0.3616 0.9323 -0.0066
vn 0.3629 0.9317 0.0136
vn 0.9988 0.0490 -0.0007
vn 0.9826 -0.1513 0.1076
vn 0.9874 -0.1582 0.0008
vn 0.2558 -0.9659 0.0399
vn 0.2574 -0.9663 0.0067
vn -0.3503 -0.9363 -0.0250
vn -0.3522 -0.9359 0.0067
vn -0.9934 -0.0475 -0.1040
vn -0.9990 -0.0447 0.0007
vn -0.9192 0.3886 0.0638
vn -0.2456 0.9675 -0.0606
vn 0.3577 0.9323 0.0529
vn 0.9366 0.3017 -0.1782
vn 0.8873 0.1417 0.4389
vn 0.2480 -0.9653 0.0818
vn -0.3428 -0.9371 -0.0657
vn -0.9695 -0.0555 -0.2389
vn -0.9192 0.3887 0.0638
vn -0.9214 0.3804 -0.0802
vn -0.2348 0.9667 -0.1021
vn 0.3470 0.9330 0.0953
vn 0.8099 0.1526 0.5663
vn 0.7691 -0.4051 0.4944
vn 0.2344 -0.9642 0.1242
vn -0.3290 -0.9383 -0.1068
vn -0.9248 -0.0581 -0.3761
vn -0.2041 0.9657 -0.1603
vn 0.3179 0.9358 0.1520
vn 0.8593 0.0531 0.5088
vn 0.6892 -0.4011 0.6034
vn 0.8735 -0.1529 0.4621
vn 0.2025 -0.9605 0.1909
vn -0.3028 -0.9395 -0.1602
vn -0.9441 -0.1563 -0.2901
vn -0.9213 0.3804 -0.0802
vn -0.6028 0.3583 -0.7129
vn -0.1785 0.9638 -0.1979
vn 0.2917 0.9374 0.1903
vn 0.7738 0.0643 0.6301
vn 0.7633 -0.1339 0.6320
vn 0.1724 -0.9583 0.2280
vn -0.2750 -0.9411 -0.1969
vn -0.8895 -0.1613 -0.4275
vn -0.4844 0.3589 -0.7978
vn -0.1479 0.9616 -0.2311
vn 0.2607 0.9390 0.2243
vn 0.6726 0.0668 0.7370
vn 0.7016 -0.1373 0.6992
vn 0.1376 -0.9559 0.2593
vn -0.2430 -0.9426 -0.2291
vn -0.8165 -0.1633 -0.5537
vn -0.4844 0.3590 -0.7978
vn -0.3611 0.3597 -0.8604
vn -0.1139 0.9592 -0.2586
vn 0.2260 0.9408 0.2526
vn 0.5603 0.0733 0.8250
vn 0.5940 -0.1304 0.7938
vn 0.1004 -0.9535 0.2843
vn -0.2075 -0.9444 -0.2551
vn -0.7141 0.3843 -0.5851
vn -0.0779 0.9569 -0.2798
vn 0.1892 0.9427 0.2748
vn 0.4422 0.0779 0.8935
vn 0.4778 -0.1265 0.8693
vn 0.0621 -0.9510 0.3028
vn -0.1702 -0.9465 -0.2742
vn -0.2709 -0.3405 -0.9004
vn -0.6234 -0.1729 -0.7626
vn -0.0999 0.3557 -0.9292
vn -0.0414 0.9548 -0.2945
vn 0.1516 0.9448 0.2903
vn 0.3231 0.0877 0.9423
vn 0.3124 -0.1093 0.9437
vn 0.0243 -0.9489 0.3147
vn -0.1333 -0.9485 -0.2874
vn -0.5162 -0.1746 -0.8385
vn -0.1000 0.3557 -0.9292
vn 0.0206 0.3518 -0.9358
vn -0.0060 0.9530 -0.3030
vn 0.1151 0.9469 0.3001
vn 0.2070 0.0979 0.9734
vn 0.1961 -0.1010 0.9754
vn -0.0120 -0.9471 0.3207
vn -0.0977 -0.9508 -0.2940
vn -0.4088 -0.1744 -0.8958
vn 0.0206 0.3519 -0.9358
vn 0.1275 0.3474 -0.9290
vn 0.0273 0.9515 -0.3064
vn 0.0798 0.9493 0.3042
vn 0.0943 0.1004 0.9905
vn 0.1276 -0.1063 0.9861
vn -0.0459 -0.9457 0.3218
vn -0.0649 -0.9531 -0.2957
vn -0.3445 0.3636 -0.8655
vn -0.3445 0.3637 -0.8655
vn 0.0523 0.9504 -0.3066
vn 0.0523 0.9512 0.3041
vn 0.0063 0.1140 0.9935
vn -0.0053 -0.0959 0.9954
vn -0.0693 -0.9452 0.3190
vn -0.0416 -0.9549 -0.2940
vn 0.1884 -0.3751 -0.9076
vn -0.2721 0.3825 -0.8830
vn -0.1904 0.3670 -0.9105
vn 0.0619 0.9488 -0.3098
vn 0.0364 0.9513 0.3061
vn -0.2594 0.1771 0.9494
vn -0.0795 -0.9450 0.3171
vn -0.0275 -0.9556 -0.2932
vn 0.0759 -0.1157 -0.9904
vn 0.2675 -0.3945 -0.8791
vn -0.0886 0.3593 -0.9290
vn 0.0925 0.9464 -0.3094
vn 0.0035 0.9527 0.3040
vn -0.2060 -0.0789 0.9754
vn -0.3817 -0.3356 0.8612
vn -0.1148 -0.9427 0.3131
vn 0.0058 -0.9571 -0.2898
vn 0.1850 -0.1171 -0.9757
vn 0.0182 0.3520 -0.9358
vn 0.1278 0.9442 -0.3037
vn -0.0324 0.9545 0.2964
vn 0.1041 0.3332 0.9371
vn -0.4950 0.2166 0.8415
vn -0.1515 -0.9407 0.3036
vn 0.0413 -0.9587 -0.2814
vn 0.3006 -0.1247 -0.9456
vn 0.0181 0.3520 -0.9358
vn 0.1384 0.3426 -0.9292
vn 0.1650 0.9421 -0.2919
vn -0.0699 0.9565 0.2834
vn -0.6048 0.2259 0.7637
vn -0.5716 -0.3267 0.7527
vn -0.1889 -0.9388 0.2880
vn 0.0775 -0.9607 -0.2664
vn 0.4203 -0.1313 -0.8978
vn 0.1384 0.3426 -0.9293
vn 0.2623 0.3304 -0.9067
vn 0.2025 0.9403 -0.2735
vn -0.1072 0.9586 0.2638
vn -0.5596 -0.0621 0.8264
vn -0.6610 -0.3230 0.6773
vn -0.2257 -0.9372 0.2658
vn 0.1138 -0.9627 -0.2455
vn 0.5399 -0.1413 -0.8298
vn 0.2622 0.3304 -0.9067
vn 0.3984 0.3179 -0.8604
vn 0.2386 0.9388 -0.2483
vn -0.1433 0.9607 0.2378
vn -0.2549 0.3493 0.9017
vn -0.6720 -0.0565 0.7384
vn -0.2603 -0.9359 0.2375
vn 0.1480 -0.9647 -0.2179
vn 0.6556 -0.1400 -0.7420
vn 0.5209 0.3036 -0.7978
vn 0.2718 0.9376 -0.2169
vn -0.1763 0.9626 0.2059
vn -0.3783 0.3611 0.8524
vn -0.7734 -0.0493 0.6320
vn -0.2917 -0.9346 0.2036
vn 0.1782 -0.9665 -0.1846
vn 0.7589 -0.1486 -0.6340
vn 0.6384 0.2899 -0.7130
vn 0.3005 0.9365 -0.1806
vn -0.2051 0.9640 0.1691
vn -0.4987 0.3747 0.7816
vn -0.9221 0.2527 0.2929
vn -0.3178 -0.9337 0.1652
vn 0.2040 -0.9679 -0.1471
vn 0.8463 -0.1528 -0.5103
vn 0.6384 0.2900 -0.7130
vn 0.7429 0.2787 -0.6086
vn 0.3234 0.9357 -0.1409
vn -0.2289 0.9649 0.1287
vn -0.9247 -0.0430 0.3783
vn -0.9232 -0.3171 0.2170
vn -0.3387 -0.9326 0.1242
vn 0.2240 -0.9687 -0.1068
vn 0.9128 -0.1591 -0.3762
vn 0.3428 0.9361 -0.0790
vn -0.2478 0.9664 0.0686
vn -0.9582 0.1541 0.2411
vn -0.6949 0.3959 0.6003
vn -0.9691 -0.0446 0.2425
vn -0.3623 -0.9303 0.0570
vn 0.2429 -0.9686 -0.0523
vn 0.8019 0.3233 -0.5024
vn 0.3503 0.9359 -0.0383
vn -0.2558 0.9664 0.0268
vn -0.9817 0.1581 0.1064
vn -0.9933 -0.0426 0.1077
vn -0.3663 -0.9304 0.0159
vn 0.2485 -0.9686 -0.0117
vn 0.9027 -0.4248 0.0679
vn 0.9153 -0.2434 -0.3210
vn 0.9358 0.3012 0.1831
vn 0.3521 0.9360 -0.0067
vn -0.2571 0.9664 -0.0066
vn -0.9874 0.1583 -0.0007
vn -0.9978 -0.0514 0.0417
vn -0.3638 -0.9314 -0.0132
vn 0.2482 -0.9685 0.0184
vn 0.8986 0.3242 -0.2958
vn 0.9348 0.2976 -0.1940
vn 0.8986 0.3241 -0.2958
vn 0.3543 0.9351 0.0089
vn -0.2583 0.9657 -0.0267
vn -0.9295 0.2143 -0.3003
vn -0.3602 -0.9325 -0.0267
vn 0.2454 -0.9687 0.0383
vn 0.9813 -0.1609 0.1054
vn 0.8578 -0.4205 0.2955
vn 0.9563 0.2849 -0.0656
vn 0.3503 0.9354 0.0474
vn -0.2533 0.9651 -0.0661
vn -0.9694 -0.0454 -0.2412
vn -0.8703 -0.3177 -0.3765
vn -0.3525 -0.9333 -0.0686
vn 0.2380 -0.9680 0.0790
vn 0.9583 -0.1543 0.2404
vn 0.9569 0.2794 0.0795
vn 0.3394 0.9365 0.0888
vn -0.2427 0.9640 -0.1085
vn -0.9141 0.4026 0.0488
vn -0.7879 0.2310 -0.5708
vn -0.3387 -0.9343 -0.1110
vn 0.2241 -0.9671 0.1201
vn 0.9136 -0.1508 0.3777
vn 0.3091 0.9396 0.1471
vn -0.2133 0.9629 -0.1652
vn -0.8483 0.1425 -0.5100
vn -0.8592 -0.0556 -0.5086
vn -0.7318 -0.3317 -0.5954
vn -0.3069 -0.9350 -0.1778
vn 0.1979 -0.9648 0.1734
vn 0.9244 0.3256 0.1987
vn 0.9244 0.3255 0.1987
vn 0.2833 0.9411 0.1846
vn -0.1873 0.9610 -0.2036
vn -0.7630 0.1366 -0.6318
vn -0.7739 -0.0607 -0.6304
vn -0.2766 -0.9367 -0.2147
vn 0.1704 -0.9627 0.2102
vn 0.5828 -0.4008 0.7069
vn 0.8870 0.3192 0.3338
vn 0.2529 0.9427 0.2179
vn -0.1561 0.9588 -0.2375
vn -0.6617 0.1300 -0.7384
vn -0.6726 -0.0669 -0.7370
vn -0.2419 -0.9386 -0.2460
vn 0.1381 -0.9604 0.2422
vn 0.4762 -0.3864 0.7899
vn 0.7943 -0.2445 0.5562
vn 0.3989 0.3299 0.8556
vn 0.2186 0.9445 0.2454
vn -0.1214 0.9564 -0.2657
vn -0.5495 0.1232 -0.8264
vn -0.5603 -0.0735 -0.8250
vn -0.2047 -0.9406 -0.2710
vn 0.1026 -0.9579 0.2682
vn 0.7524 0.3116 0.5804
vn 0.3990 0.3300 0.8555
vn 0.1827 0.9463 0.2667
vn -0.0849 0.9538 -0.2881
vn -0.4315 0.1159 -0.8946
vn -0.4423 -0.0802 -0.8933
vn -0.1665 -0.9425 -0.2897
vn 0.0657 -0.9555 0.2877
vn 0.2322 -0.3560 0.9052
vn 0.6014 -0.2292 0.7654
vn 0.1393 0.3553 0.9243
vn 0.1461 0.9484 0.2813
vn -0.0474 0.9516 -0.3036
vn -0.3120 0.1127 -0.9434
vn -0.3231 -0.0851 -0.9425
vn -0.1285 -0.9448 -0.3015
vn 0.0286 -0.9534 0.3004
vn 0.4946 -0.2189 0.8411
vn 0.0190 0.3648 0.9309
vn 0.1108 0.9506 0.2898
vn -0.0106 0.9497 -0.3131
vn -0.1961 0.1010 -0.9754
vn -0.2543 -0.0988 -0.9621
vn -0.0922 -0.9471 -0.3074
vn -0.0070 -0.9516 0.3072
vn 0.3881 -0.2057 0.8984
vn 0.0189 0.3648 0.9309
vn -0.0880 0.3723 0.9239
vn 0.0775 0.9529 0.2932
vn 0.0247 0.9481 -0.3171
vn -0.0833 0.1014 -0.9914
vn -0.0943 -0.1005 -0.9905
vn -0.0584 -0.9493 -0.3088
vn -0.0399 -0.9503 0.3089
vn 0.3847 0.3354 0.8600
vn 0.3847 0.3354 0.8599
vn 0.0525 0.9546 0.2933
vn 0.0521 0.9468 -0.3175
vn 0.0053 0.0959 -0.9954
vn -0.0427 -0.1142 -0.9925
vn -0.0350 -0.9514 -0.3060
vn -0.0632 -0.9495 0.3072
vn -0.2255 -0.3402 0.9129
vn 0.1836 -0.1697 0.9682
vn 0.2321 0.3562 0.9051
vn -0.2680 0.3949 0.8788
vn 0.0428 0.9541 0.2965
vn 0.0680 0.9453 -0.3190
vn 0.0827 -0.1103 -0.9905
vn -0.0249 -0.9523 -0.3041
vn -0.0773 -0.9488 0.3064
vn -0.0875 -0.0956 0.9916
vn 0.2321 0.3561 0.9052
vn 0.1284 0.3603 0.9239
vn 0.0121 0.9550 0.2962
vn 0.1008 0.9430 -0.3171
vn -0.1734 0.3478 -0.9214
vn 0.4033 0.1456 -0.9034
vn 0.0104 -0.9539 -0.2998
vn -0.1106 -0.9465 0.3031
vn -0.1960 -0.0824 0.9771
vn 0.0212 0.3647 0.9309
vn -0.0231 0.9566 0.2905
vn 0.1367 0.9409 -0.3098
vn 0.3118 -0.1200 -0.9425
vn 0.4345 -0.3935 -0.8101
vn 0.0471 -0.9557 -0.2905
vn -0.1459 -0.9445 0.2945
vn -0.3117 -0.0782 0.9470
vn -0.0995 0.3684 0.9243
vn -0.0604 0.9584 0.2788
vn 0.1743 0.9390 -0.2966
vn 0.0476 0.3184 -0.9468
vn 0.6237 0.1493 -0.7673
vn 0.0847 -0.9577 -0.2749
vn -0.1825 -0.9425 0.2799
vn -0.4317 -0.0714 0.8992
vn -0.0994 0.3684 0.9243
vn -0.2238 0.3698 0.9017
vn -0.0978 0.9606 0.2602
vn 0.2115 0.9374 -0.2769
vn 0.7252 0.1493 -0.6721
vn 0.6238 -0.4026 -0.6699
vn 0.1213 -0.9599 -0.2526
vn -0.2184 -0.9410 0.2586
vn -0.5515 -0.0699 0.8313
vn -0.3603 0.3717 0.8556
vn -0.1341 0.9627 0.2351
vn 0.2476 0.9358 -0.2511
vn 0.8151 0.1488 -0.5599
vn 0.7091 -0.4081 -0.5750
vn 0.1560 -0.9620 -0.2242
vn -0.2525 -0.9396 0.2310
vn -0.6664 -0.0570 0.7434
vn -0.4818 0.3689 0.7949
vn -0.1671 0.9647 0.2037
vn 0.2809 0.9344 -0.2192
vn 0.8889 0.1483 -0.4334
vn 0.7836 -0.4128 -0.4643
vn 0.1871 -0.9637 -0.1903
vn -0.2831 -0.9384 0.1979
vn -0.7700 -0.0600 0.6352
vn -0.6022 0.3683 0.7083
vn -0.1959 0.9662 0.1674
vn 0.3095 0.9333 -0.1822
vn 0.9433 0.1476 -0.2974
vn 0.8430 -0.4163 -0.3406
vn 0.2135 -0.9650 -0.1520
vn -0.3088 -0.9375 0.1603
vn -0.8576 -0.0517 0.5117
vn -0.7097 0.3681 0.6007
vn -0.2185 0.9675 0.1276
vn 0.3333 0.9321 -0.1418
vn 0.9777 0.1426 -0.1542
vn 0.8837 -0.4192 -0.2084
vn 0.2341 -0.9658 -0.1110
vn -0.3289 -0.9367 0.1201
vn -0.9246 -0.0497 0.3777
vn -0.6023 0.3683 0.7083
vn -0.2380 0.9690 0.0657
vn 0.3523 0.9323 -0.0818
vn 0.9690 0.0481 -0.2425
vn 0.9586 -0.1516 -0.2412
vn 0.9041 -0.4208 -0.0740
vn 0.2581 -0.9651 -0.0439
vn -0.3477 -0.9353 0.0656
vn -0.7627 0.4164 0.4949
vn -0.7098 0.3681 0.6006
vn -0.2455 0.9691 0.0250
vn 0.3602 0.9320 -0.0399
vn 0.9933 0.0425 -0.1076
vn 0.9746 -0.1612 -0.1553
vn 0.2619 -0.9651 -0.0028
vn -0.3532 -0.9352 0.0250
vn -0.9440 -0.3232 -0.0665
vn -0.8248 0.4128 0.3865
vn -0.2473 0.9689 -0.0067
vn 0.9988 0.0489 -0.0008
vn 0.9874 -0.1582 0.0007
vn 0.2574 -0.9663 0.0066
vn -0.9271 -0.3261 -0.1849
vn 0.2070 -0.0048 0.9783
vn -0.0651 -0.9972 0.0381
vn 0.4875 -0.8436 0.2252
vn 0.4144 -0.0295 -0.9096
vn 0.8515 -0.0503 -0.5219
vn 0.5773 0.7879 0.2141
vn 0.0451 0.9987 0.0236
vn -0.4252 0.0302 0.9046
vn -0.0708 -0.9968 0.0378
vn 0.5445 -0.0357 -0.8380
vn 0.0391 0.9990 0.0237
vn -0.4252 0.0301 0.9046
vn -0.5538 0.0362 0.8319
vn -0.0764 -0.9965 0.0352
vn 0.6689 -0.0419 -0.7422
vn 0.0333 0.9992 0.0214
vn -0.5537 0.0361 0.8319
vn -0.6753 0.0420 0.7363
vn -0.0827 -0.9961 0.0313
vn 0.7799 -0.0474 -0.6241
vn 0.0274 0.9995 0.0173
vn -0.6753 0.0419 0.7364
vn -0.7835 0.0476 0.6196
vn -0.0862 -0.9960 0.0253
vn 0.8715 -0.0513 -0.4876
vn 0.0233 0.9997 0.0115
vn -0.7834 0.0476 0.6197
vn -0.8725 0.0513 0.4859
vn -0.0883 -0.9959 0.0187
vn 0.9385 -0.0542 -0.3410
vn 0.0218 0.9998 0.0048
vn -0.8725 0.0511 0.4860
vn -0.9790 0.0553 0.1960
vn -0.9381 0.0542 0.3422
vn -0.0871 -0.9961 0.0123
vn 0.0227 0.9997 -0.0016
vn -0.9790 0.0552 0.1961
vn -0.9380 0.0541 0.3423
vn -0.9966 0.0552 0.0612
vn -0.0825 -0.9966 0.0080
vn 0.9796 -0.0552 -0.1934
vn 0.0272 0.9996 -0.0059
vn -0.9966 0.0551 0.0613
vn -0.0825 -0.9966 0.0059
vn 0.9966 -0.0535 0.0622
vn 0.9967 -0.0552 -0.0594
vn 0.0269 0.9996 -0.0081
vn -0.9964 0.0548 -0.0641
vn -0.0883 -0.9961 0.0011
vn 0.9791 -0.0524 0.1967
vn 0.0219 0.9997 -0.0126
vn -0.9964 0.0547 -0.0641
vn -0.9784 0.0530 -0.1999
vn -0.0881 -0.9961 -0.0048
vn 0.9374 -0.0492 0.3447
vn 0.0212 0.9996 -0.0189
vn -0.9784 0.0529 -0.1999
vn -0.8710 0.0442 -0.4893
vn -0.9371 0.0486 -0.3456
vn -0.0861 -0.9962 -0.0114
vn 0.0236 0.9994 -0.0254
vn -0.8710 0.0441 -0.4893
vn -0.9371 0.0485 -0.3456
vn -0.7817 0.0383 -0.6225
vn -0.0816 -0.9965 -0.0170
vn 0.8701 -0.0441 0.4910
vn 0.0277 0.9991 -0.0313
vn -0.6730 0.0323 -0.7390
vn -0.0764 -0.9968 -0.0214
vn 0.7782 -0.0381 0.6269
vn 0.0335 0.9988 -0.0352
vn -0.6731 0.0322 -0.7389
vn -0.5514 0.0250 -0.8339
vn -0.0706 -0.9972 -0.0238
vn 0.6667 -0.0313 0.7446
vn 0.0393 0.9985 -0.0379
vn -0.5515 0.0249 -0.8338
vn -0.4226 0.0172 -0.9061
vn -0.0646 -0.9976 -0.0237
vn 0.5427 -0.0237 0.8396
vn 0.0450 0.9983 -0.0378
vn -0.4227 0.0171 -0.9061
vn -0.2930 0.0098 -0.9560
vn -0.0604 -0.9979 -0.0232
vn 0.4123 -0.0160 0.9109
vn 0.0497 0.9981 -0.0366
vn -0.2931 0.0096 -0.9560
vn -0.1673 0.0024 -0.9859
vn -0.0568 -0.9982 -0.0206
vn 0.2825 -0.0092 0.9592
vn 0.0530 0.9980 -0.0344
vn -0.1673 0.0023 -0.9859
vn -0.0530 -0.0038 -0.9986
vn -0.0551 -0.9983 -0.0163
vn 0.1588 -0.0019 0.9873
vn 0.0548 0.9981 -0.0297
vn -0.0530 -0.0039 -0.9986
vn 0.0520 -0.0096 -0.9986
vn -0.0548 -0.9984 -0.0163
vn 0.0489 0.0040 0.9988
vn 0.0550 0.9980 -0.0300
vn 0.0519 -0.0097 -0.9986
vn -0.0531 -0.9984 -0.0206
vn -0.1581 0.0156 0.9873
vn -0.0492 0.0093 0.9987
vn 0.0569 0.9978 -0.0344
vn 0.1665 -0.0160 -0.9859
vn -0.0495 -0.9985 -0.0229
vn -0.2818 0.0218 0.9592
vn 0.0601 0.9975 -0.0366
vn 0.2924 -0.0225 -0.9560
vn -0.0452 -0.9987 -0.0237
vn -0.4113 0.0294 0.9110
vn 0.0648 0.9972 -0.0378
vn 0.2923 -0.0226 -0.9561
vn 0.4224 -0.0292 -0.9059
vn -0.0393 -0.9989 -0.0238
vn -0.5415 0.0361 0.8399
vn 0.0705 0.9968 -0.0376
vn 0.4224 -0.0293 -0.9060
vn 0.5508 -0.0357 -0.8339
vn -0.0334 -0.9992 -0.0214
vn -0.6659 0.0420 0.7449
vn 0.0763 0.9965 -0.0352
vn 0.5508 -0.0358 -0.8339
vn 0.6725 -0.0418 -0.7389
vn -0.0278 -0.9995 -0.0172
vn -0.7777 0.0475 0.6269
vn 0.0821 0.9961 -0.0313
vn 0.6725 -0.0419 -0.7389
vn 0.7812 -0.0476 -0.6225
vn -0.0239 -0.9996 -0.0114
vn -0.8696 0.0517 0.4910
vn 0.0862 0.9960 -0.0254
vn 0.7811 -0.0477 -0.6226
vn 0.8704 -0.0516 -0.4896
vn -0.0217 -0.9998 -0.0048
vn -0.9372 0.0540 0.3447
vn 0.0886 0.9959 -0.0189
vn 0.8704 -0.0517 -0.4896
vn 0.9783 -0.0546 -0.1999
vn 0.9368 -0.0546 -0.3456
vn -0.0215 -0.9998 0.0011
vn 0.0879 0.9960 -0.0126
vn 0.9783 -0.0547 -0.2000
vn 0.9368 -0.0547 -0.3456
vn 0.9964 -0.0550 -0.0644
vn -0.0274 -0.9996 0.0059
vn -0.9789 0.0554 0.1967
vn 0.0830 0.9965 -0.0081
vn 0.9964 -0.0551 -0.0645
vn 0.9966 -0.0545 0.0612
vn -0.0271 -0.9996 0.0080
vn -0.9965 0.0562 0.0625
vn 0.0827 0.9966 -0.0059
vn 0.9966 -0.0546 0.0612
vn -0.0227 -0.9997 0.0123
vn -0.9797 0.0526 -0.1934
vn -0.9967 0.0546 -0.0594
vn 0.0875 0.9962 -0.0015
vn 0.9792 -0.0525 0.1961
vn -0.0215 -0.9996 0.0187
vn -0.9388 0.0491 -0.3410
vn 0.0884 0.9961 0.0047
vn 0.9792 -0.0526 0.1960
vn 0.8728 -0.0448 0.4860
vn 0.9383 -0.0491 0.3422
vn -0.0236 -0.9994 0.0253
vn 0.0865 0.9962 0.0115
vn 0.8728 -0.0449 0.4859
vn 0.9384 -0.0492 0.3422
vn 0.7839 -0.0387 0.6197
vn -0.0274 -0.9991 0.0309
vn -0.8719 0.0447 -0.4876
vn 0.0825 0.9964 0.0173
vn 0.7839 -0.0387 0.6196
vn 0.6758 -0.0324 0.7364
vn -0.0334 -0.9988 0.0352
vn -0.7804 0.0385 -0.6241
vn 0.0767 0.9968 0.0215
vn 0.5543 -0.0248 0.8319
vn -0.0393 -0.9985 0.0374
vn -0.6694 0.0320 -0.7422
vn 0.0706 0.9972 0.0236
vn 0.5544 -0.0248 0.8319
vn 0.4259 -0.0167 0.9046
vn -0.0445 -0.9983 0.0384
vn -0.5452 0.0242 -0.8379
vn 0.0648 0.9976 0.0236
vn 0.4259 -0.0168 0.9046
vn -0.2063 0.0175 0.9783
vn -0.5770 -0.7850 0.2254
vn -0.4151 0.0161 -0.9096
vn -0.4870 0.8467 0.2142
vn 0.4875 -0.8436 0.2251
vn 0.5773 0.7880 0.2141
vn -0.4869 0.8468 0.2142
vn -0.5770 -0.7850 0.2255
vn -0.2883 0.3895 -0.8747
vn 0.3717 0.7974 -0.4753
vn -0.1236 0.0991 -0.9874
vn 0.4721 0.8800 0.0530
vn 0.5571 0.8304 -0.0020
vn 0.4823 0.0770 0.8726
vn 0.5687 0.0881 0.8178
vn 0.4698 -0.1106 0.8758
vn 0.5567 -0.1398 0.8189
vn 0.4627 -0.8865 0.0100
vn 0.3233 -0.9405 0.1042
vn 0.2817 -0.8399 -0.4639
vn -0.1461 -0.0943 -0.9848
vn -0.1353 -0.0972 -0.9860
vn -0.2883 0.3895 -0.8748
vn -0.3299 0.3326 -0.8835
vn 0.3812 0.7773 -0.5005
vn 0.3413 0.9329 0.1146
vn 0.3561 0.0617 0.9324
vn 0.4695 -0.0957 0.8777
vn 0.1421 -0.9689 0.2026
vn 0.0978 -0.8935 -0.4383
vn -0.1375 -0.0775 -0.9875
vn -0.3180 0.3120 -0.8953
vn 0.3501 0.8178 -0.4568
vn 0.2600 0.9546 0.1454
vn 0.2605 0.0677 0.9631
vn 0.2515 -0.0737 0.9650
vn 0.0313 -0.9685 0.2469
vn -0.0392 -0.9248 -0.3784
vn -0.1015 -0.0706 -0.9923
vn -0.3299 0.3325 -0.8835
vn 0.1473 0.9666 -0.2099
vn 0.3384 0.8379 -0.4282
vn 0.1850 0.9683 0.1679
vn 0.1666 0.0595 0.9842
vn 0.2781 -0.0876 0.9565
vn -0.0628 -0.9608 0.2702
vn -0.1128 -0.9288 -0.3531
vn 0.1188 -0.9690 -0.2168
vn -0.3125 0.4151 -0.8544
vn -0.3179 0.3120 -0.8953
vn -0.3125 0.4150 -0.8545
vn 0.0967 0.9777 -0.1865
vn 0.1122 0.9768 0.1824
vn 0.0777 0.0716 0.9944
vn 0.0702 -0.0565 0.9959
vn -0.1436 -0.9503 0.2761
vn 0.0687 -0.9795 -0.1891
vn 0.2853 -0.3522 -0.8914
vn -0.3148 0.3962 -0.8625
vn -0.3148 0.3961 -0.8625
vn 0.0540 0.9818 -0.1822
vn 0.0540 0.9814 0.1843
vn 0.0038 0.0689 0.9976
vn 0.0860 -0.0809 0.9930
vn -0.1962 -0.9476 0.2523
vn 0.0143 -0.9837 -0.1791
vn 0.2945 -0.3770 -0.8781
vn -0.3325 -0.2593 -0.9068
vn -0.2931 0.2804 -0.9140
vn 0.3429 0.3513 -0.8712
vn -0.1386 0.9588 -0.2481
vn 0.0520 0.9794 0.1949
vn -0.0759 -0.0485 0.9959
vn -0.1121 -0.9741 0.1961
vn -0.0967 -0.9802 -0.1728
vn 0.0190 -0.0807 -0.9966
vn -0.2931 0.2804 -0.9141
vn 0.3430 0.3513 -0.8712
vn -0.2596 0.2413 -0.9351
vn -0.1953 0.9354 -0.2949
vn -0.0119 0.9818 0.1896
vn 0.2565 0.3577 0.8979
vn -0.4753 0.3018 0.8265
vn -0.1849 -0.9659 0.1814
vn -0.1473 -0.9694 -0.1965
vn 0.0537 -0.0775 -0.9955
vn -0.2153 0.2122 -0.9532
vn -0.2280 0.9134 -0.3372
vn -0.0884 0.9808 0.1741
vn -0.2580 -0.0457 0.9651
vn -0.5103 -0.3257 0.7959
vn -0.2599 -0.9525 0.1588
vn -0.1934 -0.9529 -0.2337
vn 0.0930 -0.0813 -0.9923
vn -0.1367 0.9432 -0.3028
vn -0.1779 0.9729 0.1479
vn 0.0504 0.3772 0.9247
vn -0.6564 0.3090 0.6882
vn -0.3412 -0.9313 0.1278
vn -0.2395 -0.9266 -0.2899
vn -0.2304 0.2862 -0.9301
vn -0.2303 0.2862 -0.9301
vn -0.2224 0.8895 -0.3991
vn -0.3287 0.9406 0.0849
vn -0.4792 -0.0584 0.8758
vn -0.6843 -0.3141 0.6581
vn -0.4721 -0.8791 0.0656
vn -0.3189 -0.8653 -0.3868
vn 0.3071 -0.4549 -0.8359
vn -0.2269 0.2351 -0.9451
vn -0.2268 0.2352 -0.9451
vn -0.2820 0.8334 -0.4753
vn -0.4626 0.8866 -0.0020
vn -0.2282 0.4457 0.8656
vn -0.5556 0.1500 0.8178
vn -0.5572 -0.8303 0.0100
vn -0.3721 -0.8039 -0.4639
vn 0.2559 -0.4657 -0.8471
vn 0.1238 -0.1114 -0.9860
vn 0.8443 -0.0503 -0.5335
vn 0.8444 -0.0499 -0.5334
vn 0.8443 -0.0501 -0.5335
vn -0.8447 0.0427 -0.5335
vn -0.8447 0.0425 -0.5335
vn -0.8447 0.0426 -0.5335
vn 0.0004 0.0069 1.0000
vn -0.5865 0.0379 0.8091
vn 0.0003 0.0069 1.0000
vn -0.9495 0.0544 0.3091
vn -0.9497 0.0501 -0.3091
vn -0.9495 0.0544 0.3090
vn -0.5871 0.0267 -0.8091
vn -0.9497 0.0501 -0.3090
vn -0.0004 -0.0069 -1.0000
vn 0.5867 -0.0379 -0.8089
vn 0.9495 -0.0544 -0.3089
vn 0.5867 -0.0379 -0.8090
vn 0.9498 -0.0501 0.3089
vn 0.9496 -0.0544 -0.3088
vn 0.5873 -0.0267 0.8089
vn 0.9497 -0.0501 0.3091
vn 0.0550 0.9985 -0.0069
vn 0.0550 0.9985 -0.0068
vn 0.0549 0.9985 -0.0070
vn -0.0550 -0.9985 0.0069
vn -0.0550 -0.9985 0.0067
vn -0.0549 -0.9985 0.0069
vn -0.5867 0.0379 0.8089
vn -0.9495 0.0544 0.3089
vn -0.9498 0.0501 -0.3089
vn -0.9496 0.0544 0.3088
vn -0.5873 0.0267 -0.8090
vn -0.9498 0.0501 -0.3088
vn -0.5873 0.0267 -0.8089
vn 0.5865 -0.0379 -0.8091
vn 0.9495 -0.0544 -0.3091
vn 0.9495 -0.0544 -0.3090
vn 0.5871 -0.0267 0.8091
vn 0.9497 -0.0501 0.3090
vn -0.0549 -0.9985 0.0068
vn -0.0550 -0.9985 0.0070
vn 0.8319 -0.2185 0.5102
vn 0.8426 -0.0426 0.5369
vn 0.8959 0.0966 -0.4336
vn 0.8866 -0.0520 -0.4595
vn 0.0175 0.3181 -0.9479
vn -0.0004 -0.0066 -1.0000
vn -0.8870 0.0456 -0.4595
vn -0.8799 0.1943 -0.4336
vn -0.8422 0.0501 0.5369
vn -0.8508 -0.1259 0.5102
vn -0.0176 -0.3195 0.9474
vn 0.8191 -0.3916 0.4191
vn 0.9067 0.2366 -0.3493
vn 0.0348 0.6323 -0.7740
vn -0.8752 0.3346 -0.3493
vn -0.8572 -0.2994 0.4191
vn -0.0350 -0.6351 0.7716
vn 0.8073 -0.5363 0.2463
vn 0.9167 0.3457 -0.2004
vn 0.0490 0.8906 -0.4522
vn -0.8732 0.4442 -0.2004
vn -0.8613 -0.4444 0.2463
vn -0.0349 -0.6351 0.7716
vn -0.0491 -0.8920 0.4493
vn 0.8021 -0.5972 0.0039
vn 0.9213 0.3888 -0.0031
vn -0.8731 0.4876 -0.0031
vn -0.8628 -0.5055 0.0039
vn -0.0494 -0.8982 -0.4368
vn -0.0549 -0.9985 0.0071
vn 0.8072 -0.5395 -0.2394
vn 0.9169 0.3483 0.1949
vn -0.8731 0.4469 0.1949
vn -0.8615 -0.4477 -0.2394
vn -0.0495 -0.8982 -0.4368
vn -0.0550 -0.9985 0.0072
vn -0.0355 -0.6456 -0.7628
vn 0.8189 -0.3973 -0.4142
vn 0.9069 0.2414 0.3454
vn 0.0493 0.8967 0.4399
vn -0.8749 0.3395 0.3454
vn -0.8576 -0.3051 -0.4142
vn -0.0183 -0.3327 -0.9429
vn 0.8314 -0.2255 -0.5078
vn 0.8962 0.1024 0.4316
vn 0.0354 0.6431 0.7650
vn -0.8794 0.2005 0.4318
vn -0.8510 -0.1332 -0.5079
vn 0.8421 -0.0501 -0.5370
vn 0.8870 -0.0456 0.4595
vn 0.0182 0.3313 0.9433
vn -0.8866 0.0520 0.4595
vn -0.8425 0.0426 -0.5370
vn 0.8508 0.1259 -0.5102
vn 0.8799 -0.1944 0.4336
vn -0.0175 -0.3181 0.9479
vn 0.0004 0.0067 1.0000
vn -0.8959 -0.0966 0.4336
vn -0.8319 0.2185 -0.5102
vn 0.0176 0.3195 -0.9474
vn 0.8571 0.2995 -0.4191
vn 0.8753 -0.3347 0.3492
vn -0.0348 -0.6323 0.7740
vn -0.9067 -0.2366 0.3492
vn -0.8191 0.3918 -0.4191
vn 0.0350 0.6351 -0.7716
vn 0.8613 0.4444 -0.2463
vn 0.8730 -0.4446 0.2004
vn -0.0490 -0.8906 0.4521
vn -0.9165 -0.3461 0.2004
vn -0.8073 0.5363 -0.2463
vn 0.0349 0.6351 -0.7716
vn 0.0491 0.8920 -0.4494
vn 0.8629 0.5054 -0.0039
vn 0.8730 -0.4878 0.0031
vn -0.0550 -0.9985 0.0071
vn -0.9212 -0.3890 0.0031
vn -0.8022 0.5970 -0.0039
vn 0.0494 0.8982 0.4368
vn 0.8615 0.4477 0.2394
vn 0.8731 -0.4468 -0.1948
vn -0.9169 -0.3483 -0.1948
vn -0.8072 0.5396 0.2394
vn 0.0550 0.9985 -0.0070
vn 0.0355 0.6456 0.7628
vn 0.8576 0.3050 0.4142
vn 0.8749 -0.3395 -0.3454
vn -0.0494 -0.8967 -0.4399
vn -0.9069 -0.2414 -0.3454
vn -0.8189 0.3973 0.4142
vn 0.0355 0.6457 0.7628
vn 0.0183 0.3327 0.9429
vn 0.8511 0.1332 0.5079
vn 0.8794 -0.2005 -0.4319
vn -0.0354 -0.6431 -0.7649
vn -0.8961 -0.1028 -0.4319
vn -0.8313 0.2258 0.5079
vn -0.0182 -0.3313 -0.9434
vn -0.8421 0.0501 0.5369
vn 0.9985 -0.0549 -0.0001
vn 0.5069 -0.1329 -0.8517
vn 0.5201 -0.0345 -0.8534
vn -0.4623 0.1090 -0.8800
vn -0.4771 0.0201 -0.8786
vn -0.9704 0.2416 -0.0013
vn -0.9985 0.0550 -0.0002
vn -0.4765 0.0322 0.8786
vn -0.4614 0.1210 0.8789
vn 0.5208 -0.0228 0.8534
vn 0.5075 -0.1209 0.8531
vn 0.9701 -0.2426 0.0012
vn 0.4715 -0.2414 -0.8482
vn -0.4222 0.2029 -0.8835
vn -0.8959 0.4442 -0.0024
vn -0.4217 0.2156 0.8808
vn 0.4720 -0.2298 0.8511
vn 0.8948 -0.4464 0.0028
vn 0.3934 -0.3703 -0.8415
vn -0.3404 0.3039 -0.8898
vn -0.7401 0.6725 -0.0043
vn -0.3400 0.3164 0.8856
vn 0.3945 -0.3585 0.8461
vn 0.7346 -0.6785 0.0046
vn 0.2308 -0.5050 -0.8317
vn -0.1909 0.3938 -0.8992
vn -0.4338 0.9010 -0.0064
vn -0.1900 0.4060 0.8939
vn 0.2312 -0.4934 0.8385
vn 0.7346 -0.6784 0.0046
vn 0.4218 -0.9067 0.0061
vn -0.0310 -0.5625 -0.8262
vn 0.0233 0.4227 -0.9060
vn 0.0240 0.4359 0.8997
vn -0.0303 -0.5508 0.8341
vn 0.4218 -0.9067 0.0060
vn -0.5188 -0.8549 0.0060
vn -0.0554 -0.9984 0.0073
vn -0.2848 -0.4766 -0.8317
vn 0.2331 0.3701 -0.8993
vn 0.2334 0.3826 0.8939
vn -0.2840 -0.4651 0.8385
vn -0.5187 -0.8549 0.0061
vn -0.8047 -0.5937 0.0046
vn -0.4321 -0.3248 -0.8413
vn 0.3720 0.2644 -0.8898
vn 0.5299 0.8480 -0.0064
vn 0.3727 0.2774 0.8855
vn -0.4314 -0.3131 0.8461
vn -0.8046 -0.5937 0.0046
vn -0.9384 -0.3454 0.0027
vn -0.4951 -0.1882 -0.8482
vn 0.4420 0.1553 -0.8835
vn 0.8093 0.5874 -0.0043
vn 0.4424 0.1677 0.8810
vn -0.4946 -0.1762 0.8511
vn -0.9384 -0.3455 0.0027
vn -0.9909 -0.1346 0.0012
vn -0.5184 -0.0764 -0.8517
vn 0.4714 0.0576 -0.8800
vn 0.9394 0.3428 -0.0024
vn 0.4719 0.0697 0.8789
vn -0.5179 -0.0646 0.8530
vn -0.9909 -0.1347 0.0012
vn -0.9985 0.0550 -0.0001
vn -0.5207 0.0228 -0.8534
vn 0.4765 -0.0324 -0.8786
vn 0.9910 0.1336 -0.0013
vn 0.4772 -0.0202 0.8786
vn -0.5202 0.0346 0.8534
vn -0.5079 0.1211 -0.8529
vn 0.4614 -0.1211 -0.8789
vn 0.9704 -0.2416 0.0014
vn 0.9985 -0.0549 -0.0002
vn 0.4621 -0.1089 0.8801
vn -0.5070 0.1328 0.8516
vn -0.9701 0.2426 -0.0010
vn -0.4722 0.2294 -0.8512
vn 0.4214 -0.2152 -0.8810
vn 0.8960 -0.4440 0.0028
vn 0.4222 -0.2029 0.8835
vn -0.4718 0.2416 0.8480
vn -0.9701 0.2425 -0.0010
vn -0.8949 0.4462 -0.0028
vn -0.3944 0.3586 -0.8461
vn 0.3400 -0.3163 -0.8857
vn 0.7401 -0.6725 0.0043
vn 0.3406 -0.3036 0.8898
vn -0.3939 0.3702 0.8413
vn -0.8950 0.4461 -0.0028
vn -0.7350 0.6781 -0.0044
vn -0.2312 0.4934 -0.8385
vn 0.1899 -0.4060 -0.8939
vn 0.4333 -0.9012 0.0054
vn 0.1907 -0.3938 0.8992
vn -0.2307 0.5051 0.8317
vn -0.4219 0.9066 -0.0063
vn 0.0303 0.5509 -0.8340
vn -0.0240 -0.4356 -0.8998
vn -0.0549 -0.9985 0.0065
vn -0.0232 -0.4224 0.9061
vn 0.0310 0.5624 0.8263
vn 0.5188 0.8548 -0.0063
vn 0.2840 0.4651 -0.8385
vn -0.2333 -0.3824 -0.8941
vn -0.2328 -0.3705 0.8992
vn 0.2847 0.4767 0.8317
vn 0.5188 0.8549 -0.0063
vn 0.0549 0.9985 -0.0069
vn 0.8050 0.5933 -0.0044
vn 0.4314 0.3131 -0.8461
vn -0.3726 -0.2769 -0.8857
vn -0.5298 -0.8481 0.0055
vn -0.3717 -0.2646 0.8899
vn 0.4321 0.3247 0.8413
vn 0.9385 0.3452 -0.0028
vn 0.4945 0.1762 -0.8511
vn -0.4424 -0.1677 -0.8810
vn -0.8098 -0.5866 0.0041
vn -0.4418 -0.1554 0.8835
vn 0.4951 0.1882 0.8482
vn 0.9909 0.1346 -0.0010
vn 0.5181 0.0646 -0.8529
vn -0.4719 -0.0697 -0.8789
vn -0.9392 -0.3434 0.0028
vn -0.4713 -0.0575 0.8801
vn 0.5182 0.0763 0.8518
vn -0.9910 -0.1337 0.0014
vn 0.5208 -0.0227 0.8534
vn 0.0004 0.0070 1.0000
vn 0.8472 -0.1349 0.5139
vn 0.8532 -0.0433 0.5198
vn 0.8816 0.0321 -0.4710
vn 0.8762 -0.0516 -0.4791
vn 0.0093 0.1683 -0.9857
vn -0.0004 -0.0071 -1.0000
vn -0.8766 0.0449 -0.4791
vn -0.8727 0.1286 -0.4710
vn -0.8528 0.0506 0.5198
vn -0.8568 -0.0411 0.5139
vn -0.0093 -0.1686 0.9856
vn 0.8386 -0.2391 0.4895
vn 0.8896 0.1232 -0.4398
vn 0.0200 0.3637 -0.9313
vn -0.8707 0.2201 -0.4398
vn -0.8597 -0.1456 0.4895
vn -0.0201 -0.3652 0.9307
vn 0.8251 -0.3700 0.4270
vn 0.9014 0.2271 -0.3687
vn 0.0329 0.5985 -0.8004
vn -0.8710 0.3246 -0.3687
vn -0.8607 -0.2772 0.4270
vn -0.0201 -0.3651 0.9307
vn -0.0332 -0.6026 0.7974
vn 0.8064 -0.5230 0.2760
vn 0.9172 0.3291 -0.2245
vn 0.0473 0.8587 -0.5103
vn -0.8756 0.4278 -0.2245
vn -0.8589 -0.4313 0.2760
vn -0.0475 -0.8631 0.5027
vn 0.7954 -0.6061 0.0039
vn 0.9274 0.3740 -0.0029
vn 0.0549 0.9985 -0.0068
vn -0.8808 0.4735 -0.0029
vn -0.8571 -0.5151 0.0039
vn -0.0479 -0.8700 -0.4907
vn 0.8062 -0.5267 -0.2694
vn 0.9174 0.3322 0.2193
vn -0.8754 0.4308 0.2193
vn -0.8592 -0.4350 -0.2694
vn -0.0338 -0.6136 -0.7889
vn 0.8247 -0.3759 -0.4226
vn 0.9016 0.2321 0.3650
vn 0.0476 0.8655 0.4986
vn -0.8707 0.3297 0.3650
vn -0.8610 -0.2832 -0.4226
vn -0.0337 -0.6136 -0.7889
vn -0.0208 -0.3780 -0.9256
vn 0.8382 -0.2458 -0.4868
vn 0.8899 0.1294 0.4374
vn 0.0336 0.6096 0.7920
vn -0.8703 0.2262 0.4374
vn -0.8601 -0.1524 -0.4868
vn -0.0100 -0.1822 -0.9832
vn 0.8469 -0.1419 -0.5124
vn 0.8819 0.0386 0.4698
vn 0.0207 0.3766 0.9261
vn -0.8723 0.1352 0.4698
vn -0.8574 -0.0481 -0.5124
vn -0.0100 -0.1823 -0.9832
vn -0.0004 -0.0070 -1.0000
vn 0.8529 -0.0505 -0.5197
vn 0.8766 -0.0449 0.4791
vn 0.0100 0.1820 0.9832
vn -0.8763 0.0516 0.4791
vn -0.8533 0.0434 -0.5197
vn 0.8571 0.0409 -0.5135
vn 0.8729 -0.1285 0.4707
vn -0.0092 -0.1680 0.9857
vn 0.0004 0.0068 1.0000
vn -0.8817 -0.0319 0.4707
vn -0.8474 0.1347 -0.5135
vn 0.0093 0.1684 -0.9857
vn 0.8598 0.1456 -0.4895
vn 0.8705 -0.2204 0.4400
vn -0.0200 -0.3641 0.9312
vn -0.8895 -0.1235 0.4400
vn -0.8386 0.2391 -0.4895
vn 0.0201 0.3653 -0.9307
vn 0.8606 0.2774 -0.4271
vn 0.8710 -0.3246 0.3688
vn -0.0329 -0.5987 0.8003
vn -0.9014 -0.2271 0.3688
vn -0.8249 0.3702 -0.4271
vn 0.0201 0.3652 -0.9307
vn 0.0332 0.6027 -0.7973
vn 0.8589 0.4313 -0.2761
vn 0.8756 -0.4275 0.2247
vn -0.0472 -0.8582 0.5111
vn -0.9173 -0.3289 0.2247
vn -0.8064 0.5230 -0.2761
vn 0.0331 0.6027 -0.7973
vn 0.0475 0.8631 -0.5029
vn 0.8572 0.5150 -0.0040
vn 0.8808 -0.4735 0.0031
vn -0.9275 -0.3739 0.0031
vn -0.7955 0.6059 -0.0040
vn 0.0475 0.8630 -0.5029
vn 0.0479 0.8701 0.4906
vn 0.8590 0.4354 0.2695
vn 0.8755 -0.4306 -0.2192
vn -0.9175 -0.3319 -0.2192
vn -0.8060 0.5270 0.2695
vn 0.0338 0.6135 0.7889
vn 0.8609 0.2833 0.4226
vn 0.8708 -0.3297 -0.3648
vn -0.0476 -0.8652 -0.4991
vn -0.9017 -0.2321 -0.3648
vn -0.8246 0.3761 0.4226
vn 0.0338 0.6136 0.7889
vn 0.0208 0.3780 0.9256
vn 0.8601 0.1523 0.4868
vn 0.8705 -0.2261 -0.4372
vn -0.0336 -0.6097 -0.7919
vn -0.8900 -0.1292 -0.4372
vn -0.8382 0.2458 0.4868
vn 0.0100 0.1821 0.9832
vn 0.8574 0.0481 0.5125
vn 0.8724 -0.1351 -0.4697
vn -0.0207 -0.3767 -0.9261
vn -0.8820 -0.0386 -0.4697
vn -0.8469 0.1419 0.5125
vn 0.8532 -0.0432 0.5198
vn -0.0100 -0.1819 -0.9833
vn -0.8766 0.0448 -0.4791
vn -0.8528 0.0507 0.5198
vn 0.5200 -0.0345 -0.8535
vn -0.4771 0.0202 -0.8786
vn -0.9703 0.2417 -0.0012
vn -0.4765 0.0323 0.8786
vn -0.4616 0.1213 0.8788
vn 0.5075 -0.1209 0.8532
vn 0.9701 -0.2427 0.0011
vn 0.4716 -0.2415 -0.8481
vn -0.4219 0.2030 -0.8836
vn -0.8959 0.4442 -0.0027
vn -0.4213 0.2152 0.8810
vn 0.4722 -0.2296 0.8511
vn 0.8950 -0.4461 0.0029
vn 0.3937 -0.3701 -0.8414
vn -0.3406 0.3040 -0.8897
vn -0.7402 0.6724 -0.0045
vn -0.3399 0.3164 0.8856
vn 0.3944 -0.3584 0.8462
vn 0.7349 -0.6781 0.0044
vn 0.2307 -0.5053 -0.8315
vn -0.1907 0.3933 -0.8994
vn -0.4342 0.9008 -0.0064
vn -0.1901 0.4057 0.8940
vn 0.2314 -0.4937 0.8383
vn 0.7350 -0.6781 0.0043
vn 0.4219 -0.9066 0.0059
vn -0.0309 -0.5623 -0.8263
vn 0.0233 0.4234 -0.9057
vn 0.0549 0.9985 -0.0071
vn 0.0240 0.4360 0.8996
vn -0.0303 -0.5506 0.8342
vn 0.4220 -0.9066 0.0059
vn -0.5188 -0.8548 0.0063
vn -0.2851 -0.4765 -0.8317
vn 0.2327 0.3700 -0.8994
vn 0.2335 0.3824 0.8940
vn -0.2842 -0.4653 0.8383
vn -0.5188 -0.8549 0.0063
vn -0.8050 -0.5933 0.0043
vn -0.4319 -0.3247 -0.8415
vn 0.3720 0.2649 -0.8896
vn 0.5302 0.8478 -0.0064
vn 0.3723 0.2771 0.8858
vn -0.4313 -0.3129 0.8462
vn -0.8049 -0.5934 0.0043
vn -0.9385 -0.3452 0.0029
vn -0.4953 -0.1883 -0.8481
vn 0.4418 0.1554 -0.8836
vn 0.8094 0.5873 -0.0045
vn 0.4424 0.1676 0.8810
vn -0.4945 -0.1764 0.8511
vn -0.9909 -0.1348 0.0011
vn 0.4715 0.0576 -0.8800
vn 0.9394 0.3428 -0.0027
vn 0.4721 0.0699 0.8788
vn -0.5177 -0.0645 0.8531
vn -0.9985 0.0551 -0.0001
vn 0.4764 -0.0323 -0.8786
vn 0.9910 0.1338 -0.0012
vn 0.4771 -0.0202 0.8786
vn -0.5201 0.0346 0.8534
vn -0.9985 0.0550 -0.0000
vn -0.5072 0.1210 -0.8533
vn 0.4616 -0.1212 -0.8788
vn 0.9704 -0.2417 0.0013
vn 0.9985 -0.0550 -0.0001
vn 0.4620 -0.1090 0.8802
vn -0.5071 0.1328 0.8516
vn -0.9701 0.2426 -0.0013
vn -0.4722 0.2297 -0.8510
vn 0.4214 -0.2153 -0.8809
vn 0.8960 -0.4440 0.0031
vn 0.4219 -0.2030 0.8836
vn -0.4715 0.2413 0.8482
vn -0.9701 0.2425 -0.0013
vn -0.8949 0.4462 -0.0025
vn -0.3945 0.3584 -0.8461
vn 0.3398 -0.3160 -0.8858
vn 0.3406 -0.3039 0.8897
vn -0.8950 0.4461 -0.0025
vn -0.7350 0.6780 -0.0043
vn -0.2314 0.4935 -0.8384
vn 0.1898 -0.4059 -0.8940
vn 0.4339 -0.9009 0.0063
vn 0.1905 -0.3935 0.8994
vn -0.4216 0.9068 -0.0063
vn 0.0303 0.5511 -0.8339
vn -0.0240 -0.4352 -0.9000
vn -0.0549 -0.9985 0.0074
vn -0.0233 -0.4233 0.9057
vn 0.0310 0.5625 0.8262
vn -0.4217 0.9067 -0.0063
vn 0.5189 0.8548 -0.0060
vn 0.0555 0.9984 -0.0066
vn 0.2842 0.4651 -0.8384
vn -0.2335 -0.3830 -0.8938
vn -0.2325 -0.3702 0.8994
vn 0.5188 0.8549 -0.0060
vn 0.0554 0.9984 -0.0066
vn 0.8050 0.5932 -0.0043
vn 0.4316 0.3132 -0.8459
vn -0.3723 -0.2767 -0.8859
vn -0.5303 -0.8478 0.0063
vn -0.3718 -0.2645 0.8898
vn 0.8050 0.5933 -0.0043
vn 0.9385 0.3452 -0.0025
vn 0.4946 0.1765 -0.8510
vn -0.4424 -0.1678 -0.8810
vn -0.8095 -0.5871 0.0043
vn -0.4416 -0.1555 0.8836
vn 0.4951 0.1881 0.8482
vn 0.9385 0.3453 -0.0025
vn 0.9909 0.1346 -0.0013
vn 0.5179 0.0645 -0.8530
vn -0.4721 -0.0698 -0.8788
vn -0.9392 -0.3434 0.0031
vn -0.4712 -0.0577 0.8802
vn 0.5186 0.0763 0.8516
vn 0.5200 -0.0344 -0.8535
vn -0.9910 -0.1337 0.0013
vn 0.8473 -0.1348 0.5137
vn 0.8533 -0.0434 0.5197
vn 0.8816 0.0320 -0.4709
vn 0.8761 -0.0515 -0.4793
vn 0.0093 0.1682 -0.9857
vn -0.8765 0.0450 -0.4793
vn -0.8728 0.1285 -0.4709
vn -0.8529 0.0505 0.5197
vn -0.8570 -0.0410 0.5137
vn 0.8384 -0.2392 0.4897
vn 0.8896 0.1232 -0.4399
vn -0.8707 0.2201 -0.4399
vn -0.8596 -0.1457 0.4897
vn -0.0093 -0.1685 0.9857
vn -0.0201 -0.3651 0.9308
vn 0.8249 -0.3701 0.4272
vn 0.9014 0.2270 -0.3688
vn -0.8710 0.3246 -0.3688
vn -0.8606 -0.2774 0.4272
vn -0.0331 -0.6026 0.7974
vn 0.8062 -0.5233 0.2761
vn 0.9173 0.3288 -0.2244
vn 0.0472 0.8584 -0.5108
vn -0.8757 0.4275 -0.2244
vn -0.8587 -0.4316 0.2761
vn -0.0475 -0.8632 0.5027
vn 0.7956 -0.6058 0.0039
vn 0.9273 0.3742 -0.0028
vn -0.8807 0.4738 -0.0028
vn -0.8573 -0.5148 0.0039
vn 0.9174 0.3321 0.2193
vn -0.8592 -0.4351 -0.2694
vn 0.8247 -0.3760 -0.4225
vn 0.9016 0.2323 0.3650
vn 0.0476 0.8656 0.4985
vn -0.8706 0.3298 0.3650
vn -0.0208 -0.3781 -0.9255
vn 0.8380 -0.2460 -0.4870
vn 0.0336 0.6097 0.7919
vn -0.8703 0.2263 0.4374
vn -0.8600 -0.1525 -0.4870
vn 0.8820 0.0385 0.4696
vn 0.0207 0.3767 0.9261
vn -0.8725 0.1351 0.4696
vn 0.8765 -0.0450 0.4793
vn 0.0100 0.1818 0.9833
vn -0.8761 0.0515 0.4793
vn 0.8570 0.0410 -0.5137
vn 0.8728 -0.1285 0.4709
vn -0.0093 -0.1682 0.9857
vn -0.8816 -0.0320 0.4709
vn -0.8473 0.1348 -0.5137
vn 0.0093 0.1686 -0.9856
vn 0.8596 0.1457 -0.4898
vn 0.8707 -0.2201 0.4398
vn -0.0200 -0.3637 0.9313
vn -0.8896 -0.1232 0.4398
vn -0.8384 0.2392 -0.4898
vn 0.0093 0.1685 -0.9856
vn 0.8605 0.2774 -0.4272
vn -0.0329 -0.5986 0.8003
vn -0.9014 -0.2270 0.3688
vn -0.8249 0.3702 -0.4272
vn 0.0332 0.6025 -0.7974
vn 0.8587 0.4316 -0.2761
vn 0.8757 -0.4276 0.2245
vn -0.9173 -0.3289 0.2245
vn -0.8062 0.5233 -0.2761
vn 0.0475 0.8632 -0.5027
vn 0.8573 0.5148 -0.0039
vn 0.8805 -0.4741 0.0030
vn -0.9272 -0.3746 0.0030
vn -0.7956 0.6058 -0.0039
vn 0.0550 0.9985 -0.0071
vn 0.8589 0.4355 0.2694
vn 0.8755 -0.4307 -0.2191
vn -0.9175 -0.3320 -0.2191
vn -0.8060 0.5271 0.2694
vn 0.0338 0.6137 0.7888
vn 0.8608 0.2834 0.4227
vn 0.8708 -0.3296 -0.3648
vn -0.0476 -0.8653 -0.4991
vn -0.9017 -0.2320 -0.3648
vn -0.8245 0.3762 0.4227
vn 0.0208 0.3779 0.9256
vn 0.8601 0.1523 0.4869
vn 0.8702 -0.2264 -0.4376
vn -0.0335 -0.6095 -0.7920
vn -0.8898 -0.1295 -0.4376
vn -0.8382 0.2458 0.4869
vn 0.8574 0.0481 0.5124
vn 0.8725 -0.1350 -0.4696
vn -0.0207 -0.3770 -0.9260
vn -0.8820 -0.0384 -0.4696
vn -0.8469 0.1419 0.5124
vn 0.0100 0.1822 0.9832
vn 0.8533 -0.0433 0.5197
vn -0.0100 -0.1816 -0.9833
vn -0.8765 0.0449 -0.4793
vn -0.8529 0.0506 0.5197
vn 0.9985 -0.0550 0.0002
vn 0.5066 -0.1327 -0.8519
vn 0.5199 -0.0344 -0.8535
vn -0.4621 0.1088 -0.8801
vn -0.4772 0.0202 -0.8786
vn -0.9704 0.2417 -0.0013
vn -0.9985 0.0550 0.0003
vn -0.4764 0.0323 0.8786
vn -0.4617 0.1211 0.8787
vn 0.5207 -0.0228 0.8535
vn 0.5074 -0.1211 0.8531
vn 0.9701 -0.2426 0.0013
vn -0.4221 0.2031 -0.8835
vn 0.3939 -0.3704 -0.8412
vn -0.3405 0.3037 -0.8898
vn -0.7403 0.6723 -0.0043
vn -0.3396 0.3161 0.8858
vn 0.3944 -0.3585 0.8461
vn 0.2308 -0.5049 -0.8318
vn -0.1905 0.3933 -0.8995
vn -0.4341 0.9008 -0.0063
vn -0.1901 0.4060 0.8939
vn 0.2315 -0.4936 0.8383
vn 0.7350 -0.6780 0.0043
vn 0.4219 -0.9066 0.0060
vn -0.0309 -0.5622 -0.8264
vn 0.0233 0.4229 -0.9059
vn 0.0239 0.4351 0.9000
vn -0.0303 -0.5507 0.8342
vn -0.5189 -0.8548 0.0060
vn -0.2849 -0.4765 -0.8318
vn 0.2325 0.3700 -0.8995
vn 0.2335 0.3827 0.8939
vn -0.2843 -0.4652 0.8383
vn -0.8050 -0.5932 0.0043
vn -0.4321 -0.3249 -0.8412
vn 0.3719 0.2646 -0.8898
vn 0.5301 0.8479 -0.0063
vn 0.3724 0.2771 0.8858
vn -0.4314 -0.3130 0.8461
vn 0.4417 0.1554 -0.8836
vn 0.8094 0.5872 -0.0043
vn 0.4425 0.1676 0.8810
vn -0.9909 -0.1347 0.0013
vn -0.5183 -0.0760 -0.8518
vn 0.4713 0.0575 -0.8801
vn 0.4722 0.0697 0.8787
vn -0.5177 -0.0646 0.8531
vn -0.9985 0.0550 0.0002
vn -0.5208 0.0227 -0.8534
vn 0.4765 -0.0323 -0.8786
vn 0.9910 0.1337 -0.0013
vn -0.5200 0.0345 0.8535
vn -0.9985 0.0549 0.0001
vn -0.5075 0.1210 -0.8531
vn 0.4617 -0.1211 -0.8787
vn 0.9985 -0.0549 0.0003
vn 0.4623 -0.1090 0.8800
vn -0.5068 0.1324 0.8518
vn -0.9701 0.2426 -0.0015
vn -0.4724 0.2298 -0.8509
vn 0.4214 -0.2150 -0.8810
vn 0.8961 -0.4439 0.0027
vn 0.4220 -0.2029 0.8836
vn -0.4716 0.2416 0.8481
vn -0.8950 0.4461 -0.0029
vn -0.3944 0.3583 -0.8462
vn 0.3398 -0.3166 -0.8856
vn 0.7401 -0.6724 0.0043
vn 0.3403 -0.3038 0.8899
vn -0.3938 0.3704 0.8413
vn -0.7350 0.6781 -0.0043
vn 0.1903 -0.4058 -0.8939
vn 0.4338 -0.9010 0.0063
vn 0.1905 -0.3933 0.8995
vn -0.2309 0.5049 0.8318
vn -0.4219 0.9066 -0.0060
vn 0.0303 0.5505 -0.8343
vn -0.0240 -0.4355 -0.8999
vn -0.0233 -0.4234 0.9056
vn 0.0309 0.5622 0.8264
vn 0.5188 0.8548 -0.0060
vn -0.2337 -0.3825 -0.8939
vn -0.2325 -0.3700 0.8995
vn 0.2849 0.4765 0.8318
vn 0.4313 0.3128 -0.8462
vn -0.3725 -0.2770 -0.8857
vn 0.4321 0.3249 0.8413
vn 0.9385 0.3452 -0.0029
vn 0.4945 0.1765 -0.8511
vn -0.4424 -0.1675 -0.8810
vn -0.8096 -0.5870 0.0043
vn -0.4417 -0.1554 0.8836
vn 0.4953 0.1884 0.8481
vn 0.9909 0.1347 -0.0015
vn 0.5177 0.0646 -0.8531
vn -0.4722 -0.0697 -0.8787
vn -0.9393 -0.3432 0.0027
vn -0.4715 -0.0576 0.8800
vn 0.5184 0.0764 0.8517
vn 0.9909 0.1348 -0.0015
vn 0.9985 -0.0550 0.0001
vn 0.8474 -0.1347 0.5135
vn 0.8818 0.0318 -0.4706
vn 0.8761 -0.0515 -0.4794
vn 0.0092 0.1679 -0.9858
vn -0.0004 -0.0068 -1.0000
vn -0.8764 0.0449 -0.4794
vn -0.8729 0.1284 -0.4706
vn -0.8571 -0.0409 0.5135
vn -0.0092 -0.1685 0.9857
vn 0.8894 0.1235 -0.4400
vn 0.0200 0.3641 -0.9312
vn -0.8705 0.2204 -0.4400
vn -0.8598 -0.1456 0.4895
vn -0.0093 -0.1684 0.9857
vn 0.8249 -0.3702 0.4271
vn 0.0330 0.5988 -0.8003
vn -0.8606 -0.2774 0.4271
vn -0.0332 -0.6027 0.7973
vn 0.8064 -0.5230 0.2761
vn -0.8589 -0.4313 0.2761
vn -0.0332 -0.6026 0.7973
vn -0.0475 -0.8630 0.5029
vn 0.7955 -0.6059 0.0040
vn 0.9273 0.3744 -0.0030
vn -0.8806 0.4739 -0.0030
vn -0.8572 -0.5150 0.0040
vn -0.0479 -0.8701 -0.4906
vn 0.8060 -0.5270 -0.2695
vn 0.9174 0.3322 0.2191
vn -0.8756 0.4306 0.2190
vn -0.8590 -0.4354 -0.2695
vn 0.8247 -0.3759 -0.4225
vn 0.9017 0.2320 0.3648
vn -0.8708 0.3296 0.3648
vn -0.8610 -0.2831 -0.4225
vn -0.0338 -0.6137 -0.7889
vn -0.0208 -0.3779 -0.9256
vn 0.8383 -0.2458 -0.4867
vn 0.8898 0.1295 0.4376
vn -0.8702 0.2264 0.4376
vn -0.8602 -0.1523 -0.4867
vn -0.0100 -0.1821 -0.9832
vn 0.8469 -0.1419 -0.5125
vn 0.8821 0.0384 0.4695
vn 0.0207 0.3769 0.9260
vn -0.8726 0.1349 0.4695
vn -0.8574 -0.0481 -0.5125
vn 0.8526 -0.0505 -0.5201
vn 0.8765 -0.0449 0.4792
vn 0.0100 0.1816 0.9833
vn -0.8762 0.0516 0.4792
vn -0.8530 0.0433 -0.5201
vn 0.8569 0.0411 -0.5138
vn 0.0004 0.0071 1.0000
vn -0.8472 0.1349 -0.5138
vn 0.0093 0.1685 -0.9857
vn 0.8598 0.1455 -0.4895
vn -0.8896 -0.1232 0.4399
vn -0.8386 0.2390 -0.4895
vn 0.0201 0.3650 -0.9308
vn 0.8605 0.2775 -0.4272
vn -0.0329 -0.5985 0.8004
vn 0.8589 0.4314 -0.2760
vn 0.8755 -0.4278 0.2245
vn -0.0473 -0.8587 0.5103
vn -0.9172 -0.3292 0.2245
vn -0.8064 0.5230 -0.2760
vn 0.0332 0.6026 -0.7973
vn 0.0475 0.8631 -0.5028
vn 0.8808 -0.4735 0.0030
vn -0.9274 -0.3740 0.0030
vn 0.0479 0.8699 0.4909
vn 0.8591 0.4351 0.2694
vn 0.8754 -0.4308 -0.2193
vn -0.9174 -0.3321 -0.2193
vn -0.8062 0.5268 0.2694
vn 0.0479 0.8699 0.4908
vn 0.8610 0.2832 0.4226
vn 0.8707 -0.3297 -0.3650
vn -0.0476 -0.8657 -0.4983
vn -0.9016 -0.2321 -0.3650
vn -0.8247 0.3760 0.4226
vn 0.0208 0.3781 0.9255
vn 0.8600 0.1525 0.4870
vn 0.8703 -0.2263 -0.4374
vn -0.8899 -0.1294 -0.4375
vn -0.8380 0.2460 0.4870
vn 0.0101 0.1822 0.9832
vn 0.8725 -0.1351 -0.4696
vn -0.8820 -0.0385 -0.4696
vn -0.8521 0.0438 -0.5216
vn -0.8520 0.0437 -0.5216
vn 0.1337 0.0850 -0.9874
vn -0.5687 -0.0779 0.8189
vn 0.8443 -0.0502 -0.5335
vn 0.8443 -0.0504 -0.5335
vn 0.8443 -0.0505 -0.5335
vn -0.8447 0.0428 -0.5335
vn -0.8448 0.0431 -0.5334
vn 0.0541 0.9985 -0.0072
vn 0.0554 0.9984 -0.0073
vn 0.0549 0.9985 -0.0066
vn -0.0549 -0.9985 0.0070
vn -0.0550 -0.9985 0.0061
vn -0.0553 -0.9984 0.0072
vn -0.0551 -0.9985 0.0065
vn -0.0548 -0.9985 0.0065
vn -0.0546 -0.9985 0.0072
vn 0.0542 0.9985 -0.0072
vn 0.0550 0.9985 -0.0066
vn 0.0546 0.9985 -0.0072
vn 0.0557 0.9984 -0.0072
vn -0.0550 -0.9985 0.0060
vn -0.0550 -0.9985 0.0068
vn -0.0552 -0.9985 0.0065
vn -0.0547 -0.9985 0.0065
vn -0.0004 -0.0067 -1.0000
vn -0.9985 0.0549 -0.0002
vn -0.9985 0.0549 -0.0001
vt 0.016222 0.003452
vt 0.003452 0.080074
vt 0.003452 0.003452
vt 0.016222 0.080074
vt 0.003452 0.156696
vt 0.016222 0.156696
vt 0.003452 0.233319
vt 0.016222 0.309941
vt 0.003452 0.309941
vt 0.016222 0.386563
vt 0.003452 0.386563
vt 0.016222 0.463185
vt 0.003452 0.463185
vt 0.016222 0.539807
vt 0.003452 0.539807
vt 0.003452 0.616430
vt 0.028993 0.003452
vt 0.028993 0.080074
vt 0.028993 0.156696
vt 0.016222 0.233319
vt 0.028993 0.233319
vt 0.028993 0.386563
vt 0.028993 0.463185
vt 0.028993 0.539807
vt 0.028993 0.616430
vt 0.016222 0.616430
vt 0.041763 0.003452
vt 0.041763 0.080074
vt 0.041763 0.156696
vt 0.041763 0.233319
vt 0.028993 0.309941
vt 0.041763 0.386563
vt 0.041763 0.463185
vt 0.041763 0.539807
vt 0.054533 0.080074
vt 0.054533 0.156696
vt 0.054533 0.233319
vt 0.041763 0.309941
vt 0.054533 0.309941
vt 0.054533 0.386563
vt 0.054533 0.463185
vt 0.054533 0.539807
vt 0.041763 0.616430
vt 0.054533 0.003452
vt 0.067304 0.080074
vt 0.067304 0.156696
vt 0.067304 0.233319
vt 0.067304 0.309941
vt 0.067304 0.386563
vt 0.067304 0.463185
vt 0.067304 0.539807
vt 0.054533 0.616430
vt 0.067304 0.003452
vt 0.080074 0.080074
vt 0.080074 0.156696
vt 0.080074 0.233319
vt 0.080074 0.309941
vt 0.080074 0.386563
vt 0.080074 0.463185
vt 0.080074 0.539807
vt 0.067304 0.616430
vt 0.080074 0.003452
vt 0.092844 0.080074
vt 0.092844 0.156696
vt 0.092844 0.233319
vt 0.092844 0.309941
vt 0.092844 0.386563
vt 0.092844 0.463185
vt 0.092844 0.616430
vt 0.080074 0.616430
vt 0.092844 0.003452
vt 0.105615 0.080074
vt 0.105615 0.156696
vt 0.105615 0.233319
vt 0.105615 0.309941
vt 0.105615 0.386563
vt 0.105615 0.463185
vt 0.092844 0.539807
vt 0.105615 0.539807
vt 0.105615 0.003452
vt 0.118385 0.080074
vt 0.118385 0.156696
vt 0.118385 0.233319
vt 0.118385 0.309941
vt 0.118385 0.386563
vt 0.118385 0.463185
vt 0.118385 0.539807
vt 0.105615 0.616430
vt 0.118385 0.003452
vt 0.131156 0.080074
vt 0.131156 0.156696
vt 0.131156 0.233319
vt 0.131156 0.309941
vt 0.131156 0.386563
vt 0.131156 0.463185
vt 0.131156 0.539807
vt 0.118385 0.616430
vt 0.131156 0.003452
vt 0.143926 0.080074
vt 0.143926 0.156696
vt 0.143926 0.233319
vt 0.143926 0.309941
vt 0.143926 0.386563
vt 0.143926 0.463185
vt 0.143926 0.616430
vt 0.131156 0.616430
vt 0.143926 0.003452
vt 0.156696 0.080074
vt 0.156696 0.156696
vt 0.156696 0.233319
vt 0.156696 0.309941
vt 0.156696 0.386563
vt 0.156696 0.463185
vt 0.143926 0.539807
vt 0.156696 0.616430
vt 0.169467 0.003452
vt 0.156696 0.003452
vt 0.169467 0.080074
vt 0.169467 0.156696
vt 0.169467 0.233319
vt 0.169467 0.386563
vt 0.169467 0.463185
vt 0.169467 0.539807
vt 0.156696 0.539807
vt 0.182237 0.003452
vt 0.182237 0.080074
vt 0.182237 0.156696
vt 0.182237 0.309941
vt 0.169467 0.309941
vt 0.182237 0.386563
vt 0.182237 0.463185
vt 0.182237 0.539807
vt 0.169467 0.616430
vt 0.195007 0.003452
vt 0.195007 0.080074
vt 0.195007 0.156696
vt 0.182237 0.233319
vt 0.195007 0.233319
vt 0.195007 0.386563
vt 0.195007 0.463185
vt 0.195007 0.539807
vt 0.195007 0.616430
vt 0.182237 0.616430
vt 0.207778 0.003452
vt 0.207778 0.080074
vt 0.207778 0.156696
vt 0.207778 0.233319
vt 0.195007 0.309941
vt 0.207778 0.386563
vt 0.207778 0.463185
vt 0.207778 0.539807
vt 0.207778 0.616430
vt 0.220548 0.003452
vt 0.220548 0.080074
vt 0.220548 0.156696
vt 0.220548 0.309941
vt 0.207778 0.309941
vt 0.220548 0.386563
vt 0.220548 0.463185
vt 0.220548 0.539807
vt 0.220548 0.616430
vt 0.233319 0.003452
vt 0.233319 0.080074
vt 0.233319 0.156696
vt 0.220548 0.233319
vt 0.233319 0.309941
vt 0.233319 0.386563
vt 0.233319 0.463185
vt 0.233319 0.539807
vt 0.246089 0.003452
vt 0.246089 0.080074
vt 0.246089 0.156696
vt 0.233319 0.233319
vt 0.246089 0.309941
vt 0.246089 0.386563
vt 0.246089 0.463185
vt 0.246089 0.539807
vt 0.246089 0.616430
vt 0.233319 0.616430
vt 0.258859 0.003452
vt 0.258859 0.080074
vt 0.258859 0.156696
vt 0.246089 0.233319
vt 0.258859 0.233319
vt 0.258859 0.386563
vt 0.258859 0.463185
vt 0.258859 0.539807
vt 0.258859 0.616430
vt 0.271630 0.003452
vt 0.271630 0.080074
vt 0.271630 0.156696
vt 0.271630 0.309941
vt 0.258859 0.309941
vt 0.271630 0.386563
vt 0.271630 0.463185
vt 0.271630 0.539807
vt 0.271630 0.616430
vt 0.284400 0.080074
vt 0.284400 0.156696
vt 0.284400 0.233319
vt 0.271630 0.233319
vt 0.284400 0.309941
vt 0.284400 0.386563
vt 0.284400 0.463185
vt 0.284400 0.616430
vt 0.284400 0.003452
vt 0.297170 0.080074
vt 0.297170 0.156696
vt 0.297170 0.233319
vt 0.297170 0.309941
vt 0.297170 0.386563
vt 0.297170 0.463185
vt 0.284400 0.539807
vt 0.297170 0.539807
vt 0.297170 0.003452
vt 0.309941 0.080074
vt 0.309941 0.156696
vt 0.309941 0.233319
vt 0.309941 0.309941
vt 0.309941 0.386563
vt 0.309941 0.463185
vt 0.309941 0.616430
vt 0.297170 0.616430
vt 0.322711 0.003452
vt 0.309941 0.003452
vt 0.322711 0.080074
vt 0.322711 0.156696
vt 0.322711 0.233319
vt 0.322711 0.386563
vt 0.322711 0.463185
vt 0.322711 0.539807
vt 0.309941 0.539807
vt 0.322711 0.616430
vt 0.335481 0.003452
vt 0.335481 0.080074
vt 0.335481 0.156696
vt 0.335481 0.309941
vt 0.322711 0.309941
vt 0.335481 0.386563
vt 0.335481 0.463185
vt 0.335481 0.539807
vt 0.348252 0.003452
vt 0.348252 0.080074
vt 0.348252 0.156696
vt 0.335481 0.233319
vt 0.348252 0.233319
vt 0.348252 0.386563
vt 0.348252 0.463185
vt 0.348252 0.539807
vt 0.335481 0.616430
vt 0.361022 0.080074
vt 0.361022 0.156696
vt 0.361022 0.233319
vt 0.361022 0.309941
vt 0.348252 0.309941
vt 0.361022 0.386563
vt 0.361022 0.463185
vt 0.361022 0.616430
vt 0.348252 0.616430
vt 0.361022 0.003452
vt 0.373793 0.080074
vt 0.373793 0.156696
vt 0.373793 0.233319
vt 0.373793 0.309941
vt 0.373793 0.386563
vt 0.373793 0.463185
vt 0.361022 0.539807
vt 0.373793 0.616430
vt 0.373793 0.003452
vt 0.386563 0.080074
vt 0.386563 0.156696
vt 0.386563 0.233319
vt 0.386563 0.309941
vt 0.386563 0.386563
vt 0.386563 0.463185
vt 0.373793 0.539807
vt 0.386563 0.539807
vt 0.386563 0.003452
vt 0.399333 0.080074
vt 0.399333 0.156696
vt 0.399333 0.233319
vt 0.399333 0.309941
vt 0.399333 0.386563
vt 0.399333 0.463185
vt 0.399333 0.616430
vt 0.386563 0.616430
vt 0.399333 0.003452
vt 0.412104 0.080074
vt 0.412104 0.156696
vt 0.412104 0.233319
vt 0.412104 0.309941
vt 0.412104 0.386563
vt 0.412104 0.463185
vt 0.399333 0.539807
vt 0.412104 0.539807
vt 0.412104 0.003452
vt 0.424874 0.080074
vt 0.424874 0.156696
vt 0.424874 0.233319
vt 0.424874 0.309941
vt 0.424874 0.386563
vt 0.424874 0.463185
vt 0.424874 0.539807
vt 0.412104 0.616430
vt 0.424874 0.003452
vt 0.437644 0.080074
vt 0.437644 0.156696
vt 0.437644 0.233319
vt 0.437644 0.309941
vt 0.437644 0.386563
vt 0.437644 0.463185
vt 0.437644 0.539807
vt 0.424874 0.616430
vt 0.437644 0.003452
vt 0.450415 0.080074
vt 0.450415 0.156696
vt 0.450415 0.233319
vt 0.450415 0.309941
vt 0.450415 0.386563
vt 0.450415 0.463185
vt 0.450415 0.616430
vt 0.437644 0.616430
vt 0.450415 0.003452
vt 0.463185 0.080074
vt 0.463185 0.156696
vt 0.463185 0.233319
vt 0.463185 0.309941
vt 0.463185 0.386563
vt 0.463185 0.463185
vt 0.450415 0.539807
vt 0.463185 0.539807
vt 0.475956 0.003452
vt 0.463185 0.003452
vt 0.475956 0.080074
vt 0.475956 0.156696
vt 0.475956 0.309941
vt 0.475956 0.386563
vt 0.475956 0.463185
vt 0.475956 0.539807
vt 0.475956 0.616430
vt 0.463185 0.616430
vt 0.488726 0.003452
vt 0.488726 0.080074
vt 0.488726 0.156696
vt 0.475956 0.233319
vt 0.488726 0.233319
vt 0.488726 0.386563
vt 0.488726 0.463185
vt 0.488726 0.539807
vt 0.501496 0.003452
vt 0.501496 0.080074
vt 0.501496 0.156696
vt 0.501496 0.309941
vt 0.488726 0.309941
vt 0.501496 0.386563
vt 0.501496 0.463185
vt 0.501496 0.539807
vt 0.501496 0.616430
vt 0.488726 0.616430
vt 0.514267 0.003452
vt 0.514267 0.080074
vt 0.514267 0.156696
vt 0.501496 0.233319
vt 0.514267 0.233319
vt 0.514267 0.386563
vt 0.514267 0.463185
vt 0.514267 0.539807
vt 0.514267 0.616430
vt 0.527037 0.003452
vt 0.527037 0.080074
vt 0.527037 0.156696
vt 0.527037 0.233319
vt 0.514267 0.309941
vt 0.527037 0.386563
vt 0.527037 0.463185
vt 0.527037 0.539807
vt 0.527037 0.616430
vt 0.539807 0.003452
vt 0.539807 0.080074
vt 0.539807 0.156696
vt 0.539807 0.233319
vt 0.527037 0.309941
vt 0.539807 0.386563
vt 0.539807 0.463185
vt 0.539807 0.539807
vt 0.552578 0.003452
vt 0.552578 0.080074
vt 0.552578 0.156696
vt 0.552578 0.233319
vt 0.539807 0.309941
vt 0.552578 0.386563
vt 0.552578 0.463185
vt 0.552578 0.539807
vt 0.552578 0.616430
vt 0.539807 0.616430
vt 0.565348 0.003452
vt 0.565348 0.080074
vt 0.565348 0.156696
vt 0.565348 0.233319
vt 0.552578 0.309941
vt 0.565348 0.386563
vt 0.565348 0.463185
vt 0.565348 0.539807
vt 0.578119 0.003452
vt 0.578119 0.080074
vt 0.578119 0.156696
vt 0.578119 0.233319
vt 0.565348 0.309941
vt 0.578119 0.386563
vt 0.578119 0.463185
vt 0.578119 0.539807
vt 0.565348 0.616430
vt 0.590889 0.080074
vt 0.590889 0.156696
vt 0.590889 0.233319
vt 0.590889 0.309941
vt 0.578119 0.309941
vt 0.590889 0.386563
vt 0.590889 0.463185
vt 0.590889 0.616430
vt 0.578119 0.616430
vt 0.590889 0.003452
vt 0.603659 0.080074
vt 0.603659 0.156696
vt 0.603659 0.233319
vt 0.603659 0.309941
vt 0.603659 0.386563
vt 0.603659 0.463185
vt 0.590889 0.539807
vt 0.603659 0.616430
vt 0.603659 0.003452
vt 0.616430 0.080074
vt 0.616430 0.156696
vt 0.616430 0.233319
vt 0.616430 0.309941
vt 0.616430 0.386563
vt 0.616430 0.463185
vt 0.603659 0.539807
vt 0.616430 0.539807
vt 0.623333 0.003452
vt 0.629212 0.062243
vt 0.623333 0.062243
vt 0.629212 0.121033
vt 0.623333 0.121033
vt 0.623333 0.179824
vt 0.629212 0.179824
vt 0.623333 0.238615
vt 0.629212 0.003452
vt 0.635091 0.062243
vt 0.635091 0.121033
vt 0.635091 0.179824
vt 0.629212 0.238615
vt 0.635091 0.003452
vt 0.640971 0.062243
vt 0.640971 0.121033
vt 0.640971 0.179824
vt 0.635091 0.238615
vt 0.640971 0.003452
vt 0.646850 0.062243
vt 0.646850 0.121033
vt 0.646850 0.179824
vt 0.640971 0.238615
vt 0.646850 0.003452
vt 0.652729 0.062243
vt 0.652729 0.121033
vt 0.652729 0.179824
vt 0.646850 0.238615
vt 0.652729 0.003452
vt 0.658608 0.062243
vt 0.658608 0.121033
vt 0.658608 0.179824
vt 0.652729 0.238615
vt 0.664487 0.003452
vt 0.658608 0.003452
vt 0.664487 0.062243
vt 0.664487 0.179824
vt 0.664487 0.238615
vt 0.658608 0.238615
vt 0.670366 0.003452
vt 0.670366 0.062243
vt 0.664487 0.121033
vt 0.670366 0.179824
vt 0.670366 0.238615
vt 0.676245 0.062243
vt 0.676245 0.121033
vt 0.670366 0.121033
vt 0.676245 0.179824
vt 0.676245 0.003452
vt 0.682124 0.062243
vt 0.682124 0.121033
vt 0.682124 0.179824
vt 0.676245 0.238615
vt 0.682124 0.003452
vt 0.688003 0.062243
vt 0.688003 0.121033
vt 0.688003 0.179824
vt 0.682124 0.238615
vt 0.693882 0.003452
vt 0.688003 0.003452
vt 0.693882 0.062243
vt 0.693882 0.179824
vt 0.693882 0.238615
vt 0.688003 0.238615
vt 0.699761 0.003452
vt 0.699761 0.062243
vt 0.693882 0.121033
vt 0.699761 0.179824
vt 0.699761 0.238615
vt 0.705640 0.003452
vt 0.705640 0.062243
vt 0.699761 0.121033
vt 0.705640 0.179824
vt 0.705640 0.238615
vt 0.711520 0.003452
vt 0.711520 0.062243
vt 0.705640 0.121033
vt 0.711520 0.179824
vt 0.711520 0.238615
vt 0.717399 0.003452
vt 0.717399 0.062243
vt 0.711520 0.121033
vt 0.717399 0.179824
vt 0.717399 0.238615
vt 0.723278 0.003452
vt 0.723278 0.062243
vt 0.717399 0.121033
vt 0.723278 0.179824
vt 0.723278 0.238615
vt 0.729157 0.003452
vt 0.729157 0.062243
vt 0.723278 0.121033
vt 0.729157 0.179824
vt 0.729157 0.238615
vt 0.735036 0.003452
vt 0.735036 0.062243
vt 0.729157 0.121033
vt 0.735036 0.179824
vt 0.735036 0.238615
vt 0.740915 0.003452
vt 0.740915 0.062243
vt 0.735036 0.121033
vt 0.740915 0.179824
vt 0.740915 0.238615
vt 0.746794 0.062243
vt 0.746794 0.121033
vt 0.740915 0.121033
vt 0.746794 0.179824
vt 0.746794 0.003452
vt 0.752673 0.062243
vt 0.752673 0.121033
vt 0.752673 0.179824
vt 0.746794 0.238615
vt 0.752673 0.003452
vt 0.758552 0.062243
vt 0.758552 0.121033
vt 0.758552 0.179824
vt 0.752673 0.238615
vt 0.758552 0.003452
vt 0.764431 0.062243
vt 0.764431 0.121033
vt 0.764431 0.179824
vt 0.758552 0.238615
vt 0.764431 0.003452
vt 0.770310 0.062243
vt 0.770310 0.121033
vt 0.770310 0.179824
vt 0.764431 0.238615
vt 0.770310 0.003452
vt 0.776190 0.062243
vt 0.776190 0.121033
vt 0.776190 0.179824
vt 0.770310 0.238615
vt 0.776190 0.003452
vt 0.782069 0.062243
vt 0.782069 0.121033
vt 0.782069 0.179824
vt 0.776190 0.238615
vt 0.782069 0.003452
vt 0.787948 0.062243
vt 0.787948 0.121033
vt 0.787948 0.179824
vt 0.782069 0.238615
vt 0.793827 0.003452
vt 0.787948 0.003452
vt 0.793827 0.062243
vt 0.793827 0.179824
vt 0.793827 0.238615
vt 0.787948 0.238615
vt 0.799706 0.003452
vt 0.799706 0.062243
vt 0.793827 0.121033
vt 0.799706 0.179824
vt 0.799706 0.238615
vt 0.805585 0.003452
vt 0.805585 0.062243
vt 0.799706 0.121033
vt 0.805585 0.179824
vt 0.805585 0.238615
vt 0.811464 0.062243
vt 0.811464 0.121033
vt 0.805585 0.121033
vt 0.811464 0.179824
vt 0.811464 0.003452
vt 0.817343 0.062243
vt 0.817343 0.121033
vt 0.817343 0.179824
vt 0.811464 0.238615
vt 0.823222 0.003452
vt 0.817343 0.003452
vt 0.823222 0.062243
vt 0.823222 0.179824
vt 0.823222 0.238615
vt 0.817343 0.238615
vt 0.829101 0.003452
vt 0.829101 0.062243
vt 0.823222 0.121033
vt 0.829101 0.179824
vt 0.829101 0.238615
vt 0.834980 0.003452
vt 0.834980 0.062243
vt 0.829101 0.121033
vt 0.834980 0.179824
vt 0.834980 0.238615
vt 0.840859 0.003452
vt 0.840859 0.062243
vt 0.834980 0.121033
vt 0.840859 0.179824
vt 0.840859 0.238615
vt 0.846739 0.003452
vt 0.846739 0.062243
vt 0.840859 0.121033
vt 0.846739 0.179824
vt 0.846739 0.238615
vt 0.852618 0.003452
vt 0.852618 0.062243
vt 0.846739 0.121033
vt 0.852618 0.179824
vt 0.852618 0.238615
vt 0.728571 0.572820
vt 0.721597 0.565846
vt 0.728571 0.565846
vt 0.721597 0.579724
vt 0.728571 0.586698
vt 0.728571 0.579724
vt 0.003452 0.965447
vt 0.050104 0.996548
vt 0.003452 0.996548
vt 0.096756 0.965447
vt 0.096756 0.996548
vt 0.143407 0.965447
vt 0.143407 0.996548
vt 0.190059 0.965447
vt 0.190059 0.996548
vt 0.236711 0.996548
vt 0.236711 0.965447
vt 0.283363 0.996548
vt 0.330015 0.965447
vt 0.330015 0.996548
vt 0.376667 0.965447
vt 0.376667 0.996548
vt 0.003452 0.934346
vt 0.050104 0.965447
vt 0.096756 0.934346
vt 0.143407 0.934346
vt 0.190059 0.934346
vt 0.236711 0.934346
vt 0.283363 0.965447
vt 0.330015 0.934346
vt 0.003452 0.903244
vt 0.050104 0.934346
vt 0.096756 0.903244
vt 0.143407 0.903244
vt 0.190059 0.903244
vt 0.236711 0.903244
vt 0.283363 0.934346
vt 0.330015 0.903244
vt 0.376667 0.934346
vt 0.050104 0.872143
vt 0.050104 0.903244
vt 0.096756 0.872143
vt 0.143407 0.872143
vt 0.190059 0.872143
vt 0.236711 0.872143
vt 0.283363 0.903244
vt 0.283363 0.872143
vt 0.376667 0.872143
vt 0.376667 0.903244
vt 0.003452 0.872143
vt 0.050104 0.841042
vt 0.096756 0.841042
vt 0.143407 0.841042
vt 0.190059 0.841042
vt 0.236711 0.841042
vt 0.283363 0.841042
vt 0.330015 0.872143
vt 0.376667 0.841042
vt 0.003452 0.841042
vt 0.050104 0.809941
vt 0.096756 0.809941
vt 0.143407 0.809941
vt 0.190059 0.809941
vt 0.236711 0.809941
vt 0.283363 0.809941
vt 0.330015 0.841042
vt 0.330015 0.809941
vt 0.003452 0.778840
vt 0.003452 0.809941
vt 0.050104 0.778840
vt 0.096756 0.778840
vt 0.190059 0.778840
vt 0.236711 0.778840
vt 0.283363 0.778840
vt 0.330015 0.778840
vt 0.376667 0.778840
vt 0.376667 0.809941
vt 0.003452 0.747738
vt 0.050104 0.747738
vt 0.096756 0.747738
vt 0.143407 0.778840
vt 0.143407 0.747738
vt 0.236711 0.747738
vt 0.283363 0.747738
vt 0.330015 0.747738
vt 0.003452 0.716637
vt 0.050104 0.716637
vt 0.096756 0.716637
vt 0.190059 0.716637
vt 0.190059 0.747738
vt 0.236711 0.716637
vt 0.283363 0.716637
vt 0.330015 0.716637
vt 0.376667 0.747738
vt 0.050104 0.685536
vt 0.096756 0.685536
vt 0.143407 0.716637
vt 0.143407 0.685536
vt 0.236711 0.685536
vt 0.283363 0.685536
vt 0.376667 0.685536
vt 0.376667 0.716637
vt 0.003452 0.685536
vt 0.050104 0.654435
vt 0.096756 0.654435
vt 0.190059 0.654435
vt 0.190059 0.685536
vt 0.236711 0.654435
vt 0.283363 0.654435
vt 0.330015 0.685536
vt 0.376667 0.654435
vt 0.003452 0.654435
vt 0.050104 0.623333
vt 0.096756 0.623333
vt 0.143407 0.654435
vt 0.143407 0.623333
vt 0.236711 0.623333
vt 0.283363 0.623333
vt 0.330015 0.654435
vt 0.330015 0.623333
vt 0.623333 0.816110
vt 0.640697 0.798746
vt 0.665254 0.798746
vt 0.571841 0.856596
vt 0.589205 0.839232
vt 0.589205 0.814675
vt 0.623333 0.435143
vt 0.714694 0.453415
vt 0.714694 0.435143
vt 0.623333 0.453415
vt 0.714694 0.471687
vt 0.623333 0.489960
vt 0.623333 0.471687
vt 0.714694 0.508232
vt 0.714694 0.489960
vt 0.623333 0.508232
vt 0.714694 0.526504
vt 0.623333 0.544776
vt 0.623333 0.526504
vt 0.623333 0.563048
vt 0.714694 0.544776
vt 0.714694 0.581320
vt 0.714694 0.563048
vt 0.623333 0.599592
vt 0.623333 0.581320
vt 0.623333 0.617864
vt 0.714694 0.599592
vt 0.716808 0.856128
vt 0.733672 0.850648
vt 0.716808 0.798746
vt 0.869944 0.055354
vt 0.859521 0.023277
vt 0.886808 0.003452
vt 0.623333 0.245519
vt 0.714694 0.263791
vt 0.714694 0.245519
vt 0.623333 0.263791
vt 0.714694 0.282063
vt 0.623333 0.300335
vt 0.623333 0.282063
vt 0.714694 0.318607
vt 0.714694 0.300335
vt 0.623333 0.318607
vt 0.714694 0.336879
vt 0.623333 0.355151
vt 0.623333 0.336879
vt 0.623333 0.373423
vt 0.714694 0.355151
vt 0.714694 0.391695
vt 0.714694 0.373423
vt 0.623333 0.409968
vt 0.623333 0.391695
vt 0.623333 0.428240
vt 0.714694 0.409968
vt 0.601699 0.628813
vt 0.567971 0.628813
vt 0.584835 0.680715
vt 0.567971 0.693098
vt 0.601699 0.693098
vt 0.612122 0.725176
vt 0.797311 0.771117
vt 0.805047 0.791747
vt 0.797311 0.791747
vt 0.805047 0.812376
vt 0.797311 0.812376
vt 0.805047 0.833005
vt 0.797311 0.833005
vt 0.797311 0.853635
vt 0.805047 0.853635
vt 0.797311 0.874264
vt 0.805047 0.874264
vt 0.797311 0.894894
vt 0.805047 0.771117
vt 0.812783 0.791747
vt 0.812783 0.812376
vt 0.812783 0.833005
vt 0.812783 0.853635
vt 0.812783 0.874264
vt 0.805047 0.894894
vt 0.812783 0.771117
vt 0.820519 0.791747
vt 0.820519 0.812376
vt 0.820519 0.833005
vt 0.820519 0.853635
vt 0.820519 0.874264
vt 0.812783 0.894894
vt 0.820519 0.771117
vt 0.828255 0.791747
vt 0.828255 0.812376
vt 0.828255 0.833005
vt 0.828255 0.853635
vt 0.828255 0.874264
vt 0.820519 0.894894
vt 0.835991 0.771117
vt 0.828255 0.771117
vt 0.835991 0.791747
vt 0.835991 0.812376
vt 0.835991 0.853635
vt 0.835991 0.874264
vt 0.835991 0.894894
vt 0.828255 0.894894
vt 0.843727 0.771117
vt 0.843727 0.791747
vt 0.843727 0.812376
vt 0.835991 0.833005
vt 0.843727 0.853635
vt 0.843727 0.874264
vt 0.843727 0.894894
vt 0.851463 0.771117
vt 0.851463 0.791747
vt 0.851463 0.812376
vt 0.843727 0.833005
vt 0.851463 0.853635
vt 0.851463 0.874264
vt 0.851463 0.894894
vt 0.859199 0.771117
vt 0.859199 0.791747
vt 0.859199 0.812376
vt 0.851463 0.833005
vt 0.859199 0.853635
vt 0.859199 0.874264
vt 0.859199 0.894894
vt 0.866935 0.791747
vt 0.866935 0.812376
vt 0.866935 0.833005
vt 0.859199 0.833005
vt 0.866935 0.853635
vt 0.866935 0.874264
vt 0.866935 0.771117
vt 0.874671 0.791747
vt 0.874671 0.812376
vt 0.874671 0.833005
vt 0.874671 0.853635
vt 0.874671 0.874264
vt 0.866935 0.894894
vt 0.874671 0.771117
vt 0.882407 0.791747
vt 0.882407 0.812376
vt 0.882407 0.833005
vt 0.882407 0.853635
vt 0.882407 0.874264
vt 0.874671 0.894894
vt 0.882407 0.771117
vt 0.890144 0.791747
vt 0.890144 0.812376
vt 0.890144 0.833005
vt 0.890144 0.853635
vt 0.890144 0.874264
vt 0.882407 0.894894
vt 0.897880 0.771117
vt 0.890144 0.771117
vt 0.897880 0.791747
vt 0.897880 0.812376
vt 0.897880 0.853635
vt 0.897880 0.874264
vt 0.897880 0.894894
vt 0.890144 0.894894
vt 0.905616 0.771117
vt 0.905616 0.791747
vt 0.905616 0.812376
vt 0.897880 0.833005
vt 0.905616 0.853635
vt 0.905616 0.874264
vt 0.905616 0.894894
vt 0.913352 0.771117
vt 0.913352 0.791747
vt 0.913352 0.812376
vt 0.905616 0.833005
vt 0.913352 0.853635
vt 0.913352 0.874264
vt 0.913352 0.894894
vt 0.921088 0.771117
vt 0.921088 0.791747
vt 0.921088 0.812376
vt 0.913352 0.833005
vt 0.921088 0.853635
vt 0.921088 0.874264
vt 0.921088 0.894894
vt 0.721597 0.558943
vt 0.744838 0.551970
vt 0.744838 0.558943
vt 0.768079 0.551970
vt 0.768079 0.558943
vt 0.791320 0.551970
vt 0.791320 0.558943
vt 0.814561 0.558943
vt 0.814561 0.551970
vt 0.837802 0.558943
vt 0.837802 0.551970
vt 0.861043 0.558943
vt 0.721597 0.551970
vt 0.744838 0.544998
vt 0.768079 0.544998
vt 0.791320 0.544998
vt 0.814561 0.544998
vt 0.837802 0.544998
vt 0.861043 0.551970
vt 0.721597 0.544998
vt 0.744838 0.538026
vt 0.768079 0.538026
vt 0.791320 0.538026
vt 0.814561 0.538026
vt 0.837802 0.538026
vt 0.861043 0.544998
vt 0.721597 0.538026
vt 0.744838 0.531053
vt 0.768079 0.531053
vt 0.791320 0.531053
vt 0.814561 0.531053
vt 0.837802 0.531053
vt 0.861043 0.538026
vt 0.721597 0.531053
vt 0.744838 0.524081
vt 0.768079 0.524081
vt 0.791320 0.524081
vt 0.814561 0.524081
vt 0.837802 0.524081
vt 0.861043 0.531053
vt 0.721597 0.517109
vt 0.721597 0.524081
vt 0.744838 0.517109
vt 0.768079 0.517109
vt 0.814561 0.517109
vt 0.837802 0.517109
vt 0.861043 0.517109
vt 0.861043 0.524081
vt 0.721597 0.510136
vt 0.744838 0.510136
vt 0.768079 0.510136
vt 0.791320 0.517109
vt 0.814561 0.510136
vt 0.837802 0.510136
vt 0.861043 0.510136
vt 0.721597 0.503164
vt 0.744838 0.503164
vt 0.768079 0.503164
vt 0.791320 0.510136
vt 0.814561 0.503164
vt 0.837802 0.503164
vt 0.861043 0.503164
vt 0.721597 0.496192
vt 0.744838 0.496192
vt 0.768079 0.496192
vt 0.791320 0.503164
vt 0.814561 0.496192
vt 0.837802 0.496192
vt 0.861043 0.496192
vt 0.721597 0.489220
vt 0.744838 0.489220
vt 0.768079 0.489220
vt 0.791320 0.496192
vt 0.814561 0.489220
vt 0.837802 0.489220
vt 0.861043 0.489220
vt 0.744838 0.482247
vt 0.768079 0.482247
vt 0.791320 0.482247
vt 0.791320 0.489220
vt 0.814561 0.482247
vt 0.837802 0.482247
vt 0.721597 0.482247
vt 0.744838 0.475275
vt 0.768079 0.475275
vt 0.791320 0.475275
vt 0.814561 0.475275
vt 0.837802 0.475275
vt 0.861043 0.482247
vt 0.721597 0.475275
vt 0.744838 0.468303
vt 0.768079 0.468303
vt 0.791320 0.468303
vt 0.814561 0.468303
vt 0.837802 0.468303
vt 0.861043 0.475275
vt 0.721597 0.468303
vt 0.744838 0.461330
vt 0.768079 0.461330
vt 0.791320 0.461330
vt 0.814561 0.461330
vt 0.837802 0.461330
vt 0.861043 0.468303
vt 0.721597 0.461330
vt 0.744838 0.454358
vt 0.768079 0.454358
vt 0.791320 0.454358
vt 0.814561 0.454358
vt 0.837802 0.454358
vt 0.861043 0.461330
vt 0.721597 0.447386
vt 0.721597 0.454358
vt 0.744838 0.447386
vt 0.768079 0.447386
vt 0.814561 0.447386
vt 0.837802 0.447386
vt 0.861043 0.447386
vt 0.861043 0.454358
vt 0.721597 0.440413
vt 0.744838 0.440413
vt 0.768079 0.440413
vt 0.791320 0.447386
vt 0.814561 0.440413
vt 0.837802 0.440413
vt 0.861043 0.440413
vt 0.721597 0.433441
vt 0.744838 0.433441
vt 0.768079 0.433441
vt 0.791320 0.440413
vt 0.814561 0.433441
vt 0.837802 0.433441
vt 0.861043 0.433441
vt 0.721597 0.426469
vt 0.744838 0.426469
vt 0.768079 0.426469
vt 0.791320 0.433441
vt 0.814561 0.426469
vt 0.837802 0.426469
vt 0.861043 0.426469
vt 0.721597 0.419497
vt 0.744838 0.419497
vt 0.768079 0.419497
vt 0.791320 0.426469
vt 0.814561 0.419497
vt 0.837802 0.419497
vt 0.861043 0.419497
vt 0.721597 0.245519
vt 0.729951 0.273364
vt 0.721597 0.273364
vt 0.729951 0.301210
vt 0.721597 0.301210
vt 0.729951 0.329056
vt 0.721597 0.329056
vt 0.721597 0.356902
vt 0.729951 0.356902
vt 0.721597 0.384747
vt 0.729951 0.384747
vt 0.721597 0.412593
vt 0.729951 0.245519
vt 0.738305 0.273364
vt 0.738305 0.301210
vt 0.738305 0.329056
vt 0.738305 0.356902
vt 0.738305 0.384747
vt 0.729951 0.412593
vt 0.738305 0.245519
vt 0.746658 0.273364
vt 0.746658 0.301210
vt 0.746658 0.329056
vt 0.746658 0.356902
vt 0.746658 0.384747
vt 0.738305 0.412593
vt 0.746658 0.245519
vt 0.755012 0.273364
vt 0.755012 0.301210
vt 0.755012 0.329056
vt 0.755012 0.356902
vt 0.755012 0.384747
vt 0.746658 0.412593
vt 0.755012 0.245519
vt 0.763366 0.273364
vt 0.763366 0.301210
vt 0.763366 0.329056
vt 0.763366 0.356902
vt 0.763366 0.384747
vt 0.755012 0.412593
vt 0.771720 0.245519
vt 0.763366 0.245519
vt 0.771720 0.273364
vt 0.771720 0.301210
vt 0.771720 0.356902
vt 0.771720 0.384747
vt 0.771720 0.412593
vt 0.763366 0.412593
vt 0.780073 0.245519
vt 0.780073 0.273364
vt 0.780073 0.301210
vt 0.771720 0.329056
vt 0.780073 0.356902
vt 0.780073 0.384747
vt 0.780073 0.412593
vt 0.788427 0.245519
vt 0.788427 0.273364
vt 0.788427 0.301210
vt 0.780073 0.329056
vt 0.788427 0.356902
vt 0.788427 0.384747
vt 0.788427 0.412593
vt 0.796781 0.245519
vt 0.796781 0.273364
vt 0.796781 0.301210
vt 0.788427 0.329056
vt 0.796781 0.356902
vt 0.796781 0.384747
vt 0.796781 0.412593
vt 0.805134 0.245519
vt 0.805134 0.273364
vt 0.805134 0.301210
vt 0.796781 0.329056
vt 0.805134 0.356902
vt 0.805134 0.384747
vt 0.805134 0.412593
vt 0.813488 0.273364
vt 0.813488 0.301210
vt 0.813488 0.329056
vt 0.805134 0.329056
vt 0.813488 0.356902
vt 0.813488 0.384747
vt 0.813488 0.245519
vt 0.821842 0.273364
vt 0.821842 0.301210
vt 0.821842 0.329056
vt 0.821842 0.356902
vt 0.821842 0.384747
vt 0.813488 0.412593
vt 0.821842 0.245519
vt 0.830196 0.273364
vt 0.830196 0.301210
vt 0.830196 0.329056
vt 0.830196 0.356902
vt 0.830196 0.384747
vt 0.821842 0.412593
vt 0.830196 0.245519
vt 0.838549 0.273364
vt 0.838549 0.301210
vt 0.838549 0.329056
vt 0.838549 0.356902
vt 0.838549 0.384747
vt 0.830196 0.412593
vt 0.838549 0.245519
vt 0.846903 0.273364
vt 0.846903 0.301210
vt 0.846903 0.329056
vt 0.846903 0.356902
vt 0.846903 0.384747
vt 0.838549 0.412593
vt 0.855257 0.245519
vt 0.846903 0.245519
vt 0.855257 0.273364
vt 0.855257 0.301210
vt 0.855257 0.356902
vt 0.855257 0.384747
vt 0.855257 0.412593
vt 0.846903 0.412593
vt 0.863610 0.245519
vt 0.863610 0.273364
vt 0.863610 0.301210
vt 0.855257 0.329056
vt 0.863610 0.356902
vt 0.863610 0.384747
vt 0.863610 0.412593
vt 0.871964 0.245519
vt 0.871964 0.273364
vt 0.871964 0.301210
vt 0.863610 0.329056
vt 0.871964 0.356902
vt 0.871964 0.384747
vt 0.871964 0.412593
vt 0.880318 0.245519
vt 0.880318 0.273364
vt 0.880318 0.301210
vt 0.871964 0.329056
vt 0.880318 0.356902
vt 0.880318 0.384747
vt 0.880318 0.412593
vt 0.888672 0.245519
vt 0.888672 0.273364
vt 0.888672 0.301210
vt 0.880318 0.329056
vt 0.888672 0.356902
vt 0.888672 0.384747
vt 0.888672 0.412593
vt 0.383570 0.936757
vt 0.406811 0.929785
vt 0.406811 0.936757
vt 0.430052 0.929785
vt 0.430052 0.936757
vt 0.453293 0.929785
vt 0.453293 0.936757
vt 0.476534 0.936757
vt 0.476534 0.929785
vt 0.499775 0.936757
vt 0.499775 0.929785
vt 0.523016 0.936757
vt 0.383570 0.929785
vt 0.406811 0.922813
vt 0.430052 0.922813
vt 0.453293 0.922813
vt 0.476534 0.922813
vt 0.499775 0.922813
vt 0.523016 0.929785
vt 0.383570 0.922813
vt 0.406811 0.915841
vt 0.430052 0.915841
vt 0.453293 0.915841
vt 0.476534 0.915841
vt 0.499775 0.915841
vt 0.523016 0.922813
vt 0.383570 0.915841
vt 0.406811 0.908868
vt 0.430052 0.908868
vt 0.453293 0.908868
vt 0.476534 0.908868
vt 0.499775 0.908868
vt 0.523016 0.915841
vt 0.383570 0.908868
vt 0.406811 0.901896
vt 0.430052 0.901896
vt 0.453293 0.901896
vt 0.476534 0.901896
vt 0.499775 0.901896
vt 0.523016 0.908868
vt 0.383570 0.894924
vt 0.383570 0.901896
vt 0.406811 0.894924
vt 0.430052 0.894924
vt 0.476534 0.894924
vt 0.499775 0.894924
vt 0.523016 0.894924
vt 0.523016 0.901896
vt 0.383570 0.887951
vt 0.406811 0.887951
vt 0.430052 0.887951
vt 0.453293 0.894924
vt 0.476534 0.887951
vt 0.499775 0.887951
vt 0.523016 0.887951
vt 0.383570 0.880979
vt 0.406811 0.880979
vt 0.430052 0.880979
vt 0.453293 0.887951
vt 0.476534 0.880979
vt 0.499775 0.880979
vt 0.523016 0.880979
vt 0.383570 0.874007
vt 0.406811 0.874007
vt 0.430052 0.874007
vt 0.453293 0.880979
vt 0.476534 0.874007
vt 0.499775 0.874007
vt 0.523016 0.874007
vt 0.383570 0.867034
vt 0.406811 0.867034
vt 0.430052 0.867034
vt 0.453293 0.874007
vt 0.476534 0.867034
vt 0.499775 0.867034
vt 0.523016 0.867034
vt 0.406811 0.860062
vt 0.430052 0.860062
vt 0.453293 0.860062
vt 0.453293 0.867034
vt 0.476534 0.860062
vt 0.499775 0.860062
vt 0.383570 0.860062
vt 0.406811 0.853090
vt 0.430052 0.853090
vt 0.453293 0.853090
vt 0.476534 0.853090
vt 0.499775 0.853090
vt 0.523016 0.860062
vt 0.383570 0.853090
vt 0.406811 0.846117
vt 0.430052 0.846117
vt 0.453293 0.846117
vt 0.476534 0.846117
vt 0.499775 0.846117
vt 0.523016 0.853090
vt 0.383570 0.846117
vt 0.406811 0.839145
vt 0.430052 0.839145
vt 0.453293 0.839145
vt 0.476534 0.839145
vt 0.499775 0.839145
vt 0.523016 0.846117
vt 0.383570 0.839145
vt 0.406811 0.832173
vt 0.430052 0.832173
vt 0.453293 0.832173
vt 0.476534 0.832173
vt 0.499775 0.832173
vt 0.523016 0.839145
vt 0.383570 0.825201
vt 0.383570 0.832173
vt 0.406811 0.825201
vt 0.430052 0.825201
vt 0.476534 0.825201
vt 0.499775 0.825200
vt 0.523016 0.825200
vt 0.523016 0.832173
vt 0.383570 0.818228
vt 0.406811 0.818228
vt 0.430052 0.818228
vt 0.453293 0.825201
vt 0.476534 0.818228
vt 0.499775 0.818228
vt 0.523016 0.818228
vt 0.383570 0.811256
vt 0.406811 0.811256
vt 0.430052 0.811256
vt 0.453293 0.818228
vt 0.476534 0.811256
vt 0.499775 0.811256
vt 0.523016 0.811256
vt 0.383570 0.804284
vt 0.406811 0.804284
vt 0.430052 0.804284
vt 0.453293 0.811256
vt 0.476534 0.804284
vt 0.499775 0.804284
vt 0.523016 0.804284
vt 0.383570 0.797311
vt 0.406811 0.797311
vt 0.430052 0.797311
vt 0.453293 0.804284
vt 0.476534 0.797311
vt 0.499775 0.797311
vt 0.523016 0.797311
vt 0.623333 0.624768
vt 0.631687 0.652613
vt 0.623333 0.652613
vt 0.631687 0.680459
vt 0.623333 0.680459
vt 0.631687 0.708305
vt 0.623333 0.708305
vt 0.623333 0.736151
vt 0.631687 0.736151
vt 0.623333 0.763996
vt 0.631687 0.763996
vt 0.623333 0.791842
vt 0.631687 0.624768
vt 0.640041 0.652613
vt 0.640041 0.680459
vt 0.640041 0.708305
vt 0.640041 0.736151
vt 0.640041 0.763996
vt 0.631687 0.791842
vt 0.640041 0.624768
vt 0.648394 0.652613
vt 0.648394 0.680459
vt 0.648394 0.708305
vt 0.648394 0.736151
vt 0.648394 0.763996
vt 0.640041 0.791842
vt 0.648394 0.624768
vt 0.656748 0.652613
vt 0.656748 0.680459
vt 0.656748 0.708305
vt 0.656748 0.736151
vt 0.656748 0.763996
vt 0.648394 0.791842
vt 0.656748 0.624768
vt 0.665102 0.652613
vt 0.665102 0.680459
vt 0.665102 0.708305
vt 0.665102 0.736151
vt 0.665102 0.763996
vt 0.656748 0.791842
vt 0.673456 0.624768
vt 0.665102 0.624768
vt 0.673456 0.652613
vt 0.673456 0.680459
vt 0.673456 0.736151
vt 0.673456 0.763996
vt 0.673456 0.791842
vt 0.665102 0.791842
vt 0.681809 0.624768
vt 0.681809 0.652613
vt 0.681809 0.680459
vt 0.673456 0.708305
vt 0.681809 0.736151
vt 0.681809 0.763996
vt 0.681809 0.791842
vt 0.690163 0.624768
vt 0.690163 0.652613
vt 0.690163 0.680459
vt 0.681809 0.708305
vt 0.690163 0.736151
vt 0.690163 0.763996
vt 0.690163 0.791842
vt 0.698517 0.624768
vt 0.698517 0.652613
vt 0.698517 0.680459
vt 0.690163 0.708305
vt 0.698517 0.736151
vt 0.698517 0.763996
vt 0.698517 0.791842
vt 0.706870 0.624768
vt 0.706870 0.652613
vt 0.706870 0.680459
vt 0.698517 0.708305
vt 0.706870 0.736151
vt 0.706870 0.763996
vt 0.706870 0.791842
vt 0.715224 0.652613
vt 0.715224 0.680459
vt 0.715224 0.708305
vt 0.706870 0.708305
vt 0.715224 0.736151
vt 0.715224 0.763996
vt 0.715224 0.624768
vt 0.723578 0.652613
vt 0.723578 0.680459
vt 0.723578 0.708305
vt 0.723578 0.736151
vt 0.723578 0.763996
vt 0.715224 0.791842
vt 0.723578 0.624768
vt 0.731932 0.652613
vt 0.731932 0.680459
vt 0.731932 0.708305
vt 0.731932 0.736151
vt 0.731932 0.763996
vt 0.723578 0.791842
vt 0.731932 0.624768
vt 0.740285 0.652613
vt 0.740285 0.680459
vt 0.740285 0.708305
vt 0.740285 0.736151
vt 0.740285 0.763996
vt 0.731932 0.791842
vt 0.740285 0.624768
vt 0.748639 0.652613
vt 0.748639 0.680459
vt 0.748639 0.708305
vt 0.748639 0.736151
vt 0.748639 0.763996
vt 0.740285 0.791842
vt 0.756993 0.624768
vt 0.748639 0.624768
vt 0.756993 0.652613
vt 0.756993 0.680459
vt 0.756993 0.736151
vt 0.756993 0.763996
vt 0.756993 0.791842
vt 0.748639 0.791842
vt 0.765346 0.624768
vt 0.765346 0.652613
vt 0.765346 0.680459
vt 0.756993 0.708305
vt 0.765346 0.736151
vt 0.765346 0.763996
vt 0.765346 0.791842
vt 0.773700 0.624768
vt 0.773700 0.652613
vt 0.773700 0.680459
vt 0.765346 0.708305
vt 0.773700 0.736151
vt 0.773700 0.763996
vt 0.773700 0.791842
vt 0.782054 0.624768
vt 0.782054 0.652613
vt 0.782054 0.680459
vt 0.773700 0.708305
vt 0.782054 0.736151
vt 0.782054 0.763996
vt 0.782054 0.791842
vt 0.790408 0.624768
vt 0.790408 0.652613
vt 0.790408 0.680459
vt 0.782054 0.708305
vt 0.790408 0.736151
vt 0.790408 0.763996
vt 0.790408 0.791842
vt 0.797311 0.764214
vt 0.820552 0.757241
vt 0.820552 0.764214
vt 0.843793 0.757241
vt 0.843793 0.764214
vt 0.867034 0.757241
vt 0.867034 0.764214
vt 0.890275 0.764214
vt 0.890275 0.757241
vt 0.913516 0.764214
vt 0.913516 0.757241
vt 0.936757 0.764214
vt 0.797311 0.757241
vt 0.820552 0.750269
vt 0.843793 0.750269
vt 0.867034 0.750269
vt 0.890275 0.750269
vt 0.913516 0.750269
vt 0.936757 0.757241
vt 0.797311 0.750269
vt 0.820552 0.743297
vt 0.843793 0.743297
vt 0.867034 0.743297
vt 0.890275 0.743297
vt 0.913516 0.743297
vt 0.936757 0.750269
vt 0.797311 0.743297
vt 0.820552 0.736324
vt 0.843793 0.736324
vt 0.867034 0.736324
vt 0.890275 0.736324
vt 0.913516 0.736324
vt 0.936757 0.743297
vt 0.797311 0.736324
vt 0.820552 0.729352
vt 0.843793 0.729352
vt 0.867034 0.729352
vt 0.890275 0.729352
vt 0.913516 0.729352
vt 0.936757 0.736324
vt 0.797311 0.722380
vt 0.797311 0.729352
vt 0.820552 0.722380
vt 0.843793 0.722380
vt 0.890275 0.722380
vt 0.913516 0.722380
vt 0.936757 0.722380
vt 0.936757 0.729352
vt 0.797311 0.715408
vt 0.820552 0.715408
vt 0.843793 0.715408
vt 0.867034 0.722380
vt 0.890275 0.715408
vt 0.913516 0.715408
vt 0.936757 0.715408
vt 0.797311 0.708435
vt 0.820552 0.708435
vt 0.843793 0.708435
vt 0.867034 0.715408
vt 0.890275 0.708435
vt 0.913516 0.708435
vt 0.936757 0.708435
vt 0.797311 0.701463
vt 0.820552 0.701463
vt 0.843793 0.701463
vt 0.867034 0.708435
vt 0.890275 0.701463
vt 0.913516 0.701463
vt 0.936757 0.701463
vt 0.797311 0.694491
vt 0.820552 0.694491
vt 0.843793 0.694491
vt 0.867034 0.701463
vt 0.890275 0.694491
vt 0.913516 0.694491
vt 0.936757 0.694491
vt 0.820552 0.687518
vt 0.843793 0.687518
vt 0.867034 0.687518
vt 0.867034 0.694491
vt 0.890275 0.687518
vt 0.913516 0.687518
vt 0.797311 0.687518
vt 0.820552 0.680546
vt 0.843793 0.680546
vt 0.867034 0.680546
vt 0.890275 0.680546
vt 0.913516 0.680546
vt 0.936757 0.687518
vt 0.797311 0.680546
vt 0.820552 0.673574
vt 0.843793 0.673574
vt 0.867034 0.673574
vt 0.890275 0.673574
vt 0.913516 0.673574
vt 0.936757 0.680546
vt 0.797311 0.673574
vt 0.820552 0.666601
vt 0.843793 0.666601
vt 0.867034 0.666601
vt 0.890275 0.666601
vt 0.913516 0.666601
vt 0.936757 0.673574
vt 0.797311 0.666601
vt 0.820552 0.659629
vt 0.843793 0.659629
vt 0.867034 0.659629
vt 0.890275 0.659629
vt 0.913516 0.659629
vt 0.936757 0.666601
vt 0.797311 0.652657
vt 0.797311 0.659629
vt 0.820552 0.652657
vt 0.843793 0.652657
vt 0.890275 0.652657
vt 0.913516 0.652657
vt 0.936757 0.652657
vt 0.936757 0.659629
vt 0.797311 0.645685
vt 0.820552 0.645685
vt 0.843793 0.645685
vt 0.867034 0.652657
vt 0.890275 0.645685
vt 0.913516 0.645685
vt 0.936757 0.645685
vt 0.797311 0.638712
vt 0.820552 0.638712
vt 0.843793 0.638712
vt 0.867034 0.645685
vt 0.890275 0.638712
vt 0.913516 0.638712
vt 0.936757 0.638712
vt 0.797311 0.631740
vt 0.820552 0.631740
vt 0.843793 0.631740
vt 0.867034 0.638712
vt 0.890275 0.631740
vt 0.913516 0.631740
vt 0.936757 0.631740
vt 0.797311 0.624768
vt 0.820552 0.624768
vt 0.843793 0.624768
vt 0.867034 0.631740
vt 0.890275 0.624768
vt 0.913516 0.624768
vt 0.936757 0.624768
vt 0.383570 0.790408
vt 0.411416 0.782054
vt 0.411416 0.790408
vt 0.439262 0.782054
vt 0.439262 0.790408
vt 0.467108 0.782054
vt 0.467108 0.790408
vt 0.494953 0.790408
vt 0.494953 0.782054
vt 0.522799 0.790408
vt 0.522799 0.782054
vt 0.550645 0.790408
vt 0.383570 0.782054
vt 0.411416 0.773700
vt 0.439262 0.773700
vt 0.467108 0.773700
vt 0.494953 0.773700
vt 0.522799 0.773700
vt 0.550645 0.782054
vt 0.383570 0.773700
vt 0.411416 0.765346
vt 0.439262 0.765346
vt 0.467108 0.765346
vt 0.494953 0.765346
vt 0.522799 0.765346
vt 0.550645 0.773700
vt 0.383570 0.765346
vt 0.411416 0.756993
vt 0.439262 0.756993
vt 0.467108 0.756993
vt 0.494953 0.756993
vt 0.522799 0.756993
vt 0.550645 0.765346
vt 0.383570 0.756993
vt 0.411416 0.748639
vt 0.439262 0.748639
vt 0.467108 0.748639
vt 0.494953 0.748639
vt 0.522799 0.748639
vt 0.550645 0.756993
vt 0.383570 0.740285
vt 0.383570 0.748639
vt 0.411416 0.740285
vt 0.439262 0.740285
vt 0.494953 0.740285
vt 0.522799 0.740285
vt 0.550645 0.740285
vt 0.550645 0.748639
vt 0.383570 0.731932
vt 0.411416 0.731932
vt 0.439262 0.731932
vt 0.467108 0.740285
vt 0.494953 0.731932
vt 0.522799 0.731932
vt 0.550645 0.731932
vt 0.383570 0.723578
vt 0.411416 0.723578
vt 0.439262 0.723578
vt 0.467108 0.731932
vt 0.494953 0.723578
vt 0.522799 0.723578
vt 0.550645 0.723578
vt 0.383570 0.715224
vt 0.411416 0.715224
vt 0.439262 0.715224
vt 0.467108 0.723578
vt 0.494953 0.715224
vt 0.522799 0.715224
vt 0.550645 0.715224
vt 0.383570 0.706870
vt 0.411416 0.706870
vt 0.439262 0.706870
vt 0.467108 0.715224
vt 0.494953 0.706870
vt 0.522799 0.706870
vt 0.550645 0.706870
vt 0.411416 0.698517
vt 0.439262 0.698517
vt 0.467108 0.698517
vt 0.467108 0.706870
vt 0.494953 0.698517
vt 0.522799 0.698517
vt 0.383570 0.698517
vt 0.411416 0.690163
vt 0.439262 0.690163
vt 0.467108 0.690163
vt 0.494953 0.690163
vt 0.522799 0.690163
vt 0.550645 0.698517
vt 0.383570 0.690163
vt 0.411416 0.681809
vt 0.439262 0.681809
vt 0.467108 0.681809
vt 0.494953 0.681809
vt 0.522799 0.681809
vt 0.550645 0.690163
vt 0.383570 0.681809
vt 0.411416 0.673456
vt 0.439262 0.673456
vt 0.467108 0.673456
vt 0.494953 0.673456
vt 0.522799 0.673456
vt 0.550645 0.681809
vt 0.383570 0.673456
vt 0.411416 0.665102
vt 0.439262 0.665102
vt 0.467108 0.665102
vt 0.494953 0.665102
vt 0.522799 0.665102
vt 0.550645 0.673456
vt 0.383570 0.656748
vt 0.383570 0.665102
vt 0.411416 0.656748
vt 0.439262 0.656748
vt 0.494953 0.656748
vt 0.522799 0.656748
vt 0.550645 0.656748
vt 0.550645 0.665102
vt 0.383570 0.648394
vt 0.411416 0.648394
vt 0.439262 0.648394
vt 0.467108 0.656748
vt 0.494953 0.648394
vt 0.522799 0.648394
vt 0.550645 0.648394
vt 0.383570 0.640041
vt 0.411416 0.640041
vt 0.439262 0.640041
vt 0.467108 0.648394
vt 0.494953 0.640041
vt 0.522799 0.640041
vt 0.550645 0.640041
vt 0.383570 0.631687
vt 0.411416 0.631687
vt 0.439262 0.631687
vt 0.467108 0.640041
vt 0.494953 0.631687
vt 0.522799 0.631687
vt 0.550645 0.631687
vt 0.383570 0.623333
vt 0.411416 0.623333
vt 0.439262 0.623333
vt 0.467108 0.631687
vt 0.494953 0.623333
vt 0.522799 0.623333
vt 0.550645 0.623333
vt 0.616430 0.003452
vt 0.616430 0.616430
vt 0.852618 0.121033
vt 0.721597 0.572820
vt 0.721597 0.586698
vt 0.003452 0.623333
vt 0.190059 0.623333
vt 0.376667 0.623333
vt 0.682618 0.816110
vt 0.640697 0.858030
vt 0.682618 0.840666
vt 0.665254 0.858030
vt 0.623333 0.840666
vt 0.571841 0.797311
vt 0.547284 0.797311
vt 0.529920 0.814675
vt 0.529920 0.839232
vt 0.547284 0.856596
vt 0.714694 0.617864
vt 0.744095 0.836303
vt 0.744095 0.818570
vt 0.733672 0.804225
vt 0.699944 0.804225
vt 0.689522 0.818570
vt 0.689522 0.836303
vt 0.699944 0.850648
vt 0.914095 0.023277
vt 0.914095 0.041009
vt 0.903672 0.055354
vt 0.886808 0.060834
vt 0.859521 0.041009
vt 0.869944 0.008931
vt 0.903672 0.008931
vt 0.714694 0.428240
vt 0.612122 0.660890
vt 0.612122 0.643158
vt 0.584835 0.623333
vt 0.557548 0.643158
vt 0.557548 0.660890
vt 0.567971 0.675236
vt 0.601699 0.675236
vt 0.601699 0.739522
vt 0.584835 0.745001
vt 0.567971 0.739522
vt 0.557548 0.725176
vt 0.557548 0.707444
vt 0.584835 0.687619
vt 0.612122 0.707444
vt 0.921088 0.833005
vt 0.791320 0.419497
vt 0.888672 0.329056
vt 0.453293 0.797311
vt 0.790408 0.708305
vt 0.867034 0.624768
vt 0.467108 0.623333
s 1
usemtl base1
f 1/1/1 2/2/2 3/3/3
f 4/4/4 5/5/5 2/2/2
f 6/6/6 7/7/7 5/5/5
f 7/7/7 8/8/8 9/9/9
f 9/9/9 10/10/10 11/11/11
f 11/11/11 12/12/12 13/13/13
f 13/13/13 14/14/14 15/15/15
f 14/14/14 16/16/3 15/15/15
f 17/17/16 4/4/4 1/1/1
f 18/18/17 6/6/6 4/4/4
f 19/19/18 20/20/19 6/6/6
f 21/21/20 8/8/8 20/20/19
f 8/8/8 22/22/21 10/10/10
f 10/10/10 23/23/22 12/12/12
f 12/12/12 24/24/23 14/14/14
f 14/14/14 25/25/24 26/26/1
f 27/27/25 18/18/17 17/17/16
f 28/28/26 19/19/18 18/18/17
f 29/29/27 21/21/20 19/19/18
f 30/30/28 31/31/29 21/21/20
f 31/31/29 32/32/30 22/22/21
f 22/22/21 33/33/31 23/23/22
f 23/23/22 34/34/32 24/24/23
f 34/34/32 25/25/24 24/24/23
f 27/27/25 35/35/33 28/28/26
f 28/28/26 36/36/34 29/29/27
f 29/29/27 37/37/35 30/30/28
f 37/37/35 38/38/36 30/30/28
f 39/39/37 32/32/30 38/38/36
f 40/40/38 33/33/31 32/32/30
f 41/41/39 34/34/32 33/33/31
f 42/42/40 43/43/41 34/34/32
f 44/44/42 45/45/43 35/35/33
f 35/35/33 46/46/44 36/36/34
f 36/36/34 47/47/45 37/37/35
f 37/37/35 48/48/46 39/39/37
f 48/48/46 40/40/38 39/39/37
f 49/49/47 41/41/39 40/40/38
f 50/50/48 42/42/40 41/41/39
f 51/51/49 52/52/42 42/42/40
f 53/53/50 54/54/51 45/45/43
f 45/45/43 55/55/52 46/46/44
f 46/46/44 56/56/53 47/47/45
f 56/56/53 48/48/46 47/47/45
f 57/57/54 49/49/47 48/48/46
f 58/58/55 50/50/48 49/49/47
f 59/59/56 51/51/49 50/50/48
f 60/60/57 61/61/58 51/51/49
f 62/62/59 63/63/60 54/54/51
f 54/54/51 64/64/61 55/55/52
f 55/55/52 65/65/62 56/56/53
f 65/65/62 57/57/54 56/56/53
f 66/66/63 58/58/55 57/57/54
f 67/67/64 59/59/56 58/58/55
f 68/68/65 60/60/57 59/59/56
f 60/60/57 69/69/66 70/70/59
f 71/71/66 72/72/67 63/63/60
f 63/63/60 73/73/68 64/64/61
f 64/64/61 74/74/69 65/65/62
f 74/74/69 66/66/63 65/65/62
f 75/75/70 67/67/64 66/66/63
f 76/76/71 68/68/65 67/67/64
f 77/77/72 78/78/73 68/68/65
f 79/79/74 69/69/66 78/78/73
f 80/80/75 81/81/76 72/72/67
f 72/72/67 82/82/77 73/73/68
f 73/73/68 83/83/78 74/74/69
f 74/74/69 84/84/79 75/75/70
f 84/84/79 76/76/71 75/75/70
f 85/85/80 77/77/72 76/76/71
f 86/86/81 79/79/74 77/77/72
f 87/87/82 88/88/83 79/79/74
f 89/89/84 90/90/85 81/81/76
f 81/81/76 91/91/86 82/82/77
f 82/82/77 92/92/87 83/83/78
f 83/83/78 93/93/88 84/84/79
f 93/93/88 85/85/80 84/84/79
f 94/94/89 86/86/81 85/85/80
f 95/95/90 87/87/82 86/86/81
f 96/96/91 97/97/92 87/87/82
f 98/98/93 99/99/94 90/90/85
f 90/90/85 100/100/95 91/91/86
f 91/91/86 101/101/96 92/92/87
f 101/101/96 93/93/88 92/92/87
f 102/102/97 94/94/89 93/93/88
f 103/103/98 95/95/90 94/94/89
f 104/104/99 96/96/91 95/95/90
f 96/96/91 105/105/100 106/106/93
f 107/107/101 108/108/102 99/99/94
f 99/99/94 109/109/103 100/100/95
f 100/100/95 110/110/104 101/101/96
f 101/101/96 111/111/105 102/102/97
f 111/111/105 103/103/98 102/102/97
f 112/112/106 104/104/99 103/103/98
f 113/113/107 114/114/108 104/104/99
f 114/114/108 115/115/109 105/105/100
f 116/116/110 108/108/102 117/117/109
f 118/118/111 109/109/103 108/108/102
f 119/119/112 110/110/104 109/109/103
f 120/120/113 111/111/105 110/110/104
f 111/111/105 121/121/114 112/112/106
f 112/112/106 122/122/115 113/113/107
f 113/113/107 123/123/116 124/124/117
f 123/123/116 115/115/109 124/124/117
f 125/125/118 118/118/111 116/116/110
f 126/126/119 119/119/112 118/118/111
f 127/127/120 120/120/113 119/119/112
f 120/120/113 128/128/121 129/129/122
f 129/129/122 130/130/123 121/121/114
f 121/121/114 131/131/124 122/122/115
f 122/122/115 132/132/125 123/123/116
f 132/132/125 133/133/110 123/123/116
f 134/134/126 126/126/119 125/125/118
f 135/135/127 127/127/120 126/126/119
f 136/136/128 137/137/129 127/127/120
f 138/138/130 128/128/121 137/137/129
f 128/128/121 139/139/131 130/130/123
f 130/130/123 140/140/132 131/131/124
f 131/131/124 141/141/133 132/132/125
f 132/132/125 142/142/134 143/143/118
f 144/144/135 135/135/127 134/134/126
f 145/145/136 136/136/128 135/135/127
f 146/146/137 138/138/130 136/136/128
f 147/147/138 148/148/139 138/138/130
f 148/148/139 149/149/140 139/139/131
f 139/139/131 150/150/141 140/140/132
f 140/140/132 151/151/142 141/141/133
f 141/141/133 152/152/143 142/142/134
f 153/153/144 145/145/136 144/144/135
f 154/154/145 146/146/137 145/145/136
f 155/155/146 147/147/138 146/146/137
f 147/147/138 156/156/147 157/157/148
f 157/157/148 158/158/149 149/149/140
f 149/149/140 159/159/150 150/150/141
f 150/150/141 160/160/151 151/151/142
f 151/151/142 161/161/152 152/152/143
f 162/162/153 154/154/145 153/153/144
f 163/163/154 155/155/146 154/154/145
f 164/164/155 165/165/156 155/155/146
f 165/165/156 166/166/157 156/156/147
f 156/156/147 167/167/158 158/158/149
f 158/158/149 168/168/159 159/159/150
f 159/159/150 169/169/160 160/160/151
f 169/169/160 161/161/152 160/160/151
f 170/170/161 163/163/154 162/162/153
f 171/171/162 164/164/155 163/163/154
f 172/172/163 173/173/164 164/164/155
f 173/173/164 174/174/165 166/166/157
f 166/166/157 175/175/166 167/167/158
f 167/167/158 176/176/167 168/168/159
f 168/168/159 177/177/168 169/169/160
f 169/169/160 178/178/161 179/179/153
f 180/180/169 171/171/162 170/170/161
f 181/181/170 172/172/163 171/171/162
f 182/182/171 183/183/172 172/172/163
f 184/184/173 174/174/165 183/183/172
f 174/174/165 185/185/174 175/175/166
f 175/175/166 186/186/175 176/176/167
f 176/176/167 187/187/176 177/177/168
f 177/177/168 188/188/177 178/178/161
f 189/189/178 181/181/170 180/180/169
f 190/190/179 182/182/171 181/181/170
f 191/191/180 184/184/173 182/182/171
f 184/184/173 192/192/181 193/193/182
f 193/193/182 194/194/183 185/185/174
f 185/185/174 195/195/184 186/186/175
f 186/186/175 196/196/185 187/187/176
f 187/187/176 197/197/178 188/188/177
f 189/189/178 198/198/186 190/190/179
f 190/190/179 199/199/187 191/191/180
f 191/191/180 200/200/188 201/201/189
f 201/201/189 202/202/190 192/192/181
f 202/202/190 194/194/183 192/192/181
f 203/203/191 195/195/184 194/194/183
f 204/204/192 196/196/185 195/195/184
f 196/196/185 205/205/193 197/197/178
f 206/206/193 207/207/194 198/198/186
f 198/198/186 208/208/195 199/199/187
f 199/199/187 209/209/196 200/200/188
f 200/200/188 210/210/197 202/202/190
f 210/210/197 203/203/191 202/202/190
f 211/211/198 204/204/192 203/203/191
f 212/212/199 213/213/200 204/204/192
f 214/214/201 205/205/193 213/213/200
f 215/215/202 216/216/203 207/207/194
f 207/207/194 217/217/204 208/208/195
f 208/208/195 218/218/205 209/209/196
f 218/218/205 210/210/197 209/209/196
f 219/219/206 211/211/198 210/210/197
f 220/220/207 212/212/199 211/211/198
f 221/221/208 214/214/201 212/212/199
f 214/214/201 222/222/209 223/223/202
f 224/224/210 216/216/203 225/225/211
f 226/226/212 217/217/204 216/216/203
f 227/227/213 218/218/205 217/217/204
f 228/228/214 219/219/206 218/218/205
f 219/219/206 229/229/215 220/220/207
f 220/220/207 230/230/216 221/221/208
f 221/221/208 231/231/217 232/232/218
f 232/232/218 233/233/210 222/222/209
f 234/234/219 226/226/212 224/224/210
f 235/235/220 227/227/213 226/226/212
f 236/236/221 228/228/214 227/227/213
f 228/228/214 237/237/222 238/238/223
f 238/238/223 239/239/224 229/229/215
f 229/229/215 240/240/225 230/230/216
f 230/230/216 241/241/226 231/231/217
f 241/241/226 233/233/210 231/231/217
f 242/242/227 235/235/220 234/234/219
f 243/243/228 236/236/221 235/235/220
f 244/244/229 245/245/230 236/236/221
f 246/246/231 237/237/222 245/245/230
f 237/237/222 247/247/232 239/239/224
f 239/239/224 248/248/233 240/240/225
f 240/240/225 249/249/234 241/241/226
f 249/249/234 250/250/219 241/241/226
f 242/242/227 251/251/235 243/243/228
f 243/243/228 252/252/236 244/244/229
f 244/244/229 253/253/237 246/246/231
f 246/246/231 254/254/238 255/255/239
f 254/254/238 247/247/232 255/255/239
f 256/256/240 248/248/233 247/247/232
f 257/257/241 249/249/234 248/248/233
f 249/249/234 258/258/242 259/259/227
f 260/260/243 261/261/244 251/251/235
f 251/251/235 262/262/245 252/252/236
f 252/252/236 263/263/246 253/253/237
f 253/253/237 264/264/247 254/254/238
f 264/264/247 256/256/240 254/254/238
f 265/265/248 257/257/241 256/256/240
f 266/266/249 267/267/250 257/257/241
f 267/267/250 268/268/251 258/258/242
f 269/269/251 270/270/252 261/261/244
f 261/261/244 271/271/253 262/262/245
f 262/262/245 272/272/254 263/263/246
f 263/263/246 273/273/255 264/264/247
f 273/273/255 265/265/248 264/264/247
f 274/274/256 266/266/249 265/265/248
f 275/275/257 276/276/258 266/266/249
f 277/277/259 268/268/251 276/276/258
f 278/278/260 279/279/261 270/270/252
f 270/270/252 280/280/262 271/271/253
f 271/271/253 281/281/263 272/272/254
f 272/272/254 282/282/264 273/273/255
f 282/282/264 274/274/256 273/273/255
f 283/283/265 275/275/257 274/274/256
f 284/284/266 277/277/259 275/275/257
f 277/277/259 285/285/267 286/286/268
f 287/287/267 288/288/269 279/279/261
f 279/279/261 289/289/270 280/280/262
f 280/280/262 290/290/271 281/281/263
f 281/281/263 291/291/272 282/282/264
f 291/291/272 283/283/265 282/282/264
f 292/292/273 284/284/266 283/283/265
f 293/293/274 294/294/275 284/284/266
f 295/295/276 285/285/267 294/294/275
f 296/296/277 297/297/278 288/288/269
f 288/288/269 298/298/279 289/289/270
f 289/289/270 299/299/280 290/290/271
f 290/290/271 300/300/281 291/291/272
f 300/300/281 292/292/273 291/291/272
f 301/301/282 293/293/274 292/292/273
f 302/302/283 295/295/276 293/293/274
f 303/303/284 304/304/277 295/295/276
f 305/305/285 306/306/286 297/297/278
f 297/297/278 307/307/287 298/298/279
f 298/298/279 308/308/288 299/299/280
f 308/308/288 300/300/281 299/299/280
f 309/309/289 301/301/282 300/300/281
f 310/310/290 302/302/283 301/301/282
f 311/311/291 303/303/284 302/302/283
f 312/312/292 313/313/293 303/303/284
f 314/314/294 315/315/295 306/306/286
f 306/306/286 316/316/296 307/307/287
f 307/307/287 317/317/297 308/308/288
f 308/308/288 318/318/298 309/309/289
f 318/318/298 310/310/290 309/309/289
f 319/319/299 311/311/291 310/310/290
f 320/320/300 312/312/292 311/311/291
f 312/312/292 321/321/301 322/322/294
f 323/323/302 324/324/303 315/315/295
f 315/315/295 325/325/304 316/316/296
f 316/316/296 326/326/305 317/317/297
f 326/326/305 318/318/298 317/317/297
f 327/327/306 319/319/299 318/318/298
f 328/328/307 320/320/300 319/319/299
f 329/329/308 330/330/309 320/320/300
f 331/331/310 321/321/301 330/330/309
f 332/332/311 324/324/303 333/333/312
f 334/334/313 325/325/304 324/324/303
f 335/335/314 326/326/305 325/325/304
f 326/326/305 336/336/315 327/327/306
f 327/327/306 337/337/316 328/328/307
f 328/328/307 338/338/317 329/329/308
f 329/329/308 339/339/318 331/331/310
f 331/331/310 340/340/319 341/341/312
f 342/342/320 334/334/313 332/332/311
f 343/343/321 335/335/314 334/334/313
f 344/344/322 345/345/323 335/335/314
f 346/346/324 336/336/315 345/345/323
f 336/336/315 347/347/325 337/337/316
f 337/337/316 348/348/326 338/338/317
f 338/338/317 349/349/327 339/339/318
f 349/349/327 340/340/319 339/339/318
f 350/350/328 343/343/321 342/342/320
f 351/351/329 344/344/322 343/343/321
f 352/352/330 346/346/324 344/344/322
f 346/346/324 353/353/331 354/354/332
f 354/354/332 355/355/333 347/347/325
f 347/347/325 356/356/334 348/348/326
f 348/348/326 357/357/335 349/349/327
f 349/349/327 358/358/328 359/359/320
f 360/360/336 351/351/329 350/350/328
f 361/361/337 352/352/330 351/351/329
f 362/362/338 363/363/339 352/352/330
f 364/364/340 353/353/331 363/363/339
f 353/353/331 365/365/341 355/355/333
f 355/355/333 366/366/342 356/356/334
f 356/356/334 367/367/343 357/357/335
f 357/357/335 368/368/344 358/358/328
f 369/369/345 361/361/337 360/360/336
f 370/370/346 362/362/338 361/361/337
f 371/371/347 364/364/340 362/362/338
f 372/372/348 373/373/349 364/364/340
f 373/373/349 374/374/350 365/365/341
f 365/365/341 375/375/351 366/366/342
f 366/366/342 376/376/352 367/367/343
f 367/367/343 377/377/345 368/368/344
f 378/378/353 370/370/346 369/369/345
f 379/379/354 371/371/347 370/370/346
f 380/380/355 372/372/348 371/371/347
f 381/381/356 382/382/357 372/372/348
f 382/382/357 383/383/358 374/374/350
f 374/374/350 384/384/359 375/375/351
f 375/375/351 385/385/360 376/376/352
f 385/385/360 377/377/345 376/376/352
f 386/386/361 379/379/354 378/378/353
f 387/387/362 380/380/355 379/379/354
f 388/388/363 381/381/356 380/380/355
f 389/389/364 390/390/365 381/381/356
f 390/390/365 391/391/366 383/383/358
f 383/383/358 392/392/367 384/384/359
f 384/384/359 393/393/368 385/385/360
f 385/385/360 394/394/361 395/395/353
f 396/396/369 387/387/362 386/386/361
f 397/397/370 388/388/363 387/387/362
f 398/398/371 389/389/364 388/388/363
f 399/399/372 400/400/373 389/389/364
f 400/400/373 401/401/374 391/391/366
f 391/391/366 402/402/375 392/392/367
f 392/392/367 403/403/376 393/393/368
f 403/403/376 394/394/361 393/393/368
f 404/404/377 397/397/370 396/396/369
f 405/405/378 398/398/371 397/397/370
f 406/406/379 399/399/372 398/398/371
f 407/407/380 408/408/381 399/399/372
f 408/408/381 409/409/382 401/401/374
f 401/401/374 410/410/383 402/402/375
f 402/402/375 411/411/384 403/403/376
f 411/411/384 412/412/385 403/403/376
f 404/404/377 413/413/386 405/405/378
f 405/405/378 414/414/387 406/406/379
f 406/406/379 415/415/388 407/407/380
f 407/407/380 416/416/389 417/417/390
f 416/416/389 409/409/382 417/417/390
f 418/418/391 410/410/383 409/409/382
f 419/419/392 411/411/384 410/410/383
f 411/411/384 420/420/393 421/421/394
f 422/422/393 423/423/395 413/413/386
f 413/413/386 424/424/396 414/414/387
f 414/414/387 425/425/397 415/415/388
f 425/425/397 416/416/389 415/415/388
f 426/426/398 418/418/391 416/416/389
f 427/427/399 419/419/392 418/418/391
f 428/428/400 429/429/401 419/419/392
f 429/429/401 430/430/402 420/420/393
f 431/431/402 432/432/403 423/423/395
f 423/423/395 433/433/5 424/424/396
f 424/424/396 434/434/404 425/425/397
f 425/425/397 435/435/405 426/426/398
f 435/435/405 427/427/399 426/426/398
f 436/436/406 428/428/400 427/427/399
f 437/437/13 438/438/407 428/428/400
f 439/439/15 430/430/402 438/438/407
f 440/440/408 441/441/409 442/442/410
f 442/442/410 443/443/411 444/444/412
f 443/443/411 445/445/413 444/444/412
f 446/446/414 447/447/408 445/445/413
f 448/448/415 449/449/416 441/441/409
f 441/441/409 450/450/417 443/443/411
f 450/450/417 446/446/414 443/443/411
f 451/451/418 452/452/419 446/446/414
f 453/453/420 454/454/421 449/449/416
f 449/449/416 455/455/422 450/450/417
f 455/455/422 451/451/418 450/450/417
f 456/456/423 457/457/424 451/451/418
f 458/458/425 459/459/426 454/454/421
f 454/454/421 460/460/427 455/455/422
f 460/460/427 456/456/423 455/455/422
f 461/461/428 462/462/429 456/456/423
f 463/463/430 464/464/431 459/459/426
f 459/459/426 465/465/432 460/460/427
f 465/465/432 461/461/428 460/460/427
f 466/466/433 467/467/434 461/461/428
f 468/468/435 469/469/436 464/464/431
f 464/464/431 470/470/437 465/465/432
f 470/470/437 466/466/433 465/465/432
f 471/471/438 472/472/439 466/466/433
f 473/473/440 469/469/436 474/474/441
f 475/475/442 470/470/437 469/469/436
f 470/470/437 476/476/443 471/471/438
f 471/471/438 477/477/444 478/478/445
f 479/479/446 475/475/442 473/473/440
f 480/480/447 481/481/448 475/475/442
f 481/481/448 482/482/449 476/476/443
f 476/476/443 483/483/450 477/477/444
f 479/479/446 484/484/451 480/480/447
f 480/480/447 485/485/452 486/486/453
f 485/485/452 482/482/449 486/486/453
f 487/487/454 483/483/450 482/482/449
f 488/488/455 489/489/456 484/484/451
f 484/484/451 490/490/457 485/485/452
f 490/490/457 487/487/454 485/485/452
f 491/491/458 492/492/459 487/487/454
f 493/493/460 494/494/461 489/489/456
f 489/489/456 495/495/462 490/490/457
f 495/495/462 491/491/458 490/490/457
f 496/496/463 497/497/464 491/491/458
f 498/498/465 494/494/461 499/499/466
f 500/500/467 495/495/462 494/494/461
f 495/495/462 501/501/468 496/496/463
f 496/496/463 502/502/469 503/503/470
f 504/504/471 500/500/467 498/498/465
f 505/505/472 506/506/473 500/500/467
f 506/506/473 507/507/474 501/501/468
f 501/501/468 508/508/471 502/502/469
f 509/509/475 505/505/472 504/504/471
f 510/510/476 511/511/477 505/505/472
f 511/511/477 512/512/478 507/507/474
f 507/507/474 513/513/479 508/508/471
f 514/514/480 510/510/476 509/509/475
f 515/515/481 516/516/482 510/510/476
f 516/516/482 517/517/483 512/512/478
f 512/512/478 518/518/484 513/513/479
f 519/519/485 515/515/481 514/514/480
f 520/520/486 521/521/487 515/515/481
f 521/521/487 522/522/488 517/517/483
f 517/517/483 523/523/489 518/518/484
f 524/524/490 520/520/486 519/519/485
f 525/525/491 526/526/492 520/520/486
f 526/526/492 527/527/493 522/522/488
f 522/522/488 528/528/494 523/523/489
f 529/529/495 525/525/491 524/524/490
f 530/530/496 531/531/497 525/525/491
f 531/531/497 532/532/498 527/527/493
f 527/527/493 533/533/499 528/528/494
f 534/534/500 530/530/496 529/529/495
f 535/535/501 536/536/502 530/530/496
f 536/536/502 537/537/503 532/532/498
f 532/532/498 538/538/504 533/533/499
f 539/539/505 535/535/501 534/534/500
f 540/540/506 541/541/507 535/535/501
f 541/541/507 542/542/508 537/537/503
f 537/537/503 543/543/509 538/538/504
f 539/539/505 544/544/510 540/540/506
f 540/540/506 545/545/511 546/546/512
f 545/545/511 542/542/508 546/546/512
f 547/547/513 543/543/509 542/542/508
f 548/548/514 549/549/515 544/544/510
f 544/544/510 550/550/516 545/545/511
f 550/550/516 547/547/513 545/545/511
f 551/551/517 552/552/514 547/547/513
f 553/553/518 554/554/519 549/549/515
f 549/549/515 555/555/520 550/550/516
f 555/555/520 551/551/517 550/550/516
f 556/556/521 557/557/522 551/551/517
f 558/558/523 559/559/524 554/554/519
f 554/554/519 560/560/525 555/555/520
f 560/560/525 556/556/521 555/555/520
f 561/561/526 562/562/527 556/556/521
f 563/563/528 564/564/529 559/559/524
f 559/559/524 565/565/530 560/560/525
f 565/565/530 561/561/526 560/560/525
f 566/566/531 567/567/532 561/561/526
f 568/568/533 569/569/534 564/564/529
f 564/564/529 570/570/535 565/565/530
f 570/570/535 566/566/531 565/565/530
f 571/571/536 572/572/537 566/566/531
f 573/573/538 574/574/539 569/569/534
f 569/569/534 575/575/540 570/570/535
f 575/575/540 571/571/536 570/570/535
f 576/576/541 577/577/542 571/571/536
f 578/578/543 579/579/544 574/574/539
f 574/574/539 580/580/545 575/575/540
f 580/580/545 576/576/541 575/575/540
f 581/581/546 582/582/547 576/576/541
f 583/583/548 579/579/544 584/584/549
f 585/585/550 580/580/545 579/579/544
f 580/580/545 586/586/551 581/581/546
f 581/581/546 587/587/552 588/588/553
f 589/589/554 585/585/550 583/583/548
f 590/590/555 591/591/556 585/585/550
f 591/591/556 592/592/557 586/586/551
f 586/586/551 593/593/558 587/587/552
f 594/594/559 590/590/555 589/589/554
f 595/595/560 596/596/561 590/590/555
f 596/596/561 597/597/562 592/592/557
f 592/592/557 598/598/563 593/593/558
f 594/594/559 599/599/564 595/595/560
f 595/595/560 600/600/565 601/601/566
f 600/600/565 597/597/562 601/601/566
f 602/602/567 598/598/563 597/597/562
f 603/603/568 604/604/569 599/599/564
f 599/599/564 605/605/570 600/600/565
f 605/605/570 602/602/567 600/600/565
f 606/606/571 607/607/572 602/602/567
f 608/608/573 604/604/569 609/609/574
f 610/610/575 605/605/570 604/604/569
f 605/605/570 611/611/576 606/606/571
f 606/606/571 612/612/577 613/613/578
f 614/614/579 610/610/575 608/608/573
f 615/615/580 616/616/581 610/610/575
f 616/616/581 617/617/582 611/611/576
f 611/611/576 618/618/583 612/612/577
f 619/619/584 615/615/580 614/614/579
f 620/620/585 621/621/586 615/615/580
f 621/621/586 622/622/587 617/617/582
f 617/617/582 623/623/584 618/618/583
f 624/624/588 620/620/585 619/619/584
f 625/625/589 626/626/590 620/620/585
f 626/626/590 627/627/591 622/622/587
f 622/622/587 628/628/592 623/623/584
f 629/629/593 625/625/589 624/624/588
f 630/630/594 631/631/595 625/625/589
f 631/631/595 632/632/596 627/627/591
f 627/627/591 633/633/597 628/628/592
f 634/634/598 630/630/594 629/629/593
f 635/635/599 636/636/600 630/630/594
f 636/636/600 637/637/601 632/632/596
f 632/632/596 638/638/598 633/633/597
f 639/639/602 640/640/603 641/641/408
f 642/642/604 643/643/605 644/644/598
f 645/645/606 646/646/607 647/647/608
f 646/646/607 648/648/609 649/649/610
f 649/649/610 650/650/611 651/651/612
f 651/651/612 652/652/613 653/653/614
f 652/652/613 654/654/615 653/653/614
f 655/655/616 656/656/617 654/654/615
f 656/656/617 657/657/618 658/658/619
f 658/658/619 659/659/620 660/660/608
f 661/661/621 662/662/622 645/645/606
f 662/662/622 663/663/623 648/648/609
f 648/648/609 664/664/624 650/650/611
f 664/664/624 652/652/613 650/650/611
f 665/665/625 655/655/616 652/652/613
f 666/666/626 667/667/627 655/655/616
f 667/667/627 668/668/628 657/657/618
f 668/668/628 659/659/620 657/657/618
f 669/669/629 670/670/630 661/661/621
f 670/670/630 671/671/631 663/663/623
f 663/663/623 672/672/632 664/664/624
f 664/664/624 673/673/633 665/665/625
f 673/673/633 666/666/626 665/665/625
f 674/674/634 675/675/635 666/666/626
f 675/675/635 676/676/636 668/668/628
f 676/676/636 677/677/637 668/668/628
f 669/669/629 678/678/638 679/679/639
f 679/679/639 680/680/640 671/671/631
f 671/671/631 681/681/641 672/672/632
f 681/681/641 673/673/633 672/672/632
f 682/682/642 674/674/634 673/673/633
f 683/683/643 684/684/644 674/674/634
f 685/685/645 676/676/636 684/684/644
f 676/676/636 686/686/646 687/687/647
f 688/688/648 689/689/649 678/678/638
f 678/678/638 690/690/650 680/680/640
f 680/680/640 691/691/651 681/681/641
f 681/681/641 692/692/652 682/682/642
f 692/692/652 683/683/643 682/682/642
f 693/693/653 685/685/645 683/683/643
f 694/694/654 695/695/655 685/685/645
f 695/695/655 696/696/656 686/686/646
f 697/697/657 698/698/658 689/689/649
f 689/689/649 699/699/659 690/690/650
f 690/690/650 700/700/660 691/691/651
f 700/700/660 692/692/652 691/691/651
f 701/701/661 693/693/653 692/692/652
f 702/702/662 694/694/654 693/693/653
f 703/703/663 704/704/664 694/694/654
f 705/705/665 696/696/656 704/704/664
f 706/706/666 698/698/658 707/707/667
f 708/708/668 699/699/659 698/698/658
f 709/709/669 700/700/660 699/699/659
f 700/700/660 710/710/670 701/701/661
f 701/701/661 711/711/671 702/702/662
f 702/702/662 712/712/672 703/703/663
f 703/703/663 713/713/673 705/705/665
f 705/705/665 714/714/674 715/715/675
f 716/716/676 708/708/668 706/706/666
f 717/717/677 709/709/669 708/708/668
f 718/718/678 719/719/679 709/709/669
f 720/720/680 710/710/670 719/719/679
f 710/710/670 721/721/681 711/711/671
f 711/711/671 722/722/682 712/712/672
f 712/712/672 723/723/683 713/713/673
f 723/723/683 714/714/674 713/713/673
f 724/724/684 717/717/677 716/716/676
f 725/725/685 718/718/678 717/717/677
f 726/726/686 720/720/680 718/718/678
f 720/720/680 727/727/687 728/728/688
f 728/728/688 729/729/689 721/721/681
f 721/721/681 730/730/690 722/722/682
f 722/722/682 731/731/691 723/723/683
f 731/731/691 732/732/676 723/723/683
f 724/724/684 733/733/692 725/725/685
f 733/733/692 726/726/686 725/725/685
f 734/734/693 735/735/694 726/726/686
f 736/736/695 727/727/687 735/735/694
f 727/727/687 737/737/696 729/729/689
f 729/729/689 738/738/697 730/730/690
f 738/738/697 731/731/691 730/730/690
f 731/731/691 739/739/698 740/740/684
f 741/741/699 742/742/700 733/733/692
f 742/742/700 734/734/693 733/733/692
f 743/743/701 736/736/695 734/734/693
f 736/736/695 744/744/702 745/745/703
f 745/745/703 746/746/704 737/737/696
f 737/737/696 747/747/705 738/738/697
f 747/747/705 748/748/706 738/738/697
f 748/748/706 749/749/707 739/739/698
f 750/750/708 751/751/709 742/742/700
f 751/751/709 743/743/701 742/742/700
f 752/752/710 753/753/711 743/743/701
f 754/754/712 744/744/702 753/753/711
f 744/744/702 755/755/713 746/746/704
f 746/746/704 756/756/714 747/747/705
f 756/756/714 757/757/715 747/747/705
f 758/758/716 749/749/707 757/757/715
f 759/759/717 760/760/718 761/761/719
f 762/762/720 763/763/721 764/764/722
f 765/765/723 766/766/724 767/767/725
f 768/768/724 769/769/726 766/766/724
f 770/770/727 769/769/726 771/771/728
f 770/770/727 772/772/729 773/773/730
f 774/774/729 775/775/731 772/772/729
f 776/776/732 775/775/731 777/777/731
f 778/778/733 779/779/734 776/776/732
f 778/778/733 780/780/735 781/781/736
f 782/782/737 780/780/735 783/783/738
f 784/784/723 785/785/737 782/782/737
f 786/786/739 787/787/740 788/788/741
f 789/789/742 790/790/743 791/791/744
f 792/792/723 793/793/745 794/794/725
f 795/795/745 796/796/746 793/793/745
f 797/797/747 796/796/746 798/798/748
f 797/797/747 799/799/749 800/800/750
f 801/801/751 802/802/731 799/799/749
f 803/803/752 802/802/731 804/804/731
f 805/805/753 806/806/752 803/803/752
f 805/805/753 807/807/738 808/808/754
f 809/809/755 807/807/738 810/810/756
f 811/811/723 812/812/755 809/809/755
f 813/813/741 814/814/741 815/815/739
f 816/816/757 817/817/758 818/818/744
f 819/819/723 820/820/759 821/821/760
f 821/821/760 822/822/761 823/823/762
f 823/823/762 824/824/763 825/825/764
f 824/824/763 826/826/765 825/825/764
f 827/827/766 828/828/767 826/826/765
f 829/829/768 830/830/723 828/828/767
f 831/831/769 832/832/770 820/820/759
f 820/820/759 833/833/771 822/822/761
f 822/822/761 834/834/772 824/824/763
f 834/834/772 827/827/766 824/824/763
f 835/835/773 829/829/768 827/827/766
f 836/836/774 837/837/769 829/829/768
f 838/838/775 839/839/776 832/832/770
f 832/832/770 840/840/777 833/833/771
f 833/833/771 841/841/778 834/834/772
f 841/841/778 835/835/773 834/834/772
f 842/842/779 836/836/774 835/835/773
f 843/843/780 844/844/781 836/836/774
f 845/845/782 846/846/783 839/839/776
f 839/839/776 847/847/784 840/840/777
f 840/840/777 848/848/739 841/841/778
f 848/848/739 842/842/779 841/841/778
f 849/849/785 843/843/780 842/842/779
f 850/850/786 851/851/782 843/843/780
f 852/852/787 846/846/783 853/853/788
f 854/854/789 847/847/784 846/846/783
f 855/855/790 848/848/739 847/847/784
f 848/848/739 856/856/791 849/849/785
f 849/849/785 857/857/792 850/850/786
f 850/850/786 858/858/793 859/859/794
f 860/860/795 854/854/789 852/852/787
f 861/861/796 855/855/790 854/854/789
f 862/862/797 863/863/798 855/855/790
f 863/863/798 864/864/799 856/856/791
f 856/856/791 865/865/800 857/857/792
f 857/857/792 866/866/795 858/858/793
f 867/867/801 861/861/796 860/860/795
f 868/868/802 862/862/797 861/861/796
f 869/869/803 870/870/804 862/862/797
f 870/870/804 871/871/805 864/864/799
f 864/864/799 872/872/806 865/865/800
f 865/865/800 873/873/801 866/866/795
f 874/874/731 868/868/802 867/867/801
f 875/875/807 869/869/803 868/868/802
f 876/876/808 877/877/809 869/869/803
f 877/877/809 878/878/810 871/871/805
f 871/871/805 879/879/811 872/872/806
f 872/872/806 880/880/731 873/873/801
f 874/874/731 881/881/812 875/875/807
f 875/875/807 882/882/813 876/876/808
f 876/876/808 883/883/814 884/884/815
f 883/883/814 878/878/810 884/884/815
f 885/885/816 879/879/811 878/878/810
f 886/886/817 880/880/731 879/879/811
f 887/887/818 888/888/819 881/881/812
f 881/881/812 889/889/820 882/882/813
f 882/882/813 890/890/821 883/883/814
f 890/890/821 885/885/816 883/883/814
f 891/891/822 886/886/817 885/885/816
f 892/892/823 893/893/818 886/886/817
f 894/894/824 895/895/825 888/888/819
f 888/888/819 896/896/826 889/889/820
f 889/889/820 897/897/827 890/890/821
f 897/897/827 891/891/822 890/890/821
f 898/898/828 892/892/823 891/891/822
f 899/899/829 900/900/830 892/892/823
f 901/901/831 902/902/832 895/895/825
f 895/895/825 903/903/833 896/896/826
f 896/896/826 904/904/834 897/897/827
f 904/904/834 898/898/828 897/897/827
f 905/905/835 899/899/829 898/898/828
f 906/906/836 907/907/831 899/899/829
f 908/908/837 902/902/832 909/909/741
f 910/910/838 903/903/833 902/902/832
f 911/911/839 904/904/834 903/903/833
f 904/904/834 912/912/840 905/905/835
f 905/905/835 913/913/841 906/906/836
f 906/906/836 914/914/837 915/915/842
f 916/916/843 910/910/838 908/908/837
f 917/917/844 911/911/839 910/910/838
f 918/918/845 919/919/846 911/911/839
f 919/919/846 920/920/847 912/912/840
f 912/912/840 921/921/848 913/913/841
f 913/913/841 922/922/849 914/914/837
f 923/923/850 917/917/844 916/916/843
f 924/924/851 918/918/845 917/917/844
f 925/925/852 926/926/853 918/918/845
f 926/926/853 927/927/854 920/920/847
f 920/920/847 928/928/855 921/921/848
f 921/921/848 929/929/850 922/922/849
f 930/930/723 924/924/851 923/923/850
f 931/931/760 925/925/852 924/924/851
f 932/932/762 933/933/856 925/925/852
f 933/933/856 934/934/765 927/927/854
f 927/927/854 935/935/857 928/928/855
f 928/928/855 936/936/723 929/929/850
f 937/937/858 938/938/859 939/939/860
f 939/939/860 940/940/861 941/941/862
f 941/941/862 942/942/863 943/943/864
f 942/942/863 944/944/865 943/943/864
f 945/945/866 946/946/867 944/944/865
f 947/947/868 948/948/858 946/946/867
f 949/949/869 950/950/870 938/938/859
f 938/938/859 951/951/871 940/940/861
f 940/940/861 952/952/872 942/942/863
f 952/952/872 945/945/866 942/942/863
f 953/953/873 947/947/868 945/945/866
f 954/954/874 955/955/869 947/947/868
f 956/956/875 957/957/876 950/950/870
f 950/950/870 958/958/877 951/951/871
f 951/951/871 959/959/878 952/952/872
f 959/959/878 953/953/873 952/952/872
f 960/960/879 954/954/874 953/953/873
f 961/961/880 962/962/875 954/954/874
f 963/963/881 964/964/882 957/957/876
f 957/957/876 965/965/883 958/958/877
f 958/958/877 966/966/884 959/959/878
f 966/966/884 960/960/879 959/959/878
f 967/967/885 961/961/880 960/960/879
f 968/968/886 969/969/887 961/961/880
f 970/970/888 971/971/889 964/964/882
f 964/964/882 972/972/890 965/965/883
f 965/965/883 973/973/741 966/966/884
f 973/973/741 967/967/885 966/966/884
f 974/974/891 968/968/886 967/967/885
f 975/975/892 976/976/893 968/968/886
f 977/977/894 971/971/889 978/978/895
f 979/979/896 972/972/890 971/971/889
f 980/980/897 973/973/741 972/972/890
f 973/973/741 981/981/898 974/974/891
f 974/974/891 982/982/899 975/975/892
f 975/975/892 983/983/900 984/984/895
f 985/985/901 979/979/896 977/977/894
f 986/986/902 980/980/897 979/979/896
f 987/987/903 988/988/904 980/980/897
f 988/988/904 989/989/905 981/981/898
f 981/981/898 990/990/906 982/982/899
f 982/982/899 991/991/907 983/983/900
f 992/992/908 986/986/902 985/985/901
f 993/993/909 987/987/903 986/986/902
f 994/994/910 995/995/911 987/987/903
f 995/995/911 996/996/912 989/989/905
f 989/989/905 997/997/913 990/990/906
f 990/990/906 998/998/914 991/991/907
f 999/999/915 993/993/909 992/992/908
f 1000/1000/916 994/994/910 993/993/909
f 1001/1001/917 1002/1002/918 994/994/910
f 1002/1002/918 1003/1003/919 996/996/912
f 996/996/912 1004/1004/920 997/997/913
f 997/997/913 1005/1005/921 998/998/914
f 1006/1006/922 1000/1000/916 999/999/915
f 1007/1007/923 1001/1001/917 1000/1000/916
f 1008/1008/924 1009/1009/925 1001/1001/917
f 1009/1009/925 1010/1010/926 1003/1003/919
f 1003/1003/919 1011/1011/927 1004/1004/920
f 1004/1004/920 1012/1012/922 1005/1005/921
f 1006/1006/922 1013/1013/928 1007/1007/923
f 1007/1007/923 1014/1014/929 1008/1008/924
f 1008/1008/924 1015/1015/930 1016/1016/931
f 1015/1015/930 1010/1010/926 1016/1016/931
f 1017/1017/932 1011/1011/927 1010/1010/926
f 1018/1018/933 1012/1012/922 1011/1011/927
f 1019/1019/934 1020/1020/935 1013/1013/928
f 1013/1013/928 1021/1021/936 1014/1014/929
f 1014/1014/929 1022/1022/937 1015/1015/930
f 1022/1022/937 1017/1017/932 1015/1015/930
f 1023/1023/938 1018/1018/933 1017/1017/932
f 1024/1024/939 1025/1025/940 1018/1018/933
f 1026/1026/941 1027/1027/942 1020/1020/935
f 1020/1020/935 1028/1028/943 1021/1021/936
f 1021/1021/936 1029/1029/944 1022/1022/937
f 1029/1029/944 1023/1023/938 1022/1022/937
f 1030/1030/945 1024/1024/939 1023/1023/938
f 1031/1031/946 1032/1032/947 1024/1024/939
f 1033/1033/948 1034/1034/949 1027/1027/942
f 1027/1027/942 1035/1035/950 1028/1028/943
f 1028/1028/943 1036/1036/951 1029/1029/944
f 1036/1036/951 1030/1030/945 1029/1029/944
f 1037/1037/952 1031/1031/946 1030/1030/945
f 1038/1038/953 1039/1039/948 1031/1031/946
f 1040/1040/954 1041/1041/955 1034/1034/949
f 1034/1034/949 1042/1042/956 1035/1035/950
f 1035/1035/950 1043/1043/957 1036/1036/951
f 1043/1043/957 1037/1037/952 1036/1036/951
f 1044/1044/958 1038/1038/953 1037/1037/952
f 1045/1045/959 1046/1046/954 1038/1038/953
f 1047/1047/960 1041/1041/955 1048/1048/739
f 1049/1049/961 1042/1042/956 1041/1041/955
f 1050/1050/962 1043/1043/957 1042/1042/956
f 1043/1043/957 1051/1051/963 1044/1044/958
f 1044/1044/958 1052/1052/964 1045/1045/959
f 1045/1045/959 1053/1053/965 1054/1054/966
f 1055/1055/967 1049/1049/961 1047/1047/960
f 1056/1056/968 1050/1050/962 1049/1049/961
f 1057/1057/969 1058/1058/970 1050/1050/962
f 1058/1058/970 1059/1059/971 1051/1051/963
f 1051/1051/963 1060/1060/972 1052/1052/964
f 1052/1052/964 1061/1061/967 1053/1053/965
f 1062/1062/973 1056/1056/968 1055/1055/967
f 1063/1063/974 1057/1057/969 1056/1056/968
f 1064/1064/975 1065/1065/976 1057/1057/969
f 1065/1065/976 1066/1066/977 1059/1059/971
f 1059/1059/971 1067/1067/978 1060/1060/972
f 1060/1060/972 1068/1068/973 1061/1061/967
f 1069/1069/979 1063/1063/974 1062/1062/973
f 1070/1070/980 1064/1064/975 1063/1063/974
f 1071/1071/981 1072/1072/982 1064/1064/975
f 1072/1072/982 1073/1073/983 1066/1066/977
f 1066/1066/977 1074/1074/984 1067/1067/978
f 1067/1067/978 1075/1075/979 1068/1068/973
f 1076/1076/858 1070/1070/980 1069/1069/979
f 1077/1077/860 1071/1071/981 1070/1070/980
f 1078/1078/862 1079/1079/985 1071/1071/981
f 1079/1079/985 1080/1080/865 1073/1073/983
f 1073/1073/983 1081/1081/986 1074/1074/984
f 1074/1074/984 1082/1082/858 1075/1075/979
f 1083/1083/987 1084/1084/988 1085/1085/989
f 1085/1085/989 1086/1086/990 1087/1087/991
f 1087/1087/991 1088/1088/992 1089/1089/993
f 1088/1088/992 1090/1090/994 1089/1089/993
f 1091/1091/995 1092/1092/996 1090/1090/994
f 1093/1093/997 1094/1094/987 1092/1092/996
f 1095/1095/998 1096/1096/999 1084/1084/988
f 1084/1084/988 1097/1097/1000 1086/1086/990
f 1086/1086/990 1098/1098/1001 1088/1088/992
f 1098/1098/1001 1091/1091/995 1088/1088/992
f 1099/1099/1002 1093/1093/997 1091/1091/995
f 1100/1100/1003 1101/1101/998 1093/1093/997
f 1102/1102/1004 1103/1103/1005 1096/1096/999
f 1096/1096/999 1104/1104/1006 1097/1097/1000
f 1097/1097/1000 1105/1105/1007 1098/1098/1001
f 1105/1105/1007 1099/1099/1002 1098/1098/1001
f 1106/1106/1008 1100/1100/1003 1099/1099/1002
f 1107/1107/1009 1108/1108/1010 1100/1100/1003
f 1109/1109/1011 1110/1110/1012 1103/1103/1005
f 1103/1103/1005 1111/1111/1013 1104/1104/1006
f 1104/1104/1006 1112/1112/1014 1105/1105/1007
f 1112/1112/1014 1106/1106/1008 1105/1105/1007
f 1113/1113/1015 1107/1107/1009 1106/1106/1008
f 1114/1114/1016 1115/1115/1011 1107/1107/1009
f 1116/1116/1017 1117/1117/1018 1110/1110/1012
f 1110/1110/1012 1118/1118/1019 1111/1111/1013
f 1111/1111/1013 1119/1119/1020 1112/1112/1014
f 1119/1119/1020 1113/1113/1015 1112/1112/1014
f 1120/1120/1021 1114/1114/1016 1113/1113/1015
f 1121/1121/1022 1122/1122/1017 1114/1114/1016
f 1123/1123/1023 1117/1117/1018 1124/1124/758
f 1125/1125/1024 1118/1118/1019 1117/1117/1018
f 1126/1126/1025 1119/1119/1020 1118/1118/1019
f 1119/1119/1020 1127/1127/1026 1120/1120/1021
f 1120/1120/1021 1128/1128/1027 1121/1121/1022
f 1121/1121/1022 1129/1129/1023 1130/1130/758
f 1131/1131/1028 1125/1125/1024 1123/1123/1023
f 1132/1132/1029 1126/1126/1025 1125/1125/1024
f 1133/1133/1030 1134/1134/1031 1126/1126/1025
f 1134/1134/1031 1135/1135/1032 1127/1127/1026
f 1127/1127/1026 1136/1136/1033 1128/1128/1027
f 1128/1128/1027 1137/1137/1034 1129/1129/1023
f 1138/1138/1035 1132/1132/1029 1131/1131/1028
f 1139/1139/1036 1133/1133/1030 1132/1132/1029
f 1140/1140/1037 1141/1141/1038 1133/1133/1030
f 1141/1141/1038 1142/1142/1039 1135/1135/1032
f 1135/1135/1032 1143/1143/1040 1136/1136/1033
f 1136/1136/1033 1144/1144/1035 1137/1137/1034
f 1145/1145/1041 1139/1139/1036 1138/1138/1035
f 1146/1146/1042 1140/1140/1037 1139/1139/1036
f 1147/1147/1043 1148/1148/1044 1140/1140/1037
f 1148/1148/1044 1149/1149/1045 1142/1142/1039
f 1142/1142/1039 1150/1150/1046 1143/1143/1040
f 1143/1143/1040 1151/1151/1047 1144/1144/1035
f 1152/1152/1048 1146/1146/1042 1145/1145/1041
f 1153/1153/1049 1147/1147/1043 1146/1146/1042
f 1154/1154/1050 1155/1155/1051 1147/1147/1043
f 1155/1155/1051 1156/1156/1052 1149/1149/1045
f 1149/1149/1045 1157/1157/1053 1150/1150/1046
f 1150/1150/1046 1158/1158/1048 1151/1151/1047
f 1152/1152/1048 1159/1159/1054 1153/1153/1049
f 1153/1153/1049 1160/1160/1055 1154/1154/1050
f 1154/1154/1050 1161/1161/1056 1162/1162/1057
f 1161/1161/1056 1156/1156/1052 1162/1162/1057
f 1163/1163/1058 1157/1157/1053 1156/1156/1052
f 1164/1164/1059 1158/1158/1048 1157/1157/1053
f 1165/1165/1060 1166/1166/1061 1159/1159/1054
f 1159/1159/1054 1167/1167/1062 1160/1160/1055
f 1160/1160/1055 1168/1168/1063 1161/1161/1056
f 1168/1168/1063 1163/1163/1058 1161/1161/1056
f 1169/1169/1064 1164/1164/1059 1163/1163/1058
f 1170/1170/1065 1171/1171/1060 1164/1164/1059
f 1172/1172/1066 1173/1173/1067 1166/1166/1061
f 1166/1166/1061 1174/1174/1068 1167/1167/1062
f 1167/1167/1062 1175/1175/1069 1168/1168/1063
f 1175/1175/1069 1169/1169/1064 1168/1168/1063
f 1176/1176/1070 1170/1170/1065 1169/1169/1064
f 1177/1177/1071 1178/1178/1072 1170/1170/1065
f 1179/1179/1073 1180/1180/1074 1173/1173/1067
f 1173/1173/1067 1181/1181/1075 1174/1174/1068
f 1174/1174/1068 1182/1182/1076 1175/1175/1069
f 1182/1182/1076 1176/1176/1070 1175/1175/1069
f 1183/1183/1077 1177/1177/1071 1176/1176/1070
f 1184/1184/1078 1185/1185/1079 1177/1177/1071
f 1186/1186/1080 1187/1187/1081 1180/1180/1074
f 1180/1180/1074 1188/1188/1082 1181/1181/1075
f 1181/1181/1075 1189/1189/788 1182/1182/1076
f 1189/1189/788 1183/1183/1077 1182/1182/1076
f 1190/1190/1083 1184/1184/1078 1183/1183/1077
f 1191/1191/1084 1192/1192/1085 1184/1184/1078
f 1193/1193/1086 1187/1187/1081 1194/1194/740
f 1195/1195/1087 1188/1188/1082 1187/1187/1081
f 1196/1196/1088 1189/1189/788 1188/1188/1082
f 1189/1189/788 1197/1197/1089 1190/1190/1083
f 1190/1190/1083 1198/1198/1090 1191/1191/1084
f 1191/1191/1084 1199/1199/1086 1200/1200/966
f 1201/1201/1091 1195/1195/1087 1193/1193/1086
f 1202/1202/1092 1196/1196/1088 1195/1195/1087
f 1203/1203/1093 1204/1204/1094 1196/1196/1088
f 1204/1204/1094 1205/1205/1095 1197/1197/1089
f 1197/1197/1089 1206/1206/1096 1198/1198/1090
f 1198/1198/1090 1207/1207/1097 1199/1199/1086
f 1208/1208/1098 1202/1202/1092 1201/1201/1091
f 1209/1209/1099 1203/1203/1093 1202/1202/1092
f 1210/1210/1100 1211/1211/1101 1203/1203/1093
f 1211/1211/1101 1212/1212/1102 1205/1205/1095
f 1205/1205/1095 1213/1213/1103 1206/1206/1096
f 1206/1206/1096 1214/1214/1098 1207/1207/1097
f 1215/1215/1104 1209/1209/1099 1208/1208/1098
f 1216/1216/1105 1210/1210/1100 1209/1209/1099
f 1217/1217/1106 1218/1218/1107 1210/1210/1100
f 1218/1218/1107 1219/1219/1108 1212/1212/1102
f 1212/1212/1102 1220/1220/1109 1213/1213/1103
f 1213/1213/1103 1221/1221/1104 1214/1214/1098
f 1222/1222/987 1216/1216/1105 1215/1215/1104
f 1223/1223/1110 1217/1217/1106 1216/1216/1105
f 1224/1224/991 1225/1225/1111 1217/1217/1106
f 1225/1225/1111 1226/1226/1112 1219/1219/1108
f 1219/1219/1108 1227/1227/1113 1220/1220/1109
f 1220/1220/1109 1228/1228/987 1221/1221/1104
f 1229/1229/858 1230/1230/859 1231/1231/1114
f 1231/1231/1114 1232/1232/861 1233/1233/1115
f 1233/1233/1115 1234/1234/1116 1235/1235/922
f 1234/1234/1116 1236/1236/1117 1235/1235/922
f 1237/1237/1118 1238/1238/986 1236/1236/1117
f 1239/1239/1119 1240/1240/858 1238/1238/986
f 1241/1241/1120 1242/1242/1121 1230/1230/859
f 1230/1230/859 1243/1243/1122 1232/1232/861
f 1232/1232/861 1244/1244/1123 1234/1234/1116
f 1244/1244/1123 1237/1237/1118 1234/1234/1116
f 1245/1245/1124 1239/1239/1119 1237/1237/1118
f 1246/1246/1125 1247/1247/1120 1239/1239/1119
f 1248/1248/1126 1249/1249/1127 1242/1242/1121
f 1242/1242/1121 1250/1250/1128 1243/1243/1122
f 1243/1243/1122 1251/1251/1129 1244/1244/1123
f 1251/1251/1129 1245/1245/1124 1244/1244/1123
f 1252/1252/1130 1246/1246/1125 1245/1245/1124
f 1253/1253/1131 1254/1254/1126 1246/1246/1125
f 1255/1255/1132 1256/1256/1133 1249/1249/1127
f 1249/1249/1127 1257/1257/1134 1250/1250/1128
f 1250/1250/1128 1258/1258/1135 1251/1251/1129
f 1258/1258/1135 1252/1252/1130 1251/1251/1129
f 1259/1259/1136 1253/1253/1131 1252/1252/1130
f 1260/1260/1137 1261/1261/1138 1253/1253/1131
f 1262/1262/1139 1263/1263/1140 1256/1256/1133
f 1256/1256/1133 1264/1264/1141 1257/1257/1134
f 1257/1257/1134 1265/1265/1142 1258/1258/1135
f 1265/1265/1142 1259/1259/1136 1258/1258/1135
f 1266/1266/1143 1260/1260/1137 1259/1259/1136
f 1267/1267/1144 1268/1268/1145 1260/1260/1137
f 1269/1269/1146 1263/1263/1140 1270/1270/742
f 1271/1271/1147 1264/1264/1141 1263/1263/1140
f 1272/1272/1148 1265/1265/1142 1264/1264/1141
f 1265/1265/1142 1273/1273/1149 1266/1266/1143
f 1266/1266/1143 1274/1274/1150 1267/1267/1144
f 1267/1267/1144 1275/1275/1151 1276/1276/744
f 1277/1277/1152 1271/1271/1147 1269/1269/1146
f 1278/1278/1153 1272/1272/1148 1271/1271/1147
f 1279/1279/1154 1280/1280/1155 1272/1272/1148
f 1280/1280/1155 1281/1281/1156 1273/1273/1149
f 1273/1273/1149 1282/1282/1157 1274/1274/1150
f 1274/1274/1150 1283/1283/1158 1275/1275/1151
f 1284/1284/1159 1278/1278/1153 1277/1277/1152
f 1285/1285/1160 1279/1279/1154 1278/1278/1153
f 1286/1286/1161 1287/1287/1162 1279/1279/1154
f 1287/1287/1162 1288/1288/1163 1281/1281/1156
f 1281/1281/1156 1289/1289/1164 1282/1282/1157
f 1282/1282/1157 1290/1290/1159 1283/1283/1158
f 1291/1291/1165 1285/1285/1160 1284/1284/1159
f 1292/1292/916 1286/1286/1161 1285/1285/1160
f 1293/1293/1166 1294/1294/1167 1286/1286/1161
f 1294/1294/1167 1295/1295/1168 1288/1288/1163
f 1288/1288/1163 1296/1296/1169 1289/1289/1164
f 1289/1289/1164 1297/1297/1165 1290/1290/1159
f 1298/1298/1170 1292/1292/916 1291/1291/1165
f 1299/1299/923 1293/1293/1166 1292/1292/916
f 1300/1300/1171 1301/1301/1172 1293/1293/1166
f 1301/1301/1172 1302/1302/1173 1295/1295/1168
f 1295/1295/1168 1303/1303/1174 1296/1296/1169
f 1296/1296/1169 1304/1304/1175 1297/1297/1165
f 1298/1298/1170 1305/1305/1176 1299/1299/923
f 1299/1299/923 1306/1306/1177 1300/1300/1171
f 1300/1300/1171 1307/1307/1178 1308/1308/1179
f 1307/1307/1178 1302/1302/1173 1308/1308/1179
f 1309/1309/1180 1303/1303/1174 1302/1302/1173
f 1310/1310/1181 1304/1304/1175 1303/1303/1174
f 1311/1311/1182 1312/1312/1183 1305/1305/1176
f 1305/1305/1176 1313/1313/1184 1306/1306/1177
f 1306/1306/1177 1314/1314/1185 1307/1307/1178
f 1314/1314/1185 1309/1309/1180 1307/1307/1178
f 1315/1315/1186 1310/1310/1181 1309/1309/1180
f 1316/1316/1187 1317/1317/1188 1310/1310/1181
f 1318/1318/1189 1319/1319/1190 1312/1312/1183
f 1312/1312/1183 1320/1320/1191 1313/1313/1184
f 1313/1313/1184 1321/1321/944 1314/1314/1185
f 1321/1321/944 1315/1315/1186 1314/1314/1185
f 1322/1322/1192 1316/1316/1187 1315/1315/1186
f 1323/1323/946 1324/1324/1193 1316/1316/1187
f 1325/1325/1194 1326/1326/1195 1319/1319/1190
f 1319/1319/1190 1327/1327/1196 1320/1320/1191
f 1320/1320/1191 1328/1328/1197 1321/1321/944
f 1328/1328/1197 1322/1322/1192 1321/1321/944
f 1329/1329/1198 1323/1323/946 1322/1322/1192
f 1330/1330/953 1331/1331/1194 1323/1323/946
f 1332/1332/1199 1333/1333/1200 1326/1326/1195
f 1326/1326/1195 1334/1334/1201 1327/1327/1196
f 1327/1327/1196 1335/1335/1202 1328/1328/1197
f 1335/1335/1202 1329/1329/1198 1328/1328/1197
f 1336/1336/1203 1330/1330/953 1329/1329/1198
f 1337/1337/1204 1338/1338/1205 1330/1330/953
f 1339/1339/1206 1333/1333/1200 1340/1340/1207
f 1341/1341/1208 1334/1334/1201 1333/1333/1200
f 1342/1342/1209 1335/1335/1202 1334/1334/1201
f 1335/1335/1202 1343/1343/1210 1336/1336/1203
f 1336/1336/1203 1344/1344/964 1337/1337/1204
f 1337/1337/1204 1345/1345/1211 1346/1346/1212
f 1347/1347/1213 1341/1341/1208 1339/1339/1206
f 1348/1348/1214 1342/1342/1209 1341/1341/1208
f 1349/1349/1215 1350/1350/1216 1342/1342/1209
f 1350/1350/1216 1351/1351/1217 1343/1343/1210
f 1343/1343/1210 1352/1352/972 1344/1344/964
f 1344/1344/964 1353/1353/1218 1345/1345/1211
f 1354/1354/1219 1348/1348/1214 1347/1347/1213
f 1355/1355/1220 1349/1349/1215 1348/1348/1214
f 1356/1356/1221 1357/1357/1222 1349/1349/1215
f 1357/1357/1222 1358/1358/1223 1351/1351/1217
f 1351/1351/1217 1359/1359/1224 1352/1352/972
f 1352/1352/972 1360/1360/1225 1353/1353/1218
f 1361/1361/1226 1355/1355/1220 1354/1354/1219
f 1362/1362/1227 1356/1356/1221 1355/1355/1220
f 1363/1363/1228 1364/1364/1229 1356/1356/1221
f 1364/1364/1229 1365/1365/1230 1358/1358/1223
f 1358/1358/1223 1366/1366/1231 1359/1359/1224
f 1359/1359/1224 1367/1367/1226 1360/1360/1225
f 1368/1368/858 1362/1362/1227 1361/1361/1226
f 1369/1369/1232 1363/1363/1228 1362/1362/1227
f 1370/1370/1115 1371/1371/1233 1363/1363/1228
f 1371/1371/1233 1372/1372/865 1365/1365/1230
f 1365/1365/1230 1373/1373/986 1366/1366/1231
f 1366/1366/1231 1374/1374/858 1367/1367/1226
f 1375/1375/723 1376/1376/1234 1377/1377/1235
f 1377/1377/1235 1378/1378/1236 1379/1379/1237
f 1379/1379/1237 1380/1380/1238 1381/1381/731
f 1380/1380/1238 1382/1382/1239 1381/1381/731
f 1383/1383/1240 1384/1384/1241 1382/1382/1239
f 1385/1385/1242 1386/1386/723 1384/1384/1241
f 1387/1387/998 1388/1388/1243 1376/1376/1234
f 1376/1376/1234 1389/1389/1244 1378/1378/1236
f 1378/1378/1236 1390/1390/1001 1380/1380/1238
f 1390/1390/1001 1383/1383/1240 1380/1380/1238
f 1391/1391/1245 1385/1385/1242 1383/1383/1240
f 1392/1392/1246 1393/1393/1247 1385/1385/1242
f 1394/1394/1248 1395/1395/1249 1388/1388/1243
f 1388/1388/1243 1396/1396/1250 1389/1389/1244
f 1389/1389/1244 1397/1397/1007 1390/1390/1001
f 1397/1397/1007 1391/1391/1245 1390/1390/1001
f 1398/1398/1251 1392/1392/1246 1391/1391/1245
f 1399/1399/1252 1400/1400/1248 1392/1392/1246
f 1401/1401/1253 1402/1402/1254 1395/1395/1249
f 1395/1395/1249 1403/1403/1255 1396/1396/1250
f 1396/1396/1250 1404/1404/1256 1397/1397/1007
f 1404/1404/1256 1398/1398/1251 1397/1397/1007
f 1405/1405/1257 1399/1399/1252 1398/1398/1251
f 1406/1406/1258 1407/1407/1011 1399/1399/1252
f 1408/1408/1259 1409/1409/1260 1402/1402/1254
f 1402/1402/1254 1410/1410/1261 1403/1403/1255
f 1403/1403/1255 1411/1411/741 1404/1404/1256
f 1411/1411/741 1405/1405/1257 1404/1404/1256
f 1412/1412/1262 1406/1406/1258 1405/1405/1257
f 1413/1413/1263 1414/1414/1259 1406/1406/1258
f 1415/1415/1023 1409/1409/1260 1416/1416/788
f 1417/1417/1024 1410/1410/1261 1409/1409/1260
f 1418/1418/1264 1411/1411/741 1410/1410/1261
f 1411/1411/741 1419/1419/1026 1412/1412/1262
f 1412/1412/1262 1420/1420/1265 1413/1413/1263
f 1413/1413/1263 1421/1421/1023 1422/1422/834
f 1423/1423/1028 1417/1417/1024 1415/1415/1023
f 1424/1424/1266 1418/1418/1264 1417/1417/1024
f 1425/1425/1267 1426/1426/1268 1418/1418/1264
f 1426/1426/1268 1427/1427/1269 1419/1419/1026
f 1419/1419/1026 1428/1428/1033 1420/1420/1265
f 1420/1420/1265 1429/1429/1028 1421/1421/1023
f 1430/1430/1270 1424/1424/1266 1423/1423/1028
f 1431/1431/1271 1425/1425/1267 1424/1424/1266
f 1432/1432/1037 1433/1433/1272 1425/1425/1267
f 1433/1433/1272 1434/1434/1273 1427/1427/1269
f 1427/1427/1269 1435/1435/1274 1428/1428/1033
f 1428/1428/1033 1436/1436/1270 1429/1429/1028
f 1437/1437/1041 1431/1431/1271 1430/1430/1270
f 1438/1438/1042 1432/1432/1037 1431/1431/1271
f 1439/1439/1275 1440/1440/1276 1432/1432/1037
f 1440/1440/1276 1441/1441/1277 1434/1434/1273
f 1434/1434/1273 1442/1442/1046 1435/1435/1274
f 1435/1435/1274 1443/1443/1041 1436/1436/1270
f 1444/1444/731 1438/1438/1042 1437/1437/1041
f 1445/1445/1049 1439/1439/1275 1438/1438/1042
f 1446/1446/1278 1447/1447/1279 1439/1439/1275
f 1447/1447/1279 1448/1448/1280 1441/1441/1277
f 1441/1441/1277 1449/1449/1053 1442/1442/1046
f 1442/1442/1046 1450/1450/1048 1443/1443/1041
f 1444/1444/731 1451/1451/1281 1445/1445/1049
f 1445/1445/1049 1452/1452/1282 1446/1446/1278
f 1446/1446/1278 1453/1453/1283 1454/1454/723
f 1453/1453/1283 1448/1448/1280 1454/1454/723
f 1455/1455/1284 1449/1449/1053 1448/1448/1280
f 1456/1456/1285 1450/1450/1048 1449/1449/1053
f 1457/1457/1286 1458/1458/1287 1451/1451/1281
f 1451/1451/1281 1459/1459/1288 1452/1452/1282
f 1452/1452/1282 1460/1460/1289 1453/1453/1283
f 1460/1460/1289 1455/1455/1284 1453/1453/1283
f 1461/1461/1290 1456/1456/1285 1455/1455/1284
f 1462/1462/1291 1463/1463/1292 1456/1456/1285
f 1464/1464/1072 1465/1465/1293 1458/1458/1287
f 1458/1458/1287 1466/1466/1068 1459/1459/1288
f 1459/1459/1288 1467/1467/1294 1460/1460/1289
f 1467/1467/1294 1461/1461/1290 1460/1460/1289
f 1468/1468/1295 1462/1462/1291 1461/1461/1290
f 1469/1469/1296 1470/1470/1072 1462/1462/1291
f 1471/1471/1297 1472/1472/1298 1465/1465/1293
f 1465/1465/1293 1473/1473/1299 1466/1466/1068
f 1466/1466/1068 1474/1474/1076 1467/1467/1294
f 1474/1474/1076 1468/1468/1295 1467/1467/1294
f 1475/1475/1300 1469/1469/1296 1468/1468/1295
f 1476/1476/1301 1477/1477/1297 1469/1469/1296
f 1478/1478/1302 1479/1479/1303 1472/1472/1298
f 1472/1472/1298 1480/1480/1304 1473/1473/1299
f 1473/1473/1299 1481/1481/788 1474/1474/1076
f 1481/1481/788 1475/1475/1300 1474/1474/1076
f 1482/1482/1305 1476/1476/1301 1475/1475/1300
f 1483/1483/1306 1484/1484/1302 1476/1476/1301
f 1485/1485/1086 1479/1479/1303 1486/1486/1307
f 1487/1487/1308 1480/1480/1304 1479/1479/1303
f 1488/1488/1309 1481/1481/788 1480/1480/1304
f 1481/1481/788 1489/1489/1310 1482/1482/1305
f 1482/1482/1305 1490/1490/1311 1483/1483/1306
f 1483/1483/1306 1491/1491/1086 1492/1492/1142
f 1493/1493/1312 1487/1487/1308 1485/1485/1086
f 1494/1494/1313 1488/1488/1309 1487/1487/1308
f 1495/1495/1314 1496/1496/1315 1488/1488/1309
f 1496/1496/1315 1497/1497/1316 1489/1489/1310
f 1489/1489/1310 1498/1498/1317 1490/1490/1311
f 1490/1490/1311 1499/1499/1312 1491/1491/1086
f 1500/1500/1318 1494/1494/1313 1493/1493/1312
f 1501/1501/1319 1495/1495/1314 1494/1494/1313
f 1502/1502/1320 1503/1503/1321 1495/1495/1314
f 1503/1503/1321 1504/1504/1322 1497/1497/1316
f 1497/1497/1316 1505/1505/1323 1498/1498/1317
f 1498/1498/1317 1506/1506/1098 1499/1499/1312
f 1507/1507/1104 1501/1501/1319 1500/1500/1318
f 1508/1508/1324 1502/1502/1320 1501/1501/1319
f 1509/1509/1325 1510/1510/1326 1502/1502/1320
f 1510/1510/1326 1511/1511/1327 1504/1504/1322
f 1504/1504/1322 1512/1512/1328 1505/1505/1323
f 1505/1505/1323 1513/1513/1329 1506/1506/1098
f 1514/1514/723 1508/1508/1324 1507/1507/1104
f 1515/1515/1330 1509/1509/1325 1508/1508/1324
f 1516/1516/1237 1517/1517/1331 1509/1509/1325
f 1517/1517/1331 1518/1518/1332 1511/1511/1327
f 1511/1511/1327 1519/1519/1333 1512/1512/1328
f 1512/1512/1328 1520/1520/987 1513/1513/1329
f 1521/1521/1334 1522/1522/1335 1523/1523/1336
f 1523/1523/1336 1524/1524/1337 1525/1525/1338
f 1525/1525/1338 1526/1526/1339 1527/1527/1340
f 1526/1526/1339 1528/1528/1341 1527/1527/1340
f 1529/1529/1342 1530/1530/1343 1528/1528/1341
f 1531/1531/1344 1532/1532/1334 1530/1530/1343
f 1533/1533/1345 1534/1534/1121 1522/1522/1335
f 1522/1522/1335 1535/1535/1346 1524/1524/1337
f 1524/1524/1337 1536/1536/1123 1526/1526/1339
f 1536/1536/1123 1529/1529/1342 1526/1526/1339
f 1537/1537/1124 1531/1531/1344 1529/1529/1342
f 1538/1538/1125 1539/1539/1345 1531/1531/1344
f 1540/1540/1126 1541/1541/1347 1534/1534/1121
f 1534/1534/1121 1542/1542/1348 1535/1535/1346
f 1535/1535/1346 1543/1543/1349 1536/1536/1123
f 1543/1543/1349 1537/1537/1124 1536/1536/1123
f 1544/1544/1350 1538/1538/1125 1537/1537/1124
f 1545/1545/1351 1546/1546/1126 1538/1538/1125
f 1547/1547/1138 1548/1548/1352 1541/1541/1347
f 1541/1541/1347 1549/1549/1353 1542/1542/1348
f 1542/1542/1348 1550/1550/1354 1543/1543/1349
f 1550/1550/1354 1544/1544/1350 1543/1543/1349
f 1551/1551/1355 1545/1545/1351 1544/1544/1350
f 1552/1552/1356 1553/1553/1357 1545/1545/1351
f 1554/1554/1358 1555/1555/1359 1548/1548/1352
f 1548/1548/1352 1556/1556/1360 1549/1549/1353
f 1549/1549/1353 1557/1557/966 1550/1550/1354
f 1557/1557/966 1551/1551/1355 1550/1550/1354
f 1558/1558/1361 1552/1552/1356 1551/1551/1355
f 1559/1559/1362 1560/1560/1358 1552/1552/1356
f 1561/1561/1363 1555/1555/1359 1562/1562/834
f 1563/1563/1364 1556/1556/1360 1555/1555/1359
f 1564/1564/1365 1557/1557/966 1556/1556/1360
f 1557/1557/966 1565/1565/1366 1558/1558/1361
f 1558/1558/1361 1566/1566/1367 1559/1559/1362
f 1559/1559/1362 1567/1567/894 1568/1568/788
f 1569/1569/1368 1563/1563/1364 1561/1561/1363
f 1570/1570/1369 1564/1564/1365 1563/1563/1364
f 1571/1571/1370 1572/1572/1371 1564/1564/1365
f 1572/1572/1371 1573/1573/1372 1565/1565/1366
f 1565/1565/1366 1574/1574/1373 1566/1566/1367
f 1566/1566/1367 1575/1575/1152 1567/1567/894
f 1576/1576/1159 1570/1570/1369 1569/1569/1368
f 1577/1577/1160 1571/1571/1370 1570/1570/1369
f 1578/1578/1374 1579/1579/1375 1571/1571/1370
f 1579/1579/1375 1580/1580/1376 1573/1573/1372
f 1573/1573/1372 1581/1581/1164 1574/1574/1373
f 1574/1574/1373 1582/1582/1159 1575/1575/1152
f 1583/1583/1377 1577/1577/1160 1576/1576/1159
f 1584/1584/1378 1578/1578/1374 1577/1577/1160
f 1585/1585/1379 1586/1586/1167 1578/1578/1374
f 1586/1586/1167 1587/1587/1380 1580/1580/1376
f 1580/1580/1376 1588/1588/1381 1581/1581/1164
f 1581/1581/1164 1589/1589/1377 1582/1582/1159
f 1590/1590/1382 1584/1584/1378 1583/1583/1377
f 1591/1591/1383 1585/1585/1379 1584/1584/1378
f 1592/1592/1384 1593/1593/1385 1585/1585/1379
f 1593/1593/1385 1594/1594/1173 1587/1587/1380
f 1587/1587/1380 1595/1595/1386 1588/1588/1381
f 1588/1588/1381 1596/1596/1387 1589/1589/1377
f 1590/1590/1382 1597/1597/1388 1591/1591/1383
f 1591/1591/1383 1598/1598/1389 1592/1592/1384
f 1592/1592/1384 1599/1599/1178 1600/1600/1390
f 1599/1599/1178 1594/1594/1173 1600/1600/1390
f 1601/1601/1391 1595/1595/1386 1594/1594/1173
f 1602/1602/1392 1596/1596/1387 1595/1595/1386
f 1603/1603/1393 1604/1604/1394 1597/1597/1388
f 1597/1597/1388 1605/1605/1395 1598/1598/1389
f 1598/1598/1389 1606/1606/1396 1599/1599/1178
f 1606/1606/1396 1601/1601/1391 1599/1599/1178
f 1607/1607/1397 1602/1602/1392 1601/1601/1391
f 1608/1608/1398 1609/1609/1393 1602/1602/1392
f 1610/1610/1399 1611/1611/1400 1604/1604/1394
f 1604/1604/1394 1612/1612/1401 1605/1605/1395
f 1605/1605/1395 1613/1613/1402 1606/1606/1396
f 1613/1613/1402 1607/1607/1397 1606/1606/1396
f 1614/1614/1403 1608/1608/1398 1607/1607/1397
f 1615/1615/1404 1616/1616/1399 1608/1608/1398
f 1617/1617/1405 1618/1618/1195 1611/1611/1400
f 1611/1611/1400 1619/1619/1406 1612/1612/1401
f 1612/1612/1401 1620/1620/1407 1613/1613/1402
f 1620/1620/1407 1614/1614/1403 1613/1613/1402
f 1621/1621/1408 1615/1615/1404 1614/1614/1403
f 1622/1622/1409 1623/1623/1194 1615/1615/1404
f 1624/1624/1410 1625/1625/1411 1618/1618/1195
f 1618/1618/1195 1626/1626/1412 1619/1619/1406
f 1619/1619/1406 1627/1627/744 1620/1620/1407
f 1627/1627/744 1621/1621/1408 1620/1620/1407
f 1628/1628/1413 1622/1622/1409 1621/1621/1408
f 1629/1629/1414 1630/1630/1410 1622/1622/1409
f 1631/1631/1415 1625/1625/1411 1632/1632/1307
f 1633/1633/1208 1626/1626/1412 1625/1625/1411
f 1634/1634/1416 1627/1627/744 1626/1626/1412
f 1627/1627/744 1635/1635/1417 1628/1628/1413
f 1628/1628/1413 1636/1636/1418 1629/1629/1414
f 1629/1629/1414 1637/1637/1211 1638/1638/1142
f 1639/1639/1213 1633/1633/1208 1631/1631/1415
f 1640/1640/1419 1634/1634/1416 1633/1633/1208
f 1641/1641/1420 1642/1642/1216 1634/1634/1416
f 1642/1642/1216 1643/1643/1217 1635/1635/1417
f 1635/1635/1417 1644/1644/1421 1636/1636/1418
f 1636/1636/1418 1645/1645/1218 1637/1637/1211
f 1646/1646/1422 1640/1640/1419 1639/1639/1213
f 1647/1647/1423 1641/1641/1420 1640/1640/1419
f 1648/1648/1424 1649/1649/1425 1641/1641/1420
f 1649/1649/1425 1650/1650/1426 1643/1643/1217
f 1643/1643/1217 1651/1651/1427 1644/1644/1421
f 1644/1644/1421 1652/1652/1422 1645/1645/1218
f 1653/1653/1428 1647/1647/1423 1646/1646/1422
f 1654/1654/1429 1648/1648/1424 1647/1647/1423
f 1655/1655/1430 1656/1656/1431 1648/1648/1424
f 1656/1656/1431 1657/1657/1432 1650/1650/1426
f 1650/1650/1426 1658/1658/1433 1651/1651/1427
f 1651/1651/1427 1659/1659/1434 1652/1652/1422
f 1660/1660/1435 1654/1654/1429 1653/1653/1428
f 1661/1661/1336 1655/1655/1430 1654/1654/1429
f 1662/1662/1338 1663/1663/1233 1655/1655/1430
f 1663/1663/1233 1664/1664/1341 1657/1657/1432
f 1657/1657/1432 1665/1665/1343 1658/1658/1433
f 1658/1658/1433 1666/1666/1334 1659/1659/1434
f 1667/1667/987 1668/1668/1436 1669/1669/1235
f 1669/1669/1235 1670/1670/1437 1671/1671/1438
f 1671/1671/1438 1672/1672/1439 1673/1673/1440
f 1672/1672/1439 1674/1674/1441 1673/1673/1440
f 1675/1675/1442 1676/1676/1241 1674/1674/1441
f 1677/1677/1443 1678/1678/723 1676/1676/1241
f 1679/1679/1444 1680/1680/999 1668/1668/1436
f 1668/1668/1436 1681/1681/1445 1670/1670/1437
f 1670/1670/1437 1682/1682/1446 1672/1672/1439
f 1682/1682/1446 1675/1675/1442 1672/1672/1439
f 1683/1683/1447 1677/1677/1443 1675/1675/1442
f 1684/1684/1448 1685/1685/1449 1677/1677/1443
f 1686/1686/1004 1687/1687/1450 1680/1680/999
f 1680/1680/999 1688/1688/1250 1681/1681/1445
f 1681/1681/1445 1689/1689/1451 1682/1682/1446
f 1689/1689/1451 1683/1683/1447 1682/1682/1446
f 1690/1690/1251 1684/1684/1448 1683/1683/1447
f 1691/1691/1452 1692/1692/1010 1684/1684/1448
f 1693/1693/1453 1694/1694/1454 1687/1687/1450
f 1687/1687/1450 1695/1695/1255 1688/1688/1250
f 1688/1688/1250 1696/1696/1256 1689/1689/1451
f 1696/1696/1256 1690/1690/1251 1689/1689/1451
f 1697/1697/1257 1691/1691/1452 1690/1690/1251
f 1698/1698/1455 1699/1699/1456 1691/1691/1452
f 1700/1700/1457 1701/1701/1458 1694/1694/1454
f 1694/1694/1454 1702/1702/1459 1695/1695/1255
f 1695/1695/1255 1703/1703/966 1696/1696/1256
f 1703/1703/966 1697/1697/1257 1696/1696/1256
f 1704/1704/1460 1698/1698/1455 1697/1697/1257
f 1705/1705/1461 1706/1706/1457 1698/1698/1455
f 1707/1707/1462 1701/1701/1458 1708/1708/757
f 1709/1709/1463 1702/1702/1459 1701/1701/1458
f 1710/1710/1464 1703/1703/966 1702/1702/1459
f 1703/1703/966 1711/1711/1465 1704/1704/1460
f 1704/1704/1460 1712/1712/1466 1705/1705/1461
f 1705/1705/1461 1713/1713/1462 1714/1714/744
f 1715/1715/1028 1709/1709/1463 1707/1707/1462
f 1716/1716/1467 1710/1710/1464 1709/1709/1463
f 1717/1717/1468 1718/1718/1031 1710/1710/1464
f 1718/1718/1031 1719/1719/1469 1711/1711/1465
f 1711/1711/1465 1720/1720/1470 1712/1712/1466
f 1712/1712/1466 1721/1721/1471 1713/1713/1462
f 1722/1722/1472 1716/1716/1467 1715/1715/1028
f 1723/1723/1473 1717/1717/1468 1716/1716/1467
f 1724/1724/1474 1725/1725/1038 1717/1717/1468
f 1725/1725/1038 1726/1726/1475 1719/1719/1469
f 1719/1719/1469 1727/1727/1476 1720/1720/1470
f 1720/1720/1470 1728/1728/1035 1721/1721/1471
f 1729/1729/1477 1723/1723/1473 1722/1722/1472
f 1730/1730/1478 1724/1724/1474 1723/1723/1473
f 1731/1731/1479 1732/1732/1480 1724/1724/1474
f 1732/1732/1480 1733/1733/1481 1726/1726/1475
f 1726/1726/1475 1734/1734/1482 1727/1727/1476
f 1727/1727/1476 1735/1735/1477 1728/1728/1035
f 1736/1736/731 1730/1730/1478 1729/1729/1477
f 1737/1737/1483 1731/1731/1479 1730/1730/1478
f 1738/1738/1484 1739/1739/1485 1731/1731/1479
f 1739/1739/1485 1740/1740/1486 1733/1733/1481
f 1733/1733/1481 1741/1741/1487 1734/1734/1482
f 1734/1734/1482 1742/1742/1048 1735/1735/1477
f 1736/1736/731 1743/1743/1488 1737/1737/1483
f 1737/1737/1483 1744/1744/1282 1738/1738/1484
f 1738/1738/1484 1745/1745/1283 1746/1746/1489
f 1745/1745/1283 1740/1740/1486 1746/1746/1489
f 1747/1747/1284 1741/1741/1487 1740/1740/1486
f 1748/1748/1490 1742/1742/1048 1741/1741/1487
f 1749/1749/1491 1750/1750/1492 1743/1743/1488
f 1743/1743/1488 1751/1751/1288 1744/1744/1282
f 1744/1744/1282 1752/1752/1289 1745/1745/1283
f 1752/1752/1289 1747/1747/1284 1745/1745/1283
f 1753/1753/1493 1748/1748/1490 1747/1747/1284
f 1754/1754/1494 1755/1755/1491 1748/1748/1490
f 1756/1756/1495 1757/1757/1496 1750/1750/1492
f 1750/1750/1492 1758/1758/1068 1751/1751/1288
f 1751/1751/1288 1759/1759/1497 1752/1752/1289
f 1759/1759/1497 1753/1753/1493 1752/1752/1289
f 1760/1760/1070 1754/1754/1494 1753/1753/1493
f 1761/1761/1296 1762/1762/1495 1754/1754/1494
f 1763/1763/1079 1764/1764/1498 1757/1757/1496
f 1757/1757/1496 1765/1765/1499 1758/1758/1068
f 1758/1758/1068 1766/1766/1500 1759/1759/1497
f 1766/1766/1500 1760/1760/1070 1759/1759/1497
f 1767/1767/1501 1761/1761/1296 1760/1760/1070
f 1768/1768/1502 1769/1769/1503 1761/1761/1296
f 1770/1770/1504 1771/1771/1303 1764/1764/1498
f 1764/1764/1498 1772/1772/1505 1765/1765/1499
f 1765/1765/1499 1773/1773/744 1766/1766/1500
f 1773/1773/744 1767/1767/1501 1766/1766/1500
f 1774/1774/1506 1768/1768/1502 1767/1767/1501
f 1775/1775/1306 1776/1776/1080 1768/1768/1502
f 1777/1777/1507 1771/1771/1303 1778/1778/842
f 1779/1779/1508 1772/1772/1505 1771/1771/1303
f 1780/1780/1509 1773/1773/744 1772/1772/1505
f 1773/1773/744 1781/1781/1510 1774/1774/1506
f 1774/1774/1506 1782/1782/1511 1775/1775/1306
f 1775/1775/1306 1783/1783/1512 1784/1784/1142
f 1785/1785/1097 1779/1779/1508 1777/1777/1507
f 1786/1786/1513 1780/1780/1509 1779/1779/1508
f 1787/1787/1514 1788/1788/1515 1780/1780/1509
f 1788/1788/1515 1789/1789/1516 1781/1781/1510
f 1781/1781/1510 1790/1790/1517 1782/1782/1511
f 1782/1782/1511 1791/1791/1097 1783/1783/1512
f 1792/1792/1518 1786/1786/1513 1785/1785/1097
f 1793/1793/1519 1787/1787/1514 1786/1786/1513
f 1794/1794/1520 1795/1795/1101 1787/1787/1514
f 1795/1795/1101 1796/1796/1521 1789/1789/1516
f 1789/1789/1516 1797/1797/1522 1790/1790/1517
f 1790/1790/1517 1798/1798/1518 1791/1791/1097
f 1799/1799/1523 1793/1793/1519 1792/1792/1518
f 1800/1800/1324 1794/1794/1520 1793/1793/1519
f 1801/1801/1524 1802/1802/1107 1794/1794/1520
f 1802/1802/1107 1803/1803/1525 1796/1796/1521
f 1796/1796/1521 1804/1804/1328 1797/1797/1522
f 1797/1797/1522 1805/1805/1329 1798/1798/1518
f 1806/1806/987 1800/1800/1324 1799/1799/1523
f 1807/1807/1330 1801/1801/1524 1800/1800/1324
f 1808/1808/1438 1809/1809/1111 1801/1801/1524
f 1809/1809/1111 1810/1810/1441 1803/1803/1525
f 1803/1803/1525 1811/1811/1333 1804/1804/1328
f 1804/1804/1328 1812/1812/987 1805/1805/1329
f 1/1/1 4/4/4 2/2/2
f 4/4/4 6/6/6 5/5/5
f 6/6/6 20/20/19 7/7/7
f 7/7/7 20/20/19 8/8/8
f 9/9/9 8/8/8 10/10/10
f 11/11/11 10/10/10 12/12/12
f 13/13/13 12/12/12 14/14/14
f 14/14/14 26/26/1 16/16/3
f 17/17/16 18/18/17 4/4/4
f 18/18/17 19/19/18 6/6/6
f 19/19/18 21/21/20 20/20/19
f 21/21/20 31/31/29 8/8/8
f 8/8/8 31/31/29 22/22/21
f 10/10/10 22/22/21 23/23/22
f 12/12/12 23/23/22 24/24/23
f 14/14/14 24/24/23 25/25/24
f 27/27/25 28/28/26 18/18/17
f 28/28/26 29/29/27 19/19/18
f 29/29/27 30/30/28 21/21/20
f 30/30/28 38/38/36 31/31/29
f 31/31/29 38/38/36 32/32/30
f 22/22/21 32/32/30 33/33/31
f 23/23/22 33/33/31 34/34/32
f 34/34/32 43/43/41 25/25/24
f 27/27/25 44/44/42 35/35/33
f 28/28/26 35/35/33 36/36/34
f 29/29/27 36/36/34 37/37/35
f 37/37/35 39/39/37 38/38/36
f 39/39/37 40/40/38 32/32/30
f 40/40/38 41/41/39 33/33/31
f 41/41/39 42/42/40 34/34/32
f 42/42/40 52/52/42 43/43/41
f 44/44/42 53/53/50 45/45/43
f 35/35/33 45/45/43 46/46/44
f 36/36/34 46/46/44 47/47/45
f 37/37/35 47/47/45 48/48/46
f 48/48/46 49/49/47 40/40/38
f 49/49/47 50/50/48 41/41/39
f 50/50/48 51/51/49 42/42/40
f 51/51/49 61/61/58 52/52/42
f 53/53/50 62/62/59 54/54/51
f 45/45/43 54/54/51 55/55/52
f 46/46/44 55/55/52 56/56/53
f 56/56/53 57/57/54 48/48/46
f 57/57/54 58/58/55 49/49/47
f 58/58/55 59/59/56 50/50/48
f 59/59/56 60/60/57 51/51/49
f 60/60/57 70/70/59 61/61/58
f 62/62/59 71/71/66 63/63/60
f 54/54/51 63/63/60 64/64/61
f 55/55/52 64/64/61 65/65/62
f 65/65/62 66/66/63 57/57/54
f 66/66/63 67/67/64 58/58/55
f 67/67/64 68/68/65 59/59/56
f 68/68/65 78/78/73 60/60/57
f 60/60/57 78/78/73 69/69/66
f 71/71/66 80/80/75 72/72/67
f 63/63/60 72/72/67 73/73/68
f 64/64/61 73/73/68 74/74/69
f 74/74/69 75/75/70 66/66/63
f 75/75/70 76/76/71 67/67/64
f 76/76/71 77/77/72 68/68/65
f 77/77/72 79/79/74 78/78/73
f 79/79/74 88/88/83 69/69/66
f 80/80/75 89/89/84 81/81/76
f 72/72/67 81/81/76 82/82/77
f 73/73/68 82/82/77 83/83/78
f 74/74/69 83/83/78 84/84/79
f 84/84/79 85/85/80 76/76/71
f 85/85/80 86/86/81 77/77/72
f 86/86/81 87/87/82 79/79/74
f 87/87/82 97/97/92 88/88/83
f 89/89/84 98/98/93 90/90/85
f 81/81/76 90/90/85 91/91/86
f 82/82/77 91/91/86 92/92/87
f 83/83/78 92/92/87 93/93/88
f 93/93/88 94/94/89 85/85/80
f 94/94/89 95/95/90 86/86/81
f 95/95/90 96/96/91 87/87/82
f 96/96/91 106/106/93 97/97/92
f 98/98/93 107/107/101 99/99/94
f 90/90/85 99/99/94 100/100/95
f 91/91/86 100/100/95 101/101/96
f 101/101/96 102/102/97 93/93/88
f 102/102/97 103/103/98 94/94/89
f 103/103/98 104/104/99 95/95/90
f 104/104/99 114/114/108 96/96/91
f 96/96/91 114/114/108 105/105/100
f 107/107/101 117/117/109 108/108/102
f 99/99/94 108/108/102 109/109/103
f 100/100/95 109/109/103 110/110/104
f 101/101/96 110/110/104 111/111/105
f 111/111/105 112/112/106 103/103/98
f 112/112/106 113/113/107 104/104/99
f 113/113/107 124/124/117 114/114/108
f 114/114/108 124/124/117 115/115/109
f 116/116/110 118/118/111 108/108/102
f 118/118/111 119/119/112 109/109/103
f 119/119/112 120/120/113 110/110/104
f 120/120/113 129/129/122 111/111/105
f 111/111/105 129/129/122 121/121/114
f 112/112/106 121/121/114 122/122/115
f 113/113/107 122/122/115 123/123/116
f 123/123/116 133/133/110 115/115/109
f 125/125/118 126/126/119 118/118/111
f 126/126/119 127/127/120 119/119/112
f 127/127/120 137/137/129 120/120/113
f 120/120/113 137/137/129 128/128/121
f 129/129/122 128/128/121 130/130/123
f 121/121/114 130/130/123 131/131/124
f 122/122/115 131/131/124 132/132/125
f 132/132/125 143/143/118 133/133/110
f 134/134/126 135/135/127 126/126/119
f 135/135/127 136/136/128 127/127/120
f 136/136/128 138/138/130 137/137/129
f 138/138/130 148/148/139 128/128/121
f 128/128/121 148/148/139 139/139/131
f 130/130/123 139/139/131 140/140/132
f 131/131/124 140/140/132 141/141/133
f 132/132/125 141/141/133 142/142/134
f 144/144/135 145/145/136 135/135/127
f 145/145/136 146/146/137 136/136/128
f 146/146/137 147/147/138 138/138/130
f 147/147/138 157/157/148 148/148/139
f 148/148/139 157/157/148 149/149/140
f 139/139/131 149/149/140 150/150/141
f 140/140/132 150/150/141 151/151/142
f 141/141/133 151/151/142 152/152/143
f 153/153/144 154/154/145 145/145/136
f 154/154/145 155/155/146 146/146/137
f 155/155/146 165/165/156 147/147/138
f 147/147/138 165/165/156 156/156/147
f 157/157/148 156/156/147 158/158/149
f 149/149/140 158/158/149 159/159/150
f 150/150/141 159/159/150 160/160/151
f 151/151/142 160/160/151 161/161/152
f 162/162/153 163/163/154 154/154/145
f 163/163/154 164/164/155 155/155/146
f 164/164/155 173/173/164 165/165/156
f 165/165/156 173/173/164 166/166/157
f 156/156/147 166/166/157 167/167/158
f 158/158/149 167/167/158 168/168/159
f 159/159/150 168/168/159 169/169/160
f 169/169/160 179/179/153 161/161/152
f 170/170/161 171/171/162 163/163/154
f 171/171/162 172/172/163 164/164/155
f 172/172/163 183/183/172 173/173/164
f 173/173/164 183/183/172 174/174/165
f 166/166/157 174/174/165 175/175/166
f 167/167/158 175/175/166 176/176/167
f 168/168/159 176/176/167 177/177/168
f 169/169/160 177/177/168 178/178/161
f 180/180/169 181/181/170 171/171/162
f 181/181/170 182/182/171 172/172/163
f 182/182/171 184/184/173 183/183/172
f 184/184/173 193/193/182 174/174/165
f 174/174/165 193/193/182 185/185/174
f 175/175/166 185/185/174 186/186/175
f 176/176/167 186/186/175 187/187/176
f 177/177/168 187/187/176 188/188/177
f 189/189/178 190/190/179 181/181/170
f 190/190/179 191/191/180 182/182/171
f 191/191/180 201/201/189 184/184/173
f 184/184/173 201/201/189 192/192/181
f 193/193/182 192/192/181 194/194/183
f 185/185/174 194/194/183 195/195/184
f 186/186/175 195/195/184 196/196/185
f 187/187/176 196/196/185 197/197/178
f 189/189/178 206/206/193 198/198/186
f 190/190/179 198/198/186 199/199/187
f 191/191/180 199/199/187 200/200/188
f 201/201/189 200/200/188 202/202/190
f 202/202/190 203/203/191 194/194/183
f 203/203/191 204/204/192 195/195/184
f 204/204/192 213/213/200 196/196/185
f 196/196/185 213/213/200 205/205/193
f 206/206/193 215/215/202 207/207/194
f 198/198/186 207/207/194 208/208/195
f 199/199/187 208/208/195 209/209/196
f 200/200/188 209/209/196 210/210/197
f 210/210/197 211/211/198 203/203/191
f 211/211/198 212/212/199 204/204/192
f 212/212/199 214/214/201 213/213/200
f 214/214/201 223/223/202 205/205/193
f 215/215/202 225/225/211 216/216/203
f 207/207/194 216/216/203 217/217/204
f 208/208/195 217/217/204 218/218/205
f 218/218/205 219/219/206 210/210/197
f 219/219/206 220/220/207 211/211/198
f 220/220/207 221/221/208 212/212/199
f 221/221/208 232/232/218 214/214/201
f 214/214/201 232/232/218 222/222/209
f 224/224/210 226/226/212 216/216/203
f 226/226/212 227/227/213 217/217/204
f 227/227/213 228/228/214 218/218/205
f 228/228/214 238/238/223 219/219/206
f 219/219/206 238/238/223 229/229/215
f 220/220/207 229/229/215 230/230/216
f 221/221/208 230/230/216 231/231/217
f 232/232/218 231/231/217 233/233/210
f 234/234/219 235/235/220 226/226/212
f 235/235/220 236/236/221 227/227/213
f 236/236/221 245/245/230 228/228/214
f 228/228/214 245/245/230 237/237/222
f 238/238/223 237/237/222 239/239/224
f 229/229/215 239/239/224 240/240/225
f 230/230/216 240/240/225 241/241/226
f 241/241/226 250/250/219 233/233/210
f 242/242/227 243/243/228 235/235/220
f 243/243/228 244/244/229 236/236/221
f 244/244/229 246/246/231 245/245/230
f 246/246/231 255/255/239 237/237/222
f 237/237/222 255/255/239 247/247/232
f 239/239/224 247/247/232 248/248/233
f 240/240/225 248/248/233 249/249/234
f 249/249/234 259/259/227 250/250/219
f 242/242/227 260/260/243 251/251/235
f 243/243/228 251/251/235 252/252/236
f 244/244/229 252/252/236 253/253/237
f 246/246/231 253/253/237 254/254/238
f 254/254/238 256/256/240 247/247/232
f 256/256/240 257/257/241 248/248/233
f 257/257/241 267/267/250 249/249/234
f 249/249/234 267/267/250 258/258/242
f 260/260/243 269/269/251 261/261/244
f 251/251/235 261/261/244 262/262/245
f 252/252/236 262/262/245 263/263/246
f 253/253/237 263/263/246 264/264/247
f 264/264/247 265/265/248 256/256/240
f 265/265/248 266/266/249 257/257/241
f 266/266/249 276/276/258 267/267/250
f 267/267/250 276/276/258 268/268/251
f 269/269/251 278/278/260 270/270/252
f 261/261/244 270/270/252 271/271/253
f 262/262/245 271/271/253 272/272/254
f 263/263/246 272/272/254 273/273/255
f 273/273/255 274/274/256 265/265/248
f 274/274/256 275/275/257 266/266/249
f 275/275/257 277/277/259 276/276/258
f 277/277/259 286/286/268 268/268/251
f 278/278/260 287/287/267 279/279/261
f 270/270/252 279/279/261 280/280/262
f 271/271/253 280/280/262 281/281/263
f 272/272/254 281/281/263 282/282/264
f 282/282/264 283/283/265 274/274/256
f 283/283/265 284/284/266 275/275/257
f 284/284/266 294/294/275 277/277/259
f 277/277/259 294/294/275 285/285/267
f 287/287/267 296/296/277 288/288/269
f 279/279/261 288/288/269 289/289/270
f 280/280/262 289/289/270 290/290/271
f 281/281/263 290/290/271 291/291/272
f 291/291/272 292/292/273 283/283/265
f 292/292/273 293/293/274 284/284/266
f 293/293/274 295/295/276 294/294/275
f 295/295/276 304/304/277 285/285/267
f 296/296/277 305/305/285 297/297/278
f 288/288/269 297/297/278 298/298/279
f 289/289/270 298/298/279 299/299/280
f 290/290/271 299/299/280 300/300/281
f 300/300/281 301/301/282 292/292/273
f 301/301/282 302/302/283 293/293/274
f 302/302/283 303/303/284 295/295/276
f 303/303/284 313/313/293 304/304/277
f 305/305/285 314/314/294 306/306/286
f 297/297/278 306/306/286 307/307/287
f 298/298/279 307/307/287 308/308/288
f 308/308/288 309/309/289 300/300/281
f 309/309/289 310/310/290 301/301/282
f 310/310/290 311/311/291 302/302/283
f 311/311/291 312/312/292 303/303/284
f 312/312/292 322/322/294 313/313/293
f 314/314/294 323/323/302 315/315/295
f 306/306/286 315/315/295 316/316/296
f 307/307/287 316/316/296 317/317/297
f 308/308/288 317/317/297 318/318/298
f 318/318/298 319/319/299 310/310/290
f 319/319/299 320/320/300 311/311/291
f 320/320/300 330/330/309 312/312/292
f 312/312/292 330/330/309 321/321/301
f 323/323/302 333/333/312 324/324/303
f 315/315/295 324/324/303 325/325/304
f 316/316/296 325/325/304 326/326/305
f 326/326/305 327/327/306 318/318/298
f 327/327/306 328/328/307 319/319/299
f 328/328/307 329/329/308 320/320/300
f 329/329/308 331/331/310 330/330/309
f 331/331/310 341/341/312 321/321/301
f 332/332/311 334/334/313 324/324/303
f 334/334/313 335/335/314 325/325/304
f 335/335/314 345/345/323 326/326/305
f 326/326/305 345/345/323 336/336/315
f 327/327/306 336/336/315 337/337/316
f 328/328/307 337/337/316 338/338/317
f 329/329/308 338/338/317 339/339/318
f 331/331/310 339/339/318 340/340/319
f 342/342/320 343/343/321 334/334/313
f 343/343/321 344/344/322 335/335/314
f 344/344/322 346/346/324 345/345/323
f 346/346/324 354/354/332 336/336/315
f 336/336/315 354/354/332 347/347/325
f 337/337/316 347/347/325 348/348/326
f 338/338/317 348/348/326 349/349/327
f 349/349/327 359/359/320 340/340/319
f 350/350/328 351/351/329 343/343/321
f 351/351/329 352/352/330 344/344/322
f 352/352/330 363/363/339 346/346/324
f 346/346/324 363/363/339 353/353/331
f 354/354/332 353/353/331 355/355/333
f 347/347/325 355/355/333 356/356/334
f 348/348/326 356/356/334 357/357/335
f 349/349/327 357/357/335 358/358/328
f 360/360/336 361/361/337 351/351/329
f 361/361/337 362/362/338 352/352/330
f 362/362/338 364/364/340 363/363/339
f 364/364/340 373/373/349 353/353/331
f 353/353/331 373/373/349 365/365/341
f 355/355/333 365/365/341 366/366/342
f 356/356/334 366/366/342 367/367/343
f 357/357/335 367/367/343 368/368/344
f 369/369/345 370/370/346 361/361/337
f 370/370/346 371/371/347 362/362/338
f 371/371/347 372/372/348 364/364/340
f 372/372/348 382/382/357 373/373/349
f 373/373/349 382/382/357 374/374/350
f 365/365/341 374/374/350 375/375/351
f 366/366/342 375/375/351 376/376/352
f 367/367/343 376/376/352 377/377/345
f 378/378/353 379/379/354 370/370/346
f 379/379/354 380/380/355 371/371/347
f 380/380/355 381/381/356 372/372/348
f 381/381/356 390/390/365 382/382/357
f 382/382/357 390/390/365 383/383/358
f 374/374/350 383/383/358 384/384/359
f 375/375/351 384/384/359 385/385/360
f 385/385/360 395/395/353 377/377/345
f 386/386/361 387/387/362 379/379/354
f 387/387/362 388/388/363 380/380/355
f 388/388/363 389/389/364 381/381/356
f 389/389/364 400/400/373 390/390/365
f 390/390/365 400/400/373 391/391/366
f 383/383/358 391/391/366 392/392/367
f 384/384/359 392/392/367 393/393/368
f 385/385/360 393/393/368 394/394/361
f 396/396/369 397/397/370 387/387/362
f 397/397/370 398/398/371 388/388/363
f 398/398/371 399/399/372 389/389/364
f 399/399/372 408/408/381 400/400/373
f 400/400/373 408/408/381 401/401/374
f 391/391/366 401/401/374 402/402/375
f 392/392/367 402/402/375 403/403/376
f 403/403/376 412/412/385 394/394/361
f 404/404/377 405/405/378 397/397/370
f 405/405/378 406/406/379 398/398/371
f 406/406/379 407/407/380 399/399/372
f 407/407/380 417/417/390 408/408/381
f 408/408/381 417/417/390 409/409/382
f 401/401/374 409/409/382 410/410/383
f 402/402/375 410/410/383 411/411/384
f 411/411/384 421/421/394 412/412/385
f 404/404/377 422/422/393 413/413/386
f 405/405/378 413/413/386 414/414/387
f 406/406/379 414/414/387 415/415/388
f 407/407/380 415/415/388 416/416/389
f 416/416/389 418/418/391 409/409/382
f 418/418/391 419/419/392 410/410/383
f 419/419/392 429/429/401 411/411/384
f 411/411/384 429/429/401 420/420/393
f 422/422/393 431/431/402 423/423/395
f 413/413/386 423/423/395 424/424/396
f 414/414/387 424/424/396 425/425/397
f 425/425/397 426/426/398 416/416/389
f 426/426/398 427/427/399 418/418/391
f 427/427/399 428/428/400 419/419/392
f 428/428/400 438/438/407 429/429/401
f 429/429/401 438/438/407 430/430/402
f 431/431/402 1813/1813/3 432/432/403
f 423/423/395 432/432/403 433/433/5
f 424/424/396 433/433/5 434/434/404
f 425/425/397 434/434/404 435/435/405
f 435/435/405 436/436/406 427/427/399
f 436/436/406 437/437/13 428/428/400
f 437/437/13 439/439/15 438/438/407
f 439/439/15 1814/1814/3 430/430/402
f 440/440/408 448/448/415 441/441/409
f 442/442/410 441/441/409 443/443/411
f 443/443/411 446/446/414 445/445/413
f 446/446/414 452/452/419 447/447/408
f 448/448/415 453/453/420 449/449/416
f 441/441/409 449/449/416 450/450/417
f 450/450/417 451/451/418 446/446/414
f 451/451/418 457/457/424 452/452/419
f 453/453/420 458/458/425 454/454/421
f 449/449/416 454/454/421 455/455/422
f 455/455/422 456/456/423 451/451/418
f 456/456/423 462/462/429 457/457/424
f 458/458/425 463/463/430 459/459/426
f 454/454/421 459/459/426 460/460/427
f 460/460/427 461/461/428 456/456/423
f 461/461/428 467/467/434 462/462/429
f 463/463/430 468/468/435 464/464/431
f 459/459/426 464/464/431 465/465/432
f 465/465/432 466/466/433 461/461/428
f 466/466/433 472/472/439 467/467/434
f 468/468/435 474/474/441 469/469/436
f 464/464/431 469/469/436 470/470/437
f 470/470/437 471/471/438 466/466/433
f 471/471/438 478/478/445 472/472/439
f 473/473/440 475/475/442 469/469/436
f 475/475/442 481/481/448 470/470/437
f 470/470/437 481/481/448 476/476/443
f 471/471/438 476/476/443 477/477/444
f 479/479/446 480/480/447 475/475/442
f 480/480/447 486/486/453 481/481/448
f 481/481/448 486/486/453 482/482/449
f 476/476/443 482/482/449 483/483/450
f 479/479/446 488/488/455 484/484/451
f 480/480/447 484/484/451 485/485/452
f 485/485/452 487/487/454 482/482/449
f 487/487/454 492/492/459 483/483/450
f 488/488/455 493/493/460 489/489/456
f 484/484/451 489/489/456 490/490/457
f 490/490/457 491/491/458 487/487/454
f 491/491/458 497/497/464 492/492/459
f 493/493/460 499/499/466 494/494/461
f 489/489/456 494/494/461 495/495/462
f 495/495/462 496/496/463 491/491/458
f 496/496/463 503/503/470 497/497/464
f 498/498/465 500/500/467 494/494/461
f 500/500/467 506/506/473 495/495/462
f 495/495/462 506/506/473 501/501/468
f 496/496/463 501/501/468 502/502/469
f 504/504/471 505/505/472 500/500/467
f 505/505/472 511/511/477 506/506/473
f 506/506/473 511/511/477 507/507/474
f 501/501/468 507/507/474 508/508/471
f 509/509/475 510/510/476 505/505/472
f 510/510/476 516/516/482 511/511/477
f 511/511/477 516/516/482 512/512/478
f 507/507/474 512/512/478 513/513/479
f 514/514/480 515/515/481 510/510/476
f 515/515/481 521/521/487 516/516/482
f 516/516/482 521/521/487 517/517/483
f 512/512/478 517/517/483 518/518/484
f 519/519/485 520/520/486 515/515/481
f 520/520/486 526/526/492 521/521/487
f 521/521/487 526/526/492 522/522/488
f 517/517/483 522/522/488 523/523/489
f 524/524/490 525/525/491 520/520/486
f 525/525/491 531/531/497 526/526/492
f 526/526/492 531/531/497 527/527/493
f 522/522/488 527/527/493 528/528/494
f 529/529/495 530/530/496 525/525/491
f 530/530/496 536/536/502 531/531/497
f 531/531/497 536/536/502 532/532/498
f 527/527/493 532/532/498 533/533/499
f 534/534/500 535/535/501 530/530/496
f 535/535/501 541/541/507 536/536/502
f 536/536/502 541/541/507 537/537/503
f 532/532/498 537/537/503 538/538/504
f 539/539/505 540/540/506 535/535/501
f 540/540/506 546/546/512 541/541/507
f 541/541/507 546/546/512 542/542/508
f 537/537/503 542/542/508 543/543/509
f 539/539/505 548/548/514 544/544/510
f 540/540/506 544/544/510 545/545/511
f 545/545/511 547/547/513 542/542/508
f 547/547/513 552/552/514 543/543/509
f 548/548/514 553/553/518 549/549/515
f 544/544/510 549/549/515 550/550/516
f 550/550/516 551/551/517 547/547/513
f 551/551/517 557/557/522 552/552/514
f 553/553/518 558/558/523 554/554/519
f 549/549/515 554/554/519 555/555/520
f 555/555/520 556/556/521 551/551/517
f 556/556/521 562/562/527 557/557/522
f 558/558/523 563/563/528 559/559/524
f 554/554/519 559/559/524 560/560/525
f 560/560/525 561/561/526 556/556/521
f 561/561/526 567/567/532 562/562/527
f 563/563/528 568/568/533 564/564/529
f 559/559/524 564/564/529 565/565/530
f 565/565/530 566/566/531 561/561/526
f 566/566/531 572/572/537 567/567/532
f 568/568/533 573/573/538 569/569/534
f 564/564/529 569/569/534 570/570/535
f 570/570/535 571/571/536 566/566/531
f 571/571/536 577/577/542 572/572/537
f 573/573/538 578/578/543 574/574/539
f 569/569/534 574/574/539 575/575/540
f 575/575/540 576/576/541 571/571/536
f 576/576/541 582/582/547 577/577/542
f 578/578/543 584/584/549 579/579/544
f 574/574/539 579/579/544 580/580/545
f 580/580/545 581/581/546 576/576/541
f 581/581/546 588/588/553 582/582/547
f 583/583/548 585/585/550 579/579/544
f 585/585/550 591/591/556 580/580/545
f 580/580/545 591/591/556 586/586/551
f 581/581/546 586/586/551 587/587/552
f 589/589/554 590/590/555 585/585/550
f 590/590/555 596/596/561 591/591/556
f 591/591/556 596/596/561 592/592/557
f 586/586/551 592/592/557 593/593/558
f 594/594/559 595/595/560 590/590/555
f 595/595/560 601/601/566 596/596/561
f 596/596/561 601/601/566 597/597/562
f 592/592/557 597/597/562 598/598/563
f 594/594/559 603/603/568 599/599/564
f 595/595/560 599/599/564 600/600/565
f 600/600/565 602/602/567 597/597/562
f 602/602/567 607/607/572 598/598/563
f 603/603/568 609/609/574 604/604/569
f 599/599/564 604/604/569 605/605/570
f 605/605/570 606/606/571 602/602/567
f 606/606/571 613/613/578 607/607/572
f 608/608/573 610/610/575 604/604/569
f 610/610/575 616/616/581 605/605/570
f 605/605/570 616/616/581 611/611/576
f 606/606/571 611/611/576 612/612/577
f 614/614/579 615/615/580 610/610/575
f 615/615/580 621/621/586 616/616/581
f 616/616/581 621/621/586 617/617/582
f 611/611/576 617/617/582 618/618/583
f 619/619/584 620/620/585 615/615/580
f 620/620/585 626/626/590 621/621/586
f 621/621/586 626/626/590 622/622/587
f 617/617/582 622/622/587 623/623/584
f 624/624/588 625/625/589 620/620/585
f 625/625/589 631/631/595 626/626/590
f 626/626/590 631/631/595 627/627/591
f 622/622/587 627/627/591 628/628/592
f 629/629/593 630/630/594 625/625/589
f 630/630/594 636/636/600 631/631/595
f 631/631/595 636/636/600 632/632/596
f 627/627/591 632/632/596 633/633/597
f 634/634/598 635/635/599 630/630/594
f 635/635/599 1815/1815/1526 636/636/600
f 636/636/600 1815/1815/1526 637/637/601
f 632/632/596 637/637/601 638/638/598
f 639/639/602 1816/1816/412 640/640/603
f 642/642/604 1817/1817/1527 643/643/605
f 645/645/606 662/662/622 646/646/607
f 646/646/607 662/662/622 648/648/609
f 649/649/610 648/648/609 650/650/611
f 651/651/612 650/650/611 652/652/613
f 652/652/613 655/655/616 654/654/615
f 655/655/616 667/667/627 656/656/617
f 656/656/617 667/667/627 657/657/618
f 658/658/619 657/657/618 659/659/620
f 661/661/621 670/670/630 662/662/622
f 662/662/622 670/670/630 663/663/623
f 648/648/609 663/663/623 664/664/624
f 664/664/624 665/665/625 652/652/613
f 665/665/625 666/666/626 655/655/616
f 666/666/626 675/675/635 667/667/627
f 667/667/627 675/675/635 668/668/628
f 668/668/628 677/677/637 659/659/620
f 669/669/629 679/679/639 670/670/630
f 670/670/630 679/679/639 671/671/631
f 663/663/623 671/671/631 672/672/632
f 664/664/624 672/672/632 673/673/633
f 673/673/633 674/674/634 666/666/626
f 674/674/634 684/684/644 675/675/635
f 675/675/635 684/684/644 676/676/636
f 676/676/636 687/687/647 677/677/637
f 669/669/629 688/688/648 678/678/638
f 679/679/639 678/678/638 680/680/640
f 671/671/631 680/680/640 681/681/641
f 681/681/641 682/682/642 673/673/633
f 682/682/642 683/683/643 674/674/634
f 683/683/643 685/685/645 684/684/644
f 685/685/645 695/695/655 676/676/636
f 676/676/636 695/695/655 686/686/646
f 688/688/648 697/697/657 689/689/649
f 678/678/638 689/689/649 690/690/650
f 680/680/640 690/690/650 691/691/651
f 681/681/641 691/691/651 692/692/652
f 692/692/652 693/693/653 683/683/643
f 693/693/653 694/694/654 685/685/645
f 694/694/654 704/704/664 695/695/655
f 695/695/655 704/704/664 696/696/656
f 697/697/657 707/707/667 698/698/658
f 689/689/649 698/698/658 699/699/659
f 690/690/650 699/699/659 700/700/660
f 700/700/660 701/701/661 692/692/652
f 701/701/661 702/702/662 693/693/653
f 702/702/662 703/703/663 694/694/654
f 703/703/663 705/705/665 704/704/664
f 705/705/665 715/715/675 696/696/656
f 706/706/666 708/708/668 698/698/658
f 708/708/668 709/709/669 699/699/659
f 709/709/669 719/719/679 700/700/660
f 700/700/660 719/719/679 710/710/670
f 701/701/661 710/710/670 711/711/671
f 702/702/662 711/711/671 712/712/672
f 703/703/663 712/712/672 713/713/673
f 705/705/665 713/713/673 714/714/674
f 716/716/676 717/717/677 708/708/668
f 717/717/677 718/718/678 709/709/669
f 718/718/678 720/720/680 719/719/679
f 720/720/680 728/728/688 710/710/670
f 710/710/670 728/728/688 721/721/681
f 711/711/671 721/721/681 722/722/682
f 712/712/672 722/722/682 723/723/683
f 723/723/683 732/732/676 714/714/674
f 724/724/684 725/725/685 717/717/677
f 725/725/685 726/726/686 718/718/678
f 726/726/686 735/735/694 720/720/680
f 720/720/680 735/735/694 727/727/687
f 728/728/688 727/727/687 729/729/689
f 721/721/681 729/729/689 730/730/690
f 722/722/682 730/730/690 731/731/691
f 731/731/691 740/740/684 732/732/676
f 724/724/684 741/741/699 733/733/692
f 733/733/692 734/734/693 726/726/686
f 734/734/693 736/736/695 735/735/694
f 736/736/695 745/745/703 727/727/687
f 727/727/687 745/745/703 737/737/696
f 729/729/689 737/737/696 738/738/697
f 738/738/697 748/748/706 731/731/691
f 731/731/691 748/748/706 739/739/698
f 741/741/699 750/750/708 742/742/700
f 742/742/700 743/743/701 734/734/693
f 743/743/701 753/753/711 736/736/695
f 736/736/695 753/753/711 744/744/702
f 745/745/703 744/744/702 746/746/704
f 737/737/696 746/746/704 747/747/705
f 747/747/705 757/757/715 748/748/706
f 748/748/706 757/757/715 749/749/707
f 750/750/708 1818/1818/1528 751/751/709
f 751/751/709 752/752/710 743/743/701
f 752/752/710 754/754/712 753/753/711
f 754/754/712 1819/1819/1529 744/744/702
f 744/744/702 1819/1819/1529 755/755/713
f 746/746/704 755/755/713 756/756/714
f 756/756/714 758/758/716 757/757/715
f 758/758/716 1820/1820/1528 749/749/707
f 761/761/719 1821/1821/1530 1822/1822/1530
f 1821/1821/1530 1823/1823/1531 1822/1822/1530
f 1823/1823/1531 1824/1824/1532 1822/1822/1530
f 1822/1822/1530 1825/1825/1530 761/761/719
f 1825/1825/1530 759/759/717 761/761/719
f 764/764/722 1826/1826/720 762/762/720
f 1826/1826/720 1827/1827/1533 762/762/720
f 1827/1827/1533 1828/1828/1534 1829/1829/720
f 1829/1829/720 1830/1830/1533 1827/1827/1533
f 1830/1830/1533 762/762/720 1827/1827/1533
f 765/765/723 768/768/724 766/766/724
f 768/768/724 771/771/728 769/769/726
f 770/770/727 773/773/730 769/769/726
f 770/770/727 774/774/729 772/772/729
f 774/774/729 777/777/731 775/775/731
f 776/776/732 779/779/734 775/775/731
f 778/778/733 781/781/736 779/779/734
f 778/778/733 783/783/738 780/780/735
f 782/782/737 785/785/737 780/780/735
f 784/784/723 1831/1831/1057 785/785/737
f 787/787/740 1832/1832/741 788/788/741
f 1832/1832/741 1833/1833/966 788/788/741
f 1833/1833/966 1834/1834/1535 788/788/741
f 788/788/741 1835/1835/1536 1836/1836/1537
f 1836/1836/1537 1837/1837/1020 788/788/741
f 1837/1837/1020 1838/1838/1307 788/788/741
f 1838/1838/1307 786/786/739 788/788/741
f 1839/1839/1538 1840/1840/1539 1841/1841/758
f 1841/1841/758 1842/1842/1540 789/789/742
f 789/789/742 1843/1843/1541 790/790/743
f 790/790/743 1844/1844/1542 791/791/744
f 791/791/744 1845/1845/1543 1839/1839/1538
f 1839/1839/1538 1841/1841/758 791/791/744
f 1841/1841/758 789/789/742 791/791/744
f 792/792/723 795/795/745 793/793/745
f 795/795/745 798/798/748 796/796/746
f 797/797/747 800/800/750 796/796/746
f 797/797/747 801/801/751 799/799/749
f 801/801/751 804/804/731 802/802/731
f 803/803/752 806/806/752 802/802/731
f 805/805/753 808/808/754 806/806/752
f 805/805/753 810/810/756 807/807/738
f 809/809/755 812/812/755 807/807/738
f 811/811/723 1846/1846/1057 812/812/755
f 1847/1847/842 1848/1848/1307 813/813/741
f 813/813/741 1849/1849/1544 814/814/741
f 814/814/741 1850/1850/740 815/815/739
f 1850/1850/740 1851/1851/1545 815/815/739
f 1851/1851/1545 1852/1852/1546 815/815/739
f 815/815/739 1853/1853/1547 1847/1847/842
f 1847/1847/842 813/813/741 815/815/739
f 818/818/744 1854/1854/1548 1855/1855/1549
f 1855/1855/1549 1856/1856/834 818/818/744
f 1856/1856/834 1857/1857/1538 818/818/744
f 1857/1857/1538 1858/1858/1550 816/816/757
f 816/816/757 1859/1859/1551 817/817/758
f 817/817/758 1860/1860/1543 818/818/744
f 1857/1857/1538 816/816/757 818/818/744
f 819/819/723 831/831/769 820/820/759
f 821/821/760 820/820/759 822/822/761
f 823/823/762 822/822/761 824/824/763
f 824/824/763 827/827/766 826/826/765
f 827/827/766 829/829/768 828/828/767
f 829/829/768 837/837/769 830/830/723
f 831/831/769 838/838/775 832/832/770
f 820/820/759 832/832/770 833/833/771
f 822/822/761 833/833/771 834/834/772
f 834/834/772 835/835/773 827/827/766
f 835/835/773 836/836/774 829/829/768
f 836/836/774 844/844/781 837/837/769
f 838/838/775 845/845/782 839/839/776
f 832/832/770 839/839/776 840/840/777
f 833/833/771 840/840/777 841/841/778
f 841/841/778 842/842/779 835/835/773
f 842/842/779 843/843/780 836/836/774
f 843/843/780 851/851/782 844/844/781
f 845/845/782 853/853/788 846/846/783
f 839/839/776 846/846/783 847/847/784
f 840/840/777 847/847/784 848/848/739
f 848/848/739 849/849/785 842/842/779
f 849/849/785 850/850/786 843/843/780
f 850/850/786 859/859/794 851/851/782
f 852/852/787 854/854/789 846/846/783
f 854/854/789 855/855/790 847/847/784
f 855/855/790 863/863/798 848/848/739
f 848/848/739 863/863/798 856/856/791
f 849/849/785 856/856/791 857/857/792
f 850/850/786 857/857/792 858/858/793
f 860/860/795 861/861/796 854/854/789
f 861/861/796 862/862/797 855/855/790
f 862/862/797 870/870/804 863/863/798
f 863/863/798 870/870/804 864/864/799
f 856/856/791 864/864/799 865/865/800
f 857/857/792 865/865/800 866/866/795
f 867/867/801 868/868/802 861/861/796
f 868/868/802 869/869/803 862/862/797
f 869/869/803 877/877/809 870/870/804
f 870/870/804 877/877/809 871/871/805
f 864/864/799 871/871/805 872/872/806
f 865/865/800 872/872/806 873/873/801
f 874/874/731 875/875/807 868/868/802
f 875/875/807 876/876/808 869/869/803
f 876/876/808 884/884/815 877/877/809
f 877/877/809 884/884/815 878/878/810
f 871/871/805 878/878/810 879/879/811
f 872/872/806 879/879/811 880/880/731
f 874/874/731 887/887/818 881/881/812
f 875/875/807 881/881/812 882/882/813
f 876/876/808 882/882/813 883/883/814
f 883/883/814 885/885/816 878/878/810
f 885/885/816 886/886/817 879/879/811
f 886/886/817 893/893/818 880/880/731
f 887/887/818 894/894/824 888/888/819
f 881/881/812 888/888/819 889/889/820
f 882/882/813 889/889/820 890/890/821
f 890/890/821 891/891/822 885/885/816
f 891/891/822 892/892/823 886/886/817
f 892/892/823 900/900/830 893/893/818
f 894/894/824 901/901/831 895/895/825
f 888/888/819 895/895/825 896/896/826
f 889/889/820 896/896/826 897/897/827
f 897/897/827 898/898/828 891/891/822
f 898/898/828 899/899/829 892/892/823
f 899/899/829 907/907/831 900/900/830
f 901/901/831 909/909/741 902/902/832
f 895/895/825 902/902/832 903/903/833
f 896/896/826 903/903/833 904/904/834
f 904/904/834 905/905/835 898/898/828
f 905/905/835 906/906/836 899/899/829
f 906/906/836 915/915/842 907/907/831
f 908/908/837 910/910/838 902/902/832
f 910/910/838 911/911/839 903/903/833
f 911/911/839 919/919/846 904/904/834
f 904/904/834 919/919/846 912/912/840
f 905/905/835 912/912/840 913/913/841
f 906/906/836 913/913/841 914/914/837
f 916/916/843 917/917/844 910/910/838
f 917/917/844 918/918/845 911/911/839
f 918/918/845 926/926/853 919/919/846
f 919/919/846 926/926/853 920/920/847
f 912/912/840 920/920/847 921/921/848
f 913/913/841 921/921/848 922/922/849
f 923/923/850 924/924/851 917/917/844
f 924/924/851 925/925/852 918/918/845
f 925/925/852 933/933/856 926/926/853
f 926/926/853 933/933/856 927/927/854
f 920/920/847 927/927/854 928/928/855
f 921/921/848 928/928/855 929/929/850
f 930/930/723 931/931/760 924/924/851
f 931/931/760 932/932/762 925/925/852
f 932/932/762 1861/1861/1552 933/933/856
f 933/933/856 1861/1861/1552 934/934/765
f 927/927/854 934/934/765 935/935/857
f 928/928/855 935/935/857 936/936/723
f 937/937/858 949/949/869 938/938/859
f 939/939/860 938/938/859 940/940/861
f 941/941/862 940/940/861 942/942/863
f 942/942/863 945/945/866 944/944/865
f 945/945/866 947/947/868 946/946/867
f 947/947/868 955/955/869 948/948/858
f 949/949/869 956/956/875 950/950/870
f 938/938/859 950/950/870 951/951/871
f 940/940/861 951/951/871 952/952/872
f 952/952/872 953/953/873 945/945/866
f 953/953/873 954/954/874 947/947/868
f 954/954/874 962/962/875 955/955/869
f 956/956/875 963/963/881 957/957/876
f 950/950/870 957/957/876 958/958/877
f 951/951/871 958/958/877 959/959/878
f 959/959/878 960/960/879 953/953/873
f 960/960/879 961/961/880 954/954/874
f 961/961/880 969/969/887 962/962/875
f 963/963/881 970/970/888 964/964/882
f 957/957/876 964/964/882 965/965/883
f 958/958/877 965/965/883 966/966/884
f 966/966/884 967/967/885 960/960/879
f 967/967/885 968/968/886 961/961/880
f 968/968/886 976/976/893 969/969/887
f 970/970/888 978/978/895 971/971/889
f 964/964/882 971/971/889 972/972/890
f 965/965/883 972/972/890 973/973/741
f 973/973/741 974/974/891 967/967/885
f 974/974/891 975/975/892 968/968/886
f 975/975/892 984/984/895 976/976/893
f 977/977/894 979/979/896 971/971/889
f 979/979/896 980/980/897 972/972/890
f 980/980/897 988/988/904 973/973/741
f 973/973/741 988/988/904 981/981/898
f 974/974/891 981/981/898 982/982/899
f 975/975/892 982/982/899 983/983/900
f 985/985/901 986/986/902 979/979/896
f 986/986/902 987/987/903 980/980/897
f 987/987/903 995/995/911 988/988/904
f 988/988/904 995/995/911 989/989/905
f 981/981/898 989/989/905 990/990/906
f 982/982/899 990/990/906 991/991/907
f 992/992/908 993/993/909 986/986/902
f 993/993/909 994/994/910 987/987/903
f 994/994/910 1002/1002/918 995/995/911
f 995/995/911 1002/1002/918 996/996/912
f 989/989/905 996/996/912 997/997/913
f 990/990/906 997/997/913 998/998/914
f 999/999/915 1000/1000/916 993/993/909
f 1000/1000/916 1001/1001/917 994/994/910
f 1001/1001/917 1009/1009/925 1002/1002/918
f 1002/1002/918 1009/1009/925 1003/1003/919
f 996/996/912 1003/1003/919 1004/1004/920
f 997/997/913 1004/1004/920 1005/1005/921
f 1006/1006/922 1007/1007/923 1000/1000/916
f 1007/1007/923 1008/1008/924 1001/1001/917
f 1008/1008/924 1016/1016/931 1009/1009/925
f 1009/1009/925 1016/1016/931 1010/1010/926
f 1003/1003/919 1010/1010/926 1011/1011/927
f 1004/1004/920 1011/1011/927 1012/1012/922
f 1006/1006/922 1019/1019/934 1013/1013/928
f 1007/1007/923 1013/1013/928 1014/1014/929
f 1008/1008/924 1014/1014/929 1015/1015/930
f 1015/1015/930 1017/1017/932 1010/1010/926
f 1017/1017/932 1018/1018/933 1011/1011/927
f 1018/1018/933 1025/1025/940 1012/1012/922
f 1019/1019/934 1026/1026/941 1020/1020/935
f 1013/1013/928 1020/1020/935 1021/1021/936
f 1014/1014/929 1021/1021/936 1022/1022/937
f 1022/1022/937 1023/1023/938 1017/1017/932
f 1023/1023/938 1024/1024/939 1018/1018/933
f 1024/1024/939 1032/1032/947 1025/1025/940
f 1026/1026/941 1033/1033/948 1027/1027/942
f 1020/1020/935 1027/1027/942 1028/1028/943
f 1021/1021/936 1028/1028/943 1029/1029/944
f 1029/1029/944 1030/1030/945 1023/1023/938
f 1030/1030/945 1031/1031/946 1024/1024/939
f 1031/1031/946 1039/1039/948 1032/1032/947
f 1033/1033/948 1040/1040/954 1034/1034/949
f 1027/1027/942 1034/1034/949 1035/1035/950
f 1028/1028/943 1035/1035/950 1036/1036/951
f 1036/1036/951 1037/1037/952 1030/1030/945
f 1037/1037/952 1038/1038/953 1031/1031/946
f 1038/1038/953 1046/1046/954 1039/1039/948
f 1040/1040/954 1048/1048/739 1041/1041/955
f 1034/1034/949 1041/1041/955 1042/1042/956
f 1035/1035/950 1042/1042/956 1043/1043/957
f 1043/1043/957 1044/1044/958 1037/1037/952
f 1044/1044/958 1045/1045/959 1038/1038/953
f 1045/1045/959 1054/1054/966 1046/1046/954
f 1047/1047/960 1049/1049/961 1041/1041/955
f 1049/1049/961 1050/1050/962 1042/1042/956
f 1050/1050/962 1058/1058/970 1043/1043/957
f 1043/1043/957 1058/1058/970 1051/1051/963
f 1044/1044/958 1051/1051/963 1052/1052/964
f 1045/1045/959 1052/1052/964 1053/1053/965
f 1055/1055/967 1056/1056/968 1049/1049/961
f 1056/1056/968 1057/1057/969 1050/1050/962
f 1057/1057/969 1065/1065/976 1058/1058/970
f 1058/1058/970 1065/1065/976 1059/1059/971
f 1051/1051/963 1059/1059/971 1060/1060/972
f 1052/1052/964 1060/1060/972 1061/1061/967
f 1062/1062/973 1063/1063/974 1056/1056/968
f 1063/1063/974 1064/1064/975 1057/1057/969
f 1064/1064/975 1072/1072/982 1065/1065/976
f 1065/1065/976 1072/1072/982 1066/1066/977
f 1059/1059/971 1066/1066/977 1067/1067/978
f 1060/1060/972 1067/1067/978 1068/1068/973
f 1069/1069/979 1070/1070/980 1063/1063/974
f 1070/1070/980 1071/1071/981 1064/1064/975
f 1071/1071/981 1079/1079/985 1072/1072/982
f 1072/1072/982 1079/1079/985 1073/1073/983
f 1066/1066/977 1073/1073/983 1074/1074/984
f 1067/1067/978 1074/1074/984 1075/1075/979
f 1076/1076/858 1077/1077/860 1070/1070/980
f 1077/1077/860 1078/1078/862 1071/1071/981
f 1078/1078/862 1862/1862/1553 1079/1079/985
f 1079/1079/985 1862/1862/1553 1080/1080/865
f 1073/1073/983 1080/1080/865 1081/1081/986
f 1074/1074/984 1081/1081/986 1082/1082/858
f 1083/1083/987 1095/1095/998 1084/1084/988
f 1085/1085/989 1084/1084/988 1086/1086/990
f 1087/1087/991 1086/1086/990 1088/1088/992
f 1088/1088/992 1091/1091/995 1090/1090/994
f 1091/1091/995 1093/1093/997 1092/1092/996
f 1093/1093/997 1101/1101/998 1094/1094/987
f 1095/1095/998 1102/1102/1004 1096/1096/999
f 1084/1084/988 1096/1096/999 1097/1097/1000
f 1086/1086/990 1097/1097/1000 1098/1098/1001
f 1098/1098/1001 1099/1099/1002 1091/1091/995
f 1099/1099/1002 1100/1100/1003 1093/1093/997
f 1100/1100/1003 1108/1108/1010 1101/1101/998
f 1102/1102/1004 1109/1109/1011 1103/1103/1005
f 1096/1096/999 1103/1103/1005 1104/1104/1006
f 1097/1097/1000 1104/1104/1006 1105/1105/1007
f 1105/1105/1007 1106/1106/1008 1099/1099/1002
f 1106/1106/1008 1107/1107/1009 1100/1100/1003
f 1107/1107/1009 1115/1115/1011 1108/1108/1010
f 1109/1109/1011 1116/1116/1017 1110/1110/1012
f 1103/1103/1005 1110/1110/1012 1111/1111/1013
f 1104/1104/1006 1111/1111/1013 1112/1112/1014
f 1112/1112/1014 1113/1113/1015 1106/1106/1008
f 1113/1113/1015 1114/1114/1016 1107/1107/1009
f 1114/1114/1016 1122/1122/1017 1115/1115/1011
f 1116/1116/1017 1124/1124/758 1117/1117/1018
f 1110/1110/1012 1117/1117/1018 1118/1118/1019
f 1111/1111/1013 1118/1118/1019 1119/1119/1020
f 1119/1119/1020 1120/1120/1021 1113/1113/1015
f 1120/1120/1021 1121/1121/1022 1114/1114/1016
f 1121/1121/1022 1130/1130/758 1122/1122/1017
f 1123/1123/1023 1125/1125/1024 1117/1117/1018
f 1125/1125/1024 1126/1126/1025 1118/1118/1019
f 1126/1126/1025 1134/1134/1031 1119/1119/1020
f 1119/1119/1020 1134/1134/1031 1127/1127/1026
f 1120/1120/1021 1127/1127/1026 1128/1128/1027
f 1121/1121/1022 1128/1128/1027 1129/1129/1023
f 1131/1131/1028 1132/1132/1029 1125/1125/1024
f 1132/1132/1029 1133/1133/1030 1126/1126/1025
f 1133/1133/1030 1141/1141/1038 1134/1134/1031
f 1134/1134/1031 1141/1141/1038 1135/1135/1032
f 1127/1127/1026 1135/1135/1032 1136/1136/1033
f 1128/1128/1027 1136/1136/1033 1137/1137/1034
f 1138/1138/1035 1139/1139/1036 1132/1132/1029
f 1139/1139/1036 1140/1140/1037 1133/1133/1030
f 1140/1140/1037 1148/1148/1044 1141/1141/1038
f 1141/1141/1038 1148/1148/1044 1142/1142/1039
f 1135/1135/1032 1142/1142/1039 1143/1143/1040
f 1136/1136/1033 1143/1143/1040 1144/1144/1035
f 1145/1145/1041 1146/1146/1042 1139/1139/1036
f 1146/1146/1042 1147/1147/1043 1140/1140/1037
f 1147/1147/1043 1155/1155/1051 1148/1148/1044
f 1148/1148/1044 1155/1155/1051 1149/1149/1045
f 1142/1142/1039 1149/1149/1045 1150/1150/1046
f 1143/1143/1040 1150/1150/1046 1151/1151/1047
f 1152/1152/1048 1153/1153/1049 1146/1146/1042
f 1153/1153/1049 1154/1154/1050 1147/1147/1043
f 1154/1154/1050 1162/1162/1057 1155/1155/1051
f 1155/1155/1051 1162/1162/1057 1156/1156/1052
f 1149/1149/1045 1156/1156/1052 1157/1157/1053
f 1150/1150/1046 1157/1157/1053 1158/1158/1048
f 1152/1152/1048 1165/1165/1060 1159/1159/1054
f 1153/1153/1049 1159/1159/1054 1160/1160/1055
f 1154/1154/1050 1160/1160/1055 1161/1161/1056
f 1161/1161/1056 1163/1163/1058 1156/1156/1052
f 1163/1163/1058 1164/1164/1059 1157/1157/1053
f 1164/1164/1059 1171/1171/1060 1158/1158/1048
f 1165/1165/1060 1172/1172/1066 1166/1166/1061
f 1159/1159/1054 1166/1166/1061 1167/1167/1062
f 1160/1160/1055 1167/1167/1062 1168/1168/1063
f 1168/1168/1063 1169/1169/1064 1163/1163/1058
f 1169/1169/1064 1170/1170/1065 1164/1164/1059
f 1170/1170/1065 1178/1178/1072 1171/1171/1060
f 1172/1172/1066 1179/1179/1073 1173/1173/1067
f 1166/1166/1061 1173/1173/1067 1174/1174/1068
f 1167/1167/1062 1174/1174/1068 1175/1175/1069
f 1175/1175/1069 1176/1176/1070 1169/1169/1064
f 1176/1176/1070 1177/1177/1071 1170/1170/1065
f 1177/1177/1071 1185/1185/1079 1178/1178/1072
f 1179/1179/1073 1186/1186/1080 1180/1180/1074
f 1173/1173/1067 1180/1180/1074 1181/1181/1075
f 1174/1174/1068 1181/1181/1075 1182/1182/1076
f 1182/1182/1076 1183/1183/1077 1176/1176/1070
f 1183/1183/1077 1184/1184/1078 1177/1177/1071
f 1184/1184/1078 1192/1192/1085 1185/1185/1079
f 1186/1186/1080 1194/1194/740 1187/1187/1081
f 1180/1180/1074 1187/1187/1081 1188/1188/1082
f 1181/1181/1075 1188/1188/1082 1189/1189/788
f 1189/1189/788 1190/1190/1083 1183/1183/1077
f 1190/1190/1083 1191/1191/1084 1184/1184/1078
f 1191/1191/1084 1200/1200/966 1192/1192/1085
f 1193/1193/1086 1195/1195/1087 1187/1187/1081
f 1195/1195/1087 1196/1196/1088 1188/1188/1082
f 1196/1196/1088 1204/1204/1094 1189/1189/788
f 1189/1189/788 1204/1204/1094 1197/1197/1089
f 1190/1190/1083 1197/1197/1089 1198/1198/1090
f 1191/1191/1084 1198/1198/1090 1199/1199/1086
f 1201/1201/1091 1202/1202/1092 1195/1195/1087
f 1202/1202/1092 1203/1203/1093 1196/1196/1088
f 1203/1203/1093 1211/1211/1101 1204/1204/1094
f 1204/1204/1094 1211/1211/1101 1205/1205/1095
f 1197/1197/1089 1205/1205/1095 1206/1206/1096
f 1198/1198/1090 1206/1206/1096 1207/1207/1097
f 1208/1208/1098 1209/1209/1099 1202/1202/1092
f 1209/1209/1099 1210/1210/1100 1203/1203/1093
f 1210/1210/1100 1218/1218/1107 1211/1211/1101
f 1211/1211/1101 1218/1218/1107 1212/1212/1102
f 1205/1205/1095 1212/1212/1102 1213/1213/1103
f 1206/1206/1096 1213/1213/1103 1214/1214/1098
f 1215/1215/1104 1216/1216/1105 1209/1209/1099
f 1216/1216/1105 1217/1217/1106 1210/1210/1100
f 1217/1217/1106 1225/1225/1111 1218/1218/1107
f 1218/1218/1107 1225/1225/1111 1219/1219/1108
f 1212/1212/1102 1219/1219/1108 1220/1220/1109
f 1213/1213/1103 1220/1220/1109 1221/1221/1104
f 1222/1222/987 1223/1223/1110 1216/1216/1105
f 1223/1223/1110 1224/1224/991 1217/1217/1106
f 1224/1224/991 1863/1863/993 1225/1225/1111
f 1225/1225/1111 1863/1863/993 1226/1226/1112
f 1219/1219/1108 1226/1226/1112 1227/1227/1113
f 1220/1220/1109 1227/1227/1113 1228/1228/987
f 1229/1229/858 1241/1241/1120 1230/1230/859
f 1231/1231/1114 1230/1230/859 1232/1232/861
f 1233/1233/1115 1232/1232/861 1234/1234/1116
f 1234/1234/1116 1237/1237/1118 1236/1236/1117
f 1237/1237/1118 1239/1239/1119 1238/1238/986
f 1239/1239/1119 1247/1247/1120 1240/1240/858
f 1241/1241/1120 1248/1248/1126 1242/1242/1121
f 1230/1230/859 1242/1242/1121 1243/1243/1122
f 1232/1232/861 1243/1243/1122 1244/1244/1123
f 1244/1244/1123 1245/1245/1124 1237/1237/1118
f 1245/1245/1124 1246/1246/1125 1239/1239/1119
f 1246/1246/1125 1254/1254/1126 1247/1247/1120
f 1248/1248/1126 1255/1255/1132 1249/1249/1127
f 1242/1242/1121 1249/1249/1127 1250/1250/1128
f 1243/1243/1122 1250/1250/1128 1251/1251/1129
f 1251/1251/1129 1252/1252/1130 1245/1245/1124
f 1252/1252/1130 1253/1253/1131 1246/1246/1125
f 1253/1253/1131 1261/1261/1138 1254/1254/1126
f 1255/1255/1132 1262/1262/1139 1256/1256/1133
f 1249/1249/1127 1256/1256/1133 1257/1257/1134
f 1250/1250/1128 1257/1257/1134 1258/1258/1135
f 1258/1258/1135 1259/1259/1136 1252/1252/1130
f 1259/1259/1136 1260/1260/1137 1253/1253/1131
f 1260/1260/1137 1268/1268/1145 1261/1261/1138
f 1262/1262/1139 1270/1270/742 1263/1263/1140
f 1256/1256/1133 1263/1263/1140 1264/1264/1141
f 1257/1257/1134 1264/1264/1141 1265/1265/1142
f 1265/1265/1142 1266/1266/1143 1259/1259/1136
f 1266/1266/1143 1267/1267/1144 1260/1260/1137
f 1267/1267/1144 1276/1276/744 1268/1268/1145
f 1269/1269/1146 1271/1271/1147 1263/1263/1140
f 1271/1271/1147 1272/1272/1148 1264/1264/1141
f 1272/1272/1148 1280/1280/1155 1265/1265/1142
f 1265/1265/1142 1280/1280/1155 1273/1273/1149
f 1266/1266/1143 1273/1273/1149 1274/1274/1150
f 1267/1267/1144 1274/1274/1150 1275/1275/1151
f 1277/1277/1152 1278/1278/1153 1271/1271/1147
f 1278/1278/1153 1279/1279/1154 1272/1272/1148
f 1279/1279/1154 1287/1287/1162 1280/1280/1155
f 1280/1280/1155 1287/1287/1162 1281/1281/1156
f 1273/1273/1149 1281/1281/1156 1282/1282/1157
f 1274/1274/1150 1282/1282/1157 1283/1283/1158
f 1284/1284/1159 1285/1285/1160 1278/1278/1153
f 1285/1285/1160 1286/1286/1161 1279/1279/1154
f 1286/1286/1161 1294/1294/1167 1287/1287/1162
f 1287/1287/1162 1294/1294/1167 1288/1288/1163
f 1281/1281/1156 1288/1288/1163 1289/1289/1164
f 1282/1282/1157 1289/1289/1164 1290/1290/1159
f 1291/1291/1165 1292/1292/916 1285/1285/1160
f 1292/1292/916 1293/1293/1166 1286/1286/1161
f 1293/1293/1166 1301/1301/1172 1294/1294/1167
f 1294/1294/1167 1301/1301/1172 1295/1295/1168
f 1288/1288/1163 1295/1295/1168 1296/1296/1169
f 1289/1289/1164 1296/1296/1169 1297/1297/1165
f 1298/1298/1170 1299/1299/923 1292/1292/916
f 1299/1299/923 1300/1300/1171 1293/1293/1166
f 1300/1300/1171 1308/1308/1179 1301/1301/1172
f 1301/1301/1172 1308/1308/1179 1302/1302/1173
f 1295/1295/1168 1302/1302/1173 1303/1303/1174
f 1296/1296/1169 1303/1303/1174 1304/1304/1175
f 1298/1298/1170 1311/1311/1182 1305/1305/1176
f 1299/1299/923 1305/1305/1176 1306/1306/1177
f 1300/1300/1171 1306/1306/1177 1307/1307/1178
f 1307/1307/1178 1309/1309/1180 1302/1302/1173
f 1309/1309/1180 1310/1310/1181 1303/1303/1174
f 1310/1310/1181 1317/1317/1188 1304/1304/1175
f 1311/1311/1182 1318/1318/1189 1312/1312/1183
f 1305/1305/1176 1312/1312/1183 1313/1313/1184
f 1306/1306/1177 1313/1313/1184 1314/1314/1185
f 1314/1314/1185 1315/1315/1186 1309/1309/1180
f 1315/1315/1186 1316/1316/1187 1310/1310/1181
f 1316/1316/1187 1324/1324/1193 1317/1317/1188
f 1318/1318/1189 1325/1325/1194 1319/1319/1190
f 1312/1312/1183 1319/1319/1190 1320/1320/1191
f 1313/1313/1184 1320/1320/1191 1321/1321/944
f 1321/1321/944 1322/1322/1192 1315/1315/1186
f 1322/1322/1192 1323/1323/946 1316/1316/1187
f 1323/1323/946 1331/1331/1194 1324/1324/1193
f 1325/1325/1194 1332/1332/1199 1326/1326/1195
f 1319/1319/1190 1326/1326/1195 1327/1327/1196
f 1320/1320/1191 1327/1327/1196 1328/1328/1197
f 1328/1328/1197 1329/1329/1198 1322/1322/1192
f 1329/1329/1198 1330/1330/953 1323/1323/946
f 1330/1330/953 1338/1338/1205 1331/1331/1194
f 1332/1332/1199 1340/1340/1207 1333/1333/1200
f 1326/1326/1195 1333/1333/1200 1334/1334/1201
f 1327/1327/1196 1334/1334/1201 1335/1335/1202
f 1335/1335/1202 1336/1336/1203 1329/1329/1198
f 1336/1336/1203 1337/1337/1204 1330/1330/953
f 1337/1337/1204 1346/1346/1212 1338/1338/1205
f 1339/1339/1206 1341/1341/1208 1333/1333/1200
f 1341/1341/1208 1342/1342/1209 1334/1334/1201
f 1342/1342/1209 1350/1350/1216 1335/1335/1202
f 1335/1335/1202 1350/1350/1216 1343/1343/1210
f 1336/1336/1203 1343/1343/1210 1344/1344/964
f 1337/1337/1204 1344/1344/964 1345/1345/1211
f 1347/1347/1213 1348/1348/1214 1341/1341/1208
f 1348/1348/1214 1349/1349/1215 1342/1342/1209
f 1349/1349/1215 1357/1357/1222 1350/1350/1216
f 1350/1350/1216 1357/1357/1222 1351/1351/1217
f 1343/1343/1210 1351/1351/1217 1352/1352/972
f 1344/1344/964 1352/1352/972 1353/1353/1218
f 1354/1354/1219 1355/1355/1220 1348/1348/1214
f 1355/1355/1220 1356/1356/1221 1349/1349/1215
f 1356/1356/1221 1364/1364/1229 1357/1357/1222
f 1357/1357/1222 1364/1364/1229 1358/1358/1223
f 1351/1351/1217 1358/1358/1223 1359/1359/1224
f 1352/1352/972 1359/1359/1224 1360/1360/1225
f 1361/1361/1226 1362/1362/1227 1355/1355/1220
f 1362/1362/1227 1363/1363/1228 1356/1356/1221
f 1363/1363/1228 1371/1371/1233 1364/1364/1229
f 1364/1364/1229 1371/1371/1233 1365/1365/1230
f 1358/1358/1223 1365/1365/1230 1366/1366/1231
f 1359/1359/1224 1366/1366/1231 1367/1367/1226
f 1368/1368/858 1369/1369/1232 1362/1362/1227
f 1369/1369/1232 1370/1370/1115 1363/1363/1228
f 1370/1370/1115 1864/1864/1554 1371/1371/1233
f 1371/1371/1233 1864/1864/1554 1372/1372/865
f 1365/1365/1230 1372/1372/865 1373/1373/986
f 1366/1366/1231 1373/1373/986 1374/1374/858
f 1375/1375/723 1387/1387/998 1376/1376/1234
f 1377/1377/1235 1376/1376/1234 1378/1378/1236
f 1379/1379/1237 1378/1378/1236 1380/1380/1238
f 1380/1380/1238 1383/1383/1240 1382/1382/1239
f 1383/1383/1240 1385/1385/1242 1384/1384/1241
f 1385/1385/1242 1393/1393/1247 1386/1386/723
f 1387/1387/998 1394/1394/1248 1388/1388/1243
f 1376/1376/1234 1388/1388/1243 1389/1389/1244
f 1378/1378/1236 1389/1389/1244 1390/1390/1001
f 1390/1390/1001 1391/1391/1245 1383/1383/1240
f 1391/1391/1245 1392/1392/1246 1385/1385/1242
f 1392/1392/1246 1400/1400/1248 1393/1393/1247
f 1394/1394/1248 1401/1401/1253 1395/1395/1249
f 1388/1388/1243 1395/1395/1249 1396/1396/1250
f 1389/1389/1244 1396/1396/1250 1397/1397/1007
f 1397/1397/1007 1398/1398/1251 1391/1391/1245
f 1398/1398/1251 1399/1399/1252 1392/1392/1246
f 1399/1399/1252 1407/1407/1011 1400/1400/1248
f 1401/1401/1253 1408/1408/1259 1402/1402/1254
f 1395/1395/1249 1402/1402/1254 1403/1403/1255
f 1396/1396/1250 1403/1403/1255 1404/1404/1256
f 1404/1404/1256 1405/1405/1257 1398/1398/1251
f 1405/1405/1257 1406/1406/1258 1399/1399/1252
f 1406/1406/1258 1414/1414/1259 1407/1407/1011
f 1408/1408/1259 1416/1416/788 1409/1409/1260
f 1402/1402/1254 1409/1409/1260 1410/1410/1261
f 1403/1403/1255 1410/1410/1261 1411/1411/741
f 1411/1411/741 1412/1412/1262 1405/1405/1257
f 1412/1412/1262 1413/1413/1263 1406/1406/1258
f 1413/1413/1263 1422/1422/834 1414/1414/1259
f 1415/1415/1023 1417/1417/1024 1409/1409/1260
f 1417/1417/1024 1418/1418/1264 1410/1410/1261
f 1418/1418/1264 1426/1426/1268 1411/1411/741
f 1411/1411/741 1426/1426/1268 1419/1419/1026
f 1412/1412/1262 1419/1419/1026 1420/1420/1265
f 1413/1413/1263 1420/1420/1265 1421/1421/1023
f 1423/1423/1028 1424/1424/1266 1417/1417/1024
f 1424/1424/1266 1425/1425/1267 1418/1418/1264
f 1425/1425/1267 1433/1433/1272 1426/1426/1268
f 1426/1426/1268 1433/1433/1272 1427/1427/1269
f 1419/1419/1026 1427/1427/1269 1428/1428/1033
f 1420/1420/1265 1428/1428/1033 1429/1429/1028
f 1430/1430/1270 1431/1431/1271 1424/1424/1266
f 1431/1431/1271 1432/1432/1037 1425/1425/1267
f 1432/1432/1037 1440/1440/1276 1433/1433/1272
f 1433/1433/1272 1440/1440/1276 1434/1434/1273
f 1427/1427/1269 1434/1434/1273 1435/1435/1274
f 1428/1428/1033 1435/1435/1274 1436/1436/1270
f 1437/1437/1041 1438/1438/1042 1431/1431/1271
f 1438/1438/1042 1439/1439/1275 1432/1432/1037
f 1439/1439/1275 1447/1447/1279 1440/1440/1276
f 1440/1440/1276 1447/1447/1279 1441/1441/1277
f 1434/1434/1273 1441/1441/1277 1442/1442/1046
f 1435/1435/1274 1442/1442/1046 1443/1443/1041
f 1444/1444/731 1445/1445/1049 1438/1438/1042
f 1445/1445/1049 1446/1446/1278 1439/1439/1275
f 1446/1446/1278 1454/1454/723 1447/1447/1279
f 1447/1447/1279 1454/1454/723 1448/1448/1280
f 1441/1441/1277 1448/1448/1280 1449/1449/1053
f 1442/1442/1046 1449/1449/1053 1450/1450/1048
f 1444/1444/731 1457/1457/1286 1451/1451/1281
f 1445/1445/1049 1451/1451/1281 1452/1452/1282
f 1446/1446/1278 1452/1452/1282 1453/1453/1283
f 1453/1453/1283 1455/1455/1284 1448/1448/1280
f 1455/1455/1284 1456/1456/1285 1449/1449/1053
f 1456/1456/1285 1463/1463/1292 1450/1450/1048
f 1457/1457/1286 1464/1464/1072 1458/1458/1287
f 1451/1451/1281 1458/1458/1287 1459/1459/1288
f 1452/1452/1282 1459/1459/1288 1460/1460/1289
f 1460/1460/1289 1461/1461/1290 1455/1455/1284
f 1461/1461/1290 1462/1462/1291 1456/1456/1285
f 1462/1462/1291 1470/1470/1072 1463/1463/1292
f 1464/1464/1072 1471/1471/1297 1465/1465/1293
f 1458/1458/1287 1465/1465/1293 1466/1466/1068
f 1459/1459/1288 1466/1466/1068 1467/1467/1294
f 1467/1467/1294 1468/1468/1295 1461/1461/1290
f 1468/1468/1295 1469/1469/1296 1462/1462/1291
f 1469/1469/1296 1477/1477/1297 1470/1470/1072
f 1471/1471/1297 1478/1478/1302 1472/1472/1298
f 1465/1465/1293 1472/1472/1298 1473/1473/1299
f 1466/1466/1068 1473/1473/1299 1474/1474/1076
f 1474/1474/1076 1475/1475/1300 1468/1468/1295
f 1475/1475/1300 1476/1476/1301 1469/1469/1296
f 1476/1476/1301 1484/1484/1302 1477/1477/1297
f 1478/1478/1302 1486/1486/1307 1479/1479/1303
f 1472/1472/1298 1479/1479/1303 1480/1480/1304
f 1473/1473/1299 1480/1480/1304 1481/1481/788
f 1481/1481/788 1482/1482/1305 1475/1475/1300
f 1482/1482/1305 1483/1483/1306 1476/1476/1301
f 1483/1483/1306 1492/1492/1142 1484/1484/1302
f 1485/1485/1086 1487/1487/1308 1479/1479/1303
f 1487/1487/1308 1488/1488/1309 1480/1480/1304
f 1488/1488/1309 1496/1496/1315 1481/1481/788
f 1481/1481/788 1496/1496/1315 1489/1489/1310
f 1482/1482/1305 1489/1489/1310 1490/1490/1311
f 1483/1483/1306 1490/1490/1311 1491/1491/1086
f 1493/1493/1312 1494/1494/1313 1487/1487/1308
f 1494/1494/1313 1495/1495/1314 1488/1488/1309
f 1495/1495/1314 1503/1503/1321 1496/1496/1315
f 1496/1496/1315 1503/1503/1321 1497/1497/1316
f 1489/1489/1310 1497/1497/1316 1498/1498/1317
f 1490/1490/1311 1498/1498/1317 1499/1499/1312
f 1500/1500/1318 1501/1501/1319 1494/1494/1313
f 1501/1501/1319 1502/1502/1320 1495/1495/1314
f 1502/1502/1320 1510/1510/1326 1503/1503/1321
f 1503/1503/1321 1510/1510/1326 1504/1504/1322
f 1497/1497/1316 1504/1504/1322 1505/1505/1323
f 1498/1498/1317 1505/1505/1323 1506/1506/1098
f 1507/1507/1104 1508/1508/1324 1501/1501/1319
f 1508/1508/1324 1509/1509/1325 1502/1502/1320
f 1509/1509/1325 1517/1517/1331 1510/1510/1326
f 1510/1510/1326 1517/1517/1331 1511/1511/1327
f 1504/1504/1322 1511/1511/1327 1512/1512/1328
f 1505/1505/1323 1512/1512/1328 1513/1513/1329
f 1514/1514/723 1515/1515/1330 1508/1508/1324
f 1515/1515/1330 1516/1516/1237 1509/1509/1325
f 1516/1516/1237 1865/1865/731 1517/1517/1331
f 1517/1517/1331 1865/1865/731 1518/1518/1332
f 1511/1511/1327 1518/1518/1332 1519/1519/1333
f 1512/1512/1328 1519/1519/1333 1520/1520/987
f 1521/1521/1334 1533/1533/1345 1522/1522/1335
f 1523/1523/1336 1522/1522/1335 1524/1524/1337
f 1525/1525/1338 1524/1524/1337 1526/1526/1339
f 1526/1526/1339 1529/1529/1342 1528/1528/1341
f 1529/1529/1342 1531/1531/1344 1530/1530/1343
f 1531/1531/1344 1539/1539/1345 1532/1532/1334
f 1533/1533/1345 1540/1540/1126 1534/1534/1121
f 1522/1522/1335 1534/1534/1121 1535/1535/1346
f 1524/1524/1337 1535/1535/1346 1536/1536/1123
f 1536/1536/1123 1537/1537/1124 1529/1529/1342
f 1537/1537/1124 1538/1538/1125 1531/1531/1344
f 1538/1538/1125 1546/1546/1126 1539/1539/1345
f 1540/1540/1126 1547/1547/1138 1541/1541/1347
f 1534/1534/1121 1541/1541/1347 1542/1542/1348
f 1535/1535/1346 1542/1542/1348 1543/1543/1349
f 1543/1543/1349 1544/1544/1350 1537/1537/1124
f 1544/1544/1350 1545/1545/1351 1538/1538/1125
f 1545/1545/1351 1553/1553/1357 1546/1546/1126
f 1547/1547/1138 1554/1554/1358 1548/1548/1352
f 1541/1541/1347 1548/1548/1352 1549/1549/1353
f 1542/1542/1348 1549/1549/1353 1550/1550/1354
f 1550/1550/1354 1551/1551/1355 1544/1544/1350
f 1551/1551/1355 1552/1552/1356 1545/1545/1351
f 1552/1552/1356 1560/1560/1358 1553/1553/1357
f 1554/1554/1358 1562/1562/834 1555/1555/1359
f 1548/1548/1352 1555/1555/1359 1556/1556/1360
f 1549/1549/1353 1556/1556/1360 1557/1557/966
f 1557/1557/966 1558/1558/1361 1551/1551/1355
f 1558/1558/1361 1559/1559/1362 1552/1552/1356
f 1559/1559/1362 1568/1568/788 1560/1560/1358
f 1561/1561/1363 1563/1563/1364 1555/1555/1359
f 1563/1563/1364 1564/1564/1365 1556/1556/1360
f 1564/1564/1365 1572/1572/1371 1557/1557/966
f 1557/1557/966 1572/1572/1371 1565/1565/1366
f 1558/1558/1361 1565/1565/1366 1566/1566/1367
f 1559/1559/1362 1566/1566/1367 1567/1567/894
f 1569/1569/1368 1570/1570/1369 1563/1563/1364
f 1570/1570/1369 1571/1571/1370 1564/1564/1365
f 1571/1571/1370 1579/1579/1375 1572/1572/1371
f 1572/1572/1371 1579/1579/1375 1573/1573/1372
f 1565/1565/1366 1573/1573/1372 1574/1574/1373
f 1566/1566/1367 1574/1574/1373 1575/1575/1152
f 1576/1576/1159 1577/1577/1160 1570/1570/1369
f 1577/1577/1160 1578/1578/1374 1571/1571/1370
f 1578/1578/1374 1586/1586/1167 1579/1579/1375
f 1579/1579/1375 1586/1586/1167 1580/1580/1376
f 1573/1573/1372 1580/1580/1376 1581/1581/1164
f 1574/1574/1373 1581/1581/1164 1582/1582/1159
f 1583/1583/1377 1584/1584/1378 1577/1577/1160
f 1584/1584/1378 1585/1585/1379 1578/1578/1374
f 1585/1585/1379 1593/1593/1385 1586/1586/1167
f 1586/1586/1167 1593/1593/1385 1587/1587/1380
f 1580/1580/1376 1587/1587/1380 1588/1588/1381
f 1581/1581/1164 1588/1588/1381 1589/1589/1377
f 1590/1590/1382 1591/1591/1383 1584/1584/1378
f 1591/1591/1383 1592/1592/1384 1585/1585/1379
f 1592/1592/1384 1600/1600/1390 1593/1593/1385
f 1593/1593/1385 1600/1600/1390 1594/1594/1173
f 1587/1587/1380 1594/1594/1173 1595/1595/1386
f 1588/1588/1381 1595/1595/1386 1596/1596/1387
f 1590/1590/1382 1603/1603/1393 1597/1597/1388
f 1591/1591/1383 1597/1597/1388 1598/1598/1389
f 1592/1592/1384 1598/1598/1389 1599/1599/1178
f 1599/1599/1178 1601/1601/1391 1594/1594/1173
f 1601/1601/1391 1602/1602/1392 1595/1595/1386
f 1602/1602/1392 1609/1609/1393 1596/1596/1387
f 1603/1603/1393 1610/1610/1399 1604/1604/1394
f 1597/1597/1388 1604/1604/1394 1605/1605/1395
f 1598/1598/1389 1605/1605/1395 1606/1606/1396
f 1606/1606/1396 1607/1607/1397 1601/1601/1391
f 1607/1607/1397 1608/1608/1398 1602/1602/1392
f 1608/1608/1398 1616/1616/1399 1609/1609/1393
f 1610/1610/1399 1617/1617/1405 1611/1611/1400
f 1604/1604/1394 1611/1611/1400 1612/1612/1401
f 1605/1605/1395 1612/1612/1401 1613/1613/1402
f 1613/1613/1402 1614/1614/1403 1607/1607/1397
f 1614/1614/1403 1615/1615/1404 1608/1608/1398
f 1615/1615/1404 1623/1623/1194 1616/1616/1399
f 1617/1617/1405 1624/1624/1410 1618/1618/1195
f 1611/1611/1400 1618/1618/1195 1619/1619/1406
f 1612/1612/1401 1619/1619/1406 1620/1620/1407
f 1620/1620/1407 1621/1621/1408 1614/1614/1403
f 1621/1621/1408 1622/1622/1409 1615/1615/1404
f 1622/1622/1409 1630/1630/1410 1623/1623/1194
f 1624/1624/1410 1632/1632/1307 1625/1625/1411
f 1618/1618/1195 1625/1625/1411 1626/1626/1412
f 1619/1619/1406 1626/1626/1412 1627/1627/744
f 1627/1627/744 1628/1628/1413 1621/1621/1408
f 1628/1628/1413 1629/1629/1414 1622/1622/1409
f 1629/1629/1414 1638/1638/1142 1630/1630/1410
f 1631/1631/1415 1633/1633/1208 1625/1625/1411
f 1633/1633/1208 1634/1634/1416 1626/1626/1412
f 1634/1634/1416 1642/1642/1216 1627/1627/744
f 1627/1627/744 1642/1642/1216 1635/1635/1417
f 1628/1628/1413 1635/1635/1417 1636/1636/1418
f 1629/1629/1414 1636/1636/1418 1637/1637/1211
f 1639/1639/1213 1640/1640/1419 1633/1633/1208
f 1640/1640/1419 1641/1641/1420 1634/1634/1416
f 1641/1641/1420 1649/1649/1425 1642/1642/1216
f 1642/1642/1216 1649/1649/1425 1643/1643/1217
f 1635/1635/1417 1643/1643/1217 1644/1644/1421
f 1636/1636/1418 1644/1644/1421 1645/1645/1218
f 1646/1646/1422 1647/1647/1423 1640/1640/1419
f 1647/1647/1423 1648/1648/1424 1641/1641/1420
f 1648/1648/1424 1656/1656/1431 1649/1649/1425
f 1649/1649/1425 1656/1656/1431 1650/1650/1426
f 1643/1643/1217 1650/1650/1426 1651/1651/1427
f 1644/1644/1421 1651/1651/1427 1652/1652/1422
f 1653/1653/1428 1654/1654/1429 1647/1647/1423
f 1654/1654/1429 1655/1655/1430 1648/1648/1424
f 1655/1655/1430 1663/1663/1233 1656/1656/1431
f 1656/1656/1431 1663/1663/1233 1657/1657/1432
f 1650/1650/1426 1657/1657/1432 1658/1658/1433
f 1651/1651/1427 1658/1658/1433 1659/1659/1434
f 1660/1660/1435 1661/1661/1336 1654/1654/1429
f 1661/1661/1336 1662/1662/1338 1655/1655/1430
f 1662/1662/1338 1866/1866/1340 1663/1663/1233
f 1663/1663/1233 1866/1866/1340 1664/1664/1341
f 1657/1657/1432 1664/1664/1341 1665/1665/1343
f 1658/1658/1433 1665/1665/1343 1666/1666/1334
f 1667/1667/987 1679/1679/1444 1668/1668/1436
f 1669/1669/1235 1668/1668/1436 1670/1670/1437
f 1671/1671/1438 1670/1670/1437 1672/1672/1439
f 1672/1672/1439 1675/1675/1442 1674/1674/1441
f 1675/1675/1442 1677/1677/1443 1676/1676/1241
f 1677/1677/1443 1685/1685/1449 1678/1678/723
f 1679/1679/1444 1686/1686/1004 1680/1680/999
f 1668/1668/1436 1680/1680/999 1681/1681/1445
f 1670/1670/1437 1681/1681/1445 1682/1682/1446
f 1682/1682/1446 1683/1683/1447 1675/1675/1442
f 1683/1683/1447 1684/1684/1448 1677/1677/1443
f 1684/1684/1448 1692/1692/1010 1685/1685/1449
f 1686/1686/1004 1693/1693/1453 1687/1687/1450
f 1680/1680/999 1687/1687/1450 1688/1688/1250
f 1681/1681/1445 1688/1688/1250 1689/1689/1451
f 1689/1689/1451 1690/1690/1251 1683/1683/1447
f 1690/1690/1251 1691/1691/1452 1684/1684/1448
f 1691/1691/1452 1699/1699/1456 1692/1692/1010
f 1693/1693/1453 1700/1700/1457 1694/1694/1454
f 1687/1687/1450 1694/1694/1454 1695/1695/1255
f 1688/1688/1250 1695/1695/1255 1696/1696/1256
f 1696/1696/1256 1697/1697/1257 1690/1690/1251
f 1697/1697/1257 1698/1698/1455 1691/1691/1452
f 1698/1698/1455 1706/1706/1457 1699/1699/1456
f 1700/1700/1457 1708/1708/757 1701/1701/1458
f 1694/1694/1454 1701/1701/1458 1702/1702/1459
f 1695/1695/1255 1702/1702/1459 1703/1703/966
f 1703/1703/966 1704/1704/1460 1697/1697/1257
f 1704/1704/1460 1705/1705/1461 1698/1698/1455
f 1705/1705/1461 1714/1714/744 1706/1706/1457
f 1707/1707/1462 1709/1709/1463 1701/1701/1458
f 1709/1709/1463 1710/1710/1464 1702/1702/1459
f 1710/1710/1464 1718/1718/1031 1703/1703/966
f 1703/1703/966 1718/1718/1031 1711/1711/1465
f 1704/1704/1460 1711/1711/1465 1712/1712/1466
f 1705/1705/1461 1712/1712/1466 1713/1713/1462
f 1715/1715/1028 1716/1716/1467 1709/1709/1463
f 1716/1716/1467 1717/1717/1468 1710/1710/1464
f 1717/1717/1468 1725/1725/1038 1718/1718/1031
f 1718/1718/1031 1725/1725/1038 1719/1719/1469
f 1711/1711/1465 1719/1719/1469 1720/1720/1470
f 1712/1712/1466 1720/1720/1470 1721/1721/1471
f 1722/1722/1472 1723/1723/1473 1716/1716/1467
f 1723/1723/1473 1724/1724/1474 1717/1717/1468
f 1724/1724/1474 1732/1732/1480 1725/1725/1038
f 1725/1725/1038 1732/1732/1480 1726/1726/1475
f 1719/1719/1469 1726/1726/1475 1727/1727/1476
f 1720/1720/1470 1727/1727/1476 1728/1728/1035
f 1729/1729/1477 1730/1730/1478 1723/1723/1473
f 1730/1730/1478 1731/1731/1479 1724/1724/1474
f 1731/1731/1479 1739/1739/1485 1732/1732/1480
f 1732/1732/1480 1739/1739/1485 1733/1733/1481
f 1726/1726/1475 1733/1733/1481 1734/1734/1482
f 1727/1727/1476 1734/1734/1482 1735/1735/1477
f 1736/1736/731 1737/1737/1483 1730/1730/1478
f 1737/1737/1483 1738/1738/1484 1731/1731/1479
f 1738/1738/1484 1746/1746/1489 1739/1739/1485
f 1739/1739/1485 1746/1746/1489 1740/1740/1486
f 1733/1733/1481 1740/1740/1486 1741/1741/1487
f 1734/1734/1482 1741/1741/1487 1742/1742/1048
f 1736/1736/731 1749/1749/1491 1743/1743/1488
f 1737/1737/1483 1743/1743/1488 1744/1744/1282
f 1738/1738/1484 1744/1744/1282 1745/1745/1283
f 1745/1745/1283 1747/1747/1284 1740/1740/1486
f 1747/1747/1284 1748/1748/1490 1741/1741/1487
f 1748/1748/1490 1755/1755/1491 1742/1742/1048
f 1749/1749/1491 1756/1756/1495 1750/1750/1492
f 1743/1743/1488 1750/1750/1492 1751/1751/1288
f 1744/1744/1282 1751/1751/1288 1752/1752/1289
f 1752/1752/1289 1753/1753/1493 1747/1747/1284
f 1753/1753/1493 1754/1754/1494 1748/1748/1490
f 1754/1754/1494 1762/1762/1495 1755/1755/1491
f 1756/1756/1495 1763/1763/1079 1757/1757/1496
f 1750/1750/1492 1757/1757/1496 1758/1758/1068
f 1751/1751/1288 1758/1758/1068 1759/1759/1497
f 1759/1759/1497 1760/1760/1070 1753/1753/1493
f 1760/1760/1070 1761/1761/1296 1754/1754/1494
f 1761/1761/1296 1769/1769/1503 1762/1762/1495
f 1763/1763/1079 1770/1770/1504 1764/1764/1498
f 1757/1757/1496 1764/1764/1498 1765/1765/1499
f 1758/1758/1068 1765/1765/1499 1766/1766/1500
f 1766/1766/1500 1767/1767/1501 1760/1760/1070
f 1767/1767/1501 1768/1768/1502 1761/1761/1296
f 1768/1768/1502 1776/1776/1080 1769/1769/1503
f 1770/1770/1504 1778/1778/842 1771/1771/1303
f 1764/1764/1498 1771/1771/1303 1772/1772/1505
f 1765/1765/1499 1772/1772/1505 1773/1773/744
f 1773/1773/744 1774/1774/1506 1767/1767/1501
f 1774/1774/1506 1775/1775/1306 1768/1768/1502
f 1775/1775/1306 1784/1784/1142 1776/1776/1080
f 1777/1777/1507 1779/1779/1508 1771/1771/1303
f 1779/1779/1508 1780/1780/1509 1772/1772/1505
f 1780/1780/1509 1788/1788/1515 1773/1773/744
f 1773/1773/744 1788/1788/1515 1781/1781/1510
f 1774/1774/1506 1781/1781/1510 1782/1782/1511
f 1775/1775/1306 1782/1782/1511 1783/1783/1512
f 1785/1785/1097 1786/1786/1513 1779/1779/1508
f 1786/1786/1513 1787/1787/1514 1780/1780/1509
f 1787/1787/1514 1795/1795/1101 1788/1788/1515
f 1788/1788/1515 1795/1795/1101 1789/1789/1516
f 1781/1781/1510 1789/1789/1516 1790/1790/1517
f 1782/1782/1511 1790/1790/1517 1791/1791/1097
f 1792/1792/1518 1793/1793/1519 1786/1786/1513
f 1793/1793/1519 1794/1794/1520 1787/1787/1514
f 1794/1794/1520 1802/1802/1107 1795/1795/1101
f 1795/1795/1101 1802/1802/1107 1796/1796/1521
f 1789/1789/1516 1796/1796/1521 1797/1797/1522
f 1790/1790/1517 1797/1797/1522 1798/1798/1518
f 1799/1799/1523 1800/1800/1324 1793/1793/1519
f 1800/1800/1324 1801/1801/1524 1794/1794/1520
f 1801/1801/1524 1809/1809/1111 1802/1802/1107
f 1802/1802/1107 1809/1809/1111 1803/1803/1525
f 1796/1796/1521 1803/1803/1525 1804/1804/1328
f 1797/1797/1522 1804/1804/1328 1805/1805/1329
f 1806/1806/987 1807/1807/1330 1800/1800/1324
f 1807/1807/1330 1808/1808/1438 1801/1801/1524
f 1808/1808/1438 1867/1867/731 1809/1809/1111
f 1809/1809/1111 1867/1867/731 1810/1810/1441
f 1803/1803/1525 1810/1810/1441 1811/1811/1333
f 1804/1804/1328 1811/1811/1333 1812/1812/987
