# Blender 4.4.3
# www.blender.org
mtllib Untitled.mtl
o hash_4AF3B5F4.model
v -0.123339 -0.030379 0.112189
v -0.148711 -0.055068 0.103192
v -0.123923 -0.053459 0.115137
v -0.147541 -0.030170 0.099602
v -0.169528 -0.057273 0.085262
v -0.180270 -0.031679 0.057592
v -0.184339 -0.060053 0.062035
v -0.193994 -0.063409 0.036246
v -0.188774 -0.033263 0.031691
v -0.197765 -0.067508 0.008995
v -0.123162 -0.005769 0.110164
v -0.148346 -0.003589 0.099445
v -0.168336 -0.030445 0.082187
v -0.163568 -0.002507 0.077570
v -0.176039 -0.001621 0.053265
v -0.185050 -0.001237 0.027985
v -0.192456 -0.035508 0.004585
v -0.123786 0.018859 0.109857
v -0.147566 0.023027 0.097861
v -0.159618 0.025606 0.073226
v -0.173176 0.028526 0.050198
v -0.178759 0.030476 0.024383
v -0.185743 -0.001853 0.000791
v -0.126105 0.043082 0.112815
v -0.144285 0.048661 0.094021
v -0.158226 0.053704 0.070311
v -0.170647 0.058507 0.047640
v -0.173743 0.061811 0.020689
v -0.179337 0.031649 -0.003442
v -0.125733 0.066181 0.112580
v -0.139263 0.072860 0.088889
v -0.156460 0.079972 0.068824
v -0.163818 0.086282 0.043912
v -0.167631 0.091447 0.017047
v -0.173029 0.063806 -0.007742
v -0.121529 0.087723 0.107507
v -0.135755 0.096390 0.084936
v -0.152719 0.105386 0.065868
v -0.158022 0.113472 0.040071
v -0.163168 0.120798 0.013871
v -0.169145 0.093999 -0.010696
v -0.117602 0.111288 0.102889
v -0.134844 0.121634 0.083446
v -0.148945 0.132242 0.062716
v -0.155148 0.142137 0.036854
v -0.162196 0.151666 0.011566
v -0.165557 0.124146 -0.013025
v -0.114776 0.134999 0.099348
v -0.134772 0.146779 0.082716
v -0.145513 0.158892 0.059424
v -0.153347 0.170638 0.033949
v -0.161020 0.182983 0.009665
v -0.161904 0.157493 -0.014868
v -0.113908 0.158037 0.097072
v -0.134941 0.171741 0.081546
v -0.144670 0.185655 0.056850
v -0.154878 0.199514 0.032331
v -0.161277 0.213746 0.007048
v -0.157037 0.193244 -0.016864
v -0.115039 0.180879 0.096654
v -0.134257 0.197009 0.079324
v -0.146453 0.213002 0.055438
v -0.157355 0.228831 0.030520
v -0.166626 0.244255 0.004146
v -0.165065 0.226794 -0.019399
v -0.116660 0.204055 0.097005
v -0.134790 0.222337 0.077583
v -0.148242 0.240232 0.053545
v -0.159611 0.257872 0.027300
v -0.170317 0.274921 -0.000660
v -0.171836 0.259151 -0.023764
v -0.117792 0.227551 0.096385
v -0.135807 0.247627 0.075605
v -0.149689 0.267290 0.050323
v -0.162394 0.286301 0.023654
v -0.173327 0.303467 -0.004351
v -0.178304 0.288588 -0.031415
v 0.170797 0.300281 0.002179
v 0.177411 0.289584 -0.031480
v 0.187001 0.318663 -0.041497
v 0.167981 0.271665 0.005947
v 0.172184 0.261126 -0.024330
v 0.164026 0.241446 0.010341
v 0.168452 0.227979 -0.019086
v 0.160040 0.210613 0.012709
v 0.166645 0.193481 -0.016327
v 0.159540 0.180141 0.015232
v 0.162244 0.161673 -0.014753
v 0.163556 0.150594 0.018336
v 0.162999 0.129539 -0.011780
v 0.167570 0.120358 0.021422
v 0.166283 0.098864 -0.008571
v 0.167645 0.091921 0.023742
v 0.171966 0.067940 -0.005993
v 0.171297 0.062561 0.027293
v 0.179331 0.033309 -0.003067
v 0.177806 0.030780 0.030956
v 0.186129 -0.000871 0.000682
v 0.182508 -0.001004 0.034741
v 0.191560 -0.034984 0.004632
v 0.196884 -0.067074 0.008666
v 0.191101 -0.064267 0.042647
v 0.197169 -0.068982 0.008905
v 0.156642 0.277909 0.036376
v 0.154209 0.249972 0.039967
v 0.152632 0.221779 0.042732
v 0.151942 0.193381 0.044840
v 0.151534 0.165525 0.046614
v 0.152414 0.137944 0.048907
v 0.154446 0.109703 0.051933
v 0.159792 0.083613 0.056053
v 0.165060 0.056420 0.059860
v 0.170504 0.027884 0.063958
v 0.172120 -0.001588 0.066225
v 0.187948 -0.032512 0.038562
v 0.190949 -0.062483 0.042423
v 0.176120 -0.060316 0.073594
v 0.139793 0.253319 0.068792
v 0.138821 0.227562 0.071218
v 0.137694 0.201695 0.072737
v 0.137068 0.175805 0.074308
v 0.138155 0.150438 0.076929
v 0.141757 0.125083 0.080682
v 0.143935 0.099408 0.083138
v 0.146364 0.075175 0.085626
v 0.148003 0.050031 0.087359
v 0.147673 0.023450 0.088267
v 0.149951 -0.003359 0.092291
v 0.173361 -0.031054 0.069344
v 0.175985 -0.058671 0.073363
v 0.152470 -0.057286 0.098435
v 0.118576 0.228169 0.095948
v 0.118090 0.204672 0.097411
v 0.118521 0.181202 0.099510
v 0.118237 0.157754 0.100426
v 0.117873 0.134612 0.100424
v 0.118001 0.111764 0.101086
v 0.119020 0.089008 0.103154
v 0.122124 0.067102 0.107218
v 0.124356 0.043702 0.110930
v 0.124213 0.019052 0.112868
v 0.123293 -0.005674 0.112570
v 0.152156 -0.030215 0.096069
v 0.152467 -0.055764 0.098311
v 0.121143 -0.054993 0.112337
v 0.105542 0.410450 0.093474
v 0.137909 0.438203 0.066160
v 0.133844 0.447328 0.062789
v 0.162487 0.476170 0.027450
v 0.156199 0.482671 0.025702
v 0.186594 0.510883 -0.012426
v 0.177926 0.514117 -0.013368
v 0.183996 0.518812 -0.061926
v -0.109619 0.397455 0.098420
v -0.132597 0.408004 0.084141
v -0.112706 0.376797 0.103879
v -0.133186 0.429660 0.073437
v -0.152428 0.436950 0.057952
v -0.154610 0.460027 0.042757
v -0.171473 0.465470 0.030346
v -0.175103 0.489705 0.011846
v -0.190206 0.493183 0.002970
v -0.193224 0.513646 -0.022430
v -0.204950 0.509996 -0.030238
v -0.133521 0.385090 0.091728
v -0.115458 0.355423 0.106641
v -0.150891 0.413395 0.071143
v -0.168168 0.440071 0.046506
v -0.185819 0.466932 0.022468
v -0.202967 0.491405 -0.002414
v -0.134665 0.361042 0.095273
v -0.116496 0.333804 0.105814
v -0.150513 0.387928 0.079615
v -0.165990 0.413636 0.059866
v -0.182186 0.438676 0.038265
v -0.198810 0.463870 0.017010
v -0.134125 0.336704 0.094183
v -0.115189 0.312744 0.101676
v -0.149968 0.361132 0.081845
v -0.164952 0.385204 0.067263
v -0.179583 0.408687 0.049526
v -0.195729 0.432622 0.031326
v -0.131060 0.313160 0.089575
v -0.114119 0.291643 0.098543
v -0.147611 0.334512 0.078617
v -0.162234 0.355869 0.065596
v -0.176647 0.376980 0.052087
v -0.192725 0.398236 0.038056
v -0.128907 0.289839 0.084948
v -0.114709 0.270310 0.097590
v -0.143679 0.309108 0.071701
v -0.158025 0.328088 0.056675
v -0.171285 0.346636 0.041462
v -0.188092 0.362815 0.030186
v -0.131158 0.267460 0.080918
v -0.116580 0.248968 0.097684
v -0.144492 0.285727 0.062158
v -0.157661 0.303991 0.041827
v -0.169923 0.321568 0.019864
v -0.186010 0.334103 -0.000258
v 0.109503 0.398014 0.098283
v 0.136960 0.416206 0.078131
v 0.160514 0.452284 0.044349
v 0.183047 0.487751 0.010084
v 0.191428 0.499311 -0.004365
v 0.112870 0.377353 0.103669
v 0.137535 0.393075 0.087062
v 0.158366 0.427747 0.059134
v 0.179463 0.461470 0.028708
v 0.200198 0.492906 -0.002097
v 0.115904 0.355982 0.106360
v 0.138823 0.368559 0.091676
v 0.157718 0.401932 0.070572
v 0.176638 0.433591 0.043952
v 0.196689 0.465473 0.017556
v 0.117204 0.334350 0.105533
v 0.138708 0.343505 0.091143
v 0.157417 0.374098 0.075069
v 0.175098 0.404040 0.054641
v 0.194197 0.434172 0.031847
v 0.116015 0.313274 0.101320
v 0.136087 0.319109 0.086872
v 0.155385 0.345998 0.072155
v 0.172702 0.372808 0.055913
v 0.191759 0.399702 0.038533
v 0.114904 0.292211 0.098027
v 0.133101 0.295398 0.081155
v 0.151625 0.319232 0.064396
v 0.167557 0.342980 0.045252
v 0.187309 0.364316 0.030307
v 0.115422 0.270895 0.096989
v 0.135010 0.272763 0.075693
v 0.151589 0.295550 0.051863
v 0.166736 0.318079 0.025092
v 0.184890 0.336176 -0.000323
v 0.117270 0.249572 0.097086
v 0.000778 -0.065497 -0.161408
v 0.039018 -0.086022 -0.161365
v 0.000891 -0.086920 -0.161512
v 0.037974 -0.063214 -0.161206
v 0.076848 -0.083981 -0.159583
v 0.074990 -0.059839 -0.159724
v 0.112690 -0.081494 -0.148872
v 0.140483 -0.051892 -0.128703
v 0.143055 -0.078822 -0.127053
v 0.162573 -0.047616 -0.099579
v 0.164958 -0.075921 -0.096866
v 0.178415 -0.043215 -0.066642
v 0.182021 -0.072813 -0.063688
v 0.188412 -0.038907 -0.031614
v 0.193520 -0.069692 -0.028265
v 0.191560 -0.034984 0.004632
v 0.196884 -0.067074 0.008666
v 0.000700 -0.042840 -0.160888
v 0.036999 -0.039096 -0.160945
v 0.073039 -0.034232 -0.159281
v 0.110389 -0.055952 -0.149752
v 0.107315 -0.028905 -0.148487
v 0.138534 -0.023305 -0.130728
v 0.159696 -0.017567 -0.101890
v 0.175234 -0.011722 -0.069500
v 0.186224 -0.005942 -0.035267
v 0.000520 -0.021655 -0.153298
v 0.036393 -0.016149 -0.153821
v 0.071792 -0.009652 -0.153959
v 0.103985 -0.002470 -0.144601
v 0.133873 0.004721 -0.127452
v 0.158911 0.012268 -0.104394
v 0.171053 0.019655 -0.071792
v 0.178675 0.026608 -0.037181
v 0.186129 -0.000871 0.000682
v 0.000346 -0.000198 -0.151031
v 0.036043 0.006648 -0.149587
v 0.071281 0.013561 -0.145721
v 0.103021 0.022847 -0.140251
v 0.131379 0.031832 -0.124454
v 0.156516 0.041353 -0.103072
v 0.169286 0.050713 -0.073875
v 0.172308 0.059690 -0.040225
v 0.179331 0.033309 -0.003067
v 0.000301 0.021364 -0.149164
v 0.035017 0.029137 -0.145417
v 0.069383 0.036960 -0.139181
v 0.101605 0.046864 -0.133611
v 0.129954 0.057365 -0.120688
v 0.152342 0.068282 -0.099331
v 0.166410 0.079249 -0.073362
v 0.166934 0.089566 -0.042282
v 0.171966 0.067940 -0.005993
v 0.000315 0.043241 -0.144203
v 0.034281 0.051198 -0.144242
v 0.067404 0.060298 -0.137077
v 0.099130 0.070835 -0.128194
v 0.126998 0.082632 -0.116321
v 0.147418 0.094822 -0.096257
v 0.160775 0.107058 -0.071396
v 0.166304 0.118823 -0.043226
v 0.166283 0.098864 -0.008571
v 0.000174 0.067059 -0.142442
v 0.033491 0.074546 -0.142289
v 0.066247 0.084754 -0.137202
v 0.097262 0.095870 -0.126839
v 0.124852 0.108383 -0.113481
v 0.145249 0.121691 -0.094902
v 0.157589 0.135464 -0.070908
v 0.164246 0.150083 -0.044061
v 0.162999 0.129539 -0.011780
v 0.000050 0.088875 -0.141532
v 0.032741 0.097756 -0.141230
v 0.065080 0.109294 -0.137373
v 0.096176 0.121287 -0.128426
v 0.123730 0.134576 -0.113297
v 0.145517 0.148864 -0.095655
v 0.158369 0.164392 -0.072502
v 0.163860 0.181463 -0.045314
v 0.162244 0.161673 -0.014753
v -0.000059 0.108456 -0.140996
v 0.032057 0.120597 -0.140575
v 0.063957 0.133550 -0.137412
v 0.095168 0.146754 -0.130346
v 0.123935 0.160699 -0.117184
v 0.146621 0.176268 -0.097898
v 0.162921 0.193058 -0.076222
v 0.164657 0.212350 -0.049213
v 0.166645 0.193481 -0.016327
v -0.000124 0.129263 -0.141240
v 0.031658 0.143566 -0.140908
v 0.063302 0.157956 -0.138212
v 0.094423 0.172544 -0.132181
v 0.124125 0.187588 -0.121602
v 0.147976 0.204304 -0.103125
v 0.165529 0.223717 -0.081574
v 0.170782 0.245642 -0.054139
v 0.168452 0.227979 -0.019086
v -0.000180 0.150847 -0.141722
v 0.031295 0.166573 -0.141435
v 0.062674 0.182377 -0.139144
v 0.093673 0.198347 -0.134001
v 0.123594 0.214692 -0.124803
v 0.150124 0.232080 -0.109846
v 0.167423 0.253431 -0.087998
v 0.173411 0.277778 -0.061181
v 0.172184 0.261126 -0.024330
v -0.000238 0.172440 -0.142233
v 0.030944 0.189586 -0.142073
v 0.062111 0.206799 -0.140312
v 0.093122 0.224122 -0.136286
v 0.123515 0.241712 -0.128676
v 0.152236 0.259850 -0.116709
v 0.173227 0.280484 -0.098000
v 0.184345 0.300557 -0.072967
v 0.177411 0.289584 -0.031480
v -0.037239 -0.086347 -0.161519
v -0.075069 -0.084612 -0.159598
v -0.036441 -0.063533 -0.161410
v -0.110751 -0.082319 -0.148090
v -0.073550 -0.060452 -0.159980
v -0.139245 -0.052812 -0.128315
v -0.109007 -0.056727 -0.149725
v -0.141366 -0.079763 -0.126372
v -0.161842 -0.048691 -0.099505
v -0.164328 -0.076979 -0.096821
v -0.177906 -0.044224 -0.066556
v -0.181710 -0.073788 -0.063544
v -0.188091 -0.039710 -0.031500
v -0.193547 -0.070429 -0.028052
v -0.192456 -0.035508 0.004585
v -0.035593 -0.039326 -0.161289
v -0.071353 -0.035086 -0.156644
v -0.106466 -0.029662 -0.148792
v -0.136436 -0.024203 -0.129409
v -0.158918 -0.018640 -0.101510
v -0.175518 -0.012772 -0.069859
v -0.183087 -0.006961 -0.034735
v -0.035342 -0.016331 -0.154764
v -0.070175 -0.009671 -0.155549
v -0.103082 -0.003267 -0.143660
v -0.133388 0.004289 -0.128624
v -0.155252 0.011351 -0.102982
v -0.171602 0.018539 -0.071620
v -0.185743 -0.001853 0.000791
v -0.174970 0.025987 -0.037957
v -0.035348 0.006322 -0.149779
v -0.069426 0.014304 -0.149210
v -0.101025 0.022419 -0.139461
v -0.130673 0.031451 -0.126226
v -0.151527 0.040489 -0.103634
v -0.164707 0.049737 -0.073295
v -0.179337 0.031649 -0.003442
v -0.171257 0.059062 -0.040908
v -0.034670 0.028709 -0.144348
v -0.068644 0.037239 -0.141942
v -0.099881 0.047021 -0.135626
v -0.127731 0.057354 -0.122584
v -0.149420 0.068092 -0.101673
v -0.160258 0.078524 -0.073811
v -0.173029 0.063806 -0.007742
v -0.165557 0.088576 -0.041357
v -0.033746 0.050996 -0.141478
v -0.067148 0.060306 -0.136762
v -0.099093 0.070965 -0.131761
v -0.126425 0.082066 -0.119495
v -0.146903 0.093749 -0.097468
v -0.163247 0.105692 -0.073222
v -0.169145 0.093999 -0.010696
v -0.162131 0.117662 -0.042559
v -0.033139 0.074350 -0.140339
v -0.065937 0.084502 -0.135108
v -0.097797 0.095486 -0.127203
v -0.127175 0.107288 -0.118223
v -0.145013 0.120562 -0.095542
v -0.161658 0.134919 -0.072463
v -0.165557 0.124146 -0.013025
v -0.162758 0.148584 -0.044330
v -0.032615 0.097485 -0.139816
v -0.064814 0.108984 -0.134988
v -0.095974 0.120996 -0.126432
v -0.125609 0.133544 -0.115282
v -0.149211 0.146857 -0.098009
v -0.155783 0.163698 -0.070418
v -0.161904 0.157493 -0.014868
v -0.161860 0.180429 -0.045324
v -0.032168 0.120393 -0.139653
v -0.063978 0.133249 -0.135726
v -0.094868 0.146484 -0.127912
v -0.124017 0.160260 -0.115917
v -0.151256 0.174469 -0.101753
v -0.159911 0.191981 -0.075544
v -0.157037 0.193244 -0.016864
v -0.163685 0.210944 -0.048153
v -0.031902 0.143359 -0.140302
v -0.063512 0.157585 -0.137243
v -0.094423 0.172100 -0.130621
v -0.123530 0.187186 -0.119162
v -0.149517 0.202947 -0.103700
v -0.164600 0.220340 -0.081920
v -0.165065 0.226794 -0.019399
v -0.166144 0.241807 -0.053320
v -0.031661 0.166366 -0.141017
v -0.063034 0.181992 -0.138507
v -0.094027 0.197800 -0.133318
v -0.123633 0.214065 -0.123540
v -0.149497 0.231163 -0.108497
v -0.166787 0.250134 -0.087838
v -0.171836 0.259151 -0.023764
v -0.174744 0.272491 -0.060525
v -0.031435 0.189382 -0.141772
v -0.062614 0.206407 -0.139874
v -0.093656 0.223538 -0.135870
v -0.124092 0.240867 -0.128445
v -0.152367 0.258678 -0.116007
v -0.173802 0.277151 -0.097373
v -0.178304 0.288588 -0.031415
v -0.182099 0.298131 -0.072142
v -0.002702 0.450241 -0.143889
v 0.021725 0.440225 -0.149245
v -0.003152 0.425401 -0.152383
v 0.021074 0.461965 -0.141459
v 0.046504 0.454587 -0.145739
v 0.044902 0.473993 -0.138682
v 0.071625 0.470036 -0.141167
v 0.068874 0.486092 -0.134746
v 0.097115 0.485183 -0.132140
v 0.092820 0.497097 -0.126559
v 0.122124 0.497800 -0.118099
v 0.140166 0.515159 -0.099507
v 0.116392 0.506501 -0.113890
v 0.163249 0.519846 -0.081930
v 0.147541 0.509113 -0.102646
v 0.183996 0.518812 -0.061926
v 0.172635 0.515203 -0.084034
v -0.027619 0.440254 -0.149408
v -0.026157 0.461808 -0.141586
v -0.052195 0.455298 -0.146022
v -0.049676 0.473728 -0.138923
v -0.076988 0.470527 -0.141191
v -0.073341 0.485551 -0.134693
v -0.101765 0.484457 -0.131335
v -0.096888 0.496086 -0.125883
v -0.126379 0.496814 -0.117559
v -0.120217 0.505364 -0.113470
v -0.143785 0.513894 -0.099436
v -0.151508 0.508049 -0.102542
v -0.166614 0.518363 -0.082065
v -0.176006 0.513718 -0.084166
v -0.186957 0.517159 -0.062260
v -0.026399 0.408621 -0.155425
v -0.050020 0.423569 -0.153599
v -0.073676 0.438620 -0.151068
v -0.097343 0.452786 -0.143903
v -0.120862 0.466085 -0.133283
v -0.144647 0.478786 -0.121393
v -0.168642 0.489449 -0.108254
v -0.194045 0.492420 -0.095086
v -0.198693 0.511850 -0.063405
v -0.002758 0.393913 -0.157123
v -0.025650 0.376568 -0.158754
v -0.048803 0.391245 -0.158013
v -0.071885 0.406068 -0.157125
v -0.094902 0.420585 -0.153099
v -0.117633 0.434436 -0.145331
v -0.140360 0.448022 -0.136260
v -0.163168 0.460861 -0.125612
v -0.186836 0.469745 -0.114758
v -0.002412 0.362169 -0.159213
v -0.025341 0.344372 -0.159197
v -0.048485 0.358678 -0.159705
v -0.071494 0.373063 -0.159830
v -0.094354 0.387373 -0.157611
v -0.116933 0.401438 -0.152647
v -0.139378 0.415439 -0.146463
v -0.161700 0.429504 -0.139119
v -0.183528 0.443704 -0.128505
v -0.002071 0.330418 -0.158339
v -0.025297 0.312357 -0.156416
v -0.048903 0.326180 -0.158269
v -0.072361 0.340050 -0.159519
v -0.095568 0.353969 -0.158582
v -0.118413 0.367811 -0.155312
v -0.141138 0.381664 -0.151269
v -0.163681 0.395745 -0.145884
v -0.185708 0.410821 -0.137998
v -0.001685 0.298965 -0.154218
v -0.025271 0.280748 -0.150853
v -0.049568 0.294173 -0.153262
v -0.073970 0.307505 -0.155363
v -0.098157 0.320908 -0.155302
v -0.121835 0.334292 -0.153166
v -0.144978 0.347692 -0.149426
v -0.167593 0.361303 -0.144252
v -0.189278 0.375730 -0.136663
v -0.001280 0.267689 -0.148742
v -0.025699 0.249206 -0.145968
v -0.050899 0.262673 -0.147367
v -0.076490 0.275996 -0.148386
v -0.102277 0.289201 -0.147864
v -0.127706 0.302332 -0.145066
v -0.152204 0.315414 -0.140093
v -0.174393 0.329106 -0.131496
v -0.192284 0.343984 -0.118577
v -0.000906 0.236103 -0.144951
v -0.027828 0.218482 -0.143218
v -0.055267 0.232888 -0.142635
v -0.083022 0.247200 -0.141588
v -0.110908 0.261515 -0.138209
v -0.138575 0.275824 -0.131728
v -0.163934 0.290602 -0.121205
v -0.183939 0.306704 -0.104846
v -0.000563 0.204290 -0.143175
v -0.191849 0.323408 -0.084937
v 0.026750 0.218663 -0.143407
v 0.054236 0.233240 -0.142969
v 0.110004 0.262215 -0.138685
v 0.137778 0.276676 -0.132413
v 0.163033 0.291726 -0.122507
v 0.183419 0.307897 -0.106245
v 0.192539 0.323115 -0.086518
v 0.187001 0.318663 -0.041497
v 0.023993 0.249377 -0.146064
v 0.049278 0.263022 -0.147510
v 0.082044 0.247724 -0.142033
v 0.074964 0.276518 -0.148646
v 0.100834 0.289884 -0.148302
v 0.150902 0.316426 -0.140974
v 0.173287 0.330226 -0.132708
v 0.191615 0.344607 -0.120038
v 0.022858 0.280918 -0.150895
v 0.047279 0.294522 -0.153342
v 0.071810 0.308021 -0.155600
v 0.096125 0.321611 -0.155654
v 0.126357 0.303168 -0.145746
v 0.119970 0.335174 -0.153666
v 0.143335 0.348790 -0.149961
v 0.166311 0.362639 -0.144891
v 0.022136 0.312527 -0.156440
v 0.045952 0.326533 -0.158248
v 0.069643 0.340580 -0.159592
v 0.093128 0.354683 -0.158856
v 0.116296 0.368720 -0.155683
v 0.139323 0.382778 -0.151506
v 0.162128 0.397115 -0.145974
v 0.188405 0.377366 -0.137357
v 0.021515 0.344540 -0.159177
v 0.044984 0.359018 -0.159648
v 0.068329 0.373580 -0.159845
v 0.091534 0.388090 -0.157812
v 0.114443 0.402350 -0.152923
v 0.137159 0.416550 -0.146631
v 0.159688 0.430856 -0.139071
v 0.184374 0.412686 -0.138099
v 0.021219 0.376729 -0.158707
v 0.044750 0.391562 -0.157896
v 0.068193 0.406551 -0.156981
v 0.091564 0.421348 -0.153527
v 0.114525 0.435445 -0.145933
v 0.137413 0.449288 -0.136811
v 0.160325 0.462619 -0.125931
v 0.181663 0.445533 -0.128246
v 0.021298 0.408767 -0.155342
v 0.045311 0.423848 -0.153387
v 0.069353 0.439084 -0.150960
v 0.093443 0.453553 -0.144220
v 0.117272 0.467083 -0.133715
v 0.141396 0.479944 -0.121517
v 0.165567 0.491130 -0.108039
v 0.183638 0.474331 -0.114035
v 0.189394 0.498651 -0.093801
v 0.000385 0.213003 0.130680
v 0.031518 0.195911 0.130909
v 0.031786 0.218110 0.129932
v 0.000412 0.191238 0.130543
v 0.031365 0.173782 0.132814
v 0.000507 0.169491 0.130605
v 0.031235 0.151747 0.134645
v 0.000605 0.147876 0.131259
v 0.031361 0.129974 0.137470
v 0.000765 0.126478 0.133057
v 0.031581 0.107853 0.139940
v 0.000942 0.104849 0.134678
v 0.031778 0.086049 0.140331
v 0.001124 0.083813 0.135931
v 0.032388 0.065476 0.142130
v 0.001409 0.063542 0.137859
v 0.032574 0.043967 0.143826
v 0.001720 0.041957 0.137728
v 0.032112 0.022204 0.144861
v 0.001998 0.019943 0.138129
v 0.031789 -0.000344 0.146728
v 0.002575 -0.002443 0.140044
v 0.031418 -0.024112 0.150513
v 0.004152 -0.048724 0.144976
v 0.031204 -0.046796 0.154310
v 0.004107 -0.047434 0.145003
v 0.062373 0.199541 0.125401
v 0.062890 0.222271 0.124987
v 0.061678 0.176839 0.124818
v 0.060957 0.154241 0.124222
v 0.060751 0.131960 0.125054
v 0.060725 0.109333 0.126294
v 0.060946 0.086939 0.127351
v 0.062053 0.065962 0.129712
v 0.061935 0.043748 0.129995
v 0.060639 0.020859 0.129227
v 0.059275 -0.026472 0.131853
v 0.059971 -0.002475 0.130445
v 0.058523 -0.050522 0.133670
v 0.058570 -0.049185 0.133550
v 0.091526 0.202433 0.113920
v 0.092508 0.225583 0.113885
v 0.090753 0.179293 0.114092
v 0.090750 0.156254 0.115530
v 0.091523 0.133550 0.118001
v 0.092371 0.110499 0.120470
v 0.092637 0.087555 0.121373
v 0.093631 0.043530 0.122104
v 0.093798 0.066164 0.122496
v 0.091750 0.019810 0.120492
v 0.090716 -0.004353 0.121138
v 0.089132 -0.051367 0.122867
v 0.089912 -0.028557 0.122015
v 0.089078 -0.052728 0.122919
v 0.121203 -0.053606 0.112315
v 0.000372 0.335009 0.122098
v 0.027993 0.335182 0.122130
v 0.027438 0.351833 0.121835
v 0.000410 0.319797 0.122459
v 0.028339 0.318491 0.122252
v 0.000433 0.304569 0.123460
v 0.028687 0.301773 0.123082
v 0.000449 0.289334 0.124854
v 0.029179 0.285072 0.124678
v 0.000448 0.274114 0.126570
v 0.029841 0.268423 0.126944
v 0.000442 0.258897 0.128364
v 0.030528 0.251706 0.128671
v 0.000434 0.243630 0.129612
v 0.031171 0.234915 0.129536
v 0.000414 0.228319 0.130203
v 0.056644 0.350203 0.122094
v 0.055148 0.368311 0.119560
v 0.057454 0.331935 0.121438
v 0.057787 0.313714 0.120358
v 0.058287 0.295441 0.120558
v 0.059235 0.277185 0.121951
v 0.060537 0.258956 0.123837
v 0.061800 0.240647 0.124979
v 0.085342 0.364345 0.115816
v 0.082663 0.383671 0.111298
v 0.087257 0.344481 0.117456
v 0.087802 0.324645 0.115925
v 0.087578 0.304974 0.113458
v 0.088081 0.285162 0.112908
v 0.089531 0.265355 0.113872
v 0.091126 0.245496 0.114382
v -0.504783 -0.070642 -0.031098
v -0.477555 -0.044401 -0.021947
v -0.499457 -0.067787 -0.011840
v -0.454960 -0.026855 -0.047107
v -0.452496 -0.024414 -0.028185
v -0.436360 0.001044 -0.043077
v -0.433195 -0.002404 -0.057062
v -0.415815 0.026804 -0.044214
v -0.413180 0.024918 -0.065529
v -0.393745 0.053091 -0.045629
v -0.395201 0.054509 -0.068080
v -0.372439 0.080050 -0.047229
v -0.375160 0.083032 -0.070440
v -0.352086 0.107756 -0.048409
v -0.354340 0.111069 -0.072648
v -0.330980 0.135046 -0.048730
v -0.331253 0.137497 -0.074104
v -0.309419 0.162047 -0.048535
v -0.312742 0.167318 -0.073115
v -0.288432 0.189533 -0.047844
v -0.289546 0.193341 -0.074549
v -0.270085 0.218883 -0.047591
v -0.270640 0.222552 -0.074007
v -0.248835 0.246151 -0.047680
v -0.250535 0.250895 -0.076622
v -0.231527 0.275939 -0.048518
v -0.227553 0.277075 -0.079573
v -0.210406 0.303336 -0.047240
v -0.204685 0.304269 -0.079501
v -0.187499 0.317068 -0.041045
v -0.509669 -0.072816 -0.050346
v -0.478988 -0.050294 -0.040231
v -0.483532 -0.049666 -0.058627
v -0.458988 -0.023765 -0.065645
v -0.443898 0.008996 -0.068913
v -0.420372 0.034138 -0.081094
v -0.399334 0.063430 -0.086639
v -0.379016 0.093651 -0.089493
v -0.356887 0.122699 -0.091862
v -0.336736 0.153021 -0.090812
v -0.312736 0.180432 -0.093459
v -0.293109 0.210573 -0.092136
v -0.268609 0.237152 -0.097295
v -0.245302 0.265076 -0.101230
v -0.222897 0.293511 -0.104468
v -0.205157 0.324212 -0.104106
v -0.191849 0.323408 -0.084937
v -0.514040 -0.074484 -0.069759
v -0.488803 -0.047157 -0.076328
v -0.465103 -0.018130 -0.082108
v -0.448841 0.016594 -0.085158
v -0.429619 0.048442 -0.090239
v -0.407084 0.078017 -0.098294
v -0.384786 0.109119 -0.102571
v -0.362772 0.140704 -0.102453
v -0.339535 0.171001 -0.101877
v -0.317448 0.201993 -0.102868
v -0.291271 0.229378 -0.109487
v -0.267305 0.259409 -0.112650
v -0.243279 0.289027 -0.117631
v -0.222071 0.320655 -0.119367
v -0.207855 0.352485 -0.119901
v -0.192284 0.343984 -0.118577
v -0.520571 -0.072964 -0.088025
v -0.498945 -0.039712 -0.089928
v -0.478868 -0.005782 -0.084477
v -0.459103 0.027432 -0.094842
v -0.439339 0.062317 -0.099583
v -0.416919 0.094950 -0.104174
v -0.393656 0.127580 -0.107941
v -0.369861 0.159939 -0.106746
v -0.345498 0.191557 -0.111077
v -0.319528 0.221926 -0.115878
v -0.294572 0.253602 -0.117367
v -0.269704 0.285046 -0.122025
v -0.246204 0.317209 -0.127313
v -0.225973 0.351439 -0.127779
v -0.208592 0.383145 -0.130886
v -0.189278 0.375730 -0.136663
v -0.536649 -0.063353 -0.092077
v -0.513448 -0.028997 -0.092374
v -0.491569 0.006608 -0.091709
v -0.470880 0.041970 -0.089283
v -0.451368 0.077516 -0.101199
v -0.428629 0.112503 -0.104644
v -0.404652 0.146761 -0.106498
v -0.379778 0.180260 -0.109235
v -0.354022 0.212934 -0.113611
v -0.327621 0.245645 -0.114784
v -0.302362 0.278860 -0.119916
v -0.277350 0.312219 -0.125207
v -0.255050 0.347253 -0.129187
v -0.235471 0.383022 -0.128669
v -0.212925 0.414848 -0.128088
v -0.185708 0.410821 -0.137998
v -0.550485 -0.054521 -0.081775
v -0.527633 -0.018474 -0.084859
v -0.505350 0.017959 -0.087103
v -0.485629 0.055696 -0.087558
v -0.463477 0.092335 -0.092938
v -0.441331 0.129216 -0.098423
v -0.416842 0.164928 -0.099276
v -0.390323 0.199089 -0.099720
v -0.364312 0.233378 -0.103860
v -0.339275 0.268257 -0.109724
v -0.313297 0.302872 -0.113797
v -0.289308 0.338588 -0.119029
v -0.266791 0.375415 -0.118601
v -0.245939 0.412908 -0.116196
v -0.218750 0.446111 -0.114929
v -0.183528 0.443704 -0.128505
v -0.538255 -0.010039 -0.071295
v -0.517030 0.027764 -0.074122
v -0.496505 0.066125 -0.078245
v -0.474779 0.104662 -0.079669
v -0.451104 0.141746 -0.082379
v -0.427287 0.178988 -0.083158
v -0.400419 0.214080 -0.083168
v -0.375092 0.249909 -0.087869
v -0.349046 0.285400 -0.092623
v -0.323798 0.321635 -0.096457
v -0.298970 0.358284 -0.098797
v -0.276538 0.396374 -0.095687
v -0.256314 0.436225 -0.094219
v -0.228974 0.472301 -0.095325
v -0.186836 0.469745 -0.114758
v -0.560104 -0.047358 -0.066069
v -0.544281 -0.003885 -0.053682
v -0.521645 0.032650 -0.055152
v -0.499086 0.070578 -0.058025
v -0.476848 0.108959 -0.059766
v -0.457024 0.148737 -0.061429
v -0.434477 0.187265 -0.061715
v -0.409617 0.224362 -0.062211
v -0.382044 0.259375 -0.065158
v -0.354043 0.293952 -0.068006
v -0.326678 0.329073 -0.069930
v -0.301041 0.365560 -0.070168
v -0.281726 0.405892 -0.066152
v -0.261451 0.446432 -0.063275
v -0.234701 0.483415 -0.063526
v -0.194045 0.492420 -0.095086
v -0.569266 -0.036669 -0.029710
v -0.567343 -0.040854 -0.048905
v -0.547431 0.000198 -0.034807
v -0.498723 0.070678 -0.037595
v -0.477648 0.108914 -0.038014
v -0.457144 0.147970 -0.038759
v -0.435095 0.186425 -0.037984
v -0.412501 0.224825 -0.037624
v -0.381450 0.256751 -0.039795
v -0.351092 0.288922 -0.041626
v -0.323620 0.323562 -0.042475
v -0.298852 0.360121 -0.041705
v -0.279833 0.400005 -0.036400
v -0.261144 0.440428 -0.030706
v -0.238520 0.479654 -0.029003
v -0.204950 0.509996 -0.030238
v -0.198693 0.511850 -0.063405
v -0.564266 -0.035813 -0.010460
v -0.544543 0.000814 -0.015559
v -0.524847 0.035490 -0.035426
v -0.492300 0.065055 -0.019209
v -0.471468 0.102174 -0.020847
v -0.448969 0.139023 -0.020351
v -0.428422 0.177112 -0.017945
v -0.404897 0.213616 -0.017613
v -0.373811 0.243564 -0.020460
v -0.346629 0.277230 -0.018273
v -0.319553 0.311191 -0.017890
v -0.293628 0.345902 -0.017163
v -0.271129 0.382734 -0.013554
v -0.252879 0.421265 -0.005039
v -0.231702 0.459094 -0.001365
v -0.202967 0.491405 -0.002414
v -0.535801 -0.002680 0.001199
v -0.518476 0.031248 -0.016964
v -0.482713 0.055466 -0.006324
v -0.458598 0.088786 -0.011754
v -0.437949 0.124959 -0.007745
v -0.416442 0.160789 -0.008015
v -0.392701 0.195342 -0.009071
v -0.366537 0.227442 -0.009259
v -0.338338 0.257695 -0.004732
v -0.312109 0.290398 -0.002598
v -0.286941 0.324266 -0.000344
v -0.262070 0.358298 0.000791
v -0.241164 0.393936 0.007721
v -0.221543 0.429721 0.015355
v -0.198810 0.463870 0.017010
v -0.551424 -0.039836 0.004506
v -0.519892 -0.011286 0.005357
v -0.505566 0.021348 -0.006626
v -0.468943 0.041636 -0.006765
v -0.447041 0.074308 -0.004256
v -0.426894 0.108738 -0.003793
v -0.405330 0.141874 -0.006814
v -0.382464 0.174949 -0.008425
v -0.357548 0.206663 -0.007215
v -0.332325 0.237623 -0.006183
v -0.306726 0.266687 0.006143
v -0.281601 0.298740 0.008398
v -0.257359 0.331351 0.010735
v -0.233929 0.364505 0.013018
v -0.213823 0.397937 0.023347
v -0.195729 0.432622 0.031326
v -0.518016 -0.048292 0.025954
v -0.535135 -0.044715 0.015729
v -0.503396 -0.016913 0.010873
v -0.496053 0.016622 0.006314
v -0.487638 0.011079 -0.006631
v -0.436280 0.059267 -0.001595
v -0.418496 0.091762 -0.011095
v -0.396226 0.122720 -0.009439
v -0.374327 0.154252 -0.010669
v -0.351230 0.184892 -0.009978
v -0.326922 0.214564 -0.006207
v -0.302940 0.244817 -0.005668
v -0.278759 0.273731 0.003200
v -0.254630 0.303275 0.010853
v -0.231854 0.334497 0.015875
v -0.209986 0.366268 0.022473
v -0.192725 0.398236 0.038056
v -0.488066 -0.025669 0.009608
v -0.478507 -0.002502 -0.015350
v -0.450680 0.016090 -0.010542
v -0.457767 0.028338 0.000014
v -0.427492 0.044176 -0.009927
v -0.409589 0.074907 -0.017462
v -0.387817 0.104045 -0.014982
v -0.366684 0.133787 -0.015136
v -0.345188 0.163227 -0.015592
v -0.322370 0.191652 -0.012438
v -0.299069 0.219747 -0.008327
v -0.276060 0.248345 -0.004926
v -0.253407 0.277338 -0.001127
v -0.230962 0.306602 0.003864
v -0.208751 0.335710 0.012296
v -0.188092 0.362815 0.030186
v -0.494523 -0.064411 0.007545
v -0.500474 -0.055705 0.023873
v -0.483052 -0.035016 -0.005824
v -0.463079 -0.012971 -0.017927
v -0.420582 0.032114 -0.023925
v -0.398310 0.058940 -0.025086
v -0.378490 0.087606 -0.026342
v -0.357866 0.115748 -0.026604
v -0.336345 0.143253 -0.025727
v -0.314515 0.170658 -0.024087
v -0.292563 0.198115 -0.022139
v -0.270636 0.225843 -0.020043
v -0.249707 0.254646 -0.018657
v -0.230164 0.284630 -0.017894
v -0.209229 0.313796 -0.013840
v -0.186010 0.334103 -0.000258
v -0.499457 -0.067787 -0.011840
v -0.477555 -0.044401 -0.021947
v -0.452496 -0.024414 -0.028185
v -0.445759 0.008462 -0.027843
v -0.415815 0.026804 -0.044214
v -0.393745 0.053091 -0.045629
v -0.372439 0.080050 -0.047229
v -0.352086 0.107756 -0.048409
v -0.330980 0.135046 -0.048730
v -0.309419 0.162047 -0.048535
v -0.288432 0.189533 -0.047844
v -0.270085 0.218883 -0.047591
v -0.248835 0.246151 -0.047680
v -0.231527 0.275939 -0.048518
v -0.210406 0.303336 -0.047240
v -0.187499 0.317068 -0.041045
v 0.477564 -0.046007 -0.030085
v 0.506135 -0.070576 -0.039623
v 0.500924 -0.068040 -0.020453
v 0.449097 -0.028205 -0.037103
v 0.480274 -0.049882 -0.048405
v 0.429858 -0.002146 -0.045161
v 0.453968 -0.028037 -0.056518
v 0.411300 0.026363 -0.046505
v 0.430595 -0.002696 -0.063399
v 0.390252 0.053553 -0.047594
v 0.411586 0.026506 -0.067959
v 0.370303 0.081514 -0.048486
v 0.392417 0.055706 -0.069780
v 0.350107 0.109311 -0.049028
v 0.372947 0.084710 -0.071562
v 0.329221 0.136690 -0.049017
v 0.352565 0.113091 -0.073147
v 0.308127 0.163989 -0.048815
v 0.330201 0.139894 -0.074335
v 0.286396 0.190884 -0.048187
v 0.310780 0.168981 -0.073172
v 0.268008 0.220151 -0.047996
v 0.288683 0.195776 -0.074744
v 0.247970 0.248292 -0.048485
v 0.267370 0.223579 -0.076084
v 0.230260 0.277848 -0.049404
v 0.248532 0.252831 -0.077857
v 0.209007 0.305082 -0.047839
v 0.225783 0.279231 -0.080507
v 0.187001 0.318663 -0.041497
v 0.206314 0.308036 -0.080296
v 0.511006 -0.072665 -0.058739
v 0.485294 -0.048975 -0.066613
v 0.460535 -0.023020 -0.073792
v 0.439059 0.006153 -0.078257
v 0.418098 0.035542 -0.084577
v 0.398114 0.066017 -0.087228
v 0.377388 0.095933 -0.090169
v 0.355240 0.124959 -0.092373
v 0.335605 0.155606 -0.090223
v 0.311521 0.182836 -0.093540
v 0.290875 0.212752 -0.093543
v 0.266533 0.239417 -0.098811
v 0.243500 0.267571 -0.102308
v 0.221428 0.296268 -0.105193
v 0.192539 0.323115 -0.086518
v 0.204239 0.326380 -0.105547
v 0.515294 -0.074114 -0.078189
v 0.491984 -0.045213 -0.083599
v 0.469083 -0.014564 -0.088110
v 0.448639 0.018039 -0.089358
v 0.428200 0.050315 -0.091655
v 0.405678 0.080559 -0.099026
v 0.383313 0.111653 -0.102812
v 0.361498 0.143322 -0.101881
v 0.337726 0.173313 -0.103653
v 0.315251 0.204047 -0.104290
v 0.289576 0.232074 -0.110374
v 0.265679 0.262158 -0.113623
v 0.241788 0.291941 -0.118270
v 0.221081 0.323811 -0.119687
v 0.191615 0.344607 -0.120038
v 0.206197 0.355646 -0.119759
v 0.504519 -0.035799 -0.093294
v 0.526710 -0.068508 -0.092028
v 0.480753 -0.003355 -0.095979
v 0.458826 0.030438 -0.099264
v 0.438717 0.065498 -0.097473
v 0.415501 0.097482 -0.104721
v 0.392110 0.130167 -0.107919
v 0.368269 0.162606 -0.107059
v 0.343965 0.194341 -0.111440
v 0.317959 0.224745 -0.116049
v 0.293047 0.256487 -0.118083
v 0.268143 0.287969 -0.122657
v 0.244904 0.320355 -0.127651
v 0.224878 0.354662 -0.128082
v 0.188405 0.377366 -0.137357
v 0.209566 0.383988 -0.136412
v 0.542800 -0.058242 -0.088946
v 0.518571 -0.024722 -0.089955
v 0.493539 0.009122 -0.089375
v 0.471114 0.044343 -0.094975
v 0.450554 0.080387 -0.102847
v 0.427128 0.115124 -0.104948
v 0.403054 0.149355 -0.106488
v 0.378138 0.182897 -0.109252
v 0.352325 0.215773 -0.113433
v 0.326056 0.248544 -0.114992
v 0.300755 0.281790 -0.120233
v 0.275782 0.315247 -0.125568
v 0.253838 0.350521 -0.129139
v 0.235176 0.386258 -0.130053
v 0.184374 0.412686 -0.138099
v 0.211451 0.417219 -0.128025
v 0.553964 -0.050090 -0.075167
v 0.531692 -0.014270 -0.080830
v 0.508156 0.021723 -0.086073
v 0.484131 0.057877 -0.087780
v 0.462093 0.094858 -0.093395
v 0.439818 0.131807 -0.098537
v 0.415144 0.167480 -0.099055
v 0.388626 0.201701 -0.099682
v 0.362795 0.236181 -0.104174
v 0.337696 0.271137 -0.109953
v 0.311567 0.305770 -0.113799
v 0.287785 0.341722 -0.119153
v 0.265466 0.378599 -0.117971
v 0.244329 0.415660 -0.115395
v 0.181663 0.445533 -0.128246
v 0.216964 0.448602 -0.114605
v 0.540838 -0.005855 -0.065905
v 0.562749 -0.042670 -0.059200
v 0.517006 0.030639 -0.070587
v 0.494501 0.068304 -0.075646
v 0.472929 0.106859 -0.079399
v 0.449608 0.144343 -0.082446
v 0.425531 0.181489 -0.082874
v 0.398714 0.216665 -0.083134
v 0.373485 0.252657 -0.088053
v 0.347466 0.288267 -0.092712
v 0.321982 0.324455 -0.096416
v 0.297135 0.361191 -0.098413
v 0.275395 0.399658 -0.095141
v 0.254746 0.439326 -0.093785
v 0.183638 0.474331 -0.114035
v 0.226986 0.474942 -0.094918
v 0.544898 -0.000219 -0.048137
v 0.567854 -0.036523 -0.041234
v 0.523065 0.037069 -0.052278
v 0.496739 0.072612 -0.055218
v 0.475113 0.111441 -0.058400
v 0.455465 0.151296 -0.061450
v 0.432809 0.189846 -0.061541
v 0.407970 0.226937 -0.062229
v 0.380425 0.262060 -0.065238
v 0.352782 0.297002 -0.068045
v 0.324850 0.331744 -0.069889
v 0.299503 0.368483 -0.069687
v 0.280488 0.409070 -0.065555
v 0.259707 0.449368 -0.062640
v 0.189394 0.498651 -0.093801
v 0.232737 0.486477 -0.062930
v 0.566422 -0.033538 -0.021830
v 0.541473 0.001169 -0.028969
v 0.497318 0.073371 -0.034221
v 0.520949 0.036740 -0.032687
v 0.478342 0.112824 -0.038024
v 0.455584 0.150470 -0.038890
v 0.433714 0.189019 -0.037701
v 0.410614 0.227111 -0.037601
v 0.379471 0.258935 -0.040010
v 0.349274 0.291305 -0.041846
v 0.321742 0.325955 -0.042523
v 0.297539 0.362984 -0.041241
v 0.278581 0.402993 -0.035793
v 0.259542 0.443283 -0.030015
v 0.236634 0.482483 -0.028179
v 0.201888 0.507728 -0.029919
v 0.558001 -0.034839 -0.003992
v 0.516572 0.034598 -0.013414
v 0.534569 -0.000580 -0.010945
v 0.495411 0.071036 -0.014621
v 0.469855 0.104307 -0.020450
v 0.448227 0.141661 -0.020201
v 0.427148 0.179478 -0.017680
v 0.403024 0.215586 -0.017761
v 0.373017 0.246822 -0.018871
v 0.343703 0.278596 -0.019702
v 0.317912 0.313475 -0.017923
v 0.292633 0.348649 -0.016661
v 0.270025 0.385495 -0.013001
v 0.251396 0.423864 -0.004381
v 0.229655 0.461318 -0.000863
v 0.200198 0.492906 -0.002097
v 0.543486 -0.039423 0.009388
v 0.502551 0.024181 -0.006540
v 0.526516 -0.003337 0.005576
v 0.481074 0.057582 -0.011695
v 0.458619 0.092050 -0.009163
v 0.436162 0.126929 -0.009577
v 0.415068 0.162744 -0.007955
v 0.391111 0.197190 -0.009219
v 0.364443 0.229088 -0.010547
v 0.338190 0.260848 -0.002215
v 0.310661 0.292679 -0.002305
v 0.285449 0.326445 -0.000692
v 0.261044 0.360750 0.001041
v 0.240025 0.396251 0.008297
v 0.219938 0.431767 0.015825
v 0.196689 0.465473 0.017556
v 0.526896 -0.043778 0.019964
v 0.509614 -0.010927 0.008458
v 0.468035 0.043315 -0.010797
v 0.489887 0.015591 0.003578
v 0.446210 0.076333 -0.008000
v 0.425576 0.110344 -0.003429
v 0.403945 0.143736 -0.006767
v 0.381023 0.176738 -0.008657
v 0.355975 0.208254 -0.005971
v 0.330390 0.239311 -0.007008
v 0.305396 0.269096 0.004978
v 0.280586 0.301026 0.009244
v 0.256271 0.333551 0.010764
v 0.232881 0.366631 0.013038
v 0.212710 0.399814 0.023771
v 0.194197 0.434172 0.031847
v 0.509198 -0.049047 0.026638
v 0.493820 -0.019273 0.009988
v 0.481266 0.006687 -0.007791
v 0.435044 0.060709 -0.005605
v 0.455912 0.028726 -0.009837
v 0.417793 0.093914 -0.012385
v 0.395041 0.124599 -0.010104
v 0.373002 0.155989 -0.010867
v 0.349749 0.186553 -0.010170
v 0.325282 0.215872 -0.004728
v 0.301080 0.245976 -0.004223
v 0.277398 0.275851 0.002133
v 0.253484 0.305426 0.009923
v 0.230764 0.336504 0.015290
v 0.209010 0.368085 0.022424
v 0.191759 0.399702 0.038533
v 0.495401 -0.058660 0.017322
v 0.480269 -0.030070 0.004402
v 0.445028 0.014907 -0.011945
v 0.473360 -0.005175 -0.019844
v 0.425692 0.046023 -0.013699
v 0.409421 0.077595 -0.020638
v 0.386891 0.105908 -0.016160
v 0.365414 0.135460 -0.015306
v 0.343701 0.164780 -0.015331
v 0.320915 0.193283 -0.012550
v 0.297551 0.221261 -0.008040
v 0.274384 0.249685 -0.004199
v 0.251873 0.278886 -0.000905
v 0.229793 0.308413 0.003451
v 0.207794 0.337496 0.011900
v 0.187309 0.364316 0.030307
v 0.496024 -0.065272 -0.001097
v 0.478832 -0.038235 -0.012353
v 0.438348 0.005361 -0.027710
v 0.460412 -0.017228 -0.026867
v 0.417639 0.033379 -0.027167
v 0.398693 0.061805 -0.029519
v 0.377746 0.089690 -0.028025
v 0.357043 0.117842 -0.027599
v 0.335192 0.145141 -0.026168
v 0.313201 0.172441 -0.024429
v 0.291326 0.199990 -0.022529
v 0.269691 0.227960 -0.020740
v 0.248935 0.256819 -0.019538
v 0.229340 0.286685 -0.018732
v 0.208452 0.315660 -0.014511
v 0.184890 0.336176 -0.000323
v 0.500924 -0.068040 -0.020453
v 0.477564 -0.046007 -0.030085
v 0.449097 -0.028205 -0.037103
v 0.411300 0.026363 -0.046505
v 0.429858 -0.002146 -0.045161
v 0.390252 0.053553 -0.047594
v 0.370303 0.081514 -0.048486
v 0.350107 0.109311 -0.049028
v 0.329221 0.136690 -0.049017
v 0.308127 0.163989 -0.048815
v 0.286396 0.190884 -0.048187
v 0.268008 0.220151 -0.047996
v 0.247970 0.248292 -0.048485
v 0.230260 0.277848 -0.049404
v 0.209007 0.305082 -0.047839
v 0.187001 0.318663 -0.041497
v -0.030805 0.195608 0.130486
v -0.030623 0.173365 0.131017
v -0.030413 0.151233 0.131404
v -0.030419 0.129368 0.132617
v -0.030443 0.107137 0.133633
v -0.030532 0.085325 0.134709
v -0.030878 0.064704 0.136892
v -0.030802 0.042908 0.137341
v -0.030257 0.020051 0.139618
v -0.029897 -0.003147 0.143877
v 0.003351 -0.025542 0.142792
v -0.029145 -0.049634 0.145602
v -0.030991 0.217868 0.129998
v -0.061622 0.199237 0.125274
v -0.061040 0.176544 0.124393
v -0.060615 0.153941 0.124336
v -0.060881 0.131650 0.126153
v -0.061436 0.109017 0.128588
v -0.062071 0.086714 0.131293
v -0.063527 0.065823 0.136508
v -0.064063 0.043687 0.139880
v -0.063398 0.020394 0.141617
v -0.063153 -0.003269 0.144932
v -0.062770 -0.027021 0.145012
v -0.029544 -0.026396 0.143212
v -0.062269 -0.049401 0.145908
v -0.029169 -0.048326 0.145650
v -0.062097 0.221968 0.125201
v -0.091173 0.202091 0.115324
v -0.091302 0.179030 0.116881
v -0.091290 0.155953 0.117853
v -0.091567 0.133223 0.118698
v -0.091722 0.110214 0.118607
v -0.091935 0.087345 0.118680
v -0.093270 0.066055 0.120972
v -0.093446 0.043360 0.122470
v -0.092548 0.019578 0.122953
v -0.092738 -0.004498 0.125256
v -0.093614 -0.051205 0.131020
v -0.062234 -0.050736 0.145857
v -0.091743 0.225196 0.114375
v -0.093233 -0.028550 0.128158
v -0.093630 -0.052555 0.131180
v -0.079793 0.396462 0.106228
v -0.104899 0.409238 0.094194
v -0.082534 0.383303 0.111457
v -0.053421 0.383574 0.113940
v -0.054773 0.368070 0.119632
v -0.026383 0.370533 0.116157
v -0.026859 0.351706 0.121846
v 0.000130 0.357951 0.116370
v -0.084956 0.363968 0.116001
v -0.056059 0.349952 0.122122
v -0.027272 0.335051 0.122127
v -0.086630 0.344099 0.117610
v -0.056707 0.331684 0.121486
v -0.027525 0.318357 0.122311
v -0.087012 0.324268 0.116093
v -0.056964 0.313456 0.120498
v -0.027833 0.301631 0.123167
v -0.086748 0.304589 0.113746
v -0.057431 0.295175 0.120753
v -0.028300 0.284918 0.124753
v -0.087257 0.284769 0.113272
v -0.058375 0.276910 0.122159
v -0.028961 0.268255 0.127015
v -0.088728 0.264959 0.114275
v -0.059677 0.258668 0.124039
v -0.029657 0.251516 0.128715
v -0.090328 0.245099 0.114771
v -0.060950 0.240349 0.125166
v -0.030326 0.234703 0.129582
v 0.171380 -0.060461 0.071665
v -0.169581 -0.058871 0.085436
v -0.179887 -0.061854 0.060663
v -0.165297 -0.059057 0.083203
v 0.076952 -0.085418 -0.159560
v 0.109736 -0.082569 -0.144930
v 0.074815 -0.084918 -0.155420
v -0.060760 -0.051141 0.142627
v -0.028530 -0.050072 0.142028
v 0.193795 -0.071523 -0.028062
v 0.191881 -0.068901 0.008667
v 0.188596 -0.071375 -0.027335
v -0.110845 -0.083841 -0.147978
v -0.137928 -0.080967 -0.122959
v -0.141477 -0.081366 -0.126242
v 0.185963 -0.064307 0.041525
v 0.191881 -0.068901 0.008667
v 0.003908 -0.049190 0.141535
v -0.184555 -0.061742 0.062291
v -0.189355 -0.065242 0.035560
v 0.112815 -0.083013 -0.148805
v 0.139312 -0.080044 -0.123629
v -0.160309 -0.078333 -0.094137
v -0.164456 -0.078662 -0.096649
v 0.000897 -0.088195 -0.161507
v -0.036456 -0.087155 -0.157341
v -0.037284 -0.087705 -0.161513
v -0.194274 -0.065226 0.036516
v -0.193027 -0.069324 0.009005
v 0.143192 -0.080424 -0.126940
v 0.160626 -0.077297 -0.094170
v -0.177314 -0.075300 -0.061712
v -0.181912 -0.075547 -0.063356
v -0.123948 -0.054835 0.115303
v -0.145037 -0.056802 0.100703
v -0.120872 -0.055133 0.112310
v 0.037929 -0.086836 -0.157191
v 0.000738 -0.087634 -0.157338
v -0.073340 -0.085536 -0.155427
v -0.075153 -0.086049 -0.159561
v 0.165079 -0.077604 -0.096692
v 0.177311 -0.074346 -0.061850
v 0.117857 -0.055283 0.109411
v 0.086636 -0.053081 0.119672
v -0.188938 -0.072096 -0.027123
v -0.193844 -0.072256 -0.027842
v -0.148767 -0.056552 0.103396
v 0.039076 -0.087379 -0.161362
v 0.148353 -0.057512 0.095860
v -0.108097 -0.083379 -0.144132
v 0.030244 -0.048605 0.150912
v 0.056873 -0.050934 0.130277
v -0.091345 -0.052914 0.127783
v -0.193027 -0.069324 0.009005
v -0.198045 -0.069411 0.009252
v 0.182210 -0.074574 -0.063504
v 0.031189 -0.048134 0.154465
v 0.171380 -0.060461 0.071665
v 0.180785 -0.053341 0.040382
v 0.185963 -0.064307 0.041525
v -0.137928 -0.080967 -0.122959
v -0.105255 -0.071863 -0.140172
v -0.134274 -0.069522 -0.119593
v 0.148353 -0.057512 0.095860
v 0.166620 -0.049604 0.069715
v -0.160309 -0.078333 -0.094137
v -0.156061 -0.066969 -0.091578
v 0.117857 -0.055283 0.109411
v 0.144237 -0.046739 0.093272
v -0.177314 -0.075300 -0.061712
v -0.172628 -0.064028 -0.060051
v 0.000738 -0.087634 -0.157338
v 0.036738 -0.075223 -0.152870
v 0.000574 -0.075998 -0.153013
v -0.188938 -0.072096 -0.027123
v -0.183961 -0.060918 -0.026407
v 0.037929 -0.086836 -0.157191
v 0.072600 -0.073354 -0.151138
v -0.193027 -0.069324 0.009005
v -0.187899 -0.058229 0.008738
v 0.074815 -0.084918 -0.155420
v 0.106549 -0.071069 -0.140932
v 0.003908 -0.049190 0.141535
v 0.029312 -0.037741 0.146701
v 0.030244 -0.048605 0.150912
v 0.139312 -0.080044 -0.123629
v 0.109736 -0.082569 -0.144930
v 0.056873 -0.050934 0.130277
v 0.055248 -0.040258 0.126564
v 0.160626 -0.077297 -0.094170
v 0.135313 -0.068617 -0.120228
v -0.120872 -0.055133 0.112310
v -0.141314 -0.046053 0.098005
v -0.117812 -0.044433 0.109321
v 0.084222 -0.042441 0.116446
v 0.086636 -0.053081 0.119672
v 0.177311 -0.074346 -0.061850
v 0.156060 -0.065954 -0.091598
v -0.145037 -0.056802 0.100703
v -0.161012 -0.048244 0.080958
v 0.114588 -0.044577 0.106489
v 0.188596 -0.071375 -0.027335
v 0.172312 -0.063092 -0.060176
v -0.165297 -0.059057 0.083203
v -0.174871 -0.050993 0.058901
v -0.027924 -0.039518 0.138520
v 0.003671 -0.038565 0.137602
v 0.191881 -0.068901 0.008667
v 0.183311 -0.060209 -0.026608
v -0.179887 -0.061854 0.060663
v -0.182925 -0.054362 0.034296
v -0.028530 -0.050072 0.142028
v -0.059305 -0.040555 0.139546
v -0.035594 -0.075534 -0.153021
v -0.036456 -0.087155 -0.157341
v -0.189355 -0.065242 0.035560
v -0.060760 -0.051141 0.142627
v -0.089081 -0.042278 0.124408
v -0.071458 -0.073959 -0.151154
v -0.073340 -0.085536 -0.155427
v 0.186531 -0.057808 0.008412
v -0.091345 -0.052914 0.127783
v -0.108097 -0.083379 -0.144132
v -0.005258 -0.054633 -0.000284
v 0.506604 -0.070952 -0.039464
v 0.503085 -0.067622 -0.020949
v 0.501348 -0.068440 -0.020278
v 0.512608 -0.072000 -0.056989
v 0.508029 -0.069984 -0.038994
v 0.511473 -0.073095 -0.058597
v 0.516600 -0.073452 -0.075324
v 0.515717 -0.074638 -0.078091
v 0.527318 -0.068245 -0.088411
v 0.543239 -0.058850 -0.088927
v 0.527113 -0.069102 -0.092005
v 0.554368 -0.050740 -0.075064
v 0.542486 -0.058602 -0.085517
v 0.563147 -0.043338 -0.059078
v 0.552953 -0.050974 -0.072477
v 0.568270 -0.037182 -0.041109
v 0.561210 -0.044013 -0.057442
v 0.564716 -0.035388 -0.022286
v 0.566028 -0.038222 -0.040541
v 0.566875 -0.034168 -0.021700
v 0.556770 -0.036604 -0.005513
v 0.558426 -0.035461 -0.003866
v 0.543008 -0.040947 0.007019
v 0.543794 -0.040078 0.009457
v 0.527409 -0.044987 0.017097
v 0.527210 -0.044374 0.020173
v 0.510731 -0.049890 0.023462
v 0.495676 -0.059178 0.017556
v 0.509477 -0.049587 0.026940
v 0.496336 -0.065762 -0.000893
v 0.497750 -0.058911 0.014636
v 0.501348 -0.068440 -0.020278
v 0.498372 -0.065103 -0.002716
v 0.561210 -0.044013 -0.057442
v 0.542953 -0.036894 -0.066182
v 0.552953 -0.050974 -0.072477
v 0.510731 -0.049890 0.023462
v 0.496241 -0.043610 0.007532
v 0.507225 -0.035977 0.015000
v 0.534096 -0.043348 -0.077215
v 0.542486 -0.058602 -0.085517
v 0.527409 -0.044987 0.017097
v 0.521338 -0.031828 0.009614
v 0.521261 -0.051508 -0.079665
v 0.527318 -0.068245 -0.088411
v 0.543008 -0.040947 0.007019
v 0.534537 -0.028409 0.001086
v 0.516600 -0.073452 -0.075324
v 0.512192 -0.055914 -0.068591
v 0.546183 -0.024734 -0.009518
v 0.556770 -0.036604 -0.005513
v 0.512608 -0.072000 -0.056989
v 0.508814 -0.054686 -0.053076
v 0.552907 -0.023705 -0.023711
v 0.564716 -0.035388 -0.022286
v 0.503085 -0.067622 -0.020949
v 0.496767 -0.048850 -0.007151
v 0.498372 -0.065103 -0.002716
v 0.508029 -0.069984 -0.038994
v 0.504939 -0.052980 -0.037849
v 0.554017 -0.026103 -0.039158
v 0.566028 -0.038222 -0.040541
v 0.500756 -0.050981 -0.022579
v 0.549940 -0.031003 -0.053459
v 0.497750 -0.058911 0.014636
v -0.494664 -0.064773 0.007709
v -0.502198 -0.056073 0.021209
v -0.496542 -0.064325 0.005708
v -0.505101 -0.070893 -0.030986
v -0.501345 -0.067457 -0.012721
v -0.506443 -0.070131 -0.031003
v -0.499727 -0.068075 -0.011716
v -0.501345 -0.067457 -0.012721
v -0.511082 -0.072226 -0.049273
v -0.509991 -0.073101 -0.050244
v -0.515218 -0.073857 -0.067710
v -0.514351 -0.074821 -0.069678
v -0.521372 -0.072483 -0.085093
v -0.520837 -0.073373 -0.088001
v -0.536644 -0.063378 -0.088957
v -0.536935 -0.063776 -0.092074
v -0.550767 -0.054965 -0.081737
v -0.549766 -0.055020 -0.079150
v -0.560373 -0.047818 -0.066004
v -0.558880 -0.048239 -0.064225
v -0.567627 -0.041309 -0.048846
v -0.565761 -0.042064 -0.047947
v -0.569535 -0.037123 -0.029647
v -0.567571 -0.038093 -0.029733
v -0.562804 -0.037278 -0.011470
v -0.564509 -0.036264 -0.010397
v -0.550572 -0.041101 0.002708
v -0.551616 -0.040294 0.004547
v -0.535114 -0.045686 0.013437
v -0.535322 -0.045126 0.015857
v -0.518866 -0.049055 0.023193
v -0.518196 -0.048678 0.026140
v -0.500627 -0.056075 0.024049
v -0.502198 -0.056073 0.021209
v -0.494110 -0.048671 0.001308
v -0.496542 -0.064325 0.005708
v -0.501345 -0.067457 -0.012721
v -0.502835 -0.053787 -0.031041
v -0.506443 -0.070131 -0.031003
v -0.565761 -0.042064 -0.047947
v -0.549042 -0.034497 -0.060316
v -0.555106 -0.029056 -0.045972
v -0.498342 -0.051432 -0.014932
v -0.567571 -0.038093 -0.029733
v -0.556701 -0.025556 -0.029922
v -0.506923 -0.055634 -0.047141
v -0.511082 -0.072226 -0.049273
v -0.562804 -0.037278 -0.011470
v -0.552500 -0.024838 -0.013829
v -0.510568 -0.057071 -0.063388
v -0.515218 -0.073857 -0.067710
v -0.550572 -0.041101 0.002708
v -0.541721 -0.028207 -0.001336
v -0.515990 -0.055861 -0.078706
v -0.521372 -0.072483 -0.085093
v -0.535114 -0.045686 0.013437
v -0.528100 -0.032247 0.008119
v -0.536644 -0.063378 -0.088957
v -0.529448 -0.047838 -0.082110
v -0.513782 -0.035216 0.016715
v -0.518866 -0.049055 0.023193
v -0.549766 -0.055020 -0.079150
v -0.541011 -0.040472 -0.073469
v -0.499094 -0.041400 0.014968
v -0.558880 -0.048239 -0.064225
v 0.524010 -0.040033 -0.031558
v -0.524705 -0.041361 -0.031316
v -0.025908 0.389363 0.110467
v -0.000355 0.404235 0.104913
v -0.025433 0.408668 0.104778
v -0.000112 0.380893 0.110641
v -0.052069 0.399138 0.108249
v -0.050717 0.415191 0.102557
v -0.077052 0.409838 0.100998
v -0.074311 0.423615 0.095768
v -0.100178 0.421331 0.089968
v -0.095443 0.433761 0.085734
v 0.080557 0.397198 0.105747
v 0.078451 0.410971 0.100196
v 0.101581 0.423229 0.088666
v 0.076345 0.425149 0.094646
v 0.054158 0.383958 0.113750
v 0.053167 0.399671 0.107940
v 0.052177 0.415884 0.102130
v 0.026932 0.370665 0.116133
v 0.026425 0.389500 0.110430
v 0.025918 0.408813 0.104728
v -0.157133 0.523026 -0.080063
v -0.163472 0.527259 -0.059228
v -0.147652 0.527728 -0.078061
v -0.175232 0.522104 -0.060759
v -0.136062 0.519832 -0.096329
v -0.128206 0.526306 -0.093151
v -0.114055 0.514007 -0.109381
v -0.107728 0.523634 -0.105175
v -0.092011 0.507866 -0.120430
v -0.087079 0.520608 -0.114920
v -0.066045 0.517015 -0.121694
v -0.069694 0.500861 -0.128196
v -0.044638 0.512472 -0.124739
v -0.047157 0.492689 -0.131824
v -0.023234 0.507708 -0.125992
v -0.024695 0.484261 -0.133763
v -0.001802 0.503025 -0.126953
v -0.002252 0.476052 -0.135398
v 0.160285 0.528621 -0.058960
v 0.153857 0.524442 -0.079951
v 0.144465 0.529106 -0.077971
v 0.172141 0.523620 -0.060443
v 0.132702 0.521132 -0.096450
v 0.124881 0.527784 -0.093205
v 0.110587 0.515161 -0.109755
v 0.104467 0.524971 -0.105391
v 0.088405 0.508846 -0.121007
v 0.083894 0.521700 -0.115349
v 0.062730 0.517659 -0.121772
v 0.065807 0.501410 -0.128270
v 0.041230 0.512849 -0.124615
v 0.043065 0.492951 -0.131654
v 0.019732 0.507920 -0.125916
v 0.020402 0.484384 -0.133662
v 0.169048 0.517489 -0.014257
v 0.160285 0.528621 -0.058960
v 0.159643 0.520980 -0.014994
v 0.172141 0.523620 -0.060443
v 0.142835 0.495616 0.022311
v 0.149606 0.489167 0.023986
v 0.123876 0.466604 0.055669
v 0.129103 0.456914 0.059265
v 0.097555 0.436396 0.083820
v -0.129153 0.438565 0.070335
v -0.124655 0.447932 0.067088
v -0.119552 0.457616 0.063679
v -0.149115 0.467174 0.040926
v -0.143229 0.474415 0.039080
v -0.137088 0.481606 0.037240
v -0.168071 0.494370 0.010655
v -0.160613 0.499173 0.009526
v -0.152878 0.503947 0.008455
v -0.183866 0.516665 -0.022635
v -0.174508 0.519831 -0.022839
v -0.164978 0.523125 -0.022990
v -0.186957 0.517159 -0.062260
v -0.198693 0.511850 -0.063405
v -0.175232 0.522104 -0.060759
v -0.163472 0.527259 -0.059228
v 0.122040 -0.030338 0.111777
v -0.197765 -0.067508 0.008995
v 0.197169 -0.068982 0.008905
v -0.198045 -0.069411 0.009252
v -0.499727 -0.068075 -0.011716
v 0.000626 0.510801 0.051921
v 0.023589 0.485164 0.066538
v 0.019844 0.512385 0.050766
v 0.043096 0.496026 0.058166
v 0.037079 0.514393 0.047736
v 0.059642 0.506602 0.047479
v 0.051737 0.518882 0.040778
v 0.073649 0.517264 0.032498
v 0.062751 0.525679 0.028250
v 0.071371 0.534345 0.010085
v 0.087418 0.526231 0.012273
v 0.077617 0.548261 -0.011636
v 0.102975 0.535378 -0.011494
v 0.079543 0.560260 -0.038326
v 0.001205 0.472608 0.073819
v 0.029350 0.444314 0.088831
v 0.053583 0.466354 0.074914
v 0.072820 0.487205 0.057548
v 0.090769 0.503168 0.038800
v 0.113012 0.512652 0.016528
v 0.140246 0.519982 -0.010608
v 0.118442 0.540481 -0.038531
v 0.001946 0.427359 0.095183
v 0.032673 0.417835 0.099382
v 0.062286 0.439147 0.087260
v 0.088137 0.463788 0.068102
v 0.111761 0.483857 0.045286
v 0.139390 0.495613 0.018903
v 0.169124 0.507841 -0.008796
v 0.161870 0.522717 -0.040864
v -0.168629 0.507531 -0.008161
v -0.162211 0.522622 -0.040570
v -0.193339 0.509631 -0.040049
v -0.139959 0.519713 -0.009988
v -0.118718 0.540385 -0.038318
v -0.102955 0.535339 -0.011223
v -0.080012 0.560123 -0.038428
v -0.138182 0.495394 0.019991
v -0.112047 0.512547 0.017274
v -0.086909 0.526217 0.012608
v -0.077805 0.548180 -0.011572
v -0.109687 0.483885 0.046325
v -0.089252 0.503209 0.039427
v -0.072758 0.517217 0.032961
v -0.071217 0.534245 0.010259
v -0.070833 0.487138 0.058112
v -0.058398 0.506487 0.047902
v -0.050994 0.518700 0.041091
v -0.062296 0.525566 0.028556
v -0.085377 0.463685 0.069015
v -0.051019 0.466324 0.075368
v -0.041464 0.495951 0.058453
v -0.036099 0.514269 0.047996
v -0.058725 0.438906 0.088004
v -0.026048 0.444250 0.088859
v -0.021566 0.485076 0.066625
v -0.018675 0.512272 0.050848
v -0.028176 0.417585 0.099380
v 0.002634 0.397401 0.102830
v 0.031825 0.401739 0.105128
v 0.060588 0.419570 0.096476
v 0.088241 0.437737 0.081771
v 0.113311 0.456066 0.062785
v 0.137424 0.470178 0.040028
v 0.163583 0.482443 0.016266
v -0.026955 0.401441 0.105018
v 0.002785 0.384294 0.105892
v -0.056484 0.419362 0.097227
v -0.084989 0.437410 0.082788
v -0.110823 0.455848 0.064049
v -0.135625 0.469921 0.041301
v -0.162344 0.481968 0.017140
v -0.000278 0.575337 -0.089611
v -0.020193 0.548293 -0.105516
v -0.014312 0.574760 -0.089026
v -0.028351 0.573789 -0.087120
v -0.039448 0.551538 -0.101609
v -0.041700 0.572446 -0.083267
v -0.056845 0.554500 -0.094125
v -0.053628 0.570573 -0.076997
v -0.071213 0.555250 -0.082432
v -0.064282 0.568009 -0.068479
v -0.084565 0.554945 -0.069302
v -0.074008 0.565062 -0.056931
v -0.101103 0.549297 -0.055121
v -0.080012 0.560123 -0.038428
v -0.000506 0.544612 -0.108208
v -0.026265 0.512155 -0.122522
v -0.051508 0.521648 -0.118181
v -0.075206 0.530559 -0.108182
v -0.095563 0.535877 -0.092833
v -0.116830 0.536134 -0.076684
v -0.142470 0.531601 -0.060604
v -0.118718 0.540385 -0.038318
v -0.000804 0.504152 -0.124634
v -0.030923 0.483705 -0.132545
v -0.060821 0.496170 -0.128707
v -0.090188 0.507234 -0.118409
v -0.118111 0.515172 -0.102424
v -0.145195 0.519998 -0.084787
v -0.170677 0.518082 -0.064055
v -0.162211 0.522622 -0.040570
v 0.170055 0.518220 -0.064373
v 0.161870 0.522717 -0.040864
v 0.193191 0.509747 -0.040714
v 0.142100 0.531626 -0.060952
v 0.118442 0.540481 -0.038531
v 0.100587 0.549530 -0.055054
v 0.079543 0.560260 -0.038326
v 0.144298 0.520030 -0.085079
v 0.116102 0.536556 -0.076520
v 0.083871 0.555395 -0.069023
v 0.073488 0.565326 -0.056661
v 0.116838 0.515897 -0.102238
v 0.094499 0.536704 -0.092424
v 0.070565 0.555740 -0.082277
v 0.063758 0.568383 -0.068243
v 0.088762 0.507947 -0.118376
v 0.074201 0.531036 -0.108113
v 0.056108 0.555005 -0.093938
v 0.053128 0.571053 -0.076757
v 0.050291 0.521898 -0.118166
v 0.038585 0.551916 -0.101429
v 0.041125 0.572867 -0.083055
v 0.059132 0.496493 -0.128658
v 0.024844 0.512287 -0.122415
v 0.019266 0.548503 -0.105467
v 0.027799 0.574078 -0.087072
v 0.028985 0.483735 -0.132394
v 0.013756 0.574902 -0.089019
v -0.013955 0.574209 -0.087443
v -0.000271 0.574766 -0.088011
v -0.049717 0.519351 0.039566
v 0.050443 0.519530 0.039260
v 0.036137 0.515232 0.045963
v -0.072128 0.564696 -0.056099
v -0.062706 0.567631 -0.067425
v -0.027642 0.573271 -0.085587
v 0.071620 0.564952 -0.055834
v 0.051835 0.570626 -0.075530
v -0.040666 0.571968 -0.081853
v -0.075824 0.548081 -0.011769
v 0.027103 0.573552 -0.085540
v -0.060777 0.525962 0.027425
v 0.061223 0.526077 0.027125
v -0.035179 0.515111 0.046215
v 0.019335 0.513303 0.048861
v 0.000611 0.511773 0.049941
v -0.052324 0.570160 -0.075766
v 0.075643 0.548164 -0.011834
v 0.069629 0.534551 0.009393
v 0.013414 0.574347 -0.087436
v -0.018194 0.513192 0.048940
v -0.077945 0.559840 -0.037998
v 0.077488 0.559973 -0.037900
v 0.062192 0.567992 -0.067192
v 0.077488 0.559973 -0.037900
v 0.040105 0.572376 -0.081645
v -0.069475 0.534450 0.009563
v -0.027642 0.573271 -0.085587
v -0.014594 0.553802 -0.090239
v -0.013955 0.574209 -0.087443
v 0.036137 0.515232 0.045963
v 0.053279 0.498978 0.042099
v 0.038221 0.493608 0.049445
v -0.040666 0.571968 -0.081853
v -0.028905 0.552879 -0.088294
v 0.050443 0.519530 0.039260
v 0.064285 0.506267 0.029152
v -0.052324 0.570160 -0.075766
v -0.042506 0.551730 -0.084359
v 0.061223 0.526077 0.027125
v 0.072590 0.514402 0.010697
v -0.062706 0.567631 -0.067425
v -0.054694 0.549955 -0.077973
v 0.069629 0.534551 0.009393
v 0.079137 0.527142 -0.010916
v -0.072128 0.564696 -0.056099
v -0.065606 0.547374 -0.069207
v 0.075643 0.548164 -0.011834
v 0.081346 0.539249 -0.038132
v -0.077945 0.559840 -0.037998
v -0.075664 0.544346 -0.057319
v -0.075824 0.548081 -0.011769
v -0.081822 0.539107 -0.038247
v 0.077488 0.559973 -0.037900
v 0.075125 0.544615 -0.057032
v -0.069475 0.534450 0.009563
v -0.079320 0.527052 -0.010860
v 0.071620 0.564952 -0.055834
v 0.065060 0.547753 -0.068958
v -0.060777 0.525962 0.027425
v -0.072435 0.514302 0.010875
v 0.062192 0.567992 -0.067192
v 0.054179 0.550449 -0.077727
v -0.049717 0.519351 0.039566
v -0.063823 0.506150 0.029468
v 0.051835 0.570626 -0.075530
v 0.041918 0.552168 -0.084144
v -0.035179 0.515111 0.046215
v -0.052521 0.498783 0.042424
v 0.040105 0.572376 -0.081645
v 0.028342 0.553183 -0.088247
v -0.018194 0.513192 0.048940
v -0.037214 0.493471 0.049713
v 0.027103 0.573552 -0.085540
v 0.014027 0.553953 -0.090233
v 0.000611 0.511773 0.049941
v -0.019220 0.490877 0.052782
v 0.020420 0.491006 0.052696
v 0.000641 0.488886 0.053982
v 0.013414 0.574347 -0.087436
v -0.000284 0.554378 -0.090832
v -0.000271 0.574766 -0.088011
v 0.019335 0.513303 0.048861
v 0.000015 0.521461 -0.023672
v 0.201888 0.507728 -0.029919
v 0.195801 0.513961 -0.063180
v 0.195801 0.513961 -0.063180
v -0.154849 0.526695 -0.022949
v -0.151418 0.532924 -0.057632
v -0.130784 0.488927 0.035423
v -0.144931 0.508892 0.007435
v -0.114040 0.467377 0.060190
v -0.090108 0.446779 0.081149
v -0.000597 0.428661 0.099180
v 0.025412 0.428827 0.099026
v 0.051186 0.432502 0.096319
v 0.074134 0.439603 0.089010
v -0.024958 0.428669 0.099088
v -0.049365 0.431653 0.096865
v -0.071522 0.437622 0.090496
v -0.151418 0.532924 -0.057632
v -0.137307 0.533159 -0.075757
v -0.117649 0.533812 -0.088737
v -0.098468 0.534751 -0.099071
v -0.079613 0.535862 -0.106993
v -0.060497 0.536677 -0.112515
v -0.040725 0.537511 -0.114800
v -0.021007 0.538012 -0.115289
v -0.001305 0.537850 -0.115727
v 0.147626 0.534387 -0.057298
v 0.133415 0.534715 -0.075433
v 0.114173 0.535357 -0.088643
v 0.095421 0.536098 -0.099088
v 0.076896 0.536972 -0.107224
v 0.057796 0.537478 -0.112542
v 0.038045 0.538100 -0.114626
v 0.018380 0.538346 -0.115180
v 0.149471 0.525062 -0.015609
v 0.147626 0.534387 -0.057298
v 0.135597 0.502627 0.020597
v 0.118303 0.476605 0.052061
v 0.092735 0.450253 0.078547
v 0.024627 0.430937 0.095880
v -0.000706 0.430959 0.096014
v 0.074330 0.536854 -0.104599
v 0.049731 0.434441 0.093248
v 0.092039 0.536043 -0.096603
v -0.147020 0.532700 -0.056575
v 0.071972 0.441589 0.086040
v 0.109936 0.535282 -0.086427
v -0.150088 0.526691 -0.022747
v 0.128572 0.534555 -0.073677
v -0.140129 0.509355 0.006763
v -0.069706 0.439549 0.087507
v -0.087636 0.448551 0.078336
v 0.142774 0.534226 -0.056175
v -0.110627 0.468851 0.057939
v -0.126543 0.489966 0.033879
v -0.020543 0.537723 -0.112738
v -0.001390 0.537532 -0.113188
v -0.048207 0.433587 0.093779
v -0.039687 0.537301 -0.112201
v 0.089889 0.452102 0.075785
v -0.024434 0.430775 0.095942
v -0.058815 0.536544 -0.109872
v 0.114277 0.478122 0.049986
v -0.077200 0.535752 -0.104378
v 0.143995 0.525363 -0.015566
v 0.130359 0.503514 0.019427
v -0.095251 0.534693 -0.096603
v 0.142774 0.534226 -0.056175
v -0.113632 0.533725 -0.086552
v 0.017750 0.538056 -0.112637
v -0.132928 0.532935 -0.074076
v 0.036845 0.537896 -0.112040
v -0.147020 0.532700 -0.056575
v 0.055962 0.537353 -0.109911
v 0.131164 0.489679 0.019213
v 0.114927 0.463952 0.049667
v -0.060020 0.519292 -0.111406
v 0.143662 0.511476 -0.015618
v -0.079092 0.518986 -0.105998
v 0.142738 0.520218 -0.056149
v -0.097672 0.518679 -0.097992
v 0.018097 0.519379 -0.114310
v -0.115914 0.518586 -0.087421
v 0.037577 0.519764 -0.113677
v -0.133354 0.518678 -0.074104
v 0.057036 0.519956 -0.111476
v 0.024330 0.418007 0.094697
v -0.000747 0.417756 0.094850
v 0.076122 0.520002 -0.106300
v 0.049181 0.421604 0.092088
v 0.094510 0.519947 -0.098140
v -0.146448 0.518785 -0.056413
v 0.071409 0.428408 0.085122
v 0.112481 0.520083 -0.087473
v -0.149019 0.513086 -0.022731
v 0.089772 0.438432 0.075246
v 0.129816 0.520105 -0.073968
v -0.139849 0.495983 0.006456
v -0.087473 0.435129 0.077709
v 0.142738 0.520218 -0.056149
v -0.127008 0.476411 0.033468
v -0.069180 0.426555 0.086513
v -0.021040 0.519110 -0.114378
v -0.001468 0.518705 -0.114779
v -0.111079 0.455149 0.057549
v -0.047769 0.420778 0.092614
v -0.024236 0.417855 0.094757
v -0.040544 0.519320 -0.113781
v 0.092205 0.407242 0.100923
v 0.094329 0.415685 0.096568
v 0.090583 0.413705 0.098437
v 0.099415 0.415623 0.095304
v 0.100597 0.406897 0.098998
v 0.104630 0.411845 0.095736
v 0.099548 0.399677 0.102558
v 0.096252 0.394411 0.105781
v 0.091138 0.399996 0.104493
v 0.088218 0.376071 0.114477
v 0.089031 0.369792 0.116118
v 0.095274 0.375614 0.112302
v 0.088664 0.411101 0.100093
v 0.088364 0.408145 0.101478
v 0.082427 0.402540 0.105539
v 0.084218 0.405218 0.103874
v 0.086079 0.394068 0.108441
v 0.082094 0.398182 0.107598
v 0.082104 0.366244 0.118520
v 0.082154 0.371073 0.117700
v 0.100585 0.373542 0.111343
v 0.106514 0.368241 0.110301
v 0.104104 0.373834 0.110061
v 0.097449 0.360997 0.114828
v 0.102274 0.351637 0.114182
v 0.106913 0.359307 0.111668
v 0.096990 0.352929 0.115834
v 0.097671 0.349315 0.116019
v 0.113461 0.376336 0.106270
v 0.109429 0.360691 0.110522
v 0.106188 0.404694 0.098953
v 0.107976 0.399617 0.101203
v 0.097799 0.369041 0.113272
v 0.085974 0.356358 0.119162
v 0.086163 0.361272 0.118992
v 0.087480 0.352989 0.119070
v 0.128927 0.441759 0.070486
v 0.130545 0.453448 0.063417
v 0.123931 0.449675 0.068309
v 0.120252 0.435039 0.077550
v 0.127105 0.427184 0.078869
v 0.128038 0.434435 0.074694
v 0.119356 0.427720 0.081686
v 0.126251 0.419939 0.082963
v 0.118403 0.420460 0.085839
v 0.125600 0.412845 0.087316
v 0.117588 0.413350 0.090120
v 0.124344 0.403322 0.092317
v 0.116016 0.390977 0.100298
v 0.124160 0.380067 0.100417
v 0.123765 0.393017 0.095775
v 0.123693 0.374323 0.101090
v 0.122302 0.378520 0.100993
v 0.115195 0.367419 0.107225
v 0.122810 0.364924 0.103514
v 0.133040 0.396939 0.090439
v 0.133451 0.390553 0.092644
v 0.141122 0.396105 0.086959
v 0.137413 0.448541 0.063382
v 0.139596 0.454677 0.057311
v 0.144132 0.440201 0.063999
v 0.144701 0.447411 0.059527
v 0.136863 0.441271 0.068006
v 0.143444 0.432973 0.068243
v 0.135969 0.434014 0.072182
v 0.142811 0.425840 0.072588
v 0.135235 0.426736 0.076339
v 0.142243 0.418732 0.076885
v 0.134552 0.419571 0.080599
v 0.133947 0.412242 0.084354
v 0.141685 0.411041 0.079872
v 0.149877 0.417443 0.072035
v 0.141450 0.403583 0.083431
v 0.133539 0.404595 0.087418
v 0.132197 0.381250 0.095092
v 0.137991 0.382745 0.091833
v 0.129571 0.388812 0.094926
v 0.125392 0.399866 0.092293
v 0.130269 0.390237 0.093932
v 0.131827 0.373268 0.097004
v 0.117941 0.443558 0.073940
v 0.113913 0.436315 0.079530
v 0.112155 0.423065 0.086990
v 0.113303 0.417140 0.089602
v 0.111118 0.412908 0.092645
v 0.114104 0.405078 0.095467
v 0.111039 0.410017 0.094158
v 0.114533 0.399286 0.098276
v 0.112898 0.386773 0.103339
v 0.141187 0.386368 0.088711
v 0.144260 0.387190 0.086274
v 0.149067 0.402517 0.079069
v 0.155468 0.395323 0.076834
v 0.156412 0.401426 0.074541
v 0.148548 0.394805 0.081832
v 0.153804 0.388173 0.078916
v 0.147621 0.378850 0.085674
v 0.146881 0.384607 0.085065
v 0.149225 0.371214 0.085257
v 0.149497 0.372771 0.084708
v 0.140141 0.372237 0.093287
v 0.140309 0.364539 0.093165
v 0.146111 0.362769 0.088107
v 0.148174 0.355350 0.085557
v 0.152615 0.361422 0.081681
v 0.166320 0.437399 0.051978
v 0.163626 0.449016 0.047181
v 0.159703 0.445401 0.051699
v 0.159067 0.438212 0.055946
v 0.165743 0.430256 0.056092
v 0.158481 0.431123 0.060277
v 0.165356 0.422847 0.059734
v 0.157943 0.423833 0.064146
v 0.164658 0.415275 0.062934
v 0.157307 0.416290 0.067426
v 0.156811 0.408840 0.070919
v 0.153398 0.453332 0.050575
v 0.152147 0.446339 0.055560
v 0.151500 0.439145 0.059878
v 0.150836 0.431935 0.064088
v 0.150241 0.424849 0.068410
v 0.149312 0.409843 0.075195
v 0.154388 0.377507 0.079927
v 0.154669 0.387018 0.078572
v 0.153928 0.365845 0.080637
v 0.151128 0.350898 0.080843
v 0.156928 0.352125 0.074655
v 0.163270 0.400030 0.068874
v 0.163245 0.393156 0.069671
v 0.166969 0.395139 0.066024
v 0.158982 0.343239 0.066130
v 0.156490 0.335379 0.066643
v 0.158475 0.336788 0.063358
v 0.164120 0.407784 0.066347
v 0.170361 0.402537 0.061943
v 0.169674 0.405793 0.061589
v 0.169754 0.399409 0.062875
v 0.169264 0.391414 0.064435
v 0.167593 0.382664 0.065691
v 0.174411 0.389203 0.057564
v 0.161945 0.350798 0.067147
v 0.161947 0.359428 0.069413
v 0.159978 0.358592 0.072606
v 0.155310 0.344204 0.074584
v 0.176935 0.399969 0.055483
v 0.174087 0.398403 0.058369
v 0.180721 0.399616 0.051844
v 0.180696 0.387842 0.051703
v 0.184390 0.394470 0.048162
v 0.183138 0.386415 0.049031
v 0.179163 0.379773 0.052623
v 0.183346 0.384507 0.047627
v 0.181123 0.376289 0.047513
v 0.182361 0.379448 0.046980
v 0.173057 0.381241 0.058714
v 0.173657 0.374018 0.057769
v 0.172895 0.429130 0.051311
v 0.176003 0.423124 0.050580
v 0.175881 0.432417 0.047696
v 0.165580 0.358467 0.063172
v 0.164113 0.358861 0.066558
v 0.166534 0.352088 0.056716
v 0.166559 0.355427 0.059029
v 0.161654 0.343358 0.060600
v 0.165010 0.347474 0.056549
v 0.160840 0.340268 0.060489
v 0.172292 0.421625 0.054648
v 0.174140 0.414273 0.055308
v 0.162019 0.384101 0.072580
v 0.160595 0.375398 0.074742
v 0.157554 0.360584 0.075070
v 0.152045 0.348686 0.079582
v 0.151258 0.342583 0.078783
v 0.144243 0.359934 0.089342
v 0.155100 0.374112 0.079786
v 0.156803 0.395960 0.075342
v 0.177356 0.372828 0.051734
v 0.171963 0.441857 0.046387
v 0.152239 0.338719 0.076501
v 0.153454 0.336223 0.073293
v 0.136632 0.387711 0.091564
v 0.138238 0.366823 0.094940
v 0.135716 0.369004 0.095945
v 0.026495 0.343793 0.124635
v 0.025853 0.333346 0.124820
v 0.035154 0.341264 0.124778
v 0.018790 0.326136 0.124929
v 0.020603 0.335776 0.124779
v 0.025298 0.317267 0.125109
v 0.025547 0.325306 0.124936
v 0.024849 0.310024 0.125478
v 0.033930 0.317121 0.124726
v 0.024576 0.293135 0.126792
v 0.022196 0.301217 0.125939
v 0.018249 0.298790 0.126250
v 0.015804 0.293980 0.126755
v 0.024378 0.285098 0.127587
v 0.033002 0.293008 0.126388
v 0.017386 0.282718 0.127874
v 0.018598 0.289138 0.127164
v 0.033623 0.309077 0.125012
v 0.032908 0.300227 0.125450
v 0.042269 0.308875 0.124404
v 0.031851 0.282727 0.127466
v 0.035209 0.284479 0.126711
v 0.034462 0.349389 0.124635
v 0.044205 0.341102 0.124763
v 0.034741 0.333198 0.124657
v 0.034430 0.325167 0.124874
v 0.033919 0.296171 0.125824
v 0.025616 0.301233 0.126008
v 0.028466 0.278870 0.128201
v 0.038993 0.297335 0.125086
v 0.047594 0.300005 0.124102
v 0.038309 0.273787 0.127768
v 0.040661 0.268658 0.128108
v 0.043272 0.274064 0.127095
v 0.048672 0.260335 0.127952
v 0.052947 0.267448 0.126572
v 0.048882 0.268388 0.127023
v 0.049801 0.292537 0.124409
v 0.048676 0.296587 0.124129
v 0.047350 0.295228 0.124406
v 0.047732 0.254054 0.128700
v 0.051831 0.257815 0.127797
v 0.043697 0.351992 0.124547
v 0.053176 0.340927 0.124763
v 0.053715 0.349039 0.125215
v 0.052629 0.332827 0.124400
v 0.062198 0.340581 0.124068
v 0.043672 0.333012 0.124425
v 0.043333 0.324978 0.124468
v 0.052066 0.324774 0.124240
v 0.042612 0.316918 0.124113
v 0.051325 0.316717 0.123642
v 0.050821 0.308663 0.123704
v 0.044950 0.275434 0.126704
v 0.041220 0.254373 0.129603
v 0.038008 0.258803 0.129554
v 0.032025 0.268135 0.129342
v 0.034980 0.272261 0.128422
v 0.033408 0.261650 0.129863
v 0.032054 0.263306 0.129871
v 0.071385 0.344130 0.122425
v 0.063696 0.349719 0.123832
v 0.070311 0.332020 0.121996
v 0.075027 0.339083 0.121741
v 0.061564 0.332504 0.123712
v 0.060775 0.324465 0.123281
v 0.069485 0.323968 0.121670
v 0.076455 0.325991 0.120577
v 0.068640 0.315942 0.121270
v 0.060054 0.316435 0.122987
v 0.069528 0.310236 0.120325
v 0.059303 0.308402 0.122908
v 0.066978 0.299874 0.121104
v 0.069215 0.308638 0.120407
v 0.058673 0.300354 0.123077
v 0.066172 0.291819 0.121302
v 0.057745 0.284242 0.124354
v 0.058136 0.292298 0.123514
v 0.076373 0.310439 0.119121
v 0.075219 0.299393 0.119093
v 0.090206 0.308904 0.116040
v 0.066604 0.284015 0.121896
v 0.074282 0.291332 0.119150
v 0.076993 0.330833 0.120812
v 0.079450 0.319355 0.119638
v 0.075873 0.313174 0.119442
v 0.071542 0.304858 0.119995
v 0.076358 0.295268 0.118774
v 0.094893 0.322167 0.115449
v 0.096834 0.327672 0.115410
v 0.093859 0.330238 0.117098
v 0.090538 0.290274 0.114832
v 0.091477 0.294078 0.113821
v 0.090007 0.293837 0.114731
v 0.090455 0.330559 0.118330
v 0.086887 0.322957 0.118759
v 0.093603 0.314230 0.114725
v 0.084597 0.282467 0.116790
v 0.083713 0.293749 0.117142
v 0.090321 0.281882 0.114565
v 0.097659 0.289532 0.110308
v 0.099322 0.298647 0.109504
v 0.094781 0.297538 0.112024
v 0.104220 0.294536 0.106713
v 0.102153 0.297455 0.107906
v 0.096660 0.281517 0.110631
v 0.103621 0.288110 0.106937
v 0.104145 0.281558 0.106411
v 0.104684 0.284752 0.106220
v 0.097066 0.276599 0.110740
v 0.102078 0.321939 0.111899
v 0.097839 0.324493 0.114529
v 0.103788 0.317237 0.110205
v 0.096738 0.308994 0.112407
v 0.101646 0.312606 0.110597
v 0.081559 0.316003 0.118743
v 0.083335 0.325590 0.119504
v 0.085684 0.314934 0.118204
v 0.078618 0.282985 0.118503
v 0.077013 0.293592 0.118515
v 0.052318 0.285195 0.124732
v 0.052192 0.283583 0.124882
v 0.059788 0.275824 0.124660
v 0.056538 0.352398 0.124528
v 0.086757 0.329163 0.119123
v 0.086984 0.293829 0.116221
v 0.087643 0.282211 0.116074
v 0.117633 0.304388 0.101025
v 0.116201 0.297436 0.101236
v 0.123371 0.302690 0.096217
v 0.125091 0.307482 0.095891
v 0.122732 0.309208 0.098268
v 0.120016 0.287003 0.095950
v 0.119698 0.278738 0.095943
v 0.124520 0.283893 0.091584
v 0.118793 0.307454 0.100729
v 0.115186 0.290161 0.100442
v 0.117302 0.291129 0.098496
v 0.115425 0.280391 0.099965
v 0.114031 0.287034 0.101358
v 0.124444 0.295517 0.092744
v 0.127429 0.302093 0.091976
v 0.126668 0.302786 0.093489
v 0.138234 0.327901 0.090519
v 0.139228 0.316301 0.084860
v 0.143465 0.326912 0.083015
v 0.133827 0.317250 0.091744
v 0.137154 0.308595 0.084474
v 0.131630 0.309518 0.091038
v 0.134970 0.300909 0.083999
v 0.127172 0.314267 0.095665
v 0.126911 0.306204 0.093994
v 0.128034 0.309270 0.093941
v 0.127596 0.291541 0.089063
v 0.123654 0.290202 0.092975
v 0.128149 0.319013 0.095883
v 0.130905 0.323492 0.094857
v 0.133032 0.293146 0.083778
v 0.137622 0.288123 0.076067
v 0.138177 0.289629 0.075322
v 0.145869 0.323168 0.077513
v 0.148249 0.326042 0.075479
v 0.143713 0.315436 0.077080
v 0.150381 0.322732 0.070828
v 0.139377 0.299996 0.076476
v 0.141481 0.290803 0.070210
v 0.144126 0.299066 0.068437
v 0.138180 0.278436 0.074317
v 0.132677 0.286448 0.083622
v 0.146878 0.301977 0.065612
v 0.148705 0.295502 0.059265
v 0.149438 0.298635 0.059767
v 0.143299 0.290650 0.067313
v 0.145775 0.288437 0.063149
v 0.148556 0.292282 0.059153
v 0.142610 0.273860 0.064861
v 0.143512 0.284862 0.066402
v 0.140876 0.283993 0.070993
v 0.148530 0.314470 0.069631
v 0.151461 0.317949 0.066824
v 0.144115 0.299790 0.068850
v 0.150710 0.313173 0.065564
v 0.138794 0.273253 0.071719
v 0.141200 0.271894 0.067515
v 0.141720 0.307699 0.076762
v 0.128260 0.302769 0.091419
v 0.115276 0.299876 0.101923
v 0.116013 0.303015 0.102013
v 0.149322 0.301007 0.061213
v 0.145140 0.283183 0.062858
v 0.145312 0.279827 0.061693
v 0.100770 0.250410 0.110645
v 0.107001 0.241624 0.106613
v 0.107596 0.249680 0.106148
v 0.101160 0.262478 0.109308
v 0.107925 0.257722 0.105269
v 0.096486 0.251675 0.113375
v 0.100242 0.242353 0.111191
v 0.099697 0.234277 0.111460
v 0.098264 0.201965 0.112682
v 0.103392 0.211215 0.109435
v 0.096645 0.212075 0.113663
v 0.091622 0.206685 0.116618
v 0.093385 0.196774 0.115571
v 0.091008 0.203483 0.116900
v 0.092059 0.192025 0.116220
v 0.098150 0.193905 0.113231
v 0.096971 0.185366 0.113570
v 0.102635 0.185236 0.110590
v 0.105036 0.201281 0.108466
v 0.109890 0.205662 0.105248
v 0.106737 0.206774 0.107238
v 0.105060 0.193238 0.109253
v 0.108472 0.192172 0.107259
v 0.113974 0.240902 0.102307
v 0.114866 0.248962 0.102200
v 0.113085 0.232840 0.102413
v 0.106354 0.233560 0.106911
v 0.106003 0.225487 0.107371
v 0.112686 0.224774 0.102862
v 0.111856 0.200598 0.104337
v 0.109528 0.270460 0.103693
v 0.115480 0.265005 0.100192
v 0.118281 0.274338 0.097796
v 0.115330 0.256990 0.101416
v 0.104964 0.219941 0.108348
v 0.112438 0.216725 0.103490
v 0.108702 0.208887 0.106065
v 0.105455 0.215039 0.108244
v 0.121305 0.264134 0.094394
v 0.121402 0.274715 0.093727
v 0.113891 0.182411 0.104720
v 0.118628 0.175771 0.102366
v 0.119497 0.182670 0.101549
v 0.114724 0.167360 0.104489
v 0.118295 0.167700 0.102635
v 0.123085 0.166855 0.096190
v 0.125600 0.172665 0.092581
v 0.123292 0.174894 0.095725
v 0.123815 0.162749 0.095549
v 0.125138 0.165710 0.093605
v 0.124169 0.199054 0.094275
v 0.125926 0.191485 0.092467
v 0.129149 0.198200 0.088060
v 0.123532 0.182960 0.095347
v 0.128506 0.190151 0.088409
v 0.121178 0.183848 0.098605
v 0.127255 0.271242 0.087328
v 0.124853 0.275250 0.090007
v 0.126294 0.255260 0.089271
v 0.126852 0.263252 0.088292
v 0.121061 0.256139 0.095505
v 0.125401 0.247254 0.089759
v 0.120390 0.240117 0.097328
v 0.120811 0.248145 0.096677
v 0.119811 0.232086 0.097809
v 0.125000 0.239226 0.090426
v 0.119335 0.224044 0.098275
v 0.124678 0.231187 0.091070
v 0.119046 0.215997 0.098861
v 0.124418 0.223140 0.091686
v 0.121359 0.210525 0.095944
v 0.124104 0.215108 0.092401
v 0.118665 0.199908 0.100184
v 0.123289 0.204801 0.094471
v 0.117381 0.205318 0.100887
v 0.120048 0.192485 0.099454
v 0.120688 0.160686 0.099960
v 0.119539 0.210490 0.098792
v 0.116475 0.192936 0.102275
v 0.109894 0.172524 0.106905
v 0.110057 0.177366 0.106711
v 0.132176 0.262367 0.082147
v 0.136128 0.253509 0.076367
v 0.137079 0.261495 0.075688
v 0.130500 0.246370 0.083373
v 0.131050 0.254386 0.082681
v 0.130166 0.238333 0.084022
v 0.135697 0.245479 0.077004
v 0.129897 0.230289 0.084657
v 0.135324 0.237464 0.077815
v 0.134719 0.221452 0.079657
v 0.135037 0.229461 0.078775
v 0.129492 0.214275 0.086611
v 0.129522 0.222284 0.085557
v 0.129295 0.206228 0.087226
v 0.134517 0.213415 0.080366
v 0.134119 0.205382 0.080999
v 0.133488 0.197340 0.081460
v 0.138462 0.204507 0.074386
v 0.135988 0.189888 0.079001
v 0.138136 0.196460 0.075042
v 0.140730 0.244601 0.070765
v 0.144066 0.250985 0.063655
v 0.141099 0.252601 0.069849
v 0.140322 0.236602 0.071658
v 0.143710 0.239731 0.064503
v 0.144895 0.231267 0.061744
v 0.144577 0.236269 0.062841
v 0.139923 0.228612 0.072628
v 0.143592 0.225096 0.064181
v 0.142355 0.211570 0.066374
v 0.138959 0.212548 0.073810
v 0.141345 0.201262 0.068447
v 0.141654 0.195471 0.067786
v 0.138003 0.269706 0.073852
v 0.133234 0.270338 0.081568
v 0.141662 0.262914 0.068186
v 0.139589 0.220583 0.073318
v 0.126645 0.175788 0.091085
v 0.151568 0.250064 0.048490
v 0.151312 0.241744 0.048742
v 0.154930 0.249219 0.041309
v 0.148343 0.243357 0.054914
v 0.149292 0.246359 0.053077
v 0.150801 0.233740 0.049639
v 0.154791 0.240767 0.041556
v 0.148340 0.233582 0.054583
v 0.150298 0.225724 0.050589
v 0.144816 0.186901 0.062165
v 0.148935 0.193487 0.053692
v 0.145259 0.194479 0.060667
v 0.156367 0.242651 0.037646
v 0.152504 0.192477 0.046665
v 0.152613 0.183843 0.044931
v 0.154125 0.191343 0.038794
v 0.154264 0.232762 0.042514
v 0.152565 0.222825 0.045983
v 0.146310 0.218645 0.058475
v 0.144169 0.224274 0.062962
v 0.153500 0.197873 0.044600
v 0.151294 0.184632 0.049511
v 0.157063 0.231644 0.034849
v 0.157634 0.241971 0.034125
v 0.158603 0.231722 0.029727
v 0.158846 0.236745 0.030604
v 0.155772 0.203965 0.035401
v 0.156372 0.198278 0.030413
v 0.157229 0.203360 0.027680
v 0.154159 0.198980 0.040548
v 0.157774 0.191739 0.024042
v 0.158264 0.196304 0.022507
v 0.155945 0.190229 0.031016
v 0.155801 0.182332 0.031845
v 0.157601 0.188507 0.024674
v 0.157529 0.179101 0.025763
v 0.157940 0.181999 0.023827
v 0.157895 0.201786 0.024655
v 0.154800 0.176904 0.036242
v 0.156031 0.222978 0.036693
v 0.142831 0.219599 0.065598
v 0.133762 0.273608 0.080386
v 0.151012 0.221253 0.048973
v 0.099218 0.227023 0.111953
v 0.095743 0.237142 0.114170
v 0.118431 0.192734 0.101095
v 0.117790 0.162133 0.103407
v 0.157381 0.225648 0.032993
v 0.125759 0.168798 0.092569
v 0.007243 0.181128 0.133720
v 0.008075 0.190206 0.133595
v 0.005457 0.185988 0.133666
v 0.008789 0.219896 0.132968
v 0.015432 0.220647 0.132820
v 0.012740 0.227952 0.132669
v 0.008582 0.210199 0.133358
v 0.015381 0.212564 0.133109
v 0.012073 0.202085 0.133397
v 0.015258 0.204485 0.133447
v 0.015187 0.180277 0.134455
v 0.012873 0.191825 0.133461
v 0.007368 0.174665 0.133745
v 0.018028 0.233380 0.132432
v 0.023657 0.228673 0.132479
v 0.027875 0.238234 0.132315
v 0.023516 0.220577 0.132670
v 0.023318 0.204417 0.133397
v 0.023443 0.212495 0.132977
v 0.018012 0.197185 0.133439
v 0.020791 0.187084 0.134065
v 0.016053 0.191063 0.133637
v 0.016013 0.171948 0.134374
v 0.020730 0.176558 0.134717
v 0.031249 0.196268 0.133572
v 0.033352 0.190539 0.133558
v 0.039138 0.195942 0.132208
v 0.030839 0.156040 0.137021
v 0.037688 0.161043 0.134218
v 0.030908 0.164055 0.136284
v 0.031792 0.228602 0.132473
v 0.036023 0.238909 0.131433
v 0.039766 0.228283 0.131060
v 0.044092 0.237507 0.130266
v 0.031638 0.220511 0.132536
v 0.031377 0.204347 0.133203
v 0.027189 0.189198 0.134042
v 0.023263 0.196335 0.133548
v 0.031081 0.180160 0.134972
v 0.034051 0.187284 0.133654
v 0.030804 0.187313 0.134437
v 0.023113 0.180222 0.134805
v 0.027458 0.187234 0.134216
v 0.029018 0.176327 0.135239
v 0.023749 0.153824 0.136409
v 0.022248 0.165683 0.135346
v 0.026895 0.149515 0.137028
v 0.031506 0.212426 0.132845
v 0.021211 0.190705 0.133763
v 0.019878 0.163308 0.135343
v 0.039629 0.220200 0.131317
v 0.047614 0.219885 0.130083
v 0.047755 0.227969 0.129830
v 0.039413 0.212100 0.131523
v 0.047361 0.211777 0.130242
v 0.039284 0.204022 0.131884
v 0.047191 0.203689 0.130558
v 0.047024 0.195606 0.130827
v 0.052001 0.199443 0.129892
v 0.038916 0.187863 0.132364
v 0.046693 0.187508 0.130545
v 0.054327 0.179089 0.129198
v 0.057859 0.184598 0.128419
v 0.054567 0.187172 0.129105
v 0.052518 0.195294 0.129736
v 0.054086 0.195102 0.129435
v 0.046645 0.179456 0.131474
v 0.048824 0.234698 0.129604
v 0.055672 0.226859 0.128668
v 0.057333 0.213815 0.128645
v 0.057468 0.221926 0.128500
v 0.059742 0.208849 0.128339
v 0.057435 0.201827 0.128825
v 0.038687 0.171753 0.133662
v 0.048828 0.174172 0.130955
v 0.067171 0.217006 0.126028
v 0.070706 0.210600 0.124699
v 0.070155 0.216977 0.124856
v 0.062366 0.205152 0.128170
v 0.063082 0.213576 0.127666
v 0.069531 0.197294 0.125321
v 0.070458 0.202494 0.124872
v 0.069497 0.178211 0.124633
v 0.068912 0.182291 0.125002
v 0.063818 0.183084 0.127160
v 0.062110 0.178731 0.127421
v 0.078000 0.187321 0.121807
v 0.076908 0.177693 0.121923
v 0.082221 0.184622 0.120137
v 0.083377 0.181294 0.119583
v 0.078948 0.166199 0.121810
v 0.082814 0.170009 0.120185
v 0.073084 0.215148 0.123722
v 0.074819 0.211122 0.123078
v 0.079288 0.207557 0.121355
v 0.077403 0.209978 0.122074
v 0.073992 0.197591 0.123482
v 0.077933 0.199531 0.121939
v 0.068631 0.171457 0.125257
v 0.062756 0.194922 0.127877
v 0.060156 0.187750 0.128410
v 0.058410 0.183792 0.128416
v 0.033177 0.176150 0.135248
v 0.038847 0.179813 0.133179
v 0.037194 0.175861 0.133890
v 0.030182 0.167695 0.136165
v 0.043143 0.167593 0.132258
v 0.018663 0.160094 0.135451
v 0.020607 0.155349 0.135964
v 0.036953 0.153355 0.135192
v 0.033051 0.149375 0.136902
v 0.031573 0.149035 0.137605
v 0.030017 0.148631 0.137543
v 0.082365 0.176504 0.119978
v 0.079854 0.202643 0.121179
v 0.059813 0.205599 0.128376
v 0.092094 0.411632 0.087718
v 0.089994 0.403182 0.092063
v 0.088352 0.409662 0.089581
v 0.097221 0.411547 0.086452
v 0.098601 0.402735 0.090130
v 0.097652 0.395540 0.093654
v 0.088929 0.395942 0.095623
v 0.094072 0.390350 0.096907
v 0.085396 0.373305 0.105291
v 0.086168 0.367470 0.106823
v 0.079723 0.368691 0.108297
v 0.086443 0.407079 0.091223
v 0.086134 0.404099 0.092618
v 0.081981 0.401173 0.095014
v 0.080190 0.398505 0.096672
v 0.079869 0.394145 0.098724
v 0.083867 0.390041 0.099560
v 0.079907 0.364091 0.109005
v 0.097401 0.371436 0.102101
v 0.103155 0.366552 0.101035
v 0.094590 0.367022 0.104019
v 0.094137 0.359683 0.105485
v 0.099017 0.350585 0.104786
v 0.093748 0.351937 0.106427
v 0.094463 0.348229 0.106610
v 0.087496 0.349072 0.108889
v 0.109363 0.374558 0.097324
v 0.100779 0.372030 0.100805
v 0.103568 0.357902 0.102350
v 0.104116 0.400317 0.090204
v 0.104997 0.395742 0.092479
v 0.098695 0.389575 0.096174
v 0.092329 0.373035 0.103100
v 0.083147 0.359830 0.109568
v 0.082717 0.355523 0.109745
v 0.084273 0.351854 0.109667
v 0.126836 0.448712 0.055502
v 0.125819 0.437172 0.062182
v 0.120542 0.445323 0.060026
v 0.116940 0.430604 0.069248
v 0.124055 0.422690 0.070486
v 0.116054 0.423312 0.073360
v 0.123307 0.415275 0.074627
v 0.115158 0.415932 0.077546
v 0.122231 0.408623 0.078901
v 0.114412 0.408956 0.081722
v 0.120765 0.399825 0.083659
v 0.115645 0.399405 0.085899
v 0.112084 0.388013 0.091595
v 0.119691 0.378146 0.091680
v 0.109200 0.383816 0.094531
v 0.119166 0.372830 0.092300
v 0.117860 0.377297 0.092118
v 0.118107 0.363084 0.094883
v 0.111119 0.365677 0.098262
v 0.129157 0.393791 0.081779
v 0.129313 0.387672 0.084008
v 0.126471 0.386757 0.085361
v 0.135289 0.449425 0.050044
v 0.133314 0.443648 0.055721
v 0.139378 0.435991 0.056310
v 0.133094 0.436764 0.059942
v 0.138706 0.428829 0.060497
v 0.132255 0.429634 0.064018
v 0.138079 0.421688 0.064829
v 0.131638 0.422261 0.068164
v 0.137382 0.415147 0.068916
v 0.131091 0.415166 0.072319
v 0.129704 0.408644 0.076045
v 0.136518 0.407881 0.071915
v 0.136498 0.400245 0.075410
v 0.129383 0.401288 0.078945
v 0.136094 0.393523 0.078710
v 0.132955 0.380751 0.083427
v 0.127450 0.379347 0.086499
v 0.125360 0.385831 0.086360
v 0.124994 0.429890 0.066340
v 0.121659 0.396980 0.083477
v 0.119908 0.389804 0.087127
v 0.127315 0.371514 0.088254
v 0.114598 0.439203 0.065620
v 0.110547 0.431918 0.071230
v 0.108897 0.418613 0.078667
v 0.110197 0.412612 0.081254
v 0.108152 0.408419 0.084222
v 0.110932 0.400902 0.086953
v 0.107942 0.405729 0.085676
v 0.110434 0.396048 0.089749
v 0.106033 0.359101 0.101252
v 0.135483 0.384877 0.080634
v 0.131429 0.385869 0.083225
v 0.143770 0.399334 0.071207
v 0.149476 0.393458 0.069049
v 0.142867 0.392805 0.073849
v 0.147859 0.386542 0.071043
v 0.140874 0.383089 0.077216
v 0.138568 0.385683 0.078191
v 0.141331 0.377470 0.078024
v 0.134554 0.371048 0.085080
v 0.142459 0.370837 0.077904
v 0.133770 0.364652 0.085601
v 0.132485 0.366337 0.086775
v 0.139405 0.363161 0.080699
v 0.141038 0.356427 0.078635
v 0.137641 0.360683 0.081869
v 0.159110 0.444582 0.039460
v 0.161364 0.433433 0.044252
v 0.155187 0.440977 0.043973
v 0.154442 0.433977 0.048168
v 0.160466 0.426570 0.048439
v 0.153744 0.427056 0.052465
v 0.159788 0.419792 0.052010
v 0.152944 0.420307 0.056236
v 0.158867 0.412500 0.055269
v 0.152136 0.413078 0.059493
v 0.151604 0.405409 0.063102
v 0.144095 0.406479 0.067355
v 0.149013 0.448544 0.042999
v 0.147680 0.441763 0.047905
v 0.146869 0.434900 0.052122
v 0.146132 0.427763 0.056323
v 0.145290 0.420967 0.060638
v 0.144629 0.414205 0.064163
v 0.150600 0.398847 0.066824
v 0.147903 0.376526 0.072379
v 0.142880 0.371811 0.077272
v 0.145260 0.362249 0.074957
v 0.143650 0.352403 0.074377
v 0.156613 0.398735 0.061525
v 0.156475 0.392333 0.062358
v 0.149976 0.394537 0.068176
v 0.150365 0.346282 0.062069
v 0.147788 0.337860 0.062387
v 0.145000 0.339064 0.068771
v 0.158018 0.405262 0.058837
v 0.163654 0.401066 0.054673
v 0.162944 0.398522 0.055607
v 0.161519 0.391685 0.058116
v 0.159748 0.382981 0.059498
v 0.154890 0.383370 0.065606
v 0.153750 0.360884 0.063874
v 0.153413 0.353352 0.062600
v 0.152061 0.359916 0.066643
v 0.149171 0.353634 0.068528
v 0.147277 0.346549 0.069111
v 0.169900 0.400246 0.048382
v 0.167036 0.389514 0.050818
v 0.166726 0.398671 0.051606
v 0.173776 0.399786 0.044651
v 0.173650 0.388159 0.044614
v 0.175441 0.387507 0.042741
v 0.171362 0.381344 0.046568
v 0.174911 0.386868 0.042802
v 0.172870 0.378951 0.042533
v 0.169285 0.375549 0.046494
v 0.165637 0.381583 0.052019
v 0.166074 0.375069 0.051336
v 0.161935 0.378180 0.056432
v 0.166940 0.426032 0.043899
v 0.169443 0.420689 0.043437
v 0.166019 0.419021 0.047309
v 0.156645 0.360675 0.059262
v 0.155492 0.360717 0.061843
v 0.157634 0.354933 0.053153
v 0.157639 0.358017 0.055324
v 0.153033 0.346566 0.056678
v 0.152100 0.342742 0.056308
v 0.149757 0.339266 0.059132
v 0.167771 0.411885 0.047978
v 0.163128 0.403692 0.054327
v 0.148351 0.385653 0.070942
v 0.153538 0.374808 0.067682
v 0.149897 0.361471 0.068700
v 0.144565 0.350172 0.073114
v 0.143839 0.344431 0.072338
v 0.140170 0.442671 0.052009
v 0.148554 0.373128 0.072291
v 0.146567 0.366346 0.073887
v 0.167060 0.438048 0.038548
v 0.170204 0.429171 0.040131
v 0.144377 0.341109 0.070803
v 0.131326 0.367378 0.087109
v 0.026556 0.343615 0.114637
v 0.025830 0.333208 0.114821
v 0.020637 0.335610 0.114781
v 0.018763 0.325943 0.114931
v 0.025089 0.316982 0.115116
v 0.021418 0.314487 0.115227
v 0.024414 0.309562 0.115499
v 0.022215 0.300173 0.115994
v 0.024301 0.292133 0.116847
v 0.018234 0.297796 0.116300
v 0.015755 0.293036 0.116800
v 0.018485 0.288134 0.117216
v 0.024056 0.284027 0.117650
v 0.017356 0.281607 0.117936
v 0.032954 0.308670 0.115043
v 0.032076 0.299846 0.115492
v 0.030207 0.304792 0.115450
v 0.032113 0.292047 0.116474
v 0.031161 0.281694 0.117544
v 0.034596 0.349213 0.114638
v 0.035149 0.341216 0.114779
v 0.034577 0.333241 0.114659
v 0.034127 0.325212 0.114879
v 0.025435 0.325154 0.114938
v 0.033433 0.317011 0.114739
v 0.032967 0.295192 0.115918
v 0.025324 0.300177 0.116069
v 0.028111 0.277659 0.118281
v 0.021601 0.277182 0.118431
v 0.041502 0.308671 0.114436
v 0.038075 0.297008 0.115134
v 0.037007 0.272538 0.117933
v 0.039335 0.267500 0.118265
v 0.033656 0.271070 0.118582
v 0.051605 0.266309 0.116728
v 0.047333 0.259277 0.118099
v 0.047546 0.267248 0.117179
v 0.047702 0.295896 0.114201
v 0.048732 0.291625 0.114509
v 0.046235 0.294312 0.114511
v 0.046416 0.253076 0.118836
v 0.043105 0.252557 0.119345
v 0.043967 0.351599 0.114559
v 0.044252 0.341242 0.114765
v 0.052763 0.341351 0.114781
v 0.053314 0.348376 0.115245
v 0.052141 0.333188 0.114419
v 0.043440 0.333145 0.114429
v 0.043008 0.325174 0.114476
v 0.051405 0.325218 0.114272
v 0.050589 0.316963 0.113673
v 0.042060 0.317055 0.114130
v 0.049965 0.308603 0.113741
v 0.046703 0.299741 0.114146
v 0.041947 0.272855 0.117258
v 0.036663 0.257737 0.119703
v 0.039853 0.253353 0.119750
v 0.034195 0.283569 0.116805
v 0.030689 0.266979 0.119500
v 0.032067 0.260571 0.120013
v 0.030715 0.262195 0.120024
v 0.069609 0.344172 0.112585
v 0.060897 0.340932 0.114160
v 0.062306 0.349717 0.113929
v 0.068619 0.332681 0.112163
v 0.060278 0.333072 0.113812
v 0.059308 0.325101 0.113410
v 0.067723 0.324574 0.111845
v 0.066672 0.316790 0.111503
v 0.058582 0.316946 0.113110
v 0.067312 0.310943 0.110600
v 0.057689 0.308513 0.113040
v 0.064579 0.299821 0.111397
v 0.056997 0.300149 0.113221
v 0.063587 0.291392 0.111652
v 0.056355 0.291667 0.113694
v 0.063911 0.283159 0.112304
v 0.055929 0.283331 0.114563
v 0.074364 0.311092 0.109347
v 0.072992 0.299530 0.109346
v 0.069354 0.304874 0.110238
v 0.071852 0.291060 0.109454
v 0.075373 0.331531 0.110969
v 0.073297 0.339584 0.111905
v 0.077666 0.320253 0.109840
v 0.073942 0.314543 0.109727
v 0.092884 0.329000 0.106320
v 0.090921 0.323596 0.106384
v 0.090190 0.331543 0.107888
v 0.086278 0.293530 0.105297
v 0.086044 0.290040 0.105902
v 0.085132 0.292928 0.106048
v 0.087258 0.331634 0.108916
v 0.084401 0.323984 0.109128
v 0.089380 0.315384 0.105735
v 0.083265 0.316154 0.108578
v 0.081892 0.282347 0.107164
v 0.081088 0.293805 0.107493
v 0.091476 0.281432 0.102080
v 0.085193 0.282112 0.105984
v 0.094447 0.298766 0.100774
v 0.092635 0.289672 0.101663
v 0.089906 0.297657 0.103294
v 0.099335 0.294673 0.097989
v 0.097273 0.297583 0.099179
v 0.098734 0.288329 0.098215
v 0.099235 0.281864 0.097705
v 0.099787 0.285039 0.097506
v 0.091762 0.275974 0.102286
v 0.097729 0.323465 0.103025
v 0.099422 0.318678 0.101325
v 0.092166 0.310160 0.103591
v 0.086914 0.309666 0.106629
v 0.080064 0.317310 0.108942
v 0.081874 0.326307 0.109638
v 0.076177 0.282645 0.108812
v 0.074614 0.293683 0.108808
v 0.051346 0.284325 0.114818
v 0.051120 0.282703 0.114979
v 0.058104 0.274822 0.114854
v 0.043649 0.274321 0.116852
v 0.055646 0.351127 0.114650
v 0.073975 0.295459 0.109064
v 0.066858 0.308549 0.110690
v 0.084657 0.329692 0.109361
v 0.083837 0.294385 0.106746
v 0.083865 0.282302 0.106816
v 0.111665 0.305759 0.093119
v 0.110024 0.298919 0.093513
v 0.109294 0.300948 0.093982
v 0.118777 0.309234 0.088337
v 0.117057 0.304656 0.088716
v 0.116669 0.310967 0.090513
v 0.113310 0.287375 0.088542
v 0.112854 0.279007 0.088657
v 0.110427 0.279022 0.090918
v 0.112875 0.309216 0.092864
v 0.108453 0.290375 0.093052
v 0.107300 0.287231 0.093966
v 0.108696 0.280573 0.092571
v 0.120813 0.304178 0.084773
v 0.117795 0.297849 0.085648
v 0.120124 0.304970 0.086250
v 0.131056 0.329938 0.083861
v 0.131351 0.318702 0.079187
v 0.127241 0.319266 0.084494
v 0.129437 0.311170 0.078659
v 0.124962 0.311992 0.084009
v 0.127323 0.303193 0.077973
v 0.121485 0.305069 0.084433
v 0.121439 0.316142 0.087689
v 0.121905 0.311627 0.086399
v 0.120542 0.308799 0.086735
v 0.120558 0.292688 0.082052
v 0.117625 0.284346 0.084356
v 0.116830 0.290745 0.085686
v 0.122637 0.320525 0.087678
v 0.110601 0.291435 0.091080
v 0.125323 0.294479 0.077551
v 0.129248 0.288655 0.070628
v 0.124847 0.286986 0.077426
v 0.140312 0.328766 0.070041
v 0.137832 0.325766 0.072160
v 0.135502 0.329336 0.077473
v 0.142394 0.325330 0.065401
v 0.135593 0.317869 0.071774
v 0.131131 0.302187 0.071261
v 0.133007 0.292349 0.065130
v 0.129803 0.290930 0.070014
v 0.129626 0.279432 0.069234
v 0.141295 0.301361 0.054643
v 0.135768 0.301112 0.063343
v 0.138735 0.304703 0.060488
v 0.134778 0.291920 0.062235
v 0.140111 0.292856 0.053828
v 0.140315 0.297157 0.054081
v 0.134807 0.286206 0.061667
v 0.133892 0.274919 0.060078
v 0.132310 0.285033 0.065940
v 0.143351 0.320555 0.061586
v 0.140465 0.317066 0.064320
v 0.135991 0.302538 0.063707
v 0.133561 0.310261 0.071578
v 0.130061 0.274140 0.066929
v 0.132477 0.271538 0.062638
v 0.130844 0.271686 0.065559
v 0.109892 0.304674 0.094282
v 0.125312 0.324944 0.086696
v 0.141179 0.303733 0.056088
v 0.136328 0.284324 0.058270
v 0.136600 0.281157 0.056968
v 0.095277 0.249977 0.102300
v 0.101606 0.241716 0.098194
v 0.094732 0.242281 0.102847
v 0.095739 0.261895 0.100926
v 0.091042 0.251215 0.105000
v 0.090166 0.237095 0.105870
v 0.094035 0.234247 0.103218
v 0.098024 0.211159 0.100999
v 0.093155 0.201725 0.104090
v 0.091450 0.212085 0.105119
v 0.086561 0.206756 0.107994
v 0.086023 0.203414 0.108232
v 0.088672 0.196633 0.106753
v 0.093360 0.193755 0.104455
v 0.087625 0.192141 0.107258
v 0.092356 0.185651 0.104703
v 0.089681 0.187511 0.106128
v 0.104663 0.205314 0.096731
v 0.099764 0.200805 0.099983
v 0.101281 0.206536 0.098862
v 0.103255 0.191347 0.098768
v 0.099996 0.192723 0.100646
v 0.102378 0.249346 0.097624
v 0.108283 0.241118 0.094088
v 0.107450 0.232873 0.094153
v 0.100791 0.233544 0.098601
v 0.100385 0.225201 0.099103
v 0.093568 0.226832 0.103705
v 0.107034 0.224464 0.094619
v 0.106651 0.200013 0.095819
v 0.104175 0.270032 0.095258
v 0.109270 0.264455 0.092374
v 0.102756 0.257045 0.096736
v 0.109365 0.256152 0.093434
v 0.099359 0.219551 0.100076
v 0.106813 0.216385 0.095230
v 0.099919 0.214738 0.099922
v 0.103217 0.208755 0.097705
v 0.097926 0.185342 0.101769
v 0.111426 0.274237 0.090517
v 0.113911 0.263730 0.087674
v 0.109192 0.182187 0.095896
v 0.112125 0.175768 0.094770
v 0.105441 0.177166 0.097843
v 0.111747 0.167473 0.095078
v 0.106792 0.169002 0.097318
v 0.117533 0.172565 0.086658
v 0.115019 0.166702 0.090228
v 0.115157 0.174876 0.089910
v 0.115716 0.162502 0.089574
v 0.112643 0.160462 0.093926
v 0.116574 0.198462 0.087797
v 0.117856 0.191617 0.086564
v 0.112613 0.191907 0.092792
v 0.115353 0.183003 0.089594
v 0.112840 0.183798 0.093085
v 0.112435 0.182593 0.094470
v 0.113973 0.274596 0.087034
v 0.119948 0.270959 0.080508
v 0.118455 0.255252 0.083063
v 0.113605 0.255661 0.088858
v 0.117372 0.247263 0.083799
v 0.113311 0.248027 0.090065
v 0.113084 0.240228 0.090501
v 0.116961 0.239143 0.084479
v 0.112774 0.232113 0.090704
v 0.116737 0.231067 0.084993
v 0.112418 0.223837 0.091057
v 0.116615 0.222868 0.085438
v 0.112163 0.215689 0.091613
v 0.113602 0.210043 0.089652
v 0.112686 0.210188 0.091516
v 0.115781 0.204065 0.087907
v 0.112217 0.199184 0.092575
v 0.111291 0.204795 0.092973
v 0.112116 0.191926 0.093384
v 0.110623 0.161776 0.096413
v 0.109016 0.248732 0.094093
v 0.108438 0.206453 0.094464
v 0.107336 0.192477 0.096152
v 0.105337 0.172342 0.098006
v 0.128869 0.261624 0.069980
v 0.123205 0.254636 0.076485
v 0.124466 0.262713 0.075788
v 0.128186 0.253578 0.070292
v 0.122683 0.246329 0.077137
v 0.127902 0.245286 0.070744
v 0.122426 0.238089 0.077696
v 0.127580 0.237135 0.071498
v 0.122224 0.229967 0.078253
v 0.126909 0.221127 0.073420
v 0.121899 0.221823 0.079102
v 0.126519 0.213226 0.074367
v 0.121847 0.213801 0.080183
v 0.125985 0.205341 0.075181
v 0.121490 0.205854 0.080986
v 0.125375 0.197123 0.075604
v 0.121095 0.198106 0.082134
v 0.129808 0.204541 0.069363
v 0.127773 0.189415 0.073282
v 0.120386 0.190232 0.082571
v 0.135030 0.250882 0.059372
v 0.132242 0.244448 0.065481
v 0.132510 0.252477 0.064730
v 0.134682 0.239664 0.060203
v 0.131837 0.236435 0.066369
v 0.135803 0.231390 0.057584
v 0.131380 0.228504 0.067431
v 0.134446 0.225260 0.060140
v 0.131257 0.220513 0.067789
v 0.133361 0.211595 0.061996
v 0.130367 0.212589 0.068691
v 0.132398 0.201190 0.063969
v 0.129543 0.196261 0.069908
v 0.132771 0.195242 0.063182
v 0.129489 0.269450 0.068613
v 0.125444 0.270156 0.075301
v 0.127314 0.229092 0.072434
v 0.118620 0.175705 0.085105
v 0.142537 0.250212 0.044199
v 0.142298 0.241855 0.044413
v 0.140279 0.246511 0.048748
v 0.139348 0.243512 0.050547
v 0.139374 0.233627 0.050155
v 0.141825 0.233781 0.045228
v 0.141342 0.225735 0.046132
v 0.135210 0.224331 0.058519
v 0.140106 0.193190 0.048987
v 0.135973 0.186542 0.057487
v 0.136417 0.194204 0.055984
v 0.145855 0.249293 0.037110
v 0.145630 0.240868 0.037547
v 0.143178 0.192477 0.043124
v 0.142955 0.183970 0.042426
v 0.142048 0.184493 0.045724
v 0.145076 0.232903 0.038565
v 0.143477 0.222886 0.041807
v 0.137360 0.218658 0.054005
v 0.144013 0.198121 0.041558
v 0.140256 0.184957 0.049019
v 0.148276 0.242188 0.030607
v 0.147633 0.231997 0.031554
v 0.147102 0.242802 0.033887
v 0.149061 0.232264 0.026821
v 0.149421 0.237070 0.027286
v 0.146090 0.204514 0.033198
v 0.146735 0.198533 0.028011
v 0.144471 0.199407 0.038347
v 0.144474 0.191553 0.036433
v 0.148663 0.196322 0.019973
v 0.148198 0.191778 0.021444
v 0.146325 0.190281 0.028473
v 0.148028 0.188506 0.022011
v 0.146143 0.182292 0.029245
v 0.147875 0.178995 0.023054
v 0.146337 0.176225 0.029166
v 0.148276 0.201836 0.022142
v 0.147581 0.203615 0.025293
v 0.145089 0.176934 0.033688
v 0.146653 0.223277 0.033263
v 0.133839 0.219674 0.061221
v 0.125820 0.273129 0.074329
v 0.117463 0.274949 0.083277
v 0.119330 0.263086 0.081706
v 0.116418 0.214667 0.086019
v 0.111248 0.192047 0.093797
v 0.110135 0.167077 0.095609
v 0.133138 0.262783 0.062959
v 0.147894 0.226055 0.029899
v 0.117101 0.165463 0.087571
v 0.117719 0.168625 0.086568
v 0.008480 0.189678 0.123618
v 0.008016 0.181020 0.123751
v 0.006148 0.185787 0.123692
v 0.015253 0.220338 0.122827
v 0.008592 0.219554 0.122976
v 0.012585 0.227693 0.122674
v 0.015200 0.212163 0.123119
v 0.008417 0.209868 0.123365
v 0.015260 0.204310 0.123449
v 0.012205 0.202118 0.123398
v 0.013015 0.190996 0.123497
v 0.015745 0.179989 0.124475
v 0.008257 0.174687 0.123785
v 0.017936 0.233171 0.122435
v 0.023467 0.228436 0.122484
v 0.023276 0.212073 0.122988
v 0.023220 0.204079 0.123404
v 0.018120 0.197013 0.123441
v 0.021093 0.186193 0.124110
v 0.016265 0.190226 0.123675
v 0.016670 0.172110 0.124397
v 0.010483 0.172289 0.123951
v 0.037339 0.195626 0.122377
v 0.030965 0.190541 0.124019
v 0.030376 0.195745 0.123624
v 0.034539 0.160587 0.124736
v 0.029772 0.155405 0.127090
v 0.029787 0.163555 0.126360
v 0.027455 0.237898 0.122330
v 0.030889 0.228361 0.122517
v 0.034819 0.238628 0.121510
v 0.038185 0.228083 0.121188
v 0.030767 0.220266 0.122577
v 0.030458 0.203945 0.123254
v 0.023340 0.195951 0.123556
v 0.027301 0.188580 0.124062
v 0.031668 0.186404 0.123983
v 0.030154 0.179239 0.125058
v 0.030007 0.186528 0.124500
v 0.027841 0.186351 0.124263
v 0.023478 0.179645 0.124829
v 0.029219 0.175678 0.125263
v 0.023209 0.165090 0.125410
v 0.024763 0.153241 0.126462
v 0.028041 0.149135 0.127062
v 0.023365 0.220289 0.122676
v 0.030598 0.212039 0.122894
v 0.021457 0.190234 0.123778
v 0.021307 0.176543 0.124734
v 0.020682 0.162667 0.125396
v 0.021413 0.154704 0.126008
v 0.046069 0.219661 0.120206
v 0.038057 0.219970 0.121445
v 0.046252 0.227781 0.119946
v 0.045767 0.211516 0.120374
v 0.037807 0.211791 0.121658
v 0.045525 0.203387 0.120703
v 0.037621 0.203652 0.122031
v 0.045143 0.195557 0.121006
v 0.036692 0.187433 0.122624
v 0.031310 0.189961 0.123786
v 0.044619 0.187073 0.120773
v 0.052779 0.187246 0.119267
v 0.056334 0.183876 0.118635
v 0.051894 0.178715 0.119506
v 0.050651 0.195611 0.119917
v 0.044227 0.178965 0.121784
v 0.047366 0.234597 0.119712
v 0.042542 0.237320 0.120389
v 0.054173 0.226642 0.118784
v 0.055764 0.213601 0.118772
v 0.058114 0.208605 0.118476
v 0.055736 0.201612 0.118973
v 0.036514 0.179004 0.123489
v 0.046167 0.174162 0.121316
v 0.036032 0.171442 0.124026
v 0.063515 0.216919 0.116721
v 0.067021 0.210491 0.115404
v 0.059371 0.213447 0.118381
v 0.059024 0.205104 0.118745
v 0.065840 0.197372 0.116028
v 0.059884 0.195205 0.118303
v 0.065347 0.182607 0.115665
v 0.065963 0.178250 0.115279
v 0.060827 0.183294 0.117620
v 0.059309 0.178927 0.117824
v 0.065297 0.171293 0.115831
v 0.074525 0.187602 0.112435
v 0.073449 0.177582 0.112541
v 0.079916 0.181416 0.110202
v 0.078751 0.184836 0.110761
v 0.075568 0.165692 0.112413
v 0.069600 0.166347 0.114495
v 0.069427 0.215061 0.114416
v 0.066499 0.216890 0.115549
v 0.071162 0.211035 0.113771
v 0.066765 0.202436 0.115580
v 0.075631 0.207470 0.112049
v 0.073746 0.209891 0.112767
v 0.070270 0.197539 0.114201
v 0.052380 0.195347 0.119585
v 0.058381 0.188142 0.118577
v 0.034732 0.175027 0.124234
v 0.031461 0.174999 0.125464
v 0.029075 0.167288 0.126235
v 0.019420 0.159485 0.125497
v 0.033747 0.152731 0.125725
v 0.029373 0.148686 0.127600
v 0.030046 0.148421 0.127710
v 0.030924 0.148233 0.127550
v 0.078904 0.176274 0.110599
v 0.079413 0.169493 0.110796
v 0.076196 0.202585 0.111873
v 0.074256 0.199505 0.112640
v 0.058185 0.205451 0.118511
v 0.088352 0.409662 0.089581
v 0.092094 0.411632 0.087718
v 0.097221 0.411547 0.086452
v 0.098695 0.389575 0.096174
v 0.101104 0.393237 0.105162
v 0.085396 0.373305 0.105291
v 0.079723 0.368691 0.108297
v 0.086443 0.407079 0.091223
v 0.086134 0.404099 0.092618
v 0.081981 0.401173 0.095014
v 0.080190 0.398505 0.096672
v 0.079869 0.394145 0.098724
v 0.083867 0.390041 0.099560
v 0.094072 0.390350 0.096907
v 0.079907 0.364091 0.109005
v 0.083147 0.359830 0.109568
v 0.100779 0.372030 0.100805
v 0.097401 0.371436 0.102101
v 0.103568 0.357902 0.102350
v 0.087496 0.349072 0.108889
v 0.094463 0.348229 0.106610
v 0.099017 0.350585 0.104786
v 0.109363 0.374558 0.097324
v 0.106033 0.359101 0.101252
v 0.104116 0.400317 0.090204
v 0.102605 0.407694 0.086873
v 0.092329 0.373035 0.103100
v 0.082717 0.355523 0.109745
v 0.084273 0.351854 0.109667
v 0.090703 0.350198 0.118293
v 0.126836 0.448712 0.055502
v 0.120542 0.445323 0.060026
v 0.115645 0.399405 0.085899
v 0.120765 0.399825 0.083659
v 0.119691 0.378146 0.091680
v 0.117860 0.377297 0.092118
v 0.112285 0.361208 0.098624
v 0.118107 0.363084 0.094883
v 0.129313 0.387672 0.084008
v 0.125360 0.385831 0.086360
v 0.121659 0.396980 0.083477
v 0.119908 0.389804 0.087127
v 0.131326 0.367378 0.087109
v 0.114598 0.439203 0.065620
v 0.110547 0.431918 0.071230
v 0.108897 0.418613 0.078667
v 0.110197 0.412612 0.081254
v 0.108152 0.408419 0.084222
v 0.107942 0.405729 0.085676
v 0.110932 0.400902 0.086953
v 0.118891 0.403537 0.094407
v 0.110434 0.396048 0.089749
v 0.109200 0.383816 0.094531
v 0.116361 0.362924 0.107592
v 0.131429 0.385869 0.083225
v 0.135483 0.384877 0.080634
v 0.138568 0.385683 0.078191
v 0.149476 0.393458 0.069049
v 0.140874 0.383089 0.077216
v 0.132955 0.380751 0.083427
v 0.142459 0.370837 0.077904
v 0.142880 0.371811 0.077272
v 0.132485 0.366337 0.086775
v 0.133770 0.364652 0.085601
v 0.141038 0.356427 0.078635
v 0.167060 0.438048 0.038548
v 0.159110 0.444582 0.039460
v 0.149013 0.448544 0.042999
v 0.148554 0.373128 0.072291
v 0.146567 0.366346 0.073887
v 0.143650 0.352403 0.074377
v 0.149976 0.394537 0.068176
v 0.156475 0.392333 0.062358
v 0.160176 0.394279 0.058736
v 0.145000 0.339064 0.068771
v 0.147788 0.337860 0.062387
v 0.149757 0.339266 0.059132
v 0.163654 0.401066 0.054673
v 0.163128 0.403692 0.054327
v 0.162944 0.398522 0.055607
v 0.152061 0.359916 0.066643
v 0.155492 0.360717 0.061843
v 0.153750 0.360884 0.063874
v 0.169900 0.400246 0.048382
v 0.166726 0.398671 0.051606
v 0.173776 0.399786 0.044651
v 0.175441 0.387507 0.042741
v 0.177424 0.394656 0.040990
v 0.174009 0.381949 0.042082
v 0.174911 0.386868 0.042802
v 0.169285 0.375549 0.046494
v 0.172870 0.378951 0.042533
v 0.169644 0.377927 0.062797
v 0.166074 0.375069 0.051336
v 0.170204 0.429171 0.040131
v 0.157639 0.358017 0.055324
v 0.156645 0.360675 0.059262
v 0.157634 0.354933 0.053153
v 0.156264 0.350666 0.052899
v 0.152100 0.342742 0.056308
v 0.153033 0.346566 0.056678
v 0.167771 0.411885 0.047978
v 0.169644 0.377927 0.062797
v 0.149897 0.361471 0.068700
v 0.144565 0.350172 0.073114
v 0.143839 0.344431 0.072338
v 0.144377 0.341109 0.070803
v 0.135289 0.449425 0.050044
v 0.126471 0.386757 0.085361
v 0.137641 0.360683 0.081869
v 0.153538 0.374808 0.067682
v 0.148351 0.385653 0.070942
v 0.147859 0.386542 0.071043
v 0.169443 0.420689 0.043437
v 0.161519 0.391685 0.058116
v 0.020637 0.335610 0.114781
v 0.018763 0.325943 0.114931
v 0.021616 0.314869 0.125217
v 0.021616 0.314869 0.125217
v 0.024414 0.309562 0.115499
v 0.018234 0.297796 0.116300
v 0.025324 0.300177 0.116069
v 0.022215 0.300173 0.115994
v 0.015755 0.293036 0.116800
v 0.018485 0.288134 0.117216
v 0.017356 0.281607 0.117936
v 0.021601 0.277182 0.118431
v 0.021792 0.278343 0.128361
v 0.030207 0.304792 0.115450
v 0.032076 0.299846 0.115492
v 0.031161 0.281694 0.117544
v 0.034195 0.283569 0.116805
v 0.034596 0.349213 0.114638
v 0.026556 0.343615 0.114637
v 0.030884 0.305224 0.125417
v 0.028111 0.277659 0.118281
v 0.038075 0.297008 0.115134
v 0.046703 0.299741 0.114146
v 0.041947 0.272855 0.117258
v 0.037007 0.272538 0.117933
v 0.033656 0.271070 0.118582
v 0.050500 0.256787 0.117940
v 0.051605 0.266309 0.116728
v 0.046235 0.294312 0.114511
v 0.043105 0.252557 0.119345
v 0.046416 0.253076 0.118836
v 0.039853 0.253353 0.119750
v 0.044456 0.253564 0.129202
v 0.032967 0.295192 0.115918
v 0.051346 0.284325 0.114818
v 0.030689 0.266979 0.119500
v 0.030715 0.262195 0.120024
v 0.032067 0.260571 0.120013
v 0.036663 0.257737 0.119703
v 0.062306 0.349717 0.113929
v 0.073297 0.339584 0.111905
v 0.069609 0.344172 0.112585
v 0.069354 0.304874 0.110238
v 0.063911 0.283159 0.112304
v 0.076177 0.282645 0.108812
v 0.074758 0.326631 0.110743
v 0.075373 0.331531 0.110969
v 0.077666 0.320253 0.109840
v 0.073942 0.314543 0.109727
v 0.090190 0.331543 0.107888
v 0.093690 0.325972 0.105552
v 0.092884 0.329000 0.106320
v 0.085132 0.292928 0.106048
v 0.087258 0.331634 0.108916
v 0.083865 0.282302 0.106816
v 0.094447 0.298766 0.100774
v 0.089906 0.297657 0.103294
v 0.097273 0.297583 0.099179
v 0.099335 0.294673 0.097989
v 0.098734 0.288329 0.098215
v 0.099787 0.285039 0.097506
v 0.101440 0.278589 0.107833
v 0.099235 0.281864 0.097705
v 0.091762 0.275974 0.102286
v 0.101440 0.278589 0.107833
v 0.096402 0.278605 0.099196
v 0.097729 0.323465 0.103025
v 0.097217 0.313964 0.101735
v 0.099422 0.318678 0.101325
v 0.086914 0.309666 0.106629
v 0.092166 0.310160 0.103591
v 0.081874 0.326307 0.109638
v 0.080064 0.317310 0.108942
v 0.074364 0.311092 0.109347
v 0.081088 0.293805 0.107493
v 0.074614 0.293683 0.108808
v 0.081892 0.282347 0.107164
v 0.047702 0.295896 0.114201
v 0.043649 0.274321 0.116852
v 0.058104 0.274822 0.114854
v 0.055646 0.351127 0.114650
v 0.043967 0.351599 0.114559
v 0.073975 0.295459 0.109064
v 0.066858 0.308549 0.110690
v 0.067312 0.310943 0.110600
v 0.084657 0.329692 0.109361
v 0.083837 0.294385 0.106746
v 0.086278 0.293530 0.105297
v 0.085193 0.282112 0.105984
v 0.051120 0.282703 0.114979
v 0.110024 0.298919 0.093513
v 0.116669 0.310967 0.090513
v 0.120124 0.304970 0.086250
v 0.118777 0.309234 0.088337
v 0.110427 0.279022 0.090918
v 0.112854 0.279007 0.088657
v 0.117625 0.284346 0.084356
v 0.112875 0.309216 0.092864
v 0.111665 0.305759 0.093119
v 0.108453 0.290375 0.093052
v 0.107300 0.287231 0.093966
v 0.108696 0.280573 0.092571
v 0.117209 0.278800 0.098263
v 0.120558 0.292688 0.082052
v 0.131056 0.329938 0.083861
v 0.121905 0.311627 0.086399
v 0.120542 0.308799 0.086735
v 0.121485 0.305069 0.084433
v 0.116830 0.290745 0.085686
v 0.124847 0.286986 0.077426
v 0.125312 0.324944 0.086696
v 0.122637 0.320525 0.087678
v 0.121439 0.316142 0.087689
v 0.117795 0.297849 0.085648
v 0.110601 0.291435 0.091080
v 0.129248 0.288655 0.070628
v 0.129803 0.290930 0.070014
v 0.135502 0.329336 0.077473
v 0.142394 0.325330 0.065401
v 0.140312 0.328766 0.070041
v 0.133007 0.292349 0.065130
v 0.129626 0.279432 0.069234
v 0.132310 0.285033 0.065940
v 0.138735 0.304703 0.060488
v 0.135768 0.301112 0.063343
v 0.141295 0.301361 0.054643
v 0.134778 0.291920 0.062235
v 0.140111 0.292856 0.053828
v 0.140315 0.297157 0.054081
v 0.137330 0.289011 0.057824
v 0.136600 0.281157 0.056968
v 0.143351 0.320555 0.061586
v 0.142600 0.315839 0.060356
v 0.130061 0.274140 0.066929
v 0.130844 0.271686 0.065559
v 0.139567 0.272042 0.070436
v 0.132477 0.271538 0.062638
v 0.133892 0.274919 0.060078
v 0.109892 0.304674 0.094282
v 0.109294 0.300948 0.093982
v 0.120813 0.304178 0.084773
v 0.141179 0.303733 0.056088
v 0.136328 0.284324 0.058270
v 0.134807 0.286206 0.061667
v 0.135991 0.302538 0.063707
v 0.091042 0.251215 0.105000
v 0.090166 0.237095 0.105870
v 0.091450 0.212085 0.105119
v 0.086561 0.206756 0.107994
v 0.086023 0.203414 0.108232
v 0.088672 0.196633 0.106753
v 0.087625 0.192141 0.107258
v 0.094223 0.187295 0.115034
v 0.094223 0.187295 0.115034
v 0.092356 0.185651 0.104703
v 0.097926 0.185342 0.101769
v 0.101281 0.206536 0.098862
v 0.101925 0.188729 0.099817
v 0.103255 0.191347 0.098768
v 0.107336 0.192477 0.096152
v 0.112563 0.193339 0.104633
v 0.111426 0.274237 0.090517
v 0.104175 0.270032 0.095258
v 0.099919 0.214738 0.099922
v 0.103217 0.208755 0.097705
v 0.108438 0.206453 0.094464
v 0.114051 0.206698 0.102736
v 0.106862 0.189029 0.108508
v 0.112435 0.182593 0.094470
v 0.109192 0.182187 0.095896
v 0.105441 0.177166 0.097843
v 0.106792 0.169002 0.097318
v 0.110135 0.167077 0.095609
v 0.117719 0.168625 0.086568
v 0.117533 0.172565 0.086658
v 0.112643 0.160462 0.093926
v 0.115716 0.162502 0.089574
v 0.117101 0.165463 0.087571
v 0.117856 0.191617 0.086564
v 0.112840 0.183798 0.093085
v 0.117463 0.274949 0.083277
v 0.113973 0.274596 0.087034
v 0.112686 0.210188 0.091516
v 0.113602 0.210043 0.089652
v 0.111291 0.204795 0.092973
v 0.112116 0.191926 0.093384
v 0.112613 0.191907 0.092792
v 0.110623 0.161776 0.096413
v 0.104663 0.205314 0.096731
v 0.111248 0.192047 0.093797
v 0.105337 0.172342 0.098006
v 0.111370 0.169149 0.106207
v 0.130367 0.212589 0.068691
v 0.131257 0.220513 0.067789
v 0.134446 0.225260 0.060140
v 0.135210 0.224331 0.058519
v 0.133839 0.219674 0.061221
v 0.135030 0.250882 0.059372
v 0.135529 0.236305 0.058583
v 0.134682 0.239664 0.060203
v 0.135803 0.231390 0.057584
v 0.127773 0.189415 0.073282
v 0.135973 0.186542 0.057487
v 0.133138 0.262783 0.062959
v 0.129489 0.269450 0.068613
v 0.145855 0.249293 0.037110
v 0.142537 0.250212 0.044199
v 0.140279 0.246511 0.048748
v 0.139348 0.243512 0.050547
v 0.139374 0.233627 0.050155
v 0.149080 0.185384 0.053725
v 0.142048 0.184493 0.045724
v 0.142955 0.183970 0.042426
v 0.143477 0.222886 0.041807
v 0.144013 0.198121 0.041558
v 0.132398 0.201190 0.063969
v 0.149080 0.185384 0.053725
v 0.147102 0.242802 0.033887
v 0.149421 0.237070 0.027286
v 0.148276 0.242188 0.030607
v 0.147894 0.226055 0.029899
v 0.149061 0.232264 0.026821
v 0.146090 0.204514 0.033198
v 0.144471 0.199407 0.038347
v 0.148590 0.193060 0.020050
v 0.158181 0.193058 0.022596
v 0.148663 0.196322 0.019973
v 0.148198 0.191778 0.021444
v 0.148336 0.181925 0.021135
v 0.148028 0.188506 0.022011
v 0.146337 0.176225 0.029166
v 0.147875 0.178995 0.023054
v 0.147581 0.203615 0.025293
v 0.148276 0.201836 0.022142
v 0.145089 0.176934 0.033688
v 0.156038 0.176261 0.031793
v 0.146653 0.223277 0.033263
v 0.125820 0.273129 0.074329
v 0.118620 0.175705 0.085105
v 0.142064 0.221254 0.044498
v 0.093568 0.226832 0.103705
v 0.095739 0.261895 0.100926
v 0.099359 0.219551 0.100076
v 0.098024 0.211159 0.100999
v 0.115781 0.204065 0.087907
v 0.006148 0.185787 0.123692
v 0.008016 0.181020 0.123751
v 0.012585 0.227693 0.122674
v 0.008592 0.219554 0.122976
v 0.008417 0.209868 0.123365
v 0.012205 0.202118 0.123398
v 0.018120 0.197013 0.123441
v 0.008480 0.189678 0.123618
v 0.016265 0.190226 0.123675
v 0.013015 0.190996 0.123497
v 0.008257 0.174687 0.123785
v 0.009693 0.172207 0.133919
v 0.027455 0.237898 0.122330
v 0.017936 0.233171 0.122435
v 0.010483 0.172289 0.123951
v 0.016670 0.172110 0.124397
v 0.021307 0.176543 0.124734
v 0.030965 0.190541 0.124019
v 0.031310 0.189961 0.123786
v 0.033747 0.152731 0.125725
v 0.034539 0.160587 0.124736
v 0.034819 0.238628 0.121510
v 0.031986 0.191230 0.133942
v 0.030007 0.186528 0.124500
v 0.021093 0.186193 0.124110
v 0.031461 0.174999 0.125464
v 0.028041 0.149135 0.127062
v 0.030924 0.148233 0.127550
v 0.021457 0.190234 0.123778
v 0.027301 0.188580 0.124062
v 0.029219 0.175678 0.125263
v 0.020682 0.162667 0.125396
v 0.024763 0.153241 0.126462
v 0.056334 0.183876 0.118635
v 0.056172 0.184667 0.118563
v 0.050651 0.195611 0.119917
v 0.047366 0.234597 0.119712
v 0.042542 0.237320 0.120389
v 0.055935 0.221722 0.118621
v 0.054173 0.226642 0.118784
v 0.055764 0.213601 0.118772
v 0.050245 0.199328 0.120049
v 0.055736 0.201612 0.118973
v 0.046167 0.174162 0.121316
v 0.063515 0.216919 0.116721
v 0.059371 0.213447 0.118381
v 0.059024 0.205104 0.118745
v 0.060827 0.183294 0.117620
v 0.074525 0.187602 0.112435
v 0.065347 0.182607 0.115665
v 0.078751 0.184836 0.110761
v 0.079916 0.181416 0.110202
v 0.073010 0.166825 0.123883
v 0.075568 0.165692 0.112413
v 0.079413 0.169493 0.110796
v 0.066499 0.216890 0.115549
v 0.071162 0.211035 0.113771
v 0.069427 0.215061 0.114416
v 0.073746 0.209891 0.112767
v 0.076196 0.202585 0.111873
v 0.075631 0.207470 0.112049
v 0.065840 0.197372 0.116028
v 0.070270 0.197539 0.114201
v 0.074256 0.199505 0.112640
v 0.069600 0.166347 0.114495
v 0.052380 0.195347 0.119585
v 0.058381 0.188142 0.118577
v 0.031668 0.186404 0.123983
v 0.034732 0.175027 0.124234
v 0.029075 0.167288 0.126235
v 0.040301 0.167556 0.122671
v 0.019420 0.159485 0.125497
v 0.021413 0.154704 0.126008
v 0.030046 0.148421 0.127710
v 0.029373 0.148686 0.127600
v 0.027841 0.186351 0.124263
v 0.023209 0.165090 0.125410
v 0.078904 0.176274 0.110599
v 0.058185 0.205451 0.118511
v 0.058114 0.208605 0.118476
v 0.065297 0.171293 0.115831
v -0.187499 0.317068 -0.041045
v -0.187499 0.317068 -0.041045
v -0.436360 0.001044 -0.043077
v 0.195801 0.513961 -0.063180
v 0.503085 -0.067622 -0.020949
v 0.193191 0.509747 -0.040714
v -0.001107 0.472581 -0.134472
v -0.193339 0.509631 -0.040049
v -0.077945 0.559840 -0.037998
v -0.146448 0.518785 -0.056413
v 0.090703 0.350198 0.118293
v 0.118891 0.403537 0.094407
v 0.044456 0.253564 0.129202
v 0.117209 0.278800 0.098263
v 0.111370 0.169149 0.106207
v 0.009693 0.172207 0.133919
v 0.102605 0.407694 0.086873
v 0.112285 0.361208 0.098624
v 0.160176 0.394279 0.058736
v 0.177424 0.394656 0.040990
v 0.174009 0.381949 0.042082
v 0.156264 0.350666 0.052899
v 0.050500 0.256787 0.117940
v 0.074758 0.326631 0.110743
v 0.093690 0.325972 0.105552
v 0.097217 0.313964 0.101735
v 0.137330 0.289011 0.057824
v 0.142600 0.315839 0.060356
v 0.101925 0.188729 0.099817
v 0.135529 0.236305 0.058583
v 0.142064 0.221254 0.044498
v 0.148590 0.193060 0.020050
v 0.148336 0.181925 0.021135
v 0.050245 0.199328 0.120049
v 0.056172 0.184667 0.118563
v 0.055935 0.221722 0.118621
v 0.040301 0.167556 0.122671
v 0.021792 0.278343 0.128361
v 0.114051 0.206698 0.102736
v 0.112563 0.193339 0.104633
v 0.158181 0.193058 0.022596
v 0.073010 0.166825 0.123883
vn -0.4614 0.1029 0.8812
vn -0.5529 0.1363 0.8220
vn -0.4526 0.1196 0.8837
vn -0.5477 0.0738 0.8334
vn -0.7647 0.1173 0.6336
vn -0.9074 0.1812 0.3792
vn -0.8878 0.1844 0.4217
vn -0.9591 0.1855 0.2139
vn -0.9624 0.1704 0.2116
vn -0.9879 0.1549 -0.0052
vn -0.4236 0.0420 0.9049
vn -0.6084 0.0531 0.7919
vn -0.8030 0.1353 0.5804
vn -0.8505 0.1868 0.4917
vn -0.9032 0.1592 0.3986
vn -0.9693 0.1707 0.1768
vn -0.9864 0.1636 -0.0136
vn -0.3976 -0.0456 0.9164
vn -0.7178 0.1028 0.6886
vn -0.8626 0.1465 0.4842
vn -0.9148 0.1307 0.3823
vn -0.9780 0.1753 0.1130
vn -0.9800 0.1937 -0.0457
vn -0.4748 -0.0232 0.8798
vn -0.7895 0.1887 0.5840
vn -0.8362 0.1205 0.5350
vn -0.9355 0.1724 0.3085
vn -0.9772 0.1993 0.0736
vn -0.9841 0.1685 -0.0560
vn -0.5495 0.1825 0.8153
vn -0.7723 0.2298 0.5922
vn -0.8261 0.1690 0.5375
vn -0.9424 0.2329 0.2402
vn -0.9751 0.1859 0.1213
vn -0.9841 0.1724 -0.0427
vn -0.5743 0.2483 0.7801
vn -0.7399 0.1617 0.6530
vn -0.8570 0.1737 0.4852
vn -0.9550 0.1746 0.2397
vn -0.9797 0.1088 0.1686
vn -0.9917 0.1253 -0.0305
vn -0.6237 0.1524 0.7666
vn -0.7333 0.0856 0.6745
vn -0.8959 0.1412 0.4213
vn -0.9525 0.1058 0.2855
vn -0.9841 0.0643 0.1658
vn -0.9965 0.0830 -0.0089
vn -0.6407 0.1187 0.7585
vn -0.7495 0.0581 0.6595
vn -0.9218 0.0953 0.3757
vn -0.9456 0.0385 0.3231
vn -0.9944 0.0316 0.1008
vn -0.9957 0.0926 0.0060
vn -0.6306 0.0448 0.7748
vn -0.7823 0.0448 0.6213
vn -0.9243 0.0116 0.3816
vn -0.9502 -0.0357 0.3097
vn -0.9876 -0.1101 0.1116
vn -0.9994 -0.0295 0.0188
vn -0.6341 -0.0068 0.7732
vn -0.8077 0.0207 0.5892
vn -0.9088 -0.0307 0.4160
vn -0.9460 -0.0624 0.3181
vn -0.9734 -0.1180 0.1964
vn -0.9817 -0.1879 0.0313
vn -0.6495 -0.0220 0.7601
vn -0.8139 0.0071 0.5810
vn -0.8996 -0.0121 0.4366
vn -0.9324 -0.0374 0.3595
vn -0.9639 -0.0850 0.2524
vn -0.9800 -0.1914 0.0549
vn -0.6623 -0.0030 0.7493
vn -0.8202 0.0188 0.5718
vn -0.8915 -0.0364 0.4516
vn -0.9328 -0.0975 0.3469
vn -0.9339 -0.2217 0.2804
vn -0.9696 -0.2077 0.1292
vn 0.9404 -0.1881 0.2833
vn 0.9680 -0.2191 0.1228
vn 0.3984 -0.8854 0.2394
vn 0.9601 -0.0757 0.2691
vn 0.9891 -0.1194 0.0866
vn 0.9642 -0.0846 0.2513
vn 0.9918 -0.0947 0.0858
vn 0.9701 -0.0438 0.2386
vn 0.9949 -0.0702 0.0722
vn 0.9790 0.0341 0.2011
vn 0.9992 -0.0121 0.0391
vn 0.9799 0.1178 0.1610
vn 0.9970 0.0766 -0.0069
vn 0.9820 0.0891 0.1666
vn 0.9935 0.1118 -0.0198
vn 0.9805 0.1131 0.1609
vn 0.9828 0.1848 -0.0010
vn 0.9715 0.1871 0.1456
vn 0.9800 0.1990 0.0027
vn 0.9695 0.1943 0.1492
vn 0.9835 0.1782 0.0304
vn 0.9668 0.1643 0.1956
vn 0.9882 0.1527 0.0084
vn 0.9885 0.1501 0.0190
vn 0.7206 -0.6183 0.3139
vn 0.7681 -0.6325 0.0997
vn 0.9141 -0.0729 0.3988
vn 0.9201 -0.0248 0.3909
vn 0.9324 -0.0202 0.3608
vn 0.9358 0.0060 0.3526
vn 0.9239 0.0587 0.3781
vn 0.9132 0.1074 0.3930
vn 0.9179 0.1477 0.3682
vn 0.9147 0.2104 0.3450
vn 0.9024 0.2106 0.3760
vn 0.8745 0.1443 0.4631
vn 0.8529 0.1125 0.5098
vn 0.9554 0.1552 0.2514
vn 0.9487 0.1250 0.2904
vn 0.6259 -0.5938 0.5056
vn 0.8460 0.0090 0.5331
vn 0.8420 0.0079 0.5394
vn 0.8463 0.0111 0.5327
vn 0.8486 0.0416 0.5273
vn 0.8302 0.1158 0.5453
vn 0.8054 0.1396 0.5760
vn 0.7763 0.1447 0.6135
vn 0.7544 0.1451 0.6402
vn 0.7417 0.0919 0.6644
vn 0.7197 0.0841 0.6892
vn 0.6973 0.1326 0.7044
vn 0.8363 0.1199 0.5349
vn 0.8218 0.1505 0.5495
vn 0.4221 -0.6073 0.6731
vn 0.6804 0.0208 0.7326
vn 0.6681 0.0453 0.7427
vn 0.6557 0.0358 0.7542
vn 0.6395 0.0201 0.7685
vn 0.6165 0.0452 0.7861
vn 0.6006 0.0788 0.7957
vn 0.5828 0.1531 0.7981
vn 0.5675 0.1784 0.8038
vn 0.5502 0.0942 0.8297
vn 0.4852 0.0234 0.8741
vn 0.4176 -0.0032 0.9086
vn 0.6536 0.0942 0.7509
vn 0.5977 0.0748 0.7982
vn 0.2325 -0.6565 0.7176
vn 0.2824 0.4185 0.8632
vn 0.4116 0.4385 0.7989
vn 0.3848 0.4731 0.7925
vn 0.3666 0.5453 0.7538
vn 0.3775 0.5727 0.7277
vn 0.4113 0.7909 0.4531
vn 0.2889 0.8597 0.4213
vn 0.3683 0.9250 -0.0932
vn -0.3140 0.3523 0.8816
vn -0.4207 0.3526 0.8359
vn -0.3667 0.2269 0.9022
vn -0.4050 0.4208 0.8117
vn -0.4619 0.4308 0.7753
vn -0.4122 0.4912 0.7673
vn -0.3935 0.4911 0.7771
vn -0.3152 0.6192 0.7192
vn -0.3234 0.6515 0.6863
vn -0.3901 0.8389 0.3795
vn -0.5201 0.8295 0.2036
vn -0.4775 0.2274 0.8487
vn -0.4173 0.0719 0.9059
vn -0.5130 0.3342 0.7907
vn -0.4878 0.3932 0.7794
vn -0.4113 0.4604 0.7867
vn -0.4651 0.6245 0.6274
vn -0.5710 0.0486 0.8195
vn -0.4627 -0.1104 0.8796
vn -0.6036 0.1612 0.7808
vn -0.6003 0.2545 0.7582
vn -0.5217 0.3220 0.7900
vn -0.4747 0.3985 0.7847
vn -0.6443 -0.1418 0.7515
vn -0.5016 -0.1734 0.8475
vn -0.7151 -0.0539 0.6970
vn -0.7195 0.0307 0.6938
vn -0.6646 0.1210 0.7374
vn -0.5542 0.2226 0.8021
vn -0.6873 -0.2162 0.6934
vn -0.5615 -0.0877 0.8228
vn -0.7819 -0.2210 0.5829
vn -0.8161 -0.2036 0.5408
vn -0.7797 -0.1667 0.6036
vn -0.6331 -0.0296 0.7735
vn -0.7412 -0.1191 0.6607
vn -0.6135 0.0198 0.7894
vn -0.8174 -0.2303 0.5280
vn -0.8626 -0.2783 0.4226
vn -0.8254 -0.3583 0.4361
vn -0.5567 -0.4012 0.7274
vn -0.7867 -0.0037 0.6173
vn -0.6473 0.0203 0.7619
vn -0.8506 -0.1097 0.5142
vn -0.9009 -0.1747 0.3973
vn -0.8798 -0.3019 0.3673
vn -0.3446 -0.7405 0.5770
vn 0.3250 0.3542 0.8769
vn 0.4276 0.3799 0.8203
vn 0.4282 0.4679 0.7731
vn 0.3224 0.5844 0.7446
vn 0.4127 0.6789 0.6072
vn 0.3784 0.2289 0.8969
vn 0.4750 0.2651 0.8391
vn 0.4986 0.3773 0.7804
vn 0.4198 0.4516 0.7873
vn 0.4556 0.6411 0.6175
vn 0.4309 0.0753 0.8993
vn 0.5708 0.0850 0.8167
vn 0.5904 0.2293 0.7739
vn 0.5357 0.3185 0.7821
vn 0.4545 0.4215 0.7847
vn 0.4816 -0.1094 0.8696
vn 0.6620 -0.1131 0.7409
vn 0.7165 -0.0030 0.6976
vn 0.6781 0.1106 0.7266
vn 0.5554 0.2336 0.7981
vn 0.5117 -0.1714 0.8419
vn 0.7115 -0.2201 0.6674
vn 0.8084 -0.2051 0.5517
vn 0.7934 -0.1707 0.5842
vn 0.6498 -0.0274 0.7596
vn 0.5719 -0.0920 0.8151
vn 0.7660 -0.1637 0.6216
vn 0.8478 -0.2551 0.4648
vn 0.8470 -0.3327 0.4145
vn 0.5888 -0.3968 0.7042
vn 0.6262 0.0167 0.7795
vn 0.8110 -0.0368 0.5838
vn 0.8791 -0.1641 0.4475
vn 0.8958 -0.2563 0.3630
vn 0.3869 -0.7262 0.5682
vn 0.6638 0.0232 0.7475
vn 0.0024 0.0138 -0.9999
vn 0.0255 0.0032 -0.9997
vn 0.0020 0.0004 -1.0000
vn 0.0220 0.0098 -0.9997
vn 0.1668 0.0028 -0.9860
vn 0.1584 0.0146 -0.9873
vn 0.4371 0.0027 -0.8994
vn 0.6824 0.0224 -0.7307
vn 0.7024 0.0137 -0.7116
vn 0.8534 0.0329 -0.5203
vn 0.8530 0.0184 -0.5216
vn 0.9284 0.0654 -0.3657
vn 0.9203 0.0705 -0.3849
vn 0.9755 0.0913 -0.2001
vn 0.9691 0.1296 -0.2098
vn 0.0034 0.1698 -0.9855
vn -0.0024 0.1584 -0.9874
vn 0.1381 0.1346 -0.9812
vn 0.4264 0.0448 -0.9034
vn 0.3874 0.1254 -0.9133
vn 0.6461 0.0944 -0.7574
vn 0.8388 0.0346 -0.5434
vn 0.9297 0.0628 -0.3629
vn 0.9765 0.1295 -0.1726
vn 0.0091 0.2223 -0.9749
vn -0.0277 0.2240 -0.9742
vn 0.1071 0.2539 -0.9613
vn 0.3241 0.1941 -0.9259
vn 0.5827 0.1413 -0.8003
vn 0.8075 0.0529 -0.5875
vn 0.9436 0.0872 -0.3193
vn 0.9756 0.1775 -0.1295
vn 0.0067 0.1153 -0.9933
vn 0.0282 0.1909 -0.9812
vn 0.1017 0.2784 -0.9551
vn 0.2705 0.2186 -0.9376
vn 0.5197 0.1544 -0.8403
vn 0.7826 0.1320 -0.6083
vn 0.9461 0.0988 -0.3083
vn 0.9823 0.1708 -0.0763
vn -0.0079 0.1690 -0.9856
vn 0.0777 0.1468 -0.9861
vn 0.1278 0.1867 -0.9741
vn 0.2529 0.2270 -0.9405
vn 0.4847 0.1897 -0.8539
vn 0.7488 0.1919 -0.6344
vn 0.9333 0.1665 -0.3181
vn 0.9905 0.1214 -0.0650
vn -0.0296 0.1329 -0.9907
vn 0.0821 0.0743 -0.9938
vn 0.1891 0.0783 -0.9788
vn 0.2926 0.1468 -0.9449
vn 0.4990 0.1642 -0.8509
vn 0.7430 0.1586 -0.6502
vn 0.9270 0.1300 -0.3517
vn 0.9941 0.0615 -0.0897
vn -0.0342 0.0582 -0.9977
vn 0.0760 0.0575 -0.9954
vn 0.2155 0.0170 -0.9763
vn 0.3513 0.0309 -0.9358
vn 0.5480 0.0700 -0.8335
vn 0.7718 0.0453 -0.6343
vn 0.9328 0.0281 -0.3593
vn 0.9963 0.0230 -0.0829
vn -0.0252 0.0341 -0.9991
vn 0.0608 0.0334 -0.9976
vn 0.2013 0.0019 -0.9795
vn 0.3749 -0.0325 -0.9265
vn 0.5731 -0.0448 -0.8183
vn 0.7920 -0.0615 -0.6074
vn 0.9426 -0.0914 -0.3211
vn 0.9961 -0.0562 -0.0679
vn -0.0182 0.0103 -0.9998
vn 0.0574 0.0056 -0.9983
vn 0.1749 -0.0171 -0.9844
vn 0.3515 -0.0626 -0.9341
vn 0.5637 -0.1165 -0.8177
vn 0.7827 -0.1316 -0.6083
vn 0.9490 -0.1361 -0.2843
vn 0.9937 -0.1019 -0.0469
vn 0.9949 -0.0702 0.0721
vn -0.0122 -0.0177 -0.9998
vn 0.0591 -0.0196 -0.9981
vn 0.1565 -0.0338 -0.9871
vn 0.3039 -0.0675 -0.9503
vn 0.5274 -0.1157 -0.8417
vn 0.7461 -0.1681 -0.6443
vn 0.9448 -0.1492 -0.2917
vn 0.9909 -0.1250 -0.0492
vn 0.9918 -0.0947 0.0857
vn -0.0083 -0.0238 -0.9997
vn 0.0555 -0.0257 -0.9981
vn 0.1407 -0.0407 -0.9892
vn 0.2655 -0.0712 -0.9615
vn 0.4674 -0.1229 -0.8755
vn 0.7115 -0.1988 -0.6740
vn 0.9350 -0.1957 -0.2958
vn 0.9627 -0.2694 -0.0266
vn -0.0058 -0.0271 -0.9996
vn 0.0512 -0.0336 -0.9981
vn 0.1263 -0.0553 -0.9904
vn 0.2367 -0.1214 -0.9640
vn 0.4212 -0.1997 -0.8847
vn 0.6700 -0.2945 -0.6814
vn 0.8809 -0.3702 -0.2949
vn 0.9297 -0.3683 -0.0007
vn 0.9680 -0.2191 0.1227
vn -0.0252 0.0009 -0.9997
vn -0.1791 -0.0078 -0.9838
vn -0.0191 0.0054 -0.9998
vn -0.4458 -0.0285 -0.8947
vn -0.1722 0.0522 -0.9837
vn -0.6824 0.0260 -0.7305
vn -0.4211 0.0298 -0.9065
vn -0.6912 -0.0049 -0.7226
vn -0.8436 0.0375 -0.5357
vn -0.8424 0.0198 -0.5385
vn -0.9258 0.0566 -0.3737
vn -0.9170 0.0756 -0.3916
vn -0.9697 0.1245 -0.2101
vn -0.9642 0.1362 -0.2273
vn -0.0184 0.1582 -0.9872
vn -0.1439 0.1092 -0.9835
vn -0.3888 0.1221 -0.9132
vn -0.6453 0.0772 -0.7600
vn -0.8295 0.0587 -0.5554
vn -0.9296 0.0734 -0.3611
vn -0.9724 0.1708 -0.1590
vn 0.0257 0.2104 -0.9773
vn -0.1101 0.1662 -0.9799
vn -0.3598 0.1916 -0.9131
vn -0.5889 0.1100 -0.8007
vn -0.8116 0.0872 -0.5777
vn -0.9357 0.1501 -0.3193
vn -0.9745 0.1662 -0.1505
vn 0.0084 0.2160 -0.9764
vn -0.1090 0.2641 -0.9583
vn -0.2922 0.1783 -0.9396
vn -0.5511 0.1438 -0.8219
vn -0.7986 0.1161 -0.5906
vn -0.9369 0.1456 -0.3178
vn -0.9760 0.1469 -0.1610
vn -0.0362 0.1996 -0.9792
vn -0.0973 0.2391 -0.9661
vn -0.2466 0.1700 -0.9541
vn -0.5230 0.1491 -0.8392
vn -0.7971 0.1367 -0.5881
vn -0.9428 0.0605 -0.3278
vn -0.9862 0.1115 -0.1227
vn -0.0680 0.1032 -0.9923
vn -0.1146 0.1413 -0.9833
vn -0.2468 0.1596 -0.9559
vn -0.5162 0.1098 -0.8494
vn -0.7935 0.0892 -0.6020
vn -0.9478 0.0180 -0.3184
vn -0.9964 0.0515 -0.0666
vn -0.0940 0.0424 -0.9947
vn -0.1629 0.0588 -0.9849
vn -0.2581 0.0977 -0.9612
vn -0.5373 0.0763 -0.8400
vn -0.7730 -0.0036 -0.6344
vn -0.9580 0.0677 -0.2785
vn -0.9965 0.0830 -0.0090
vn -0.9956 0.0509 -0.0790
vn -0.0950 0.0172 -0.9953
vn -0.1968 0.0029 -0.9804
vn -0.2891 0.0155 -0.9572
vn -0.5194 0.0206 -0.8543
vn -0.7986 -0.0786 -0.5968
vn -0.9781 -0.0004 -0.2081
vn -0.9997 -0.0144 -0.0185
vn -0.0896 -0.0114 -0.9959
vn -0.1986 -0.0393 -0.9793
vn -0.3248 -0.0577 -0.9440
vn -0.4691 -0.0658 -0.8807
vn -0.8039 -0.0898 -0.5879
vn -0.9706 -0.1385 -0.1969
vn -0.9994 -0.0295 0.0189
vn -0.9938 -0.1088 0.0236
vn -0.0808 -0.0316 -0.9962
vn -0.1813 -0.0555 -0.9819
vn -0.3220 -0.0895 -0.9425
vn -0.4660 -0.1045 -0.8786
vn -0.7538 -0.0964 -0.6500
vn -0.9559 -0.1432 -0.2566
vn -0.9845 -0.1740 -0.0229
vn -0.0689 -0.0325 -0.9971
vn -0.1542 -0.0543 -0.9865
vn -0.2890 -0.0956 -0.9525
vn -0.4644 -0.1453 -0.8736
vn -0.7120 -0.1815 -0.6783
vn -0.9288 -0.2418 -0.2807
vn -0.9628 -0.2690 -0.0240
vn -0.0602 -0.0380 -0.9975
vn -0.1317 -0.0624 -0.9893
vn -0.2440 -0.1317 -0.9608
vn -0.4327 -0.2174 -0.8749
vn -0.6653 -0.3110 -0.6787
vn -0.8846 -0.3528 -0.3050
vn -0.9696 -0.2077 0.1291
vn -0.9470 -0.3211 -0.0079
vn 0.0022 0.3232 -0.9463
vn -0.0390 0.2712 -0.9617
vn 0.0026 0.2210 -0.9753
vn -0.0587 0.3287 -0.9426
vn -0.0377 0.3009 -0.9529
vn -0.0421 0.3416 -0.9389
vn 0.0442 0.3414 -0.9389
vn 0.0438 0.3874 -0.9209
vn 0.1880 0.4068 -0.8940
vn 0.1776 0.4702 -0.8645
vn 0.2553 0.4925 -0.8321
vn 0.2693 0.6822 -0.6798
vn 0.2574 0.5539 -0.7918
vn 0.3146 0.8350 -0.4514
vn 0.2879 0.6145 -0.7345
vn 0.3683 0.9250 -0.0933
vn 0.3508 0.7786 -0.5204
vn 0.0455 0.2687 -0.9621
vn 0.0653 0.3300 -0.9417
vn 0.0372 0.3034 -0.9521
vn 0.0421 0.3507 -0.9356
vn -0.0686 0.3535 -0.9329
vn -0.0606 0.4041 -0.9127
vn -0.2031 0.4151 -0.8868
vn -0.1875 0.4765 -0.8589
vn -0.2502 0.4946 -0.8323
vn -0.2509 0.5585 -0.7907
vn -0.2592 0.6917 -0.6741
vn -0.2880 0.6193 -0.7304
vn -0.3178 0.8372 -0.4450
vn -0.3810 0.7632 -0.5218
vn -0.3819 0.9127 -0.1451
vn 0.0156 0.1445 -0.9894
vn 0.0276 0.1858 -0.9822
vn -0.0424 0.2418 -0.9694
vn -0.1745 0.3016 -0.9373
vn -0.2295 0.3661 -0.9018
vn -0.2398 0.4394 -0.8657
vn -0.2926 0.5344 -0.7930
vn -0.4051 0.6528 -0.6401
vn -0.5051 0.8269 -0.2474
vn 0.0010 0.1071 -0.9943
vn 0.0111 0.0588 -0.9982
vn 0.0242 0.0938 -0.9953
vn -0.0193 0.1331 -0.9909
vn -0.1299 0.1958 -0.9720
vn -0.1851 0.2715 -0.9445
vn -0.1889 0.3506 -0.9173
vn -0.2157 0.4227 -0.8803
vn -0.2871 0.4866 -0.8251
vn 0.0006 0.0186 -0.9998
vn 0.0077 -0.0362 -0.9993
vn 0.0150 0.0032 -0.9999
vn -0.0192 0.0385 -0.9991
vn -0.1046 0.0825 -0.9911
vn -0.1558 0.1439 -0.9772
vn -0.1621 0.2140 -0.9633
vn -0.1966 0.2896 -0.9367
vn -0.2645 0.3595 -0.8949
vn 0.0002 -0.0796 -0.9968
vn 0.0026 -0.1347 -0.9909
vn 0.0029 -0.1021 -0.9948
vn -0.0339 -0.0673 -0.9972
vn -0.1072 -0.0281 -0.9938
vn -0.1584 0.0123 -0.9873
vn -0.1849 0.0486 -0.9816
vn -0.2412 0.0856 -0.9667
vn -0.2875 0.1512 -0.9458
vn -0.0002 -0.1585 -0.9874
vn -0.0061 -0.1685 -0.9857
vn -0.0160 -0.1776 -0.9840
vn -0.0601 -0.1731 -0.9831
vn -0.1372 -0.1538 -0.9785
vn -0.2069 -0.1315 -0.9695
vn -0.2788 -0.1280 -0.9518
vn -0.3917 -0.1560 -0.9068
vn -0.3705 -0.1839 -0.9105
vn -0.0009 -0.1494 -0.9888
vn -0.0239 -0.1243 -0.9920
vn -0.0483 -0.1698 -0.9843
vn -0.1067 -0.2113 -0.9716
vn -0.1980 -0.2424 -0.9498
vn -0.2760 -0.2592 -0.9256
vn -0.4161 -0.2604 -0.8712
vn -0.6072 -0.2782 -0.7443
vn -0.4427 -0.4598 -0.7698
vn -0.0024 -0.0883 -0.9961
vn -0.0452 -0.0652 -0.9969
vn -0.0918 -0.1123 -0.9894
vn -0.1518 -0.1703 -0.9736
vn -0.2789 -0.2141 -0.9361
vn -0.4286 -0.2970 -0.8533
vn -0.6523 -0.3603 -0.6668
vn -0.8768 -0.3591 -0.3197
vn -0.0041 -0.0433 -0.9991
vn -0.2288 -0.8892 -0.3963
vn 0.0384 -0.0623 -0.9973
vn 0.0867 -0.1079 -0.9904
vn 0.2762 -0.2137 -0.9370
vn 0.4191 -0.2965 -0.8582
vn 0.6500 -0.3640 -0.6671
vn 0.8558 -0.3758 -0.3555
vn 0.2761 -0.8838 -0.3777
vn 0.0201 -0.1216 -0.9924
vn 0.0439 -0.1655 -0.9852
vn 0.1480 -0.1665 -0.9749
vn 0.1009 -0.2077 -0.9730
vn 0.1903 -0.2396 -0.9520
vn 0.4037 -0.2538 -0.8790
vn 0.5904 -0.2736 -0.7593
vn 0.4962 -0.4194 -0.7602
vn 0.0050 -0.1673 -0.9859
vn 0.0129 -0.1756 -0.9844
vn 0.0537 -0.1698 -0.9840
vn 0.1288 -0.1495 -0.9803
vn 0.2675 -0.2554 -0.9291
vn 0.1988 -0.1255 -0.9720
vn 0.2691 -0.1188 -0.9558
vn 0.3772 -0.1421 -0.9152
vn -0.0021 -0.1335 -0.9910
vn -0.0049 -0.0997 -0.9950
vn 0.0269 -0.0645 -0.9976
vn 0.0979 -0.0251 -0.9949
vn 0.1532 0.0174 -0.9880
vn 0.1818 0.0566 -0.9817
vn 0.2334 0.0966 -0.9676
vn 0.2891 -0.2121 -0.9335
vn -0.0063 -0.0355 -0.9994
vn -0.0162 0.0044 -0.9999
vn 0.0119 0.0413 -0.9991
vn 0.0937 0.0838 -0.9921
vn 0.1534 0.1431 -0.9777
vn 0.1653 0.2125 -0.9631
vn 0.1977 0.2894 -0.9366
vn 0.2536 0.1892 -0.9486
vn -0.0094 0.0596 -0.9982
vn -0.0240 0.0960 -0.9951
vn 0.0075 0.1340 -0.9910
vn 0.1124 0.1958 -0.9742
vn 0.1785 0.2722 -0.9455
vn 0.1884 0.3520 -0.9168
vn 0.2099 0.4257 -0.8802
vn 0.2629 0.3586 -0.8957
vn -0.0125 0.1462 -0.9892
vn -0.0283 0.1894 -0.9815
vn 0.0235 0.2480 -0.9685
vn 0.1509 0.3076 -0.9395
vn 0.2244 0.3712 -0.9010
vn 0.2362 0.4493 -0.8616
vn 0.2629 0.5491 -0.7933
vn 0.2742 0.4928 -0.8258
vn 0.3794 0.6774 -0.6303
vn -0.0021 0.0188 0.9998
vn 0.0957 0.0461 0.9943
vn 0.0895 0.0321 0.9955
vn -0.0153 0.0096 0.9998
vn 0.1086 0.0624 0.9921
vn -0.0380 0.0218 0.9990
vn 0.1202 0.0898 0.9887
vn -0.0623 0.0601 0.9962
vn 0.1289 0.1092 0.9856
vn -0.0872 0.0787 0.9931
vn 0.1289 0.0645 0.9896
vn -0.0982 0.0604 0.9933
vn 0.1256 0.0618 0.9902
vn -0.0885 0.0766 0.9931
vn 0.1338 0.0788 0.9879
vn -0.0906 0.0524 0.9945
vn 0.1421 0.0437 0.9889
vn -0.0983 0.0168 0.9950
vn 0.1428 0.0575 0.9881
vn -0.0777 0.0612 0.9951
vn 0.1559 0.1011 0.9826
vn -0.0634 0.1052 0.9924
vn 0.1662 0.1334 0.9770
vn -0.0976 -0.7051 0.7023
vn 0.1579 0.1350 0.9782
vn -0.1493 0.0438 0.9878
vn 0.2662 -0.0044 0.9639
vn 0.2572 0.0124 0.9663
vn 0.2784 -0.0117 0.9604
vn 0.2831 0.0191 0.9589
vn 0.2877 0.0577 0.9560
vn 0.2977 0.0549 0.9531
vn 0.2987 0.0821 0.9508
vn 0.3037 0.0555 0.9512
vn 0.3320 -0.0181 0.9431
vn 0.3726 0.0044 0.9280
vn 0.4265 0.0541 0.9029
vn 0.3964 0.0365 0.9174
vn 0.3059 -0.6796 0.6668
vn 0.4638 0.0619 0.8838
vn 0.4361 0.0004 0.8999
vn 0.4574 0.0044 0.8892
vn 0.4110 0.0188 0.9114
vn 0.4013 0.0625 0.9138
vn 0.4066 0.0958 0.9086
vn 0.3984 0.0764 0.9140
vn 0.3685 0.0766 0.9265
vn 0.2719 -0.0325 0.9618
vn 0.3301 0.0449 0.9429
vn 0.2514 -0.0320 0.9673
vn 0.2755 0.0222 0.9610
vn 0.3217 0.0228 0.9466
vn 0.3022 0.0213 0.9530
vn 0.1999 -0.6581 0.7259
vn 0.3617 0.0040 0.9323
vn -0.0004 0.0942 0.9956
vn 0.0069 0.0091 0.9999
vn -0.0619 0.1588 0.9854
vn 0.0006 0.0415 0.9991
vn 0.0317 0.0233 0.9992
vn 0.0011 0.0749 0.9972
vn 0.0545 0.0689 0.9961
vn 0.0011 0.1013 0.9949
vn 0.0664 0.1129 0.9914
vn 0.0009 0.1184 0.9930
vn 0.0718 0.1204 0.9901
vn 0.0007 0.0994 0.9950
vn 0.0755 0.0797 0.9940
vn 0.0006 0.0588 0.9983
vn 0.0805 0.0377 0.9960
vn 0.0008 0.0333 0.9994
vn 0.0774 0.0588 0.9953
vn 0.0326 0.2512 0.9674
vn 0.0957 -0.0424 0.9945
vn 0.1339 -0.0259 0.9907
vn 0.1757 0.0463 0.9834
vn 0.2050 0.1001 0.9736
vn 0.2255 0.0929 0.9698
vn 0.2409 0.0429 0.9696
vn 0.2340 0.1747 0.9564
vn 0.1860 0.3239 0.9276
vn 0.2539 0.0124 0.9672
vn 0.2812 -0.1016 0.9542
vn 0.3351 -0.0727 0.9394
vn 0.3880 0.0272 0.9213
vn 0.4217 0.0694 0.9041
vn 0.4439 0.0338 0.8954
vn 0.6282 -0.7768 -0.0453
vn 0.7196 -0.6002 0.3491
vn 0.7632 -0.6447 -0.0446
vn 0.7193 -0.6888 -0.0908
vn 0.7380 -0.5073 0.4450
vn 0.7669 -0.4819 0.4238
vn 0.7455 -0.6125 -0.2627
vn 0.7382 -0.6142 0.2790
vn 0.7167 -0.6262 -0.3067
vn 0.7869 -0.5998 0.1450
vn 0.7732 -0.5655 -0.2869
vn 0.8029 -0.5834 0.1227
vn 0.7627 -0.5692 -0.3072
vn 0.7925 -0.5972 0.1235
vn 0.7400 -0.6033 -0.2972
vn 0.7695 -0.6208 0.1498
vn 0.7530 -0.5558 -0.3524
vn 0.7950 -0.6006 0.0853
vn 0.7450 -0.5800 -0.3294
vn 0.8049 -0.5863 0.0920
vn 0.7648 -0.5525 -0.3313
vn 0.8082 -0.5867 0.0512
vn 0.7703 -0.5863 -0.2506
vn 0.8299 -0.5573 0.0256
vn 0.7781 -0.6067 -0.1626
vn 0.8096 -0.5812 0.0826
vn 0.7608 -0.6425 -0.0914
vn 0.6608 -0.7382 0.1357
vn 0.7571 -0.6281 -0.1798
vn -0.3803 -0.8962 0.2286
vn 0.6378 -0.7656 -0.0847
vn 0.6680 -0.7442 0.0022
vn 0.6506 -0.7242 -0.2286
vn 0.6934 -0.6029 -0.3947
vn 0.5834 -0.5134 -0.6293
vn 0.4780 -0.5101 -0.7151
vn 0.5615 -0.5092 -0.6523
vn 0.6089 -0.5015 -0.6146
vn 0.5974 -0.4577 -0.6585
vn 0.5897 -0.4297 -0.6838
vn 0.5701 -0.4687 -0.6747
vn 0.6029 -0.5243 -0.6014
vn 0.6398 -0.5909 -0.4915
vn 0.6414 -0.5983 -0.4802
vn 0.6871 -0.5144 -0.5131
vn 0.6207 -0.5254 -0.5820
vn -0.2287 -0.8892 -0.3962
vn 0.6796 -0.7029 -0.2099
vn 0.6252 -0.6151 -0.4804
vn 0.5285 -0.3558 -0.7708
vn 0.4761 -0.4782 -0.7380
vn 0.3205 -0.3763 -0.8693
vn 0.3002 -0.3570 -0.8846
vn 0.3406 -0.3188 -0.8845
vn 0.3652 -0.2376 -0.9001
vn 0.3648 -0.3401 -0.8667
vn 0.4139 -0.4034 -0.8160
vn 0.4084 -0.4631 -0.7866
vn 0.3717 -0.4193 -0.8283
vn 0.3957 -0.4002 -0.8266
vn 0.5120 -0.3028 -0.8039
vn 0.1315 -0.3827 -0.9145
vn -0.4426 -0.4598 -0.7698
vn 0.4986 -0.4153 -0.7609
vn 0.3512 -0.2323 -0.9070
vn 0.2026 -0.1668 -0.9649
vn 0.0767 -0.1817 -0.9804
vn 0.0638 -0.2559 -0.9646
vn 0.0498 -0.1569 -0.9864
vn 0.0677 -0.0792 -0.9946
vn 0.1167 -0.1301 -0.9846
vn 0.1645 -0.2371 -0.9575
vn 0.1410 -0.2373 -0.9611
vn 0.0934 -0.1873 -0.9778
vn 0.0853 -0.2231 -0.9711
vn 0.1467 -0.1774 -0.9732
vn 0.2089 -0.1385 -0.9681
vn -0.1807 -0.0829 -0.9800
vn -0.1547 0.0875 -0.9841
vn -0.0930 0.0790 -0.9925
vn -0.0235 -0.0394 -0.9989
vn -0.2264 0.0183 -0.9739
vn -0.2489 -0.0240 -0.9682
vn -0.2034 0.0346 -0.9785
vn -0.1751 0.0906 -0.9804
vn -0.1924 0.0560 -0.9797
vn -0.2200 0.0669 -0.9732
vn -0.1902 0.0451 -0.9807
vn -0.1753 -0.0117 -0.9844
vn -0.1800 -0.0189 -0.9835
vn -0.1498 0.0642 -0.9866
vn -0.2062 0.1262 -0.9703
vn -0.3011 0.2183 -0.9283
vn -0.5859 0.3100 -0.7487
vn -0.4910 0.2597 -0.8316
vn -0.4051 0.2105 -0.8897
vn -0.3924 0.0920 -0.9152
vn -0.5011 0.2040 -0.8410
vn -0.4809 0.2492 -0.8406
vn -0.4582 0.2980 -0.8374
vn -0.4902 0.3200 -0.8107
vn -0.4916 0.2665 -0.8290
vn -0.4631 0.2188 -0.8589
vn -0.4704 0.2184 -0.8550
vn -0.4797 0.2457 -0.8423
vn -0.4968 0.3192 -0.8070
vn -0.4869 0.3463 -0.8019
vn -0.3936 0.3923 -0.8314
vn -0.7301 0.3786 -0.5688
vn -0.7337 0.3748 -0.5667
vn -0.7401 0.3635 -0.5658
vn -0.7631 0.4176 -0.4932
vn -0.7308 0.4282 -0.5315
vn -0.6714 0.4576 -0.5829
vn -0.6538 0.4301 -0.6226
vn -0.6810 0.4188 -0.6007
vn -0.7013 0.4534 -0.5502
vn -0.7292 0.4597 -0.5069
vn -0.7459 0.4784 -0.4633
vn -0.7640 0.4366 -0.4751
vn -0.7171 0.4655 -0.5188
vn -0.5500 0.6035 -0.5773
vn -0.7558 0.3740 -0.5374
vn -0.8237 0.4604 -0.3308
vn -0.8283 0.5038 -0.2452
vn -0.8634 0.4936 -0.1041
vn -0.8657 0.4846 -0.1252
vn -0.8616 0.4689 -0.1944
vn -0.8214 0.5150 -0.2451
vn -0.7721 0.5607 -0.2992
vn -0.7755 0.6094 -0.1649
vn -0.7907 0.6086 -0.0660
vn -0.8102 0.5858 -0.0219
vn -0.8580 0.5124 -0.0363
vn -0.8953 0.4380 -0.0809
vn -0.8517 0.5109 -0.1169
vn -0.6928 0.6904 -0.2083
vn -0.4052 0.6528 -0.6401
vn -0.8584 0.5130 -0.0027
vn -0.8165 0.4648 -0.3425
vn -0.8574 0.5106 -0.0653
vn -0.8291 0.5191 0.2075
vn -0.8498 0.4752 0.2283
vn -0.8508 0.4532 0.2662
vn -0.8355 0.4924 0.2440
vn -0.7535 0.6088 0.2480
vn -0.7022 0.6335 0.3249
vn -0.7244 0.6174 0.3066
vn -0.7638 0.5669 0.3086
vn -0.8260 0.4686 0.3133
vn -0.8717 0.3579 0.3349
vn -0.8519 0.4178 0.3157
vn -0.7425 0.6097 0.2774
vn -0.5202 0.8294 0.2036
vn -0.7770 0.4651 0.4241
vn -0.7859 0.5343 0.3112
vn -0.8022 0.5923 0.0753
vn -0.6332 0.4857 0.6026
vn -0.6340 0.3541 0.6875
vn -0.6455 0.3526 0.6775
vn -0.6059 0.3545 0.7122
vn -0.5172 0.4162 0.7479
vn -0.5199 0.4668 0.7154
vn -0.5989 0.4763 0.6438
vn -0.6436 0.4803 0.5959
vn -0.6752 0.4318 0.5981
vn -0.7102 0.2669 0.6515
vn -0.7003 0.2473 0.6696
vn -0.6248 0.4021 0.6692
vn -0.4652 0.6245 0.6274
vn -0.4342 0.4266 0.7934
vn -0.5804 0.5468 0.6034
vn -0.2861 0.2423 0.9271
vn -0.3584 0.2326 0.9042
vn -0.3408 0.1973 0.9192
vn -0.2364 0.1515 0.9598
vn -0.1868 0.1338 0.9732
vn -0.2512 0.2083 0.9453
vn -0.3730 0.1439 0.9166
vn -0.4523 0.3052 0.8380
vn -0.4767 0.3123 0.8217
vn -0.5008 0.2396 0.8317
vn -0.5377 0.1020 0.8369
vn -0.5373 0.1947 0.8206
vn -0.4748 0.3985 0.7847
vn -0.5519 0.3350 0.7636
vn -0.2243 0.3386 0.9138
vn -0.3741 0.4781 0.7947
vn -0.1236 0.1004 0.9872
vn -0.1041 0.1508 0.9831
vn 0.0303 -0.0444 0.9986
vn 0.0591 0.0057 0.9982
vn 0.0372 -0.0232 0.9990
vn -0.0316 -0.0223 0.9993
vn -0.0701 -0.0941 0.9931
vn -0.1057 -0.1235 0.9867
vn -0.2058 0.0368 0.9779
vn -0.2918 0.1303 0.9475
vn -0.3887 0.0646 0.9191
vn -0.5208 0.0249 0.8533
vn -0.5542 0.2225 0.8021
vn -0.0461 0.4297 0.9018
vn -0.4065 0.4351 0.8034
vn 0.1667 0.3577 0.9188
vn 0.0954 0.3195 0.9428
vn 0.5554 -0.2466 0.7942
vn 0.2203 -0.0075 0.9754
vn 0.3117 -0.1630 0.9361
vn 0.2137 -0.1285 0.9684
vn 0.1694 -0.1022 0.9802
vn 0.1075 -0.1577 0.9816
vn 0.0490 -0.1185 0.9917
vn 0.0626 -0.2599 0.9636
vn 0.1349 -0.2848 0.9491
vn 0.0959 -0.2300 0.9684
vn -0.0231 -0.1633 0.9863
vn -0.3406 -0.1691 0.9249
vn -0.6330 -0.0296 0.7736
vn 0.6890 0.2151 0.6921
vn 0.3988 -0.0776 0.9138
vn 0.4524 -0.5246 0.7212
vn 0.0585 -0.1820 0.9816
vn 0.5258 -0.3118 0.7914
vn 0.4216 -0.1561 0.8933
vn 0.3258 -0.2682 0.9066
vn 0.3249 -0.2285 0.9177
vn 0.2712 -0.2482 0.9300
vn 0.2422 -0.3038 0.9214
vn 0.2436 -0.2798 0.9286
vn 0.2732 -0.3537 0.8946
vn 0.4146 -0.4336 0.8001
vn 0.4663 -0.4895 0.7369
vn 0.2357 -0.5455 0.8043
vn 0.9413 -0.3101 0.1338
vn 0.6490 0.0907 0.7554
vn 0.8564 -0.2474 0.4532
vn 0.4629 -0.1823 0.8674
vn 0.6357 -0.5875 0.5008
vn 0.6433 -0.4127 0.6448
vn 0.6072 -0.4397 0.6618
vn 0.6100 -0.4608 0.6446
vn 0.5815 -0.4705 0.6637
vn 0.5691 -0.4993 0.6533
vn 0.6129 -0.5205 0.5945
vn 0.6556 -0.5467 0.5208
vn 0.7142 -0.5200 0.4685
vn 0.7351 -0.5634 0.3770
vn 0.5850 -0.7050 0.4009
vn -0.3447 -0.7405 0.5769
vn 0.7632 -0.6446 -0.0446
vn 0.7197 -0.6002 0.3491
vn 0.7085 -0.4571 0.5377
vn 0.7869 -0.5998 0.1451
vn 0.8029 -0.5834 0.1228
vn 0.7925 -0.5972 0.1236
vn 0.7950 -0.6006 0.0854
vn 0.8049 -0.5863 0.0921
vn 0.8082 -0.5867 0.0513
vn 0.8299 -0.5573 0.0257
vn 0.8096 -0.5812 0.0827
vn -0.3804 -0.8961 0.2286
vn -0.6780 -0.6953 0.2382
vn -0.6219 -0.7809 -0.0589
vn -0.7042 -0.7082 -0.0517
vn -0.6801 -0.6371 0.3627
vn -0.6088 -0.7900 -0.0731
vn -0.8031 -0.5459 0.2388
vn -0.6474 -0.7121 -0.2717
vn -0.7912 -0.5684 0.2259
vn -0.7288 -0.6028 -0.3247
vn -0.8030 -0.5562 0.2140
vn -0.7613 -0.5661 -0.3163
vn -0.7991 -0.5775 0.1674
vn -0.7703 -0.5397 -0.3398
vn -0.7929 -0.5918 0.1449
vn -0.7609 -0.5543 -0.3374
vn -0.7754 -0.6138 0.1485
vn -0.7451 -0.5887 -0.3135
vn -0.7849 -0.6126 0.0929
vn -0.7521 -0.5430 -0.3736
vn -0.8049 -0.5874 0.0846
vn -0.7362 -0.5831 -0.3434
vn -0.8112 -0.5787 0.0840
vn -0.7502 -0.5704 -0.3345
vn -0.8363 -0.5458 0.0531
vn -0.7625 -0.5955 -0.2528
vn -0.8055 -0.5849 0.0958
vn -0.7913 -0.5905 -0.1586
vn -0.6785 -0.7273 0.1031
vn -0.7825 -0.6145 -0.1003
vn 0.3985 -0.8854 0.2394
vn -0.7520 -0.6339 -0.1807
vn -0.6494 -0.7545 -0.0946
vn -0.6297 -0.7178 -0.2971
vn -0.5892 -0.6036 -0.5371
vn -0.5336 -0.4689 -0.7039
vn -0.4997 -0.4191 -0.7581
vn -0.5532 -0.4689 -0.6885
vn -0.5963 -0.4897 -0.6361
vn -0.5951 -0.4323 -0.6775
vn -0.5921 -0.4498 -0.6687
vn -0.5835 -0.4885 -0.6487
vn -0.5847 -0.5445 -0.6013
vn -0.6290 -0.5680 -0.5308
vn -0.6411 -0.5837 -0.4982
vn -0.7079 -0.4960 -0.5028
vn 0.2762 -0.8838 -0.3777
vn -0.5812 -0.5554 -0.5947
vn -0.6552 -0.6126 -0.4421
vn -0.5111 -0.5426 -0.6666
vn -0.4569 -0.4013 -0.7939
vn -0.4109 -0.3500 -0.8419
vn -0.2743 -0.2620 -0.9253
vn -0.2753 -0.3535 -0.8940
vn -0.3357 -0.3004 -0.8928
vn -0.3654 -0.2438 -0.8984
vn -0.3652 -0.3647 -0.8565
vn -0.4018 -0.3978 -0.8248
vn -0.3870 -0.4442 -0.8080
vn -0.3597 -0.4025 -0.8418
vn -0.3943 -0.3839 -0.8350
vn -0.4972 -0.2923 -0.8169
vn 0.4962 -0.4195 -0.7602
vn -0.0739 -0.4145 -0.9070
vn -0.1093 -0.1760 -0.9783
vn -0.2576 -0.2123 -0.9426
vn -0.0329 -0.0769 -0.9965
vn -0.0840 -0.1157 -0.9897
vn -0.1151 -0.2249 -0.9676
vn -0.0510 -0.1626 -0.9854
vn -0.0746 -0.0739 -0.9945
vn -0.1024 -0.1422 -0.9845
vn -0.1272 -0.2053 -0.9704
vn -0.1155 -0.2154 -0.9697
vn -0.0776 -0.1796 -0.9807
vn -0.0795 -0.2123 -0.9740
vn -0.1460 -0.1671 -0.9751
vn -0.1896 -0.1871 -0.9639
vn 0.2890 -0.2122 -0.9335
vn 0.1511 -0.0992 -0.9835
vn 0.3832 0.2473 -0.8899
vn 0.3213 0.1799 -0.9297
vn 0.2775 0.0985 -0.9557
vn 0.2754 0.0681 -0.9589
vn 0.2099 -0.0266 -0.9774
vn 0.2005 0.0527 -0.9783
vn 0.1786 0.0957 -0.9793
vn 0.2005 0.0623 -0.9777
vn 0.2238 0.0670 -0.9723
vn 0.1958 0.0420 -0.9797
vn 0.1854 -0.0027 -0.9827
vn 0.1852 -0.0116 -0.9826
vn 0.1640 0.0658 -0.9843
vn 0.2901 0.1524 -0.9448
vn 0.2536 0.1893 -0.9486
vn 0.3127 0.2861 -0.9057
vn 0.6744 0.3368 -0.6571
vn 0.5658 0.2761 -0.7769
vn 0.4865 0.2180 -0.8460
vn 0.5191 0.2060 -0.8295
vn 0.5395 0.2302 -0.8099
vn 0.4837 0.2559 -0.8370
vn 0.4603 0.3035 -0.8343
vn 0.4936 0.3168 -0.8099
vn 0.4922 0.2598 -0.8308
vn 0.4639 0.2220 -0.8576
vn 0.4754 0.2232 -0.8510
vn 0.4858 0.2549 -0.8361
vn 0.5178 0.3255 -0.7911
vn 0.4927 0.3641 -0.7904
vn 0.2630 0.3586 -0.8957
vn 0.3928 0.3932 -0.8313
vn 0.7732 0.4117 -0.4824
vn 0.7897 0.3889 -0.4745
vn 0.7464 0.4082 -0.5256
vn 0.7589 0.3992 -0.5144
vn 0.7786 0.4072 -0.4774
vn 0.7331 0.4274 -0.5290
vn 0.6704 0.4585 -0.5834
vn 0.6572 0.4254 -0.6222
vn 0.6841 0.4189 -0.5971
vn 0.6993 0.4533 -0.5527
vn 0.7283 0.4639 -0.5044
vn 0.7497 0.4771 -0.4587
vn 0.7631 0.4358 -0.4773
vn 0.7118 0.4716 -0.5206
vn 0.5537 0.5966 -0.5809
vn 0.8476 0.5122 -0.1388
vn 0.8443 0.4952 -0.2049
vn 0.8485 0.5049 -0.1583
vn 0.8451 0.5183 -0.1310
vn 0.8608 0.4755 -0.1816
vn 0.8630 0.4658 -0.1955
vn 0.8189 0.5165 -0.2503
vn 0.7746 0.5610 -0.2919
vn 0.7793 0.6080 -0.1522
vn 0.7918 0.6081 -0.0569
vn 0.8088 0.5878 -0.0199
vn 0.8625 0.5045 -0.0400
vn 0.8948 0.4397 -0.0773
vn 0.8472 0.5186 -0.1154
vn 0.6797 0.7091 -0.1876
vn 0.7851 0.5896 0.1898
vn 0.8107 0.5418 0.2220
vn 0.8371 0.5384 0.0969
vn 0.8408 0.5158 0.1643
vn 0.8530 0.4820 0.2002
vn 0.8480 0.4698 0.2453
vn 0.8324 0.4983 0.2427
vn 0.7565 0.6049 0.2485
vn 0.6943 0.6503 0.3084
vn 0.7217 0.5994 0.3462
vn 0.7682 0.5601 0.3101
vn 0.8317 0.4626 0.3071
vn 0.8709 0.3592 0.3356
vn 0.8471 0.4247 0.3196
vn 0.7131 0.6412 0.2835
vn 0.4950 0.8428 0.2113
vn 0.6257 0.5451 0.5580
vn 0.6146 0.4103 0.6738
vn 0.7155 0.5243 0.4618
vn 0.5934 0.4209 0.6861
vn 0.6026 0.4118 0.6836
vn 0.6234 0.3407 0.7038
vn 0.5985 0.3585 0.7164
vn 0.5092 0.4048 0.7595
vn 0.5246 0.4556 0.7192
vn 0.6099 0.5197 0.5983
vn 0.6550 0.4668 0.5942
vn 0.6786 0.4169 0.6048
vn 0.7090 0.2665 0.6529
vn 0.6950 0.2548 0.6724
vn 0.6127 0.4094 0.6760
vn 0.4557 0.6411 0.6175
vn 0.5222 0.3626 0.7719
vn 0.2613 0.3932 0.8816
vn 0.4324 0.5061 0.7462
vn 0.0936 0.0689 0.9932
vn 0.2746 0.1688 0.9466
vn 0.3354 0.2161 0.9170
vn 0.2294 0.1386 0.9634
vn 0.1900 0.1438 0.9712
vn 0.2453 0.1671 0.9549
vn 0.3616 0.1521 0.9198
vn 0.4610 0.3095 0.8317
vn 0.4812 0.3133 0.8188
vn 0.4960 0.2286 0.8377
vn 0.5338 0.0997 0.8397
vn 0.5336 0.2024 0.8212
vn 0.2863 0.4109 0.8656
vn 0.0196 0.3456 0.9382
vn 0.0157 0.0562 0.9983
vn -0.2122 0.2741 0.9380
vn 0.0536 0.0103 0.9985
vn -0.0495 -0.0570 0.9971
vn -0.0536 -0.0040 0.9986
vn -0.0361 -0.0315 0.9989
vn 0.0571 -0.0000 0.9984
vn 0.0835 -0.0945 0.9920
vn 0.0834 -0.1099 0.9904
vn 0.1890 0.0186 0.9818
vn 0.2790 0.1178 0.9530
vn 0.3813 0.0506 0.9231
vn 0.5213 0.0232 0.8531
vn -0.2641 0.3322 0.9055
vn -0.3732 0.2557 0.8918
vn -0.6283 -0.1094 0.7702
vn -0.2013 -0.0617 0.9776
vn -0.0646 -0.0362 0.9973
vn -0.3255 -0.2449 0.9133
vn -0.2292 -0.1556 0.9609
vn -0.1642 -0.1044 0.9809
vn -0.1090 -0.1827 0.9771
vn -0.0488 -0.1187 0.9917
vn -0.0385 -0.2187 0.9750
vn -0.1225 -0.2679 0.9556
vn -0.1094 -0.2310 0.9668
vn 0.0191 -0.1730 0.9847
vn 0.3467 -0.1795 0.9206
vn 0.6498 -0.0274 0.7597
vn -0.8320 -0.1851 0.5230
vn -0.8245 -0.0425 0.5642
vn -0.3738 -0.4021 0.8358
vn -0.6187 -0.2295 0.7514
vn -0.4990 -0.2519 0.8292
vn -0.4376 -0.2218 0.8714
vn -0.3224 -0.3077 0.8952
vn -0.3250 -0.2523 0.9114
vn -0.2740 -0.2533 0.9278
vn -0.2590 -0.3298 0.9078
vn -0.2819 -0.3134 0.9068
vn -0.3035 -0.3514 0.8857
vn -0.4156 -0.4248 0.8043
vn -0.4676 -0.4868 0.7378
vn -0.2296 -0.5526 0.8012
vn -0.8540 -0.5200 0.0161
vn -0.8671 -0.4037 0.2918
vn -0.5989 -0.5006 0.6250
vn -0.4672 -0.2538 0.8469
vn -0.6817 -0.4535 0.5741
vn -0.6111 -0.3601 0.7049
vn -0.5662 -0.4650 0.6806
vn -0.5965 -0.4701 0.6506
vn -0.5803 -0.4798 0.6581
vn -0.5712 -0.5046 0.6474
vn -0.6125 -0.5176 0.5974
vn -0.6697 -0.5419 0.5079
vn -0.7285 -0.5254 0.4397
vn -0.7400 -0.5642 0.3663
vn -0.5854 -0.7058 0.3990
vn 0.3870 -0.7263 0.5681
vn -0.7042 -0.7081 -0.0517
vn -0.6780 -0.6953 0.2383
vn -0.7911 -0.5684 0.2260
vn -0.8030 -0.5562 0.2141
vn -0.7991 -0.5775 0.1675
vn -0.7929 -0.5918 0.1450
vn -0.7754 -0.6138 0.1486
vn -0.7849 -0.6126 0.0930
vn -0.8048 -0.5874 0.0846
vn -0.0940 0.0122 0.9955
vn -0.1037 0.0152 0.9945
vn -0.1035 0.0399 0.9938
vn -0.0956 0.0600 0.9936
vn -0.0816 0.0579 0.9950
vn -0.0522 0.0921 0.9944
vn -0.0052 0.0747 0.9972
vn 0.0282 0.0552 0.9981
vn 0.0402 0.1287 0.9909
vn 0.0506 0.0850 0.9951
vn -0.1146 0.0902 0.9893
vn 0.0310 -0.6717 0.7402
vn -0.0869 0.0226 0.9960
vn -0.2294 -0.0085 0.9733
vn -0.2151 -0.0133 0.9765
vn -0.2169 0.0352 0.9755
vn -0.2315 0.0814 0.9694
vn -0.2514 0.0983 0.9629
vn -0.2630 0.1691 0.9499
vn -0.2603 0.1798 0.9487
vn -0.2473 0.0905 0.9647
vn -0.2517 0.0983 0.9628
vn -0.2674 0.0694 0.9611
vn -0.2488 0.0319 0.9680
vn 0.0335 0.0408 0.9986
vn -0.2249 0.0044 0.9744
vn 0.0202 0.0307 0.9993
vn -0.2442 0.0127 0.9696
vn -0.4689 0.0277 0.8828
vn -0.4709 0.0322 0.8816
vn -0.4525 0.0399 0.8909
vn -0.4219 0.0444 0.9056
vn -0.4071 0.0142 0.9133
vn -0.3809 0.1006 0.9191
vn -0.3579 0.1201 0.9260
vn -0.4016 0.0205 0.9156
vn -0.4690 0.0399 0.8823
vn -0.4877 0.0922 0.8681
vn -0.4490 0.1145 0.8862
vn -0.1442 -0.6325 0.7610
vn -0.4631 0.0182 0.8861
vn -0.4659 0.1046 0.8786
vn -0.3138 -0.6223 0.7171
vn -0.1587 0.3880 0.9079
vn -0.2693 0.4148 0.8692
vn -0.1869 0.3217 0.9282
vn -0.0124 0.3421 0.9396
vn -0.0322 0.2483 0.9681
vn 0.0934 0.2847 0.9540
vn 0.0621 0.1584 0.9854
vn 0.0005 0.2521 0.9677
vn -0.2317 0.1716 0.9575
vn -0.0751 0.0571 0.9955
vn -0.0061 0.0103 0.9999
vn -0.2501 0.0094 0.9682
vn -0.0930 -0.0403 0.9949
vn -0.0297 0.0259 0.9992
vn -0.2774 -0.0999 0.9556
vn -0.1309 -0.0223 0.9911
vn -0.0518 0.0694 0.9962
vn -0.3310 -0.0682 0.9412
vn -0.1717 0.0479 0.9840
vn -0.0635 0.1124 0.9916
vn -0.3827 0.0300 0.9234
vn -0.2002 0.1001 0.9746
vn -0.0689 0.1194 0.9904
vn -0.4158 0.0698 0.9068
vn -0.2203 0.0921 0.9711
vn -0.0727 0.0789 0.9942
vn -0.4390 0.0344 0.8978
vn -0.2351 0.0437 0.9710
vn -0.0775 0.0384 0.9963
vn -0.4443 -0.8760 -0.1876
vn -0.5589 -0.6131 0.5584
vn 0.4784 -0.8709 -0.1127
vn 0.4225 -0.8732 -0.2430
vn 0.1571 -0.7249 -0.6707
vn -0.1951 -0.8295 0.5234
vn -0.0539 -0.8072 0.5878
vn 0.1515 -0.8850 -0.4403
vn 0.0127 -0.8445 -0.5354
vn 0.7575 -0.6446 -0.1032
vn -0.5023 -0.8618 0.0711
vn -0.4973 -0.8508 0.1701
vn -0.3512 -0.7227 -0.5953
vn 0.3376 -0.8325 0.4393
vn -0.5252 -0.7068 -0.4739
vn -0.4989 -0.8657 -0.0396
vn 0.1161 -0.8211 -0.5589
vn -0.6850 -0.5949 0.4206
vn 0.4807 -0.8769 -0.0012
vn 0.3554 -0.7064 -0.6122
vn -0.3340 -0.8415 0.4247
vn 0.4311 -0.8291 0.3561
vn -0.6241 -0.7068 -0.3330
vn 0.0048 -0.7572 -0.6532
vn -0.0053 -0.7869 0.6171
vn -0.0389 -0.7514 -0.6587
vn -0.7502 -0.6007 0.2764
vn 0.5119 -0.8539 0.0940
vn 0.5442 -0.6945 -0.4706
vn -0.4310 -0.8343 0.3438
vn 0.4776 -0.8317 0.2830
vn -0.6931 -0.6835 -0.2291
vn -0.3109 -0.6318 0.7100
vn 0.3275 -0.8717 -0.3646
vn 0.2864 -0.8453 -0.4511
vn 0.0113 -0.7856 0.6187
vn 0.0018 -0.7835 0.6213
vn 0.0661 -0.8088 0.5843
vn -0.1607 -0.7268 -0.6678
vn 0.6301 -0.7076 -0.3198
vn -0.4702 -0.8394 0.2725
vn -0.2426 -0.8575 -0.4537
vn -0.2248 -0.8461 -0.4833
vn 0.5067 -0.8419 0.1855
vn -0.7564 -0.6447 -0.1106
vn -0.4051 -0.5924 0.6964
vn 0.0457 -0.7520 -0.6576
vn -0.3340 -0.8847 -0.3252
vn 0.2066 -0.8234 0.5285
vn -0.0867 -0.9401 -0.3296
vn -0.3202 -0.8219 -0.4712
vn 0.2821 -0.8501 -0.4447
vn -0.7647 -0.6389 0.0839
vn 0.6944 -0.6829 -0.2270
vn 0.1186 -0.5179 0.8472
vn -0.5558 -0.8276 -0.0784
vn 0.3375 -0.8325 0.4393
vn 0.2394 -0.7754 0.5844
vn 0.3877 -0.7865 0.4808
vn -0.4960 -0.8306 -0.2532
vn 0.4693 -0.8000 0.3738
vn -0.2425 -0.8576 -0.4536
vn -0.3645 -0.8215 -0.4385
vn 0.4776 -0.8318 0.2830
vn 0.5141 -0.8061 0.2931
vn 0.0019 -0.7835 0.6213
vn 0.0132 -0.7728 0.6345
vn 0.0022 -0.7769 0.6296
vn 0.5549 -0.8100 0.1896
vn -0.0621 -0.7667 0.6389
vn 0.5823 -0.8093 0.0772
vn -0.2288 -0.7781 0.5849
vn 0.1161 -0.8211 -0.5588
vn -0.1068 -0.7853 -0.6099
vn -0.0866 -0.9402 -0.3295
vn -0.3339 -0.8415 0.4247
vn -0.3202 -0.8219 -0.4711
vn -0.2882 -0.8748 -0.3893
vn -0.4310 -0.8343 0.3437
vn -0.3891 -0.7927 0.4692
vn 0.2863 -0.8453 -0.4511
vn 0.3476 -0.8284 -0.4393
vn 0.2854 -0.8494 -0.4438
vn -0.2254 -0.8493 -0.4774
vn -0.4702 -0.8395 0.2725
vn -0.4629 -0.8109 0.3579
vn 0.4673 -0.8276 -0.3109
vn -0.2425 -0.8382 -0.4884
vn -0.4972 -0.8508 0.1701
vn -0.5060 -0.8149 0.2826
vn 0.5306 -0.8341 -0.1510
vn 0.0136 -0.8442 -0.5359
vn 0.0948 -0.8820 -0.4617
vn -0.5480 -0.8181 0.1744
vn 0.5156 -0.8565 -0.0240
vn 0.0127 -0.8446 -0.5353
vn 0.1574 -0.7920 -0.5899
vn -0.0064 -0.7730 0.6344
vn -0.0053 -0.7869 0.6170
vn 0.1514 -0.8850 -0.4402
vn 0.2849 -0.8448 -0.4529
vn 0.0768 -0.7648 0.6397
vn -0.5766 -0.8151 0.0558
vn 0.2821 -0.8501 -0.4446
vn 0.0026 -0.9932 0.1160
vn -0.0681 -0.9925 0.1013
vn 0.8662 -0.4097 0.2861
vn -0.1158 -0.9877 0.1049
vn 0.8800 -0.4037 0.2502
vn 0.8690 -0.4086 0.2791
vn -0.0792 -0.9945 0.0683
vn 0.7843 -0.5190 0.3399
vn -0.1390 -0.9692 -0.2033
vn 0.5780 -0.6799 0.4513
vn 0.6695 -0.4047 -0.6229
vn 0.1496 -0.7141 -0.6839
vn 0.8475 -0.3866 -0.3638
vn 0.2527 -0.8197 0.5140
vn 0.9119 -0.3336 -0.2390
vn 0.0117 -0.8862 0.4631
vn 0.9721 -0.2313 -0.0396
vn -0.0404 -0.9187 0.3928
vn -0.0817 -0.9961 0.0343
vn -0.0765 -0.9639 0.2550
vn 0.9544 -0.1514 0.2571
vn -0.0045 -0.9832 -0.1823
vn 0.8106 -0.1995 0.5506
vn 0.0381 -0.9502 -0.3094
vn 0.6302 -0.3803 0.6769
vn 0.0923 -0.9359 -0.3401
vn 0.4965 -0.3253 0.8048
vn 0.4379 -0.8646 -0.2464
vn -0.3731 -0.7025 0.6060
vn 0.0797 -0.3082 0.9480
vn -0.2655 -0.9418 0.2063
vn 0.7771 -0.6289 0.0249
vn -0.1157 -0.9877 0.1050
vn 0.8593 -0.4578 0.2280
vn -0.0418 -0.8798 0.4736
vn 0.0118 -0.8862 0.4631
vn 0.4379 -0.8646 -0.2463
vn 0.8617 -0.4853 -0.1484
vn 0.3864 -0.7850 -0.4842
vn 0.1078 -0.7865 0.6081
vn 0.0494 -0.9179 -0.3937
vn 0.5597 -0.5331 0.6344
vn 0.5779 -0.6799 0.4513
vn 0.0381 -0.9502 -0.3093
vn -0.0077 -0.9359 -0.3520
vn 0.8796 -0.3413 0.3315
vn -0.1076 -0.9575 -0.2675
vn -0.0045 -0.9832 -0.1822
vn 0.8800 -0.4038 0.2501
vn 0.8864 -0.3940 0.2430
vn -0.1996 -0.9797 -0.0197
vn -0.0817 -0.9961 0.0344
vn 0.8662 -0.4098 0.2861
vn 0.9050 -0.3580 0.2298
vn 0.8593 -0.4578 0.2281
vn 0.8701 -0.4060 0.2793
vn -0.1925 -0.9519 0.2383
vn -0.0765 -0.9639 0.2551
vn 0.8682 -0.4060 0.2854
vn -0.1119 -0.9105 0.3982
vn 0.7771 -0.6289 0.0250
vn 0.4330 -0.8436 0.3175
vn -0.6593 -0.7329 -0.1679
vn -0.8454 -0.5122 0.1514
vn 0.0709 -0.9913 0.1112
vn -0.8730 -0.3881 0.2955
vn -0.8762 -0.3904 0.2824
vn 0.1491 -0.9815 0.1199
vn -0.8729 -0.3880 0.2956
vn -0.8857 -0.3889 0.2534
vn 0.0865 -0.9934 0.0759
vn -0.8664 -0.4185 0.2723
vn 0.1096 -0.9933 -0.0376
vn -0.6859 -0.6077 0.4004
vn 0.0808 -0.8477 -0.5244
vn -0.3688 -0.7593 0.5362
vn -0.4736 -0.5086 -0.7190
vn -0.7922 -0.3851 -0.4735
vn -0.0546 -0.8647 0.4992
vn -0.8804 -0.3692 -0.2978
vn 0.0785 -0.9031 0.4223
vn -0.9482 -0.2755 -0.1584
vn 0.1107 -0.9427 0.3148
vn -0.9684 -0.2265 0.1040
vn 0.1402 -0.9819 0.1272
vn 0.0750 -0.9900 -0.1198
vn -0.8743 -0.2250 0.4300
vn 0.0018 -0.9473 -0.3204
vn -0.6816 -0.3728 0.6296
vn 0.0013 -0.9269 -0.3753
vn -0.5599 -0.3749 0.7389
vn -0.2089 -0.9119 -0.3533
vn -0.3048 -0.2885 0.9077
vn 0.2675 -0.5117 0.8165
vn -0.9314 -0.3544 0.0829
vn -0.8454 -0.5122 0.1515
vn -0.8729 -0.3881 0.2956
vn -0.8781 -0.3838 0.2858
vn -0.8762 -0.3905 0.2824
vn 0.1263 -0.8947 0.4284
vn 0.2087 -0.9265 0.3131
vn -0.8773 -0.3767 0.2974
vn 0.1401 -0.9819 0.1271
vn 0.2582 -0.9615 0.0939
vn -0.8893 -0.3834 0.2494
vn -0.8857 -0.3890 0.2534
vn 0.0749 -0.9900 -0.1199
vn 0.2040 -0.9566 -0.2080
vn -0.9090 -0.3370 0.2454
vn 0.0018 -0.9473 -0.3203
vn 0.0636 -0.9213 -0.3837
vn -0.7551 -0.3822 0.5327
vn -0.6858 -0.6077 0.4004
vn 0.0012 -0.9269 -0.3752
vn 0.0341 -0.9174 -0.3965
vn -0.3688 -0.7593 0.5361
vn -0.2468 -0.6856 0.6849
vn -0.1458 -0.8415 -0.5202
vn -0.2090 -0.9119 -0.3533
vn -0.0546 -0.8648 0.4992
vn 0.0477 -0.8434 0.5352
vn -0.6905 -0.5998 -0.4043
vn 0.0784 -0.9031 0.4222
vn 0.4658 -0.8625 0.1976
vn -0.4516 -0.8726 0.1859
vn 0.0566 0.2835 0.9573
vn 0.0012 0.2439 0.9698
vn -0.0011 0.2745 0.9616
vn 0.0012 0.2509 0.9680
vn -0.0423 0.3387 0.9399
vn -0.0818 0.3284 0.9410
vn -0.1740 0.3816 0.9078
vn -0.1901 0.3740 0.9077
vn -0.2788 0.4083 0.8692
vn -0.2803 0.4087 0.8685
vn 0.1603 0.3908 0.9064
vn 0.1793 0.3838 0.9059
vn 0.2964 0.4125 0.8614
vn 0.1986 0.3754 0.9053
vn 0.0148 0.3454 0.9383
vn 0.0478 0.3415 0.9387
vn 0.0886 0.3295 0.9400
vn -0.0920 0.2854 0.9540
vn -0.0533 0.2844 0.9572
vn 0.0051 0.2752 0.9614
vn -0.3293 0.8420 -0.4273
vn -0.3926 0.9177 -0.0609
vn -0.3595 0.8622 -0.3569
vn -0.3764 0.9184 -0.1222
vn -0.2944 0.6985 -0.6523
vn -0.3377 0.7550 -0.5621
vn -0.2856 0.5609 -0.7771
vn -0.3359 0.6173 -0.7114
vn -0.2248 0.4752 -0.8507
vn -0.2762 0.5180 -0.8096
vn -0.1325 0.4509 -0.8827
vn -0.0957 0.3985 -0.9122
vn -0.0235 0.3789 -0.9251
vn 0.0131 0.3436 -0.9390
vn 0.0172 0.3255 -0.9454
vn 0.0434 0.3190 -0.9467
vn 0.0004 0.3064 -0.9519
vn 0.0012 0.3114 -0.9503
vn 0.4298 0.9004 -0.0677
vn 0.3281 0.8420 -0.4282
vn 0.3548 0.8681 -0.3472
vn 0.3726 0.9248 -0.0769
vn 0.3014 0.6926 -0.6554
vn 0.3416 0.7568 -0.5573
vn 0.2892 0.5574 -0.7783
vn 0.3364 0.6164 -0.7120
vn 0.2144 0.4716 -0.8553
vn 0.2671 0.5151 -0.8144
vn 0.1267 0.4198 -0.8987
vn 0.0765 0.3916 -0.9170
vn 0.0273 0.3497 -0.9365
vn -0.0190 0.3404 -0.9401
vn -0.0203 0.3199 -0.9472
vn -0.0413 0.3192 -0.9468
vn 0.2982 0.8624 0.4091
vn 0.4298 0.9004 -0.0676
vn 0.3184 0.8612 0.3962
vn 0.3726 0.9248 -0.0768
vn 0.4127 0.6242 0.6634
vn 0.3889 0.5917 0.7062
vn 0.4152 0.4938 0.7640
vn 0.3875 0.4882 0.7820
vn 0.3185 0.4242 0.8477
vn -0.3750 0.4557 0.8073
vn -0.3757 0.4672 0.8003
vn -0.3612 0.4750 0.8024
vn -0.4048 0.5167 0.7544
vn -0.4095 0.5344 0.7394
vn -0.4327 0.5403 0.7217
vn -0.3264 0.6633 0.6734
vn -0.3372 0.6816 0.6494
vn -0.3659 0.7006 0.6125
vn -0.2944 0.8873 0.3551
vn -0.3053 0.8836 0.3551
vn -0.3105 0.8835 0.3508
vn -0.3819 0.9127 -0.1450
vn -0.5051 0.8269 -0.2473
vn -0.3925 0.9177 -0.0608
vn 0.3773 -0.0103 0.9260
vn -0.9879 0.1549 -0.0053
vn 0.7681 -0.6325 0.0996
vn -0.7647 -0.6389 0.0840
vn 0.1492 -0.9815 0.1198
vn -0.0007 0.7182 0.6958
vn 0.0430 0.4981 0.8660
vn 0.0082 0.7267 0.6870
vn 0.1336 0.5238 0.8413
vn 0.0625 0.7256 0.6852
vn 0.2414 0.5790 0.7788
vn 0.1234 0.7638 0.6335
vn 0.3281 0.7012 0.6330
vn 0.1538 0.8380 0.5235
vn 0.1346 0.8392 0.5269
vn 0.3303 0.7601 0.5596
vn 0.1646 0.8613 0.4808
vn 0.3689 0.8084 0.4587
vn 0.2366 0.9318 0.2753
vn 0.0005 0.4738 0.8806
vn 0.0340 0.4228 0.9056
vn 0.1389 0.4861 0.8628
vn 0.2368 0.5483 0.8021
vn 0.3221 0.6465 0.6916
vn 0.3466 0.7229 0.5978
vn 0.3423 0.8157 0.4663
vn 0.4005 0.8913 0.2125
vn -0.0006 0.3400 0.9404
vn 0.0152 0.3442 0.9388
vn 0.1591 0.4250 0.8911
vn 0.2669 0.4912 0.8292
vn 0.3683 0.5684 0.7357
vn 0.3811 0.6362 0.6708
vn 0.3469 0.8037 0.4834
vn 0.3867 0.9087 0.1574
vn -0.3488 0.8004 0.4875
vn -0.3870 0.9075 0.1635
vn -0.3766 0.9094 0.1765
vn -0.3427 0.8134 0.4700
vn -0.3999 0.8910 0.2150
vn -0.3684 0.8075 0.4607
vn -0.2368 0.9330 0.2708
vn -0.3837 0.6329 0.6724
vn -0.3447 0.7217 0.6003
vn -0.3277 0.7593 0.5622
vn -0.1637 0.8621 0.4796
vn -0.3615 0.5672 0.7400
vn -0.3175 0.6448 0.6953
vn -0.3257 0.6989 0.6367
vn -0.1328 0.8396 0.5267
vn -0.2296 0.5465 0.8054
vn -0.2363 0.5760 0.7825
vn -0.1212 0.7630 0.6350
vn -0.1520 0.8376 0.5247
vn -0.2566 0.4893 0.8335
vn -0.1283 0.4846 0.8653
vn -0.1259 0.5222 0.8435
vn -0.0588 0.7249 0.6863
vn -0.1450 0.4227 0.8946
vn -0.0263 0.4202 0.9071
vn -0.0370 0.4971 0.8669
vn -0.0057 0.7264 0.6872
vn -0.0045 0.3405 0.9402
vn -0.0030 0.2508 0.9680
vn -0.0616 0.3235 0.9442
vn 0.1077 0.4015 0.9095
vn 0.2367 0.4412 0.8657
vn 0.3493 0.4915 0.7977
vn 0.4218 0.5409 0.7277
vn 0.3963 0.5864 0.7065
vn 0.0638 0.3195 0.9454
vn -0.0038 0.2274 0.9738
vn -0.0857 0.4019 0.9117
vn -0.2262 0.4388 0.8696
vn -0.3391 0.4902 0.8029
vn -0.4201 0.5380 0.7308
vn -0.4052 0.5790 0.7075
vn -0.0043 0.9409 -0.3386
vn -0.0537 0.4993 -0.8648
vn -0.0774 0.9394 -0.3338
vn -0.1241 0.9415 -0.3133
vn -0.1628 0.5649 -0.8089
vn -0.1912 0.9489 -0.2511
vn -0.3249 0.6486 -0.6882
vn -0.2646 0.9523 -0.1521
vn -0.4368 0.7348 -0.5189
vn -0.2809 0.9574 -0.0669
vn -0.4660 0.8170 -0.3397
vn -0.2751 0.9599 0.0540
vn -0.4499 0.8880 -0.0954
vn -0.0009 0.4578 -0.8891
vn 0.0122 0.3746 -0.9271
vn -0.0930 0.4646 -0.8806
vn -0.2651 0.5916 -0.7614
vn -0.3563 0.7131 -0.6038
vn -0.3660 0.8274 -0.4259
vn -0.3889 0.9065 -0.1644
vn -0.3999 0.8910 0.2149
vn 0.0015 0.3383 -0.9410
vn 0.0290 0.3190 -0.9473
vn -0.0705 0.3899 -0.9182
vn -0.2459 0.5345 -0.8086
vn -0.2994 0.6952 -0.6535
vn -0.3370 0.8277 -0.4487
vn -0.4000 0.9079 -0.1255
vn -0.3870 0.9075 0.1634
vn 0.3985 0.9079 -0.1297
vn 0.3867 0.9087 0.1573
vn 0.3764 0.9110 0.1688
vn 0.3899 0.9051 -0.1694
vn 0.4005 0.8913 0.2124
vn 0.4505 0.8880 -0.0926
vn 0.2366 0.9318 0.2752
vn 0.3386 0.8252 -0.4522
vn 0.3679 0.8275 -0.4241
vn 0.4677 0.8178 -0.3353
vn 0.2748 0.9595 0.0619
vn 0.3010 0.6961 -0.6518
vn 0.3573 0.7145 -0.6015
vn 0.4380 0.7348 -0.5179
vn 0.2827 0.9574 -0.0587
vn 0.2440 0.5344 -0.8093
vn 0.2640 0.5911 -0.7622
vn 0.3220 0.6478 -0.6904
vn 0.2632 0.9533 -0.1481
vn 0.0892 0.4630 -0.8818
vn 0.1617 0.5640 -0.8098
vn 0.1852 0.9505 -0.2496
vn 0.0646 0.3867 -0.9200
vn -0.0135 0.3730 -0.9277
vn 0.0518 0.4981 -0.8656
vn 0.1180 0.9414 -0.3160
vn -0.0289 0.3176 -0.9478
vn 0.0687 0.9396 -0.3354
vn 0.0439 0.5327 0.8452
vn -0.0030 0.5365 0.8439
vn 0.5926 0.7404 -0.3174
vn -0.5985 0.7391 -0.3091
vn -0.3333 0.7931 -0.5099
vn 0.6122 0.5968 0.5187
vn 0.4871 0.5625 0.6681
vn 0.1245 0.5414 0.8315
vn -0.6109 0.5931 0.5244
vn -0.3651 0.5604 0.7434
vn 0.2408 0.5530 0.7976
vn 0.7831 0.5887 0.2004
vn -0.1360 0.5421 0.8293
vn 0.7328 0.6707 -0.1152
vn -0.7361 0.6684 -0.1071
vn 0.3247 0.7952 -0.5121
vn -0.1489 0.8058 -0.5732
vn -0.0037 0.7987 -0.6017
vn 0.3647 0.5617 0.7427
vn -0.7830 0.5856 0.2096
vn -0.8057 0.5907 0.0440
vn -0.0510 0.5328 0.8447
vn 0.1408 0.8050 -0.5764
vn 0.7057 0.6208 0.3415
vn -0.7050 0.6169 0.3497
vn -0.4867 0.5587 0.6716
vn -0.7050 0.6169 0.3498
vn -0.2510 0.5511 0.7958
vn 0.8042 0.5935 0.0332
vn 0.1245 0.5415 0.8314
vn 0.0561 0.4599 0.8862
vn 0.0439 0.5328 0.8451
vn -0.3333 0.7930 -0.5099
vn -0.6118 0.6510 -0.4492
vn -0.3553 0.7321 -0.5812
vn 0.2408 0.5531 0.7976
vn 0.1551 0.4605 0.8740
vn -0.5986 0.7391 -0.3090
vn -0.7686 0.5982 -0.2267
vn 0.3647 0.5617 0.7426
vn 0.2930 0.4572 0.8397
vn -0.7361 0.6684 -0.1070
vn -0.8002 0.5996 -0.0153
vn 0.4871 0.5626 0.6680
vn 0.4306 0.4625 0.7750
vn -0.8057 0.5907 0.0441
vn -0.8475 0.5242 0.0837
vn 0.6122 0.5969 0.5187
vn 0.5534 0.4787 0.6816
vn -0.7830 0.5856 0.2097
vn -0.8448 0.4773 0.2420
vn 0.7252 0.4703 0.5030
vn 0.7831 0.5887 0.2005
vn 0.8465 0.4788 0.2328
vn -0.7049 0.6170 0.3498
vn -0.7234 0.4683 0.5074
vn 0.8041 0.5935 0.0332
vn 0.8466 0.5272 0.0729
vn -0.6108 0.5932 0.5244
vn -0.5530 0.4762 0.6837
vn 0.7327 0.6707 -0.1152
vn 0.7978 0.6025 -0.0246
vn -0.4322 0.4576 0.7770
vn 0.5925 0.7404 -0.3174
vn 0.7648 0.5995 -0.2359
vn -0.3650 0.5605 0.7433
vn -0.3003 0.4560 0.8378
vn 0.3247 0.7951 -0.5122
vn 0.6046 0.6541 -0.4545
vn -0.2509 0.5512 0.7958
vn -0.1661 0.4593 0.8726
vn 0.1407 0.8049 -0.5764
vn 0.3462 0.7326 -0.5861
vn -0.1360 0.5421 0.8292
vn -0.0622 0.4596 0.8860
vn -0.0038 0.7987 -0.6018
vn 0.1614 0.7618 -0.6274
vn -0.1692 0.7595 -0.6281
vn -0.0042 0.7862 -0.6180
vn -0.0510 0.5329 0.8447
vn -0.0025 0.4530 0.8915
vn -0.0030 0.5366 0.8438
vn -0.1490 0.8058 -0.5732
vn -0.0014 0.9162 0.4006
vn 0.4855 0.8553 -0.1808
vn 0.4855 0.8553 -0.1809
vn -0.1902 0.9198 0.3431
vn -0.2357 0.9716 -0.0201
vn -0.2108 0.6991 0.6832
vn -0.1938 0.7878 0.5847
vn -0.1692 0.6515 0.7396
vn -0.1119 0.6235 0.7738
vn -0.0008 0.5626 0.8267
vn -0.0053 0.5762 0.8173
vn 0.0299 0.5986 0.8005
vn 0.0819 0.6049 0.7921
vn 0.0038 0.5792 0.8152
vn -0.0285 0.6036 0.7968
vn -0.0768 0.6136 0.7859
vn -0.2357 0.9716 -0.0202
vn -0.1888 0.9573 -0.2191
vn -0.1831 0.9380 -0.2945
vn -0.2025 0.9043 -0.3757
vn -0.1797 0.8782 -0.4432
vn -0.1185 0.8496 -0.5139
vn -0.0549 0.8427 -0.5356
vn -0.0194 0.8496 -0.5271
vn -0.0059 0.8413 -0.5406
vn 0.2433 0.9699 0.0069
vn 0.1893 0.9585 -0.2133
vn 0.1829 0.9383 -0.2935
vn 0.2000 0.9044 -0.3768
vn 0.1701 0.8757 -0.4519
vn 0.1046 0.8462 -0.5225
vn 0.0519 0.8460 -0.5306
vn 0.0028 0.8520 -0.5236
vn 0.2067 0.9033 0.3759
vn 0.2236 0.7350 0.6401
vn 0.2032 0.6520 0.7305
vn 0.1312 0.6156 0.7771
vn -0.0889 0.9055 -0.4148
vn -0.0037 0.9115 -0.4112
vn -0.2319 0.6613 0.7134
vn -0.2899 0.8874 -0.3583
vn -0.3156 0.6480 0.6931
vn 0.5554 0.7747 0.3024
vn -0.4930 0.8312 -0.2570
vn -0.3854 0.6463 0.6586
vn 0.5967 0.7628 0.2490
vn -0.4846 0.6886 0.5394
vn 0.7030 0.6869 0.1844
vn 0.4485 0.8442 -0.2935
vn 0.6374 0.7563 -0.1471
vn -0.5508 0.7769 0.3050
vn 0.7337 0.6783 0.0407
vn 0.7367 0.6634 0.1307
vn 0.0164 0.6368 0.7709
vn -0.0071 0.6293 0.7771
vn 0.2565 0.8912 -0.3741
vn 0.0340 0.6529 0.7567
vn -0.6783 0.7310 -0.0746
vn 0.0735 0.9051 -0.4188
vn 0.1196 0.6667 0.7356
vn -0.7420 0.6603 0.1160
vn 0.2220 0.6564 0.7210
vn -0.6083 0.7552 0.2443
vn -0.7335 0.6567 0.1751
vn 0.2987 0.6480 0.7007
vn -0.5508 0.7769 0.3049
vn 0.3685 0.6480 0.6666
vn -0.0300 0.6374 0.7699
vn 0.4738 0.7016 0.5323
vn -0.0399 0.6530 0.7563
vn 0.5553 0.7747 0.3025
vn -0.1212 0.6689 0.7334
vn -0.8915 -0.0435 -0.4510
vn -0.7725 -0.0161 -0.6348
vn 0.2047 -0.1054 0.9731
vn -0.9782 0.0174 -0.2067
vn 0.3388 -0.1297 0.9319
vn -0.9524 0.0052 0.3047
vn 0.4444 -0.1385 0.8850
vn -0.0274 -0.0887 0.9957
vn 0.5345 -0.1068 0.8384
vn -0.0718 -0.0930 0.9931
vn 0.7040 -0.0107 0.7102
vn -0.1930 -0.1049 0.9756
vn -0.0581 0.0917 -0.9941
vn -0.0013 0.0879 -0.9961
vn -0.3379 -0.1332 0.9317
vn -0.2059 0.0966 -0.9738
vn -0.4531 -0.1501 0.8788
vn 0.9371 0.0470 0.3459
vn -0.3969 0.0842 -0.9140
vn -0.5457 -0.1314 0.8276
vn 0.9883 0.0720 -0.1344
vn -0.5875 0.0457 -0.8080
vn -0.7083 -0.0596 0.7034
vn 0.9228 0.0225 -0.3845
vn 0.5424 0.0540 -0.8384
vn -0.9524 0.0052 0.3048
vn 0.8533 -0.0135 -0.5212
vn 0.3650 0.0879 -0.9269
vn 0.0252 -0.0875 0.9958
vn -0.0010 -0.0842 0.9964
vn 0.7218 0.0011 -0.6921
vn 0.1868 0.0951 -0.9778
vn 0.0500 0.0914 -0.9946
vn 0.0771 -0.0918 0.9928
vn 0.2227 0.4027 0.8878
vn -0.0971 0.9363 0.3375
vn -0.3682 0.7942 0.4835
vn 0.3293 0.9189 0.2173
vn 0.2010 0.4140 0.8878
vn 0.7656 0.5930 0.2492
vn 0.1896 0.4105 0.8920
vn 0.1580 -0.3151 0.9358
vn 0.2215 0.4041 0.8875
vn -0.0909 0.8833 0.4599
vn 0.2882 0.2319 0.9291
vn 0.2885 0.8731 0.3929
vn -0.5470 0.5521 0.6292
vn -0.3404 0.6203 0.7067
vn -0.5525 0.5349 0.6392
vn -0.4027 0.7564 0.5155
vn -0.1077 -0.4056 0.9077
vn -0.5730 0.0699 0.8166
vn -0.5709 -0.0862 0.8165
vn -0.5240 0.4838 0.7009
vn 0.2777 0.7749 0.5678
vn 0.3353 0.1691 0.9268
vn 0.0884 0.7946 0.6007
vn 0.3295 0.1330 0.9347
vn 0.6960 -0.5042 0.5113
vn 0.6769 -0.3634 0.6400
vn 0.3193 0.1046 0.9419
vn 0.3521 -0.6751 0.6483
vn 0.1043 0.7909 0.6030
vn 0.5202 -0.5162 0.6803
vn 0.6135 0.6188 0.4906
vn 0.2932 0.3892 0.8732
vn 0.3159 0.1980 0.9279
vn -0.4953 -0.0799 0.8650
vn -0.2757 -0.0511 0.9599
vn -0.3444 -0.3673 0.8640
vn 0.3189 0.4522 0.8329
vn -0.0970 0.9336 0.3451
vn -0.2482 0.8429 0.4773
vn 0.3412 0.4369 0.8323
vn 0.3125 0.4409 0.8414
vn 0.3155 0.4432 0.8391
vn 0.3378 0.4310 0.8367
vn 0.2998 0.4632 0.8340
vn 0.3293 0.4470 0.8317
vn 0.3305 0.4212 0.8446
vn 0.3156 0.4385 0.8415
vn 0.1577 -0.0824 0.9840
vn 0.4171 0.3029 0.8569
vn 0.1393 0.1456 0.9795
vn 0.2276 0.6448 0.7297
vn 0.4505 0.1468 0.8806
vn -0.0626 0.7012 0.7102
vn 0.4091 0.1749 0.8956
vn 0.5562 -0.5445 0.6279
vn 0.3684 0.3213 0.8724
vn 0.2299 -0.2854 0.9304
vn 0.5154 0.2645 0.8151
vn 0.4080 0.4969 0.7659
vn 0.0949 0.9810 0.1690
vn 0.4849 0.4219 0.7661
vn 0.4594 0.4727 0.7520
vn 0.3871 0.4510 0.8042
vn 0.4811 0.4149 0.7722
vn 0.3773 0.4319 0.8192
vn 0.4766 0.4150 0.7750
vn 0.3614 0.4418 0.8211
vn 0.4997 0.3597 0.7880
vn 0.3556 0.4349 0.8273
vn 0.4066 0.3550 0.8418
vn 0.5193 0.3221 0.7916
vn 0.5313 0.3272 0.7815
vn 0.4988 0.3373 0.7984
vn 0.4064 0.3266 0.8533
vn 0.4754 0.1892 0.8592
vn 0.4558 0.7214 0.5214
vn 0.7361 0.3410 0.5847
vn -0.2994 0.2211 0.9282
vn 0.6479 -0.2187 0.7297
vn 0.4541 0.1740 0.8738
vn -0.3546 0.7405 0.5709
vn -0.4361 0.5896 0.6799
vn -0.4725 0.3820 0.7942
vn -0.3459 0.5021 0.7926
vn -0.4942 0.5389 0.6822
vn -0.2102 -0.2582 0.9430
vn -0.5002 0.1960 0.8434
vn 0.5861 0.7571 0.2886
vn 0.0165 -0.3669 0.9301
vn 0.4374 -0.6380 0.6338
vn 0.3921 -0.4090 0.8240
vn 0.5251 0.3135 0.7912
vn 0.8480 -0.2349 0.4752
vn 0.5788 0.2554 0.7744
vn 0.5693 0.2006 0.7973
vn 0.9317 0.2121 0.2950
vn 0.6358 0.1445 0.7582
vn 0.3783 0.2194 0.8993
vn 0.9322 0.1720 0.3184
vn 0.8606 -0.3405 0.3788
vn 0.5586 0.1234 0.8202
vn 0.1155 -0.5447 0.8306
vn 0.6663 -0.0416 0.7445
vn 0.1794 -0.6046 0.7761
vn 0.7433 -0.0861 0.6634
vn 0.4945 0.3944 0.7745
vn 0.5351 0.8422 0.0656
vn 0.4626 0.4396 0.7699
vn 0.4667 0.4238 0.7763
vn 0.5288 0.3694 0.7641
vn 0.4722 0.4036 0.7837
vn 0.5552 0.3140 0.7701
vn 0.4966 0.3493 0.7946
vn 0.5811 0.2769 0.7652
vn 0.5201 0.3213 0.7914
vn 0.5154 0.3434 0.7852
vn 0.3020 0.9456 0.1205
vn 0.4619 0.4415 0.7692
vn 0.4683 0.4230 0.7757
vn 0.4713 0.4151 0.7782
vn 0.4947 0.3860 0.7786
vn 0.5230 0.3397 0.7817
vn 0.6475 0.0995 0.7556
vn 0.6231 0.5792 0.5256
vn 0.8475 0.4964 0.1879
vn 0.1583 -0.5570 0.8153
vn 0.7721 -0.1512 0.6173
vn 0.6646 0.1283 0.7361
vn 0.5010 -0.7083 0.4973
vn 0.7879 -0.5656 0.2435
vn 0.8557 -0.3149 0.4106
vn 0.4380 -0.8908 0.1209
vn 0.6149 -0.7734 -0.1542
vn 0.6190 0.2561 0.7425
vn 0.9999 0.0127 0.0063
vn 0.9739 -0.0006 0.2268
vn 0.9381 -0.3379 0.0758
vn 0.4371 0.5301 0.7266
vn 0.7846 -0.0347 0.6190
vn 0.7381 -0.0317 0.6740
vn 0.8498 -0.2643 0.4561
vn 0.6068 0.6549 0.4505
vn 0.7443 0.4550 0.4889
vn 0.8060 -0.2306 0.5452
vn 0.3954 0.7282 0.5598
vn 0.2449 0.6286 0.7382
vn 0.6770 0.6929 0.2481
vn 0.7008 -0.0352 0.7124
vn 0.9738 0.2015 -0.1057
vn 0.9967 -0.0005 0.0818
vn 0.7759 -0.1586 0.6106
vn 0.9568 0.0444 -0.2874
vn 0.7412 -0.6183 -0.2614
vn 0.9108 -0.2690 -0.3131
vn 0.7471 -0.0304 0.6640
vn 0.2975 -0.7461 0.5957
vn 0.5876 0.3032 0.7502
vn 0.9948 -0.0721 0.0723
vn 0.9698 0.2305 0.0803
vn 0.8346 0.5457 0.0753
vn 0.7680 0.5277 0.3629
vn 0.8990 -0.0143 -0.4376
vn 0.9255 0.3175 -0.2066
vn 0.8384 -0.5004 -0.2160
vn 0.7158 -0.5332 -0.4509
vn 0.7872 -0.4702 -0.3990
vn 0.6302 0.2610 0.7313
vn 0.9552 -0.2360 0.1786
vn 0.7083 0.0800 0.7013
vn 0.6235 -0.6345 0.4569
vn 0.8313 0.5213 0.1929
vn 0.1837 -0.2853 0.9407
vn -0.0121 -0.3156 0.9488
vn 0.0920 -0.5903 0.8019
vn 0.6062 -0.6217 0.4961
vn 0.6132 -0.4907 0.6190
vn 0.4589 -0.8844 0.0849
vn 0.8055 0.5884 0.0703
vn 0.1356 -0.6263 0.7677
vn 0.2650 -0.8490 0.4570
vn 0.1152 -0.5225 0.8448
vn 0.0784 -0.4846 0.8712
vn 0.3053 -0.4110 0.8590
vn -0.5230 0.5419 0.6579
vn 0.0039 0.0137 0.9999
vn -0.0008 0.0049 1.0000
vn -0.7492 -0.0091 0.6623
vn -0.6896 0.3103 0.6544
vn 0.0249 0.0340 0.9991
vn 0.0091 0.0130 0.9999
vn -0.5135 -0.4617 0.7234
vn 0.0540 0.0124 0.9985
vn 0.0285 0.0993 0.9946
vn -0.2106 0.7964 0.5669
vn -0.5532 0.5784 0.5995
vn -0.7846 0.0377 0.6189
vn 0.0232 0.1077 0.9939
vn 0.0864 0.1172 0.9893
vn -0.7509 -0.1593 0.6409
vn -0.5997 -0.0248 0.7998
vn 0.0671 0.0415 0.9969
vn -0.5127 -0.5036 0.6954
vn 0.0769 0.0278 0.9967
vn 0.4770 -0.4161 0.7741
vn 0.2913 -0.5592 0.7762
vn -0.3203 0.6811 0.6584
vn -0.0053 -0.0173 0.9998
vn 0.0190 0.0020 0.9998
vn 0.0286 -0.0044 0.9996
vn 0.2559 0.6950 0.6719
vn 0.2157 0.7845 0.5815
vn 0.3730 -0.6059 0.7027
vn 0.0038 -0.7474 0.6644
vn -0.1123 -0.3592 0.9265
vn -0.0998 0.8007 0.5908
vn 0.1326 0.1161 0.9843
vn -0.1275 0.6702 0.7311
vn 0.1337 0.1057 0.9854
vn 0.6856 -0.1613 0.7099
vn 0.1338 0.1141 0.9844
vn 0.1081 0.0907 0.9900
vn -0.4503 0.1869 0.8731
vn -0.1214 0.6174 0.7772
vn 0.4179 -0.6226 0.6616
vn 0.7645 -0.2901 0.5757
vn -0.1122 0.7561 0.6448
vn 0.0372 -0.0523 0.9979
vn 0.0342 0.0642 0.9973
vn 0.0418 -0.0323 0.9986
vn 0.1349 -0.0361 0.9902
vn 0.0163 -0.0169 0.9997
vn 0.0321 -0.0245 0.9992
vn 0.0611 -0.0479 0.9970
vn 0.0552 -0.0075 0.9984
vn 0.0692 -0.0375 0.9969
vn 0.0879 0.0079 0.9961
vn -0.3822 0.5810 0.7186
vn -0.3325 -0.5677 0.7531
vn -0.3387 -0.3944 0.8542
vn -0.6356 0.3130 0.7057
vn -0.3932 0.6631 0.6369
vn -0.3879 -0.4801 0.7868
vn -0.6301 -0.1822 0.7549
vn 0.6268 0.5215 0.5789
vn 0.4242 0.6628 0.6171
vn 0.1732 -0.0670 0.9826
vn 0.7781 0.2791 0.5627
vn 0.1365 -0.0563 0.9890
vn 0.1461 -0.0588 0.9875
vn 0.1743 -0.0624 0.9827
vn 0.7493 0.0594 0.6595
vn 0.1852 -0.1025 0.9773
vn 0.1480 -0.0498 0.9877
vn 0.6289 -0.4155 0.6572
vn 0.1662 -0.0033 0.9861
vn 0.2360 0.0020 0.9717
vn 0.7617 0.1204 0.6367
vn 0.1658 0.0192 0.9860
vn 0.2588 0.0477 0.9647
vn 0.1701 0.0850 0.9818
vn 0.1825 0.0679 0.9809
vn -0.3841 0.4349 0.8144
vn 0.2221 -0.0146 0.9749
vn 0.4774 -0.5863 0.6545
vn 0.4471 -0.4391 0.7793
vn 0.2414 0.0255 0.9701
vn 0.8419 0.0101 0.5395
vn 0.8783 -0.0834 0.4708
vn 0.6129 -0.6481 0.4521
vn 0.2226 0.3502 0.9098
vn 0.6960 -0.1232 0.7074
vn 0.3939 -0.1464 0.9074
vn 0.8405 0.3622 0.4030
vn 0.5203 0.6077 0.6000
vn 0.4508 0.0215 0.8924
vn 0.1338 0.6113 0.7800
vn 0.3141 0.7235 0.6147
vn 0.1393 0.6555 0.7422
vn 0.2531 -0.1022 0.9620
vn 0.4245 -0.1123 0.8985
vn 0.1440 -0.7006 0.6988
vn 0.1651 0.6860 0.7086
vn 0.1876 -0.6068 0.7724
vn 0.5024 -0.0138 0.8645
vn 0.3679 0.7504 0.5492
vn 0.0180 0.6655 0.7462
vn 0.9577 0.2160 0.1902
vn 0.7054 0.6096 0.3617
vn 0.5172 0.0099 0.8558
vn 0.9325 0.0676 0.3549
vn 0.8995 -0.3778 0.2194
vn 0.9786 0.0521 0.1992
vn 0.2747 -0.7416 0.6120
vn 0.8132 0.4229 0.3999
vn 0.7636 0.2674 0.5878
vn 0.9752 -0.0823 0.2053
vn 0.4682 -0.7984 0.3787
vn 0.7814 -0.5644 0.2663
vn -0.4505 0.2270 0.8634
vn -0.5668 0.2838 0.7734
vn 0.2416 -0.1162 0.9634
vn 0.1390 -0.6788 0.7210
vn 0.4735 0.4349 0.7659
vn -0.1903 -0.1940 0.9624
vn -0.4876 0.3179 0.8132
vn 0.6497 -0.3795 0.6587
vn 0.1751 0.8003 0.5735
vn -0.2607 0.5660 0.7821
vn 0.2326 0.6493 0.7241
vn 0.1933 -0.6643 0.7220
vn 0.1084 0.2720 0.9562
vn -0.0263 -0.6915 0.7219
vn 0.6303 -0.1993 0.7503
vn 0.8791 0.4209 0.2236
vn 0.5009 0.6479 0.5739
vn 0.6698 -0.0348 0.7418
vn 0.6042 -0.7447 0.2834
vn 0.7160 -0.6161 0.3284
vn -0.0277 0.4295 0.9026
vn 0.0514 0.5648 0.8236
vn 0.3899 0.7322 0.5584
vn -0.0308 -0.4743 0.8798
vn -0.1452 0.0447 0.9884
vn 0.2208 -0.7219 0.6558
vn 0.6610 0.3585 0.6592
vn 0.9186 0.2117 0.3338
vn 0.4947 0.5763 0.6505
vn 0.7904 -0.2391 0.5640
vn 0.7457 0.5117 0.4267
vn 0.6505 -0.2081 0.7304
vn 0.7781 -0.2506 0.5760
vn 0.6630 -0.2484 0.7062
vn 0.7670 -0.2383 0.5957
vn -0.2266 -0.1849 0.9563
vn -0.2008 -0.3038 0.9314
vn 0.0217 -0.1501 0.9884
vn 0.4946 -0.0459 0.8679
vn 0.5131 0.6096 0.6042
vn -0.1867 0.1595 0.9694
vn -0.0154 0.4201 0.9073
vn 0.7713 -0.1345 0.6221
vn 0.9897 0.0520 0.1337
vn 0.8170 -0.5662 0.1096
vn 0.8037 -0.2595 0.5355
vn 0.8206 0.5127 0.2525
vn 0.8125 -0.2458 0.5287
vn 0.9374 0.3467 0.0322
vn 0.8246 -0.2197 0.5213
vn 0.5577 -0.7785 0.2878
vn 0.8841 0.1531 0.4414
vn 0.3728 -0.4763 0.7964
vn 0.5549 -0.5880 0.5886
vn 0.5871 0.5614 0.5832
vn 0.9574 -0.1063 -0.2687
vn 0.9672 -0.0034 -0.2541
vn 0.4858 -0.7230 0.4912
vn 0.5245 -0.8230 0.2180
vn 0.8845 -0.3749 -0.2778
vn 0.7970 -0.5759 -0.1818
vn 0.6922 0.6659 0.2783
vn 0.8052 0.4847 0.3416
vn 0.8066 -0.2605 0.5306
vn 0.9731 0.1121 -0.2013
vn 0.9727 -0.2217 -0.0688
vn 0.9081 -0.2826 -0.3091
vn 0.2474 -0.5040 0.8275
vn 0.6828 -0.7150 0.1502
vn 0.8154 -0.2548 0.5198
vn 0.3131 -0.1554 0.9369
vn -0.2927 -0.1585 0.9430
vn -0.0907 0.2939 0.9515
vn 0.9012 0.4332 0.0115
vn 0.8746 0.4459 -0.1901
vn 0.8996 -0.1911 -0.3926
vn 0.5503 0.0438 0.8338
vn 0.5457 -0.0047 0.8379
vn 0.5224 0.0341 0.8520
vn -0.1341 0.5253 0.8403
vn 0.5162 0.0670 0.8538
vn -0.2388 0.2466 0.9392
vn 0.5521 0.0085 0.8337
vn 0.5664 0.0055 0.8241
vn 0.5142 0.0197 0.8575
vn 0.6371 0.6885 0.3465
vn 0.1183 0.7392 0.6630
vn -0.2441 0.3683 0.8971
vn -0.1620 -0.0176 0.9866
vn -0.3356 -0.0745 0.9391
vn -0.4070 -0.0818 0.9098
vn 0.4784 0.0186 0.8780
vn 0.0993 -0.7413 0.6638
vn 0.5141 -0.7358 0.4408
vn 0.5274 0.0476 0.8483
vn 0.4663 0.7006 0.5402
vn 0.7070 0.5472 0.4480
vn 0.5012 0.0565 0.8635
vn 0.7325 -0.4203 0.5355
vn 0.5651 -0.0258 0.8247
vn 0.5813 -0.0013 0.8137
vn 0.5560 -0.0106 0.8311
vn 0.5598 0.0039 0.8286
vn 0.5622 0.0310 0.8264
vn 0.5647 0.0314 0.8247
vn 0.5184 0.0616 0.8529
vn 0.0372 0.6562 0.7537
vn 0.6125 0.0501 0.7888
vn 0.3833 0.6991 0.6036
vn 0.5964 0.0836 0.7983
vn -0.0163 -0.2257 0.9740
vn 0.5630 0.0341 0.8258
vn -0.0452 -0.5936 0.8035
vn -0.2166 -0.2274 0.9494
vn 0.7363 0.0385 0.6756
vn 0.4838 0.7288 0.4845
vn -0.0107 0.7043 0.7098
vn 0.6528 -0.0016 0.7576
vn 0.4819 0.6162 0.6229
vn -0.0130 -0.3758 0.9266
vn 0.6516 0.0306 0.7580
vn 0.8007 0.0347 0.5981
vn 0.9890 -0.1428 -0.0384
vn 0.8141 0.0025 0.5808
vn 0.8086 -0.5871 0.0390
vn 0.9348 -0.3419 -0.0958
vn 0.7638 0.0679 0.6419
vn 0.6538 -0.0840 0.7520
vn 0.8065 0.0096 0.5911
vn 0.8116 -0.0089 0.5841
vn 0.8131 -0.0114 0.5821
vn 0.4048 0.5761 0.7101
vn 0.7331 0.0131 0.6799
vn 0.5032 0.7386 0.4487
vn 0.7816 -0.0024 0.6238
vn 0.7569 0.0224 0.6532
vn 0.7534 0.0579 0.6550
vn 0.7991 -0.0072 0.6012
vn 0.7321 0.0029 0.6812
vn 0.7599 0.0237 0.6496
vn 0.7062 -0.0071 0.7080
vn 0.8039 0.0083 0.5947
vn 0.6926 0.0192 0.7210
vn 0.7923 0.0156 0.6099
vn 0.6910 0.0329 0.7221
vn 0.7819 0.0242 0.6229
vn 0.4903 -0.4131 0.7674
vn 0.7650 0.0417 0.6427
vn 0.6469 0.0699 0.7594
vn 0.5505 0.2488 0.7969
vn 0.4557 0.7111 0.5355
vn 0.5101 -0.6589 0.5529
vn 0.5385 -0.7465 0.3909
vn 0.6986 -0.5421 0.4671
vn 0.3485 -0.6378 0.6868
vn -0.3578 -0.1390 0.9234
vn -0.3461 0.2915 0.8918
vn 0.7630 -0.0441 0.6449
vn 0.7871 -0.0219 0.6164
vn 0.8231 -0.0101 0.5679
vn 0.7824 0.0030 0.6228
vn 0.7867 -0.0236 0.6168
vn 0.7754 0.0219 0.6311
vn 0.7790 0.0203 0.6266
vn 0.7670 0.0329 0.6408
vn 0.7735 0.0338 0.6329
vn 0.7767 0.0404 0.6286
vn 0.7704 0.0441 0.6361
vn 0.7548 0.0518 0.6538
vn 0.7577 0.0533 0.6504
vn 0.7730 0.0436 0.6329
vn 0.8020 0.0147 0.5972
vn 0.8180 -0.0053 0.5752
vn 0.8176 0.0093 0.5756
vn 0.8676 -0.0091 0.4972
vn 0.7998 -0.4896 0.3473
vn 0.8657 0.0082 0.5005
vn 0.8476 0.0185 0.5303
vn 0.9170 0.1111 -0.3831
vn 0.8579 0.0118 0.5136
vn 0.8481 0.0164 0.5296
vn 0.9649 0.1380 -0.2237
vn 0.9011 -0.0905 -0.4240
vn 0.9140 0.2459 -0.3226
vn 0.8552 0.0151 0.5181
vn 0.8046 -0.5373 -0.2528
vn 0.9004 -0.0069 0.4351
vn 0.9016 0.1494 0.4060
vn 0.9711 0.0717 0.2276
vn 0.8931 0.0078 0.4497
vn 0.7914 0.6108 -0.0233
vn 0.7667 0.0370 0.6410
vn 0.8846 0.4290 -0.1828
vn 0.9406 -0.2889 0.1786
vn 0.9085 -0.4174 0.0197
vn 0.4989 0.7376 0.4550
vn 0.9000 -0.0110 0.4357
vn 0.7461 0.6550 -0.1198
vn 0.2610 0.2052 0.9433
vn 0.3811 0.5066 0.7734
vn 0.8973 -0.0058 0.4414
vn 0.9174 -0.0127 0.3978
vn 0.4824 0.2115 0.8500
vn 0.8966 -0.0077 0.4428
vn 0.5999 -0.6739 0.4312
vn 0.8907 0.0158 0.4542
vn 0.8875 0.0066 0.4608
vn 0.8944 0.4472 -0.0105
vn 0.9398 -0.0226 0.3409
vn 0.6732 -0.5993 0.4332
vn 0.9756 -0.0325 0.2171
vn 0.9207 -0.0183 0.3898
vn 0.7522 -0.6327 0.1840
vn 0.8968 -0.0071 0.4424
vn 0.3399 0.4528 0.8243
vn 0.7561 0.5956 0.2714
vn 0.6338 -0.6733 0.3807
vn 0.9444 -0.0421 0.3260
vn 0.7503 0.6394 -0.1677
vn 0.8215 -0.1877 -0.5384
vn 0.8708 0.2487 -0.4241
vn 0.6080 0.6880 0.3961
vn 0.9734 -0.0476 0.2240
vn 0.7198 0.6922 -0.0523
vn 0.6973 0.5390 0.4725
vn 0.8913 -0.3218 -0.3195
vn 0.8266 0.1137 -0.5511
vn 0.9708 -0.0117 0.2396
vn 0.9688 0.0178 0.2470
vn 0.8926 -0.0137 -0.4506
vn 0.7693 -0.5638 -0.3005
vn 0.8117 -0.1634 -0.5608
vn 0.7670 0.5020 -0.3997
vn 0.5608 -0.6938 0.4519
vn 0.6696 -0.7427 -0.0041
vn 0.4354 0.4235 0.7944
vn 0.6398 0.7328 0.2317
vn 0.8245 -0.5658 -0.0087
vn -0.1386 -0.3874 0.9115
vn -0.2493 -0.1127 0.9618
vn 0.4381 -0.6160 0.6547
vn 0.1496 -0.5534 0.8194
vn 0.7827 -0.5299 -0.3263
vn 0.9767 -0.1057 -0.1865
vn -0.7105 -0.1170 0.6939
vn -0.4975 0.6314 0.5949
vn -0.7983 0.0895 0.5955
vn -0.7170 0.1997 0.6679
vn 0.0182 0.0307 0.9994
vn -0.5933 0.4444 0.6712
vn -0.7219 -0.1196 0.6816
vn 0.0181 0.0406 0.9990
vn -0.6029 -0.4584 0.6530
vn 0.0004 0.0150 0.9999
vn -0.0579 0.0290 0.9979
vn -0.0393 0.8119 0.5825
vn -0.7653 -0.2975 0.5708
vn -0.4297 0.6160 0.6602
vn 0.0092 0.0195 0.9998
vn -0.1650 0.7302 0.6630
vn 0.0175 0.0303 0.9994
vn 0.0109 0.0346 0.9993
vn 0.0177 0.0438 0.9989
vn -0.5264 -0.3940 0.7534
vn 0.1798 0.6401 0.7470
vn 0.3207 0.7225 0.6125
vn 0.2357 -0.7345 0.6364
vn 0.1571 -0.5453 0.8234
vn 0.0880 0.0527 0.9947
vn -0.2657 -0.3032 0.9151
vn 0.1774 0.0301 0.9837
vn 0.1032 0.0890 0.9907
vn 0.7967 -0.2211 0.5626
vn 0.1105 0.0590 0.9921
vn 0.0904 0.0187 0.9957
vn 0.1200 0.7501 0.6503
vn 0.1590 0.0211 0.9871
vn 0.3477 0.7095 0.6130
vn 0.0855 0.0263 0.9960
vn 0.0946 0.0443 0.9945
vn 0.0588 -0.7245 0.6868
vn -0.0127 0.0367 0.9992
vn 0.0880 0.1004 0.9910
vn -0.0612 0.3148 0.9472
vn 0.0510 0.7310 0.6805
vn -0.0397 0.0600 0.9974
vn -0.0434 0.7697 0.6370
vn -0.0531 -0.6402 0.7664
vn -0.4922 -0.4452 0.7480
vn -0.4393 0.6908 0.5742
vn -0.5196 -0.5927 0.6154
vn 0.0899 0.0378 0.9952
vn -0.5112 -0.5748 0.6390
vn -0.6779 0.4506 0.5809
vn 0.1544 0.0266 0.9876
vn 0.1543 0.0213 0.9878
vn 0.1499 0.0196 0.9885
vn 0.1623 0.0303 0.9863
vn 0.1595 0.0250 0.9869
vn 0.1663 0.0389 0.9853
vn 0.1666 0.0324 0.9855
vn 0.1855 -0.0039 0.9826
vn 0.5719 -0.2213 0.7899
vn 0.2250 0.0514 0.9730
vn 0.2049 0.0342 0.9782
vn 0.2429 0.0371 0.9694
vn 0.6715 -0.0191 0.7407
vn 0.1793 -0.0115 0.9837
vn 0.4986 0.3192 0.8059
vn -0.0600 0.4816 0.8743
vn 0.2426 0.0555 0.9685
vn 0.5625 0.5771 0.5922
vn 0.7331 0.3923 0.5555
vn 0.7415 0.1495 0.6540
vn 0.8272 0.1350 0.5455
vn 0.8257 0.1877 0.5320
vn 0.5967 -0.5728 0.5620
vn 0.2697 0.0215 0.9627
vn 0.4052 -0.5128 0.7569
vn 0.0024 0.7333 0.6799
vn 0.3686 0.0108 0.9295
vn 0.4234 0.7353 0.5292
vn -0.2695 0.2302 0.9351
vn -0.4115 0.3813 0.8278
vn 0.5325 -0.5382 0.6533
vn 0.3746 0.0086 0.9272
vn 0.3519 -0.0005 0.9360
vn 0.1943 0.5954 0.7796
vn 0.3158 0.6579 0.6837
vn 0.2795 -0.0286 0.9597
vn 0.2417 0.7723 0.5875
vn 0.3443 0.0116 0.9388
vn 0.7804 0.4753 0.4063
vn 0.9402 0.0424 0.3380
vn 0.4550 -0.7068 0.5417
vn 0.8986 -0.2638 0.3505
vn 0.7608 0.5192 0.3894
vn 0.6785 0.4401 0.5882
vn 0.8867 0.3071 0.3455
vn 0.6539 0.6132 0.4432
vn 0.4134 -0.7230 0.5535
vn 0.6969 -0.5767 0.4262
vn 0.0053 -0.5197 0.8543
vn 0.2852 -0.0298 0.9580
vn 0.6254 -0.4609 0.6296
vn 0.4247 0.4991 0.7554
vn 0.1035 -0.5806 0.8076
vn 0.2343 0.0954 0.9675
vn 0.0426 -0.0767 0.9961
vn -0.2259 0.5364 0.8132
vn 0.7116 -0.4780 0.5149
vn -0.8254 0.0270 0.5639
vn -0.6222 -0.4900 0.6105
vn 0.8636 -0.2976 0.4070
vn 0.5944 -0.6080 0.5264
vn 0.2874 -0.5654 0.7731
vn -0.0782 -0.7083 0.7015
vn 0.8888 -0.0314 0.4572
vn 0.9311 -0.1742 0.3204
vn 0.8298 -0.1976 0.5220
vn -0.3916 0.4076 -0.8250
vn -0.2229 -0.4021 -0.8881
vn -0.6697 0.2616 -0.6950
vn 0.0454 0.3995 -0.9156
vn -0.2010 -0.4138 -0.8879
vn -0.1831 -0.4131 -0.8921
vn -0.2214 -0.4036 -0.8877
vn -0.1417 -0.9176 -0.3714
vn -0.4605 0.5343 -0.7088
vn -0.2884 -0.2329 -0.9288
vn -0.8553 0.2138 -0.4720
vn -0.8410 0.0293 -0.5402
vn -0.6942 -0.0225 -0.7195
vn -0.7044 0.2148 -0.6766
vn -0.8477 0.0047 -0.5305
vn -0.8524 -0.4336 -0.2923
vn -0.3828 -0.9032 -0.1943
vn -0.8304 -0.3639 -0.4219
vn -0.2187 0.4696 -0.8554
vn -0.3341 -0.1685 -0.9274
vn -0.3162 -0.1989 -0.9276
vn -0.3295 -0.1325 -0.9348
vn 0.2727 -0.6414 -0.7171
vn -0.3192 -0.1041 -0.9420
vn -0.0628 -0.8160 -0.5747
vn -0.4707 -0.7658 -0.4382
vn -0.4964 0.5694 -0.6553
vn -0.4092 0.5347 -0.7393
vn 0.1560 -0.5929 -0.7900
vn 0.2893 -0.0809 -0.9538
vn -0.2849 -0.3869 -0.8770
vn -0.3346 -0.8663 -0.3710
vn -0.1338 0.5210 -0.8430
vn -0.8243 -0.2647 -0.5005
vn -0.9131 -0.1476 -0.3800
vn -0.7713 -0.5150 -0.3740
vn -0.5929 0.3106 -0.7430
vn -0.3163 -0.4512 -0.8345
vn -0.7177 0.2477 -0.6507
vn -0.3414 -0.4362 -0.8326
vn -0.3109 -0.4408 -0.8421
vn -0.3379 -0.4306 -0.8369
vn -0.2964 -0.4654 -0.8340
vn -0.3292 -0.4465 -0.8320
vn -0.3304 -0.4219 -0.8443
vn -0.3154 -0.4382 -0.8417
vn -0.5786 -0.6528 -0.4890
vn -0.2106 -0.9458 -0.2470
vn -0.4198 -0.3035 -0.8553
vn -0.6721 -0.1373 -0.7276
vn -0.5228 -0.8007 -0.2925
vn -0.4497 -0.1441 -0.8815
vn -0.4881 0.5328 -0.6913
vn -0.1120 -0.7958 -0.5951
vn -0.4091 -0.1743 -0.8957
vn -0.3698 -0.3240 -0.8708
vn -0.3626 -0.7937 -0.4885
vn 0.0565 -0.8063 -0.5888
vn -0.4951 0.2432 -0.8341
vn -0.4083 -0.4940 -0.7676
vn -0.4885 -0.4204 -0.7646
vn -0.3898 -0.4493 -0.8039
vn -0.4851 -0.4124 -0.7711
vn -0.3785 -0.4312 -0.8190
vn -0.4796 -0.4140 -0.7737
vn -0.3616 -0.4416 -0.8211
vn -0.5024 -0.3573 -0.7873
vn -0.3583 -0.4316 -0.8279
vn -0.4049 -0.3572 -0.8417
vn -0.5228 -0.3187 -0.7907
vn -0.4994 -0.3392 -0.7972
vn -0.4054 -0.3265 -0.8538
vn -0.5154 -0.2622 -0.8159
vn -0.3705 0.4268 -0.8250
vn -0.4750 -0.1859 -0.8602
vn -0.0791 -0.2695 -0.9598
vn -0.3129 -0.4434 -0.8399
vn -0.8488 -0.1748 -0.4990
vn -0.5174 0.0313 -0.8552
vn -0.4485 -0.1726 -0.8770
vn -0.8140 0.1359 -0.5648
vn -0.8992 0.0039 -0.4376
vn -0.9192 -0.2092 -0.3336
vn -0.8316 -0.2085 -0.5148
vn -0.8906 -0.0443 -0.4527
vn -0.6093 -0.7830 -0.1249
vn -0.9061 -0.3389 -0.2532
vn 0.0166 0.3123 -0.9498
vn 0.0239 -0.7538 -0.6567
vn -0.3137 -0.8399 -0.4430
vn -0.5540 -0.7912 -0.2590
vn -0.5245 -0.3129 -0.7919
vn 0.0550 -0.4759 -0.8778
vn -0.5698 -0.2000 -0.7971
vn -0.0287 -0.1047 -0.9941
vn -0.8041 -0.0663 -0.5908
vn -0.5691 -0.6356 -0.5216
vn -0.6367 -0.1441 -0.7575
vn -0.5557 -0.1182 -0.8229
vn -0.2800 0.0207 -0.9598
vn -0.8207 -0.5261 -0.2229
vn -0.7725 -0.5876 -0.2407
vn -0.6672 0.0442 -0.7436
vn -0.8639 -0.4758 -0.1654
vn -0.8265 -0.4786 -0.2964
vn -0.0858 0.2610 -0.9615
vn -0.4955 -0.3944 -0.7739
vn -0.4636 -0.4387 -0.7698
vn -0.4672 -0.4229 -0.7764
vn -0.5284 -0.3698 -0.7643
vn -0.4722 -0.4036 -0.7837
vn -0.5597 -0.3083 -0.7692
vn -0.4957 -0.3495 -0.7951
vn -0.5833 -0.2776 -0.7634
vn -0.5188 -0.3211 -0.7923
vn -0.5116 -0.3498 -0.7848
vn -0.5218 -0.3425 -0.7813
vn -0.3079 0.3121 -0.8988
vn -0.4626 -0.4405 -0.7694
vn -0.4692 -0.4214 -0.7760
vn -0.4718 -0.4147 -0.7781
vn -0.4958 -0.3852 -0.7783
vn -0.5313 -0.3273 -0.7814
vn -0.5826 -0.2521 -0.7727
vn -0.6465 -0.0991 -0.7565
vn -0.3125 -0.5893 -0.7451
vn -0.7420 0.0820 -0.6654
vn -0.9246 -0.3426 -0.1667
vn -0.6675 -0.1233 -0.7344
vn -0.3641 -0.8120 -0.4561
vn -0.5479 -0.5845 -0.5985
vn -0.8568 0.3230 -0.4019
vn -0.7046 -0.5698 -0.4229
vn -0.8701 -0.4862 -0.0813
vn -0.6170 -0.2556 -0.7443
vn 0.1320 -0.2301 -0.9642
vn 0.0134 -0.4720 -0.8815
vn -0.7605 0.6061 -0.2328
vn -0.7876 0.0349 -0.6153
vn -0.7098 -0.0722 -0.7007
vn -0.5288 0.8047 -0.2701
vn -0.8497 0.2630 -0.4570
vn -0.4747 0.7343 -0.4853
vn -0.7692 0.1473 -0.6218
vn -0.8059 0.2333 -0.5441
vn -0.5214 0.7578 -0.3924
vn -0.7364 0.0276 -0.6760
vn -0.7345 0.6561 -0.1731
vn -0.2007 0.7107 -0.6743
vn -0.7001 0.0236 -0.7136
vn -0.0892 -0.1424 -0.9858
vn -0.7788 0.1578 -0.6071
vn -0.4724 0.4939 -0.7300
vn -0.3219 -0.2735 -0.9064
vn -0.5709 -0.4993 -0.6517
vn -0.7400 0.0281 -0.6720
vn -0.6738 -0.6673 -0.3174
vn -0.6784 -0.5808 -0.4500
vn -0.5881 -0.3038 -0.7496
vn 0.0756 -0.4272 -0.9010
vn -0.6278 -0.2558 -0.7351
vn -0.3377 0.8532 -0.3974
vn -0.4227 0.8499 -0.3147
vn -0.2421 0.3613 -0.9005
vn -0.2666 0.6652 -0.6974
vn -0.5569 0.0350 -0.8298
vn -0.3174 -0.1358 -0.9385
vn -0.5422 -0.4429 -0.7140
vn 0.1026 -0.5520 -0.8275
vn -0.1014 -0.3850 -0.9173
vn -0.4368 0.3154 -0.8425
vn -0.3494 -0.7514 -0.5597
vn -0.2928 0.6128 -0.7339
vn -0.9925 -0.1010 -0.0688
vn -0.9949 -0.0378 0.0940
vn -0.4609 -0.4718 -0.7517
vn -0.2939 -0.7679 -0.5692
vn -0.1718 0.6029 -0.7791
vn 0.1902 0.0934 -0.9773
vn 0.2362 -0.2325 -0.9435
vn -0.9647 -0.2565 0.0602
vn -0.4186 -0.6616 -0.6221
vn -0.5097 0.5186 -0.6865
vn -0.0039 -0.0138 -0.9999
vn -0.6873 0.2894 -0.6662
vn -0.7502 -0.0295 -0.6605
vn -0.0250 -0.0340 -0.9991
vn -0.6883 -0.3070 -0.6572
vn -0.5847 -0.5200 -0.6227
vn -0.1980 0.6557 -0.7286
vn -0.0282 -0.0996 -0.9946
vn -0.5594 0.4485 -0.6971
vn -0.7932 -0.0722 -0.6047
vn -0.6064 -0.1788 -0.7748
vn -0.0228 -0.1076 -0.9939
vn -0.7545 -0.2941 -0.5867
vn -0.0669 -0.0413 -0.9969
vn -0.6168 -0.5501 -0.5630
vn -0.5725 -0.4130 -0.7083
vn -0.0863 -0.1171 -0.9894
vn 0.3790 -0.5794 -0.7216
vn -0.3107 0.6604 -0.6836
vn 0.0009 -0.0048 -1.0000
vn -0.0191 -0.0019 -0.9998
vn -0.0288 0.0042 -0.9996
vn -0.0089 -0.0129 -0.9999
vn -0.0540 -0.0125 -0.9985
vn 0.1331 0.5115 -0.8489
vn 0.1974 0.6706 -0.7151
vn 0.3455 -0.7613 -0.5487
vn -0.2854 -0.7972 -0.5320
vn -0.0768 -0.0272 -0.9967
vn -0.1078 -0.7948 -0.5973
vn -0.2724 0.6307 -0.7266
vn -0.1326 -0.1161 -0.9843
vn -0.5646 0.5068 -0.6514
vn 0.4821 -0.3309 -0.8112
vn -0.1337 -0.1057 -0.9854
vn -0.1337 -0.1139 -0.9845
vn -0.6079 0.0799 -0.7900
vn -0.1062 -0.0897 -0.9903
vn -0.3037 0.4587 -0.8350
vn 0.2448 -0.7476 -0.6173
vn -0.1161 -0.8054 -0.5813
vn -0.0570 0.7056 -0.7063
vn 0.0065 0.0177 -0.9998
vn -0.0362 0.0578 -0.9977
vn -0.0357 -0.0620 -0.9974
vn -0.0406 0.0321 -0.9987
vn -0.0159 0.0167 -0.9997
vn -0.0317 0.0241 -0.9992
vn -0.0605 0.0468 -0.9971
vn -0.0675 0.0369 -0.9970
vn -0.0551 0.0079 -0.9984
vn -0.0863 -0.0079 -0.9962
vn -0.2813 -0.3850 -0.8790
vn -0.3399 0.4774 -0.8103
vn -0.5382 -0.5584 -0.6313
vn -0.5070 -0.7013 -0.5012
vn 0.0678 -0.6745 -0.7351
vn -0.8096 0.1685 -0.5622
vn -0.5656 -0.6257 -0.5372
vn -0.8021 -0.3233 -0.5022
vn 0.3775 0.5313 -0.7584
vn -0.1363 0.0373 -0.9900
vn 0.2041 0.6870 -0.6974
vn -0.1739 0.0675 -0.9824
vn -0.1370 0.0566 -0.9889
vn -0.1462 0.0589 -0.9875
vn -0.1746 0.0622 -0.9827
vn -0.1871 0.1009 -0.9771
vn -0.1477 0.0510 -0.9877
vn 0.2548 -0.2708 -0.9283
vn -0.1663 0.0036 -0.9861
vn -0.2377 -0.0020 -0.9713
vn -0.1657 -0.0189 -0.9860
vn -0.2615 -0.0479 -0.9640
vn -0.1828 -0.0676 -0.9808
vn 0.0072 -0.5739 -0.8189
vn -0.1666 -0.0845 -0.9824
vn -0.6573 0.5041 -0.5602
vn -0.2192 0.0149 -0.9756
vn -0.1758 0.3536 -0.9187
vn -0.2408 -0.0263 -0.9702
vn 0.6250 0.1017 -0.7740
vn 0.5521 0.3710 -0.7467
vn 0.6697 0.0139 -0.7425
vn 0.3617 -0.4641 -0.8085
vn 0.3362 0.5141 -0.7891
vn -0.3990 0.1454 -0.9053
vn 0.0664 0.7994 -0.5971
vn -0.7218 0.4916 -0.4872
vn -0.4462 -0.0238 -0.8946
vn -0.4304 0.4056 -0.8064
vn -0.3761 0.8001 -0.4673
vn -0.2489 0.1015 -0.9632
vn -0.4323 0.1098 -0.8950
vn -0.2441 0.1058 -0.9640
vn -0.1986 -0.7089 -0.6767
vn -0.2562 0.6937 -0.6732
vn -0.5195 -0.0075 -0.8544
vn -0.6268 -0.5522 -0.5497
vn -0.2663 0.7659 -0.5852
vn -0.5048 0.0117 -0.8632
vn -0.6270 0.6759 -0.3873
vn 0.3428 0.2325 -0.9102
vn 0.0689 0.6258 -0.7769
vn 0.1889 0.1037 -0.9765
vn 0.2669 -0.3336 -0.9041
vn 0.3395 0.0909 -0.9362
vn -0.3779 -0.8176 -0.4344
vn 0.2525 0.6216 -0.7415
vn 0.4247 0.0959 -0.9003
vn -0.1131 -0.6233 -0.7737
vn -0.0505 -0.5189 -0.8534
vn -0.6560 0.3325 -0.6775
vn -0.7745 0.3641 -0.5173
vn -0.2098 -0.7247 -0.6564
vn 0.0718 0.4160 -0.9065
vn -0.3624 -0.3336 -0.8703
vn -0.6430 0.1984 -0.7397
vn 0.4398 -0.5162 -0.7349
vn -0.5792 0.4105 -0.7043
vn 0.0348 0.6560 -0.7540
vn 0.3101 -0.0735 -0.9479
vn 0.3649 0.1155 -0.9239
vn -0.6177 0.5719 -0.5398
vn -0.0265 0.7672 -0.6408
vn -0.2739 -0.7474 -0.6053
vn -0.8135 0.4855 -0.3201
vn -0.7998 -0.5558 -0.2268
vn -0.9799 -0.0754 -0.1846
vn 0.0640 0.6345 -0.7703
vn -0.6293 0.1993 -0.7512
vn -0.2389 0.8840 -0.4018
vn -0.6696 0.0352 -0.7419
vn -0.2628 -0.7077 -0.6558
vn -0.6134 -0.7126 -0.3405
vn -0.7727 0.6301 -0.0770
vn -0.8010 0.5900 -0.1010
vn -0.9964 0.0709 0.0454
vn -0.8914 -0.4494 -0.0584
vn -0.6393 0.6119 -0.4657
vn -0.8057 -0.3292 -0.4924
vn -0.0806 0.6578 -0.7488
vn -0.4606 0.8755 -0.1460
vn -0.7939 0.2391 -0.5591
vn -0.6490 0.2056 -0.7325
vn -0.7793 0.2510 -0.5742
vn -0.6600 0.2456 -0.7099
vn -0.7670 0.2372 -0.5962
vn -0.9346 0.2516 -0.2516
vn -0.9895 0.1070 -0.0977
vn -0.9613 0.1790 -0.2093
vn -0.9937 0.0928 0.0629
vn -0.8759 0.1663 -0.4530
vn -0.3271 -0.5431 -0.7733
vn -0.5388 0.7040 -0.4627
vn -0.9152 0.3768 -0.1431
vn -0.5093 0.7543 -0.4142
vn -0.7711 0.1363 -0.6219
vn -0.4914 0.1913 -0.8497
vn -0.7261 -0.5441 -0.4203
vn -0.2140 0.8630 -0.4576
vn -0.8041 0.2594 -0.5350
vn -0.3914 0.8586 -0.3312
vn -0.1333 0.6890 -0.7124
vn -0.8134 0.2455 -0.5274
vn -0.8271 0.2205 -0.5170
vn -0.6990 -0.5316 -0.4783
vn -0.5548 -0.3087 -0.7726
vn -0.9449 -0.3244 0.0440
vn -0.1084 0.3453 -0.9322
vn -0.7228 0.4305 -0.5406
vn -0.4438 0.8954 -0.0372
vn -0.8125 -0.5186 -0.2661
vn -0.1653 -0.2933 -0.9416
vn -0.2572 0.1265 -0.9581
vn -0.4262 0.8428 -0.3287
vn -0.3778 -0.3515 -0.8566
vn -0.5602 0.6785 -0.4753
vn -0.0863 0.4460 -0.8909
vn -0.8066 0.2606 -0.5305
vn -0.3256 0.1192 -0.9380
vn -0.8173 0.2539 -0.5173
vn -0.9410 -0.2714 0.2020
vn -0.4037 -0.7298 -0.5518
vn -0.7189 -0.6945 0.0288
vn -0.8511 0.5245 -0.0241
vn -0.7867 0.5872 -0.1903
vn -0.1112 0.7721 -0.6257
vn -0.2458 0.5895 -0.7695
vn -0.1722 -0.0003 -0.9851
vn -0.5501 -0.0438 -0.8340
vn -0.5450 0.0050 -0.8384
vn -0.5521 -0.0083 -0.8338
vn -0.8517 0.4414 -0.2823
vn -0.9682 0.1914 -0.1614
vn -0.9852 -0.1127 -0.1294
vn -0.5664 -0.0053 -0.8241
vn -0.0348 0.6794 -0.7330
vn -0.5138 -0.0201 -0.8577
vn -0.5333 0.7437 -0.4031
vn -0.9038 0.3723 -0.2112
vn -0.9784 -0.0846 -0.1889
vn -0.9091 -0.0593 -0.4122
vn -0.4784 -0.0185 -0.8779
vn -0.9708 -0.0769 -0.2271
vn -0.5095 -0.7035 -0.4955
vn -0.7981 -0.4997 -0.3368
vn -0.2902 0.6348 -0.7161
vn -0.5278 -0.0483 -0.8480
vn -0.1486 0.5094 -0.8476
vn -0.1034 -0.5517 -0.8276
vn -0.5019 -0.0549 -0.8632
vn -0.5165 -0.0316 -0.8557
vn -0.5623 0.0315 -0.8263
vn -0.5517 0.0030 -0.8340
vn -0.5598 -0.0037 -0.8286
vn -0.5622 -0.0308 -0.8264
vn -0.8912 -0.4119 -0.1899
vn -0.5563 -0.0313 -0.8304
vn -0.5121 -0.0603 -0.8568
vn -0.7050 0.5898 -0.3939
vn -0.6129 -0.0471 -0.7887
vn -0.5080 -0.0709 -0.8584
vn -0.6023 -0.0854 -0.7937
vn -0.8984 -0.2924 -0.3278
vn -0.5565 -0.0335 -0.8302
vn -0.9524 -0.2701 -0.1413
vn -0.7465 -0.6053 -0.2763
vn -0.1011 -0.7250 -0.6813
vn -0.5880 0.7392 -0.3283
vn -0.7384 -0.0388 -0.6732
vn -0.6085 0.6674 -0.4293
vn -0.6600 -0.0024 -0.7513
vn -0.9288 0.2620 -0.2621
vn -0.6360 -0.0185 -0.7714
vn -0.7694 -0.5461 -0.3312
vn -0.2693 -0.1637 -0.9490
vn -0.8129 -0.0231 -0.5820
vn -0.8287 0.0010 -0.5597
vn -0.2477 -0.6341 -0.7325
vn -0.4976 -0.7905 -0.3571
vn -0.7653 -0.0670 -0.6401
vn -0.9163 -0.0755 -0.3933
vn -0.5225 -0.7430 -0.4182
vn -0.8251 -0.0027 -0.5650
vn -0.9282 0.3716 -0.0177
vn -0.6881 0.6604 -0.3005
vn -0.5995 0.6792 -0.4235
vn -0.7305 -0.0110 -0.6829
vn -0.7815 0.0015 -0.6239
vn -0.7601 -0.0568 -0.6473
vn -0.8029 0.0061 -0.5961
vn -0.7634 -0.0209 -0.6456
vn -0.7248 0.0051 -0.6890
vn -0.8097 -0.0079 -0.5868
vn -0.7002 -0.0014 -0.7139
vn -0.7982 -0.0148 -0.6022
vn -0.6922 -0.0197 -0.7214
vn -0.7869 -0.0238 -0.6167
vn -0.6917 -0.0289 -0.7216
vn -0.8563 -0.4450 -0.2622
vn -0.3866 -0.7147 -0.5829
vn -0.8868 0.0937 -0.4525
vn -0.6439 -0.0660 -0.7623
vn -0.3920 0.7101 -0.5848
vn -0.4071 -0.8122 -0.4178
vn -0.8542 -0.5192 0.0273
vn -0.5810 0.0052 -0.8139
vn -0.2373 -0.7965 -0.5561
vn -0.3182 -0.7248 -0.6111
vn -0.9523 -0.1631 -0.2579
vn -0.8213 0.0130 -0.5704
vn -0.7889 0.0212 -0.6141
vn -0.7639 0.0479 -0.6435
vn -0.7820 0.0187 -0.6231
vn -0.7825 -0.0029 -0.6227
vn -0.7759 -0.0202 -0.6305
vn -0.7757 -0.0218 -0.6308
vn -0.7701 -0.0348 -0.6369
vn -0.7669 -0.0330 -0.6409
vn -0.7757 -0.0270 -0.6305
vn -0.7606 -0.0475 -0.6475
vn -0.8029 -0.0235 -0.5957
vn -0.7600 -0.0543 -0.6476
vn -0.8116 0.0099 -0.5841
vn -0.7803 -0.0350 -0.6244
vn -0.8123 -0.0187 -0.5829
vn -0.8122 -0.0182 -0.5830
vn -0.8675 0.0082 -0.4973
vn -0.5454 -0.6092 -0.5757
vn -0.8137 0.0126 -0.5811
vn -0.2848 0.0857 -0.9548
vn -0.8478 -0.0175 -0.5300
vn -0.8570 -0.0107 -0.5152
vn -0.4443 0.1223 -0.8875
vn -0.8474 -0.0174 -0.5306
vn -0.2723 -0.0739 -0.9594
vn -0.8540 -0.0161 -0.5200
vn -0.3838 -0.5075 -0.7715
vn -0.4215 -0.2773 -0.8634
vn -0.9019 0.0080 -0.4318
vn -0.7902 0.2127 -0.5748
vn -0.7734 0.0734 -0.6297
vn -0.8650 -0.0119 -0.5016
vn -0.8944 -0.0093 -0.4473
vn -0.3615 0.5745 -0.7343
vn -0.7673 -0.0386 -0.6402
vn -0.7667 -0.0448 -0.6404
vn -0.2880 -0.4296 -0.8559
vn -0.6455 0.7585 -0.0894
vn -0.8999 0.0109 -0.4361
vn -0.8281 0.5265 0.1923
vn -0.8975 0.2215 0.3812
vn -0.9667 0.2207 0.1297
vn -0.8970 0.0059 -0.4420
vn -0.8963 0.0080 -0.4433
vn -0.8580 0.4582 0.2322
vn -0.8864 -0.0131 -0.4627
vn -0.6606 -0.7212 -0.2084
vn -0.8889 -0.0122 -0.4580
vn -0.3720 0.6604 -0.6523
vn -0.9174 0.0127 -0.3977
vn -0.9410 0.0276 -0.3373
vn -0.8183 -0.5717 0.0591
vn -0.6679 -0.7261 -0.1631
vn -0.9205 0.0182 -0.3903
vn -0.6193 -0.6325 -0.4653
vn -0.8969 0.0073 -0.4422
vn -0.6933 0.7102 -0.1227
vn -0.6544 -0.7215 -0.2263
vn -0.4299 0.6679 -0.6075
vn -0.9448 0.0416 -0.3250
vn -0.6302 0.4873 -0.6045
vn -0.4241 -0.1089 -0.8990
vn -0.3581 0.2887 -0.8879
vn -0.6134 0.7802 0.1228
vn -0.9732 0.0463 -0.2253
vn -0.7946 0.5725 0.2024
vn -0.9764 0.0358 -0.2131
vn -0.4606 0.1436 -0.8759
vn -0.6294 -0.2902 -0.7209
vn -0.9704 0.0154 -0.2412
vn -0.5456 -0.0142 -0.8379
vn -0.9687 -0.0102 -0.2479
vn -0.4902 -0.5951 -0.6368
vn -0.5876 -0.7646 -0.2648
vn -0.4703 0.5229 -0.7109
vn -0.5807 0.7314 -0.3575
vn -0.7085 -0.6944 0.1258
vn -0.5430 -0.6964 -0.4692
vn -0.8763 0.4550 0.1583
vn -0.4030 0.6823 -0.6100
vn -0.4869 0.7263 -0.4852
vn -0.7569 -0.0215 -0.6532
vn -0.7684 -0.0398 -0.6387
vn -0.3849 -0.7489 -0.5395
vn -0.7177 -0.2715 -0.6412
vn -0.2513 0.3957 -0.8833
vn -0.4740 -0.4571 -0.7526
vn -0.1408 -0.3918 -0.9092
vn -0.0895 -0.1332 -0.9870
vn -0.4577 0.5763 -0.6771
vn -0.5874 -0.1410 -0.7970
vn -0.7624 0.0582 -0.6445
vn -0.0179 -0.0310 -0.9994
vn -0.7409 0.1537 -0.6538
vn -0.6150 0.4080 -0.6748
vn -0.0191 -0.0393 -0.9990
vn -0.7470 -0.1765 -0.6409
vn -0.0016 -0.0163 -0.9999
vn -0.5824 -0.4575 -0.6720
vn -0.0089 0.6952 -0.7188
vn 0.0575 -0.0292 -0.9979
vn -0.6546 -0.2946 -0.6962
vn -0.4422 0.5827 -0.6818
vn -0.0069 -0.0195 -0.9998
vn -0.0149 -0.0423 -0.9990
vn -0.0114 -0.0326 -0.9994
vn -0.5078 -0.4113 -0.7570
vn 0.2231 0.4981 -0.8379
vn 0.3586 0.6164 -0.7010
vn 0.3207 -0.7156 -0.6205
vn -0.2707 -0.7006 -0.6602
vn -0.1807 -0.0320 -0.9830
vn -0.2914 -0.5264 -0.7987
vn -0.0798 -0.0621 -0.9949
vn 0.2692 -0.3033 -0.9141
vn -0.1120 -0.0654 -0.9915
vn -0.1142 -0.0569 -0.9918
vn -0.2384 0.7036 -0.6695
vn -0.0900 -0.0185 -0.9958
vn -0.0702 0.7176 -0.6929
vn -0.1612 -0.0210 -0.9867
vn -0.0853 -0.0266 -0.9960
vn -0.0922 -0.0400 -0.9949
vn 0.0114 -0.0397 -0.9991
vn 0.0977 -0.8071 -0.5822
vn -0.5099 0.1714 -0.8430
vn -0.1002 -0.0940 -0.9905
vn -0.0704 0.7108 -0.6998
vn 0.0140 0.6238 -0.7815
vn 0.0424 -0.0592 -0.9973
vn -0.0853 -0.7130 -0.6959
vn -0.3128 0.5856 -0.7478
vn -0.2963 -0.5610 -0.7730
vn -0.3421 -0.6557 -0.6731
vn -0.0160 -0.0306 -0.9994
vn -0.0900 -0.0376 -0.9952
vn -0.4815 -0.6274 -0.6120
vn 0.2326 -0.5470 -0.8042
vn -0.5664 0.3666 -0.7381
vn -0.4913 -0.5867 -0.6437
vn -0.1543 -0.0213 -0.9878
vn -0.1558 -0.0266 -0.9874
vn -0.1499 -0.0196 -0.9885
vn -0.1595 -0.0250 -0.9869
vn -0.1642 -0.0302 -0.9860
vn -0.1666 -0.0327 -0.9855
vn -0.1675 -0.0381 -0.9851
vn -0.1856 0.0025 -0.9826
vn -0.2247 -0.0505 -0.9731
vn -0.7690 -0.1585 -0.6193
vn -0.2037 -0.0369 -0.9783
vn -0.1776 0.0096 -0.9841
vn 0.1738 0.3709 -0.9123
vn -0.2399 -0.0444 -0.9698
vn 0.1845 0.3624 -0.9136
vn -0.2407 -0.0544 -0.9691
vn 0.3648 0.5664 -0.7390
vn 0.1411 0.6885 -0.7114
vn 0.5330 0.3605 -0.7655
vn 0.5033 0.1245 -0.8551
vn 0.6112 0.1584 -0.7755
vn 0.3711 -0.5993 -0.7093
vn -0.2332 -0.0796 -0.9692
vn -0.0334 -0.5332 -0.8453
vn -0.2782 -0.0259 -0.9602
vn -0.4655 0.7223 -0.5115
vn -0.3688 -0.0109 -0.9294
vn -0.8755 0.3514 -0.3317
vn -0.8228 0.2334 -0.5182
vn -0.0599 -0.5306 -0.8455
vn -0.2783 0.0230 -0.9602
vn -0.3809 0.6310 -0.6759
vn -0.3539 0.0006 -0.9353
vn -0.1063 0.7468 -0.6565
vn -0.2807 0.0268 -0.9594
vn -0.5234 -0.5651 -0.6377
vn -0.1810 0.8078 -0.5610
vn -0.3444 -0.0117 -0.9387
vn 0.4816 0.0677 -0.8738
vn 0.3327 0.5078 -0.7946
vn 0.0319 -0.7720 -0.6348
vn -0.5270 -0.7187 -0.4536
vn 0.2889 0.5080 -0.8115
vn -0.0547 0.7240 -0.6876
vn 0.0939 0.4262 -0.8998
vn -0.3752 -0.0087 -0.9269
vn 0.4122 0.2961 -0.8616
vn 0.1734 0.6020 -0.7795
vn -0.0867 -0.7272 -0.6809
vn -0.3499 0.5037 -0.7899
vn 0.4136 -0.4113 -0.8123
vn -0.4849 -0.1607 -0.8597
vn -0.2030 -0.8393 -0.5044
vn -0.4513 0.5297 -0.7182
vn -0.7190 -0.0535 -0.6929
vn 0.4305 -0.4067 -0.8058
vn 0.8186 -0.0688 0.5702
vn 0.3042 0.7904 0.5318
vn 0.7299 -0.6822 -0.0426
vn 0.3708 -0.0732 -0.9258
vn 0.4737 -0.3267 -0.8179
vn 0.4661 -0.1846 -0.8652
vn 0.2186 -0.5800 -0.7848
vn 0.6188 -0.2179 -0.7547
vn -0.6697 0.2615 -0.6950
vn -0.3915 0.4075 -0.8250
vn 0.0453 0.3994 -0.9156
vn -0.0156 -0.3056 0.9520
vn -0.4605 0.5342 -0.7089
vn -0.8552 0.2139 -0.4721
vn -0.8410 0.0293 -0.5403
vn -0.6941 -0.0225 -0.7195
vn -0.7043 0.2147 -0.6766
vn -0.8476 0.0046 -0.5306
vn -0.8523 -0.4336 -0.2924
vn -0.3828 -0.9032 -0.1944
vn -0.1417 -0.9175 -0.3715
vn -0.8304 -0.3639 -0.4220
vn -0.4092 0.5347 -0.7394
vn -0.2187 0.4695 -0.8554
vn 0.1559 -0.5929 -0.7901
vn -0.0629 -0.8159 -0.5748
vn 0.2726 -0.6414 -0.7172
vn -0.4964 0.5693 -0.6554
vn 0.0239 -0.7537 -0.6567
vn 0.2892 -0.0809 -0.9538
vn 0.5012 0.0677 -0.8627
vn -0.1339 0.5209 -0.8431
vn -0.9131 -0.1476 -0.3801
vn -0.7713 -0.5150 -0.3741
vn -0.0561 -0.6221 0.7809
vn -0.5929 0.3105 -0.7430
vn -0.7177 0.2476 -0.6508
vn -0.6721 -0.1372 -0.7276
vn -0.4880 0.5328 -0.6913
vn -0.0445 -0.8069 -0.5890
vn -0.0789 -0.2694 -0.9598
vn -0.8488 -0.1749 -0.4990
vn -0.5174 0.0314 -0.8552
vn -0.4186 -0.6616 -0.6222
vn -0.8140 0.1358 -0.5648
vn -0.8991 0.0038 -0.4377
vn -0.8905 -0.0444 -0.4527
vn -0.9061 -0.3389 -0.2533
vn -0.6093 -0.7831 -0.1249
vn 0.2052 -0.3787 0.9025
vn 0.0166 0.3122 -0.9499
vn -0.5227 -0.8007 -0.2925
vn 0.5166 -0.5251 0.6763
vn -0.5541 -0.7911 -0.2591
vn -0.3137 -0.8398 -0.4430
vn -0.5690 -0.6357 -0.5217
vn 0.0549 -0.4759 -0.8778
vn -0.8042 -0.0663 -0.5907
vn -0.3706 0.4267 -0.8250
vn -0.2799 0.0206 -0.9598
vn -0.3125 -0.5892 -0.7451
vn -0.7725 -0.5875 -0.2408
vn -0.8207 -0.5260 -0.2230
vn -0.8639 -0.4758 -0.1655
vn 0.1901 0.0933 -0.9773
vn -0.0858 0.2609 -0.9615
vn -0.3080 0.3121 -0.8988
vn -0.2940 -0.7678 -0.5693
vn -0.1719 0.6028 -0.7792
vn -0.5478 -0.5845 -0.5985
vn -0.3643 -0.8120 -0.4561
vn -0.1103 -0.6831 -0.7219
vn -0.8701 -0.4861 -0.0813
vn -0.7047 -0.5697 -0.4229
vn -0.5423 -0.4428 -0.7140
vn 0.1319 -0.2301 -0.9642
vn 0.0133 -0.4720 -0.8815
vn -0.4748 0.7342 -0.4853
vn -0.4227 0.8498 -0.3147
vn -0.5288 0.8046 -0.2701
vn -0.5214 0.7577 -0.3924
vn -0.7346 0.6561 -0.1732
vn -0.2007 0.7106 -0.6743
vn -0.0893 -0.1424 -0.9858
vn 0.1369 0.1812 -0.9739
vn -0.2229 0.0615 -0.9729
vn -0.5710 -0.4993 -0.6517
vn -0.3220 -0.2735 -0.9064
vn 0.5532 -0.6295 0.5457
vn -0.6738 -0.6672 -0.3174
vn -0.2667 0.6651 -0.6975
vn -0.3378 0.8532 -0.3975
vn -0.3829 -0.1185 -0.9162
vn -0.5569 0.0351 -0.8298
vn 0.1025 -0.5520 -0.8275
vn 0.5532 -0.6295 0.5456
vn -0.2929 0.6128 -0.7339
vn -0.9925 -0.1010 -0.0689
vn -0.9949 -0.0378 0.0939
vn -0.9647 -0.2565 0.0601
vn -0.4952 0.2431 -0.8341
vn 0.0565 -0.8063 -0.5889
vn -0.4367 0.3154 -0.8425
vn -0.0288 -0.1046 -0.9941
vn 0.0755 -0.4272 -0.9010
vn -0.7605 0.6061 -0.2329
vn -0.7502 -0.0296 -0.6606
vn -0.6768 -0.2633 0.6875
vn -0.6767 -0.2633 0.6875
vn -0.5846 -0.5201 -0.6227
vn -0.5593 0.4485 -0.6972
vn 0.1975 0.6705 -0.7151
vn -0.1980 0.6556 -0.7287
vn -0.7932 -0.0723 -0.6047
vn -0.7545 -0.2940 -0.5868
vn -0.2855 -0.7972 -0.5320
vn -0.2618 -0.6558 0.7081
vn -0.5724 -0.4129 -0.7084
vn 0.3789 -0.5794 -0.7216
vn 0.0678 -0.6745 -0.7352
vn -0.3107 0.6603 -0.6837
vn -0.5097 0.5185 -0.6866
vn -0.4519 -0.3422 0.8238
vn 0.3454 -0.7613 -0.5487
vn -0.1078 -0.7947 -0.5973
vn -0.3399 0.4773 -0.8103
vn -0.2724 0.6307 -0.7267
vn -0.5646 0.5068 -0.6515
vn 0.5984 -0.4233 -0.6802
vn 0.4820 -0.3308 -0.8113
vn -0.3038 0.4587 -0.8351
vn 0.2448 -0.7476 -0.6174
vn 0.0690 -0.6779 0.7319
vn -0.3624 -0.3335 -0.8703
vn -0.8096 0.1685 -0.5623
vn -0.8021 -0.3232 -0.5022
vn 0.5521 0.3709 -0.7467
vn 0.3774 0.5313 -0.7585
vn -0.1757 0.3537 -0.9187
vn -0.2099 -0.7246 -0.6564
vn 0.4855 0.1512 -0.8611
vn 0.6697 0.0138 -0.7425
vn 0.3617 -0.4641 -0.8086
vn 0.0664 0.7993 -0.5972
vn 0.1226 0.5203 -0.8451
vn 0.3362 0.5140 -0.7892
vn -0.3760 0.8001 -0.4673
vn -0.6270 0.6759 -0.3874
vn 0.0688 0.6258 -0.7770
vn 0.3427 0.2325 -0.9102
vn 0.3394 0.0909 -0.9362
vn 0.6898 -0.6290 0.3586
vn -0.3779 -0.8176 -0.4345
vn 0.6897 -0.6290 0.3586
vn 0.0246 -0.5967 -0.8021
vn 0.2130 -0.3917 -0.8951
vn 0.4246 0.0959 -0.9003
vn -0.0505 -0.5188 -0.8534
vn -0.1132 -0.6232 -0.7738
vn -0.7744 0.3642 -0.5173
vn -0.6560 0.3325 -0.6776
vn -0.6573 0.5040 -0.5603
vn -0.2561 0.6936 -0.6733
vn -0.1986 -0.7088 -0.6768
vn -0.6079 0.0798 -0.7900
vn -0.5792 0.4104 -0.7044
vn 0.0348 0.6559 -0.7540
vn -0.0571 0.7056 -0.7064
vn 0.3101 -0.0734 -0.9479
vn 0.3648 0.1155 -0.9239
vn 0.2548 -0.2707 -0.9283
vn -0.0265 0.7672 -0.6409
vn -0.7217 0.4916 -0.4873
vn -0.6268 -0.5522 -0.5498
vn -0.0807 0.6578 -0.7489
vn 0.0639 0.6345 -0.7703
vn -0.2630 -0.7077 -0.6558
vn -0.3272 -0.5430 -0.7733
vn -0.7727 0.6301 -0.0771
vn -0.8135 0.4855 -0.3202
vn -0.8010 0.5900 -0.1011
vn -0.9965 0.0709 0.0454
vn 0.2679 -0.7419 0.6147
vn -0.8759 0.1663 -0.4529
vn -0.4606 0.8755 -0.1461
vn -0.9613 0.1790 -0.2094
vn -0.9937 0.0929 0.0629
vn -0.7262 -0.5441 -0.4203
vn -0.7867 0.5872 -0.1904
vn -0.9152 0.3768 -0.1432
vn -0.9894 0.1070 -0.0977
vn -0.5094 0.7543 -0.4142
vn -0.4914 0.1912 -0.8497
vn -0.5549 -0.3087 -0.7725
vn -0.3914 0.8585 -0.3313
vn -0.1334 0.6889 -0.7124
vn -0.6990 -0.5316 -0.4784
vn -0.9449 -0.3243 0.0440
vn -0.5602 0.6784 -0.4753
vn -0.4437 0.8954 -0.0373
vn -0.7228 0.4306 -0.5405
vn -0.1085 0.3453 -0.9322
vn -0.8126 -0.5186 -0.2661
vn -0.1654 -0.2932 -0.9416
vn -0.2573 0.1265 -0.9580
vn -0.5149 -0.7543 -0.4072
vn -0.1723 -0.0003 -0.9850
vn -0.0864 0.4460 -0.8908
vn -0.1464 0.0642 -0.9871
vn -0.9410 -0.2715 0.2019
vn -0.7190 -0.6944 0.0288
vn 0.4533 -0.6904 0.5638
vn -0.4038 -0.7297 -0.5518
vn -0.3779 -0.3514 -0.8566
vn -0.8510 0.5245 -0.0241
vn -0.9799 -0.0753 -0.1846
vn -0.6392 0.6120 -0.4657
vn -0.2459 0.5894 -0.7695
vn -0.3257 0.1192 -0.9379
vn -0.9681 0.1914 -0.1615
vn -0.9783 -0.0845 -0.1890
vn -0.9091 -0.0593 -0.4123
vn -0.9708 -0.0769 -0.2272
vn -0.2057 -0.5298 0.8228
vn -0.1012 -0.7249 -0.6813
vn -0.1487 0.5093 -0.8476
vn 0.1851 -0.5264 -0.8299
vn 0.4596 -0.5982 0.6565
vn -0.5880 0.7392 -0.3284
vn -0.7050 0.5897 -0.3939
vn -0.9524 -0.2700 -0.1414
vn -0.7465 -0.6052 -0.2763
vn 0.4273 -0.7629 0.4852
vn 0.8081 -0.4667 0.3593
vn -0.6882 0.6604 -0.3005
vn -0.6085 0.6674 -0.4294
vn -0.9288 0.2620 -0.2622
vn -0.7695 -0.5461 -0.3312
vn -0.0895 -0.1331 -0.9870
vn -0.2694 -0.1637 -0.9490
vn -0.4977 -0.7905 -0.3570
vn -0.2478 -0.6341 -0.7324
vn -0.1409 -0.3918 -0.9092
vn -0.9163 -0.0755 -0.3934
vn -0.5996 0.6791 -0.4235
vn -0.3865 -0.7147 -0.5829
vn -0.3921 0.7101 -0.5849
vn -0.5226 -0.7430 -0.4183
vn -0.8542 -0.5192 0.0272
vn -0.2903 0.6347 -0.7161
vn -0.3848 -0.7489 -0.5395
vn -0.9523 -0.1631 -0.2580
vn -0.1845 -0.5363 0.8237
vn -0.3839 -0.5075 -0.7714
vn -0.8580 0.4582 0.2321
vn -0.2849 0.0856 -0.9547
vn -0.3072 0.2661 -0.9137
vn -0.4443 0.1222 -0.8875
vn -0.2724 -0.0739 -0.9593
vn -0.5454 -0.6091 -0.5757
vn -0.6606 -0.7212 -0.2085
vn -0.2514 0.3956 -0.8833
vn -0.3616 0.5745 -0.7343
vn -0.3721 0.6603 -0.6523
vn -0.6455 0.7585 -0.0895
vn -0.8282 0.5265 0.1923
vn -0.8976 0.2216 0.3811
vn -0.9667 0.2206 0.1297
vn 0.5935 -0.6822 0.4270
vn -0.6680 -0.7261 -0.1630
vn -0.8184 -0.5717 0.0591
vn -0.6194 -0.6324 -0.4652
vn -0.6934 0.7101 -0.1227
vn -0.7733 0.0734 -0.6297
vn 0.5935 -0.6822 0.4269
vn -0.6303 0.4872 -0.6045
vn -0.3582 0.2887 -0.8879
vn -0.4300 0.6679 -0.6075
vn -0.4242 -0.1089 -0.8990
vn -0.6134 0.7802 0.1227
vn -0.7946 0.5724 0.2023
vn -0.4277 -0.3235 -0.8441
vn 0.7836 -0.3397 -0.5201
vn -0.6294 -0.2902 -0.7208
vn -0.4119 -0.1812 -0.8930
vn -0.5457 -0.0143 -0.8379
vn -0.5877 -0.7645 -0.2648
vn -0.4903 -0.5951 -0.6367
vn -0.5808 0.7314 -0.3574
vn 0.6709 -0.7386 0.0660
vn -0.5431 -0.6964 -0.4691
vn -0.4031 0.6822 -0.6100
vn -0.2881 -0.4295 -0.8559
vn -0.4891 -0.5408 -0.6843
vn -0.8912 -0.4119 -0.1900
vn -0.8518 0.4414 -0.2823
vn -0.8983 -0.2924 -0.3279
vn -0.0348 0.6793 -0.7330
vn -0.8868 0.0938 -0.4525
vn -0.7623 0.0582 -0.6446
vn -0.5873 -0.1410 -0.7970
vn -0.7408 0.1537 -0.6538
vn -0.7470 -0.1765 -0.6410
vn -0.5824 -0.4574 -0.6720
vn -0.5078 -0.4112 -0.7570
vn 0.3585 0.6164 -0.7011
vn -0.0089 0.6951 -0.7188
vn -0.6545 -0.2946 -0.6963
vn -0.3693 -0.7114 0.5979
vn -0.2384 0.7035 -0.6695
vn -0.4423 0.5826 -0.6819
vn 0.3207 -0.7155 -0.6206
vn 0.2326 -0.5469 -0.8042
vn -0.2913 -0.5264 -0.7987
vn -0.7689 -0.1586 -0.6194
vn 0.4304 -0.4067 -0.8058
vn 0.2691 -0.3033 -0.9141
vn -0.0702 0.7175 -0.6930
vn 0.1419 -0.4787 0.8664
vn -0.0705 0.7107 -0.6999
vn 0.2230 0.4980 -0.8380
vn -0.3421 -0.6556 -0.6731
vn 0.7299 -0.6822 -0.0428
vn -0.4815 -0.6273 -0.6121
vn 0.0976 -0.8071 -0.5823
vn -0.0854 -0.7130 -0.6960
vn -0.5663 0.3666 -0.7382
vn -0.2963 -0.5609 -0.7731
vn 0.3735 -0.1624 -0.9133
vn 0.1845 0.3625 -0.9136
vn 0.1411 0.6884 -0.7114
vn 0.6230 0.1076 -0.7748
vn 0.5329 0.3604 -0.7655
vn 0.5032 0.1245 -0.8551
vn 0.2703 -0.2713 -0.9238
vn 0.3710 -0.5993 -0.7093
vn -0.4654 0.7223 -0.5116
vn -0.8755 0.3513 -0.3317
vn -0.1063 0.7468 -0.6566
vn -0.3809 0.6309 -0.6759
vn 0.3326 0.5078 -0.7947
vn 0.4815 0.0677 -0.8738
vn -0.0852 -0.6637 0.7432
vn 0.4736 -0.3268 -0.8179
vn -0.0546 0.7240 -0.6877
vn 0.0938 0.4261 -0.8998
vn 0.2889 0.5079 -0.8115
vn 0.1734 0.6019 -0.7795
vn 0.4660 -0.1847 -0.8653
vn 0.4122 0.2960 -0.8617
vn -0.0600 -0.5306 -0.8455
vn 0.2185 -0.5799 -0.7848
vn -0.5270 -0.7186 -0.4536
vn -0.3499 0.5036 -0.7899
vn 0.4135 -0.4113 -0.8123
vn -0.5100 0.1715 -0.8429
vn -0.4850 -0.1607 -0.8596
vn -0.4513 0.5296 -0.7182
vn 0.2907 -0.4595 -0.8392
vn -0.7190 -0.0534 -0.6930
vn -0.4913 -0.5866 -0.6438
vn 0.3042 0.7903 0.5318
vn 0.8186 -0.0687 0.5703
vn 0.0141 0.6237 -0.7815
vn -0.3128 0.5855 -0.7479
vn 0.3707 -0.0732 -0.9259
vn 0.6187 -0.2179 -0.7548
vn 0.6111 0.1584 -0.7755
vn -0.5233 -0.5651 -0.6378
vn 0.7669 -0.4819 0.4239
vn 0.4856 0.8553 -0.1809
vn 0.3764 0.9109 0.1688
vn 0.0027 0.2975 -0.9547
vn -0.3766 0.9094 0.1764
vn 0.9371 0.0470 0.3460
vn -0.0561 -0.6222 0.7809
vn 0.0691 -0.6779 0.7319
vn 0.2678 -0.7419 0.6147
vn -0.1845 -0.5362 0.8237
vn 0.5013 0.0678 -0.8626
vn -0.1102 -0.6832 -0.7219
vn -0.2228 0.0614 -0.9729
vn -0.3828 -0.1185 -0.9162
vn 0.5985 -0.4233 -0.6802
vn 0.4855 0.1512 -0.8610
vn 0.1227 0.5204 -0.8451
vn 0.2130 -0.3918 -0.8951
vn -0.1463 0.0641 -0.9872
vn 0.1852 -0.5263 -0.8299
vn -0.3071 0.2661 -0.9137
vn -0.4890 -0.5408 -0.6844
vn -0.4276 -0.3234 -0.8441
vn -0.4118 -0.1812 -0.8931
vn 0.6231 0.1076 -0.7747
vn 0.2908 -0.4595 -0.8392
vn -0.2618 -0.6557 0.7081
vn 0.4273 -0.7629 0.4851
vn 0.4596 -0.5981 0.6565
vn 0.7837 -0.3397 -0.5201
vn -0.0852 -0.6636 0.7432
vt 0.086809 0.021719
vt 0.070752 0.008365
vt 0.086562 0.008302
vt 0.071049 0.022880
vt 0.054942 0.008433
vt 0.039528 0.025200
vt 0.039138 0.008498
vt 0.023333 0.008564
vt 0.023768 0.026361
vt 0.007529 0.008629
vt 0.087083 0.035938
vt 0.071369 0.038259
vt 0.055288 0.024040
vt 0.055656 0.040580
vt 0.039943 0.042901
vt 0.024229 0.045222
vt 0.008007 0.027521
vt 0.087356 0.050158
vt 0.071690 0.053639
vt 0.056023 0.057120
vt 0.040356 0.060601
vt 0.024690 0.064083
vt 0.008516 0.047543
vt 0.087630 0.064377
vt 0.072010 0.069018
vt 0.056390 0.073660
vt 0.040771 0.078302
vt 0.025151 0.082944
vt 0.009023 0.067564
vt 0.087903 0.078596
vt 0.072330 0.084398
vt 0.056757 0.090200
vt 0.041185 0.096002
vt 0.025612 0.101805
vt 0.009531 0.087586
vt 0.088177 0.092815
vt 0.072651 0.099778
vt 0.057125 0.106740
vt 0.041599 0.113703
vt 0.026073 0.120666
vt 0.010039 0.107607
vt 0.088450 0.107034
vt 0.072971 0.115157
vt 0.057492 0.123280
vt 0.042013 0.131403
vt 0.026534 0.139527
vt 0.010547 0.127628
vt 0.088724 0.121253
vt 0.073292 0.130537
vt 0.057859 0.139820
vt 0.042427 0.149104
vt 0.026995 0.158387
vt 0.011054 0.147650
vt 0.088997 0.135472
vt 0.073612 0.145916
vt 0.058226 0.156360
vt 0.042841 0.166804
vt 0.027456 0.177248
vt 0.011563 0.167671
vt 0.089271 0.149691
vt 0.073932 0.161296
vt 0.058594 0.172900
vt 0.043255 0.184505
vt 0.027917 0.196109
vt 0.012070 0.187692
vt 0.089545 0.163911
vt 0.074253 0.176675
vt 0.058961 0.189440
vt 0.043669 0.202205
vt 0.028377 0.214970
vt 0.012578 0.207714
vt 0.089818 0.178130
vt 0.074573 0.192055
vt 0.059328 0.205980
vt 0.044084 0.219906
vt 0.028839 0.233831
vt 0.013086 0.227735
vt 0.298568 0.230373
vt 0.318058 0.227735
vt 0.317550 0.247757
vt 0.299011 0.211800
vt 0.318566 0.207714
vt 0.299454 0.193228
vt 0.319074 0.187692
vt 0.299897 0.174655
vt 0.319582 0.167671
vt 0.300341 0.156082
vt 0.320089 0.147650
vt 0.300783 0.137509
vt 0.320598 0.127628
vt 0.301227 0.118937
vt 0.321105 0.107607
vt 0.301670 0.100364
vt 0.321613 0.087585
vt 0.302113 0.081791
vt 0.322121 0.067564
vt 0.302556 0.063218
vt 0.322629 0.047543
vt 0.302999 0.044646
vt 0.323136 0.027521
vt 0.323616 0.008629
vt 0.303886 0.007500
vt 0.323645 0.007500
vt 0.279585 0.212990
vt 0.279964 0.195866
vt 0.280343 0.178742
vt 0.280721 0.161618
vt 0.281099 0.144493
vt 0.281478 0.127369
vt 0.281856 0.110245
vt 0.282234 0.093121
vt 0.282613 0.075997
vt 0.282991 0.058873
vt 0.283370 0.041748
vt 0.303442 0.026073
vt 0.303861 0.008547
vt 0.284126 0.007500
vt 0.260603 0.195607
vt 0.260917 0.179931
vt 0.261231 0.164256
vt 0.261544 0.148580
vt 0.261858 0.132905
vt 0.262172 0.117229
vt 0.262485 0.101553
vt 0.262799 0.085878
vt 0.263113 0.070202
vt 0.263426 0.054527
vt 0.263740 0.038851
vt 0.283748 0.024624
vt 0.284105 0.008466
vt 0.264367 0.007500
vt 0.241621 0.178224
vt 0.241870 0.163997
vt 0.242119 0.149770
vt 0.242368 0.135543
vt 0.242617 0.121316
vt 0.242866 0.107089
vt 0.243115 0.092862
vt 0.243363 0.078635
vt 0.243612 0.064408
vt 0.243861 0.050181
vt 0.244110 0.035954
vt 0.264053 0.023176
vt 0.264349 0.008384
vt 0.244608 0.007500
vt 0.220357 0.288693
vt 0.238318 0.308699
vt 0.235207 0.314505
vt 0.252831 0.337001
vt 0.249087 0.341010
vt 0.267344 0.365303
vt 0.262112 0.367917
vt 0.274364 0.395062
vt 0.107774 0.280299
vt 0.094963 0.288589
vt 0.105529 0.267528
vt 0.096077 0.302961
vt 0.084404 0.309689
vt 0.084379 0.325622
vt 0.073844 0.330789
vt 0.072682 0.348283
vt 0.063285 0.351889
vt 0.060985 0.370944
vt 0.052726 0.372989
vt 0.093615 0.274186
vt 0.103285 0.254757
vt 0.083959 0.293693
vt 0.074302 0.313200
vt 0.064646 0.332706
vt 0.054990 0.352213
vt 0.091979 0.259762
vt 0.101040 0.241986
vt 0.082938 0.277655
vt 0.073897 0.295547
vt 0.064856 0.313439
vt 0.055815 0.331331
vt 0.090027 0.245339
vt 0.098796 0.229215
vt 0.081285 0.261616
vt 0.072544 0.277894
vt 0.063802 0.294171
vt 0.055060 0.310448
vt 0.087741 0.230942
vt 0.096551 0.216443
vt 0.078964 0.245629
vt 0.070186 0.260317
vt 0.061409 0.275005
vt 0.052632 0.289693
vt 0.084815 0.216720
vt 0.094307 0.203672
vt 0.075356 0.229952
vt 0.065896 0.243184
vt 0.056436 0.256416
vt 0.046977 0.269647
vt 0.080308 0.203521
vt 0.092063 0.190901
vt 0.068563 0.216191
vt 0.056817 0.228860
vt 0.045072 0.241529
vt 0.033326 0.254198
vt 0.223805 0.280397
vt 0.239133 0.293936
vt 0.252228 0.320287
vt 0.265323 0.346638
vt 0.270664 0.357386
vt 0.226032 0.267625
vt 0.240243 0.279135
vt 0.252213 0.303494
vt 0.264184 0.327854
vt 0.276155 0.352213
vt 0.228259 0.254854
vt 0.241712 0.264308
vt 0.252917 0.286649
vt 0.264123 0.308990
vt 0.275329 0.331332
vt 0.230486 0.242082
vt 0.243576 0.249480
vt 0.254412 0.269803
vt 0.265248 0.290125
vt 0.276084 0.310448
vt 0.232713 0.229310
vt 0.245858 0.234685
vt 0.256743 0.253021
vt 0.267627 0.271357
vt 0.278512 0.289693
vt 0.234940 0.216539
vt 0.248941 0.220099
vt 0.260683 0.236615
vt 0.272425 0.253132
vt 0.284167 0.269648
vt 0.237167 0.203767
vt 0.254006 0.206760
vt 0.268610 0.222573
vt 0.283214 0.238386
vt 0.297818 0.254199
vt 0.239394 0.190995
vt 0.506103 0.020629
vt 0.484823 0.008289
vt 0.506095 0.008241
vt 0.485010 0.021491
vt 0.463551 0.008338
vt 0.463917 0.022352
vt 0.442279 0.008386
vt 0.421730 0.024075
vt 0.421007 0.008435
vt 0.400637 0.024937
vt 0.399735 0.008483
vt 0.379543 0.025798
vt 0.378463 0.008532
vt 0.358450 0.026660
vt 0.357191 0.008581
vt 0.337357 0.027521
vt 0.335919 0.008629
vt 0.506113 0.033759
vt 0.485209 0.035481
vt 0.464305 0.037205
vt 0.442823 0.023214
vt 0.443401 0.038927
vt 0.422497 0.040651
vt 0.401593 0.042374
vt 0.380689 0.044097
vt 0.359785 0.045820
vt 0.506122 0.046888
vt 0.485407 0.049472
vt 0.464692 0.052057
vt 0.443978 0.054641
vt 0.423263 0.057226
vt 0.402548 0.059810
vt 0.381833 0.062395
vt 0.361118 0.064980
vt 0.338881 0.047543
vt 0.506131 0.060017
vt 0.485606 0.063463
vt 0.465080 0.066909
vt 0.444555 0.070355
vt 0.424029 0.073801
vt 0.403504 0.077247
vt 0.382979 0.080693
vt 0.362453 0.084139
vt 0.340404 0.067564
vt 0.506141 0.073146
vt 0.485804 0.077454
vt 0.465468 0.081761
vt 0.445132 0.086069
vt 0.424796 0.090376
vt 0.404460 0.094684
vt 0.384124 0.098992
vt 0.363788 0.103299
vt 0.341928 0.087585
vt 0.506150 0.086275
vt 0.486003 0.091444
vt 0.465856 0.096613
vt 0.445709 0.101783
vt 0.425562 0.106952
vt 0.405415 0.112121
vt 0.385268 0.117290
vt 0.365122 0.122459
vt 0.343451 0.107607
vt 0.506159 0.099404
vt 0.486202 0.105435
vt 0.466244 0.111466
vt 0.446287 0.117496
vt 0.426329 0.123527
vt 0.406371 0.129558
vt 0.386414 0.135588
vt 0.366456 0.141619
vt 0.344975 0.127628
vt 0.506169 0.112534
vt 0.486400 0.119426
vt 0.466632 0.126318
vt 0.446863 0.133210
vt 0.427095 0.140102
vt 0.407327 0.146994
vt 0.387558 0.153887
vt 0.367790 0.160779
vt 0.346499 0.147650
vt 0.506178 0.125663
vt 0.486599 0.133417
vt 0.467020 0.141170
vt 0.447441 0.148924
vt 0.427862 0.156678
vt 0.408283 0.164431
vt 0.388704 0.172185
vt 0.369125 0.179939
vt 0.348022 0.167671
vt 0.506187 0.138792
vt 0.486797 0.147407
vt 0.467408 0.156022
vt 0.448018 0.164638
vt 0.428628 0.173253
vt 0.409238 0.181868
vt 0.389848 0.190483
vt 0.370458 0.199099
vt 0.349546 0.187692
vt 0.506197 0.151921
vt 0.486996 0.161398
vt 0.467796 0.170875
vt 0.448595 0.180351
vt 0.429395 0.189828
vt 0.410194 0.199305
vt 0.390994 0.208782
vt 0.371793 0.218258
vt 0.351069 0.207714
vt 0.506206 0.165050
vt 0.487195 0.175389
vt 0.468184 0.185727
vt 0.449172 0.196065
vt 0.430161 0.206403
vt 0.411150 0.216742
vt 0.392139 0.227080
vt 0.373128 0.237418
vt 0.352593 0.227735
vt 0.527366 0.008289
vt 0.548638 0.008338
vt 0.527194 0.021491
vt 0.569910 0.008386
vt 0.548285 0.022352
vt 0.590468 0.024075
vt 0.569376 0.023214
vt 0.591182 0.008435
vt 0.611559 0.024937
vt 0.612454 0.008483
vt 0.632650 0.025798
vt 0.633726 0.008532
vt 0.653741 0.026660
vt 0.654997 0.008581
vt 0.674832 0.027521
vt 0.527012 0.035481
vt 0.547912 0.037205
vt 0.568811 0.038928
vt 0.589710 0.040651
vt 0.610610 0.042374
vt 0.631509 0.044097
vt 0.652409 0.045820
vt 0.526830 0.049472
vt 0.547538 0.052057
vt 0.568245 0.054641
vt 0.588953 0.057226
vt 0.609661 0.059810
vt 0.630369 0.062395
vt 0.673308 0.047543
vt 0.651077 0.064980
vt 0.526648 0.063463
vt 0.547164 0.066909
vt 0.567680 0.070355
vt 0.588196 0.073801
vt 0.608713 0.077247
vt 0.629229 0.080693
vt 0.671784 0.067564
vt 0.649745 0.084139
vt 0.526465 0.077454
vt 0.546790 0.081761
vt 0.567114 0.086069
vt 0.587439 0.090376
vt 0.607764 0.094684
vt 0.628088 0.098992
vt 0.670261 0.087586
vt 0.648413 0.103299
vt 0.526283 0.091444
vt 0.546416 0.096613
vt 0.566549 0.101783
vt 0.586682 0.106952
vt 0.606815 0.112121
vt 0.626948 0.117290
vt 0.668737 0.107607
vt 0.647081 0.122459
vt 0.526101 0.105435
vt 0.546042 0.111466
vt 0.565984 0.117496
vt 0.585925 0.123527
vt 0.605866 0.129558
vt 0.625808 0.135588
vt 0.667214 0.127628
vt 0.645749 0.141619
vt 0.525918 0.119426
vt 0.545668 0.126318
vt 0.565418 0.133210
vt 0.585168 0.140102
vt 0.604917 0.146994
vt 0.624667 0.153887
vt 0.665690 0.147650
vt 0.644417 0.160779
vt 0.525736 0.133417
vt 0.545294 0.141170
vt 0.564852 0.148924
vt 0.584411 0.156678
vt 0.603969 0.164431
vt 0.623527 0.172185
vt 0.664167 0.167671
vt 0.643085 0.179939
vt 0.525554 0.147407
vt 0.544920 0.156022
vt 0.564287 0.164638
vt 0.583653 0.173253
vt 0.603020 0.181868
vt 0.622386 0.190483
vt 0.662644 0.187692
vt 0.641753 0.199099
vt 0.525372 0.161398
vt 0.544547 0.170875
vt 0.563722 0.180351
vt 0.582897 0.189828
vt 0.602072 0.199305
vt 0.621247 0.208782
vt 0.661120 0.207714
vt 0.640422 0.218258
vt 0.525189 0.175389
vt 0.544173 0.185727
vt 0.563156 0.196065
vt 0.582139 0.206403
vt 0.601122 0.216742
vt 0.620106 0.227080
vt 0.659597 0.227735
vt 0.639089 0.237418
vt 0.507121 0.335953
vt 0.492756 0.329130
vt 0.507463 0.319919
vt 0.493232 0.342961
vt 0.478050 0.338341
vt 0.479344 0.350006
vt 0.463343 0.347552
vt 0.465462 0.357125
vt 0.448636 0.356762
vt 0.451589 0.364355
vt 0.433929 0.365973
vt 0.423981 0.379509
vt 0.437744 0.371768
vt 0.410416 0.387730
vt 0.419223 0.375184
vt 0.397303 0.396585
vt 0.404516 0.384395
vt 0.521828 0.329130
vt 0.520753 0.342961
vt 0.536192 0.338341
vt 0.534384 0.350006
vt 0.550556 0.347552
vt 0.548010 0.357125
vt 0.564921 0.356762
vt 0.561626 0.364355
vt 0.579285 0.365973
vt 0.575214 0.371768
vt 0.588721 0.379509
vt 0.593650 0.375184
vt 0.602029 0.387731
vt 0.608014 0.384395
vt 0.614886 0.396585
vt 0.521212 0.309579
vt 0.535118 0.318658
vt 0.549025 0.327737
vt 0.562931 0.336816
vt 0.576837 0.345895
vt 0.590744 0.354975
vt 0.604650 0.364054
vt 0.618556 0.373133
vt 0.622379 0.393606
vt 0.507306 0.300561
vt 0.520789 0.290002
vt 0.534430 0.298921
vt 0.548071 0.307840
vt 0.561712 0.316759
vt 0.575353 0.325677
vt 0.588994 0.334596
vt 0.602634 0.343515
vt 0.616275 0.352434
vt 0.507149 0.281202
vt 0.520576 0.270411
vt 0.534162 0.279155
vt 0.547748 0.287899
vt 0.561334 0.296643
vt 0.574920 0.305387
vt 0.588506 0.314131
vt 0.602092 0.322875
vt 0.615678 0.331619
vt 0.506992 0.261843
vt 0.520573 0.250822
vt 0.534313 0.259393
vt 0.548053 0.267965
vt 0.561793 0.276536
vt 0.575533 0.285108
vt 0.589273 0.293679
vt 0.603013 0.302251
vt 0.616753 0.310822
vt 0.506835 0.242485
vt 0.520771 0.231251
vt 0.534868 0.239668
vt 0.548964 0.248086
vt 0.563061 0.256503
vt 0.577157 0.264921
vt 0.591254 0.273338
vt 0.605350 0.281756
vt 0.619446 0.290173
vt 0.506677 0.223126
vt 0.521364 0.211819
vt 0.536210 0.220166
vt 0.551055 0.228513
vt 0.565901 0.236860
vt 0.580747 0.245207
vt 0.595593 0.253554
vt 0.610439 0.261900
vt 0.625285 0.270247
vt 0.506520 0.203768
vt 0.522890 0.193078
vt 0.539418 0.201861
vt 0.555947 0.210644
vt 0.572475 0.219427
vt 0.589003 0.228210
vt 0.605531 0.236994
vt 0.622059 0.245777
vt 0.506363 0.184409
vt 0.638587 0.254560
vt 0.489767 0.193078
vt 0.473172 0.201861
vt 0.439982 0.219427
vt 0.423387 0.228210
vt 0.406792 0.236994
vt 0.390197 0.245777
vt 0.373602 0.254560
vt 0.354117 0.247757
vt 0.491566 0.211819
vt 0.476614 0.220166
vt 0.456577 0.210644
vt 0.461663 0.228513
vt 0.446711 0.236860
vt 0.416808 0.253554
vt 0.401856 0.261900
vt 0.386904 0.270247
vt 0.492433 0.231251
vt 0.478192 0.239668
vt 0.463950 0.248086
vt 0.449709 0.256503
vt 0.431759 0.245207
vt 0.435467 0.264921
vt 0.421226 0.273338
vt 0.406984 0.281756
vt 0.492908 0.250822
vt 0.478983 0.259393
vt 0.465059 0.267965
vt 0.451134 0.276536
vt 0.437210 0.285108
vt 0.423285 0.293679
vt 0.409360 0.302251
vt 0.392743 0.290173
vt 0.493180 0.270411
vt 0.479370 0.279155
vt 0.465561 0.287899
vt 0.451751 0.296643
vt 0.437941 0.305387
vt 0.424131 0.314131
vt 0.410321 0.322875
vt 0.395436 0.310823
vt 0.493244 0.290002
vt 0.479339 0.298921
vt 0.465435 0.307840
vt 0.451531 0.316759
vt 0.437626 0.325678
vt 0.423722 0.334596
vt 0.409818 0.343515
vt 0.396511 0.331619
vt 0.493096 0.309579
vt 0.478887 0.318658
vt 0.464678 0.327737
vt 0.450469 0.336816
vt 0.436259 0.345895
vt 0.422050 0.354975
vt 0.407841 0.364054
vt 0.395913 0.352434
vt 0.393631 0.373133
vt 0.165720 0.165229
vt 0.184748 0.155063
vt 0.184695 0.168478
vt 0.165707 0.152085
vt 0.184801 0.141648
vt 0.165695 0.138941
vt 0.184854 0.128233
vt 0.165683 0.125797
vt 0.184907 0.114819
vt 0.165671 0.112653
vt 0.184960 0.101404
vt 0.165658 0.099509
vt 0.185013 0.087989
vt 0.165646 0.086365
vt 0.185066 0.074574
vt 0.165634 0.073221
vt 0.185119 0.061159
vt 0.165622 0.060076
vt 0.185172 0.047745
vt 0.165609 0.046932
vt 0.185225 0.034330
vt 0.165597 0.033788
vt 0.185278 0.020915
vt 0.165573 0.007500
vt 0.185331 0.008258
vt 0.165574 0.008241
vt 0.203789 0.158041
vt 0.203670 0.171726
vt 0.203907 0.144355
vt 0.204025 0.130670
vt 0.204144 0.116984
vt 0.204262 0.103299
vt 0.204380 0.089613
vt 0.204499 0.075928
vt 0.204617 0.062242
vt 0.204735 0.048557
vt 0.204972 0.021186
vt 0.204854 0.034871
vt 0.205090 0.007500
vt 0.205084 0.008272
vt 0.222829 0.161019
vt 0.222646 0.174975
vt 0.223013 0.147063
vt 0.223197 0.133106
vt 0.223380 0.119150
vt 0.223564 0.105194
vt 0.223747 0.091238
vt 0.224115 0.063325
vt 0.223931 0.077281
vt 0.224298 0.049369
vt 0.224482 0.035413
vt 0.224839 0.008287
vt 0.224665 0.021456
vt 0.224849 0.007500
vt 0.244594 0.008302
vt 0.165789 0.239249
vt 0.180843 0.239404
vt 0.180293 0.249536
vt 0.165781 0.229997
vt 0.181394 0.229271
vt 0.165772 0.220744
vt 0.181944 0.219139
vt 0.165763 0.211492
vt 0.182494 0.209007
vt 0.165754 0.202239
vt 0.183044 0.198875
vt 0.165746 0.192987
vt 0.183595 0.188742
vt 0.165737 0.183734
vt 0.184145 0.178610
vt 0.165728 0.174482
vt 0.195906 0.248811
vt 0.194797 0.259823
vt 0.197015 0.237799
vt 0.198124 0.226787
vt 0.199234 0.215775
vt 0.200343 0.204763
vt 0.201452 0.193751
vt 0.202561 0.182739
vt 0.210969 0.258218
vt 0.209301 0.270110
vt 0.212637 0.246326
vt 0.214305 0.234434
vt 0.215973 0.222542
vt 0.217641 0.210651
vt 0.219310 0.198759
vt 0.220978 0.186867
vt 0.085169 0.417994
vt 0.072606 0.438627
vt 0.073559 0.417948
vt 0.083773 0.460443
vt 0.071532 0.459541
vt 0.070456 0.480455
vt 0.083074 0.481807
vt 0.069382 0.501368
vt 0.082376 0.503172
vt 0.066877 0.522157
vt 0.080436 0.524412
vt 0.064321 0.542942
vt 0.078453 0.545648
vt 0.061766 0.563727
vt 0.076471 0.566884
vt 0.059211 0.584512
vt 0.074490 0.588119
vt 0.056655 0.605296
vt 0.072508 0.609355
vt 0.054100 0.626081
vt 0.070527 0.630591
vt 0.051545 0.646866
vt 0.068544 0.651826
vt 0.048990 0.667651
vt 0.066562 0.673062
vt 0.046434 0.688435
vt 0.064578 0.694298
vt 0.043879 0.709220
vt 0.062594 0.715533
vt 0.041324 0.730005
vt 0.096645 0.417985
vt 0.084469 0.439078
vt 0.095948 0.440034
vt 0.095318 0.462355
vt 0.094686 0.484676
vt 0.094054 0.506996
vt 0.092355 0.529192
vt 0.090620 0.551384
vt 0.088886 0.573576
vt 0.087152 0.595767
vt 0.085417 0.617959
vt 0.083683 0.640151
vt 0.081948 0.662343
vt 0.080213 0.684534
vt 0.078477 0.706726
vt 0.076741 0.728918
vt 0.060609 0.736769
vt 0.108133 0.418005
vt 0.107272 0.441202
vt 0.106458 0.464690
vt 0.105644 0.488178
vt 0.104830 0.511666
vt 0.103117 0.535030
vt 0.101370 0.558389
vt 0.099624 0.581748
vt 0.097876 0.605107
vt 0.096129 0.628466
vt 0.094383 0.651826
vt 0.092636 0.675185
vt 0.090890 0.698544
vt 0.089144 0.721903
vt 0.087399 0.745263
vt 0.075004 0.751110
vt 0.119551 0.418016
vt 0.118611 0.442359
vt 0.117628 0.467004
vt 0.116648 0.491649
vt 0.115670 0.516294
vt 0.113958 0.540815
vt 0.112216 0.565331
vt 0.110474 0.589848
vt 0.108731 0.614364
vt 0.106988 0.638880
vt 0.105246 0.663397
vt 0.103504 0.687913
vt 0.101764 0.712429
vt 0.100024 0.736946
vt 0.098287 0.761462
vt 0.085654 0.768622
vt 0.131100 0.418026
vt 0.130100 0.443388
vt 0.129114 0.469063
vt 0.128133 0.494738
vt 0.127153 0.520412
vt 0.125612 0.545962
vt 0.124048 0.571508
vt 0.122482 0.597054
vt 0.120916 0.622600
vt 0.119349 0.648145
vt 0.117783 0.673691
vt 0.116219 0.699237
vt 0.114655 0.724783
vt 0.113094 0.750329
vt 0.111534 0.775874
vt 0.096550 0.785978
vt 0.142589 0.418036
vt 0.141785 0.444201
vt 0.140991 0.470688
vt 0.140201 0.497175
vt 0.139412 0.523662
vt 0.138245 0.550025
vt 0.137061 0.576383
vt 0.135875 0.602741
vt 0.134688 0.629099
vt 0.133502 0.655458
vt 0.132316 0.681816
vt 0.131131 0.708174
vt 0.129947 0.734532
vt 0.128765 0.760891
vt 0.127585 0.787249
vt 0.109976 0.801420
vt 0.153621 0.444722
vt 0.153180 0.471731
vt 0.152740 0.498739
vt 0.152302 0.525747
vt 0.151672 0.552631
vt 0.151033 0.579511
vt 0.150394 0.606390
vt 0.149754 0.633270
vt 0.149114 0.660149
vt 0.148474 0.687029
vt 0.147835 0.713908
vt 0.147197 0.740788
vt 0.146560 0.767668
vt 0.145923 0.794547
vt 0.126405 0.813607
vt 0.154080 0.418042
vt 0.165569 0.444923
vt 0.165568 0.472132
vt 0.165566 0.499341
vt 0.165564 0.526550
vt 0.165563 0.553635
vt 0.165561 0.580715
vt 0.165559 0.607795
vt 0.165557 0.634876
vt 0.165555 0.661956
vt 0.165553 0.689036
vt 0.165551 0.716116
vt 0.165549 0.743196
vt 0.165547 0.770277
vt 0.165545 0.797357
vt 0.145288 0.821427
vt 0.177064 0.418042
vt 0.165572 0.418045
vt 0.177520 0.444710
vt 0.178391 0.498703
vt 0.178824 0.525699
vt 0.179449 0.552571
vt 0.180082 0.579439
vt 0.180716 0.606307
vt 0.181351 0.633174
vt 0.181985 0.660042
vt 0.182619 0.686909
vt 0.183253 0.713777
vt 0.183885 0.740644
vt 0.184517 0.767512
vt 0.185148 0.794380
vt 0.185779 0.821247
vt 0.165543 0.824437
vt 0.188555 0.418036
vt 0.189360 0.444201
vt 0.177957 0.471707
vt 0.190944 0.497177
vt 0.191732 0.523664
vt 0.192900 0.550027
vt 0.194083 0.576386
vt 0.195269 0.602745
vt 0.196455 0.629104
vt 0.197641 0.655462
vt 0.198827 0.681821
vt 0.200011 0.708180
vt 0.201194 0.734539
vt 0.202376 0.760897
vt 0.203556 0.787256
vt 0.204735 0.813615
vt 0.201044 0.443392
vt 0.190155 0.470689
vt 0.203014 0.494747
vt 0.203996 0.520425
vt 0.205538 0.545978
vt 0.207103 0.571527
vt 0.208671 0.597076
vt 0.210239 0.622625
vt 0.211807 0.648174
vt 0.213374 0.673723
vt 0.214940 0.699272
vt 0.216504 0.724821
vt 0.218067 0.750370
vt 0.219628 0.775919
vt 0.221188 0.801468
vt 0.200043 0.418026
vt 0.212527 0.442356
vt 0.202032 0.469069
vt 0.214479 0.491641
vt 0.215452 0.516283
vt 0.217160 0.540801
vt 0.218895 0.565314
vt 0.220632 0.589827
vt 0.222369 0.614341
vt 0.224107 0.638854
vt 0.225844 0.663368
vt 0.227579 0.687881
vt 0.229314 0.712394
vt 0.231048 0.736908
vt 0.232780 0.761421
vt 0.234511 0.785935
vt 0.222935 0.417979
vt 0.211530 0.418013
vt 0.223871 0.441202
vt 0.213506 0.466998
vt 0.224685 0.464690
vt 0.226310 0.511665
vt 0.228023 0.535029
vt 0.229768 0.558388
vt 0.231514 0.581747
vt 0.233260 0.605106
vt 0.235006 0.628465
vt 0.236752 0.651824
vt 0.238497 0.675183
vt 0.240242 0.698542
vt 0.241987 0.721901
vt 0.243731 0.745261
vt 0.245475 0.768620
vt 0.235198 0.440036
vt 0.235830 0.462358
vt 0.236463 0.484680
vt 0.225498 0.488178
vt 0.237097 0.507002
vt 0.238798 0.529199
vt 0.240534 0.551392
vt 0.242270 0.573585
vt 0.244006 0.595778
vt 0.245741 0.617971
vt 0.247477 0.640164
vt 0.249214 0.662358
vt 0.250950 0.684551
vt 0.252688 0.706744
vt 0.254425 0.728937
vt 0.256164 0.751130
vt 0.246041 0.417954
vt 0.234527 0.418016
vt 0.246675 0.439078
vt 0.247371 0.460443
vt 0.248768 0.503172
vt 0.250709 0.524411
vt 0.252691 0.545647
vt 0.254673 0.566883
vt 0.256654 0.588118
vt 0.258635 0.609354
vt 0.260617 0.630589
vt 0.262599 0.651825
vt 0.264582 0.673061
vt 0.266565 0.694296
vt 0.268549 0.715532
vt 0.270534 0.736767
vt 0.257421 0.417976
vt 0.258538 0.438627
vt 0.259613 0.459541
vt 0.248070 0.481807
vt 0.261762 0.501368
vt 0.264268 0.522157
vt 0.266823 0.542942
vt 0.269378 0.563727
vt 0.271933 0.584511
vt 0.274489 0.605296
vt 0.277044 0.626081
vt 0.279599 0.646866
vt 0.282154 0.667651
vt 0.284709 0.688435
vt 0.287264 0.709220
vt 0.289820 0.730005
vt 0.605154 0.438627
vt 0.592571 0.418095
vt 0.604242 0.418087
vt 0.606230 0.459541
vt 0.593291 0.439078
vt 0.607304 0.480455
vt 0.593988 0.460443
vt 0.608379 0.501368
vt 0.594686 0.481808
vt 0.610884 0.522157
vt 0.595385 0.503172
vt 0.613439 0.542942
vt 0.597326 0.524412
vt 0.615995 0.563727
vt 0.599308 0.545648
vt 0.618550 0.584512
vt 0.601290 0.566884
vt 0.621105 0.605296
vt 0.603271 0.588119
vt 0.623661 0.626081
vt 0.605252 0.609355
vt 0.626216 0.646866
vt 0.607234 0.630591
vt 0.628771 0.667651
vt 0.609216 0.651827
vt 0.631326 0.688435
vt 0.611199 0.673062
vt 0.633881 0.709220
vt 0.613182 0.694298
vt 0.636437 0.730005
vt 0.615166 0.715534
vt 0.581120 0.418111
vt 0.581812 0.440034
vt 0.582443 0.462355
vt 0.583075 0.484676
vt 0.583707 0.506996
vt 0.585406 0.529192
vt 0.587141 0.551384
vt 0.588875 0.573576
vt 0.590609 0.595768
vt 0.592343 0.617959
vt 0.594078 0.640151
vt 0.595813 0.662343
vt 0.597548 0.684535
vt 0.599283 0.706726
vt 0.617151 0.736770
vt 0.601019 0.728918
vt 0.569625 0.418144
vt 0.570488 0.441202
vt 0.571304 0.464690
vt 0.572117 0.488178
vt 0.572930 0.511666
vt 0.574644 0.535030
vt 0.576391 0.558389
vt 0.578138 0.581748
vt 0.579885 0.605108
vt 0.581632 0.628467
vt 0.583379 0.651826
vt 0.585125 0.675185
vt 0.586872 0.698545
vt 0.588617 0.721904
vt 0.602757 0.751110
vt 0.590362 0.745263
vt 0.559150 0.442359
vt 0.558216 0.418150
vt 0.560133 0.467004
vt 0.561113 0.491649
vt 0.562091 0.516295
vt 0.563804 0.540815
vt 0.565545 0.565332
vt 0.567287 0.589848
vt 0.569030 0.614364
vt 0.570773 0.638881
vt 0.572516 0.663397
vt 0.574257 0.687913
vt 0.575998 0.712430
vt 0.577736 0.736946
vt 0.592107 0.768623
vt 0.579474 0.761463
vt 0.546666 0.418171
vt 0.547660 0.443388
vt 0.548647 0.469063
vt 0.549628 0.494738
vt 0.550608 0.520412
vt 0.552149 0.545962
vt 0.553713 0.571508
vt 0.555278 0.597054
vt 0.556845 0.622600
vt 0.558411 0.648146
vt 0.559978 0.673691
vt 0.561542 0.699237
vt 0.563105 0.724783
vt 0.564666 0.750329
vt 0.581211 0.785979
vt 0.566226 0.775874
vt 0.535176 0.418186
vt 0.535976 0.444201
vt 0.536770 0.470688
vt 0.537560 0.497175
vt 0.538348 0.523662
vt 0.539516 0.550025
vt 0.540700 0.576383
vt 0.541886 0.602741
vt 0.543073 0.629100
vt 0.544259 0.655458
vt 0.545445 0.681816
vt 0.546630 0.708174
vt 0.547813 0.734533
vt 0.548995 0.760891
vt 0.567784 0.801420
vt 0.550176 0.787249
vt 0.524139 0.444722
vt 0.523683 0.418195
vt 0.524582 0.471731
vt 0.525020 0.498739
vt 0.525459 0.525747
vt 0.526089 0.552631
vt 0.526727 0.579511
vt 0.527367 0.606390
vt 0.528007 0.633270
vt 0.528647 0.660149
vt 0.529287 0.687029
vt 0.529925 0.713909
vt 0.530564 0.740788
vt 0.531201 0.767668
vt 0.551355 0.813607
vt 0.531837 0.794547
vt 0.512191 0.444923
vt 0.512189 0.418199
vt 0.512193 0.472132
vt 0.512195 0.499341
vt 0.512196 0.526550
vt 0.512198 0.553635
vt 0.512200 0.580715
vt 0.512202 0.607795
vt 0.512204 0.634876
vt 0.512206 0.661956
vt 0.512208 0.689036
vt 0.512210 0.716116
vt 0.512212 0.743196
vt 0.512213 0.770277
vt 0.532473 0.821427
vt 0.512215 0.797357
vt 0.500694 0.418195
vt 0.500240 0.444710
vt 0.499370 0.498703
vt 0.499804 0.471707
vt 0.498937 0.525699
vt 0.498312 0.552571
vt 0.497679 0.579439
vt 0.497045 0.606306
vt 0.496410 0.633174
vt 0.495776 0.660042
vt 0.495142 0.686909
vt 0.494508 0.713777
vt 0.493875 0.740644
vt 0.493243 0.767512
vt 0.492612 0.794379
vt 0.491982 0.821247
vt 0.489201 0.418186
vt 0.487607 0.470689
vt 0.488400 0.444201
vt 0.486817 0.497177
vt 0.486029 0.523664
vt 0.484861 0.550027
vt 0.483678 0.576386
vt 0.482492 0.602745
vt 0.481306 0.629104
vt 0.480119 0.655462
vt 0.478934 0.681821
vt 0.477749 0.708180
vt 0.476566 0.734539
vt 0.475384 0.760898
vt 0.474204 0.787256
vt 0.473025 0.813615
vt 0.477711 0.418171
vt 0.475729 0.469069
vt 0.476717 0.443392
vt 0.474746 0.494747
vt 0.473765 0.520425
vt 0.472223 0.545978
vt 0.470657 0.571527
vt 0.469090 0.597076
vt 0.467522 0.622625
vt 0.465954 0.648174
vt 0.464387 0.673723
vt 0.462821 0.699272
vt 0.461256 0.724821
vt 0.459693 0.750370
vt 0.458132 0.775919
vt 0.456572 0.801468
vt 0.466225 0.418153
vt 0.465233 0.442356
vt 0.463281 0.491641
vt 0.464256 0.466998
vt 0.462308 0.516283
vt 0.460601 0.540801
vt 0.458866 0.565314
vt 0.457129 0.589827
vt 0.455392 0.614341
vt 0.453654 0.638854
vt 0.451917 0.663367
vt 0.450181 0.687881
vt 0.448447 0.712394
vt 0.446713 0.736908
vt 0.444981 0.761421
vt 0.443250 0.785934
vt 0.454722 0.418081
vt 0.453889 0.441202
vt 0.453076 0.464690
vt 0.451451 0.511665
vt 0.452263 0.488177
vt 0.449738 0.535029
vt 0.447993 0.558388
vt 0.446247 0.581747
vt 0.444501 0.605106
vt 0.442755 0.628465
vt 0.441009 0.651824
vt 0.439263 0.675183
vt 0.437519 0.698542
vt 0.435773 0.721901
vt 0.434029 0.745260
vt 0.432285 0.768619
vt 0.443260 0.418174
vt 0.442562 0.440036
vt 0.441297 0.484679
vt 0.441931 0.462358
vt 0.440664 0.507001
vt 0.438964 0.529199
vt 0.437227 0.551392
vt 0.435491 0.573585
vt 0.433755 0.595778
vt 0.432020 0.617971
vt 0.430284 0.640164
vt 0.428547 0.662357
vt 0.426811 0.684550
vt 0.425073 0.706743
vt 0.423336 0.728936
vt 0.421597 0.751130
vt 0.431760 0.418075
vt 0.431086 0.439078
vt 0.429691 0.481807
vt 0.430390 0.460443
vt 0.428992 0.503172
vt 0.427052 0.524411
vt 0.425070 0.545647
vt 0.423088 0.566883
vt 0.421107 0.588118
vt 0.419125 0.609354
vt 0.417144 0.630589
vt 0.415161 0.651825
vt 0.413179 0.673060
vt 0.411195 0.694296
vt 0.409211 0.715532
vt 0.407226 0.736767
vt 0.420228 0.418061
vt 0.419223 0.438627
vt 0.418148 0.459541
vt 0.415998 0.501368
vt 0.417073 0.480455
vt 0.413493 0.522157
vt 0.410938 0.542942
vt 0.408383 0.563727
vt 0.405827 0.584512
vt 0.403272 0.605296
vt 0.400717 0.626081
vt 0.398161 0.646866
vt 0.395606 0.667651
vt 0.393051 0.688435
vt 0.390496 0.709220
vt 0.387940 0.730005
vt 0.146667 0.155042
vt 0.146589 0.141629
vt 0.146511 0.128216
vt 0.146434 0.114803
vt 0.146356 0.101390
vt 0.146279 0.087977
vt 0.146201 0.074564
vt 0.146124 0.061152
vt 0.146046 0.047739
vt 0.145968 0.034326
vt 0.165585 0.020644
vt 0.145813 0.007500
vt 0.146744 0.168454
vt 0.127626 0.157998
vt 0.127483 0.144316
vt 0.127340 0.130635
vt 0.127197 0.116953
vt 0.127054 0.103271
vt 0.126911 0.089590
vt 0.126769 0.075908
vt 0.126626 0.062227
vt 0.126483 0.048545
vt 0.126340 0.034863
vt 0.126197 0.021182
vt 0.145891 0.020913
vt 0.126060 0.008272
vt 0.145805 0.008257
vt 0.127769 0.171679
vt 0.108585 0.160954
vt 0.108377 0.147004
vt 0.108169 0.133054
vt 0.107961 0.119103
vt 0.107752 0.105153
vt 0.107544 0.091202
vt 0.107336 0.077252
vt 0.107128 0.063302
vt 0.106920 0.049351
vt 0.106711 0.035401
vt 0.106307 0.008287
vt 0.126054 0.007500
vt 0.108793 0.174905
vt 0.106503 0.021451
vt 0.106295 0.007500
vt 0.124891 0.278789
vt 0.111688 0.288124
vt 0.122278 0.270037
vt 0.138356 0.269916
vt 0.136782 0.259774
vt 0.152012 0.261628
vt 0.151285 0.249512
vt 0.165735 0.253886
vt 0.120592 0.258145
vt 0.135655 0.248762
vt 0.150718 0.239379
vt 0.118907 0.246254
vt 0.134528 0.237751
vt 0.150150 0.229247
vt 0.117221 0.234362
vt 0.133402 0.226739
vt 0.149582 0.219115
vt 0.115536 0.222471
vt 0.132275 0.215727
vt 0.149015 0.208983
vt 0.113850 0.210579
vt 0.131149 0.204715
vt 0.148447 0.198851
vt 0.112164 0.198688
vt 0.130022 0.193703
vt 0.147880 0.188719
vt 0.110479 0.186796
vt 0.128895 0.182691
vt 0.147312 0.178587
vt 0.054921 0.007500
vt 0.039114 0.007500
vt 0.463529 0.007500
vt 0.442246 0.007500
vt 0.357115 0.007500
vt 0.335833 0.007500
vt 0.569942 0.007500
vt 0.591225 0.007500
vt 0.023307 0.007500
vt 0.420963 0.007500
vt 0.612507 0.007500
vt 0.506094 0.007500
vt 0.527377 0.007500
vt 0.007500 0.007500
vt 0.399681 0.007500
vt 0.633790 0.007500
vt 0.086536 0.007500
vt 0.070729 0.007500
vt 0.484811 0.007500
vt 0.548659 0.007500
vt 0.378398 0.007500
vt 0.655073 0.007500
vt 0.185331 0.007500
vt 0.676355 0.007500
vt 0.202026 0.984502
vt 0.214442 0.983822
vt 0.214394 0.988187
vt 0.257861 0.858827
vt 0.263823 0.871102
vt 0.254980 0.862109
vt 0.191294 0.977477
vt 0.203147 0.980321
vt 0.246094 0.851788
vt 0.243963 0.855628
vt 0.183538 0.967584
vt 0.193456 0.973826
vt 0.233101 0.847166
vt 0.231745 0.851303
vt 0.279986 0.907537
vt 0.277319 0.921639
vt 0.275588 0.908180
vt 0.219584 0.844871
vt 0.219038 0.849163
vt 0.281770 0.921440
vt 0.277909 0.934768
vt 0.205916 0.845189
vt 0.206211 0.849533
vt 0.282283 0.935303
vt 0.275692 0.947220
vt 0.165268 0.925421
vt 0.167313 0.934947
vt 0.163800 0.935930
vt 0.273574 0.960804
vt 0.279744 0.948647
vt 0.169875 0.946120
vt 0.173403 0.943750
vt 0.264119 0.970855
vt 0.269843 0.958421
vt 0.169678 0.877635
vt 0.176627 0.870867
vt 0.173339 0.879659
vt 0.180113 0.954111
vt 0.176879 0.956821
vt 0.252968 0.979059
vt 0.260960 0.967709
vt 0.173377 0.868239
vt 0.181813 0.863155
vt 0.186450 0.964518
vt 0.240613 0.985188
vt 0.250472 0.975415
vt 0.179188 0.859830
vt 0.188873 0.856958
vt 0.169422 0.913151
vt 0.169420 0.925437
vt 0.227295 0.988672
vt 0.238870 0.981148
vt 0.187008 0.853102
vt 0.197111 0.852364
vt 0.165365 0.913119
vt 0.167703 0.902062
vt 0.273222 0.894843
vt 0.277527 0.893755
vt 0.196059 0.848198
vt 0.163800 0.901469
vt 0.169645 0.890992
vt 0.269810 0.882218
vt 0.273811 0.880453
vt 0.226394 0.984330
vt 0.165850 0.889584
vt 0.267270 0.868603
vt 0.218894 0.914486
vt 0.592593 0.417714
vt 0.604080 0.417714
vt 0.581107 0.417714
vt 0.569620 0.417714
vt 0.558134 0.417714
vt 0.546648 0.417714
vt 0.535161 0.417714
vt 0.523675 0.417714
vt 0.512188 0.417714
vt 0.500702 0.417714
vt 0.489216 0.417714
vt 0.477729 0.417714
vt 0.466243 0.417714
vt 0.454756 0.417714
vt 0.443270 0.417714
vt 0.431784 0.417714
vt 0.420297 0.417714
vt 0.562620 0.874344
vt 0.536500 0.877592
vt 0.545048 0.856547
vt 0.510356 0.988673
vt 0.500795 0.965682
vt 0.514443 0.970066
vt 0.523071 0.867872
vt 0.522825 0.844870
vt 0.535564 0.983307
vt 0.528342 0.964358
vt 0.506997 0.866829
vt 0.498433 0.845647
vt 0.557306 0.968084
vt 0.542005 0.953311
vt 0.481224 0.861610
vt 0.496710 0.878574
vt 0.553201 0.939276
vt 0.572542 0.946092
vt 0.474611 0.885497
vt 0.494707 0.896011
vt 0.557848 0.922998
vt 0.578095 0.921162
vt 0.472524 0.933902
vt 0.494797 0.951794
vt 0.475817 0.958594
vt 0.472524 0.909474
vt 0.493510 0.914988
vt 0.556023 0.906213
vt 0.574413 0.896307
vt 0.493646 0.934039
vt 0.548157 0.890719
vt 0.488313 0.979037
vt 0.245977 0.417714
vt 0.234490 0.417714
vt 0.085167 0.417714
vt 0.073681 0.417714
vt 0.257463 0.417714
vt 0.096653 0.417714
vt 0.108140 0.417714
vt 0.119626 0.417714
vt 0.131113 0.417714
vt 0.142599 0.417714
vt 0.154085 0.417714
vt 0.165572 0.417714
vt 0.177058 0.417714
vt 0.188545 0.417714
vt 0.200031 0.417714
vt 0.211518 0.417714
vt 0.223004 0.417714
vt 0.680897 0.985065
vt 0.682218 0.959859
vt 0.698458 0.967869
vt 0.704041 0.944969
vt 0.686567 0.924021
vt 0.706424 0.921572
vt 0.611012 0.883518
vt 0.637720 0.882090
vt 0.626811 0.896428
vt 0.685135 0.943133
vt 0.602187 0.906819
vt 0.621088 0.913032
vt 0.686693 0.904411
vt 0.706520 0.898114
vt 0.602187 0.932213
vt 0.621827 0.930355
vt 0.685874 0.885753
vt 0.703729 0.874619
vt 0.612138 0.956505
vt 0.630037 0.946367
vt 0.681325 0.870192
vt 0.693228 0.853718
vt 0.630311 0.976673
vt 0.643448 0.959880
vt 0.671438 0.844870
vt 0.666242 0.865383
vt 0.657204 0.969324
vt 0.655287 0.988673
vt 0.647096 0.849648
vt 0.650994 0.870693
vt 0.671439 0.969433
vt 0.626503 0.864119
vt 0.520578 0.919095
vt 0.659173 0.918420
vt 0.152738 0.273744
vt 0.165627 0.283161
vt 0.153464 0.285860
vt 0.165681 0.268524
vt 0.139930 0.280057
vt 0.141504 0.290199
vt 0.127504 0.287542
vt 0.130117 0.296294
vt 0.115602 0.295949
vt 0.119515 0.303774
vt 0.207069 0.279135
vt 0.204837 0.288160
vt 0.216910 0.296990
vt 0.202605 0.297185
vt 0.193474 0.270073
vt 0.192151 0.280323
vt 0.190829 0.290573
vt 0.179648 0.261660
vt 0.179002 0.273784
vt 0.178357 0.285908
vt 0.596043 0.391066
vt 0.599900 0.402545
vt 0.590057 0.394402
vt 0.607393 0.399565
vt 0.583792 0.383834
vt 0.578863 0.388160
vt 0.571142 0.377562
vt 0.567071 0.383357
vt 0.558331 0.371948
vt 0.555035 0.379540
vt 0.542917 0.376273
vt 0.545464 0.366699
vt 0.530768 0.373336
vt 0.532576 0.361671
vt 0.518604 0.370624
vt 0.519679 0.356792
vt 0.506436 0.368021
vt 0.506779 0.351987
vt 0.412289 0.402545
vt 0.416316 0.391066
vt 0.422217 0.394402
vt 0.404796 0.399565
vt 0.428739 0.383835
vt 0.433497 0.388160
vt 0.441559 0.377562
vt 0.445374 0.383357
vt 0.454542 0.371948
vt 0.457495 0.379540
vt 0.469699 0.376273
vt 0.467580 0.366699
vt 0.481934 0.373336
vt 0.480639 0.361671
vt 0.494183 0.370624
vt 0.493707 0.356792
vt 0.256880 0.370531
vt 0.259377 0.397975
vt 0.251648 0.373145
vt 0.266870 0.396518
vt 0.241598 0.349028
vt 0.245342 0.345019
vt 0.228986 0.326117
vt 0.232096 0.320311
vt 0.213462 0.305286
vt 0.099454 0.308733
vt 0.102832 0.314506
vt 0.106209 0.320278
vt 0.087921 0.329907
vt 0.091462 0.334192
vt 0.095004 0.338477
vt 0.076989 0.351423
vt 0.081297 0.354563
vt 0.085604 0.357703
vt 0.066638 0.373173
vt 0.072292 0.375402
vt 0.077945 0.377630
vt 0.056781 0.395062
vt 0.049288 0.393606
vt 0.064274 0.396518
vt 0.071767 0.397975
vt 0.244359 0.021727
vt 0.676269 0.008629
vt 0.840523 0.162855
vt 0.858076 0.147006
vt 0.855999 0.164583
vt 0.875228 0.154015
vt 0.871186 0.167944
vt 0.891627 0.163173
vt 0.885246 0.174527
vt 0.906538 0.174653
vt 0.897072 0.184593
vt 0.905951 0.197331
vt 0.919484 0.187913
vt 0.911642 0.211802
vt 0.930304 0.202329
vt 0.915518 0.226883
vt 0.840732 0.141085
vt 0.860153 0.129429
vt 0.879269 0.140087
vt 0.898009 0.151819
vt 0.916004 0.164712
vt 0.933016 0.178496
vt 0.948966 0.192858
vt 0.939915 0.217152
vt 0.840941 0.119315
vt 0.862230 0.111851
vt 0.883310 0.126158
vt 0.904390 0.140465
vt 0.925469 0.154771
vt 0.946549 0.169078
vt 0.967629 0.183385
vt 0.964312 0.207422
vt 0.713595 0.183385
vt 0.716732 0.207422
vt 0.692336 0.197692
vt 0.732220 0.192842
vt 0.741129 0.217152
vt 0.750811 0.202322
vt 0.765526 0.226883
vt 0.734854 0.169078
vt 0.748291 0.178480
vt 0.761692 0.187905
vt 0.769402 0.211802
vt 0.756114 0.154771
vt 0.765406 0.164708
vt 0.774689 0.174650
vt 0.775093 0.197331
vt 0.783506 0.151825
vt 0.789652 0.163176
vt 0.795799 0.174527
vt 0.783972 0.184593
vt 0.777373 0.140465
vt 0.802344 0.140107
vt 0.806102 0.154026
vt 0.809859 0.167944
vt 0.798632 0.126158
vt 0.821587 0.129444
vt 0.823317 0.147013
vt 0.825046 0.164583
vt 0.819892 0.111851
vt 0.841151 0.097545
vt 0.861501 0.100044
vt 0.881863 0.112215
vt 0.902225 0.124386
vt 0.922586 0.136557
vt 0.942948 0.148728
vt 0.963310 0.160899
vt 0.820601 0.100044
vt 0.841139 0.087905
vt 0.800063 0.112215
vt 0.779525 0.124386
vt 0.758987 0.136557
vt 0.738449 0.148728
vt 0.717911 0.160899
vt 0.840523 0.073662
vt 0.855153 0.053969
vt 0.851614 0.073521
vt 0.862707 0.073517
vt 0.869575 0.056236
vt 0.873795 0.073804
vt 0.883993 0.058696
vt 0.884863 0.074518
vt 0.898399 0.061441
vt 0.895882 0.075778
vt 0.912771 0.064551
vt 0.906631 0.078377
vt 0.926964 0.068552
vt 0.915518 0.084901
vt 0.840732 0.051794
vt 0.858692 0.034417
vt 0.876442 0.038954
vt 0.894191 0.043588
vt 0.911934 0.048364
vt 0.929660 0.053322
vt 0.947296 0.058727
vt 0.939915 0.075171
vt 0.840941 0.029925
vt 0.862230 0.014864
vt 0.883310 0.021672
vt 0.904390 0.028479
vt 0.925469 0.035287
vt 0.946549 0.042094
vt 0.967629 0.048902
vt 0.964312 0.065440
vt 0.713595 0.048902
vt 0.716733 0.065440
vt 0.692336 0.055709
vt 0.733800 0.058748
vt 0.741129 0.075171
vt 0.754106 0.068563
vt 0.765526 0.084901
vt 0.734854 0.042094
vt 0.751532 0.053352
vt 0.768347 0.064565
vt 0.774413 0.078377
vt 0.756114 0.035287
vt 0.769395 0.048388
vt 0.782788 0.061453
vt 0.785163 0.075778
vt 0.777373 0.028479
vt 0.787275 0.043605
vt 0.797263 0.058705
vt 0.796182 0.074518
vt 0.805163 0.038966
vt 0.811751 0.056242
vt 0.807250 0.073804
vt 0.798632 0.021672
vt 0.823052 0.034423
vt 0.826242 0.053972
vt 0.818339 0.073517
vt 0.819892 0.014864
vt 0.829431 0.073521
vt 0.439503 0.936236
vt 0.433508 0.925174
vt 0.440330 0.925178
vt 0.314757 0.884731
vt 0.328550 0.877252
vt 0.321244 0.890128
vt 0.437454 0.947448
vt 0.432642 0.935756
vt 0.324835 0.870091
vt 0.340010 0.866104
vt 0.433532 0.958569
vt 0.430624 0.946283
vt 0.338909 0.858327
vt 0.355801 0.858098
vt 0.427231 0.969456
vt 0.426826 0.956475
vt 0.356570 0.850518
vt 0.374122 0.852336
vt 0.417688 0.979581
vt 0.420931 0.966196
vt 0.376023 0.844872
vt 0.394084 0.851529
vt 0.403142 0.987072
vt 0.412383 0.974811
vt 0.381731 0.988671
vt 0.399386 0.980647
vt 0.397378 0.844874
vt 0.407439 0.856296
vt 0.361796 0.984438
vt 0.379332 0.981340
vt 0.412369 0.851155
vt 0.416699 0.864222
vt 0.343452 0.977851
vt 0.360524 0.976917
vt 0.422708 0.860488
vt 0.423403 0.873418
vt 0.328461 0.966998
vt 0.344031 0.970013
vt 0.429898 0.870773
vt 0.428040 0.883374
vt 0.317281 0.953035
vt 0.331685 0.959604
vt 0.434738 0.881585
vt 0.430936 0.893730
vt 0.310200 0.936949
vt 0.323383 0.947200
vt 0.437710 0.892602
vt 0.432661 0.904201
vt 0.307464 0.919146
vt 0.318402 0.933523
vt 0.317286 0.904027
vt 0.316782 0.918805
vt 0.439444 0.903558
vt 0.433603 0.914665
vt 0.440330 0.914349
vt 0.308859 0.901196
vt 0.383137 0.916517
vt 0.278418 0.372989
vt 0.281857 0.393606
vt 0.389809 0.393606
vt 0.083598 0.379859
vt 0.079260 0.399431
vt 0.098545 0.342762
vt 0.089911 0.360843
vt 0.109586 0.326051
vt 0.123429 0.311599
vt 0.165572 0.297798
vt 0.177712 0.298033
vt 0.189506 0.300824
vt 0.200373 0.306211
vt 0.154190 0.297977
vt 0.143078 0.300340
vt 0.132730 0.305047
vt 0.592407 0.405525
vt 0.584072 0.397738
vt 0.573934 0.392485
vt 0.562999 0.389151
vt 0.551740 0.387133
vt 0.540371 0.385846
vt 0.528960 0.385002
vt 0.517530 0.384455
vt 0.506094 0.384055
vt 0.419782 0.405525
vt 0.428117 0.397737
vt 0.438255 0.392485
vt 0.449189 0.389151
vt 0.460448 0.387133
vt 0.471817 0.385846
vt 0.483228 0.385002
vt 0.494658 0.384455
vt 0.246416 0.375759
vt 0.251884 0.399431
vt 0.237854 0.353037
vt 0.225875 0.331923
vt 0.210015 0.313583
vt 0.798828 0.676758
vt 0.799316 0.682404
vt 0.797363 0.680973
vt 0.802246 0.682532
vt 0.803711 0.676758
vt 0.805612 0.680176
vt 0.803711 0.671875
vt 0.802246 0.668245
vt 0.798828 0.671875
vt 0.798340 0.656221
vt 0.798828 0.652344
vt 0.802246 0.656291
vt 0.796483 0.679199
vt 0.796539 0.677246
vt 0.793632 0.673340
vt 0.794434 0.675174
vt 0.796387 0.667759
vt 0.793796 0.670410
vt 0.795131 0.649902
vt 0.795057 0.652832
vt 0.805176 0.655242
vt 0.808594 0.652344
vt 0.807129 0.655607
vt 0.803711 0.647461
vt 0.806692 0.642090
vt 0.809048 0.646973
vt 0.803711 0.642578
vt 0.804199 0.640436
vt 0.812292 0.657638
vt 0.810419 0.647949
vt 0.807129 0.675337
vt 0.808594 0.671875
vt 0.803711 0.652344
vt 0.797477 0.644043
vt 0.797379 0.646973
vt 0.798414 0.642090
vt 0.818359 0.701172
vt 0.818848 0.708794
vt 0.814941 0.705883
vt 0.813477 0.696289
vt 0.818359 0.691406
vt 0.818359 0.696289
vt 0.813477 0.691406
vt 0.818359 0.686523
vt 0.813477 0.686523
vt 0.818359 0.681641
vt 0.813477 0.681641
vt 0.817930 0.675293
vt 0.813477 0.666992
vt 0.818359 0.660645
vt 0.817871 0.668844
vt 0.818359 0.657227
vt 0.817456 0.659668
vt 0.813477 0.652344
vt 0.818051 0.651442
vt 0.823242 0.671875
vt 0.823730 0.667838
vt 0.828125 0.671875
vt 0.823242 0.706055
vt 0.824707 0.710558
vt 0.828125 0.701172
vt 0.828125 0.706055
vt 0.823242 0.701172
vt 0.828125 0.696289
vt 0.823242 0.696289
vt 0.828125 0.691406
vt 0.823242 0.691406
vt 0.828125 0.686523
vt 0.823242 0.686523
vt 0.823242 0.681641
vt 0.828125 0.681641
vt 0.833008 0.686523
vt 0.828125 0.676758
vt 0.823242 0.676758
vt 0.823242 0.662109
vt 0.826660 0.663463
vt 0.821484 0.666504
vt 0.818700 0.673340
vt 0.821883 0.667480
vt 0.823242 0.657227
vt 0.811537 0.701660
vt 0.809440 0.696777
vt 0.809381 0.687988
vt 0.810567 0.684082
vt 0.809539 0.681152
vt 0.812012 0.675961
vt 0.809716 0.679199
vt 0.812500 0.672091
vt 0.811768 0.664106
vt 0.828613 0.666008
vt 0.830566 0.666838
vt 0.833008 0.676758
vt 0.837402 0.672902
vt 0.837891 0.676758
vt 0.833008 0.671875
vt 0.836800 0.668457
vt 0.833008 0.662109
vt 0.832281 0.665527
vt 0.834643 0.657715
vt 0.834785 0.658691
vt 0.828125 0.657227
vt 0.828862 0.652700
vt 0.833008 0.652344
vt 0.835219 0.648231
vt 0.837891 0.652344
vt 0.842773 0.701172
vt 0.840332 0.708861
vt 0.837891 0.706055
vt 0.837891 0.701172
vt 0.842773 0.696289
vt 0.837891 0.696289
vt 0.842773 0.691406
vt 0.837891 0.691406
vt 0.842773 0.686523
vt 0.837891 0.686523
vt 0.837891 0.681641
vt 0.833496 0.710926
vt 0.833008 0.706055
vt 0.833008 0.701172
vt 0.833008 0.696289
vt 0.833008 0.691406
vt 0.833008 0.681641
vt 0.837891 0.662109
vt 0.837402 0.667838
vt 0.838464 0.655115
vt 0.838397 0.645996
vt 0.842773 0.647461
vt 0.842773 0.676758
vt 0.843262 0.672646
vt 0.845809 0.674316
vt 0.847656 0.642578
vt 0.847168 0.637544
vt 0.849121 0.638687
vt 0.842773 0.681641
vt 0.847758 0.679199
vt 0.847063 0.681152
vt 0.847543 0.677246
vt 0.847719 0.672363
vt 0.847656 0.666992
vt 0.852539 0.671875
vt 0.847656 0.647461
vt 0.846191 0.652507
vt 0.844238 0.651698
vt 0.842773 0.642578
vt 0.853027 0.678554
vt 0.851004 0.677246
vt 0.855957 0.678834
vt 0.857422 0.671875
vt 0.859438 0.676270
vt 0.859580 0.671387
vt 0.857422 0.666992
vt 0.860434 0.670410
vt 0.860590 0.665527
vt 0.860902 0.667480
vt 0.852539 0.666992
vt 0.854004 0.662818
vt 0.847656 0.696289
vt 0.850304 0.692871
vt 0.849539 0.698730
vt 0.850098 0.652502
vt 0.848145 0.652504
vt 0.853576 0.648926
vt 0.852382 0.650879
vt 0.850883 0.643066
vt 0.853443 0.645996
vt 0.850878 0.641113
vt 0.847656 0.691406
vt 0.849533 0.687012
vt 0.842773 0.666992
vt 0.842442 0.661607
vt 0.842285 0.652515
vt 0.839355 0.644811
vt 0.839795 0.641113
vt 0.832040 0.650466
vt 0.838614 0.660149
vt 0.838379 0.673477
vt 0.857910 0.662906
vt 0.846191 0.704558
vt 0.841309 0.638945
vt 0.843262 0.637599
vt 0.825684 0.666360
vt 0.827273 0.653818
vt 0.825684 0.654935
vt 0.765840 0.635254
vt 0.765625 0.628906
vt 0.770508 0.633789
vt 0.761838 0.624512
vt 0.762743 0.630371
vt 0.765625 0.619141
vt 0.765625 0.624023
vt 0.765514 0.614746
vt 0.770508 0.619141
vt 0.765625 0.604492
vt 0.764160 0.609398
vt 0.761898 0.607910
vt 0.760530 0.604980
vt 0.765625 0.599609
vt 0.770508 0.604492
vt 0.761557 0.598145
vt 0.762226 0.602051
vt 0.770508 0.614258
vt 0.770349 0.608887
vt 0.775391 0.614258
vt 0.770020 0.598232
vt 0.771973 0.599366
vt 0.770020 0.638718
vt 0.775391 0.633789
vt 0.770508 0.628906
vt 0.770508 0.624023
vt 0.770996 0.606436
vt 0.766113 0.609413
vt 0.768066 0.595841
vt 0.773926 0.607230
vt 0.778809 0.608983
vt 0.773926 0.592914
vt 0.775391 0.589844
vt 0.776855 0.593175
vt 0.780273 0.584961
vt 0.782704 0.589355
vt 0.780273 0.589844
vt 0.780273 0.604492
vt 0.779556 0.606934
vt 0.778809 0.606087
vt 0.779785 0.581138
vt 0.782180 0.583496
vt 0.774902 0.640387
vt 0.780273 0.633789
vt 0.780273 0.638672
vt 0.780273 0.628906
vt 0.785156 0.633789
vt 0.775391 0.628906
vt 0.775391 0.624023
vt 0.780273 0.624023
vt 0.775391 0.619141
vt 0.780273 0.619141
vt 0.780273 0.614258
vt 0.777832 0.594040
vt 0.775879 0.581192
vt 0.773926 0.583815
vt 0.770275 0.589355
vt 0.771973 0.591920
vt 0.771158 0.585449
vt 0.770336 0.586426
vt 0.790004 0.636230
vt 0.785645 0.639347
vt 0.790039 0.628906
vt 0.792159 0.633301
vt 0.785156 0.628906
vt 0.785156 0.624023
vt 0.790039 0.624023
vt 0.793822 0.625488
vt 0.790039 0.619141
vt 0.785156 0.619141
vt 0.791070 0.615723
vt 0.785156 0.614258
vt 0.790039 0.609375
vt 0.790960 0.614746
vt 0.785156 0.609375
vt 0.790039 0.604492
vt 0.785156 0.599609
vt 0.785156 0.604492
vt 0.794950 0.616087
vt 0.794922 0.609375
vt 0.803003 0.615723
vt 0.790527 0.599782
vt 0.794922 0.604492
vt 0.793813 0.628418
vt 0.795901 0.621582
vt 0.794434 0.617719
vt 0.792480 0.612545
vt 0.795873 0.606934
vt 0.804688 0.624023
vt 0.805169 0.627441
vt 0.803223 0.628806
vt 0.804688 0.604492
vt 0.805176 0.606849
vt 0.804199 0.606613
vt 0.801270 0.628787
vt 0.799805 0.624023
vt 0.804688 0.619141
vt 0.801514 0.599514
vt 0.800293 0.606281
vt 0.805176 0.599425
vt 0.809570 0.604492
vt 0.810059 0.610085
vt 0.807129 0.609136
vt 0.813575 0.607910
vt 0.812012 0.609541
vt 0.809570 0.599609
vt 0.813633 0.604004
vt 0.814559 0.600098
vt 0.814637 0.602051
vt 0.810059 0.596661
vt 0.809082 0.624311
vt 0.806152 0.625597
vt 0.810708 0.621582
vt 0.807129 0.616167
vt 0.809814 0.618652
vt 0.797419 0.619629
vt 0.797658 0.625488
vt 0.799805 0.619141
vt 0.797852 0.599604
vt 0.796387 0.605949
vt 0.781966 0.600098
vt 0.781941 0.599121
vt 0.786616 0.594569
vt 0.781738 0.640756
vt 0.799316 0.627743
vt 0.802246 0.606447
vt 0.803345 0.599469
vt 0.820960 0.614746
vt 0.820801 0.610435
vt 0.825195 0.614258
vt 0.825684 0.617303
vt 0.823730 0.618128
vt 0.825195 0.604492
vt 0.825684 0.599489
vt 0.829018 0.603027
vt 0.821331 0.616699
vt 0.821180 0.605957
vt 0.822754 0.606730
vt 0.822200 0.600098
vt 0.820557 0.604004
vt 0.827637 0.610024
vt 0.828613 0.614262
vt 0.827637 0.614623
vt 0.831543 0.630802
vt 0.834961 0.624023
vt 0.836426 0.630853
vt 0.830078 0.624023
vt 0.834961 0.619141
vt 0.830078 0.619141
vt 0.834961 0.614258
vt 0.826146 0.621582
vt 0.827243 0.616699
vt 0.827479 0.618652
vt 0.830713 0.607910
vt 0.827637 0.606748
vt 0.826128 0.624512
vt 0.827309 0.627441
vt 0.834961 0.609375
vt 0.840479 0.606934
vt 0.840881 0.607910
vt 0.839844 0.628906
vt 0.841309 0.630904
vt 0.839844 0.624023
vt 0.844238 0.629188
vt 0.839844 0.614258
vt 0.844238 0.609041
vt 0.845215 0.614318
vt 0.842285 0.601180
vt 0.835449 0.605332
vt 0.847168 0.616399
vt 0.851292 0.612793
vt 0.851019 0.614746
vt 0.846191 0.609183
vt 0.849121 0.608172
vt 0.851565 0.610840
vt 0.848734 0.599121
vt 0.847168 0.605732
vt 0.844238 0.604858
vt 0.844727 0.624023
vt 0.846680 0.626465
vt 0.844954 0.614746
vt 0.847441 0.623535
vt 0.844238 0.598208
vt 0.847168 0.597724
vt 0.839844 0.619141
vt 0.829121 0.614746
vt 0.819974 0.611816
vt 0.820030 0.613770
vt 0.850098 0.616139
vt 0.849574 0.604980
vt 0.850535 0.603027
vt 0.813477 0.581055
vt 0.818359 0.576172
vt 0.818359 0.581055
vt 0.813431 0.588379
vt 0.818359 0.585938
vt 0.810403 0.581543
vt 0.813477 0.576172
vt 0.813477 0.571289
vt 0.813477 0.551758
vt 0.816895 0.557637
vt 0.812012 0.557739
vt 0.808621 0.554199
vt 0.810163 0.548340
vt 0.808313 0.552246
vt 0.809397 0.545410
vt 0.813477 0.546875
vt 0.812988 0.541681
vt 0.816895 0.541920
vt 0.818359 0.551758
vt 0.821777 0.554702
vt 0.819470 0.555176
vt 0.818359 0.546875
vt 0.820801 0.546435
vt 0.823242 0.576172
vt 0.823242 0.581055
vt 0.823242 0.571289
vt 0.818359 0.571289
vt 0.818359 0.566406
vt 0.823242 0.566406
vt 0.823242 0.551758
vt 0.818848 0.593735
vt 0.823242 0.590820
vt 0.824707 0.596692
vt 0.823242 0.585938
vt 0.817745 0.562988
vt 0.823242 0.561523
vt 0.820801 0.556565
vt 0.818230 0.560059
vt 0.828125 0.590820
vt 0.827637 0.597238
vt 0.824707 0.540848
vt 0.828125 0.537109
vt 0.828613 0.541336
vt 0.825684 0.531823
vt 0.828125 0.532227
vt 0.833008 0.532227
vt 0.835449 0.536022
vt 0.833008 0.537109
vt 0.833807 0.529785
vt 0.835124 0.531738
vt 0.833008 0.551758
vt 0.834922 0.547363
vt 0.837891 0.551758
vt 0.833008 0.541992
vt 0.837891 0.546875
vt 0.830566 0.542265
vt 0.833008 0.595703
vt 0.830566 0.597889
vt 0.833008 0.585938
vt 0.833008 0.590820
vt 0.828125 0.585938
vt 0.833008 0.581055
vt 0.828125 0.576172
vt 0.828125 0.581055
vt 0.828125 0.571289
vt 0.833008 0.576172
vt 0.828125 0.566406
vt 0.833008 0.571289
vt 0.828125 0.561523
vt 0.833008 0.566406
vt 0.830566 0.558475
vt 0.833008 0.561523
vt 0.828125 0.551758
vt 0.832316 0.555176
vt 0.827047 0.554939
vt 0.829326 0.547378
vt 0.830566 0.528196
vt 0.828613 0.558233
vt 0.826528 0.547385
vt 0.822234 0.534668
vt 0.822230 0.537598
vt 0.837891 0.590820
vt 0.842773 0.585938
vt 0.842773 0.590820
vt 0.837891 0.581055
vt 0.837891 0.585938
vt 0.837891 0.576172
vt 0.842773 0.581055
vt 0.837891 0.571289
vt 0.842773 0.576172
vt 0.842773 0.566406
vt 0.842773 0.571289
vt 0.837891 0.561523
vt 0.837891 0.566406
vt 0.837891 0.556641
vt 0.842773 0.561523
vt 0.842773 0.556641
vt 0.842773 0.551758
vt 0.847656 0.556641
vt 0.845215 0.547501
vt 0.847656 0.551758
vt 0.847656 0.581055
vt 0.851640 0.585449
vt 0.847656 0.585938
vt 0.847656 0.576172
vt 0.851950 0.578613
vt 0.854448 0.573730
vt 0.853485 0.576660
vt 0.847656 0.571289
vt 0.853176 0.569824
vt 0.852539 0.561523
vt 0.847656 0.561523
vt 0.851807 0.555176
vt 0.852539 0.551758
vt 0.843262 0.595917
vt 0.837891 0.595703
vt 0.847773 0.592285
vt 0.847656 0.566406
vt 0.836426 0.538021
vt 0.861816 0.586086
vt 0.862305 0.581055
vt 0.866699 0.586147
vt 0.858116 0.581543
vt 0.859064 0.583496
vt 0.862305 0.576172
vt 0.867188 0.581055
vt 0.858938 0.575684
vt 0.862305 0.571289
vt 0.856934 0.547100
vt 0.862305 0.551758
vt 0.857422 0.551758
vt 0.869420 0.582520
vt 0.867188 0.551758
vt 0.868652 0.546699
vt 0.872070 0.551758
vt 0.867188 0.576172
vt 0.865723 0.569932
vt 0.857422 0.566406
vt 0.854004 0.569425
vt 0.868202 0.555176
vt 0.865723 0.546799
vt 0.872070 0.576172
vt 0.871582 0.582407
vt 0.875383 0.576660
vt 0.874307 0.579590
vt 0.873535 0.559612
vt 0.876953 0.556641
vt 0.878418 0.559914
vt 0.870605 0.556181
vt 0.881348 0.553281
vt 0.882042 0.556152
vt 0.876953 0.551758
vt 0.876953 0.546875
vt 0.881158 0.551270
vt 0.881131 0.545410
vt 0.882170 0.547363
vt 0.880371 0.559236
vt 0.874512 0.543166
vt 0.871582 0.570837
vt 0.852539 0.566406
vt 0.838379 0.597749
vt 0.863770 0.568744
vt 0.813366 0.566895
vt 0.810478 0.572754
vt 0.827927 0.547381
vt 0.827751 0.528809
vt 0.873735 0.572754
vt 0.835713 0.533691
vt 0.755837 0.536621
vt 0.756348 0.542116
vt 0.754748 0.539551
vt 0.756730 0.560059
vt 0.760742 0.560547
vt 0.759074 0.564941
vt 0.756648 0.554199
vt 0.760742 0.555664
vt 0.758791 0.549316
vt 0.760742 0.550781
vt 0.760742 0.536133
vt 0.759277 0.543121
vt 0.755894 0.532715
vt 0.762207 0.568242
vt 0.765625 0.565430
vt 0.768066 0.571211
vt 0.765625 0.560547
vt 0.765625 0.550781
vt 0.765625 0.555664
vt 0.762417 0.546387
vt 0.764160 0.540284
vt 0.761230 0.542673
vt 0.761230 0.531104
vt 0.764160 0.533908
vt 0.770508 0.545898
vt 0.771866 0.542480
vt 0.775391 0.545898
vt 0.770508 0.521484
vt 0.774902 0.524742
vt 0.770508 0.526367
vt 0.770508 0.565430
vt 0.772949 0.571744
vt 0.775391 0.565430
vt 0.777832 0.571076
vt 0.770508 0.560547
vt 0.770508 0.550781
vt 0.768066 0.541595
vt 0.765625 0.545898
vt 0.770508 0.536133
vt 0.772329 0.540527
vt 0.770287 0.540466
vt 0.765625 0.536133
vt 0.768244 0.540406
vt 0.769270 0.533800
vt 0.766113 0.520109
vt 0.765137 0.527327
vt 0.768066 0.517469
vt 0.770508 0.555664
vt 0.764394 0.542480
vt 0.763685 0.525879
vt 0.775391 0.560547
vt 0.780273 0.560547
vt 0.780273 0.565430
vt 0.775391 0.555664
vt 0.780273 0.555664
vt 0.775391 0.550781
vt 0.780273 0.550781
vt 0.780273 0.545898
vt 0.783286 0.548340
vt 0.775391 0.541016
vt 0.780273 0.541016
vt 0.785156 0.536133
vt 0.787257 0.539551
vt 0.785156 0.541016
vt 0.783691 0.545853
vt 0.784668 0.545778
vt 0.780273 0.536133
vt 0.780762 0.569495
vt 0.785097 0.564941
vt 0.786337 0.557129
vt 0.786268 0.562012
vt 0.787906 0.554199
vt 0.786621 0.549918
vt 0.775391 0.531250
vt 0.781738 0.533001
vt 0.792480 0.559364
vt 0.794922 0.555664
vt 0.794434 0.559474
vt 0.789551 0.552036
vt 0.789873 0.557129
vt 0.794434 0.547613
vt 0.794922 0.550781
vt 0.794922 0.536133
vt 0.794434 0.538562
vt 0.791016 0.538820
vt 0.790039 0.536133
vt 0.800293 0.541973
vt 0.799805 0.536133
vt 0.803142 0.540527
vt 0.803987 0.538574
vt 0.801270 0.529273
vt 0.803772 0.531738
vt 0.796387 0.558499
vt 0.797602 0.556152
vt 0.800599 0.554199
vt 0.799316 0.555575
vt 0.797363 0.547982
vt 0.799888 0.549316
vt 0.794434 0.532017
vt 0.790039 0.545898
vt 0.788552 0.541504
vt 0.787598 0.539078
vt 0.771825 0.533746
vt 0.775391 0.536133
vt 0.774380 0.533691
vt 0.770020 0.528568
vt 0.778320 0.528871
vt 0.762957 0.523926
vt 0.764160 0.521037
vt 0.774459 0.520020
vt 0.771973 0.517450
vt 0.770996 0.517190
vt 0.770020 0.516930
vt 0.803410 0.535645
vt 0.801067 0.551270
vt 0.788011 0.552246
vt 0.800293 0.640584
vt 0.805176 0.667567
vt 0.814941 0.675142
vt 0.850098 0.664522
vt 0.763571 0.617676
vt 0.769043 0.611881
vt 0.764160 0.595498
vt 0.777832 0.580773
vt 0.823730 0.599301
vt 0.845215 0.597581
vt 0.811035 0.542687
vt 0.823331 0.532715
vt 0.824707 0.555576
vt 0.823730 0.547392
vt 0.862793 0.546900
vt 0.877441 0.543142
vt 0.757324 0.531238
vt 0.770996 0.542859
vt 0.797363 0.529403
vt 0.814235 0.649696
vt 0.813016 0.598145
vt 0.819653 0.544434
vt 0.882198 0.554199
vt 0.013594 0.247757
vt 0.658073 0.247757
vt 0.260688 0.480455
vt 0.512217 0.824437
vt 0.988708 0.197692
vt 0.841151 0.008056
vt 0.988708 0.055709
s 1
usemtl jbib_diff_005_a_uni
f 1/1/1 2/2/2 3/3/3
f 4/4/4 5/5/5 2/2/2
f 5/5/5 6/6/6 7/7/7
f 6/6/6 8/8/8 7/7/7
f 9/9/9 10/10/10 8/8/8
f 11/11/11 4/4/4 1/1/1
f 12/12/12 13/13/13 4/4/4
f 14/14/14 6/6/6 13/13/13
f 15/15/15 9/9/9 6/6/6
f 16/16/16 17/17/17 9/9/9
f 18/18/18 12/12/12 11/11/11
f 19/19/19 14/14/14 12/12/12
f 20/20/20 15/15/15 14/14/14
f 21/21/21 16/16/16 15/15/15
f 22/22/22 23/23/23 16/16/16
f 24/24/24 19/19/19 18/18/18
f 25/25/25 20/20/20 19/19/19
f 26/26/26 21/21/21 20/20/20
f 27/27/27 22/22/22 21/21/21
f 28/28/28 29/29/29 22/22/22
f 30/30/30 25/25/25 24/24/24
f 31/31/31 26/26/26 25/25/25
f 32/32/32 27/27/27 26/26/26
f 33/33/33 28/28/28 27/27/27
f 34/34/34 35/35/35 28/28/28
f 36/36/36 31/31/31 30/30/30
f 37/37/37 32/32/32 31/31/31
f 38/38/38 33/33/33 32/32/32
f 39/39/39 34/34/34 33/33/33
f 40/40/40 41/41/41 34/34/34
f 42/42/42 37/37/37 36/36/36
f 43/43/43 38/38/38 37/37/37
f 44/44/44 39/39/39 38/38/38
f 45/45/45 40/40/40 39/39/39
f 46/46/46 47/47/47 40/40/40
f 48/48/48 43/43/43 42/42/42
f 49/49/49 44/44/44 43/43/43
f 50/50/50 45/45/45 44/44/44
f 51/51/51 46/46/46 45/45/45
f 52/52/52 53/53/53 46/46/46
f 54/54/54 49/49/49 48/48/48
f 55/55/55 50/50/50 49/49/49
f 56/56/56 51/51/51 50/50/50
f 57/57/57 52/52/52 51/51/51
f 58/58/58 59/59/59 52/52/52
f 60/60/60 55/55/55 54/54/54
f 61/61/61 56/56/56 55/55/55
f 62/62/62 57/57/57 56/56/56
f 63/63/63 58/58/58 57/57/57
f 64/64/64 65/65/65 58/58/58
f 66/66/66 61/61/61 60/60/60
f 67/67/67 62/62/62 61/61/61
f 68/68/68 63/63/63 62/62/62
f 69/69/69 64/64/64 63/63/63
f 70/70/70 71/71/71 64/64/64
f 72/72/72 67/67/67 66/66/66
f 73/73/73 68/68/68 67/67/67
f 74/74/74 69/69/69 68/68/68
f 75/75/75 70/70/70 69/69/69
f 76/76/76 77/77/77 70/70/70
f 78/78/78 79/79/79 80/80/80
f 81/81/81 82/82/82 79/79/79
f 83/83/83 84/84/84 82/82/82
f 85/85/85 86/86/86 84/84/84
f 87/87/87 88/88/88 86/86/86
f 89/89/89 90/90/90 88/88/88
f 91/91/91 92/92/92 90/90/90
f 93/93/93 94/94/94 92/92/92
f 95/95/95 96/96/96 94/94/94
f 97/97/97 98/98/98 96/96/96
f 99/99/99 100/100/100 98/98/98
f 101/101/101 102/102/102 103/103/103
f 104/104/104 81/81/81 78/78/78
f 105/105/105 83/83/83 81/81/81
f 106/106/106 85/85/85 83/83/83
f 107/107/107 87/87/87 85/85/85
f 108/108/108 89/89/89 87/87/87
f 109/109/109 91/91/91 89/89/89
f 110/110/110 93/93/93 91/91/91
f 111/111/111 95/95/95 93/93/93
f 112/112/112 97/97/97 95/95/95
f 113/113/113 99/99/99 97/97/97
f 114/114/114 115/115/115 99/99/99
f 116/116/116 117/117/117 102/102/102
f 118/118/118 105/105/105 104/104/104
f 119/119/119 106/106/106 105/105/105
f 120/120/120 107/107/107 106/106/106
f 121/121/121 108/108/108 107/107/107
f 122/122/122 109/109/109 108/108/108
f 123/123/123 110/110/110 109/109/109
f 124/124/124 111/111/111 110/110/110
f 125/125/125 112/112/112 111/111/111
f 126/126/126 113/113/113 112/112/112
f 127/127/127 114/114/114 113/113/113
f 128/128/128 129/129/129 114/114/114
f 130/130/130 131/131/131 117/117/117
f 132/132/132 119/119/119 118/118/118
f 133/133/133 120/120/120 119/119/119
f 134/134/134 121/121/121 120/120/120
f 135/135/135 122/122/122 121/121/121
f 136/136/136 123/123/123 122/122/122
f 137/137/137 124/124/124 123/123/123
f 138/138/138 125/125/125 124/124/124
f 139/139/139 126/126/126 125/125/125
f 140/140/140 127/127/127 126/126/126
f 141/141/141 128/128/128 127/127/127
f 142/142/142 143/143/143 128/128/128
f 144/144/144 145/145/145 131/131/131
f 146/146/146 147/147/147 148/148/148
f 148/148/148 149/149/149 150/150/150
f 150/150/150 151/151/151 152/152/152
f 151/151/151 153/153/153 152/152/152
f 154/154/154 155/155/155 156/156/156
f 157/157/157 158/158/158 155/155/155
f 159/159/159 160/160/160 158/158/158
f 161/161/161 162/162/162 160/160/160
f 163/163/163 164/164/164 162/162/162
f 156/156/156 165/165/165 166/166/166
f 155/155/155 167/167/167 165/165/165
f 158/158/158 168/168/168 167/167/167
f 160/160/160 169/169/169 168/168/168
f 162/162/162 170/170/170 169/169/169
f 166/166/166 171/171/171 172/172/172
f 165/165/165 173/173/173 171/171/171
f 167/167/167 174/174/174 173/173/173
f 168/168/168 175/175/175 174/174/174
f 169/169/169 176/176/176 175/175/175
f 172/172/172 177/177/177 178/178/178
f 171/171/171 179/179/179 177/177/177
f 173/173/173 180/180/180 179/179/179
f 174/174/174 181/181/181 180/180/180
f 175/175/175 182/182/182 181/181/181
f 178/178/178 183/183/183 184/184/184
f 177/177/177 185/185/185 183/183/183
f 179/179/179 186/186/186 185/185/185
f 180/180/180 187/187/187 186/186/186
f 181/181/181 188/188/188 187/187/187
f 184/184/184 189/189/189 190/190/190
f 183/183/183 191/191/191 189/189/189
f 185/185/185 192/192/192 191/191/191
f 186/186/186 193/193/193 192/192/192
f 187/187/187 194/194/194 193/193/193
f 190/190/190 195/195/195 196/196/196
f 189/189/189 197/197/197 195/195/195
f 191/191/191 198/198/198 197/197/197
f 192/192/192 199/199/199 198/198/198
f 193/193/193 200/200/200 199/199/199
f 196/196/196 73/73/73 72/72/72
f 195/195/195 74/74/74 73/73/73
f 198/198/198 74/74/74 197/197/197
f 199/199/199 75/75/75 198/198/198
f 200/200/200 76/76/76 199/199/199
f 201/201/201 202/202/202 147/147/147
f 147/147/147 203/203/203 149/149/149
f 149/149/149 204/204/204 151/151/151
f 151/151/151 204/204/204 205/205/205
f 206/206/206 207/207/207 202/202/202
f 202/202/202 208/208/208 203/203/203
f 203/203/203 209/209/209 204/204/204
f 204/204/204 210/210/210 205/205/205
f 211/211/211 212/212/212 207/207/207
f 207/207/207 213/213/213 208/208/208
f 208/208/208 214/214/214 209/209/209
f 209/209/209 215/215/215 210/210/210
f 216/216/216 217/217/217 212/212/212
f 212/212/212 218/218/218 213/213/213
f 213/213/213 219/219/219 214/214/214
f 214/214/214 220/220/220 215/215/215
f 221/221/221 222/222/222 217/217/217
f 217/217/217 223/223/223 218/218/218
f 218/218/218 224/224/224 219/219/219
f 219/219/219 225/225/225 220/220/220
f 226/226/226 227/227/227 222/222/222
f 222/222/222 228/228/228 223/223/223
f 223/223/223 229/229/229 224/224/224
f 224/224/224 230/230/230 225/225/225
f 231/231/231 232/232/232 227/227/227
f 227/227/227 233/233/233 228/228/228
f 228/228/228 234/234/234 229/229/229
f 229/229/229 235/235/235 230/230/230
f 236/236/236 118/118/118 232/232/232
f 232/232/232 104/104/104 233/233/233
f 104/104/104 234/234/234 233/233/233
f 78/78/78 235/235/235 234/234/234
f 237/237/237 238/238/238 239/239/239
f 240/240/240 241/241/241 238/238/238
f 242/242/242 243/243/243 241/241/241
f 243/243/243 244/244/244 245/245/245
f 245/245/245 246/246/246 247/247/247
f 247/247/247 248/248/248 249/249/249
f 249/249/249 250/250/250 251/251/251
f 251/251/251 252/252/100 253/253/101
f 254/254/252 240/240/240 237/237/237
f 255/255/253 242/242/242 240/240/240
f 256/256/254 257/257/255 242/242/242
f 258/258/256 244/244/244 257/257/255
f 259/259/257 246/246/246 244/244/244
f 260/260/258 248/248/248 246/246/246
f 261/261/259 250/250/250 248/248/248
f 262/262/260 252/252/100 250/250/250
f 263/263/261 255/255/253 254/254/252
f 264/264/262 256/256/254 255/255/253
f 265/265/263 258/258/256 256/256/254
f 266/266/264 259/259/257 258/258/256
f 267/267/265 260/260/258 259/259/257
f 268/268/266 261/261/259 260/260/258
f 269/269/267 262/262/260 261/261/259
f 270/270/268 271/271/98 262/262/260
f 272/272/269 264/264/262 263/263/261
f 273/273/270 265/265/263 264/264/262
f 274/274/271 266/266/264 265/265/263
f 275/275/272 267/267/265 266/266/264
f 276/276/273 268/268/266 267/267/265
f 277/277/274 269/269/267 268/268/266
f 278/278/275 270/270/268 269/269/267
f 279/279/276 280/280/96 270/270/268
f 281/281/277 273/273/270 272/272/269
f 282/282/278 274/274/271 273/273/270
f 283/283/279 275/275/272 274/274/271
f 284/284/280 276/276/273 275/275/272
f 285/285/281 277/277/274 276/276/273
f 286/286/282 278/278/275 277/277/274
f 287/287/283 279/279/276 278/278/275
f 288/288/284 289/289/94 279/279/276
f 290/290/285 282/282/278 281/281/277
f 291/291/286 283/283/279 282/282/278
f 292/292/287 284/284/280 283/283/279
f 293/293/288 285/285/281 284/284/280
f 294/294/289 286/286/282 285/285/281
f 295/295/290 287/287/283 286/286/282
f 296/296/291 288/288/284 287/287/283
f 297/297/292 298/298/92 288/288/284
f 299/299/293 291/291/286 290/290/285
f 300/300/294 292/292/287 291/291/286
f 301/301/295 293/293/288 292/292/287
f 302/302/296 294/294/289 293/293/288
f 303/303/297 295/295/290 294/294/289
f 304/304/298 296/296/291 295/295/290
f 305/305/299 297/297/292 296/296/291
f 306/306/300 307/307/90 297/297/292
f 308/308/301 300/300/294 299/299/293
f 309/309/302 301/301/295 300/300/294
f 310/310/303 302/302/296 301/301/295
f 311/311/304 303/303/297 302/302/296
f 312/312/305 304/304/298 303/303/297
f 313/313/306 305/305/299 304/304/298
f 314/314/307 306/306/300 305/305/299
f 315/315/308 316/316/88 306/306/300
f 317/317/309 309/309/302 308/308/301
f 318/318/310 310/310/303 309/309/302
f 319/319/311 311/311/304 310/310/303
f 320/320/312 312/312/305 311/311/304
f 321/321/313 313/313/306 312/312/305
f 322/322/314 314/314/307 313/313/306
f 323/323/315 315/315/308 314/314/307
f 324/324/316 325/325/317 315/315/308
f 326/326/318 318/318/310 317/317/309
f 327/327/319 319/319/311 318/318/310
f 328/328/320 320/320/312 319/319/311
f 329/329/321 321/321/313 320/320/312
f 330/330/322 322/322/314 321/321/313
f 331/331/323 323/323/315 322/322/314
f 332/332/324 324/324/316 323/323/315
f 333/333/325 334/334/326 324/324/316
f 335/335/327 327/327/319 326/326/318
f 336/336/328 328/328/320 327/327/319
f 337/337/329 329/329/321 328/328/320
f 338/338/330 330/330/322 329/329/321
f 339/339/331 331/331/323 330/330/322
f 340/340/332 332/332/324 331/331/323
f 341/341/333 333/333/325 332/332/324
f 342/342/334 343/343/82 333/333/325
f 344/344/335 336/336/328 335/335/327
f 345/345/336 337/337/329 336/336/328
f 346/346/337 338/338/330 337/337/329
f 347/347/338 339/339/331 338/338/330
f 348/348/339 340/340/332 339/339/331
f 349/349/340 341/341/333 340/340/332
f 350/350/341 342/342/334 341/341/333
f 351/351/342 352/352/343 342/342/334
f 353/353/344 237/237/237 239/239/239
f 354/354/345 355/355/346 353/353/344
f 356/356/347 357/357/348 354/354/345
f 356/356/347 358/358/349 359/359/350
f 360/360/351 361/361/352 358/358/349
f 362/362/353 363/363/354 361/361/352
f 364/364/355 365/365/356 363/363/354
f 366/366/357 367/367/17 365/365/356
f 355/355/346 254/254/252 237/237/237
f 357/357/348 368/368/358 355/355/346
f 359/359/350 369/369/359 357/357/348
f 358/358/349 370/370/360 359/359/350
f 361/361/352 371/371/361 358/358/349
f 363/363/354 372/372/362 361/361/352
f 365/365/356 373/373/363 363/363/354
f 367/367/17 374/374/364 365/365/356
f 368/368/358 263/263/261 254/254/252
f 369/369/359 375/375/365 368/368/358
f 370/370/360 376/376/366 369/369/359
f 371/371/361 377/377/367 370/370/360
f 372/372/362 378/378/368 371/371/361
f 373/373/363 379/379/369 372/372/362
f 374/374/364 380/380/370 373/373/363
f 381/381/23 382/382/371 374/374/364
f 375/375/365 272/272/269 263/263/261
f 376/376/366 383/383/372 375/375/365
f 377/377/367 384/384/373 376/376/366
f 378/378/368 385/385/374 377/377/367
f 379/379/369 386/386/375 378/378/368
f 380/380/370 387/387/376 379/379/369
f 382/382/371 388/388/377 380/380/370
f 389/389/29 390/390/378 382/382/371
f 383/383/372 281/281/277 272/272/269
f 384/384/373 391/391/379 383/383/372
f 385/385/374 392/392/380 384/384/373
f 386/386/375 393/393/381 385/385/374
f 387/387/376 394/394/382 386/386/375
f 388/388/377 395/395/383 387/387/376
f 390/390/378 396/396/384 388/388/377
f 397/397/35 398/398/385 390/390/378
f 391/391/379 290/290/285 281/281/277
f 392/392/380 399/399/386 391/391/379
f 393/393/381 400/400/387 392/392/380
f 394/394/382 401/401/388 393/393/381
f 395/395/383 402/402/389 394/394/382
f 396/396/384 403/403/390 395/395/383
f 398/398/385 404/404/391 396/396/384
f 405/405/41 406/406/392 398/398/385
f 399/399/386 299/299/293 290/290/285
f 400/400/387 407/407/393 399/399/386
f 401/401/388 408/408/394 400/400/387
f 402/402/389 409/409/395 401/401/388
f 403/403/390 410/410/396 402/402/389
f 404/404/391 411/411/397 403/403/390
f 406/406/392 412/412/398 404/404/391
f 413/413/399 414/414/400 406/406/392
f 407/407/393 308/308/301 299/299/293
f 408/408/394 415/415/401 407/407/393
f 409/409/395 416/416/402 408/408/394
f 410/410/396 417/417/403 409/409/395
f 411/411/397 418/418/404 410/410/396
f 412/412/398 419/419/405 411/411/397
f 414/414/400 420/420/406 412/412/398
f 421/421/53 422/422/407 414/414/400
f 415/415/401 317/317/309 308/308/301
f 416/416/402 423/423/408 415/415/401
f 417/417/403 424/424/409 416/416/402
f 418/418/404 425/425/410 417/417/403
f 419/419/405 426/426/411 418/418/404
f 420/420/406 427/427/412 419/419/405
f 422/422/407 428/428/413 420/420/406
f 429/429/414 430/430/415 422/422/407
f 423/423/408 326/326/318 317/317/309
f 424/424/409 431/431/416 423/423/408
f 425/425/410 432/432/417 424/424/409
f 426/426/411 433/433/418 425/425/410
f 427/427/412 434/434/419 426/426/411
f 428/428/413 435/435/420 427/427/412
f 430/430/415 436/436/421 428/428/413
f 437/437/65 438/438/422 430/430/415
f 431/431/416 335/335/327 326/326/318
f 432/432/417 439/439/423 431/431/416
f 433/433/418 440/440/424 432/432/417
f 434/434/419 441/441/425 433/433/418
f 435/435/420 442/442/426 434/434/419
f 436/436/421 443/443/427 435/435/420
f 438/438/422 444/444/428 436/436/421
f 445/445/71 446/446/429 438/438/422
f 439/439/423 344/344/335 335/335/327
f 440/440/424 447/447/430 439/439/423
f 441/441/425 448/448/431 440/440/424
f 442/442/426 449/449/432 441/441/425
f 443/443/427 450/450/433 442/442/426
f 444/444/428 451/451/434 443/443/427
f 446/446/429 452/452/435 444/444/428
f 453/453/436 454/454/437 446/446/429
f 455/455/438 456/456/439 457/457/440
f 458/458/441 459/459/442 456/456/439
f 460/460/443 461/461/444 459/459/442
f 462/462/445 463/463/446 461/461/444
f 464/464/447 465/465/448 463/463/446
f 466/466/449 465/465/448 467/467/450
f 468/468/451 469/469/452 466/466/449
f 470/470/453 471/471/454 468/468/451
f 455/455/438 472/472/455 473/473/456
f 473/473/456 474/474/457 475/475/458
f 475/475/458 476/476/459 477/477/460
f 477/477/460 478/478/461 479/479/462
f 479/479/462 480/480/463 481/481/464
f 480/480/463 482/482/465 481/481/464
f 483/483/466 484/484/467 482/482/465
f 485/485/468 486/486/469 484/484/467
f 457/457/440 487/487/470 472/472/455
f 472/472/455 488/488/471 474/474/457
f 474/474/457 489/489/472 476/476/459
f 476/476/459 490/490/473 478/478/461
f 478/478/461 491/491/474 480/480/463
f 480/480/463 492/492/475 483/483/466
f 483/483/466 493/493/476 485/485/468
f 485/485/468 494/494/477 495/495/478
f 496/496/479 497/497/480 487/487/470
f 487/487/470 498/498/481 488/488/471
f 488/488/471 499/499/482 489/489/472
f 489/489/472 500/500/483 490/490/473
f 490/490/473 501/501/484 491/491/474
f 491/491/474 502/502/485 492/492/475
f 492/492/475 503/503/486 493/493/476
f 493/493/476 504/504/487 494/494/477
f 505/505/488 506/506/489 497/497/480
f 497/497/480 507/507/490 498/498/481
f 498/498/481 508/508/491 499/499/482
f 499/499/482 509/509/492 500/500/483
f 500/500/483 510/510/493 501/501/484
f 501/501/484 511/511/494 502/502/485
f 502/502/485 512/512/495 503/503/486
f 503/503/486 513/513/496 504/504/487
f 514/514/497 515/515/498 506/506/489
f 506/506/489 516/516/499 507/507/490
f 507/507/490 517/517/500 508/508/491
f 508/508/491 518/518/501 509/509/492
f 509/509/492 519/519/502 510/510/493
f 510/510/493 520/520/503 511/511/494
f 511/511/494 521/521/504 512/512/495
f 512/512/495 522/522/505 513/513/496
f 523/523/506 524/524/507 515/515/498
f 515/515/498 525/525/508 516/516/499
f 516/516/499 526/526/509 517/517/500
f 517/517/500 527/527/510 518/518/501
f 518/518/501 528/528/511 519/519/502
f 519/519/502 529/529/512 520/520/503
f 520/520/503 530/530/513 521/521/504
f 521/521/504 531/531/514 522/522/505
f 532/532/515 533/533/516 524/524/507
f 524/524/507 534/534/517 525/525/508
f 525/525/508 535/535/518 526/526/509
f 526/526/509 536/536/519 527/527/510
f 527/527/510 537/537/520 528/528/511
f 528/528/511 538/538/521 529/529/512
f 529/529/512 539/539/522 530/530/513
f 530/530/513 540/540/523 531/531/514
f 541/541/524 542/542/525 533/533/516
f 533/533/516 543/543/526 534/534/517
f 534/534/517 544/544/527 535/535/518
f 535/535/518 545/545/528 536/536/519
f 536/536/519 546/546/529 537/537/520
f 546/546/529 538/538/521 537/537/520
f 547/547/530 539/539/522 538/538/521
f 548/548/531 540/540/523 539/539/522
f 549/549/532 447/447/430 542/542/525
f 542/542/525 448/448/431 543/543/526
f 543/543/526 449/449/432 544/544/527
f 449/449/432 545/545/528 544/544/527
f 450/450/433 546/546/529 545/545/528
f 451/451/434 547/547/530 546/546/529
f 452/452/435 548/548/531 547/547/530
f 454/454/437 550/550/533 548/548/531
f 549/549/532 345/345/336 344/344/335
f 551/551/534 346/346/337 345/345/336
f 552/552/535 347/347/338 346/346/337
f 347/347/338 553/553/536 348/348/339
f 348/348/339 554/554/537 349/349/340
f 349/349/340 555/555/538 350/350/341
f 350/350/341 556/556/539 351/351/342
f 351/351/342 557/557/540 558/558/80
f 541/541/524 551/551/534 549/549/532
f 559/559/541 552/552/535 551/551/534
f 560/560/542 561/561/543 552/552/535
f 562/562/544 553/553/536 561/561/543
f 563/563/545 554/554/537 553/553/536
f 554/554/537 564/564/546 555/555/538
f 555/555/538 565/565/547 556/556/539
f 556/556/539 566/566/548 557/557/540
f 532/532/515 559/559/541 541/541/524
f 567/567/549 560/560/542 559/559/541
f 568/568/550 562/562/544 560/560/542
f 569/569/551 563/563/545 562/562/544
f 570/570/552 571/571/553 563/563/545
f 572/572/554 564/564/546 571/571/553
f 573/573/555 565/565/547 564/564/546
f 574/574/556 566/566/548 565/565/547
f 523/523/506 567/567/549 532/532/515
f 575/575/557 568/568/550 567/567/549
f 576/576/558 569/569/551 568/568/550
f 577/577/559 570/570/552 569/569/551
f 578/578/560 572/572/554 570/570/552
f 579/579/561 573/573/555 572/572/554
f 580/580/562 574/574/556 573/573/555
f 581/581/563 582/582/564 574/574/556
f 514/514/497 575/575/557 523/523/506
f 583/583/565 576/576/558 575/575/557
f 584/584/566 577/577/559 576/576/558
f 585/585/567 578/578/560 577/577/559
f 586/586/568 579/579/561 578/578/560
f 587/587/569 580/580/562 579/579/561
f 588/588/570 581/581/563 580/580/562
f 589/589/571 590/590/572 581/581/563
f 505/505/488 583/583/565 514/514/497
f 591/591/573 584/584/566 583/583/565
f 592/592/574 585/585/567 584/584/566
f 593/593/575 586/586/568 585/585/567
f 594/594/576 587/587/569 586/586/568
f 595/595/577 588/588/570 587/587/569
f 596/596/578 589/589/571 588/588/570
f 597/597/579 598/598/580 589/589/571
f 496/496/479 591/591/573 505/505/488
f 599/599/581 592/592/574 591/591/573
f 600/600/582 593/593/575 592/592/574
f 601/601/583 594/594/576 593/593/575
f 602/602/584 595/595/577 594/594/576
f 603/603/585 596/596/578 595/595/577
f 604/604/586 597/597/579 596/596/578
f 605/605/587 606/606/588 597/597/579
f 457/457/440 599/599/581 496/496/479
f 456/456/439 600/600/582 599/599/581
f 459/459/442 601/601/583 600/600/582
f 461/461/444 602/602/584 601/601/583
f 463/463/446 603/603/585 602/602/584
f 465/465/448 604/604/586 603/603/585
f 469/469/452 605/605/587 604/604/586
f 605/605/587 471/471/454 607/607/589
f 608/608/590 609/609/591 610/610/592
f 611/611/593 612/612/594 609/609/591
f 613/613/595 614/614/596 612/612/594
f 615/615/597 616/616/598 614/614/596
f 617/617/599 618/618/600 616/616/598
f 619/619/601 620/620/602 618/618/600
f 621/621/603 622/622/604 620/620/602
f 623/623/605 624/624/606 622/622/604
f 625/625/607 626/626/608 624/624/606
f 627/627/609 628/628/610 626/626/608
f 629/629/611 630/630/612 628/628/610
f 631/631/613 632/632/614 633/633/615
f 610/610/592 634/634/616 635/635/617
f 609/609/591 636/636/618 634/634/616
f 612/612/594 637/637/619 636/636/618
f 614/614/596 638/638/620 637/637/619
f 616/616/598 639/639/621 638/638/620
f 618/618/600 640/640/622 639/639/621
f 620/620/602 641/641/623 640/640/622
f 622/622/604 642/642/624 641/641/623
f 624/624/606 643/643/625 642/642/624
f 628/628/610 643/643/625 626/626/608
f 628/628/610 644/644/626 645/645/627
f 632/632/614 646/646/628 647/647/629
f 635/635/617 648/648/630 649/649/631
f 634/634/616 650/650/632 648/648/630
f 636/636/618 651/651/633 650/650/632
f 637/637/619 652/652/634 651/651/633
f 638/638/620 653/653/635 652/652/634
f 639/639/621 654/654/636 653/653/635
f 641/641/623 654/654/636 640/640/622
f 641/641/623 655/655/637 656/656/638
f 642/642/624 657/657/639 655/655/637
f 645/645/627 657/657/639 643/643/625
f 644/644/626 658/658/640 645/645/627
f 646/646/628 659/659/641 647/647/629
f 649/649/631 133/133/133 132/132/132
f 648/648/630 134/134/134 133/133/133
f 650/650/632 135/135/135 134/134/134
f 651/651/633 136/136/136 135/135/135
f 652/652/634 137/137/137 136/136/136
f 653/653/635 138/138/138 137/137/137
f 654/654/636 139/139/139 138/138/138
f 656/656/638 140/140/140 139/139/139
f 655/655/637 141/141/141 140/140/140
f 657/657/639 142/142/142 141/141/141
f 660/660/642 142/142/142 658/658/640
f 661/661/643 662/662/644 659/659/641
f 663/663/645 664/664/646 665/665/647
f 666/666/648 667/667/649 664/664/646
f 668/668/650 669/669/651 667/667/649
f 670/670/652 671/671/653 669/669/651
f 672/672/654 673/673/655 671/671/653
f 674/674/656 675/675/657 673/673/655
f 676/676/658 677/677/659 675/675/657
f 678/678/660 610/610/592 677/677/659
f 665/665/647 679/679/661 680/680/662
f 664/664/646 681/681/663 679/679/661
f 667/667/649 682/682/664 681/681/663
f 669/669/651 683/683/665 682/682/664
f 671/671/653 684/684/666 683/683/665
f 673/673/655 685/685/667 684/684/666
f 675/675/657 686/686/668 685/685/667
f 677/677/659 635/635/617 686/686/668
f 680/680/662 687/687/669 688/688/670
f 679/679/661 689/689/671 687/687/669
f 681/681/663 690/690/672 689/689/671
f 682/682/664 691/691/673 690/690/672
f 683/683/665 692/692/674 691/691/673
f 684/684/666 693/693/675 692/692/674
f 685/685/667 694/694/676 693/693/675
f 686/686/668 649/649/631 694/694/676
f 688/688/670 206/206/206 201/201/201
f 687/687/669 211/211/211 206/206/206
f 689/689/671 216/216/216 211/211/211
f 690/690/672 221/221/221 216/216/216
f 691/691/673 226/226/226 221/221/221
f 692/692/674 231/231/231 226/226/226
f 693/693/675 236/236/236 231/231/231
f 694/694/676 132/132/132 236/236/236
f 695/695/677 696/696/678 697/697/679
f 696/696/678 698/698/680 699/699/681
f 698/698/680 700/700/682 699/699/681
f 701/701/683 702/702/684 700/700/682
f 703/703/685 704/704/686 702/702/684
f 705/705/687 706/706/688 704/704/686
f 707/707/689 708/708/690 706/706/688
f 709/709/691 710/710/692 708/708/690
f 711/711/693 712/712/694 710/710/692
f 713/713/695 714/714/696 712/712/694
f 715/715/697 716/716/698 714/714/696
f 717/717/699 718/718/700 716/716/698
f 719/719/701 720/720/702 718/718/700
f 721/721/703 722/722/704 720/720/702
f 723/723/705 724/724/706 722/722/704
f 725/725/707 726/726/708 695/695/677
f 727/727/709 698/698/680 726/726/708
f 728/728/710 701/701/683 698/698/680
f 729/729/711 703/703/685 701/701/683
f 730/730/712 705/705/687 703/703/685
f 731/731/713 707/707/689 705/705/687
f 732/732/714 709/709/691 707/707/689
f 733/733/715 711/711/693 709/709/691
f 734/734/716 713/713/695 711/711/693
f 735/735/717 715/715/697 713/713/695
f 736/736/718 717/717/699 715/715/697
f 737/737/719 719/719/701 717/717/699
f 738/738/720 721/721/703 719/719/701
f 739/739/721 723/723/705 721/721/703
f 740/740/722 741/741/723 723/723/705
f 742/742/724 727/727/709 725/725/707
f 743/743/725 728/728/710 727/727/709
f 744/744/726 729/729/711 728/728/710
f 745/745/727 730/730/712 729/729/711
f 746/746/728 731/731/713 730/730/712
f 747/747/729 732/732/714 731/731/713
f 748/748/730 733/733/715 732/732/714
f 749/749/731 734/734/716 733/733/715
f 750/750/732 735/735/717 734/734/716
f 751/751/733 736/736/718 735/735/717
f 752/752/734 737/737/719 736/736/718
f 753/753/735 738/738/720 737/737/719
f 754/754/736 739/739/721 738/738/720
f 755/755/737 740/740/722 739/739/721
f 756/756/738 757/757/739 740/740/722
f 758/758/740 743/743/725 742/742/724
f 759/759/741 744/744/726 743/743/725
f 760/760/742 745/745/727 744/744/726
f 761/761/743 746/746/728 745/745/727
f 762/762/744 747/747/729 746/746/728
f 763/763/745 748/748/730 747/747/729
f 764/764/746 749/749/731 748/748/730
f 765/765/747 750/750/732 749/749/731
f 766/766/748 751/751/733 750/750/732
f 767/767/749 752/752/734 751/751/733
f 768/768/750 753/753/735 752/752/734
f 769/769/751 754/754/736 753/753/735
f 770/770/752 755/755/737 754/754/736
f 771/771/753 756/756/738 755/755/737
f 772/772/754 773/773/514 756/756/738
f 774/774/755 759/759/741 758/758/740
f 775/775/756 760/760/742 759/759/741
f 776/776/757 761/761/743 760/760/742
f 777/777/758 762/762/744 761/761/743
f 778/778/759 763/763/745 762/762/744
f 779/779/760 764/764/746 763/763/745
f 780/780/761 765/765/747 764/764/746
f 781/781/762 766/766/748 765/765/747
f 782/782/763 767/767/749 766/766/748
f 783/783/764 768/768/750 767/767/749
f 784/784/765 769/769/751 768/768/750
f 785/785/766 770/770/752 769/769/751
f 786/786/767 771/771/753 770/770/752
f 787/787/768 772/772/754 771/771/753
f 788/788/769 789/789/505 772/772/754
f 790/790/770 775/775/756 774/774/755
f 791/791/771 776/776/757 775/775/756
f 792/792/772 777/777/758 776/776/757
f 793/793/773 778/778/759 777/777/758
f 794/794/774 779/779/760 778/778/759
f 795/795/775 780/780/761 779/779/760
f 796/796/776 781/781/762 780/780/761
f 797/797/777 782/782/763 781/781/762
f 798/798/778 783/783/764 782/782/763
f 799/799/779 784/784/765 783/783/764
f 800/800/780 785/785/766 784/784/765
f 801/801/781 786/786/767 785/785/766
f 802/802/782 787/787/768 786/786/767
f 803/803/783 788/788/769 787/787/768
f 804/804/784 805/805/496 788/788/769
f 790/790/770 806/806/785 791/791/771
f 806/806/785 792/792/772 791/791/771
f 807/807/786 793/793/773 792/792/772
f 808/808/787 794/794/774 793/793/773
f 809/809/788 795/795/775 794/794/774
f 810/810/789 796/796/776 795/795/775
f 811/811/790 797/797/777 796/796/776
f 812/812/791 798/798/778 797/797/777
f 813/813/792 799/799/779 798/798/778
f 814/814/793 800/800/780 799/799/779
f 815/815/794 801/801/781 800/800/780
f 816/816/795 802/802/782 801/801/781
f 817/817/796 803/803/783 802/802/782
f 818/818/797 804/804/784 803/803/783
f 819/819/798 820/820/487 804/804/784
f 821/821/799 822/822/800 806/806/785
f 822/822/800 807/807/786 806/806/785
f 823/823/801 808/808/787 807/807/786
f 824/824/802 809/809/788 808/808/787
f 825/825/803 810/810/789 809/809/788
f 826/826/804 811/811/790 810/810/789
f 827/827/805 812/812/791 811/811/790
f 828/828/806 813/813/792 812/812/791
f 829/829/807 814/814/793 813/813/792
f 830/830/808 815/815/794 814/814/793
f 831/831/809 816/816/795 815/815/794
f 832/832/810 817/817/796 816/816/795
f 833/833/811 818/818/797 817/817/796
f 834/834/812 819/819/798 818/818/797
f 835/835/813 836/836/814 819/819/798
f 837/837/815 822/822/800 838/838/816
f 839/839/817 823/823/801 822/822/800
f 823/823/801 840/840/818 824/824/802
f 824/824/802 841/841/819 825/825/803
f 825/825/803 842/842/820 826/826/804
f 826/826/804 843/843/821 827/827/805
f 827/827/805 844/844/822 828/828/806
f 828/828/806 845/845/823 829/829/807
f 829/829/807 846/846/824 830/830/808
f 830/830/808 847/847/825 831/831/809
f 831/831/809 848/848/826 832/832/810
f 832/832/810 849/849/827 833/833/811
f 833/833/811 850/850/828 834/834/812
f 834/834/812 851/851/829 835/835/813
f 835/835/813 852/852/830 853/853/478
f 854/854/831 839/839/817 837/837/815
f 855/855/832 856/856/833 839/839/817
f 856/856/833 857/857/834 840/840/818
f 840/840/818 858/858/835 841/841/819
f 841/841/819 859/859/836 842/842/820
f 842/842/820 860/860/837 843/843/821
f 843/843/821 861/861/838 844/844/822
f 844/844/822 862/862/839 845/845/823
f 845/845/823 863/863/840 846/846/824
f 846/846/824 864/864/841 847/847/825
f 847/847/825 865/865/842 848/848/826
f 848/848/826 866/866/843 849/849/827
f 849/849/827 867/867/844 850/850/828
f 850/850/828 868/868/845 851/851/829
f 851/851/829 869/869/846 852/852/830
f 854/854/831 870/870/847 855/855/832
f 870/870/847 871/871/848 855/855/832
f 871/871/848 872/872/849 857/857/834
f 857/857/834 873/873/850 858/858/835
f 858/858/835 874/874/851 859/859/836
f 859/859/836 875/875/852 860/860/837
f 860/860/837 876/876/853 861/861/838
f 861/861/838 877/877/854 862/862/839
f 862/862/839 878/878/855 863/863/840
f 863/863/840 879/879/856 864/864/841
f 864/864/841 880/880/857 865/865/842
f 865/865/842 881/881/858 866/866/843
f 866/866/843 882/882/859 867/867/844
f 867/867/844 883/883/860 868/868/845
f 868/868/845 884/884/861 869/869/846
f 885/885/862 886/886/863 870/870/847
f 886/886/863 887/887/864 870/870/847
f 887/887/864 888/888/865 872/872/849
f 872/872/849 889/889/866 873/873/850
f 873/873/850 890/890/867 874/874/851
f 874/874/851 891/891/868 875/875/852
f 875/875/852 892/892/869 876/876/853
f 876/876/853 893/893/870 877/877/854
f 877/877/854 894/894/871 878/878/855
f 878/878/855 895/895/872 879/879/856
f 879/879/856 896/896/873 880/880/857
f 880/880/857 897/897/874 881/881/858
f 881/881/858 898/898/875 882/882/859
f 882/882/859 899/899/876 883/883/860
f 883/883/860 900/900/877 884/884/861
f 901/901/878 886/886/863 902/902/879
f 903/903/880 904/904/881 886/886/863
f 905/905/882 888/888/865 904/904/881
f 888/888/865 906/906/883 889/889/866
f 889/889/866 907/907/884 890/890/867
f 890/890/867 908/908/885 891/891/868
f 891/891/868 909/909/886 892/892/869
f 892/892/869 910/910/887 893/893/870
f 893/893/870 911/911/888 894/894/871
f 894/894/871 912/912/889 895/895/872
f 895/895/872 913/913/890 896/896/873
f 896/896/873 914/914/891 897/897/874
f 897/897/874 915/915/892 898/898/875
f 898/898/875 916/916/893 899/899/876
f 899/899/876 917/917/894 900/900/877
f 901/901/878 918/918/895 903/903/880
f 903/903/880 919/919/896 905/905/882
f 905/905/882 920/920/897 921/921/898
f 921/921/898 922/922/899 906/906/883
f 906/906/883 923/923/900 907/907/884
f 907/907/884 924/924/901 908/908/885
f 908/908/885 925/925/902 909/909/886
f 909/909/886 926/926/903 910/910/887
f 910/910/887 927/927/904 911/911/888
f 911/911/888 928/928/905 912/912/889
f 912/912/889 929/929/906 913/913/890
f 913/913/890 930/930/907 914/914/891
f 914/914/891 931/931/908 915/915/892
f 915/915/892 932/932/909 916/916/893
f 916/916/893 933/933/194 917/917/894
f 934/934/910 918/918/895 935/935/911
f 936/936/912 919/919/896 918/918/895
f 937/937/913 920/920/897 919/919/896
f 920/920/897 938/938/914 922/922/899
f 922/922/899 939/939/915 923/923/900
f 923/923/900 940/940/916 924/924/901
f 924/924/901 941/941/917 925/925/902
f 925/925/902 942/942/918 926/926/903
f 926/926/903 943/943/919 927/927/904
f 927/927/904 944/944/920 928/928/905
f 928/928/905 945/945/921 929/929/906
f 929/929/906 946/946/922 930/930/907
f 930/930/907 947/947/923 931/931/908
f 931/931/908 948/948/924 932/932/909
f 932/932/909 949/949/925 933/933/194
f 950/950/926 936/936/912 934/934/910
f 951/951/927 937/937/913 936/936/912
f 952/952/681 953/953/928 937/937/913
f 953/953/928 954/954/684 938/938/914
f 938/938/914 955/955/929 939/939/915
f 939/939/915 956/956/930 940/940/916
f 940/940/916 957/957/931 941/941/917
f 941/941/917 958/958/692 942/942/918
f 942/942/918 959/959/932 943/943/919
f 943/943/919 960/960/933 944/944/920
f 944/944/920 961/961/934 945/945/921
f 945/945/921 962/962/935 946/946/922
f 946/946/922 963/963/936 947/947/923
f 947/947/923 964/964/704 948/948/924
f 948/948/924 965/965/937 949/949/925
f 966/966/938 967/967/939 968/968/940
f 969/969/941 970/970/942 966/966/938
f 971/971/943 972/972/944 969/969/941
f 973/973/945 974/974/946 971/971/943
f 975/975/947 976/976/948 973/973/945
f 977/977/949 978/978/950 975/975/947
f 979/979/951 980/980/952 977/977/949
f 981/981/953 982/982/954 979/979/951
f 983/983/955 984/984/956 981/981/953
f 985/985/957 986/986/958 983/983/955
f 987/987/959 988/988/960 985/985/957
f 989/989/961 990/990/962 987/987/959
f 991/991/963 992/992/964 989/989/961
f 993/993/965 994/994/966 991/991/963
f 995/995/967 996/996/968 993/993/965
f 970/970/942 997/997/969 967/967/939
f 972/972/944 998/998/970 970/970/942
f 974/974/946 999/999/971 972/972/944
f 976/976/948 1000/1000/972 974/974/946
f 978/978/950 1001/1001/973 976/976/948
f 980/980/952 1002/1002/974 978/978/950
f 982/982/954 1003/1003/975 980/980/952
f 984/984/956 1004/1004/976 982/982/954
f 986/986/958 1005/1005/977 984/984/956
f 988/988/960 1006/1006/978 986/986/958
f 990/990/962 1007/1007/979 988/988/960
f 992/992/964 1008/1008/980 990/990/962
f 994/994/966 1009/1009/981 992/992/964
f 996/996/968 1010/1010/982 994/994/966
f 1011/1011/983 1012/1012/984 996/996/968
f 998/998/970 1013/1013/985 997/997/969
f 999/999/971 1014/1014/986 998/998/970
f 1000/1000/972 1015/1015/987 999/999/971
f 1001/1001/973 1016/1016/988 1000/1000/972
f 1002/1002/974 1017/1017/989 1001/1001/973
f 1003/1003/975 1018/1018/990 1002/1002/974
f 1004/1004/976 1019/1019/991 1003/1003/975
f 1005/1005/977 1020/1020/992 1004/1004/976
f 1006/1006/978 1021/1021/993 1005/1005/977
f 1007/1007/979 1022/1022/994 1006/1006/978
f 1008/1008/980 1023/1023/995 1007/1007/979
f 1009/1009/981 1024/1024/996 1008/1008/980
f 1010/1010/982 1025/1025/997 1009/1009/981
f 1012/1012/984 1026/1026/998 1010/1010/982
f 1027/1027/999 1028/1028/1000 1012/1012/984
f 1013/1013/985 1029/1029/1001 1030/1030/1002
f 1015/1015/987 1029/1029/1001 1014/1014/986
f 1016/1016/988 1031/1031/1003 1015/1015/987
f 1017/1017/989 1032/1032/1004 1016/1016/988
f 1018/1018/990 1033/1033/1005 1017/1017/989
f 1019/1019/991 1034/1034/1006 1018/1018/990
f 1020/1020/992 1035/1035/1007 1019/1019/991
f 1021/1021/993 1036/1036/1008 1020/1020/992
f 1022/1022/994 1037/1037/1009 1021/1021/993
f 1023/1023/995 1038/1038/1010 1022/1022/994
f 1024/1024/996 1039/1039/1011 1023/1023/995
f 1025/1025/997 1040/1040/1012 1024/1024/996
f 1026/1026/998 1041/1041/1013 1025/1025/997
f 1028/1028/1000 1042/1042/1014 1026/1026/998
f 1043/1043/1015 1044/1044/1016 1028/1028/1000
f 1029/1029/1001 1045/1045/1017 1030/1030/1002
f 1031/1031/1003 1046/1046/1018 1029/1029/1001
f 1032/1032/1004 1047/1047/1019 1031/1031/1003
f 1033/1033/1005 1048/1048/1020 1032/1032/1004
f 1034/1034/1006 1049/1049/1021 1033/1033/1005
f 1035/1035/1007 1050/1050/1022 1034/1034/1006
f 1036/1036/1008 1051/1051/1023 1035/1035/1007
f 1037/1037/1009 1052/1052/1024 1036/1036/1008
f 1038/1038/1010 1053/1053/1025 1037/1037/1009
f 1039/1039/1011 1054/1054/1026 1038/1038/1010
f 1040/1040/1012 1055/1055/1027 1039/1039/1011
f 1041/1041/1013 1056/1056/1028 1040/1040/1012
f 1042/1042/1014 1057/1057/1029 1041/1041/1013
f 1044/1044/1016 1058/1058/1030 1042/1042/1014
f 1059/1059/1031 1060/1060/1032 1044/1044/1016
f 1046/1046/1018 1061/1061/1033 1045/1045/1017
f 1047/1047/1019 1062/1062/1034 1046/1046/1018
f 1048/1048/1020 1063/1063/1035 1047/1047/1019
f 1049/1049/1021 1064/1064/1036 1048/1048/1020
f 1050/1050/1022 1065/1065/1037 1049/1049/1021
f 1051/1051/1023 1066/1066/1038 1050/1050/1022
f 1052/1052/1024 1067/1067/1039 1051/1051/1023
f 1053/1053/1025 1068/1068/1040 1052/1052/1024
f 1054/1054/1026 1069/1069/1041 1053/1053/1025
f 1055/1055/1027 1070/1070/1042 1054/1054/1026
f 1056/1056/1028 1071/1071/1043 1055/1055/1027
f 1057/1057/1029 1072/1072/1044 1056/1056/1028
f 1058/1058/1030 1073/1073/1045 1057/1057/1029
f 1060/1060/1032 1074/1074/1046 1058/1058/1030
f 1075/1075/1047 1076/1076/1048 1060/1060/1032
f 1061/1061/1033 1077/1077/1049 1078/1078/1050
f 1063/1063/1035 1077/1077/1049 1062/1062/1034
f 1064/1064/1036 1079/1079/1051 1063/1063/1035
f 1065/1065/1037 1080/1080/1052 1064/1064/1036
f 1066/1066/1038 1081/1081/1053 1065/1065/1037
f 1067/1067/1039 1082/1082/1054 1066/1066/1038
f 1068/1068/1040 1083/1083/1055 1067/1067/1039
f 1069/1069/1041 1084/1084/1056 1068/1068/1040
f 1070/1070/1042 1085/1085/1057 1069/1069/1041
f 1071/1071/1043 1086/1086/1058 1070/1070/1042
f 1072/1072/1044 1087/1087/1059 1071/1071/1043
f 1073/1073/1045 1088/1088/1060 1072/1072/1044
f 1074/1074/1046 1089/1089/1061 1073/1073/1045
f 1076/1076/1048 1090/1090/1062 1074/1074/1046
f 1091/1091/588 1092/1092/1063 1076/1076/1048
f 1078/1078/1050 1093/1093/1064 1094/1094/1065
f 1079/1079/1051 1093/1093/1064 1077/1077/1049
f 1080/1080/1052 1095/1095/1066 1079/1079/1051
f 1081/1081/1053 1096/1096/1067 1080/1080/1052
f 1082/1082/1054 1097/1097/1068 1081/1081/1053
f 1083/1083/1055 1098/1098/1069 1082/1082/1054
f 1084/1084/1056 1099/1099/1070 1083/1083/1055
f 1085/1085/1057 1100/1100/1071 1084/1084/1056
f 1086/1086/1058 1101/1101/1072 1085/1085/1057
f 1087/1087/1059 1102/1102/1073 1086/1086/1058
f 1088/1088/1060 1103/1103/1074 1087/1087/1059
f 1089/1089/1061 1104/1104/1075 1088/1088/1060
f 1090/1090/1062 1105/1105/1076 1089/1089/1061
f 1092/1092/1063 1106/1106/1077 1090/1090/1062
f 1107/1107/589 1108/1108/1078 1092/1092/1063
f 1093/1093/1064 1109/1109/1079 1094/1094/1065
f 1095/1095/1066 1110/1110/1080 1093/1093/1064
f 1095/1095/1066 1111/1111/1081 1112/1112/1082
f 1096/1096/1067 1113/1113/1083 1111/1111/1081
f 1097/1097/1068 1114/1114/1084 1113/1113/1083
f 1098/1098/1069 1115/1115/1085 1114/1114/1084
f 1099/1099/1070 1116/1116/1086 1115/1115/1085
f 1100/1100/1071 1117/1117/1087 1116/1116/1086
f 1101/1101/1072 1118/1118/1088 1117/1117/1087
f 1102/1102/1073 1119/1119/1089 1118/1118/1088
f 1103/1103/1074 1120/1120/1090 1119/1119/1089
f 1104/1104/1075 1121/1121/1091 1120/1120/1090
f 1105/1105/1076 1122/1122/1092 1121/1121/1091
f 1106/1106/1077 1123/1123/1093 1122/1122/1092
f 1108/1108/1078 1124/1124/1094 1123/1123/1093
f 1110/1110/1080 1125/1125/1095 1109/1109/1079
f 1110/1110/1080 1126/1126/1096 1127/1127/1097
f 1112/1112/1082 1128/1128/1098 1126/1126/1096
f 1111/1111/1081 1129/1129/1099 1128/1128/1098
f 1113/1113/1083 1130/1130/1100 1129/1129/1099
f 1114/1114/1084 1131/1131/1101 1130/1130/1100
f 1115/1115/1085 1132/1132/1102 1131/1131/1101
f 1116/1116/1086 1133/1133/1103 1132/1132/1102
f 1117/1117/1087 1134/1134/1104 1133/1133/1103
f 1118/1118/1088 1135/1135/1105 1134/1134/1104
f 1119/1119/1089 1136/1136/1106 1135/1135/1105
f 1120/1120/1090 1137/1137/1107 1136/1136/1106
f 1121/1121/1091 1138/1138/1108 1137/1137/1107
f 1122/1122/1092 1139/1139/1109 1138/1138/1108
f 1123/1123/1093 1140/1140/1110 1139/1139/1109
f 1127/1127/1097 1141/1141/1111 1125/1125/1095
f 1127/1127/1097 1142/1142/1112 1143/1143/1113
f 1126/1126/1096 1144/1144/1114 1142/1142/1112
f 1128/1128/1098 1145/1145/1115 1144/1144/1114
f 1129/1129/1099 1146/1146/1116 1145/1145/1115
f 1130/1130/1100 1147/1147/1117 1146/1146/1116
f 1131/1131/1101 1148/1148/1118 1147/1147/1117
f 1132/1132/1102 1149/1149/1119 1148/1148/1118
f 1133/1133/1103 1150/1150/1120 1149/1149/1119
f 1134/1134/1104 1151/1151/1121 1150/1150/1120
f 1135/1135/1105 1152/1152/1122 1151/1151/1121
f 1136/1136/1106 1153/1153/1123 1152/1152/1122
f 1137/1137/1107 1154/1154/1124 1153/1153/1123
f 1138/1138/1108 1155/1155/1125 1154/1154/1124
f 1139/1139/1109 1156/1156/215 1155/1155/1125
f 1143/1143/1113 1157/1157/1126 1141/1141/1111
f 1142/1142/1112 1158/1158/1127 1143/1143/1113
f 1142/1142/1112 1159/1159/1128 1160/1160/1129
f 1144/1144/1114 1161/1161/1130 1159/1159/1128
f 1145/1145/1115 1162/1162/1131 1161/1161/1130
f 1146/1146/1116 1163/1163/1132 1162/1162/1131
f 1147/1147/1117 1164/1164/1133 1163/1163/1132
f 1148/1148/1118 1165/1165/1134 1164/1164/1133
f 1149/1149/1119 1166/1166/1135 1165/1165/1134
f 1150/1150/1120 1167/1167/1136 1166/1166/1135
f 1151/1151/1121 1168/1168/1137 1167/1167/1136
f 1152/1152/1122 1169/1169/1138 1168/1168/1137
f 1153/1153/1123 1170/1170/1139 1169/1169/1138
f 1154/1154/1124 1171/1171/1140 1170/1170/1139
f 1155/1155/1125 1172/1172/220 1171/1171/1140
f 1158/1158/1127 1173/1173/1141 1157/1157/1126
f 1160/1160/1129 1174/1174/1142 1158/1158/1127
f 1159/1159/1128 1175/1175/1143 1160/1160/1129
f 1159/1159/1128 1176/1176/1144 1177/1177/1145
f 1161/1161/1130 1178/1178/1146 1176/1176/1144
f 1162/1162/1131 1179/1179/1147 1178/1178/1146
f 1163/1163/1132 1180/1180/1148 1179/1179/1147
f 1164/1164/1133 1181/1181/1149 1180/1180/1148
f 1165/1165/1134 1182/1182/1150 1181/1181/1149
f 1166/1166/1135 1183/1183/1151 1182/1182/1150
f 1167/1167/1136 1184/1184/1152 1183/1183/1151
f 1168/1168/1137 1185/1185/1153 1184/1184/1152
f 1169/1169/1138 1186/1186/1154 1185/1185/1153
f 1170/1170/1139 1187/1187/1155 1186/1186/1154
f 1171/1171/1140 1188/1188/1156 1187/1187/1155
f 1174/1174/1142 1189/1189/1157 1173/1173/1141
f 1175/1175/1143 1190/1190/1158 1174/1174/1142
f 1175/1175/1143 1191/1191/1159 1192/1192/1160
f 1177/1177/1145 1193/1193/1161 1191/1191/1159
f 1176/1176/1144 1194/1194/1162 1193/1193/1161
f 1178/1178/1146 1195/1195/1163 1194/1194/1162
f 1179/1179/1147 1196/1196/1164 1195/1195/1163
f 1180/1180/1148 1197/1197/1165 1196/1196/1164
f 1181/1181/1149 1198/1198/1166 1197/1197/1165
f 1182/1182/1150 1199/1199/1167 1198/1198/1166
f 1183/1183/1151 1200/1200/1168 1199/1199/1167
f 1184/1184/1152 1201/1201/1169 1200/1200/1168
f 1185/1185/1153 1202/1202/1170 1201/1201/1169
f 1186/1186/1154 1203/1203/1171 1202/1202/1170
f 1187/1187/1155 1204/1204/230 1203/1203/1171
f 1190/1190/1158 1205/1205/1172 1189/1189/1157
f 1192/1192/1160 1206/1206/1173 1190/1190/1158
f 1192/1192/1160 1207/1207/1174 1208/1208/1175
f 1191/1191/1159 1209/1209/1176 1207/1207/1174
f 1193/1193/1161 1210/1210/1177 1209/1209/1176
f 1194/1194/1162 1211/1211/1178 1210/1210/1177
f 1195/1195/1163 1212/1212/1179 1211/1211/1178
f 1196/1196/1164 1213/1213/1180 1212/1212/1179
f 1197/1197/1165 1214/1214/1181 1213/1213/1180
f 1198/1198/1166 1215/1215/1182 1214/1214/1181
f 1199/1199/1167 1216/1216/1183 1215/1215/1182
f 1200/1200/1168 1217/1217/1184 1216/1216/1183
f 1201/1201/1169 1218/1218/1185 1217/1217/1184
f 1202/1202/1170 1219/1219/1186 1218/1218/1185
f 1203/1203/1171 1220/1220/1187 1219/1219/1186
f 1206/1206/1173 1221/1221/1188 1205/1205/1172
f 1208/1208/1175 1222/1222/1189 1206/1206/1173
f 1207/1207/1174 1223/1223/941 1208/1208/1175
f 1207/1207/1174 1224/1224/1190 1225/1225/943
f 1209/1209/1176 1226/1226/1191 1224/1224/1190
f 1210/1210/1177 1227/1227/1192 1226/1226/1191
f 1211/1211/1178 1228/1228/1193 1227/1227/1192
f 1212/1212/1179 1229/1229/1194 1228/1228/1193
f 1213/1213/1180 1230/1230/1195 1229/1229/1194
f 1214/1214/1181 1231/1231/1196 1230/1230/1195
f 1215/1215/1182 1232/1232/959 1231/1231/1196
f 1216/1216/1183 1233/1233/961 1232/1232/959
f 1217/1217/1184 1234/1234/963 1233/1233/961
f 1218/1218/1185 1235/1235/965 1234/1234/963
f 1219/1219/1186 1236/1236/967 1235/1235/965
f 608/608/590 1237/1237/1197 611/611/593
f 611/611/593 1238/1238/1198 613/613/595
f 613/613/595 1239/1239/1199 615/615/597
f 615/615/597 1240/1240/1200 617/617/599
f 617/617/599 1241/1241/1201 619/619/601
f 619/619/601 1242/1242/1202 621/621/603
f 621/621/603 1243/1243/1203 623/623/605
f 623/623/605 1244/1244/1204 625/625/607
f 625/625/607 1245/1245/1205 627/627/609
f 627/627/609 1246/1246/1206 629/629/611
f 1246/1246/1206 1247/1247/1207 629/629/611
f 633/633/615 1248/1248/1208 631/631/613
f 1249/1249/1209 1250/1250/1210 1237/1237/1197
f 1237/1237/1197 1251/1251/1211 1238/1238/1198
f 1238/1238/1198 1252/1252/1212 1239/1239/1199
f 1239/1239/1199 1253/1253/1213 1240/1240/1200
f 1240/1240/1200 1254/1254/1214 1241/1241/1201
f 1241/1241/1201 1255/1255/1215 1242/1242/1202
f 1242/1242/1202 1256/1256/1216 1243/1243/1203
f 1243/1243/1203 1257/1257/1217 1244/1244/1204
f 1244/1244/1204 1258/1258/1218 1245/1245/1205
f 1245/1245/1205 1259/1259/1219 1246/1246/1206
f 1246/1246/1206 1260/1260/1220 1261/1261/1221
f 1262/1262/1222 1248/1248/1208 1263/1263/1223
f 1264/1264/1224 1265/1265/1225 1250/1250/1210
f 1250/1250/1210 1266/1266/1226 1251/1251/1211
f 1251/1251/1211 1267/1267/1227 1252/1252/1212
f 1252/1252/1212 1268/1268/1228 1253/1253/1213
f 1253/1253/1213 1269/1269/1229 1254/1254/1214
f 1254/1254/1214 1270/1270/1230 1255/1255/1215
f 1255/1255/1215 1271/1271/1231 1256/1256/1216
f 1256/1256/1216 1272/1272/1232 1257/1257/1217
f 1257/1257/1217 1273/1273/1233 1258/1258/1218
f 1258/1258/1218 1274/1274/1234 1259/1259/1219
f 1274/1274/1234 1260/1260/1220 1259/1259/1219
f 1275/1275/1235 1276/1276/1236 1262/1262/1222
f 1277/1277/1237 66/66/66 1265/1265/1225
f 1265/1265/1225 60/60/60 1266/1266/1226
f 1266/1266/1226 54/54/54 1267/1267/1227
f 1267/1267/1227 48/48/48 1268/1268/1228
f 1268/1268/1228 42/42/42 1269/1269/1229
f 42/42/42 1270/1270/1230 1269/1269/1229
f 36/36/36 1271/1271/1231 1270/1270/1230
f 30/30/30 1272/1272/1232 1271/1271/1231
f 1272/1272/1232 18/18/18 1273/1273/1233
f 1273/1273/1233 11/11/11 1274/1274/1234
f 11/11/11 1278/1278/1238 1274/1274/1234
f 3/3/3 1279/1279/1239 1275/1275/1235
f 154/154/154 1280/1280/1240 1281/1281/1241
f 1282/1282/1242 1283/1283/1243 1280/1280/1240
f 1284/1284/1244 1285/1285/1245 1283/1283/1243
f 1286/1286/1246 1287/1287/1247 1285/1285/1245
f 156/156/156 1282/1282/1242 154/154/154
f 1288/1288/1248 1284/1284/1244 1282/1282/1242
f 1289/1289/1249 1286/1286/1246 1284/1284/1244
f 1290/1290/1250 663/663/645 1286/1286/1246
f 166/166/166 1288/1288/1248 156/156/156
f 1291/1291/1251 1289/1289/1249 1288/1288/1248
f 1292/1292/1252 1290/1290/1250 1289/1289/1249
f 1293/1293/1253 666/666/648 1290/1290/1250
f 172/172/172 1291/1291/1251 166/166/166
f 1294/1294/1254 1292/1292/1252 1291/1291/1251
f 1295/1295/1255 1293/1293/1253 1292/1292/1252
f 1296/1296/1256 668/668/650 1293/1293/1253
f 178/178/178 1294/1294/1254 172/172/172
f 1297/1297/1257 1295/1295/1255 1294/1294/1254
f 1298/1298/1258 1296/1296/1256 1295/1295/1255
f 1299/1299/1259 670/670/652 1296/1296/1256
f 184/184/184 1297/1297/1257 178/178/178
f 1300/1300/1260 1298/1298/1258 1297/1297/1257
f 1301/1301/1261 1299/1299/1259 1298/1298/1258
f 1302/1302/1262 672/672/654 1299/1299/1259
f 190/190/190 1300/1300/1260 184/184/184
f 1303/1303/1263 1301/1301/1261 1300/1300/1260
f 1304/1304/1264 1302/1302/1262 1301/1301/1261
f 1305/1305/1265 674/674/656 1302/1302/1262
f 196/196/196 1303/1303/1263 190/190/190
f 1306/1306/1266 1304/1304/1264 1303/1303/1263
f 1307/1307/1267 1305/1305/1265 1304/1304/1264
f 1308/1308/1268 676/676/658 1305/1305/1265
f 72/72/72 1306/1306/1266 196/196/196
f 1277/1277/1237 1307/1307/1267 1306/1306/1266
f 1264/1264/1224 1308/1308/1268 1307/1307/1267
f 1249/1249/1209 678/678/660 1308/1308/1268
f 131/131/131 1309/117/1269 117/117/117
f 1310/1309/1270 1311/1310/1271 1312/1309/1272
f 1313/1311/1273 1314/1312/1274 1315/1311/1275
f 1248/1248/1208 1316/1276/1276 1317/1248/1277
f 1318/1313/1278 1319/1314/1279 1320/1313/1280
f 1321/1315/1281 1322/1316/1282 1323/1316/1283
f 117/117/117 1324/102/1284 102/102/102
f 102/102/102 1325/103/1279 103/103/103
f 631/631/613 1317/1248/1277 1326/631/1285
f 1327/1310/1286 1328/1317/1287 1311/1310/1271
f 1329/1312/1288 1330/1318/1289 1314/1312/1274
f 1323/1316/1283 1331/1319/1290 1332/1319/1291
f 1333/1320/1292 1334/1321/1293 1335/1321/1294
f 1336/1317/1295 1337/1322/1296 1328/1317/1287
f 1338/1318/1297 1339/1323/1298 1330/1318/1289
f 1332/1319/1291 1340/1324/1299 1341/1324/1300
f 1342/1325/1301 1343/1326/1302 1344/1325/1303
f 1333/1320/1292 1345/1327/1304 1346/1320/1305
f 1335/1321/1294 1347/1328/1306 1348/1328/1307
f 1349/1323/1308 1350/1329/1309 1339/1323/1298
f 661/661/643 1351/145/1310 145/145/145
f 646/646/628 1352/661/1311 661/661/643
f 1341/1324/1300 1353/1330/1312 1354/1330/1313
f 1355/1326/1314 1312/1309/1272 1343/1326/1302
f 1356/1327/1315 1315/1311/1275 1345/1327/1304
f 145/145/145 1357/131/1316 131/131/131
f 1348/1328/1307 1358/1315/1317 1321/1315/1281
f 646/646/628 1359/1331/1318 1360/646/1319
f 1279/1279/1239 1344/1325/1303 1361/1279/1320
f 1354/1330/1313 1362/1332/1296 1363/1332/1321
f 1364/1329/1322 1320/1313/1280 1350/1329/1309
f 1276/1276/1236 1361/1279/1320 1316/1276/1276
f 631/631/613 1359/1331/1318 1365/1331/1323
f 1366/1333/1269 1367/1334/1324 1368/1335/1284
f 1369/1336/1325 1370/1337/1326 1371/1338/1327
f 1372/1339/1316 1373/1340/1328 1366/1333/1269
f 1374/1341/1290 1371/1338/1327 1375/1342/1329
f 1376/1343/1330 1377/1344/1331 1372/1339/1316
f 1378/1345/1332 1375/1342/1329 1379/1346/1333
f 1380/1347/1334 1381/1348/1335 1382/1349/1336
f 1383/1350/1312 1379/1346/1333 1384/1351/1337
f 1385/1352/1304 1386/1353/1338 1381/1348/1335
f 1387/1354/1296 1384/1351/1337 1388/1355/1339
f 1389/1356/1275 1390/1357/1340 1386/1353/1338
f 1391/1358/1341 1392/1359/1342 1393/1360/1343
f 1394/1361/1344 1390/1357/1340 1395/1362/1274
f 1396/1363/1345 1392/1359/1342 1397/1364/1346
f 1398/1365/1347 1399/1366/1348 1394/1361/1344
f 1400/1367/1349 1401/1368/1350 1402/1369/1351
f 1396/1363/1345 1403/1370/1352 1404/1371/1311
f 1405/1372/1353 1406/1373/1354 1398/1365/1347
f 1407/1374/1302 1408/1375/1355 1401/1368/1350
f 1404/1371/1311 1409/1376/1356 1376/1343/1330
f 1410/1377/1357 1411/1378/1358 1405/1372/1353
f 1412/1379/1272 1413/1380/1359 1408/1375/1355
f 1391/1358/1341 1414/1381/1360 1415/1382/1361
f 1416/1383/1279 1417/1384/1362 1410/1377/1357
f 1418/1385/1271 1419/1386/1363 1413/1380/1359
f 1420/1387/1364 1421/1388/1365 1414/1381/1360
f 1380/1347/1334 1422/1389/1366 1423/1390/1367
f 1424/1391/1287 1388/1355/1339 1419/1386/1363
f 1425/1392/1368 1426/1393/1369 1421/1388/1365
f 1423/1390/1367 1427/1394/1370 1428/1395/1306
f 1368/1335/1284 1429/1396/1371 1416/1383/1279
f 1430/1397/1372 1402/1369/1351 1426/1393/1369
f 1428/1395/1306 1370/1337/1326 1431/1398/1317
f 1373/1340/1328 1377/1344/1331 1432/1399/1373
f 1375/1342/1329 1371/1338/1327 1432/1399/1373
f 1377/1344/1331 1409/1376/1356 1432/1399/1373
f 1379/1346/1333 1375/1342/1329 1432/1399/1373
f 1382/1349/1336 1381/1348/1335 1432/1399/1373
f 1384/1351/1337 1379/1346/1333 1432/1399/1373
f 1381/1348/1335 1386/1353/1338 1432/1399/1373
f 1388/1355/1339 1384/1351/1337 1432/1399/1373
f 1386/1353/1338 1390/1357/1340 1432/1399/1373
f 1392/1359/1342 1415/1382/1361 1432/1399/1373
f 1390/1357/1340 1399/1366/1348 1432/1399/1373
f 1397/1364/1346 1392/1359/1342 1432/1399/1373
f 1399/1366/1348 1406/1373/1354 1432/1399/1373
f 1402/1369/1351 1401/1368/1350 1432/1399/1373
f 1403/1370/1352 1397/1364/1346 1432/1399/1373
f 1406/1373/1354 1411/1378/1358 1432/1399/1373
f 1401/1368/1350 1408/1375/1355 1432/1399/1373
f 1409/1376/1356 1403/1370/1352 1432/1399/1373
f 1411/1378/1358 1417/1384/1362 1432/1399/1373
f 1408/1375/1355 1413/1380/1359 1432/1399/1373
f 1415/1382/1361 1414/1381/1360 1432/1399/1373
f 1417/1384/1362 1429/1396/1371 1432/1399/1373
f 1413/1380/1359 1419/1386/1363 1432/1399/1373
f 1414/1381/1360 1421/1388/1365 1432/1399/1373
f 1422/1389/1366 1382/1349/1336 1432/1399/1373
f 1419/1386/1363 1388/1355/1339 1432/1399/1373
f 1421/1388/1365 1426/1393/1369 1432/1399/1373
f 1427/1394/1370 1422/1389/1366 1432/1399/1373
f 1429/1396/1371 1367/1334/1324 1432/1399/1373
f 1426/1393/1369 1402/1369/1351 1432/1399/1373
f 1370/1337/1326 1427/1394/1370 1432/1399/1373
f 1367/1334/1324 1373/1340/1328 1432/1399/1373
f 1371/1338/1327 1370/1337/1326 1432/1399/1373
f 1433/1400/1374 1434/1401/1375 1435/1401/1376
f 1433/1400/1374 1436/1402/1377 1437/1400/1378
f 1438/1402/1379 1439/1403/1380 1436/1402/1377
f 1440/1403/1381 1441/1404/1382 1439/1403/1380
f 1442/1405/1383 1441/1404/1382 1443/1404/1384
f 1444/1406/1385 1445/1405/1386 1442/1405/1383
f 1446/1407/1387 1447/1406/1388 1444/1406/1385
f 1448/1408/1389 1449/1407/1390 1446/1407/1387
f 1448/1408/1389 1450/1409/1391 1451/1408/1392
f 1452/1409/1393 1453/1410/1394 1450/1409/1391
f 1454/1410/1395 1455/1411/1396 1453/1410/1394
f 1456/1411/1397 1457/1412/1398 1455/1411/1396
f 1458/1412/1399 1459/1413/1400 1457/1412/1398
f 1460/1414/1401 1459/1413/1400 1461/1413/1402
f 1462/1415/1403 1463/1414/1404 1460/1414/1401
f 1464/1416/1405 1465/1415/1406 1462/1415/1403
f 1466/1417/1390 1467/1418/1407 1468/1419/1408
f 1469/1420/1409 1470/1421/1410 1471/1422/1411
f 1468/1419/1408 1472/1423/1412 1473/1424/1386
f 1474/1425/1398 1471/1422/1411 1475/1426/1413
f 1473/1424/1386 1476/1427/1414 1477/1428/1415
f 1478/1429/1416 1475/1426/1413 1479/1430/1417
f 1480/1431/1380 1476/1427/1414 1481/1432/1418
f 1478/1429/1416 1482/1433/1419 1483/1434/1420
f 1484/1435/1421 1481/1432/1418 1485/1436/1422
f 1483/1434/1420 1486/1437/1423 1487/1438/1424
f 1488/1439/1425 1489/1440/1426 1490/1441/1427
f 1491/1442/1378 1485/1436/1422 1492/1443/1428
f 1487/1438/1424 1493/1444/1429 1494/1445/1430
f 1488/1439/1425 1492/1443/1428 1495/1446/1431
f 1494/1445/1430 1496/1447/1432 1466/1417/1390
f 1490/1441/1427 1470/1421/1410 1497/1448/1433
f 1498/1449/1434 1499/1450/1435 1500/1449/1436
f 1501/1451/1437 1502/1452/1438 1503/1451/1439
f 1504/1453/1440 1500/1449/1436 1505/1453/1441
f 1501/1451/1437 1506/1454/1442 1507/1454/1443
f 1507/1454/1443 1508/1455/1444 1509/1455/1445
f 1509/1455/1445 1510/1456/1446 1511/1456/1447
f 1511/1456/1447 1512/1457/1448 1513/1457/1449
f 1514/1458/1450 1512/1457/1448 1515/1458/1451
f 1516/1459/1452 1515/1458/1451 1517/1459/1453
f 1518/1460/1454 1517/1459/1453 1519/1460/1455
f 1520/1461/1456 1519/1460/1455 1521/1461/1457
f 1520/1461/1456 1522/1462/1458 1523/1462/1459
f 1523/1462/1459 1524/1463/1460 1525/1463/1461
f 1525/1463/1461 1526/1464/1462 1527/1464/1463
f 1527/1464/1463 1528/1465/1464 1529/1465/1465
f 1529/1465/1465 1499/1450/1435 1530/1450/1466
f 1531/1466/1435 1532/1467/1467 1533/1468/1468
f 1534/1469/1469 1535/1470/1470 1536/1471/1471
f 1537/1472/1455 1538/1473/1472 1539/1474/1473
f 1533/1468/1468 1540/1475/1474 1534/1469/1469
f 1541/1476/1475 1539/1474/1473 1542/1477/1476
f 1536/1471/1471 1543/1478/1477 1544/1479/1478
f 1545/1480/1479 1542/1477/1476 1546/1481/1480
f 1544/1479/1478 1547/1482/1481 1548/1483/1444
f 1549/1484/1482 1546/1481/1480 1550/1485/1483
f 1548/1483/1444 1551/1486/1484 1552/1487/1485
f 1553/1488/1486 1550/1485/1483 1554/1489/1487
f 1555/1490/1488 1551/1486/1484 1556/1491/1489
f 1553/1488/1486 1557/1492/1490 1558/1493/1491
f 1559/1494/1492 1556/1491/1489 1560/1495/1493
f 1558/1493/1491 1561/1496/1494 1531/1466/1435
f 1562/1497/1495 1560/1495/1493 1538/1473/1472
f 1472/1423/1412 1467/1418/1407 1563/1498/1496
f 1471/1422/1411 1470/1421/1410 1563/1498/1496
f 1467/1418/1407 1496/1447/1432 1563/1498/1496
f 1470/1421/1410 1489/1440/1426 1563/1498/1496
f 1496/1447/1432 1493/1444/1429 1563/1498/1496
f 1495/1446/1431 1492/1443/1428 1563/1498/1496
f 1489/1440/1426 1495/1446/1431 1563/1498/1496
f 1493/1444/1429 1486/1437/1423 1563/1498/1496
f 1492/1443/1428 1485/1436/1422 1563/1498/1496
f 1486/1437/1423 1482/1433/1419 1563/1498/1496
f 1485/1436/1422 1481/1432/1418 1563/1498/1496
f 1482/1433/1419 1479/1430/1417 1563/1498/1496
f 1481/1432/1418 1476/1427/1414 1563/1498/1496
f 1479/1430/1417 1475/1426/1413 1563/1498/1496
f 1476/1427/1414 1472/1423/1412 1563/1498/1496
f 1475/1426/1413 1471/1422/1411 1563/1498/1496
f 1556/1491/1489 1551/1486/1484 1564/1499/1497
f 1557/1492/1490 1554/1489/1487 1564/1499/1497
f 1560/1495/1493 1556/1491/1489 1564/1499/1497
f 1561/1496/1494 1557/1492/1490 1564/1499/1497
f 1538/1473/1472 1560/1495/1493 1564/1499/1497
f 1532/1467/1467 1561/1496/1494 1564/1499/1497
f 1539/1474/1473 1538/1473/1472 1564/1499/1497
f 1535/1470/1470 1540/1475/1474 1564/1499/1497
f 1540/1475/1474 1532/1467/1467 1564/1499/1497
f 1542/1477/1476 1539/1474/1473 1564/1499/1497
f 1543/1478/1477 1535/1470/1470 1564/1499/1497
f 1546/1481/1480 1542/1477/1476 1564/1499/1497
f 1547/1482/1481 1543/1478/1477 1564/1499/1497
f 1550/1485/1483 1546/1481/1480 1564/1499/1497
f 1551/1486/1484 1547/1482/1481 1564/1499/1497
f 1554/1489/1487 1550/1485/1483 1564/1499/1497
f 1565/1500/1498 1566/1501/1499 1567/1502/1500
f 1285/1285/1245 1568/1503/1501 1565/1500/1498
f 1569/1504/1502 1567/1502/1500 1570/1505/1503
f 1283/1283/1243 1565/1500/1498 1569/1504/1502
f 1571/1506/1504 1570/1505/1503 1572/1507/1505
f 1280/1280/1240 1569/1504/1502 1571/1506/1504
f 1573/1508/1506 1572/1507/1505 1574/1509/1507
f 1281/1281/1241 1571/1506/1504 1573/1508/1506
f 201/201/201 1575/1510/1508 688/688/670
f 146/146/146 1576/1511/1509 1575/1510/1508
f 1577/1512/1510 1578/1513/1511 1576/1511/1509
f 688/688/670 1579/1514/1512 680/680/662
f 1575/1510/1508 1580/1515/1513 1579/1514/1512
f 1576/1511/1509 1581/1516/1514 1580/1515/1513
f 680/680/662 1582/1517/1515 665/665/647
f 1579/1514/1512 1583/1518/1516 1582/1517/1515
f 1580/1515/1513 1584/1519/1517 1583/1518/1516
f 665/665/647 1287/1287/1247 663/663/645
f 1582/1517/1515 1568/1503/1501 1287/1287/1247
f 1583/1518/1516 1566/1501/1499 1568/1503/1501
f 1585/1520/1518 1586/1521/1519 1587/1522/1520
f 484/484/467 1588/1523/1521 1585/1520/1518
f 1589/1524/1522 1587/1522/1520 1590/1525/1523
f 482/482/465 1585/1520/1518 1589/1524/1522
f 1591/1526/1524 1590/1525/1523 1592/1527/1525
f 481/481/464 1589/1524/1522 1591/1526/1524
f 1593/1528/1526 1592/1527/1525 1594/1529/1527
f 1593/1528/1526 481/481/464 1591/1526/1524
f 1595/1530/1528 1593/1528/1526 1594/1529/1527
f 1596/1531/1529 479/479/462 1593/1528/1526
f 1597/1532/1530 1596/1531/1529 1595/1530/1528
f 1598/1533/1531 477/477/460 1596/1531/1529
f 1599/1534/1532 1598/1533/1531 1597/1532/1530
f 1600/1535/1533 475/475/458 1598/1533/1531
f 1601/1536/1534 1600/1535/1533 1599/1534/1532
f 1602/1537/1535 473/473/456 1600/1535/1533
f 1603/1538/1536 1604/1539/1537 1605/1540/1538
f 1606/1541/1539 468/468/451 1604/1539/1537
f 1605/1540/1538 1607/1542/1540 1608/1543/1541
f 1604/1539/1537 466/466/449 1607/1542/1540
f 1608/1543/1541 1609/1544/1542 1610/1545/1543
f 1607/1542/1540 467/467/450 1609/1544/1542
f 1610/1545/1543 1611/1546/1544 1612/1547/1545
f 1611/1546/1544 467/467/450 464/464/447
f 1613/1548/1546 1611/1546/1544 1614/1549/1547
f 1614/1549/1547 464/464/447 462/462/445
f 1615/1550/1548 1614/1549/1547 1616/1551/1549
f 1616/1551/1549 462/462/445 460/460/443
f 1617/1552/1550 1616/1551/1549 1618/1553/1551
f 1618/1553/1551 460/460/443 458/458/441
f 1601/1536/1534 1618/1553/1551 1602/1537/1535
f 1602/1537/1535 458/458/441 455/455/438
f 1619/1554/1552 1620/1555/1553 1621/1556/1554
f 152/152/152 1622/1557/1555 1619/1554/1552
f 1623/1558/1556 1619/1554/1552 1621/1556/1554
f 1624/1559/1557 152/152/152 1619/1554/1552
f 1625/1560/1558 1624/1559/1557 1623/1558/1556
f 1626/1561/1559 150/150/150 1624/1559/1557
f 1627/1562/1560 1626/1561/1559 1625/1560/1558
f 1577/1512/1510 148/148/148 1626/1561/1559
f 157/157/157 1281/1281/1241 1628/1563/1561
f 1628/1563/1561 1573/1508/1506 1629/1564/1562
f 1629/1564/1562 1574/1509/1507 1630/1565/1563
f 159/159/159 1628/1563/1561 1631/1566/1564
f 1631/1566/1564 1629/1564/1562 1632/1567/1565
f 1632/1567/1565 1630/1565/1563 1633/1568/1566
f 161/161/161 1631/1566/1564 1634/1569/1567
f 1634/1569/1567 1632/1567/1565 1635/1570/1568
f 1635/1570/1568 1633/1568/1566 1636/1571/1569
f 161/161/161 1637/1572/1570 163/163/163
f 1634/1569/1567 1638/1573/1571 1637/1572/1570
f 1635/1570/1568 1639/1574/1572 1638/1573/1571
f 163/163/163 1640/1575/1573 1641/1576/1574
f 1637/1572/1570 1642/1577/1521 1640/1575/1573
f 1638/1573/1571 1643/1578/1575 1642/1577/1521
f 1/1/1 1275/1275/1235 1278/1278/1238
f 1278/1278/1238 1262/1262/1222 1260/1260/1220
f 1260/1260/1220 1263/1263/1223 1261/1261/1221
f 1261/1261/1221 633/633/615 1247/1247/1207
f 659/659/641 1644/1579/1576 660/660/642
f 647/647/629 660/660/642 644/644/626
f 630/630/612 647/647/629 644/644/626
f 633/633/615 630/630/612 1247/1247/1207
f 1354/1330/1313 1645/1580/1577 366/366/357
f 1341/1324/1300 366/366/357 364/364/355
f 1332/1319/1291 364/364/355 362/362/353
f 1323/1316/1283 362/362/353 360/360/351
f 1321/1315/1281 360/360/351 356/356/347
f 1348/1328/1307 356/356/347 354/354/345
f 1335/1321/1294 354/354/345 353/353/344
f 1333/1320/1292 353/353/344 239/239/239
f 1318/1313/1278 253/253/101 1646/1314/1578
f 1364/1329/1322 251/251/251 1318/1313/1278
f 1349/1323/1308 249/249/249 1364/1329/1322
f 1338/1318/1297 247/247/247 1349/1323/1308
f 1329/1312/1288 245/245/245 1338/1318/1297
f 1313/1311/1273 243/243/243 1329/1312/1288
f 1356/1327/1315 241/241/241 1313/1311/1273
f 1333/1320/1292 238/238/238 1356/1327/1315
f 1644/1579/1576 144/144/144 143/143/143
f 129/129/129 144/144/144 130/130/130
f 129/129/129 116/116/116 115/115/115
f 115/115/115 101/101/101 100/100/100
f 1336/1317/1295 10/10/10 1647/1322/1579
f 1327/1310/1286 8/8/8 1336/1317/1295
f 1310/1309/1270 7/7/7 1327/1310/1286
f 1355/1326/1314 5/5/5 1310/1309/1270
f 1342/1325/1301 2/2/2 1355/1326/1314
f 1205/1205/1172 1464/1416/1405 1462/1415/1403
f 1189/1189/1157 1462/1415/1403 1460/1414/1401
f 1173/1173/1141 1460/1414/1401 1461/1413/1402
f 1157/1157/1126 1461/1413/1402 1458/1412/1399
f 1141/1141/1111 1458/1412/1399 1456/1411/1397
f 1125/1125/1095 1456/1411/1397 1454/1410/1395
f 1109/1109/1079 1454/1410/1395 1452/1409/1393
f 1094/1094/1065 1452/1409/1393 1448/1408/1389
f 1446/1407/1387 1094/1094/1065 1448/1408/1389
f 1444/1406/1385 1078/1078/1050 1446/1407/1387
f 1442/1405/1383 1061/1061/1033 1444/1406/1385
f 1443/1404/1384 1045/1045/1017 1442/1405/1383
f 1440/1403/1381 1030/1030/1002 1443/1404/1384
f 1438/1402/1379 1013/1013/985 1440/1403/1381
f 1433/1400/1374 997/997/969 1438/1402/1379
f 1435/1401/1376 967/967/939 1433/1400/1374
f 1504/1453/1440 934/934/910 1498/1449/1434
f 1498/1449/1434 935/935/911 1530/1450/1466
f 1530/1450/1466 901/901/878 1529/1465/1465
f 1529/1465/1465 902/902/879 1527/1464/1463
f 1527/1464/1463 885/885/862 1525/1463/1461
f 1525/1463/1461 854/854/831 1523/1462/1459
f 1523/1462/1459 837/837/815 1520/1461/1456
f 1520/1461/1456 838/838/816 1518/1460/1454
f 1516/1459/1452 838/838/816 821/821/799
f 1514/1458/1450 821/821/799 790/790/770
f 1513/1457/1449 790/790/770 774/774/755
f 1511/1456/1447 774/774/755 758/758/740
f 1509/1455/1445 758/758/740 742/742/724
f 1507/1454/1443 742/742/724 725/725/707
f 1501/1451/1437 725/725/707 695/695/677
f 1648/1452/1580 695/695/677 697/697/679
f 1649/1581/1581 1650/1582/1582 1651/1583/1583
f 1651/1583/1583 1652/1584/1584 1653/1585/1585
f 1653/1585/1585 1654/1586/1586 1655/1587/1587
f 1655/1587/1587 1656/1588/1588 1657/1589/1589
f 1656/1588/1588 1658/1590/1590 1657/1589/1589
f 1659/1591/1591 1660/1592/1592 1658/1590/1590
f 1661/1593/1593 1662/1594/1594 1660/1592/1592
f 1663/1595/1595 1664/1596/1596 1650/1582/1582
f 1650/1582/1582 1665/1597/1597 1652/1584/1584
f 1652/1584/1584 1666/1598/1598 1654/1586/1586
f 1654/1586/1586 1667/1599/1599 1656/1588/1588
f 1667/1599/1599 1659/1591/1591 1656/1588/1588
f 1668/1600/1600 1661/1593/1593 1659/1591/1591
f 1669/1601/1601 1670/1602/1602 1661/1593/1593
f 1671/1603/1603 1672/1604/1604 1664/1596/1596
f 1664/1596/1596 1673/1605/1605 1665/1597/1597
f 1665/1597/1597 1674/1606/1606 1666/1598/1598
f 1666/1598/1598 1675/1607/1607 1667/1599/1599
f 1675/1607/1607 1668/1600/1600 1667/1599/1599
f 1676/1608/1608 1669/1601/1601 1668/1600/1600
f 1677/1609/1609 1678/1610/1610 1669/1601/1601
f 1679/1611/1611 1680/1612/1612 1681/1613/1613
f 1682/1614/1614 1683/1615/1615 1680/1612/1612
f 1684/1616/1616 1685/1617/1617 1683/1615/1615
f 1686/1618/1618 1682/1614/1614 1679/1611/1611
f 1687/1619/1619 1684/1616/1616 1682/1614/1614
f 1688/1620/1620 1689/1621/1621 1684/1616/1616
f 1690/1622/1622 1687/1619/1619 1686/1618/1618
f 1691/1623/1623 1688/1620/1620 1687/1619/1619
f 1692/1624/1624 1693/1625/1625 1688/1620/1620
f 1690/1622/1622 1694/1626/1626 1691/1623/1623
f 1691/1623/1623 1695/1627/1627 1692/1624/1624
f 1692/1624/1624 1696/1628/1628 1697/1629/1629
f 1698/1630/1630 1699/1631/1631 1694/1626/1626
f 1694/1626/1626 1700/1632/1632 1695/1627/1627
f 1695/1627/1627 1701/1633/1633 1696/1628/1628
f 1702/1634/1634 1703/1635/1635 1699/1631/1631
f 1699/1631/1631 1704/1636/1636 1700/1632/1632
f 1700/1632/1632 1705/1637/1637 1701/1633/1633
f 1706/1638/1638 1671/1603/1603 1703/1635/1635
f 1703/1635/1635 1663/1595/1595 1704/1636/1636
f 1704/1636/1636 1649/1581/1581 1705/1637/1637
f 1707/1639/1639 1708/1640/1640 1672/1604/1604
f 1672/1604/1604 1709/1641/1641 1673/1605/1605
f 1673/1605/1605 1710/1642/1642 1674/1606/1606
f 1674/1606/1606 1711/1643/1643 1675/1607/1607
f 1675/1607/1607 1712/1644/1644 1676/1608/1608
f 1676/1608/1608 1713/1645/1645 1677/1609/1609
f 1707/1639/1639 1714/1646/1646 1715/1647/1647
f 1706/1638/1638 1716/1648/1648 1714/1646/1646
f 1702/1634/1634 1717/1649/1649 1716/1648/1648
f 1698/1630/1630 1718/1650/1650 1717/1649/1649
f 1690/1622/1622 1719/1651/1651 1718/1650/1650
f 1686/1618/1618 1720/1652/1652 1719/1651/1651
f 1721/1653/1653 1722/1654/1654 1723/1655/1655
f 1722/1654/1654 1724/1656/1656 1723/1655/1655
f 1725/1657/1657 1726/1658/1658 1724/1656/1656
f 1727/1659/1659 1728/1660/1660 1726/1658/1658
f 1729/1661/1661 1730/1662/1662 1728/1660/1660
f 1731/1663/1663 1732/1664/1664 1730/1662/1662
f 1733/1665/1665 1734/1666/1617 1732/1664/1664
f 1735/1667/1666 1736/1668/1667 1722/1654/1654
f 1722/1654/1654 1737/1669/1668 1725/1657/1657
f 1737/1669/1668 1727/1659/1659 1725/1657/1657
f 1738/1670/1669 1729/1661/1661 1727/1659/1659
f 1739/1671/1670 1731/1663/1663 1729/1661/1661
f 1740/1672/1671 1733/1665/1665 1731/1663/1663
f 1741/1673/1672 1742/1674/1673 1733/1665/1665
f 1743/1675/1674 1744/1676/1675 1736/1668/1667
f 1736/1668/1667 1745/1677/1676 1737/1669/1668
f 1737/1669/1668 1746/1678/1677 1738/1670/1669
f 1746/1678/1677 1739/1671/1670 1738/1670/1669
f 1747/1679/1678 1740/1672/1671 1739/1671/1670
f 1748/1680/1679 1741/1673/1672 1740/1672/1671
f 1749/1681/1680 1750/1682/1681 1741/1673/1672
f 1751/1683/1682 1752/1684/1683 1753/1685/1684
f 1754/1686/1685 1755/1687/1686 1752/1684/1683
f 1756/1688/1687 1757/1689/1688 1755/1687/1686
f 1758/1690/1689 1754/1686/1685 1751/1683/1682
f 1759/1691/1690 1756/1688/1687 1754/1686/1685
f 1760/1692/1691 1761/1693/1692 1756/1688/1687
f 1762/1694/1693 1759/1691/1690 1758/1690/1689
f 1763/1695/1694 1760/1692/1691 1759/1691/1690
f 1764/1696/1695 1765/1697/1696 1760/1692/1691
f 1766/1698/1697 1763/1695/1694 1762/1694/1693
f 1767/1699/1698 1764/1696/1695 1763/1695/1694
f 1768/1700/1699 1769/1701/1700 1764/1696/1695
f 1766/1698/1697 1770/1702/1701 1767/1699/1698
f 1770/1702/1701 1768/1700/1699 1767/1699/1698
f 1771/1703/1702 1772/1704/1703 1768/1700/1699
f 1773/1705/1704 1774/1706/1705 1770/1702/1701
f 1770/1702/1701 1775/1707/1706 1771/1703/1702
f 1775/1707/1706 1776/1708/1707 1771/1703/1702
f 1777/1709/1708 1743/1675/1674 1774/1706/1705
f 1774/1706/1705 1735/1667/1666 1775/1707/1706
f 1775/1707/1706 1721/1653/1653 1778/1710/1709
f 1721/1653/1653 1779/1655/1710 1780/1653/1711
f 1701/1633/1633 1781/1628/1712 1696/1628/1628
f 1653/1585/1585 1782/1587/1713 1783/1585/1714
f 1730/1662/1662 1784/1664/1715 1785/1662/1716
f 1723/1655/1655 1786/1656/1717 1779/1655/1710
f 1734/1666/1617 1784/1664/1715 1732/1664/1664
f 1657/1589/1589 1782/1587/1713 1655/1587/1587
f 1765/1697/1696 1787/1693/1718 1761/1693/1692
f 1772/1704/1703 1788/1701/1719 1769/1701/1700
f 1724/1656/1656 1789/1658/1720 1786/1656/1717
f 1693/1625/1625 1790/1621/1721 1689/1621/1621
f 1778/1710/1709 1791/1708/1722 1776/1708/1707
f 1697/1629/1629 1781/1628/1712 1792/1629/1723
f 1658/1590/1590 1793/1589/1724 1657/1589/1589
f 1705/1637/1637 1794/1633/1725 1701/1633/1633
f 1649/1581/1581 1795/1583/1726 1796/1581/1727
f 1726/1658/1658 1797/1660/1728 1789/1658/1720
f 1658/1590/1590 1798/1592/1729 1799/1590/1730
f 1721/1653/1653 1800/1710/1731 1778/1710/1709
f 1651/1583/1583 1783/1585/1714 1795/1583/1726
f 1649/1581/1581 1801/1637/1732 1705/1637/1637
f 1689/1621/1621 1802/1617/1733 1685/1617/1617
f 1757/1689/1688 1787/1693/1718 1803/1689/1734
f 1728/1660/1660 1785/1662/1716 1797/1660/1728
f 1769/1701/1700 1804/1697/1735 1765/1697/1696
f 1660/1592/1592 1805/1594/1736 1798/1592/1729
f 1776/1708/1707 1806/1704/1737 1772/1704/1703
f 1693/1625/1625 1792/1629/1723 1807/1625/1738
f 1808/1711/1739 1809/1712/1740 1810/1713/1741
f 1811/1714/1742 1812/1715/1743 1813/1716/1744
f 1814/1717/1745 1815/1718/1746 1808/1711/1739
f 1816/1719/1747 1817/1720/1748 1812/1715/1743
f 1818/1721/1749 1819/1722/1750 1814/1717/1745
f 1820/1723/1751 1821/1724/1752 1817/1720/1748
f 1822/1725/1753 1823/1726/1754 1818/1721/1749
f 1824/1727/1755 1825/1728/1756 1821/1724/1752
f 1826/1729/1757 1827/1730/1758 1822/1725/1753
f 1828/1731/1759 1829/1732/1760 1825/1728/1756
f 1830/1733/1733 1831/1734/1761 1826/1729/1757
f 1832/1735/1762 1833/1736/1763 1830/1733/1733
f 1834/1737/1764 1835/1738/1765 1829/1732/1760
f 1836/1739/1766 1837/1740/1767 1832/1735/1762
f 1838/1741/1768 1839/1742/1769 1835/1738/1765
f 1840/1743/1770 1841/1744/1771 1836/1739/1766
f 1842/1745/1735 1843/1746/1772 1839/1742/1769
f 1844/1747/1773 1845/1748/1774 1840/1743/1770
f 1846/1749/1775 1847/1750/1776 1843/1746/1772
f 1848/1751/1777 1849/1752/1778 1844/1747/1773
f 1850/1753/1779 1851/1754/1780 1847/1750/1776
f 1852/1755/1781 1853/1756/1782 1848/1751/1777
f 1854/1757/1783 1855/1758/1784 1851/1754/1780
f 1856/1759/1785 1857/1760/1786 1852/1755/1781
f 1856/1759/1785 1858/1761/1787 1859/1762/1788
f 1860/1763/1789 1861/1764/1790 1855/1758/1784
f 1810/1713/1741 1861/1764/1790 1862/1765/1791
f 1863/1766/1792 1813/1716/1744 1858/1761/1787
f 1823/1726/1754 1827/1730/1758 1864/1767/1793
f 1821/1724/1752 1825/1728/1756 1864/1767/1793
f 1827/1730/1758 1831/1734/1761 1864/1767/1793
f 1825/1728/1756 1829/1732/1760 1864/1767/1793
f 1831/1734/1761 1833/1736/1763 1864/1767/1793
f 1833/1736/1763 1837/1740/1767 1864/1767/1793
f 1829/1732/1760 1835/1738/1765 1864/1767/1793
f 1837/1740/1767 1841/1744/1771 1864/1767/1793
f 1835/1738/1765 1839/1742/1769 1864/1767/1793
f 1841/1744/1771 1845/1748/1774 1864/1767/1793
f 1839/1742/1769 1843/1746/1772 1864/1767/1793
f 1845/1748/1774 1849/1752/1778 1864/1767/1793
f 1843/1746/1772 1847/1750/1776 1864/1767/1793
f 1849/1752/1778 1853/1756/1782 1864/1767/1793
f 1847/1750/1776 1851/1754/1780 1864/1767/1793
f 1853/1756/1782 1857/1760/1786 1864/1767/1793
f 1851/1754/1780 1855/1758/1784 1864/1767/1793
f 1857/1760/1786 1859/1762/1788 1864/1767/1793
f 1859/1762/1788 1858/1761/1787 1864/1767/1793
f 1855/1758/1784 1861/1764/1790 1864/1767/1793
f 1861/1764/1790 1809/1712/1740 1864/1767/1793
f 1858/1761/1787 1813/1716/1744 1864/1767/1793
f 1809/1712/1740 1815/1718/1746 1864/1767/1793
f 1813/1716/1744 1812/1715/1743 1864/1767/1793
f 1815/1718/1746 1819/1722/1750 1864/1767/1793
f 1812/1715/1743 1817/1720/1748 1864/1767/1793
f 1819/1722/1750 1823/1726/1754 1864/1767/1793
f 1817/1720/1748 1821/1724/1752 1864/1767/1793
f 205/205/205 1865/1768/1094 151/151/151
f 205/205/205 210/210/210 1865/1768/1094
f 151/151/151 1865/1768/1094 1866/1769/1794
f 607/607/589 471/471/454 1867/1770/1795
f 1643/1578/1575 1868/1771/1796 1869/1772/1797
f 1636/1571/1569 1868/1771/1796 1639/1574/1572
f 1636/1571/1569 1870/1773/1798 1871/1774/1799
f 1633/1568/1566 1872/1775/1800 1870/1773/1798
f 1630/1565/1563 1873/1776/1801 1872/1775/1800
f 1584/1519/1517 1874/1777/1802 1566/1501/1499
f 1581/1516/1514 1875/1778/1803 1584/1519/1517
f 1578/1513/1511 1876/1779/1804 1581/1516/1514
f 1627/1562/1560 1877/1780/1805 1578/1513/1511
f 1567/1502/1500 1874/1777/1802 1878/1781/1806
f 1570/1505/1503 1878/1781/1806 1879/1782/1807
f 1572/1507/1505 1879/1782/1807 1880/1783/1808
f 1574/1509/1507 1880/1783/1808 1873/1776/1801
f 1587/1522/1520 1881/1784/1809 1882/1785/1810
f 1590/1525/1523 1882/1785/1810 1883/1786/1811
f 1592/1527/1525 1883/1786/1811 1884/1787/1812
f 1594/1529/1527 1884/1787/1812 1885/1788/1813
f 1595/1530/1528 1885/1788/1813 1886/1789/1814
f 1597/1532/1530 1886/1789/1814 1887/1790/1815
f 1599/1534/1532 1887/1790/1815 1888/1791/1816
f 1889/1792/1817 1599/1534/1532 1888/1791/1816
f 1890/1793/1818 1605/1540/1538 1891/1794/1819
f 1891/1794/1819 1608/1543/1541 1892/1795/1820
f 1892/1795/1820 1610/1545/1543 1893/1796/1821
f 1893/1796/1821 1612/1547/1545 1894/1797/1822
f 1894/1797/1822 1613/1548/1546 1895/1798/1823
f 1895/1798/1823 1615/1550/1548 1896/1799/1824
f 1897/1800/1825 1615/1550/1548 1617/1552/1550
f 1889/1792/1817 1617/1552/1550 1601/1536/1534
f 1898/1801/1826 1620/1555/1553 1899/1802/1818
f 1900/1803/1827 1621/1556/1554 1898/1801/1826
f 1901/1804/1828 1623/1558/1556 1900/1803/1827
f 1902/1805/1829 1625/1560/1558 1901/1804/1828
f 1874/1777/1802 1903/1778/1830 1904/1777/1831
f 1895/1798/1823 1905/1797/1832 1894/1797/1822
f 1875/1778/1803 1906/1779/1833 1903/1778/1830
f 1894/1797/1822 1907/1796/1834 1893/1796/1821
f 1868/1771/1796 1908/1772/1835 1869/1772/1797
f 1876/1779/1804 1909/1780/1836 1906/1779/1833
f 1893/1796/1821 1910/1795/1837 1892/1795/1820
f 1871/1774/1799 1911/1771/1838 1868/1771/1796
f 1902/1805/1829 1909/1780/1836 1877/1780/1805
f 1892/1795/1820 1912/1794/1839 1891/1794/1819
f 1870/1773/1798 1913/1774/1840 1871/1774/1799
f 1873/1776/1801 1914/1783/1841 1915/1776/1842
f 1891/1794/1819 1916/1793/1843 1890/1793/1818
f 1870/1773/1798 1917/1775/1844 1918/1773/1845
f 1879/1782/1807 1914/1783/1841 1880/1783/1808
f 1889/1792/1817 1919/1791/1846 1920/1792/1847
f 1872/1775/1800 1915/1776/1842 1917/1775/1844
f 1878/1781/1806 1921/1782/1848 1879/1782/1807
f 1888/1791/1816 1922/1790/1849 1919/1791/1846
f 1901/1804/1828 1923/1805/1850 1902/1805/1829
f 1874/1777/1802 1924/1781/1851 1878/1781/1806
f 1887/1790/1815 1925/1789/1852 1922/1790/1849
f 1900/1803/1827 1926/1804/1853 1901/1804/1828
f 1886/1789/1814 1927/1788/1854 1925/1789/1852
f 1900/1803/1827 1928/1801/1855 1929/1803/1856
f 1885/1788/1813 1930/1787/1857 1927/1788/1854
f 1898/1801/1826 1931/1802/1858 1928/1801/1855
f 1884/1787/1812 1932/1786/1859 1930/1787/1857
f 1889/1792/1817 1933/1800/1860 1897/1800/1825
f 1883/1786/1811 1934/1785/1861 1932/1786/1859
f 1897/1800/1825 1935/1799/1862 1896/1799/1824
f 1882/1785/1810 1936/1784/1863 1934/1785/1861
f 1896/1799/1824 1937/1798/1864 1895/1798/1823
f 1926/1804/1853 1938/1803/1865 1939/1804/1866
f 1927/1788/1854 1940/1789/1867 1925/1789/1852
f 1929/1803/1856 1941/1801/1868 1938/1803/1865
f 1930/1787/1857 1942/1788/1869 1927/1788/1854
f 1928/1801/1855 1943/1802/1870 1941/1801/1868
f 1932/1786/1859 1944/1787/1871 1930/1787/1857
f 1920/1792/1847 1945/1800/1872 1933/1800/1860
f 1934/1785/1861 1946/1786/1873 1932/1786/1859
f 1935/1799/1862 1945/1800/1872 1947/1799/1874
f 1936/1784/1863 1948/1785/1875 1934/1785/1861
f 1937/1798/1864 1947/1799/1874 1949/1798/1876
f 1904/1777/1831 1950/1778/1877 1951/1777/1878
f 1905/1797/1832 1949/1798/1876 1952/1797/1879
f 1903/1778/1830 1953/1779/1880 1950/1778/1877
f 1907/1796/1834 1952/1797/1879 1954/1796/1881
f 1911/1771/1838 1955/1772/1882 1908/1772/1835
f 1906/1779/1833 1956/1780/1883 1953/1779/1880
f 1910/1795/1837 1954/1796/1881 1957/1795/1884
f 1913/1774/1840 1958/1771/1885 1911/1771/1838
f 1909/1780/1836 1959/1805/1886 1956/1780/1883
f 1912/1794/1839 1957/1795/1884 1960/1794/1887
f 1918/1773/1845 1961/1774/1888 1913/1774/1840
f 1914/1783/1841 1962/1776/1889 1915/1776/1842
f 1916/1793/1843 1960/1794/1887 1963/1793/1890
f 1917/1775/1844 1964/1773/1891 1918/1773/1845
f 1921/1782/1848 1965/1783/1892 1914/1783/1841
f 1920/1792/1847 1966/1791/1893 1967/1792/1894
f 1915/1776/1842 1968/1775/1895 1917/1775/1844
f 1924/1781/1851 1969/1782/1896 1921/1782/1848
f 1922/1790/1849 1966/1791/1893 1919/1791/1846
f 1923/1805/1850 1939/1804/1866 1959/1805/1886
f 1904/1777/1831 1970/1781/1897 1924/1781/1851
f 1925/1789/1852 1971/1790/1898 1922/1790/1849
f 1972/1806/1899 1973/1807/1900 1974/1808/1901
f 1975/1809/1902 1976/1810/1903 1977/1811/1904
f 1972/1806/1899 1978/1812/1905 1976/1810/1903
f 1979/1813/1906 1978/1812/1905 1980/1814/1907
f 1981/1815/1908 1982/1816/1909 1983/1817/1910
f 1984/1818/1911 1972/1806/1899 1974/1808/1901
f 1985/1819/1912 1980/1814/1907 1972/1806/1899
f 1986/1820/1913 1980/1814/1907 1987/1821/1914
f 1988/1822/1915 1980/1814/1907 1989/1823/1916
f 1990/1824/1917 1982/1816/1909 1991/1825/1918
f 1992/1826/1919 1993/1827/1920 1994/1828/1921
f 1995/1829/1922 1996/1830/1923 1997/1831/1924
f 1998/1832/1925 1999/1833/1926 1996/1830/1923
f 1993/1827/1920 2000/1834/1927 1994/1828/1921
f 1993/1827/1920 1997/1831/1924 2001/1835/1928
f 1976/1810/1903 2002/1836/1929 1977/1811/1904
f 1978/1812/1905 2003/1837/1930 2002/1836/1929
f 1983/1817/1910 2004/1838/1931 1992/1826/1919
f 1982/1816/1909 1995/1829/1922 2004/1838/1931
f 2005/1839/1932 1995/1829/1922 2006/1840/1933
f 2007/1841/1934 1998/1832/1925 2005/1839/1932
f 2008/1842/1935 2009/1843/1936 2010/1844/1937
f 2011/1845/1938 2012/1846/1939 2013/1847/1940
f 2014/1848/1941 2015/1849/1942 2012/1846/1939
f 2016/1850/1943 2017/1851/1944 2015/1849/1942
f 2018/1852/1945 2019/1853/1946 2017/1851/1944
f 2020/1854/1947 2021/1855/1948 2022/1856/1949
f 2023/1857/1950 2021/1855/1948 2024/1858/1951
f 2025/1859/1952 2026/1860/1953 2023/1857/1950
f 2027/1861/1954 2028/1862/1955 2029/1863/1956
f 2030/1864/1957 2031/1865/1958 2009/1843/1936
f 2030/1864/1957 2032/1866/1959 2033/1867/1960
f 2034/1868/1961 2035/1869/1962 2032/1866/1959
f 2036/1870/1963 2037/1871/1964 2035/1869/1962
f 2038/1872/1965 2039/1873/1966 2037/1871/1964
f 2040/1874/1967 2041/1875/1968 2039/1873/1966
f 2039/1873/1966 2042/1876/1969 2043/1877/1970
f 2041/1875/1968 2044/1878/1971 2042/1876/1969
f 2045/1879/1972 2029/1863/1956 2044/1878/1971
f 2046/1880/1973 2047/1881/1974 2048/1882/1975
f 2008/1842/1935 2034/1868/1961 2030/1864/1957
f 2013/1847/1940 2036/1870/1963 2034/1868/1961
f 2012/1846/1939 2038/1872/1965 2036/1870/1963
f 2015/1849/1942 2040/1874/1967 2038/1872/1965
f 2017/1851/1944 2045/1879/1972 2041/1875/1968
f 2049/1883/1976 2045/1879/1972 2019/1853/1946
f 2049/1883/1976 2050/1884/1977 2027/1861/1954
f 2021/1855/1948 2046/1880/1973 2048/1882/1975
f 2026/1860/1953 2051/1885/1978 2023/1857/1950
f 2052/1886/1979 2008/1842/1935 2010/1844/1937
f 2053/1887/1980 2011/1845/1938 2052/1886/1979
f 2054/1888/1981 2014/1848/1941 2053/1887/1980
f 2055/1889/1982 2016/1850/1943 2054/1888/1981
f 2056/1890/1983 2018/1852/1945 2055/1889/1982
f 2057/1891/1984 2018/1852/1945 2058/1892/1985
f 2020/1854/1947 2059/1893/1986 2003/1837/1930
f 2003/1837/1930 2060/1894/1987 2020/1854/1947
f 2000/1834/1927 2023/1857/1950 2024/1858/1951
f 2001/1835/1928 2025/1859/1952 1993/1827/1920
f 2029/1863/1956 2061/1895/1988 2062/1896/1989
f 2063/1897/1990 2064/1898/1991 2065/1899/1992
f 2066/1900/1993 2067/1901/1994 2064/1898/1991
f 2044/1878/1971 2066/1900/1993 2063/1897/1990
f 2062/1896/1989 2066/1900/1993 2029/1863/1956
f 2047/1881/1974 2068/1902/1995 2069/1903/1996
f 2068/1902/1995 2070/1904/1997 2071/1905/1998
f 2072/1906/1999 2073/1907/2000 2074/1908/2001
f 2074/1908/2001 2075/1909/2002 2076/1910/2003
f 2077/1911/2004 2078/1912/2005 2079/1913/2006
f 2080/1914/2007 2081/1915/2008 2077/1911/2004
f 2082/1916/2009 2083/1917/2010 2081/1915/2008
f 2084/1918/2011 2085/1919/2012 2083/1917/2010
f 2086/1920/2013 2087/1921/2014 2085/1919/2012
f 2088/1922/2015 2079/1913/2006 2078/1912/2005
f 2089/1923/2016 2080/1914/2007 2079/1913/2006
f 2090/1924/2017 2082/1916/2009 2080/1914/2007
f 2091/1925/2018 2084/1918/2011 2082/1916/2009
f 2092/1926/2019 2086/1920/2013 2084/1918/2011
f 2043/1877/1970 2093/1927/2020 2086/1920/2013
f 2093/1927/2020 2065/1899/1992 2087/1921/2014
f 2069/1903/1996 2094/1928/2021 2095/1929/2022
f 2071/1905/1998 2094/1928/2021 2068/1902/1995
f 2074/1908/2001 2096/1930/2023 2070/1904/1997
f 2076/1910/2003 2097/1931/2024 2098/1932/2025
f 2099/1933/2026 2100/1934/2027 2101/1935/2028
f 2102/1936/2029 2103/1937/2030 2104/1938/2031
f 2105/1939/2032 2106/1940/2033 2107/1941/2034
f 2099/1933/2026 2108/1942/2035 2106/1940/2033
f 2109/1943/2036 2110/1944/2037 2111/1945/2038
f 2112/1946/2039 2113/1947/2040 2114/1948/2041
f 2098/1932/2025 2112/1946/2039 2114/1948/2041
f 2115/1949/2042 2102/1936/2029 2112/1946/2039
f 2111/1945/2038 2116/1950/2043 2117/1951/2044
f 2118/1952/2045 2119/1953/2046 2120/1954/2047
f 2119/1953/2046 2121/1955/2048 2120/1954/2047
f 2122/1956/2049 2123/1957/2050 2121/1955/2048
f 2122/1956/2049 2124/1958/2051 2125/1959/2052
f 2111/1945/2038 2122/1956/2049 2119/1953/2046
f 2126/1960/2053 2127/1961/2054 2122/1956/2049
f 2128/1962/2055 2129/1963/2056 2130/1964/2057
f 2110/1944/2037 2126/1960/2053 2111/1945/2038
f 2112/1946/2039 2131/1965/2058 2132/1966/2059
f 2112/1946/2039 2133/1967/2060 2134/1968/2061
f 2112/1946/2039 2135/1969/2062 2136/1970/2063
f 2102/1936/2029 2137/1971/2064 2135/1969/2062
f 2077/1911/2004 2128/1962/2055 2130/1964/2057
f 2081/1915/2008 2138/1972/2065 2128/1962/2055
f 2085/1919/2012 2138/1972/2065 2083/1917/2010
f 2085/1919/2012 2107/1941/2034 2139/1973/2066
f 2087/1921/2014 2105/1939/2032 2085/1919/2012
f 2065/1899/1992 2099/1933/2026 2105/1939/2032
f 2094/1928/2021 2140/1974/2067 2095/1929/2022
f 2141/1975/2068 2110/1944/2037 2140/1974/2067
f 2098/1932/2025 2142/1976/2069 2076/1910/2003
f 2143/1977/2070 2098/1932/2025 2097/1931/2024
f 2144/1978/2071 2115/1949/2042 2143/1977/2070
f 2033/1867/1960 2088/1922/2015 2031/1865/1958
f 2033/1867/1960 2090/1924/2017 2089/1923/2016
f 2032/1866/1959 2091/1925/2018 2090/1924/2017
f 2035/1869/1962 2092/1926/2019 2091/1925/2018
f 2037/1871/1964 2043/1877/1970 2092/1926/2019
f 2042/1876/1969 2063/1897/1990 2093/1927/2020
f 2051/1885/1978 2072/1906/1999 2046/1880/1973
f 1995/1829/1922 1993/1827/1920 2004/1838/1931
f 2003/1837/1930 2059/1893/1986 2002/1836/1929
f 2008/1842/1935 2011/1845/1938 2013/1847/1940
f 2048/1882/1975 2022/1856/1949 2021/1855/1948
f 2048/1882/1975 2050/1884/1977 2022/1856/1949
f 2070/1904/1997 2072/1906/1999 2074/1908/2001
f 2145/1979/2072 2074/1908/2001 2073/1907/2000
f 2080/1914/2007 2077/1911/2004 2079/1913/2006
f 2141/1975/2068 2094/1928/2021 2146/1980/2073
f 2096/1930/2023 2076/1910/2003 2142/1976/2069
f 2065/1899/1992 2064/1898/1991 2147/1981/2074
f 2069/1903/1996 2095/1929/2022 2067/1901/1994
f 2127/1961/2054 2148/1982/2075 2122/1956/2049
f 2129/1963/2056 2138/1972/2065 2139/1973/2066
f 2117/1951/2044 2109/1943/2036 2111/1945/2038
f 2149/1983/2076 2077/1911/2004 2130/1964/2057
f 2115/1949/2042 2150/1984/2077 2151/1985/2078
f 2152/1986/2079 2029/1863/1956 2028/1862/1955
f 2153/1987/2080 2072/1906/1999 2154/1988/2081
f 2140/1974/2067 2109/1943/2036 2095/1929/2022
f 2155/1989/2082 2156/1990/2083 2157/1991/2084
f 2158/1992/2085 2156/1990/2083 2159/1993/2086
f 2158/1992/2085 2160/1994/2087 2161/1995/2088
f 2160/1994/2087 2162/1996/2089 2163/1997/2090
f 2164/1998/2091 2165/1999/2092 2166/2000/2093
f 2167/2001/2094 2164/1998/2091 2166/2000/2093
f 2164/1998/2091 2168/2002/2095 2169/2003/2096
f 2170/2004/2097 2168/2002/2095 2171/2005/2098
f 2172/2006/2099 2173/2007/2100 2174/2008/2101
f 2169/2003/2096 2175/2009/2102 2176/2010/2103
f 2177/2011/2104 2157/1991/2084 2178/2012/2105
f 2157/1991/2084 2179/2013/2106 2178/2012/2105
f 2156/1990/2083 2180/2014/2107 2179/2013/2106
f 2161/1995/2088 2163/1997/2090 2180/2014/2107
f 2162/1996/2089 2172/2006/2099 2163/1997/2090
f 2164/1998/2091 2181/2015/2108 2182/2016/2109
f 2168/2002/2095 2183/2017/2110 2175/2009/2102
f 2174/2008/2101 2184/2018/2111 2185/2019/2112
f 2186/2020/2113 2187/2021/2114 2188/2022/2115
f 2189/2023/2116 2190/2024/2117 2191/2025/2118
f 2192/2026/2119 2193/2027/2120 2194/2028/2121
f 2189/2023/2116 2195/2029/2122 2196/2030/2123
f 2178/2012/2105 2197/2031/2124 2177/2011/2104
f 2178/2012/2105 2198/2032/2125 2199/2033/2126
f 2198/2032/2125 2200/2034/2127 2201/2035/2128
f 2202/2036/2129 2203/2037/2130 2200/2034/2127
f 2203/2037/2130 2204/2038/2131 2200/2034/2127
f 2205/2039/2132 2206/2040/2133 2204/2038/2131
f 2174/2008/2101 2207/2041/2134 2206/2040/2133
f 2188/2022/2115 2191/2025/2118 2208/2042/2135
f 2187/2021/2114 2189/2023/2116 2191/2025/2118
f 2209/2043/2136 2189/2023/2116 2210/2044/2137
f 2179/2013/2106 2202/2036/2129 2178/2012/2105
f 2180/2014/2107 2205/2039/2132 2203/2037/2130
f 2163/1997/2090 2174/2008/2101 2205/2039/2132
f 2169/2003/2096 2194/2028/2121 2181/2015/2108
f 2176/2010/2103 2192/2026/2119 2194/2028/2121
f 2211/2045/2138 2187/2021/2114 2212/2046/2139
f 2213/2047/2140 2187/2021/2114 2214/2048/2141
f 2201/2035/2128 2215/2049/2142 2216/2050/2143
f 2201/2035/2128 2217/2051/2144 2218/2052/2145
f 2219/2053/2146 2220/2054/2147 2217/2051/2144
f 2217/2051/2144 2221/2055/2148 2222/2056/2149
f 2220/2054/2147 2223/2057/2150 2221/2055/2148
f 2224/2058/2151 2225/2059/2152 2223/2057/2150
f 2226/2060/2153 2227/2061/2154 2228/2062/2155
f 2229/2063/2156 2230/2064/2157 2227/2061/2154
f 2231/2065/2158 2230/2064/2157 2232/2066/2159
f 2233/2067/2160 2234/2068/2161 2235/2069/2162
f 2236/2070/2163 2237/2071/2164 2230/2064/2157
f 2217/2051/2144 2238/2072/2165 2218/2052/2145
f 2221/2055/2148 2239/2073/2166 2222/2056/2149
f 2223/2057/2150 2240/2074/2167 2239/2073/2166
f 2227/2061/2154 2234/2068/2161 2241/2075/2168
f 2227/2061/2154 2237/2071/2164 2242/2076/2169
f 2243/2077/2170 2244/2078/2171 2245/2079/2172
f 2246/2080/2173 2247/2081/2174 2248/2082/2175
f 2249/2083/2176 2243/2077/2170 2245/2079/2172
f 2250/2084/2177 2251/2085/2178 2243/2077/2170
f 2252/2086/2179 2246/2080/2173 2253/2087/2180
f 2254/2088/2181 2255/2089/2182 2246/2080/2173
f 2255/2089/2182 2256/2090/2183 2257/2091/2184
f 2255/2089/2182 2258/2092/2185 2259/2093/2186
f 2260/2094/2187 2261/2095/2188 2255/2089/2182
f 2260/2094/2187 2262/2096/2189 2263/2097/2190
f 2264/2098/2191 2260/2094/2187 2254/2088/2181
f 2243/2077/2170 2265/2099/2192 2266/2100/2193
f 2251/2085/2178 2267/2101/2194 2265/2099/2192
f 2251/2085/2178 2268/2102/2195 2269/2103/2196
f 2270/2104/2197 2250/2084/2177 2271/2105/2198
f 2233/2067/2160 2272/2106/2199 2270/2104/2197
f 2273/2107/2200 2253/2087/2180 2274/2108/2201
f 2199/2033/2126 2201/2035/2128 2216/2050/2143
f 2200/2034/2127 2219/2053/2146 2201/2035/2128
f 2204/2038/2131 2224/2058/2151 2220/2054/2147
f 2206/2040/2133 2226/2060/2153 2224/2058/2151
f 2207/2041/2134 2229/2063/2156 2226/2060/2153
f 2193/2027/2120 2229/2063/2156 2185/2019/2112
f 2275/2109/2202 2232/2066/2159 2192/2026/2119
f 2276/2110/2203 2277/2111/2204 2231/2065/2158
f 2191/2025/2118 2277/2111/2204 2208/2042/2135
f 2278/2112/2205 2197/2031/2124 2199/2033/2126
f 2237/2071/2164 2274/2108/2201 2242/2076/2169
f 2274/2108/2201 2237/2071/2164 2273/2107/2200
f 2225/2059/2152 2226/2060/2153 2228/2062/2155
f 2228/2062/2155 2227/2061/2154 2241/2075/2168
f 2277/2111/2204 2236/2070/2163 2231/2065/2158
f 2250/2084/2177 2249/2083/2176 2279/2113/2206
f 2235/2069/2162 2251/2085/2178 2272/2106/2199
f 2248/2082/2175 2280/2114/2207 2246/2080/2173
f 2253/2087/2180 2246/2080/2173 2280/2114/2207
f 2257/2091/2184 2247/2081/2174 2255/2089/2182
f 2281/2115/2208 2254/2088/2181 2246/2080/2173
f 2279/2113/2206 2271/2105/2198 2250/2084/2177
f 2242/2076/2169 2235/2069/2162 2234/2068/2161
f 2199/2033/2126 2216/2050/2143 2278/2112/2205
f 2276/2110/2203 2231/2065/2158 2275/2109/2202
f 2282/2116/2209 2283/2117/2210 2284/2118/2211
f 2284/2118/2211 2285/2119/2212 2286/2120/2213
f 2287/2121/2214 2288/2122/2215 2289/2123/2216
f 2290/2124/2217 2284/2118/2211 2286/2120/2213
f 2291/2125/2218 2287/2121/2214 2292/2126/2219
f 2293/2127/2220 2287/2121/2214 2294/2128/2221
f 2295/2129/2222 2296/2130/2223 2297/2131/2224
f 2298/2132/2225 2299/2133/2226 2300/2134/2227
f 2301/2135/2228 2302/2136/2229 2299/2133/2226
f 2303/2137/2230 2304/2138/2231 2302/2136/2229
f 2305/2139/2232 2303/2137/2230 2301/2135/2228
f 2306/2140/2233 2303/2137/2230 2307/2141/2234
f 2289/2123/2216 2308/2142/2235 2309/2143/2236
f 2310/2144/2237 2301/2135/2228 2311/2145/2238
f 2284/2118/2211 2295/2129/2222 2297/2131/2224
f 2287/2121/2214 2309/2143/2236 2292/2126/2219
f 2312/2146/2239 2313/2147/2240 2314/2148/2241
f 2315/2149/2242 2316/2150/2243 2300/2134/2227
f 2317/2151/2244 2318/2152/2245 2315/2149/2242
f 2319/2153/2246 2320/2154/2247 2321/2155/2248
f 2312/2146/2239 2319/2153/2246 2304/2138/2231
f 2322/2156/2249 2313/2147/2240 2323/2157/2250
f 2324/2158/2251 2325/2159/2252 2326/2160/2253
f 2321/2155/2248 2327/2161/2254 2325/2159/2252
f 2325/2159/2252 2328/2162/2255 2329/2163/2256
f 2330/2164/2257 2331/2165/2258 2332/2166/2259
f 2333/2167/2260 2334/2168/2261 2318/2152/2245
f 2333/2167/2260 2335/2169/2262 2336/2170/2263
f 2322/2156/2249 2330/2164/2257 2332/2166/2259
f 2337/2171/2264 2338/2172/2265 2330/2164/2257
f 2299/2133/2226 2315/2149/2242 2300/2134/2227
f 2302/2136/2229 2317/2151/2244 2299/2133/2226
f 2302/2136/2229 2319/2153/2246 2339/2173/2266
f 2340/2174/2267 2312/2146/2239 2304/2138/2231
f 2341/2175/2268 2282/2116/2209 2342/2176/2269
f 2298/2132/2225 2311/2145/2238 2301/2135/2228
f 2340/2174/2267 2296/2130/2223 2308/2142/2235
f 2339/2173/2266 2333/2167/2260 2317/2151/2244
f 2343/2177/2270 2324/2158/2251 2326/2160/2253
f 2344/2178/2271 2331/2165/2258 2345/2179/2272
f 2319/2153/2246 2335/2169/2262 2339/2173/2266
f 2335/2169/2262 2319/2153/2246 2321/2155/2248
f 2312/2146/2239 2308/2142/2235 2323/2157/2250
f 2346/2180/2273 2347/2181/2274 2348/2182/2275
f 2349/2183/2276 2346/2180/2273 2350/2184/2277
f 2351/2185/2278 2352/2186/2279 2346/2180/2273
f 2352/2186/2279 2353/2187/2280 2347/2181/2274
f 2354/2188/2281 2355/2189/2282 2356/2190/2283
f 2357/2191/2284 2354/2188/2281 2356/2190/2283
f 2358/2192/2285 2354/2188/2281 2359/2193/2286
f 2360/2194/2287 2361/2195/2288 2358/2192/2285
f 2361/2195/2288 2362/2196/2289 2363/2197/2290
f 2364/2198/2291 2365/2199/2292 2366/2200/2293
f 2367/2201/2294 2368/2202/2295 2364/2198/2291
f 2348/2182/2275 2369/2203/2296 2370/2204/2297
f 2347/2181/2274 2371/2205/2298 2369/2203/2296
f 2372/2206/2299 2373/2207/2300 2371/2205/2298
f 2373/2207/2300 2374/2208/2301 2371/2205/2298
f 2368/2202/2295 2375/2209/2302 2364/2198/2291
f 2376/2210/2303 2377/2211/2304 2378/2212/2305
f 2350/2184/2277 2370/2204/2297 2379/2213/2306
f 2353/2187/2280 2372/2206/2299 2347/2181/2274
f 2380/2214/2307 2381/2215/2308 2374/2208/2301
f 2382/2216/2309 2381/2215/2308 2383/2217/2310
f 2361/2195/2288 2364/2198/2291 2354/2188/2281
f 2363/2197/2290 2367/2201/2294 2361/2195/2288
f 2378/2212/2305 2384/2218/2311 2385/2219/2312
f 2386/2220/2313 2387/2221/2314 2388/2222/2315
f 2387/2221/2314 2389/2223/2316 2390/2224/2317
f 2391/2225/2318 2392/2226/2319 2393/2227/2320
f 2391/2225/2318 2394/2228/2321 2395/2229/2322
f 2396/2230/2323 2397/2231/2324 2398/2232/2325
f 2397/2231/2324 2399/2233/2326 2400/2234/2327
f 2393/2227/2320 2401/2235/2328 2388/2222/2315
f 2385/2219/2312 2402/2236/2329 2403/2237/2330
f 2384/2218/2311 2404/2238/2331 2405/2239/2332
f 2406/2240/2333 2407/2241/2334 2404/2238/2331
f 2408/2242/2335 2407/2241/2334 2409/2243/2336
f 2410/2244/2337 2411/2245/2338 2408/2242/2335
f 2412/2246/2339 2413/2247/2340 2410/2244/2337
f 2414/2248/2341 2415/2249/2342 2412/2246/2339
f 2414/2248/2341 2416/2250/2343 2417/2251/2344
f 2418/2252/2345 2419/2253/2346 2420/2254/2347
f 2418/2252/2345 2421/2255/2348 2396/2230/2323
f 2390/2224/2317 2393/2227/2320 2387/2221/2314
f 2390/2224/2317 2422/2256/2349 2391/2225/2318
f 2377/2211/2304 2406/2240/2333 2384/2218/2311
f 2379/2213/2306 2409/2243/2336 2406/2240/2333
f 2369/2203/2296 2409/2243/2336 2370/2204/2297
f 2369/2203/2296 2410/2244/2337 2408/2242/2335
f 2374/2208/2301 2410/2244/2337 2371/2205/2298
f 2381/2215/2308 2412/2246/2339 2374/2208/2301
f 2381/2215/2308 2423/2257/2350 2414/2248/2341
f 2375/2209/2302 2420/2254/2347 2365/2199/2292
f 2375/2209/2302 2424/2258/2351 2418/2252/2345
f 2425/2259/2352 2387/2221/2314 2426/2260/2353
f 2427/2261/2354 2428/2262/2355 2429/2263/2356
f 2430/2264/2357 2428/2262/2355 2431/2265/2358
f 2432/2266/2359 2433/2267/2360 2430/2264/2357
f 2434/2268/2361 2435/2269/2362 2432/2266/2359
f 2434/2268/2361 2436/2270/2363 2437/2271/2364
f 2438/2272/2365 2436/2270/2363 2439/2273/2366
f 2440/2274/2367 2441/2275/2368 2438/2272/2365
f 2398/2232/2325 2442/2276/2369 2440/2274/2367
f 2443/2277/2370 2444/2278/2371 2442/2276/2369
f 2443/2277/2370 2445/2279/2372 2446/2280/2373
f 2447/2281/2374 2448/2282/2375 2449/2283/2376
f 2450/2284/2377 2451/2285/2378 2447/2281/2374
f 2450/2284/2377 2452/2286/2379 2453/2287/2380
f 2454/2288/2381 2455/2289/2382 2452/2286/2379
f 2444/2278/2371 2456/2290/2383 2457/2291/2384
f 2446/2280/2373 2458/2292/2385 2444/2278/2371
f 2445/2279/2372 2459/2293/2386 2446/2280/2373
f 2429/2263/2356 2460/2294/2387 2461/2295/2388
f 2429/2263/2356 2449/2283/2376 2462/2296/2389
f 2433/2267/2360 2449/2283/2376 2428/2262/2355
f 2433/2267/2360 2450/2284/2377 2447/2281/2374
f 2435/2269/2362 2454/2288/2381 2450/2284/2377
f 2436/2270/2363 2454/2288/2381 2437/2271/2364
f 2441/2275/2368 2463/2297/2390 2436/2270/2363
f 2442/2276/2369 2457/2291/2384 2441/2275/2368
f 2398/2232/2325 2400/2234/2327 2443/2277/2370
f 2400/2234/2327 2464/2298/2391 2445/2279/2372
f 2465/2299/2392 2466/2300/2393 2467/2301/2394
f 2468/2302/2395 2466/2300/2393 2469/2303/2396
f 2466/2300/2393 2470/2304/2397 2471/2305/2398
f 2472/2306/2399 2473/2307/2400 2470/2304/2397
f 2474/2308/2401 2475/2309/2402 2476/2310/2403
f 2467/2301/2394 2471/2305/2398 2477/2311/2404
f 2478/2312/2405 2479/2313/2406 2480/2314/2407
f 2470/2304/2397 2481/2315/2408 2471/2305/2398
f 2473/2307/2400 2482/2316/2409 2481/2315/2408
f 2483/2317/2410 2473/2307/2400 2484/2318/2411
f 2458/2292/2385 2475/2309/2402 2485/2319/2412
f 2475/2309/2402 2486/2320/2413 2478/2312/2405
f 2487/2321/2414 2488/2322/2415 2477/2311/2404
f 2487/2321/2414 2489/2323/2416 2490/2324/2417
f 2491/2325/2418 2492/2326/2419 2493/2327/2420
f 2480/2314/2407 2492/2326/2419 2494/2328/2421
f 2495/2329/2422 2496/2330/2423 2492/2326/2419
f 2497/2331/2424 2495/2329/2422 2492/2326/2419
f 2498/2332/2425 2499/2333/2426 2497/2331/2424
f 2498/2332/2425 2500/2334/2427 2501/2335/2428
f 2492/2326/2419 2502/2336/2429 2493/2327/2420
f 2480/2314/2407 2498/2332/2425 2497/2331/2424
f 2503/2337/2430 2498/2332/2425 2479/2313/2406
f 2471/2305/2398 2487/2321/2414 2477/2311/2404
f 2481/2315/2408 2504/2338/2431 2487/2321/2414
f 2485/2319/2412 2480/2314/2407 2494/2328/2421
f 2505/2339/2432 2483/2317/2410 2484/2318/2411
f 2459/2293/2386 2476/2310/2403 2458/2292/2385
f 2402/2236/2329 2506/2340/2433 2403/2237/2330
f 2402/2236/2329 2427/2261/2354 2461/2295/2388
f 2405/2239/2332 2431/2265/2358 2427/2261/2354
f 2404/2238/2331 2430/2264/2357 2431/2265/2358
f 2411/2245/2338 2430/2264/2357 2407/2241/2334
f 2413/2247/2340 2432/2266/2359 2411/2245/2338
f 2415/2249/2342 2434/2268/2361 2413/2247/2340
f 2417/2251/2344 2439/2273/2366 2415/2249/2342
f 2417/2251/2344 2440/2274/2367 2438/2272/2365
f 2419/2253/2346 2398/2232/2325 2440/2274/2367
f 2393/2227/2320 2464/2298/2391 2399/2233/2326
f 2483/2317/2410 2458/2292/2385 2507/2341/2434
f 2350/2184/2277 2346/2180/2273 2348/2182/2275
f 2508/2342/2435 2353/2187/2280 2509/2343/2436
f 2350/2184/2277 2376/2210/2303 2349/2183/2276
f 2377/2211/2304 2350/2184/2277 2379/2213/2306
f 2380/2214/2307 2373/2207/2300 2508/2342/2435
f 2366/2200/2293 2355/2189/2282 2364/2198/2291
f 2510/2344/2437 2418/2252/2345 2424/2258/2351
f 2511/2345/2438 2390/2224/2317 2389/2223/2316
f 2419/2253/2346 2417/2251/2344 2416/2250/2343
f 2402/2236/2329 2384/2218/2311 2405/2239/2332
f 2387/2221/2314 2393/2227/2320 2388/2222/2315
f 2427/2261/2354 2429/2263/2356 2461/2295/2388
f 2462/2296/2389 2449/2283/2376 2448/2282/2375
f 2461/2295/2388 2460/2294/2387 2506/2340/2433
f 2485/2319/2412 2475/2309/2402 2478/2312/2405
f 2504/2338/2431 2512/2346/2439 2487/2321/2414
f 2395/2229/2322 2513/2347/2440 2391/2225/2318
f 2514/2348/2441 2515/2349/2442 2516/2350/2443
f 2517/2351/2444 2518/2352/2445 2519/2353/2446
f 2520/2354/2447 2521/2355/2448 2517/2351/2444
f 2522/2356/2449 2523/2357/2450 2520/2354/2447
f 2524/2358/2451 2525/2359/2452 2515/2349/2442
f 2526/2360/2453 2524/2358/2451 2514/2348/2441
f 2527/2361/2454 2528/2362/2455 2529/2363/2456
f 2518/2352/2445 2528/2362/2455 2519/2353/2446
f 2521/2355/2448 2530/2364/2457 2518/2352/2445
f 2521/2355/2448 2531/2365/2458 2532/2366/2459
f 2533/2367/2460 2531/2365/2458 2523/2357/2450
f 2524/2358/2451 2534/2368/2461 2535/2369/2462
f 2524/2358/2451 2536/2370/2463 2537/2371/2464
f 2538/2372/2465 2539/2373/2466 2540/2374/2467
f 2541/2375/2468 2542/2376/2469 2543/2377/2470
f 2529/2363/2456 2544/2378/2471 2545/2379/2472
f 2545/2379/2472 2546/2380/2473 2547/2381/2474
f 2548/2382/2475 2546/2380/2473 2544/2378/2471
f 2531/2365/2458 2538/2372/2465 2549/2383/2476
f 2550/2384/2477 2538/2372/2465 2551/2385/2478
f 2552/2386/2479 2553/2387/2480 2554/2388/2481
f 2555/2389/2482 2556/2390/2483 2534/2368/2461
f 2557/2391/2484 2552/2386/2479 2555/2389/2482
f 2558/2392/2485 2543/2377/2470 2559/2393/2486
f 2560/2394/2487 2541/2375/2468 2558/2392/2485
f 2528/2362/2455 2548/2382/2475 2544/2378/2471
f 2530/2364/2457 2561/2395/2488 2548/2382/2475
f 2532/2366/2459 2549/2383/2476 2561/2395/2488
f 2562/2396/2489 2551/2385/2478 2533/2367/2460
f 2537/2371/2464 2555/2389/2482 2524/2358/2451
f 2563/2397/2490 2558/2392/2485 2559/2393/2486
f 2564/2398/2491 2565/2399/2492 2566/2400/2493
f 2567/2401/2494 2568/2402/2495 2565/2399/2492
f 2569/2403/2496 2570/2404/2497 2568/2402/2495
f 2570/2404/2497 2571/2405/2498 2572/2406/2499
f 2540/2374/2467 2573/2407/2500 2571/2405/2498
f 2573/2407/2500 2574/2408/2501 2571/2405/2498
f 2575/2409/2502 2576/2410/2503 2577/2411/2504
f 2578/2412/2505 2577/2411/2504 2579/2413/2506
f 2580/2414/2507 2575/2409/2502 2577/2411/2504
f 2566/2400/2493 2581/2415/2508 2547/2381/2474
f 2565/2399/2492 2582/2416/2509 2566/2400/2493
f 2565/2399/2492 2583/2417/2510 2584/2418/2511
f 2568/2402/2495 2585/2419/2512 2583/2417/2510
f 2570/2404/2497 2586/2420/2513 2585/2419/2512
f 2571/2405/2498 2578/2412/2505 2572/2406/2499
f 2574/2408/2501 2580/2414/2507 2577/2411/2504
f 2587/2421/2514 2588/2422/2515 2580/2414/2507
f 2589/2423/2516 2590/2424/2517 2591/2425/2518
f 2592/2426/2519 2590/2424/2517 2593/2427/2520
f 2592/2426/2519 2594/2428/2521 2595/2429/2522
f 2596/2430/2523 2597/2431/2524 2598/2432/2525
f 2599/2433/2526 2596/2430/2523 2598/2432/2525
f 2600/2434/2527 2601/2435/2528 2602/2436/2529
f 2601/2435/2528 2603/2437/2530 2602/2436/2529
f 2601/2435/2528 2604/2438/2531 2605/2439/2532
f 2590/2424/2517 2606/2440/2533 2591/2425/2518
f 2595/2429/2522 2607/2441/2534 2590/2424/2517
f 2595/2429/2522 2608/2442/2535 2609/2443/2536
f 2595/2429/2522 2610/2444/2537 2611/2445/2538
f 2612/2446/2539 2601/2435/2528 2596/2430/2523
f 2579/2413/2506 2613/2447/2540 2592/2426/2519
f 2577/2411/2504 2614/2448/2541 2579/2413/2506
f 2615/2449/2542 2599/2433/2526 2598/2432/2525
f 2546/2380/2473 2566/2400/2493 2547/2381/2474
f 2561/2395/2488 2564/2398/2491 2548/2382/2475
f 2549/2383/2476 2567/2401/2494 2561/2395/2488
f 2538/2372/2465 2569/2403/2496 2549/2383/2476
f 2553/2387/2480 2573/2407/2500 2539/2373/2466
f 2616/2450/2543 2617/2451/2544 2552/2386/2479
f 2618/2452/2545 2580/2414/2507 2617/2451/2544
f 2619/2453/2546 2587/2421/2514 2618/2452/2545
f 2587/2421/2514 2542/2376/2469 2620/2454/2547
f 2621/2455/2548 2622/2456/2549 2563/2397/2490
f 2623/2457/2550 2541/2375/2468 2624/2458/2551
f 2625/2459/2552 2624/2458/2551 2541/2375/2468
f 2556/2390/2483 2552/2386/2479 2554/2388/2481
f 2541/2375/2468 2626/2460/2553 2625/2459/2552
f 2619/2453/2546 2559/2393/2486 2543/2377/2470
f 2614/2448/2541 2594/2428/2521 2613/2447/2540
f 2627/2461/2554 2601/2435/2528 2605/2439/2532
f 2628/2462/2555 2595/2429/2522 2611/2445/2538
f 2586/2420/2513 2629/2463/2556 2585/2419/2512
f 2588/2422/2515 2599/2433/2526 2575/2409/2502
f 2599/2433/2526 2588/2422/2515 2612/2446/2539
f 2505/2339/2432 2457/2291/2384 2456/2290/2383
f 2630/1807/2557 2631/1806/2558 2632/1808/2559
f 2633/1809/2560 2634/1810/2561 2631/1806/2558
f 2631/1806/2558 2635/1812/2562 2636/1814/2563
f 2635/1812/2562 2637/1813/2564 2636/1814/2563
f 2638/1815/2565 2639/1816/2566 2640/1825/2567
f 2641/1818/2568 2631/1806/2558 2642/1819/2569
f 2642/1819/2569 2636/1814/2563 2643/1821/2570
f 2644/1820/2571 2636/1814/2563 2645/1823/2572
f 2636/1814/2563 2646/1822/2573 2645/1823/2572
f 2639/1816/2566 2647/1824/2574 2640/1825/2567
f 2648/1826/2575 2649/1827/2576 2650/1838/2577
f 2651/1829/2578 2652/1830/2579 2653/1832/2580
f 2653/1832/2580 2654/1833/2581 2655/2464/2582
f 2656/1834/2583 2649/1827/2576 2657/1828/2584
f 2649/1827/2576 2658/1831/2585 2651/1829/2578
f 2634/1810/2561 2659/1836/2586 2635/1812/2562
f 2635/1812/2562 2660/1837/2587 2661/2465/2588
f 2662/1817/2589 2650/1838/2577 2639/1816/2566
f 2639/1816/2566 2651/1829/2578 2663/1840/2590
f 2651/1829/2578 2664/1839/2591 2663/1840/2590
f 2653/1832/2580 2665/1841/2592 2664/1839/2591
f 2666/1843/2593 2667/1842/2594 2668/1844/2595
f 2669/1845/2596 2670/1846/2597 2671/1848/2598
f 2671/1848/2598 2672/1849/2599 2673/1850/2600
f 2673/1850/2600 2674/1851/2601 2675/1852/2602
f 2675/1852/2602 2676/1853/2603 2677/2466/2604
f 2678/1854/2605 2679/1855/2606 2680/1894/2607
f 2679/1855/2606 2681/1857/2608 2682/1858/2609
f 2683/1860/2610 2684/1859/2611 2681/1857/2608
f 2685/1861/2612 2686/1862/2613 2687/1884/2614
f 2688/1865/2615 2689/1864/2616 2666/1843/2593
f 2689/1864/2616 2690/1866/2617 2691/1868/2618
f 2691/1868/2618 2692/1869/2619 2693/1870/2620
f 2693/1870/2620 2694/1871/2621 2695/1872/2622
f 2695/1872/2622 2696/1873/2623 2697/1874/2624
f 2697/1874/2624 2698/1875/2625 2674/1851/2601
f 2696/1873/2623 2699/1876/2626 2698/1875/2625
f 2698/1875/2625 2700/1878/2627 2701/1879/2628
f 2701/1879/2628 2702/1863/2629 2685/1861/2612
f 2703/1881/2630 2704/1880/2631 2705/1882/2632
f 2691/1868/2618 2667/1842/2594 2689/1864/2616
f 2693/1870/2620 2706/1847/2633 2691/1868/2618
f 2695/1872/2622 2670/1846/2597 2693/1870/2620
f 2697/1874/2624 2672/1849/2599 2695/1872/2622
f 2674/1851/2601 2701/1879/2628 2676/1853/2603
f 2701/1879/2628 2707/1883/2634 2676/1853/2603
f 2685/1861/2612 2708/1856/2635 2707/1883/2634
f 2704/1880/2631 2679/1855/2606 2705/1882/2632
f 2709/1885/2636 2683/1860/2610 2681/1857/2608
f 2710/1886/2637 2667/1842/2594 2669/1845/2596
f 2711/1887/2638 2669/1845/2596 2671/1848/2598
f 2671/1848/2598 2712/1888/2639 2711/1887/2638
f 2673/1850/2600 2713/1889/2640 2712/1888/2639
f 2675/1852/2602 2714/1890/2641 2713/1889/2640
f 2675/1852/2602 2715/1891/2642 2716/1892/2643
f 2717/1893/2644 2678/1854/2605 2660/1837/2587
f 2660/1837/2587 2680/1894/2607 2661/2465/2588
f 2656/1834/2583 2681/1857/2608 2684/1859/2611
f 2684/1859/2611 2718/1835/2645 2649/1827/2576
f 2702/1863/2629 2719/1895/2646 2720/1986/2647
f 2721/1897/2648 2722/1898/2649 2723/1900/2650
f 2723/1900/2650 2724/1901/2651 2725/1903/2652
f 2700/1878/2627 2723/1900/2650 2702/1863/2629
f 2723/1900/2650 2726/1896/2653 2702/1863/2629
f 2703/1881/2630 2727/1902/2654 2728/1906/2655
f 2727/1902/2654 2729/1904/2656 2728/1906/2655
f 2728/1906/2655 2730/1907/2657 2731/1987/2658
f 2732/1908/2659 2733/1909/2660 2734/1979/2661
f 2735/1912/2662 2736/1911/2663 2737/1913/2664
f 2738/1914/2665 2739/1915/2666 2740/1916/2667
f 2740/1916/2667 2741/1917/2668 2742/1918/2669
f 2742/1918/2669 2743/1919/2670 2744/1920/2671
f 2744/1920/2671 2745/1921/2672 2746/1927/2673
f 2747/1922/2674 2737/1913/2664 2748/1923/2675
f 2748/1923/2675 2738/1914/2665 2749/1924/2676
f 2749/1924/2676 2740/1916/2667 2750/1925/2677
f 2750/1925/2677 2742/1918/2669 2751/1926/2678
f 2751/1926/2678 2744/1920/2671 2752/1877/2679
f 2752/1877/2679 2746/1927/2673 2699/1876/2626
f 2746/1927/2673 2753/1899/2680 2721/1897/2648
f 2725/1903/2652 2754/1928/2681 2727/1902/2654
f 2754/1928/2681 2755/1905/2682 2727/1902/2654
f 2729/1904/2656 2756/1910/2683 2732/1908/2659
f 2756/1910/2683 2757/1931/2684 2733/1909/2660
f 2758/1933/2685 2759/1934/2686 2760/1981/2687
f 2761/1936/2688 2762/1937/2689 2763/1985/2690
f 2764/1939/2691 2765/1940/2692 2758/1933/2685
f 2766/1942/2693 2758/1933/2685 2765/1940/2692
f 2767/1943/2694 2768/1944/2695 2769/1974/2696
f 2770/1947/2697 2771/1946/2698 2772/1948/2699
f 2773/1932/2700 2771/1946/2698 2774/1949/2701
f 2774/1949/2701 2761/1936/2688 2763/1985/2690
f 2775/1950/2702 2776/1945/2703 2777/1951/2704
f 2778/1952/2705 2779/1953/2706 2776/1945/2703
f 2779/1953/2706 2780/1955/2707 2781/1956/2708
f 2782/1957/2709 2781/1956/2708 2780/1955/2707
f 2781/1956/2708 2783/1958/2710 2784/1982/2711
f 2776/1945/2703 2781/1956/2708 2785/1960/2712
f 2785/1960/2712 2786/1961/2713 2787/2467/2714
f 2788/1962/2715 2789/1963/2716 2790/1972/2717
f 2785/1960/2712 2768/1944/2695 2776/1945/2703
f 2791/1965/2718 2771/1946/2698 2792/1966/2719
f 2793/1967/2720 2771/1946/2698 2794/1968/2721
f 2771/1946/2698 2795/1969/2722 2761/1936/2688
f 2761/1936/2688 2796/1971/2723 2797/1938/2724
f 2736/1911/2663 2788/1962/2715 2739/1915/2666
f 2739/1915/2666 2790/1972/2717 2741/1917/2668
f 2741/1917/2668 2798/1973/2725 2743/1919/2670
f 2743/1919/2670 2799/1941/2726 2764/1939/2691
f 2764/1939/2691 2745/1921/2672 2743/1919/2670
f 2758/1933/2685 2753/1899/2680 2764/1939/2691
f 2769/1974/2696 2754/1928/2681 2800/1929/2727
f 2768/1944/2695 2801/1975/2728 2769/1974/2696
f 2802/1976/2729 2773/1932/2700 2756/1910/2683
f 2773/1932/2700 2803/1977/2730 2757/1931/2684
f 2774/1949/2701 2804/1978/2731 2803/1977/2730
f 2747/1922/2674 2805/1867/2732 2688/1865/2615
f 2805/1867/2732 2749/1924/2676 2690/1866/2617
f 2690/1866/2617 2750/1925/2677 2692/1869/2619
f 2692/1869/2619 2751/1926/2678 2694/1871/2621
f 2694/1871/2621 2752/1877/2679 2696/1873/2623
f 2699/1876/2626 2721/1897/2648 2700/1878/2627
f 2728/1906/2655 2709/1885/2636 2704/1880/2631
f 2651/1829/2578 2650/1838/2577 2649/1827/2576
f 2660/1837/2587 2659/1836/2586 2717/1893/2644
f 2667/1842/2594 2706/1847/2633 2669/1845/2596
f 2705/1882/2632 2679/1855/2606 2708/1856/2635
f 2705/1882/2632 2708/1856/2635 2687/1884/2614
f 2729/1904/2656 2732/1908/2659 2728/1906/2655
f 2734/1979/2661 2730/1907/2657 2732/1908/2659
f 2738/1914/2665 2737/1913/2664 2736/1911/2663
f 2801/1975/2728 2806/1980/2733 2754/1928/2681
f 2807/1930/2734 2802/1976/2729 2756/1910/2683
f 2753/1899/2680 2760/1981/2687 2722/1898/2649
f 2725/1903/2652 2724/1901/2651 2800/1929/2727
f 2786/1961/2713 2781/1956/2708 2784/1982/2711
f 2789/1963/2716 2798/1973/2725 2790/1972/2717
f 2777/1951/2704 2776/1945/2703 2767/1943/2694
f 2808/1983/2735 2809/1964/2736 2736/1911/2663
f 2774/1949/2701 2763/1985/2690 2810/1984/2737
f 2720/1986/2647 2686/1862/2613 2702/1863/2629
f 2731/1987/2658 2811/1988/2738 2728/1906/2655
f 2769/1974/2696 2800/1929/2727 2767/1943/2694
f 2812/1989/2739 2813/1990/2740 2814/1993/2741
f 2813/1990/2740 2815/1992/2742 2814/1993/2741
f 2815/1992/2742 2816/1994/2743 2817/2468/2744
f 2816/1994/2743 2818/1996/2745 2817/2468/2744
f 2819/1999/2746 2820/1998/2747 2821/2000/2748
f 2822/2001/2749 2820/1998/2747 2823/2005/2750
f 2820/1998/2747 2824/2002/2751 2823/2005/2750
f 2824/2002/2751 2825/2004/2752 2823/2005/2750
f 2826/2006/2753 2827/2007/2754 2828/2469/2755
f 2829/2003/2756 2830/2009/2757 2824/2002/2751
f 2831/2011/2758 2832/1991/2759 2812/1989/2739
f 2832/1991/2759 2833/2013/2760 2813/1990/2740
f 2813/1990/2740 2834/2014/2761 2835/1995/2762
f 2835/1995/2762 2836/1997/2763 2816/1994/2743
f 2826/2006/2753 2818/1996/2745 2836/1997/2763
f 2837/2015/2764 2820/1998/2747 2838/2016/2765
f 2824/2002/2751 2839/2017/2766 2840/2470/2767
f 2841/2008/2768 2842/2018/2769 2827/2007/2754
f 2843/2020/2770 2844/2021/2771 2845/2046/2772
f 2846/2024/2773 2847/2023/2774 2848/2025/2775
f 2849/2027/2776 2850/2026/2777 2851/2028/2778
f 2847/2023/2774 2852/2029/2779 2853/2471/2780
f 2854/2031/2781 2855/2012/2782 2831/2011/2758
f 2856/2032/2783 2855/2012/2782 2857/2033/2784
f 2856/2032/2783 2858/2034/2785 2859/2036/2786
f 2859/2036/2786 2860/2037/2787 2834/2014/2761
f 2861/2038/2788 2860/2037/2787 2858/2034/2785
f 2862/2040/2789 2863/2039/2790 2861/2038/2788
f 2841/2008/2768 2864/2041/2791 2865/2019/2792
f 2866/2022/2793 2848/2025/2775 2844/2021/2771
f 2844/2021/2771 2847/2023/2774 2867/2044/2794
f 2847/2023/2774 2868/2043/2795 2867/2044/2794
f 2859/2036/2786 2833/2013/2760 2855/2012/2782
f 2834/2014/2761 2863/2039/2790 2836/1997/2763
f 2836/1997/2763 2841/2008/2768 2826/2006/2753
f 2829/2003/2756 2851/2028/2778 2869/2010/2796
f 2850/2026/2777 2869/2010/2796 2851/2028/2778
f 2844/2021/2771 2870/2045/2797 2845/2046/2772
f 2844/2021/2771 2871/2047/2798 2872/2048/2799
f 2873/2049/2800 2874/2035/2801 2875/2050/2802
f 2874/2035/2801 2876/2051/2803 2877/2053/2804
f 2877/2053/2804 2878/2054/2805 2861/2038/2788
f 2876/2051/2803 2879/2055/2806 2878/2054/2805
f 2878/2054/2805 2880/2057/2807 2881/2058/2808
f 2881/2058/2808 2882/2059/2809 2883/2060/2810
f 2883/2060/2810 2884/2061/2811 2885/2063/2812
f 2885/2063/2812 2886/2064/2813 2887/2066/2814
f 2887/2066/2814 2888/2070/2815 2889/2065/2816
f 2890/2067/2817 2891/2068/2818 2892/2075/2819
f 2893/2071/2820 2888/2070/2815 2886/2064/2813
f 2894/2072/2821 2876/2051/2803 2895/2052/2822
f 2879/2055/2806 2896/2073/2823 2880/2057/2807
f 2880/2057/2807 2897/2074/2824 2882/2059/2809
f 2891/2068/2818 2884/2061/2811 2892/2075/2819
f 2884/2061/2811 2893/2071/2820 2886/2064/2813
f 2898/2078/2825 2899/2077/2826 2900/2079/2827
f 2901/2081/2828 2902/2080/2829 2903/2082/2830
f 2904/2083/2831 2899/2077/2826 2905/2084/2832
f 2905/2084/2832 2906/2085/2833 2907/2106/2834
f 2902/2080/2829 2908/2086/2835 2909/2087/2836
f 2902/2080/2829 2910/2094/2837 2911/2088/2838
f 2912/2090/2839 2913/2089/2840 2914/2091/2841
f 2915/2092/2842 2913/2089/2840 2916/2093/2843
f 2917/2095/2844 2910/2094/2837 2913/2089/2840
f 2918/2096/2845 2910/2094/2837 2919/2097/2846
f 2910/2094/2837 2920/2098/2847 2911/2088/2838
f 2899/2077/2826 2921/2099/2848 2906/2085/2833
f 2922/2101/2849 2906/2085/2833 2921/2099/2848
f 2906/2085/2833 2923/2102/2850 2924/2069/2851
f 2905/2084/2832 2925/2104/2852 2926/2105/2853
f 2907/2106/2834 2890/2067/2817 2925/2104/2852
f 2909/2087/2836 2927/2107/2854 2928/2108/2855
f 2857/2033/2784 2874/2035/2801 2856/2032/2783
f 2877/2053/2804 2858/2034/2785 2874/2035/2801
f 2861/2038/2788 2881/2058/2808 2862/2040/2789
f 2862/2040/2789 2883/2060/2810 2864/2041/2791
f 2864/2041/2791 2885/2063/2812 2865/2019/2792
f 2885/2063/2812 2849/2027/2776 2865/2019/2792
f 2887/2066/2814 2929/2109/2856 2850/2026/2777
f 2930/2110/2857 2931/2111/2858 2932/2042/2859
f 2931/2111/2858 2848/2025/2775 2932/2042/2859
f 2933/2112/2860 2857/2033/2784 2854/2031/2781
f 2893/2071/2820 2934/2076/2861 2928/2108/2855
f 2928/2108/2855 2927/2107/2854 2893/2071/2820
f 2882/2059/2809 2935/2062/2862 2883/2060/2810
f 2935/2062/2862 2892/2075/2819 2884/2061/2811
f 2931/2111/2858 2889/2065/2816 2888/2070/2815
f 2905/2084/2832 2936/2113/2863 2904/2083/2831
f 2924/2069/2851 2907/2106/2834 2906/2085/2833
f 2903/2082/2830 2902/2080/2829 2937/2114/2864
f 2909/2087/2836 2937/2114/2864 2902/2080/2829
f 2914/2091/2841 2913/2089/2840 2901/2081/2828
f 2938/2115/2865 2902/2080/2829 2911/2088/2838
f 2936/2113/2863 2905/2084/2832 2926/2105/2853
f 2934/2076/2861 2891/2068/2818 2924/2069/2851
f 2857/2033/2784 2933/2112/2860 2875/2050/2802
f 2930/2110/2857 2929/2109/2856 2889/2065/2816
f 2939/2116/2866 2940/2117/2867 2941/2175/2868
f 2942/2119/2869 2943/2118/2870 2944/2120/2871
f 2945/2121/2872 2946/2122/2873 2947/2472/2874
f 2948/2124/2875 2943/2118/2870 2939/2116/2866
f 2949/2125/2876 2945/2121/2872 2950/2128/2877
f 2945/2121/2872 2951/2127/2878 2950/2128/2877
f 2952/2130/2879 2953/2129/2880 2954/2131/2881
f 2955/2132/2882 2956/2133/2883 2957/2135/2884
f 2957/2135/2884 2958/2136/2885 2959/2137/2886
f 2959/2137/2886 2960/2138/2887 2961/2174/2888
f 2962/2139/2889 2959/2137/2886 2963/2141/2890
f 2959/2137/2886 2964/2140/2891 2963/2141/2890
f 2965/2142/2892 2966/2123/2893 2967/2143/2894
f 2968/2144/2895 2957/2135/2884 2962/2139/2889
f 2943/2118/2870 2953/2129/2880 2940/2117/2867
f 2967/2143/2894 2945/2121/2872 2969/2126/2896
f 2970/2146/2897 2971/2147/2898 2972/2157/2899
f 2973/2150/2900 2974/2149/2901 2975/2134/2902
f 2976/2152/2903 2977/2151/2904 2974/2149/2901
f 2978/2153/2905 2979/2154/2906 2980/2148/2907
f 2978/2153/2905 2970/2146/2897 2960/2138/2887
f 2971/2147/2898 2981/2156/2908 2972/2157/2899
f 2982/2160/2909 2983/2155/2910 2984/2158/2911
f 2983/2155/2910 2985/2161/2912 2979/2154/2906
f 2986/2163/2913 2985/2161/2912 2987/2159/2914
f 2988/2165/2915 2989/2164/2916 2990/2166/2917
f 2991/2168/2918 2992/2167/2919 2976/2152/2903
f 2992/2167/2919 2993/2169/2920 2994/2173/2921
f 2981/2156/2908 2989/2164/2916 2995/2171/2922
f 2995/2171/2922 2996/2172/2923 2997/2473/2924
f 2974/2149/2901 2956/2133/2883 2975/2134/2902
f 2977/2151/2904 2958/2136/2885 2956/2133/2883
f 2994/2173/2921 2960/2138/2887 2958/2136/2885
f 2961/2174/2888 2970/2146/2897 2965/2142/2892
f 2941/2175/2868 2998/2176/2925 2939/2116/2866
f 2955/2132/2882 2957/2135/2884 2999/2145/2926
f 2961/2174/2888 2965/2142/2892 2952/2130/2879
f 2994/2173/2921 2977/2151/2904 2992/2167/2919
f 3000/2177/2927 2982/2160/2909 2984/2158/2911
f 3001/2178/2928 3002/2179/2929 2988/2165/2915
f 2978/2153/2905 2994/2173/2921 2993/2169/2920
f 2993/2169/2920 2983/2155/2910 2978/2153/2905
f 2970/2146/2897 2972/2157/2899 2965/2142/2892
f 3003/2180/2930 3004/2181/2931 3005/2186/2932
f 3006/2183/2933 3003/2180/2930 3007/2185/2934
f 3007/2185/2934 3005/2186/2932 3008/2343/2935
f 3005/2186/2932 3009/2187/2936 3008/2343/2935
f 3010/2189/2937 3011/2188/2938 3012/2190/2939
f 3013/2191/2940 3011/2188/2938 3014/2193/2941
f 3011/2188/2938 3015/2192/2942 3014/2193/2941
f 3016/2195/2943 3017/2194/2944 3015/2192/2942
f 3016/2195/2943 3018/2196/2945 3019/2474/2946
f 3020/2199/2947 3021/2198/2948 3022/2200/2949
f 3023/2202/2950 3024/2201/2951 3021/2198/2948
f 3025/2182/2952 3026/2203/2953 3004/2181/2931
f 3004/2181/2931 3027/2205/2954 3028/2206/2955
f 3028/2206/2955 3029/2207/2956 3030/2342/2957
f 3031/2208/2958 3029/2207/2956 3027/2205/2954
f 3032/2209/2959 3023/2202/2950 3021/2198/2948
f 3033/2210/2960 3034/2211/2961 3035/2184/2962
f 3036/2213/2963 3025/2182/2952 3035/2184/2962
f 3028/2206/2955 3009/2187/2936 3004/2181/2931
f 3037/2214/2964 3038/2215/2965 3039/2217/2966
f 3038/2215/2965 3040/2216/2967 3039/2217/2966
f 3021/2198/2948 3016/2195/2943 3011/2188/2938
f 3024/2201/2951 3041/2197/2968 3016/2195/2943
f 3042/2212/2969 3043/2218/2970 3034/2211/2961
f 3044/2220/2971 3045/2221/2972 3046/2260/2973
f 3047/2224/2974 3048/2475/2975 3045/2221/2972
f 3049/2226/2976 3050/2225/2977 3051/2227/2978
f 3050/2225/2977 3052/2228/2979 3053/2256/2980
f 3054/2230/2981 3055/2231/2982 3056/2255/2983
f 3055/2231/2982 3057/2233/2984 3058/2235/2985
f 3059/2222/2986 3057/2233/2984 3051/2227/2978
f 3060/2219/2987 3061/2236/2988 3043/2218/2970
f 3043/2218/2970 3062/2238/2989 3063/2240/2990
f 3063/2240/2990 3064/2241/2991 3065/2243/2992
f 3064/2241/2991 3066/2242/2993 3065/2243/2992
f 3067/2245/2994 3068/2244/2995 3066/2242/2993
f 3069/2247/2996 3070/2246/2997 3068/2244/2995
f 3071/2249/2998 3072/2248/2999 3070/2246/2997
f 3072/2248/2999 3073/2250/3000 3074/2257/3001
f 3075/2253/3002 3076/2252/3003 3077/2254/3004
f 3076/2252/3003 3056/2255/2983 3078/2344/3005
f 3051/2227/2978 3047/2224/2974 3045/2221/2972
f 3047/2224/2974 3053/2256/2980 3079/2345/3006
f 3034/2211/2961 3063/2240/2990 3036/2213/2963
f 3036/2213/2963 3065/2243/2992 3080/2204/3007
f 3065/2243/2992 3026/2203/2953 3080/2204/3007
f 3066/2242/2993 3027/2205/2954 3026/2203/2953
f 3068/2244/2995 3031/2208/2958 3027/2205/2954
f 3070/2246/2997 3038/2215/2965 3031/2208/2958
f 3038/2215/2965 3074/2257/3001 3081/2476/3008
f 3077/2254/3004 3032/2209/2959 3020/2199/2947
f 3076/2252/3003 3082/2477/3009 3032/2209/2959
f 3045/2221/2972 3083/2259/3010 3046/2260/2973
f 3084/2263/3011 3085/2265/3012 3086/2261/3013
f 3087/2262/3014 3088/2264/3015 3085/2265/3012
f 3089/2267/3016 3090/2266/3017 3088/2264/3015
f 3091/2269/3018 3092/2268/3019 3090/2266/3017
f 3092/2268/3019 3093/2270/3020 3094/2273/3021
f 3094/2273/3021 3095/2275/3022 3096/2272/3023
f 3096/2272/3023 3097/2276/3024 3098/2274/3025
f 3098/2274/3025 3099/2277/3026 3100/2232/3027
f 3101/2278/3028 3099/2277/3026 3097/2276/3024
f 3099/2277/3026 3102/2279/3029 3103/2234/3030
f 3104/2282/3031 3105/2281/3032 3106/2283/3033
f 3107/2285/3034 3108/2284/3035 3105/2281/3032
f 3108/2284/3035 3109/2286/3036 3110/2288/3037
f 3110/2288/3037 3111/2289/3038 3112/2297/3039
f 3113/2290/3040 3101/2278/3028 3114/2291/3041
f 3115/2292/3042 3116/2280/3043 3101/2278/3028
f 3117/2293/3044 3102/2279/3029 3116/2280/3043
f 3118/2294/3045 3084/2263/3011 3119/2295/3046
f 3084/2263/3011 3106/2283/3033 3087/2262/3014
f 3106/2283/3033 3089/2267/3016 3087/2262/3014
f 3105/2281/3032 3091/2269/3018 3089/2267/3016
f 3091/2269/3018 3110/2288/3037 3120/2271/3047
f 3110/2288/3037 3093/2270/3020 3120/2271/3047
f 3093/2270/3020 3114/2291/3041 3095/2275/3022
f 3095/2275/3022 3101/2278/3028 3097/2276/3024
f 3100/2232/3027 3103/2234/3030 3055/2231/2982
f 3103/2234/3030 3121/2298/3048 3057/2233/2984
f 3122/2299/3049 3123/2300/3050 3124/2303/3051
f 3125/2302/3052 3123/2300/3050 3126/2306/3053
f 3123/2300/3050 3127/2304/3054 3126/2306/3053
f 3126/2306/3053 3128/2307/3055 3129/2318/3056
f 3130/2309/3057 3131/2308/3058 3132/2310/3059
f 3133/2301/3060 3134/2305/3061 3123/2300/3050
f 3135/2312/3062 3136/2313/3063 3137/2320/3064
f 3138/2315/3065 3127/2304/3054 3134/2305/3061
f 3139/2316/3066 3128/2307/3055 3138/2315/3065
f 3128/2307/3055 3140/2317/3067 3129/2318/3056
f 3141/2319/3068 3132/2310/3059 3115/2292/3042
f 3130/2309/3057 3137/2320/3064 3142/2478/3069
f 3143/2322/3070 3144/2321/3071 3145/2311/3072
f 3146/2323/3073 3144/2321/3071 3147/2324/3074
f 3148/2325/3075 3149/2326/3076 3150/2328/3077
f 3149/2326/3076 3151/2314/3078 3150/2328/3077
f 3152/2330/3079 3153/2329/3080 3149/2326/3076
f 3153/2329/3080 3154/2331/3081 3149/2326/3076
f 3155/2333/3082 3156/2332/3083 3154/2331/3081
f 3156/2332/3083 3157/2334/3084 3158/2479/3085
f 3159/2336/3086 3149/2326/3076 3160/2327/3087
f 3151/2314/3078 3156/2332/3083 3136/2313/3063
f 3156/2332/3083 3161/2337/3088 3136/2313/3063
f 3134/2305/3061 3144/2321/3071 3138/2315/3065
f 3138/2315/3065 3162/2338/3089 3139/2316/3066
f 3141/2319/3068 3151/2314/3078 3135/2312/3062
f 3163/2339/3090 3140/2317/3067 3113/2290/3040
f 3117/2293/3044 3132/2310/3059 3131/2308/3058
f 3164/2340/3091 3061/2236/2988 3165/2237/3092
f 3061/2236/2988 3086/2261/3013 3166/2239/3093
f 3166/2239/3093 3085/2265/3012 3062/2238/2989
f 3062/2238/2989 3088/2264/3015 3064/2241/2991
f 3088/2264/3015 3067/2245/2994 3064/2241/2991
f 3090/2266/3017 3069/2247/2996 3067/2245/2994
f 3092/2268/3019 3071/2249/2998 3069/2247/2996
f 3094/2273/3021 3167/2251/3094 3071/2249/2998
f 3167/2251/3094 3098/2274/3025 3075/2253/3002
f 3075/2253/3002 3100/2232/3027 3054/2230/2981
f 3121/2298/3048 3051/2227/2978 3057/2233/2984
f 3140/2317/3067 3115/2292/3042 3113/2290/3040
f 3035/2184/2962 3025/2182/2952 3003/2180/2930
f 3030/2342/2957 3008/2343/2935 3009/2187/2936
f 3035/2184/2962 3006/2183/2933 3033/2210/2960
f 3034/2211/2961 3036/2213/2963 3035/2184/2962
f 3037/2214/2964 3030/2342/2957 3029/2207/2956
f 3022/2200/2949 3021/2198/2948 3010/2189/2937
f 3078/2344/3005 3168/2258/3095 3076/2252/3003
f 3079/2345/3006 3169/2223/3096 3047/2224/2974
f 3075/2253/3002 3073/2250/3000 3167/2251/3094
f 3061/2236/2988 3166/2239/3093 3043/2218/2970
f 3045/2221/2972 3059/2222/2986 3051/2227/2978
f 3086/2261/3013 3119/2295/3046 3084/2263/3011
f 3170/2296/3097 3104/2282/3031 3106/2283/3033
f 3119/2295/3046 3164/2340/3091 3118/2294/3045
f 3141/2319/3068 3135/2312/3062 3130/2309/3057
f 3162/2338/3089 3144/2321/3071 3171/2346/3098
f 3172/2229/3099 3050/2225/2977 3173/2347/3100
f 3174/2349/3101 3175/2348/3102 3176/2350/3103
f 3177/2352/3104 3178/2351/3105 3179/2353/3106
f 3180/2355/3107 3181/2354/3108 3178/2351/3105
f 3182/2357/3109 3183/2356/3110 3181/2354/3108
f 3184/2359/3111 3185/2358/3112 3174/2349/3101
f 3185/2358/3112 3186/2360/3113 3175/2348/3102
f 3187/2361/3114 3188/2362/3115 3179/2353/3106
f 3188/2362/3115 3177/2352/3104 3179/2353/3106
f 3177/2352/3104 3189/2366/3116 3180/2355/3107
f 3189/2366/3116 3182/2357/3109 3180/2355/3107
f 3190/2365/3117 3191/2367/3118 3182/2357/3109
f 3192/2368/3119 3185/2358/3112 3193/2369/3120
f 3185/2358/3112 3194/2370/3121 3195/2480/3122
f 3196/2374/3123 3197/2481/3124 3198/2372/3125
f 3199/2376/3126 3200/2375/3127 3201/2377/3128
f 3202/2363/3129 3203/2378/3130 3188/2362/3115
f 3204/2379/3131 3205/2380/3132 3203/2378/3130
f 3205/2380/3132 3206/2382/3133 3203/2378/3130
f 3207/2383/3134 3208/2385/3135 3190/2365/3117
f 3198/2372/3125 3209/2384/3136 3208/2385/3135
f 3210/2387/3137 3211/2386/3138 3212/2388/3139
f 3213/2390/3140 3214/2389/3141 3192/2368/3119
f 3211/2386/3138 3215/2391/3142 3214/2389/3141
f 3216/2393/3143 3200/2375/3127 3217/2392/3144
f 3200/2375/3127 3218/2394/3145 3217/2392/3144
f 3188/2362/3115 3206/2382/3133 3219/2364/3146
f 3219/2364/3146 3220/2395/3147 3189/2366/3116
f 3189/2366/3116 3207/2383/3134 3190/2365/3117
f 3208/2385/3135 3221/2396/3148 3191/2367/3118
f 3214/2389/3141 3222/2371/3149 3185/2358/3112
f 3223/2397/3150 3217/2392/3144 3224/2456/3151
f 3225/2399/3152 3226/2398/3153 3227/2400/3154
f 3228/2402/3155 3229/2401/3156 3225/2399/3152
f 3230/2404/3157 3231/2403/3158 3228/2402/3155
f 3230/2404/3157 3232/2405/3159 3196/2374/3123
f 3196/2374/3123 3233/2407/3160 3234/2373/3161
f 3235/2408/3162 3233/2407/3160 3232/2405/3159
f 3236/2411/3163 3237/2449/3164 3238/2409/3165
f 3239/2412/3166 3236/2411/3163 3235/2408/3162
f 3238/2409/3165 3240/2414/3167 3236/2411/3163
f 3241/2415/3168 3227/2400/3154 3242/2381/3169
f 3243/2416/3170 3225/2399/3152 3227/2400/3154
f 3225/2399/3152 3244/2417/3171 3228/2402/3155
f 3228/2402/3155 3245/2419/3172 3230/2404/3157
f 3246/2420/3173 3230/2404/3157 3245/2419/3172
f 3232/2405/3159 3239/2412/3166 3235/2408/3162
f 3235/2408/3162 3240/2414/3167 3247/2451/3174
f 3248/2422/3175 3249/2421/3176 3240/2414/3167
f 3250/2423/3177 3251/2424/3178 3252/2427/3179
f 3251/2424/3178 3253/2426/3180 3252/2427/3179
f 3253/2426/3180 3254/2428/3181 3255/2447/3182
f 3256/2431/3183 3257/2430/3184 3258/2432/3185
f 3259/2433/3186 3257/2430/3184 3260/2446/3187
f 3261/2434/3188 3262/2435/3189 3256/2431/3183
f 3263/2437/3190 3262/2435/3189 3264/2436/3191
f 3262/2435/3189 3265/2438/3192 3266/2482/3193
f 3267/2440/3194 3251/2424/3178 3268/2425/3195
f 3269/2441/3196 3270/2429/3197 3251/2424/3178
f 3271/2442/3198 3270/2429/3197 3272/2443/3199
f 3270/2429/3197 3273/2444/3200 3254/2428/3181
f 3262/2435/3189 3260/2446/3187 3257/2430/3184
f 3255/2447/3182 3274/2413/3201 3253/2426/3180
f 3275/2448/3202 3236/2411/3163 3274/2413/3201
f 3237/2449/3164 3259/2433/3186 3238/2409/3165
f 3227/2400/3154 3205/2380/3132 3242/2381/3169
f 3226/2398/3153 3220/2395/3147 3206/2382/3133
f 3229/2401/3156 3207/2383/3134 3220/2395/3147
f 3207/2383/3134 3196/2374/3123 3198/2372/3125
f 3210/2387/3137 3233/2407/3160 3247/2451/3174
f 3211/2386/3138 3276/2452/3203 3277/2450/3204
f 3247/2451/3174 3249/2421/3176 3276/2452/3203
f 3249/2421/3176 3278/2453/3205 3276/2452/3203
f 3249/2421/3176 3199/2376/3126 3201/2377/3128
f 3279/2455/3206 3223/2397/3150 3224/2456/3151
f 3280/2457/3207 3281/2458/3208 3200/2375/3127
f 3282/2459/3209 3200/2375/3127 3281/2458/3208
f 3213/2390/3140 3212/2388/3139 3211/2386/3138
f 3200/2375/3127 3282/2459/3209 3283/2460/3210
f 3278/2453/3205 3201/2377/3128 3216/2393/3143
f 3275/2448/3202 3255/2447/3182 3254/2428/3181
f 3284/2461/3211 3285/2439/3212 3262/2435/3189
f 3286/2462/3213 3287/2445/3214 3270/2429/3197
f 3246/2420/3173 3245/2419/3172 3288/2463/3215
f 3248/2422/3175 3238/2409/3165 3259/2433/3186
f 3259/2433/3186 3260/2446/3187 3248/2422/3175
f 3163/2339/3090 3113/2290/3040 3114/2291/3041
f 1973/1807/1900 3289/1808/3216 1974/1808/1901
f 1975/1809/1902 3290/1807/3217 1973/1807/1900
f 1977/1811/1904 3291/1809/3218 1975/1809/1902
f 1979/1813/1906 3292/2465/2588 3293/2465/3219
f 1983/1817/1910 3294/1815/3220 1981/1815/1908
f 1981/1815/1908 3295/1825/3221 1991/1825/1918
f 1984/1818/1911 3289/1808/3216 3296/1818/3222
f 1985/1819/1912 3296/1818/3222 3297/1819/3223
f 1985/1819/1912 3298/1821/3224 1987/1821/1914
f 1986/1820/1913 3298/1821/3224 3299/1820/3225
f 1989/1823/1916 3299/1820/3225 3300/1823/3226
f 1988/1822/1915 3300/1823/3226 3301/1822/3227
f 1988/1822/1915 3302/1813/3228 1979/1813/1906
f 1990/1824/1917 3295/1825/3221 3303/1824/3229
f 1990/1824/1917 3304/1840/2590 2006/1840/1933
f 1992/1826/1919 3305/1828/3230 3306/1826/3231
f 1996/1830/1923 3307/1831/3232 1997/1831/1924
f 1999/1833/1926 3308/2464/2582 3309/1833/3233
f 1999/1833/1926 3310/1830/3234 1996/1830/1923
f 1994/1828/1921 3311/1834/3235 3305/1828/3230
f 2001/1835/1928 3307/1831/3232 3312/1835/3236
f 1977/1811/1904 3313/1836/3237 3314/1811/3238
f 1983/1817/1910 3306/1826/3231 3315/1817/3239
f 2005/1839/1932 3304/1840/2590 3316/1839/3240
f 2005/1839/1932 3317/1841/3241 2007/1841/1934
f 3318/2464/3242 2665/1841/2592 2655/2464/2582
f 2010/1844/1937 3319/1843/3243 3320/1844/3244
f 2019/1853/1946 3321/2466/2604 3322/1853/2603
f 2060/1894/1987 3323/1855/3245 2021/1855/1948
f 2024/1858/1951 3323/1855/3245 3324/1858/3246
f 2026/1860/1953 3325/2483/3247 3326/1860/2610
f 2050/1884/1977 3327/1862/2613 2028/1862/1955
f 2031/1865/1958 3319/1843/3243 2009/1843/1936
f 2047/1881/1974 3328/1882/3248 2048/1882/1975
f 2049/1883/1976 3322/1853/2603 3329/1883/3249
f 2049/1883/1976 3330/1856/3250 2022/1856/1949
f 2154/1988/2081 3326/1860/2610 3331/1988/3251
f 2052/1886/1979 3320/1844/3244 3332/1886/3252
f 2052/1886/1979 3333/1887/3253 2053/1887/1980
f 2054/1888/1981 3333/1887/3253 3334/1888/2639
f 2055/1889/1982 3334/1888/2639 3335/1889/2640
f 2056/1890/1983 3335/1889/2640 3336/1890/3254
f 2058/1892/1985 3336/1890/3254 3337/1892/3255
f 2057/1891/1984 3337/1892/3255 3338/1891/3256
f 3339/2466/3257 2715/1891/2642 2677/2466/2604
f 2022/1856/1949 3340/1893/3258 2059/1893/1986
f 2060/1894/1987 3292/2465/2588 3341/1894/3259
f 2024/1858/1951 3311/1834/3235 2000/1834/1927
f 2001/1835/1928 3325/2483/3247 3342/2483/3260
f 2061/1895/1988 3343/1986/3261 3344/1895/3262
f 2062/1896/1989 3344/1895/3262 3345/1896/3263
f 2067/1901/1994 3346/1898/3264 2064/1898/1991
f 2062/1896/1989 3347/1903/3265 2069/1903/1996
f 2069/1903/1996 3348/1881/3266 2047/1881/1974
f 2071/1905/1998 3349/1904/3267 3350/1905/3268
f 2073/1907/2000 3351/1987/3269 3352/1907/3270
f 2145/1979/2072 3353/1909/3271 2075/1909/2002
f 2078/1912/2005 3354/1983/3272 3355/1912/3273
f 2078/1912/2005 3356/1922/3274 2088/1922/2015
f 2071/1905/1998 3357/1980/3275 2146/1980/2073
f 2070/1904/1997 3358/1930/3276 3349/1904/3267
f 2097/1931/2024 3353/1909/3271 3359/1931/2684
f 2100/1934/2027 3360/1981/3277 3361/1934/3278
f 2100/1934/2027 3362/1935/3279 2101/1935/2028
f 2103/1937/2030 3363/1985/3280 3364/1937/3281
f 2104/1938/2031 3364/1937/3281 3365/1938/3282
f 2107/1941/2034 3366/1940/3283 3367/1941/2726
f 2108/1942/2035 3366/1940/3283 2106/1940/2033
f 2108/1942/2035 3362/1935/3279 3368/1942/3284
f 2113/1947/2040 3369/1948/3285 2114/1948/2041
f 2113/1947/2040 3370/1966/3286 3371/1947/3287
f 2117/1951/2044 3372/1950/3288 3373/1951/3289
f 2116/1950/2043 3374/1952/3290 3372/1950/3288
f 2120/1954/2047 3374/1952/3290 2118/1952/2045
f 2120/1954/2047 3375/1955/3291 3376/1954/3292
f 2123/1957/2050 3375/1955/3291 2121/1955/2048
f 2123/1957/2050 3377/1959/3293 3378/1957/2709
f 2124/1958/2051 3379/1982/3294 3380/1958/3295
f 2125/1959/2052 3380/1958/3295 3377/1959/3293
f 3381/2467/3296 3382/1961/3297 2127/1961/2054
f 2129/1963/2056 3383/1964/2736 2130/1964/2057
f 2131/1965/2058 3370/1966/3286 2132/1966/2059
f 2131/1965/2058 3384/1968/3298 3385/1965/3299
f 2134/1968/2061 3386/1967/2720 3384/1968/3298
f 2136/1970/2063 3386/1967/2720 2133/1967/2060
f 2135/1969/2062 3387/1970/3300 2136/1970/2063
f 2137/1971/2064 3365/1938/3282 3388/1971/2723
f 2135/1969/2062 3388/1971/2723 3389/1969/3301
f 2107/1941/2034 3390/1973/3302 2139/1973/2066
f 3391/2467/3303 2801/1975/2728 2787/2467/2714
f 2142/1976/2069 3369/1948/3285 3392/1976/3304
f 2097/1931/2024 3393/1977/3305 2143/1977/2070
f 2144/1978/2071 3393/1977/3305 3394/1978/3306
f 2144/1978/2071 3395/1984/3307 2150/1984/2077
f 2031/1865/1958 3356/1922/3274 3396/1865/3308
f 2059/1893/1986 3313/1836/3237 2002/1836/1929
f 2050/1884/1977 3328/1882/3248 3397/1884/3309
f 2145/1979/2072 3352/1907/3270 3398/1979/2661
f 2146/1980/2073 3399/1975/2728 2141/1975/2068
f 2142/1976/2069 3358/1930/3276 2096/1930/2023
f 2147/1981/2074 3346/1898/3264 3360/1981/3277
f 2067/1901/1994 3400/1929/3310 3401/1901/3311
f 2148/1982/2075 3382/1961/3297 3379/1982/3294
f 2129/1963/2056 3390/1973/3302 3402/1963/3312
f 2117/1951/2044 3403/1943/3313 2109/1943/2036
f 2130/1964/2057 3354/1983/3272 2149/1983/2076
f 2150/1984/2077 3363/1985/3280 2151/1985/2078
f 2152/1986/2079 3327/1862/2613 3343/1986/3261
f 2154/1988/2081 3351/1987/3269 2153/1987/2080
f 2095/1929/2022 3403/1943/3313 3400/1929/3310
f 2155/1989/2082 3404/1993/2741 2159/1993/2086
f 2158/1992/2085 3404/1993/2741 3405/1992/3314
f 3406/2468/3315 2815/1992/2742 2817/2468/2744
f 3407/2468/3316 3408/1996/3317 2162/1996/2089
f 2165/1999/2092 3409/2000/3318 2166/2000/2093
f 2165/1999/2092 3410/2016/3319 3411/1999/3320
f 2166/2000/2093 3412/2001/3321 2167/2001/2094
f 2171/2005/2098 3412/2001/3321 3413/2005/2750
f 2171/2005/2098 3414/2004/3322 2170/2004/2097
f 2170/2004/2097 3415/2470/3323 3416/2470/3324
f 2173/2007/2100 3417/2469/3325 3418/2007/2754
f 2176/2010/2103 3419/2009/3326 3420/2010/3327
f 2155/1989/2082 3421/2011/3328 3422/1989/3329
f 2162/1996/2089 3417/2469/3325 3423/2469/3330
f 2181/2015/2108 3410/2016/3319 2182/2016/2109
f 3416/2470/3324 3424/2017/3331 2183/2017/2110
f 2175/2009/2102 3424/2017/3331 3419/2009/3326
f 2173/2007/2100 3425/2018/3332 2184/2018/2111
f 2185/2019/2112 3425/2018/3332 3426/2019/2792
f 2186/2020/2113 3427/2022/3333 3428/2020/3334
f 2186/2020/2113 3429/2046/3335 2212/2046/2139
f 2190/2024/2117 3430/2030/3336 3431/2024/3337
f 2193/2027/2120 3432/2028/3338 2194/2028/2121
f 2195/2029/2122 3433/2471/2780 3434/2029/3339
f 2195/2029/2122 3430/2030/3336 2196/2030/2123
f 2197/2031/2124 3421/2011/3328 2177/2011/2104
f 2208/2042/2135 3427/2022/3333 2188/2022/2115
f 2210/2044/2137 3435/2043/2795 2209/2043/2136
f 3436/2471/3340 2868/2043/2795 2853/2471/2780
f 2194/2028/2121 3437/2015/2764 2181/2015/2108
f 2275/2109/2202 3420/2010/3327 3438/2109/3341
f 2212/2046/2139 3439/2045/3342 2211/2045/2138
f 2214/2048/2141 3439/2045/3342 3440/2048/3343
f 2213/2047/2140 3440/2048/3343 3441/2047/2798
f 2213/2047/2140 3442/2044/2794 2210/2044/2137
f 2215/2049/2142 3443/2050/2802 2216/2050/2143
f 2215/2049/2142 3444/2052/3344 3445/2049/3345
f 2233/2067/2160 3446/2075/3346 2241/2075/2168
f 2273/2107/2200 3447/2070/2815 3448/2107/3347
f 2238/2072/2165 3444/2052/3344 2218/2052/2145
f 2238/2072/2165 3449/2056/3348 3450/2072/2821
f 2222/2056/2149 3451/2073/3349 3449/2056/3348
f 2225/2059/2152 3452/2074/3350 2240/2074/2167
f 2240/2074/2167 3451/2073/3349 2239/2073/2166
f 2244/2078/2171 3453/2079/3351 2245/2079/2172
f 2244/2078/2171 3454/2100/3352 3455/2078/3353
f 2247/2081/2174 3456/2082/2830 2248/2082/2175
f 2249/2083/2176 3453/2079/3351 3457/2083/3354
f 2252/2086/2179 3458/2115/2865 2281/2115/2208
f 2257/2091/2184 3459/2090/2839 3460/2091/3355
f 2256/2090/2183 3461/2093/3356 3459/2090/2839
f 2259/2093/2186 3462/2092/3357 3461/2093/3356
f 2258/2092/2185 3463/2095/2844 3462/2092/3357
f 2263/2097/2190 3463/2095/2844 2261/2095/2188
f 2262/2096/2189 3464/2097/3358 2263/2097/2190
f 3465/2484/3359 3466/2096/2845 2262/2096/2189
f 2254/2088/2181 3467/2098/3360 2264/2098/2191
f 3468/2484/3361 2920/2098/2847 3469/2484/3362
f 2265/2099/2192 3454/2100/3352 2266/2100/2193
f 2267/2101/2194 3470/2099/2848 2265/2099/2192
f 2267/2101/2194 3471/2103/3363 3472/2101/3364
f 2268/2102/2195 3473/2069/3365 3474/2102/3366
f 2268/2102/2195 3471/2103/3363 2269/2103/2196
f 2270/2104/2197 3475/2105/3367 3476/2104/3368
f 2270/2104/2197 3477/2067/3369 2233/2067/2160
f 2274/2108/2201 3478/2087/3370 3479/2108/2855
f 2252/2086/2179 3448/2107/3347 3480/2086/3371
f 2193/2027/2120 3426/2019/2792 3481/2027/3372
f 2276/2110/2203 3482/2042/3373 2208/2042/2135
f 2190/2024/2117 3483/2111/2858 2277/2111/2204
f 2197/2031/2124 3484/2112/3374 3485/2031/3375
f 2274/2108/2201 3486/2076/3376 2242/2076/2169
f 2225/2059/2152 3487/2062/3377 3488/2059/3378
f 2228/2062/2155 3446/2075/3346 3487/2062/3377
f 2236/2070/2163 3483/2111/2858 3447/2070/2815
f 2279/2113/2206 3457/2083/3354 3489/2113/2863
f 2248/2082/2175 3490/2114/3379 2280/2114/2207
f 2253/2087/2180 3490/2114/3379 3478/2087/3370
f 2247/2081/2174 3460/2091/3355 3491/2081/3380
f 2254/2088/2181 3458/2115/2865 3492/2088/3381
f 2271/2105/2198 3489/2113/2863 3475/2105/3367
f 2242/2076/2169 3473/2069/3365 2235/2069/2162
f 2216/2050/2143 3484/2112/3374 2278/2112/2205
f 2276/2110/2203 3438/2109/3341 3493/2110/2857
f 2341/2175/2268 3494/2117/2867 2283/2117/2210
f 2285/2119/2212 3495/2120/2871 2286/2120/2213
f 2285/2119/2212 3496/2131/3382 3497/2119/3383
f 2288/2122/2215 3498/2472/2874 3499/2122/3384
f 2289/2123/2216 3499/2122/3384 3500/2123/3385
f 2290/2124/2217 3495/2120/2871 3501/2124/3386
f 2290/2124/2217 3502/2116/3387 2282/2116/2209
f 2292/2126/2219 3503/2125/3388 2291/2125/2218
f 2294/2128/2221 3503/2125/3388 3504/2128/3389
f 2294/2128/2221 3505/2127/2878 2293/2127/2220
f 3506/2472/3390 2951/2127/2878 2947/2472/2874
f 2296/2130/2223 3496/2131/3382 2297/2131/2224
f 2295/2129/2222 3507/2142/3391 2308/2142/2235
f 2300/2134/2227 3508/2132/3392 2298/2132/2225
f 2305/2139/2232 3509/2141/3393 2307/2141/2234
f 2307/2141/2234 3510/2140/3394 2306/2140/2233
f 2340/2174/2267 3510/2140/3394 3511/2174/2888
f 2308/2142/2235 3512/2143/2894 2309/2143/2236
f 2289/2123/2216 3513/2157/3395 2323/2157/2250
f 2310/2144/2237 3514/2145/3396 3515/2144/3397
f 2310/2144/2237 3516/2139/3398 2305/2139/2232
f 2295/2129/2222 3494/2117/2867 3517/2129/2880
f 2292/2126/2219 3512/2143/2894 3518/2126/3399
f 2314/2148/2241 3519/2147/3400 3520/2148/3401
f 2316/2150/2243 3521/2134/3402 2300/2134/2227
f 2316/2150/2243 3522/2152/3403 3523/2150/2900
f 2320/2154/2247 3520/2148/3401 3524/2154/3404
f 2322/2156/2249 3513/2157/3395 3525/2156/3405
f 2313/2147/2240 3526/2166/3406 3519/2147/3400
f 2321/2155/2248 3527/2158/3407 3528/2155/3408
f 2325/2159/2252 3529/2160/3409 2326/2160/2253
f 2320/2154/2247 3530/2161/3410 2327/2161/2254
f 2325/2159/2252 3531/2163/3411 3532/2159/3412
f 2327/2161/2254 3533/2162/3413 2328/2162/2255
f 2329/2163/2256 3533/2162/3413 3531/2163/3411
f 2331/2165/2258 3526/2166/3406 2332/2166/2259
f 2330/2164/2257 3534/2179/3414 2345/2179/2272
f 2334/2168/2261 3522/2152/3403 2318/2152/2245
f 2336/2170/2263 3535/2168/3415 2334/2168/2261
f 2335/2169/2262 3536/2170/3416 2336/2170/2263
f 2337/2171/2264 3525/2156/3405 3537/2171/3417
f 2337/2171/2264 3538/2473/3418 3539/2473/3419
f 2338/2172/2265 3538/2473/3418 3540/2172/3420
f 2330/2164/2257 3540/2172/3420 3541/2164/3421
f 2341/2175/2268 3542/2176/3422 3543/2175/3423
f 2282/2116/2209 3542/2176/3422 2342/2176/2269
f 2311/2145/2238 3508/2132/3392 3514/2145/3396
f 2296/2130/2223 3511/2174/2888 3544/2130/3424
f 2326/2160/2253 3545/2177/2927 2343/2177/2270
f 2324/2158/2251 3545/2177/2927 3527/2158/3407
f 2344/2178/2271 3534/2179/3414 3546/2178/3425
f 2344/2178/2271 3547/2165/2915 2331/2165/2258
f 2321/2155/2248 3548/2169/3426 2335/2169/2262
f 2349/2183/2276 3549/2185/3427 2351/2185/2278
f 2509/2343/2436 3549/2185/3427 3550/2343/2935
f 2355/2189/2282 3551/2190/2939 2356/2190/2283
f 2357/2191/2284 3551/2190/2939 3552/2191/2940
f 2359/2193/2286 3552/2191/2940 3553/2193/3428
f 2358/2192/2285 3553/2193/3428 3554/2192/3429
f 2360/2194/2287 3554/2192/3429 3555/2194/3430
f 3556/2474/3431 3017/2194/2944 3019/2474/2946
f 3557/2474/3431 3558/2196/2945 2362/2196/2289
f 2362/2196/2289 3559/2197/3432 2363/2197/2290
f 2365/2199/2292 3560/2200/3433 2366/2200/2293
f 2368/2202/2295 3561/2485/3434 3562/2202/2950
f 2368/2202/2295 3563/2477/3009 3564/2477/3435
f 2376/2210/2303 3565/2212/3436 3566/2210/3437
f 2380/2214/2307 3567/2217/3438 2383/2217/2310
f 2382/2216/2309 3567/2217/3438 3568/2216/3439
f 2382/2216/2309 3569/2476/3008 3570/2476/3440
f 2363/2197/2290 3561/2485/3434 3571/2485/3441
f 2385/2219/2312 3565/2212/3436 2378/2212/2305
f 2386/2220/2313 3572/2222/3442 3573/2220/3443
f 2426/2260/2353 3573/2220/3443 3574/2260/3444
f 2389/2223/2316 3575/2475/3445 3576/2223/3096
f 2392/2226/2319 3577/2347/3446 3578/2226/3447
f 2394/2228/2321 3579/2256/3448 3580/2228/3449
f 2395/2229/2322 3580/2228/3449 3581/2229/3450
f 2421/2255/2348 3582/2231/3451 2397/2231/2324
f 2401/2235/2328 3582/2231/3451 3583/2235/2985
f 2401/2235/2328 3572/2222/3442 2388/2222/2315
f 2385/2219/2312 3584/2237/3092 3585/2219/3452
f 2416/2250/2343 3586/2257/3453 3587/2250/3000
f 2419/2253/2346 3588/2254/3454 2420/2254/2347
f 2421/2255/2348 3589/2344/3005 3590/2255/3455
f 2422/2256/2349 3591/2345/3456 3579/2256/3448
f 3570/2476/3440 3586/2257/3453 2423/2257/2350
f 2365/2199/2292 3588/2254/3454 3592/2199/3457
f 3564/2477/3435 3593/2258/3458 2424/2258/2351
f 2426/2260/2353 3594/2259/3459 2425/2259/2352
f 3595/2475/3460 3083/2259/3010 3048/2475/2975
f 2505/2339/2432 3596/2291/3041 2457/2291/2384
f 2455/2289/2382 3597/2297/3039 3598/2289/3461
f 2505/2339/2432 3599/2318/3462 3600/2339/3090
f 2451/2285/2378 3601/2282/3463 2448/2282/2375
f 2451/2285/2378 3602/2287/3464 3603/2285/3465
f 2452/2286/2379 3602/2287/3464 2453/2287/2380
f 2455/2289/2382 3604/2286/3466 2452/2286/2379
f 2457/2291/2384 3597/2297/3039 2463/2297/2390
f 2474/2308/2401 3605/2279/3467 3606/2308/3468
f 2460/2294/2387 3607/2296/3469 3608/2294/3470
f 2464/2298/2391 3605/2279/3467 2445/2279/2372
f 2465/2299/2392 3609/2301/3471 3610/2299/3472
f 2469/2303/2396 3610/2299/3472 3611/2303/3473
f 2468/2302/2395 3611/2303/3473 3612/2302/3474
f 2472/2306/2399 3612/2302/3474 3613/2306/3475
f 2472/2306/2399 3599/2318/3462 2484/2318/2411
f 3614/2478/3476 3131/2308/3058 3142/2478/3069
f 2477/2311/2404 3609/2301/3471 2467/2301/2394
f 2479/2313/2406 3615/2320/3477 3616/2313/3478
f 2507/2341/2434 3617/2316/3479 2482/2316/2409
f 2458/2292/2385 3618/2319/3480 3619/2292/3481
f 3620/2478/3482 3615/2320/3477 2486/2320/2413
f 2488/2322/2415 3621/2311/3483 2477/2311/2404
f 2488/2322/2415 3622/2324/3484 3623/2322/3485
f 2489/2323/2416 3622/2324/3484 2490/2324/2417
f 2489/2323/2416 3624/2346/3098 3625/2323/3486
f 2493/2327/2420 3626/2325/3487 2491/2325/2418
f 2494/2328/2421 3626/2325/3487 3627/2328/3488
f 2495/2329/2422 3628/2486/3489 3629/2486/3490
f 3629/2486/3490 3630/2330/3079 2496/2330/2423
f 2499/2333/2426 3631/2329/3491 2495/2329/2422
f 2499/2333/2426 3632/2335/3492 3633/2333/3493
f 2500/2334/2427 3634/2479/3494 3635/2334/3495
f 2501/2335/2428 3635/2334/3495 3632/2335/3492
f 2502/2336/2429 3636/2327/3496 2493/2327/2420
f 2496/2330/2423 3637/2336/3086 2502/2336/2429
f 2503/2337/2430 3616/2313/3478 3638/2337/3088
f 2503/2337/2430 3634/2479/3494 3639/2479/3497
f 2504/2338/2431 3617/2316/3479 3640/2338/3498
f 2494/2328/2421 3618/2319/3480 2485/2319/2412
f 2403/2237/2330 3641/2340/3499 3584/2237/3092
f 2464/2298/2391 3578/2226/3447 3642/2298/3500
f 2458/2292/2385 3643/2341/3501 2507/2341/2434
f 2508/2342/2435 3550/2343/2935 3644/2342/3502
f 2349/2183/2276 3566/2210/3437 3645/2183/3503
f 2508/2342/2435 3646/2214/3504 2380/2214/2307
f 2366/2200/2293 3647/2189/3505 2355/2189/2282
f 2424/2258/2351 3589/2344/3005 2510/2344/2437
f 2389/2223/2316 3591/2345/3456 2511/2345/2438
f 2416/2250/2343 3648/2253/3506 2419/2253/2346
f 2448/2282/2375 3607/2296/3469 2462/2296/2389
f 2460/2294/2387 3641/2340/3499 2506/2340/2433
f 2512/2346/2439 3640/2338/3498 3624/2346/3098
f 2513/2347/2440 3581/2229/3450 3577/2347/3446
f 2515/2349/2442 3649/2350/3507 2516/2350/2443
f 2514/2348/2441 3649/2350/3507 3650/2348/3508
f 2517/2351/2444 3651/2353/3106 3652/2351/3509
f 2517/2351/2444 3653/2354/3510 2520/2354/2447
f 2522/2356/2449 3653/2354/3510 3654/2356/3511
f 2533/2367/2460 3654/2356/3511 3655/2367/3512
f 2525/2359/2452 3656/2349/3101 2515/2349/2442
f 2525/2359/2452 3657/2369/3513 3658/2359/3514
f 2526/2360/2453 3650/2348/3508 3659/2360/3515
f 3660/2480/3516 3186/2360/3113 3195/2480/3122
f 2527/2361/2454 3661/2363/3517 3662/2361/3518
f 2527/2361/2454 3651/2353/3106 2519/2353/2446
f 2534/2368/2461 3657/2369/3513 2535/2369/2462
f 2536/2370/2463 3663/2480/3122 3664/2370/3519
f 2536/2370/2463 3665/2371/3520 2537/2371/2464
f 2539/2373/2466 3666/2481/3521 3667/2373/3522
f 2542/2376/2469 3668/2457/3523 3669/2376/3524
f 2545/2379/2472 3661/2363/3517 2529/2363/2456
f 2547/2381/2474 3670/2379/3525 2545/2379/2472
f 2550/2384/2477 3666/2481/3521 3671/2481/3526
f 2553/2387/2480 3672/2388/3527 2554/2388/2481
f 2556/2390/2483 3673/2368/3528 2534/2368/2461
f 2557/2391/2484 3674/2450/3204 2616/2450/2543
f 2558/2392/2485 3675/2394/3529 2560/2394/2487
f 2560/2394/2487 3676/2460/3530 2626/2460/2553
f 2533/2367/2460 3677/2396/3531 2562/2396/2489
f 2562/2396/2489 3678/2384/3532 2550/2384/2477
f 2537/2371/2464 3679/2391/3533 2557/2391/2484
f 2559/2393/2486 3680/2397/3534 2563/2397/2490
f 2622/2456/2549 3681/2392/3535 2558/2392/2485
f 2576/2410/2503 3682/2449/3164 3683/2410/3536
f 2579/2413/2506 3684/2412/3537 2578/2412/2505
f 2547/2381/2474 3685/2415/3168 3686/2381/3538
f 2582/2416/2509 3685/2415/3168 2581/2415/2508
f 2582/2416/2509 3687/2418/3539 3688/2416/3540
f 2583/2417/2510 3687/2418/3539 2584/2418/2511
f 2585/2419/2512 3689/2417/3541 2583/2417/2510
f 2586/2420/2513 3690/2406/3542 3691/2420/3543
f 2578/2412/2505 3690/2406/3542 2572/2406/2499
f 2620/2454/2547 3692/2422/3175 2588/2422/2515
f 2591/2425/2518 3693/2423/3544 2589/2423/2516
f 2593/2427/2520 3693/2423/3544 3694/2427/3545
f 2593/2427/2520 3695/2426/3180 2592/2426/2519
f 2597/2431/2524 3696/2432/3546 2598/2432/2525
f 2602/2436/2529 3697/2434/3188 2600/2434/2527
f 2597/2431/2524 3697/2434/3188 3698/2431/3547
f 2603/2437/2530 3699/2436/3548 2602/2436/2529
f 2627/2461/2554 3700/2437/3549 2603/2437/2530
f 3701/2482/3550 3702/2438/3192 2604/2438/2531
f 2605/2439/2532 3702/2438/3192 3703/2439/3551
f 2606/2440/2533 3704/2425/3552 2591/2425/2518
f 2606/2440/2533 3705/2441/3553 3706/2440/3554
f 2607/2441/2534 3707/2443/3555 3705/2441/3553
f 2608/2442/2535 3707/2443/3555 2609/2443/2536
f 2608/2442/2535 3708/2462/3556 3709/2442/3557
f 2610/2444/2537 3710/2428/3558 3711/2444/3200
f 2610/2444/2537 3712/2445/3559 2611/2445/2538
f 2612/2446/2539 3713/2482/3560 3701/2482/3550
f 2579/2413/2506 3695/2426/3180 3714/2413/3561
f 2576/2410/2503 3715/2448/3562 2614/2448/2541
f 2615/2449/2542 3696/2432/3546 3682/2449/3164
f 2539/2373/2466 3716/2387/3563 2553/2387/2480
f 2618/2452/2545 3674/2450/3204 3717/2452/3564
f 2618/2452/2545 3718/2453/3565 2619/2453/2546
f 2620/2454/2547 3669/2376/3524 3719/2454/3566
f 2563/2397/2490 3720/2455/3567 2621/2455/2548
f 2621/2455/2548 3721/2456/3568 2622/2456/2549
f 2624/2458/2551 3668/2457/3523 2623/2457/2550
f 2624/2458/2551 3722/2459/3569 3723/2458/3570
f 2556/2390/2483 3672/2388/3527 3724/2390/3571
f 2625/2459/2552 3676/2460/3530 3722/2459/3569
f 2559/2393/2486 3718/2453/3565 3725/2393/3572
f 2594/2428/2521 3715/2448/3562 3710/2428/3558
f 2627/2461/2554 3703/2439/3551 3726/2461/3573
f 2611/2445/2538 3708/2462/3556 2628/2462/2555
f 2586/2420/2513 3727/2463/3574 2629/2463/2556
f 2629/2463/2556 3728/2419/3575 2585/2419/2512
f 2588/2422/2515 3729/2446/3576 2612/2446/2539
f 1/1/1 4/4/4 2/2/2
f 4/4/4 13/13/13 5/5/5
f 5/5/5 13/13/13 6/6/6
f 6/6/6 9/9/9 8/8/8
f 9/9/9 17/17/17 10/10/10
f 11/11/11 12/12/12 4/4/4
f 12/12/12 14/14/14 13/13/13
f 14/14/14 15/15/15 6/6/6
f 15/15/15 16/16/16 9/9/9
f 16/16/16 23/23/23 17/17/17
f 18/18/18 19/19/19 12/12/12
f 19/19/19 20/20/20 14/14/14
f 20/20/20 21/21/21 15/15/15
f 21/21/21 22/22/22 16/16/16
f 22/22/22 29/29/29 23/23/23
f 24/24/24 25/25/25 19/19/19
f 25/25/25 26/26/26 20/20/20
f 26/26/26 27/27/27 21/21/21
f 27/27/27 28/28/28 22/22/22
f 28/28/28 35/35/35 29/29/29
f 30/30/30 31/31/31 25/25/25
f 31/31/31 32/32/32 26/26/26
f 32/32/32 33/33/33 27/27/27
f 33/33/33 34/34/34 28/28/28
f 34/34/34 41/41/41 35/35/35
f 36/36/36 37/37/37 31/31/31
f 37/37/37 38/38/38 32/32/32
f 38/38/38 39/39/39 33/33/33
f 39/39/39 40/40/40 34/34/34
f 40/40/40 47/47/47 41/41/41
f 42/42/42 43/43/43 37/37/37
f 43/43/43 44/44/44 38/38/38
f 44/44/44 45/45/45 39/39/39
f 45/45/45 46/46/46 40/40/40
f 46/46/46 53/53/53 47/47/47
f 48/48/48 49/49/49 43/43/43
f 49/49/49 50/50/50 44/44/44
f 50/50/50 51/51/51 45/45/45
f 51/51/51 52/52/52 46/46/46
f 52/52/52 59/59/59 53/53/53
f 54/54/54 55/55/55 49/49/49
f 55/55/55 56/56/56 50/50/50
f 56/56/56 57/57/57 51/51/51
f 57/57/57 58/58/58 52/52/52
f 58/58/58 65/65/65 59/59/59
f 60/60/60 61/61/61 55/55/55
f 61/61/61 62/62/62 56/56/56
f 62/62/62 63/63/63 57/57/57
f 63/63/63 64/64/64 58/58/58
f 64/64/64 71/71/71 65/65/65
f 66/66/66 67/67/67 61/61/61
f 67/67/67 68/68/68 62/62/62
f 68/68/68 69/69/69 63/63/63
f 69/69/69 70/70/70 64/64/64
f 70/70/70 77/77/77 71/71/71
f 72/72/72 73/73/73 67/67/67
f 73/73/73 74/74/74 68/68/68
f 74/74/74 75/75/75 69/69/69
f 75/75/75 76/76/76 70/70/70
f 76/76/76 3730/2487/706 77/77/77
f 78/78/78 81/81/81 79/79/79
f 81/81/81 83/83/83 82/82/82
f 83/83/83 85/85/85 84/84/84
f 85/85/85 87/87/87 86/86/86
f 87/87/87 89/89/89 88/88/88
f 89/89/89 91/91/91 90/90/90
f 91/91/91 93/93/93 92/92/92
f 93/93/93 95/95/95 94/94/94
f 95/95/95 97/97/97 96/96/96
f 97/97/97 99/99/99 98/98/98
f 99/99/99 115/115/115 100/100/100
f 101/101/101 116/116/116 102/102/102
f 104/104/104 105/105/105 81/81/81
f 105/105/105 106/106/106 83/83/83
f 106/106/106 107/107/107 85/85/85
f 107/107/107 108/108/108 87/87/87
f 108/108/108 109/109/109 89/89/89
f 109/109/109 110/110/110 91/91/91
f 110/110/110 111/111/111 93/93/93
f 111/111/111 112/112/112 95/95/95
f 112/112/112 113/113/113 97/97/97
f 113/113/113 114/114/114 99/99/99
f 114/114/114 129/129/129 115/115/115
f 116/116/116 130/130/130 117/117/117
f 118/118/118 119/119/119 105/105/105
f 119/119/119 120/120/120 106/106/106
f 120/120/120 121/121/121 107/107/107
f 121/121/121 122/122/122 108/108/108
f 122/122/122 123/123/123 109/109/109
f 123/123/123 124/124/124 110/110/110
f 124/124/124 125/125/125 111/111/111
f 125/125/125 126/126/126 112/112/112
f 126/126/126 127/127/127 113/113/113
f 127/127/127 128/128/128 114/114/114
f 128/128/128 143/143/143 129/129/129
f 130/130/130 144/144/144 131/131/131
f 132/132/132 133/133/133 119/119/119
f 133/133/133 134/134/134 120/120/120
f 134/134/134 135/135/135 121/121/121
f 135/135/135 136/136/136 122/122/122
f 136/136/136 137/137/137 123/123/123
f 137/137/137 138/138/138 124/124/124
f 138/138/138 139/139/139 125/125/125
f 139/139/139 140/140/140 126/126/126
f 140/140/140 141/141/141 127/127/127
f 141/141/141 142/142/142 128/128/128
f 142/142/142 1644/1579/1576 143/143/143
f 144/144/144 662/662/644 145/145/145
f 146/146/146 201/201/201 147/147/147
f 148/148/148 147/147/147 149/149/149
f 150/150/150 149/149/149 151/151/151
f 151/151/151 1866/1769/1794 153/153/153
f 154/154/154 157/157/157 155/155/155
f 157/157/157 159/159/159 158/158/158
f 159/159/159 161/161/161 160/160/160
f 161/161/161 163/163/163 162/162/162
f 163/163/163 1641/1576/1574 164/164/164
f 156/156/156 155/155/155 165/165/165
f 155/155/155 158/158/158 167/167/167
f 158/158/158 160/160/160 168/168/168
f 160/160/160 162/162/162 169/169/169
f 162/162/162 164/164/164 170/170/170
f 166/166/166 165/165/165 171/171/171
f 165/165/165 167/167/167 173/173/173
f 167/167/167 168/168/168 174/174/174
f 168/168/168 169/169/169 175/175/175
f 169/169/169 170/170/170 176/176/176
f 172/172/172 171/171/171 177/177/177
f 171/171/171 173/173/173 179/179/179
f 173/173/173 174/174/174 180/180/180
f 174/174/174 175/175/175 181/181/181
f 175/175/175 176/176/176 182/182/182
f 178/178/178 177/177/177 183/183/183
f 177/177/177 179/179/179 185/185/185
f 179/179/179 180/180/180 186/186/186
f 180/180/180 181/181/181 187/187/187
f 181/181/181 182/182/182 188/188/188
f 184/184/184 183/183/183 189/189/189
f 183/183/183 185/185/185 191/191/191
f 185/185/185 186/186/186 192/192/192
f 186/186/186 187/187/187 193/193/193
f 187/187/187 188/188/188 194/194/194
f 190/190/190 189/189/189 195/195/195
f 189/189/189 191/191/191 197/197/197
f 191/191/191 192/192/192 198/198/198
f 192/192/192 193/193/193 199/199/199
f 193/193/193 194/194/194 200/200/200
f 196/196/196 195/195/195 73/73/73
f 195/195/195 197/197/197 74/74/74
f 198/198/198 75/75/75 74/74/74
f 199/199/199 76/76/76 75/75/75
f 200/200/200 3730/2487/706 76/76/76
f 201/201/201 206/206/206 202/202/202
f 147/147/147 202/202/202 203/203/203
f 149/149/149 203/203/203 204/204/204
f 206/206/206 211/211/211 207/207/207
f 202/202/202 207/207/207 208/208/208
f 203/203/203 208/208/208 209/209/209
f 204/204/204 209/209/209 210/210/210
f 211/211/211 216/216/216 212/212/212
f 207/207/207 212/212/212 213/213/213
f 208/208/208 213/213/213 214/214/214
f 209/209/209 214/214/214 215/215/215
f 216/216/216 221/221/221 217/217/217
f 212/212/212 217/217/217 218/218/218
f 213/213/213 218/218/218 219/219/219
f 214/214/214 219/219/219 220/220/220
f 221/221/221 226/226/226 222/222/222
f 217/217/217 222/222/222 223/223/223
f 218/218/218 223/223/223 224/224/224
f 219/219/219 224/224/224 225/225/225
f 226/226/226 231/231/231 227/227/227
f 222/222/222 227/227/227 228/228/228
f 223/223/223 228/228/228 229/229/229
f 224/224/224 229/229/229 230/230/230
f 231/231/231 236/236/236 232/232/232
f 227/227/227 232/232/232 233/233/233
f 228/228/228 233/233/233 234/234/234
f 229/229/229 234/234/234 235/235/235
f 236/236/236 132/132/132 118/118/118
f 232/232/232 118/118/118 104/104/104
f 104/104/104 78/78/78 234/234/234
f 78/78/78 80/80/80 235/235/235
f 237/237/237 240/240/240 238/238/238
f 240/240/240 242/242/242 241/241/241
f 242/242/242 257/257/255 243/243/243
f 243/243/243 257/257/255 244/244/244
f 245/245/245 244/244/244 246/246/246
f 247/247/247 246/246/246 248/248/248
f 249/249/249 248/248/248 250/250/250
f 251/251/251 250/250/250 252/252/100
f 254/254/252 255/255/253 240/240/240
f 255/255/253 256/256/254 242/242/242
f 256/256/254 258/258/256 257/257/255
f 258/258/256 259/259/257 244/244/244
f 259/259/257 260/260/258 246/246/246
f 260/260/258 261/261/259 248/248/248
f 261/261/259 262/262/260 250/250/250
f 262/262/260 271/271/98 252/252/100
f 263/263/261 264/264/262 255/255/253
f 264/264/262 265/265/263 256/256/254
f 265/265/263 266/266/264 258/258/256
f 266/266/264 267/267/265 259/259/257
f 267/267/265 268/268/266 260/260/258
f 268/268/266 269/269/267 261/261/259
f 269/269/267 270/270/268 262/262/260
f 270/270/268 280/280/96 271/271/98
f 272/272/269 273/273/270 264/264/262
f 273/273/270 274/274/271 265/265/263
f 274/274/271 275/275/272 266/266/264
f 275/275/272 276/276/273 267/267/265
f 276/276/273 277/277/274 268/268/266
f 277/277/274 278/278/275 269/269/267
f 278/278/275 279/279/276 270/270/268
f 279/279/276 289/289/94 280/280/96
f 281/281/277 282/282/278 273/273/270
f 282/282/278 283/283/279 274/274/271
f 283/283/279 284/284/280 275/275/272
f 284/284/280 285/285/281 276/276/273
f 285/285/281 286/286/282 277/277/274
f 286/286/282 287/287/283 278/278/275
f 287/287/283 288/288/284 279/279/276
f 288/288/284 298/298/92 289/289/94
f 290/290/285 291/291/286 282/282/278
f 291/291/286 292/292/287 283/283/279
f 292/292/287 293/293/288 284/284/280
f 293/293/288 294/294/289 285/285/281
f 294/294/289 295/295/290 286/286/282
f 295/295/290 296/296/291 287/287/283
f 296/296/291 297/297/292 288/288/284
f 297/297/292 307/307/90 298/298/92
f 299/299/293 300/300/294 291/291/286
f 300/300/294 301/301/295 292/292/287
f 301/301/295 302/302/296 293/293/288
f 302/302/296 303/303/297 294/294/289
f 303/303/297 304/304/298 295/295/290
f 304/304/298 305/305/299 296/296/291
f 305/305/299 306/306/300 297/297/292
f 306/306/300 316/316/88 307/307/90
f 308/308/301 309/309/302 300/300/294
f 309/309/302 310/310/303 301/301/295
f 310/310/303 311/311/304 302/302/296
f 311/311/304 312/312/305 303/303/297
f 312/312/305 313/313/306 304/304/298
f 313/313/306 314/314/307 305/305/299
f 314/314/307 315/315/308 306/306/300
f 315/315/308 325/325/317 316/316/88
f 317/317/309 318/318/310 309/309/302
f 318/318/310 319/319/311 310/310/303
f 319/319/311 320/320/312 311/311/304
f 320/320/312 321/321/313 312/312/305
f 321/321/313 322/322/314 313/313/306
f 322/322/314 323/323/315 314/314/307
f 323/323/315 324/324/316 315/315/308
f 324/324/316 334/334/326 325/325/317
f 326/326/318 327/327/319 318/318/310
f 327/327/319 328/328/320 319/319/311
f 328/328/320 329/329/321 320/320/312
f 329/329/321 330/330/322 321/321/313
f 330/330/322 331/331/323 322/322/314
f 331/331/323 332/332/324 323/323/315
f 332/332/324 333/333/325 324/324/316
f 333/333/325 343/343/82 334/334/326
f 335/335/327 336/336/328 327/327/319
f 336/336/328 337/337/329 328/328/320
f 337/337/329 338/338/330 329/329/321
f 338/338/330 339/339/331 330/330/322
f 339/339/331 340/340/332 331/331/323
f 340/340/332 341/341/333 332/332/324
f 341/341/333 342/342/334 333/333/325
f 342/342/334 352/352/343 343/343/82
f 344/344/335 345/345/336 336/336/328
f 345/345/336 346/346/337 337/337/329
f 346/346/337 347/347/338 338/338/330
f 347/347/338 348/348/339 339/339/331
f 348/348/339 349/349/340 340/340/332
f 349/349/340 350/350/341 341/341/333
f 350/350/341 351/351/342 342/342/334
f 351/351/342 558/558/80 352/352/343
f 353/353/344 355/355/346 237/237/237
f 354/354/345 357/357/348 355/355/346
f 356/356/347 359/359/350 357/357/348
f 356/356/347 360/360/351 358/358/349
f 360/360/351 362/362/353 361/361/352
f 362/362/353 364/364/355 363/363/354
f 364/364/355 366/366/357 365/365/356
f 366/366/357 1645/1580/1577 367/367/17
f 355/355/346 368/368/358 254/254/252
f 357/357/348 369/369/359 368/368/358
f 359/359/350 370/370/360 369/369/359
f 358/358/349 371/371/361 370/370/360
f 361/361/352 372/372/362 371/371/361
f 363/363/354 373/373/363 372/372/362
f 365/365/356 374/374/364 373/373/363
f 367/367/17 381/381/23 374/374/364
f 368/368/358 375/375/365 263/263/261
f 369/369/359 376/376/366 375/375/365
f 370/370/360 377/377/367 376/376/366
f 371/371/361 378/378/368 377/377/367
f 372/372/362 379/379/369 378/378/368
f 373/373/363 380/380/370 379/379/369
f 374/374/364 382/382/371 380/380/370
f 381/381/23 389/389/29 382/382/371
f 375/375/365 383/383/372 272/272/269
f 376/376/366 384/384/373 383/383/372
f 377/377/367 385/385/374 384/384/373
f 378/378/368 386/386/375 385/385/374
f 379/379/369 387/387/376 386/386/375
f 380/380/370 388/388/377 387/387/376
f 382/382/371 390/390/378 388/388/377
f 389/389/29 397/397/35 390/390/378
f 383/383/372 391/391/379 281/281/277
f 384/384/373 392/392/380 391/391/379
f 385/385/374 393/393/381 392/392/380
f 386/386/375 394/394/382 393/393/381
f 387/387/376 395/395/383 394/394/382
f 388/388/377 396/396/384 395/395/383
f 390/390/378 398/398/385 396/396/384
f 397/397/35 405/405/41 398/398/385
f 391/391/379 399/399/386 290/290/285
f 392/392/380 400/400/387 399/399/386
f 393/393/381 401/401/388 400/400/387
f 394/394/382 402/402/389 401/401/388
f 395/395/383 403/403/390 402/402/389
f 396/396/384 404/404/391 403/403/390
f 398/398/385 406/406/392 404/404/391
f 405/405/41 413/413/399 406/406/392
f 399/399/386 407/407/393 299/299/293
f 400/400/387 408/408/394 407/407/393
f 401/401/388 409/409/395 408/408/394
f 402/402/389 410/410/396 409/409/395
f 403/403/390 411/411/397 410/410/396
f 404/404/391 412/412/398 411/411/397
f 406/406/392 414/414/400 412/412/398
f 413/413/399 421/421/53 414/414/400
f 407/407/393 415/415/401 308/308/301
f 408/408/394 416/416/402 415/415/401
f 409/409/395 417/417/403 416/416/402
f 410/410/396 418/418/404 417/417/403
f 411/411/397 419/419/405 418/418/404
f 412/412/398 420/420/406 419/419/405
f 414/414/400 422/422/407 420/420/406
f 421/421/53 429/429/414 422/422/407
f 415/415/401 423/423/408 317/317/309
f 416/416/402 424/424/409 423/423/408
f 417/417/403 425/425/410 424/424/409
f 418/418/404 426/426/411 425/425/410
f 419/419/405 427/427/412 426/426/411
f 420/420/406 428/428/413 427/427/412
f 422/422/407 430/430/415 428/428/413
f 429/429/414 437/437/65 430/430/415
f 423/423/408 431/431/416 326/326/318
f 424/424/409 432/432/417 431/431/416
f 425/425/410 433/433/418 432/432/417
f 426/426/411 434/434/419 433/433/418
f 427/427/412 435/435/420 434/434/419
f 428/428/413 436/436/421 435/435/420
f 430/430/415 438/438/422 436/436/421
f 437/437/65 445/445/71 438/438/422
f 431/431/416 439/439/423 335/335/327
f 432/432/417 440/440/424 439/439/423
f 433/433/418 441/441/425 440/440/424
f 434/434/419 442/442/426 441/441/425
f 435/435/420 443/443/427 442/442/426
f 436/436/421 444/444/428 443/443/427
f 438/438/422 446/446/429 444/444/428
f 445/445/71 453/453/436 446/446/429
f 439/439/423 447/447/430 344/344/335
f 440/440/424 448/448/431 447/447/430
f 441/441/425 449/449/432 448/448/431
f 442/442/426 450/450/433 449/449/432
f 443/443/427 451/451/434 450/450/433
f 444/444/428 452/452/435 451/451/434
f 446/446/429 454/454/437 452/452/435
f 453/453/436 3731/2488/706 454/454/437
f 455/455/438 458/458/441 456/456/439
f 458/458/441 460/460/443 459/459/442
f 460/460/443 462/462/445 461/461/444
f 462/462/445 464/464/447 463/463/446
f 464/464/447 467/467/450 465/465/448
f 466/466/449 469/469/452 465/465/448
f 468/468/451 471/471/454 469/469/452
f 470/470/453 1867/1770/1795 471/471/454
f 455/455/438 457/457/440 472/472/455
f 473/473/456 472/472/455 474/474/457
f 475/475/458 474/474/457 476/476/459
f 477/477/460 476/476/459 478/478/461
f 479/479/462 478/478/461 480/480/463
f 480/480/463 483/483/466 482/482/465
f 483/483/466 485/485/468 484/484/467
f 485/485/468 495/495/478 486/486/469
f 457/457/440 496/496/479 487/487/470
f 472/472/455 487/487/470 488/488/471
f 474/474/457 488/488/471 489/489/472
f 476/476/459 489/489/472 490/490/473
f 478/478/461 490/490/473 491/491/474
f 480/480/463 491/491/474 492/492/475
f 483/483/466 492/492/475 493/493/476
f 485/485/468 493/493/476 494/494/477
f 496/496/479 505/505/488 497/497/480
f 487/487/470 497/497/480 498/498/481
f 488/488/471 498/498/481 499/499/482
f 489/489/472 499/499/482 500/500/483
f 490/490/473 500/500/483 501/501/484
f 491/491/474 501/501/484 502/502/485
f 492/492/475 502/502/485 503/503/486
f 493/493/476 503/503/486 504/504/487
f 505/505/488 514/514/497 506/506/489
f 497/497/480 506/506/489 507/507/490
f 498/498/481 507/507/490 508/508/491
f 499/499/482 508/508/491 509/509/492
f 500/500/483 509/509/492 510/510/493
f 501/501/484 510/510/493 511/511/494
f 502/502/485 511/511/494 512/512/495
f 503/503/486 512/512/495 513/513/496
f 514/514/497 523/523/506 515/515/498
f 506/506/489 515/515/498 516/516/499
f 507/507/490 516/516/499 517/517/500
f 508/508/491 517/517/500 518/518/501
f 509/509/492 518/518/501 519/519/502
f 510/510/493 519/519/502 520/520/503
f 511/511/494 520/520/503 521/521/504
f 512/512/495 521/521/504 522/522/505
f 523/523/506 532/532/515 524/524/507
f 515/515/498 524/524/507 525/525/508
f 516/516/499 525/525/508 526/526/509
f 517/517/500 526/526/509 527/527/510
f 518/518/501 527/527/510 528/528/511
f 519/519/502 528/528/511 529/529/512
f 520/520/503 529/529/512 530/530/513
f 521/521/504 530/530/513 531/531/514
f 532/532/515 541/541/524 533/533/516
f 524/524/507 533/533/516 534/534/517
f 525/525/508 534/534/517 535/535/518
f 526/526/509 535/535/518 536/536/519
f 527/527/510 536/536/519 537/537/520
f 528/528/511 537/537/520 538/538/521
f 529/529/512 538/538/521 539/539/522
f 530/530/513 539/539/522 540/540/523
f 541/541/524 549/549/532 542/542/525
f 533/533/516 542/542/525 543/543/526
f 534/534/517 543/543/526 544/544/527
f 535/535/518 544/544/527 545/545/528
f 536/536/519 545/545/528 546/546/529
f 546/546/529 547/547/530 538/538/521
f 547/547/530 548/548/531 539/539/522
f 548/548/531 550/550/533 540/540/523
f 549/549/532 344/344/335 447/447/430
f 542/542/525 447/447/430 448/448/431
f 543/543/526 448/448/431 449/449/432
f 449/449/432 450/450/433 545/545/528
f 450/450/433 451/451/434 546/546/529
f 451/451/434 452/452/435 547/547/530
f 452/452/435 454/454/437 548/548/531
f 454/454/437 3731/2488/706 550/550/533
f 549/549/532 551/551/534 345/345/336
f 551/551/534 552/552/535 346/346/337
f 552/552/535 561/561/543 347/347/338
f 347/347/338 561/561/543 553/553/536
f 348/348/339 553/553/536 554/554/537
f 349/349/340 554/554/537 555/555/538
f 350/350/341 555/555/538 556/556/539
f 351/351/342 556/556/539 557/557/540
f 541/541/524 559/559/541 551/551/534
f 559/559/541 560/560/542 552/552/535
f 560/560/542 562/562/544 561/561/543
f 562/562/544 563/563/545 553/553/536
f 563/563/545 571/571/553 554/554/537
f 554/554/537 571/571/553 564/564/546
f 555/555/538 564/564/546 565/565/547
f 556/556/539 565/565/547 566/566/548
f 532/532/515 567/567/549 559/559/541
f 567/567/549 568/568/550 560/560/542
f 568/568/550 569/569/551 562/562/544
f 569/569/551 570/570/552 563/563/545
f 570/570/552 572/572/554 571/571/553
f 572/572/554 573/573/555 564/564/546
f 573/573/555 574/574/556 565/565/547
f 574/574/556 582/582/564 566/566/548
f 523/523/506 575/575/557 567/567/549
f 575/575/557 576/576/558 568/568/550
f 576/576/558 577/577/559 569/569/551
f 577/577/559 578/578/560 570/570/552
f 578/578/560 579/579/561 572/572/554
f 579/579/561 580/580/562 573/573/555
f 580/580/562 581/581/563 574/574/556
f 581/581/563 590/590/572 582/582/564
f 514/514/497 583/583/565 575/575/557
f 583/583/565 584/584/566 576/576/558
f 584/584/566 585/585/567 577/577/559
f 585/585/567 586/586/568 578/578/560
f 586/586/568 587/587/569 579/579/561
f 587/587/569 588/588/570 580/580/562
f 588/588/570 589/589/571 581/581/563
f 589/589/571 598/598/580 590/590/572
f 505/505/488 591/591/573 583/583/565
f 591/591/573 592/592/574 584/584/566
f 592/592/574 593/593/575 585/585/567
f 593/593/575 594/594/576 586/586/568
f 594/594/576 595/595/577 587/587/569
f 595/595/577 596/596/578 588/588/570
f 596/596/578 597/597/579 589/589/571
f 597/597/579 606/606/588 598/598/580
f 496/496/479 599/599/581 591/591/573
f 599/599/581 600/600/582 592/592/574
f 600/600/582 601/601/583 593/593/575
f 601/601/583 602/602/584 594/594/576
f 602/602/584 603/603/585 595/595/577
f 603/603/585 604/604/586 596/596/578
f 604/604/586 605/605/587 597/597/579
f 605/605/587 607/607/589 606/606/588
f 457/457/440 456/456/439 599/599/581
f 456/456/439 459/459/442 600/600/582
f 459/459/442 461/461/444 601/601/583
f 461/461/444 463/463/446 602/602/584
f 463/463/446 465/465/448 603/603/585
f 465/465/448 469/469/452 604/604/586
f 469/469/452 471/471/454 605/605/587
f 608/608/590 611/611/593 609/609/591
f 611/611/593 613/613/595 612/612/594
f 613/613/595 615/615/597 614/614/596
f 615/615/597 617/617/599 616/616/598
f 617/617/599 619/619/601 618/618/600
f 619/619/601 621/621/603 620/620/602
f 621/621/603 623/623/605 622/622/604
f 623/623/605 625/625/607 624/624/606
f 625/625/607 627/627/609 626/626/608
f 627/627/609 629/629/611 628/628/610
f 629/629/611 1247/1247/1207 630/630/612
f 631/631/613 1365/1331/1323 632/632/614
f 610/610/592 609/609/591 634/634/616
f 609/609/591 612/612/594 636/636/618
f 612/612/594 614/614/596 637/637/619
f 614/614/596 616/616/598 638/638/620
f 616/616/598 618/618/600 639/639/621
f 618/618/600 620/620/602 640/640/622
f 620/620/602 622/622/604 641/641/623
f 622/622/604 624/624/606 642/642/624
f 624/624/606 626/626/608 643/643/625
f 628/628/610 645/645/627 643/643/625
f 628/628/610 630/630/612 644/644/626
f 632/632/614 1365/1331/1323 646/646/628
f 635/635/617 634/634/616 648/648/630
f 634/634/616 636/636/618 650/650/632
f 636/636/618 637/637/619 651/651/633
f 637/637/619 638/638/620 652/652/634
f 638/638/620 639/639/621 653/653/635
f 639/639/621 640/640/622 654/654/636
f 641/641/623 656/656/638 654/654/636
f 641/641/623 642/642/624 655/655/637
f 642/642/624 643/643/625 657/657/639
f 645/645/627 658/658/640 657/657/639
f 644/644/626 660/660/642 658/658/640
f 646/646/628 661/661/643 659/659/641
f 649/649/631 648/648/630 133/133/133
f 648/648/630 650/650/632 134/134/134
f 650/650/632 651/651/633 135/135/135
f 651/651/633 652/652/634 136/136/136
f 652/652/634 653/653/635 137/137/137
f 653/653/635 654/654/636 138/138/138
f 654/654/636 656/656/638 139/139/139
f 656/656/638 655/655/637 140/140/140
f 655/655/637 657/657/639 141/141/141
f 657/657/639 658/658/640 142/142/142
f 660/660/642 1644/1579/1576 142/142/142
f 661/661/643 145/145/145 662/662/644
f 663/663/645 666/666/648 664/664/646
f 666/666/648 668/668/650 667/667/649
f 668/668/650 670/670/652 669/669/651
f 670/670/652 672/672/654 671/671/653
f 672/672/654 674/674/656 673/673/655
f 674/674/656 676/676/658 675/675/657
f 676/676/658 678/678/660 677/677/659
f 678/678/660 608/608/590 610/610/592
f 665/665/647 664/664/646 679/679/661
f 664/664/646 667/667/649 681/681/663
f 667/667/649 669/669/651 682/682/664
f 669/669/651 671/671/653 683/683/665
f 671/671/653 673/673/655 684/684/666
f 673/673/655 675/675/657 685/685/667
f 675/675/657 677/677/659 686/686/668
f 677/677/659 610/610/592 635/635/617
f 680/680/662 679/679/661 687/687/669
f 679/679/661 681/681/663 689/689/671
f 681/681/663 682/682/664 690/690/672
f 682/682/664 683/683/665 691/691/673
f 683/683/665 684/684/666 692/692/674
f 684/684/666 685/685/667 693/693/675
f 685/685/667 686/686/668 694/694/676
f 686/686/668 635/635/617 649/649/631
f 688/688/670 687/687/669 206/206/206
f 687/687/669 689/689/671 211/211/211
f 689/689/671 690/690/672 216/216/216
f 690/690/672 691/691/673 221/221/221
f 691/691/673 692/692/674 226/226/226
f 692/692/674 693/693/675 231/231/231
f 693/693/675 694/694/676 236/236/236
f 694/694/676 649/649/631 132/132/132
f 695/695/677 726/726/708 696/696/678
f 696/696/678 726/726/708 698/698/680
f 698/698/680 701/701/683 700/700/682
f 701/701/683 703/703/685 702/702/684
f 703/703/685 705/705/687 704/704/686
f 705/705/687 707/707/689 706/706/688
f 707/707/689 709/709/691 708/708/690
f 709/709/691 711/711/693 710/710/692
f 711/711/693 713/713/695 712/712/694
f 713/713/695 715/715/697 714/714/696
f 715/715/697 717/717/699 716/716/698
f 717/717/699 719/719/701 718/718/700
f 719/719/701 721/721/703 720/720/702
f 721/721/703 723/723/705 722/722/704
f 723/723/705 741/741/723 724/724/706
f 725/725/707 727/727/709 726/726/708
f 727/727/709 728/728/710 698/698/680
f 728/728/710 729/729/711 701/701/683
f 729/729/711 730/730/712 703/703/685
f 730/730/712 731/731/713 705/705/687
f 731/731/713 732/732/714 707/707/689
f 732/732/714 733/733/715 709/709/691
f 733/733/715 734/734/716 711/711/693
f 734/734/716 735/735/717 713/713/695
f 735/735/717 736/736/718 715/715/697
f 736/736/718 737/737/719 717/717/699
f 737/737/719 738/738/720 719/719/701
f 738/738/720 739/739/721 721/721/703
f 739/739/721 740/740/722 723/723/705
f 740/740/722 757/757/739 741/741/723
f 742/742/724 743/743/725 727/727/709
f 743/743/725 744/744/726 728/728/710
f 744/744/726 745/745/727 729/729/711
f 745/745/727 746/746/728 730/730/712
f 746/746/728 747/747/729 731/731/713
f 747/747/729 748/748/730 732/732/714
f 748/748/730 749/749/731 733/733/715
f 749/749/731 750/750/732 734/734/716
f 750/750/732 751/751/733 735/735/717
f 751/751/733 752/752/734 736/736/718
f 752/752/734 753/753/735 737/737/719
f 753/753/735 754/754/736 738/738/720
f 754/754/736 755/755/737 739/739/721
f 755/755/737 756/756/738 740/740/722
f 756/756/738 773/773/514 757/757/739
f 758/758/740 759/759/741 743/743/725
f 759/759/741 760/760/742 744/744/726
f 760/760/742 761/761/743 745/745/727
f 761/761/743 762/762/744 746/746/728
f 762/762/744 763/763/745 747/747/729
f 763/763/745 764/764/746 748/748/730
f 764/764/746 765/765/747 749/749/731
f 765/765/747 766/766/748 750/750/732
f 766/766/748 767/767/749 751/751/733
f 767/767/749 768/768/750 752/752/734
f 768/768/750 769/769/751 753/753/735
f 769/769/751 770/770/752 754/754/736
f 770/770/752 771/771/753 755/755/737
f 771/771/753 772/772/754 756/756/738
f 772/772/754 789/789/505 773/773/514
f 774/774/755 775/775/756 759/759/741
f 775/775/756 776/776/757 760/760/742
f 776/776/757 777/777/758 761/761/743
f 777/777/758 778/778/759 762/762/744
f 778/778/759 779/779/760 763/763/745
f 779/779/760 780/780/761 764/764/746
f 780/780/761 781/781/762 765/765/747
f 781/781/762 782/782/763 766/766/748
f 782/782/763 783/783/764 767/767/749
f 783/783/764 784/784/765 768/768/750
f 784/784/765 785/785/766 769/769/751
f 785/785/766 786/786/767 770/770/752
f 786/786/767 787/787/768 771/771/753
f 787/787/768 788/788/769 772/772/754
f 788/788/769 805/805/496 789/789/505
f 790/790/770 791/791/771 775/775/756
f 791/791/771 792/792/772 776/776/757
f 792/792/772 793/793/773 777/777/758
f 793/793/773 794/794/774 778/778/759
f 794/794/774 795/795/775 779/779/760
f 795/795/775 796/796/776 780/780/761
f 796/796/776 797/797/777 781/781/762
f 797/797/777 798/798/778 782/782/763
f 798/798/778 799/799/779 783/783/764
f 799/799/779 800/800/780 784/784/765
f 800/800/780 801/801/781 785/785/766
f 801/801/781 802/802/782 786/786/767
f 802/802/782 803/803/783 787/787/768
f 803/803/783 804/804/784 788/788/769
f 804/804/784 820/820/487 805/805/496
f 790/790/770 821/821/799 806/806/785
f 806/806/785 807/807/786 792/792/772
f 807/807/786 808/808/787 793/793/773
f 808/808/787 809/809/788 794/794/774
f 809/809/788 810/810/789 795/795/775
f 810/810/789 811/811/790 796/796/776
f 811/811/790 812/812/791 797/797/777
f 812/812/791 813/813/792 798/798/778
f 813/813/792 814/814/793 799/799/779
f 814/814/793 815/815/794 800/800/780
f 815/815/794 816/816/795 801/801/781
f 816/816/795 817/817/796 802/802/782
f 817/817/796 818/818/797 803/803/783
f 818/818/797 819/819/798 804/804/784
f 819/819/798 836/836/814 820/820/487
f 821/821/799 838/838/816 822/822/800
f 822/822/800 823/823/801 807/807/786
f 823/823/801 824/824/802 808/808/787
f 824/824/802 825/825/803 809/809/788
f 825/825/803 826/826/804 810/810/789
f 826/826/804 827/827/805 811/811/790
f 827/827/805 828/828/806 812/812/791
f 828/828/806 829/829/807 813/813/792
f 829/829/807 830/830/808 814/814/793
f 830/830/808 831/831/809 815/815/794
f 831/831/809 832/832/810 816/816/795
f 832/832/810 833/833/811 817/817/796
f 833/833/811 834/834/812 818/818/797
f 834/834/812 835/835/813 819/819/798
f 835/835/813 853/853/478 836/836/814
f 837/837/815 839/839/817 822/822/800
f 839/839/817 856/856/833 823/823/801
f 823/823/801 856/856/833 840/840/818
f 824/824/802 840/840/818 841/841/819
f 825/825/803 841/841/819 842/842/820
f 826/826/804 842/842/820 843/843/821
f 827/827/805 843/843/821 844/844/822
f 828/828/806 844/844/822 845/845/823
f 829/829/807 845/845/823 846/846/824
f 830/830/808 846/846/824 847/847/825
f 831/831/809 847/847/825 848/848/826
f 832/832/810 848/848/826 849/849/827
f 833/833/811 849/849/827 850/850/828
f 834/834/812 850/850/828 851/851/829
f 835/835/813 851/851/829 852/852/830
f 854/854/831 855/855/832 839/839/817
f 855/855/832 871/871/848 856/856/833
f 856/856/833 871/871/848 857/857/834
f 840/840/818 857/857/834 858/858/835
f 841/841/819 858/858/835 859/859/836
f 842/842/820 859/859/836 860/860/837
f 843/843/821 860/860/837 861/861/838
f 844/844/822 861/861/838 862/862/839
f 845/845/823 862/862/839 863/863/840
f 846/846/824 863/863/840 864/864/841
f 847/847/825 864/864/841 865/865/842
f 848/848/826 865/865/842 866/866/843
f 849/849/827 866/866/843 867/867/844
f 850/850/828 867/867/844 868/868/845
f 851/851/829 868/868/845 869/869/846
f 854/854/831 885/885/862 870/870/847
f 870/870/847 887/887/864 871/871/848
f 871/871/848 887/887/864 872/872/849
f 857/857/834 872/872/849 873/873/850
f 858/858/835 873/873/850 874/874/851
f 859/859/836 874/874/851 875/875/852
f 860/860/837 875/875/852 876/876/853
f 861/861/838 876/876/853 877/877/854
f 862/862/839 877/877/854 878/878/855
f 863/863/840 878/878/855 879/879/856
f 864/864/841 879/879/856 880/880/857
f 865/865/842 880/880/857 881/881/858
f 866/866/843 881/881/858 882/882/859
f 867/867/844 882/882/859 883/883/860
f 868/868/845 883/883/860 884/884/861
f 885/885/862 902/902/879 886/886/863
f 886/886/863 904/904/881 887/887/864
f 887/887/864 904/904/881 888/888/865
f 872/872/849 888/888/865 889/889/866
f 873/873/850 889/889/866 890/890/867
f 874/874/851 890/890/867 891/891/868
f 875/875/852 891/891/868 892/892/869
f 876/876/853 892/892/869 893/893/870
f 877/877/854 893/893/870 894/894/871
f 878/878/855 894/894/871 895/895/872
f 879/879/856 895/895/872 896/896/873
f 880/880/857 896/896/873 897/897/874
f 881/881/858 897/897/874 898/898/875
f 882/882/859 898/898/875 899/899/876
f 883/883/860 899/899/876 900/900/877
f 901/901/878 903/903/880 886/886/863
f 903/903/880 905/905/882 904/904/881
f 905/905/882 921/921/898 888/888/865
f 888/888/865 921/921/898 906/906/883
f 889/889/866 906/906/883 907/907/884
f 890/890/867 907/907/884 908/908/885
f 891/891/868 908/908/885 909/909/886
f 892/892/869 909/909/886 910/910/887
f 893/893/870 910/910/887 911/911/888
f 894/894/871 911/911/888 912/912/889
f 895/895/872 912/912/889 913/913/890
f 896/896/873 913/913/890 914/914/891
f 897/897/874 914/914/891 915/915/892
f 898/898/875 915/915/892 916/916/893
f 899/899/876 916/916/893 917/917/894
f 901/901/878 935/935/911 918/918/895
f 903/903/880 918/918/895 919/919/896
f 905/905/882 919/919/896 920/920/897
f 921/921/898 920/920/897 922/922/899
f 906/906/883 922/922/899 923/923/900
f 907/907/884 923/923/900 924/924/901
f 908/908/885 924/924/901 925/925/902
f 909/909/886 925/925/902 926/926/903
f 910/910/887 926/926/903 927/927/904
f 911/911/888 927/927/904 928/928/905
f 912/912/889 928/928/905 929/929/906
f 913/913/890 929/929/906 930/930/907
f 914/914/891 930/930/907 931/931/908
f 915/915/892 931/931/908 932/932/909
f 916/916/893 932/932/909 933/933/194
f 934/934/910 936/936/912 918/918/895
f 936/936/912 937/937/913 919/919/896
f 937/937/913 953/953/928 920/920/897
f 920/920/897 953/953/928 938/938/914
f 922/922/899 938/938/914 939/939/915
f 923/923/900 939/939/915 940/940/916
f 924/924/901 940/940/916 941/941/917
f 925/925/902 941/941/917 942/942/918
f 926/926/903 942/942/918 943/943/919
f 927/927/904 943/943/919 944/944/920
f 928/928/905 944/944/920 945/945/921
f 929/929/906 945/945/921 946/946/922
f 930/930/907 946/946/922 947/947/923
f 931/931/908 947/947/923 948/948/924
f 932/932/909 948/948/924 949/949/925
f 950/950/926 951/951/927 936/936/912
f 951/951/927 952/952/681 937/937/913
f 952/952/681 3732/2489/3577 953/953/928
f 953/953/928 3732/2489/3577 954/954/684
f 938/938/914 954/954/684 955/955/929
f 939/939/915 955/955/929 956/956/930
f 940/940/916 956/956/930 957/957/931
f 941/941/917 957/957/931 958/958/692
f 942/942/918 958/958/692 959/959/932
f 943/943/919 959/959/932 960/960/933
f 944/944/920 960/960/933 961/961/934
f 945/945/921 961/961/934 962/962/935
f 946/946/922 962/962/935 963/963/936
f 947/947/923 963/963/936 964/964/704
f 948/948/924 964/964/704 965/965/937
f 966/966/938 970/970/942 967/967/939
f 969/969/941 972/972/944 970/970/942
f 971/971/943 974/974/946 972/972/944
f 973/973/945 976/976/948 974/974/946
f 975/975/947 978/978/950 976/976/948
f 977/977/949 980/980/952 978/978/950
f 979/979/951 982/982/954 980/980/952
f 981/981/953 984/984/956 982/982/954
f 983/983/955 986/986/958 984/984/956
f 985/985/957 988/988/960 986/986/958
f 987/987/959 990/990/962 988/988/960
f 989/989/961 992/992/964 990/990/962
f 991/991/963 994/994/966 992/992/964
f 993/993/965 996/996/968 994/994/966
f 995/995/967 1011/1011/983 996/996/968
f 970/970/942 998/998/970 997/997/969
f 972/972/944 999/999/971 998/998/970
f 974/974/946 1000/1000/972 999/999/971
f 976/976/948 1001/1001/973 1000/1000/972
f 978/978/950 1002/1002/974 1001/1001/973
f 980/980/952 1003/1003/975 1002/1002/974
f 982/982/954 1004/1004/976 1003/1003/975
f 984/984/956 1005/1005/977 1004/1004/976
f 986/986/958 1006/1006/978 1005/1005/977
f 988/988/960 1007/1007/979 1006/1006/978
f 990/990/962 1008/1008/980 1007/1007/979
f 992/992/964 1009/1009/981 1008/1008/980
f 994/994/966 1010/1010/982 1009/1009/981
f 996/996/968 1012/1012/984 1010/1010/982
f 1011/1011/983 1027/1027/999 1012/1012/984
f 998/998/970 1014/1014/986 1013/1013/985
f 999/999/971 1015/1015/987 1014/1014/986
f 1000/1000/972 1016/1016/988 1015/1015/987
f 1001/1001/973 1017/1017/989 1016/1016/988
f 1002/1002/974 1018/1018/990 1017/1017/989
f 1003/1003/975 1019/1019/991 1018/1018/990
f 1004/1004/976 1020/1020/992 1019/1019/991
f 1005/1005/977 1021/1021/993 1020/1020/992
f 1006/1006/978 1022/1022/994 1021/1021/993
f 1007/1007/979 1023/1023/995 1022/1022/994
f 1008/1008/980 1024/1024/996 1023/1023/995
f 1009/1009/981 1025/1025/997 1024/1024/996
f 1010/1010/982 1026/1026/998 1025/1025/997
f 1012/1012/984 1028/1028/1000 1026/1026/998
f 1027/1027/999 1043/1043/1015 1028/1028/1000
f 1013/1013/985 1014/1014/986 1029/1029/1001
f 1015/1015/987 1031/1031/1003 1029/1029/1001
f 1016/1016/988 1032/1032/1004 1031/1031/1003
f 1017/1017/989 1033/1033/1005 1032/1032/1004
f 1018/1018/990 1034/1034/1006 1033/1033/1005
f 1019/1019/991 1035/1035/1007 1034/1034/1006
f 1020/1020/992 1036/1036/1008 1035/1035/1007
f 1021/1021/993 1037/1037/1009 1036/1036/1008
f 1022/1022/994 1038/1038/1010 1037/1037/1009
f 1023/1023/995 1039/1039/1011 1038/1038/1010
f 1024/1024/996 1040/1040/1012 1039/1039/1011
f 1025/1025/997 1041/1041/1013 1040/1040/1012
f 1026/1026/998 1042/1042/1014 1041/1041/1013
f 1028/1028/1000 1044/1044/1016 1042/1042/1014
f 1043/1043/1015 1059/1059/1031 1044/1044/1016
f 1029/1029/1001 1046/1046/1018 1045/1045/1017
f 1031/1031/1003 1047/1047/1019 1046/1046/1018
f 1032/1032/1004 1048/1048/1020 1047/1047/1019
f 1033/1033/1005 1049/1049/1021 1048/1048/1020
f 1034/1034/1006 1050/1050/1022 1049/1049/1021
f 1035/1035/1007 1051/1051/1023 1050/1050/1022
f 1036/1036/1008 1052/1052/1024 1051/1051/1023
f 1037/1037/1009 1053/1053/1025 1052/1052/1024
f 1038/1038/1010 1054/1054/1026 1053/1053/1025
f 1039/1039/1011 1055/1055/1027 1054/1054/1026
f 1040/1040/1012 1056/1056/1028 1055/1055/1027
f 1041/1041/1013 1057/1057/1029 1056/1056/1028
f 1042/1042/1014 1058/1058/1030 1057/1057/1029
f 1044/1044/1016 1060/1060/1032 1058/1058/1030
f 1059/1059/1031 1075/1075/1047 1060/1060/1032
f 1046/1046/1018 1062/1062/1034 1061/1061/1033
f 1047/1047/1019 1063/1063/1035 1062/1062/1034
f 1048/1048/1020 1064/1064/1036 1063/1063/1035
f 1049/1049/1021 1065/1065/1037 1064/1064/1036
f 1050/1050/1022 1066/1066/1038 1065/1065/1037
f 1051/1051/1023 1067/1067/1039 1066/1066/1038
f 1052/1052/1024 1068/1068/1040 1067/1067/1039
f 1053/1053/1025 1069/1069/1041 1068/1068/1040
f 1054/1054/1026 1070/1070/1042 1069/1069/1041
f 1055/1055/1027 1071/1071/1043 1070/1070/1042
f 1056/1056/1028 1072/1072/1044 1071/1071/1043
f 1057/1057/1029 1073/1073/1045 1072/1072/1044
f 1058/1058/1030 1074/1074/1046 1073/1073/1045
f 1060/1060/1032 1076/1076/1048 1074/1074/1046
f 1075/1075/1047 1091/1091/588 1076/1076/1048
f 1061/1061/1033 1062/1062/1034 1077/1077/1049
f 1063/1063/1035 1079/1079/1051 1077/1077/1049
f 1064/1064/1036 1080/1080/1052 1079/1079/1051
f 1065/1065/1037 1081/1081/1053 1080/1080/1052
f 1066/1066/1038 1082/1082/1054 1081/1081/1053
f 1067/1067/1039 1083/1083/1055 1082/1082/1054
f 1068/1068/1040 1084/1084/1056 1083/1083/1055
f 1069/1069/1041 1085/1085/1057 1084/1084/1056
f 1070/1070/1042 1086/1086/1058 1085/1085/1057
f 1071/1071/1043 1087/1087/1059 1086/1086/1058
f 1072/1072/1044 1088/1088/1060 1087/1087/1059
f 1073/1073/1045 1089/1089/1061 1088/1088/1060
f 1074/1074/1046 1090/1090/1062 1089/1089/1061
f 1076/1076/1048 1092/1092/1063 1090/1090/1062
f 1091/1091/588 1107/1107/589 1092/1092/1063
f 1078/1078/1050 1077/1077/1049 1093/1093/1064
f 1079/1079/1051 1095/1095/1066 1093/1093/1064
f 1080/1080/1052 1096/1096/1067 1095/1095/1066
f 1081/1081/1053 1097/1097/1068 1096/1096/1067
f 1082/1082/1054 1098/1098/1069 1097/1097/1068
f 1083/1083/1055 1099/1099/1070 1098/1098/1069
f 1084/1084/1056 1100/1100/1071 1099/1099/1070
f 1085/1085/1057 1101/1101/1072 1100/1100/1071
f 1086/1086/1058 1102/1102/1073 1101/1101/1072
f 1087/1087/1059 1103/1103/1074 1102/1102/1073
f 1088/1088/1060 1104/1104/1075 1103/1103/1074
f 1089/1089/1061 1105/1105/1076 1104/1104/1075
f 1090/1090/1062 1106/1106/1077 1105/1105/1076
f 1092/1092/1063 1108/1108/1078 1106/1106/1077
f 1107/1107/589 3733/2490/3578 1108/1108/1078
f 1093/1093/1064 1110/1110/1080 1109/1109/1079
f 1095/1095/1066 1112/1112/1082 1110/1110/1080
f 1095/1095/1066 1096/1096/1067 1111/1111/1081
f 1096/1096/1067 1097/1097/1068 1113/1113/1083
f 1097/1097/1068 1098/1098/1069 1114/1114/1084
f 1098/1098/1069 1099/1099/1070 1115/1115/1085
f 1099/1099/1070 1100/1100/1071 1116/1116/1086
f 1100/1100/1071 1101/1101/1072 1117/1117/1087
f 1101/1101/1072 1102/1102/1073 1118/1118/1088
f 1102/1102/1073 1103/1103/1074 1119/1119/1089
f 1103/1103/1074 1104/1104/1075 1120/1120/1090
f 1104/1104/1075 1105/1105/1076 1121/1121/1091
f 1105/1105/1076 1106/1106/1077 1122/1122/1092
f 1106/1106/1077 1108/1108/1078 1123/1123/1093
f 1108/1108/1078 3733/2490/3578 1124/1124/1094
f 1110/1110/1080 1127/1127/1097 1125/1125/1095
f 1110/1110/1080 1112/1112/1082 1126/1126/1096
f 1112/1112/1082 1111/1111/1081 1128/1128/1098
f 1111/1111/1081 1113/1113/1083 1129/1129/1099
f 1113/1113/1083 1114/1114/1084 1130/1130/1100
f 1114/1114/1084 1115/1115/1085 1131/1131/1101
f 1115/1115/1085 1116/1116/1086 1132/1132/1102
f 1116/1116/1086 1117/1117/1087 1133/1133/1103
f 1117/1117/1087 1118/1118/1088 1134/1134/1104
f 1118/1118/1088 1119/1119/1089 1135/1135/1105
f 1119/1119/1089 1120/1120/1090 1136/1136/1106
f 1120/1120/1090 1121/1121/1091 1137/1137/1107
f 1121/1121/1091 1122/1122/1092 1138/1138/1108
f 1122/1122/1092 1123/1123/1093 1139/1139/1109
f 1123/1123/1093 1124/1124/1094 1140/1140/1110
f 1127/1127/1097 1143/1143/1113 1141/1141/1111
f 1127/1127/1097 1126/1126/1096 1142/1142/1112
f 1126/1126/1096 1128/1128/1098 1144/1144/1114
f 1128/1128/1098 1129/1129/1099 1145/1145/1115
f 1129/1129/1099 1130/1130/1100 1146/1146/1116
f 1130/1130/1100 1131/1131/1101 1147/1147/1117
f 1131/1131/1101 1132/1132/1102 1148/1148/1118
f 1132/1132/1102 1133/1133/1103 1149/1149/1119
f 1133/1133/1103 1134/1134/1104 1150/1150/1120
f 1134/1134/1104 1135/1135/1105 1151/1151/1121
f 1135/1135/1105 1136/1136/1106 1152/1152/1122
f 1136/1136/1106 1137/1137/1107 1153/1153/1123
f 1137/1137/1107 1138/1138/1108 1154/1154/1124
f 1138/1138/1108 1139/1139/1109 1155/1155/1125
f 1139/1139/1109 1140/1140/1110 1156/1156/215
f 1143/1143/1113 1158/1158/1127 1157/1157/1126
f 1142/1142/1112 1160/1160/1129 1158/1158/1127
f 1142/1142/1112 1144/1144/1114 1159/1159/1128
f 1144/1144/1114 1145/1145/1115 1161/1161/1130
f 1145/1145/1115 1146/1146/1116 1162/1162/1131
f 1146/1146/1116 1147/1147/1117 1163/1163/1132
f 1147/1147/1117 1148/1148/1118 1164/1164/1133
f 1148/1148/1118 1149/1149/1119 1165/1165/1134
f 1149/1149/1119 1150/1150/1120 1166/1166/1135
f 1150/1150/1120 1151/1151/1121 1167/1167/1136
f 1151/1151/1121 1152/1152/1122 1168/1168/1137
f 1152/1152/1122 1153/1153/1123 1169/1169/1138
f 1153/1153/1123 1154/1154/1124 1170/1170/1139
f 1154/1154/1124 1155/1155/1125 1171/1171/1140
f 1155/1155/1125 1156/1156/215 1172/1172/220
f 1158/1158/1127 1174/1174/1142 1173/1173/1141
f 1160/1160/1129 1175/1175/1143 1174/1174/1142
f 1159/1159/1128 1177/1177/1145 1175/1175/1143
f 1159/1159/1128 1161/1161/1130 1176/1176/1144
f 1161/1161/1130 1162/1162/1131 1178/1178/1146
f 1162/1162/1131 1163/1163/1132 1179/1179/1147
f 1163/1163/1132 1164/1164/1133 1180/1180/1148
f 1164/1164/1133 1165/1165/1134 1181/1181/1149
f 1165/1165/1134 1166/1166/1135 1182/1182/1150
f 1166/1166/1135 1167/1167/1136 1183/1183/1151
f 1167/1167/1136 1168/1168/1137 1184/1184/1152
f 1168/1168/1137 1169/1169/1138 1185/1185/1153
f 1169/1169/1138 1170/1170/1139 1186/1186/1154
f 1170/1170/1139 1171/1171/1140 1187/1187/1155
f 1171/1171/1140 1172/1172/220 1188/1188/1156
f 1174/1174/1142 1190/1190/1158 1189/1189/1157
f 1175/1175/1143 1192/1192/1160 1190/1190/1158
f 1175/1175/1143 1177/1177/1145 1191/1191/1159
f 1177/1177/1145 1176/1176/1144 1193/1193/1161
f 1176/1176/1144 1178/1178/1146 1194/1194/1162
f 1178/1178/1146 1179/1179/1147 1195/1195/1163
f 1179/1179/1147 1180/1180/1148 1196/1196/1164
f 1180/1180/1148 1181/1181/1149 1197/1197/1165
f 1181/1181/1149 1182/1182/1150 1198/1198/1166
f 1182/1182/1150 1183/1183/1151 1199/1199/1167
f 1183/1183/1151 1184/1184/1152 1200/1200/1168
f 1184/1184/1152 1185/1185/1153 1201/1201/1169
f 1185/1185/1153 1186/1186/1154 1202/1202/1170
f 1186/1186/1154 1187/1187/1155 1203/1203/1171
f 1187/1187/1155 1188/1188/1156 1204/1204/230
f 1190/1190/1158 1206/1206/1173 1205/1205/1172
f 1192/1192/1160 1208/1208/1175 1206/1206/1173
f 1192/1192/1160 1191/1191/1159 1207/1207/1174
f 1191/1191/1159 1193/1193/1161 1209/1209/1176
f 1193/1193/1161 1194/1194/1162 1210/1210/1177
f 1194/1194/1162 1195/1195/1163 1211/1211/1178
f 1195/1195/1163 1196/1196/1164 1212/1212/1179
f 1196/1196/1164 1197/1197/1165 1213/1213/1180
f 1197/1197/1165 1198/1198/1166 1214/1214/1181
f 1198/1198/1166 1199/1199/1167 1215/1215/1182
f 1199/1199/1167 1200/1200/1168 1216/1216/1183
f 1200/1200/1168 1201/1201/1169 1217/1217/1184
f 1201/1201/1169 1202/1202/1170 1218/1218/1185
f 1202/1202/1170 1203/1203/1171 1219/1219/1186
f 1203/1203/1171 1204/1204/230 1220/1220/1187
f 1206/1206/1173 1222/1222/1189 1221/1221/1188
f 1208/1208/1175 1223/1223/941 1222/1222/1189
f 1207/1207/1174 1225/1225/943 1223/1223/941
f 1207/1207/1174 1209/1209/1176 1224/1224/1190
f 1209/1209/1176 1210/1210/1177 1226/1226/1191
f 1210/1210/1177 1211/1211/1178 1227/1227/1192
f 1211/1211/1178 1212/1212/1179 1228/1228/1193
f 1212/1212/1179 1213/1213/1180 1229/1229/1194
f 1213/1213/1180 1214/1214/1181 1230/1230/1195
f 1214/1214/1181 1215/1215/1182 1231/1231/1196
f 1215/1215/1182 1216/1216/1183 1232/1232/959
f 1216/1216/1183 1217/1217/1184 1233/1233/961
f 1217/1217/1184 1218/1218/1185 1234/1234/963
f 1218/1218/1185 1219/1219/1186 1235/1235/965
f 1219/1219/1186 1220/1220/1187 1236/1236/967
f 608/608/590 1249/1249/1209 1237/1237/1197
f 611/611/593 1237/1237/1197 1238/1238/1198
f 613/613/595 1238/1238/1198 1239/1239/1199
f 615/615/597 1239/1239/1199 1240/1240/1200
f 617/617/599 1240/1240/1200 1241/1241/1201
f 619/619/601 1241/1241/1201 1242/1242/1202
f 621/621/603 1242/1242/1202 1243/1243/1203
f 623/623/605 1243/1243/1203 1244/1244/1204
f 625/625/607 1244/1244/1204 1245/1245/1205
f 627/627/609 1245/1245/1205 1246/1246/1206
f 1246/1246/1206 1261/1261/1221 1247/1247/1207
f 633/633/615 1263/1263/1223 1248/1248/1208
f 1249/1249/1209 1264/1264/1224 1250/1250/1210
f 1237/1237/1197 1250/1250/1210 1251/1251/1211
f 1238/1238/1198 1251/1251/1211 1252/1252/1212
f 1239/1239/1199 1252/1252/1212 1253/1253/1213
f 1240/1240/1200 1253/1253/1213 1254/1254/1214
f 1241/1241/1201 1254/1254/1214 1255/1255/1215
f 1242/1242/1202 1255/1255/1215 1256/1256/1216
f 1243/1243/1203 1256/1256/1216 1257/1257/1217
f 1244/1244/1204 1257/1257/1217 1258/1258/1218
f 1245/1245/1205 1258/1258/1218 1259/1259/1219
f 1246/1246/1206 1259/1259/1219 1260/1260/1220
f 1262/1262/1222 1276/1276/1236 1248/1248/1208
f 1264/1264/1224 1277/1277/1237 1265/1265/1225
f 1250/1250/1210 1265/1265/1225 1266/1266/1226
f 1251/1251/1211 1266/1266/1226 1267/1267/1227
f 1252/1252/1212 1267/1267/1227 1268/1268/1228
f 1253/1253/1213 1268/1268/1228 1269/1269/1229
f 1254/1254/1214 1269/1269/1229 1270/1270/1230
f 1255/1255/1215 1270/1270/1230 1271/1271/1231
f 1256/1256/1216 1271/1271/1231 1272/1272/1232
f 1257/1257/1217 1272/1272/1232 1273/1273/1233
f 1258/1258/1218 1273/1273/1233 1274/1274/1234
f 1274/1274/1234 1278/1278/1238 1260/1260/1220
f 1275/1275/1235 1279/1279/1239 1276/1276/1236
f 1277/1277/1237 72/72/72 66/66/66
f 1265/1265/1225 66/66/66 60/60/60
f 1266/1266/1226 60/60/60 54/54/54
f 1267/1267/1227 54/54/54 48/48/48
f 1268/1268/1228 48/48/48 42/42/42
f 42/42/42 36/36/36 1270/1270/1230
f 36/36/36 30/30/30 1271/1271/1231
f 30/30/30 24/24/24 1272/1272/1232
f 1272/1272/1232 24/24/24 18/18/18
f 1273/1273/1233 18/18/18 11/11/11
f 11/11/11 1/1/1 1278/1278/1238
f 3/3/3 1342/1325/1301 1279/1279/1239
f 154/154/154 1282/1282/1242 1280/1280/1240
f 1282/1282/1242 1284/1284/1244 1283/1283/1243
f 1284/1284/1244 1286/1286/1246 1285/1285/1245
f 1286/1286/1246 663/663/645 1287/1287/1247
f 156/156/156 1288/1288/1248 1282/1282/1242
f 1288/1288/1248 1289/1289/1249 1284/1284/1244
f 1289/1289/1249 1290/1290/1250 1286/1286/1246
f 1290/1290/1250 666/666/648 663/663/645
f 166/166/166 1291/1291/1251 1288/1288/1248
f 1291/1291/1251 1292/1292/1252 1289/1289/1249
f 1292/1292/1252 1293/1293/1253 1290/1290/1250
f 1293/1293/1253 668/668/650 666/666/648
f 172/172/172 1294/1294/1254 1291/1291/1251
f 1294/1294/1254 1295/1295/1255 1292/1292/1252
f 1295/1295/1255 1296/1296/1256 1293/1293/1253
f 1296/1296/1256 670/670/652 668/668/650
f 178/178/178 1297/1297/1257 1294/1294/1254
f 1297/1297/1257 1298/1298/1258 1295/1295/1255
f 1298/1298/1258 1299/1299/1259 1296/1296/1256
f 1299/1299/1259 672/672/654 670/670/652
f 184/184/184 1300/1300/1260 1297/1297/1257
f 1300/1300/1260 1301/1301/1261 1298/1298/1258
f 1301/1301/1261 1302/1302/1262 1299/1299/1259
f 1302/1302/1262 674/674/656 672/672/654
f 190/190/190 1303/1303/1263 1300/1300/1260
f 1303/1303/1263 1304/1304/1264 1301/1301/1261
f 1304/1304/1264 1305/1305/1265 1302/1302/1262
f 1305/1305/1265 676/676/658 674/674/656
f 196/196/196 1306/1306/1266 1303/1303/1263
f 1306/1306/1266 1307/1307/1267 1304/1304/1264
f 1307/1307/1267 1308/1308/1268 1305/1305/1265
f 1308/1308/1268 678/678/660 676/676/658
f 72/72/72 1277/1277/1237 1306/1306/1266
f 1277/1277/1237 1264/1264/1224 1307/1307/1267
f 1264/1264/1224 1249/1249/1209 1308/1308/1268
f 1249/1249/1209 608/608/590 678/678/660
f 131/131/131 1357/131/1316 1309/117/1269
f 1310/1309/1270 1327/1310/1286 1311/1310/1271
f 1313/1311/1273 1329/1312/1288 1314/1312/1274
f 1248/1248/1208 1276/1276/1236 1316/1276/1276
f 1318/1313/1278 1646/1314/1578 1319/1314/1279
f 1321/1315/1281 1358/1315/1317 1322/1316/1282
f 117/117/117 1309/117/1269 1324/102/1284
f 102/102/102 1324/102/1284 1325/103/1279
f 631/631/613 1248/1248/1208 1317/1248/1277
f 1327/1310/1286 1336/1317/1295 1328/1317/1287
f 1329/1312/1288 1338/1318/1297 1330/1318/1289
f 1323/1316/1283 1322/1316/1282 1331/1319/1290
f 1333/1320/1292 1346/1320/1305 1334/1321/1293
f 1336/1317/1295 1647/1322/1579 1337/1322/1296
f 1338/1318/1297 1349/1323/1308 1339/1323/1298
f 1332/1319/1291 1331/1319/1290 1340/1324/1299
f 1342/1325/1301 1355/1326/1314 1343/1326/1302
f 1333/1320/1292 1356/1327/1315 1345/1327/1304
f 1335/1321/1294 1334/1321/1293 1347/1328/1306
f 1349/1323/1308 1364/1329/1322 1350/1329/1309
f 661/661/643 1352/661/1311 1351/145/1310
f 646/646/628 1360/646/1319 1352/661/1311
f 1341/1324/1300 1340/1324/1299 1353/1330/1312
f 1355/1326/1314 1310/1309/1270 1312/1309/1272
f 1356/1327/1315 1313/1311/1273 1315/1311/1275
f 145/145/145 1351/145/1310 1357/131/1316
f 1348/1328/1307 1347/1328/1306 1358/1315/1317
f 646/646/628 1365/1331/1323 1359/1331/1318
f 1279/1279/1239 1342/1325/1301 1344/1325/1303
f 1354/1330/1313 1353/1330/1312 1362/1332/1296
f 1364/1329/1322 1318/1313/1278 1320/1313/1280
f 1276/1276/1236 1279/1279/1239 1361/1279/1320
f 631/631/613 1326/631/1285 1359/1331/1318
f 1366/1333/1269 1373/1340/1328 1367/1334/1324
f 1369/1336/1325 1431/1398/1317 1370/1337/1326
f 1372/1339/1316 1377/1344/1331 1373/1340/1328
f 1374/1341/1290 1369/1336/1325 1371/1338/1327
f 1376/1343/1330 1409/1376/1356 1377/1344/1331
f 1378/1345/1332 1374/1341/1290 1375/1342/1329
f 1380/1347/1334 1385/1352/1304 1381/1348/1335
f 1383/1350/1312 1378/1345/1332 1379/1346/1333
f 1385/1352/1304 1389/1356/1275 1386/1353/1338
f 1387/1354/1296 1383/1350/1312 1384/1351/1337
f 1389/1356/1275 1395/1362/1274 1390/1357/1340
f 1391/1358/1341 1415/1382/1361 1392/1359/1342
f 1394/1361/1344 1399/1366/1348 1390/1357/1340
f 1396/1363/1345 1393/1360/1343 1392/1359/1342
f 1398/1365/1347 1406/1373/1354 1399/1366/1348
f 1400/1367/1349 1407/1374/1302 1401/1368/1350
f 1396/1363/1345 1397/1364/1346 1403/1370/1352
f 1405/1372/1353 1411/1378/1358 1406/1373/1354
f 1407/1374/1302 1412/1379/1272 1408/1375/1355
f 1404/1371/1311 1403/1370/1352 1409/1376/1356
f 1410/1377/1357 1417/1384/1362 1411/1378/1358
f 1412/1379/1272 1418/1385/1271 1413/1380/1359
f 1391/1358/1341 1420/1387/1364 1414/1381/1360
f 1416/1383/1279 1429/1396/1371 1417/1384/1362
f 1418/1385/1271 1424/1391/1287 1419/1386/1363
f 1420/1387/1364 1425/1392/1368 1421/1388/1365
f 1380/1347/1334 1382/1349/1336 1422/1389/1366
f 1424/1391/1287 1387/1354/1296 1388/1355/1339
f 1425/1392/1368 1430/1397/1372 1426/1393/1369
f 1423/1390/1367 1422/1389/1366 1427/1394/1370
f 1368/1335/1284 1367/1334/1324 1429/1396/1371
f 1430/1397/1372 1400/1367/1349 1402/1369/1351
f 1428/1395/1306 1427/1394/1370 1370/1337/1326
f 1433/1400/1374 1437/1400/1378 1434/1401/1375
f 1433/1400/1374 1438/1402/1379 1436/1402/1377
f 1438/1402/1379 1440/1403/1381 1439/1403/1380
f 1440/1403/1381 1443/1404/1384 1441/1404/1382
f 1442/1405/1383 1445/1405/1386 1441/1404/1382
f 1444/1406/1385 1447/1406/1388 1445/1405/1386
f 1446/1407/1387 1449/1407/1390 1447/1406/1388
f 1448/1408/1389 1451/1408/1392 1449/1407/1390
f 1448/1408/1389 1452/1409/1393 1450/1409/1391
f 1452/1409/1393 1454/1410/1395 1453/1410/1394
f 1454/1410/1395 1456/1411/1397 1455/1411/1396
f 1456/1411/1397 1458/1412/1399 1457/1412/1398
f 1458/1412/1399 1461/1413/1402 1459/1413/1400
f 1460/1414/1401 1463/1414/1404 1459/1413/1400
f 1462/1415/1403 1465/1415/1406 1463/1414/1404
f 1464/1416/1405 3734/1416/1425 1465/1415/1406
f 1466/1417/1390 1496/1447/1432 1467/1418/1407
f 1469/1420/1409 1497/1448/1433 1470/1421/1410
f 1468/1419/1408 1467/1418/1407 1472/1423/1412
f 1474/1425/1398 1469/1420/1409 1471/1422/1411
f 1473/1424/1386 1472/1423/1412 1476/1427/1414
f 1478/1429/1416 1474/1425/1398 1475/1426/1413
f 1480/1431/1380 1477/1428/1415 1476/1427/1414
f 1478/1429/1416 1479/1430/1417 1482/1433/1419
f 1484/1435/1421 1480/1431/1380 1481/1432/1418
f 1483/1434/1420 1482/1433/1419 1486/1437/1423
f 1488/1439/1425 1495/1446/1431 1489/1440/1426
f 1491/1442/1378 1484/1435/1421 1485/1436/1422
f 1487/1438/1424 1486/1437/1423 1493/1444/1429
f 1488/1439/1425 1491/1442/1378 1492/1443/1428
f 1494/1445/1430 1493/1444/1429 1496/1447/1432
f 1490/1441/1427 1489/1440/1426 1470/1421/1410
f 1498/1449/1434 1530/1450/1466 1499/1450/1435
f 1501/1451/1437 1648/1452/1580 1502/1452/1438
f 1504/1453/1440 1498/1449/1434 1500/1449/1436
f 1501/1451/1437 1503/1451/1439 1506/1454/1442
f 1507/1454/1443 1506/1454/1442 1508/1455/1444
f 1509/1455/1445 1508/1455/1444 1510/1456/1446
f 1511/1456/1447 1510/1456/1446 1512/1457/1448
f 1514/1458/1450 1513/1457/1449 1512/1457/1448
f 1516/1459/1452 1514/1458/1450 1515/1458/1451
f 1518/1460/1454 1516/1459/1452 1517/1459/1453
f 1520/1461/1456 1518/1460/1454 1519/1460/1455
f 1520/1461/1456 1521/1461/1457 1522/1462/1458
f 1523/1462/1459 1522/1462/1458 1524/1463/1460
f 1525/1463/1461 1524/1463/1460 1526/1464/1462
f 1527/1464/1463 1526/1464/1462 1528/1465/1464
f 1529/1465/1465 1528/1465/1464 1499/1450/1435
f 1531/1466/1435 1561/1496/1494 1532/1467/1467
f 1534/1469/1469 1540/1475/1474 1535/1470/1470
f 1537/1472/1455 1562/1497/1495 1538/1473/1472
f 1533/1468/1468 1532/1467/1467 1540/1475/1474
f 1541/1476/1475 1537/1472/1455 1539/1474/1473
f 1536/1471/1471 1535/1470/1470 1543/1478/1477
f 1545/1480/1479 1541/1476/1475 1542/1477/1476
f 1544/1479/1478 1543/1478/1477 1547/1482/1481
f 1549/1484/1482 1545/1480/1479 1546/1481/1480
f 1548/1483/1444 1547/1482/1481 1551/1486/1484
f 1553/1488/1486 1549/1484/1482 1550/1485/1483
f 1555/1490/1488 1552/1487/1485 1551/1486/1484
f 1553/1488/1486 1554/1489/1487 1557/1492/1490
f 1559/1494/1492 1555/1490/1488 1556/1491/1489
f 1558/1493/1491 1557/1492/1490 1561/1496/1494
f 1562/1497/1495 1559/1494/1492 1560/1495/1493
f 1565/1500/1498 1568/1503/1501 1566/1501/1499
f 1285/1285/1245 1287/1287/1247 1568/1503/1501
f 1569/1504/1502 1565/1500/1498 1567/1502/1500
f 1283/1283/1243 1285/1285/1245 1565/1500/1498
f 1571/1506/1504 1569/1504/1502 1570/1505/1503
f 1280/1280/1240 1283/1283/1243 1569/1504/1502
f 1573/1508/1506 1571/1506/1504 1572/1507/1505
f 1281/1281/1241 1280/1280/1240 1571/1506/1504
f 201/201/201 146/146/146 1575/1510/1508
f 146/146/146 1577/1512/1510 1576/1511/1509
f 1577/1512/1510 1627/1562/1560 1578/1513/1511
f 688/688/670 1575/1510/1508 1579/1514/1512
f 1575/1510/1508 1576/1511/1509 1580/1515/1513
f 1576/1511/1509 1578/1513/1511 1581/1516/1514
f 680/680/662 1579/1514/1512 1582/1517/1515
f 1579/1514/1512 1580/1515/1513 1583/1518/1516
f 1580/1515/1513 1581/1516/1514 1584/1519/1517
f 665/665/647 1582/1517/1515 1287/1287/1247
f 1582/1517/1515 1583/1518/1516 1568/1503/1501
f 1583/1518/1516 1584/1519/1517 1566/1501/1499
f 1585/1520/1518 1588/1523/1521 1586/1521/1519
f 484/484/467 486/486/469 1588/1523/1521
f 1589/1524/1522 1585/1520/1518 1587/1522/1520
f 482/482/465 484/484/467 1585/1520/1518
f 1591/1526/1524 1589/1524/1522 1590/1525/1523
f 481/481/464 482/482/465 1589/1524/1522
f 1593/1528/1526 1591/1526/1524 1592/1527/1525
f 1593/1528/1526 479/479/462 481/481/464
f 1595/1530/1528 1596/1531/1529 1593/1528/1526
f 1596/1531/1529 477/477/460 479/479/462
f 1597/1532/1530 1598/1533/1531 1596/1531/1529
f 1598/1533/1531 475/475/458 477/477/460
f 1599/1534/1532 1600/1535/1533 1598/1533/1531
f 1600/1535/1533 473/473/456 475/475/458
f 1601/1536/1534 1602/1537/1535 1600/1535/1533
f 1602/1537/1535 455/455/438 473/473/456
f 1603/1538/1536 1606/1541/1539 1604/1539/1537
f 1606/1541/1539 470/470/453 468/468/451
f 1605/1540/1538 1604/1539/1537 1607/1542/1540
f 1604/1539/1537 468/468/451 466/466/449
f 1608/1543/1541 1607/1542/1540 1609/1544/1542
f 1607/1542/1540 466/466/449 467/467/450
f 1610/1545/1543 1609/1544/1542 1611/1546/1544
f 1611/1546/1544 1609/1544/1542 467/467/450
f 1613/1548/1546 1612/1547/1545 1611/1546/1544
f 1614/1549/1547 1611/1546/1544 464/464/447
f 1615/1550/1548 1613/1548/1546 1614/1549/1547
f 1616/1551/1549 1614/1549/1547 462/462/445
f 1617/1552/1550 1615/1550/1548 1616/1551/1549
f 1618/1553/1551 1616/1551/1549 460/460/443
f 1601/1536/1534 1617/1552/1550 1618/1553/1551
f 1602/1537/1535 1618/1553/1551 458/458/441
f 1619/1554/1552 1622/1557/1555 1620/1555/1553
f 152/152/152 153/153/153 1622/1557/1555
f 1623/1558/1556 1624/1559/1557 1619/1554/1552
f 1624/1559/1557 150/150/150 152/152/152
f 1625/1560/1558 1626/1561/1559 1624/1559/1557
f 1626/1561/1559 148/148/148 150/150/150
f 1627/1562/1560 1577/1512/1510 1626/1561/1559
f 1577/1512/1510 146/146/146 148/148/148
f 157/157/157 154/154/154 1281/1281/1241
f 1628/1563/1561 1281/1281/1241 1573/1508/1506
f 1629/1564/1562 1573/1508/1506 1574/1509/1507
f 159/159/159 157/157/157 1628/1563/1561
f 1631/1566/1564 1628/1563/1561 1629/1564/1562
f 1632/1567/1565 1629/1564/1562 1630/1565/1563
f 161/161/161 159/159/159 1631/1566/1564
f 1634/1569/1567 1631/1566/1564 1632/1567/1565
f 1635/1570/1568 1632/1567/1565 1633/1568/1566
f 161/161/161 1634/1569/1567 1637/1572/1570
f 1634/1569/1567 1635/1570/1568 1638/1573/1571
f 1635/1570/1568 1636/1571/1569 1639/1574/1572
f 163/163/163 1637/1572/1570 1640/1575/1573
f 1637/1572/1570 1638/1573/1571 1642/1577/1521
f 1638/1573/1571 1639/1574/1572 1643/1578/1575
f 1/1/1 3/3/3 1275/1275/1235
f 1278/1278/1238 1275/1275/1235 1262/1262/1222
f 1260/1260/1220 1262/1262/1222 1263/1263/1223
f 1261/1261/1221 1263/1263/1223 633/633/615
f 659/659/641 662/662/644 1644/1579/1576
f 647/647/629 659/659/641 660/660/642
f 630/630/612 632/632/614 647/647/629
f 633/633/615 632/632/614 630/630/612
f 1354/1330/1313 1363/1332/1321 1645/1580/1577
f 1341/1324/1300 1354/1330/1313 366/366/357
f 1332/1319/1291 1341/1324/1300 364/364/355
f 1323/1316/1283 1332/1319/1291 362/362/353
f 1321/1315/1281 1323/1316/1283 360/360/351
f 1348/1328/1307 1321/1315/1281 356/356/347
f 1335/1321/1294 1348/1328/1307 354/354/345
f 1333/1320/1292 1335/1321/1294 353/353/344
f 1318/1313/1278 251/251/251 253/253/101
f 1364/1329/1322 249/249/249 251/251/251
f 1349/1323/1308 247/247/247 249/249/249
f 1338/1318/1297 245/245/245 247/247/247
f 1329/1312/1288 243/243/243 245/245/245
f 1313/1311/1273 241/241/241 243/243/243
f 1356/1327/1315 238/238/238 241/241/241
f 1333/1320/1292 239/239/239 238/238/238
f 1644/1579/1576 662/662/644 144/144/144
f 129/129/129 143/143/143 144/144/144
f 129/129/129 130/130/130 116/116/116
f 115/115/115 116/116/116 101/101/101
f 1336/1317/1295 8/8/8 10/10/10
f 1327/1310/1286 7/7/7 8/8/8
f 1310/1309/1270 5/5/5 7/7/7
f 1355/1326/1314 2/2/2 5/5/5
f 1342/1325/1301 3/3/3 2/2/2
f 1205/1205/1172 1221/1221/1188 1464/1416/1405
f 1189/1189/1157 1205/1205/1172 1462/1415/1403
f 1173/1173/1141 1189/1189/1157 1460/1414/1401
f 1157/1157/1126 1173/1173/1141 1461/1413/1402
f 1141/1141/1111 1157/1157/1126 1458/1412/1399
f 1125/1125/1095 1141/1141/1111 1456/1411/1397
f 1109/1109/1079 1125/1125/1095 1454/1410/1395
f 1094/1094/1065 1109/1109/1079 1452/1409/1393
f 1446/1407/1387 1078/1078/1050 1094/1094/1065
f 1444/1406/1385 1061/1061/1033 1078/1078/1050
f 1442/1405/1383 1045/1045/1017 1061/1061/1033
f 1443/1404/1384 1030/1030/1002 1045/1045/1017
f 1440/1403/1381 1013/1013/985 1030/1030/1002
f 1438/1402/1379 997/997/969 1013/1013/985
f 1433/1400/1374 967/967/939 997/997/969
f 1435/1401/1376 968/968/940 967/967/939
f 1504/1453/1440 950/950/926 934/934/910
f 1498/1449/1434 934/934/910 935/935/911
f 1530/1450/1466 935/935/911 901/901/878
f 1529/1465/1465 901/901/878 902/902/879
f 1527/1464/1463 902/902/879 885/885/862
f 1525/1463/1461 885/885/862 854/854/831
f 1523/1462/1459 854/854/831 837/837/815
f 1520/1461/1456 837/837/815 838/838/816
f 1516/1459/1452 1518/1460/1454 838/838/816
f 1514/1458/1450 1516/1459/1452 821/821/799
f 1513/1457/1449 1514/1458/1450 790/790/770
f 1511/1456/1447 1513/1457/1449 774/774/755
f 1509/1455/1445 1511/1456/1447 758/758/740
f 1507/1454/1443 1509/1455/1445 742/742/724
f 1501/1451/1437 1507/1454/1443 725/725/707
f 1648/1452/1580 1501/1451/1437 695/695/677
f 1649/1581/1581 1663/1595/1595 1650/1582/1582
f 1651/1583/1583 1650/1582/1582 1652/1584/1584
f 1653/1585/1585 1652/1584/1584 1654/1586/1586
f 1655/1587/1587 1654/1586/1586 1656/1588/1588
f 1656/1588/1588 1659/1591/1591 1658/1590/1590
f 1659/1591/1591 1661/1593/1593 1660/1592/1592
f 1661/1593/1593 1670/1602/1602 1662/1594/1594
f 1663/1595/1595 1671/1603/1603 1664/1596/1596
f 1650/1582/1582 1664/1596/1596 1665/1597/1597
f 1652/1584/1584 1665/1597/1597 1666/1598/1598
f 1654/1586/1586 1666/1598/1598 1667/1599/1599
f 1667/1599/1599 1668/1600/1600 1659/1591/1591
f 1668/1600/1600 1669/1601/1601 1661/1593/1593
f 1669/1601/1601 1678/1610/1610 1670/1602/1602
f 1671/1603/1603 1707/1639/1639 1672/1604/1604
f 1664/1596/1596 1672/1604/1604 1673/1605/1605
f 1665/1597/1597 1673/1605/1605 1674/1606/1606
f 1666/1598/1598 1674/1606/1606 1675/1607/1607
f 1675/1607/1607 1676/1608/1608 1668/1600/1600
f 1676/1608/1608 1677/1609/1609 1669/1601/1601
f 1677/1609/1609 3735/2491/3579 1678/1610/1610
f 1679/1611/1611 1682/1614/1614 1680/1612/1612
f 1682/1614/1614 1684/1616/1616 1683/1615/1615
f 1684/1616/1616 1689/1621/1621 1685/1617/1617
f 1686/1618/1618 1687/1619/1619 1682/1614/1614
f 1687/1619/1619 1688/1620/1620 1684/1616/1616
f 1688/1620/1620 1693/1625/1625 1689/1621/1621
f 1690/1622/1622 1691/1623/1623 1687/1619/1619
f 1691/1623/1623 1692/1624/1624 1688/1620/1620
f 1692/1624/1624 1697/1629/1629 1693/1625/1625
f 1690/1622/1622 1698/1630/1630 1694/1626/1626
f 1691/1623/1623 1694/1626/1626 1695/1627/1627
f 1692/1624/1624 1695/1627/1627 1696/1628/1628
f 1698/1630/1630 1702/1634/1634 1699/1631/1631
f 1694/1626/1626 1699/1631/1631 1700/1632/1632
f 1695/1627/1627 1700/1632/1632 1701/1633/1633
f 1702/1634/1634 1706/1638/1638 1703/1635/1635
f 1699/1631/1631 1703/1635/1635 1704/1636/1636
f 1700/1632/1632 1704/1636/1636 1705/1637/1637
f 1706/1638/1638 1707/1639/1639 1671/1603/1603
f 1703/1635/1635 1671/1603/1603 1663/1595/1595
f 1704/1636/1636 1663/1595/1595 1649/1581/1581
f 1707/1639/1639 1715/1647/1647 1708/1640/1640
f 1672/1604/1604 1708/1640/1640 1709/1641/1641
f 1673/1605/1605 1709/1641/1641 1710/1642/1642
f 1674/1606/1606 1710/1642/1642 1711/1643/1643
f 1675/1607/1607 1711/1643/1643 1712/1644/1644
f 1676/1608/1608 1712/1644/1644 1713/1645/1645
f 1707/1639/1639 1706/1638/1638 1714/1646/1646
f 1706/1638/1638 1702/1634/1634 1716/1648/1648
f 1702/1634/1634 1698/1630/1630 1717/1649/1649
f 1698/1630/1630 1690/1622/1622 1718/1650/1650
f 1690/1622/1622 1686/1618/1618 1719/1651/1651
f 1686/1618/1618 1679/1611/1611 1720/1652/1652
f 1721/1653/1653 1735/1667/1666 1722/1654/1654
f 1722/1654/1654 1725/1657/1657 1724/1656/1656
f 1725/1657/1657 1727/1659/1659 1726/1658/1658
f 1727/1659/1659 1729/1661/1661 1728/1660/1660
f 1729/1661/1661 1731/1663/1663 1730/1662/1662
f 1731/1663/1663 1733/1665/1665 1732/1664/1664
f 1733/1665/1665 1742/1674/1673 1734/1666/1617
f 1735/1667/1666 1743/1675/1674 1736/1668/1667
f 1722/1654/1654 1736/1668/1667 1737/1669/1668
f 1737/1669/1668 1738/1670/1669 1727/1659/1659
f 1738/1670/1669 1739/1671/1670 1729/1661/1661
f 1739/1671/1670 1740/1672/1671 1731/1663/1663
f 1740/1672/1671 1741/1673/1672 1733/1665/1665
f 1741/1673/1672 1750/1682/1681 1742/1674/1673
f 1743/1675/1674 3736/2492/3580 1744/1676/1675
f 1736/1668/1667 1744/1676/1675 1745/1677/1676
f 1737/1669/1668 1745/1677/1676 1746/1678/1677
f 1746/1678/1677 1747/1679/1678 1739/1671/1670
f 1747/1679/1678 1748/1680/1679 1740/1672/1671
f 1748/1680/1679 1749/1681/1680 1741/1673/1672
f 1749/1681/1680 3737/2493/3581 1750/1682/1681
f 1751/1683/1682 1754/1686/1685 1752/1684/1683
f 1754/1686/1685 1756/1688/1687 1755/1687/1686
f 1756/1688/1687 1761/1693/1692 1757/1689/1688
f 1758/1690/1689 1759/1691/1690 1754/1686/1685
f 1759/1691/1690 1760/1692/1691 1756/1688/1687
f 1760/1692/1691 1765/1697/1696 1761/1693/1692
f 1762/1694/1693 1763/1695/1694 1759/1691/1690
f 1763/1695/1694 1764/1696/1695 1760/1692/1691
f 1764/1696/1695 1769/1701/1700 1765/1697/1696
f 1766/1698/1697 1767/1699/1698 1763/1695/1694
f 1767/1699/1698 1768/1700/1699 1764/1696/1695
f 1768/1700/1699 1772/1704/1703 1769/1701/1700
f 1766/1698/1697 1773/1705/1704 1770/1702/1701
f 1770/1702/1701 1771/1703/1702 1768/1700/1699
f 1771/1703/1702 1776/1708/1707 1772/1704/1703
f 1773/1705/1704 1777/1709/1708 1774/1706/1705
f 1770/1702/1701 1774/1706/1705 1775/1707/1706
f 1775/1707/1706 1778/1710/1709 1776/1708/1707
f 1777/1709/1708 3736/2492/3580 1743/1675/1674
f 1774/1706/1705 1743/1675/1674 1735/1667/1666
f 1775/1707/1706 1735/1667/1666 1721/1653/1653
f 1721/1653/1653 1723/1655/1655 1779/1655/1710
f 1701/1633/1633 1794/1633/1725 1781/1628/1712
f 1653/1585/1585 1655/1587/1587 1782/1587/1713
f 1730/1662/1662 1732/1664/1664 1784/1664/1715
f 1723/1655/1655 1724/1656/1656 1786/1656/1717
f 1734/1666/1617 3738/1666/1733 1784/1664/1715
f 1657/1589/1589 1793/1589/1724 1782/1587/1713
f 1765/1697/1696 1804/1697/1735 1787/1693/1718
f 1772/1704/1703 1806/1704/1737 1788/1701/1719
f 1724/1656/1656 1726/1658/1658 1789/1658/1720
f 1693/1625/1625 1807/1625/1738 1790/1621/1721
f 1778/1710/1709 1800/1710/1731 1791/1708/1722
f 1697/1629/1629 1696/1628/1628 1781/1628/1712
f 1658/1590/1590 1799/1590/1730 1793/1589/1724
f 1705/1637/1637 1801/1637/1732 1794/1633/1725
f 1649/1581/1581 1651/1583/1583 1795/1583/1726
f 1726/1658/1658 1728/1660/1660 1797/1660/1728
f 1658/1590/1590 1660/1592/1592 1798/1592/1729
f 1721/1653/1653 1780/1653/1711 1800/1710/1731
f 1651/1583/1583 1653/1585/1585 1783/1585/1714
f 1649/1581/1581 1796/1581/1727 1801/1637/1732
f 1689/1621/1621 1790/1621/1721 1802/1617/1733
f 1757/1689/1688 1761/1693/1692 1787/1693/1718
f 1728/1660/1660 1730/1662/1662 1785/1662/1716
f 1769/1701/1700 1788/1701/1719 1804/1697/1735
f 1660/1592/1592 1662/1594/1594 1805/1594/1736
f 1776/1708/1707 1791/1708/1722 1806/1704/1737
f 1693/1625/1625 1697/1629/1629 1792/1629/1723
f 1808/1711/1739 1815/1718/1746 1809/1712/1740
f 1811/1714/1742 1816/1719/1747 1812/1715/1743
f 1814/1717/1745 1819/1722/1750 1815/1718/1746
f 1816/1719/1747 1820/1723/1751 1817/1720/1748
f 1818/1721/1749 1823/1726/1754 1819/1722/1750
f 1820/1723/1751 1824/1727/1755 1821/1724/1752
f 1822/1725/1753 1827/1730/1758 1823/1726/1754
f 1824/1727/1755 1828/1731/1759 1825/1728/1756
f 1826/1729/1757 1831/1734/1761 1827/1730/1758
f 1828/1731/1759 1834/1737/1764 1829/1732/1760
f 1830/1733/1733 1833/1736/1763 1831/1734/1761
f 1832/1735/1762 1837/1740/1767 1833/1736/1763
f 1834/1737/1764 1838/1741/1768 1835/1738/1765
f 1836/1739/1766 1841/1744/1771 1837/1740/1767
f 1838/1741/1768 1842/1745/1735 1839/1742/1769
f 1840/1743/1770 1845/1748/1774 1841/1744/1771
f 1842/1745/1735 1846/1749/1775 1843/1746/1772
f 1844/1747/1773 1849/1752/1778 1845/1748/1774
f 1846/1749/1775 1850/1753/1779 1847/1750/1776
f 1848/1751/1777 1853/1756/1782 1849/1752/1778
f 1850/1753/1779 1854/1757/1783 1851/1754/1780
f 1852/1755/1781 1857/1760/1786 1853/1756/1782
f 1854/1757/1783 1860/1763/1789 1855/1758/1784
f 1856/1759/1785 1859/1762/1788 1857/1760/1786
f 1856/1759/1785 1863/1766/1792 1858/1761/1787
f 1860/1763/1789 1862/1765/1791 1861/1764/1790
f 1810/1713/1741 1809/1712/1740 1861/1764/1790
f 1863/1766/1792 1811/1714/1742 1813/1716/1744
f 1643/1578/1575 1639/1574/1572 1868/1771/1796
f 1636/1571/1569 1871/1774/1799 1868/1771/1796
f 1636/1571/1569 1633/1568/1566 1870/1773/1798
f 1633/1568/1566 1630/1565/1563 1872/1775/1800
f 1630/1565/1563 1574/1509/1507 1873/1776/1801
f 1584/1519/1517 1875/1778/1803 1874/1777/1802
f 1581/1516/1514 1876/1779/1804 1875/1778/1803
f 1578/1513/1511 1877/1780/1805 1876/1779/1804
f 1627/1562/1560 1902/1805/1829 1877/1780/1805
f 1567/1502/1500 1566/1501/1499 1874/1777/1802
f 1570/1505/1503 1567/1502/1500 1878/1781/1806
f 1572/1507/1505 1570/1505/1503 1879/1782/1807
f 1574/1509/1507 1572/1507/1505 1880/1783/1808
f 1587/1522/1520 1586/1521/1519 1881/1784/1809
f 1590/1525/1523 1587/1522/1520 1882/1785/1810
f 1592/1527/1525 1590/1525/1523 1883/1786/1811
f 1594/1529/1527 1592/1527/1525 1884/1787/1812
f 1595/1530/1528 1594/1529/1527 1885/1788/1813
f 1597/1532/1530 1595/1530/1528 1886/1789/1814
f 1599/1534/1532 1597/1532/1530 1887/1790/1815
f 1889/1792/1817 1601/1536/1534 1599/1534/1532
f 1890/1793/1818 1603/1538/1536 1605/1540/1538
f 1891/1794/1819 1605/1540/1538 1608/1543/1541
f 1892/1795/1820 1608/1543/1541 1610/1545/1543
f 1893/1796/1821 1610/1545/1543 1612/1547/1545
f 1894/1797/1822 1612/1547/1545 1613/1548/1546
f 1895/1798/1823 1613/1548/1546 1615/1550/1548
f 1897/1800/1825 1896/1799/1824 1615/1550/1548
f 1889/1792/1817 1897/1800/1825 1617/1552/1550
f 1898/1801/1826 1621/1556/1554 1620/1555/1553
f 1900/1803/1827 1623/1558/1556 1621/1556/1554
f 1901/1804/1828 1625/1560/1558 1623/1558/1556
f 1902/1805/1829 1627/1562/1560 1625/1560/1558
f 1874/1777/1802 1875/1778/1803 1903/1778/1830
f 1895/1798/1823 1937/1798/1864 1905/1797/1832
f 1875/1778/1803 1876/1779/1804 1906/1779/1833
f 1894/1797/1822 1905/1797/1832 1907/1796/1834
f 1868/1771/1796 1911/1771/1838 1908/1772/1835
f 1876/1779/1804 1877/1780/1805 1909/1780/1836
f 1893/1796/1821 1907/1796/1834 1910/1795/1837
f 1871/1774/1799 1913/1774/1840 1911/1771/1838
f 1902/1805/1829 1923/1805/1850 1909/1780/1836
f 1892/1795/1820 1910/1795/1837 1912/1794/1839
f 1870/1773/1798 1918/1773/1845 1913/1774/1840
f 1873/1776/1801 1880/1783/1808 1914/1783/1841
f 1891/1794/1819 1912/1794/1839 1916/1793/1843
f 1870/1773/1798 1872/1775/1800 1917/1775/1844
f 1879/1782/1807 1921/1782/1848 1914/1783/1841
f 1889/1792/1817 1888/1791/1816 1919/1791/1846
f 1872/1775/1800 1873/1776/1801 1915/1776/1842
f 1878/1781/1806 1924/1781/1851 1921/1782/1848
f 1888/1791/1816 1887/1790/1815 1922/1790/1849
f 1901/1804/1828 1926/1804/1853 1923/1805/1850
f 1874/1777/1802 1904/1777/1831 1924/1781/1851
f 1887/1790/1815 1886/1789/1814 1925/1789/1852
f 1900/1803/1827 1929/1803/1856 1926/1804/1853
f 1886/1789/1814 1885/1788/1813 1927/1788/1854
f 1900/1803/1827 1898/1801/1826 1928/1801/1855
f 1885/1788/1813 1884/1787/1812 1930/1787/1857
f 1898/1801/1826 1899/1802/1818 1931/1802/1858
f 1884/1787/1812 1883/1786/1811 1932/1786/1859
f 1889/1792/1817 1920/1792/1847 1933/1800/1860
f 1883/1786/1811 1882/1785/1810 1934/1785/1861
f 1897/1800/1825 1933/1800/1860 1935/1799/1862
f 1882/1785/1810 1881/1784/1809 1936/1784/1863
f 1896/1799/1824 1935/1799/1862 1937/1798/1864
f 1926/1804/1853 1929/1803/1856 1938/1803/1865
f 1927/1788/1854 1942/1788/1869 1940/1789/1867
f 1929/1803/1856 1928/1801/1855 1941/1801/1868
f 1930/1787/1857 1944/1787/1871 1942/1788/1869
f 1928/1801/1855 1931/1802/1858 1943/1802/1870
f 1932/1786/1859 1946/1786/1873 1944/1787/1871
f 1920/1792/1847 1967/1792/1894 1945/1800/1872
f 1934/1785/1861 1948/1785/1875 1946/1786/1873
f 1935/1799/1862 1933/1800/1860 1945/1800/1872
f 1936/1784/1863 3739/1784/3582 1948/1785/1875
f 1937/1798/1864 1935/1799/1862 1947/1799/1874
f 1904/1777/1831 1903/1778/1830 1950/1778/1877
f 1905/1797/1832 1937/1798/1864 1949/1798/1876
f 1903/1778/1830 1906/1779/1833 1953/1779/1880
f 1907/1796/1834 1905/1797/1832 1952/1797/1879
f 1911/1771/1838 1958/1771/1885 1955/1772/1882
f 1906/1779/1833 1909/1780/1836 1956/1780/1883
f 1910/1795/1837 1907/1796/1834 1954/1796/1881
f 1913/1774/1840 1961/1774/1888 1958/1771/1885
f 1909/1780/1836 1923/1805/1850 1959/1805/1886
f 1912/1794/1839 1910/1795/1837 1957/1795/1884
f 1918/1773/1845 1964/1773/1891 1961/1774/1888
f 1914/1783/1841 1965/1783/1892 1962/1776/1889
f 1916/1793/1843 1912/1794/1839 1960/1794/1887
f 1917/1775/1844 1968/1775/1895 1964/1773/1891
f 1921/1782/1848 1969/1782/1896 1965/1783/1892
f 1920/1792/1847 1919/1791/1846 1966/1791/1893
f 1915/1776/1842 1962/1776/1889 1968/1775/1895
f 1924/1781/1851 1970/1781/1897 1969/1782/1896
f 1922/1790/1849 1971/1790/1898 1966/1791/1893
f 1923/1805/1850 1926/1804/1853 1939/1804/1866
f 1904/1777/1831 1951/1777/1878 1970/1781/1897
f 1925/1789/1852 1940/1789/1867 1971/1790/1898
f 1972/1806/1899 1975/1809/1902 1973/1807/1900
f 1975/1809/1902 1972/1806/1899 1976/1810/1903
f 1972/1806/1899 1980/1814/1907 1978/1812/1905
f 1979/1813/1906 3293/2465/3219 1978/1812/1905
f 1981/1815/1908 1991/1825/1918 1982/1816/1909
f 1984/1818/1911 1985/1819/1912 1972/1806/1899
f 1985/1819/1912 1987/1821/1914 1980/1814/1907
f 1986/1820/1913 1989/1823/1916 1980/1814/1907
f 1988/1822/1915 1979/1813/1906 1980/1814/1907
f 1990/1824/1917 2006/1840/1933 1982/1816/1909
f 1992/1826/1919 2004/1838/1931 1993/1827/1920
f 1995/1829/1922 1998/1832/1925 1996/1830/1923
f 1998/1832/1925 3740/2464/3583 1999/1833/1926
f 1993/1827/1920 2025/1859/1952 2000/1834/1927
f 1993/1827/1920 1995/1829/1922 1997/1831/1924
f 1976/1810/1903 1978/1812/1905 2002/1836/1929
f 1978/1812/1905 3293/2465/3219 2003/1837/1930
f 1983/1817/1910 1982/1816/1909 2004/1838/1931
f 1982/1816/1909 2006/1840/1933 1995/1829/1922
f 2005/1839/1932 1998/1832/1925 1995/1829/1922
f 2007/1841/1934 3740/2464/3583 1998/1832/1925
f 2008/1842/1935 2030/1864/1957 2009/1843/1936
f 2011/1845/1938 2014/1848/1941 2012/1846/1939
f 2014/1848/1941 2016/1850/1943 2015/1849/1942
f 2016/1850/1943 2018/1852/1945 2017/1851/1944
f 2018/1852/1945 3741/2466/3257 2019/1853/1946
f 2020/1854/1947 2060/1894/1987 2021/1855/1948
f 2023/1857/1950 2051/1885/1978 2021/1855/1948
f 2025/1859/1952 3342/2483/3260 2026/1860/1953
f 2027/1861/1954 2050/1884/1977 2028/1862/1955
f 2030/1864/1957 2033/1867/1960 2031/1865/1958
f 2030/1864/1957 2034/1868/1961 2032/1866/1959
f 2034/1868/1961 2036/1870/1963 2035/1869/1962
f 2036/1870/1963 2038/1872/1965 2037/1871/1964
f 2038/1872/1965 2040/1874/1967 2039/1873/1966
f 2040/1874/1967 2017/1851/1944 2041/1875/1968
f 2039/1873/1966 2041/1875/1968 2042/1876/1969
f 2041/1875/1968 2045/1879/1972 2044/1878/1971
f 2045/1879/1972 2027/1861/1954 2029/1863/1956
f 2046/1880/1973 2072/1906/1999 2047/1881/1974
f 2008/1842/1935 2013/1847/1940 2034/1868/1961
f 2013/1847/1940 2012/1846/1939 2036/1870/1963
f 2012/1846/1939 2015/1849/1942 2038/1872/1965
f 2015/1849/1942 2017/1851/1944 2040/1874/1967
f 2017/1851/1944 2019/1853/1946 2045/1879/1972
f 2049/1883/1976 2027/1861/1954 2045/1879/1972
f 2049/1883/1976 2022/1856/1949 2050/1884/1977
f 2021/1855/1948 2051/1885/1978 2046/1880/1973
f 2026/1860/1953 2154/1988/2081 2051/1885/1978
f 2052/1886/1979 2011/1845/1938 2008/1842/1935
f 2053/1887/1980 2014/1848/1941 2011/1845/1938
f 2054/1888/1981 2016/1850/1943 2014/1848/1941
f 2055/1889/1982 2018/1852/1945 2016/1850/1943
f 2056/1890/1983 2058/1892/1985 2018/1852/1945
f 2057/1891/1984 3741/2466/3257 2018/1852/1945
f 2020/1854/1947 2022/1856/1949 2059/1893/1986
f 2003/1837/1930 3293/2465/3219 2060/1894/1987
f 2000/1834/1927 2025/1859/1952 2023/1857/1950
f 2001/1835/1928 3342/2483/3260 2025/1859/1952
f 2029/1863/1956 2152/1986/2079 2061/1895/1988
f 2063/1897/1990 2066/1900/1993 2064/1898/1991
f 2066/1900/1993 2069/1903/1996 2067/1901/1994
f 2044/1878/1971 2029/1863/1956 2066/1900/1993
f 2062/1896/1989 2069/1903/1996 2066/1900/1993
f 2047/1881/1974 2072/1906/1999 2068/1902/1995
f 2068/1902/1995 2072/1906/1999 2070/1904/1997
f 2072/1906/1999 2153/1987/2080 2073/1907/2000
f 2074/1908/2001 2145/1979/2072 2075/1909/2002
f 2077/1911/2004 2149/1983/2076 2078/1912/2005
f 2080/1914/2007 2082/1916/2009 2081/1915/2008
f 2082/1916/2009 2084/1918/2011 2083/1917/2010
f 2084/1918/2011 2086/1920/2013 2085/1919/2012
f 2086/1920/2013 2093/1927/2020 2087/1921/2014
f 2088/1922/2015 2089/1923/2016 2079/1913/2006
f 2089/1923/2016 2090/1924/2017 2080/1914/2007
f 2090/1924/2017 2091/1925/2018 2082/1916/2009
f 2091/1925/2018 2092/1926/2019 2084/1918/2011
f 2092/1926/2019 2043/1877/1970 2086/1920/2013
f 2043/1877/1970 2042/1876/1969 2093/1927/2020
f 2093/1927/2020 2063/1897/1990 2065/1899/1992
f 2069/1903/1996 2068/1902/1995 2094/1928/2021
f 2071/1905/1998 2146/1980/2073 2094/1928/2021
f 2074/1908/2001 2076/1910/2003 2096/1930/2023
f 2076/1910/2003 2075/1909/2002 2097/1931/2024
f 2099/1933/2026 2147/1981/2074 2100/1934/2027
f 2102/1936/2029 2151/1985/2078 2103/1937/2030
f 2105/1939/2032 2099/1933/2026 2106/1940/2033
f 2099/1933/2026 2101/1935/2028 2108/1942/2035
f 2109/1943/2036 2140/1974/2067 2110/1944/2037
f 2112/1946/2039 2132/1966/2059 2113/1947/2040
f 2098/1932/2025 2115/1949/2042 2112/1946/2039
f 2115/1949/2042 2151/1985/2078 2102/1936/2029
f 2111/1945/2038 2118/1952/2045 2116/1950/2043
f 2118/1952/2045 2111/1945/2038 2119/1953/2046
f 2119/1953/2046 2122/1956/2049 2121/1955/2048
f 2122/1956/2049 2125/1959/2052 2123/1957/2050
f 2122/1956/2049 2148/1982/2075 2124/1958/2051
f 2111/1945/2038 2126/1960/2053 2122/1956/2049
f 2126/1960/2053 3381/2467/3296 2127/1961/2054
f 2128/1962/2055 2138/1972/2065 2129/1963/2056
f 2110/1944/2037 3381/2467/3296 2126/1960/2053
f 2112/1946/2039 2134/1968/2061 2131/1965/2058
f 2112/1946/2039 2136/1970/2063 2133/1967/2060
f 2112/1946/2039 2102/1936/2029 2135/1969/2062
f 2102/1936/2029 2104/1938/2031 2137/1971/2064
f 2077/1911/2004 2081/1915/2008 2128/1962/2055
f 2081/1915/2008 2083/1917/2010 2138/1972/2065
f 2085/1919/2012 2139/1973/2066 2138/1972/2065
f 2085/1919/2012 2105/1939/2032 2107/1941/2034
f 2087/1921/2014 2065/1899/1992 2105/1939/2032
f 2065/1899/1992 2147/1981/2074 2099/1933/2026
f 2094/1928/2021 2141/1975/2068 2140/1974/2067
f 2141/1975/2068 3381/2467/3296 2110/1944/2037
f 2098/1932/2025 2114/1948/2041 2142/1976/2069
f 2143/1977/2070 2115/1949/2042 2098/1932/2025
f 2144/1978/2071 2150/1984/2077 2115/1949/2042
f 2033/1867/1960 2089/1923/2016 2088/1922/2015
f 2033/1867/1960 2032/1866/1959 2090/1924/2017
f 2032/1866/1959 2035/1869/1962 2091/1925/2018
f 2035/1869/1962 2037/1871/1964 2092/1926/2019
f 2037/1871/1964 2039/1873/1966 2043/1877/1970
f 2042/1876/1969 2044/1878/1971 2063/1897/1990
f 2051/1885/1978 2154/1988/2081 2072/1906/1999
f 2155/1989/2082 2159/1993/2086 2156/1990/2083
f 2158/1992/2085 2161/1995/2088 2156/1990/2083
f 2158/1992/2085 3407/2468/3316 2160/1994/2087
f 2160/1994/2087 3407/2468/3316 2162/1996/2089
f 2164/1998/2091 2182/2016/2109 2165/1999/2092
f 2167/2001/2094 2171/2005/2098 2164/1998/2091
f 2164/1998/2091 2171/2005/2098 2168/2002/2095
f 2170/2004/2097 3416/2470/3324 2168/2002/2095
f 2172/2006/2099 3423/2469/3330 2173/2007/2100
f 2169/2003/2096 2168/2002/2095 2175/2009/2102
f 2177/2011/2104 2155/1989/2082 2157/1991/2084
f 2157/1991/2084 2156/1990/2083 2179/2013/2106
f 2156/1990/2083 2161/1995/2088 2180/2014/2107
f 2161/1995/2088 2160/1994/2087 2163/1997/2090
f 2162/1996/2089 3423/2469/3330 2172/2006/2099
f 2164/1998/2091 2169/2003/2096 2181/2015/2108
f 2168/2002/2095 3416/2470/3324 2183/2017/2110
f 2174/2008/2101 2173/2007/2100 2184/2018/2111
f 2186/2020/2113 2212/2046/2139 2187/2021/2114
f 2189/2023/2116 2196/2030/2123 2190/2024/2117
f 2192/2026/2119 2232/2066/2159 2193/2027/2120
f 2189/2023/2116 3742/2471/3584 2195/2029/2122
f 2178/2012/2105 2199/2033/2126 2197/2031/2124
f 2178/2012/2105 2202/2036/2129 2198/2032/2125
f 2198/2032/2125 2202/2036/2129 2200/2034/2127
f 2202/2036/2129 2180/2014/2107 2203/2037/2130
f 2203/2037/2130 2205/2039/2132 2204/2038/2131
f 2205/2039/2132 2174/2008/2101 2206/2040/2133
f 2174/2008/2101 2185/2019/2112 2207/2041/2134
f 2188/2022/2115 2187/2021/2114 2191/2025/2118
f 2187/2021/2114 2210/2044/2137 2189/2023/2116
f 2209/2043/2136 3742/2471/3584 2189/2023/2116
f 2179/2013/2106 2180/2014/2107 2202/2036/2129
f 2180/2014/2107 2163/1997/2090 2205/2039/2132
f 2163/1997/2090 2172/2006/2099 2174/2008/2101
f 2169/2003/2096 2176/2010/2103 2194/2028/2121
f 2176/2010/2103 2275/2109/2202 2192/2026/2119
f 2211/2045/2138 2214/2048/2141 2187/2021/2114
f 2213/2047/2140 2210/2044/2137 2187/2021/2114
f 2201/2035/2128 2218/2052/2145 2215/2049/2142
f 2201/2035/2128 2219/2053/2146 2217/2051/2144
f 2219/2053/2146 2204/2038/2131 2220/2054/2147
f 2217/2051/2144 2220/2054/2147 2221/2055/2148
f 2220/2054/2147 2224/2058/2151 2223/2057/2150
f 2224/2058/2151 2226/2060/2153 2225/2059/2152
f 2226/2060/2153 2229/2063/2156 2227/2061/2154
f 2229/2063/2156 2232/2066/2159 2230/2064/2157
f 2231/2065/2158 2236/2070/2163 2230/2064/2157
f 2233/2067/2160 2241/2075/2168 2234/2068/2161
f 2236/2070/2163 2273/2107/2200 2237/2071/2164
f 2217/2051/2144 2222/2056/2149 2238/2072/2165
f 2221/2055/2148 2223/2057/2150 2239/2073/2166
f 2223/2057/2150 2225/2059/2152 2240/2074/2167
f 2227/2061/2154 2242/2076/2169 2234/2068/2161
f 2227/2061/2154 2230/2064/2157 2237/2071/2164
f 2243/2077/2170 2266/2100/2193 2244/2078/2171
f 2246/2080/2173 2255/2089/2182 2247/2081/2174
f 2249/2083/2176 2250/2084/2177 2243/2077/2170
f 2250/2084/2177 2272/2106/2199 2251/2085/2178
f 2252/2086/2179 2281/2115/2208 2246/2080/2173
f 2254/2088/2181 2260/2094/2187 2255/2089/2182
f 2255/2089/2182 2259/2093/2186 2256/2090/2183
f 2255/2089/2182 2261/2095/2188 2258/2092/2185
f 2260/2094/2187 2263/2097/2190 2261/2095/2188
f 2260/2094/2187 3465/2484/3359 2262/2096/2189
f 2264/2098/2191 3465/2484/3359 2260/2094/2187
f 2243/2077/2170 2251/2085/2178 2265/2099/2192
f 2251/2085/2178 2269/2103/2196 2267/2101/2194
f 2251/2085/2178 2235/2069/2162 2268/2102/2195
f 2270/2104/2197 2272/2106/2199 2250/2084/2177
f 2233/2067/2160 2235/2069/2162 2272/2106/2199
f 2273/2107/2200 2252/2086/2179 2253/2087/2180
f 2199/2033/2126 2198/2032/2125 2201/2035/2128
f 2200/2034/2127 2204/2038/2131 2219/2053/2146
f 2204/2038/2131 2206/2040/2133 2224/2058/2151
f 2206/2040/2133 2207/2041/2134 2226/2060/2153
f 2207/2041/2134 2185/2019/2112 2229/2063/2156
f 2193/2027/2120 2232/2066/2159 2229/2063/2156
f 2275/2109/2202 2231/2065/2158 2232/2066/2159
f 2276/2110/2203 2208/2042/2135 2277/2111/2204
f 2191/2025/2118 2190/2024/2117 2277/2111/2204
f 2282/2116/2209 2341/2175/2268 2283/2117/2210
f 2284/2118/2211 2297/2131/2224 2285/2119/2212
f 2287/2121/2214 3743/2472/3585 2288/2122/2215
f 2290/2124/2217 2282/2116/2209 2284/2118/2211
f 2291/2125/2218 2294/2128/2221 2287/2121/2214
f 2293/2127/2220 3743/2472/3585 2287/2121/2214
f 2295/2129/2222 2308/2142/2235 2296/2130/2223
f 2298/2132/2225 2301/2135/2228 2299/2133/2226
f 2301/2135/2228 2303/2137/2230 2302/2136/2229
f 2303/2137/2230 2340/2174/2267 2304/2138/2231
f 2305/2139/2232 2307/2141/2234 2303/2137/2230
f 2306/2140/2233 2340/2174/2267 2303/2137/2230
f 2289/2123/2216 2323/2157/2250 2308/2142/2235
f 2310/2144/2237 2305/2139/2232 2301/2135/2228
f 2284/2118/2211 2283/2117/2210 2295/2129/2222
f 2287/2121/2214 2289/2123/2216 2309/2143/2236
f 2312/2146/2239 2323/2157/2250 2313/2147/2240
f 2315/2149/2242 2318/2152/2245 2316/2150/2243
f 2317/2151/2244 2333/2167/2260 2318/2152/2245
f 2319/2153/2246 2314/2148/2241 2320/2154/2247
f 2312/2146/2239 2314/2148/2241 2319/2153/2246
f 2322/2156/2249 2332/2166/2259 2313/2147/2240
f 2324/2158/2251 2321/2155/2248 2325/2159/2252
f 2321/2155/2248 2320/2154/2247 2327/2161/2254
f 2325/2159/2252 2327/2161/2254 2328/2162/2255
f 2330/2164/2257 2345/2179/2272 2331/2165/2258
f 2333/2167/2260 2336/2170/2263 2334/2168/2261
f 2333/2167/2260 2339/2173/2266 2335/2169/2262
f 2322/2156/2249 2337/2171/2264 2330/2164/2257
f 2337/2171/2264 3539/2473/3419 2338/2172/2265
f 2299/2133/2226 2317/2151/2244 2315/2149/2242
f 2302/2136/2229 2339/2173/2266 2317/2151/2244
f 2302/2136/2229 2304/2138/2231 2319/2153/2246
f 2340/2174/2267 2308/2142/2235 2312/2146/2239
f 2346/2180/2273 2352/2186/2279 2347/2181/2274
f 2349/2183/2276 2351/2185/2278 2346/2180/2273
f 2351/2185/2278 2509/2343/2436 2352/2186/2279
f 2352/2186/2279 2509/2343/2436 2353/2187/2280
f 2354/2188/2281 2364/2198/2291 2355/2189/2282
f 2357/2191/2284 2359/2193/2286 2354/2188/2281
f 2358/2192/2285 2361/2195/2288 2354/2188/2281
f 2360/2194/2287 3557/2474/3431 2361/2195/2288
f 2361/2195/2288 3557/2474/3431 2362/2196/2289
f 2364/2198/2291 2375/2209/2302 2365/2199/2292
f 2367/2201/2294 3571/2485/3441 2368/2202/2295
f 2348/2182/2275 2347/2181/2274 2369/2203/2296
f 2347/2181/2274 2372/2206/2299 2371/2205/2298
f 2372/2206/2299 2508/2342/2435 2373/2207/2300
f 2373/2207/2300 2380/2214/2307 2374/2208/2301
f 2368/2202/2295 3564/2477/3435 2375/2209/2302
f 2376/2210/2303 2350/2184/2277 2377/2211/2304
f 2350/2184/2277 2348/2182/2275 2370/2204/2297
f 2353/2187/2280 2508/2342/2435 2372/2206/2299
f 2380/2214/2307 2383/2217/2310 2381/2215/2308
f 2382/2216/2309 3570/2476/3440 2381/2215/2308
f 2361/2195/2288 2367/2201/2294 2364/2198/2291
f 2363/2197/2290 3571/2485/3441 2367/2201/2294
f 2378/2212/2305 2377/2211/2304 2384/2218/2311
f 2386/2220/2313 2426/2260/2353 2387/2221/2314
f 2387/2221/2314 3744/2475/3586 2389/2223/2316
f 2391/2225/2318 2513/2347/2440 2392/2226/2319
f 2391/2225/2318 2422/2256/2349 2394/2228/2321
f 2396/2230/2323 2421/2255/2348 2397/2231/2324
f 2397/2231/2324 2401/2235/2328 2399/2233/2326
f 2393/2227/2320 2399/2233/2326 2401/2235/2328
f 2385/2219/2312 2384/2218/2311 2402/2236/2329
f 2384/2218/2311 2406/2240/2333 2404/2238/2331
f 2406/2240/2333 2409/2243/2336 2407/2241/2334
f 2408/2242/2335 2411/2245/2338 2407/2241/2334
f 2410/2244/2337 2413/2247/2340 2411/2245/2338
f 2412/2246/2339 2415/2249/2342 2413/2247/2340
f 2414/2248/2341 2417/2251/2344 2415/2249/2342
f 2414/2248/2341 2423/2257/2350 2416/2250/2343
f 2418/2252/2345 2396/2230/2323 2419/2253/2346
f 2418/2252/2345 2510/2344/2437 2421/2255/2348
f 2390/2224/2317 2391/2225/2318 2393/2227/2320
f 2390/2224/2317 2511/2345/2438 2422/2256/2349
f 2377/2211/2304 2379/2213/2306 2406/2240/2333
f 2379/2213/2306 2370/2204/2297 2409/2243/2336
f 2369/2203/2296 2408/2242/2335 2409/2243/2336
f 2369/2203/2296 2371/2205/2298 2410/2244/2337
f 2374/2208/2301 2412/2246/2339 2410/2244/2337
f 2381/2215/2308 2414/2248/2341 2412/2246/2339
f 2381/2215/2308 3570/2476/3440 2423/2257/2350
f 2375/2209/2302 2418/2252/2345 2420/2254/2347
f 2375/2209/2302 3564/2477/3435 2424/2258/2351
f 2425/2259/2352 3744/2475/3586 2387/2221/2314
f 2427/2261/2354 2431/2265/2358 2428/2262/2355
f 2430/2264/2357 2433/2267/2360 2428/2262/2355
f 2432/2266/2359 2435/2269/2362 2433/2267/2360
f 2434/2268/2361 2437/2271/2364 2435/2269/2362
f 2434/2268/2361 2439/2273/2366 2436/2270/2363
f 2438/2272/2365 2441/2275/2368 2436/2270/2363
f 2440/2274/2367 2442/2276/2369 2441/2275/2368
f 2398/2232/2325 2443/2277/2370 2442/2276/2369
f 2443/2277/2370 2446/2280/2373 2444/2278/2371
f 2443/2277/2370 2400/2234/2327 2445/2279/2372
f 2447/2281/2374 2451/2285/2378 2448/2282/2375
f 2450/2284/2377 2453/2287/2380 2451/2285/2378
f 2450/2284/2377 2454/2288/2381 2452/2286/2379
f 2454/2288/2381 2463/2297/2390 2455/2289/2382
f 2444/2278/2371 2458/2292/2385 2456/2290/2383
f 2446/2280/2373 2459/2293/2386 2458/2292/2385
f 2445/2279/2372 2474/2308/2401 2459/2293/2386
f 2429/2263/2356 2462/2296/2389 2460/2294/2387
f 2429/2263/2356 2428/2262/2355 2449/2283/2376
f 2433/2267/2360 2447/2281/2374 2449/2283/2376
f 2433/2267/2360 2435/2269/2362 2450/2284/2377
f 2435/2269/2362 2437/2271/2364 2454/2288/2381
f 2436/2270/2363 2463/2297/2390 2454/2288/2381
f 2441/2275/2368 2457/2291/2384 2463/2297/2390
f 2442/2276/2369 2444/2278/2371 2457/2291/2384
f 2398/2232/2325 2397/2231/2324 2400/2234/2327
f 2400/2234/2327 2399/2233/2326 2464/2298/2391
f 2465/2299/2392 2469/2303/2396 2466/2300/2393
f 2468/2302/2395 2472/2306/2399 2466/2300/2393
f 2466/2300/2393 2472/2306/2399 2470/2304/2397
f 2472/2306/2399 2484/2318/2411 2473/2307/2400
f 2474/2308/2401 3620/2478/3482 2475/2309/2402
f 2467/2301/2394 2466/2300/2393 2471/2305/2398
f 2478/2312/2405 2486/2320/2413 2479/2313/2406
f 2470/2304/2397 2473/2307/2400 2481/2315/2408
f 2473/2307/2400 2507/2341/2434 2482/2316/2409
f 2483/2317/2410 2507/2341/2434 2473/2307/2400
f 2458/2292/2385 2476/2310/2403 2475/2309/2402
f 2475/2309/2402 3620/2478/3482 2486/2320/2413
f 2487/2321/2414 2490/2324/2417 2488/2322/2415
f 2487/2321/2414 2512/2346/2439 2489/2323/2416
f 2491/2325/2418 2494/2328/2421 2492/2326/2419
f 2480/2314/2407 2497/2331/2424 2492/2326/2419
f 2495/2329/2422 3629/2486/3490 2496/2330/2423
f 2497/2331/2424 2499/2333/2426 2495/2329/2422
f 2498/2332/2425 2501/2335/2428 2499/2333/2426
f 2498/2332/2425 3639/2479/3497 2500/2334/2427
f 2492/2326/2419 2496/2330/2423 2502/2336/2429
f 2480/2314/2407 2479/2313/2406 2498/2332/2425
f 2503/2337/2430 3639/2479/3497 2498/2332/2425
f 2471/2305/2398 2481/2315/2408 2487/2321/2414
f 2481/2315/2408 2482/2316/2409 2504/2338/2431
f 2485/2319/2412 2478/2312/2405 2480/2314/2407
f 2505/2339/2432 2456/2290/2383 2483/2317/2410
f 2459/2293/2386 2474/2308/2401 2476/2310/2403
f 2402/2236/2329 2461/2295/2388 2506/2340/2433
f 2402/2236/2329 2405/2239/2332 2427/2261/2354
f 2405/2239/2332 2404/2238/2331 2431/2265/2358
f 2404/2238/2331 2407/2241/2334 2430/2264/2357
f 2411/2245/2338 2432/2266/2359 2430/2264/2357
f 2413/2247/2340 2434/2268/2361 2432/2266/2359
f 2415/2249/2342 2439/2273/2366 2434/2268/2361
f 2417/2251/2344 2438/2272/2365 2439/2273/2366
f 2417/2251/2344 2419/2253/2346 2440/2274/2367
f 2419/2253/2346 2396/2230/2323 2398/2232/2325
f 2393/2227/2320 2392/2226/2319 2464/2298/2391
f 2483/2317/2410 2456/2290/2383 2458/2292/2385
f 2514/2348/2441 2524/2358/2451 2515/2349/2442
f 2517/2351/2444 2521/2355/2448 2518/2352/2445
f 2520/2354/2447 2523/2357/2450 2521/2355/2448
f 2522/2356/2449 2533/2367/2460 2523/2357/2450
f 2524/2358/2451 2535/2369/2462 2525/2359/2452
f 2526/2360/2453 3745/2480/3516 2524/2358/2451
f 2527/2361/2454 2519/2353/2446 2528/2362/2455
f 2518/2352/2445 2530/2364/2457 2528/2362/2455
f 2521/2355/2448 2532/2366/2459 2530/2364/2457
f 2521/2355/2448 2523/2357/2450 2531/2365/2458
f 2533/2367/2460 2551/2385/2478 2531/2365/2458
f 2524/2358/2451 2555/2389/2482 2534/2368/2461
f 2524/2358/2451 3745/2480/3516 2536/2370/2463
f 2538/2372/2465 3671/2481/3526 2539/2373/2466
f 2541/2375/2468 2623/2457/2550 2542/2376/2469
f 2529/2363/2456 2528/2362/2455 2544/2378/2471
f 2545/2379/2472 2544/2378/2471 2546/2380/2473
f 2548/2382/2475 2564/2398/2491 2546/2380/2473
f 2531/2365/2458 2551/2385/2478 2538/2372/2465
f 2550/2384/2477 3671/2481/3526 2538/2372/2465
f 2552/2386/2479 2617/2451/2544 2553/2387/2480
f 2555/2389/2482 2552/2386/2479 2556/2390/2483
f 2557/2391/2484 2616/2450/2543 2552/2386/2479
f 2558/2392/2485 2541/2375/2468 2543/2377/2470
f 2560/2394/2487 2626/2460/2553 2541/2375/2468
f 2528/2362/2455 2530/2364/2457 2548/2382/2475
f 2530/2364/2457 2532/2366/2459 2561/2395/2488
f 2532/2366/2459 2531/2365/2458 2549/2383/2476
f 2562/2396/2489 2550/2384/2477 2551/2385/2478
f 2537/2371/2464 2557/2391/2484 2555/2389/2482
f 2563/2397/2490 2622/2456/2549 2558/2392/2485
f 2564/2398/2491 2567/2401/2494 2565/2399/2492
f 2567/2401/2494 2569/2403/2496 2568/2402/2495
f 2569/2403/2496 2540/2374/2467 2570/2404/2497
f 2570/2404/2497 2540/2374/2467 2571/2405/2498
f 2540/2374/2467 2539/2373/2466 2573/2407/2500
f 2573/2407/2500 2617/2451/2544 2574/2408/2501
f 2575/2409/2502 2615/2449/2542 2576/2410/2503
f 2578/2412/2505 2574/2408/2501 2577/2411/2504
f 2580/2414/2507 2588/2422/2515 2575/2409/2502
f 2566/2400/2493 2582/2416/2509 2581/2415/2508
f 2565/2399/2492 2584/2418/2511 2582/2416/2509
f 2565/2399/2492 2568/2402/2495 2583/2417/2510
f 2568/2402/2495 2570/2404/2497 2585/2419/2512
f 2570/2404/2497 2572/2406/2499 2586/2420/2513
f 2571/2405/2498 2574/2408/2501 2578/2412/2505
f 2574/2408/2501 2617/2451/2544 2580/2414/2507
f 2587/2421/2514 2620/2454/2547 2588/2422/2515
f 2589/2423/2516 2593/2427/2520 2590/2424/2517
f 2592/2426/2519 2595/2429/2522 2590/2424/2517
f 2592/2426/2519 2613/2447/2540 2594/2428/2521
f 2596/2430/2523 2601/2435/2528 2597/2431/2524
f 2599/2433/2526 2612/2446/2539 2596/2430/2523
f 2600/2434/2527 2597/2431/2524 2601/2435/2528
f 2601/2435/2528 2627/2461/2554 2603/2437/2530
f 2601/2435/2528 3701/2482/3550 2604/2438/2531
f 2590/2424/2517 2607/2441/2534 2606/2440/2533
f 2595/2429/2522 2609/2443/2536 2607/2441/2534
f 2595/2429/2522 2628/2462/2555 2608/2442/2535
f 2595/2429/2522 2594/2428/2521 2610/2444/2537
f 2612/2446/2539 3701/2482/3550 2601/2435/2528
f 2579/2413/2506 2614/2448/2541 2613/2447/2540
f 2577/2411/2504 2576/2410/2503 2614/2448/2541
f 2615/2449/2542 2575/2409/2502 2599/2433/2526
f 2546/2380/2473 2564/2398/2491 2566/2400/2493
f 2561/2395/2488 2567/2401/2494 2564/2398/2491
f 2549/2383/2476 2569/2403/2496 2567/2401/2494
f 2538/2372/2465 2540/2374/2467 2569/2403/2496
f 2553/2387/2480 2617/2451/2544 2573/2407/2500
f 2616/2450/2543 2618/2452/2545 2617/2451/2544
f 2618/2452/2545 2587/2421/2514 2580/2414/2507
f 2619/2453/2546 2543/2377/2470 2587/2421/2514
f 2587/2421/2514 2543/2377/2470 2542/2376/2469
f 2630/1807/2557 2633/1809/2560 2631/1806/2558
f 2633/1809/2560 3746/1811/3587 2634/1810/2561
f 2631/1806/2558 2634/1810/2561 2635/1812/2562
f 2635/1812/2562 2661/2465/2588 2637/1813/2564
f 2638/1815/2565 2662/1817/2589 2639/1816/2566
f 2641/1818/2568 2632/1808/2559 2631/1806/2558
f 2642/1819/2569 2631/1806/2558 2636/1814/2563
f 2644/1820/2571 2643/1821/2570 2636/1814/2563
f 2636/1814/2563 2637/1813/2564 2646/1822/2573
f 2639/1816/2566 2663/1840/2590 2647/1824/2574
f 2648/1826/2575 2657/1828/2584 2649/1827/2576
f 2651/1829/2578 2658/1831/2585 2652/1830/2579
f 2653/1832/2580 2652/1830/2579 2654/1833/2581
f 2656/1834/2583 2684/1859/2611 2649/1827/2576
f 2649/1827/2576 2718/1835/2645 2658/1831/2585
f 2634/1810/2561 3746/1811/3587 2659/1836/2586
f 2635/1812/2562 2659/1836/2586 2660/1837/2587
f 2662/1817/2589 2648/1826/2575 2650/1838/2577
f 2639/1816/2566 2650/1838/2577 2651/1829/2578
f 2651/1829/2578 2653/1832/2580 2664/1839/2591
f 2653/1832/2580 2655/2464/2582 2665/1841/2592
f 2666/1843/2593 2689/1864/2616 2667/1842/2594
f 2669/1845/2596 2706/1847/2633 2670/1846/2597
f 2671/1848/2598 2670/1846/2597 2672/1849/2599
f 2673/1850/2600 2672/1849/2599 2674/1851/2601
f 2675/1852/2602 2674/1851/2601 2676/1853/2603
f 2678/1854/2605 2708/1856/2635 2679/1855/2606
f 2679/1855/2606 2709/1885/2636 2681/1857/2608
f 2683/1860/2610 3747/2483/3247 2684/1859/2611
f 2685/1861/2612 2702/1863/2629 2686/1862/2613
f 2688/1865/2615 2805/1867/2732 2689/1864/2616
f 2689/1864/2616 2805/1867/2732 2690/1866/2617
f 2691/1868/2618 2690/1866/2617 2692/1869/2619
f 2693/1870/2620 2692/1869/2619 2694/1871/2621
f 2695/1872/2622 2694/1871/2621 2696/1873/2623
f 2697/1874/2624 2696/1873/2623 2698/1875/2625
f 2696/1873/2623 2752/1877/2679 2699/1876/2626
f 2698/1875/2625 2699/1876/2626 2700/1878/2627
f 2701/1879/2628 2700/1878/2627 2702/1863/2629
f 2703/1881/2630 2728/1906/2655 2704/1880/2631
f 2691/1868/2618 2706/1847/2633 2667/1842/2594
f 2693/1870/2620 2670/1846/2597 2706/1847/2633
f 2695/1872/2622 2672/1849/2599 2670/1846/2597
f 2697/1874/2624 2674/1851/2601 2672/1849/2599
f 2674/1851/2601 2698/1875/2625 2701/1879/2628
f 2701/1879/2628 2685/1861/2612 2707/1883/2634
f 2685/1861/2612 2687/1884/2614 2708/1856/2635
f 2704/1880/2631 2709/1885/2636 2679/1855/2606
f 2709/1885/2636 2811/1988/2738 2683/1860/2610
f 2710/1886/2637 2668/1844/2595 2667/1842/2594
f 2711/1887/2638 2710/1886/2637 2669/1845/2596
f 2671/1848/2598 2673/1850/2600 2712/1888/2639
f 2673/1850/2600 2675/1852/2602 2713/1889/2640
f 2675/1852/2602 2716/1892/2643 2714/1890/2641
f 2675/1852/2602 2677/2466/2604 2715/1891/2642
f 2717/1893/2644 2708/1856/2635 2678/1854/2605
f 2660/1837/2587 2678/1854/2605 2680/1894/2607
f 2656/1834/2583 2682/1858/2609 2681/1857/2608
f 2684/1859/2611 3747/2483/3247 2718/1835/2645
f 2702/1863/2629 2726/1896/2653 2719/1895/2646
f 2721/1897/2648 2753/1899/2680 2722/1898/2649
f 2723/1900/2650 2722/1898/2649 2724/1901/2651
f 2700/1878/2627 2721/1897/2648 2723/1900/2650
f 2723/1900/2650 2725/1903/2652 2726/1896/2653
f 2703/1881/2630 2725/1903/2652 2727/1902/2654
f 2727/1902/2654 2755/1905/2682 2729/1904/2656
f 2728/1906/2655 2732/1908/2659 2730/1907/2657
f 2732/1908/2659 2756/1910/2683 2733/1909/2660
f 2735/1912/2662 2808/1983/2735 2736/1911/2663
f 2738/1914/2665 2736/1911/2663 2739/1915/2666
f 2740/1916/2667 2739/1915/2666 2741/1917/2668
f 2742/1918/2669 2741/1917/2668 2743/1919/2670
f 2744/1920/2671 2743/1919/2670 2745/1921/2672
f 2747/1922/2674 2735/1912/2662 2737/1913/2664
f 2748/1923/2675 2737/1913/2664 2738/1914/2665
f 2749/1924/2676 2738/1914/2665 2740/1916/2667
f 2750/1925/2677 2740/1916/2667 2742/1918/2669
f 2751/1926/2678 2742/1918/2669 2744/1920/2671
f 2752/1877/2679 2744/1920/2671 2746/1927/2673
f 2746/1927/2673 2745/1921/2672 2753/1899/2680
f 2725/1903/2652 2800/1929/2727 2754/1928/2681
f 2754/1928/2681 2806/1980/2733 2755/1905/2682
f 2729/1904/2656 2807/1930/2734 2756/1910/2683
f 2756/1910/2683 2773/1932/2700 2757/1931/2684
f 2758/1933/2685 3748/1935/3588 2759/1934/2686
f 2761/1936/2688 2797/1938/2724 2762/1937/2689
f 2764/1939/2691 2799/1941/2726 2765/1940/2692
f 2766/1942/2693 3748/1935/3588 2758/1933/2685
f 2767/1943/2694 2776/1945/2703 2768/1944/2695
f 2770/1947/2697 2792/1966/2719 2771/1946/2698
f 2773/1932/2700 2772/1948/2699 2771/1946/2698
f 2774/1949/2701 2771/1946/2698 2761/1936/2688
f 2775/1950/2702 2778/1952/2705 2776/1945/2703
f 2778/1952/2705 3749/1954/3292 2779/1953/2706
f 2779/1953/2706 3749/1954/3292 2780/1955/2707
f 2782/1957/2709 3750/1959/3589 2781/1956/2708
f 2781/1956/2708 3750/1959/3589 2783/1958/2710
f 2776/1945/2703 2779/1953/2706 2781/1956/2708
f 2785/1960/2712 2781/1956/2708 2786/1961/2713
f 2788/1962/2715 2809/1964/2736 2789/1963/2716
f 2785/1960/2712 2787/2467/2714 2768/1944/2695
f 2791/1965/2718 2794/1968/2721 2771/1946/2698
f 2793/1967/2720 3751/1970/3590 2771/1946/2698
f 2771/1946/2698 3751/1970/3590 2795/1969/2722
f 2761/1936/2688 2795/1969/2722 2796/1971/2723
f 2736/1911/2663 2809/1964/2736 2788/1962/2715
f 2739/1915/2666 2788/1962/2715 2790/1972/2717
f 2741/1917/2668 2790/1972/2717 2798/1973/2725
f 2743/1919/2670 2798/1973/2725 2799/1941/2726
f 2764/1939/2691 2753/1899/2680 2745/1921/2672
f 2758/1933/2685 2760/1981/2687 2753/1899/2680
f 2769/1974/2696 2801/1975/2728 2754/1928/2681
f 2768/1944/2695 2787/2467/2714 2801/1975/2728
f 2802/1976/2729 2772/1948/2699 2773/1932/2700
f 2773/1932/2700 2774/1949/2701 2803/1977/2730
f 2774/1949/2701 2810/1984/2737 2804/1978/2731
f 2747/1922/2674 2748/1923/2675 2805/1867/2732
f 2805/1867/2732 2748/1923/2675 2749/1924/2676
f 2690/1866/2617 2749/1924/2676 2750/1925/2677
f 2692/1869/2619 2750/1925/2677 2751/1926/2678
f 2694/1871/2621 2751/1926/2678 2752/1877/2679
f 2699/1876/2626 2746/1927/2673 2721/1897/2648
f 2728/1906/2655 2811/1988/2738 2709/1885/2636
f 2812/1989/2739 2832/1991/2759 2813/1990/2740
f 2813/1990/2740 2835/1995/2762 2815/1992/2742
f 2815/1992/2742 2835/1995/2762 2816/1994/2743
f 2816/1994/2743 2836/1997/2763 2818/1996/2745
f 2819/1999/2746 2838/2016/2765 2820/1998/2747
f 2822/2001/2749 2821/2000/2748 2820/1998/2747
f 2820/1998/2747 2829/2003/2756 2824/2002/2751
f 2824/2002/2751 2840/2470/2767 2825/2004/2752
f 2826/2006/2753 2841/2008/2768 2827/2007/2754
f 2829/2003/2756 2869/2010/2796 2830/2009/2757
f 2831/2011/2758 2855/2012/2782 2832/1991/2759
f 2832/1991/2759 2855/2012/2782 2833/2013/2760
f 2813/1990/2740 2833/2013/2760 2834/2014/2761
f 2835/1995/2762 2834/2014/2761 2836/1997/2763
f 2826/2006/2753 2828/2469/2755 2818/1996/2745
f 2837/2015/2764 2829/2003/2756 2820/1998/2747
f 2824/2002/2751 2830/2009/2757 2839/2017/2766
f 2841/2008/2768 2865/2019/2792 2842/2018/2769
f 2843/2020/2770 2866/2022/2793 2844/2021/2771
f 2846/2024/2773 3752/2030/3591 2847/2023/2774
f 2849/2027/2776 2887/2066/2814 2850/2026/2777
f 2847/2023/2774 3752/2030/3591 2852/2029/2779
f 2854/2031/2781 2857/2033/2784 2855/2012/2782
f 2856/2032/2783 2859/2036/2786 2855/2012/2782
f 2856/2032/2783 2874/2035/2801 2858/2034/2785
f 2859/2036/2786 2858/2034/2785 2860/2037/2787
f 2861/2038/2788 2863/2039/2790 2860/2037/2787
f 2862/2040/2789 2841/2008/2768 2863/2039/2790
f 2841/2008/2768 2862/2040/2789 2864/2041/2791
f 2866/2022/2793 2932/2042/2859 2848/2025/2775
f 2844/2021/2771 2848/2025/2775 2847/2023/2774
f 2847/2023/2774 2853/2471/2780 2868/2043/2795
f 2859/2036/2786 2834/2014/2761 2833/2013/2760
f 2834/2014/2761 2860/2037/2787 2863/2039/2790
f 2836/1997/2763 2863/2039/2790 2841/2008/2768
f 2829/2003/2756 2837/2015/2764 2851/2028/2778
f 2850/2026/2777 2929/2109/2856 2869/2010/2796
f 2844/2021/2771 2872/2048/2799 2870/2045/2797
f 2844/2021/2771 2867/2044/2794 2871/2047/2798
f 2873/2049/2800 2895/2052/2822 2874/2035/2801
f 2874/2035/2801 2895/2052/2822 2876/2051/2803
f 2877/2053/2804 2876/2051/2803 2878/2054/2805
f 2876/2051/2803 3753/2056/3592 2879/2055/2806
f 2878/2054/2805 2879/2055/2806 2880/2057/2807
f 2881/2058/2808 2880/2057/2807 2882/2059/2809
f 2883/2060/2810 2935/2062/2862 2884/2061/2811
f 2885/2063/2812 2884/2061/2811 2886/2064/2813
f 2887/2066/2814 2886/2064/2813 2888/2070/2815
f 2890/2067/2817 2924/2069/2851 2891/2068/2818
f 2893/2071/2820 2927/2107/2854 2888/2070/2815
f 2894/2072/2821 3753/2056/3592 2876/2051/2803
f 2879/2055/2806 3753/2056/3592 2896/2073/2823
f 2880/2057/2807 2896/2073/2823 2897/2074/2824
f 2891/2068/2818 2934/2076/2861 2884/2061/2811
f 2884/2061/2811 2934/2076/2861 2893/2071/2820
f 2898/2078/2825 3754/2100/3593 2899/2077/2826
f 2901/2081/2828 2913/2089/2840 2902/2080/2829
f 2904/2083/2831 2900/2079/2827 2899/2077/2826
f 2905/2084/2832 2899/2077/2826 2906/2085/2833
f 2902/2080/2829 2938/2115/2865 2908/2086/2835
f 2902/2080/2829 2913/2089/2840 2910/2094/2837
f 2912/2090/2839 2916/2093/2843 2913/2089/2840
f 2915/2092/2842 2917/2095/2844 2913/2089/2840
f 2917/2095/2844 2919/2097/2846 2910/2094/2837
f 2918/2096/2845 3469/2484/3362 2910/2094/2837
f 2910/2094/2837 3469/2484/3362 2920/2098/2847
f 2899/2077/2826 3754/2100/3593 2921/2099/2848
f 2922/2101/2849 3755/2103/3594 2906/2085/2833
f 2906/2085/2833 3755/2103/3594 2923/2102/2850
f 2905/2084/2832 2907/2106/2834 2925/2104/2852
f 2907/2106/2834 2924/2069/2851 2890/2067/2817
f 2909/2087/2836 2908/2086/2835 2927/2107/2854
f 2857/2033/2784 2875/2050/2802 2874/2035/2801
f 2877/2053/2804 2861/2038/2788 2858/2034/2785
f 2861/2038/2788 2878/2054/2805 2881/2058/2808
f 2862/2040/2789 2881/2058/2808 2883/2060/2810
f 2864/2041/2791 2883/2060/2810 2885/2063/2812
f 2885/2063/2812 2887/2066/2814 2849/2027/2776
f 2887/2066/2814 2889/2065/2816 2929/2109/2856
f 2930/2110/2857 2889/2065/2816 2931/2111/2858
f 2931/2111/2858 2846/2024/2773 2848/2025/2775
f 2939/2116/2866 2943/2118/2870 2940/2117/2867
f 2942/2119/2869 2954/2131/2881 2943/2118/2870
f 2945/2121/2872 2966/2123/2893 2946/2122/2873
f 2948/2124/2875 2944/2120/2871 2943/2118/2870
f 2949/2125/2876 2969/2126/2896 2945/2121/2872
f 2945/2121/2872 2947/2472/2874 2951/2127/2878
f 2952/2130/2879 2965/2142/2892 2953/2129/2880
f 2955/2132/2882 2975/2134/2902 2956/2133/2883
f 2957/2135/2884 2956/2133/2883 2958/2136/2885
f 2959/2137/2886 2958/2136/2885 2960/2138/2887
f 2962/2139/2889 2957/2135/2884 2959/2137/2886
f 2959/2137/2886 2961/2174/2888 2964/2140/2891
f 2965/2142/2892 2972/2157/2899 2966/2123/2893
f 2968/2144/2895 2999/2145/2926 2957/2135/2884
f 2943/2118/2870 2954/2131/2881 2953/2129/2880
f 2967/2143/2894 2966/2123/2893 2945/2121/2872
f 2970/2146/2897 2980/2148/2907 2971/2147/2898
f 2973/2150/2900 2976/2152/2903 2974/2149/2901
f 2976/2152/2903 2992/2167/2919 2977/2151/2904
f 2978/2153/2905 2983/2155/2910 2979/2154/2906
f 2978/2153/2905 2980/2148/2907 2970/2146/2897
f 2971/2147/2898 2990/2166/2917 2981/2156/2908
f 2982/2160/2909 2987/2159/2914 2983/2155/2910
f 2983/2155/2910 2987/2159/2914 2985/2161/2912
f 2986/2163/2913 3756/2162/3413 2985/2161/2912
f 2988/2165/2915 3002/2179/2929 2989/2164/2916
f 2991/2168/2918 3757/2170/3595 2992/2167/2919
f 2992/2167/2919 3757/2170/3595 2993/2169/2920
f 2981/2156/2908 2990/2166/2917 2989/2164/2916
f 2995/2171/2922 2989/2164/2916 2996/2172/2923
f 2974/2149/2901 2977/2151/2904 2956/2133/2883
f 2977/2151/2904 2994/2173/2921 2958/2136/2885
f 2994/2173/2921 2978/2153/2905 2960/2138/2887
f 2961/2174/2888 2960/2138/2887 2970/2146/2897
f 3003/2180/2930 3025/2182/2952 3004/2181/2931
f 3006/2183/2933 3035/2184/2962 3003/2180/2930
f 3007/2185/2934 3003/2180/2930 3005/2186/2932
f 3005/2186/2932 3004/2181/2931 3009/2187/2936
f 3010/2189/2937 3021/2198/2948 3011/2188/2938
f 3013/2191/2940 3012/2190/2939 3011/2188/2938
f 3011/2188/2938 3016/2195/2943 3015/2192/2942
f 3016/2195/2943 3019/2474/2946 3017/2194/2944
f 3016/2195/2943 3041/2197/2968 3018/2196/2945
f 3020/2199/2947 3032/2209/2959 3021/2198/2948
f 3023/2202/2950 3758/2485/3596 3024/2201/2951
f 3025/2182/2952 3080/2204/3007 3026/2203/2953
f 3004/2181/2931 3026/2203/2953 3027/2205/2954
f 3028/2206/2955 3027/2205/2954 3029/2207/2956
f 3031/2208/2958 3037/2214/2964 3029/2207/2956
f 3032/2209/2959 3082/2477/3009 3023/2202/2950
f 3033/2210/2960 3042/2212/2969 3034/2211/2961
f 3036/2213/2963 3080/2204/3007 3025/2182/2952
f 3028/2206/2955 3030/2342/2957 3009/2187/2936
f 3037/2214/2964 3031/2208/2958 3038/2215/2965
f 3038/2215/2965 3081/2476/3008 3040/2216/2967
f 3021/2198/2948 3024/2201/2951 3016/2195/2943
f 3024/2201/2951 3758/2485/3596 3041/2197/2968
f 3042/2212/2969 3060/2219/2987 3043/2218/2970
f 3044/2220/2971 3059/2222/2986 3045/2221/2972
f 3047/2224/2974 3169/2223/3096 3048/2475/2975
f 3049/2226/2976 3173/2347/3100 3050/2225/2977
f 3050/2225/2977 3172/2229/3099 3052/2228/2979
f 3054/2230/2981 3100/2232/3027 3055/2231/2982
f 3055/2231/2982 3103/2234/3030 3057/2233/2984
f 3059/2222/2986 3058/2235/2985 3057/2233/2984
f 3060/2219/2987 3165/2237/3092 3061/2236/2988
f 3043/2218/2970 3166/2239/3093 3062/2238/2989
f 3063/2240/2990 3062/2238/2989 3064/2241/2991
f 3064/2241/2991 3067/2245/2994 3066/2242/2993
f 3067/2245/2994 3069/2247/2996 3068/2244/2995
f 3069/2247/2996 3071/2249/2998 3070/2246/2997
f 3071/2249/2998 3167/2251/3094 3072/2248/2999
f 3072/2248/2999 3167/2251/3094 3073/2250/3000
f 3075/2253/3002 3054/2230/2981 3076/2252/3003
f 3076/2252/3003 3054/2230/2981 3056/2255/2983
f 3051/2227/2978 3050/2225/2977 3047/2224/2974
f 3047/2224/2974 3050/2225/2977 3053/2256/2980
f 3034/2211/2961 3043/2218/2970 3063/2240/2990
f 3036/2213/2963 3063/2240/2990 3065/2243/2992
f 3065/2243/2992 3066/2242/2993 3026/2203/2953
f 3066/2242/2993 3068/2244/2995 3027/2205/2954
f 3068/2244/2995 3070/2246/2997 3031/2208/2958
f 3070/2246/2997 3072/2248/2999 3038/2215/2965
f 3038/2215/2965 3072/2248/2999 3074/2257/3001
f 3077/2254/3004 3076/2252/3003 3032/2209/2959
f 3076/2252/3003 3168/2258/3095 3082/2477/3009
f 3045/2221/2972 3048/2475/2975 3083/2259/3010
f 3084/2263/3011 3087/2262/3014 3085/2265/3012
f 3087/2262/3014 3089/2267/3016 3088/2264/3015
f 3089/2267/3016 3091/2269/3018 3090/2266/3017
f 3091/2269/3018 3120/2271/3047 3092/2268/3019
f 3092/2268/3019 3120/2271/3047 3093/2270/3020
f 3094/2273/3021 3093/2270/3020 3095/2275/3022
f 3096/2272/3023 3095/2275/3022 3097/2276/3024
f 3098/2274/3025 3097/2276/3024 3099/2277/3026
f 3101/2278/3028 3116/2280/3043 3099/2277/3026
f 3099/2277/3026 3116/2280/3043 3102/2279/3029
f 3104/2282/3031 3107/2285/3034 3105/2281/3032
f 3107/2285/3034 3759/2287/3597 3108/2284/3035
f 3108/2284/3035 3759/2287/3597 3109/2286/3036
f 3110/2288/3037 3109/2286/3036 3111/2289/3038
f 3113/2290/3040 3115/2292/3042 3101/2278/3028
f 3115/2292/3042 3117/2293/3044 3116/2280/3043
f 3117/2293/3044 3131/2308/3058 3102/2279/3029
f 3118/2294/3045 3170/2296/3097 3084/2263/3011
f 3084/2263/3011 3170/2296/3097 3106/2283/3033
f 3106/2283/3033 3105/2281/3032 3089/2267/3016
f 3105/2281/3032 3108/2284/3035 3091/2269/3018
f 3091/2269/3018 3108/2284/3035 3110/2288/3037
f 3110/2288/3037 3112/2297/3039 3093/2270/3020
f 3093/2270/3020 3112/2297/3039 3114/2291/3041
f 3095/2275/3022 3114/2291/3041 3101/2278/3028
f 3100/2232/3027 3099/2277/3026 3103/2234/3030
f 3103/2234/3030 3102/2279/3029 3121/2298/3048
f 3122/2299/3049 3133/2301/3060 3123/2300/3050
f 3125/2302/3052 3124/2303/3051 3123/2300/3050
f 3123/2300/3050 3134/2305/3061 3127/2304/3054
f 3126/2306/3053 3127/2304/3054 3128/2307/3055
f 3130/2309/3057 3142/2478/3069 3131/2308/3058
f 3133/2301/3060 3145/2311/3072 3134/2305/3061
f 3135/2312/3062 3151/2314/3078 3136/2313/3063
f 3138/2315/3065 3128/2307/3055 3127/2304/3054
f 3139/2316/3066 3760/2341/3598 3128/2307/3055
f 3128/2307/3055 3760/2341/3598 3140/2317/3067
f 3141/2319/3068 3130/2309/3057 3132/2310/3059
f 3130/2309/3057 3135/2312/3062 3137/2320/3064
f 3143/2322/3070 3147/2324/3074 3144/2321/3071
f 3146/2323/3073 3171/2346/3098 3144/2321/3071
f 3148/2325/3075 3160/2327/3087 3149/2326/3076
f 3149/2326/3076 3154/2331/3081 3151/2314/3078
f 3152/2330/3079 3761/2486/3599 3153/2329/3080
f 3153/2329/3080 3155/2333/3082 3154/2331/3081
f 3155/2333/3082 3762/2335/3600 3156/2332/3083
f 3156/2332/3083 3762/2335/3600 3157/2334/3084
f 3159/2336/3086 3152/2330/3079 3149/2326/3076
f 3151/2314/3078 3154/2331/3081 3156/2332/3083
f 3156/2332/3083 3158/2479/3085 3161/2337/3088
f 3134/2305/3061 3145/2311/3072 3144/2321/3071
f 3138/2315/3065 3144/2321/3071 3162/2338/3089
f 3141/2319/3068 3150/2328/3077 3151/2314/3078
f 3163/2339/3090 3129/2318/3056 3140/2317/3067
f 3117/2293/3044 3115/2292/3042 3132/2310/3059
f 3164/2340/3091 3119/2295/3046 3061/2236/2988
f 3061/2236/2988 3119/2295/3046 3086/2261/3013
f 3166/2239/3093 3086/2261/3013 3085/2265/3012
f 3062/2238/2989 3085/2265/3012 3088/2264/3015
f 3088/2264/3015 3090/2266/3017 3067/2245/2994
f 3090/2266/3017 3092/2268/3019 3069/2247/2996
f 3092/2268/3019 3094/2273/3021 3071/2249/2998
f 3094/2273/3021 3096/2272/3023 3167/2251/3094
f 3167/2251/3094 3096/2272/3023 3098/2274/3025
f 3075/2253/3002 3098/2274/3025 3100/2232/3027
f 3121/2298/3048 3049/2226/2976 3051/2227/2978
f 3140/2317/3067 3760/2341/3598 3115/2292/3042
f 3174/2349/3101 3185/2358/3112 3175/2348/3102
f 3177/2352/3104 3180/2355/3107 3178/2351/3105
f 3180/2355/3107 3182/2357/3109 3181/2354/3108
f 3182/2357/3109 3191/2367/3118 3183/2356/3110
f 3184/2359/3111 3193/2369/3120 3185/2358/3112
f 3185/2358/3112 3195/2480/3122 3186/2360/3113
f 3187/2361/3114 3202/2363/3129 3188/2362/3115
f 3188/2362/3115 3219/2364/3146 3177/2352/3104
f 3177/2352/3104 3219/2364/3146 3189/2366/3116
f 3189/2366/3116 3190/2365/3117 3182/2357/3109
f 3190/2365/3117 3208/2385/3135 3191/2367/3118
f 3192/2368/3119 3214/2389/3141 3185/2358/3112
f 3185/2358/3112 3222/2371/3149 3194/2370/3121
f 3196/2374/3123 3234/2373/3161 3197/2481/3124
f 3199/2376/3126 3280/2457/3207 3200/2375/3127
f 3202/2363/3129 3204/2379/3131 3203/2378/3130
f 3204/2379/3131 3242/2381/3169 3205/2380/3132
f 3205/2380/3132 3226/2398/3153 3206/2382/3133
f 3207/2383/3134 3198/2372/3125 3208/2385/3135
f 3198/2372/3125 3197/2481/3124 3209/2384/3136
f 3210/2387/3137 3247/2451/3174 3211/2386/3138
f 3213/2390/3140 3211/2386/3138 3214/2389/3141
f 3211/2386/3138 3277/2450/3204 3215/2391/3142
f 3216/2393/3143 3201/2377/3128 3200/2375/3127
f 3200/2375/3127 3283/2460/3210 3218/2394/3145
f 3188/2362/3115 3203/2378/3130 3206/2382/3133
f 3219/2364/3146 3206/2382/3133 3220/2395/3147
f 3189/2366/3116 3220/2395/3147 3207/2383/3134
f 3208/2385/3135 3209/2384/3136 3221/2396/3148
f 3214/2389/3141 3215/2391/3142 3222/2371/3149
f 3223/2397/3150 3216/2393/3143 3217/2392/3144
f 3225/2399/3152 3229/2401/3156 3226/2398/3153
f 3228/2402/3155 3231/2403/3158 3229/2401/3156
f 3230/2404/3157 3196/2374/3123 3231/2403/3158
f 3230/2404/3157 3763/2406/3542 3232/2405/3159
f 3196/2374/3123 3232/2405/3159 3233/2407/3160
f 3235/2408/3162 3247/2451/3174 3233/2407/3160
f 3236/2411/3163 3764/2410/3536 3237/2449/3164
f 3239/2412/3166 3274/2413/3201 3236/2411/3163
f 3238/2409/3165 3248/2422/3175 3240/2414/3167
f 3241/2415/3168 3243/2416/3170 3227/2400/3154
f 3243/2416/3170 3765/2418/3601 3225/2399/3152
f 3225/2399/3152 3765/2418/3601 3244/2417/3171
f 3228/2402/3155 3244/2417/3171 3245/2419/3172
f 3246/2420/3173 3763/2406/3542 3230/2404/3157
f 3232/2405/3159 3763/2406/3542 3239/2412/3166
f 3235/2408/3162 3236/2411/3163 3240/2414/3167
f 3248/2422/3175 3766/2454/3602 3249/2421/3176
f 3250/2423/3177 3268/2425/3195 3251/2424/3178
f 3251/2424/3178 3270/2429/3197 3253/2426/3180
f 3253/2426/3180 3270/2429/3197 3254/2428/3181
f 3256/2431/3183 3262/2435/3189 3257/2430/3184
f 3259/2433/3186 3258/2432/3185 3257/2430/3184
f 3261/2434/3188 3264/2436/3191 3262/2435/3189
f 3263/2437/3190 3284/2461/3211 3262/2435/3189
f 3262/2435/3189 3285/2439/3212 3265/2438/3192
f 3267/2440/3194 3269/2441/3196 3251/2424/3178
f 3269/2441/3196 3272/2443/3199 3270/2429/3197
f 3271/2442/3198 3286/2462/3213 3270/2429/3197
f 3270/2429/3197 3287/2445/3214 3273/2444/3200
f 3262/2435/3189 3266/2482/3193 3260/2446/3187
f 3255/2447/3182 3275/2448/3202 3274/2413/3201
f 3275/2448/3202 3764/2410/3536 3236/2411/3163
f 3237/2449/3164 3258/2432/3185 3259/2433/3186
f 3227/2400/3154 3226/2398/3153 3205/2380/3132
f 3226/2398/3153 3229/2401/3156 3220/2395/3147
f 3229/2401/3156 3231/2403/3158 3207/2383/3134
f 3207/2383/3134 3231/2403/3158 3196/2374/3123
f 3210/2387/3137 3234/2373/3161 3233/2407/3160
f 3211/2386/3138 3247/2451/3174 3276/2452/3203
f 3247/2451/3174 3240/2414/3167 3249/2421/3176
f 3249/2421/3176 3201/2377/3128 3278/2453/3205
f 3249/2421/3176 3766/2454/3602 3199/2376/3126
f 1973/1807/1900 3290/1807/3217 3289/1808/3216
f 1975/1809/1902 3291/1809/3218 3290/1807/3217
f 1977/1811/1904 3314/1811/3238 3291/1809/3218
f 1979/1813/1906 3302/1813/3228 3292/2465/2588
f 1983/1817/1910 3315/1817/3239 3294/1815/3220
f 1981/1815/1908 3294/1815/3220 3295/1825/3221
f 1984/1818/1911 1974/1808/1901 3289/1808/3216
f 1985/1819/1912 1984/1818/1911 3296/1818/3222
f 1985/1819/1912 3297/1819/3223 3298/1821/3224
f 1986/1820/1913 1987/1821/1914 3298/1821/3224
f 1989/1823/1916 1986/1820/1913 3299/1820/3225
f 1988/1822/1915 1989/1823/1916 3300/1823/3226
f 1988/1822/1915 3301/1822/3227 3302/1813/3228
f 1990/1824/1917 1991/1825/1918 3295/1825/3221
f 1990/1824/1917 3303/1824/3229 3304/1840/2590
f 1992/1826/1919 1994/1828/1921 3305/1828/3230
f 1996/1830/1923 3310/1830/3234 3307/1831/3232
f 1999/1833/1926 3740/2464/3583 3308/2464/2582
f 1999/1833/1926 3309/1833/3233 3310/1830/3234
f 1994/1828/1921 2000/1834/1927 3311/1834/3235
f 2001/1835/1928 1997/1831/1924 3307/1831/3232
f 1977/1811/1904 2002/1836/1929 3313/1836/3237
f 1983/1817/1910 1992/1826/1919 3306/1826/3231
f 2005/1839/1932 2006/1840/1933 3304/1840/2590
f 2005/1839/1932 3316/1839/3240 3317/1841/3241
f 3740/2464/3583 2007/1841/1934 3317/1841/3241
f 2010/1844/1937 2009/1843/1936 3319/1843/3243
f 2019/1853/1946 3741/2466/3257 3321/2466/2604
f 2060/1894/1987 3341/1894/3259 3323/1855/3245
f 2024/1858/1951 2021/1855/1948 3323/1855/3245
f 2026/1860/1953 3342/2483/3260 3325/2483/3247
f 2050/1884/1977 3397/1884/3309 3327/1862/2613
f 2031/1865/1958 3396/1865/3308 3319/1843/3243
f 2047/1881/1974 3348/1881/3266 3328/1882/3248
f 2049/1883/1976 2019/1853/1946 3322/1853/2603
f 2049/1883/1976 3329/1883/3249 3330/1856/3250
f 2154/1988/2081 2026/1860/1953 3326/1860/2610
f 2052/1886/1979 2010/1844/1937 3320/1844/3244
f 2052/1886/1979 3332/1886/3252 3333/1887/3253
f 2054/1888/1981 2053/1887/1980 3333/1887/3253
f 2055/1889/1982 2054/1888/1981 3334/1888/2639
f 2056/1890/1983 2055/1889/1982 3335/1889/2640
f 2058/1892/1985 2056/1890/1983 3336/1890/3254
f 2057/1891/1984 2058/1892/1985 3337/1892/3255
f 3741/2466/3257 2057/1891/1984 3338/1891/3256
f 2022/1856/1949 3330/1856/3250 3340/1893/3258
f 2060/1894/1987 3293/2465/3219 3292/2465/2588
f 2024/1858/1951 3324/1858/3246 3311/1834/3235
f 2001/1835/1928 3312/1835/3236 3325/2483/3247
f 2061/1895/1988 2152/1986/2079 3343/1986/3261
f 2062/1896/1989 2061/1895/1988 3344/1895/3262
f 2067/1901/1994 3401/1901/3311 3346/1898/3264
f 2062/1896/1989 3345/1896/3263 3347/1903/3265
f 2069/1903/1996 3347/1903/3265 3348/1881/3266
f 2071/1905/1998 2070/1904/1997 3349/1904/3267
f 2073/1907/2000 2153/1987/2080 3351/1987/3269
f 2145/1979/2072 3398/1979/2661 3353/1909/3271
f 2078/1912/2005 2149/1983/2076 3354/1983/3272
f 2078/1912/2005 3355/1912/3273 3356/1922/3274
f 2071/1905/1998 3350/1905/3268 3357/1980/3275
f 2070/1904/1997 2096/1930/2023 3358/1930/3276
f 2097/1931/2024 2075/1909/2002 3353/1909/3271
f 2100/1934/2027 2147/1981/2074 3360/1981/3277
f 2100/1934/2027 3361/1934/3278 3362/1935/3279
f 2103/1937/2030 2151/1985/2078 3363/1985/3280
f 2104/1938/2031 2103/1937/2030 3364/1937/3281
f 2107/1941/2034 2106/1940/2033 3366/1940/3283
f 2108/1942/2035 3368/1942/3284 3366/1940/3283
f 2108/1942/2035 2101/1935/2028 3362/1935/3279
f 2113/1947/2040 3371/1947/3287 3369/1948/3285
f 2113/1947/2040 2132/1966/2059 3370/1966/3286
f 2117/1951/2044 2116/1950/2043 3372/1950/3288
f 2116/1950/2043 2118/1952/2045 3374/1952/3290
f 2120/1954/2047 3376/1954/3292 3374/1952/3290
f 2120/1954/2047 2121/1955/2048 3375/1955/3291
f 2123/1957/2050 3378/1957/2709 3375/1955/3291
f 2123/1957/2050 2125/1959/2052 3377/1959/3293
f 2124/1958/2051 2148/1982/2075 3379/1982/3294
f 2125/1959/2052 2124/1958/2051 3380/1958/3295
f 3391/2467/3303 2787/2467/2714 2786/1961/2713
f 2129/1963/2056 3402/1963/3312 3383/1964/2736
f 2131/1965/2058 3385/1965/3299 3370/1966/3286
f 2131/1965/2058 2134/1968/2061 3384/1968/3298
f 2134/1968/2061 2133/1967/2060 3386/1967/2720
f 2136/1970/2063 3387/1970/3300 3386/1967/2720
f 2135/1969/2062 3389/1969/3301 3387/1970/3300
f 2137/1971/2064 2104/1938/2031 3365/1938/3282
f 2135/1969/2062 2137/1971/2064 3388/1971/2723
f 2107/1941/2034 3367/1941/2726 3390/1973/3302
f 3381/2467/3296 2141/1975/2068 3399/1975/2728
f 2142/1976/2069 2114/1948/2041 3369/1948/3285
f 2097/1931/2024 3359/1931/2684 3393/1977/3305
f 2144/1978/2071 2143/1977/2070 3393/1977/3305
f 2144/1978/2071 3394/1978/3306 3395/1984/3307
f 2031/1865/1958 2088/1922/2015 3356/1922/3274
f 2059/1893/1986 3340/1893/3258 3313/1836/3237
f 2050/1884/1977 2048/1882/1975 3328/1882/3248
f 2145/1979/2072 2073/1907/2000 3352/1907/3270
f 2146/1980/2073 3357/1980/3275 3399/1975/2728
f 2142/1976/2069 3392/1976/3304 3358/1930/3276
f 2147/1981/2074 2064/1898/1991 3346/1898/3264
f 2067/1901/1994 2095/1929/2022 3400/1929/3310
f 2148/1982/2075 2127/1961/2054 3382/1961/3297
f 2129/1963/2056 2139/1973/2066 3390/1973/3302
f 2117/1951/2044 3373/1951/3289 3403/1943/3313
f 2130/1964/2057 3383/1964/2736 3354/1983/3272
f 2150/1984/2077 3395/1984/3307 3363/1985/3280
f 2152/1986/2079 2028/1862/1955 3327/1862/2613
f 2154/1988/2081 3331/1988/3251 3351/1987/3269
f 2095/1929/2022 2109/1943/2036 3403/1943/3313
f 2155/1989/2082 3422/1989/3329 3404/1993/2741
f 2158/1992/2085 2159/1993/2086 3404/1993/2741
f 3407/2468/3316 2158/1992/2085 3405/1992/3314
f 3406/2468/3315 2817/2468/2744 2818/1996/2745
f 2165/1999/2092 3411/1999/3320 3409/2000/3318
f 2165/1999/2092 2182/2016/2109 3410/2016/3319
f 2166/2000/2093 3409/2000/3318 3412/2001/3321
f 2171/2005/2098 2167/2001/2094 3412/2001/3321
f 2171/2005/2098 3413/2005/2750 3414/2004/3322
f 2170/2004/2097 3414/2004/3322 3415/2470/3323
f 2173/2007/2100 3423/2469/3330 3417/2469/3325
f 2176/2010/2103 2175/2009/2102 3419/2009/3326
f 2155/1989/2082 2177/2011/2104 3421/2011/3328
f 2162/1996/2089 3408/1996/3317 3417/2469/3325
f 2181/2015/2108 3437/2015/2764 3410/2016/3319
f 3767/2470/3603 2840/2470/2767 2839/2017/2766
f 2175/2009/2102 2183/2017/2110 3424/2017/3331
f 2173/2007/2100 3418/2007/2754 3425/2018/3332
f 2185/2019/2112 2184/2018/2111 3425/2018/3332
f 2186/2020/2113 2188/2022/2115 3427/2022/3333
f 2186/2020/2113 3428/2020/3334 3429/2046/3335
f 2190/2024/2117 2196/2030/2123 3430/2030/3336
f 2193/2027/2120 3481/2027/3372 3432/2028/3338
f 2195/2029/2122 3742/2471/3584 3433/2471/2780
f 2195/2029/2122 3434/2029/3339 3430/2030/3336
f 2197/2031/2124 3485/2031/3375 3421/2011/3328
f 2208/2042/2135 3482/2042/3373 3427/2022/3333
f 2210/2044/2137 3442/2044/2794 3435/2043/2795
f 3742/2471/3584 2209/2043/2136 3435/2043/2795
f 2194/2028/2121 3432/2028/3338 3437/2015/2764
f 2275/2109/2202 2176/2010/2103 3420/2010/3327
f 2212/2046/2139 3429/2046/3335 3439/2045/3342
f 2214/2048/2141 2211/2045/2138 3439/2045/3342
f 2213/2047/2140 2214/2048/2141 3440/2048/3343
f 2213/2047/2140 3441/2047/2798 3442/2044/2794
f 2215/2049/2142 3445/2049/3345 3443/2050/2802
f 2215/2049/2142 2218/2052/2145 3444/2052/3344
f 2233/2067/2160 3477/2067/3369 3446/2075/3346
f 2273/2107/2200 2236/2070/2163 3447/2070/2815
f 2238/2072/2165 3450/2072/2821 3444/2052/3344
f 2238/2072/2165 2222/2056/2149 3449/2056/3348
f 2222/2056/2149 2239/2073/2166 3451/2073/3349
f 2225/2059/2152 3488/2059/3378 3452/2074/3350
f 2240/2074/2167 3452/2074/3350 3451/2073/3349
f 2244/2078/2171 3455/2078/3353 3453/2079/3351
f 2244/2078/2171 2266/2100/2193 3454/2100/3352
f 2247/2081/2174 3491/2081/3380 3456/2082/2830
f 2249/2083/2176 2245/2079/2172 3453/2079/3351
f 2252/2086/2179 3480/2086/3371 3458/2115/2865
f 2257/2091/2184 2256/2090/2183 3459/2090/2839
f 2256/2090/2183 2259/2093/2186 3461/2093/3356
f 2259/2093/2186 2258/2092/2185 3462/2092/3357
f 2258/2092/2185 2261/2095/2188 3463/2095/2844
f 2263/2097/2190 3464/2097/3358 3463/2095/2844
f 2262/2096/2189 3466/2096/2845 3464/2097/3358
f 3468/2484/3361 3469/2484/3362 2918/2096/2845
f 2254/2088/2181 3492/2088/3381 3467/2098/3360
f 3465/2484/3359 2264/2098/2191 3467/2098/3360
f 2265/2099/2192 3470/2099/2848 3454/2100/3352
f 2267/2101/2194 3472/2101/3364 3470/2099/2848
f 2267/2101/2194 2269/2103/2196 3471/2103/3363
f 2268/2102/2195 2235/2069/2162 3473/2069/3365
f 2268/2102/2195 3474/2102/3366 3471/2103/3363
f 2270/2104/2197 2271/2105/2198 3475/2105/3367
f 2270/2104/2197 3476/2104/3368 3477/2067/3369
f 2274/2108/2201 2253/2087/2180 3478/2087/3370
f 2252/2086/2179 2273/2107/2200 3448/2107/3347
f 2193/2027/2120 2185/2019/2112 3426/2019/2792
f 2276/2110/2203 3493/2110/2857 3482/2042/3373
f 2190/2024/2117 3431/2024/3337 3483/2111/2858
f 2197/2031/2124 2278/2112/2205 3484/2112/3374
f 2274/2108/2201 3479/2108/2855 3486/2076/3376
f 2225/2059/2152 2228/2062/2155 3487/2062/3377
f 2228/2062/2155 2241/2075/2168 3446/2075/3346
f 2236/2070/2163 2277/2111/2204 3483/2111/2858
f 2279/2113/2206 2249/2083/2176 3457/2083/3354
f 2248/2082/2175 3456/2082/2830 3490/2114/3379
f 2253/2087/2180 2280/2114/2207 3490/2114/3379
f 2247/2081/2174 2257/2091/2184 3460/2091/3355
f 2254/2088/2181 2281/2115/2208 3458/2115/2865
f 2271/2105/2198 2279/2113/2206 3489/2113/2863
f 2242/2076/2169 3486/2076/3376 3473/2069/3365
f 2216/2050/2143 3443/2050/2802 3484/2112/3374
f 2276/2110/2203 2275/2109/2202 3438/2109/3341
f 2341/2175/2268 3543/2175/3423 3494/2117/2867
f 2285/2119/2212 3497/2119/3383 3495/2120/2871
f 2285/2119/2212 2297/2131/2224 3496/2131/3382
f 2288/2122/2215 3743/2472/3585 3498/2472/2874
f 2289/2123/2216 2288/2122/2215 3499/2122/3384
f 2290/2124/2217 2286/2120/2213 3495/2120/2871
f 2290/2124/2217 3501/2124/3386 3502/2116/3387
f 2292/2126/2219 3518/2126/3399 3503/2125/3388
f 2294/2128/2221 2291/2125/2218 3503/2125/3388
f 2294/2128/2221 3504/2128/3389 3505/2127/2878
f 3743/2472/3585 2293/2127/2220 3505/2127/2878
f 2296/2130/2223 3544/2130/3424 3496/2131/3382
f 2295/2129/2222 3517/2129/2880 3507/2142/3391
f 2300/2134/2227 3521/2134/3402 3508/2132/3392
f 2305/2139/2232 3516/2139/3398 3509/2141/3393
f 2307/2141/2234 3509/2141/3393 3510/2140/3394
f 2340/2174/2267 2306/2140/2233 3510/2140/3394
f 2308/2142/2235 3507/2142/3391 3512/2143/2894
f 2289/2123/2216 3500/2123/3385 3513/2157/3395
f 2310/2144/2237 2311/2145/2238 3514/2145/3396
f 2310/2144/2237 3515/2144/3397 3516/2139/3398
f 2295/2129/2222 2283/2117/2210 3494/2117/2867
f 2292/2126/2219 2309/2143/2236 3512/2143/2894
f 2314/2148/2241 2313/2147/2240 3519/2147/3400
f 2316/2150/2243 3523/2150/2900 3521/2134/3402
f 2316/2150/2243 2318/2152/2245 3522/2152/3403
f 2320/2154/2247 2314/2148/2241 3520/2148/3401
f 2322/2156/2249 2323/2157/2250 3513/2157/3395
f 2313/2147/2240 2332/2166/2259 3526/2166/3406
f 2321/2155/2248 2324/2158/2251 3527/2158/3407
f 2325/2159/2252 3532/2159/3412 3529/2160/3409
f 2320/2154/2247 3524/2154/3404 3530/2161/3410
f 2325/2159/2252 2329/2163/2256 3531/2163/3411
f 2327/2161/2254 3530/2161/3410 3533/2162/3413
f 2329/2163/2256 2328/2162/2255 3533/2162/3413
f 2331/2165/2258 3547/2165/2915 3526/2166/3406
f 2330/2164/2257 3541/2164/3421 3534/2179/3414
f 2334/2168/2261 3535/2168/3415 3522/2152/3403
f 2336/2170/2263 3536/2170/3416 3535/2168/3415
f 2335/2169/2262 3548/2169/3426 3536/2170/3416
f 2337/2171/2264 2322/2156/2249 3525/2156/3405
f 2337/2171/2264 3537/2171/3417 3538/2473/3418
f 2338/2172/2265 3539/2473/3419 3538/2473/3418
f 2330/2164/2257 2338/2172/2265 3540/2172/3420
f 2341/2175/2268 2342/2176/2269 3542/2176/3422
f 2282/2116/2209 3502/2116/3387 3542/2176/3422
f 2311/2145/2238 2298/2132/2225 3508/2132/3392
f 2296/2130/2223 2340/2174/2267 3511/2174/2888
f 2326/2160/2253 3529/2160/3409 3545/2177/2927
f 2324/2158/2251 2343/2177/2270 3545/2177/2927
f 2344/2178/2271 2345/2179/2272 3534/2179/3414
f 2344/2178/2271 3546/2178/3425 3547/2165/2915
f 2321/2155/2248 3528/2155/3408 3548/2169/3426
f 2349/2183/2276 3645/2183/3503 3549/2185/3427
f 2509/2343/2436 2351/2185/2278 3549/2185/3427
f 2355/2189/2282 3647/2189/3505 3551/2190/2939
f 2357/2191/2284 2356/2190/2283 3551/2190/2939
f 2359/2193/2286 2357/2191/2284 3552/2191/2940
f 2358/2192/2285 2359/2193/2286 3553/2193/3428
f 2360/2194/2287 2358/2192/2285 3554/2192/3429
f 3557/2474/3431 2360/2194/2287 3555/2194/3430
f 3556/2474/3431 3019/2474/2946 3018/2196/2945
f 2362/2196/2289 3558/2196/2945 3559/2197/3432
f 2365/2199/2292 3592/2199/3457 3560/2200/3433
f 2368/2202/2295 3571/2485/3441 3561/2485/3434
f 2368/2202/2295 3562/2202/2950 3563/2477/3009
f 2376/2210/2303 2378/2212/2305 3565/2212/3436
f 2380/2214/2307 3646/2214/3504 3567/2217/3438
f 2382/2216/2309 2383/2217/2310 3567/2217/3438
f 2382/2216/2309 3568/2216/3439 3569/2476/3008
f 2363/2197/2290 3559/2197/3432 3561/2485/3434
f 2385/2219/2312 3585/2219/3452 3565/2212/3436
f 2386/2220/2313 2388/2222/2315 3572/2222/3442
f 2426/2260/2353 2386/2220/2313 3573/2220/3443
f 2389/2223/2316 3744/2475/3586 3575/2475/3445
f 2392/2226/2319 2513/2347/2440 3577/2347/3446
f 2394/2228/2321 2422/2256/2349 3579/2256/3448
f 2395/2229/2322 2394/2228/2321 3580/2228/3449
f 2421/2255/2348 3590/2255/3455 3582/2231/3451
f 2401/2235/2328 2397/2231/2324 3582/2231/3451
f 2401/2235/2328 3583/2235/2985 3572/2222/3442
f 2385/2219/2312 2403/2237/2330 3584/2237/3092
f 2416/2250/2343 2423/2257/2350 3586/2257/3453
f 2419/2253/2346 3648/2253/3506 3588/2254/3454
f 2421/2255/2348 2510/2344/2437 3589/2344/3005
f 2422/2256/2349 2511/2345/2438 3591/2345/3456
f 3768/2476/3604 3081/2476/3008 3074/2257/3001
f 2365/2199/2292 2420/2254/2347 3588/2254/3454
f 3769/2477/3605 3082/2477/3009 3168/2258/3095
f 2426/2260/2353 3574/2260/3444 3594/2259/3459
f 3744/2475/3586 2425/2259/2352 3594/2259/3459
f 2505/2339/2432 3600/2339/3090 3596/2291/3041
f 2455/2289/2382 2463/2297/2390 3597/2297/3039
f 2505/2339/2432 2484/2318/2411 3599/2318/3462
f 2451/2285/2378 3603/2285/3465 3601/2282/3463
f 2451/2285/2378 2453/2287/2380 3602/2287/3464
f 2452/2286/2379 3604/2286/3466 3602/2287/3464
f 2455/2289/2382 3598/2289/3461 3604/2286/3466
f 2457/2291/2384 3596/2291/3041 3597/2297/3039
f 2474/2308/2401 2445/2279/2372 3605/2279/3467
f 2460/2294/2387 2462/2296/2389 3607/2296/3469
f 2464/2298/2391 3642/2298/3500 3605/2279/3467
f 2465/2299/2392 2467/2301/2394 3609/2301/3471
f 2469/2303/2396 2465/2299/2392 3610/2299/3472
f 2468/2302/2395 2469/2303/2396 3611/2303/3473
f 2472/2306/2399 2468/2302/2395 3612/2302/3474
f 2472/2306/2399 3613/2306/3475 3599/2318/3462
f 3620/2478/3482 2474/2308/2401 3606/2308/3468
f 2477/2311/2404 3621/2311/3483 3609/2301/3471
f 2479/2313/2406 2486/2320/2413 3615/2320/3477
f 2507/2341/2434 3643/2341/3501 3617/2316/3479
f 2458/2292/2385 2485/2319/2412 3618/2319/3480
f 3614/2478/3476 3142/2478/3069 3137/2320/3064
f 2488/2322/2415 3623/2322/3485 3621/2311/3483
f 2488/2322/2415 2490/2324/2417 3622/2324/3484
f 2489/2323/2416 3625/2323/3486 3622/2324/3484
f 2489/2323/2416 2512/2346/2439 3624/2346/3098
f 2493/2327/2420 3636/2327/3496 3626/2325/3487
f 2494/2328/2421 2491/2325/2418 3626/2325/3487
f 2495/2329/2422 3631/2329/3491 3628/2486/3489
f 3770/2486/3606 3761/2486/3599 3152/2330/3079
f 2499/2333/2426 3633/2333/3493 3631/2329/3491
f 2499/2333/2426 2501/2335/2428 3632/2335/3492
f 2500/2334/2427 3639/2479/3497 3634/2479/3494
f 2501/2335/2428 2500/2334/2427 3635/2334/3495
f 2502/2336/2429 3637/2336/3086 3636/2327/3496
f 2496/2330/2423 3630/2330/3079 3637/2336/3086
f 2503/2337/2430 2479/2313/2406 3616/2313/3478
f 2503/2337/2430 3638/2337/3088 3634/2479/3494
f 2504/2338/2431 2482/2316/2409 3617/2316/3479
f 2494/2328/2421 3627/2328/3488 3618/2319/3480
f 2403/2237/2330 2506/2340/2433 3641/2340/3499
f 2464/2298/2391 2392/2226/2319 3578/2226/3447
f 2458/2292/2385 3619/2292/3481 3643/2341/3501
f 2508/2342/2435 2509/2343/2436 3550/2343/2935
f 2349/2183/2276 2376/2210/2303 3566/2210/3437
f 2508/2342/2435 3644/2342/3502 3646/2214/3504
f 2366/2200/2293 3560/2200/3433 3647/2189/3505
f 2424/2258/2351 3593/2258/3458 3589/2344/3005
f 2389/2223/2316 3576/2223/3096 3591/2345/3456
f 2416/2250/2343 3587/2250/3000 3648/2253/3506
f 2448/2282/2375 3601/2282/3463 3607/2296/3469
f 2460/2294/2387 3608/2294/3470 3641/2340/3499
f 2512/2346/2439 2504/2338/2431 3640/2338/3498
f 2513/2347/2440 2395/2229/2322 3581/2229/3450
f 2515/2349/2442 3656/2349/3101 3649/2350/3507
f 2514/2348/2441 2516/2350/2443 3649/2350/3507
f 2517/2351/2444 2519/2353/2446 3651/2353/3106
f 2517/2351/2444 3652/2351/3509 3653/2354/3510
f 2522/2356/2449 2520/2354/2447 3653/2354/3510
f 2533/2367/2460 2522/2356/2449 3654/2356/3511
f 2525/2359/2452 3658/2359/3514 3656/2349/3101
f 2525/2359/2452 2535/2369/2462 3657/2369/3513
f 2526/2360/2453 2514/2348/2441 3650/2348/3508
f 3745/2480/3516 2526/2360/2453 3659/2360/3515
f 2527/2361/2454 2529/2363/2456 3661/2363/3517
f 2527/2361/2454 3662/2361/3518 3651/2353/3106
f 2534/2368/2461 3673/2368/3528 3657/2369/3513
f 2536/2370/2463 3745/2480/3516 3663/2480/3122
f 2536/2370/2463 3664/2370/3519 3665/2371/3520
f 2539/2373/2466 3671/2481/3526 3666/2481/3521
f 2542/2376/2469 2623/2457/2550 3668/2457/3523
f 2545/2379/2472 3670/2379/3525 3661/2363/3517
f 2547/2381/2474 3686/2381/3538 3670/2379/3525
f 2550/2384/2477 3678/2384/3532 3666/2481/3521
f 2553/2387/2480 3716/2387/3563 3672/2388/3527
f 2556/2390/2483 3724/2390/3571 3673/2368/3528
f 2557/2391/2484 3679/2391/3533 3674/2450/3204
f 2558/2392/2485 3681/2392/3535 3675/2394/3529
f 2560/2394/2487 3675/2394/3529 3676/2460/3530
f 2533/2367/2460 3655/2367/3512 3677/2396/3531
f 2562/2396/2489 3677/2396/3531 3678/2384/3532
f 2537/2371/2464 3665/2371/3520 3679/2391/3533
f 2559/2393/2486 3725/2393/3572 3680/2397/3534
f 2622/2456/2549 3721/2456/3568 3681/2392/3535
f 2576/2410/2503 2615/2449/2542 3682/2449/3164
f 2579/2413/2506 3714/2413/3561 3684/2412/3537
f 2547/2381/2474 2581/2415/2508 3685/2415/3168
f 2582/2416/2509 3688/2416/3540 3685/2415/3168
f 2582/2416/2509 2584/2418/2511 3687/2418/3539
f 2583/2417/2510 3689/2417/3541 3687/2418/3539
f 2585/2419/2512 3728/2419/3575 3689/2417/3541
f 2586/2420/2513 2572/2406/2499 3690/2406/3542
f 2578/2412/2505 3684/2412/3537 3690/2406/3542
f 2620/2454/2547 3719/2454/3566 3692/2422/3175
f 2591/2425/2518 3704/2425/3552 3693/2423/3544
f 2593/2427/2520 2589/2423/2516 3693/2423/3544
f 2593/2427/2520 3694/2427/3545 3695/2426/3180
f 2597/2431/2524 3698/2431/3547 3696/2432/3546
f 2602/2436/2529 3699/2436/3548 3697/2434/3188
f 2597/2431/2524 2600/2434/2527 3697/2434/3188
f 2603/2437/2530 3700/2437/3549 3699/2436/3548
f 2627/2461/2554 3726/2461/3573 3700/2437/3549
f 3771/2482/3607 3266/2482/3193 3265/2438/3192
f 2605/2439/2532 2604/2438/2531 3702/2438/3192
f 2606/2440/2533 3706/2440/3554 3704/2425/3552
f 2606/2440/2533 2607/2441/2534 3705/2441/3553
f 2607/2441/2534 2609/2443/2536 3707/2443/3555
f 2608/2442/2535 3709/2442/3557 3707/2443/3555
f 2608/2442/2535 2628/2462/2555 3708/2462/3556
f 2610/2444/2537 2594/2428/2521 3710/2428/3558
f 2610/2444/2537 3711/2444/3200 3712/2445/3559
f 2612/2446/2539 3729/2446/3576 3713/2482/3560
f 2579/2413/2506 2592/2426/2519 3695/2426/3180
f 2576/2410/2503 3683/2410/3536 3715/2448/3562
f 2615/2449/2542 2598/2432/2525 3696/2432/3546
f 2539/2373/2466 3667/2373/3522 3716/2387/3563
f 2618/2452/2545 2616/2450/2543 3674/2450/3204
f 2618/2452/2545 3717/2452/3564 3718/2453/3565
f 2620/2454/2547 2542/2376/2469 3669/2376/3524
f 2563/2397/2490 3680/2397/3534 3720/2455/3567
f 2621/2455/2548 3720/2455/3567 3721/2456/3568
f 2624/2458/2551 3723/2458/3570 3668/2457/3523
f 2624/2458/2551 2625/2459/2552 3722/2459/3569
f 2556/2390/2483 2554/2388/2481 3672/2388/3527
f 2625/2459/2552 2626/2460/2553 3676/2460/3530
f 2559/2393/2486 2619/2453/2546 3718/2453/3565
f 2594/2428/2521 2614/2448/2541 3715/2448/3562
f 2627/2461/2554 2605/2439/2532 3703/2439/3551
f 2611/2445/2538 3712/2445/3559 3708/2462/3556
f 2586/2420/2513 3691/2420/3543 3727/2463/3574
f 2629/2463/2556 3727/2463/3574 3728/2419/3575
f 2588/2422/2515 3692/2422/3175 3729/2446/3576
