# Blender 4.4.3
# www.blender.org
mtllib Untitled.mtl
o hash_43021D9A.model
v -0.071959 -0.935797 0.009187
v -0.091784 -0.928003 0.046733
v -0.090196 -0.952281 0.013637
v -0.100646 -0.886364 0.056468
v -0.101857 -0.904622 0.075484
v -0.137879 -0.875234 0.071130
v -0.139643 -0.894792 0.089313
v -0.181452 -0.875826 0.070900
v -0.187250 -0.895980 0.089683
v -0.221476 -0.891484 0.055497
v -0.222384 -0.911808 0.072723
v -0.240513 -0.916372 0.030915
v -0.227474 -0.937829 0.039701
v -0.231279 -0.937100 -0.003325
v -0.226631 -0.959211 0.003998
v -0.219280 -0.953745 -0.037319
v -0.233073 -0.971468 -0.031349
v -0.058198 -0.917278 0.000743
v -0.077566 -0.908720 0.038121
v -0.076068 -0.891058 0.021076
v -0.134062 -0.857082 0.052709
v -0.172267 -0.859891 0.049233
v -0.211752 -0.876640 0.033046
v -0.243421 -0.894108 0.016586
v -0.247590 -0.917880 -0.011261
v -0.229931 -0.932518 -0.044498
v -0.057577 -0.900753 -0.016658
v -0.081449 -0.879483 -0.000129
v -0.103906 -0.872565 0.035032
v -0.128726 -0.840294 0.037272
v -0.160625 -0.851981 0.026437
v -0.197563 -0.869325 0.009116
v -0.232008 -0.883964 -0.005854
v -0.233330 -0.907133 -0.044089
v -0.055042 -0.880593 -0.029870
v -0.082683 -0.864016 -0.017839
v -0.107325 -0.859983 0.015306
v -0.131748 -0.833453 0.014196
v -0.166582 -0.834287 0.014757
v -0.224304 -0.870033 -0.020934
v -0.252641 -0.878563 -0.033828
v -0.258690 -0.896946 -0.019896
v -0.047308 -0.857755 -0.027955
v -0.075609 -0.844652 -0.017340
v -0.106937 -0.845352 -0.001098
v -0.104189 -0.829455 -0.009030
v -0.134881 -0.820619 0.002220
v -0.202226 -0.833365 -0.001584
v -0.193756 -0.853227 -0.007564
v -0.233209 -0.849201 -0.003305
v -0.248571 -0.854680 -0.029941
v -0.243729 -0.865284 -0.064187
v -0.236994 -0.885172 -0.052746
v -0.051092 -0.832566 -0.026414
v -0.071848 -0.829482 -0.005763
v -0.099221 -0.823412 0.007565
v -0.165102 -0.818892 0.019867
v -0.169962 -0.818822 0.004908
v -0.197892 -0.825565 0.013699
v -0.235539 -0.833151 -0.030680
v -0.231915 -0.841870 -0.064616
v -0.053250 -0.805979 -0.026515
v -0.075317 -0.808803 -0.002792
v -0.100775 -0.808588 0.015088
v -0.129435 -0.819418 0.018510
v -0.164426 -0.811150 0.029116
v -0.210665 -0.809754 -0.007823
v -0.224763 -0.827619 -0.002193
v -0.231130 -0.808678 -0.032009
v -0.231441 -0.815870 -0.064972
v -0.060643 -0.780258 -0.029444
v -0.084476 -0.785131 -0.006891
v -0.105243 -0.788275 0.017696
v -0.128291 -0.808841 0.029197
v -0.151149 -0.790213 0.034289
v -0.173118 -0.791887 0.009919
v -0.187408 -0.809346 0.014588
v -0.197036 -0.792617 -0.013923
v -0.214774 -0.791423 -0.040724
v -0.090017 -0.758543 -0.007845
v -0.106462 -0.762172 0.020928
v -0.124654 -0.790256 0.039719
v -0.145309 -0.765872 0.034547
v -0.171845 -0.766631 0.013954
v -0.196676 -0.767184 -0.007969
v -0.208525 -0.766271 -0.039201
v -0.226861 -0.763807 -0.065982
v -0.233324 -0.789114 -0.065457
v -0.067154 -0.754510 -0.031129
v -0.089925 -0.731876 -0.003977
v -0.099620 -0.736983 0.027310
v -0.117523 -0.739563 0.052166
v -0.120668 -0.765677 0.049777
v -0.146382 -0.739796 0.039226
v -0.173340 -0.740776 0.020154
v -0.196643 -0.740969 -0.003064
v -0.208463 -0.739909 -0.033903
v -0.220682 -0.738468 -0.064169
v -0.070270 -0.728050 -0.029548
v -0.086287 -0.706041 0.001714
v -0.115144 -0.713566 0.050976
v -0.145794 -0.713779 0.040798
v -0.174197 -0.714823 0.024773
v -0.197059 -0.715020 0.001797
v -0.209655 -0.713895 -0.028427
v -0.218060 -0.712495 -0.059943
v -0.070792 -0.701761 -0.026142
v -0.081164 -0.680652 0.007510
v -0.086756 -0.686847 0.038714
v -0.092900 -0.712011 0.033305
v -0.112606 -0.687689 0.048756
v -0.142588 -0.688306 0.036872
v -0.172400 -0.688986 0.024546
v -0.198223 -0.689452 0.006849
v -0.209410 -0.688154 -0.023694
v -0.216723 -0.686813 -0.055321
v -0.069250 -0.675797 -0.021724
v -0.075122 -0.655418 0.012858
v -0.081297 -0.661451 0.043481
v -0.109518 -0.662139 0.044584
v -0.138887 -0.663099 0.031668
v -0.169034 -0.663589 0.020703
v -0.198868 -0.663815 0.011273
v -0.208353 -0.662503 -0.019515
v -0.214425 -0.661266 -0.051208
v -0.066397 -0.649973 -0.017193
v -0.068739 -0.630189 0.017506
v -0.077365 -0.635757 0.047304
v -0.106693 -0.636508 0.041041
v -0.137421 -0.637275 0.032736
v -0.168509 -0.638363 0.025940
v -0.197252 -0.638259 0.014873
v -0.205800 -0.636972 -0.016043
v -0.211971 -0.635707 -0.047504
v -0.062885 -0.624220 -0.013136
v -0.064063 -0.604485 0.021353
v -0.076491 -0.609694 0.049822
v -0.107052 -0.611782 0.048708
v -0.138277 -0.613142 0.042656
v -0.169628 -0.614958 0.037363
v -0.190226 -0.613345 0.016299
v -0.200956 -0.611704 -0.013600
v -0.208512 -0.610208 -0.044215
v -0.059548 -0.598383 -0.009604
v -0.062150 -0.578319 0.024392
v -0.077833 -0.583534 0.050983
v -0.107727 -0.587310 0.057801
v -0.139144 -0.589176 0.053027
v -0.170015 -0.590218 0.045575
v -0.184818 -0.588143 0.018159
v -0.199344 -0.586169 -0.010098
v -0.203756 -0.584953 -0.041413
v -0.057934 -0.572191 -0.006524
v -0.060928 -0.552112 0.027103
v -0.078526 -0.557369 0.052586
v -0.107821 -0.561628 0.062917
v -0.139458 -0.564149 0.060665
v -0.168851 -0.564575 0.049449
v -0.186078 -0.562714 0.023150
v -0.194833 -0.560933 -0.007219
v -0.197380 -0.560070 -0.038994
v -0.055799 -0.545915 -0.003628
v -0.059746 -0.525896 0.029656
v -0.079025 -0.531186 0.054163
v -0.107753 -0.535735 0.066846
v -0.139436 -0.538672 0.066750
v -0.168166 -0.538962 0.053861
v -0.184107 -0.537115 0.026765
v -0.187668 -0.536144 -0.004925
v -0.192383 -0.534953 -0.036440
v -0.053257 -0.519578 -0.000858
v -0.058639 -0.499662 0.032013
v -0.079476 -0.504993 0.055464
v -0.107631 -0.509718 0.069806
v -0.139190 -0.513017 0.071986
v -0.167759 -0.513370 0.058666
v -0.179569 -0.511701 0.029483
v -0.182404 -0.510904 -0.002491
v -0.193602 -0.509608 -0.032427
v -0.050526 -0.493198 0.001839
v -0.057455 -0.473404 0.034231
v -0.079502 -0.478819 0.056917
v -0.107338 -0.483666 0.072456
v -0.138818 -0.487369 0.077211
v -0.166852 -0.487699 0.063097
v -0.174832 -0.486316 0.032140
v -0.181339 -0.485235 0.000662
v -0.197057 -0.484575 -0.027554
v -0.047644 -0.466783 0.004448
v -0.056222 -0.447120 0.036341
v -0.078939 -0.452689 0.058781
v -0.106966 -0.457572 0.074591
v -0.138251 -0.461596 0.081746
v -0.164700 -0.461991 0.066759
v -0.171391 -0.460751 0.035008
v -0.183943 -0.459921 0.005244
v -0.201855 -0.459885 -0.021949
v -0.044574 -0.440351 0.006983
v -0.054730 -0.420835 0.038423
v -0.077770 -0.426611 0.060927
v -0.106375 -0.431484 0.076461
v -0.137430 -0.435752 0.085918
v -0.162619 -0.436289 0.070341
v -0.171004 -0.435051 0.038599
v -0.188310 -0.435058 0.010866
v -0.206200 -0.435039 -0.016475
v -0.041386 -0.413871 0.009413
v -0.053085 -0.394540 0.040407
v -0.076232 -0.400587 0.063209
v -0.105472 -0.405434 0.078336
v -0.136370 -0.409811 0.089515
v -0.161585 -0.410583 0.074242
v -0.172764 -0.409569 0.043048
v -0.193243 -0.410389 0.017013
v -0.205472 -0.409601 -0.011977
v -0.038390 -0.387319 0.011685
v -0.051162 -0.368254 0.042368
v -0.074026 -0.374696 0.066067
v -0.103782 -0.379531 0.081104
v -0.135054 -0.383815 0.092604
v -0.161213 -0.384888 0.078375
v -0.175342 -0.384253 0.047989
v -0.197607 -0.385488 0.022843
v -0.199275 -0.385429 -0.005713
v -0.035428 -0.360688 0.013806
v -0.048940 -0.342027 0.044346
v -0.071581 -0.348857 0.068887
v -0.101359 -0.353804 0.084682
v -0.133420 -0.357819 0.095452
v -0.160630 -0.359175 0.082412
v -0.177988 -0.358988 0.053134
v -0.201384 -0.360399 0.028399
v -0.191809 -0.362735 0.002432
v -0.032240 -0.333986 0.015903
v -0.045524 -0.316030 0.046699
v -0.068376 -0.323158 0.071790
v -0.098158 -0.328235 0.088634
v -0.131183 -0.331896 0.098266
v -0.160534 -0.333493 0.086785
v -0.180585 -0.333783 0.058590
v -0.202986 -0.334897 0.032806
v -0.186822 -0.337764 0.004266
v -0.028071 -0.307298 0.018175
v -0.040539 -0.290391 0.049301
v -0.064559 -0.297533 0.074119
v -0.094154 -0.302789 0.092346
v -0.128178 -0.306080 0.100871
v -0.159742 -0.307794 0.090942
v -0.182405 -0.308483 0.063899
v -0.201290 -0.309429 0.036230
v -0.186210 -0.312456 0.004955
v -0.023030 -0.280620 0.020560
v -0.032218 -0.265964 0.053000
v -0.058272 -0.272541 0.077208
v -0.089145 -0.277527 0.095334
v -0.124130 -0.280525 0.103611
v -0.157893 -0.282158 0.094794
v -0.182867 -0.283034 0.068635
v -0.198651 -0.284148 0.038917
v -0.191548 -0.287403 0.003720
v -0.017061 -0.254182 0.022911
v -0.024401 -0.241473 0.055960
v -0.051387 -0.247757 0.078763
v -0.082826 -0.252672 0.097859
v -0.119037 -0.255265 0.105984
v -0.154899 -0.256687 0.098291
v -0.181838 -0.257560 0.072694
v -0.197863 -0.258926 0.039665
v -0.196045 -0.262218 0.002534
v -0.010544 -0.228142 0.025075
v -0.011334 -0.219314 0.060123
v -0.039238 -0.225894 0.084849
v -0.074323 -0.228949 0.101808
v -0.112923 -0.230649 0.109503
v -0.151133 -0.231574 0.102210
v -0.179662 -0.232180 0.076122
v -0.194737 -0.233617 0.040663
v -0.194991 -0.236543 0.002194
v -0.132283 -0.052754 0.100770
v -0.141565 -0.045629 0.095163
v -0.149051 -0.052810 0.091143
v -0.125011 -0.045563 0.102823
v -0.134878 -0.037410 0.097844
v -0.118964 -0.037326 0.104789
v -0.129125 -0.028402 0.099524
v -0.113980 -0.028324 0.106224
v -0.124534 -0.018704 0.100938
v -0.109859 -0.018814 0.107171
v -0.120605 -0.008695 0.101625
v -0.106365 -0.008976 0.107569
v -0.117116 0.001521 0.101605
v -0.103388 0.001055 0.107635
v -0.113927 0.011879 0.101122
v -0.100711 0.011176 0.107220
v -0.111115 0.022416 0.100976
v -0.114121 -0.052803 0.107568
v -0.107955 -0.045408 0.109389
v -0.102709 -0.037133 0.110768
v -0.098369 -0.028199 0.111717
v -0.094794 -0.018830 0.112308
v -0.091839 -0.009154 0.112659
v -0.089539 0.000758 0.113310
v -0.087385 0.010615 0.113153
v -0.097349 0.021376 0.107722
v -0.095851 -0.052725 0.113841
v -0.090661 -0.045134 0.115136
v -0.086260 -0.036820 0.116075
v -0.082646 -0.027961 0.116736
v -0.079710 -0.018723 0.117220
v -0.077360 -0.009232 0.117671
v -0.075504 0.000419 0.118176
v -0.073707 0.010021 0.117844
v -0.085461 0.020516 0.112632
v -0.077419 -0.052488 0.119476
v -0.073221 -0.044705 0.120240
v -0.069723 -0.036357 0.120938
v -0.066905 -0.027562 0.121570
v -0.064631 -0.018487 0.122044
v -0.062713 -0.009233 0.122101
v -0.061063 0.000122 0.121837
v -0.059574 0.009508 0.121165
v -0.072071 0.019714 0.117270
v -0.058812 -0.052045 0.124241
v -0.055707 -0.044092 0.124847
v -0.053114 -0.035710 0.125349
v -0.050958 -0.026999 0.125491
v -0.049196 -0.018095 0.125504
v -0.047715 -0.009073 0.125184
v -0.046456 0.000028 0.124590
v -0.045367 0.009187 0.123916
v -0.058420 0.019008 0.121071
v -0.040041 -0.051346 0.127911
v -0.037954 -0.043229 0.128064
v -0.036194 -0.034838 0.128065
v -0.034751 -0.026250 0.127909
v -0.033557 -0.017531 0.127601
v -0.032568 -0.008738 0.127176
v -0.031734 0.000096 0.126429
v -0.031055 0.008990 0.125857
v -0.044562 0.018405 0.123973
v -0.021132 -0.050344 0.130234
v -0.020089 -0.042116 0.130140
v -0.019217 -0.033757 0.129975
v -0.018492 -0.025297 0.129707
v -0.017902 -0.016775 0.129382
v -0.017409 -0.008218 0.128871
v -0.016991 0.000354 0.127998
v -0.017480 0.017590 0.127515
v -0.030589 0.017919 0.126149
v -0.002263 -0.049107 0.132250
v -0.002292 -0.040795 0.132218
v -0.002284 -0.032496 0.131842
v -0.002282 -0.025169 0.131523
v -0.002286 -0.016647 0.131182
v -0.002289 -0.008124 0.130674
v -0.002285 0.000414 0.129872
v -0.016639 0.008937 0.127034
v -0.002448 0.017424 0.128279
v -0.001647 -0.203918 0.039928
v -0.001298 -0.203791 0.026375
v -0.015528 -0.215886 0.071667
v -0.045347 -0.219450 0.092925
v -0.080743 -0.220606 0.106788
v -0.118743 -0.220764 0.111640
v -0.155307 -0.220335 0.101274
v -0.181836 -0.219903 0.074510
v -0.194990 -0.222194 0.001943
v -0.002143 -0.203087 0.053852
v -0.020594 -0.211139 0.082443
v -0.051905 -0.212152 0.099992
v -0.087360 -0.211624 0.110590
v -0.124511 -0.210389 0.112199
v -0.159356 -0.208894 0.100031
v -0.183714 -0.207530 0.072548
v -0.195239 -0.220388 0.039302
v -0.195838 -0.207152 0.037877
v -0.002556 -0.201012 0.068157
v -0.025934 -0.204936 0.092367
v -0.058390 -0.203811 0.106221
v -0.093798 -0.201772 0.113257
v -0.129812 -0.199401 0.111962
v -0.162841 -0.196987 0.098259
v -0.185194 -0.194919 0.070415
v -0.196382 -0.193843 0.036422
v -0.196190 -0.207941 0.001435
v -0.002920 -0.197626 0.082596
v -0.030864 -0.196701 0.101056
v -0.064468 -0.193711 0.110284
v -0.099395 -0.190769 0.114905
v -0.134304 -0.187559 0.111391
v -0.165568 -0.184454 0.096299
v -0.186115 -0.181945 0.068208
v -0.196662 -0.180338 0.034953
v -0.197124 -0.193808 0.000853
v -0.003159 -0.191187 0.095950
v -0.034852 -0.186173 0.107383
v -0.069019 -0.182214 0.112907
v -0.103510 -0.178648 0.115420
v -0.137444 -0.174856 0.110530
v -0.167110 -0.171312 0.094238
v -0.186540 -0.168552 0.066317
v -0.196628 -0.166650 0.033626
v -0.197704 -0.179730 0.000193
v -0.003167 -0.180031 0.105644
v -0.037022 -0.174108 0.111263
v -0.071380 -0.169740 0.113891
v -0.105500 -0.165737 0.114987
v -0.138781 -0.161537 0.109463
v -0.167598 -0.157666 0.092715
v -0.186154 -0.154833 0.064780
v -0.196310 -0.152818 0.032580
v -0.197853 -0.165705 -0.000513
v -0.003146 -0.166892 0.112141
v -0.037555 -0.161739 0.114584
v -0.071876 -0.157073 0.115497
v -0.105800 -0.152623 0.114820
v -0.138875 -0.148004 0.108990
v -0.167219 -0.143894 0.091720
v -0.185571 -0.140948 0.063732
v -0.195494 -0.138933 0.031689
v -0.197227 -0.151768 -0.001224
v -0.003097 -0.153743 0.117693
v -0.037287 -0.149679 0.119200
v -0.071350 -0.144422 0.117353
v -0.105113 -0.139542 0.114790
v -0.138036 -0.134529 0.108317
v -0.166145 -0.130188 0.090833
v -0.184609 -0.127133 0.062989
v -0.194129 -0.125046 0.030812
v -0.195966 -0.137935 -0.001953
v -0.003008 -0.141050 0.123268
v -0.036671 -0.137154 0.122926
v -0.070349 -0.131714 0.119020
v -0.103829 -0.126517 0.114606
v -0.136444 -0.121247 0.107008
v -0.164779 -0.116547 0.090044
v -0.183084 -0.113379 0.062123
v -0.192686 -0.111156 0.029954
v -0.194835 -0.124077 -0.002783
v -0.002762 -0.128445 0.128589
v -0.036059 -0.124275 0.125658
v -0.069362 -0.118907 0.120589
v -0.102372 -0.113483 0.114225
v -0.134684 -0.108003 0.106011
v -0.162979 -0.103005 0.089080
v -0.181311 -0.099642 0.061218
v -0.190866 -0.097266 0.029064
v -0.193488 -0.110228 -0.003678
v -0.002317 -0.115657 0.131636
v -0.035525 -0.111174 0.127360
v -0.068539 -0.105956 0.121940
v -0.101010 -0.100397 0.114095
v -0.133068 -0.094690 0.105412
v -0.160966 -0.089550 0.087940
v -0.179205 -0.085928 0.060162
v -0.188456 -0.083441 0.027997
v -0.191332 -0.096464 -0.004546
v 0.093758 -0.958389 0.010586
v 0.080391 -0.948338 -0.020173
v 0.093921 -0.969202 -0.017767
v 0.088972 -0.950099 -0.047906
v 0.096048 -0.972838 -0.046946
v 0.097247 -0.950239 -0.075332
v 0.100078 -0.974031 -0.075293
v 0.110095 -0.950775 -0.100042
v 0.109895 -0.974874 -0.101382
v 0.128922 -0.951553 -0.120065
v 0.129047 -0.975488 -0.122092
v 0.151591 -0.951948 -0.134105
v 0.154948 -0.975692 -0.133471
v 0.178077 -0.951134 -0.129052
v 0.182639 -0.974751 -0.128711
v 0.201954 -0.950345 -0.116037
v 0.204960 -0.973878 -0.111633
v 0.206797 -0.951343 -0.089139
v 0.217465 -0.972462 -0.086035
v 0.213425 -0.950437 -0.062351
v 0.222488 -0.972185 -0.057594
v 0.217523 -0.949867 -0.035174
v 0.226426 -0.971405 -0.029060
v 0.074185 -0.943135 0.007267
v 0.074236 -0.922932 -0.022540
v 0.089017 -0.924812 -0.047373
v 0.102483 -0.925216 -0.072181
v 0.111577 -0.924985 -0.097813
v 0.130337 -0.925859 -0.116503
v 0.149149 -0.926228 -0.132169
v 0.172575 -0.925888 -0.127058
v 0.194935 -0.926318 -0.112259
v 0.214294 -0.928669 -0.093556
v 0.221900 -0.930930 -0.068340
v 0.225789 -0.928176 -0.041967
v 0.060717 -0.921328 0.001914
v 0.064881 -0.900918 -0.027505
v 0.078183 -0.902567 -0.052485
v 0.091823 -0.903147 -0.076877
v 0.104961 -0.903091 -0.100584
v 0.121001 -0.902975 -0.121660
v 0.143235 -0.901563 -0.128988
v 0.165470 -0.901439 -0.121125
v 0.185778 -0.903290 -0.104545
v 0.204737 -0.905916 -0.086206
v 0.224620 -0.907565 -0.068134
v 0.051662 -0.898236 -0.003554
v 0.068390 -0.874843 -0.024790
v 0.083943 -0.877671 -0.047777
v 0.098064 -0.879273 -0.071767
v 0.110455 -0.878792 -0.095174
v 0.120002 -0.876754 -0.119218
v 0.138916 -0.877363 -0.124795
v 0.156455 -0.878785 -0.111775
v 0.175954 -0.880735 -0.095196
v 0.196256 -0.882446 -0.079077
v 0.217526 -0.883530 -0.063177
v 0.238481 -0.884422 -0.049428
v 0.241302 -0.911023 -0.047085
v 0.048902 -0.849216 -0.012813
v 0.048480 -0.873855 -0.008276
v 0.064024 -0.852356 -0.033190
v 0.104942 -0.854538 -0.066763
v 0.119354 -0.855599 -0.088527
v 0.130868 -0.854848 -0.110588
v 0.161708 -0.856257 -0.118695
v 0.180449 -0.857026 -0.103029
v 0.200182 -0.858101 -0.086866
v 0.221496 -0.860169 -0.072463
v 0.238211 -0.859106 -0.054400
v 0.054000 -0.824211 -0.017573
v 0.058547 -0.828484 -0.042138
v 0.085008 -0.853007 -0.048849
v 0.099488 -0.829241 -0.073018
v 0.119131 -0.830187 -0.089087
v 0.136437 -0.831249 -0.106802
v 0.142952 -0.854114 -0.127584
v 0.152102 -0.832459 -0.123686
v 0.188604 -0.835443 -0.115178
v 0.207566 -0.835971 -0.098808
v 0.226242 -0.836532 -0.081860
v 0.236813 -0.834682 -0.059512
v 0.062822 -0.800876 -0.026265
v 0.072547 -0.804155 -0.065060
v 0.078799 -0.829011 -0.057905
v 0.092543 -0.804692 -0.080181
v 0.112134 -0.805398 -0.095623
v 0.131091 -0.806348 -0.111554
v 0.149396 -0.807496 -0.127127
v 0.170541 -0.808413 -0.131252
v 0.169280 -0.834270 -0.127852
v 0.191942 -0.809767 -0.120585
v 0.211321 -0.810614 -0.105200
v 0.227782 -0.810862 -0.086901
v 0.234442 -0.810990 -0.064660
v 0.074000 -0.778702 -0.035726
v 0.055549 -0.802314 -0.047019
v 0.067285 -0.778644 -0.070152
v 0.086758 -0.779322 -0.085430
v 0.105872 -0.780127 -0.100974
v 0.124532 -0.781093 -0.116802
v 0.145015 -0.781332 -0.129533
v 0.168915 -0.781683 -0.128695
v 0.191691 -0.782847 -0.120475
v 0.212203 -0.783911 -0.107385
v 0.229668 -0.784506 -0.090285
v 0.225358 -0.788602 -0.069084
v 0.062721 -0.752072 -0.054918
v 0.056090 -0.776458 -0.050555
v 0.082557 -0.753275 -0.088420
v 0.101396 -0.754050 -0.103901
v 0.120597 -0.754691 -0.118665
v 0.143236 -0.754623 -0.125759
v 0.166988 -0.755339 -0.122661
v 0.190544 -0.756189 -0.117913
v 0.212053 -0.757087 -0.107777
v 0.226544 -0.758384 -0.089902
v 0.216201 -0.763946 -0.069271
v 0.079605 -0.752975 -0.038189
v 0.062108 -0.726211 -0.051282
v 0.062103 -0.726270 -0.072920
v 0.063290 -0.752614 -0.073346
v 0.080025 -0.726938 -0.089121
v 0.098629 -0.727621 -0.104542
v 0.117921 -0.728179 -0.118633
v 0.141643 -0.728433 -0.119621
v 0.165209 -0.729239 -0.116529
v 0.188975 -0.729774 -0.114883
v 0.210743 -0.730419 -0.106311
v 0.222558 -0.732436 -0.086729
v 0.215090 -0.737536 -0.064900
v 0.078811 -0.726353 -0.034395
v 0.061760 -0.700409 -0.048265
v 0.062427 -0.700225 -0.070457
v 0.078923 -0.700716 -0.087871
v 0.097160 -0.701308 -0.103461
v 0.117116 -0.701883 -0.116378
v 0.140491 -0.702462 -0.118549
v 0.164221 -0.703078 -0.117956
v 0.187759 -0.703520 -0.114784
v 0.208612 -0.704191 -0.103600
v 0.218879 -0.706730 -0.082935
v 0.215482 -0.711392 -0.060079
v 0.076663 -0.700193 -0.029905
v 0.060815 -0.674740 -0.045122
v 0.063137 -0.674509 -0.067319
v 0.078946 -0.674857 -0.085255
v 0.096444 -0.675366 -0.101502
v 0.116486 -0.675945 -0.114192
v 0.139517 -0.676648 -0.119713
v 0.163202 -0.677218 -0.118994
v 0.186057 -0.677644 -0.112676
v 0.205826 -0.678570 -0.099882
v 0.215503 -0.681323 -0.078951
v 0.215491 -0.685591 -0.055663
v 0.073568 -0.674310 -0.025293
v 0.059203 -0.649109 -0.041802
v 0.064096 -0.648830 -0.063779
v 0.079599 -0.649138 -0.081954
v 0.095933 -0.649554 -0.099387
v 0.115520 -0.650202 -0.112734
v 0.138418 -0.650971 -0.119227
v 0.162126 -0.651531 -0.118576
v 0.184574 -0.651990 -0.110637
v 0.203461 -0.653075 -0.096513
v 0.212697 -0.655918 -0.075116
v 0.214276 -0.659899 -0.051786
v 0.069212 -0.648677 -0.020539
v 0.057050 -0.623456 -0.038537
v 0.065082 -0.623185 -0.060222
v 0.080160 -0.623456 -0.078685
v 0.096114 -0.623803 -0.096378
v 0.115076 -0.624421 -0.110591
v 0.137366 -0.625242 -0.118530
v 0.160899 -0.625822 -0.117255
v 0.182754 -0.626438 -0.108122
v 0.200974 -0.627582 -0.093192
v 0.209908 -0.630511 -0.071430
v 0.212872 -0.634253 -0.048190
v 0.063826 -0.623282 -0.015947
v 0.056042 -0.597690 -0.035400
v 0.065744 -0.597547 -0.056920
v 0.080017 -0.597726 -0.076062
v 0.096217 -0.598074 -0.093587
v 0.114737 -0.598670 -0.108661
v 0.136270 -0.599519 -0.118662
v 0.159705 -0.600113 -0.116782
v 0.181137 -0.600777 -0.106464
v 0.197384 -0.602274 -0.089329
v 0.206449 -0.605146 -0.067511
v 0.212320 -0.608550 -0.044723
v 0.058179 -0.597912 -0.011840
v 0.055907 -0.571917 -0.032104
v 0.065376 -0.571864 -0.054076
v 0.079681 -0.572031 -0.073388
v 0.097619 -0.572711 -0.089386
v 0.116798 -0.573769 -0.103795
v 0.135286 -0.573797 -0.118798
v 0.158351 -0.574425 -0.116423
v 0.179249 -0.575137 -0.104738
v 0.193669 -0.577068 -0.085937
v 0.200785 -0.580318 -0.063258
v 0.208915 -0.583106 -0.040869
v 0.054623 -0.571997 -0.008273
v 0.054750 -0.546121 -0.028975
v 0.064407 -0.546218 -0.051147
v 0.081998 -0.547008 -0.067692
v 0.101836 -0.548525 -0.081585
v 0.120781 -0.549924 -0.096438
v 0.136146 -0.549390 -0.114120
v 0.156243 -0.548825 -0.115031
v 0.176785 -0.549606 -0.102227
v 0.189664 -0.551991 -0.082460
v 0.194150 -0.555790 -0.058945
v 0.202936 -0.558203 -0.036536
v 0.052048 -0.545781 -0.005056
v 0.052596 -0.520298 -0.026051
v 0.064748 -0.520781 -0.047030
v 0.084267 -0.522138 -0.061855
v 0.102811 -0.523271 -0.077866
v 0.111524 -0.526330 -0.100461
v 0.128150 -0.525593 -0.116203
v 0.151480 -0.524270 -0.109187
v 0.173441 -0.524387 -0.098208
v 0.183514 -0.527461 -0.078717
v 0.187391 -0.531309 -0.054808
v 0.195563 -0.533798 -0.031875
v 0.049141 -0.519501 -0.001988
v 0.050687 -0.494430 -0.023064
v 0.064534 -0.495323 -0.043485
v 0.082090 -0.496548 -0.061060
v 0.097011 -0.498345 -0.080211
v 0.102024 -0.502701 -0.104165
v 0.121440 -0.502586 -0.108053
v 0.144013 -0.502774 -0.097654
v 0.167356 -0.501100 -0.089356
v 0.182305 -0.506466 -0.051027
v 0.187337 -0.509750 -0.027011
v 0.045870 -0.493204 0.001019
v 0.048785 -0.468535 -0.020168
v 0.063430 -0.469800 -0.040602
v 0.079858 -0.470989 -0.059845
v 0.088063 -0.474444 -0.082968
v 0.095868 -0.477802 -0.105541
v 0.116654 -0.479857 -0.100194
v 0.136516 -0.482775 -0.085250
v 0.159114 -0.481416 -0.075174
v 0.185594 -0.502509 -0.074917
v 0.183222 -0.478095 -0.068508
v 0.187215 -0.481838 -0.046763
v 0.042505 -0.466863 0.003932
v 0.046560 -0.442668 -0.017483
v 0.059963 -0.444359 -0.039334
v 0.073900 -0.446057 -0.060878
v 0.077045 -0.451431 -0.085432
v 0.093857 -0.452641 -0.101524
v 0.119300 -0.454651 -0.102948
v 0.133946 -0.457464 -0.083497
v 0.152630 -0.458800 -0.066174
v 0.175718 -0.456928 -0.056280
v 0.182535 -0.459824 -0.019130
v 0.180543 -0.485178 -0.022808
v 0.039261 -0.440465 0.006739
v 0.043537 -0.416855 -0.015078
v 0.055733 -0.419040 -0.038199
v 0.064042 -0.422794 -0.061936
v 0.067986 -0.427773 -0.086533
v 0.092882 -0.428735 -0.092546
v 0.118916 -0.430393 -0.095071
v 0.149768 -0.433550 -0.063785
v 0.168341 -0.434924 -0.045632
v 0.192666 -0.457224 -0.042207
v 0.192637 -0.432146 -0.037116
v 0.035809 -0.414071 0.009494
v 0.039872 -0.391128 -0.012974
v 0.050287 -0.394085 -0.037320
v 0.049414 -0.401736 -0.062781
v 0.065575 -0.404709 -0.077144
v 0.092095 -0.408963 -0.076403
v 0.118840 -0.410952 -0.078711
v 0.140771 -0.433413 -0.086971
v 0.144832 -0.409400 -0.085192
v 0.166105 -0.409894 -0.042838
v 0.186186 -0.409580 -0.027166
v 0.189042 -0.435524 -0.013788
v 0.032302 -0.387623 0.012146
v 0.035412 -0.365524 -0.011170
v 0.039107 -0.371081 -0.037330
v 0.039561 -0.378223 -0.063446
v 0.063867 -0.381626 -0.068565
v 0.090685 -0.384629 -0.073224
v 0.117483 -0.387153 -0.077888
v 0.144465 -0.387885 -0.073533
v 0.152105 -0.408504 -0.065067
v 0.166960 -0.388670 -0.068845
v 0.166233 -0.384471 -0.042440
v 0.180278 -0.385899 -0.019753
v 0.197146 -0.411872 -0.007343
v 0.028793 -0.361091 0.014682
v 0.029523 -0.340252 -0.009788
v 0.028832 -0.347637 -0.036732
v 0.039505 -0.353123 -0.060766
v 0.061543 -0.359412 -0.077124
v 0.087604 -0.361911 -0.082461
v 0.115234 -0.362092 -0.080984
v 0.143075 -0.364317 -0.079564
v 0.168410 -0.363573 -0.070831
v 0.180026 -0.363621 -0.045936
v 0.181494 -0.361416 -0.018142
v 0.201159 -0.386790 -0.002700
v 0.025376 -0.334431 0.017090
v 0.023442 -0.315020 -0.008283
v 0.021954 -0.323159 -0.035853
v 0.042507 -0.329130 -0.055036
v 0.063673 -0.334834 -0.073653
v 0.085237 -0.340372 -0.092030
v 0.113040 -0.343087 -0.096684
v 0.137417 -0.342341 -0.084008
v 0.159313 -0.340830 -0.065186
v 0.181045 -0.339359 -0.046239
v 0.192029 -0.338372 -0.020958
v 0.196896 -0.362316 0.004073
v 0.022058 -0.307643 0.019341
v 0.018845 -0.289405 -0.006780
v 0.020951 -0.297633 -0.035188
v 0.036391 -0.304833 -0.059129
v 0.058845 -0.310312 -0.077842
v 0.081960 -0.315696 -0.095725
v 0.110177 -0.318436 -0.101597
v 0.134928 -0.318022 -0.087346
v 0.155196 -0.316479 -0.065735
v 0.175198 -0.314859 -0.043888
v 0.195475 -0.313446 -0.022819
v 0.195232 -0.337063 0.007420
v 0.018616 -0.280827 0.021498
v 0.015367 -0.263574 -0.005419
v 0.020065 -0.272212 -0.034299
v 0.031576 -0.280113 -0.061460
v 0.052792 -0.286217 -0.082566
v 0.077917 -0.291005 -0.099322
v 0.107264 -0.293686 -0.105026
v 0.135491 -0.293726 -0.094028
v 0.155211 -0.291738 -0.070821
v 0.174159 -0.289711 -0.046878
v 0.193816 -0.287980 -0.023870
v 0.199172 -0.287083 0.006114
v 0.201936 -0.312540 0.006149
v 0.013684 -0.254243 0.023668
v 0.011262 -0.237941 -0.004481
v 0.015895 -0.247072 -0.034284
v 0.027572 -0.255133 -0.062302
v 0.047808 -0.261610 -0.085599
v 0.074198 -0.266152 -0.102002
v 0.104395 -0.269153 -0.109459
v 0.133712 -0.269102 -0.098960
v 0.155403 -0.267049 -0.076300
v 0.174651 -0.264752 -0.051407
v 0.191207 -0.262608 -0.024783
v 0.196396 -0.261572 0.006101
v 0.007809 -0.228054 0.025555
v 0.005084 -0.212903 -0.004019
v 0.010834 -0.221917 -0.034673
v 0.022845 -0.230246 -0.063373
v 0.042914 -0.236951 -0.088081
v 0.071587 -0.241090 -0.101858
v 0.101639 -0.244433 -0.112750
v 0.131457 -0.244564 -0.104008
v 0.153067 -0.242123 -0.079881
v 0.172695 -0.239626 -0.054147
v 0.187804 -0.237353 -0.025584
v 0.194938 -0.235934 0.005983
v 0.187215 -0.223923 -0.024314
v 0.194877 -0.221648 0.005732
v 0.187958 -0.210374 -0.023631
v 0.195806 -0.207461 0.005199
v 0.189026 -0.196670 -0.023284
v 0.196404 -0.193357 0.004595
v 0.189696 -0.182765 -0.023140
v 0.196724 -0.179280 0.003871
v 0.189905 -0.168707 -0.023275
v 0.196687 -0.165255 0.003037
v 0.189623 -0.154543 -0.023658
v 0.196025 -0.151250 0.002196
v 0.188972 -0.140337 -0.024317
v 0.194644 -0.137360 0.001230
v 0.188347 -0.126120 -0.025179
v 0.193353 -0.123437 0.000275
v 0.187581 -0.111943 -0.026050
v 0.192173 -0.109512 -0.000686
v 0.186249 -0.097885 -0.026909
v 0.190311 -0.095707 -0.001578
v 0.184273 -0.083979 -0.027573
v 0.188252 -0.081918 -0.002479
v 0.185248 -0.068836 -0.003230
v 0.182270 -0.070128 -0.028140
v 0.182830 -0.055555 -0.003859
v 0.180345 -0.056336 -0.028570
v 0.180780 -0.042168 -0.004261
v 0.178446 -0.042573 -0.028718
v 0.178546 -0.028767 -0.004618
v 0.176667 -0.028756 -0.028741
v 0.176590 -0.015200 -0.004836
v 0.174942 -0.014836 -0.028628
v 0.174468 -0.001875 -0.004903
v 0.173723 -0.226927 -0.051985
v 0.175101 -0.213981 -0.050186
v 0.176852 -0.200628 -0.048949
v 0.178246 -0.186813 -0.048092
v 0.179114 -0.172598 -0.047785
v 0.179590 -0.158161 -0.048046
v 0.179561 -0.143649 -0.048628
v 0.179105 -0.129106 -0.049355
v 0.178509 -0.114599 -0.050183
v 0.177505 -0.100181 -0.051037
v 0.176013 -0.085843 -0.051680
v 0.174468 -0.071544 -0.052181
v 0.173278 -0.057245 -0.052633
v 0.172053 -0.042994 -0.052671
v 0.170818 -0.028728 -0.052429
v 0.169750 -0.014356 -0.052076
v 0.173211 -0.000828 -0.028403
v 0.155189 -0.230236 -0.076507
v 0.157540 -0.217954 -0.073573
v 0.160446 -0.205014 -0.071646
v 0.163242 -0.191353 -0.070491
v 0.165630 -0.177050 -0.070294
v 0.167388 -0.162356 -0.070880
v 0.167742 -0.147403 -0.071438
v 0.167730 -0.132393 -0.072281
v 0.167226 -0.117415 -0.073136
v 0.166862 -0.102544 -0.074257
v 0.166505 -0.087724 -0.075347
v 0.165392 -0.072959 -0.075853
v 0.163779 -0.043439 -0.076326
v 0.162540 -0.028775 -0.075451
v 0.161470 -0.014045 -0.074529
v 0.168356 0.000002 -0.051568
v 0.135000 -0.233532 -0.099768
v 0.137885 -0.221981 -0.095236
v 0.141908 -0.209530 -0.092438
v 0.146162 -0.196143 -0.090977
v 0.149512 -0.181790 -0.090389
v 0.151293 -0.166823 -0.090156
v 0.152249 -0.151503 -0.090646
v 0.152799 -0.136064 -0.091707
v 0.153115 -0.120637 -0.093038
v 0.153198 -0.105244 -0.094413
v 0.152723 -0.089919 -0.095409
v 0.152319 -0.074633 -0.096257
v 0.151760 -0.059354 -0.096645
v 0.164566 -0.058192 -0.076291
v 0.151265 -0.044144 -0.096657
v 0.150914 -0.028969 -0.096375
v 0.150448 -0.013899 -0.095735
v 0.150064 0.001108 -0.094996
v 0.160670 0.000632 -0.073889
v 0.110176 -0.235939 -0.115911
v 0.118019 -0.225935 -0.116699
v 0.122842 -0.213926 -0.112727
v 0.127664 -0.200746 -0.110036
v 0.130719 -0.186329 -0.107512
v 0.132948 -0.171224 -0.106735
v 0.134750 -0.155733 -0.107511
v 0.136684 -0.140074 -0.109754
v 0.137930 -0.124191 -0.111861
v 0.138096 -0.108270 -0.113376
v 0.138330 -0.092402 -0.115045
v 0.138152 -0.076602 -0.115990
v 0.137413 -0.060903 -0.116094
v 0.137053 -0.045294 -0.116056
v 0.136804 -0.029726 -0.115594
v 0.136807 -0.014183 -0.115069
v 0.137012 0.001354 -0.114324
v 0.081465 -0.233428 -0.104988
v 0.090980 -0.224945 -0.108634
v 0.098428 -0.215747 -0.115764
v 0.104469 -0.204759 -0.122407
v 0.108872 -0.190516 -0.120105
v 0.112856 -0.175422 -0.119493
v 0.114002 -0.159351 -0.119272
v 0.116827 -0.143704 -0.122807
v 0.118554 -0.127731 -0.125863
v 0.119383 -0.111562 -0.128378
v 0.119877 -0.095335 -0.130598
v 0.119795 -0.079032 -0.131851
v 0.119347 -0.062888 -0.132171
v 0.118954 -0.046861 -0.131814
v 0.118716 -0.030915 -0.131004
v 0.118677 -0.015057 -0.129655
v 0.117752 0.000492 -0.126270
v 0.052377 -0.230847 -0.094613
v 0.063323 -0.223309 -0.098417
v 0.073111 -0.214091 -0.103657
v 0.080464 -0.203867 -0.111709
v 0.084364 -0.193356 -0.122599
v 0.088630 -0.178520 -0.123268
v 0.091965 -0.163131 -0.126251
v 0.094361 -0.147156 -0.130172
v 0.096245 -0.130990 -0.134036
v 0.097780 -0.114998 -0.138627
v 0.098529 -0.098613 -0.141676
v 0.098556 -0.081980 -0.143181
v 0.098401 -0.065343 -0.144138
v 0.098080 -0.048872 -0.143562
v 0.097698 -0.032655 -0.141570
v 0.097083 -0.016736 -0.138062
v 0.096075 -0.001200 -0.132905
v 0.029656 -0.226329 -0.075302
v 0.036829 -0.221200 -0.086834
v 0.046695 -0.213124 -0.093998
v 0.055782 -0.202839 -0.101376
v 0.062998 -0.190344 -0.108469
v 0.064068 -0.180431 -0.121219
v 0.067822 -0.164525 -0.123038
v 0.070526 -0.148659 -0.128339
v 0.072635 -0.133639 -0.136020
v 0.074260 -0.118248 -0.142962
v 0.075182 -0.101902 -0.147299
v 0.075395 -0.085152 -0.149242
v 0.075251 -0.068337 -0.150328
v 0.074888 -0.051664 -0.149127
v 0.074352 -0.035197 -0.146020
v 0.073756 -0.019165 -0.141160
v 0.073197 -0.003445 -0.135058
v 0.013774 -0.220070 -0.049581
v 0.019100 -0.216587 -0.063668
v 0.025731 -0.210411 -0.076637
v 0.032590 -0.201267 -0.088095
v 0.039955 -0.189063 -0.096569
v 0.044625 -0.176096 -0.105420
v 0.044815 -0.165036 -0.117870
v 0.047442 -0.150353 -0.126127
v 0.049110 -0.136285 -0.135582
v 0.050410 -0.121327 -0.143627
v 0.051266 -0.105295 -0.148941
v 0.051530 -0.088687 -0.151701
v 0.051513 -0.071932 -0.152526
v 0.051171 -0.055112 -0.150581
v 0.050615 -0.038284 -0.147513
v 0.049967 -0.021902 -0.141982
v 0.049906 -0.005709 -0.135795
v 0.006373 -0.212486 -0.020534
v 0.008581 -0.210484 -0.036943
v 0.011514 -0.205907 -0.052839
v 0.015834 -0.198016 -0.067253
v 0.020632 -0.186778 -0.079371
v 0.023352 -0.174568 -0.091499
v 0.024482 -0.162112 -0.103744
v 0.025310 -0.149108 -0.115585
v 0.025686 -0.136641 -0.127986
v 0.026108 -0.123213 -0.139017
v 0.026543 -0.108333 -0.147549
v 0.026838 -0.092064 -0.152577
v 0.026947 -0.075209 -0.154274
v 0.026957 -0.058261 -0.153014
v 0.026619 -0.041474 -0.149184
v 0.025968 -0.024843 -0.142105
v 0.026163 -0.008168 -0.135130
v -0.000816 -0.206557 0.009174
v -0.000173 -0.206249 -0.008727
v 0.000438 -0.202621 -0.026851
v 0.001003 -0.195863 -0.044681
v 0.001523 -0.186281 -0.061695
v 0.001804 -0.175545 -0.078253
v 0.001930 -0.164021 -0.093874
v 0.002025 -0.152015 -0.108697
v 0.002031 -0.139619 -0.122656
v 0.002003 -0.126424 -0.135208
v 0.001972 -0.111868 -0.145350
v 0.001934 -0.095755 -0.151793
v 0.001895 -0.078890 -0.154436
v 0.001859 -0.061913 -0.153381
v 0.001803 -0.044944 -0.149673
v 0.001762 -0.027882 -0.143057
v 0.001690 -0.010175 -0.135210
v 0.173211 -0.000828 -0.028403
v 0.173434 0.012409 -0.004515
v 0.174468 -0.001875 -0.004903
v 0.171242 0.013905 -0.027908
v 0.170913 0.026076 -0.004086
v 0.168356 0.000002 -0.051568
v 0.166430 0.015532 -0.051019
v 0.169360 0.028700 -0.027644
v 0.160670 0.000632 -0.073889
v 0.159057 0.016992 -0.073304
v 0.164985 0.031172 -0.050700
v 0.150064 0.001108 -0.094996
v 0.148738 0.018313 -0.094287
v 0.157832 0.033483 -0.072892
v 0.137012 0.001354 -0.114324
v 0.134602 0.019449 -0.112088
v 0.146848 0.035615 -0.093119
v 0.117752 0.000492 -0.126270
v 0.114352 0.018830 -0.121400
v 0.130845 0.037036 -0.108210
v 0.096075 -0.001200 -0.132905
v 0.092666 0.017744 -0.126248
v 0.110911 0.037311 -0.116810
v 0.073197 -0.003445 -0.135058
v 0.070198 0.016357 -0.127529
v 0.089432 0.037041 -0.120353
v 0.049906 -0.005709 -0.135795
v 0.047390 0.014914 -0.127205
v 0.067326 0.036516 -0.120733
v 0.026163 -0.008168 -0.135130
v 0.024372 0.013540 -0.125924
v 0.045058 0.035951 -0.119672
v 0.001690 -0.010175 -0.135210
v 0.001582 0.013480 -0.125727
v 0.023009 0.035762 -0.118561
v 0.169360 0.028700 -0.027644
v 0.169970 0.039401 -0.003512
v 0.170913 0.026076 -0.004086
v 0.168505 0.041477 -0.026618
v 0.169038 0.052447 -0.002942
v 0.167606 0.054406 -0.025625
v 0.168201 0.065493 -0.002439
v 0.164985 0.031172 -0.050700
v 0.164322 0.043992 -0.049454
v 0.163535 0.056919 -0.048101
v 0.166632 0.067491 -0.024429
v 0.157832 0.033483 -0.072892
v 0.157057 0.046424 -0.071381
v 0.156204 0.059401 -0.069773
v 0.162546 0.069920 -0.046621
v 0.146848 0.035615 -0.093119
v 0.145873 0.048594 -0.091169
v 0.144874 0.061589 -0.089250
v 0.155257 0.072420 -0.068009
v 0.130845 0.037036 -0.108210
v 0.129712 0.049948 -0.105757
v 0.128664 0.062922 -0.103605
v 0.143602 0.074545 -0.087218
v 0.110911 0.037311 -0.116810
v 0.110024 0.050317 -0.114243
v 0.108997 0.063295 -0.111674
v 0.127406 0.075857 -0.101307
v 0.089432 0.037041 -0.120353
v 0.088735 0.050113 -0.117565
v 0.087937 0.063190 -0.114970
v 0.107805 0.076246 -0.109164
v 0.067326 0.036516 -0.120733
v 0.066901 0.049708 -0.117950
v 0.066382 0.062925 -0.115551
v 0.087021 0.076276 -0.112631
v 0.045058 0.035951 -0.119672
v 0.044958 0.049350 -0.117368
v 0.044773 0.062752 -0.115387
v 0.065783 0.076163 -0.113562
v 0.023009 0.035762 -0.118561
v 0.023181 0.049334 -0.116193
v 0.023128 0.062744 -0.114294
v 0.044444 0.076126 -0.113837
v 0.001467 0.036464 -0.117864
v 0.001409 0.049520 -0.115653
v 0.001339 0.062792 -0.113792
v 0.023003 0.076022 -0.113232
v 0.012005 0.017440 0.127963
v -0.002504 0.030721 0.129501
v -0.002448 0.017424 0.128279
v 0.013307 0.030809 0.129488
v -0.002518 0.044078 0.130323
v 0.013237 0.044172 0.130398
v -0.002512 0.057475 0.130766
v 0.025080 0.017787 0.127149
v 0.029075 0.031189 0.128092
v 0.024543 0.031081 0.128493
v 0.024448 0.044397 0.129400
v 0.028971 0.044484 0.128997
v 0.024278 0.057751 0.129887
v 0.039309 0.018323 0.125386
v 0.052825 0.032105 0.123046
v 0.038340 0.031551 0.126123
v 0.038170 0.044806 0.126945
v 0.052551 0.045295 0.123738
v 0.037953 0.058105 0.127506
v 0.066933 0.019592 0.118999
v 0.053185 0.018892 0.122555
v 0.066406 0.032731 0.119346
v 0.066023 0.045839 0.119862
v 0.052296 0.058528 0.124342
v 0.079672 0.033467 0.114941
v 0.079187 0.046523 0.115269
v 0.065692 0.058966 0.120410
v 0.080474 0.020360 0.114605
v 0.090716 0.034188 0.110485
v 0.090106 0.047323 0.110628
v 0.078626 0.059595 0.115683
v 0.092462 0.021143 0.109805
v 0.105212 0.035220 0.103262
v 0.104369 0.048357 0.103033
v 0.089225 0.060484 0.110625
v 0.106321 0.022129 0.103125
v 0.119227 0.036197 0.094967
v 0.118171 0.049291 0.094424
v 0.103279 0.061492 0.102582
v 0.120162 0.023102 0.094881
v 0.132456 0.037070 0.085290
v 0.131156 0.050107 0.084476
v 0.116801 0.062359 0.093563
v 0.133396 0.024023 0.085274
v 0.144312 0.037773 0.073808
v 0.142814 0.050729 0.072918
v 0.129505 0.063113 0.083364
v 0.145236 0.024805 0.073816
v 0.154077 0.038227 0.060313
v 0.152537 0.051142 0.059624
v 0.141015 0.063709 0.071807
v 0.154786 0.025349 0.060249
v 0.161444 0.038496 0.045330
v 0.159943 0.051433 0.044932
v 0.150565 0.064107 0.058626
v 0.162134 0.025605 0.045288
v 0.166482 0.038665 0.029465
v 0.165070 0.051661 0.029319
v 0.158006 0.064448 0.044257
v 0.167027 0.025723 0.029319
v 0.169197 0.038850 0.013066
v 0.168201 0.051914 0.013316
v 0.163307 0.064751 0.029026
v 0.169682 0.025866 0.012801
v 0.169970 0.039401 -0.003512
v 0.169038 0.052447 -0.002942
v 0.166688 0.065117 0.013361
v -0.170128 0.025254 0.008713
v -0.170071 0.038728 -0.007655
v -0.170911 0.025330 -0.008089
v -0.169578 0.038324 0.008817
v -0.169230 0.051888 -0.007205
v -0.167210 0.064754 0.008928
v -0.168492 0.065004 -0.006809
v -0.168056 0.025243 0.025179
v -0.167423 0.038294 0.025163
v -0.168579 0.051498 0.008964
v -0.164471 0.064560 0.024629
v -0.163613 0.025302 0.041102
v -0.163018 0.038292 0.041051
v -0.166125 0.051377 0.024968
v -0.159749 0.064411 0.039936
v -0.157086 0.025214 0.056239
v -0.156376 0.038228 0.056152
v -0.161684 0.051333 0.040628
v -0.152937 0.064259 0.054492
v -0.148457 0.024879 0.070159
v -0.145871 0.050906 0.069081
v -0.154890 0.051228 0.055466
v -0.143861 0.063913 0.067852
v -0.137301 0.024201 0.082145
v -0.147465 0.037903 0.070013
v -0.134764 0.050334 0.080986
v -0.132852 0.063358 0.079660
v -0.124576 0.023350 0.092260
v -0.136258 0.037272 0.081964
v -0.122194 0.049570 0.091267
v -0.120585 0.062656 0.090121
v -0.111115 0.022416 0.100976
v -0.123454 0.036464 0.092071
v -0.108620 0.048652 0.100044
v -0.107270 0.061804 0.099176
v -0.097349 0.021376 0.107722
v -0.109734 0.035508 0.100689
v -0.094485 0.047622 0.107635
v -0.093335 0.060823 0.107130
v -0.085461 0.020516 0.112632
v -0.095378 0.034440 0.108022
v -0.083691 0.046810 0.112352
v -0.082835 0.059899 0.112304
v -0.072071 0.019714 0.117270
v -0.084425 0.033692 0.112540
v -0.070684 0.046066 0.117175
v -0.057808 0.032262 0.120993
v -0.071303 0.032918 0.117151
v -0.057312 0.045494 0.121135
v -0.070086 0.059253 0.117201
v -0.058420 0.019008 0.121071
v -0.044112 0.031712 0.124055
v -0.043757 0.045001 0.124352
v -0.043365 0.058337 0.124462
v -0.056834 0.058783 0.121196
v -0.030589 0.017919 0.126149
v -0.018347 0.030902 0.128362
v -0.030780 0.031299 0.126284
v -0.018229 0.044251 0.128962
v -0.030548 0.044619 0.126737
v -0.018063 0.057644 0.129238
v -0.030272 0.057985 0.126933
v -0.017480 0.017590 0.127515
v -0.002504 0.030721 0.129501
v -0.002518 0.044078 0.130323
v -0.002512 0.057475 0.130766
v -0.189356 -0.080062 0.008688
v -0.186184 -0.069602 -0.006299
v -0.189061 -0.082707 -0.005494
v -0.185189 -0.067645 0.008681
v -0.183371 -0.056372 -0.006993
v -0.182432 -0.054658 0.008611
v -0.181002 -0.043036 -0.007524
v -0.179940 -0.041466 0.008476
v -0.178884 -0.029602 -0.007995
v -0.177564 -0.028159 0.008257
v -0.176653 -0.016080 -0.008410
v -0.175099 -0.014832 0.008027
v -0.174470 -0.002732 -0.008655
v -0.172848 -0.001474 0.007959
v -0.173418 0.011612 -0.008439
v -0.170939 0.011876 0.008139
v -0.170911 0.025330 -0.008089
v -0.188045 -0.077763 0.022876
v -0.183498 -0.065917 0.023560
v -0.180896 -0.053206 0.024118
v -0.178460 -0.040283 0.024424
v -0.175862 -0.027280 0.024476
v -0.173142 -0.014241 0.024389
v -0.170869 -0.001102 0.024415
v -0.168561 0.012037 0.024512
v -0.170128 0.025254 0.008713
v -0.185325 -0.075388 0.036848
v -0.180512 -0.064045 0.038134
v -0.177615 -0.051742 0.039273
v -0.174814 -0.039179 0.039964
v -0.171970 -0.026463 0.040250
v -0.169399 -0.013628 0.040377
v -0.167047 -0.000700 0.040445
v -0.164410 0.012224 0.040388
v -0.168056 0.025243 0.025179
v -0.180704 -0.072723 0.050223
v -0.175561 -0.061959 0.052046
v -0.171960 -0.050206 0.053607
v -0.168931 -0.038011 0.054714
v -0.166053 -0.025598 0.055326
v -0.163413 -0.013031 0.055614
v -0.160845 -0.000380 0.055654
v -0.158073 0.012311 0.055431
v -0.163613 0.025302 0.041102
v -0.174588 -0.069509 0.062771
v -0.168916 -0.059431 0.065083
v -0.164858 -0.048274 0.067121
v -0.161330 -0.036599 0.068496
v -0.158207 -0.024599 0.069353
v -0.155416 -0.012376 0.069791
v -0.152532 -0.000085 0.069670
v -0.149663 0.012282 0.069270
v -0.157086 0.025214 0.056239
v -0.167103 -0.065305 0.074107
v -0.160791 -0.056061 0.076865
v -0.155743 -0.045739 0.079041
v -0.151719 -0.034702 0.080673
v -0.148171 -0.023267 0.081633
v -0.144890 -0.011625 0.081956
v -0.141949 0.000183 0.081929
v -0.139090 0.012099 0.081471
v -0.148457 0.024879 0.070159
v -0.158155 -0.059908 0.083485
v -0.151562 -0.051506 0.087075
v -0.145601 -0.042173 0.089371
v -0.140635 -0.032041 0.090888
v -0.136329 -0.021455 0.091708
v -0.132863 -0.010510 0.092284
v -0.129686 0.000611 0.092214
v -0.126656 0.011845 0.091618
v -0.137301 0.024201 0.082145
v -0.149051 -0.052810 0.091143
v -0.141565 -0.045629 0.095163
v -0.134878 -0.037410 0.097844
v -0.129125 -0.028402 0.099524
v -0.124534 -0.018704 0.100938
v -0.120605 -0.008695 0.101625
v -0.117116 0.001521 0.101605
v -0.113927 0.011879 0.101122
v -0.124576 0.023350 0.092260
v -0.189356 -0.080062 0.008688
v -0.189061 -0.082707 -0.005494
v -0.185490 -0.080952 0.040137
v -0.173785 -0.083002 0.069467
v -0.153630 -0.086182 0.093461
v -0.125693 -0.090657 0.107251
v -0.095327 -0.095355 0.115507
v -0.064660 -0.099877 0.123012
v -0.033547 -0.103971 0.128318
v -0.188045 -0.077763 0.022876
v -0.181301 -0.078425 0.051918
v -0.167399 -0.080037 0.078168
v -0.145802 -0.082760 0.098313
v -0.118261 -0.086501 0.108829
v -0.089742 -0.090205 0.117077
v -0.060831 -0.093675 0.123954
v -0.002259 -0.107151 0.132236
v -0.031606 -0.096698 0.129038
v -0.185325 -0.075388 0.036848
v -0.175657 -0.075770 0.063057
v -0.159890 -0.076997 0.085923
v -0.137433 -0.079239 0.102152
v -0.110923 -0.082138 0.110571
v -0.084224 -0.084880 0.118613
v -0.057070 -0.087334 0.124855
v -0.002244 -0.098655 0.132815
v -0.029694 -0.089333 0.129523
v -0.180704 -0.072723 0.050223
v -0.169038 -0.072751 0.073546
v -0.151545 -0.073684 0.092766
v -0.128628 -0.075443 0.104803
v -0.103689 -0.077464 0.112400
v -0.078773 -0.079296 0.120044
v -0.053367 -0.080798 0.125612
v -0.002230 -0.090174 0.133016
v -0.027835 -0.081855 0.129868
v -0.174588 -0.069509 0.062771
v -0.160939 -0.069340 0.082778
v -0.142482 -0.069927 0.098466
v -0.119788 -0.071181 0.107010
v -0.096659 -0.072367 0.114439
v -0.073407 -0.073356 0.121294
v -0.049756 -0.074034 0.126294
v -0.002239 -0.081684 0.133002
v -0.026019 -0.074263 0.130098
v -0.167103 -0.065305 0.074107
v -0.151922 -0.065081 0.090740
v -0.132673 -0.065438 0.102248
v -0.111251 -0.066118 0.109368
v -0.089835 -0.066632 0.116405
v -0.068199 -0.066923 0.122440
v -0.046277 -0.066914 0.126923
v -0.002252 -0.073185 0.132883
v -0.024266 -0.066511 0.130224
v -0.158155 -0.059908 0.083485
v -0.142300 -0.059592 0.097005
v -0.122982 -0.059833 0.104975
v -0.103212 -0.060018 0.111752
v -0.083361 -0.060036 0.118100
v -0.063272 -0.059846 0.123387
v -0.043005 -0.059365 0.127444
v -0.002264 -0.064689 0.132822
v -0.022619 -0.058546 0.130260
v -0.002278 -0.057388 0.132817
v 0.093565 -0.935604 0.045588
v 0.074185 -0.943135 0.007267
v 0.093758 -0.958389 0.010586
v 0.094901 -0.893307 0.056387
v 0.074985 -0.920730 0.040214
v 0.111890 -0.904237 0.079252
v 0.127513 -0.877134 0.067118
v 0.106527 -0.886534 0.060255
v 0.131922 -0.894135 0.087724
v 0.173665 -0.876199 0.068765
v 0.179659 -0.894083 0.089238
v 0.218718 -0.886914 0.059384
v 0.219898 -0.907612 0.076485
v 0.236770 -0.912540 0.033745
v 0.224449 -0.934267 0.043072
v 0.225799 -0.932402 -0.000922
v 0.223372 -0.955477 0.006396
v 0.217523 -0.949867 -0.035174
v 0.073713 -0.905575 0.020726
v 0.060717 -0.921328 0.001914
v 0.124521 -0.864371 0.044498
v 0.105577 -0.872842 0.038789
v 0.168579 -0.861715 0.046066
v 0.210982 -0.869379 0.038466
v 0.241147 -0.890603 0.019883
v 0.244093 -0.915205 -0.008557
v 0.225789 -0.928176 -0.041967
v 0.051662 -0.898236 -0.003554
v 0.095013 -0.878983 0.035397
v 0.069778 -0.886834 0.006443
v 0.107163 -0.861045 0.019072
v 0.163003 -0.842573 0.034317
v 0.125729 -0.851079 0.026629
v 0.199118 -0.857979 0.016220
v 0.230066 -0.878097 -0.001787
v 0.241302 -0.911023 -0.047085
v 0.241960 -0.894673 -0.021229
v 0.048480 -0.873855 -0.008276
v 0.096675 -0.867965 0.014412
v 0.064833 -0.864731 0.002359
v 0.108616 -0.849521 0.001877
v 0.159742 -0.831950 0.015306
v 0.129860 -0.842646 0.005198
v 0.189785 -0.847241 -0.003728
v 0.221190 -0.863165 -0.018861
v 0.238696 -0.873981 -0.030056
v 0.238481 -0.884422 -0.049428
v 0.048902 -0.849216 -0.012813
v 0.096327 -0.854015 0.000100
v 0.063778 -0.845018 0.015751
v 0.106693 -0.835735 0.015925
v 0.127664 -0.828712 0.014320
v 0.195542 -0.831438 0.001969
v 0.162014 -0.818418 0.010240
v 0.222815 -0.842415 -0.007841
v 0.244631 -0.852033 -0.030193
v 0.238211 -0.859106 -0.054400
v 0.054000 -0.824211 -0.017573
v 0.092401 -0.840314 0.016547
v 0.074262 -0.824531 0.006918
v 0.111837 -0.825040 0.028205
v 0.131510 -0.824935 0.033732
v 0.200702 -0.824601 0.012871
v 0.165282 -0.820462 0.030626
v 0.238254 -0.829283 -0.031684
v 0.220214 -0.825979 -0.005865
v 0.236813 -0.834682 -0.059512
v 0.087468 -0.805772 -0.004709
v 0.062822 -0.800876 -0.026265
v 0.097295 -0.825082 0.022226
v 0.121069 -0.808987 0.025115
v 0.137391 -0.809183 0.037970
v 0.186735 -0.806910 0.018378
v 0.163363 -0.806827 0.041607
v 0.205391 -0.809212 -0.008915
v 0.221713 -0.810648 -0.037456
v 0.098729 -0.782291 -0.013860
v 0.074000 -0.778702 -0.035726
v 0.111372 -0.808556 0.016574
v 0.125894 -0.786398 0.022507
v 0.156158 -0.786449 0.044897
v 0.134117 -0.787789 0.041629
v 0.174659 -0.787526 0.016690
v 0.194127 -0.789290 -0.011228
v 0.205885 -0.790789 -0.042279
v 0.225358 -0.788602 -0.069084
v 0.101521 -0.755318 -0.013621
v 0.079605 -0.752975 -0.038189
v 0.115765 -0.758872 0.016121
v 0.119940 -0.760429 0.028132
v 0.154009 -0.761724 0.047703
v 0.126686 -0.762941 0.047547
v 0.174826 -0.762756 0.020885
v 0.194585 -0.764043 -0.006229
v 0.205675 -0.764260 -0.037769
v 0.216201 -0.763946 -0.069271
v 0.078811 -0.726353 -0.034395
v 0.106493 -0.734526 0.022805
v 0.098825 -0.728852 -0.008786
v 0.120657 -0.737344 0.051946
v 0.111910 -0.735594 0.033936
v 0.152275 -0.735816 0.048509
v 0.173217 -0.736871 0.022580
v 0.194973 -0.737816 -0.002454
v 0.208210 -0.738035 -0.032557
v 0.215090 -0.737536 -0.064900
v 0.093072 -0.703523 -0.002560
v 0.076663 -0.700193 -0.029905
v 0.097150 -0.710495 0.029193
v 0.117274 -0.711406 0.051057
v 0.104847 -0.710843 0.037542
v 0.149211 -0.710149 0.046131
v 0.172231 -0.711011 0.024400
v 0.193638 -0.711786 -0.000325
v 0.209864 -0.712017 -0.027821
v 0.215482 -0.711392 -0.060079
v 0.085483 -0.678845 0.003794
v 0.073568 -0.674310 -0.025293
v 0.088458 -0.686168 0.035143
v 0.113779 -0.686235 0.045829
v 0.098143 -0.686194 0.039219
v 0.144757 -0.686416 0.036995
v 0.197688 -0.687073 0.006147
v 0.175933 -0.686326 0.029100
v 0.210267 -0.686271 -0.023588
v 0.215491 -0.685591 -0.055663
v 0.076952 -0.654413 0.009622
v 0.069212 -0.648677 -0.020539
v 0.080758 -0.661449 0.040142
v 0.109818 -0.661914 0.037565
v 0.091873 -0.661627 0.039156
v 0.141035 -0.662338 0.030424
v 0.172778 -0.662726 0.026343
v 0.197303 -0.661602 0.010345
v 0.207487 -0.660715 -0.020327
v 0.214276 -0.659899 -0.051786
v 0.068361 -0.629890 0.014696
v 0.063826 -0.623282 -0.015947
v 0.077562 -0.635804 0.043713
v 0.108733 -0.636626 0.041878
v 0.089484 -0.636119 0.043015
v 0.140556 -0.638009 0.040161
v 0.172028 -0.638446 0.035958
v 0.192619 -0.636134 0.012231
v 0.205083 -0.635129 -0.017272
v 0.212872 -0.634253 -0.048190
v 0.062500 -0.604476 0.018975
v 0.058179 -0.597912 -0.011840
v 0.077923 -0.609564 0.045167
v 0.108348 -0.612631 0.052211
v 0.089560 -0.610737 0.047861
v 0.140115 -0.614087 0.050687
v 0.168673 -0.612903 0.039077
v 0.186315 -0.611014 0.012712
v 0.201188 -0.609721 -0.015403
v 0.212320 -0.608550 -0.044723
v 0.059953 -0.578361 0.022417
v 0.054623 -0.571997 -0.008273
v 0.078069 -0.583375 0.047235
v 0.107761 -0.587060 0.057588
v 0.089426 -0.584784 0.051195
v 0.139367 -0.589139 0.058520
v 0.162077 -0.587781 0.039166
v 0.179174 -0.586085 0.012408
v 0.197103 -0.584356 -0.013778
v 0.208915 -0.583106 -0.040869
v 0.058482 -0.552138 0.025348
v 0.052048 -0.545781 -0.005056
v 0.078169 -0.557202 0.049273
v 0.107179 -0.561234 0.061694
v 0.089265 -0.558744 0.054024
v 0.138557 -0.563906 0.065343
v 0.159261 -0.562327 0.041864
v 0.179247 -0.560710 0.017061
v 0.200117 -0.559554 -0.007043
v 0.202936 -0.558203 -0.036536
v 0.057324 -0.525888 0.027998
v 0.049141 -0.519501 -0.001988
v 0.078164 -0.531026 0.051229
v 0.106453 -0.535327 0.065362
v 0.088984 -0.532671 0.056635
v 0.137629 -0.538006 0.068076
v 0.162595 -0.537597 0.049188
v 0.182836 -0.536074 0.024463
v 0.201370 -0.534373 -0.001278
v 0.195563 -0.533798 -0.031875
v 0.056200 -0.499622 0.030441
v 0.045870 -0.493204 0.001019
v 0.077902 -0.504862 0.053254
v 0.105549 -0.509388 0.068845
v 0.088476 -0.506593 0.059217
v 0.136911 -0.512190 0.071744
v 0.163753 -0.512241 0.054911
v 0.185138 -0.510991 0.030963
v 0.198650 -0.508908 0.002931
v 0.187337 -0.509750 -0.027011
v 0.055096 -0.473334 0.032646
v 0.042505 -0.466863 0.003932
v 0.077359 -0.478701 0.055293
v 0.104565 -0.483414 0.071996
v 0.087764 -0.480503 0.061682
v 0.136065 -0.486338 0.075115
v 0.164079 -0.486718 0.060046
v 0.186405 -0.485616 0.036793
v 0.191512 -0.484374 0.007513
v 0.180543 -0.485178 -0.022808
v 0.053680 -0.447051 0.034898
v 0.039261 -0.440465 0.006739
v 0.076491 -0.452551 0.057402
v 0.103489 -0.457429 0.074848
v 0.086817 -0.454417 0.064075
v 0.135145 -0.460560 0.079002
v 0.164257 -0.461189 0.065228
v 0.186732 -0.460103 0.042148
v 0.183966 -0.459950 0.012086
v 0.182535 -0.459824 -0.019130
v 0.051938 -0.420771 0.037077
v 0.035809 -0.414071 0.009494
v 0.075229 -0.426432 0.059555
v 0.102199 -0.431474 0.077628
v 0.085544 -0.428361 0.066467
v 0.134015 -0.434786 0.082997
v 0.164118 -0.435624 0.070365
v 0.185592 -0.434518 0.046959
v 0.178427 -0.434882 0.015796
v 0.189042 -0.435524 -0.013788
v 0.049946 -0.394490 0.039232
v 0.032302 -0.387623 0.012146
v 0.073835 -0.400344 0.061530
v 0.100674 -0.405571 0.080482
v 0.084100 -0.402343 0.068779
v 0.132617 -0.408962 0.086681
v 0.163736 -0.410039 0.075519
v 0.181446 -0.409309 0.051450
v 0.177237 -0.409228 0.018873
v 0.197146 -0.411872 -0.007343
v 0.047911 -0.368207 0.041206
v 0.028793 -0.361091 0.014682
v 0.071333 -0.374481 0.064577
v 0.098841 -0.379695 0.083244
v 0.081854 -0.376476 0.071717
v 0.130976 -0.383093 0.090113
v 0.163193 -0.384490 0.080999
v 0.176230 -0.384110 0.055309
v 0.182480 -0.384323 0.023628
v 0.201159 -0.386790 -0.002700
v 0.045691 -0.341988 0.043136
v 0.025376 -0.334431 0.017090
v 0.068755 -0.348629 0.067428
v 0.096059 -0.354011 0.086848
v 0.079198 -0.350687 0.074856
v 0.129062 -0.357189 0.093252
v 0.162321 -0.358890 0.086470
v 0.173283 -0.358662 0.058894
v 0.189105 -0.359976 0.029562
v 0.196896 -0.362316 0.004073
v 0.040617 -0.316539 0.047004
v 0.022058 -0.307643 0.019341
v 0.065110 -0.322983 0.070569
v 0.092940 -0.328267 0.089853
v 0.075754 -0.325004 0.077945
v 0.126669 -0.331307 0.096146
v 0.160832 -0.333166 0.091444
v 0.174676 -0.333116 0.062798
v 0.195610 -0.335616 0.035887
v 0.195232 -0.337063 0.007420
v 0.033136 -0.291881 0.051624
v 0.018616 -0.280827 0.021498
v 0.058522 -0.298196 0.075124
v 0.089224 -0.302580 0.092086
v 0.070265 -0.299873 0.081612
v 0.123544 -0.305552 0.099167
v 0.158411 -0.307248 0.094844
v 0.177142 -0.307817 0.067314
v 0.199497 -0.310257 0.040301
v 0.201936 -0.312540 0.006149
v 0.023660 -0.267879 0.055623
v 0.013684 -0.254243 0.023668
v 0.053936 -0.272580 0.074884
v 0.084532 -0.277170 0.093774
v 0.065638 -0.274335 0.082109
v 0.119426 -0.279988 0.102003
v 0.155083 -0.281467 0.097478
v 0.178942 -0.282519 0.071992
v 0.198829 -0.284319 0.042092
v 0.199172 -0.287083 0.006114
v 0.018056 -0.242598 0.057545
v 0.007809 -0.228054 0.025555
v 0.044571 -0.249194 0.079505
v 0.077988 -0.252404 0.095801
v 0.057352 -0.250422 0.085738
v 0.114175 -0.254788 0.104827
v 0.150963 -0.255988 0.100065
v 0.178513 -0.257011 0.075782
v 0.196112 -0.258642 0.043316
v 0.196396 -0.261572 0.006101
v 0.006532 -0.219417 0.060538
v -0.001298 -0.203791 0.026375
v 0.032188 -0.227458 0.086359
v 0.068939 -0.228857 0.099783
v 0.046244 -0.227993 0.091493
v 0.107597 -0.230297 0.108133
v 0.146708 -0.230986 0.103658
v 0.177335 -0.231570 0.079628
v 0.193626 -0.233117 0.044489
v 0.194938 -0.235934 0.005983
v 0.135781 -0.045867 0.096111
v 0.126008 -0.053032 0.100853
v 0.143496 -0.052974 0.092420
v 0.128857 -0.037727 0.098461
v 0.118876 -0.045843 0.103215
v 0.123431 -0.028648 0.100639
v 0.112969 -0.037622 0.105392
v 0.119029 -0.019023 0.102212
v 0.108154 -0.028627 0.107053
v 0.115292 -0.009060 0.103116
v 0.104209 -0.019124 0.108235
v 0.112002 0.001180 0.103411
v 0.100944 -0.009289 0.108987
v 0.109061 0.011593 0.103247
v 0.098167 0.000766 0.109303
v 0.106321 0.022129 0.103125
v 0.095670 0.010924 0.109102
v 0.107872 -0.053064 0.107727
v 0.101815 -0.045673 0.109776
v 0.096736 -0.037402 0.111439
v 0.092606 -0.028475 0.112779
v 0.089269 -0.019085 0.113784
v 0.086527 -0.009410 0.114475
v 0.084253 0.000504 0.114924
v 0.092462 0.021143 0.109805
v 0.082208 0.010412 0.114838
v 0.089650 -0.052966 0.114179
v 0.084603 -0.045386 0.115778
v 0.080399 -0.037066 0.117122
v 0.077006 -0.028192 0.118195
v 0.074226 -0.018941 0.118878
v 0.071951 -0.009440 0.119274
v 0.070122 0.000230 0.119597
v 0.080474 0.020360 0.114605
v 0.068438 0.009886 0.119239
v 0.071289 -0.052727 0.120019
v 0.067276 -0.044938 0.121210
v 0.063928 -0.036565 0.122168
v 0.061200 -0.027746 0.122825
v 0.058969 -0.018645 0.123140
v 0.057125 -0.009381 0.123123
v 0.055574 -0.000018 0.122873
v 0.066933 0.019592 0.118999
v 0.054163 0.009383 0.122203
v 0.052769 -0.052269 0.125027
v 0.049784 -0.044272 0.125795
v 0.047286 -0.035850 0.126358
v 0.045248 -0.027120 0.126734
v 0.043579 -0.018185 0.126815
v 0.042194 -0.009135 0.126584
v 0.041018 -0.000028 0.126014
v 0.053185 0.018892 0.122555
v 0.040010 0.009124 0.125223
v 0.039005 -0.043729 0.128258
v 0.034325 -0.051565 0.129801
v 0.041379 -0.051832 0.127975
v 0.037045 -0.035303 0.128183
v 0.032328 -0.043396 0.129784
v 0.035430 -0.026634 0.128283
v 0.030703 -0.034968 0.129314
v 0.034108 -0.017813 0.128008
v 0.029349 -0.026335 0.129243
v 0.032986 -0.008894 0.127621
v 0.028242 -0.017586 0.128747
v 0.032079 0.000044 0.126682
v 0.027283 -0.008747 0.128263
v 0.031296 0.009026 0.125671
v 0.026543 0.000087 0.127097
v 0.030340 0.018024 0.126664
v 0.025899 0.008962 0.125949
v 0.015933 -0.050467 0.129992
v 0.014937 -0.042209 0.129785
v 0.014108 -0.033836 0.129631
v 0.013435 -0.025365 0.129468
v 0.012863 -0.016830 0.129121
v 0.012376 -0.008258 0.128479
v 0.011967 0.000342 0.127654
v 0.025080 0.017787 0.127149
v 0.011620 0.008920 0.126616
v -0.002263 -0.049107 0.132250
v -0.002292 -0.040795 0.132218
v -0.002284 -0.032496 0.131842
v -0.002282 -0.025169 0.131523
v -0.002286 -0.016647 0.131182
v -0.002289 -0.008124 0.130674
v -0.002285 0.000414 0.129872
v -0.002448 0.017424 0.128279
v -0.002290 0.008939 0.129078
v -0.001647 -0.203918 0.039928
v 0.009169 -0.216692 0.072595
v 0.052813 -0.220404 0.097644
v 0.075183 -0.220509 0.104818
v 0.113286 -0.220337 0.109976
v 0.150887 -0.219759 0.103033
v 0.179416 -0.219272 0.077893
v 0.194877 -0.221648 0.005732
v 0.194789 -0.219898 0.043239
v -0.002143 -0.203087 0.053852
v 0.038958 -0.220340 0.093200
v 0.013761 -0.212305 0.083675
v 0.059472 -0.212244 0.103104
v 0.081642 -0.211505 0.108690
v 0.118893 -0.210029 0.111076
v 0.154791 -0.208280 0.101659
v 0.181317 -0.206885 0.075830
v 0.195617 -0.206656 0.041811
v -0.002556 -0.201012 0.068157
v 0.045741 -0.212701 0.099644
v 0.019335 -0.205798 0.093160
v 0.065977 -0.203134 0.107546
v 0.087933 -0.201621 0.111266
v 0.124125 -0.199111 0.111491
v 0.158012 -0.196419 0.099660
v 0.182626 -0.194311 0.073475
v 0.195806 -0.207461 0.005199
v 0.196058 -0.193279 0.040271
v -0.002920 -0.197626 0.082596
v 0.052377 -0.204071 0.105242
v 0.024630 -0.197105 0.101030
v 0.071729 -0.192689 0.110850
v 0.093345 -0.190665 0.113125
v 0.128458 -0.187323 0.111153
v 0.160500 -0.183974 0.097439
v 0.183461 -0.181320 0.071100
v 0.196404 -0.193357 0.004595
v 0.196007 -0.179761 0.038606
v -0.003159 -0.191187 0.095950
v 0.058341 -0.193943 0.109440
v 0.028602 -0.186516 0.107231
v 0.075903 -0.181014 0.112686
v 0.097213 -0.178616 0.113226
v 0.131366 -0.174711 0.110128
v 0.161898 -0.170925 0.095256
v 0.183624 -0.167937 0.068965
v 0.196724 -0.179280 0.003871
v 0.195583 -0.166051 0.037084
v -0.003167 -0.180031 0.105644
v 0.062704 -0.182500 0.112351
v 0.030693 -0.174394 0.110849
v 0.077978 -0.168368 0.112390
v 0.098995 -0.165801 0.112861
v 0.132376 -0.161514 0.108568
v 0.161765 -0.157432 0.093079
v 0.182908 -0.154276 0.067183
v 0.196687 -0.165255 0.003037
v 0.194596 -0.152216 0.035742
v -0.003146 -0.166892 0.112141
v 0.064961 -0.169959 0.112099
v 0.031212 -0.161852 0.113602
v 0.078272 -0.155558 0.113253
v 0.099088 -0.152755 0.112555
v 0.131996 -0.148127 0.107182
v 0.161074 -0.143763 0.091830
v 0.181416 -0.140533 0.065691
v 0.196025 -0.151250 0.002196
v 0.192997 -0.138348 0.034537
v -0.003097 -0.153743 0.117693
v 0.065379 -0.157293 0.113686
v 0.031019 -0.149777 0.118217
v 0.077603 -0.142760 0.114592
v 0.098241 -0.139708 0.112477
v 0.130914 -0.134713 0.106233
v 0.159856 -0.130125 0.090904
v 0.179678 -0.126769 0.064523
v 0.194644 -0.137360 0.001230
v 0.191147 -0.124493 0.033477
v -0.003008 -0.141050 0.123268
v 0.064822 -0.144650 0.115901
v 0.030495 -0.137360 0.122467
v 0.076439 -0.129903 0.115663
v 0.096885 -0.126688 0.112451
v 0.129281 -0.121457 0.105184
v 0.158310 -0.116566 0.090012
v 0.178177 -0.112971 0.063744
v 0.193353 -0.123437 0.000275
v 0.189601 -0.110590 0.032558
v -0.002762 -0.128445 0.128589
v 0.063775 -0.131896 0.117653
v 0.029957 -0.124553 0.125702
v 0.075296 -0.116999 0.116889
v 0.095477 -0.113648 0.112629
v 0.127635 -0.108207 0.104584
v 0.156613 -0.103027 0.089256
v 0.176509 -0.099238 0.062979
v 0.192173 -0.109512 -0.000686
v 0.187729 -0.096705 0.031672
v -0.002317 -0.115657 0.131636
v 0.062797 -0.119077 0.119528
v 0.029558 -0.111775 0.128874
v 0.074319 -0.104004 0.118077
v 0.094222 -0.100564 0.113008
v 0.126118 -0.094933 0.104204
v 0.154777 -0.089555 0.088441
v 0.174558 -0.085543 0.062100
v 0.190311 -0.095707 -0.001578
v 0.185544 -0.082880 0.030736
v -0.090196 -0.952281 0.013637
v -0.073675 -0.947962 -0.017816
v -0.071959 -0.935797 0.009187
v -0.090875 -0.965234 -0.013803
v -0.081858 -0.951337 -0.045726
v -0.093478 -0.972019 -0.042749
v -0.092707 -0.951393 -0.073025
v -0.098359 -0.973844 -0.071952
v -0.103240 -0.951814 -0.099628
v -0.108742 -0.974923 -0.098945
v -0.127602 -0.951287 -0.111628
v -0.127735 -0.973792 -0.119262
v -0.153076 -0.950574 -0.121569
v -0.153637 -0.972421 -0.130347
v -0.177050 -0.949251 -0.128286
v -0.181326 -0.972782 -0.127874
v -0.197723 -0.949420 -0.110648
v -0.203754 -0.972550 -0.111032
v -0.215834 -0.950191 -0.089681
v -0.219299 -0.973463 -0.087038
v -0.213764 -0.955036 -0.064335
v -0.228200 -0.973153 -0.059723
v -0.219280 -0.953745 -0.037319
v -0.070982 -0.922902 -0.017177
v -0.058198 -0.917278 0.000743
v -0.083008 -0.926462 -0.043535
v -0.092552 -0.927082 -0.070954
v -0.101822 -0.926023 -0.097811
v -0.123646 -0.926283 -0.112918
v -0.147547 -0.925300 -0.124692
v -0.170891 -0.924204 -0.126127
v -0.190452 -0.924648 -0.108429
v -0.207108 -0.926217 -0.087306
v -0.213147 -0.932009 -0.062715
v -0.057577 -0.900753 -0.016658
v -0.065328 -0.904048 -0.029498
v -0.103394 -0.904327 -0.065152
v -0.088553 -0.900736 -0.040255
v -0.111139 -0.902719 -0.092040
v -0.141491 -0.901407 -0.128287
v -0.120966 -0.901274 -0.116055
v -0.162816 -0.900597 -0.120989
v -0.182582 -0.900148 -0.104851
v -0.197533 -0.903180 -0.083370
v -0.210523 -0.906096 -0.060114
v -0.229931 -0.932518 -0.044498
v -0.055042 -0.880593 -0.029870
v -0.058360 -0.884990 -0.043334
v -0.081776 -0.881852 -0.053881
v -0.105734 -0.879699 -0.065546
v -0.133199 -0.880574 -0.109905
v -0.124128 -0.881365 -0.085403
v -0.144272 -0.879208 -0.126809
v -0.178050 -0.878038 -0.103382
v -0.160977 -0.878573 -0.120208
v -0.195895 -0.879805 -0.085108
v -0.216175 -0.883246 -0.068904
v -0.236994 -0.885172 -0.052746
v -0.054244 -0.860307 -0.049624
v -0.047308 -0.857755 -0.027955
v -0.074632 -0.860378 -0.066152
v -0.097638 -0.858204 -0.078148
v -0.120355 -0.856404 -0.090581
v -0.140178 -0.857584 -0.106793
v -0.153095 -0.859469 -0.126055
v -0.186634 -0.859988 -0.115079
v -0.168923 -0.860340 -0.128720
v -0.205338 -0.861356 -0.098639
v -0.223705 -0.863417 -0.081028
v -0.243729 -0.865284 -0.064187
v -0.053998 -0.833556 -0.051350
v -0.051092 -0.832566 -0.026414
v -0.089819 -0.834736 -0.087854
v -0.069625 -0.834626 -0.072047
v -0.111510 -0.833615 -0.100573
v -0.131692 -0.834068 -0.115472
v -0.151391 -0.834737 -0.130688
v -0.193143 -0.838261 -0.124594
v -0.171695 -0.836496 -0.136045
v -0.211482 -0.839174 -0.107659
v -0.226102 -0.840574 -0.088325
v -0.231915 -0.841870 -0.064616
v -0.055019 -0.806520 -0.051325
v -0.053250 -0.805979 -0.026515
v -0.067771 -0.807683 -0.073165
v -0.085132 -0.808643 -0.091445
v -0.104240 -0.809251 -0.107618
v -0.124306 -0.809596 -0.122237
v -0.146118 -0.809358 -0.133422
v -0.170436 -0.809782 -0.133542
v -0.193220 -0.811358 -0.124807
v -0.212661 -0.812859 -0.109776
v -0.226371 -0.814258 -0.089359
v -0.231441 -0.815870 -0.064972
v -0.060643 -0.780258 -0.029444
v -0.067096 -0.780772 -0.072484
v -0.054858 -0.779754 -0.050778
v -0.083615 -0.781691 -0.091063
v -0.101514 -0.782435 -0.108099
v -0.121487 -0.782750 -0.122173
v -0.144674 -0.782624 -0.128706
v -0.168890 -0.783190 -0.128174
v -0.192583 -0.784358 -0.123196
v -0.212282 -0.785878 -0.109330
v -0.225630 -0.787481 -0.088837
v -0.233324 -0.789114 -0.065457
v -0.067154 -0.754510 -0.031129
v -0.066704 -0.753998 -0.071171
v -0.054891 -0.753155 -0.049674
v -0.082564 -0.754811 -0.089931
v -0.099639 -0.755540 -0.107405
v -0.119435 -0.756042 -0.120259
v -0.143406 -0.756476 -0.121278
v -0.167370 -0.757072 -0.120773
v -0.191281 -0.757655 -0.119337
v -0.211436 -0.758980 -0.107837
v -0.225101 -0.760720 -0.087837
v -0.226861 -0.763807 -0.065982
v -0.056027 -0.726936 -0.047978
v -0.070270 -0.728050 -0.029548
v -0.066385 -0.727445 -0.069526
v -0.081786 -0.728147 -0.088352
v -0.098492 -0.728806 -0.105852
v -0.118475 -0.729424 -0.117883
v -0.142277 -0.730026 -0.117428
v -0.166107 -0.730586 -0.116825
v -0.189963 -0.731164 -0.116541
v -0.210013 -0.732298 -0.105476
v -0.223277 -0.734215 -0.085624
v -0.220682 -0.738468 -0.064169
v -0.057723 -0.701083 -0.045538
v -0.070792 -0.701761 -0.026142
v -0.066746 -0.701245 -0.067196
v -0.081294 -0.701800 -0.086425
v -0.097633 -0.702396 -0.104011
v -0.117870 -0.703068 -0.116410
v -0.141346 -0.703857 -0.119579
v -0.165068 -0.704392 -0.118578
v -0.188577 -0.704859 -0.115618
v -0.208225 -0.705969 -0.102647
v -0.220102 -0.708194 -0.082204
v -0.218060 -0.712495 -0.059943
v -0.058001 -0.675344 -0.042495
v -0.069250 -0.675797 -0.021724
v -0.067562 -0.675404 -0.064384
v -0.081399 -0.675852 -0.083972
v -0.097119 -0.676394 -0.101928
v -0.117306 -0.677080 -0.114401
v -0.140395 -0.677847 -0.119797
v -0.164027 -0.678412 -0.118914
v -0.186952 -0.678906 -0.112984
v -0.206132 -0.680098 -0.099390
v -0.216712 -0.682615 -0.078396
v -0.216723 -0.686813 -0.055321
v -0.059545 -0.649648 -0.039502
v -0.066397 -0.649973 -0.017193
v -0.068999 -0.649696 -0.061020
v -0.081890 -0.650056 -0.081188
v -0.096574 -0.650573 -0.100015
v -0.116378 -0.651387 -0.113147
v -0.139364 -0.652170 -0.119434
v -0.163002 -0.652689 -0.118395
v -0.185381 -0.653216 -0.110484
v -0.203875 -0.654532 -0.096208
v -0.213158 -0.657301 -0.074558
v -0.214425 -0.661266 -0.051208
v -0.059928 -0.623902 -0.036402
v -0.062885 -0.624220 -0.013136
v -0.070089 -0.623993 -0.057809
v -0.082352 -0.624299 -0.078292
v -0.097059 -0.624816 -0.096986
v -0.115762 -0.625713 -0.111595
v -0.138209 -0.626512 -0.118960
v -0.161652 -0.626964 -0.117104
v -0.183347 -0.627641 -0.107475
v -0.201647 -0.629046 -0.092718
v -0.210174 -0.631997 -0.070917
v -0.211971 -0.635707 -0.047504
v -0.060757 -0.598137 -0.033259
v -0.059548 -0.598383 -0.009604
v -0.070316 -0.598240 -0.055106
v -0.082791 -0.598533 -0.075441
v -0.098418 -0.599184 -0.093439
v -0.115541 -0.600060 -0.110079
v -0.136718 -0.600893 -0.120039
v -0.159829 -0.601254 -0.115273
v -0.181017 -0.602085 -0.104349
v -0.199402 -0.603607 -0.089391
v -0.207887 -0.606560 -0.067782
v -0.208512 -0.610208 -0.044215
v -0.060897 -0.572345 -0.030203
v -0.057934 -0.572191 -0.006524
v -0.070040 -0.572504 -0.052392
v -0.084257 -0.572975 -0.071748
v -0.101075 -0.573896 -0.088903
v -0.118508 -0.574995 -0.105444
v -0.134961 -0.575234 -0.120396
v -0.157140 -0.575775 -0.112013
v -0.178398 -0.576675 -0.100834
v -0.197470 -0.578179 -0.086520
v -0.205632 -0.581125 -0.065045
v -0.203756 -0.584953 -0.041413
v -0.059450 -0.546500 -0.027440
v -0.055799 -0.545915 -0.003628
v -0.070322 -0.546893 -0.048989
v -0.086702 -0.547741 -0.066878
v -0.103694 -0.548736 -0.084165
v -0.113779 -0.550664 -0.105734
v -0.131348 -0.550152 -0.116757
v -0.153678 -0.550655 -0.107345
v -0.175497 -0.551420 -0.096751
v -0.195877 -0.552741 -0.083755
v -0.201804 -0.555919 -0.062490
v -0.197380 -0.560070 -0.038994
v -0.057781 -0.520614 -0.024696
v -0.053257 -0.519578 -0.000858
v -0.070693 -0.521368 -0.045342
v -0.086696 -0.522180 -0.063947
v -0.096784 -0.524362 -0.085639
v -0.104880 -0.526777 -0.108574
v -0.126829 -0.525553 -0.110714
v -0.150152 -0.525675 -0.102683
v -0.172579 -0.526218 -0.092621
v -0.193351 -0.527514 -0.079649
v -0.199373 -0.530861 -0.059561
v -0.192383 -0.534953 -0.036440
v -0.055919 -0.494708 -0.022065
v -0.050526 -0.493198 0.001839
v -0.068543 -0.495769 -0.043433
v -0.081755 -0.497056 -0.064239
v -0.086566 -0.500819 -0.088305
v -0.098909 -0.502773 -0.107630
v -0.119627 -0.507242 -0.095266
v -0.141946 -0.510037 -0.085093
v -0.165921 -0.507049 -0.078804
v -0.189810 -0.502769 -0.073890
v -0.193602 -0.509608 -0.032427
v -0.203047 -0.505940 -0.055030
v -0.053533 -0.468827 -0.019681
v -0.047644 -0.466783 0.004448
v -0.065494 -0.470270 -0.041868
v -0.071590 -0.473481 -0.065860
v -0.078704 -0.476413 -0.089375
v -0.099787 -0.477980 -0.102218
v -0.123962 -0.483101 -0.100611
v -0.142364 -0.486073 -0.086091
v -0.182451 -0.482500 -0.060474
v -0.159146 -0.484835 -0.069600
v -0.197057 -0.484575 -0.027554
v -0.203105 -0.480769 -0.050511
v -0.050547 -0.443002 -0.017593
v -0.044574 -0.440351 0.006983
v -0.059166 -0.445372 -0.041663
v -0.061211 -0.449933 -0.066750
v -0.078546 -0.451379 -0.084244
v -0.102862 -0.454734 -0.091909
v -0.127185 -0.458233 -0.099431
v -0.141648 -0.460941 -0.087546
v -0.155822 -0.459582 -0.070928
v -0.177660 -0.457817 -0.057450
v -0.199889 -0.456051 -0.044973
v -0.046664 -0.417295 -0.015814
v -0.041386 -0.413871 0.009413
v -0.050013 -0.421322 -0.041400
v -0.056649 -0.424795 -0.065049
v -0.081170 -0.428618 -0.072698
v -0.106049 -0.432124 -0.080367
v -0.130213 -0.434729 -0.090260
v -0.146720 -0.435995 -0.089535
v -0.168815 -0.436568 -0.047941
v -0.148890 -0.436301 -0.064811
v -0.192093 -0.433331 -0.036271
v -0.201855 -0.459885 -0.021949
v -0.041584 -0.391784 -0.014338
v -0.038390 -0.387319 0.011685
v -0.040329 -0.397403 -0.040467
v -0.057658 -0.401175 -0.055493
v -0.081448 -0.404528 -0.066866
v -0.104219 -0.407629 -0.080350
v -0.126532 -0.410592 -0.094710
v -0.146718 -0.410682 -0.091844
v -0.148575 -0.410854 -0.065704
v -0.165009 -0.411998 -0.044638
v -0.206200 -0.435039 -0.016475
v -0.182919 -0.411922 -0.025653
v -0.035039 -0.366588 -0.012748
v -0.035428 -0.360688 0.013806
v -0.033796 -0.372789 -0.038480
v -0.055601 -0.376160 -0.054050
v -0.076856 -0.379868 -0.070871
v -0.097150 -0.384553 -0.088672
v -0.121206 -0.386557 -0.101279
v -0.141887 -0.385954 -0.094583
v -0.152584 -0.385981 -0.069294
v -0.164569 -0.386561 -0.044637
v -0.177428 -0.387816 -0.020471
v -0.205472 -0.409601 -0.011977
v -0.029367 -0.341124 -0.010947
v -0.032240 -0.333986 0.015903
v -0.031823 -0.347538 -0.037841
v -0.047009 -0.353160 -0.060730
v -0.067534 -0.357771 -0.079490
v -0.090294 -0.361052 -0.095673
v -0.117055 -0.361534 -0.103233
v -0.143952 -0.361763 -0.096472
v -0.161559 -0.362999 -0.075444
v -0.173214 -0.363327 -0.049772
v -0.182339 -0.363241 -0.023154
v -0.199275 -0.385429 -0.005713
v -0.025228 -0.315312 -0.009187
v -0.028071 -0.307298 0.018175
v -0.030987 -0.322045 -0.036262
v -0.045237 -0.327868 -0.060684
v -0.062510 -0.333334 -0.083089
v -0.084193 -0.336895 -0.100685
v -0.112543 -0.336683 -0.101299
v -0.140491 -0.336858 -0.093862
v -0.163959 -0.337948 -0.078546
v -0.171532 -0.338061 -0.050996
v -0.178344 -0.338026 -0.022934
v -0.186822 -0.337764 0.004266
v -0.021525 -0.289438 -0.007559
v -0.023030 -0.280620 0.020560
v -0.027512 -0.296792 -0.035585
v -0.041727 -0.302801 -0.060963
v -0.059027 -0.308296 -0.084287
v -0.078246 -0.312462 -0.102376
v -0.106373 -0.313521 -0.093487
v -0.134601 -0.314377 -0.084133
v -0.163647 -0.313507 -0.077894
v -0.174284 -0.313250 -0.053233
v -0.179624 -0.312703 -0.024019
v -0.017043 -0.263720 -0.006115
v -0.017061 -0.254182 0.022911
v -0.022527 -0.271805 -0.035093
v -0.036421 -0.278013 -0.061511
v -0.050065 -0.284869 -0.087934
v -0.072336 -0.288200 -0.098829
v -0.101629 -0.289237 -0.090371
v -0.131819 -0.289899 -0.085605
v -0.159550 -0.289511 -0.072570
v -0.186990 -0.288397 -0.026545
v -0.181753 -0.289383 -0.056687
v -0.191548 -0.287403 0.003720
v -0.011669 -0.238280 -0.005042
v -0.010544 -0.228142 0.025075
v -0.016540 -0.247003 -0.034861
v -0.028705 -0.254013 -0.063055
v -0.040978 -0.261472 -0.091183
v -0.067842 -0.264733 -0.101663
v -0.098413 -0.264695 -0.094377
v -0.129413 -0.265092 -0.089221
v -0.159192 -0.265072 -0.078994
v -0.180266 -0.264193 -0.058384
v -0.190154 -0.263225 -0.028480
v -0.196045 -0.262218 0.002534
v -0.005495 -0.213195 -0.004359
v -0.001298 -0.203791 0.026375
v -0.009852 -0.222190 -0.035165
v -0.019355 -0.230546 -0.065061
v -0.036727 -0.237030 -0.089707
v -0.067149 -0.241099 -0.100459
v -0.098069 -0.245497 -0.109338
v -0.129433 -0.245144 -0.102688
v -0.155378 -0.242083 -0.084428
v -0.173743 -0.239834 -0.057722
v -0.189484 -0.237757 -0.029763
v -0.194991 -0.236543 0.002194
v -0.188643 -0.224335 -0.028279
v -0.194990 -0.222194 0.001943
v -0.188204 -0.210781 -0.027095
v -0.196190 -0.207941 0.001435
v -0.189617 -0.197090 -0.026846
v -0.197124 -0.193808 0.000853
v -0.190529 -0.183205 -0.026759
v -0.197704 -0.179730 0.000193
v -0.190842 -0.169163 -0.026839
v -0.197853 -0.165705 -0.000513
v -0.190407 -0.155048 -0.027079
v -0.197227 -0.151768 -0.001224
v -0.189620 -0.140936 -0.027593
v -0.195966 -0.137935 -0.001953
v -0.188655 -0.126837 -0.028241
v -0.194835 -0.124077 -0.002783
v -0.187323 -0.112786 -0.028909
v -0.193488 -0.110228 -0.003678
v -0.185518 -0.098844 -0.029656
v -0.189061 -0.082707 -0.005494
v -0.191332 -0.096464 -0.004546
v -0.186184 -0.069602 -0.006299
v -0.183820 -0.084936 -0.030446
v -0.183371 -0.056372 -0.006993
v -0.181991 -0.071078 -0.031147
v -0.181002 -0.043036 -0.007524
v -0.179892 -0.057308 -0.031638
v -0.178884 -0.029602 -0.007995
v -0.177860 -0.043553 -0.031894
v -0.176653 -0.016080 -0.008410
v -0.176066 -0.029735 -0.032073
v -0.174470 -0.002732 -0.008655
v -0.174341 -0.015825 -0.032127
v -0.173389 -0.227374 -0.054621
v -0.174968 -0.214427 -0.053171
v -0.176748 -0.201082 -0.052092
v -0.178320 -0.187308 -0.051359
v -0.179300 -0.173131 -0.051118
v -0.179558 -0.158744 -0.051225
v -0.179291 -0.144303 -0.051692
v -0.178366 -0.129872 -0.052221
v -0.177529 -0.115484 -0.052966
v -0.176609 -0.101134 -0.053871
v -0.175141 -0.086850 -0.054530
v -0.173499 -0.072584 -0.055049
v -0.172297 -0.058301 -0.055576
v -0.170979 -0.044069 -0.055696
v -0.169434 -0.029836 -0.055534
v -0.172435 -0.001833 -0.032028
v -0.168131 -0.015494 -0.055264
v -0.154819 -0.230842 -0.079054
v -0.156829 -0.218628 -0.076015
v -0.160020 -0.205706 -0.074486
v -0.162592 -0.192027 -0.073300
v -0.164590 -0.177721 -0.072914
v -0.165797 -0.163029 -0.073213
v -0.166345 -0.148151 -0.073951
v -0.166552 -0.133257 -0.075037
v -0.166127 -0.118350 -0.075954
v -0.165651 -0.103521 -0.077100
v -0.165200 -0.088760 -0.078143
v -0.164175 -0.074013 -0.078706
v -0.163115 -0.059283 -0.079067
v -0.161025 -0.029915 -0.078440
v -0.162360 -0.044546 -0.079211
v -0.159873 -0.015247 -0.077644
v -0.166944 -0.001119 -0.054989
v -0.134829 -0.234634 -0.102237
v -0.137171 -0.223030 -0.097543
v -0.140716 -0.210455 -0.094554
v -0.144566 -0.196977 -0.092985
v -0.147696 -0.182604 -0.092447
v -0.149592 -0.167642 -0.092485
v -0.150599 -0.152349 -0.093012
v -0.151016 -0.136987 -0.094014
v -0.151667 -0.121681 -0.095673
v -0.151609 -0.106368 -0.097011
v -0.150895 -0.091094 -0.097862
v -0.150561 -0.075807 -0.098806
v -0.149857 -0.060570 -0.099145
v -0.149420 -0.045412 -0.099293
v -0.148950 -0.030283 -0.099038
v -0.148307 -0.015215 -0.098393
v -0.148146 -0.000181 -0.097956
v -0.106647 -0.236952 -0.112267
v -0.114418 -0.227300 -0.114724
v -0.120638 -0.215304 -0.113478
v -0.125428 -0.201941 -0.111340
v -0.128555 -0.187384 -0.109281
v -0.130110 -0.172104 -0.107659
v -0.132333 -0.156589 -0.109171
v -0.134124 -0.140960 -0.111392
v -0.135002 -0.125203 -0.113256
v -0.135363 -0.109425 -0.115071
v -0.135713 -0.093683 -0.116868
v -0.135209 -0.077968 -0.117537
v -0.134753 -0.062275 -0.118039
v -0.134402 -0.046667 -0.118033
v -0.134042 -0.031169 -0.117519
v -0.134050 -0.015665 -0.116951
v -0.134319 -0.000158 -0.116497
v -0.077707 -0.233855 -0.101790
v -0.086781 -0.226105 -0.106684
v -0.094119 -0.217386 -0.114703
v -0.100700 -0.206217 -0.121041
v -0.105693 -0.191760 -0.120111
v -0.108786 -0.176317 -0.118723
v -0.110595 -0.160308 -0.119414
v -0.112973 -0.144510 -0.122662
v -0.114841 -0.128753 -0.126354
v -0.115751 -0.112715 -0.129092
v -0.116105 -0.096584 -0.131149
v -0.116199 -0.080444 -0.132586
v -0.115770 -0.064247 -0.133024
v -0.115604 -0.048215 -0.133085
v -0.115423 -0.032314 -0.132328
v -0.114861 -0.016590 -0.130063
v -0.114337 -0.000928 -0.127342
v -0.048477 -0.230836 -0.091966
v -0.059369 -0.223624 -0.096232
v -0.068859 -0.215032 -0.102840
v -0.075769 -0.205739 -0.112441
v -0.080454 -0.194754 -0.122297
v -0.084961 -0.179701 -0.123904
v -0.088162 -0.164093 -0.126434
v -0.090529 -0.148113 -0.130284
v -0.092514 -0.132150 -0.134818
v -0.093841 -0.116040 -0.138979
v -0.094703 -0.099711 -0.142341
v -0.094766 -0.083128 -0.143777
v -0.094659 -0.066533 -0.144706
v -0.094499 -0.050071 -0.144557
v -0.094053 -0.033861 -0.142350
v -0.093388 -0.017975 -0.138433
v -0.092602 -0.002280 -0.133561
v -0.022859 -0.227018 -0.078473
v -0.031232 -0.221398 -0.087754
v -0.042739 -0.213135 -0.092643
v -0.051923 -0.203283 -0.100517
v -0.059132 -0.191302 -0.108487
v -0.060562 -0.181253 -0.121167
v -0.064085 -0.165684 -0.123675
v -0.066642 -0.149998 -0.129523
v -0.068694 -0.134564 -0.136340
v -0.070260 -0.118999 -0.142936
v -0.071169 -0.102771 -0.147485
v -0.071456 -0.086069 -0.149600
v -0.071482 -0.069326 -0.150771
v -0.071218 -0.052612 -0.149783
v -0.070761 -0.036072 -0.146633
v -0.070229 -0.020007 -0.141642
v -0.069797 -0.004204 -0.135534
v -0.012217 -0.220234 -0.050138
v -0.015530 -0.216938 -0.064841
v -0.020635 -0.210731 -0.078412
v -0.027370 -0.201445 -0.089654
v -0.036349 -0.189080 -0.096170
v -0.040129 -0.177782 -0.106507
v -0.040683 -0.166374 -0.118923
v -0.043415 -0.151501 -0.126795
v -0.045121 -0.137068 -0.135752
v -0.046413 -0.121877 -0.143322
v -0.047267 -0.105792 -0.148446
v -0.047385 -0.089145 -0.150940
v -0.047718 -0.072515 -0.152833
v -0.047461 -0.055673 -0.150855
v -0.047000 -0.038878 -0.147633
v -0.046476 -0.022473 -0.142160
v -0.046534 -0.006236 -0.135940
v -0.005475 -0.212878 -0.020938
v -0.006704 -0.210926 -0.037453
v -0.008615 -0.206322 -0.053505
v -0.012110 -0.198437 -0.067981
v -0.016625 -0.187261 -0.080206
v -0.019336 -0.175132 -0.092130
v -0.020142 -0.163403 -0.104998
v -0.021093 -0.150138 -0.116439
v -0.021608 -0.137247 -0.128328
v -0.022097 -0.123689 -0.139205
v -0.022615 -0.108650 -0.147496
v -0.022987 -0.092375 -0.152552
v -0.023165 -0.075525 -0.154413
v -0.023262 -0.058560 -0.153202
v -0.022983 -0.041761 -0.149281
v -0.022451 -0.025125 -0.142151
v -0.022799 -0.008446 -0.135115
v -0.000816 -0.206557 0.009174
v -0.000173 -0.206249 -0.008727
v 0.000438 -0.202621 -0.026851
v 0.001003 -0.195863 -0.044681
v 0.001523 -0.186281 -0.061695
v 0.001804 -0.175545 -0.078253
v 0.001930 -0.164021 -0.093874
v 0.002025 -0.152015 -0.108697
v 0.002031 -0.139619 -0.122656
v 0.002003 -0.126424 -0.135208
v 0.001972 -0.111868 -0.145350
v 0.001934 -0.095755 -0.151793
v 0.001895 -0.078890 -0.154436
v 0.001859 -0.061913 -0.153381
v 0.001803 -0.044944 -0.149673
v 0.001762 -0.027882 -0.143057
v 0.001690 -0.010175 -0.135210
v -0.173418 0.011612 -0.008439
v -0.172435 -0.001833 -0.032028
v -0.174470 -0.002732 -0.008655
v -0.170911 0.025330 -0.008089
v -0.170440 0.012924 -0.031652
v -0.166944 -0.001119 -0.054989
v -0.168785 0.027769 -0.031508
v -0.165437 0.014458 -0.054669
v -0.159130 -0.000563 -0.077172
v -0.163878 0.030108 -0.054382
v -0.157747 0.015825 -0.076769
v -0.148146 -0.000181 -0.097956
v -0.156245 0.032310 -0.076321
v -0.146885 0.017031 -0.097423
v -0.134319 -0.000158 -0.116497
v -0.144776 0.034304 -0.096095
v -0.131963 0.017968 -0.114386
v -0.114337 -0.000928 -0.127342
v -0.128357 0.035723 -0.110510
v -0.111373 0.017543 -0.122834
v -0.092602 -0.002280 -0.133561
v -0.108178 0.036120 -0.118183
v -0.089525 0.016774 -0.126984
v -0.069797 -0.004204 -0.135534
v -0.086542 0.036101 -0.121032
v -0.067025 0.015648 -0.127861
v -0.046534 -0.006236 -0.135940
v -0.064384 0.035818 -0.121008
v -0.044204 0.014415 -0.127245
v -0.022799 -0.008446 -0.135115
v -0.042109 0.035536 -0.119879
v -0.021235 0.013315 -0.125944
v 0.001690 -0.010175 -0.135210
v -0.020061 0.035557 -0.118652
v 0.001582 0.013480 -0.125727
v -0.170071 0.038728 -0.007655
v -0.168785 0.027769 -0.031508
v -0.170911 0.025330 -0.008089
v -0.169230 0.051888 -0.007205
v -0.168028 0.040612 -0.030609
v -0.168492 0.065004 -0.006809
v -0.167217 0.053594 -0.029701
v -0.163878 0.030108 -0.054382
v -0.163337 0.042964 -0.053228
v -0.166351 0.066756 -0.028627
v -0.162592 0.055926 -0.051938
v -0.156245 0.032310 -0.076321
v -0.155647 0.045274 -0.074908
v -0.161594 0.068990 -0.050495
v -0.154826 0.058268 -0.073320
v -0.144776 0.034304 -0.096095
v -0.143828 0.047325 -0.094145
v -0.153687 0.071284 -0.071536
v -0.142879 0.060339 -0.092169
v -0.128357 0.035723 -0.110510
v -0.127258 0.048695 -0.107947
v -0.141770 0.073382 -0.090119
v -0.126162 0.061695 -0.105578
v -0.108178 0.036120 -0.118183
v -0.107368 0.049180 -0.115639
v -0.125035 0.074687 -0.103209
v -0.106457 0.062230 -0.113118
v -0.086542 0.036101 -0.121032
v -0.085988 0.049187 -0.118350
v -0.105365 0.075232 -0.110516
v -0.085361 0.062314 -0.115950
v -0.064384 0.035818 -0.121008
v -0.064106 0.049029 -0.118346
v -0.084596 0.075438 -0.113640
v -0.063752 0.062265 -0.116083
v -0.042109 0.035536 -0.119879
v -0.042149 0.048921 -0.117585
v -0.063320 0.075523 -0.114189
v -0.042103 0.062323 -0.115668
v -0.020061 0.035557 -0.118652
v -0.020360 0.049118 -0.116389
v -0.041934 0.075703 -0.114159
v -0.020453 0.062539 -0.114466
v 0.001467 0.036464 -0.117864
v 0.001409 0.049520 -0.115653
v -0.020473 0.075819 -0.113438
v 0.001339 0.062792 -0.113792
v 0.185248 -0.068836 -0.003230
v 0.187573 -0.079396 0.011671
v 0.188252 -0.081918 -0.002479
v 0.182830 -0.055555 -0.003859
v 0.183558 -0.066913 0.011659
v 0.180780 -0.042168 -0.004261
v 0.180995 -0.053896 0.011688
v 0.178546 -0.028767 -0.004618
v 0.178941 -0.040661 0.011726
v 0.176590 -0.015200 -0.004836
v 0.176797 -0.027365 0.011687
v 0.174468 -0.001875 -0.004903
v 0.174659 -0.014032 0.011653
v 0.173434 0.012409 -0.004515
v 0.172574 -0.000721 0.011780
v 0.170913 0.026076 -0.004086
v 0.170588 0.012571 0.012091
v 0.185377 -0.077226 0.025721
v 0.181102 -0.065263 0.026408
v 0.179017 -0.052501 0.027165
v 0.176794 -0.039590 0.027663
v 0.174376 -0.026611 0.027924
v 0.172270 -0.013559 0.028131
v 0.170077 -0.000495 0.028291
v 0.169682 0.025866 0.012801
v 0.167677 0.012567 0.028504
v 0.182185 -0.074850 0.039512
v 0.177544 -0.063495 0.040841
v 0.174856 -0.051193 0.042149
v 0.172363 -0.038632 0.043079
v 0.169891 -0.025924 0.043686
v 0.167544 -0.013130 0.044046
v 0.165245 -0.000287 0.044235
v 0.167027 0.025723 0.029319
v 0.162764 0.012579 0.044320
v 0.176895 -0.072296 0.052647
v 0.171850 -0.061533 0.054508
v 0.168634 -0.049775 0.056320
v 0.165837 -0.037634 0.057653
v 0.163193 -0.025247 0.058533
v 0.160746 -0.012705 0.059108
v 0.158298 -0.000096 0.059289
v 0.162134 0.025605 0.045288
v 0.155690 0.012542 0.059222
v 0.170249 -0.069159 0.065004
v 0.164711 -0.059140 0.067336
v 0.160789 -0.048016 0.069489
v 0.157365 -0.036405 0.071023
v 0.154552 -0.024438 0.072206
v 0.151927 -0.012263 0.072909
v 0.149170 -0.000001 0.072989
v 0.154786 0.025349 0.060249
v 0.146403 0.012320 0.072687
v 0.162195 -0.065153 0.075985
v 0.155972 -0.055928 0.078724
v 0.151099 -0.045635 0.081056
v 0.147160 -0.034663 0.082817
v 0.143646 -0.023316 0.083871
v 0.140578 -0.011701 0.084468
v 0.137887 0.000115 0.084779
v 0.145236 0.024805 0.073816
v 0.135032 0.011982 0.084331
v 0.152920 -0.059876 0.085103
v 0.146303 -0.051557 0.088606
v 0.140302 -0.042268 0.090802
v 0.135262 -0.032213 0.092239
v 0.131303 -0.021620 0.093489
v 0.127990 -0.010711 0.094258
v 0.124954 0.000386 0.094393
v 0.133396 0.024023 0.085274
v 0.122191 0.011643 0.094122
v 0.143496 -0.052974 0.092420
v 0.135781 -0.045867 0.096111
v 0.128857 -0.037727 0.098461
v 0.123431 -0.028648 0.100639
v 0.119029 -0.019023 0.102212
v 0.115292 -0.009060 0.103116
v 0.112002 0.001180 0.103411
v 0.120162 0.023102 0.094881
v 0.109061 0.011593 0.103247
v 0.187573 -0.079396 0.011671
v 0.188252 -0.081918 -0.002479
v 0.182012 -0.080433 0.042656
v 0.168904 -0.082683 0.071266
v 0.147240 -0.086304 0.093634
v 0.118763 -0.090878 0.105990
v 0.069831 -0.098351 0.119634
v 0.061992 -0.106140 0.121217
v 0.058198 -0.100103 0.122733
v 0.027692 -0.104548 0.129156
v 0.185377 -0.077226 0.025721
v 0.177241 -0.077992 0.054211
v 0.161988 -0.079870 0.079570
v 0.139235 -0.082964 0.098091
v 0.111441 -0.086701 0.107815
v 0.088613 -0.095531 0.114630
v 0.065408 -0.092592 0.121169
v 0.054455 -0.093957 0.124135
v 0.025879 -0.097171 0.129085
v -0.002259 -0.107151 0.132236
v 0.182185 -0.074850 0.039512
v 0.171161 -0.075420 0.065140
v 0.154047 -0.076958 0.086894
v 0.130683 -0.079478 0.101434
v 0.104212 -0.082332 0.109812
v 0.083093 -0.090395 0.116381
v 0.061048 -0.086671 0.122586
v 0.050766 -0.087662 0.125362
v 0.024105 -0.089712 0.129635
v -0.002244 -0.098655 0.132815
v 0.176895 -0.072296 0.052647
v 0.164088 -0.072533 0.075342
v 0.145502 -0.073744 0.093529
v 0.121893 -0.075681 0.104022
v 0.097102 -0.077661 0.111943
v 0.077649 -0.085079 0.118105
v 0.056757 -0.080527 0.123899
v 0.047160 -0.081160 0.126501
v 0.022374 -0.082159 0.130058
v -0.002230 -0.090174 0.133016
v 0.170249 -0.069159 0.065004
v 0.155547 -0.069253 0.084232
v 0.136033 -0.070111 0.098427
v 0.113160 -0.071404 0.106464
v 0.090170 -0.072582 0.114227
v 0.072252 -0.079511 0.119697
v 0.052588 -0.074079 0.125100
v 0.043680 -0.074383 0.127517
v 0.020673 -0.074521 0.130267
v -0.002239 -0.081684 0.133002
v 0.162195 -0.065153 0.075985
v 0.146234 -0.065121 0.091894
v 0.126116 -0.065689 0.101868
v 0.104766 -0.066342 0.109140
v 0.083451 -0.066857 0.116401
v 0.066969 -0.073596 0.121197
v 0.048557 -0.067215 0.126158
v 0.040306 -0.067247 0.128367
v 0.018972 -0.066727 0.130301
v -0.002252 -0.073185 0.132883
v 0.152920 -0.059876 0.085103
v 0.136082 -0.059811 0.097297
v 0.116548 -0.060084 0.104803
v 0.096859 -0.060254 0.111806
v 0.077068 -0.060280 0.118294
v 0.061877 -0.067169 0.122593
v 0.044782 -0.059816 0.127084
v 0.037156 -0.059649 0.129071
v 0.017364 -0.058703 0.130193
v -0.002264 -0.064689 0.132822
v 0.057095 -0.060092 0.123876
v -0.002278 -0.057388 0.132817
v -0.044562 0.018405 0.123973
v 0.028778 0.057826 0.129529
v 0.030340 0.018024 0.126664
v 0.007320 0.033333 0.133087
v 0.004582 0.036070 0.133271
v 0.004363 0.033105 0.133191
v 0.010059 0.036068 0.133271
v 0.007320 0.036100 0.132912
v 0.001077 0.029864 0.132461
v 0.000612 0.032608 0.132937
v 0.007320 0.029216 0.132817
v 0.003847 0.029374 0.132720
v 0.010277 0.033103 0.133191
v 0.013564 0.029859 0.132461
v 0.010794 0.029371 0.132720
v 0.014177 0.036064 0.133277
v 0.000464 0.036070 0.133277
v -0.003673 0.036178 0.132002
v -0.003991 0.031444 0.130280
v -0.002958 0.031734 0.131580
v -0.000764 0.028121 0.131190
v 0.006330 0.034529 0.128493
v 0.007320 0.034920 0.128414
v 0.006314 0.034957 0.128458
v 0.008926 0.032345 0.129628
v 0.007320 0.032360 0.129644
v 0.008798 0.032650 0.129663
v 0.002465 0.024991 0.129847
v -0.001413 0.027568 0.130027
v 0.013191 0.033861 0.129638
v 0.010550 0.033129 0.129671
v 0.011522 0.034566 0.129767
v 0.011778 0.025912 0.131189
v 0.007320 0.025189 0.131265
v 0.002863 0.025916 0.131189
v 0.001450 0.033866 0.129638
v 0.004091 0.033132 0.129671
v 0.002808 0.031857 0.129503
v 0.002753 0.036359 0.129888
v 0.003119 0.034570 0.129767
v 0.018632 0.031434 0.130280
v 0.015405 0.028114 0.131190
v 0.016053 0.027561 0.130027
v 0.007320 0.024026 0.129776
v 0.010095 0.033662 0.128782
v 0.009238 0.032248 0.129525
v 0.008970 0.032995 0.128688
v 0.013702 0.036360 0.129806
v 0.011887 0.036355 0.129888
v 0.018314 0.036168 0.132002
v 0.014029 0.032602 0.132937
v 0.017598 0.031725 0.131580
v 0.012176 0.024986 0.129847
v 0.019596 0.036286 0.130600
v 0.003031 0.026318 0.128952
v 0.007320 0.024303 0.129076
v 0.002580 0.025263 0.129141
v 0.002580 0.025263 0.129141
v 0.011610 0.026315 0.128952
v 0.007320 0.025442 0.128894
v 0.012061 0.025259 0.129141
v 0.007320 0.024303 0.129076
v 0.015865 0.027811 0.129315
v 0.012061 0.025259 0.129141
v 0.015058 0.028640 0.129109
v 0.015865 0.027811 0.129315
v -0.000418 0.028647 0.129109
v -0.001224 0.027819 0.129315
v -0.001224 0.027819 0.129315
v -0.002747 0.032094 0.129340
v -0.004739 0.036358 0.129885
v -0.003623 0.036380 0.129628
v -0.003781 0.031621 0.129568
v -0.004955 0.036297 0.130600
v -0.004739 0.036358 0.129885
v -0.003781 0.031621 0.129568
v 0.018421 0.031611 0.129568
v 0.019380 0.036347 0.129885
v 0.019380 0.036347 0.129885
v 0.017387 0.032085 0.129340
v 0.018263 0.036370 0.129628
v 0.018421 0.031611 0.129568
v 0.007320 0.036501 0.128214
v 0.006123 0.035306 0.128126
v 0.006118 0.036504 0.128191
v 0.008518 0.035305 0.128126
v 0.007320 0.035302 0.128110
v 0.008523 0.036503 0.128191
v 0.009744 0.035232 0.128291
v 0.009521 0.034276 0.128355
v 0.008711 0.034026 0.128264
v 0.005119 0.034278 0.128355
v 0.005671 0.032996 0.128688
v 0.004545 0.033665 0.128782
v 0.008674 0.033311 0.128840
v 0.008538 0.034086 0.128331
v 0.008780 0.033073 0.128740
v 0.004896 0.035234 0.128291
v 0.004800 0.036493 0.128322
v 0.005402 0.032250 0.129525
v 0.004091 0.033132 0.129671
v 0.008492 0.034194 0.128208
v 0.007320 0.034078 0.128241
v 0.007320 0.029987 0.129378
v 0.005538 0.031959 0.129583
v 0.007320 0.031587 0.129557
v 0.009102 0.031957 0.129583
v 0.009822 0.030496 0.129412
v 0.002753 0.036359 0.129888
v 0.003789 0.034912 0.128806
v 0.003119 0.034570 0.129767
v 0.003538 0.036447 0.128859
v 0.011887 0.036355 0.129888
v 0.010852 0.034909 0.128806
v 0.011102 0.036444 0.128859
v 0.011522 0.034566 0.129767
v 0.009841 0.036490 0.128322
v 0.006287 0.035447 0.128401
v 0.007320 0.036482 0.128439
v 0.006274 0.036482 0.128443
v 0.008354 0.035446 0.128401
v 0.008367 0.036481 0.128443
v 0.009381 0.035398 0.128567
v 0.009468 0.036468 0.128590
v 0.008747 0.032786 0.129823
v 0.007320 0.032332 0.130240
v 0.008835 0.032627 0.130258
v 0.005723 0.033000 0.129619
v 0.005805 0.032629 0.130258
v 0.005893 0.032787 0.129823
v 0.004992 0.034095 0.128996
v 0.005920 0.033542 0.128918
v 0.005260 0.035400 0.128567
v 0.005172 0.036470 0.128590
v 0.005458 0.034595 0.128628
v 0.006123 0.034374 0.128552
v 0.007320 0.032429 0.130844
v 0.008828 0.032718 0.130863
v 0.004601 0.033538 0.130918
v 0.004623 0.033661 0.129739
v 0.003506 0.036356 0.129920
v 0.004355 0.035141 0.129016
v 0.004143 0.036430 0.129060
v 0.003812 0.034862 0.129819
v 0.010285 0.035138 0.129016
v 0.011134 0.036353 0.129920
v 0.010498 0.036427 0.129060
v 0.009649 0.034093 0.128996
v 0.010829 0.034859 0.129819
v 0.009182 0.034593 0.128628
v 0.006149 0.034196 0.128208
v 0.005861 0.033075 0.128740
v 0.005768 0.032729 0.129579
v 0.005639 0.032429 0.129543
v 0.007320 0.034078 0.128241
v 0.008358 0.034308 0.128421
v 0.007320 0.034224 0.128364
v 0.005715 0.032346 0.129628
v 0.007320 0.032010 0.129605
v 0.006102 0.034087 0.128331
v 0.005967 0.033312 0.128840
v 0.008310 0.034528 0.128493
v 0.008327 0.034956 0.128458
v 0.008798 0.032650 0.129663
v 0.009001 0.032427 0.129543
v 0.008926 0.032345 0.129628
v 0.011833 0.031852 0.129503
v 0.009238 0.032248 0.129525
v 0.010017 0.033659 0.129739
v 0.010858 0.034746 0.130999
v 0.008721 0.033540 0.128918
v 0.008518 0.034372 0.128552
v 0.010039 0.033535 0.130918
v 0.003475 0.036255 0.131100
v 0.011166 0.036252 0.131100
v 0.007320 0.032429 0.130844
v 0.007320 0.032332 0.130240
v 0.003783 0.034749 0.130999
v 0.004934 0.036259 0.131047
v 0.003783 0.034749 0.130999
v 0.003475 0.036255 0.131100
v 0.010039 0.033535 0.130918
v 0.009518 0.035281 0.130982
v 0.010858 0.034746 0.130999
v 0.005624 0.034477 0.130930
v 0.005813 0.032719 0.130863
v 0.004601 0.033538 0.130918
v 0.007320 0.032429 0.130844
v 0.006390 0.034140 0.130902
v 0.007320 0.033972 0.130891
v 0.008251 0.034140 0.130902
v 0.008828 0.032718 0.130863
v 0.009017 0.034476 0.130930
v 0.005122 0.035283 0.130982
v 0.009706 0.036257 0.131047
v 0.011166 0.036252 0.131100
v 0.006330 0.036263 0.131006
v 0.007320 0.036263 0.130995
v 0.006372 0.035298 0.130950
v 0.008268 0.035297 0.130950
v 0.007320 0.035264 0.130939
v 0.008310 0.036262 0.131006
v 0.015156 0.033030 0.129494
v 0.015837 0.036366 0.129718
v 0.003982 0.028542 0.129192
v 0.001298 0.030355 0.129313
v 0.004819 0.030498 0.129412
v -0.000515 0.033037 0.129494
v 0.000939 0.036366 0.129806
v 0.013343 0.030349 0.129313
v 0.010659 0.028539 0.129192
v 0.007320 0.027860 0.129146
v 0.009238 0.032248 0.129525
v 0.005402 0.032250 0.129525
v 0.005402 0.032250 0.129525
v 0.006183 0.034234 0.128453
v 0.006205 0.034166 0.128300
v 0.006283 0.034309 0.128421
v 0.005843 0.032651 0.129663
v 0.005715 0.032346 0.129628
v 0.008873 0.032727 0.129579
v 0.008458 0.034233 0.128453
v 0.008436 0.034165 0.128300
v 0.007320 0.035436 0.128373
v 0.007320 0.032506 0.129805
v 0.008917 0.032999 0.129619
v 0.006283 0.038634 0.128711
v 0.007320 0.038880 0.128472
v 0.006205 0.038795 0.128611
v 0.007320 0.038805 0.133454
v 0.004363 0.039014 0.133588
v 0.010277 0.039012 0.133588
v 0.001077 0.042340 0.133299
v 0.003847 0.042780 0.133621
v 0.007320 0.042917 0.133737
v 0.010794 0.042777 0.133621
v 0.013564 0.042335 0.133299
v 0.014029 0.039543 0.133403
v 0.000612 0.039549 0.133403
v -0.002958 0.040641 0.132179
v -0.000764 0.044277 0.132275
v -0.003991 0.041147 0.130932
v 0.007320 0.038030 0.128623
v 0.006330 0.038404 0.128753
v 0.006314 0.037986 0.128661
v 0.007320 0.042739 0.130234
v 0.005538 0.040758 0.130175
v 0.004819 0.042230 0.130200
v 0.002465 0.047595 0.131365
v -0.001413 0.045020 0.131199
v 0.013191 0.038860 0.129974
v 0.010550 0.039582 0.130104
v 0.011833 0.040870 0.130109
v 0.011778 0.046450 0.132569
v 0.015405 0.044269 0.132275
v 0.007320 0.047156 0.132740
v 0.002863 0.046454 0.132569
v 0.004091 0.039585 0.130104
v 0.001450 0.038865 0.129974
v 0.002808 0.040874 0.130109
v 0.003119 0.038148 0.130008
v 0.018632 0.041137 0.130932
v 0.017598 0.040632 0.132179
v 0.007320 0.048556 0.131423
v 0.012176 0.047591 0.131365
v 0.007320 0.040350 0.130181
v 0.005715 0.040368 0.130167
v 0.007320 0.040703 0.130189
v 0.011522 0.038144 0.130008
v 0.016053 0.045012 0.131199
v 0.003031 0.046436 0.130304
v 0.007320 0.048402 0.130695
v 0.007320 0.047309 0.130363
v 0.002580 0.047446 0.130632
v 0.007320 0.048402 0.130695
v 0.011610 0.046432 0.130304
v 0.012061 0.047442 0.130632
v 0.015865 0.044886 0.130462
v 0.015058 0.044103 0.130147
v 0.012061 0.047442 0.130632
v 0.015865 0.044886 0.130462
v -0.000418 0.044111 0.130147
v 0.002580 0.047446 0.130632
v -0.001224 0.044893 0.130462
v -0.002747 0.040666 0.129916
v -0.003781 0.041094 0.130205
v -0.003781 0.041094 0.130205
v -0.001224 0.044893 0.130462
v 0.018421 0.041084 0.130205
v 0.017387 0.040657 0.129916
v 0.018421 0.041084 0.130205
v 0.006123 0.037699 0.128287
v 0.008518 0.037698 0.128287
v 0.009744 0.037740 0.128459
v 0.009238 0.040479 0.130078
v 0.010095 0.039207 0.129154
v 0.008970 0.039884 0.129151
v 0.009521 0.038674 0.128650
v 0.005967 0.039548 0.129259
v 0.006102 0.038868 0.128652
v 0.005861 0.039799 0.129192
v 0.008538 0.038867 0.128652
v 0.008674 0.039546 0.129259
v 0.008780 0.039798 0.129192
v 0.004896 0.037742 0.128459
v 0.005119 0.038677 0.128650
v 0.005671 0.039886 0.129151
v 0.005930 0.038939 0.128594
v 0.008358 0.038633 0.128711
v 0.007320 0.038726 0.128666
v 0.008310 0.038403 0.128753
v 0.007320 0.038493 0.128712
v 0.009102 0.040756 0.130175
v 0.009822 0.042228 0.130200
v 0.003119 0.038148 0.130008
v 0.003789 0.037973 0.129012
v 0.004545 0.039210 0.129154
v 0.011522 0.038144 0.130008
v 0.010852 0.037970 0.129012
v 0.006287 0.037512 0.128540
v 0.008354 0.037512 0.128540
v 0.007320 0.037527 0.128513
v 0.009381 0.037529 0.128711
v 0.008492 0.038781 0.128516
v 0.008747 0.039897 0.130301
v 0.007320 0.040276 0.130773
v 0.007320 0.040178 0.130321
v 0.005723 0.039723 0.130070
v 0.005805 0.039981 0.130752
v 0.004623 0.039050 0.130101
v 0.004992 0.038748 0.129308
v 0.005260 0.037531 0.128711
v 0.005458 0.038316 0.128878
v 0.005920 0.039307 0.129305
v 0.006123 0.038547 0.128832
v 0.008835 0.039980 0.130752
v 0.007320 0.040078 0.131358
v 0.004601 0.038972 0.131283
v 0.003812 0.037850 0.130020
v 0.004355 0.037711 0.129188
v 0.010829 0.037847 0.130020
v 0.010285 0.037708 0.129188
v 0.009649 0.038746 0.129308
v 0.009182 0.038314 0.128878
v 0.007320 0.037705 0.128272
v 0.005768 0.039998 0.130068
v 0.005639 0.040301 0.130072
v 0.006149 0.038782 0.128516
v 0.008711 0.038938 0.128594
v 0.005402 0.040480 0.130078
v 0.008926 0.040366 0.130167
v 0.005843 0.040060 0.130161
v 0.009238 0.040479 0.130078
v 0.010039 0.038969 0.131283
v 0.010017 0.039048 0.130101
v 0.008721 0.039306 0.129305
v 0.008518 0.038546 0.128832
v 0.003783 0.037761 0.131201
v 0.010858 0.037758 0.131201
v 0.003783 0.037761 0.131201
v 0.010039 0.038969 0.131283
v 0.009518 0.037233 0.131113
v 0.009017 0.038039 0.131169
v 0.005813 0.039789 0.131337
v 0.005624 0.038041 0.131169
v 0.004601 0.038972 0.131283
v 0.007320 0.040078 0.131358
v 0.006390 0.038378 0.131187
v 0.008251 0.038377 0.131187
v 0.008828 0.039788 0.131337
v 0.005122 0.037235 0.131113
v 0.010858 0.037758 0.131201
v 0.006372 0.037226 0.131079
v 0.008268 0.037225 0.131079
v 0.007320 0.037260 0.131073
v 0.015156 0.039702 0.129942
v 0.003982 0.044200 0.130244
v 0.001298 0.042390 0.130122
v -0.000515 0.039709 0.129942
v -0.001197 0.036373 0.129718
v 0.013343 0.042384 0.130122
v 0.010659 0.044197 0.130244
v 0.007320 0.044880 0.130289
v 0.009238 0.040479 0.130078
v 0.005402 0.040480 0.130078
v 0.009001 0.040299 0.130072
v 0.008798 0.040059 0.130161
v 0.008926 0.040366 0.130167
v 0.006183 0.038702 0.128753
v 0.005402 0.040480 0.130078
v 0.008327 0.037985 0.128661
v 0.008873 0.039997 0.130068
v 0.008436 0.038794 0.128611
v 0.008458 0.038701 0.128753
v 0.005893 0.039898 0.130301
v 0.008917 0.039721 0.130070
v 0.008538 0.034086 0.128331
v 0.006102 0.034087 0.128331
v 0.006205 0.034166 0.128300
v 0.005715 0.032346 0.129628
v 0.005639 0.032429 0.129543
v 0.008926 0.032345 0.129628
v 0.008358 0.034308 0.128421
v 0.006283 0.034309 0.128421
v 0.006183 0.034234 0.128453
v 0.005768 0.032729 0.129579
v 0.005843 0.032651 0.129663
v 0.008873 0.032727 0.129579
v 0.008780 0.033073 0.128740
v 0.008436 0.034165 0.128300
v 0.008458 0.034233 0.128453
v 0.008674 0.033311 0.128840
v 0.007320 0.034224 0.128364
v 0.008358 0.034308 0.128421
v 0.007320 0.034447 0.128440
v 0.006149 0.034196 0.128208
v 0.007320 0.034078 0.128241
v 0.006205 0.034166 0.128300
v 0.005861 0.033075 0.128740
v 0.005930 0.034027 0.128264
v 0.006102 0.034087 0.128331
v 0.006183 0.034234 0.128453
v 0.005639 0.032429 0.129543
v 0.005967 0.033312 0.128840
v 0.005715 0.032346 0.129628
v 0.009001 0.032427 0.129543
v 0.008780 0.033073 0.128740
v 0.008674 0.033311 0.128840
v 0.008873 0.032727 0.129579
v 0.008926 0.032345 0.129628
v 0.007320 0.032506 0.129805
v 0.008798 0.032650 0.129663
v 0.007320 0.032360 0.129644
v 0.008538 0.038867 0.128652
v 0.006102 0.038868 0.128652
v 0.006205 0.038795 0.128611
v 0.005715 0.040368 0.130167
v 0.005639 0.040301 0.130072
v 0.008926 0.040366 0.130167
v 0.008358 0.038633 0.128711
v 0.006283 0.038634 0.128711
v 0.006183 0.038702 0.128753
v 0.005768 0.039998 0.130068
v 0.005843 0.040060 0.130161
v 0.008873 0.039997 0.130068
v 0.008780 0.039798 0.129192
v 0.008492 0.038781 0.128516
v 0.007320 0.038880 0.128472
v 0.008436 0.038794 0.128611
v 0.008458 0.038701 0.128753
v 0.008674 0.039546 0.129259
v 0.007320 0.038726 0.128666
v 0.008358 0.038633 0.128711
v 0.006205 0.038795 0.128611
v 0.007320 0.038880 0.128472
v 0.005861 0.039799 0.129192
v 0.006102 0.038868 0.128652
v 0.006183 0.038702 0.128753
v 0.005639 0.040301 0.130072
v 0.005967 0.039548 0.129259
v 0.007320 0.041128 0.130198
v 0.005715 0.040368 0.130167
v 0.009001 0.040299 0.130072
v 0.008780 0.039798 0.129192
v 0.008674 0.039546 0.129259
v 0.008873 0.039997 0.130068
v 0.008926 0.040366 0.130167
v 0.008798 0.040059 0.130161
v 0.007320 0.040350 0.130181
v 0.013121 0.057560 0.130775
v 0.039309 0.018323 0.125386
v 0.121121 -0.785243 0.010573
v 0.100597 -0.911286 0.074482
v -0.081348 0.060031 0.110561
v 0.043643 0.076011 -0.111117
v -0.161515 0.064629 0.024459
v -0.083077 0.075344 -0.110895
v -0.062184 0.075423 -0.111452
v 0.051354 0.058682 0.122383
v 0.037268 0.058266 0.125489
v 0.101419 0.061598 0.101014
v 0.087618 0.060606 0.108912
v -0.130465 0.063434 0.078505
v 0.165174 0.065555 -0.002127
v 0.163687 0.065181 0.013393
v 0.125112 0.075759 -0.099006
v -0.139222 0.073325 -0.088135
v 0.147854 0.064176 0.057849
v 0.138477 0.063782 0.070793
v 0.159621 0.069915 -0.045524
v 0.163633 0.067523 -0.023726
v -0.068828 0.059396 0.115370
v 0.001275 0.076141 -0.112735
v 0.022587 0.075905 -0.110527
v -0.041182 0.075596 -0.111434
v 0.064508 0.059113 0.118521
v -0.156878 0.064478 0.039494
v 0.105864 0.076141 -0.106577
v -0.122789 0.074609 -0.100869
v 0.114698 0.062452 0.092157
v -0.118418 0.062743 0.088777
v 0.152463 0.072376 -0.066531
v 0.155162 0.064515 0.043738
v -0.055814 0.058933 0.119294
v -0.163362 0.066801 -0.027849
v -0.165464 0.065074 -0.006420
v -0.020107 0.075705 -0.110728
v -0.042588 0.058495 0.122501
v 0.077210 0.059732 0.113880
v -0.150189 0.064325 0.053789
v 0.085454 0.076168 -0.109903
v -0.103472 0.075145 -0.107902
v -0.105343 0.061905 0.097670
v 0.012883 0.057731 0.128701
v -0.002469 0.057647 0.128691
v 0.001275 0.076141 -0.112735
v 0.001250 0.076020 -0.110053
v 0.127174 0.063194 0.082142
v 0.141017 0.074467 -0.085291
v -0.158690 0.069001 -0.049327
v 0.160368 0.064817 0.028781
v -0.029730 0.058149 0.124927
v 0.028258 0.057992 0.127477
v -0.164205 0.064825 0.009037
v -0.091659 0.060939 0.105480
v 0.064597 0.076052 -0.110835
v -0.002469 0.057647 0.128691
v -0.017740 0.057813 0.127191
v -0.141276 0.063983 0.066909
v 0.023839 0.057919 0.127828
v -0.150925 0.071260 -0.069992
v 0.165174 0.065555 -0.002127
v -0.103472 0.075145 -0.107902
v -0.120881 0.065879 -0.098902
v -0.101864 0.066405 -0.105739
v 0.127174 0.063194 0.082142
v 0.136321 0.055177 0.069931
v 0.125194 0.054596 0.081104
v -0.083077 0.075344 -0.110895
v -0.081787 0.066597 -0.108665
v 0.138477 0.063782 0.070793
v 0.145553 0.055569 0.057189
v -0.062184 0.075423 -0.111452
v -0.061218 0.066670 -0.109254
v 0.147854 0.064176 0.057849
v 0.152747 0.055905 0.043298
v -0.041182 0.075596 -0.111434
v -0.040543 0.066835 -0.109287
v 0.155162 0.064515 0.043738
v 0.157871 0.056206 0.028573
v -0.020107 0.075705 -0.110728
v -0.019796 0.066938 -0.108675
v 0.160368 0.064817 0.028781
v 0.161139 0.056567 0.013423
v 0.001250 0.076020 -0.110053
v 0.001229 0.067246 -0.108065
v 0.163687 0.065181 0.013393
v 0.162603 0.056938 -0.001856
v -0.029730 0.058149 0.124927
v -0.041927 0.049960 0.120835
v -0.042588 0.058495 0.122501
v -0.164205 0.064825 0.009037
v -0.162892 0.056465 -0.006081
v -0.165464 0.065074 -0.006420
v 0.165174 0.065555 -0.002127
v 0.161086 0.058882 -0.023121
v 0.028258 0.057992 0.127477
v 0.036686 0.049735 0.123777
v 0.027817 0.049464 0.125733
v -0.161515 0.064629 0.024459
v -0.161653 0.056216 0.009135
v 0.163633 0.067523 -0.023726
v 0.157136 0.061243 -0.044582
v 0.012883 0.057731 0.128701
v 0.023466 0.049392 0.126080
v 0.012681 0.049206 0.126938
v -0.156878 0.064478 0.039494
v -0.159005 0.056020 0.024318
v 0.159621 0.069915 -0.045524
v 0.150089 0.063673 -0.065265
v -0.150189 0.064325 0.053789
v -0.154440 0.055869 0.039120
v 0.152463 0.072376 -0.066531
v 0.138822 0.065738 -0.083650
v -0.141276 0.063983 0.066909
v -0.147854 0.055716 0.053192
v 0.141017 0.074467 -0.085291
v 0.123164 0.067012 -0.097065
v -0.130465 0.063434 0.078505
v -0.139080 0.055376 0.066108
v 0.105864 0.076141 -0.106577
v 0.125112 0.075759 -0.099006
v -0.118418 0.062743 0.088777
v -0.128437 0.054834 0.077524
v 0.085454 0.076168 -0.109903
v 0.104215 0.067387 -0.104420
v -0.105343 0.061905 0.097670
v -0.116578 0.054150 0.087636
v 0.064597 0.076052 -0.110835
v 0.084123 0.067410 -0.107669
v -0.091659 0.060939 0.105480
v -0.103706 0.053323 0.096390
v 0.043643 0.076011 -0.111117
v 0.063591 0.067291 -0.108628
v -0.081348 0.060031 0.110561
v -0.090235 0.052371 0.104079
v 0.022587 0.075905 -0.110527
v 0.042962 0.067245 -0.108958
v -0.068828 0.059396 0.115370
v -0.080084 0.051475 0.109081
v 0.022234 0.067135 -0.108466
v -0.055814 0.058933 0.119294
v -0.067759 0.050849 0.113815
v -0.002469 0.057647 0.128691
v -0.002433 0.049124 0.126929
v -0.054947 0.050392 0.117678
v 0.023839 0.057919 0.127828
v -0.017740 0.057813 0.127191
v -0.029270 0.049619 0.123224
v 0.037268 0.058266 0.125489
v 0.050553 0.050145 0.120719
v -0.017466 0.049288 0.125452
v 0.051354 0.058682 0.122383
v 0.063503 0.050570 0.116917
v -0.160823 0.058170 -0.027177
v -0.163362 0.066801 -0.027849
v 0.064508 0.059113 0.118521
v 0.076007 0.051181 0.112348
v -0.156223 0.060343 -0.048321
v -0.158690 0.069001 -0.049327
v 0.077210 0.059732 0.113880
v 0.086253 0.052043 0.107458
v -0.148579 0.062573 -0.068667
v -0.150925 0.071260 -0.069992
v 0.087618 0.060606 0.108912
v 0.099839 0.053021 0.099682
v -0.137059 0.064612 -0.086448
v -0.139222 0.073325 -0.088135
v 0.101419 0.061598 0.101014
v 0.112912 0.053863 0.090964
v -0.122789 0.074609 -0.100869
v 0.114698 0.062452 0.092157
v -0.000123 0.058911 0.015707
v 0.094981 -0.959342 0.010794
v 0.096830 -0.936752 0.043467
v 0.094727 -0.936534 0.045924
v 0.223679 -0.935625 0.043655
v 0.217723 -0.910258 0.073563
v 0.221122 -0.936297 0.041031
v 0.109882 -0.976380 -0.101465
v 0.130082 -0.976291 -0.118435
v 0.111644 -0.975685 -0.098454
v 0.223054 -0.973544 -0.057297
v 0.215744 -0.973181 -0.083422
v 0.218131 -0.973782 -0.085841
v 0.132197 -0.895198 0.089011
v 0.178925 -0.896540 0.086042
v 0.180034 -0.895201 0.090517
v 0.096490 -0.974259 -0.046886
v 0.102386 -0.974830 -0.073258
v 0.098730 -0.973577 -0.045892
v 0.205148 -0.975349 -0.111358
v 0.181886 -0.975580 -0.124670
v 0.182924 -0.976227 -0.128689
v 0.102589 -0.912972 0.071990
v 0.100953 -0.912409 0.075613
v 0.113429 -0.906106 0.076597
v 0.112226 -0.905344 0.080439
v 0.223220 -0.956920 0.006854
v 0.220729 -0.956842 0.005707
v 0.094767 -0.970506 -0.017617
v 0.097192 -0.959014 0.009615
v 0.094981 -0.959342 0.010794
v 0.129055 -0.976984 -0.122219
v 0.155184 -0.976496 -0.129233
v 0.226982 -0.972751 -0.028678
v 0.220501 -0.972903 -0.055959
v 0.219972 -0.908905 0.077553
v 0.100255 -0.975518 -0.075291
v 0.226982 -0.972751 -0.028678
v 0.224371 -0.972105 -0.028460
v 0.203258 -0.974715 -0.107985
v 0.132645 -0.896253 0.084738
v 0.097036 -0.969889 -0.017726
v 0.155158 -0.977176 -0.133431
v 0.224371 -0.972105 -0.028460
v 0.211092 -0.958218 -0.051499
v 0.220501 -0.972903 -0.055959
v 0.220729 -0.956842 0.005707
v 0.212087 -0.925153 0.030631
v 0.212111 -0.943766 0.000692
v 0.098730 -0.973577 -0.045892
v 0.110512 -0.960078 -0.065905
v 0.107101 -0.958779 -0.042366
v 0.206584 -0.958764 -0.074624
v 0.215744 -0.973181 -0.083422
v 0.221122 -0.936297 0.041031
v 0.208557 -0.901768 0.058052
v 0.097036 -0.969889 -0.017726
v 0.105215 -0.954289 -0.018249
v 0.196007 -0.960143 -0.095545
v 0.203258 -0.974715 -0.107985
v 0.178925 -0.896540 0.086042
v 0.217723 -0.910258 0.073563
v 0.097192 -0.959014 0.009615
v 0.104730 -0.943558 0.005043
v 0.177904 -0.960926 -0.109760
v 0.181886 -0.975580 -0.124670
v 0.132645 -0.896253 0.084738
v 0.173982 -0.889074 0.068786
v 0.155285 -0.961708 -0.113648
v 0.155184 -0.976496 -0.129233
v 0.117423 -0.896687 0.061667
v 0.133955 -0.888376 0.068293
v 0.130082 -0.976291 -0.118435
v 0.134022 -0.961481 -0.104439
v 0.096830 -0.936752 0.043467
v 0.108094 -0.902452 0.057842
v 0.102589 -0.912972 0.071990
v 0.113429 -0.906106 0.076597
v 0.111644 -0.975685 -0.098454
v 0.118403 -0.960900 -0.087414
v 0.103704 -0.923493 0.033786
v 0.215080 -0.957268 -0.028361
v 0.102386 -0.974830 -0.073258
v -0.092013 -0.966376 -0.013538
v -0.093556 -0.953299 0.012627
v -0.094188 -0.965986 -0.013922
v -0.127744 -0.975281 -0.119767
v -0.153854 -0.973405 -0.127393
v -0.153674 -0.973867 -0.130928
v -0.101937 -0.905830 0.076742
v -0.140056 -0.897081 0.086408
v -0.103386 -0.906512 0.073254
v -0.226323 -0.960674 0.004483
v -0.231525 -0.972108 -0.030853
v -0.224107 -0.960521 0.003364
v -0.098733 -0.975329 -0.071882
v -0.110820 -0.975869 -0.096440
v -0.109106 -0.976452 -0.098899
v -0.091403 -0.953372 0.013931
v -0.094694 -0.929681 0.044915
v -0.093556 -0.953299 0.012627
v -0.219528 -0.975003 -0.086863
v -0.202595 -0.973594 -0.108190
v -0.217442 -0.974465 -0.084812
v -0.226611 -0.939248 0.040283
v -0.220630 -0.914370 0.070251
v -0.222444 -0.913153 0.073863
v -0.096381 -0.972836 -0.041949
v -0.094247 -0.973388 -0.042552
v -0.181606 -0.974340 -0.127831
v -0.180825 -0.973860 -0.124402
v -0.139759 -0.896086 0.090517
v -0.186673 -0.898567 0.086716
v -0.128817 -0.974758 -0.116606
v -0.092725 -0.929279 0.047302
v -0.229155 -0.974352 -0.059418
v -0.226775 -0.973795 -0.058317
v -0.224408 -0.939797 0.037867
v -0.100752 -0.974735 -0.070286
v -0.204152 -0.974081 -0.111056
v -0.187634 -0.897313 0.090926
v -0.233985 -0.972640 -0.030954
v -0.231525 -0.972108 -0.030853
v -0.231525 -0.972108 -0.030853
v -0.217107 -0.959230 -0.054335
v -0.221849 -0.957504 -0.031174
v -0.140056 -0.897081 0.086408
v -0.181769 -0.891008 0.068694
v -0.140929 -0.889117 0.068946
v -0.096381 -0.972836 -0.041949
v -0.109072 -0.960100 -0.063820
v -0.100752 -0.974735 -0.070286
v -0.226775 -0.973795 -0.058317
v -0.208596 -0.960098 -0.076614
v -0.103386 -0.906512 0.073254
v -0.109153 -0.897073 0.058348
v -0.094188 -0.965986 -0.013922
v -0.105080 -0.958265 -0.039595
v -0.217442 -0.974465 -0.084812
v -0.195993 -0.959418 -0.096550
v -0.094694 -0.929681 0.044915
v -0.102076 -0.917730 0.034533
v -0.093556 -0.953299 0.012627
v -0.102692 -0.950909 -0.015576
v -0.202595 -0.973594 -0.108190
v -0.177513 -0.959690 -0.110387
v -0.101661 -0.938900 0.007045
v -0.224107 -0.960521 0.003364
v -0.215819 -0.947161 -0.002059
v -0.180825 -0.973860 -0.124402
v -0.154618 -0.959293 -0.112938
v -0.215968 -0.928763 0.027246
v -0.224408 -0.939797 0.037867
v -0.128817 -0.974758 -0.116606
v -0.153854 -0.973405 -0.127393
v -0.212480 -0.905795 0.054673
v -0.220630 -0.914370 0.070251
v -0.110820 -0.975869 -0.096440
v -0.133365 -0.960415 -0.103734
v -0.186673 -0.898567 0.086716
v -0.118007 -0.961276 -0.086447
v -0.158864 -0.942799 -0.026171
v 0.155915 -0.941026 -0.021369
v 0.172314 0.013879 -0.008004
v 0.176195 0.015644 -0.004713
v 0.172372 0.013608 -0.004662
v 0.176353 0.015754 -0.007968
v 0.177375 0.019364 -0.004548
v 0.177417 0.019503 -0.007833
v 0.177286 0.023396 -0.004405
v 0.177190 0.023556 -0.007692
v 0.177033 0.027433 -0.004249
v 0.176869 0.027597 -0.007534
v 0.176748 0.031467 -0.004081
v 0.176520 0.031636 -0.007362
v 0.176438 0.035504 -0.003905
v 0.176164 0.035674 -0.007183
v 0.176101 0.039540 -0.003725
v 0.175795 0.039711 -0.006999
v 0.175739 0.043577 -0.003537
v 0.175424 0.043748 -0.006811
v 0.175349 0.047619 -0.003354
v 0.175047 0.047784 -0.006631
v 0.174938 0.051658 -0.003177
v 0.174669 0.051820 -0.006454
v 0.174492 0.055694 -0.002999
v 0.174277 0.055855 -0.006281
v 0.173978 0.059720 -0.002832
v 0.173838 0.059887 -0.006118
v 0.173048 0.063643 -0.002653
v 0.173078 0.063857 -0.005945
v 0.169828 0.065942 -0.002561
v 0.166550 0.065277 -0.005753
v 0.166553 0.065198 -0.002421
v 0.176258 0.015917 -0.011238
v 0.177394 0.019657 -0.011115
v 0.177106 0.023714 -0.010976
v 0.176726 0.027761 -0.010818
v 0.176330 0.031805 -0.010645
v 0.175938 0.035846 -0.010465
v 0.175550 0.039884 -0.010280
v 0.175172 0.043921 -0.010093
v 0.174801 0.047954 -0.009914
v 0.174439 0.051985 -0.009738
v 0.174077 0.056016 -0.009566
v 0.173681 0.060044 -0.009406
v 0.172993 0.064034 -0.009247
v 0.169758 0.066046 -0.005808
v 0.169697 0.066271 -0.009054
v 0.172354 0.014074 -0.011376
v 0.176207 0.016108 -0.014495
v 0.177368 0.019805 -0.014395
v 0.177028 0.023870 -0.014260
v 0.176604 0.027927 -0.014102
v 0.176174 0.031979 -0.013929
v 0.175754 0.036021 -0.013748
v 0.175352 0.040062 -0.013563
v 0.174965 0.044095 -0.013378
v 0.174595 0.048126 -0.013201
v 0.174239 0.052156 -0.013026
v 0.173885 0.056178 -0.012855
v 0.173492 0.060194 -0.012697
v 0.172758 0.064136 -0.012540
v 0.169605 0.066511 -0.012303
v 0.166453 0.065512 -0.009082
v -0.011762 0.024346 -0.121888
v -0.008761 0.026450 -0.125681
v -0.008542 0.024164 -0.121854
v -0.011936 0.026598 -0.125254
v -0.008755 0.030400 -0.125957
v -0.012158 0.034378 -0.125410
v -0.008877 0.034498 -0.125146
v -0.012306 0.038426 -0.124605
v -0.009024 0.038550 -0.124268
v -0.012453 0.042463 -0.123773
v -0.009171 0.042589 -0.123392
v -0.012612 0.046492 -0.122963
v -0.009332 0.046625 -0.122556
v -0.012774 0.050519 -0.122196
v -0.009493 0.050650 -0.121784
v -0.012926 0.054543 -0.121483
v -0.009645 0.054672 -0.121085
v -0.013082 0.058562 -0.120842
v -0.009798 0.058694 -0.120473
v -0.013236 0.062574 -0.120275
v -0.009950 0.062706 -0.119953
v -0.013383 0.066581 -0.119776
v -0.010097 0.066710 -0.119508
v -0.013520 0.070582 -0.119291
v -0.010233 0.070701 -0.119082
v -0.013622 0.074487 -0.118387
v -0.010324 0.074541 -0.118144
v -0.013527 0.076575 -0.115019
v -0.010261 0.076680 -0.114871
v -0.013282 0.075447 -0.111773
v -0.010032 0.075554 -0.111620
v -0.015041 0.024442 -0.121797
v -0.015195 0.026573 -0.125298
v -0.012035 0.030335 -0.126076
v -0.015446 0.034253 -0.125723
v -0.015591 0.038297 -0.124982
v -0.015738 0.042333 -0.124199
v -0.015891 0.046361 -0.123416
v -0.016052 0.050389 -0.122661
v -0.016209 0.054411 -0.121937
v -0.016366 0.058427 -0.121264
v -0.016521 0.062439 -0.120644
v -0.016666 0.066447 -0.120067
v -0.016799 0.070446 -0.119486
v -0.016904 0.074338 -0.118499
v -0.016780 0.076521 -0.115206
v -0.016569 0.075421 -0.111936
v -0.018254 0.024499 -0.121692
v -0.018423 0.026391 -0.125631
v -0.015316 0.030215 -0.126308
v -0.018729 0.034121 -0.126073
v -0.018874 0.038163 -0.125399
v -0.019020 0.042203 -0.124668
v -0.019171 0.046228 -0.123917
v -0.019332 0.050253 -0.123173
v -0.019489 0.054273 -0.122441
v -0.019649 0.058287 -0.121736
v -0.019804 0.062302 -0.121061
v -0.019949 0.066310 -0.120411
v -0.020078 0.070303 -0.119743
v -0.020178 0.074185 -0.118684
v -0.020028 0.076382 -0.115365
v -0.019838 0.075426 -0.112100
v 0.011817 0.026553 -0.125702
v 0.014801 0.024474 -0.121890
v 0.011579 0.024262 -0.121880
v 0.011772 0.030512 -0.125896
v 0.014987 0.026727 -0.125270
v 0.015115 0.034535 -0.125276
v 0.015052 0.030490 -0.125991
v 0.011835 0.034603 -0.124982
v 0.015208 0.038581 -0.124432
v 0.011929 0.038654 -0.124017
v 0.015304 0.042616 -0.123565
v 0.012029 0.042690 -0.123066
v 0.015411 0.046647 -0.122718
v 0.012140 0.046727 -0.122172
v 0.015525 0.050677 -0.121919
v 0.012255 0.050757 -0.121362
v 0.015636 0.054701 -0.121186
v 0.012362 0.054784 -0.120645
v 0.015744 0.058721 -0.120529
v 0.012466 0.058809 -0.120032
v 0.015853 0.062736 -0.119961
v 0.012570 0.062829 -0.119530
v 0.015961 0.066744 -0.119471
v 0.012674 0.066841 -0.119129
v 0.016062 0.070744 -0.119010
v 0.012775 0.070846 -0.118766
v 0.016146 0.074648 -0.118125
v 0.012864 0.074745 -0.117986
v 0.016019 0.076807 -0.114777
v 0.012755 0.076883 -0.114694
v 0.015794 0.075602 -0.111691
v 0.018077 0.024615 -0.121785
v 0.018242 0.026744 -0.125285
v 0.018401 0.034462 -0.125639
v 0.018333 0.030418 -0.126201
v 0.018488 0.038506 -0.124914
v 0.018579 0.042542 -0.124132
v 0.018678 0.046571 -0.123341
v 0.018791 0.050597 -0.122563
v 0.018906 0.054616 -0.121817
v 0.019021 0.058633 -0.121117
v 0.019133 0.062644 -0.120478
v 0.019246 0.066649 -0.119887
v 0.019348 0.070640 -0.119278
v 0.019418 0.074506 -0.118236
v 0.019269 0.076683 -0.114892
v 0.019071 0.075595 -0.111796
v 0.021291 0.024709 -0.121649
v 0.021476 0.026599 -0.125571
v 0.021683 0.034378 -0.126072
v 0.021620 0.030324 -0.126481
v 0.021767 0.038426 -0.125451
v 0.021851 0.042469 -0.124768
v 0.021943 0.046494 -0.124043
v 0.022053 0.050514 -0.123300
v 0.022171 0.054532 -0.122551
v 0.022290 0.058546 -0.121808
v 0.022409 0.062553 -0.121096
v 0.022528 0.066557 -0.120407
v 0.022630 0.070545 -0.119675
v 0.022693 0.074405 -0.118472
v 0.022514 0.076551 -0.115043
v 0.022343 0.075623 -0.111899
v -0.176096 0.014850 -0.008760
v -0.172117 0.013044 -0.011902
v -0.172309 0.012908 -0.008604
v -0.177325 0.018531 -0.008670
v -0.176100 0.014913 -0.012033
v -0.177186 0.022564 -0.008588
v -0.177312 0.018631 -0.011973
v -0.176920 0.026597 -0.008490
v -0.177117 0.022677 -0.011887
v -0.176618 0.030629 -0.008379
v -0.176805 0.026721 -0.011789
v -0.176301 0.034659 -0.008258
v -0.176472 0.030759 -0.011676
v -0.175973 0.038690 -0.008128
v -0.176132 0.034796 -0.011555
v -0.175638 0.042718 -0.007993
v -0.175789 0.038832 -0.011426
v -0.175296 0.046743 -0.007850
v -0.175445 0.042864 -0.011290
v -0.174940 0.050765 -0.007697
v -0.175100 0.046896 -0.011147
v -0.174561 0.054784 -0.007535
v -0.174752 0.050924 -0.010994
v -0.174111 0.058793 -0.007362
v -0.174390 0.054949 -0.010834
v -0.173297 0.062724 -0.007171
v -0.173974 0.058969 -0.010663
v -0.170265 0.065188 -0.006967
v -0.173259 0.062947 -0.010470
v -0.166788 0.064786 -0.010077
v -0.170100 0.065351 -0.010227
v -0.172053 0.013199 -0.015275
v -0.175962 0.015018 -0.015277
v -0.177212 0.018730 -0.015261
v -0.176994 0.022790 -0.015181
v -0.176664 0.026843 -0.015082
v -0.176316 0.030888 -0.014971
v -0.175963 0.034932 -0.014849
v -0.175610 0.038971 -0.014722
v -0.175258 0.043011 -0.014586
v -0.174910 0.047048 -0.014443
v -0.174563 0.051082 -0.014292
v -0.174204 0.055114 -0.014131
v -0.173790 0.059136 -0.013960
v -0.173014 0.063090 -0.013761
v -0.166634 0.065002 -0.013388
v -0.169945 0.065591 -0.013498
v -0.175853 0.015122 -0.018542
v -0.171837 0.013300 -0.018608
v -0.177037 0.018836 -0.018552
v -0.176821 0.022903 -0.018472
v -0.176499 0.026961 -0.018374
v -0.176151 0.031017 -0.018265
v -0.175794 0.035065 -0.018143
v -0.175435 0.039112 -0.018016
v -0.175078 0.043157 -0.017881
v -0.174726 0.047199 -0.017738
v -0.174376 0.051239 -0.017586
v -0.174015 0.055276 -0.017427
v -0.173604 0.059309 -0.017256
v -0.172886 0.063302 -0.017050
v -0.169785 0.065806 -0.016761
v -0.083464 0.007327 0.115238
v -0.087542 0.009770 0.117875
v -0.086476 0.007508 0.114052
v -0.084499 0.013178 0.120152
v -0.087546 0.013572 0.119017
v -0.087062 0.017621 0.119159
v -0.084007 0.017215 0.120258
v -0.086542 0.021666 0.119241
v -0.083471 0.021245 0.120290
v -0.086004 0.025701 0.119309
v -0.082917 0.025272 0.120310
v -0.085457 0.029729 0.119365
v -0.082357 0.029294 0.120330
v -0.084899 0.033750 0.119412
v -0.081792 0.033312 0.120349
v -0.084338 0.037766 0.119442
v -0.081226 0.037327 0.120367
v -0.083777 0.041775 0.119451
v -0.080663 0.041343 0.120379
v -0.083219 0.045781 0.119439
v -0.080109 0.045356 0.120389
v -0.082662 0.049779 0.119393
v -0.079562 0.049365 0.120382
v -0.082098 0.053765 0.119274
v -0.079014 0.053375 0.120320
v -0.081400 0.057660 0.118681
v -0.078373 0.057329 0.119912
v -0.079963 0.060025 0.115833
v -0.075875 0.059044 0.114056
v -0.078884 0.059378 0.112785
v -0.080373 0.007107 0.116393
v -0.084551 0.009420 0.118997
v -0.081497 0.009066 0.120083
v -0.081460 0.012795 0.121292
v -0.080949 0.016807 0.121367
v -0.080403 0.020826 0.121358
v -0.079840 0.024845 0.121344
v -0.079270 0.028860 0.121338
v -0.078699 0.032876 0.121340
v -0.078132 0.036892 0.121349
v -0.077569 0.040912 0.121362
v -0.077016 0.044932 0.121380
v -0.076474 0.048955 0.121391
v -0.075936 0.052982 0.121363
v -0.075325 0.056998 0.121090
v -0.076969 0.059710 0.117065
v -0.072805 0.058852 0.115262
v -0.078450 0.008745 0.121182
v -0.078419 0.012394 0.122459
v -0.077338 0.020407 0.122448
v -0.076771 0.024414 0.122410
v -0.076194 0.028424 0.122386
v -0.075052 0.036456 0.122375
v -0.074490 0.040480 0.122386
v -0.073936 0.044509 0.122405
v -0.072860 0.052583 0.122399
v -0.072240 0.056577 0.122103
v -0.073989 0.059569 0.118353
v -0.070990 0.059379 0.119565
v 0.082329 0.009304 0.119522
v 0.078216 0.007059 0.116671
v 0.081236 0.007236 0.115555
v 0.079327 0.012733 0.121805
v 0.079276 0.009025 0.120475
v 0.082005 0.017125 0.120948
v 0.082399 0.013063 0.120734
v 0.078517 0.020803 0.122199
v 0.078940 0.016766 0.122038
v 0.081587 0.021173 0.121125
v 0.078077 0.024840 0.122341
v 0.081151 0.025218 0.121279
v 0.077629 0.028874 0.122477
v 0.080706 0.029256 0.121423
v 0.077172 0.032904 0.122613
v 0.080249 0.033294 0.121564
v 0.076708 0.036933 0.122749
v 0.079785 0.037325 0.121702
v 0.076241 0.040961 0.122881
v 0.079317 0.041354 0.121831
v 0.075771 0.044986 0.123009
v 0.078844 0.045380 0.121950
v 0.075298 0.049008 0.123127
v 0.077865 0.053429 0.122124
v 0.078368 0.049407 0.122054
v 0.077270 0.057407 0.121900
v 0.074806 0.053028 0.123214
v 0.075880 0.059823 0.119178
v 0.074217 0.057030 0.123017
v 0.071633 0.058836 0.117324
v 0.072903 0.059758 0.120471
v 0.075088 0.006866 0.117758
v 0.076203 0.008723 0.121501
v 0.076276 0.012383 0.122930
v 0.075449 0.020433 0.123289
v 0.075875 0.016403 0.123147
v 0.075006 0.024463 0.123419
v 0.074555 0.028490 0.123545
v 0.074098 0.032515 0.123677
v 0.073636 0.036541 0.123815
v 0.073172 0.040567 0.123954
v 0.072705 0.044589 0.124093
v 0.072240 0.048611 0.124231
v 0.071190 0.056640 0.124125
v 0.071759 0.052634 0.124338
v 0.069886 0.059428 0.121629
v 0.073167 0.008405 0.122605
v 0.071949 0.006622 0.118642
v 0.072814 0.016034 0.124259
v 0.073230 0.012004 0.124074
v 0.072381 0.020061 0.124386
v 0.071937 0.024083 0.124506
v 0.071485 0.028105 0.124626
v 0.071029 0.032125 0.124758
v 0.070569 0.036146 0.124899
v 0.070108 0.040168 0.125049
v 0.069647 0.044191 0.125204
v 0.069190 0.048215 0.125363
v 0.068185 0.056265 0.125360
v 0.068725 0.052246 0.125503
v 0.066849 0.058823 0.122694
v 0.068531 0.058619 0.118427
v 0.173928 0.017617 -0.004696
v 0.170988 0.016576 -0.007897
v 0.171017 0.016290 -0.004565
v 0.174467 0.019912 -0.007819
v 0.174069 0.017706 -0.007908
v 0.174428 0.019794 -0.004575
v 0.174227 0.023414 -0.007631
v 0.174321 0.023284 -0.004345
v 0.173911 0.027401 -0.007413
v 0.174074 0.027258 -0.004116
v 0.173567 0.031426 -0.007194
v 0.173794 0.031273 -0.003894
v 0.173213 0.035454 -0.006978
v 0.173155 0.039317 -0.003471
v 0.173488 0.035294 -0.003676
v 0.172794 0.043343 -0.003275
v 0.172847 0.039484 -0.006772
v 0.172405 0.047376 -0.003104
v 0.172477 0.043516 -0.006578
v 0.171992 0.051404 -0.002957
v 0.172100 0.047550 -0.006405
v 0.171546 0.055414 -0.002830
v 0.171721 0.051581 -0.006251
v 0.171049 0.059285 -0.002756
v 0.171329 0.055594 -0.006117
v 0.170592 0.062020 -0.002691
v 0.170904 0.059486 -0.006026
v 0.169334 0.063021 -0.002633
v 0.170612 0.062249 -0.005967
v 0.167281 0.062384 -0.005866
v 0.169263 0.063127 -0.005918
v 0.171051 0.016782 -0.011250
v 0.173999 0.017897 -0.011132
v 0.174147 0.023524 -0.010920
v 0.174442 0.020042 -0.011063
v 0.173771 0.027529 -0.010719
v 0.173378 0.031567 -0.010510
v 0.172987 0.035608 -0.010302
v 0.172599 0.039650 -0.010101
v 0.172221 0.043692 -0.009908
v 0.171849 0.047731 -0.009731
v 0.171487 0.051765 -0.009565
v 0.171126 0.055782 -0.009410
v 0.170743 0.059681 -0.009271
v 0.170508 0.062456 -0.009209
v 0.169173 0.063360 -0.009200
v 0.173956 0.018098 -0.014388
v 0.170866 0.016906 -0.014593
v 0.174415 0.020191 -0.014348
v 0.173651 0.027680 -0.014014
v 0.174070 0.023662 -0.014209
v 0.173221 0.031729 -0.013810
v 0.172803 0.035777 -0.013606
v 0.172400 0.039825 -0.013407
v 0.172013 0.043867 -0.013214
v 0.171642 0.047907 -0.013037
v 0.171286 0.051943 -0.012866
v 0.170932 0.055953 -0.012701
v 0.170556 0.059837 -0.012539
v 0.170261 0.062579 -0.012459
v 0.167160 0.062620 -0.009298
v 0.169064 0.063604 -0.012451
v -0.008476 0.028290 -0.123017
v -0.011564 0.026951 -0.119996
v -0.008270 0.026769 -0.119970
v -0.008637 0.030780 -0.122891
v -0.011756 0.028521 -0.122643
v -0.008937 0.034361 -0.122137
v -0.011987 0.030798 -0.123012
v -0.009141 0.038357 -0.121271
v -0.012229 0.034267 -0.122399
v -0.012597 0.042264 -0.120779
v -0.012424 0.038247 -0.121607
v -0.009314 0.042382 -0.120397
v -0.012766 0.046291 -0.119966
v -0.009485 0.046423 -0.119559
v -0.012922 0.050322 -0.119196
v -0.009639 0.050458 -0.118781
v -0.013053 0.054353 -0.118476
v -0.009769 0.054495 -0.118073
v -0.013170 0.058380 -0.117826
v -0.009886 0.058530 -0.117452
v -0.013272 0.062391 -0.117252
v -0.009990 0.062548 -0.116924
v -0.013353 0.066370 -0.116748
v -0.010082 0.066527 -0.116475
v -0.013425 0.070154 -0.116289
v -0.010179 0.070290 -0.116076
v -0.013487 0.072810 -0.115901
v -0.010239 0.072862 -0.115660
v -0.013453 0.073627 -0.114665
v -0.010186 0.073730 -0.114532
v -0.013275 0.072639 -0.112773
v -0.014983 0.027092 -0.119978
v -0.015194 0.028584 -0.122758
v -0.015383 0.030781 -0.123257
v -0.015714 0.038148 -0.121981
v -0.015535 0.034184 -0.122709
v -0.015887 0.042149 -0.121204
v -0.016051 0.046162 -0.120422
v -0.016206 0.050181 -0.119665
v -0.016339 0.054195 -0.118937
v -0.016456 0.058206 -0.118257
v -0.016552 0.062206 -0.117630
v -0.016623 0.066176 -0.117049
v -0.016668 0.069968 -0.116493
v -0.016712 0.072654 -0.116018
v -0.016692 0.073579 -0.114810
v -0.016593 0.072599 -0.112895
v -0.018255 0.027191 -0.119953
v -0.018495 0.028426 -0.123117
v -0.018825 0.034068 -0.123059
v -0.018713 0.030648 -0.123582
v -0.019000 0.038029 -0.122398
v -0.019172 0.042028 -0.121674
v -0.019334 0.046030 -0.120925
v -0.019488 0.050039 -0.120181
v -0.019622 0.054045 -0.119446
v -0.019740 0.058045 -0.118735
v -0.019836 0.062041 -0.118054
v -0.019907 0.066006 -0.117401
v -0.019953 0.069793 -0.116761
v -0.019980 0.072503 -0.116204
v -0.019927 0.073442 -0.114956
v -0.019857 0.072592 -0.113022
v 0.014564 0.027078 -0.120006
v 0.011497 0.028363 -0.123025
v 0.011274 0.026864 -0.120001
v 0.014766 0.028619 -0.122645
v 0.011638 0.030825 -0.122835
v 0.014988 0.030897 -0.122931
v 0.011916 0.034412 -0.121991
v 0.015216 0.034391 -0.122278
v 0.012109 0.038413 -0.121042
v 0.015559 0.042387 -0.120596
v 0.012270 0.042442 -0.120099
v 0.015697 0.046417 -0.119753
v 0.012411 0.046490 -0.119204
v 0.015813 0.050456 -0.118950
v 0.012525 0.050542 -0.118388
v 0.015899 0.054494 -0.118209
v 0.012606 0.054593 -0.117660
v 0.015958 0.058529 -0.117539
v 0.012663 0.058642 -0.117034
v 0.015996 0.062552 -0.116957
v 0.012698 0.062680 -0.116518
v 0.016011 0.066541 -0.116456
v 0.012719 0.066680 -0.116106
v 0.015996 0.070332 -0.116013
v 0.012724 0.070481 -0.115759
v 0.015983 0.072985 -0.115630
v 0.012730 0.073102 -0.115477
v 0.015937 0.073855 -0.114461
v 0.012687 0.073929 -0.114389
v 0.015822 0.072827 -0.112780
v 0.012553 0.072887 -0.112701
v 0.017970 0.027265 -0.119972
v 0.018190 0.028726 -0.122728
v 0.018381 0.030959 -0.123153
v 0.018537 0.034406 -0.122631
v 0.015403 0.038371 -0.121454
v 0.018862 0.042353 -0.121162
v 0.018998 0.046358 -0.120380
v 0.019119 0.050368 -0.119605
v 0.019213 0.054377 -0.118855
v 0.019277 0.058388 -0.118145
v 0.019315 0.062391 -0.117492
v 0.019328 0.066357 -0.116891
v 0.019301 0.070125 -0.116305
v 0.019254 0.072793 -0.115781
v 0.019186 0.073735 -0.114536
v 0.019109 0.072788 -0.112796
v 0.021244 0.027401 -0.119914
v 0.021493 0.028611 -0.123042
v 0.021712 0.030902 -0.123445
v 0.021834 0.034364 -0.123061
v 0.018708 0.038358 -0.121928
v 0.022148 0.042302 -0.121798
v 0.022281 0.046290 -0.121085
v 0.022403 0.050282 -0.120348
v 0.022502 0.054278 -0.119598
v 0.022572 0.058275 -0.118847
v 0.022615 0.062264 -0.118122
v 0.022637 0.066219 -0.117423
v 0.022617 0.069975 -0.116720
v 0.022559 0.072667 -0.116038
v 0.022446 0.073605 -0.114674
v 0.022388 0.072795 -0.112837
v -0.170803 0.015748 -0.011812
v -0.173852 0.016849 -0.008713
v -0.170972 0.015600 -0.008526
v -0.173854 0.016910 -0.011952
v -0.174382 0.018997 -0.008653
v -0.174153 0.022549 -0.011815
v -0.174221 0.022449 -0.008540
v -0.173959 0.026426 -0.008403
v -0.173845 0.026540 -0.011690
v -0.173660 0.030442 -0.008264
v -0.173515 0.030565 -0.011557
v -0.173344 0.034465 -0.008123
v -0.173175 0.034597 -0.011420
v -0.173018 0.038491 -0.007980
v -0.172833 0.038630 -0.011280
v -0.172684 0.042516 -0.007837
v -0.172490 0.042662 -0.011138
v -0.172342 0.046536 -0.007693
v -0.172145 0.046691 -0.010993
v -0.171986 0.050549 -0.007549
v -0.171798 0.050712 -0.010845
v -0.171609 0.054539 -0.007406
v -0.171438 0.054710 -0.010697
v -0.171175 0.058403 -0.007284
v -0.171039 0.058585 -0.010547
v -0.170772 0.061209 -0.007181
v -0.169401 0.062478 -0.010317
v -0.169558 0.062316 -0.007043
v -0.167319 0.061854 -0.010211
v -0.167346 0.061774 -0.006830
v -0.170770 0.015917 -0.015173
v -0.173734 0.017032 -0.015156
v -0.174369 0.019091 -0.011914
v -0.174270 0.019179 -0.015140
v -0.174033 0.022646 -0.015062
v -0.173707 0.026650 -0.014958
v -0.173360 0.030685 -0.014842
v -0.173007 0.034725 -0.014714
v -0.172655 0.038765 -0.014580
v -0.172304 0.042806 -0.014439
v -0.171956 0.046844 -0.014294
v -0.171608 0.050873 -0.014143
v -0.171252 0.054881 -0.013984
v -0.170855 0.058760 -0.013821
v -0.170731 0.061438 -0.010432
v -0.170481 0.061590 -0.013703
v -0.167180 0.062077 -0.013590
v -0.173632 0.017144 -0.018416
v -0.174096 0.019281 -0.018412
v -0.173861 0.022757 -0.018330
v -0.173542 0.026766 -0.018238
v -0.173196 0.030812 -0.018132
v -0.172839 0.034857 -0.018009
v -0.172480 0.038904 -0.017877
v -0.172123 0.042951 -0.017738
v -0.171772 0.046995 -0.017592
v -0.171422 0.051032 -0.017439
v -0.171063 0.055045 -0.017280
v -0.170669 0.058935 -0.017132
v -0.170344 0.061816 -0.017021
v -0.169243 0.062720 -0.013623
v -0.169072 0.062940 -0.016907
v -0.086562 0.011638 0.115743
v -0.082751 0.009948 0.113960
v -0.085749 0.010112 0.112746
v -0.086483 0.014004 0.116269
v -0.083582 0.011301 0.116871
v -0.083010 0.017186 0.117461
v -0.083439 0.013612 0.117403
v -0.086067 0.017608 0.116361
v -0.082516 0.021186 0.117479
v -0.085593 0.021624 0.116428
v -0.081998 0.025211 0.117487
v -0.085098 0.025656 0.116481
v -0.081467 0.029235 0.117498
v -0.084584 0.029683 0.116527
v -0.080921 0.033255 0.117511
v -0.084051 0.033703 0.116566
v -0.080365 0.037269 0.117526
v -0.082940 0.041714 0.116603
v -0.083502 0.037713 0.116594
v -0.082364 0.045706 0.116597
v -0.079802 0.041282 0.117539
v -0.081777 0.049667 0.116562
v -0.079234 0.045286 0.117552
v -0.081160 0.053463 0.116478
v -0.078665 0.049267 0.117554
v -0.080636 0.056146 0.116270
v -0.078074 0.053114 0.117520
v -0.080004 0.057137 0.115174
v -0.077586 0.055860 0.117481
v -0.076328 0.056141 0.114589
v -0.076947 0.056823 0.116404
v -0.079701 0.009765 0.115172
v -0.080551 0.010997 0.117992
v -0.079944 0.016746 0.118573
v -0.080397 0.013233 0.118545
v -0.079433 0.020736 0.118553
v -0.078896 0.024756 0.118531
v -0.078346 0.028779 0.118518
v -0.077787 0.032802 0.118516
v -0.077227 0.036824 0.118522
v -0.076665 0.040849 0.118535
v -0.076108 0.044869 0.118554
v -0.075557 0.048875 0.118568
v -0.075010 0.052779 0.118552
v -0.074550 0.055633 0.118594
v -0.073893 0.056703 0.117619
v -0.077510 0.010692 0.119102
v -0.076611 0.009514 0.116136
v -0.076883 0.016318 0.119694
v -0.077349 0.012835 0.119716
v -0.076361 0.020303 0.119647
v -0.075815 0.024314 0.119602
v -0.075254 0.028333 0.119571
v -0.074690 0.032357 0.119558
v -0.074128 0.036384 0.119555
v -0.073568 0.040415 0.119564
v -0.073012 0.044447 0.119584
v -0.072469 0.048471 0.119601
v -0.071950 0.052397 0.119581
v -0.071501 0.055271 0.119564
v -0.073153 0.055938 0.115811
v -0.070890 0.056526 0.118783
v 0.077598 0.009732 0.115453
v 0.081472 0.011262 0.117417
v 0.080619 0.009902 0.114321
v 0.078407 0.011011 0.118401
v 0.081408 0.013607 0.117977
v 0.078313 0.013295 0.119060
v 0.081014 0.017211 0.118148
v 0.077528 0.020853 0.119398
v 0.080604 0.021229 0.118321
v 0.077101 0.024880 0.119536
v 0.080181 0.025263 0.118472
v 0.076661 0.028911 0.119668
v 0.079743 0.029297 0.118612
v 0.076208 0.032941 0.119803
v 0.079292 0.033332 0.118752
v 0.075743 0.036968 0.119939
v 0.078829 0.037361 0.118889
v 0.078359 0.041384 0.119019
v 0.075272 0.040993 0.120073
v 0.077878 0.045402 0.119140
v 0.074793 0.045011 0.120204
v 0.077392 0.049409 0.119248
v 0.074308 0.049015 0.120326
v 0.076888 0.053303 0.119324
v 0.073817 0.052906 0.120418
v 0.076433 0.056096 0.119394
v 0.073402 0.055749 0.120487
v 0.075786 0.056941 0.118504
v 0.072848 0.056892 0.119729
v 0.075097 0.056187 0.116764
v 0.074475 0.009564 0.116595
v 0.075311 0.010756 0.119482
v 0.075225 0.012971 0.120204
v 0.077938 0.016848 0.119241
v 0.074452 0.020470 0.120491
v 0.074020 0.024494 0.120617
v 0.073575 0.028522 0.120741
v 0.073120 0.032550 0.120872
v 0.072655 0.036577 0.121011
v 0.072182 0.040603 0.121153
v 0.071703 0.044623 0.121297
v 0.071221 0.048630 0.121441
v 0.070731 0.052525 0.121555
v 0.070398 0.055388 0.121574
v 0.069892 0.056593 0.120780
v 0.072084 0.055955 0.117973
v 0.071344 0.009337 0.117518
v 0.072263 0.010451 0.120605
v 0.071794 0.016094 0.121468
v 0.074859 0.016471 0.120355
v 0.071381 0.020093 0.121589
v 0.070947 0.024110 0.121705
v 0.070499 0.028134 0.121824
v 0.070043 0.032159 0.121955
v 0.069579 0.036183 0.122098
v 0.069109 0.040207 0.122251
v 0.068633 0.044230 0.122412
v 0.068156 0.048242 0.122578
v 0.067393 0.055010 0.122810
v 0.066886 0.055995 0.121825
v 0.068999 0.055713 0.118920
v 0.171017 0.016290 -0.004565
v 0.170988 0.016576 -0.007897
v 0.173928 0.017617 -0.004696
v 0.174428 0.019794 -0.004575
v 0.174321 0.023284 -0.004345
v 0.174074 0.027258 -0.004116
v 0.173794 0.031273 -0.003894
v 0.173488 0.035294 -0.003676
v 0.173155 0.039317 -0.003471
v 0.172794 0.043343 -0.003275
v 0.172405 0.047376 -0.003104
v 0.171992 0.051404 -0.002957
v 0.171546 0.055414 -0.002830
v 0.170592 0.062020 -0.002691
v 0.171049 0.059285 -0.002756
v 0.169334 0.063021 -0.002633
v 0.171051 0.016782 -0.011250
v 0.167160 0.062620 -0.009298
v 0.167281 0.062384 -0.005866
v 0.172175 0.014201 -0.014727
v 0.172175 0.014201 -0.014727
v 0.173956 0.018098 -0.014388
v 0.174415 0.020191 -0.014348
v 0.174070 0.023662 -0.014209
v 0.173651 0.027680 -0.014014
v 0.173221 0.031729 -0.013810
v 0.172803 0.035777 -0.013606
v 0.172400 0.039825 -0.013407
v 0.172013 0.043867 -0.013214
v 0.171642 0.047907 -0.013037
v 0.171286 0.051943 -0.012866
v 0.170932 0.055953 -0.012701
v 0.170556 0.059837 -0.012539
v 0.170261 0.062579 -0.012459
v 0.169064 0.063604 -0.012451
v 0.166278 0.065871 -0.012420
v 0.166956 0.062976 -0.012670
v 0.166956 0.062976 -0.012670
v -0.011564 0.026951 -0.119996
v -0.008476 0.028290 -0.123017
v -0.008270 0.026769 -0.119970
v -0.008637 0.030780 -0.122891
v -0.008937 0.034361 -0.122137
v -0.009141 0.038357 -0.121271
v -0.009314 0.042382 -0.120397
v -0.009485 0.046423 -0.119559
v -0.009639 0.050458 -0.118781
v -0.009769 0.054495 -0.118073
v -0.009886 0.058530 -0.117452
v -0.009990 0.062548 -0.116924
v -0.010082 0.066527 -0.116475
v -0.010239 0.072862 -0.115660
v -0.010179 0.070290 -0.116076
v -0.010186 0.073730 -0.114532
v -0.009992 0.072750 -0.112627
v -0.014983 0.027092 -0.119978
v -0.013275 0.072639 -0.112773
v -0.018255 0.027191 -0.119953
v -0.018495 0.028426 -0.123117
v -0.018603 0.030064 -0.126621
v -0.018713 0.030648 -0.123582
v -0.018825 0.034068 -0.123059
v -0.019000 0.038029 -0.122398
v -0.019172 0.042028 -0.121674
v -0.019334 0.046030 -0.120925
v -0.019488 0.050039 -0.120181
v -0.019622 0.054045 -0.119446
v -0.019740 0.058045 -0.118735
v -0.019836 0.062041 -0.118054
v -0.019907 0.066006 -0.117401
v -0.019953 0.069793 -0.116761
v -0.019980 0.072503 -0.116204
v -0.019927 0.073442 -0.114956
v -0.019857 0.072592 -0.113022
v -0.016593 0.072599 -0.112895
v 0.014564 0.027078 -0.120006
v 0.011274 0.026864 -0.120001
v 0.011497 0.028363 -0.123025
v 0.011638 0.030825 -0.122835
v 0.011916 0.034412 -0.121991
v 0.012109 0.038413 -0.121042
v 0.012270 0.042442 -0.120099
v 0.012411 0.046490 -0.119204
v 0.012525 0.050542 -0.118388
v 0.012606 0.054593 -0.117660
v 0.012663 0.058642 -0.117034
v 0.012698 0.062680 -0.116518
v 0.012719 0.066680 -0.116106
v 0.012724 0.070481 -0.115759
v 0.012730 0.073102 -0.115477
v 0.012687 0.073929 -0.114389
v 0.012553 0.072887 -0.112701
v 0.015822 0.072827 -0.112780
v 0.012529 0.075651 -0.111584
v 0.017970 0.027265 -0.119972
v 0.019109 0.072788 -0.112796
v 0.021493 0.028611 -0.123042
v 0.021244 0.027401 -0.119914
v 0.021712 0.030902 -0.123445
v 0.021834 0.034364 -0.123061
v 0.022000 0.038309 -0.122464
v 0.022148 0.042302 -0.121798
v 0.022281 0.046290 -0.121085
v 0.022403 0.050282 -0.120348
v 0.022502 0.054278 -0.119598
v 0.022572 0.058275 -0.118847
v 0.022615 0.062264 -0.118122
v 0.022637 0.066219 -0.117423
v 0.022559 0.072667 -0.116038
v 0.022617 0.069975 -0.116720
v 0.022446 0.073605 -0.114674
v 0.022388 0.072795 -0.112837
v -0.170972 0.015600 -0.008526
v -0.173852 0.016849 -0.008713
v -0.174382 0.018997 -0.008653
v -0.174221 0.022449 -0.008540
v -0.173959 0.026426 -0.008403
v -0.173660 0.030442 -0.008264
v -0.173344 0.034465 -0.008123
v -0.173018 0.038491 -0.007980
v -0.172684 0.042516 -0.007837
v -0.172342 0.046536 -0.007693
v -0.171986 0.050549 -0.007549
v -0.171609 0.054539 -0.007406
v -0.171175 0.058403 -0.007284
v -0.170772 0.061209 -0.007181
v -0.169558 0.062316 -0.007043
v -0.170803 0.015748 -0.011812
v -0.167180 0.062077 -0.013590
v -0.170770 0.015917 -0.015173
v -0.173632 0.017144 -0.018416
v -0.170561 0.016022 -0.018506
v -0.174096 0.019281 -0.018412
v -0.173861 0.022757 -0.018330
v -0.173542 0.026766 -0.018238
v -0.173196 0.030812 -0.018132
v -0.172839 0.034857 -0.018009
v -0.172480 0.038904 -0.017877
v -0.172123 0.042951 -0.017738
v -0.171772 0.046995 -0.017592
v -0.171422 0.051032 -0.017439
v -0.171063 0.055045 -0.017280
v -0.170344 0.061816 -0.017021
v -0.170669 0.058935 -0.017132
v -0.169072 0.062940 -0.016907
v -0.166388 0.065287 -0.016702
v -0.166922 0.062361 -0.016918
v -0.085749 0.010112 0.112746
v -0.082751 0.009948 0.113960
v -0.086562 0.011638 0.115743
v -0.086483 0.014004 0.116269
v -0.086067 0.017608 0.116361
v -0.085593 0.021624 0.116428
v -0.085098 0.025656 0.116481
v -0.084584 0.029683 0.116527
v -0.084051 0.033703 0.116566
v -0.083502 0.037713 0.116594
v -0.082940 0.041714 0.116603
v -0.082364 0.045706 0.116597
v -0.081777 0.049667 0.116562
v -0.080636 0.056146 0.116270
v -0.081160 0.053463 0.116478
v -0.080004 0.057137 0.115174
v -0.079399 0.056479 0.113283
v -0.079701 0.009765 0.115172
v -0.073153 0.055938 0.115811
v -0.076328 0.056141 0.114589
v -0.077258 0.006838 0.117330
v -0.077258 0.006838 0.117330
v -0.077510 0.010692 0.119102
v -0.077349 0.012835 0.119716
v -0.077892 0.016395 0.122485
v -0.076883 0.016318 0.119694
v -0.076361 0.020303 0.119647
v -0.075815 0.024314 0.119602
v -0.075254 0.028333 0.119571
v -0.075620 0.032438 0.122376
v -0.074690 0.032357 0.119558
v -0.074128 0.036384 0.119555
v -0.073568 0.040415 0.119564
v -0.073012 0.044447 0.119584
v -0.073395 0.048546 0.122420
v -0.072469 0.048471 0.119601
v -0.071950 0.052397 0.119581
v -0.071501 0.055271 0.119564
v -0.070890 0.056526 0.118783
v -0.069703 0.058818 0.116402
v -0.070011 0.055897 0.116933
v -0.070011 0.055897 0.116933
v 0.080619 0.009902 0.114321
v 0.081472 0.011262 0.117417
v 0.081408 0.013607 0.117977
v 0.081014 0.017211 0.118148
v 0.080604 0.021229 0.118321
v 0.080181 0.025263 0.118472
v 0.079743 0.029297 0.118612
v 0.079292 0.033332 0.118752
v 0.078829 0.037361 0.118889
v 0.078359 0.041384 0.119019
v 0.077878 0.045402 0.119140
v 0.077392 0.049409 0.119248
v 0.076888 0.053303 0.119324
v 0.076433 0.056096 0.119394
v 0.075786 0.056941 0.118504
v 0.075097 0.056187 0.116764
v 0.072084 0.055955 0.117973
v 0.074683 0.059070 0.116100
v 0.077598 0.009732 0.115453
v 0.068999 0.055713 0.118920
v 0.074475 0.009564 0.116595
v 0.072263 0.010451 0.120605
v 0.071344 0.009337 0.117518
v 0.072164 0.012599 0.121355
v 0.071794 0.016094 0.121468
v 0.071381 0.020093 0.121589
v 0.070947 0.024110 0.121705
v 0.070499 0.028134 0.121824
v 0.070043 0.032159 0.121955
v 0.069579 0.036183 0.122098
v 0.069109 0.040207 0.122251
v 0.068633 0.044230 0.122412
v 0.067669 0.052145 0.122730
v 0.068156 0.048242 0.122578
v 0.067393 0.055010 0.122810
v 0.066886 0.055995 0.121825
v 0.065354 0.058519 0.119468
v 0.065805 0.055593 0.119831
v 0.167280 0.062301 -0.002468
v -0.167346 0.061774 -0.006830
v -0.167319 0.061854 -0.010211
v -0.166841 0.064713 -0.006749
v 0.005130 -0.123267 0.130691
v -0.001829 -0.115679 0.131778
v -0.002143 -0.123936 0.130211
v 0.005513 -0.116012 0.133918
v -0.001760 -0.107145 0.132397
v 0.005741 -0.107043 0.134819
v -0.001745 -0.098619 0.132974
v 0.005742 -0.098071 0.135360
v -0.001740 -0.090108 0.133176
v 0.005631 -0.089111 0.135586
v -0.001754 -0.081589 0.133158
v 0.005531 -0.080164 0.135501
v -0.001773 -0.073064 0.133050
v 0.005429 -0.071257 0.135552
v -0.001791 -0.064544 0.132970
v 0.005312 -0.062361 0.135192
v -0.001804 -0.053816 0.132738
v 0.005226 -0.053453 0.135208
v -0.001817 -0.044927 0.132383
v 0.005105 -0.044565 0.134612
v -0.001837 -0.036027 0.132188
v 0.004885 -0.026750 0.134003
v -0.001834 -0.025267 0.131678
v 0.004695 -0.017839 0.133599
v -0.001850 -0.016722 0.131332
v 0.004648 -0.008887 0.132942
v -0.001857 -0.008172 0.130815
v 0.004532 0.000048 0.132128
v -0.001859 0.000391 0.130013
v 0.004371 0.008997 0.131314
v -0.001875 0.008943 0.129218
v -0.002020 0.017212 0.128296
v 0.004346 0.017368 0.128182
v -0.002024 0.017420 0.128273
v 0.012754 -0.121454 0.130536
v 0.013750 -0.114322 0.133633
v 0.014016 -0.105520 0.134371
v 0.013976 -0.096651 0.134855
v 0.013795 -0.087796 0.135094
v 0.013615 -0.078952 0.135185
v 0.013424 -0.070129 0.135068
v 0.013218 -0.061328 0.134815
v 0.013007 -0.052519 0.134636
v 0.012794 -0.043709 0.134340
v 0.004968 -0.035657 0.134589
v 0.012553 -0.034897 0.134221
v 0.012324 -0.026073 0.133830
v 0.012089 -0.017252 0.133321
v 0.011872 -0.008411 0.132862
v 0.011652 0.000461 0.132281
v 0.011990 0.017241 0.128049
v 0.004347 0.017162 0.128259
v 0.019789 -0.118216 0.130163
v 0.021274 -0.111051 0.132629
v 0.021771 -0.102573 0.133643
v 0.021721 -0.093938 0.134040
v 0.021488 -0.085297 0.134309
v 0.021276 -0.076669 0.134437
v 0.021049 -0.068039 0.134351
v 0.020773 -0.059426 0.134282
v 0.020506 -0.050807 0.134090
v 0.020229 -0.042189 0.133837
v 0.019915 -0.033570 0.133766
v 0.019603 -0.024931 0.133414
v 0.019322 -0.016305 0.132946
v 0.018996 -0.007664 0.132573
v 0.018690 0.001025 0.132244
v 0.011415 0.009300 0.131446
v 0.017990 0.017372 0.127756
v 0.012005 0.017440 0.127963
v 0.025778 -0.113415 0.129857
v 0.027617 -0.106280 0.131372
v 0.028476 -0.098181 0.132615
v 0.028426 -0.089874 0.132838
v 0.028146 -0.081556 0.132868
v 0.027938 -0.073229 0.132999
v 0.027945 -0.064914 0.133341
v 0.027466 -0.056619 0.132908
v 0.027412 -0.048286 0.133294
v 0.027120 -0.039957 0.133208
v 0.026710 -0.031635 0.132741
v 0.026439 -0.023303 0.132570
v 0.026264 -0.014967 0.132414
v 0.025897 -0.006611 0.132077
v 0.025448 0.001671 0.131086
v 0.018436 0.009692 0.131515
v 0.025085 0.017598 0.127231
v 0.017979 0.017566 0.127661
v 0.030210 -0.107173 0.129833
v 0.031575 -0.101195 0.130280
v 0.029551 -0.108101 0.129836
v 0.032267 -0.100307 0.130089
v 0.032472 -0.093388 0.130646
v 0.033169 -0.092551 0.130303
v 0.032639 -0.085450 0.130876
v 0.033375 -0.084678 0.130533
v 0.032544 -0.077473 0.131013
v 0.033313 -0.076759 0.130689
v 0.032412 -0.069492 0.131010
v 0.033194 -0.068840 0.130663
v 0.032276 -0.061562 0.130904
v 0.033033 -0.060976 0.130478
v 0.032119 -0.053550 0.130853
v 0.032932 -0.053014 0.130493
v 0.031985 -0.045567 0.130828
v 0.032784 -0.045092 0.130397
v 0.031826 -0.037588 0.130746
v 0.032648 -0.037174 0.130316
v 0.031668 -0.029581 0.130654
v 0.032535 -0.029222 0.130289
v 0.031423 -0.021564 0.130388
v 0.032293 -0.021260 0.130007
v 0.031167 -0.013640 0.129977
v 0.032023 -0.013408 0.129551
v 0.030919 -0.005675 0.129443
v 0.031796 -0.005512 0.128983
v 0.030642 0.002270 0.128689
v 0.031549 0.002375 0.128270
v 0.030465 0.010204 0.127886
v 0.029580 0.017797 0.126764
v 0.030340 0.018024 0.126664
v 0.029558 0.017989 0.126736
v -0.001401 -0.115305 0.129861
v 0.005209 -0.122603 0.128806
v -0.001843 -0.123383 0.128313
v -0.001187 -0.106997 0.130488
v 0.005644 -0.115545 0.131976
v -0.001161 -0.098520 0.131065
v 0.005975 -0.106886 0.132838
v -0.001149 -0.090071 0.131267
v 0.005982 -0.097974 0.133376
v -0.001150 -0.081579 0.131253
v 0.005885 -0.089075 0.133602
v -0.001159 -0.073068 0.131149
v 0.005801 -0.080154 0.133519
v -0.001178 -0.064558 0.131068
v 0.005702 -0.071272 0.133571
v -0.001189 -0.053851 0.130838
v 0.005581 -0.062381 0.133210
v -0.001198 -0.044963 0.130484
v 0.005494 -0.053491 0.133227
v -0.001213 -0.036062 0.130291
v 0.005387 -0.044603 0.132633
v 0.005184 -0.026825 0.132028
v 0.005259 -0.035695 0.132611
v -0.001210 -0.025328 0.129782
v 0.004994 -0.017918 0.131624
v -0.001241 -0.016797 0.129432
v 0.004954 -0.009003 0.130971
v -0.001260 -0.008293 0.128914
v 0.004861 -0.000094 0.130163
v -0.001258 0.000251 0.128115
v 0.004624 0.008639 0.129368
v -0.001719 0.016789 0.126373
v 0.004505 0.016795 0.126282
v 0.004508 0.016595 0.126358
v 0.012425 -0.120667 0.128726
v 0.013441 -0.113795 0.131727
v 0.013810 -0.105353 0.132388
v 0.013795 -0.096560 0.132865
v 0.013630 -0.087752 0.133101
v 0.013468 -0.078939 0.133190
v 0.013289 -0.070149 0.133073
v 0.013091 -0.061352 0.132819
v 0.012889 -0.052558 0.132640
v 0.012687 -0.043738 0.132344
v 0.012460 -0.034932 0.132224
v 0.012247 -0.026150 0.131834
v 0.012023 -0.017335 0.131325
v 0.011838 -0.008503 0.130866
v 0.011664 0.000337 0.130287
v 0.011995 0.016478 0.126213
v 0.019228 -0.117484 0.128387
v 0.020742 -0.110555 0.130763
v 0.021391 -0.102375 0.131688
v 0.021416 -0.093864 0.132064
v 0.021176 -0.085255 0.132334
v 0.020975 -0.076646 0.132459
v 0.020791 -0.068044 0.132368
v 0.020544 -0.059447 0.132296
v 0.020308 -0.050818 0.132100
v 0.020066 -0.042215 0.131845
v 0.019742 -0.033610 0.131775
v 0.019443 -0.024992 0.131423
v 0.019199 -0.016371 0.130952
v 0.018881 -0.007747 0.130580
v 0.011435 0.008838 0.129507
v 0.018556 0.000903 0.130255
v 0.012009 0.016670 0.126130
v 0.017908 0.016563 0.125942
v 0.025042 -0.112798 0.128101
v 0.026875 -0.105861 0.129560
v 0.027763 -0.097987 0.130755
v 0.027779 -0.089819 0.130946
v 0.027529 -0.081530 0.130966
v 0.027327 -0.073201 0.131095
v 0.027326 -0.064923 0.131439
v 0.026870 -0.056630 0.130999
v 0.026831 -0.048275 0.131381
v 0.026566 -0.039993 0.131287
v 0.026187 -0.031686 0.130812
v 0.025934 -0.023355 0.130636
v 0.025752 -0.015037 0.130483
v 0.025365 -0.006736 0.130155
v 0.018320 0.009210 0.129585
v 0.024885 0.001516 0.129176
v 0.017898 0.016748 0.125850
v 0.024713 0.016940 0.125391
v 0.030637 -0.100872 0.128544
v 0.029352 -0.106719 0.128083
v 0.028711 -0.107623 0.128085
v 0.031570 -0.093260 0.128867
v 0.031294 -0.100000 0.128367
v 0.031827 -0.085415 0.129050
v 0.032235 -0.092434 0.128537
v 0.031773 -0.077457 0.129169
v 0.032534 -0.084645 0.128718
v 0.031580 -0.069469 0.129194
v 0.032515 -0.076745 0.128856
v 0.031446 -0.061589 0.129088
v 0.032323 -0.068817 0.128862
v 0.031284 -0.053543 0.129039
v 0.032166 -0.061007 0.128677
v 0.031124 -0.045564 0.129027
v 0.032054 -0.053004 0.128696
v 0.031013 -0.037630 0.128923
v 0.031874 -0.045090 0.128616
v 0.030921 -0.029633 0.128803
v 0.031790 -0.037217 0.128510
v 0.030667 -0.021621 0.128541
v 0.031748 -0.029274 0.128452
v 0.030360 -0.013724 0.128155
v 0.031494 -0.021318 0.128176
v 0.030102 -0.005826 0.127631
v 0.031165 -0.013495 0.127749
v 0.029832 0.002101 0.126875
v 0.030929 -0.005668 0.127190
v 0.029788 0.009863 0.126043
v 0.030696 0.002204 0.126473
v 0.029046 0.017273 0.124921
v 0.029781 0.017518 0.124820
v 0.029803 0.017331 0.124839
v -0.002444 0.017216 0.128299
v -0.002141 0.017007 0.126354
v -0.002133 0.016802 0.126374
v -0.002286 -0.016647 0.131182
v -0.001636 -0.025228 0.129632
v -0.002282 -0.025169 0.131523
v -0.002252 -0.073185 0.132883
v -0.001613 -0.081674 0.131102
v -0.002239 -0.081684 0.133002
v -0.002173 -0.124730 0.130060
v -0.002354 -0.124218 0.128142
v -0.001885 -0.124160 0.128165
v -0.002317 -0.115657 0.131636
v -0.002312 -0.123435 0.128281
v -0.002627 -0.123981 0.130179
v -0.002277 -0.044951 0.132234
v -0.001634 -0.053875 0.130679
v -0.002271 -0.053840 0.132574
v -0.002290 -0.036052 0.132028
v -0.001636 -0.044987 0.130341
v -0.001644 -0.036087 0.130136
v 0.012659 -0.122140 0.130238
v 0.005167 -0.123281 0.128501
v 0.012327 -0.121327 0.128438
v 0.019082 -0.118150 0.128159
v 0.019646 -0.118905 0.129926
v 0.019646 -0.118905 0.129926
v 0.024865 -0.113465 0.127961
v 0.025601 -0.114101 0.129712
v 0.028525 -0.108272 0.128041
v 0.029356 -0.108765 0.129794
v 0.029165 -0.107365 0.128055
v 0.029352 -0.106719 0.128083
v 0.031294 -0.100000 0.128367
v 0.032235 -0.092434 0.128537
v 0.032534 -0.084645 0.128718
v 0.032515 -0.076745 0.128856
v 0.032323 -0.068817 0.128862
v 0.032166 -0.061007 0.128677
v 0.032054 -0.053004 0.128696
v 0.031874 -0.045090 0.128616
v 0.031790 -0.037217 0.128510
v 0.031748 -0.029274 0.128452
v 0.031494 -0.021318 0.128176
v 0.031165 -0.013495 0.127749
v 0.030929 -0.005668 0.127190
v 0.030696 0.002204 0.126473
v 0.030659 0.009898 0.125597
v 0.031371 0.010227 0.127431
v -0.002289 -0.008124 0.130674
v -0.001656 -0.016722 0.129286
v -0.002285 0.000414 0.129872
v -0.001674 -0.008246 0.128777
v -0.001823 0.008658 0.127159
v -0.001665 0.000274 0.127978
v 0.029781 0.017518 0.124820
v 0.029027 0.017460 0.124893
v -0.002259 -0.107151 0.132236
v -0.001870 -0.115289 0.129720
v -0.002259 -0.107151 0.132236
v -0.001637 -0.098556 0.130911
v -0.001663 -0.107004 0.130332
v -0.002230 -0.090174 0.133016
v -0.002244 -0.098655 0.132815
v -0.001617 -0.090137 0.131112
v -0.002264 -0.064689 0.132822
v -0.001616 -0.073187 0.130987
v -0.001628 -0.064703 0.130926
v -0.001726 0.016994 0.126350
v 0.004505 0.016795 0.126282
v 0.012009 0.016670 0.126130
v 0.024711 0.017123 0.125310
v 0.017898 0.016748 0.125850
v 0.031371 0.010227 0.127431
v 0.030365 0.017832 0.126683
v 0.169467 -0.161416 -0.068827
v 0.162571 -0.151470 -0.084436
v 0.169214 -0.145820 -0.070875
v 0.161847 -0.134477 -0.086379
v 0.168425 -0.129478 -0.072554
v 0.161230 -0.117601 -0.088388
v 0.167420 -0.113287 -0.074108
v 0.160796 -0.100793 -0.090354
v 0.166922 -0.097126 -0.075793
v 0.159881 -0.084010 -0.091765
v 0.165984 -0.081115 -0.076985
v 0.158994 -0.067244 -0.092879
v 0.164500 -0.065094 -0.077696
v 0.157998 -0.050461 -0.093613
v 0.163752 -0.049081 -0.078355
v 0.162753 -0.033637 -0.078300
v 0.157046 -0.033748 -0.094293
v 0.162715 -0.033051 -0.078298
v 0.160607 -0.167247 -0.081254
v 0.152189 -0.157140 -0.096427
v 0.152050 -0.139585 -0.098997
v 0.152045 -0.122091 -0.101747
v 0.151698 -0.104609 -0.104064
v 0.150853 -0.087125 -0.105767
v 0.150260 -0.069690 -0.107263
v 0.149015 -0.052255 -0.108031
v 0.147912 -0.035533 -0.108851
v 0.157080 -0.034359 -0.094268
v 0.150127 -0.173330 -0.092772
v 0.140403 -0.162693 -0.106949
v 0.140965 -0.144648 -0.110408
v 0.141414 -0.126588 -0.113935
v 0.140971 -0.108417 -0.116494
v 0.140577 -0.090310 -0.118879
v 0.139679 -0.072211 -0.120404
v 0.138222 -0.054155 -0.121112
v 0.136970 -0.036812 -0.121927
v 0.147870 -0.034899 -0.108882
v 0.138697 -0.179572 -0.103054
v 0.127672 -0.168229 -0.116214
v 0.128017 -0.149496 -0.119622
v 0.128710 -0.130913 -0.123890
v 0.128475 -0.112166 -0.127131
v 0.128117 -0.093452 -0.130045
v 0.127043 -0.074716 -0.131638
v 0.125582 -0.056031 -0.132436
v 0.123960 -0.038076 -0.132764
v 0.136923 -0.036154 -0.121958
v 0.112513 -0.186713 -0.119759
v 0.125402 -0.185261 -0.111004
v 0.113424 -0.169467 -0.124912
v 0.113563 -0.150628 -0.127985
v 0.113882 -0.131956 -0.131950
v 0.114056 -0.113424 -0.136292
v 0.113675 -0.094732 -0.139449
v 0.112655 -0.075924 -0.141151
v 0.109684 -0.039207 -0.141642
v 0.123899 -0.037395 -0.132776
v 0.097506 -0.181759 -0.123026
v 0.097898 -0.165631 -0.129478
v 0.098264 -0.147686 -0.133681
v 0.098509 -0.129819 -0.138278
v 0.098706 -0.112169 -0.143580
v 0.098192 -0.094052 -0.146810
v 0.097133 -0.075753 -0.148521
v 0.111421 -0.057190 -0.142145
v 0.094267 -0.040176 -0.148022
v 0.109618 -0.038525 -0.141623
v 0.081729 -0.176876 -0.124484
v 0.081906 -0.161164 -0.130897
v 0.082283 -0.144110 -0.136003
v 0.082500 -0.127654 -0.142804
v 0.082453 -0.110761 -0.148420
v 0.081756 -0.093149 -0.151474
v 0.080583 -0.075389 -0.153160
v 0.095835 -0.057564 -0.149321
v 0.077640 -0.041015 -0.151091
v 0.094208 -0.039516 -0.147972
v 0.065928 -0.171476 -0.124248
v 0.066123 -0.156062 -0.129779
v 0.066178 -0.140455 -0.136842
v 0.066035 -0.125339 -0.145104
v 0.065736 -0.109062 -0.150724
v 0.064932 -0.092100 -0.153991
v 0.063608 -0.074951 -0.155578
v 0.079148 -0.057756 -0.153509
v 0.060408 -0.041697 -0.152503
v 0.077583 -0.040380 -0.150999
v 0.050313 -0.165602 -0.122400
v 0.051158 -0.151054 -0.128459
v 0.050944 -0.165839 -0.122475
v 0.050527 -0.150843 -0.128403
v 0.051046 -0.136610 -0.136276
v 0.050408 -0.136448 -0.136252
v 0.050586 -0.122126 -0.144049
v 0.049935 -0.121990 -0.144004
v 0.049937 -0.106788 -0.149768
v 0.049271 -0.106692 -0.149727
v 0.048827 -0.090803 -0.153211
v 0.048149 -0.090749 -0.153178
v 0.047328 -0.074561 -0.154673
v 0.046642 -0.074544 -0.154635
v 0.045431 -0.058206 -0.153802
v 0.042262 -0.042600 -0.150689
v 0.042903 -0.041970 -0.150647
v 0.042996 -0.042563 -0.150763
v -0.168046 -0.161898 -0.071209
v -0.160727 -0.152314 -0.086910
v -0.158749 -0.167850 -0.083520
v -0.167939 -0.146534 -0.073371
v -0.160280 -0.135395 -0.089010
v -0.167502 -0.130340 -0.075352
v -0.159862 -0.118565 -0.091191
v -0.166515 -0.114187 -0.076944
v -0.159305 -0.101777 -0.093092
v -0.165721 -0.098115 -0.078512
v -0.158215 -0.085010 -0.094423
v -0.164520 -0.082096 -0.079581
v -0.157281 -0.068262 -0.095542
v -0.163315 -0.066120 -0.080400
v -0.156227 -0.051483 -0.096318
v -0.161247 -0.034147 -0.081081
v -0.155281 -0.035470 -0.096956
v -0.161289 -0.034816 -0.081078
v -0.150297 -0.158043 -0.098836
v -0.148136 -0.173994 -0.094943
v -0.150085 -0.140503 -0.101380
v -0.150289 -0.123076 -0.104322
v -0.149622 -0.105582 -0.106421
v -0.148788 -0.088130 -0.108165
v -0.147884 -0.070687 -0.109469
v -0.146788 -0.053250 -0.110396
v -0.155239 -0.034771 -0.096983
v -0.145620 -0.036607 -0.111154
v -0.138110 -0.163606 -0.108899
v -0.136236 -0.180131 -0.104830
v -0.138472 -0.145542 -0.112311
v -0.138546 -0.127468 -0.115507
v -0.138134 -0.109351 -0.118186
v -0.137802 -0.091282 -0.120700
v -0.136588 -0.073174 -0.121943
v -0.135500 -0.055114 -0.123036
v -0.145569 -0.035881 -0.111188
v -0.134066 -0.037864 -0.123639
v -0.124448 -0.168975 -0.116920
v -0.123396 -0.186350 -0.113076
v -0.124738 -0.150274 -0.120449
v -0.125085 -0.131690 -0.124514
v -0.124979 -0.113044 -0.128074
v -0.124432 -0.094347 -0.130792
v -0.123497 -0.075634 -0.132618
v -0.122226 -0.056954 -0.133618
v -0.134003 -0.037112 -0.123665
v -0.120780 -0.039098 -0.134150
v -0.109040 -0.187199 -0.119435
v -0.109545 -0.170081 -0.124466
v -0.109653 -0.151285 -0.127738
v -0.110178 -0.132849 -0.132566
v -0.110203 -0.114255 -0.136689
v -0.109894 -0.095598 -0.140061
v -0.108912 -0.076799 -0.141800
v -0.120717 -0.038319 -0.134173
v -0.106426 -0.040197 -0.142904
v -0.093830 -0.182787 -0.123765
v -0.094154 -0.166486 -0.129646
v -0.094448 -0.148509 -0.133783
v -0.094823 -0.130809 -0.139081
v -0.094906 -0.113022 -0.144079
v -0.094409 -0.094881 -0.147369
v -0.107828 -0.058077 -0.142973
v -0.093371 -0.076578 -0.149110
v -0.106364 -0.039417 -0.142901
v -0.090809 -0.041084 -0.148915
v -0.078027 -0.177836 -0.125243
v -0.078151 -0.162226 -0.131548
v -0.078481 -0.145165 -0.136761
v -0.078647 -0.128362 -0.142825
v -0.078608 -0.111510 -0.148698
v -0.077948 -0.093914 -0.151927
v -0.092258 -0.058391 -0.150210
v -0.076805 -0.076136 -0.153642
v -0.090745 -0.040328 -0.148858
v -0.074144 -0.041827 -0.151801
v -0.062165 -0.172480 -0.125064
v -0.062275 -0.157266 -0.130799
v -0.062346 -0.141409 -0.137445
v -0.062175 -0.125938 -0.144957
v -0.061888 -0.109659 -0.150637
v -0.061074 -0.092747 -0.154082
v -0.075478 -0.058490 -0.154106
v -0.059815 -0.075598 -0.155923
v -0.074086 -0.041100 -0.151700
v -0.056843 -0.042403 -0.152885
v -0.047473 -0.152107 -0.128878
v -0.046552 -0.166554 -0.123084
v -0.047293 -0.166836 -0.123178
v -0.047166 -0.137397 -0.136451
v -0.046735 -0.151849 -0.128782
v -0.046718 -0.122783 -0.143911
v -0.046409 -0.137197 -0.136402
v -0.046097 -0.107327 -0.149495
v -0.045947 -0.122625 -0.143859
v -0.045076 -0.091396 -0.153301
v -0.045309 -0.107211 -0.149438
v -0.043645 -0.075098 -0.154934
v -0.044278 -0.091328 -0.153262
v -0.041841 -0.058706 -0.154103
v -0.042839 -0.075073 -0.154885
v -0.039417 -0.042436 -0.150860
v -0.038654 -0.043152 -0.150901
v -0.039519 -0.043117 -0.150995
v 0.167721 -0.161160 -0.067885
v 0.160890 -0.151252 -0.083373
v 0.158960 -0.166874 -0.080179
v 0.167434 -0.145693 -0.069971
v 0.160129 -0.134395 -0.085357
v 0.166615 -0.129456 -0.071705
v 0.159480 -0.117517 -0.087421
v 0.165590 -0.113249 -0.073303
v 0.159031 -0.100745 -0.089413
v 0.165082 -0.097111 -0.075011
v 0.158106 -0.084014 -0.090843
v 0.164135 -0.081161 -0.076224
v 0.157206 -0.067275 -0.091985
v 0.162637 -0.065149 -0.076973
v 0.156206 -0.050508 -0.092730
v 0.160883 -0.033709 -0.077604
v 0.155254 -0.033800 -0.093412
v 0.155288 -0.034411 -0.093387
v 0.150684 -0.156800 -0.095151
v 0.148643 -0.172863 -0.091511
v 0.150510 -0.139381 -0.097735
v 0.150457 -0.121918 -0.100542
v 0.150087 -0.104499 -0.102882
v 0.149227 -0.087063 -0.104603
v 0.148630 -0.069686 -0.106104
v 0.147395 -0.052289 -0.106861
v 0.146296 -0.035560 -0.107678
v 0.139069 -0.162282 -0.105513
v 0.137392 -0.179050 -0.101628
v 0.139602 -0.144333 -0.108976
v 0.140008 -0.126326 -0.112534
v 0.139534 -0.108235 -0.115112
v 0.139121 -0.090193 -0.117511
v 0.138229 -0.072191 -0.119027
v 0.136791 -0.054187 -0.119717
v 0.146254 -0.034925 -0.107709
v 0.135547 -0.036842 -0.120526
v 0.126527 -0.167766 -0.114636
v 0.124261 -0.184688 -0.109461
v 0.126886 -0.149130 -0.118010
v 0.127564 -0.130556 -0.122285
v 0.127284 -0.111893 -0.125545
v 0.126895 -0.093281 -0.128468
v 0.125819 -0.074669 -0.130057
v 0.124370 -0.056064 -0.130847
v 0.135500 -0.036184 -0.120556
v 0.122762 -0.038140 -0.131168
v 0.111767 -0.186073 -0.118013
v 0.112686 -0.168948 -0.123124
v 0.112758 -0.150226 -0.126196
v 0.113031 -0.131514 -0.130191
v 0.113131 -0.113050 -0.134554
v 0.112701 -0.094518 -0.137713
v 0.111672 -0.075842 -0.139411
v 0.122701 -0.037460 -0.131180
v 0.108729 -0.039314 -0.139872
v 0.097350 -0.181048 -0.121160
v 0.097670 -0.165033 -0.127580
v 0.097866 -0.147171 -0.131786
v 0.097966 -0.129251 -0.136433
v 0.098054 -0.111717 -0.141739
v 0.097499 -0.093808 -0.144947
v 0.110451 -0.057226 -0.140398
v 0.096440 -0.075649 -0.146647
v 0.108664 -0.038635 -0.139852
v 0.093626 -0.040319 -0.146110
v 0.081882 -0.176126 -0.122632
v 0.082019 -0.160482 -0.129015
v 0.082229 -0.143406 -0.134126
v 0.082252 -0.126934 -0.140946
v 0.082087 -0.110257 -0.146514
v 0.081353 -0.092880 -0.149531
v 0.095170 -0.057611 -0.147434
v 0.080183 -0.075279 -0.151203
v 0.093567 -0.039663 -0.146060
v 0.077293 -0.041183 -0.149108
v 0.066285 -0.170753 -0.122413
v 0.066448 -0.155301 -0.127952
v 0.066384 -0.139571 -0.135050
v 0.066113 -0.124516 -0.143272
v 0.065719 -0.108511 -0.148796
v 0.064859 -0.091795 -0.152013
v 0.078780 -0.057822 -0.151532
v 0.063525 -0.074835 -0.153579
v 0.077237 -0.040551 -0.149016
v 0.060354 -0.041857 -0.150497
v 0.051547 -0.150228 -0.126672
v 0.050743 -0.164882 -0.120579
v 0.051372 -0.165120 -0.120654
v 0.051370 -0.135660 -0.134534
v 0.050919 -0.150014 -0.126618
v 0.050844 -0.121291 -0.142240
v 0.050737 -0.135496 -0.134512
v 0.050116 -0.106227 -0.147851
v 0.050200 -0.121155 -0.142196
v 0.048945 -0.090486 -0.151238
v 0.049458 -0.106131 -0.147811
v 0.047423 -0.074444 -0.152669
v 0.048274 -0.090431 -0.151205
v 0.045532 -0.058272 -0.151793
v 0.046744 -0.074427 -0.152631
v 0.043012 -0.042119 -0.148647
v 0.042377 -0.042745 -0.148689
v 0.043104 -0.042709 -0.148762
v -0.166326 -0.161613 -0.070228
v -0.159067 -0.152065 -0.085819
v -0.166186 -0.146363 -0.072423
v -0.158589 -0.135278 -0.087948
v -0.165718 -0.130281 -0.074450
v -0.158142 -0.118478 -0.090173
v -0.164707 -0.114150 -0.076090
v -0.157568 -0.101748 -0.092101
v -0.163896 -0.098126 -0.077694
v -0.156466 -0.085022 -0.093453
v -0.162685 -0.082145 -0.078789
v -0.155521 -0.068293 -0.094595
v -0.161468 -0.066176 -0.079638
v -0.154461 -0.051533 -0.095384
v -0.160403 -0.050201 -0.080271
v -0.153513 -0.035523 -0.096027
v -0.159388 -0.034218 -0.080353
v -0.159431 -0.034886 -0.080350
v -0.157118 -0.167451 -0.082429
v -0.148824 -0.157684 -0.097529
v -0.148594 -0.140285 -0.100062
v -0.148765 -0.122896 -0.103037
v -0.148074 -0.105473 -0.105157
v -0.147219 -0.088077 -0.106926
v -0.146309 -0.070680 -0.108236
v -0.145217 -0.053274 -0.109160
v -0.144052 -0.036644 -0.109917
v -0.153471 -0.034824 -0.096055
v -0.146683 -0.173494 -0.093659
v -0.136854 -0.163198 -0.107394
v -0.137213 -0.145233 -0.110785
v -0.137246 -0.127201 -0.114009
v -0.136795 -0.109153 -0.116711
v -0.136434 -0.091165 -0.119244
v -0.135214 -0.073137 -0.120490
v -0.134132 -0.055124 -0.121579
v -0.132704 -0.037900 -0.122178
v -0.144001 -0.035919 -0.109950
v -0.134984 -0.179641 -0.103347
v -0.123438 -0.168551 -0.115244
v -0.123729 -0.149898 -0.118761
v -0.124025 -0.131322 -0.122854
v -0.123861 -0.112756 -0.126438
v -0.123280 -0.094168 -0.129165
v -0.122332 -0.075560 -0.130994
v -0.121063 -0.056953 -0.131992
v -0.119625 -0.039135 -0.132520
v -0.132642 -0.037148 -0.122204
v -0.108372 -0.186641 -0.117632
v -0.122398 -0.185862 -0.111410
v -0.108856 -0.169598 -0.122649
v -0.108881 -0.150850 -0.125941
v -0.109345 -0.132380 -0.130805
v -0.109291 -0.113885 -0.134944
v -0.108938 -0.095373 -0.138316
v -0.107947 -0.076695 -0.140051
v -0.105491 -0.040261 -0.141121
v -0.119563 -0.038357 -0.132543
v -0.093581 -0.182115 -0.121894
v -0.093854 -0.165906 -0.127753
v -0.094013 -0.147969 -0.131903
v -0.094287 -0.130232 -0.137236
v -0.094270 -0.112569 -0.142232
v -0.093725 -0.094627 -0.145504
v -0.092688 -0.076455 -0.147233
v -0.106878 -0.058076 -0.141214
v -0.090189 -0.041201 -0.146993
v -0.105430 -0.039484 -0.141117
v -0.078143 -0.177102 -0.123382
v -0.078223 -0.161551 -0.129662
v -0.078410 -0.144487 -0.134874
v -0.078429 -0.127666 -0.140955
v -0.078284 -0.110992 -0.146788
v -0.077573 -0.093629 -0.149981
v -0.076428 -0.076009 -0.151681
v -0.091610 -0.058410 -0.148315
v -0.073827 -0.041981 -0.149812
v -0.090127 -0.040450 -0.146936
v -0.062528 -0.171750 -0.123233
v -0.062615 -0.156518 -0.128970
v -0.062569 -0.140580 -0.135629
v -0.062271 -0.125149 -0.143112
v -0.061899 -0.109092 -0.148712
v -0.061027 -0.092416 -0.152107
v -0.059750 -0.075466 -0.153925
v -0.075137 -0.058539 -0.152123
v -0.056811 -0.042558 -0.150877
v -0.073769 -0.041258 -0.149711
v -0.047030 -0.165838 -0.121274
v -0.047914 -0.151309 -0.127091
v -0.047766 -0.166119 -0.121367
v -0.047181 -0.151049 -0.126997
v -0.047522 -0.136502 -0.134688
v -0.046771 -0.136299 -0.134641
v -0.046986 -0.121980 -0.142089
v -0.046224 -0.121822 -0.142038
v -0.046288 -0.106751 -0.147584
v -0.045510 -0.106634 -0.147527
v -0.045204 -0.091049 -0.151332
v -0.044415 -0.090981 -0.151294
v -0.043748 -0.074968 -0.152931
v -0.042950 -0.074943 -0.152881
v -0.041954 -0.058772 -0.152095
v -0.038784 -0.043300 -0.148901
v -0.039540 -0.042588 -0.148860
v -0.039641 -0.043265 -0.148995
v 0.169478 -0.162042 -0.068745
v 0.167991 -0.161613 -0.067443
v 0.167733 -0.161781 -0.067801
v 0.169408 -0.145655 -0.070479
v 0.167977 -0.160993 -0.067526
v 0.169726 -0.161246 -0.068464
v 0.168617 -0.129332 -0.072151
v 0.167625 -0.145530 -0.069580
v 0.167601 -0.113161 -0.073690
v 0.166804 -0.129312 -0.071306
v 0.168617 -0.129332 -0.072151
v 0.167101 -0.097019 -0.075368
v 0.165768 -0.113124 -0.072891
v 0.166162 -0.081030 -0.076553
v 0.165258 -0.097005 -0.074590
v 0.164661 -0.065032 -0.077252
v 0.164311 -0.081077 -0.075798
v 0.163921 -0.049041 -0.077909
v 0.162796 -0.065087 -0.076534
v 0.162715 -0.033051 -0.078298
v 0.160845 -0.033123 -0.077602
v 0.162881 -0.033031 -0.077830
v 0.161046 -0.033688 -0.077143
v 0.162919 -0.033616 -0.077833
v 0.150045 -0.173979 -0.092625
v 0.158883 -0.167501 -0.080051
v 0.148562 -0.173508 -0.091365
v 0.155254 -0.033800 -0.093412
v 0.137324 -0.179723 -0.101472
v 0.138628 -0.180249 -0.102898
v 0.135500 -0.036184 -0.120556
v 0.146254 -0.034925 -0.107709
v 0.125311 -0.185945 -0.110795
v 0.124170 -0.185367 -0.109254
v 0.111730 -0.186761 -0.117808
v 0.112476 -0.187405 -0.119552
v 0.122701 -0.037460 -0.131180
v 0.097490 -0.182407 -0.122767
v 0.097337 -0.181691 -0.120902
v 0.108664 -0.038635 -0.139852
v 0.081722 -0.177507 -0.124227
v 0.081876 -0.176754 -0.122376
v 0.093567 -0.039663 -0.146060
v 0.065920 -0.172094 -0.124026
v 0.081876 -0.176754 -0.122376
v 0.066279 -0.171373 -0.122191
v 0.060350 -0.041084 -0.152407
v 0.077237 -0.040551 -0.149016
v 0.050935 -0.166433 -0.122235
v 0.051365 -0.165717 -0.120412
v 0.050304 -0.166194 -0.122159
v 0.050313 -0.165602 -0.122400
v 0.050737 -0.135496 -0.134512
v 0.050200 -0.121155 -0.142196
v 0.049458 -0.106131 -0.147811
v 0.048274 -0.090431 -0.151205
v 0.046744 -0.074427 -0.152631
v 0.044737 -0.058221 -0.153749
v 0.044845 -0.058287 -0.151740
v 0.042262 -0.042600 -0.150689
v 0.042168 -0.042007 -0.150573
v 0.042903 -0.041970 -0.150647
v -0.158645 -0.168667 -0.083341
v -0.166334 -0.162416 -0.070112
v -0.168052 -0.162707 -0.071096
v -0.168238 -0.161775 -0.070955
v -0.166526 -0.162295 -0.069862
v -0.166516 -0.161493 -0.069976
v -0.167651 -0.130235 -0.075070
v -0.166333 -0.146245 -0.072146
v -0.165865 -0.130178 -0.074172
v -0.166652 -0.114096 -0.076650
v -0.164842 -0.114061 -0.075799
v -0.165853 -0.098040 -0.078211
v -0.164027 -0.098051 -0.077397
v -0.164650 -0.082036 -0.079275
v -0.162813 -0.082086 -0.078486
v -0.163440 -0.066075 -0.080087
v -0.161591 -0.066133 -0.079329
v -0.162383 -0.050106 -0.080694
v -0.160525 -0.050173 -0.079959
v -0.161371 -0.034134 -0.080753
v -0.159388 -0.034218 -0.080353
v -0.161413 -0.034802 -0.080750
v -0.159553 -0.034873 -0.080026
v -0.148022 -0.174833 -0.094738
v -0.157016 -0.168261 -0.082251
v -0.153471 -0.034824 -0.096055
v -0.144001 -0.035919 -0.109950
v -0.134886 -0.180506 -0.103134
v -0.146570 -0.174326 -0.093455
v -0.132642 -0.037148 -0.122204
v -0.136137 -0.181001 -0.104616
v -0.122344 -0.186774 -0.111208
v -0.119563 -0.038357 -0.132543
v -0.109014 -0.188100 -0.119170
v -0.123341 -0.187265 -0.112874
v -0.105430 -0.039484 -0.141117
v -0.093813 -0.183645 -0.123455
v -0.108346 -0.187538 -0.117368
v -0.090127 -0.040450 -0.146936
v -0.078020 -0.178658 -0.124912
v -0.093567 -0.182968 -0.121586
v -0.073769 -0.041258 -0.149711
v -0.062160 -0.173281 -0.124762
v -0.078139 -0.177920 -0.123052
v -0.078020 -0.178658 -0.124912
v -0.056784 -0.041702 -0.152775
v -0.056753 -0.041861 -0.150767
v -0.046542 -0.167328 -0.122784
v -0.047758 -0.166899 -0.121066
v -0.047284 -0.167611 -0.122878
v -0.046735 -0.151849 -0.128782
v -0.046552 -0.166554 -0.123084
v -0.046771 -0.136299 -0.134641
v -0.047181 -0.151049 -0.126997
v -0.046224 -0.121822 -0.142038
v -0.044415 -0.090981 -0.151294
v -0.045510 -0.106634 -0.147527
v -0.041026 -0.058718 -0.154037
v -0.042950 -0.074943 -0.152881
v -0.038551 -0.042473 -0.150764
v -0.038654 -0.043152 -0.150901
v -0.056753 -0.041861 -0.150767
v -0.039540 -0.042588 -0.148860
v -0.233073 -0.971468 -0.031349
v -0.091403 -0.953372 0.013931
v -0.233985 -0.972640 -0.030954
v 0.226426 -0.971405 -0.029060
v -0.038681 -0.042625 -0.148765
v -0.062523 -0.172552 -0.122931
v -0.058152 -0.058521 -0.153401
v -0.056784 -0.041702 -0.152775
v -0.058199 -0.058459 -0.155413
v 0.060297 -0.041248 -0.150401
v 0.050304 -0.166194 -0.122159
v 0.050736 -0.165479 -0.120337
v 0.060297 -0.041248 -0.150401
v 0.061854 -0.057915 -0.153036
v 0.061921 -0.057847 -0.155047
v 0.051365 -0.165717 -0.120412
v 0.066279 -0.171373 -0.122191
v 0.050743 -0.164882 -0.120579
v 0.050919 -0.150014 -0.126618
v 0.169726 -0.161246 -0.068464
v 0.169739 -0.161872 -0.068383
v 0.050736 -0.165479 -0.120337
v 0.081722 -0.177507 -0.124227
v 0.097490 -0.182407 -0.122767
v 0.112476 -0.187405 -0.119552
v 0.125311 -0.185945 -0.110795
v 0.138628 -0.180249 -0.102898
v 0.150045 -0.173979 -0.092625
v 0.160528 -0.167880 -0.081126
v 0.169478 -0.162042 -0.068745
v -0.047758 -0.166899 -0.121066
v -0.062523 -0.172552 -0.122931
v -0.047022 -0.166617 -0.120973
v -0.168088 -0.146414 -0.073092
v -0.166333 -0.146245 -0.072146
v -0.047022 -0.166617 -0.120973
v -0.078139 -0.177920 -0.123052
v -0.093813 -0.183645 -0.123455
v -0.109014 -0.188100 -0.119170
v -0.123341 -0.187265 -0.112874
v -0.136137 -0.181001 -0.104616
v -0.148022 -0.174833 -0.094738
v -0.158645 -0.168667 -0.083341
v -0.168052 -0.162707 -0.071096
v 0.169739 -0.161872 -0.068383
v 0.161008 -0.033104 -0.077140
v 0.160528 -0.167880 -0.081126
v 0.161882 -0.049140 -0.077654
v 0.167625 -0.145530 -0.069580
v 0.167977 -0.160993 -0.067526
v 0.162919 -0.033616 -0.077833
v 0.162881 -0.033031 -0.077830
v 0.164661 -0.065032 -0.077252
v 0.163921 -0.049041 -0.077909
v 0.166162 -0.081030 -0.076553
v 0.167101 -0.097019 -0.075368
v 0.167601 -0.113161 -0.073690
v -0.168246 -0.162584 -0.070843
v -0.166526 -0.162295 -0.069862
v -0.166516 -0.161493 -0.069976
v -0.168246 -0.162584 -0.070843
v -0.159510 -0.034205 -0.080029
v -0.161413 -0.034802 -0.080750
v -0.163440 -0.066075 -0.080087
v -0.162258 -0.050134 -0.081009
v -0.164650 -0.082036 -0.079275
v -0.165853 -0.098040 -0.078211
v -0.166652 -0.114096 -0.076650
v -0.167651 -0.130235 -0.075070
v -0.162383 -0.050106 -0.080694
v -0.041146 -0.058784 -0.152029
v -0.161371 -0.034134 -0.080753
v -0.041146 -0.058784 -0.152029
v 0.162048 -0.049100 -0.077213
v 0.042284 -0.042156 -0.148573
v 0.044737 -0.058221 -0.153749
v 0.025080 0.017787 0.127149
v 0.030012 -0.107833 0.129808
v 0.024711 0.017123 0.125310
v 0.024800 0.009658 0.128596
v 0.025276 0.010071 0.130487
v 0.028525 -0.108272 0.128041
v 0.024865 -0.113465 0.127961
v -0.002627 -0.123981 0.130179
v -0.002657 -0.124781 0.130039
v 0.029165 -0.107365 0.128055
v 0.012659 -0.122140 0.130238
v 0.005093 -0.123965 0.130381
v -0.002173 -0.124730 0.130060
v -0.002657 -0.124781 0.130039
v -0.002312 -0.123435 0.128281
v -0.002141 0.017007 0.126354
v -0.002448 0.017424 0.128279
v 0.005093 -0.123965 0.130381
v -0.001726 0.016994 0.126350
v -0.001421 0.008657 0.127297
v -0.001870 -0.115289 0.129720
v -0.002444 0.017216 0.128299
v -0.002285 0.000414 0.129872
v -0.002290 0.008939 0.129078
v -0.002289 -0.008124 0.130674
v -0.002286 -0.016647 0.131182
v -0.002282 -0.025169 0.131523
v -0.002290 -0.036052 0.132028
v -0.002277 -0.044951 0.132234
v -0.002271 -0.053840 0.132574
v -0.002264 -0.064689 0.132822
v -0.002252 -0.073185 0.132883
v -0.002239 -0.081684 0.133002
v -0.002230 -0.090174 0.133016
v -0.002244 -0.098655 0.132815
v 0.030365 0.017832 0.126683
v -0.002290 0.008939 0.129078
v 0.030659 0.009898 0.125597
v -0.002290 0.008939 0.129078
v -0.001298 -0.203791 0.026375
v 0.001467 0.036464 -0.117864
v 0.170913 0.026076 -0.004086
v 0.168201 0.065493 -0.002439
v -0.002448 0.017424 0.128279
v -0.111115 0.022416 0.100976
v 0.234442 -0.810990 -0.064660
v 0.012005 0.017440 0.127963
v -0.233330 -0.907133 -0.044089
v -0.191809 -0.362735 0.002432
v -0.186210 -0.312456 0.004955
v -0.159130 -0.000563 -0.077172
v 0.001467 0.036464 -0.117864
v 0.106321 0.022129 0.103125
v 0.010550 0.033129 0.129671
v 0.005813 0.032719 0.130863
v 0.005843 0.032651 0.129663
v 0.005843 0.040060 0.130161
v 0.010550 0.039582 0.130104
v 0.004091 0.039585 0.130104
v 0.008828 0.039788 0.131337
v 0.005813 0.039789 0.131337
v 0.008798 0.040059 0.130161
v 0.005715 0.040368 0.130167
v 0.007320 0.038545 0.131198
v 0.008436 0.034165 0.128300
v 0.009001 0.032427 0.129543
v 0.008458 0.034233 0.128453
v 0.008538 0.034086 0.128331
v 0.006283 0.034309 0.128421
v 0.005967 0.033312 0.128840
v 0.005861 0.033075 0.128740
v 0.005768 0.032729 0.129579
v 0.007320 0.032010 0.129605
v 0.007320 0.032360 0.129644
v 0.007320 0.032010 0.129605
v 0.008436 0.038794 0.128611
v 0.009001 0.040299 0.130072
v 0.008458 0.038701 0.128753
v 0.008538 0.038867 0.128652
v 0.006283 0.038634 0.128711
v 0.005967 0.039548 0.129259
v 0.005861 0.039799 0.129192
v 0.005768 0.039998 0.130068
v 0.007320 0.040703 0.130189
v 0.007320 0.040703 0.130189
v 0.001250 0.076020 -0.110053
v -0.165464 0.065074 -0.006420
v 0.097192 -0.959014 0.009615
v 0.224371 -0.972105 -0.028460
v 0.166278 0.065871 -0.012420
v -0.018603 0.030064 -0.126621
v 0.012529 0.075651 -0.111584
v -0.166841 0.064713 -0.006749
v -0.077892 0.016395 0.122485
v -0.075620 0.032438 0.122376
v -0.073395 0.048546 0.122420
v -0.069703 0.058818 0.116402
v 0.074683 0.059070 0.116100
v 0.167280 0.062301 -0.002468
v -0.009992 0.072750 -0.112627
v 0.022000 0.038309 -0.122464
v -0.170561 0.016022 -0.018506
v -0.166922 0.062361 -0.016918
v -0.079399 0.056479 0.113283
v 0.072164 0.012599 0.121355
v 0.067669 0.052145 0.122730
v 0.065805 0.055593 0.119831
v -0.166388 0.065287 -0.016702
v 0.065354 0.058519 0.119468
v 0.029027 0.017460 0.124893
v -0.002448 0.017424 0.128279
v -0.001823 0.008658 0.127159
v 0.042168 -0.042007 -0.150573
v -0.038551 -0.042473 -0.150764
v 0.060350 -0.041084 -0.152407
v 0.044845 -0.058287 -0.151740
v -0.168088 -0.146414 -0.073092
v -0.047030 -0.165838 -0.121274
v -0.041026 -0.058718 -0.154037
v 0.043012 -0.042119 -0.148647
v 0.050527 -0.150843 -0.128403
v 0.167991 -0.161613 -0.067443
v 0.160845 -0.033123 -0.077602
v -0.002354 -0.124218 0.128142
v 0.029803 0.017331 0.124839
vn 0.8100 -0.5155 0.2796
vn 0.7982 -0.3084 0.5175
vn 0.6751 -0.6350 0.3756
vn 0.6755 0.5201 0.5227
vn 0.7680 0.4288 0.4757
vn 0.1908 0.6858 0.7023
vn 0.2020 0.6575 0.7258
vn -0.2610 0.7692 0.5832
vn -0.2780 0.6874 0.6709
vn -0.6690 0.6022 0.4357
vn -0.8167 0.3504 0.4586
vn -0.9392 -0.1715 0.2975
vn -0.8819 -0.3852 0.2719
vn -0.8925 -0.4507 -0.0166
vn -0.9912 -0.1180 0.0593
vn -0.9675 0.1071 -0.2289
vn -0.8047 0.5839 -0.1077
vn 0.9654 -0.2436 0.0927
vn 0.8053 0.0194 0.5926
vn 0.7702 0.5405 0.3386
vn 0.1659 0.7327 0.6600
vn -0.2773 0.8906 0.3604
vn -0.4772 0.8579 0.1905
vn -0.8715 0.4660 0.1525
vn -0.9368 -0.3498 0.0037
vn -0.8079 -0.3252 -0.4915
vn 0.9988 -0.0498 0.0029
vn 0.6862 0.6254 0.3714
vn 0.6601 0.6629 0.3533
vn 0.2185 0.8338 0.5069
vn -0.3512 0.7717 0.5302
vn -0.5371 0.7928 0.2882
vn -0.6201 0.7153 0.3221
vn -0.7059 -0.2630 -0.6576
vn 0.9526 -0.1316 0.2744
vn 0.5731 0.2375 0.7843
vn 0.7131 0.6073 0.3503
vn 0.2698 0.7577 0.5942
vn -0.2590 0.4586 0.8501
vn -0.5559 0.1713 0.8134
vn -0.9961 0.0830 0.0285
vn -0.9861 -0.0280 0.1640
vn 0.8883 -0.1334 0.4395
vn 0.3405 -0.2835 0.8965
vn 0.6101 0.3887 0.6904
vn 0.2745 -0.3955 0.8765
vn 0.1473 -0.4380 0.8868
vn 0.1161 -0.6414 0.7584
vn -0.5074 0.1182 0.8536
vn -0.5898 -0.2279 0.7747
vn -0.9401 0.1818 0.2883
vn -0.8189 -0.0637 -0.5704
vn -0.6459 -0.4533 -0.6143
vn 0.9043 -0.0008 0.4270
vn 0.4404 -0.3798 0.8135
vn 0.2027 -0.7040 0.6806
vn 0.0409 -0.9297 0.3660
vn 0.0055 -0.6110 0.7916
vn -0.2297 -0.3990 0.8877
vn -0.9413 0.3218 0.1017
vn -0.9398 0.1582 -0.3028
vn 0.9227 0.1823 0.3398
vn 0.6079 0.1265 0.7839
vn 0.5152 -0.1677 0.8405
vn 0.0844 -0.8817 0.4643
vn -0.2978 -0.2583 0.9190
vn -0.5581 0.6118 0.5605
vn -0.6866 0.3766 0.6219
vn -0.8312 0.5158 0.2075
vn -0.9958 0.0717 -0.0576
vn 0.8557 0.2305 0.4632
vn 0.6621 0.2378 0.7107
vn 0.7299 -0.0289 0.6830
vn 0.2348 -0.5343 0.8121
vn -0.3967 -0.0449 0.9169
vn -0.6685 0.2217 0.7099
vn -0.5383 0.4586 0.7070
vn -0.7511 0.3283 0.5728
vn -0.7964 0.3840 0.4672
vn 0.7973 0.0009 0.6036
vn 0.8473 -0.1973 0.4932
vn 0.2891 -0.3546 0.8892
vn -0.5154 -0.0934 0.8519
vn -0.6607 -0.1143 0.7419
vn -0.8218 -0.1032 0.5604
vn -0.8828 0.0492 0.4672
vn -0.9531 0.1881 0.2372
vn -0.9792 0.1031 0.1745
vn 0.7967 0.0834 0.5986
vn 0.8806 -0.1290 0.4559
vn 0.8533 -0.2573 0.4536
vn 0.2959 -0.1009 0.9499
vn 0.2796 -0.2766 0.9194
vn -0.4930 -0.1037 0.8638
vn -0.6366 -0.1782 0.7503
vn -0.8249 -0.1230 0.5517
vn -0.9360 -0.0727 0.3445
vn -0.9604 0.0796 0.2671
vn 0.8103 -0.0128 0.5859
vn 0.9141 -0.2288 0.3348
vn 0.2074 0.0072 0.9782
vn -0.4022 0.0688 0.9130
vn -0.5930 -0.0677 0.8023
vn -0.8293 -0.1245 0.5448
vn -0.9483 -0.0691 0.3096
vn -0.9789 0.0267 0.2028
vn 0.8676 -0.0958 0.4879
vn 0.9380 -0.2416 0.2487
vn 0.7307 -0.2333 0.6416
vn 0.8111 -0.2778 0.5147
vn 0.0334 0.0787 0.9963
vn -0.3574 0.1985 0.9126
vn -0.4545 0.0925 0.8859
vn -0.8079 -0.1000 0.5808
vn -0.9581 -0.0262 0.2852
vn -0.9891 0.0518 0.1375
vn 0.9173 -0.1331 0.3753
vn 0.9450 -0.2482 0.2130
vn 0.6234 -0.1968 0.7568
vn -0.1179 0.0917 0.9888
vn -0.3484 0.0865 0.9333
vn -0.3369 0.0147 0.9414
vn -0.7459 -0.0404 0.6648
vn -0.9677 0.0224 0.2512
vn -0.9927 0.0792 0.0907
vn 0.9609 -0.1494 0.2332
vn 0.9518 -0.2117 0.2220
vn 0.5609 -0.1998 0.8034
vn -0.1841 -0.1171 0.9759
vn -0.2422 -0.1913 0.9512
vn -0.3566 -0.2283 0.9059
vn -0.7314 0.0350 0.6811
vn -0.9645 0.1007 0.2440
vn -0.9915 0.1074 0.0729
vn 0.9852 -0.1301 0.1112
vn 0.9528 -0.1339 0.2725
vn 0.5920 -0.1150 0.7977
vn -0.1100 -0.3052 0.9459
vn -0.1693 -0.3691 0.9138
vn -0.4874 -0.2948 0.8219
vn -0.7920 0.0681 0.6067
vn -0.9568 0.1161 0.2667
vn -0.9833 0.1460 0.1085
vn 0.9958 -0.0878 0.0254
vn 0.9423 -0.0805 0.3248
vn 0.6217 -0.0527 0.7815
vn 0.0316 -0.2485 0.9681
vn -0.1933 -0.3199 0.9275
vn -0.5772 -0.2050 0.7904
vn -0.8794 -0.0047 0.4760
vn -0.9546 0.1078 0.2779
vn -0.9764 0.1739 0.1281
vn 0.9979 -0.0642 -0.0007
vn 0.9273 -0.0746 0.3668
vn 0.6296 -0.0544 0.7750
vn 0.1421 -0.1649 0.9760
vn -0.2195 -0.2379 0.9462
vn -0.6150 -0.1164 0.7799
vn -0.9245 -0.0142 0.3809
vn -0.9612 0.1625 0.2227
vn -0.9720 0.1855 0.1442
vn 0.9969 -0.0785 0.0003
vn 0.9075 -0.0758 0.4132
vn 0.6315 -0.0480 0.7739
vn 0.2168 -0.1288 0.9677
vn -0.2092 -0.1987 0.9575
vn -0.6754 -0.1032 0.7302
vn -0.9436 0.0768 0.3221
vn -0.9674 0.1672 0.1901
vn -0.9788 0.0489 0.1988
vn 0.9961 -0.0885 0.0054
vn 0.8845 -0.0797 0.4596
vn 0.6279 -0.0491 0.7768
vn 0.2816 -0.1089 0.9533
vn -0.1853 -0.1795 0.9661
vn -0.7362 -0.0834 0.6716
vn -0.9554 0.1068 0.2754
vn -0.9663 0.0676 0.2485
vn -0.9428 -0.1234 0.3097
vn 0.9951 -0.0976 0.0172
vn 0.8628 -0.0857 0.4983
vn 0.6210 -0.0629 0.7813
vn 0.3390 -0.0957 0.9359
vn -0.1653 -0.1622 0.9728
vn -0.7799 -0.0494 0.6240
vn -0.9579 0.0765 0.2766
vn -0.9375 -0.0741 0.3401
vn -0.9382 -0.1383 0.3173
vn 0.9934 -0.1078 0.0395
vn 0.8441 -0.0936 0.5279
vn 0.6108 -0.0812 0.7876
vn 0.3798 -0.0874 0.9209
vn -0.1517 -0.1436 0.9779
vn -0.7970 -0.0353 0.6030
vn -0.9444 -0.0008 0.3287
vn -0.8822 -0.1817 0.4344
vn -0.9788 -0.1260 0.1617
vn 0.9898 -0.1215 0.0740
vn 0.8291 -0.1004 0.5500
vn 0.6012 -0.0964 0.7933
vn 0.4054 -0.0868 0.9100
vn -0.1287 -0.1331 0.9827
vn -0.7896 -0.0605 0.6107
vn -0.9104 -0.0968 0.4022
vn -0.8481 -0.2229 0.4806
vn -0.9981 0.0094 -0.0604
vn 0.9833 -0.1322 0.1250
vn 0.8203 -0.1077 0.5618
vn 0.5967 -0.1194 0.7935
vn 0.4152 -0.1051 0.9036
vn -0.0912 -0.1222 0.9883
vn -0.7622 -0.0920 0.6407
vn -0.8661 -0.1578 0.4743
vn -0.8751 -0.2035 0.4391
vn -0.9518 0.1435 -0.2711
vn 0.9700 -0.1417 0.1976
vn 0.8184 -0.1146 0.5631
vn 0.6054 -0.1395 0.7836
vn 0.4091 -0.1404 0.9016
vn -0.0581 -0.1171 0.9914
vn -0.7183 -0.1045 0.6878
vn -0.8263 -0.1829 0.5328
vn -0.9396 -0.1458 0.3097
vn -0.9289 0.1984 -0.3126
vn 0.9511 -0.1427 0.2739
vn 0.8164 -0.1394 0.5605
vn 0.6238 -0.1540 0.7663
vn 0.3997 -0.1667 0.9014
vn -0.0385 -0.1213 0.9919
vn -0.6642 -0.1174 0.7383
vn -0.7962 -0.1825 0.5769
vn -0.9806 -0.1003 0.1687
vn -0.9318 0.2285 -0.2821
vn 0.9368 -0.1559 0.3132
vn 0.8092 -0.1825 0.5584
vn 0.6405 -0.1685 0.7493
vn 0.3919 -0.1803 0.9022
vn -0.0209 -0.1186 0.9927
vn -0.6074 -0.1213 0.7850
vn -0.7924 -0.1645 0.5875
vn -0.9922 -0.0354 0.1192
vn -0.9234 0.0838 -0.3747
vn 0.9338 -0.1852 0.3060
vn 0.7932 -0.2685 0.5465
vn 0.6401 -0.2074 0.7398
vn 0.3917 -0.1802 0.9023
vn -0.0103 -0.1154 0.9933
vn -0.5515 -0.1007 0.8281
vn -0.8081 -0.1215 0.5764
vn -0.9903 0.0049 0.1386
vn -0.9387 -0.0778 -0.3360
vn 0.9386 -0.2286 0.2584
vn 0.7917 -0.3091 0.5270
vn 0.6182 -0.2436 0.7473
vn 0.3838 -0.1867 0.9044
vn 0.0022 -0.1092 0.9940
vn -0.5055 -0.0756 0.8595
vn -0.8177 -0.0736 0.5709
vn -0.9807 0.0107 0.1950
vn -0.9621 -0.1726 -0.2112
vn 0.9479 -0.2486 0.1992
vn 0.7842 -0.4152 0.4611
vn 0.5787 -0.3460 0.7385
vn 0.3744 -0.2263 0.8992
vn 0.0144 -0.1258 0.9919
vn -0.4706 -0.0620 0.8802
vn -0.8172 -0.0176 0.5761
vn -0.9763 0.0546 0.2092
vn -0.9899 -0.0468 -0.1339
vn 0.9395 -0.3248 0.1088
vn 0.8550 -0.3862 0.3460
vn 0.5429 -0.4718 0.6947
vn 0.3496 -0.3211 0.8801
vn 0.0406 -0.1930 0.9804
vn -0.4251 -0.0946 0.9002
vn -0.8090 -0.0452 0.5861
vn -0.9773 0.0346 0.2090
vn -0.9943 0.0305 -0.1019
vn -0.4053 0.1078 0.9078
vn -0.5809 0.1900 0.7915
vn -0.6651 0.2248 0.7121
vn -0.3797 0.0810 0.9216
vn -0.5329 0.1620 0.8306
vn -0.3759 0.0613 0.9246
vn -0.5184 0.1423 0.8432
vn -0.3670 0.0605 0.9282
vn -0.5118 0.1274 0.8496
vn -0.3555 0.0752 0.9316
vn -0.4971 0.1509 0.8544
vn -0.3560 0.0953 0.9296
vn -0.4923 0.1753 0.8526
vn -0.3788 0.1158 0.9182
vn -0.4885 0.1517 0.8593
vn -0.4047 0.1162 0.9070
vn -0.4777 0.0989 0.8729
vn -0.3384 0.0653 0.9387
vn -0.3356 0.0508 0.9406
vn -0.3248 0.0519 0.9444
vn -0.3164 0.0558 0.9470
vn -0.3159 0.0616 0.9468
vn -0.3336 0.0466 0.9416
vn -0.3557 0.0610 0.9326
vn -0.3563 0.1017 0.9288
vn -0.4111 0.0730 0.9087
vn -0.3088 0.0449 0.9501
vn -0.2990 0.0469 0.9531
vn -0.2938 0.0471 0.9547
vn -0.2977 0.0461 0.9535
vn -0.3083 0.0405 0.9504
vn -0.3110 0.0237 0.9501
vn -0.2921 0.0533 0.9549
vn -0.2750 0.0968 0.9566
vn -0.3483 0.0751 0.9344
vn -0.2684 0.0417 0.9624
vn -0.2667 0.0389 0.9630
vn -0.2717 0.0270 0.9620
vn -0.2723 0.0230 0.9619
vn -0.2628 0.0327 0.9643
vn -0.2405 0.0526 0.9692
vn -0.2135 0.0841 0.9733
vn -0.2124 0.0748 0.9743
vn -0.2885 0.0589 0.9557
vn -0.2219 0.0174 0.9749
vn -0.2198 0.0132 0.9754
vn -0.2083 0.0210 0.9778
vn -0.1922 0.0325 0.9808
vn -0.1762 0.0481 0.9832
vn -0.1639 0.0720 0.9838
vn -0.1557 0.0900 0.9837
vn -0.1619 0.0508 0.9855
vn -0.2342 0.0232 0.9719
vn -0.1569 0.0114 0.9875
vn -0.1449 0.0222 0.9892
vn -0.1352 0.0332 0.9903
vn -0.1283 0.0440 0.9908
vn -0.1239 0.0559 0.9907
vn -0.1216 0.0774 0.9896
vn -0.1181 0.0862 0.9893
vn -0.1188 0.0271 0.9926
vn -0.1772 0.0002 0.9842
vn -0.1183 0.0276 0.9926
vn -0.1146 0.0265 0.9931
vn -0.1141 0.0370 0.9928
vn -0.1127 0.0440 0.9927
vn -0.1141 0.0550 0.9920
vn -0.1142 0.0846 0.9899
vn -0.1108 0.1057 0.9882
vn -0.0774 -0.0648 0.9949
vn -0.1365 -0.0266 0.9903
vn 0.0103 0.0388 0.9992
vn 0.0119 0.0236 0.9996
vn 0.0111 0.0431 0.9990
vn 0.0096 0.0430 0.9990
vn -0.1033 0.1169 0.9878
vn -0.1058 0.1484 0.9832
vn -0.1139 0.1753 0.9779
vn -0.0938 0.0378 0.9949
vn -0.0054 -0.0339 0.9994
vn -0.0165 -0.9983 0.0559
vn -0.0021 -0.9992 0.0407
vn 0.7292 -0.4932 0.4743
vn 0.4389 -0.4559 0.7743
vn 0.2383 -0.2917 0.9264
vn -0.0708 -0.1688 0.9831
vn -0.5072 -0.1027 0.8557
vn -0.8405 -0.0625 0.5382
vn -0.9932 -0.0353 -0.1109
vn -0.0342 -0.9893 0.1418
vn 0.5978 -0.5559 0.5776
vn 0.3461 -0.4269 0.8354
vn 0.1528 -0.2264 0.9620
vn -0.1545 -0.0984 0.9831
vn -0.5580 -0.0732 0.8266
vn -0.8646 -0.0373 0.5011
vn -0.9845 -0.0272 0.1732
vn -0.9857 -0.0298 0.1657
vn -0.0375 -0.9709 0.2367
vn 0.4369 -0.5938 0.6757
vn 0.2493 -0.3444 0.9051
vn 0.0721 -0.1603 0.9844
vn -0.2209 -0.0623 0.9733
vn -0.6049 -0.0341 0.7956
vn -0.8821 -0.0072 0.4710
vn -0.9863 -0.0158 0.1641
vn -0.9894 -0.0787 -0.1219
vn -0.0174 -0.9280 0.3722
vn 0.2861 -0.5245 0.8019
vn 0.1618 -0.2246 0.9609
vn 0.0063 -0.0910 0.9958
vn -0.2749 -0.0284 0.9611
vn -0.6440 0.0103 0.7649
vn -0.8932 0.0218 0.4492
vn -0.9864 0.0053 0.1641
vn -0.9917 -0.0572 -0.1147
vn -0.0023 -0.7765 0.6301
vn 0.1638 -0.3740 0.9128
vn 0.0954 -0.1237 0.9877
vn -0.0405 -0.0140 0.9991
vn -0.3142 0.0200 0.9492
vn -0.6693 0.0473 0.7415
vn -0.8985 0.0511 0.4360
vn -0.9856 0.0269 0.1671
vn -0.9934 -0.0295 -0.1112
vn 0.0014 -0.5268 0.8500
vn 0.0743 -0.2715 0.9596
vn 0.0397 -0.0972 0.9945
vn -0.0749 0.0121 0.9971
vn -0.3366 0.0378 0.9409
vn -0.6832 0.0638 0.7275
vn -0.8997 0.0698 0.4309
vn -0.9844 0.0525 0.1677
vn -0.9935 0.0109 -0.1129
vn 0.0085 -0.3953 0.9185
vn 0.0108 -0.3029 0.9529
vn -0.0215 -0.1386 0.9901
vn -0.1078 0.0023 0.9942
vn -0.3496 0.0494 0.9356
vn -0.6889 0.0850 0.7198
vn -0.8989 0.0796 0.4309
vn -0.9833 0.0875 0.1596
vn -0.9915 0.0579 -0.1164
vn 0.0126 -0.3913 0.9202
vn -0.0412 -0.3151 0.9482
vn -0.0850 -0.1323 0.9876
vn -0.1403 0.0135 0.9900
vn -0.3586 0.0973 0.9284
vn -0.6836 0.1070 0.7220
vn -0.8970 0.1071 0.4288
vn -0.9817 0.1084 0.1568
vn -0.9903 0.0793 -0.1138
vn 0.0084 -0.3842 0.9232
vn -0.0971 -0.2438 0.9649
vn -0.1355 -0.1111 0.9845
vn -0.1782 0.0363 0.9833
vn -0.3633 0.1203 0.9239
vn -0.6762 0.1264 0.7258
vn -0.8941 0.1346 0.4271
vn -0.9792 0.1246 0.1601
vn -0.9905 0.0826 -0.1099
vn 0.0014 -0.2956 0.9553
vn -0.1412 -0.1619 0.9766
vn -0.1740 -0.0916 0.9805
vn -0.2169 0.0384 0.9754
vn -0.3705 0.1001 0.9234
vn -0.6742 0.1481 0.7236
vn -0.8898 0.1564 0.4287
vn -0.9745 0.1602 0.1570
vn -0.9872 0.1155 -0.1101
vn -0.0073 -0.1498 0.9887
vn -0.1586 -0.1016 0.9821
vn -0.2040 -0.0547 0.9774
vn -0.2444 0.0266 0.9693
vn -0.3782 0.1561 0.9125
vn -0.6818 0.2387 0.6915
vn -0.8813 0.2436 0.4050
vn -0.9491 0.2826 0.1390
vn -0.9824 0.1515 -0.1090
vn -0.6459 -0.6976 0.3101
vn -0.8920 -0.4197 -0.1679
vn -0.8558 -0.5127 0.0683
vn -0.9489 -0.1561 -0.2744
vn -0.9547 -0.2812 -0.0973
vn -0.9409 0.0222 -0.3381
vn -0.9611 -0.0996 -0.2577
vn -0.8211 0.0550 -0.5682
vn -0.8503 0.0362 -0.5251
vn -0.6440 0.0815 -0.7607
vn -0.5950 0.0456 -0.8025
vn -0.1620 0.0289 -0.9864
vn -0.1166 -0.0389 -0.9924
vn 0.3403 0.1097 -0.9339
vn 0.3775 0.0368 -0.9253
vn 0.7574 0.0895 -0.6468
vn 0.7998 0.0358 -0.5991
vn 0.9628 -0.0199 -0.2694
vn 0.8709 0.3790 -0.3129
vn 0.9837 -0.0322 -0.1766
vn 0.9239 0.3510 -0.1521
vn 0.9933 -0.0089 -0.1151
vn 0.9302 0.3520 -0.1038
vn -0.8078 -0.5681 0.1570
vn -0.8327 -0.3889 -0.3941
vn -0.8593 -0.2651 -0.4374
vn -0.9097 -0.1281 -0.3949
vn -0.8397 -0.1128 -0.5313
vn -0.6363 -0.0811 -0.7672
vn -0.1860 0.1125 -0.9761
vn 0.3856 0.2494 -0.8883
vn 0.5870 0.3630 -0.7236
vn 0.8640 0.0774 -0.4975
vn 0.9418 -0.2711 -0.1988
vn 0.8456 -0.5065 -0.1687
vn -0.8960 -0.4141 0.1603
vn -0.8680 -0.1267 -0.4801
vn -0.8703 -0.0979 -0.4827
vn -0.8730 -0.0886 -0.4796
vn -0.8664 -0.0655 -0.4951
vn -0.5613 -0.1465 -0.8145
vn -0.0176 0.1246 -0.9920
vn 0.4478 0.3957 -0.8018
vn 0.5967 0.4604 -0.6572
vn 0.6318 0.4330 -0.6429
vn 0.8003 0.0767 -0.5947
vn -0.9865 -0.0860 0.1391
vn -0.7903 -0.1140 -0.6020
vn -0.7943 0.1287 -0.5938
vn -0.8164 0.3292 -0.4744
vn -0.8429 0.3721 -0.3887
vn -0.6299 0.3251 -0.7053
vn 0.0275 0.1141 -0.9931
vn 0.5910 0.0336 -0.8060
vn 0.6376 0.0909 -0.7650
vn 0.6178 0.0571 -0.7843
vn 0.6146 0.0162 -0.7887
vn 0.8911 0.0528 -0.4508
vn 0.8747 -0.3193 -0.3646
vn -0.9987 -0.0177 -0.0485
vn -0.9965 -0.0665 0.0509
vn -0.7644 -0.2666 -0.5871
vn -0.7597 0.0063 -0.6503
vn -0.8507 0.1993 -0.4863
vn -0.7699 0.2906 -0.5681
vn 0.4389 -0.3299 -0.8358
vn 0.5567 -0.4564 -0.6941
vn 0.5348 -0.4213 -0.7325
vn 0.6422 -0.3394 -0.6873
vn 0.8761 -0.1350 -0.4629
vn -0.9331 0.3233 0.1573
vn -0.8733 -0.2276 -0.4307
vn -0.6184 -0.2006 -0.7598
vn -0.5879 -0.3545 -0.7271
vn -0.7155 -0.1834 -0.6741
vn -0.7250 0.0293 -0.6882
vn -0.2593 0.0803 -0.9624
vn -0.4027 -0.0447 -0.9143
vn 0.5476 -0.3976 -0.7363
vn 0.6077 -0.3990 -0.6867
vn 0.7735 -0.2718 -0.5725
vn 0.9621 0.0817 -0.2600
vn -0.7801 0.4286 0.4558
vn -0.6339 -0.2993 -0.7131
vn -0.5612 -0.3885 -0.7308
vn -0.5825 -0.3324 -0.7418
vn -0.6058 -0.3352 -0.7215
vn -0.6228 -0.2846 -0.7288
vn -0.4139 -0.1401 -0.8995
vn 0.1214 -0.0364 -0.9919
vn 0.1481 -0.2909 -0.9452
vn 0.5300 -0.1153 -0.8401
vn 0.6684 -0.1814 -0.7214
vn 0.8895 -0.0813 -0.4496
vn 0.9759 0.2151 0.0362
vn -0.6596 0.3210 0.6796
vn -0.9931 -0.0119 -0.1166
vn -0.7630 -0.1550 -0.6276
vn -0.6104 -0.2378 -0.7555
vn -0.6205 -0.2414 -0.7462
vn -0.5563 -0.1908 -0.8088
vn -0.2675 -0.0162 -0.9634
vn 0.1488 0.1216 -0.9814
vn 0.4419 0.0550 -0.8954
vn 0.6415 -0.0187 -0.7669
vn 0.9648 0.0587 -0.2562
vn 0.8974 0.3192 0.3045
vn -0.9520 0.0209 0.3055
vn -0.9707 0.1659 0.1741
vn -0.6235 -0.1350 -0.7701
vn -0.6169 -0.1339 -0.7756
vn -0.4389 -0.0582 -0.8966
vn -0.1155 0.1427 -0.9830
vn 0.1399 0.2057 -0.9686
vn 0.3263 0.1257 -0.9369
vn 0.6422 0.0667 -0.7636
vn 0.9841 0.1041 -0.1437
vn 0.9088 0.0844 0.4087
vn -0.7231 0.0492 0.6890
vn -0.9239 -0.0626 0.3775
vn -0.9141 0.0007 -0.4054
vn -0.8869 -0.1187 -0.4465
vn -0.6495 -0.0296 -0.7597
vn -0.6087 -0.0344 -0.7926
vn -0.3418 0.0079 -0.9397
vn 0.0013 0.0887 -0.9961
vn 0.1097 0.1013 -0.9888
vn 0.2515 0.1020 -0.9625
vn 0.6585 0.1210 -0.7428
vn 0.9841 0.1194 -0.1315
vn 0.9542 -0.0372 0.2968
vn -0.7592 -0.1561 0.6319
vn -0.9446 -0.0655 0.3216
vn -0.9243 0.0506 -0.3783
vn -0.6841 0.0447 -0.7281
vn -0.5947 0.0252 -0.8035
vn -0.3495 0.0441 -0.9359
vn -0.0271 0.0040 -0.9996
vn 0.1085 -0.0124 -0.9940
vn 0.3103 0.0597 -0.9488
vn 0.7093 0.1413 -0.6906
vn 0.9778 0.1300 -0.1642
vn 0.9822 -0.0248 0.1859
vn -0.8301 -0.1840 0.5263
vn -0.9702 -0.0765 0.2297
vn -0.9176 0.0686 -0.3914
vn -0.7155 0.0846 -0.6935
vn -0.6079 0.0490 -0.7925
vn -0.3935 0.0460 -0.9182
vn -0.0849 0.0011 -0.9964
vn 0.1571 0.0027 -0.9876
vn 0.4023 0.0893 -0.9111
vn 0.7491 0.1571 -0.6435
vn 0.9693 0.1369 -0.2043
vn 0.9943 0.0212 0.1049
vn -0.8902 -0.2067 0.4061
vn -0.9903 -0.0860 0.1088
vn -0.8997 0.0755 -0.4300
vn -0.7408 0.1020 -0.6639
vn -0.6448 0.0746 -0.7607
vn -0.4255 0.0474 -0.9037
vn -0.1151 0.0267 -0.9930
vn 0.1904 0.0491 -0.9805
vn 0.4692 0.1049 -0.8769
vn 0.7803 0.1475 -0.6078
vn 0.9658 0.1289 -0.2250
vn 0.9953 0.0549 0.0797
vn -0.9336 -0.2260 0.2781
vn -0.9973 -0.0695 -0.0224
vn -0.8767 0.0684 -0.4762
vn -0.7526 0.0853 -0.6530
vn -0.6727 0.0839 -0.7351
vn -0.4762 0.0561 -0.8775
vn -0.1319 0.0173 -0.9911
vn 0.2273 0.0481 -0.9726
vn 0.5229 0.1131 -0.8448
vn 0.7974 0.1708 -0.5787
vn 0.9582 0.1375 -0.2510
vn 0.9968 0.0419 0.0679
vn -0.9635 -0.2121 0.1635
vn -0.9896 -0.0340 -0.1398
vn -0.8648 0.0554 -0.4991
vn -0.7545 0.0785 -0.6516
vn -0.6748 0.1233 -0.7276
vn -0.5469 0.1037 -0.8308
vn -0.1627 0.0033 -0.9867
vn 0.2666 0.0335 -0.9632
vn 0.5957 0.1003 -0.7970
vn 0.8306 0.1910 -0.5230
vn 0.9330 0.2055 -0.2954
vn 0.9932 0.0985 0.0623
vn -0.9835 -0.1622 0.0804
vn -0.9772 -0.0169 -0.2115
vn -0.8518 0.0629 -0.5201
vn -0.7162 0.1571 -0.6800
vn -0.6201 0.2364 -0.7481
vn -0.6148 0.2359 -0.7526
vn -0.2702 0.1010 -0.9575
vn 0.3063 0.0564 -0.9503
vn 0.6559 0.1197 -0.7453
vn 0.8803 0.1956 -0.4322
vn 0.9195 0.2642 -0.2912
vn 0.9800 0.1917 0.0538
vn -0.9931 -0.1085 0.0442
vn -0.9638 -0.0228 -0.2657
vn -0.8057 0.0854 -0.5862
vn -0.6401 0.1923 -0.7438
vn -0.6504 0.1501 -0.7446
vn -0.6792 0.0002 -0.7340
vn -0.3456 0.0888 -0.9341
vn 0.2607 0.1780 -0.9489
vn 0.7008 0.1759 -0.6913
vn 0.9115 0.2291 -0.3416
vn 0.9280 0.2840 -0.2411
vn 0.9716 0.2281 -0.0621
vn -0.9944 -0.0974 0.0421
vn -0.9428 -0.0302 -0.3321
vn -0.7684 0.0628 -0.6368
vn -0.6569 0.0593 -0.7516
vn -0.8232 -0.0727 -0.5631
vn -0.7318 -0.2377 -0.6387
vn -0.2276 0.0623 -0.9718
vn 0.2860 0.3498 -0.8921
vn 0.6860 0.3185 -0.6542
vn 0.9281 0.2051 -0.3108
vn 0.9431 0.2719 -0.1914
vn 0.9365 0.2923 -0.1935
vn -0.9929 -0.1059 0.0537
vn -0.9239 -0.0285 -0.3816
vn -0.7821 0.0376 -0.6221
vn -0.7682 -0.0687 -0.6365
vn -0.8722 -0.2596 -0.4146
vn -0.6479 -0.1763 -0.7411
vn 0.0437 0.2763 -0.9601
vn 0.2909 0.5457 -0.7859
vn 0.4732 0.5050 -0.7218
vn 0.9945 0.0223 -0.1022
vn 0.9536 0.2258 -0.1990
vn -0.9917 -0.1130 0.0615
vn -0.9129 -0.0473 -0.4054
vn -0.8013 -0.0456 -0.5965
vn -0.8721 -0.1617 -0.4619
vn -0.8778 -0.2954 -0.3771
vn -0.5320 -0.1223 -0.8379
vn 0.4176 0.0922 -0.9040
vn 0.4866 0.3807 -0.7863
vn 0.3059 0.4990 -0.8108
vn 0.9004 0.1583 -0.4052
vn 0.7214 0.3433 -0.6015
vn 0.9965 -0.0163 -0.0820
vn -0.9906 -0.1172 0.0705
vn -0.9181 -0.0694 -0.3902
vn -0.8563 -0.1317 -0.4994
vn -0.9060 -0.2880 -0.3103
vn -0.8237 -0.2598 -0.5040
vn -0.4531 0.1231 -0.8829
vn 0.4507 0.1084 -0.8861
vn 0.7106 0.0037 -0.7036
vn 0.5209 0.3015 -0.7986
vn 0.5170 0.4346 -0.7374
vn 0.9900 -0.1186 0.0763
vn 0.9934 0.1082 -0.0373
vn -0.9886 -0.1247 0.0847
vn -0.9269 -0.1023 -0.3611
vn -0.9229 -0.2155 -0.3190
vn -0.8895 -0.3543 -0.2887
vn -0.7079 0.0112 -0.7063
vn -0.1979 0.4227 -0.8844
vn 0.2298 0.4116 -0.8819
vn 0.8226 -0.0110 -0.5686
vn 0.5018 0.2427 -0.8303
vn 0.9606 0.0185 -0.2775
vn 0.8792 0.1581 -0.4495
vn -0.9847 -0.1357 0.1096
vn -0.9455 -0.1673 -0.2795
vn -0.9431 -0.3036 -0.1358
vn -0.8424 -0.3009 -0.4469
vn -0.4676 0.1140 -0.8765
vn -0.0409 0.3495 -0.9361
vn -0.0220 0.3470 -0.9376
vn 0.6309 -0.0657 -0.7731
vn 0.4614 0.2063 -0.8629
vn 0.7421 0.0069 -0.6702
vn 0.8228 0.2546 -0.5081
vn 0.9810 -0.1690 0.0952
vn -0.9788 -0.1437 0.1459
vn -0.9692 -0.2087 -0.1306
vn -0.9410 -0.3229 -0.1017
vn -0.8268 -0.2327 -0.5120
vn -0.2757 -0.1068 -0.9553
vn -0.1102 -0.0718 -0.9913
vn -0.0112 -0.0482 -0.9988
vn 0.2676 -0.0570 -0.9618
vn 0.8132 -0.2051 -0.5447
vn 0.7510 -0.2341 -0.6174
vn 0.9159 -0.1902 -0.3534
vn 0.8247 0.0615 -0.5622
vn 0.9924 -0.1220 -0.0161
vn -0.9673 -0.1550 0.2007
vn -0.9755 -0.2192 -0.0193
vn -0.9447 -0.2339 -0.2300
vn -0.8161 0.0706 -0.5736
vn -0.4281 -0.1242 -0.8952
vn -0.1221 -0.4289 -0.8951
vn 0.0692 -0.3648 -0.9285
vn 0.2693 -0.0911 -0.9587
vn 0.7092 0.0756 -0.7009
vn 0.9153 -0.1932 -0.3535
vn 0.9053 -0.1425 -0.4002
vn 0.9949 -0.0300 -0.0968
vn -0.9535 -0.1709 0.2484
vn -0.9852 -0.1710 0.0111
vn -0.9421 -0.1755 -0.2859
vn -0.7235 -0.0759 -0.6862
vn -0.6416 -0.0251 -0.7667
vn -0.3716 -0.2419 -0.8963
vn 0.1713 -0.3635 -0.9157
vn 0.5063 -0.1214 -0.8538
vn 0.6520 0.1717 -0.7385
vn 0.8363 0.0499 -0.5460
vn 0.9172 -0.1803 -0.3552
vn 0.9999 -0.0168 -0.0024
vn -0.9563 -0.1711 0.2371
vn -0.9907 -0.1339 -0.0233
vn -0.9651 -0.0743 -0.2510
vn -0.7452 -0.2249 -0.6278
vn -0.6354 -0.2677 -0.7243
vn -0.4372 -0.1989 -0.8771
vn 0.1313 -0.1675 -0.9771
vn 0.6196 -0.1327 -0.7736
vn 0.7309 -0.0203 -0.6822
vn 0.7532 0.0433 -0.6563
vn 0.8922 -0.0654 -0.4469
vn 0.9905 -0.1353 -0.0231
vn -0.9684 -0.1888 0.1630
vn -0.9871 -0.1516 -0.0522
vn -0.9669 -0.1066 -0.2320
vn -0.8287 -0.1668 -0.5342
vn -0.6321 -0.2414 -0.7363
vn -0.4126 -0.1964 -0.8895
vn 0.0756 -0.1546 -0.9851
vn 0.5891 -0.1604 -0.7920
vn 0.7678 -0.1421 -0.6247
vn 0.7808 -0.0732 -0.6205
vn 0.8993 0.0520 -0.4342
vn 0.9921 0.0932 -0.0842
vn 0.9940 -0.0707 -0.0831
vn -0.9744 -0.2028 0.0966
vn -0.9777 -0.1999 -0.0651
vn -0.9595 -0.1764 -0.2199
vn -0.8599 -0.1732 -0.4801
vn -0.6387 -0.1830 -0.7474
vn -0.4196 -0.1202 -0.8997
vn 0.0413 -0.1516 -0.9876
vn 0.5527 -0.1128 -0.8257
vn 0.7654 -0.0743 -0.6392
vn 0.8272 -0.0487 -0.5599
vn 0.9238 0.0764 -0.3752
vn 0.9917 0.0885 -0.0930
vn -0.9526 -0.3027 0.0295
vn -0.9002 -0.4293 -0.0729
vn -0.9584 -0.2062 -0.1973
vn -0.8672 -0.1694 -0.4682
vn -0.6405 -0.0884 -0.7628
vn -0.3915 -0.0294 -0.9197
vn -0.1147 -0.1313 -0.9847
vn 0.5578 -0.0451 -0.8288
vn 0.7654 0.0049 -0.6435
vn 0.8371 0.0147 -0.5469
vn 0.9333 0.0720 -0.3518
vn 0.9937 0.0376 -0.1053
vn 0.9407 0.0138 -0.3391
vn 0.9925 -0.0366 -0.1169
vn 0.9390 -0.0535 -0.3398
vn 0.9906 -0.0587 -0.1235
vn 0.9406 -0.0540 -0.3352
vn 0.9923 -0.0365 -0.1182
vn 0.9439 -0.0312 -0.3288
vn 0.9936 -0.0141 -0.1120
vn 0.9468 -0.0068 -0.3219
vn 0.9942 0.0197 -0.1058
vn 0.9503 0.0181 -0.3109
vn 0.9933 0.0651 -0.0954
vn 0.9547 0.0301 -0.2962
vn 0.9929 0.0888 -0.0791
vn 0.9588 0.0325 -0.2824
vn 0.9947 0.0833 -0.0610
vn 0.9610 0.0553 -0.2711
vn 0.9934 0.1034 -0.0497
vn 0.9598 0.1023 -0.2615
vn 0.9895 0.1383 -0.0426
vn 0.9605 0.1304 -0.2460
vn 0.9835 0.1704 -0.0603
vn 0.9782 0.2036 -0.0410
vn 0.9669 0.1299 -0.2196
vn 0.9865 0.1633 -0.0087
vn 0.9717 0.1271 -0.1990
vn 0.9877 0.1565 -0.0004
vn 0.9754 0.1278 -0.1794
vn 0.9886 0.1503 0.0050
vn 0.9795 0.1227 -0.1601
vn 0.9886 0.1499 0.0152
vn 0.9824 0.1222 -0.1413
vn 0.9933 0.1129 0.0244
vn 0.8486 0.0071 -0.5290
vn 0.8581 -0.0455 -0.5114
vn 0.8670 -0.0668 -0.4938
vn 0.8797 -0.0572 -0.4720
vn 0.8939 -0.0461 -0.4459
vn 0.9051 -0.0244 -0.4245
vn 0.9116 -0.0027 -0.4110
vn 0.9154 0.0117 -0.4024
vn 0.9181 0.0247 -0.3957
vn 0.9253 0.0583 -0.3747
vn 0.9325 0.0875 -0.3505
vn 0.9389 0.0803 -0.3348
vn 0.9475 0.0738 -0.3112
vn 0.9521 0.0882 -0.2927
vn 0.9544 0.0874 -0.2856
vn 0.9564 0.0921 -0.2771
vn 0.9836 0.1225 -0.1325
vn 0.7708 0.0280 -0.6365
vn 0.7753 -0.0403 -0.6303
vn 0.7879 -0.1005 -0.6075
vn 0.8054 -0.1180 -0.5809
vn 0.8196 -0.1136 -0.5615
vn 0.8314 -0.0755 -0.5506
vn 0.8414 -0.0364 -0.5392
vn 0.8518 -0.0180 -0.5236
vn 0.8616 -0.0111 -0.5075
vn 0.8691 -0.0108 -0.4945
vn 0.8803 0.0229 -0.4739
vn 0.8919 0.0449 -0.4501
vn 0.9015 0.0699 -0.4271
vn 0.9090 0.0910 -0.4068
vn 0.9149 0.0793 -0.3957
vn 0.9581 0.1127 -0.2635
vn 0.6995 0.0373 -0.7137
vn 0.7415 -0.0086 -0.6709
vn 0.7415 -0.1230 -0.6596
vn 0.7390 -0.1389 -0.6592
vn 0.7360 -0.1075 -0.6683
vn 0.7361 -0.0807 -0.6720
vn 0.7516 -0.0782 -0.6550
vn 0.7782 -0.0739 -0.6237
vn 0.7977 -0.0582 -0.6002
vn 0.8096 -0.0375 -0.5858
vn 0.8176 -0.0135 -0.5756
vn 0.8228 0.0094 -0.5682
vn 0.8247 0.0218 -0.5652
vn 0.8962 0.0403 -0.4419
vn 0.8277 0.0296 -0.5604
vn 0.8382 0.0429 -0.5437
vn 0.8523 0.0489 -0.5207
vn 0.8614 0.0707 -0.5030
vn 0.9200 0.0878 -0.3820
vn 0.0435 -0.2026 -0.9783
vn 0.3173 -0.0959 -0.9434
vn 0.5458 -0.0553 -0.8361
vn 0.6196 -0.0422 -0.7838
vn 0.6163 -0.0410 -0.7865
vn 0.6088 -0.0733 -0.7899
vn 0.6170 -0.1533 -0.7719
vn 0.6607 -0.1630 -0.7328
vn 0.6965 -0.1114 -0.7088
vn 0.7156 -0.0812 -0.6937
vn 0.7304 -0.0533 -0.6809
vn 0.7386 -0.0015 -0.6742
vn 0.7370 0.0242 -0.6754
vn 0.7327 0.0273 -0.6800
vn 0.7276 0.0315 -0.6853
vn 0.7109 0.0449 -0.7018
vn 0.6819 0.0959 -0.7251
vn -0.3426 0.0173 -0.9393
vn -0.3643 -0.1572 -0.9179
vn -0.2414 -0.3603 -0.9011
vn 0.0898 -0.2402 -0.9665
vn 0.3155 0.0018 -0.9489
vn 0.3877 -0.0569 -0.9200
vn 0.4267 -0.1564 -0.8908
vn 0.4501 -0.2387 -0.8605
vn 0.4931 -0.1932 -0.8482
vn 0.5406 -0.1412 -0.8294
vn 0.5618 -0.0928 -0.8221
vn 0.5705 -0.0326 -0.8206
vn 0.5786 0.0193 -0.8154
vn 0.5676 0.0467 -0.8220
vn 0.5348 0.0747 -0.8417
vn 0.4810 0.1515 -0.8635
vn 0.3986 0.2262 -0.8888
vn -0.4521 -0.0605 -0.8899
vn -0.3538 -0.0749 -0.9323
vn -0.3717 -0.2787 -0.8855
vn -0.4226 -0.4328 -0.7963
vn -0.2230 -0.3343 -0.9157
vn 0.0282 -0.1075 -0.9938
vn 0.0925 -0.2127 -0.9727
vn 0.1734 -0.2778 -0.9449
vn 0.2543 -0.2814 -0.9253
vn 0.3251 -0.2328 -0.9166
vn 0.3618 -0.1331 -0.9227
vn 0.3706 -0.0662 -0.9264
vn 0.3709 0.0032 -0.9287
vn 0.3486 0.0874 -0.9332
vn 0.3004 0.1712 -0.9383
vn 0.2286 0.2603 -0.9381
vn 0.1640 0.3176 -0.9339
vn -0.7812 -0.2471 -0.5733
vn -0.6398 -0.2191 -0.7367
vn -0.4684 -0.2226 -0.8550
vn -0.4133 -0.2805 -0.8663
vn -0.4847 -0.4670 -0.7396
vn -0.3665 -0.3948 -0.8425
vn -0.1290 -0.2179 -0.9674
vn -0.0477 -0.3847 -0.9218
vn 0.0574 -0.4215 -0.9050
vn 0.1337 -0.3322 -0.9337
vn 0.1723 -0.1858 -0.9674
vn 0.1848 -0.0843 -0.9792
vn 0.1680 0.0120 -0.9857
vn 0.1349 0.1271 -0.9827
vn 0.0975 0.2370 -0.9666
vn 0.0534 0.3195 -0.9461
vn 0.0280 0.3531 -0.9352
vn -0.9173 -0.2526 -0.3079
vn -0.8548 -0.2563 -0.4513
vn -0.7742 -0.2314 -0.5892
vn -0.6445 -0.2500 -0.7226
vn -0.5333 -0.3072 -0.7882
vn -0.5186 -0.5306 -0.6705
vn -0.4239 -0.4966 -0.7574
vn -0.2224 -0.4889 -0.8436
vn -0.0977 -0.5131 -0.8528
vn -0.0139 -0.4064 -0.9136
vn 0.0480 -0.2481 -0.9675
vn 0.0840 -0.1071 -0.9907
vn 0.0844 0.0274 -0.9961
vn 0.0594 0.1483 -0.9872
vn 0.0198 0.2596 -0.9655
vn -0.0220 0.3384 -0.9407
vn -0.0384 0.3650 -0.9302
vn -0.8923 -0.4324 -0.1294
vn -0.8901 -0.3927 -0.2313
vn -0.8403 -0.3981 -0.3680
vn -0.7512 -0.3937 -0.5298
vn -0.6106 -0.4613 -0.6437
vn -0.4411 -0.5898 -0.6764
vn -0.3535 -0.6492 -0.6735
vn -0.2759 -0.6407 -0.7165
vn -0.1742 -0.6467 -0.7425
vn -0.0987 -0.5530 -0.8273
vn -0.0295 -0.3857 -0.9222
vn 0.0200 -0.1903 -0.9815
vn 0.0354 -0.0088 -0.9993
vn 0.0320 0.1523 -0.9878
vn 0.0106 0.3007 -0.9537
vn -0.0207 0.3836 -0.9233
vn -0.0447 0.3822 -0.9230
vn 0.0347 -0.9909 0.1304
vn 0.0328 -0.9975 -0.0621
vn 0.0286 -0.9631 -0.2677
vn 0.0298 -0.8839 -0.4667
vn 0.0245 -0.8045 -0.5934
vn 0.0211 -0.7875 -0.6160
vn 0.0294 -0.7728 -0.6340
vn 0.0336 -0.7387 -0.6732
vn 0.0203 -0.7104 -0.7035
vn 0.0110 -0.6260 -0.7797
vn 0.0044 -0.4669 -0.8843
vn 0.0009 -0.2589 -0.9659
vn 0.0018 -0.0462 -0.9989
vn 0.0025 0.1336 -0.9910
vn 0.0009 0.2843 -0.9587
vn -0.0011 0.3883 -0.9215
vn -0.0020 0.3895 -0.9210
vn 0.9897 0.1378 0.0386
vn 0.9817 0.1357 -0.1336
vn 0.9938 0.1098 0.0179
vn 0.9618 0.1118 -0.2497
vn 0.9879 0.0984 -0.1201
vn 0.9237 0.0909 -0.3722
vn 0.9671 0.0829 -0.2403
vn 0.8614 0.0708 -0.5030
vn 0.8458 0.1123 -0.5216
vn 0.9195 0.0932 -0.3818
vn 0.6012 0.2324 -0.7646
vn 0.7988 0.1556 -0.5812
vn 0.3022 0.2969 -0.9058
vn 0.5350 0.2451 -0.8085
vn 0.1641 0.3175 -0.9339
vn 0.1100 0.3250 -0.9393
vn 0.2754 0.2487 -0.9286
vn 0.0279 0.3531 -0.9352
vn -0.0003 0.3383 -0.9410
vn 0.0826 0.2612 -0.9618
vn -0.0384 0.3651 -0.9302
vn -0.0557 0.3537 -0.9337
vn -0.0192 0.2649 -0.9641
vn -0.0407 0.3504 -0.9357
vn -0.0509 0.2515 -0.9665
vn -0.0019 0.3895 -0.9210
vn -0.0009 0.3450 -0.9386
vn -0.0356 0.2450 -0.9689
vn 0.9977 0.0674 -0.0005
vn 0.9938 0.1097 0.0179
vn 0.9905 0.0757 -0.1152
vn 0.9973 0.0739 0.0038
vn 0.9902 0.0794 -0.1145
vn 0.7174 0.6947 0.0513
vn 0.9681 0.0799 -0.2374
vn 0.9667 0.0926 -0.2387
vn 0.7011 0.7129 -0.0172
vn 0.9195 0.0932 -0.3819
vn 0.9140 0.1061 -0.3916
vn 0.9097 0.1161 -0.3986
vn 0.6877 0.7193 -0.0981
vn 0.7799 0.1512 -0.6074
vn 0.7707 0.1599 -0.6168
vn 0.6498 0.7287 -0.2162
vn 0.5350 0.2450 -0.8085
vn 0.5355 0.1901 -0.8229
vn 0.5269 0.1904 -0.8283
vn 0.5455 0.7460 -0.3819
vn 0.2711 0.2045 -0.9406
vn 0.2634 0.2058 -0.9425
vn 0.3664 0.7582 -0.5394
vn 0.0826 0.2611 -0.9618
vn 0.0816 0.2054 -0.9753
vn 0.0879 0.1903 -0.9778
vn 0.1763 0.7683 -0.6153
vn -0.0097 0.1905 -0.9816
vn 0.0075 0.1636 -0.9865
vn 0.0604 0.7670 -0.6387
vn -0.0375 0.1606 -0.9863
vn -0.0264 0.1327 -0.9908
vn 0.0101 0.7649 -0.6440
vn -0.0383 0.1562 -0.9870
vn -0.0330 0.1127 -0.9931
vn -0.0126 0.7540 -0.6568
vn 0.0017 0.2442 -0.9697
vn 0.0035 0.1532 -0.9882
vn 0.0037 0.1087 -0.9941
vn -0.0173 0.7487 -0.6626
vn 0.0402 -0.1346 0.9901
vn -0.0300 -0.0765 0.9966
vn -0.0053 -0.0339 0.9994
vn 0.0430 -0.0885 0.9952
vn -0.0428 -0.0461 0.9980
vn 0.0432 -0.0483 0.9979
vn -0.0341 0.6542 0.7556
vn 0.0703 -0.1046 0.9920
vn 0.1488 -0.0789 0.9857
vn 0.0899 -0.0818 0.9926
vn 0.0885 -0.0500 0.9948
vn 0.1532 -0.0499 0.9869
vn 0.0489 0.6639 0.7462
vn 0.1616 -0.0345 0.9862
vn 0.2354 -0.0385 0.9711
vn 0.2041 -0.0575 0.9773
vn 0.2174 -0.0460 0.9750
vn 0.2463 -0.0405 0.9684
vn 0.1424 0.6642 0.7339
vn 0.2726 0.0173 0.9620
vn 0.2269 -0.0200 0.9737
vn 0.2918 -0.0231 0.9562
vn 0.3029 -0.0291 0.9526
vn 0.1675 0.6567 0.7353
vn 0.3461 -0.0096 0.9381
vn 0.3608 -0.0116 0.9326
vn 0.2077 0.6594 0.7225
vn 0.3370 0.0383 0.9407
vn 0.4106 0.0055 0.9118
vn 0.4311 0.0181 0.9021
vn 0.2448 0.6625 0.7079
vn 0.4045 0.0407 0.9136
vn 0.4774 0.0331 0.8781
vn 0.4970 0.0581 0.8658
vn 0.2902 0.6870 0.6662
vn 0.4609 0.0733 0.8844
vn 0.5501 0.0536 0.8334
vn 0.5636 0.0952 0.8206
vn 0.3332 0.7054 0.6256
vn 0.5562 0.0509 0.8295
vn 0.6418 0.0749 0.7633
vn 0.6491 0.1275 0.7500
vn 0.3776 0.7201 0.5821
vn 0.6423 0.0401 0.7654
vn 0.7513 0.0910 0.6537
vn 0.7483 0.1435 0.6477
vn 0.4328 0.7312 0.5273
vn 0.7586 0.0359 0.6506
vn 0.8528 0.0890 0.5146
vn 0.8432 0.1460 0.5173
vn 0.5021 0.7345 0.4564
vn 0.8592 0.0336 0.5105
vn 0.9231 0.0833 0.3755
vn 0.9137 0.1382 0.3821
vn 0.5668 0.7382 0.3659
vn 0.9287 0.0335 0.3692
vn 0.9691 0.0703 0.2364
vn 0.9593 0.1247 0.2534
vn 0.6185 0.7351 0.2778
vn 0.9728 0.0350 0.2288
vn 0.9929 0.0541 0.1061
vn 0.9875 0.0994 0.1224
vn 0.6553 0.7296 0.1957
vn 0.9921 0.0492 0.1154
vn 0.9977 0.0674 -0.0006
vn 0.9973 0.0740 0.0039
vn 0.6833 0.7211 0.1146
vn -0.9951 0.0483 0.0867
vn -0.9978 0.0618 -0.0238
vn -0.9945 0.1039 -0.0095
vn -0.9950 0.0572 0.0815
vn -0.9976 0.0675 -0.0169
vn -0.6880 0.7201 0.0903
vn -0.7224 0.6908 0.0300
vn -0.9797 0.0392 0.1967
vn -0.9768 0.0706 0.2022
vn -0.9908 0.0939 0.0970
vn -0.6667 0.7270 0.1641
vn -0.9421 0.0433 0.3326
vn -0.9392 0.0757 0.3349
vn -0.9698 0.1172 0.2141
vn -0.6312 0.7356 0.2460
vn -0.8847 0.0454 0.4639
vn -0.8759 0.0900 0.4740
vn -0.9300 0.1340 0.3422
vn -0.5816 0.7386 0.3410
vn -0.7931 0.0534 0.6067
vn -0.7741 0.1562 0.6135
vn -0.8629 0.1463 0.4837
vn -0.5143 0.7405 0.4325
vn -0.6752 0.0631 0.7349
vn -0.7827 0.1032 0.6137
vn -0.6734 0.1494 0.7240
vn -0.4442 0.7401 0.5049
vn -0.5866 0.0722 0.8067
vn -0.6721 0.0957 0.7343
vn -0.5801 0.1227 0.8053
vn -0.3845 0.7288 0.5666
vn -0.5738 0.0830 0.8148
vn -0.5028 0.0948 0.8592
vn -0.3308 0.7168 0.6138
vn -0.4111 0.0729 0.9087
vn -0.4888 0.0723 0.8694
vn -0.4348 0.0615 0.8984
vn -0.2859 0.7036 0.6505
vn -0.4164 0.0458 0.9080
vn -0.3699 0.0333 0.9285
vn -0.2451 0.6769 0.6941
vn -0.2885 0.0588 0.9557
vn -0.3560 0.0311 0.9340
vn -0.3145 0.0164 0.9491
vn -0.2466 0.0071 0.9691
vn -0.3031 0.0180 0.9528
vn -0.2573 0.0034 0.9663
vn -0.2121 0.6732 0.7084
vn -0.1917 -0.0080 0.9814
vn -0.2040 -0.0086 0.9789
vn -0.1359 0.6714 0.7286
vn -0.1722 0.6741 0.7183
vn -0.1365 -0.0267 0.9903
vn -0.1143 -0.0506 0.9922
vn -0.1656 -0.0216 0.9860
vn -0.1327 -0.0310 0.9907
vn -0.1776 -0.0199 0.9839
vn -0.0927 0.6598 0.7457
vn -0.1177 0.6746 0.7287
vn -0.0301 -0.0765 0.9966
vn -0.0342 0.6542 0.7556
vn -0.9972 0.0735 0.0169
vn -0.9730 0.2116 -0.0924
vn -0.9790 0.1644 -0.1209
vn -0.9622 0.2681 0.0482
vn -0.9811 0.1843 -0.0588
vn -0.9791 0.1943 0.0608
vn -0.9857 0.1628 -0.0444
vn -0.9817 0.1786 0.0656
vn -0.9869 0.1583 -0.0301
vn -0.9806 0.1796 0.0785
vn -0.9869 0.1606 -0.0133
vn -0.9800 0.1761 0.0929
vn -0.9931 0.1175 -0.0010
vn -0.9835 0.1445 0.1085
vn -0.9904 0.1379 0.0111
vn -0.9856 0.1142 0.1250
vn -0.9945 0.1040 -0.0094
vn -0.9880 0.1104 0.1082
vn -0.9536 0.2792 0.1124
vn -0.9729 0.1897 0.1323
vn -0.9716 0.1875 0.1441
vn -0.9673 0.1973 0.1594
vn -0.9689 0.1836 0.1658
vn -0.9710 0.1656 0.1725
vn -0.9762 0.1046 0.1900
vn -0.9951 0.0484 0.0867
vn -0.9711 0.1099 0.2118
vn -0.9327 0.2862 0.2196
vn -0.9437 0.2000 0.2635
vn -0.9387 0.1976 0.2826
vn -0.9378 0.1953 0.2869
vn -0.9413 0.1774 0.2873
vn -0.9375 0.1796 0.2981
vn -0.9408 0.1158 0.3185
vn -0.9326 0.1514 0.3275
vn -0.8934 0.2999 0.3345
vn -0.8992 0.2089 0.3844
vn -0.8955 0.1912 0.4020
vn -0.8932 0.1837 0.4104
vn -0.8909 0.1773 0.4182
vn -0.8814 0.1904 0.4323
vn -0.8846 0.1206 0.4505
vn -0.9421 0.0432 0.3326
vn -0.8854 0.1857 0.4262
vn -0.8492 0.3120 0.4259
vn -0.8427 0.2131 0.4944
vn -0.8297 0.1855 0.5265
vn -0.8219 0.1742 0.5424
vn -0.8089 0.1811 0.5594
vn -0.7966 0.1963 0.5717
vn -0.8016 0.1193 0.5858
vn -0.8847 0.0453 0.4639
vn -0.8239 0.1959 0.5318
vn -0.7892 0.3198 0.5243
vn -0.7705 0.2312 0.5941
vn -0.7436 0.1833 0.6430
vn -0.7161 0.1767 0.6752
vn -0.7009 0.1768 0.6910
vn -0.6935 0.1854 0.6962
vn -0.6882 0.1247 0.7147
vn -0.7931 0.0533 0.6067
vn -0.7464 0.2223 0.6272
vn -0.7399 0.3309 0.5857
vn -0.6981 0.2600 0.6671
vn -0.6591 0.2137 0.7210
vn -0.6409 0.1820 0.7457
vn -0.6326 0.1737 0.7547
vn -0.6153 0.1933 0.7642
vn -0.6087 0.1354 0.7818
vn -0.6752 0.0631 0.7350
vn -0.6651 0.2249 0.7121
vn -0.5810 0.1901 0.7914
vn -0.5329 0.1620 0.8305
vn -0.5185 0.1423 0.8432
vn -0.5119 0.1275 0.8495
vn -0.4972 0.1510 0.8544
vn -0.4924 0.1754 0.8525
vn -0.4886 0.1517 0.8592
vn -0.9549 0.1597 0.2504
vn -0.8482 0.1382 0.5113
vn -0.5979 0.1180 0.7928
vn -0.3017 0.1273 0.9448
vn -0.2541 0.0008 0.9672
vn -0.2041 -0.0346 0.9783
vn -0.1558 -0.0709 0.9853
vn -0.9880 0.1103 0.1082
vn -0.9209 0.1644 0.3536
vn -0.7825 0.1480 0.6048
vn -0.5091 0.1070 0.8541
vn -0.2794 0.0944 0.9555
vn -0.2611 -0.0059 0.9653
vn -0.2010 -0.0242 0.9793
vn -0.1276 -0.0223 0.9916
vn -0.1515 -0.0425 0.9875
vn -0.9711 0.1098 0.2118
vn -0.8774 0.1580 0.4531
vn -0.7023 0.1327 0.6994
vn -0.4088 0.1252 0.9040
vn -0.2803 0.0683 0.9575
vn -0.2604 0.0016 0.9655
vn -0.1954 -0.0143 0.9806
vn -0.1253 -0.0051 0.9921
vn -0.1476 -0.0182 0.9889
vn -0.9326 0.1513 0.3275
vn -0.8179 0.1398 0.5581
vn -0.6111 0.1040 0.7847
vn -0.3297 0.1238 0.9360
vn -0.2915 0.0502 0.9553
vn -0.2530 0.0119 0.9674
vn -0.1884 -0.0033 0.9821
vn -0.1263 0.0276 0.9916
vn -0.1427 -0.0032 0.9898
vn -0.8854 0.1856 0.4262
vn -0.7354 0.1227 0.6664
vn -0.4913 0.0925 0.8661
vn -0.3043 0.0892 0.9484
vn -0.2984 0.0327 0.9539
vn -0.2420 0.0172 0.9701
vn -0.1824 0.0002 0.9832
vn -0.1219 0.0440 0.9916
vn -0.1364 0.0079 0.9906
vn -0.8239 0.1958 0.5318
vn -0.6416 0.1119 0.7588
vn -0.3779 0.0941 0.9211
vn -0.3120 0.0617 0.9481
vn -0.2917 0.0311 0.9560
vn -0.2318 0.0209 0.9725
vn -0.1757 0.0046 0.9844
vn -0.1183 0.0471 0.9919
vn -0.1306 0.0158 0.9913
vn -0.5110 0.0883 0.8550
vn -0.3369 0.0878 0.9374
vn -0.3160 0.0482 0.9475
vn -0.2797 0.0367 0.9594
vn -0.2244 0.0228 0.9742
vn -0.1682 0.0060 0.9857
vn 0.0019 0.0073 1.0000
vn -0.1269 0.0204 0.9917
vn 0.0057 0.0316 0.9995
vn -0.6539 -0.5134 0.5557
vn -0.7366 0.4141 0.5347
vn -0.8372 -0.1371 0.5295
vn -0.5570 0.5312 0.6384
vn -0.2834 0.7582 0.5872
vn -0.5189 0.6339 0.5735
vn -0.3006 0.7006 0.6471
vn 0.1230 0.8046 0.5810
vn 0.1803 0.7535 0.6323
vn 0.6272 0.5914 0.5069
vn 0.7769 0.3843 0.4988
vn 0.9386 -0.2025 0.2795
vn 0.9009 -0.3629 0.2381
vn 0.8981 -0.4397 -0.0134
vn 0.9982 -0.0586 0.0087
vn -0.8575 0.1735 0.4843
vn -0.8960 -0.4142 0.1602
vn -0.3401 0.7731 0.5354
vn -0.5212 0.7350 0.4337
vn 0.1699 0.7629 0.6238
vn 0.4620 0.8200 0.3378
vn 0.9092 0.3842 0.1603
vn 0.9470 -0.3200 0.0276
vn 0.8456 -0.5065 -0.1686
vn -0.9865 -0.0859 0.1391
vn -0.6593 0.6345 0.4034
vn -0.5961 0.2690 0.7565
vn -0.5574 0.6980 0.4496
vn 0.1713 0.7628 0.6235
vn -0.4191 0.7930 0.4422
vn 0.4904 0.8294 0.2676
vn 0.7729 0.6119 0.1681
vn 0.8748 -0.3193 -0.3645
vn 0.9762 0.1850 0.1130
vn -0.5263 0.6455 0.5535
vn -0.4547 -0.0837 0.8867
vn -0.2100 0.0754 0.9748
vn 0.1579 0.5509 0.8195
vn -0.2543 0.2540 0.9332
vn 0.5343 0.2783 0.7981
vn 0.6637 0.2363 0.7097
vn 0.9618 0.1218 0.2452
vn 0.8911 0.0527 -0.4508
vn -0.9987 -0.0177 -0.0486
vn -0.1342 0.0144 0.9909
vn -0.4508 -0.0730 0.8896
vn 0.1426 -0.6466 0.7493
vn 0.1501 -0.7643 0.6272
vn 0.0587 -0.6128 0.7881
vn 0.1516 -0.6929 0.7049
vn 0.5476 -0.2408 0.8013
vn 0.9456 -0.0489 0.3217
vn 0.8761 -0.1350 -0.4628
vn -0.0273 -0.4458 0.8947
vn -0.4832 0.5537 0.6782
vn -0.2445 -0.2713 0.9309
vn -0.1066 -0.6578 0.7456
vn 0.4507 -0.2773 0.8485
vn 0.2509 -0.8260 0.5047
vn 0.8613 0.4613 0.2128
vn 0.7313 0.3616 0.5783
vn 0.9622 0.0817 -0.2600
vn -0.5085 0.5715 0.6441
vn -0.7800 0.4287 0.4559
vn -0.3950 0.1053 0.9126
vn -0.5615 0.2663 0.7835
vn -0.3447 -0.1871 0.9199
vn 0.6727 0.2997 0.6765
vn 0.3945 -0.2288 0.8900
vn 0.7122 0.5612 0.4217
vn 0.7418 0.5849 0.3282
vn -0.6787 0.2582 0.6876
vn -0.6596 0.3210 0.6797
vn -0.5706 0.4751 0.6699
vn -0.8863 -0.0324 0.4620
vn 0.3676 -0.0676 0.9275
vn -0.5714 -0.2541 0.7803
vn 0.7972 0.1603 0.5821
vn 0.8733 0.2128 0.4382
vn 0.8407 0.3322 0.4275
vn 0.8974 0.3192 0.3046
vn -0.8454 -0.0528 0.5315
vn -0.8750 -0.2972 0.3822
vn -0.9029 -0.3113 0.2964
vn 0.4165 -0.0555 0.9074
vn -0.5472 -0.2833 0.7876
vn 0.7969 -0.0484 0.6022
vn 0.8743 -0.1037 0.4742
vn 0.9467 -0.0860 0.3104
vn 0.9087 0.0843 0.4088
vn -0.8750 -0.3646 0.3184
vn -0.8922 -0.2433 0.3806
vn -0.4819 -0.1537 0.8626
vn -0.8568 -0.3123 0.4104
vn 0.4476 0.0339 0.8936
vn 0.7687 -0.0018 0.6397
vn 0.8403 -0.0501 0.5398
vn 0.9509 -0.1141 0.2877
vn -0.9120 -0.3004 0.2792
vn -0.8302 -0.1840 0.5263
vn -0.8457 -0.3590 0.3948
vn -0.3422 0.0456 0.9385
vn -0.7042 -0.2413 0.6677
vn 0.4113 0.2556 0.8749
vn 0.6786 -0.0468 0.7330
vn 0.8175 -0.1200 0.5632
vn 0.9427 -0.0744 0.3251
vn -0.9261 -0.3248 0.1920
vn -0.8902 -0.2067 0.4060
vn -0.7591 -0.3169 0.5686
vn -0.1158 0.1799 0.9769
vn -0.3645 -0.1020 0.9256
vn 0.2833 0.2455 0.9271
vn 0.8379 -0.1535 0.5238
vn 0.4800 -0.0663 0.8747
vn 0.9523 -0.0271 0.3038
vn 0.9943 0.0212 0.1050
vn -0.9356 -0.3151 0.1591
vn -0.9336 -0.2260 0.2780
vn -0.6398 -0.2712 0.7190
vn 0.0796 0.0050 0.9968
vn 0.0516 -0.1162 0.9919
vn 0.1835 -0.0337 0.9824
vn 0.4108 -0.0213 0.9115
vn 0.8068 0.0314 0.5900
vn 0.9585 0.0458 0.2814
vn 0.9953 0.0549 0.0798
vn -0.9409 -0.2632 0.2133
vn -0.9635 -0.2121 0.1634
vn -0.6173 -0.1743 0.7672
vn 0.0465 -0.2803 0.9588
vn 0.0239 -0.1961 0.9803
vn 0.1422 -0.3249 0.9350
vn 0.4865 -0.1598 0.8589
vn 0.8122 0.0964 0.5753
vn 0.9426 0.0804 0.3242
vn 0.9968 0.0419 0.0680
vn -0.9343 -0.1827 0.3061
vn -0.9835 -0.1622 0.0805
vn -0.6311 -0.0912 0.7703
vn -0.0871 -0.2811 0.9557
vn -0.2284 -0.1415 0.9632
vn 0.2511 -0.2913 0.9231
vn 0.6016 0.0306 0.7982
vn 0.8200 0.1835 0.5421
vn 0.9052 0.1200 0.4077
vn 0.9932 0.0985 0.0624
vn -0.9210 -0.1124 0.3731
vn -0.6172 -0.0792 0.7828
vn -0.1958 -0.1820 0.9636
vn -0.3393 -0.1113 0.9341
vn 0.3535 -0.2190 0.9095
vn 0.7065 0.0280 0.7071
vn 0.8200 0.0459 0.5706
vn 0.9051 0.0119 0.4250
vn 0.9800 0.1917 0.0539
vn -0.9037 -0.0888 0.4188
vn -0.9944 -0.0974 0.0422
vn -0.6163 -0.0724 0.7842
vn -0.2570 -0.1379 0.9565
vn -0.4046 -0.0992 0.9091
vn 0.3272 -0.1790 0.9279
vn 0.7456 -0.1581 0.6474
vn 0.7795 -0.1730 0.6020
vn 0.9391 -0.0986 0.3291
vn 0.9717 0.2281 -0.0621
vn -0.8839 -0.0869 0.4595
vn -0.9929 -0.1059 0.0538
vn -0.6208 -0.0732 0.7805
vn -0.2774 -0.1336 0.9514
vn -0.4576 -0.0957 0.8840
vn 0.2534 -0.1283 0.9588
vn 0.6982 -0.2174 0.6821
vn 0.7959 -0.2245 0.5623
vn 0.9789 0.0020 0.2043
vn -0.8619 -0.0885 0.4994
vn -0.9917 -0.1130 0.0616
vn -0.6273 -0.0774 0.7749
vn -0.3048 -0.1265 0.9440
vn -0.5011 -0.0949 0.8601
vn 0.2153 -0.1345 0.9672
vn 0.6440 -0.1705 0.7458
vn 0.8528 -0.1365 0.5040
vn 0.9858 0.1507 0.0735
vn -0.8389 -0.0942 0.5361
vn -0.9906 -0.1172 0.0706
vn -0.6337 -0.0825 0.7691
vn -0.3304 -0.1214 0.9360
vn -0.5326 -0.0947 0.8410
vn 0.1813 -0.1375 0.9738
vn 0.6063 -0.1549 0.7800
vn 0.9114 -0.0701 0.4056
vn 0.9796 0.2011 0.0064
vn 0.9934 0.1082 -0.0374
vn -0.8174 -0.1038 0.5666
vn -0.9886 -0.1247 0.0848
vn -0.6371 -0.0921 0.7652
vn -0.3584 -0.1193 0.9259
vn -0.5528 -0.0994 0.8273
vn 0.1440 -0.1459 0.9788
vn 0.5860 -0.1493 0.7964
vn 0.9505 -0.0223 0.3098
vn 0.9870 0.1569 0.0338
vn 0.9900 -0.1185 0.0762
vn -0.7977 -0.1111 0.5927
vn -0.6399 -0.0967 0.7623
vn -0.3826 -0.1217 0.9159
vn -0.5684 -0.1049 0.8161
vn 0.1029 -0.1440 0.9842
vn 0.5894 -0.1318 0.7970
vn 0.9620 0.0298 0.2715
vn 0.9910 0.0459 0.1260
vn 0.9810 -0.1690 0.0953
vn -0.7830 -0.1199 0.6104
vn -0.6429 -0.1218 0.7562
vn -0.4034 -0.1241 0.9066
vn -0.5848 -0.1181 0.8026
vn 0.0599 -0.1394 0.9884
vn 0.6199 -0.1166 0.7759
vn 0.9466 0.0542 0.3179
vn 0.9660 -0.0944 0.2406
vn 0.9924 -0.1220 -0.0162
vn -0.7788 -0.1198 0.6157
vn -0.9673 -0.1550 0.2008
vn -0.6461 -0.1460 0.7491
vn -0.4033 -0.1467 0.9032
vn -0.5779 -0.1538 0.8015
vn 0.0145 -0.1334 0.9910
vn 0.6506 -0.1164 0.7504
vn 0.9172 0.0184 0.3980
vn 0.9317 -0.1947 0.3068
vn 0.9949 -0.0299 -0.0968
vn -0.7686 -0.1759 0.6150
vn -0.6637 -0.1597 0.7308
vn -0.4021 -0.1576 0.9019
vn -0.5903 -0.1618 0.7908
vn -0.0170 -0.1296 0.9914
vn 0.6371 -0.1249 0.7606
vn 0.8849 -0.0788 0.4590
vn 0.9267 -0.2288 0.2980
vn 0.9999 -0.0168 -0.0023
vn -0.7645 -0.2748 0.5832
vn -0.9563 -0.1711 0.2372
vn -0.6446 -0.2368 0.7269
vn -0.3994 -0.1493 0.9046
vn -0.5734 -0.1932 0.7962
vn -0.0341 -0.1202 0.9922
vn 0.5719 -0.1023 0.8139
vn 0.8406 -0.1447 0.5219
vn 0.9173 -0.2446 0.3142
vn 0.9905 -0.1353 -0.0230
vn -0.7717 -0.3080 0.5563
vn -0.9684 -0.1888 0.1631
vn -0.6029 -0.2072 0.7705
vn -0.3716 -0.1492 0.9163
vn -0.5082 -0.1882 0.8404
vn -0.0417 -0.1154 0.9924
vn 0.4998 -0.0683 0.8634
vn 0.8123 -0.1338 0.5677
vn 0.9274 -0.0871 0.3637
vn -0.7986 -0.3041 0.5194
vn -0.5609 -0.2482 0.7898
vn -0.3852 -0.1483 0.9108
vn -0.5202 -0.1851 0.8337
vn -0.0512 -0.1148 0.9921
vn 0.4406 -0.0432 0.8966
vn 0.8041 -0.0825 0.5888
vn 0.9511 0.0289 0.3075
vn 0.9921 0.0932 -0.0841
vn -0.8349 -0.3554 0.4203
vn -0.5102 -0.3980 0.7624
vn -0.3524 -0.2353 0.9058
vn -0.4315 -0.3431 0.8343
vn -0.0609 -0.1365 0.9888
vn 0.4033 -0.0549 0.9134
vn 0.7981 -0.0403 0.6012
vn 0.9621 0.0673 0.2641
vn -0.8837 -0.3907 0.2579
vn -0.0022 -0.9992 0.0407
vn -0.5324 -0.4160 0.7372
vn -0.2949 -0.3341 0.8952
vn -0.3231 -0.4340 0.8410
vn -0.0761 -0.1746 0.9817
vn 0.3508 -0.0882 0.9323
vn 0.7796 -0.0523 0.6241
vn 0.9700 0.0007 0.2432
vn 0.9937 0.0376 -0.1052
vn 0.5262 0.1625 0.8347
vn 0.3791 0.0625 0.9233
vn 0.6139 0.1761 0.7695
vn 0.4995 0.1229 0.8576
vn 0.3741 0.0453 0.9263
vn 0.4961 0.0847 0.8641
vn 0.3731 0.0246 0.9275
vn 0.4847 0.0888 0.8701
vn 0.3643 0.0276 0.9309
vn 0.4772 0.1114 0.8717
vn 0.3614 0.0411 0.9315
vn 0.4765 0.1340 0.8689
vn 0.3664 0.0619 0.9284
vn 0.4682 0.1255 0.8747
vn 0.3774 0.0909 0.9216
vn 0.4609 0.0734 0.8844
vn 0.3944 0.0918 0.9143
vn 0.3450 0.0291 0.9381
vn 0.3424 0.0194 0.9393
vn 0.3380 0.0160 0.9410
vn 0.3373 0.0174 0.9412
vn 0.3371 0.0262 0.9411
vn 0.3384 0.0364 0.9403
vn 0.3450 0.0604 0.9366
vn 0.4045 0.0408 0.9136
vn 0.3428 0.0785 0.9361
vn 0.3189 0.0102 0.9477
vn 0.3147 0.0078 0.9492
vn 0.3116 0.0050 0.9502
vn 0.3054 0.0123 0.9522
vn 0.2956 0.0253 0.9550
vn 0.2852 0.0283 0.9580
vn 0.2692 0.0540 0.9616
vn 0.3370 0.0384 0.9407
vn 0.2542 0.0749 0.9642
vn 0.2822 -0.0018 0.9594
vn 0.2761 -0.0020 0.9611
vn 0.2677 0.0034 0.9635
vn 0.2586 0.0179 0.9658
vn 0.2489 0.0374 0.9678
vn 0.2342 0.0526 0.9708
vn 0.2137 0.0812 0.9735
vn 0.2128 0.0514 0.9757
vn 0.2541 -0.0009 0.9672
vn 0.2414 0.0054 0.9704
vn 0.2169 0.0109 0.9761
vn 0.1992 0.0183 0.9798
vn 0.1828 0.0426 0.9822
vn 0.1686 0.0665 0.9834
vn 0.1469 0.0956 0.9845
vn 0.1309 0.0484 0.9902
vn 0.2205 0.0423 0.9745
vn 0.1348 -0.0004 0.9909
vn 0.2463 0.0135 0.9691
vn 0.1801 0.0403 0.9828
vn 0.1094 0.0475 0.9929
vn 0.1550 0.0340 0.9873
vn 0.0930 0.0425 0.9948
vn 0.1283 0.0566 0.9901
vn 0.0843 0.0411 0.9956
vn 0.1098 0.0823 0.9905
vn 0.0738 0.0610 0.9954
vn 0.0755 0.1159 0.9904
vn 0.0637 0.0960 0.9933
vn 0.0656 0.0224 0.9976
vn 0.0514 0.1275 0.9905
vn 0.1125 -0.1166 0.9868
vn 0.0519 0.0052 0.9986
vn 0.0701 0.0351 0.9969
vn 0.0730 0.0300 0.9969
vn 0.0791 0.0261 0.9965
vn 0.0765 0.0380 0.9963
vn 0.0786 0.0602 0.9951
vn 0.0848 0.0906 0.9923
vn 0.0970 0.1117 0.9890
vn 0.0858 0.0043 0.9963
vn 0.0103 0.0389 0.9992
vn 0.0120 0.0236 0.9996
vn 0.0112 0.0431 0.9990
vn 0.0097 0.0430 0.9990
vn -0.1138 0.1753 0.9779
vn 0.1457 0.0944 0.9848
vn -0.0165 -0.9983 0.0558
vn -0.7637 -0.5057 0.4014
vn -0.2784 -0.4132 0.8670
vn -0.2171 -0.3130 0.9246
vn 0.0252 -0.1569 0.9873
vn 0.4388 -0.0792 0.8951
vn 0.8089 -0.0453 0.5862
vn 0.9925 -0.0366 -0.1168
vn 0.9768 -0.0556 0.2066
vn -0.0341 -0.9893 0.1418
vn -0.3823 -0.4146 0.8258
vn -0.6222 -0.5334 0.5730
vn -0.2200 -0.3574 0.9077
vn -0.1429 -0.2348 0.9615
vn 0.0964 -0.1167 0.9885
vn 0.4999 -0.0324 0.8655
vn 0.8293 -0.0114 0.5586
vn 0.9799 -0.0269 0.1978
vn -0.2886 -0.4095 0.8655
vn -0.4463 -0.5397 0.7138
vn -0.1528 -0.2762 0.9489
vn -0.0743 -0.1693 0.9828
vn 0.1666 -0.0713 0.9834
vn 0.5512 0.0107 0.8343
vn 0.8447 0.0240 0.5346
vn 0.9906 -0.0587 -0.1234
vn 0.9813 0.0057 0.1922
vn -0.2028 -0.3450 0.9164
vn -0.2773 -0.4954 0.8232
vn -0.0883 -0.1890 0.9780
vn -0.0138 -0.0839 0.9964
vn 0.2249 -0.0082 0.9743
vn 0.5905 0.0462 0.8057
vn 0.8557 0.0535 0.5147
vn 0.9923 -0.0365 -0.1181
vn 0.9812 0.0359 0.1894
vn -0.1273 -0.2587 0.9575
vn -0.1547 -0.3660 0.9177
vn -0.0386 -0.0412 0.9984
vn 0.0263 0.0091 0.9996
vn 0.2658 0.0563 0.9624
vn 0.6135 0.0971 0.7837
vn 0.8597 0.0903 0.5027
vn 0.9789 0.0677 0.1926
vn -0.0587 -0.1000 0.9933
vn -0.0575 -0.2391 0.9693
vn -0.0118 -0.0271 0.9996
vn 0.0546 0.0203 0.9983
vn 0.2942 0.0978 0.9507
vn 0.6219 0.1169 0.7743
vn 0.8594 0.1249 0.4959
vn 0.9742 0.1074 0.1985
vn -0.0151 -0.0546 0.9984
vn 0.0142 -0.2836 0.9588
vn 0.0437 -0.0845 0.9955
vn 0.1017 0.0135 0.9947
vn 0.3124 0.0952 0.9452
vn 0.6279 0.1087 0.7707
vn 0.8607 0.1455 0.4879
vn 0.9933 0.0651 -0.0953
vn 0.9697 0.1358 0.2033
vn 0.0430 -0.1505 0.9877
vn 0.0616 -0.3325 0.9411
vn 0.1086 -0.0817 0.9907
vn 0.1470 0.0130 0.9890
vn 0.3237 0.0987 0.9410
vn 0.6315 0.1189 0.7662
vn 0.8640 0.1366 0.4846
vn 0.9692 0.1303 0.2091
vn 0.0084 -0.3843 0.9232
vn 0.1125 -0.1485 0.9825
vn 0.1150 -0.2770 0.9540
vn 0.1636 -0.0720 0.9839
vn 0.1878 0.0116 0.9821
vn 0.3348 0.0951 0.9375
vn 0.6316 0.1208 0.7658
vn 0.8650 0.1273 0.4853
vn 0.9947 0.0833 -0.0609
vn 0.9682 0.1302 0.2136
vn 0.0015 -0.2956 0.9553
vn 0.1690 -0.1248 0.9777
vn 0.1560 -0.2283 0.9610
vn 0.2140 -0.0711 0.9742
vn 0.2267 0.0001 0.9740
vn 0.3493 0.0731 0.9342
vn 0.6327 0.1246 0.7643
vn 0.8635 0.1435 0.4834
vn 0.9934 0.1034 -0.0496
vn 0.9647 0.1543 0.2134
vn 0.2158 -0.1197 0.9691
vn 0.1631 -0.1144 0.9799
vn 0.2514 -0.0564 0.9662
vn 0.2576 -0.0023 0.9663
vn 0.3549 0.1242 0.9266
vn 0.6434 0.1997 0.7390
vn 0.8663 0.2037 0.4561
vn 0.9895 0.1383 -0.0425
vn 0.9447 0.2630 0.1961
vn 0.6751 -0.6350 0.3755
vn 0.9031 -0.4256 -0.0579
vn 0.8100 -0.5155 0.2795
vn 0.7384 -0.6563 0.1551
vn 0.9283 -0.2693 -0.2565
vn 0.8787 -0.4722 -0.0693
vn 0.9336 -0.1482 -0.3263
vn 0.9381 -0.2479 -0.2420
vn 0.7475 -0.1171 -0.6539
vn 0.8084 -0.1560 -0.5675
vn 0.4642 0.0206 -0.8855
vn 0.5663 0.2633 -0.7810
vn 0.2990 0.1149 -0.9473
vn 0.2015 0.3151 -0.9274
vn -0.2710 0.1526 -0.9504
vn -0.3706 0.0590 -0.9269
vn -0.6872 0.2240 -0.6911
vn -0.7062 0.1740 -0.6863
vn -0.9247 0.2110 -0.3169
vn -0.9170 0.1606 -0.3653
vn -0.9566 0.2723 -0.1040
vn -0.7928 0.5650 -0.2285
vn 0.8798 -0.3606 -0.3099
vn 0.8850 0.0838 -0.4580
vn 0.9164 0.2478 -0.3144
vn 0.7830 0.2170 -0.5829
vn 0.5589 -0.0577 -0.8273
vn 0.1870 -0.1080 -0.9764
vn -0.2879 0.1822 -0.9402
vn -0.7084 0.2988 -0.6394
vn -0.8447 0.3330 -0.4190
vn -0.9376 0.0560 -0.3432
vn 0.9988 -0.0499 0.0030
vn 0.7180 -0.4286 -0.5485
vn 0.8811 0.1809 -0.4369
vn 0.6418 -0.2284 -0.7321
vn 0.8265 0.3809 -0.4145
vn 0.1857 0.0346 -0.9820
vn 0.7511 0.1982 -0.6297
vn -0.4380 0.1465 -0.8870
vn -0.7075 0.2375 -0.6656
vn -0.8085 0.1466 -0.5699
vn -0.7752 -0.1143 -0.6212
vn -0.8078 -0.3252 -0.4916
vn 0.6960 -0.4439 -0.5644
vn 0.4429 -0.4835 -0.7550
vn 0.6372 -0.2123 -0.7409
vn 0.7863 0.3187 -0.5294
vn 0.8164 0.1377 -0.5608
vn 0.3458 0.1567 -0.9251
vn -0.6608 -0.2717 -0.6996
vn -0.4608 -0.1801 -0.8690
vn -0.6425 -0.3235 -0.6947
vn -0.5669 -0.4478 -0.6914
vn 0.7950 -0.2097 -0.5691
vn 0.8882 -0.1334 0.4396
vn 0.5249 -0.4223 -0.7390
vn 0.4243 -0.4827 -0.7661
vn 0.5777 -0.3115 -0.7545
vn 0.7475 -0.0790 -0.6595
vn 0.4099 -0.1475 -0.9001
vn -0.5432 -0.5322 -0.6494
vn -0.1937 -0.4086 -0.8919
vn -0.5676 -0.5314 -0.6288
vn -0.6567 -0.3669 -0.6589
vn -0.8188 -0.0638 -0.5705
vn 0.9122 -0.0245 -0.4091
vn 0.9042 -0.0008 0.4270
vn 0.5205 -0.3402 -0.7832
vn 0.7133 -0.2016 -0.6712
vn 0.4867 -0.4335 -0.7584
vn 0.5824 -0.3671 -0.7253
vn 0.3944 -0.1551 -0.9058
vn -0.5625 -0.2318 -0.7936
vn -0.1035 -0.1163 -0.9878
vn -0.7092 -0.2582 -0.6561
vn -0.8754 -0.1549 -0.4580
vn 0.9615 0.0610 -0.2679
vn 0.9227 0.1823 0.3397
vn 0.7930 -0.0314 -0.6085
vn 0.6760 -0.1117 -0.7283
vn 0.5876 -0.2049 -0.7828
vn 0.4953 -0.1861 -0.8486
vn 0.2616 -0.0237 -0.9649
vn -0.1358 0.1011 -0.9856
vn -0.5000 0.0377 -0.8652
vn -0.7371 -0.0195 -0.6755
vn -0.9120 -0.0177 -0.4099
vn -0.9958 0.0717 -0.0577
vn 0.8558 0.2305 0.4632
vn 0.8142 0.0041 -0.5806
vn 0.9951 0.0394 -0.0902
vn 0.7194 -0.0152 -0.6944
vn 0.6253 -0.0382 -0.7794
vn 0.4061 0.0250 -0.9135
vn 0.1467 0.1885 -0.9710
vn -0.0982 0.2183 -0.9709
vn -0.4095 0.1155 -0.9050
vn -0.7223 0.0442 -0.6901
vn -0.9119 0.0603 -0.4059
vn -0.9792 0.1032 0.1745
vn 0.7968 0.0834 0.5985
vn 0.8238 0.0198 -0.5666
vn 0.9990 0.0125 0.0428
vn 0.7385 0.0106 -0.6742
vn 0.6270 0.0063 -0.7790
vn 0.3033 0.0616 -0.9509
vn 0.0345 0.1792 -0.9832
vn -0.0390 0.2067 -0.9776
vn -0.3045 0.1500 -0.9406
vn -0.6883 0.0943 -0.7192
vn -0.9496 0.0885 -0.3009
vn -0.9531 0.1880 0.2371
vn 0.9940 0.0487 0.0980
vn 0.8409 0.0435 -0.5394
vn 0.7482 0.0263 -0.6629
vn 0.6240 0.0269 -0.7810
vn 0.2810 0.0372 -0.9590
vn -0.0174 0.0264 -0.9995
vn -0.0332 0.0557 -0.9979
vn -0.2737 0.0981 -0.9568
vn -0.6838 0.1218 -0.7195
vn -0.9679 0.1113 -0.2255
vn -0.9604 0.0796 0.2670
vn 0.9946 0.0205 0.1015
vn 0.8630 0.0717 -0.5001
vn 0.7636 0.0495 -0.6438
vn 0.6311 0.0428 -0.7745
vn 0.3435 0.0435 -0.9382
vn 0.0286 -0.0276 -0.9992
vn -0.0965 -0.0220 -0.9951
vn -0.3381 0.0727 -0.9383
vn -0.7253 0.1305 -0.6759
vn -0.9673 0.1330 -0.2160
vn -0.9789 0.0268 0.2027
vn 0.9984 0.0157 0.0534
vn 0.8710 0.0878 -0.4834
vn 0.7847 0.0683 -0.6160
vn 0.6449 0.0454 -0.7629
vn 0.3838 0.0428 -0.9224
vn 0.0829 0.0126 -0.9965
vn -0.1560 0.0213 -0.9875
vn -0.4127 0.1043 -0.9049
vn -0.7596 0.1474 -0.6335
vn -0.9634 0.1500 -0.2220
vn -0.9892 0.0518 0.1375
vn 0.9991 0.0182 -0.0377
vn 0.9609 -0.1493 0.2332
vn 0.8788 0.0988 -0.4668
vn 0.8088 0.0856 -0.5818
vn 0.6784 0.0666 -0.7317
vn 0.4144 0.0349 -0.9094
vn 0.1016 0.0212 -0.9946
vn -0.2003 0.0528 -0.9783
vn -0.4722 0.1188 -0.8735
vn -0.7883 0.1461 -0.5977
vn -0.9657 0.1456 -0.2152
vn -0.9927 0.0792 0.0906
vn 0.9910 0.0120 -0.1332
vn 0.8801 0.0740 -0.4690
vn 0.8139 0.0884 -0.5742
vn 0.7103 0.1002 -0.6967
vn 0.4743 0.0394 -0.8795
vn 0.0968 0.0062 -0.9953
vn -0.2501 0.0771 -0.9651
vn -0.5140 0.1362 -0.8469
vn -0.8044 0.1449 -0.5762
vn -0.9710 0.1298 -0.2005
vn -0.9915 0.1075 0.0728
vn 0.9785 0.0167 -0.2058
vn 0.9958 -0.0877 0.0253
vn 0.8774 0.0642 -0.4754
vn 0.7962 0.1120 -0.5945
vn 0.7169 0.1596 -0.6786
vn 0.5805 0.1066 -0.8073
vn 0.0821 0.0049 -0.9966
vn -0.3208 0.1070 -0.9411
vn -0.5377 0.1479 -0.8301
vn -0.8080 0.1370 -0.5730
vn -0.9785 0.1205 -0.1674
vn -0.9833 0.1460 0.1084
vn 0.9668 0.0050 -0.2556
vn 0.9979 -0.0642 -0.0008
vn 0.8600 0.0777 -0.5043
vn 0.7564 0.1547 -0.6355
vn 0.7287 0.1417 -0.6701
vn 0.6630 0.0626 -0.7460
vn 0.1291 0.0986 -0.9867
vn -0.3876 0.1645 -0.9070
vn -0.5249 0.1713 -0.8337
vn -0.8079 0.1364 -0.5732
vn -0.9840 0.1419 -0.1074
vn -0.9764 0.1739 0.1280
vn 0.9498 -0.0150 -0.3126
vn 0.8273 0.0729 -0.5570
vn 0.7608 0.0749 -0.6446
vn 0.8303 -0.0527 -0.5549
vn 0.6677 -0.1085 -0.7365
vn 0.1090 0.1359 -0.9847
vn -0.4006 0.2129 -0.8912
vn -0.4883 0.1976 -0.8500
vn -0.8058 0.1512 -0.5726
vn -0.9916 0.1274 -0.0222
vn 0.9339 -0.0350 -0.3558
vn 0.8235 0.0008 -0.5673
vn 0.8558 -0.0882 -0.5097
vn 0.8729 -0.2660 -0.4091
vn 0.5396 -0.0512 -0.8404
vn -0.0550 0.4212 -0.9053
vn -0.3047 0.5088 -0.8051
vn -0.4427 0.4232 -0.7905
vn -0.7527 0.2672 -0.6017
vn -0.9990 0.0390 -0.0223
vn 0.9328 -0.0521 -0.3567
vn 0.9951 -0.0976 0.0171
vn 0.8717 -0.0980 -0.4801
vn 0.8948 -0.2566 -0.3653
vn 0.8698 -0.2530 -0.4236
vn 0.3616 -0.0549 -0.9307
vn -0.4271 0.1850 -0.8851
vn -0.2878 0.4095 -0.8657
vn -0.2920 0.4822 -0.8260
vn -0.5211 0.4030 -0.7524
vn -0.9831 0.0197 -0.1822
vn 0.9398 -0.0930 -0.3290
vn 0.9934 -0.1078 0.0394
vn 0.9288 -0.1813 -0.3231
vn 0.8997 -0.2857 -0.3300
vn 0.7795 -0.0518 -0.6243
vn 0.3133 0.2070 -0.9268
vn -0.4021 -0.0742 -0.9126
vn -0.5817 0.0123 -0.8133
vn -0.3957 0.3175 -0.8618
vn -0.5224 0.2690 -0.8092
vn -0.9382 -0.1383 0.3172
vn -0.9057 0.1293 -0.4038
vn 0.9603 -0.1412 -0.2405
vn 0.9444 -0.2459 -0.2181
vn 0.8631 -0.1477 -0.4830
vn 0.5457 0.2335 -0.8048
vn 0.2658 0.4022 -0.8761
vn -0.2637 0.2125 -0.9409
vn -0.6567 -0.0353 -0.7533
vn -0.7111 0.1390 -0.6892
vn -0.4237 0.3320 -0.8428
vn -0.8343 0.2810 -0.4743
vn 0.9758 -0.1855 -0.1157
vn 0.9833 -0.1322 0.1249
vn 0.9335 -0.2346 -0.2711
vn 0.7410 0.0478 -0.6698
vn 0.3521 0.2460 -0.9031
vn 0.3352 0.2022 -0.9202
vn 0.0567 0.0386 -0.9976
vn -0.6634 -0.0295 -0.7476
vn -0.4848 0.3384 -0.8065
vn -0.8779 0.2020 -0.4342
vn -0.6737 0.4033 -0.6192
vn -0.9788 -0.1259 0.1617
vn 0.9773 -0.2116 -0.0072
vn 0.9700 -0.1417 0.1975
vn 0.8924 -0.2223 -0.3926
vn 0.6485 0.0259 -0.7608
vn 0.4783 -0.0118 -0.8781
vn 0.4916 -0.1875 -0.8504
vn 0.1668 -0.1966 -0.9662
vn -0.7107 -0.0714 -0.6999
vn -0.9386 -0.0713 -0.3375
vn -0.7236 0.1635 -0.6706
vn -0.6090 0.3757 -0.6985
vn 0.9800 -0.1962 0.0335
vn 0.9231 -0.2004 -0.3283
vn 0.6276 -0.2432 -0.7396
vn 0.6057 -0.3259 -0.7259
vn 0.5158 -0.3481 -0.7828
vn 0.1114 -0.2150 -0.9702
vn -0.6010 -0.1126 -0.7912
vn -0.8954 -0.2665 -0.3568
vn -0.8679 -0.2008 -0.4543
vn -0.7151 0.0229 -0.6987
vn -0.9518 0.1435 -0.2710
vn 0.9875 -0.1572 0.0131
vn 0.9544 -0.0692 -0.2903
vn 0.7492 -0.2186 -0.6252
vn 0.6221 -0.3703 -0.6898
vn 0.4090 -0.3045 -0.8602
vn 0.0419 -0.0365 -0.9985
vn -0.5092 -0.0088 -0.8606
vn -0.8533 -0.2275 -0.4692
vn -0.9191 -0.1696 -0.3557
vn -0.9034 0.0297 -0.4277
vn 0.9887 -0.1492 -0.0129
vn 0.9339 -0.1852 0.3059
vn 0.9431 -0.0863 -0.3211
vn 0.8323 -0.0843 -0.5479
vn 0.7126 -0.1747 -0.6794
vn 0.2880 -0.1341 -0.9482
vn -0.0884 0.1902 -0.9778
vn -0.3481 0.2470 -0.9044
vn -0.8159 -0.0379 -0.5769
vn -0.9632 -0.0527 -0.2635
vn -0.9597 0.0345 -0.2789
vn 0.9859 -0.1665 -0.0183
vn 0.9386 -0.2285 0.2583
vn 0.9375 -0.1545 -0.3117
vn 0.8569 -0.1831 -0.4819
vn 0.7218 -0.2012 -0.6622
vn 0.2148 -0.0064 -0.9766
vn -0.2346 0.1975 -0.9518
vn -0.2793 0.2394 -0.9299
vn -0.6611 0.1972 -0.7240
vn -0.9318 -0.1394 -0.3351
vn -0.9644 -0.1694 -0.2030
vn 0.9797 -0.1998 -0.0180
vn 0.9479 -0.2486 0.1991
vn 0.9408 -0.2120 -0.2646
vn 0.8842 -0.2594 -0.3885
vn 0.6705 -0.3135 -0.6724
vn 0.1614 -0.0877 -0.9830
vn -0.2231 0.0245 -0.9745
vn -0.3013 -0.0582 -0.9518
vn -0.5615 -0.0505 -0.8259
vn -0.9617 -0.2255 -0.1559
vn -0.8313 -0.1749 -0.5276
vn -0.9621 -0.1727 -0.2112
vn 0.9729 -0.2307 -0.0149
vn 0.9395 -0.3247 0.1088
vn 0.9474 -0.2547 -0.1938
vn 0.8840 -0.2995 -0.3591
vn 0.6896 -0.1988 -0.6964
vn 0.1849 -0.1426 -0.9724
vn -0.1976 -0.3663 -0.9093
vn -0.2814 -0.2945 -0.9133
vn -0.5716 -0.1001 -0.8144
vn -0.8185 0.0697 -0.5702
vn -0.9731 -0.0404 -0.2267
vn 0.9070 -0.4211 -0.0075
vn 0.9586 -0.2422 -0.1498
vn 0.8895 -0.3218 -0.3245
vn 0.6061 0.0520 -0.7937
vn 0.2974 0.1304 -0.9458
vn 0.0551 -0.3089 -0.9495
vn -0.3769 -0.3842 -0.8428
vn -0.6911 0.0473 -0.7212
vn -0.8040 0.1784 -0.5673
vn -0.9431 0.0833 -0.3218
vn -0.9369 0.0636 -0.3438
vn -0.9375 -0.0264 -0.3469
vn -0.9894 -0.0787 -0.1220
vn -0.9341 -0.0747 -0.3490
vn -0.9917 -0.0572 -0.1148
vn -0.9380 -0.0429 -0.3440
vn -0.9934 -0.0295 -0.1113
vn -0.9405 -0.0031 -0.3398
vn -0.9422 0.0296 -0.3338
vn -0.9915 0.0579 -0.1165
vn -0.9443 0.0476 -0.3256
vn -0.9457 0.0601 -0.3193
vn -0.9473 0.0852 -0.3089
vn -0.9872 0.1155 -0.1102
vn -0.9501 0.1083 -0.2925
vn -0.9790 0.1644 -0.1210
vn -0.9824 0.1515 -0.1091
vn -0.9551 0.1117 -0.2744
vn -0.9811 0.1843 -0.0589
vn -0.9588 0.1288 -0.2532
vn -0.9857 0.1628 -0.0445
vn -0.9640 0.1350 -0.2292
vn -0.9869 0.1582 -0.0302
vn -0.9698 0.1291 -0.2071
vn -0.9869 0.1606 -0.0134
vn -0.9735 0.1239 -0.1920
vn -0.9931 0.1175 -0.0011
vn -0.9761 0.1270 -0.1763
vn -0.8270 0.0617 -0.5587
vn -0.8416 -0.0514 -0.5376
vn -0.8554 -0.0750 -0.5126
vn -0.8629 -0.0641 -0.5013
vn -0.8730 -0.0381 -0.4863
vn -0.8840 -0.0105 -0.4673
vn -0.8950 0.0170 -0.4457
vn -0.9032 0.0337 -0.4279
vn -0.9099 0.0318 -0.4137
vn -0.9200 0.0554 -0.3879
vn -0.9260 0.0866 -0.3674
vn -0.9323 0.0815 -0.3524
vn -0.9400 0.0789 -0.3318
vn -0.9449 0.0930 -0.3140
vn -0.9469 0.1012 -0.3052
vn -0.9781 0.1255 -0.1660
vn -0.9507 0.0922 -0.2962
vn -0.7566 0.1760 -0.6298
vn -0.7645 -0.0391 -0.6434
vn -0.7689 -0.1014 -0.6312
vn -0.7854 -0.0951 -0.6117
vn -0.7993 -0.0843 -0.5950
vn -0.8111 -0.0645 -0.5814
vn -0.8216 -0.0513 -0.5678
vn -0.8381 -0.0309 -0.5447
vn -0.8552 -0.0101 -0.5182
vn -0.8615 -0.0057 -0.5078
vn -0.8712 0.0218 -0.4905
vn -0.8832 0.0466 -0.4666
vn -0.8880 0.0483 -0.4572
vn -0.9012 0.0959 -0.4227
vn -0.8950 0.0667 -0.4410
vn -0.9088 0.0753 -0.4103
vn -0.9561 0.0924 -0.2779
vn -0.5766 -0.0302 -0.8165
vn -0.6963 0.0369 -0.7168
vn -0.7180 -0.0877 -0.6905
vn -0.7153 -0.1161 -0.6891
vn -0.7080 -0.0964 -0.6996
vn -0.7103 -0.0887 -0.6983
vn -0.7348 -0.0775 -0.6738
vn -0.7533 -0.0840 -0.6523
vn -0.7694 -0.0728 -0.6346
vn -0.7878 -0.0299 -0.6152
vn -0.7961 -0.0083 -0.6051
vn -0.7992 0.0048 -0.6010
vn -0.8061 0.0226 -0.5913
vn -0.8089 0.0284 -0.5872
vn -0.8191 0.0498 -0.5714
vn -0.8337 0.0431 -0.5505
vn -0.8432 0.0555 -0.5347
vn 0.0210 -0.2563 -0.9664
vn -0.1994 -0.1984 -0.9596
vn -0.4568 -0.1237 -0.8810
vn -0.5620 -0.0497 -0.8257
vn -0.5683 -0.0038 -0.8228
vn -0.5544 -0.0681 -0.8295
vn -0.5643 -0.1673 -0.8085
vn -0.6156 -0.1544 -0.7728
vn -0.6533 -0.1176 -0.7479
vn -0.6707 -0.0969 -0.7354
vn -0.6923 -0.0501 -0.7199
vn -0.7026 -0.0066 -0.7115
vn -0.7032 0.0076 -0.7109
vn -0.7048 0.0283 -0.7089
vn -0.6941 0.0433 -0.7186
vn -0.6706 0.0370 -0.7409
vn -0.6444 0.0827 -0.7602
vn 0.3167 0.0159 -0.9484
vn 0.3607 -0.2838 -0.8885
vn 0.2333 -0.4178 -0.8781
vn -0.0636 -0.2583 -0.9640
vn -0.2790 -0.0118 -0.9602
vn -0.3586 -0.0415 -0.9326
vn -0.3941 -0.1735 -0.9025
vn -0.4171 -0.2461 -0.8749
vn -0.4663 -0.2102 -0.8593
vn -0.5133 -0.1480 -0.8454
vn -0.5339 -0.0968 -0.8400
vn -0.5452 -0.0406 -0.8373
vn -0.5525 -0.0017 -0.8335
vn -0.5414 0.0341 -0.8400
vn -0.5098 0.1031 -0.8541
vn -0.4512 0.1582 -0.8783
vn -0.3683 0.1942 -0.9092
vn 0.3283 0.0575 -0.9428
vn 0.3411 -0.1745 -0.9237
vn 0.3955 -0.3793 -0.8365
vn 0.4189 -0.4550 -0.7858
vn 0.2159 -0.3354 -0.9170
vn -0.0402 -0.1204 -0.9919
vn -0.1176 -0.2138 -0.9698
vn -0.1882 -0.2848 -0.9399
vn -0.2504 -0.2877 -0.9244
vn -0.3109 -0.2328 -0.9215
vn -0.3512 -0.1402 -0.9257
vn -0.3635 -0.0675 -0.9291
vn -0.3628 -0.0100 -0.9318
vn -0.3382 0.0789 -0.9378
vn -0.2882 0.1865 -0.9392
vn -0.2270 0.2680 -0.9363
vn -0.1594 0.2988 -0.9409
vn 0.8053 -0.2224 -0.5495
vn 0.5484 -0.1529 -0.8221
vn 0.3935 -0.2279 -0.8907
vn 0.4227 -0.3109 -0.8513
vn 0.4941 -0.4776 -0.7264
vn 0.3478 -0.4113 -0.8425
vn 0.1236 -0.2443 -0.9618
vn 0.0386 -0.3739 -0.9267
vn -0.0501 -0.3937 -0.9179
vn -0.1131 -0.3244 -0.9391
vn -0.1445 -0.1958 -0.9699
vn -0.1617 -0.0981 -0.9820
vn -0.1613 0.0038 -0.9869
vn -0.1231 0.1202 -0.9851
vn -0.0866 0.2407 -0.9667
vn -0.0514 0.3238 -0.9447
vn -0.0230 0.3512 -0.9360
vn 0.9332 -0.2816 -0.2232
vn 0.9066 -0.2259 -0.3565
vn 0.7879 -0.2384 -0.5678
vn 0.6071 -0.2268 -0.7616
vn 0.5158 -0.3226 -0.7936
vn 0.5032 -0.5769 -0.6434
vn 0.4039 -0.4890 -0.7732
vn 0.2271 -0.4660 -0.8551
vn 0.1055 -0.4827 -0.8694
vn 0.0150 -0.3872 -0.9219
vn -0.0439 -0.2388 -0.9701
vn -0.0739 -0.1286 -0.9889
vn -0.0754 0.0010 -0.9972
vn -0.0534 0.1516 -0.9870
vn -0.0124 0.2620 -0.9650
vn 0.0280 0.3383 -0.9406
vn 0.0443 0.3671 -0.9291
vn 0.8919 -0.4473 -0.0662
vn 0.8923 -0.4179 -0.1708
vn 0.8711 -0.3830 -0.3075
vn 0.7976 -0.3594 -0.4844
vn 0.6354 -0.4326 -0.6396
vn 0.4570 -0.6111 -0.6463
vn 0.3907 -0.6440 -0.6577
vn 0.3015 -0.6136 -0.7298
vn 0.1899 -0.6266 -0.7558
vn 0.1021 -0.5405 -0.8351
vn 0.0245 -0.3791 -0.9250
vn -0.0310 -0.1932 -0.9807
vn -0.0367 -0.0206 -0.9991
vn -0.0283 0.1531 -0.9878
vn -0.0112 0.3045 -0.9525
vn 0.0187 0.3854 -0.9226
vn 0.0426 0.3835 -0.9226
vn 0.0346 -0.9909 0.1304
vn 0.0327 -0.9975 -0.0620
vn 0.0286 -0.9631 -0.2676
vn 0.0297 -0.8840 -0.4666
vn 0.0212 -0.7874 -0.6160
vn 0.0295 -0.7728 -0.6340
vn 0.0026 0.1336 -0.9910
vn -0.9904 0.1378 0.0111
vn -0.9945 0.1040 -0.0095
vn -0.9793 0.1263 -0.1580
vn -0.9857 0.0887 -0.1431
vn -0.9595 0.0992 -0.2638
vn -0.9149 0.0740 -0.3970
vn -0.9615 0.0826 -0.2620
vn -0.9154 0.0903 -0.3922
vn -0.9093 0.0949 -0.4052
vn -0.8244 0.1160 -0.5539
vn -0.6444 0.0828 -0.7602
vn -0.7769 0.1599 -0.6091
vn -0.5665 0.2238 -0.7931
vn -0.5030 0.2434 -0.8293
vn -0.2751 0.2823 -0.9191
vn -0.1594 0.2989 -0.9409
vn -0.2435 0.2451 -0.9384
vn -0.0922 0.3210 -0.9426
vn -0.0620 0.2565 -0.9646
vn 0.0116 0.3404 -0.9402
vn 0.0275 0.2599 -0.9652
vn 0.0578 0.3523 -0.9341
vn 0.0524 0.2477 -0.9674
vn 0.0381 0.3480 -0.9367
vn 0.0369 0.2412 -0.9698
vn -0.9877 0.0686 -0.1408
vn -0.9873 0.0729 -0.1412
vn -0.9626 0.0733 -0.2607
vn -0.7033 0.7095 -0.0438
vn -0.9603 0.0916 -0.2634
vn -0.9030 0.1002 -0.4178
vn -0.6825 0.7204 -0.1231
vn -0.8961 0.1231 -0.4264
vn -0.7561 0.1529 -0.6364
vn -0.6387 0.7315 -0.2386
vn -0.7455 0.1607 -0.6469
vn -0.5011 0.1987 -0.8423
vn -0.5361 0.7398 -0.4066
vn -0.4942 0.1953 -0.8472
vn -0.2428 0.2004 -0.9491
vn -0.3479 0.7585 -0.5511
vn -0.2422 0.2026 -0.9488
vn -0.0620 0.2564 -0.9646
vn -0.0621 0.1935 -0.9791
vn -0.1680 0.7688 -0.6170
vn -0.0705 0.1812 -0.9809
vn 0.0199 0.1812 -0.9832
vn -0.0558 0.7647 -0.6419
vn 0.0058 0.1554 -0.9878
vn 0.0415 0.1572 -0.9867
vn -0.0077 0.7629 -0.6464
vn 0.0331 0.1293 -0.9911
vn 0.0416 0.1538 -0.9872
vn 0.0112 0.7541 -0.6567
vn 0.0385 0.1124 -0.9929
vn 0.0145 0.7478 -0.6637
vn 0.9936 0.0814 0.0787
vn 0.9626 0.2506 0.1026
vn 0.9799 0.1675 0.1087
vn 0.9816 0.1577 0.1074
vn 0.9886 0.1500 0.0153
vn 0.9807 0.1587 0.1145
vn 0.9805 0.1553 0.1203
vn 0.9897 0.1378 0.0387
vn 0.9813 0.1398 0.1326
vn 0.9938 0.1098 0.0180
vn 0.9813 0.1178 0.1521
vn 0.9805 0.1124 0.1613
vn 0.9558 0.2481 0.1579
vn 0.9712 0.1577 0.1786
vn 0.9668 0.1669 0.1933
vn 0.9657 0.1645 0.2010
vn 0.9657 0.1568 0.2071
vn 0.9622 0.1632 0.2180
vn 0.9671 0.1070 0.2309
vn 0.9635 0.0665 0.2592
vn 0.9266 0.2588 0.2729
vn 0.9338 0.1682 0.3157
vn 0.9302 0.1644 0.3281
vn 0.9286 0.1616 0.3342
vn 0.9262 0.1598 0.3415
vn 0.9222 0.1679 0.3483
vn 0.9728 0.0349 0.2288
vn 0.9279 0.0995 0.3593
vn 0.9165 0.1315 0.3779
vn 0.8842 0.2675 0.3830
vn 0.8856 0.1705 0.4321
vn 0.8768 0.1577 0.4543
vn 0.8734 0.1513 0.4630
vn 0.8702 0.1548 0.4677
vn 0.8611 0.1716 0.4786
vn 0.8618 0.1010 0.4971
vn 0.8674 0.1530 0.4735
vn 0.8320 0.2774 0.4805
vn 0.8176 0.1797 0.5470
vn 0.8033 0.1496 0.5765
vn 0.7918 0.1373 0.5951
vn 0.7761 0.1520 0.6120
vn 0.7659 0.1734 0.6191
vn 0.7676 0.1015 0.6328
vn 0.7964 0.1673 0.5812
vn 0.7669 0.2832 0.5759
vn 0.7396 0.1952 0.6441
vn 0.7015 0.1519 0.6963
vn 0.6742 0.1386 0.7254
vn 0.6650 0.1373 0.7341
vn 0.6558 0.1592 0.7380
vn 0.7586 0.0358 0.6506
vn 0.6534 0.1023 0.7501
vn 0.7144 0.1903 0.6734
vn 0.7041 0.2954 0.6457
vn 0.6454 0.2302 0.7284
vn 0.6135 0.1633 0.7726
vn 0.6068 0.1321 0.7838
vn 0.5952 0.1372 0.7918
vn 0.5830 0.1583 0.7969
vn 0.5825 0.1037 0.8062
vn 0.6140 0.1761 0.7694
vn 0.5263 0.1625 0.8347
vn 0.4995 0.1229 0.8575
vn 0.4961 0.0848 0.8641
vn 0.4848 0.0889 0.8701
vn 0.4773 0.1114 0.8717
vn 0.4766 0.1340 0.8689
vn 0.9936 0.0813 0.0787
vn 0.9835 0.1704 -0.0602
vn 0.9420 0.1488 0.3009
vn 0.8221 0.1040 0.5598
vn 0.5531 0.0827 0.8290
vn 0.2955 0.0893 0.9512
vn 0.2635 -0.0567 0.9630
vn 0.2499 -0.0886 0.9642
vn 0.2490 -0.0718 0.9658
vn 0.1410 0.0125 0.9899
vn 0.9805 0.1123 0.1613
vn 0.9048 0.1393 0.4023
vn 0.7434 0.1288 0.6564
vn 0.4614 0.0908 0.8825
vn 0.2878 0.0516 0.9563
vn 0.2709 -0.0222 0.9623
vn 0.2652 -0.0450 0.9631
vn 0.2325 -0.0595 0.9708
vn 0.1411 -0.0041 0.9900
vn -0.1275 -0.0223 0.9916
vn 0.9635 0.0664 0.2592
vn 0.8571 0.1198 0.5011
vn 0.6626 0.0788 0.7448
vn 0.3711 0.0962 0.9236
vn 0.2946 0.0297 0.9552
vn 0.2800 -0.0244 0.9597
vn 0.2636 -0.0288 0.9642
vn 0.2176 -0.0535 0.9746
vn 0.1416 -0.0331 0.9894
vn -0.1253 -0.0052 0.9921
vn 0.9165 0.1314 0.3779
vn 0.7888 0.0940 0.6074
vn 0.5593 0.0611 0.8267
vn 0.3195 0.0814 0.9441
vn 0.3055 0.0130 0.9521
vn 0.2809 -0.0126 0.9597
vn 0.2626 -0.0164 0.9648
vn 0.2086 -0.0442 0.9770
vn 0.1275 -0.0151 0.9917
vn -0.1262 0.0276 0.9916
vn 0.8674 0.1529 0.4735
vn 0.6999 0.0874 0.7088
vn 0.4332 0.0678 0.8988
vn 0.3134 0.0496 0.9483
vn 0.3081 -0.0007 0.9513
vn 0.2766 -0.0041 0.9610
vn 0.2613 -0.0037 0.9653
vn 0.1965 -0.0311 0.9800
vn 0.1112 0.0048 0.9938
vn 0.7964 0.1672 0.5812
vn 0.5868 0.0691 0.8068
vn 0.3538 0.0649 0.9331
vn 0.3249 0.0250 0.9454
vn 0.2993 0.0024 0.9541
vn 0.2711 -0.0006 0.9625
vn 0.2578 0.0060 0.9662
vn 0.1801 -0.0203 0.9834
vn 0.0969 0.0184 0.9951
vn 0.7144 0.1902 0.6734
vn 0.4525 0.0586 0.8898
vn 0.3396 0.0503 0.9392
vn 0.3260 0.0141 0.9453
vn 0.2894 0.0032 0.9572
vn 0.2660 0.0026 0.9640
vn 0.2530 0.0049 0.9675
vn 0.1608 -0.0233 0.9867
vn 0.0834 0.0249 0.9962
vn 0.2599 0.0009 0.9656
vn 0.0058 0.0316 0.9995
vn 0.0981 0.6474 0.7558
vn -0.0000 -0.0235 0.9997
vn 0.0437 -0.0670 0.9968
vn -0.0118 -0.0788 0.9968
vn -0.0438 -0.0670 0.9968
vn -0.0000 -0.0675 0.9977
vn -0.2055 -0.2689 0.9410
vn -0.1831 -0.1535 0.9710
vn -0.0001 -0.2337 0.9723
vn -0.0884 -0.2485 0.9646
vn 0.0117 -0.0788 0.9968
vn 0.2052 -0.2690 0.9410
vn 0.0882 -0.2485 0.9646
vn 0.1674 -0.0662 0.9837
vn -0.1675 -0.0662 0.9837
vn -0.5593 -0.0582 0.8270
vn -0.9098 -0.3852 0.1542
vn -0.5480 -0.2727 0.7908
vn -0.4464 -0.4973 0.7439
vn 0.1660 -0.0872 0.9823
vn -0.0000 0.0708 0.9975
vn 0.0987 0.1032 0.9898
vn -0.2614 -0.0660 -0.9630
vn 0.0002 0.4180 -0.9085
vn -0.4852 0.2414 -0.8404
vn -0.3767 -0.9197 0.1105
vn -0.6997 -0.7073 0.1009
vn -0.0396 0.0835 -0.9957
vn 0.2920 -0.1922 -0.9369
vn 0.3529 -0.0836 -0.9319
vn 0.2212 -0.6012 0.7678
vn -0.0003 -0.6166 0.7873
vn -0.2217 -0.6011 0.7678
vn 0.0397 0.0835 -0.9957
vn -0.2921 -0.1922 -0.9369
vn 0.0232 0.0965 -0.9951
vn -0.3742 0.0631 -0.9252
vn -0.3530 -0.0836 -0.9319
vn 0.9093 -0.3871 0.1528
vn 0.4461 -0.4974 0.7441
vn 0.6993 -0.7076 0.1009
vn -0.0004 -0.9918 0.1275
vn 0.4869 -0.4299 -0.7603
vn -0.1294 -0.2877 -0.9489
vn -0.0527 -0.6278 -0.7766
vn -0.0429 0.0670 -0.9968
vn 0.3742 0.0631 -0.9252
vn 0.5581 -0.0562 0.8278
vn 0.1829 -0.1535 0.9711
vn 0.5459 -0.2746 0.7916
vn 0.3760 -0.9200 0.1105
vn 0.9786 -0.0144 0.2052
vn -0.0425 -0.0346 -0.9985
vn -0.0003 -0.6593 -0.7519
vn -0.2674 -0.5958 -0.7574
vn -0.2674 -0.5957 -0.7574
vn 0.0424 -0.0346 -0.9985
vn -0.0000 -0.0439 -0.9990
vn 0.2669 -0.5959 -0.7574
vn 0.4873 -0.4359 -0.7566
vn 0.0774 -0.0103 -0.9969
vn -0.0774 -0.0103 -0.9969
vn -0.4876 -0.4357 -0.7566
vn -0.1019 0.0244 -0.9945
vn -0.7147 0.0482 -0.6978
vn -0.1115 0.0667 -0.9915
vn -0.6495 -0.2180 -0.7284
vn -0.9784 -0.0161 0.2062
vn -0.7147 0.0482 -0.6977
vn 0.6495 -0.2181 -0.7284
vn 0.7147 0.0482 -0.6977
vn 0.7148 0.0482 -0.6977
vn 0.1020 0.0244 -0.9945
vn 0.1115 0.0667 -0.9915
vn 0.6495 -0.2180 -0.7284
vn -0.0000 0.0670 -0.9978
vn -0.0801 0.0015 -0.9968
vn -0.0495 0.0670 -0.9965
vn 0.0801 0.0015 -0.9968
vn 0.0189 -0.0026 -0.9998
vn 0.0496 0.0670 -0.9965
vn 0.2657 -0.0559 -0.9624
vn 0.2650 -0.2107 -0.9410
vn -0.0847 -0.3584 -0.9297
vn -0.2651 -0.2107 -0.9409
vn 0.0522 -0.6278 -0.7766
vn -0.4872 -0.4298 -0.7602
vn -0.9814 -0.1796 0.0680
vn -0.6952 -0.6088 -0.3822
vn -0.7093 -0.5246 -0.4708
vn -0.2658 -0.0559 -0.9624
vn -0.2550 0.0650 -0.9648
vn 0.1293 -0.2877 -0.9490
vn -0.0442 -0.4583 -0.8877
vn -0.0010 -0.6567 -0.7541
vn -0.0000 0.1098 -0.9940
vn 0.1647 0.0361 -0.9857
vn 0.0001 0.1119 -0.9937
vn -0.1646 0.0361 -0.9857
vn -0.0177 0.0950 -0.9953
vn -0.6073 -0.1946 -0.7703
vn -0.6339 0.0549 -0.7715
vn 0.6072 -0.1946 -0.7704
vn 0.6339 0.0549 -0.7715
vn 0.2550 0.0650 -0.9648
vn 0.0907 0.0359 0.9952
vn -0.0000 -0.0670 0.9978
vn 0.0761 -0.0669 0.9949
vn -0.0907 0.0359 0.9952
vn -0.0762 -0.0669 0.9948
vn -0.2894 0.0685 0.9547
vn -0.2838 -0.0645 0.9567
vn -0.5074 0.8603 -0.0494
vn 0.0004 0.9940 0.1096
vn -0.3871 0.9144 0.1182
vn 0.7670 0.5388 0.3484
vn 0.3878 0.9142 0.1182
vn 0.5080 0.8600 -0.0494
vn 0.4933 0.4484 0.7454
vn 0.7185 0.2796 0.6368
vn 0.2895 0.0685 0.9547
vn 0.2837 -0.0645 0.9567
vn 0.2787 0.2271 0.9331
vn 0.4198 0.0358 0.9069
vn 0.0003 0.7025 -0.7117
vn -0.2597 0.6594 -0.7055
vn 0.5405 0.5482 -0.6383
vn 0.6808 0.6358 0.3636
vn 0.9499 -0.0231 0.3117
vn 0.6198 0.2008 0.7587
vn 0.6484 -0.0539 0.7594
vn 0.8780 0.3433 0.3335
vn -0.6197 0.2009 0.7587
vn -0.9499 -0.0230 0.3117
vn -0.6484 -0.0539 0.7593
vn -0.4930 0.4485 0.7455
vn -0.8779 0.3435 0.3336
vn -0.2785 0.2271 0.9332
vn 0.0438 -0.4583 -0.8877
vn 0.7091 -0.5247 -0.4710
vn 0.9504 -0.0770 -0.3013
vn 0.6373 -0.4816 -0.6016
vn -0.0009 -0.6568 -0.7541
vn -0.2890 -0.5082 0.8113
vn -0.0002 -0.5006 0.8657
vn 0.2613 -0.0660 -0.9630
vn 0.0001 0.1120 -0.9937
vn 0.6949 -0.6090 -0.3823
vn 0.9814 -0.1796 0.0680
vn -0.1661 -0.0872 0.9823
vn -0.0986 0.1032 0.9898
vn -0.6376 -0.4814 -0.6015
vn -0.2614 -0.0661 -0.9630
vn -0.0232 0.0965 -0.9951
vn -0.6805 0.6361 0.3637
vn -0.6877 0.3343 -0.6445
vn -0.7184 0.2797 0.6370
vn -0.4198 0.0358 0.9069
vn -0.5403 0.5484 -0.6382
vn 0.7450 0.0465 -0.6654
vn -0.7450 0.0465 -0.6654
vn 0.6877 0.3342 -0.6445
vn -0.0334 0.0670 -0.9972
vn 0.6877 0.3342 -0.6444
vn 0.7451 0.0464 -0.6653
vn -0.5403 0.5485 -0.6382
vn 0.0309 0.0538 -0.9981
vn -0.6877 0.3343 -0.6444
vn -0.0239 0.0422 -0.9988
vn 0.2603 0.6592 -0.7055
vn 0.5405 0.5482 -0.6382
vn 0.0003 0.7025 -0.7116
vn -0.0124 0.0361 -0.9993
vn -0.0000 0.0335 -0.9994
vn 0.0124 0.0361 -0.9993
vn -0.2598 0.6594 -0.7055
vn 0.0240 0.0422 -0.9988
vn -0.0309 0.0538 -0.9981
vn 0.0335 0.0670 -0.9972
vn -0.7451 0.0465 -0.6653
vn -0.0197 0.0670 -0.9976
vn -0.0172 0.0497 -0.9986
vn 0.0172 0.0497 -0.9986
vn -0.0000 0.0472 -0.9989
vn 0.0198 0.0670 -0.9976
vn -0.0358 0.0820 -0.9960
vn -0.0389 0.0670 -0.9970
vn 0.0151 0.1027 -0.9946
vn 0.0276 0.0944 -0.9952
vn 0.0178 0.0950 -0.9953
vn 0.0359 0.0820 -0.9960
vn 0.0430 0.0670 -0.9968
vn -0.0275 0.0944 -0.9952
vn -0.0150 0.1027 -0.9946
vn -0.0000 0.1057 -0.9944
vn -0.1295 -0.2877 -0.9489
vn 0.8012 -0.3760 0.4655
vn 0.3201 -0.9434 0.0863
vn 0.2886 -0.5083 0.8114
vn 0.4853 0.2414 -0.8403
vn 0.2614 -0.0661 -0.9630
vn -0.9504 -0.0769 -0.3013
vn -0.8013 -0.3759 0.4654
vn -0.3250 -0.9407 0.0977
vn -0.0000 0.0145 0.9999
vn 0.0005 0.9809 -0.1944
vn -0.7668 0.5390 0.3485
vn 0.3071 0.3481 0.8857
vn -0.0033 0.9754 0.2205
vn 0.3356 0.9024 0.2703
vn -0.0000 -0.1106 0.9939
vn -0.0117 -0.0554 0.9984
vn 0.0117 -0.0554 0.9984
vn -0.2041 0.1389 0.9691
vn -0.0877 0.1156 0.9894
vn -0.0000 0.1001 0.9950
vn 0.0878 0.1156 0.9894
vn 0.2042 0.1389 0.9690
vn 0.1825 0.0218 0.9830
vn -0.1825 0.0218 0.9830
vn -0.5430 0.1635 0.8237
vn -0.4416 0.3870 0.8095
vn -0.9080 0.3610 0.2126
vn -0.0001 -0.2042 0.9789
vn 0.1661 -0.0461 0.9850
vn 0.0992 -0.2357 0.9667
vn -0.0000 0.0241 -0.9997
vn 0.1653 0.0963 -0.9815
vn 0.0178 0.0390 -0.9991
vn -0.3750 0.8912 0.2551
vn -0.6978 0.6841 0.2121
vn -0.0396 0.0504 -0.9979
vn 0.2982 0.3200 -0.8993
vn -0.0232 0.0375 -0.9990
vn 0.2188 0.4839 0.8473
vn 0.4418 0.3869 0.8094
vn 0.0002 0.4959 0.8684
vn -0.2183 0.4840 0.8474
vn -0.2979 0.3201 -0.8993
vn 0.0396 0.0504 -0.9979
vn 0.0232 0.0375 -0.9990
vn -0.3561 0.2056 -0.9116
vn 0.9081 0.3608 0.2125
vn 0.5431 0.1635 0.8236
vn 0.0004 0.9591 0.2831
vn 0.3756 0.8910 0.2550
vn -0.0001 -0.2854 -0.9584
vn 0.2648 0.1960 -0.9442
vn -0.0000 0.0225 -0.9997
vn 0.3562 0.2055 -0.9115
vn 0.6981 0.6838 0.2120
vn -0.0427 0.1690 -0.9847
vn 0.0004 0.7659 -0.6430
vn 0.0001 0.1784 -0.9840
vn -0.2705 0.7025 -0.6583
vn 0.0429 0.1689 -0.9847
vn 0.2711 0.7023 -0.6583
vn 0.4928 0.5401 -0.6823
vn 0.0779 0.1443 -0.9865
vn 0.2710 0.7023 -0.6583
vn -0.0778 0.1443 -0.9865
vn -0.4925 0.5403 -0.6823
vn -0.1023 0.1092 -0.9887
vn -0.6530 0.3173 -0.6877
vn -0.6530 0.3172 -0.6877
vn 0.6531 0.3171 -0.6877
vn 0.1024 0.1092 -0.9887
vn 0.6531 0.3172 -0.6877
vn -0.0715 0.1417 -0.9873
vn 0.0717 0.1417 -0.9873
vn 0.2670 0.1850 -0.9458
vn -0.1297 0.4196 -0.8984
vn 0.4929 0.5339 -0.6870
vn -0.0530 0.7376 -0.6731
vn 0.2676 0.3377 -0.9024
vn 0.9806 0.1700 0.0971
vn 0.6993 0.6586 -0.2780
vn 0.7124 0.5882 -0.3828
vn -0.6989 0.6589 -0.2781
vn -0.9806 0.1701 0.0970
vn -0.7122 0.5884 -0.3828
vn -0.2669 0.1850 -0.9458
vn -0.2673 0.3378 -0.9025
vn 0.0536 0.7376 -0.6731
vn 0.0863 0.4852 -0.8701
vn -0.2451 0.4211 0.8733
vn -0.1058 0.5445 0.8321
vn -0.1662 -0.0460 0.9850
vn -0.0000 0.0125 0.9999
vn -0.1652 0.0963 -0.9816
vn -0.0178 0.0390 -0.9991
vn -0.6131 0.2966 -0.7322
vn -0.4925 0.5341 -0.6871
vn 0.3563 0.2055 -0.9115
vn 0.6133 0.2966 -0.7321
vn 0.0910 -0.1695 0.9813
vn -0.0911 -0.1695 0.9813
vn -0.0001 -0.1486 0.9889
vn -0.2909 -0.1966 0.9363
vn -0.0492 0.5840 -0.8102
vn -0.5060 -0.8418 -0.1878
vn -0.0004 -0.9984 -0.0570
vn -0.0004 -0.9371 -0.3491
vn 0.7695 -0.5860 0.2538
vn 0.3876 -0.9211 -0.0356
vn 0.6848 -0.6826 0.2553
vn 0.4986 -0.5508 0.6693
vn 0.2908 -0.1966 0.9364
vn 0.2811 -0.3532 0.8923
vn 0.7230 -0.3649 0.5867
vn 0.4196 -0.1591 0.8936
vn -0.3883 -0.9209 -0.0356
vn -0.0003 -0.5870 -0.8096
vn 0.5355 -0.4505 -0.7143
vn 0.8809 -0.3849 0.2753
vn 0.6256 -0.3014 0.7196
vn -0.8810 -0.3848 0.2753
vn -0.6257 -0.3013 0.7195
vn -0.4990 -0.5507 0.6691
vn -0.2814 -0.3532 0.8922
vn 0.0001 0.1180 -0.9930
vn 0.9515 0.1164 -0.2846
vn 0.6442 0.5633 -0.5174
vn 0.0466 0.5849 -0.8098
vn -0.0858 0.4853 -0.8701
vn 0.1300 0.4195 -0.8984
vn -0.2646 0.1960 -0.9442
vn 0.4828 -0.1245 -0.8668
vn -0.5358 -0.4502 -0.7143
vn -0.6851 -0.6823 0.2552
vn -0.7232 -0.3648 0.5865
vn -0.4197 -0.1591 0.8936
vn 0.6846 -0.2401 -0.6883
vn -0.6846 -0.2399 -0.6883
vn 0.6847 -0.2401 -0.6882
vn -0.5358 -0.4503 -0.7143
vn 0.0309 0.0802 -0.9963
vn 0.0240 0.0918 -0.9955
vn 0.2562 -0.5468 -0.7971
vn -0.0240 0.0918 -0.9955
vn 0.5356 -0.4505 -0.7142
vn -0.0003 -0.5871 -0.8095
vn -0.0124 0.0979 -0.9951
vn 0.0125 0.0979 -0.9951
vn -0.2566 -0.5467 -0.7970
vn -0.0309 0.0802 -0.9963
vn -0.6847 -0.2399 -0.6882
vn -0.0171 0.0843 -0.9963
vn 0.0172 0.0843 -0.9963
vn -0.0000 0.0868 -0.9962
vn -0.0359 0.0520 -0.9980
vn 0.0151 0.0312 -0.9994
vn 0.0275 0.0396 -0.9988
vn 0.0359 0.0520 -0.9980
vn 0.0389 0.0670 -0.9970
vn -0.0275 0.0396 -0.9988
vn -0.0151 0.0312 -0.9994
vn -0.0000 0.0282 -0.9996
vn -0.1297 0.4195 -0.8984
vn -0.6439 0.5635 -0.5176
vn -0.4829 -0.1245 -0.8668
vn -0.2647 0.1960 -0.9442
vn 0.7972 0.3061 0.5204
vn -0.0994 -0.2357 0.9667
vn -0.9515 0.1164 -0.2846
vn -0.3131 0.9163 0.2499
vn -0.7971 0.3062 0.5205
vn 0.5054 -0.8422 -0.1879
vn -0.7698 -0.5857 0.2538
vn 0.6949 -0.6091 -0.3823
vn 0.6372 -0.4816 -0.6017
vn -0.2890 -0.5081 0.8113
vn 0.2886 -0.5082 0.8114
vn 0.8012 -0.3760 0.4656
vn 0.9504 -0.0769 -0.3013
vn 0.4854 0.2415 -0.8403
vn -0.9504 -0.0768 -0.3013
vn -0.9814 -0.1795 0.0681
vn -0.0002 -0.5005 0.8657
vn -0.0001 -0.1475 0.9891
vn -0.0010 -0.6567 -0.7542
vn 0.3201 -0.9434 0.0864
vn 0.7091 -0.5248 -0.4709
vn 0.0843 -0.3585 -0.9297
vn 0.6372 -0.4817 -0.6016
vn 0.9814 -0.1796 0.0681
vn -0.6375 -0.4815 -0.6015
vn 0.0004 0.9809 -0.1944
vn -0.4852 0.2415 -0.8404
vn 0.0001 0.4180 -0.9084
vn 0.6992 0.6586 -0.2780
vn 0.2648 0.1961 -0.9441
vn 0.6441 0.5633 -0.5174
vn -0.2647 0.1961 -0.9442
vn -0.2451 0.4210 0.8733
vn 0.9515 0.1163 -0.2847
vn 0.4829 -0.1245 -0.8668
vn -0.9516 0.1163 -0.2846
vn -0.7121 0.5885 -0.3829
vn -0.0491 0.5840 -0.8102
vn -0.3131 0.9162 0.2500
vn -0.9806 0.1701 0.0971
vn -0.1058 0.5444 0.8321
vn -0.0032 0.9754 0.2205
vn 0.6441 0.5634 -0.5174
vn 0.9807 0.1699 0.0971
vn -0.0000 0.0221 -0.9998
vn -0.9806 0.1700 0.0971
vn -0.9515 0.1164 -0.2847
vn -0.4830 -0.1245 -0.8667
vn 0.0238 0.6562 0.7542
vn 0.1616 -0.0346 0.9862
vn -0.8377 0.0869 0.5392
vn -0.8339 0.2396 0.4972
vn 0.2826 0.8083 -0.5164
vn 0.0006 0.7785 0.6277
vn 0.5615 0.8181 -0.1243
vn 0.0493 0.7934 0.6066
vn 0.0039 0.7792 0.6268
vn -0.1711 0.8075 -0.5645
vn -0.1518 0.8007 -0.5795
vn -0.3507 0.8082 -0.4731
vn -0.3230 0.8098 -0.4898
vn 0.4282 0.8123 -0.3960
vn -0.5712 0.8197 0.0416
vn -0.5709 0.8183 -0.0676
vn -0.2668 0.8240 0.4998
vn 0.3624 0.8291 0.4258
vn -0.5015 0.8174 -0.2834
vn -0.4572 0.8175 -0.3502
vn -0.5296 0.8153 0.2342
vn -0.5593 0.8143 0.1552
vn 0.2230 0.8070 -0.5468
vn -0.0005 0.7576 -0.6527
vn 0.0156 0.7688 0.6393
vn -0.0150 0.7769 0.6295
vn -0.2148 0.8066 -0.5507
vn 0.5406 0.8176 -0.1982
vn -0.1519 0.8075 0.5700
vn 0.2457 0.8218 0.5140
vn -0.3809 0.8098 -0.4462
vn 0.3878 0.8116 -0.4369
vn -0.4753 0.8189 0.3217
vn -0.5352 0.8183 -0.2097
vn 0.1820 0.8055 -0.5640
vn 0.5536 0.8165 0.1639
vn 0.5672 0.8223 0.0457
vn -0.0279 0.7687 0.6390
vn 0.1486 0.8047 -0.5747
vn -0.2731 0.8093 -0.5201
vn 0.5071 0.8186 -0.2697
vn -0.0667 0.7938 0.6045
vn 0.1339 0.8066 0.5758
vn 0.3521 0.8088 -0.4710
vn -0.0327 0.8082 -0.5880
vn 0.0311 0.8095 -0.5863
vn -0.0004 0.7576 -0.6527
vn -0.0067 0.7640 0.6451
vn -0.4169 0.8123 -0.4078
vn -0.3837 0.8250 0.4149
vn 0.5221 0.8173 0.2439
vn -0.5594 0.8174 -0.1375
vn 0.1324 0.7999 -0.5853
vn -0.1055 0.8140 -0.5712
vn 0.5746 0.8162 -0.0606
vn 0.3274 0.8084 -0.4891
vn -0.0218 0.7805 0.6248
vn 0.0993 0.8081 -0.5806
vn 0.4673 0.8170 -0.3378
vn -0.0609 0.8009 -0.5956
vn 0.4666 0.8201 0.3312
vn 0.1338 0.8066 0.5758
vn 0.2836 0.7546 0.5917
vn 0.1407 0.7598 0.6348
vn -0.4169 0.8124 -0.4077
vn -0.4842 0.7851 -0.3863
vn -0.4317 0.7891 -0.4371
vn 0.0493 0.7935 0.6066
vn 0.0481 0.7623 0.6454
vn -0.5320 0.7878 -0.3103
vn 0.0039 0.7792 0.6267
vn 0.0047 0.7665 0.6423
vn -0.5684 0.7900 -0.2298
vn -0.0150 0.7769 0.6294
vn -0.0154 0.7621 0.6473
vn -0.5351 0.8183 -0.2097
vn -0.5896 0.7937 -0.1498
vn -0.0279 0.7688 0.6389
vn -0.0266 0.7626 0.6463
vn -0.5593 0.8175 -0.1375
vn -0.6020 0.7948 -0.0760
vn -0.0067 0.7641 0.6451
vn -0.0068 0.7628 0.6465
vn -0.5708 0.8183 -0.0676
vn -0.6042 0.7960 0.0367
vn 0.1324 0.8000 -0.5852
vn 0.1495 0.7966 -0.5857
vn 0.1486 0.8048 -0.5746
vn 0.5745 0.8163 -0.0606
vn 0.6040 0.7959 0.0417
vn 0.5671 0.8224 0.0457
vn -0.5711 0.8198 0.0417
vn -0.5886 0.7940 0.1522
vn -0.1055 0.8140 -0.5711
vn -0.1515 0.8020 -0.5778
vn -0.1075 0.7898 -0.6039
vn 0.5614 0.8182 -0.1242
vn 0.5992 0.7979 -0.0659
vn -0.5592 0.8144 0.1552
vn -0.5714 0.7865 0.2344
vn -0.0327 0.8082 -0.5879
vn -0.0608 0.8023 -0.5938
vn -0.0325 0.7953 -0.6053
vn 0.5405 0.8176 -0.1982
vn 0.5934 0.7935 -0.1351
vn -0.5366 0.7742 0.3355
vn 0.5070 0.8186 -0.2697
vn 0.5734 0.7905 -0.2152
vn -0.4555 0.7603 0.4632
vn 0.4672 0.8171 -0.3377
vn 0.5418 0.7859 -0.2980
vn -0.3109 0.7514 0.5820
vn 0.4950 0.7850 -0.3724
vn -0.2669 0.8241 0.4997
vn 0.3877 0.8117 -0.4369
vn 0.4444 0.7885 -0.4253
vn -0.0667 0.7939 0.6044
vn -0.1594 0.7590 0.6313
vn 0.3521 0.8089 -0.4709
vn 0.3993 0.7889 -0.4670
vn -0.0218 0.7805 0.6247
vn -0.0654 0.7630 0.6431
vn 0.3274 0.8085 -0.4890
vn 0.3580 0.7924 -0.4938
vn 0.0006 0.7785 0.6276
vn -0.0224 0.7669 0.6414
vn 0.2826 0.8084 -0.5164
vn 0.3305 0.7944 -0.5096
vn 0.0013 0.7620 0.6475
vn 0.2868 0.7960 -0.5330
vn 0.0141 0.7635 0.6457
vn 0.1819 0.8055 -0.5639
vn 0.2256 0.7953 -0.5626
vn 0.0311 0.8095 -0.5862
vn 0.0321 0.7938 -0.6073
vn 0.1831 0.7959 -0.5771
vn -0.0609 0.8010 -0.5956
vn 0.0992 0.8081 -0.5806
vn 0.1322 0.8012 -0.5836
vn -0.1518 0.8007 -0.5794
vn -0.1728 0.7954 -0.5810
vn 0.1008 0.7942 -0.5993
vn -0.1712 0.8075 -0.5644
vn -0.2171 0.7970 -0.5636
vn 0.5839 0.7954 0.1622
vn 0.5535 0.8166 0.1639
vn -0.2148 0.8067 -0.5506
vn -0.2773 0.7960 -0.5381
vn 0.5637 0.7885 0.2461
vn 0.5221 0.8173 0.2438
vn -0.2731 0.8093 -0.5200
vn -0.3272 0.7939 -0.5125
vn 0.5247 0.7776 0.3465
vn 0.4665 0.8202 0.3312
vn -0.3230 0.8099 -0.4897
vn -0.3561 0.7939 -0.4929
vn 0.4376 0.7595 0.4813
vn -0.3507 0.8082 -0.4730
vn -0.3899 0.7916 -0.4705
vn 0.2457 0.8219 0.5140
vn -0.3809 0.8099 -0.4461
vn 0.0002 0.9991 0.0434
vn -0.1395 -0.8777 0.4585
vn 0.7310 -0.5759 0.3661
vn -0.1062 -0.7932 0.5997
vn 0.3610 -0.7592 0.5416
vn -0.4994 -0.8041 0.3224
vn -0.6056 -0.6769 0.4183
vn -0.6031 -0.7184 -0.3468
vn 0.2430 -0.8949 0.3743
vn 0.4076 -0.8683 0.2827
vn 0.7481 -0.6556 -0.1024
vn -0.4544 -0.8718 0.1830
vn 0.7938 -0.5714 -0.2083
vn -0.1579 -0.1312 0.9787
vn -0.1707 -0.9850 0.0249
vn 0.1455 -0.0999 0.9843
vn -0.4923 -0.8702 0.0194
vn 0.5322 -0.8296 0.1689
vn 0.5775 -0.8055 0.1332
vn 0.5768 -0.7146 -0.3958
vn -0.1318 -0.9153 0.3807
vn 0.3326 -0.6793 -0.6541
vn 0.6885 -0.7003 0.1884
vn -0.4170 -0.4252 0.8033
vn 0.5036 -0.8637 -0.0186
vn -0.2004 -0.3379 0.9196
vn 0.5490 -0.7294 0.4081
vn -0.5840 -0.7364 0.3415
vn -0.3540 -0.9096 0.2174
vn 0.6563 -0.6730 0.3410
vn -0.1396 -0.8777 0.4585
vn -0.4213 -0.6991 -0.5777
vn 0.0585 -0.9165 0.3958
vn 0.7379 -0.6630 0.1267
vn -0.5460 -0.8310 0.1067
vn 0.5850 -0.2905 0.7572
vn -0.5935 -0.7962 -0.1176
vn 0.7379 -0.6629 0.1267
vn -0.5244 -0.8245 0.2127
vn -0.3010 -0.9023 0.3086
vn 0.2370 -0.9706 -0.0414
vn 0.5962 -0.7715 0.2221
vn -0.0551 -0.7170 -0.6949
vn -0.5245 -0.8244 0.2127
vn -0.5746 -0.8089 0.1245
vn -0.5460 -0.8309 0.1068
vn -0.6355 -0.6358 0.4381
vn -0.5826 -0.7231 0.3712
vn 0.5775 -0.8054 0.1332
vn 0.5948 -0.7841 0.1771
vn 0.6236 -0.7677 0.1475
vn -0.5233 -0.8280 0.2015
vn -0.4545 -0.8718 0.1830
vn -0.6057 -0.6769 0.4183
vn -0.5358 -0.8149 0.2210
vn 0.5963 -0.7714 0.2222
vn 0.6415 -0.7236 0.2548
vn -0.3932 -0.8483 0.3548
vn -0.3011 -0.9023 0.3086
vn -0.4995 -0.8041 0.3223
vn 0.6671 -0.6344 0.3906
vn -0.1831 -0.8651 0.4670
vn -0.1319 -0.9152 0.3808
vn 0.2370 -0.9706 -0.0415
vn -0.1519 -0.9873 0.0462
vn 0.0771 -0.8591 0.5059
vn 0.0585 -0.9164 0.3959
vn 0.4454 -0.8873 0.1197
vn 0.2101 -0.9775 0.0203
vn 0.2431 -0.8948 0.3744
vn 0.3092 -0.8434 0.4395
vn 0.7311 -0.5758 0.3660
vn 0.6562 -0.7335 0.1772
vn 0.6886 -0.7003 0.1883
vn 0.5037 -0.8637 -0.0186
vn 0.4077 -0.8683 0.2827
vn 0.4939 -0.8114 0.3126
vn 0.7110 -0.5745 0.4054
vn -0.6198 -0.7587 0.2005
vn 0.2842 -0.9086 0.3059
vn -0.6235 -0.6772 0.3907
vn -0.5673 -0.7656 0.3034
vn 0.4220 -0.6208 -0.6607
vn -0.0744 -0.9176 0.3905
vn 0.1179 -0.5466 -0.8291
vn 0.5272 -0.2969 0.7962
vn -0.1126 -0.9923 -0.0515
vn -0.5502 -0.8232 0.1401
vn -0.4651 -0.7760 0.4260
vn 0.5063 -0.8457 0.1687
vn 0.6061 -0.7488 0.2684
vn 0.5444 -0.8327 -0.1007
vn -0.4197 -0.8682 0.2648
vn 0.4937 -0.8077 -0.3223
vn 0.1997 -0.8387 0.5067
vn -0.7012 -0.6102 0.3688
vn -0.6234 -0.6772 0.3908
vn -0.6319 -0.7194 -0.2883
vn 0.3364 -0.8926 0.3003
vn 0.4455 -0.8685 0.2171
vn -0.3307 -0.7680 0.5485
vn 0.5463 -0.7819 0.3003
vn -0.5971 -0.3397 0.7267
vn -0.5403 -0.8184 0.1958
vn 0.4158 -0.9060 0.0796
vn -0.2907 -0.6823 -0.6708
vn 0.1471 -0.9173 0.3702
vn 0.1418 -0.2175 0.9657
vn 0.2190 -0.9744 0.0515
vn -0.2950 -0.8925 0.3412
vn 0.2731 -0.7391 0.6157
vn -0.8269 -0.5344 -0.1752
vn 0.4990 -0.8491 0.1732
vn 0.6382 -0.6545 0.4054
vn -0.5125 -0.8375 0.1896
vn -0.5711 -0.6416 -0.5120
vn -0.2192 -0.1413 0.9654
vn -0.8411 -0.5280 0.1172
vn 0.5062 -0.8457 0.1686
vn 0.5063 -0.8457 0.1686
vn 0.5464 -0.8141 0.1966
vn 0.6084 -0.7788 0.1527
vn -0.1126 -0.9923 -0.0516
vn 0.2065 -0.9774 0.0457
vn -0.1032 -0.9947 0.0035
vn -0.5403 -0.8183 0.1958
vn -0.5694 -0.7978 0.1983
vn 0.5070 -0.8263 0.2453
vn -0.5502 -0.8232 0.1400
vn -0.5135 -0.8483 0.1295
vn -0.5906 -0.7787 0.2119
vn 0.4456 -0.8685 0.2171
vn 0.3990 -0.8480 0.3490
vn -0.7012 -0.6101 0.3688
vn -0.6671 -0.6238 0.4073
vn -0.6003 -0.7231 0.3418
vn 0.3365 -0.8925 0.3003
vn 0.1955 -0.8613 0.4690
vn -0.6400 -0.6377 0.4286
vn 0.6061 -0.7487 0.2684
vn 0.6015 -0.7355 0.3119
vn 0.1471 -0.9172 0.3702
vn -0.0908 -0.8674 0.4893
vn 0.6566 -0.6229 0.4253
vn -0.0744 -0.9176 0.3906
vn 0.5754 -0.7830 0.2363
vn 0.5464 -0.7819 0.3003
vn -0.3536 -0.8398 0.4119
vn 0.2190 -0.9744 0.0514
vn -0.5053 -0.8095 0.2990
vn -0.1698 -0.9779 0.1221
vn 0.3128 -0.9001 0.3034
vn -0.3311 -0.9418 -0.0578
vn 0.5806 -0.5242 0.6230
vn -0.2323 -0.8035 0.5481
vn 0.7613 -0.6480 -0.0243
vn 0.7207 -0.1261 0.6817
vn 0.9931 -0.1172 -0.0095
vn 0.7226 0.0060 0.6912
vn 0.9974 0.0682 -0.0242
vn 0.7366 0.0213 0.6760
vn 0.9956 0.0841 -0.0425
vn 0.7491 0.0273 0.6619
vn 0.9943 0.0894 -0.0587
vn 0.7585 0.0322 0.6509
vn 0.9932 0.0925 -0.0707
vn 0.7648 0.0371 0.6431
vn 0.9924 0.0949 -0.0781
vn 0.7667 0.0419 0.6406
vn 0.9921 0.0963 -0.0801
vn 0.7647 0.0471 0.6427
vn 0.9923 0.0971 -0.0772
vn 0.7590 0.0520 0.6490
vn 0.9927 0.0990 -0.0693
vn 0.7484 0.0607 0.6605
vn 0.9928 0.1063 -0.0560
vn 0.7331 0.1076 0.6715
vn 0.9875 0.1543 -0.0326
vn 0.6479 0.3919 0.6532
vn 0.8369 0.5470 0.0175
vn 0.1615 0.7490 0.6426
vn -0.8566 0.5145 0.0397
vn -0.6805 0.4137 0.6047
vn 0.7566 -0.6520 -0.0485
vn 0.9933 -0.1146 -0.0161
vn 0.9964 0.0826 -0.0209
vn 0.9947 0.0967 -0.0353
vn 0.9940 0.0989 -0.0474
vn 0.9935 0.0988 -0.0565
vn 0.9933 0.0974 -0.0617
vn 0.9934 0.0956 -0.0639
vn 0.9936 0.0936 -0.0630
vn 0.9939 0.0926 -0.0595
vn 0.9938 0.0970 -0.0534
vn 0.9895 0.1381 -0.0431
vn 0.8384 0.5449 -0.0136
vn 0.1763 0.9833 0.0443
vn 0.1904 0.9799 0.0588
vn -0.3208 -0.9463 -0.0408
vn 0.5898 -0.4769 -0.6517
vn 0.7320 -0.0632 -0.6784
vn 0.6904 0.0900 -0.7178
vn 0.6785 0.1015 -0.7275
vn 0.6704 0.1028 -0.7349
vn 0.6647 0.1016 -0.7402
vn 0.6616 0.0991 -0.7433
vn 0.6603 0.0958 -0.7448
vn 0.6605 0.0923 -0.7451
vn 0.6623 0.0905 -0.7437
vn 0.6649 0.0920 -0.7413
vn 0.6695 0.1208 -0.7329
vn 0.6203 0.4355 -0.6523
vn 0.1643 0.8055 -0.5694
vn -0.8504 0.5206 0.0762
vn -0.0554 -0.9817 0.1820
vn 0.5327 -0.4203 -0.7345
vn 0.5494 -0.8223 0.1485
vn -0.0459 -0.5554 -0.8303
vn 0.6633 0.0309 -0.7477
vn 0.0769 0.1833 -0.9800
vn 0.7303 0.1692 -0.6618
vn 0.0975 0.2017 -0.9746
vn 0.7490 0.1674 -0.6411
vn 0.1112 0.2028 -0.9729
vn 0.7581 0.1630 -0.6315
vn 0.1193 0.1957 -0.9734
vn 0.7619 0.1559 -0.6287
vn 0.1224 0.1845 -0.9752
vn 0.7624 0.1451 -0.6307
vn 0.1196 0.1700 -0.9782
vn 0.7599 0.1326 -0.6363
vn 0.1112 0.1528 -0.9820
vn 0.7536 0.1198 -0.6463
vn 0.0972 0.1357 -0.9860
vn 0.7439 0.1071 -0.6597
vn 0.0777 0.1258 -0.9890
vn 0.7312 0.0994 -0.6749
vn 0.0527 0.1755 -0.9831
vn 0.7066 0.1382 -0.6940
vn 0.0283 0.5805 -0.8138
vn 0.6349 0.4592 -0.6214
vn -0.0132 0.9936 -0.1125
vn 0.5952 0.7967 -0.1047
vn -0.0522 0.4256 0.9034
vn 0.5765 0.3659 0.7306
vn -0.0088 -0.9790 0.2035
vn 0.0584 -0.6088 -0.7912
vn 0.0499 -0.0343 -0.9982
vn 0.0922 0.1646 -0.9820
vn 0.1101 0.1884 -0.9759
vn 0.1243 0.1942 -0.9731
vn 0.1332 0.1915 -0.9724
vn 0.1368 0.1849 -0.9732
vn 0.1344 0.1755 -0.9753
vn 0.1257 0.1633 -0.9785
vn 0.1106 0.1513 -0.9823
vn 0.0890 0.1460 -0.9853
vn 0.0599 0.1959 -0.9788
vn 0.0132 0.5780 -0.8160
vn -0.0213 0.9912 -0.1307
vn -0.0458 0.4381 0.8978
vn -0.5606 -0.7997 0.2149
vn -0.5724 -0.5352 -0.6212
vn 0.0877 -0.0598 -0.9944
vn -0.6576 0.0925 -0.7477
vn -0.6510 0.1085 -0.7513
vn -0.6421 0.1167 -0.7577
vn -0.6370 0.1178 -0.7618
vn -0.6357 0.1158 -0.7632
vn -0.6388 0.1119 -0.7612
vn -0.6466 0.1053 -0.7555
vn -0.6589 0.0991 -0.7457
vn -0.6739 0.0978 -0.7323
vn -0.6846 0.1389 -0.7155
vn -0.6547 0.4323 -0.6201
vn -0.6480 0.7546 -0.1032
vn -0.5791 0.3719 0.7254
vn -0.5234 -0.4180 -0.7425
vn 0.0648 -0.9807 0.1844
vn -0.5441 -0.8265 0.1443
vn -0.6602 0.0391 -0.7501
vn 0.0568 -0.5451 -0.8364
vn -0.0913 0.1926 -0.9770
vn -0.0446 -0.0185 -0.9988
vn -0.7383 0.1720 -0.6522
vn -0.1268 0.2094 -0.9696
vn -0.7654 0.1673 -0.6214
vn -0.1515 0.2100 -0.9659
vn -0.7812 0.1594 -0.6036
vn -0.1669 0.2025 -0.9650
vn -0.7895 0.1488 -0.5955
vn -0.1722 0.1895 -0.9667
vn -0.7910 0.1354 -0.5966
vn -0.1685 0.1731 -0.9704
vn -0.7878 0.1209 -0.6040
vn -0.1565 0.1539 -0.9756
vn -0.7794 0.1062 -0.6175
vn -0.1368 0.1343 -0.9815
vn -0.7659 0.0918 -0.6364
vn -0.1083 0.1220 -0.9866
vn -0.7468 0.0823 -0.6599
vn -0.0690 0.1716 -0.9828
vn -0.7114 0.1153 -0.6933
vn -0.0146 0.5709 -0.8209
vn -0.6156 0.4494 -0.6473
vn 0.0219 0.9945 -0.1024
vn -0.5972 0.7966 -0.0940
vn 0.0324 0.3958 0.9178
vn 0.0201 -0.9787 0.2042
vn -0.0423 -0.5987 -0.7999
vn -0.1135 0.1599 -0.9806
vn -0.0817 -0.0555 -0.9951
vn -0.1461 0.1851 -0.9718
vn -0.1725 0.1931 -0.9659
vn -0.1899 0.1933 -0.9626
vn -0.1979 0.1886 -0.9619
vn -0.1957 0.1800 -0.9640
vn -0.1837 0.1678 -0.9685
vn -0.1634 0.1551 -0.9743
vn -0.1345 0.1512 -0.9793
vn -0.0920 0.2075 -0.9739
vn -0.0245 0.5872 -0.8091
vn 0.0274 0.9921 -0.1226
vn 0.0285 0.4208 0.9067
vn 0.5681 -0.7928 0.2208
vn 0.5849 -0.5209 -0.6218
vn 0.6424 0.0888 -0.7612
vn 0.6367 -0.0781 -0.7671
vn 0.6239 0.1120 -0.7735
vn 0.6035 0.1256 -0.7874
vn 0.5891 0.1317 -0.7973
vn 0.5823 0.1333 -0.8020
vn 0.5838 0.1324 -0.8010
vn 0.5944 0.1272 -0.7941
vn 0.6112 0.1194 -0.7824
vn 0.6328 0.1188 -0.7652
vn 0.6531 0.1730 -0.7372
vn 0.6409 0.4596 -0.6149
vn 0.6436 0.7594 -0.0956
vn 0.5701 0.3694 0.7338
vn -0.5953 -0.5219 0.6110
vn 0.3359 -0.9416 -0.0229
vn 0.2228 -0.7868 0.5756
vn -0.7364 -0.1211 0.6656
vn -0.7496 -0.6610 -0.0339
vn -0.7208 0.0211 0.6928
vn -0.9904 -0.1357 -0.0243
vn -0.7271 0.0336 0.6857
vn -0.9977 0.0624 -0.0277
vn -0.7332 0.0367 0.6790
vn -0.9962 0.0799 -0.0361
vn -0.7380 0.0381 0.6737
vn -0.9956 0.0839 -0.0425
vn -0.7412 0.0389 0.6702
vn -0.9952 0.0857 -0.0476
vn -0.7432 0.0394 0.6679
vn -0.9949 0.0864 -0.0512
vn -0.7439 0.0401 0.6671
vn -0.9948 0.0870 -0.0533
vn -0.7427 0.0417 0.6683
vn -0.9947 0.0879 -0.0537
vn -0.7398 0.0485 0.6711
vn -0.9946 0.0902 -0.0520
vn -0.7337 0.0878 0.6738
vn -0.9939 0.0992 -0.0478
vn -0.6759 0.3596 0.6433
vn -0.9887 0.1452 -0.0371
vn -0.2313 0.7275 0.6459
vn -0.8545 0.5193 -0.0101
vn 0.8174 0.5736 0.0534
vn -0.2443 0.9688 0.0418
vn 0.3321 -0.9430 -0.0220
vn -0.7448 -0.6655 -0.0482
vn -0.9901 -0.1330 -0.0441
vn -0.9968 0.0676 -0.0431
vn -0.9955 0.0836 -0.0440
vn -0.9952 0.0871 -0.0456
vn -0.9950 0.0882 -0.0476
vn -0.9949 0.0883 -0.0497
vn -0.9948 0.0880 -0.0514
vn -0.9948 0.0878 -0.0522
vn -0.9946 0.0893 -0.0522
vn -0.9939 0.0977 -0.0516
vn -0.9878 0.1473 -0.0501
vn -0.8556 0.5172 -0.0181
vn 0.8175 0.5688 0.0904
vn -0.2528 0.9659 0.0557
vn -0.5654 -0.5000 -0.6560
vn 0.3035 -0.7417 -0.5982
vn -0.7026 -0.0826 -0.7067
vn -0.6724 0.0618 -0.7376
vn -0.6702 0.0740 -0.7384
vn -0.6697 0.0789 -0.7384
vn -0.6690 0.0817 -0.7387
vn -0.6676 0.0830 -0.7398
vn -0.6664 0.0839 -0.7408
vn -0.6657 0.0849 -0.7414
vn -0.6655 0.0871 -0.7413
vn -0.6659 0.0942 -0.7401
vn -0.6733 0.1299 -0.7278
vn -0.6381 0.4269 -0.6408
vn -0.1765 0.7939 -0.5818
vn 0.0397 -0.9599 -0.2774
vn -0.8446 -0.4117 0.3422
vn -0.5274 -0.7357 -0.4249
vn -0.3585 -0.1306 0.9243
vn -0.8956 -0.0184 0.4444
vn -0.8974 0.0998 0.4298
vn -0.3360 0.0260 0.9415
vn -0.8908 0.1087 0.4413
vn -0.3209 0.0370 0.9464
vn -0.8835 0.1121 0.4549
vn -0.3085 0.0378 0.9505
vn -0.8773 0.1145 0.4660
vn -0.2989 0.0372 0.9536
vn -0.8724 0.1170 0.4746
vn -0.2922 0.0369 0.9557
vn -0.8694 0.1192 0.4794
vn -0.2890 0.0374 0.9566
vn -0.8691 0.1215 0.4795
vn -0.2898 0.0384 0.9563
vn -0.8710 0.1248 0.4752
vn -0.2942 0.0413 0.9548
vn -0.8745 0.1324 0.4665
vn -0.3020 0.0508 0.9519
vn -0.8702 0.1880 0.4554
vn -0.3120 0.1082 0.9439
vn -0.7884 0.4743 0.3916
vn -0.2657 0.5048 0.8213
vn -0.5691 0.8211 -0.0427
vn 0.3564 0.5348 -0.7661
vn -0.2389 0.4987 -0.8332
vn 0.0208 -0.9529 -0.3025
vn -0.3284 -0.6231 0.7098
vn -0.3237 -0.6360 0.7006
vn -0.3628 -0.1340 0.9222
vn -0.3369 0.0380 0.9408
vn -0.3239 0.0470 0.9449
vn -0.3164 0.0459 0.9475
vn -0.3105 0.0447 0.9495
vn -0.3061 0.0425 0.9510
vn -0.3039 0.0402 0.9518
vn -0.3042 0.0388 0.9518
vn -0.3060 0.0389 0.9512
vn -0.3095 0.0444 0.9499
vn -0.3126 0.0861 0.9460
vn -0.2520 0.4739 0.8438
vn -0.0153 0.9717 0.2357
vn 0.3213 0.5423 -0.7763
vn 0.3394 -0.5689 0.7491
vn 0.3564 -0.1917 0.9144
vn 0.4272 -0.0512 0.9027
vn 0.4349 -0.0561 0.8987
vn 0.4412 -0.0591 0.8955
vn 0.4462 -0.0638 0.8927
vn 0.4472 -0.0652 0.8921
vn 0.4468 -0.0643 0.8923
vn 0.4364 -0.0305 0.8992
vn 0.4027 0.2658 0.8759
vn -0.0417 0.9649 0.2592
vn 0.5228 0.7144 0.4651
vn 0.8182 -0.4523 0.3550
vn -0.0534 -0.9498 -0.3081
vn 0.5137 -0.7331 -0.4457
vn 0.3429 -0.1728 0.9233
vn 0.2842 -0.6593 0.6961
vn 0.8971 0.0705 0.4361
vn 0.8849 -0.0475 0.4633
vn 0.3326 -0.0000 0.9431
vn 0.3387 -0.0106 0.9408
vn 0.8962 0.0770 0.4368
vn 0.3285 0.0035 0.9445
vn 0.8944 0.0811 0.4398
vn 0.3258 0.0046 0.9454
vn 0.8931 0.0840 0.4420
vn 0.3245 0.0049 0.9459
vn 0.8920 0.0863 0.4437
vn 0.3246 0.0057 0.9458
vn 0.8915 0.0881 0.4445
vn 0.3260 0.0070 0.9454
vn 0.8918 0.0902 0.4434
vn 0.3289 0.0093 0.9443
vn 0.8926 0.0928 0.4412
vn 0.3329 0.0172 0.9428
vn 0.8877 0.1370 0.4396
vn 0.8932 0.0998 0.4384
vn 0.7894 0.4479 0.4197
vn 0.3335 0.0583 0.9409
vn 0.5999 0.7983 -0.0533
vn 0.2706 0.4442 0.8541
vn -0.3279 0.5166 -0.7909
vn 0.0383 0.9654 0.2581
vn -0.0296 -0.9433 -0.3305
vn 0.3079 -0.6698 0.6757
vn 0.3587 -0.1842 0.9151
vn 0.3357 0.0041 0.9420
vn 0.3410 -0.0063 0.9401
vn 0.3320 0.0066 0.9433
vn 0.3298 0.0066 0.9440
vn 0.3292 0.0057 0.9442
vn 0.3302 0.0052 0.9439
vn 0.3329 0.0055 0.9429
vn 0.3370 0.0063 0.9415
vn 0.3423 0.0133 0.9395
vn 0.2701 0.4364 0.8582
vn 0.3470 0.0537 0.9363
vn -0.0277 0.9522 0.3042
vn -0.3517 -0.5923 0.7249
vn -0.5826 -0.8029 -0.1262
vn -0.4158 -0.0803 0.9059
vn -0.3593 -0.2206 0.9068
vn -0.4230 -0.0737 0.9031
vn -0.4265 -0.0744 0.9014
vn -0.4286 -0.0766 0.9002
vn -0.4288 -0.0792 0.8999
vn -0.4277 -0.0816 0.9002
vn -0.4249 -0.0829 0.9014
vn -0.4205 -0.0832 0.9035
vn -0.4113 -0.0811 0.9079
vn -0.3714 0.2796 0.8854
vn -0.3981 -0.0473 0.9161
vn -0.5759 0.6597 0.4829
vn -0.3117 0.5558 -0.7707
vn -0.4373 0.3569 0.8255
vn -0.9301 0.3672 0.0103
vn -0.7551 0.2379 0.6109
vn -0.9982 0.0600 -0.0001
vn -0.7683 0.6399 0.0177
vn -0.6788 0.0213 0.7340
vn -0.9972 -0.0719 0.0209
vn -0.6794 -0.0759 0.7298
vn -0.9956 -0.0836 0.0416
vn -0.6659 -0.0860 0.7411
vn -0.9944 -0.0884 0.0578
vn -0.6525 -0.0888 0.7526
vn -0.9935 -0.0897 0.0705
vn -0.6370 -0.0942 0.7651
vn -0.6431 -0.0897 0.7605
vn -0.6342 -0.0950 0.7673
vn -0.9924 -0.0949 0.0780
vn -0.6372 -0.0945 0.7649
vn -0.9921 -0.0963 0.0801
vn -0.6446 -0.0957 0.7586
vn -0.9923 -0.0971 0.0771
vn -0.6554 -0.0995 0.7487
vn -0.9927 -0.0990 0.0693
vn -0.6703 -0.1105 0.7338
vn -0.9928 -0.1058 0.0559
vn -0.5212 -0.3299 0.7871
vn -0.9930 -0.1129 0.0339
vn -0.0482 -0.5831 0.8109
vn -0.8588 -0.5121 -0.0109
vn -0.4557 -0.8894 -0.0367
vn -0.1130 -0.9925 -0.0469
vn -0.9240 0.3805 0.0393
vn -0.7620 0.6457 0.0493
vn -0.9957 -0.0910 0.0178
vn -0.9981 0.0605 0.0118
vn -0.9949 -0.0948 0.0333
vn -0.9941 -0.0984 0.0447
vn -0.9937 -0.0975 0.0554
vn -0.9933 -0.0974 0.0617
vn -0.9934 -0.0956 0.0639
vn -0.9936 -0.0936 0.0630
vn -0.9939 -0.0925 0.0595
vn -0.9939 -0.0967 0.0535
vn -0.9945 -0.0946 0.0457
vn -0.8604 -0.5095 0.0156
vn -0.1291 -0.9900 -0.0569
vn -0.4290 0.4141 -0.8028
vn -0.7672 0.3233 -0.5540
vn -0.6748 0.0614 -0.7354
vn -0.7279 -0.0407 -0.6844
vn -0.7180 -0.0444 -0.6946
vn -0.7360 -0.0430 -0.6756
vn -0.7413 -0.0418 -0.6699
vn -0.7443 -0.0403 -0.6667
vn -0.7459 -0.0396 -0.6649
vn -0.7454 -0.0385 -0.6655
vn -0.7440 -0.0378 -0.6672
vn -0.7417 -0.0417 -0.6694
vn -0.7446 -0.0488 -0.6657
vn -0.5550 -0.2920 -0.7789
vn -0.4648 -0.8841 -0.0475
vn -0.0809 -0.4986 -0.8630
vn 0.8988 0.2530 0.3578
vn 0.0233 0.2178 0.9757
vn 0.6132 0.1642 0.7727
vn 0.7426 -0.0131 0.6696
vn 0.0376 0.5534 0.8320
vn 0.6743 -0.1088 0.7304
vn -0.0518 -0.0101 0.9986
vn 0.6596 -0.1259 0.7410
vn -0.0819 -0.1867 0.9790
vn -0.1117 -0.2037 0.9727
vn -0.1004 -0.2004 0.9746
vn 0.6503 -0.1304 0.7484
vn -0.1198 -0.1964 0.9732
vn 0.6460 -0.1241 0.7532
vn -0.1228 -0.1852 0.9750
vn 0.6460 -0.1155 0.7546
vn -0.1201 -0.1706 0.9780
vn 0.6503 -0.1033 0.7526
vn -0.1118 -0.1534 0.9818
vn 0.6582 -0.0882 0.7476
vn -0.0979 -0.1363 0.9858
vn 0.6695 -0.0736 0.7391
vn -0.0786 -0.1257 0.9890
vn 0.6832 -0.0640 0.7274
vn -0.0553 -0.1348 0.9893
vn 0.6967 -0.0762 0.7133
vn -0.0339 -0.5344 0.8446
vn 0.7937 -0.3286 0.5119
vn 0.0124 -0.9984 0.0553
vn 0.8597 -0.5104 -0.0208
vn 0.0035 -0.9320 0.3624
vn 0.0166 0.2346 0.9719
vn -0.0554 0.6098 0.7907
vn -0.0909 0.0209 0.9956
vn -0.1107 -0.1895 0.9756
vn -0.0952 -0.1711 0.9806
vn -0.1249 -0.1950 0.9728
vn -0.1337 -0.1922 0.9722
vn -0.1373 -0.1855 0.9730
vn -0.1350 -0.1760 0.9751
vn -0.1263 -0.1638 0.9784
vn -0.1113 -0.1518 0.9821
vn -0.0897 -0.1459 0.9852
vn -0.0624 -0.1598 0.9852
vn -0.0184 -0.5185 0.8549
vn 0.0240 -0.9957 0.0895
vn -0.0084 -0.9269 0.3751
vn -0.5527 0.2339 0.7999
vn -0.8625 0.2720 0.4266
vn -0.7503 -0.1326 0.6477
vn -0.7933 -0.0335 0.6079
vn -0.7598 -0.1449 0.6338
vn -0.7668 -0.1487 0.6244
vn -0.7701 -0.1477 0.6205
vn -0.7711 -0.1439 0.6202
vn -0.7677 -0.1389 0.6256
vn -0.7607 -0.1325 0.6354
vn -0.7499 -0.1257 0.6495
vn -0.7361 -0.1227 0.6656
vn -0.7234 -0.1303 0.6780
vn -0.7857 -0.3158 0.5320
vn -0.8197 -0.5596 0.1224
vn -0.5632 -0.7614 0.3209
vn -0.0308 0.2205 0.9749
vn -0.9057 0.2411 0.3487
vn -0.6203 0.1607 0.7677
vn -0.0485 0.5421 0.8389
vn -0.7443 -0.0379 0.6668
vn 0.0470 -0.0338 0.9983
vn -0.6674 -0.1290 0.7334
vn 0.0934 -0.1967 0.9760
vn -0.6402 -0.1432 0.7547
vn 0.1519 -0.2107 0.9657
vn -0.6209 -0.1513 0.7691
vn 0.1672 -0.2030 0.9648
vn -0.6120 -0.1444 0.7776
vn 0.1725 -0.1900 0.9665
vn -0.6111 -0.1333 0.7803
vn 0.1688 -0.1736 0.9702
vn -0.6171 -0.1189 0.7778
vn 0.1570 -0.1543 0.9755
vn -0.6290 -0.1012 0.7708
vn 0.1373 -0.1347 0.9813
vn -0.6463 -0.0828 0.7586
vn 0.1090 -0.1217 0.9866
vn -0.6684 -0.0695 0.7406
vn 0.0721 -0.1311 0.9887
vn -0.6925 -0.0762 0.7174
vn 0.0210 -0.5100 0.8599
vn -0.8140 -0.2997 0.4977
vn -0.0212 -0.9986 0.0494
vn -0.8659 -0.4987 -0.0389
vn -0.0048 -0.9486 0.3163
vn -0.5886 -0.7672 0.2548
vn -0.0271 0.2390 0.9707
vn 0.0393 0.5981 0.8005
vn 0.0832 0.0054 0.9965
vn 0.1141 -0.1651 0.9797
vn 0.1276 -0.2025 0.9709
vn 0.1729 -0.1939 0.9657
vn 0.1903 -0.1938 0.9624
vn 0.1983 -0.1890 0.9618
vn 0.1960 -0.1803 0.9639
vn 0.1841 -0.1681 0.9684
vn 0.1638 -0.1553 0.9742
vn 0.1350 -0.1508 0.9793
vn 0.0941 -0.1722 0.9806
vn 0.0291 -0.5278 0.8489
vn -0.0265 -0.9966 0.0775
vn -0.0052 -0.9347 0.3555
vn 0.5422 0.2430 0.8044
vn 0.8581 0.2716 0.4358
vn 0.7853 -0.0329 0.6182
vn 0.7731 -0.1120 0.6244
vn 0.1472 -0.1787 0.9728
vn 0.7995 -0.1316 0.5861
vn 0.8087 -0.1322 0.5732
vn 0.8129 -0.1306 0.5676
vn 0.8108 -0.1268 0.5714
vn 0.8020 -0.1214 0.5849
vn 0.7882 -0.1163 0.6044
vn 0.7711 -0.1154 0.6262
vn 0.7553 -0.1244 0.6435
vn 0.8027 -0.3006 0.5151
vn 0.8199 -0.5604 0.1175
vn 0.5632 -0.7594 0.3257
vn 0.9320 0.3602 0.0396
vn 0.4132 0.3744 0.8301
vn 0.7347 0.2660 0.6241
vn 0.7517 0.6586 0.0342
vn 0.6649 0.0414 0.7458
vn 0.9974 -0.0675 0.0255
vn 0.6893 -0.0609 0.7220
vn 0.6810 -0.0736 0.7285
vn 0.9961 -0.0799 0.0360
vn 0.6744 -0.0776 0.7343
vn 0.9956 -0.0839 0.0425
vn 0.6692 -0.0799 0.7388
vn 0.9952 -0.0857 0.0476
vn 0.6657 -0.0813 0.7418
vn 0.9950 -0.0864 0.0511
vn 0.6637 -0.0827 0.7434
vn 0.9948 -0.0870 0.0533
vn 0.6631 -0.0847 0.7437
vn 0.9947 -0.0879 0.0537
vn 0.6644 -0.0880 0.7422
vn 0.9946 -0.0902 0.0520
vn 0.6667 -0.0953 0.7392
vn 0.9940 -0.0988 0.0477
vn 0.6728 -0.1092 0.7317
vn 0.9931 -0.1103 0.0385
vn 0.5175 -0.3352 0.7873
vn 0.1982 -0.9789 -0.0489
vn 0.0772 -0.5804 0.8107
vn 0.5187 -0.8543 -0.0338
vn 0.4210 -0.6901 0.5887
vn 0.9223 0.3835 0.0480
vn 0.7468 0.6633 0.0483
vn 0.9961 0.0851 0.0211
vn 0.9955 0.0852 0.0418
vn 0.9963 -0.0749 0.0429
vn 0.9955 -0.0836 0.0440
vn 0.9952 -0.0871 0.0455
vn 0.9950 -0.0882 0.0475
vn 0.9949 -0.0883 0.0496
vn 0.9948 -0.0880 0.0513
vn 0.9948 -0.0878 0.0521
vn 0.9946 -0.0893 0.0522
vn 0.9939 -0.0973 0.0516
vn 0.9919 -0.1156 0.0527
vn 0.8732 -0.4874 0.0075
vn 0.8843 -0.4664 0.0203
vn 0.5125 -0.8582 -0.0299
vn 0.4447 0.4013 -0.8008
vn 0.7059 0.0591 -0.7058
vn 0.7382 -0.0388 -0.6734
vn 0.7368 -0.0442 -0.6747
vn 0.7368 -0.0449 -0.6747
vn 0.7378 -0.0440 -0.6736
vn 0.7391 -0.0429 -0.6723
vn 0.7402 -0.0411 -0.6711
vn 0.7409 -0.0395 -0.6705
vn 0.7409 -0.0392 -0.6704
vn 0.7395 -0.0439 -0.6717
vn 0.7346 -0.0558 -0.6762
vn 0.5633 -0.2408 -0.7904
vn 0.2179 -0.9742 -0.0591
vn 0.1444 -0.4908 -0.8592
vn -0.5798 0.4425 -0.6841
vn 0.3716 0.3131 -0.8740
vn -0.2536 0.2800 -0.9259
vn -0.4424 0.1413 -0.8856
vn 0.3285 0.6195 -0.7129
vn 0.3357 -0.0313 -0.9414
vn 0.3556 0.0812 -0.9311
vn -0.4290 0.0687 -0.9007
vn 0.3218 -0.0368 -0.9461
vn -0.4431 0.0666 -0.8940
vn 0.3094 -0.0373 -0.9502
vn -0.4557 0.0679 -0.8875
vn 0.2996 -0.0366 -0.9534
vn -0.4655 0.0697 -0.8823
vn 0.2928 -0.0362 -0.9555
vn -0.4722 0.0709 -0.8786
vn 0.2893 -0.0366 -0.9565
vn -0.4742 0.0670 -0.8779
vn -0.4751 0.0698 -0.8771
vn -0.4692 0.0631 -0.8808
vn 0.2898 -0.0384 -0.9563
vn -0.4604 0.0552 -0.8860
vn 0.2943 -0.0413 -0.9548
vn -0.4514 0.0401 -0.8914
vn 0.3021 -0.0503 -0.9519
vn -0.5755 -0.1650 -0.8009
vn 0.3180 -0.0698 -0.9455
vn -0.7834 -0.4649 -0.4125
vn 0.2773 -0.4600 -0.8435
vn 0.1169 -0.8808 -0.4588
vn -0.0051 -0.9828 -0.1847
vn 0.3427 0.3521 -0.8710
vn 0.3242 0.6299 -0.7057
vn 0.3373 -0.0416 -0.9405
vn 0.3580 0.0829 -0.9300
vn 0.3264 -0.0470 -0.9441
vn 0.3177 -0.0466 -0.9471
vn 0.3110 -0.0441 -0.9494
vn 0.3067 -0.0419 -0.9509
vn 0.3042 -0.0399 -0.9518
vn 0.3042 -0.0388 -0.9518
vn 0.3060 -0.0389 -0.9512
vn 0.3092 -0.0443 -0.9500
vn 0.3174 -0.0464 -0.9472
vn 0.2693 -0.4196 -0.8669
vn 0.0130 -0.9757 -0.2188
vn 0.9551 0.2662 -0.1302
vn 0.8027 0.2509 -0.5411
vn 0.8985 -0.1216 -0.4219
vn 0.9310 -0.0495 -0.3616
vn 0.8929 -0.1240 -0.4329
vn 0.8890 -0.1265 -0.4401
vn 0.8864 -0.1261 -0.4454
vn 0.8850 -0.1245 -0.4487
vn 0.8841 -0.1225 -0.4510
vn 0.8840 -0.1206 -0.4517
vn 0.8850 -0.1187 -0.4503
vn 0.8863 -0.1190 -0.4476
vn 0.8827 -0.1266 -0.4525
vn 0.8813 -0.3675 -0.2972
vn 0.1237 -0.8822 -0.4543
vn 0.8072 -0.5496 0.2151
vn -0.3400 0.3448 -0.8749
vn 0.6231 0.4299 -0.6534
vn 0.2756 0.3129 -0.9089
vn -0.2904 0.6519 -0.7005
vn 0.4643 0.1597 -0.8712
vn -0.3452 0.1332 -0.9290
vn 0.4270 0.0862 -0.9002
vn -0.3326 -0.0000 -0.9431
vn 0.4321 0.0807 -0.8982
vn -0.3285 -0.0035 -0.9445
vn 0.4353 0.0788 -0.8968
vn -0.3258 -0.0046 -0.9454
vn 0.4374 0.0794 -0.8958
vn -0.3244 -0.0050 -0.9459
vn 0.4385 0.0805 -0.8951
vn -0.3243 -0.0060 -0.9459
vn 0.4386 0.0803 -0.8951
vn 0.4378 0.0795 -0.8956
vn -0.3258 -0.0074 -0.9454
vn 0.4353 0.0778 -0.8969
vn -0.3286 -0.0098 -0.9444
vn 0.4333 0.0748 -0.8982
vn -0.3329 -0.0156 -0.9428
vn 0.4305 0.0838 -0.8987
vn -0.3378 -0.0232 -0.9409
vn 0.5840 -0.0809 -0.8077
vn -0.3011 -0.3526 -0.8860
vn 0.7545 -0.4739 -0.4540
vn -0.0243 -0.9689 -0.2462
vn 0.4242 -0.7102 -0.5619
vn -0.3129 0.3716 -0.8741
vn -0.3016 0.6711 -0.6773
vn -0.3564 0.1424 -0.9234
vn -0.3384 0.0056 -0.9410
vn -0.3357 -0.0041 -0.9420
vn -0.3320 -0.0066 -0.9433
vn -0.3298 -0.0066 -0.9440
vn -0.3292 -0.0059 -0.9443
vn -0.3300 -0.0056 -0.9440
vn -0.3326 -0.0058 -0.9431
vn -0.3368 -0.0068 -0.9416
vn -0.3425 -0.0114 -0.9395
vn -0.3509 -0.0205 -0.9362
vn -0.2862 -0.3451 -0.8939
vn 0.0331 -0.9582 -0.2841
vn -0.0639 -0.9105 -0.4085
vn -0.7972 0.2674 -0.5412
vn -0.9487 0.2946 -0.1147
vn -0.9023 -0.0800 -0.4237
vn -0.3403 0.0005 -0.9403
vn -0.8992 -0.0821 -0.4298
vn -0.8973 -0.0856 -0.4331
vn -0.8962 -0.0868 -0.4351
vn -0.8961 -0.0876 -0.4351
vn -0.8968 -0.0882 -0.4336
vn -0.8984 -0.0889 -0.4300
vn -0.9009 -0.0895 -0.4247
vn -0.9033 -0.0951 -0.4184
vn -0.9164 -0.3334 -0.2216
vn -0.7305 -0.6594 0.1778
vn -0.0593 -0.8747 -0.4810
vn -0.7551 0.2379 0.6108
vn -0.9300 0.3673 0.0103
vn -0.6788 0.0214 0.7340
vn -0.6795 -0.0759 0.7297
vn -0.6660 -0.0860 0.7410
vn -0.6526 -0.0888 0.7525
vn -0.6432 -0.0897 0.7605
vn -0.6343 -0.0950 0.7673
vn -0.6373 -0.0944 0.7648
vn -0.6446 -0.0957 0.7585
vn -0.6555 -0.0995 0.7486
vn -0.5212 -0.3300 0.7870
vn -0.6704 -0.1105 0.7337
vn -0.0483 -0.5832 0.8109
vn -0.9239 0.3806 0.0393
vn -0.4648 -0.8842 -0.0475
vn -0.2825 -0.7352 -0.6161
vn -0.2826 -0.7352 -0.6161
vn -0.6749 0.0614 -0.7354
vn -0.7280 -0.0406 -0.6844
vn -0.7361 -0.0430 -0.6755
vn -0.7414 -0.0419 -0.6698
vn -0.7443 -0.0402 -0.6666
vn -0.7440 -0.0378 -0.6671
vn -0.7418 -0.0417 -0.6693
vn -0.7447 -0.0488 -0.6656
vn -0.0809 -0.4987 -0.8630
vn -0.6906 0.4923 -0.5299
vn -0.4114 -0.6398 -0.6492
vn 0.0232 0.2179 0.9757
vn 0.8989 0.2530 0.3579
vn 0.6131 0.1642 0.7727
vn 0.6742 -0.1087 0.7305
vn 0.6595 -0.1259 0.7411
vn 0.6502 -0.1305 0.7484
vn 0.6459 -0.1155 0.7546
vn 0.6582 -0.0882 0.7477
vn 0.6694 -0.0736 0.7392
vn 0.6967 -0.0761 0.7133
vn 0.6059 -0.7363 0.3012
vn 0.0167 0.2347 0.9719
vn -0.5527 0.2339 0.7998
vn -0.6236 -0.0815 -0.7775
vn -0.7502 -0.1326 0.6477
vn -0.7597 -0.1449 0.6339
vn -0.7667 -0.1487 0.6245
vn -0.7701 -0.1477 0.6206
vn -0.7711 -0.1439 0.6203
vn -0.7498 -0.1257 0.6496
vn -0.7361 -0.1227 0.6657
vn -0.7233 -0.1303 0.6781
vn -0.7857 -0.3157 0.5320
vn -0.5632 -0.7615 0.3209
vn -0.0083 -0.9270 0.3751
vn -0.0308 0.2206 0.9749
vn -0.6203 0.1608 0.7677
vn -0.7442 -0.0380 0.6669
vn -0.6673 -0.1290 0.7335
vn -0.6401 -0.1432 0.7548
vn -0.6209 -0.1513 0.7692
vn -0.6119 -0.1444 0.7776
vn -0.6110 -0.1333 0.7803
vn -0.6170 -0.1189 0.7779
vn -0.6289 -0.1011 0.7709
vn -0.6462 -0.0828 0.7586
vn -0.6683 -0.0695 0.7406
vn -0.6924 -0.0763 0.7175
vn -0.8139 -0.2997 0.4977
vn -0.5887 -0.7672 0.2548
vn -0.0048 -0.9487 0.3162
vn -0.5878 0.3270 0.7399
vn -0.0271 0.2391 0.9706
vn 0.5421 0.2430 0.8044
vn 0.7853 -0.0329 0.6183
vn 0.7730 -0.1119 0.6244
vn 0.7871 -0.1235 0.6043
vn 0.7994 -0.1316 0.5862
vn 0.8086 -0.1322 0.5733
vn 0.8128 -0.1306 0.5677
vn 0.8108 -0.1269 0.5715
vn 0.8019 -0.1215 0.5850
vn 0.7881 -0.1163 0.6044
vn 0.7710 -0.1154 0.6263
vn 0.8027 -0.3007 0.5151
vn 0.5633 -0.7594 0.3256
vn 0.7346 0.2660 0.6241
vn 0.4133 0.3744 0.8301
vn 0.6650 0.0414 0.7457
vn 0.6893 -0.0609 0.7219
vn 0.6811 -0.0736 0.7284
vn 0.6745 -0.0776 0.7342
vn 0.6693 -0.0799 0.7387
vn 0.6658 -0.0813 0.7417
vn 0.6638 -0.0827 0.7433
vn 0.6632 -0.0847 0.7437
vn 0.6644 -0.0880 0.7421
vn 0.6668 -0.0953 0.7391
vn 0.6729 -0.1092 0.7316
vn 0.0773 -0.5804 0.8106
vn 0.9320 0.3603 0.0396
vn 0.5124 -0.8582 -0.0299
vn 0.9223 0.3836 0.0479
vn 0.4446 0.4013 -0.8008
vn 0.7714 0.3287 -0.5448
vn 0.7060 0.0591 -0.7058
vn 0.7383 -0.0388 -0.6734
vn 0.7368 -0.0442 -0.6746
vn 0.7368 -0.0449 -0.6746
vn 0.7379 -0.0440 -0.6735
vn 0.7391 -0.0428 -0.6722
vn 0.7403 -0.0411 -0.6710
vn 0.7409 -0.0395 -0.6704
vn 0.7410 -0.0391 -0.6703
vn 0.7396 -0.0438 -0.6717
vn 0.7346 -0.0559 -0.6762
vn 0.6920 0.5134 -0.5075
vn 0.4679 -0.6438 -0.6055
vn -0.2535 0.2800 -0.9259
vn 0.3715 0.3132 -0.8740
vn -0.4423 0.1413 -0.8857
vn -0.4289 0.0688 -0.9007
vn -0.4430 0.0666 -0.8941
vn -0.4556 0.0679 -0.8876
vn -0.4654 0.0697 -0.8823
vn -0.4721 0.0708 -0.8787
vn -0.4751 0.0698 -0.8772
vn -0.4741 0.0670 -0.8779
vn -0.4691 0.0631 -0.8809
vn -0.4603 0.0552 -0.8860
vn -0.5755 -0.1651 -0.8010
vn -0.7834 -0.4650 -0.4125
vn -0.4523 -0.6477 -0.6131
vn 0.3427 0.3521 -0.8709
vn 0.1236 -0.8822 -0.4543
vn 0.1169 -0.8809 -0.4587
vn 0.5710 -0.8153 -0.0961
vn 0.5710 -0.8153 -0.0960
vn 0.9310 -0.0495 -0.3617
vn 0.4175 -0.0546 0.9070
vn 0.8985 -0.1216 -0.4218
vn 0.8928 -0.1240 -0.4330
vn 0.8889 -0.1264 -0.4402
vn 0.8864 -0.1261 -0.4455
vn 0.4443 -0.0614 0.8938
vn 0.8841 -0.1225 -0.4511
vn 0.8849 -0.1187 -0.4503
vn 0.4452 -0.0589 0.8935
vn 0.8827 -0.1266 -0.4526
vn 0.8072 -0.5497 0.2151
vn 0.7973 0.4462 -0.4065
vn 0.6842 -0.7088 -0.1717
vn 0.6841 -0.7089 -0.1717
vn 0.2757 0.3130 -0.9089
vn 0.6231 0.4300 -0.6534
vn 0.4642 0.1597 -0.8712
vn 0.4269 0.0862 -0.9002
vn 0.4353 0.0788 -0.8969
vn 0.4373 0.0793 -0.8958
vn 0.4384 0.0804 -0.8952
vn 0.4377 0.0795 -0.8956
vn 0.4352 0.0778 -0.8969
vn 0.4332 0.0748 -0.8982
vn 0.4304 0.0838 -0.8987
vn 0.5840 -0.0808 -0.8077
vn 0.4241 -0.7103 -0.5618
vn 0.2474 0.4579 -0.8539
vn -0.3401 0.3449 -0.8749
vn -0.0593 -0.8748 -0.4809
vn -0.3130 0.3717 -0.8740
vn -0.7972 0.2674 -0.5413
vn -0.9338 -0.0061 -0.3577
vn -0.9022 -0.0800 -0.4238
vn -0.8991 -0.0821 -0.4299
vn -0.8961 -0.0876 -0.4352
vn -0.8968 -0.0883 -0.4336
vn -0.8984 -0.0889 -0.4301
vn -0.9009 -0.0895 -0.4248
vn -0.9103 -0.0851 -0.4051
vn -0.9032 -0.0950 -0.4185
vn -0.8109 0.4564 -0.3662
vn -0.6858 -0.6911 -0.2283
vn -0.3699 -0.7236 0.5828
vn 0.4210 -0.6901 0.5886
vn 0.5186 -0.8543 -0.0338
vn 0.6332 0.4660 0.6180
vn 0.0096 -0.3753 0.9269
vn -0.2549 -0.1498 0.9553
vn -0.0440 -0.1847 0.9818
vn -0.0971 -0.2574 0.9614
vn -0.3029 -0.0682 0.9506
vn -0.1205 -0.0775 0.9897
vn -0.3015 -0.0421 0.9525
vn -0.1188 -0.0421 0.9920
vn -0.3085 -0.0113 0.9511
vn -0.1252 -0.0102 0.9921
vn -0.3083 0.0074 0.9513
vn -0.1361 0.0005 0.9907
vn -0.3264 0.0060 0.9452
vn -0.1374 0.0149 0.9904
vn -0.3079 0.0188 0.9512
vn -0.1345 0.0197 0.9907
vn -0.3291 0.0247 0.9440
vn -0.1341 0.0301 0.9905
vn -0.3110 0.0323 0.9499
vn -0.1389 0.0317 0.9898
vn -0.3294 0.0310 0.9437
vn -0.1508 0.0480 0.9874
vn -0.3190 0.0408 0.9469
vn -0.1477 0.0574 0.9874
vn -0.3178 0.0492 0.9469
vn -0.1484 0.0744 0.9861
vn -0.3038 0.0718 0.9500
vn -0.1648 0.0841 0.9827
vn -0.3097 0.0871 0.9469
vn -0.1703 0.2150 0.9616
vn -0.2837 0.1326 0.9497
vn 0.0060 0.1080 0.9941
vn 0.0134 0.8917 0.4524
vn 0.0139 0.8117 0.5839
vn 0.1745 -0.4118 0.8944
vn 0.1581 -0.2567 0.9535
vn 0.1039 -0.0783 0.9915
vn 0.0915 -0.0387 0.9951
vn 0.0826 -0.0150 0.9965
vn 0.0716 -0.0009 0.9974
vn 0.0713 0.0234 0.9972
vn 0.0614 0.0198 0.9979
vn 0.0625 0.0332 0.9975
vn 0.0498 0.0229 0.9985
vn -0.1487 0.0330 0.9883
vn 0.0485 0.0321 0.9983
vn 0.0361 0.0494 0.9981
vn 0.0361 0.0582 0.9976
vn 0.0182 0.0615 0.9979
vn -0.0090 0.0749 0.9972
vn 0.0210 0.3994 0.9166
vn -0.0251 0.3220 0.9464
vn 0.2867 -0.3725 0.8826
vn 0.2738 -0.2366 0.9322
vn 0.1858 -0.0989 0.9776
vn 0.1517 -0.0325 0.9879
vn 0.1562 -0.0136 0.9876
vn 0.1537 0.0011 0.9881
vn 0.1245 0.0064 0.9922
vn 0.1189 0.0260 0.9926
vn 0.1003 0.0175 0.9948
vn 0.0765 0.0194 0.9969
vn 0.0889 0.0354 0.9954
vn 0.0832 0.0472 0.9954
vn 0.0609 0.0464 0.9971
vn 0.0468 0.0459 0.9979
vn 0.0672 0.0763 0.9948
vn -0.0175 0.2381 0.9711
vn 0.0505 0.4351 0.8990
vn 0.0090 0.9230 0.3847
vn 0.3655 -0.2989 0.8815
vn 0.3870 -0.2066 0.8987
vn 0.3613 -0.0927 0.9278
vn 0.3244 -0.0179 0.9458
vn 0.3084 -0.0041 0.9512
vn 0.3034 -0.0099 0.9528
vn 0.3127 0.0144 0.9497
vn 0.2955 0.0159 0.9552
vn 0.2885 0.0002 0.9575
vn 0.2788 0.0331 0.9598
vn 0.2629 0.0418 0.9639
vn 0.2479 0.0338 0.9682
vn 0.2516 0.0429 0.9669
vn 0.2688 0.0794 0.9599
vn 0.2874 0.0992 0.9527
vn 0.0616 0.2570 0.9645
vn 0.1050 0.3605 0.9268
vn -0.0072 0.9371 0.3491
vn 0.8556 -0.2901 0.4287
vn 0.4656 -0.1563 0.8711
vn 0.2720 -0.1697 0.9472
vn 0.9338 -0.1913 0.3024
vn 0.4909 -0.0582 0.8693
vn 0.9578 -0.0735 0.2778
vn 0.4342 -0.0191 0.9006
vn 0.9416 -0.0126 0.3364
vn 0.3964 -0.0060 0.9181
vn 0.9268 0.0103 0.3755
vn 0.4164 0.0014 0.9092
vn 0.9353 0.0224 0.3531
vn 0.4582 0.0330 0.8882
vn 0.9527 0.0207 0.3031
vn 0.4156 -0.0018 0.9095
vn 0.9380 0.0142 0.3464
vn 0.4636 0.0186 0.8859
vn 0.9529 0.0222 0.3025
vn 0.4437 0.0287 0.8957
vn 0.9468 0.0153 0.3214
vn 0.3821 0.0253 0.9238
vn 0.9229 0.0300 0.3838
vn 0.3924 0.0454 0.9187
vn 0.9259 0.0470 0.3749
vn 0.4316 0.0655 0.8997
vn 0.9401 0.0534 0.3368
vn 0.4442 0.0929 0.8911
vn 0.9447 0.0577 0.3228
vn 0.4128 0.0946 0.9059
vn 0.9355 0.0521 0.3495
vn 0.4065 0.1653 0.8985
vn 0.0900 0.1558 0.9837
vn 0.6126 0.7037 0.3598
vn 0.0099 0.8367 0.5476
vn 0.2600 0.1487 -0.9541
vn -0.0125 0.3778 -0.9258
vn 0.0439 0.1857 -0.9816
vn 0.3076 0.0666 -0.9492
vn 0.0980 0.2583 -0.9611
vn 0.3056 0.0420 -0.9512
vn 0.1207 0.0757 -0.9898
vn 0.3128 0.0113 -0.9498
vn 0.1188 0.0420 -0.9920
vn 0.3122 -0.0075 -0.9500
vn 0.1252 0.0102 -0.9921
vn 0.3311 -0.0059 -0.9436
vn 0.1362 -0.0005 -0.9907
vn 0.3118 -0.0189 -0.9500
vn 0.1374 -0.0149 -0.9904
vn 0.3342 -0.0245 -0.9422
vn 0.1344 -0.0197 -0.9907
vn 0.3148 -0.0324 -0.9486
vn 0.1341 -0.0300 -0.9905
vn 0.3342 -0.0310 -0.9420
vn 0.1388 -0.0317 -0.9898
vn 0.1508 -0.0479 -0.9874
vn 0.1488 -0.0331 -0.9883
vn 0.3230 -0.0407 -0.9455
vn 0.1476 -0.0574 -0.9874
vn 0.3218 -0.0491 -0.9455
vn 0.1484 -0.0742 -0.9861
vn 0.3070 -0.0718 -0.9490
vn 0.1645 -0.0833 -0.9828
vn 0.3130 -0.0860 -0.9459
vn 0.1710 -0.2151 -0.9615
vn -0.0053 -0.1101 -0.9939
vn -0.0093 0.4374 -0.8992
vn 0.0232 -0.3237 -0.9459
vn -0.1780 0.4151 -0.8922
vn -0.1600 0.2566 -0.9532
vn -0.1054 0.0763 -0.9915
vn -0.0935 0.0385 -0.9949
vn -0.0847 0.0149 -0.9963
vn -0.0735 0.0010 -0.9973
vn -0.0735 -0.0236 -0.9970
vn -0.0634 -0.0197 -0.9978
vn -0.0651 -0.0334 -0.9973
vn -0.0519 -0.0228 -0.9984
vn -0.0510 -0.0323 -0.9982
vn -0.0380 -0.0494 -0.9981
vn -0.0384 -0.0583 -0.9976
vn -0.0201 -0.0615 -0.9979
vn 0.0081 -0.0739 -0.9972
vn -0.0222 -0.4021 -0.9153
vn -0.2885 0.3749 -0.8810
vn -0.2742 0.2365 -0.9321
vn -0.1851 0.0985 -0.9778
vn -0.1497 0.0319 -0.9882
vn -0.1553 0.0134 -0.9878
vn -0.1531 -0.0011 -0.9882
vn -0.1229 -0.0060 -0.9924
vn -0.1177 -0.0264 -0.9927
vn -0.0983 -0.0169 -0.9950
vn -0.0736 -0.0194 -0.9971
vn -0.0875 -0.0357 -0.9955
vn -0.0817 -0.0471 -0.9955
vn -0.0584 -0.0461 -0.9972
vn -0.0436 -0.0456 -0.9980
vn 0.0172 -0.2376 -0.9712
vn -0.0662 -0.0749 -0.9950
vn -0.0330 0.3695 -0.9287
vn -0.0486 -0.4392 -0.8971
vn -0.3667 0.3001 -0.8806
vn -0.3884 0.2068 -0.8980
vn -0.3624 0.0926 -0.9274
vn -0.3250 0.0180 -0.9455
vn -0.3088 0.0042 -0.9511
vn -0.3038 0.0095 -0.9527
vn -0.3132 -0.0143 -0.9496
vn -0.2958 -0.0161 -0.9551
vn -0.2890 -0.0008 -0.9573
vn -0.2791 -0.0327 -0.9597
vn -0.2631 -0.0416 -0.9639
vn -0.2481 -0.0341 -0.9681
vn -0.2517 -0.0431 -0.9668
vn -0.2688 -0.0791 -0.9599
vn -0.0605 -0.2566 -0.9646
vn -0.2883 -0.0975 -0.9526
vn -0.0715 0.3296 -0.9414
vn -0.1018 -0.3633 -0.9261
vn -0.4687 0.1572 -0.8693
vn 0.4223 -0.0737 -0.9035
vn -0.2755 0.1724 -0.9457
vn -0.4954 0.0586 -0.8667
vn 0.3423 -0.0442 -0.9386
vn -0.4369 0.0192 -0.8993
vn 0.2983 -0.0118 -0.9544
vn -0.3978 0.0061 -0.9174
vn 0.3416 0.0110 -0.9398
vn -0.4187 -0.0009 -0.9081
vn 0.3740 0.0094 -0.9274
vn -0.4625 -0.0335 -0.8860
vn 0.3486 -0.0010 -0.9373
vn -0.4180 0.0022 -0.9084
vn 0.3024 -0.0064 -0.9532
vn -0.4691 -0.0186 -0.8830
vn 0.3453 0.0031 -0.9385
vn -0.4487 -0.0288 -0.8932
vn 0.2981 -0.0043 -0.9545
vn -0.3845 -0.0253 -0.9228
vn 0.3179 -0.0107 -0.9481
vn -0.3955 -0.0452 -0.9173
vn 0.3840 -0.0119 -0.9233
vn -0.4366 -0.0657 -0.8972
vn 0.3729 -0.0291 -0.9274
vn -0.4495 -0.0933 -0.8884
vn 0.3308 -0.0472 -0.9425
vn -0.4159 -0.0932 -0.9046
vn 0.3214 -0.0695 -0.9444
vn -0.4110 -0.1645 -0.8967
vn 0.3418 -0.0883 -0.9356
vn -0.0891 -0.1578 -0.9834
vn 0.3908 0.5030 -0.7709
vn 0.5390 -0.0330 -0.8416
vn -0.7563 0.0488 0.6524
vn -0.5384 0.4812 -0.6917
vn -0.6511 -0.0931 -0.7533
vn -0.8933 0.0225 0.4489
vn -0.4401 -0.0385 -0.8971
vn -0.8971 0.0188 0.4414
vn -0.8986 0.0035 0.4389
vn -0.4520 -0.0066 -0.8920
vn -0.8902 0.0025 0.4555
vn 0.0633 -0.8448 0.5313
vn -0.5043 -0.4526 -0.7354
vn 0.1024 -0.5205 -0.8477
vn -0.8485 -0.0453 0.5273
vn -0.6305 0.1665 -0.7581
vn -0.7726 -0.0837 0.6293
vn -0.8949 0.0135 0.4460
vn -0.4372 -0.0270 -0.8990
vn -0.8974 0.0123 0.4409
vn -0.8980 0.0147 0.4397
vn -0.4455 -0.0284 -0.8948
vn -0.4359 -0.0308 -0.8995
vn 0.3219 -0.8912 0.3195
vn 0.1065 -0.4137 -0.9042
vn 0.1128 -0.3409 -0.9333
vn 0.1704 -0.3139 -0.9340
vn 0.5052 -0.8118 0.2927
vn 0.5053 -0.8118 0.2926
vn 0.2738 -0.2554 -0.9273
vn 0.6916 -0.6570 0.2999
vn 0.3453 -0.2387 -0.9076
vn 0.7444 -0.5171 0.4224
vn 0.4528 -0.1946 -0.8701
vn 0.4222 -0.0737 -0.9035
vn 0.3422 -0.0442 -0.9386
vn 0.2982 -0.0118 -0.9544
vn 0.3415 0.0111 -0.9398
vn 0.3485 -0.0011 -0.9373
vn 0.3452 0.0031 -0.9385
vn 0.2980 -0.0043 -0.9546
vn 0.3178 -0.0107 -0.9481
vn 0.3839 -0.0120 -0.9233
vn 0.3728 -0.0292 -0.9274
vn 0.3307 -0.0473 -0.9426
vn 0.3213 -0.0695 -0.9444
vn 0.3417 -0.0883 -0.9356
vn 0.3771 -0.0721 -0.9234
vn 0.9321 0.1036 0.3469
vn -0.8863 0.0358 0.4617
vn -0.4463 -0.0466 -0.8937
vn -0.8899 0.0369 0.4547
vn -0.4594 -0.0693 -0.8855
vn -0.4782 -0.0981 -0.8728
vn -0.4488 -0.0889 -0.8892
vn -0.1134 0.5385 -0.8350
vn -0.8857 -0.0229 0.4637
vn -0.5071 0.1253 -0.8527
vn -0.8857 -0.0229 0.4638
vn -0.4627 0.0422 -0.8855
vn -0.4553 0.0700 -0.8876
vn -0.8880 -0.0054 0.4599
vn -0.8835 -0.0206 0.4680
vn -0.4548 0.0111 -0.8905
vn -0.8903 0.0057 0.4554
vn -0.4368 -0.0095 -0.8995
vn -0.4525 -0.0137 -0.8917
vn 0.0045 0.5796 -0.8149
vn -0.0093 0.4373 -0.8993
vn -0.0330 0.3694 -0.9287
vn -0.1019 0.3926 -0.9141
vn -0.0714 0.3295 -0.9415
vn 0.9321 0.1037 0.3469
vn 0.8301 0.1792 0.5280
vn 0.8413 -0.0781 -0.5349
vn 0.8414 -0.1021 -0.5307
vn 0.9017 -0.0216 -0.4318
vn 0.8594 -0.0316 -0.5103
vn 0.9047 0.0029 -0.4261
vn 0.8767 -0.0267 -0.4803
vn 0.9178 0.0018 -0.3971
vn 0.8826 -0.0122 -0.4699
vn 0.9216 0.0056 -0.3881
vn 0.8861 0.0101 -0.4634
vn 0.9230 0.0410 -0.3825
vn 0.8960 0.0331 -0.4429
vn 0.9359 0.0520 -0.3485
vn 0.8951 0.0323 -0.4447
vn 0.9346 0.0424 -0.3531
vn 0.9396 0.0620 -0.3365
vn 0.6197 0.7058 -0.3433
vn 0.6226 0.7405 -0.2529
vn 0.8098 -0.2126 -0.5468
vn 0.7478 -0.1699 -0.6418
vn 0.7704 -0.0924 -0.6309
vn 0.7959 -0.0722 -0.6011
vn 0.8045 -0.0448 -0.5923
vn 0.8141 -0.0162 -0.5804
vn 0.8148 0.0102 -0.5796
vn 0.8100 0.0279 -0.5857
vn 0.8076 0.0240 -0.5893
vn 0.8973 0.0359 -0.4400
vn 0.7467 -0.2332 -0.6230
vn 0.6679 -0.1955 -0.7181
vn 0.6767 -0.1547 -0.7198
vn 0.7051 -0.1160 -0.6995
vn 0.7170 -0.0804 -0.6924
vn 0.7302 -0.0412 -0.6820
vn 0.7253 0.0025 -0.6884
vn 0.7168 0.0279 -0.6967
vn 0.7058 0.0169 -0.7082
vn 0.5428 0.7046 -0.4571
vn 0.6577 -0.2430 -0.7130
vn 0.5757 -0.2229 -0.7867
vn 0.5640 -0.1793 -0.8061
vn 0.5622 -0.1637 -0.8107
vn 0.5928 -0.1257 -0.7955
vn 0.6103 -0.0715 -0.7889
vn 0.6099 -0.0113 -0.7924
vn 0.6134 0.0259 -0.7894
vn 0.5903 0.0397 -0.8062
vn 0.4684 0.6969 -0.5430
vn 0.3397 -0.2929 -0.8938
vn 0.5691 -0.3085 -0.7622
vn 0.3580 -0.2399 -0.9024
vn 0.3963 -0.1861 -0.8991
vn 0.4161 -0.2003 -0.8870
vn 0.4684 -0.1802 -0.8649
vn 0.4873 -0.0955 -0.8680
vn 0.4931 -0.0313 -0.8694
vn 0.4556 0.0738 -0.8871
vn 0.3669 0.7132 -0.5973
vn 0.0444 -0.3590 -0.9323
vn 0.1139 -0.2911 -0.9499
vn 0.1913 -0.2400 -0.9517
vn 0.2712 -0.2723 -0.9232
vn 0.3311 -0.2184 -0.9180
vn 0.3466 -0.1101 -0.9315
vn 0.3484 -0.0433 -0.9364
vn 0.4888 0.0241 -0.8721
vn 0.2844 0.1052 -0.9529
vn 0.2690 0.7284 -0.6301
vn -0.0842 -0.3744 -0.9234
vn -0.0702 -0.3159 -0.9462
vn 0.0200 -0.3335 -0.9426
vn 0.1344 -0.3566 -0.9245
vn 0.1821 -0.2380 -0.9540
vn 0.2003 -0.1220 -0.9721
vn 0.2018 -0.0443 -0.9784
vn 0.3292 0.0388 -0.9435
vn 0.1244 0.1540 -0.9802
vn 0.1492 0.7390 -0.6570
vn -0.1888 -0.3358 -0.9228
vn -0.1746 -0.3545 -0.9186
vn -0.0929 -0.4395 -0.8934
vn -0.0342 -0.4019 -0.9151
vn 0.0053 -0.2588 -0.9659
vn 0.0367 -0.1418 -0.9892
vn 0.0357 -0.0343 -0.9988
vn 0.1635 0.0726 -0.9839
vn -0.0123 0.1580 -0.9874
vn 0.0460 0.7734 -0.6323
vn -0.8499 -0.1873 -0.4925
vn -0.2038 -0.4072 -0.8903
vn -0.2353 -0.3566 -0.9042
vn -0.8482 -0.2311 -0.4767
vn -0.1537 -0.4725 -0.8678
vn -0.8070 -0.2947 -0.5118
vn -0.1424 -0.4083 -0.9017
vn -0.7822 -0.2773 -0.5579
vn -0.0950 -0.2811 -0.9550
vn -0.7520 -0.2191 -0.6216
vn -0.0607 -0.1553 -0.9860
vn -0.7315 -0.1582 -0.6632
vn -0.0590 -0.0273 -0.9979
vn -0.7237 -0.0848 -0.6849
vn -0.0811 0.1071 -0.9909
vn -0.7600 0.0065 -0.6499
vn -0.1009 0.7878 -0.6076
vn -0.1066 0.1738 -0.9790
vn -0.8284 -0.0928 -0.5524
vn -0.8310 -0.1162 -0.5441
vn -0.8006 -0.2251 -0.5553
vn -0.8893 -0.0440 -0.4553
vn -0.8445 -0.0534 -0.5329
vn -0.8898 -0.0179 -0.4561
vn -0.8615 -0.0302 -0.5069
vn -0.9066 0.0060 -0.4220
vn -0.8679 -0.0059 -0.4966
vn -0.9139 0.0217 -0.4055
vn -0.8745 0.0182 -0.4847
vn -0.9178 0.0425 -0.3947
vn -0.8804 0.0280 -0.4733
vn -0.9258 0.0481 -0.3749
vn -0.8827 0.0352 -0.4685
vn -0.6204 0.7387 -0.2635
vn -0.8849 0.0359 -0.4643
vn -0.9329 0.0575 -0.3554
vn -0.7337 -0.1768 -0.6561
vn -0.7322 -0.2515 -0.6330
vn -0.7453 -0.0999 -0.6592
vn -0.7618 -0.0798 -0.6429
vn -0.7741 -0.0430 -0.6316
vn -0.7871 -0.0091 -0.6167
vn -0.7864 0.0057 -0.6177
vn -0.7866 0.0245 -0.6169
vn -0.6117 0.7049 -0.3591
vn -0.7816 0.0257 -0.6233
vn -0.6198 -0.2073 -0.7569
vn -0.6430 -0.2437 -0.7261
vn -0.6288 -0.1458 -0.7638
vn -0.6504 -0.1221 -0.7497
vn -0.6689 -0.0877 -0.7381
vn -0.6846 -0.0445 -0.7276
vn -0.6892 -0.0035 -0.7246
vn -0.6848 0.0155 -0.7285
vn -0.5226 0.7056 -0.4785
vn -0.6788 0.0286 -0.7338
vn -0.5065 -0.2066 -0.8371
vn -0.5052 -0.2163 -0.8355
vn -0.4952 -0.1788 -0.8502
vn -0.5220 -0.1748 -0.8349
vn -0.5550 -0.1273 -0.8220
vn -0.5730 -0.0823 -0.8154
vn -0.5818 -0.0224 -0.8130
vn -0.5839 0.0064 -0.8118
vn -0.4422 0.7052 -0.5542
vn -0.5731 0.0252 -0.8191
vn -0.3022 -0.2711 -0.9139
vn -0.3460 -0.2340 -0.9086
vn -0.3802 -0.2027 -0.9024
vn -0.4157 -0.2211 -0.8822
vn -0.4587 -0.1755 -0.8711
vn -0.4813 -0.1038 -0.8704
vn -0.4817 -0.0400 -0.8754
vn -0.3639 0.7053 -0.6083
vn -0.4463 0.0470 -0.8937
vn -0.0860 -0.3313 -0.9396
vn -0.1475 -0.2786 -0.9490
vn -0.2162 -0.2590 -0.9414
vn -0.2635 -0.2714 -0.9257
vn -0.3221 -0.2177 -0.9213
vn -0.3407 -0.1142 -0.9332
vn -0.4813 0.0035 -0.8765
vn -0.3441 -0.0530 -0.9374
vn -0.2711 0.7089 -0.6511
vn -0.2669 0.1013 -0.9584
vn 0.0748 -0.3674 -0.9271
vn 0.0436 -0.3192 -0.9467
vn -0.0306 -0.3223 -0.9461
vn -0.1123 -0.3380 -0.9344
vn -0.1646 -0.2484 -0.9546
vn -0.1855 -0.1292 -0.9741
vn -0.3209 0.0257 -0.9468
vn -0.1910 -0.0531 -0.9802
vn -0.1415 0.7357 -0.6624
vn -0.1115 0.1468 -0.9829
vn 0.1914 -0.3483 -0.9176
vn 0.1817 -0.3492 -0.9192
vn 0.1067 -0.4062 -0.9076
vn 0.0418 -0.3864 -0.9214
vn 0.0111 -0.2641 -0.9644
vn -0.0242 -0.1548 -0.9876
vn -0.1501 0.0659 -0.9865
vn -0.0283 -0.0431 -0.9987
vn -0.0416 0.7680 -0.6391
vn 0.0245 0.1575 -0.9872
vn 0.2378 -0.3875 -0.8907
vn 0.8575 -0.1766 -0.4833
vn 0.2451 -0.3463 -0.9055
vn 0.1737 -0.4508 -0.8756
vn 0.8638 -0.2172 -0.4545
vn 0.1405 -0.3965 -0.9072
vn 0.8199 -0.2807 -0.4990
vn 0.1060 -0.2851 -0.9526
vn 0.7843 -0.2662 -0.5604
vn 0.0637 -0.1720 -0.9830
vn 0.7624 -0.2214 -0.6081
vn 0.0647 -0.0337 -0.9973
vn 0.7325 -0.1636 -0.6608
vn 0.0855 0.1076 -0.9905
vn 0.7269 -0.0853 -0.6814
vn 0.0998 0.7900 -0.6049
vn 0.7653 0.0128 -0.6435
vn 0.1140 0.1781 -0.9774
vn -0.8413 0.0782 0.5349
vn -0.8415 0.1020 0.5305
vn -0.8096 0.2132 0.5469
vn -0.9021 0.0210 0.4310
vn -0.8594 0.0314 0.5103
vn -0.9049 -0.0030 0.4256
vn -0.8768 0.0267 0.4801
vn -0.9180 -0.0018 0.3965
vn -0.8827 0.0121 0.4699
vn -0.9218 -0.0057 0.3876
vn -0.8861 -0.0101 0.4634
vn -0.9232 -0.0410 0.3822
vn -0.8961 -0.0331 0.4426
vn -0.9361 -0.0521 0.3479
vn -0.8951 -0.0322 0.4446
vn -0.9399 -0.0620 0.3358
vn -0.6464 0.7134 0.2706
vn -0.8974 -0.0359 0.4398
vn -0.7477 0.1700 0.6420
vn -0.7467 0.2334 0.6229
vn -0.7703 0.0923 0.6310
vn -0.7960 0.0721 0.6010
vn -0.8044 0.0448 0.5924
vn -0.8142 0.0162 0.5804
vn -0.8148 -0.0101 0.5796
vn -0.8100 -0.0278 0.5858
vn -0.8075 -0.0239 0.5894
vn -0.6679 0.1954 0.7181
vn -0.6577 0.2431 0.7130
vn -0.6767 0.1547 0.7198
vn -0.7053 0.1159 0.6994
vn -0.7171 0.0803 0.6923
vn -0.7303 0.0411 0.6819
vn -0.7253 -0.0024 0.6884
vn -0.7169 -0.0279 0.6967
vn -0.5986 0.7085 0.3737
vn -0.7057 -0.0168 0.7083
vn -0.5765 0.2227 0.7862
vn -0.5705 0.3083 0.7612
vn -0.5643 0.1790 0.8060
vn -0.5621 0.1636 0.8107
vn -0.5929 0.1258 0.7954
vn -0.6104 0.0715 0.7889
vn -0.6099 0.0113 0.7924
vn -0.6135 -0.0259 0.7893
vn -0.5297 0.7145 0.4570
vn -0.5897 -0.0397 0.8066
vn -0.3382 0.2927 0.8944
vn -0.3579 0.2403 0.9023
vn -0.3966 0.1859 0.8990
vn -0.4160 0.2002 0.8870
vn -0.4685 0.1802 0.8649
vn -0.4873 0.0954 0.8680
vn -0.4932 0.0313 0.8693
vn -0.4593 0.6953 0.5528
vn -0.4545 -0.0747 0.8876
vn -0.0416 0.3590 0.9324
vn -0.1134 0.2910 0.9500
vn -0.1912 0.2400 0.9518
vn -0.2712 0.2725 0.9231
vn -0.3312 0.2184 0.9179
vn -0.3466 0.1100 0.9315
vn -0.4888 -0.0243 0.8721
vn -0.3483 0.0432 0.9364
vn -0.3731 0.6784 0.6330
vn -0.2831 -0.1066 0.9531
vn 0.0848 0.3746 0.9233
vn 0.0706 0.3159 0.9462
vn -0.0196 0.3335 0.9425
vn -0.1344 0.3567 0.9245
vn -0.1822 0.2378 0.9541
vn -0.2005 0.1218 0.9721
vn -0.3287 -0.0395 0.9436
vn -0.2018 0.0439 0.9784
vn -0.2459 0.6669 0.7034
vn -0.1236 -0.1550 0.9802
vn 0.1891 0.3359 0.9227
vn 0.1749 0.3544 0.9186
vn 0.0932 0.4394 0.8934
vn 0.0344 0.4018 0.9151
vn -0.0050 0.2587 0.9660
vn -0.0365 0.1416 0.9892
vn -0.1629 -0.0735 0.9839
vn -0.0353 0.0337 0.9988
vn -0.1300 0.6271 0.7681
vn 0.0126 -0.1585 0.9873
vn 0.2041 0.4069 0.8904
vn -0.5269 0.3255 0.7852
vn 0.2355 0.3566 0.9041
vn 0.1542 0.4725 0.8678
vn -0.5304 0.3675 0.7639
vn 0.1432 0.4086 0.9014
vn -0.5831 0.3756 0.7204
vn 0.0958 0.2813 0.9548
vn -0.6139 0.2984 0.7308
vn 0.0613 0.1552 0.9860
vn -0.6478 0.1744 0.7416
vn 0.0599 0.0266 0.9978
vn -0.6713 0.0516 0.7394
vn 0.0817 -0.1077 0.9908
vn -0.6761 -0.0634 0.7341
vn 0.0488 0.6137 0.7880
vn -0.6312 -0.2445 0.7360
vn 0.1072 -0.1741 0.9789
vn 0.8284 0.0928 0.5524
vn 0.8311 0.1161 0.5439
vn 0.8896 0.0435 0.4546
vn 0.8445 0.0533 0.5329
vn 0.8900 0.0177 0.4557
vn 0.8616 0.0301 0.5066
vn 0.9068 -0.0061 0.4214
vn 0.8680 0.0059 0.4966
vn 0.9141 -0.0218 0.4049
vn 0.8746 -0.0182 0.4845
vn 0.9181 -0.0426 0.3942
vn 0.8805 -0.0280 0.4732
vn 0.9261 -0.0481 0.3742
vn 0.8828 -0.0351 0.4684
vn 0.9288 -0.0501 0.3673
vn 0.8850 -0.0359 0.4642
vn 0.7003 0.6729 0.2382
vn 0.9332 -0.0575 0.3546
vn 0.8004 0.2256 0.5553
vn 0.7337 0.1768 0.6561
vn 0.7453 0.0997 0.6592
vn 0.7618 0.0797 0.6429
vn 0.7740 0.0431 0.6317
vn 0.7872 0.0090 0.6167
vn 0.7863 -0.0056 0.6178
vn 0.7866 -0.0245 0.6170
vn 0.7814 -0.0256 0.6235
vn 0.6358 0.7154 0.2899
vn 0.7323 0.2517 0.6328
vn 0.6196 0.2074 0.7570
vn 0.6287 0.1457 0.7639
vn 0.6503 0.1222 0.7498
vn 0.6689 0.0877 0.7381
vn 0.6846 0.0445 0.7276
vn 0.6892 0.0035 0.7245
vn 0.6848 -0.0155 0.7286
vn 0.6787 -0.0286 0.7339
vn 0.5818 0.7074 0.4014
vn 0.6434 0.2437 0.7257
vn 0.5067 0.2067 0.8369
vn 0.4950 0.1787 0.8503
vn 0.5220 0.1749 0.8348
vn 0.5551 0.1273 0.8220
vn 0.5729 0.0824 0.8155
vn 0.5818 0.0224 0.8130
vn 0.5839 -0.0063 0.8118
vn 0.5727 -0.0253 0.8194
vn 0.5172 0.7054 0.4846
vn 0.3014 0.2711 0.9141
vn 0.5054 0.2163 0.8354
vn 0.3462 0.2343 0.9084
vn 0.3805 0.2024 0.9024
vn 0.4159 0.2211 0.8821
vn 0.4589 0.1755 0.8710
vn 0.4814 0.1037 0.8703
vn 0.4818 0.0400 0.8754
vn 0.4452 -0.0480 0.8942
vn 0.4440 0.7043 0.5538
vn 0.0846 0.3314 0.9397
vn 0.1474 0.2787 0.9490
vn 0.2164 0.2589 0.9414
vn 0.2635 0.2713 0.9257
vn 0.3223 0.2177 0.9213
vn 0.3407 0.1141 0.9332
vn 0.3441 0.0530 0.9374
vn 0.4814 -0.0038 0.8765
vn 0.2654 -0.1027 0.9586
vn 0.3524 0.6996 0.6216
vn -0.0757 0.3675 0.9269
vn -0.0440 0.3191 0.9467
vn 0.0303 0.3225 0.9461
vn 0.1123 0.3382 0.9344
vn 0.1647 0.2483 0.9546
vn 0.1855 0.1290 0.9741
vn 0.1910 0.0528 0.9802
vn 0.3205 -0.0264 0.9469
vn 0.1107 -0.1478 0.9828
vn 0.2288 0.6709 0.7053
vn -0.1917 0.3483 0.9176
vn -0.1821 0.3492 0.9192
vn -0.1070 0.4060 0.9076
vn -0.0420 0.3865 0.9213
vn -0.0114 0.2639 0.9645
vn 0.0240 0.1547 0.9877
vn 0.0279 0.0425 0.9987
vn 0.1494 -0.0668 0.9865
vn -0.0249 -0.1581 0.9871
vn 0.1146 0.6337 0.7650
vn 0.5147 0.3145 0.7976
vn -0.2382 0.3874 0.8906
vn -0.2454 0.3464 0.9054
vn 0.5017 0.3569 0.7880
vn -0.1742 0.4507 0.8755
vn 0.5677 0.3628 0.7390
vn -0.1412 0.3967 0.9070
vn 0.6132 0.2906 0.7345
vn -0.1067 0.2853 0.9525
vn 0.6367 0.1822 0.7493
vn -0.0643 0.1719 0.9830
vn 0.6695 0.0690 0.7396
vn -0.0656 0.0329 0.9973
vn 0.6736 -0.0553 0.7371
vn -0.0861 -0.1083 0.9904
vn 0.6263 -0.2448 0.7402
vn -0.0613 0.6115 0.7889
vn -0.1146 -0.1785 0.9772
vn 0.6669 -0.7331 -0.1332
vn -0.1722 -0.3580 0.9177
vn -0.5098 -0.5785 0.6367
vn 0.9493 0.0715 0.3061
vn -0.2330 0.1232 0.9646
vn 0.9726 0.0476 0.2277
vn 0.9401 0.0867 0.3296
vn -0.3172 0.0977 0.9433
vn 0.9276 0.0795 0.3649
vn -0.3378 0.0752 0.9382
vn 0.9402 0.0867 0.3295
vn 0.9282 0.0757 0.3644
vn -0.3732 0.0769 0.9246
vn 0.9240 0.0934 0.3709
vn -0.3748 0.0651 0.9248
vn 0.9067 0.0814 0.4139
vn -0.3797 0.0257 0.9247
vn 0.9137 0.0588 0.4021
vn -0.4226 0.0102 0.9063
vn -0.7079 0.6706 0.2217
vn 0.7040 0.6223 0.3421
vn -0.4228 -0.0315 0.9057
vn 0.9042 0.0567 0.4234
vn 0.5909 -0.7921 -0.1526
vn -0.5237 -0.5054 0.6858
vn -0.4642 -0.4750 0.7476
vn -0.3452 -0.4798 0.8066
vn 0.5494 -0.7991 -0.2442
vn -0.5298 0.7144 0.4571
vn 0.3956 -0.8836 -0.2506
vn -0.3758 -0.4823 0.7913
vn -0.4012 -0.5620 0.7233
vn 0.1203 -0.8705 -0.4772
vn -0.4594 0.6952 0.5528
vn -0.2060 -0.8672 -0.4533
vn -0.2681 -0.3731 0.8882
vn -0.3731 0.6783 0.6330
vn -0.2652 -0.8765 -0.4018
vn -0.1657 -0.3635 0.9167
vn -0.2459 0.6668 0.7035
vn -0.3287 -0.8569 -0.3972
vn -0.1656 -0.3635 0.9167
vn -0.0866 -0.3879 0.9176
vn -0.0429 0.7662 -0.6412
vn -0.1300 0.6270 0.7681
vn -0.3673 -0.8632 -0.3465
vn -0.0268 -0.3621 0.9317
vn -0.7679 -0.6011 -0.2214
vn -0.8499 -0.1873 -0.4926
vn -0.6138 0.2984 0.7309
vn -0.6477 0.1743 0.7417
vn -0.6712 0.0515 0.7394
vn -0.6760 -0.0633 0.7341
vn -0.7310 -0.0117 -0.6823
vn -0.6584 -0.1862 0.7292
vn -0.7600 0.0066 -0.6499
vn -0.6848 0.5780 -0.4437
vn -0.6050 -0.7875 -0.1173
vn 0.5012 -0.5657 0.6548
vn -0.6564 -0.7414 -0.1392
vn -0.9781 0.0370 0.2047
vn 0.1545 -0.3462 0.9254
vn 0.2088 0.1353 0.9686
vn -0.9532 0.0774 0.2922
vn 0.2917 0.1186 0.9491
vn 0.3019 0.0911 0.9490
vn -0.9385 0.0856 0.3344
vn 0.3438 0.0739 0.9361
vn -0.9341 0.0885 0.3458
vn 0.3575 0.0540 0.9323
vn -0.9270 0.0920 0.3637
vn 0.3725 0.0270 0.9276
vn -0.9193 0.0830 0.3846
vn 0.3926 0.0138 0.9196
vn -0.9184 0.0682 0.3897
vn 0.4006 -0.0064 0.9162
vn -0.7122 0.6216 0.3262
vn -0.9119 0.0594 0.4061
vn 0.4061 -0.0218 0.9136
vn -0.5789 -0.8000 -0.1580
vn 0.5208 -0.4911 0.6983
vn 0.6358 0.7153 0.2899
vn 0.5818 0.7073 0.4015
vn 0.3479 -0.4662 0.8134
vn 0.4523 -0.4621 0.7629
vn 0.5173 0.7054 0.4846
vn -0.5618 -0.7940 -0.2323
vn 0.2603 -0.5720 0.7778
vn 0.4441 0.7043 0.5539
vn -0.0793 -0.8745 -0.4785
vn -0.4021 -0.8385 -0.3676
vn 0.1597 -0.8571 -0.4898
vn 0.3519 -0.5454 0.7607
vn 0.2288 0.6709 0.7054
vn 0.2643 -0.8728 -0.4103
vn 0.3051 -0.4172 0.8560
vn 0.1146 0.6337 0.7651
vn 0.3296 -0.8604 -0.3887
vn 0.1698 -0.3687 0.9139
vn 0.0465 0.7662 -0.6410
vn 0.0049 0.6412 0.7673
vn 0.7731 -0.5959 -0.2171
vn 0.0228 -0.3662 0.9302
vn 0.3724 -0.8602 -0.3483
vn 0.8638 -0.2172 -0.4546
vn 0.5676 0.3628 0.7390
vn 0.5016 0.3569 0.7880
vn 0.6132 0.2906 0.7346
vn 0.6694 0.0690 0.7397
vn 0.6366 0.1823 0.7493
vn 0.7339 -0.0069 -0.6792
vn 0.6735 -0.0553 0.7371
vn 0.6849 0.5837 -0.4361
vn 0.7653 0.0128 -0.6436
vn 0.0048 0.6413 0.7673
vn -0.0612 0.6115 0.7889
vn 0.1998 -0.8387 0.5066
vn 0.5705 0.4417 0.6924
vn 0.0836 -0.3799 0.9212
vn -0.0035 -0.0936 0.9956
vn 0.0029 0.0928 -0.9957
vn -0.0203 0.6415 0.7669
vn -0.4942 -0.1740 0.8518
vn -0.0059 -0.0960 0.9954
vn 0.0064 0.0952 -0.9954
vn -0.0268 -0.3622 0.9317
vn -0.0866 -0.3880 0.9176
vn -0.5268 0.3254 0.7852
vn -0.5303 0.3676 0.7639
vn 0.9726 0.0477 0.2277
vn 0.8323 -0.4668 0.2988
vn -0.4942 -0.1740 0.8517
vn -0.2060 -0.8673 -0.4532
vn 0.1203 -0.8706 -0.4771
vn 0.3956 -0.8836 -0.2505
vn 0.5494 -0.7991 -0.2441
vn 0.5909 -0.7922 -0.1526
vn 0.6147 -0.7795 -0.1205
vn 0.6669 -0.7332 -0.1332
vn 0.0228 -0.3663 0.9302
vn 0.0836 -0.3800 0.9212
vn 0.4843 -0.1787 0.8565
vn -0.9574 0.0571 0.2832
vn 0.2917 0.1187 0.9491
vn 0.4843 -0.1788 0.8564
vn 0.1597 -0.8571 -0.4897
vn -0.0793 -0.8745 -0.4784
vn -0.4022 -0.8386 -0.3675
vn -0.5618 -0.7940 -0.2322
vn -0.5788 -0.8000 -0.1579
vn -0.6050 -0.7876 -0.1172
vn -0.6564 -0.7415 -0.1391
vn -0.3789 0.5653 0.7327
vn -0.9348 -0.0424 0.3526
vn -0.3171 0.0977 0.9434
vn -0.2329 0.1232 0.9647
vn 0.9041 0.0566 0.4235
vn 0.7040 0.6223 0.3422
vn 0.9066 0.0814 0.4140
vn 0.9137 0.0588 0.4022
vn 0.9239 0.0934 0.3710
vn 0.9281 0.0757 0.3645
vn 0.9276 0.0796 0.3650
vn -0.8337 -0.4738 0.2836
vn 0.2087 0.1353 0.9686
vn 0.3646 0.5680 0.7379
vn -0.9119 0.0594 0.4062
vn -0.9193 0.0830 0.3847
vn -0.9285 0.0501 -0.3679
vn -0.9269 0.0920 0.3638
vn -0.9341 0.0886 0.3459
vn -0.9385 0.0857 0.3345
vn -0.9532 0.0775 0.2923
vn 0.6562 -0.1834 0.7320
vn -0.7122 0.6216 0.3261
vn 0.6562 -0.1835 0.7320
vn -0.4138 -0.0063 0.9103
vn -0.5792 0.4397 0.6864
vn -0.0060 0.9103 0.4139
vn 0.8140 -0.4028 0.4184
vn -0.1018 0.3927 -0.9140
vn -0.2709 -0.2454 -0.9308
vn 0.2697 0.2448 0.9313
vn 0.3454 -0.2388 -0.9076
vn 0.2738 -0.2555 -0.9272
vn -0.6032 -0.7030 0.3768
vn 0.4529 -0.1946 -0.8701
vn 0.3219 -0.8913 0.3195
vn 0.1408 -0.9046 0.4023
vn 0.0633 -0.8448 0.5312
vn -0.6031 -0.7031 0.3768
vn -0.6306 0.1665 -0.7580
vn -0.6169 0.6452 0.4507
vn 0.1407 -0.9046 0.4024
vn 0.2874 -0.1317 -0.9487
vn -0.5072 0.1252 -0.8527
vn -0.7564 0.0488 0.6523
vn -0.8899 0.0369 0.4546
vn -0.8708 0.0371 0.4902
vn -0.8864 0.0357 0.4616
vn -0.8933 0.0224 0.4488
vn -0.8972 0.0188 0.4413
vn -0.8981 0.0147 0.4396
vn -0.8949 0.0136 0.4460
vn -0.8975 0.0123 0.4409
vn -0.8903 0.0057 0.4553
vn -0.8986 0.0034 0.4388
vn -0.8903 0.0025 0.4554
vn -0.8880 -0.0054 0.4598
vn -0.8835 -0.0206 0.4679
vn 0.9938 0.1097 0.0180
vn 0.7175 0.6947 0.0513
vn 0.9759 0.2152 0.0362
vn 0.0402 -0.1347 0.9901
vn -0.7059 -0.2630 -0.6577
vn -0.9318 0.2285 -0.2822
vn -0.9387 -0.0778 -0.3359
vn 0.0017 0.2443 -0.9697
vn 0.4828 -0.1244 -0.8668
vn -0.2980 0.3200 -0.8993
vn -0.2566 -0.5466 -0.7971
vn 0.2561 -0.5468 -0.7971
vn 0.2649 0.1960 -0.9442
vn -0.0000 0.1005 -0.9949
vn -0.8013 -0.3759 0.4655
vn 0.2886 -0.5082 0.8115
vn 0.7091 -0.5248 -0.4710
vn 0.0002 0.4180 -0.9084
vn 0.3070 0.3481 0.8858
vn 0.9807 0.1700 0.0971
vn 0.9515 0.1164 -0.2847
vn 0.5671 0.8223 0.0457
vn -0.5244 -0.8245 0.2126
vn -0.6906 0.4923 -0.5298
vn -0.5878 0.3269 0.7400
vn 0.7973 0.4461 -0.4065
vn -0.3699 -0.7236 0.5827
vn 0.7872 -0.1235 0.6043
vn -0.9103 -0.0851 -0.4050
vn -0.6857 -0.6911 -0.2283
vn -0.8110 0.4563 -0.3663
vn -0.1134 0.5385 -0.8349
vn -0.6169 0.6453 0.4506
vn -0.6848 0.5781 -0.4437
vn -0.6585 -0.1861 0.7292
vn 0.7339 -0.0068 -0.6792
vn 0.0487 0.6138 0.7880
vn -0.1722 -0.3581 0.9177
vn -0.5043 -0.4526 -0.7355
vn 0.5391 -0.0330 -0.8416
vt 0.197610 0.023970
vt 0.174504 0.008517
vt 0.198333 0.008522
vt 0.150901 0.023791
vt 0.150676 0.008511
vt 0.127547 0.023701
vt 0.126847 0.008506
vt 0.104193 0.023612
vt 0.103018 0.008500
vt 0.080839 0.023523
vt 0.079190 0.008494
vt 0.057484 0.023434
vt 0.055361 0.008489
vt 0.034130 0.023344
vt 0.031532 0.008483
vt 0.010776 0.023255
vt 0.007703 0.008478
vt 0.196849 0.040440
vt 0.174256 0.023880
vt 0.173966 0.040267
vt 0.128199 0.039923
vt 0.105316 0.039751
vt 0.082433 0.039579
vt 0.059550 0.039407
vt 0.036667 0.039235
vt 0.013784 0.039063
vt 0.196108 0.056911
vt 0.173662 0.056660
vt 0.151083 0.040095
vt 0.128770 0.056162
vt 0.106323 0.055913
vt 0.083877 0.055664
vt 0.061431 0.055415
vt 0.016539 0.054917
vt 0.195399 0.073384
vt 0.173356 0.073059
vt 0.151216 0.056411
vt 0.129270 0.072417
vt 0.107227 0.072096
vt 0.063141 0.071453
vt 0.041099 0.071132
vt 0.038985 0.055166
vt 0.194733 0.089858
vt 0.173060 0.089465
vt 0.151313 0.072738
vt 0.151387 0.089075
vt 0.129714 0.088686
vt 0.086368 0.087907
vt 0.085184 0.071774
vt 0.064695 0.087517
vt 0.043022 0.087128
vt 0.021349 0.086738
vt 0.019056 0.070811
vt 0.194118 0.106335
vt 0.172779 0.105876
vt 0.151440 0.105422
vt 0.108762 0.104514
vt 0.108041 0.088296
vt 0.087423 0.104060
vt 0.044745 0.103152
vt 0.023406 0.102698
vt 0.193573 0.122813
vt 0.172534 0.122293
vt 0.151494 0.121777
vt 0.130101 0.104968
vt 0.109415 0.120746
vt 0.067335 0.119715
vt 0.066084 0.103606
vt 0.046295 0.119199
vt 0.025255 0.118684
vt 0.193102 0.139294
vt 0.172328 0.138714
vt 0.151554 0.138139
vt 0.130454 0.121262
vt 0.110007 0.136989
vt 0.089233 0.136415
vt 0.088375 0.120230
vt 0.068459 0.135840
vt 0.047685 0.135265
vt 0.172176 0.155139
vt 0.151636 0.154507
vt 0.130780 0.137564
vt 0.110556 0.153242
vt 0.090016 0.152610
vt 0.069476 0.151978
vt 0.048936 0.151345
vt 0.028396 0.150713
vt 0.026911 0.134690
vt 0.192716 0.155778
vt 0.172088 0.171568
vt 0.151751 0.170880
vt 0.131413 0.170191
vt 0.131096 0.153875
vt 0.111076 0.169503
vt 0.090738 0.168815
vt 0.070401 0.168127
vt 0.050063 0.167438
vt 0.029726 0.166750
vt 0.192426 0.172263
vt 0.172080 0.187999
vt 0.131742 0.186514
vt 0.111573 0.185771
vt 0.091404 0.185028
vt 0.071236 0.184285
vt 0.051067 0.183542
vt 0.030898 0.182799
vt 0.192249 0.188750
vt 0.172158 0.204433
vt 0.152125 0.203637
vt 0.151911 0.187257
vt 0.132091 0.202841
vt 0.112058 0.202044
vt 0.092025 0.201248
vt 0.071991 0.200451
vt 0.051958 0.199655
vt 0.031925 0.198859
vt 0.192191 0.205237
vt 0.172336 0.220868
vt 0.152405 0.220019
vt 0.132475 0.219170
vt 0.112544 0.218321
vt 0.092613 0.217472
vt 0.072682 0.216623
vt 0.052751 0.215775
vt 0.032820 0.214926
vt 0.192267 0.221725
vt 0.172622 0.237302
vt 0.152762 0.236402
vt 0.132903 0.235501
vt 0.113043 0.234601
vt 0.093183 0.233700
vt 0.073323 0.232800
vt 0.053463 0.231899
vt 0.033604 0.230999
vt 0.192482 0.238211
vt 0.173027 0.253735
vt 0.153207 0.252783
vt 0.133387 0.251832
vt 0.113568 0.250881
vt 0.093748 0.249930
vt 0.073928 0.248978
vt 0.054108 0.248027
vt 0.034289 0.247076
vt 0.192847 0.254695
vt 0.173571 0.270164
vt 0.153757 0.269163
vt 0.133944 0.268162
vt 0.114130 0.267161
vt 0.094316 0.266160
vt 0.074502 0.265159
vt 0.054689 0.264158
vt 0.034875 0.263157
vt 0.193385 0.271174
vt 0.174253 0.286587
vt 0.154413 0.285538
vt 0.134573 0.284489
vt 0.114733 0.283439
vt 0.094893 0.282390
vt 0.075053 0.281341
vt 0.055213 0.280291
vt 0.035373 0.279242
vt 0.194094 0.287647
vt 0.175095 0.303003
vt 0.155195 0.301907
vt 0.135296 0.300810
vt 0.115396 0.299714
vt 0.095496 0.298617
vt 0.075596 0.297521
vt 0.055696 0.296425
vt 0.035797 0.295328
vt 0.194996 0.304110
vt 0.176099 0.319409
vt 0.156108 0.318267
vt 0.136117 0.317125
vt 0.116126 0.315983
vt 0.096135 0.314841
vt 0.076144 0.313700
vt 0.056153 0.312558
vt 0.036162 0.311416
vt 0.196091 0.320561
vt 0.177278 0.335801
vt 0.157163 0.334616
vt 0.137049 0.333431
vt 0.116934 0.332246
vt 0.096819 0.331061
vt 0.076705 0.329875
vt 0.056590 0.328690
vt 0.036476 0.327505
vt 0.197393 0.336997
vt 0.178628 0.352178
vt 0.158359 0.350952
vt 0.138090 0.349726
vt 0.117820 0.348500
vt 0.097551 0.347274
vt 0.077282 0.346047
vt 0.057012 0.344821
vt 0.036743 0.343595
vt 0.198899 0.353416
vt 0.180206 0.368533
vt 0.159744 0.367269
vt 0.139283 0.366005
vt 0.118821 0.364741
vt 0.098360 0.363477
vt 0.077898 0.362213
vt 0.057437 0.360949
vt 0.036975 0.359685
vt 0.200669 0.369808
vt 0.181976 0.384865
vt 0.161291 0.383566
vt 0.140607 0.382268
vt 0.119923 0.380970
vt 0.099239 0.379671
vt 0.078554 0.378373
vt 0.057870 0.377075
vt 0.037186 0.375776
vt 0.202661 0.386175
vt 0.183961 0.401169
vt 0.163022 0.399840
vt 0.142082 0.398511
vt 0.121142 0.397182
vt 0.100203 0.395853
vt 0.079263 0.394525
vt 0.058323 0.393196
vt 0.037383 0.391867
vt 0.204903 0.402510
vt 0.186167 0.417441
vt 0.164940 0.416086
vt 0.143713 0.414731
vt 0.122485 0.413377
vt 0.101258 0.412022
vt 0.080031 0.410667
vt 0.058803 0.409313
vt 0.037576 0.407958
vt 0.207397 0.418807
vt 0.188783 0.433644
vt 0.167210 0.432273
vt 0.145637 0.430903
vt 0.124064 0.429532
vt 0.102492 0.428161
vt 0.080919 0.426790
vt 0.059346 0.425420
vt 0.037773 0.424049
vt 0.210358 0.435026
vt 0.192027 0.449718
vt 0.170021 0.448350
vt 0.148016 0.446982
vt 0.126010 0.445613
vt 0.104005 0.444245
vt 0.081999 0.442876
vt 0.059994 0.441508
vt 0.037988 0.440139
vt 0.214034 0.451096
vt 0.196189 0.465552
vt 0.173623 0.464220
vt 0.151058 0.462888
vt 0.128492 0.461557
vt 0.105927 0.460225
vt 0.083361 0.458893
vt 0.060795 0.457561
vt 0.038230 0.456230
vt 0.218756 0.466890
vt 0.201382 0.481036
vt 0.178113 0.479790
vt 0.154845 0.478545
vt 0.131577 0.477300
vt 0.108308 0.476055
vt 0.085040 0.474810
vt 0.061772 0.473565
vt 0.038504 0.472319
vt 0.224651 0.482282
vt 0.207481 0.496138
vt 0.183387 0.495034
vt 0.159292 0.493930
vt 0.135197 0.492826
vt 0.111102 0.491721
vt 0.087007 0.490617
vt 0.062912 0.489513
vt 0.038817 0.488408
vt 0.116857 0.606751
vt 0.110281 0.610738
vt 0.105620 0.605742
vt 0.120927 0.611776
vt 0.114148 0.616368
vt 0.124301 0.617355
vt 0.117242 0.622458
vt 0.126998 0.623335
vt 0.119684 0.628841
vt 0.129123 0.629573
vt 0.121600 0.635402
vt 0.130787 0.635966
vt 0.123101 0.642072
vt 0.132088 0.642455
vt 0.124299 0.648805
vt 0.133123 0.648999
vt 0.125252 0.655577
vt 0.128093 0.607760
vt 0.131572 0.612813
vt 0.134454 0.618340
vt 0.136754 0.624213
vt 0.138562 0.630305
vt 0.139975 0.636531
vt 0.141074 0.642839
vt 0.141946 0.649193
vt 0.133942 0.655577
vt 0.139330 0.608769
vt 0.142218 0.613850
vt 0.144607 0.619326
vt 0.146510 0.625090
vt 0.148002 0.631037
vt 0.149162 0.637095
vt 0.150061 0.643222
vt 0.150769 0.649387
vt 0.142633 0.655577
vt 0.150566 0.609778
vt 0.152864 0.614887
vt 0.154761 0.620312
vt 0.156266 0.625967
vt 0.157441 0.631769
vt 0.158349 0.637659
vt 0.159048 0.643605
vt 0.159593 0.649581
vt 0.151323 0.655577
vt 0.161802 0.610788
vt 0.163510 0.615924
vt 0.164914 0.621298
vt 0.166022 0.626845
vt 0.166880 0.632501
vt 0.167537 0.638224
vt 0.168035 0.643988
vt 0.168416 0.649775
vt 0.160014 0.655577
vt 0.173039 0.611797
vt 0.174156 0.616961
vt 0.175067 0.622284
vt 0.175778 0.627722
vt 0.176320 0.633233
vt 0.176724 0.638788
vt 0.177021 0.644371
vt 0.177240 0.649969
vt 0.168704 0.655577
vt 0.184275 0.612806
vt 0.184802 0.617999
vt 0.185220 0.623270
vt 0.185534 0.628599
vt 0.185759 0.633965
vt 0.185912 0.639353
vt 0.186008 0.644754
vt 0.186085 0.655577
vt 0.177395 0.655577
vt 0.195511 0.613815
vt 0.195448 0.619036
vt 0.195374 0.624256
vt 0.195290 0.629477
vt 0.195198 0.634697
vt 0.195099 0.639917
vt 0.194995 0.645137
vt 0.186063 0.650163
vt 0.194776 0.655577
vt 0.223995 0.500811
vt 0.231576 0.497243
vt 0.200882 0.500382
vt 0.177760 0.499957
vt 0.154638 0.499533
vt 0.131516 0.499108
vt 0.108395 0.498683
vt 0.085273 0.498258
vt 0.039029 0.497408
vt 0.216629 0.504800
vt 0.194468 0.504994
vt 0.172293 0.505196
vt 0.150117 0.505398
vt 0.127942 0.505600
vt 0.105767 0.505802
vt 0.083591 0.506004
vt 0.062151 0.497833
vt 0.061416 0.506206
vt 0.209720 0.509526
vt 0.188455 0.510253
vt 0.167175 0.510989
vt 0.145895 0.511725
vt 0.124615 0.512462
vt 0.103335 0.513198
vt 0.082055 0.513935
vt 0.060775 0.514671
vt 0.039241 0.506408
vt 0.203744 0.515369
vt 0.183249 0.516495
vt 0.162750 0.517625
vt 0.142250 0.518755
vt 0.121751 0.519886
vt 0.101252 0.521016
vt 0.080753 0.522146
vt 0.060254 0.523276
vt 0.039495 0.515407
vt 0.199187 0.522358
vt 0.179289 0.523756
vt 0.159398 0.525134
vt 0.139507 0.526512
vt 0.119616 0.527891
vt 0.099725 0.529269
vt 0.079834 0.530647
vt 0.059943 0.532025
vt 0.039754 0.524406
vt 0.196488 0.530262
vt 0.176968 0.531812
vt 0.157454 0.533325
vt 0.137940 0.534837
vt 0.118426 0.536350
vt 0.098912 0.537863
vt 0.079398 0.539375
vt 0.059884 0.540888
vt 0.040052 0.533404
vt 0.195281 0.538545
vt 0.175959 0.540184
vt 0.156638 0.541786
vt 0.137318 0.543388
vt 0.117997 0.544989
vt 0.098677 0.546591
vt 0.079356 0.548193
vt 0.060036 0.549795
vt 0.040370 0.542401
vt 0.194931 0.546914
vt 0.175702 0.548625
vt 0.156473 0.550306
vt 0.137244 0.551987
vt 0.118015 0.553668
vt 0.098786 0.555348
vt 0.079558 0.557029
vt 0.060329 0.558710
vt 0.040715 0.551396
vt 0.195061 0.555292
vt 0.175866 0.557072
vt 0.156671 0.558831
vt 0.137476 0.560590
vt 0.118280 0.562349
vt 0.099085 0.564108
vt 0.079890 0.565867
vt 0.060695 0.567625
vt 0.041100 0.560391
vt 0.195276 0.563670
vt 0.176112 0.565517
vt 0.156947 0.567354
vt 0.137783 0.569191
vt 0.118619 0.571028
vt 0.099454 0.572864
vt 0.080290 0.574701
vt 0.061126 0.576538
vt 0.041500 0.569384
vt 0.195443 0.572048
vt 0.176316 0.573963
vt 0.157188 0.575878
vt 0.138060 0.577792
vt 0.118933 0.579707
vt 0.099805 0.581622
vt 0.080678 0.583536
vt 0.061550 0.585451
vt 0.041961 0.578375
vt 0.672176 0.008449
vt 0.654588 0.023569
vt 0.654779 0.008446
vt 0.637586 0.023512
vt 0.637383 0.008443
vt 0.620584 0.023456
vt 0.619987 0.008439
vt 0.603583 0.023399
vt 0.602590 0.008435
vt 0.586581 0.023343
vt 0.585236 0.008428
vt 0.569579 0.023286
vt 0.567790 0.008431
vt 0.552577 0.023230
vt 0.550391 0.008427
vt 0.535576 0.023174
vt 0.533002 0.008406
vt 0.518574 0.023117
vt 0.515608 0.008432
vt 0.501572 0.023061
vt 0.498212 0.008415
vt 0.484571 0.023005
vt 0.480781 0.008423
vt 0.671590 0.023625
vt 0.654363 0.039645
vt 0.637743 0.039541
vt 0.621122 0.039437
vt 0.604501 0.039333
vt 0.587881 0.039229
vt 0.571260 0.039125
vt 0.554639 0.039021
vt 0.538019 0.038918
vt 0.521398 0.038814
vt 0.504778 0.038710
vt 0.488157 0.038607
vt 0.670984 0.039750
vt 0.654133 0.055729
vt 0.637856 0.055585
vt 0.621580 0.055441
vt 0.605304 0.055297
vt 0.589028 0.055153
vt 0.572751 0.055009
vt 0.556475 0.054865
vt 0.540199 0.054721
vt 0.523923 0.054577
vt 0.507646 0.054433
vt 0.670409 0.055876
vt 0.653918 0.071822
vt 0.637950 0.071644
vt 0.621982 0.071465
vt 0.606013 0.071286
vt 0.590045 0.071108
vt 0.574077 0.070930
vt 0.558109 0.070752
vt 0.542140 0.070574
vt 0.526172 0.070396
vt 0.510204 0.070217
vt 0.494236 0.070039
vt 0.491370 0.054289
vt 0.669429 0.088133
vt 0.669886 0.072003
vt 0.653734 0.087921
vt 0.622343 0.087506
vt 0.606648 0.087298
vt 0.590953 0.087090
vt 0.559562 0.086675
vt 0.543866 0.086468
vt 0.528171 0.086260
vt 0.512476 0.086053
vt 0.496780 0.085845
vt 0.669055 0.104265
vt 0.653595 0.104028
vt 0.638039 0.087714
vt 0.622676 0.103562
vt 0.607216 0.103329
vt 0.591756 0.103096
vt 0.575257 0.086883
vt 0.576297 0.102864
vt 0.545377 0.102398
vt 0.529917 0.102166
vt 0.514458 0.101933
vt 0.498998 0.101700
vt 0.668781 0.120398
vt 0.638262 0.119885
vt 0.638135 0.103795
vt 0.623002 0.119630
vt 0.607742 0.119375
vt 0.592482 0.119121
vt 0.577222 0.118866
vt 0.561963 0.118612
vt 0.560837 0.102631
vt 0.546703 0.118357
vt 0.531443 0.118103
vt 0.516183 0.117848
vt 0.500924 0.117594
vt 0.668625 0.136534
vt 0.653521 0.120140
vt 0.638436 0.135981
vt 0.623341 0.135707
vt 0.608246 0.135433
vt 0.593151 0.135159
vt 0.578057 0.134885
vt 0.562962 0.134612
vt 0.547867 0.134338
vt 0.532772 0.134064
vt 0.517678 0.133790
vt 0.502583 0.133516
vt 0.653645 0.152373
vt 0.653530 0.136255
vt 0.623719 0.151791
vt 0.608756 0.151499
vt 0.593794 0.151208
vt 0.578831 0.150917
vt 0.563868 0.150626
vt 0.548905 0.150335
vt 0.533942 0.150044
vt 0.518979 0.149752
vt 0.504016 0.149461
vt 0.668608 0.152670
vt 0.653873 0.168493
vt 0.639011 0.168186
vt 0.638682 0.152082
vt 0.624148 0.167879
vt 0.609285 0.167572
vt 0.594422 0.167265
vt 0.579559 0.166958
vt 0.564696 0.166651
vt 0.549834 0.166344
vt 0.534971 0.166037
vt 0.520108 0.165730
vt 0.505245 0.165424
vt 0.668736 0.168805
vt 0.654243 0.184612
vt 0.639445 0.184291
vt 0.624646 0.183969
vt 0.609848 0.183648
vt 0.595050 0.183327
vt 0.580252 0.183006
vt 0.565454 0.182685
vt 0.550656 0.182364
vt 0.535858 0.182043
vt 0.521060 0.181722
vt 0.506261 0.181401
vt 0.669041 0.184938
vt 0.654770 0.200727
vt 0.640001 0.200394
vt 0.625233 0.200060
vt 0.610464 0.199726
vt 0.595695 0.199392
vt 0.580927 0.199058
vt 0.566158 0.198724
vt 0.551390 0.198391
vt 0.536621 0.198057
vt 0.521852 0.197723
vt 0.507084 0.197389
vt 0.669538 0.201066
vt 0.655464 0.216837
vt 0.640693 0.216492
vt 0.625922 0.216146
vt 0.611150 0.215801
vt 0.596379 0.215456
vt 0.581608 0.215111
vt 0.566836 0.214765
vt 0.552065 0.214420
vt 0.537294 0.214075
vt 0.522523 0.213730
vt 0.507751 0.213385
vt 0.670236 0.217187
vt 0.656353 0.232936
vt 0.641547 0.232581
vt 0.626740 0.232226
vt 0.611933 0.231871
vt 0.597127 0.231516
vt 0.582320 0.231161
vt 0.567514 0.230806
vt 0.552707 0.230451
vt 0.537901 0.230096
vt 0.523094 0.229741
vt 0.508287 0.229385
vt 0.671160 0.233297
vt 0.657450 0.249022
vt 0.642575 0.248659
vt 0.627700 0.248296
vt 0.612824 0.247932
vt 0.597949 0.247569
vt 0.583074 0.247206
vt 0.568198 0.246843
vt 0.553323 0.246479
vt 0.538448 0.246116
vt 0.523572 0.245753
vt 0.508697 0.245390
vt 0.672326 0.249391
vt 0.658773 0.265089
vt 0.643791 0.264720
vt 0.628810 0.264350
vt 0.613829 0.263981
vt 0.598847 0.263612
vt 0.583866 0.263243
vt 0.568885 0.262874
vt 0.553903 0.262505
vt 0.538922 0.262136
vt 0.523940 0.261767
vt 0.508959 0.261398
vt 0.673755 0.265463
vt 0.660339 0.281131
vt 0.645219 0.280759
vt 0.630098 0.280386
vt 0.614978 0.280013
vt 0.599858 0.279641
vt 0.584738 0.279268
vt 0.569617 0.278896
vt 0.554497 0.278523
vt 0.539377 0.278151
vt 0.524256 0.277779
vt 0.509136 0.277406
vt 0.675460 0.281509
vt 0.662157 0.297144
vt 0.646865 0.296771
vt 0.631572 0.296398
vt 0.616280 0.296025
vt 0.600988 0.295652
vt 0.585696 0.295279
vt 0.570404 0.294907
vt 0.555112 0.294534
vt 0.539819 0.294161
vt 0.524527 0.293788
vt 0.509235 0.293415
vt 0.677450 0.297521
vt 0.664268 0.313116
vt 0.648767 0.312747
vt 0.633265 0.312377
vt 0.617764 0.312008
vt 0.602262 0.311639
vt 0.586761 0.311270
vt 0.571259 0.310901
vt 0.555758 0.310532
vt 0.524754 0.309794
vt 0.509253 0.309425
vt 0.679770 0.313489
vt 0.666661 0.329043
vt 0.650915 0.328682
vt 0.635169 0.328321
vt 0.619423 0.327960
vt 0.603677 0.327600
vt 0.587931 0.327239
vt 0.572185 0.326878
vt 0.556440 0.326517
vt 0.540256 0.310163
vt 0.540694 0.326156
vt 0.524948 0.325796
vt 0.682407 0.329408
vt 0.669344 0.344918
vt 0.653321 0.344571
vt 0.637297 0.344223
vt 0.621273 0.343876
vt 0.605250 0.343529
vt 0.589226 0.343181
vt 0.573202 0.342834
vt 0.557178 0.342486
vt 0.541155 0.342139
vt 0.509107 0.341444
vt 0.509202 0.325435
vt 0.685369 0.345270
vt 0.672385 0.360722
vt 0.656044 0.360395
vt 0.639703 0.360068
vt 0.623362 0.359741
vt 0.607021 0.359414
vt 0.590680 0.359087
vt 0.557998 0.358434
vt 0.541657 0.358107
vt 0.525131 0.341791
vt 0.525316 0.357780
vt 0.688726 0.361052
vt 0.675724 0.376458
vt 0.659032 0.376158
vt 0.642340 0.375858
vt 0.625648 0.375559
vt 0.608956 0.375259
vt 0.592264 0.374960
vt 0.574339 0.358761
vt 0.575573 0.374660
vt 0.542189 0.374061
vt 0.525497 0.373762
vt 0.508975 0.357453
vt 0.692416 0.376760
vt 0.679442 0.392099
vt 0.662360 0.391836
vt 0.645278 0.391573
vt 0.628196 0.391310
vt 0.611114 0.391047
vt 0.594032 0.390785
vt 0.576950 0.390522
vt 0.558881 0.374361
vt 0.559868 0.390259
vt 0.542786 0.389996
vt 0.525703 0.389733
vt 0.508805 0.373462
vt 0.696525 0.392364
vt 0.683605 0.407615
vt 0.666087 0.407401
vt 0.648570 0.407188
vt 0.631052 0.406974
vt 0.613534 0.406760
vt 0.596017 0.406547
vt 0.578499 0.406333
vt 0.560982 0.406120
vt 0.543464 0.405906
vt 0.525946 0.405693
vt 0.508621 0.389471
vt 0.701123 0.407830
vt 0.688223 0.422988
vt 0.670225 0.422838
vt 0.652226 0.422688
vt 0.634227 0.422537
vt 0.616229 0.422388
vt 0.598230 0.422238
vt 0.580231 0.422088
vt 0.562233 0.421938
vt 0.544234 0.421788
vt 0.526235 0.421638
vt 0.508429 0.405479
vt 0.706222 0.423138
vt 0.693255 0.438216
vt 0.674736 0.438144
vt 0.656216 0.438072
vt 0.637696 0.438000
vt 0.619177 0.437928
vt 0.600657 0.437856
vt 0.582137 0.437784
vt 0.563617 0.437712
vt 0.545098 0.437640
vt 0.526578 0.437568
vt 0.508237 0.421488
vt 0.711775 0.438288
vt 0.698652 0.453306
vt 0.679576 0.453326
vt 0.660500 0.453346
vt 0.641425 0.453366
vt 0.622349 0.453386
vt 0.603274 0.453405
vt 0.584198 0.453425
vt 0.565122 0.453445
vt 0.546047 0.453465
vt 0.526971 0.453485
vt 0.507895 0.453505
vt 0.508058 0.437496
vt 0.717727 0.453286
vt 0.704295 0.468296
vt 0.684641 0.468418
vt 0.664988 0.468540
vt 0.645334 0.468662
vt 0.625681 0.468784
vt 0.606028 0.468905
vt 0.586374 0.469027
vt 0.566721 0.469149
vt 0.547067 0.469271
vt 0.527414 0.469393
vt 0.507761 0.469514
vt 0.723948 0.468175
vt 0.710069 0.483233
vt 0.689829 0.483462
vt 0.669589 0.483691
vt 0.649349 0.483920
vt 0.629110 0.484150
vt 0.608870 0.484379
vt 0.588630 0.484608
vt 0.568390 0.484837
vt 0.548151 0.485066
vt 0.527911 0.485295
vt 0.507671 0.485524
vt 0.526911 0.493668
vt 0.507632 0.494463
vt 0.525963 0.502124
vt 0.507621 0.503401
vt 0.525091 0.510730
vt 0.507619 0.512340
vt 0.524351 0.519503
vt 0.507635 0.521279
vt 0.523800 0.528426
vt 0.507682 0.530218
vt 0.523413 0.537447
vt 0.507732 0.539157
vt 0.523189 0.546519
vt 0.507824 0.548095
vt 0.523069 0.555615
vt 0.507936 0.557033
vt 0.523003 0.564722
vt 0.508053 0.565972
vt 0.523032 0.573832
vt 0.508237 0.574909
vt 0.523083 0.582946
vt 0.508422 0.583846
vt 0.508637 0.592782
vt 0.523169 0.592059
vt 0.508907 0.601717
vt 0.523299 0.601171
vt 0.509177 0.610652
vt 0.523413 0.610280
vt 0.509509 0.619584
vt 0.523569 0.619386
vt 0.509873 0.628516
vt 0.523745 0.628489
vt 0.510236 0.637447
vt 0.546190 0.492874
vt 0.544304 0.500846
vt 0.542563 0.509120
vt 0.541067 0.517726
vt 0.539918 0.526634
vt 0.539093 0.535737
vt 0.538554 0.544943
vt 0.538201 0.554197
vt 0.537952 0.563471
vt 0.537827 0.572756
vt 0.537744 0.582046
vt 0.537701 0.591337
vt 0.537691 0.600625
vt 0.537648 0.609909
vt 0.537629 0.619188
vt 0.537617 0.628463
vt 0.523916 0.637592
vt 0.565469 0.492080
vt 0.562645 0.499569
vt 0.560035 0.507510
vt 0.557783 0.515949
vt 0.556036 0.524842
vt 0.554774 0.534028
vt 0.553920 0.543367
vt 0.553334 0.552779
vt 0.552902 0.562221
vt 0.552622 0.571680
vt 0.552405 0.581146
vt 0.552233 0.590614
vt 0.551884 0.609538
vt 0.551689 0.618990
vt 0.551490 0.628437
vt 0.537596 0.637737
vt 0.584748 0.491285
vt 0.580986 0.498291
vt 0.577508 0.505900
vt 0.574498 0.514173
vt 0.572153 0.523050
vt 0.570454 0.532318
vt 0.569285 0.541791
vt 0.568466 0.551360
vt 0.567852 0.560971
vt 0.567417 0.570603
vt 0.567066 0.580245
vt 0.566765 0.589891
vt 0.566474 0.599533
vt 0.552083 0.600079
vt 0.566119 0.609167
vt 0.565749 0.618791
vt 0.565362 0.628410
vt 0.564956 0.638025
vt 0.551276 0.637881
vt 0.604026 0.490491
vt 0.599328 0.497014
vt 0.594980 0.504290
vt 0.591214 0.512396
vt 0.588271 0.521258
vt 0.586135 0.530608
vt 0.584650 0.540215
vt 0.583598 0.549942
vt 0.582801 0.559721
vt 0.582213 0.569527
vt 0.581727 0.579345
vt 0.581297 0.589168
vt 0.580866 0.598987
vt 0.580354 0.608796
vt 0.579809 0.618593
vt 0.579235 0.628384
vt 0.578636 0.638170
vt 0.623305 0.489697
vt 0.617669 0.495736
vt 0.612452 0.502680
vt 0.607930 0.510620
vt 0.604389 0.519466
vt 0.601815 0.528898
vt 0.600015 0.538639
vt 0.598731 0.548524
vt 0.597751 0.558471
vt 0.597008 0.568450
vt 0.596388 0.578445
vt 0.595828 0.588446
vt 0.595258 0.598441
vt 0.594590 0.608424
vt 0.593869 0.618395
vt 0.593107 0.628357
vt 0.592316 0.638315
vt 0.642584 0.488903
vt 0.636010 0.494459
vt 0.629924 0.501070
vt 0.624646 0.508843
vt 0.620507 0.517673
vt 0.617496 0.527189
vt 0.615380 0.537063
vt 0.613863 0.547106
vt 0.612701 0.557221
vt 0.611803 0.567374
vt 0.611049 0.577545
vt 0.610360 0.587723
vt 0.609650 0.597895
vt 0.608825 0.608053
vt 0.607928 0.618197
vt 0.606980 0.628331
vt 0.605996 0.638459
vt 0.661863 0.488108
vt 0.654351 0.493181
vt 0.647397 0.499460
vt 0.641362 0.507066
vt 0.636625 0.515881
vt 0.633177 0.525479
vt 0.630745 0.535487
vt 0.628996 0.545688
vt 0.627651 0.555971
vt 0.626598 0.566297
vt 0.625710 0.576645
vt 0.624892 0.587000
vt 0.624042 0.597349
vt 0.623060 0.607682
vt 0.621988 0.617999
vt 0.620852 0.628305
vt 0.619676 0.638604
vt 0.681142 0.487314
vt 0.672693 0.491904
vt 0.664869 0.497850
vt 0.658077 0.505290
vt 0.652742 0.514089
vt 0.648857 0.523769
vt 0.646110 0.533911
vt 0.644128 0.544269
vt 0.642600 0.554721
vt 0.641394 0.565221
vt 0.640371 0.575746
vt 0.639424 0.586278
vt 0.638434 0.596804
vt 0.637296 0.607311
vt 0.636048 0.617801
vt 0.634725 0.628278
vt 0.633356 0.638749
vt 0.700420 0.486520
vt 0.691034 0.490627
vt 0.682341 0.496240
vt 0.674793 0.503513
vt 0.668860 0.512297
vt 0.664538 0.522059
vt 0.661475 0.532335
vt 0.659260 0.542851
vt 0.657550 0.553471
vt 0.656189 0.564145
vt 0.655032 0.574845
vt 0.653956 0.585555
vt 0.652826 0.596258
vt 0.651531 0.606940
vt 0.650108 0.617603
vt 0.648597 0.628252
vt 0.647036 0.638893
vt 0.719699 0.485726
vt 0.709375 0.489349
vt 0.699813 0.494630
vt 0.691509 0.501736
vt 0.684978 0.510505
vt 0.680218 0.520349
vt 0.676840 0.530759
vt 0.674393 0.541432
vt 0.672500 0.552220
vt 0.670984 0.563068
vt 0.669693 0.573945
vt 0.668487 0.584832
vt 0.667218 0.595711
vt 0.665766 0.606568
vt 0.664168 0.617404
vt 0.662470 0.628225
vt 0.660716 0.639037
vt 0.523916 0.650057
vt 0.510227 0.658977
vt 0.510236 0.649912
vt 0.523908 0.659616
vt 0.510236 0.668042
vt 0.537596 0.650202
vt 0.537589 0.660255
vt 0.523916 0.669175
vt 0.551276 0.650346
vt 0.551270 0.660894
vt 0.537596 0.670308
vt 0.564956 0.650490
vt 0.564951 0.661532
vt 0.551276 0.671441
vt 0.578636 0.650635
vt 0.578631 0.662171
vt 0.564956 0.672574
vt 0.592316 0.650779
vt 0.592312 0.662810
vt 0.578636 0.673708
vt 0.605996 0.650924
vt 0.605993 0.663449
vt 0.592316 0.674840
vt 0.619676 0.651069
vt 0.619674 0.664088
vt 0.605996 0.675974
vt 0.633356 0.651213
vt 0.633354 0.664726
vt 0.619676 0.677107
vt 0.647036 0.651358
vt 0.647035 0.665366
vt 0.633356 0.678240
vt 0.660716 0.651502
vt 0.660716 0.666004
vt 0.647036 0.679373
vt 0.523916 0.692972
vt 0.510236 0.701281
vt 0.510236 0.692972
vt 0.523916 0.701281
vt 0.510236 0.709590
vt 0.523916 0.709590
vt 0.510236 0.717900
vt 0.537596 0.692972
vt 0.537596 0.701281
vt 0.537596 0.709590
vt 0.523916 0.717900
vt 0.551276 0.692972
vt 0.551276 0.701281
vt 0.551276 0.709590
vt 0.537596 0.717900
vt 0.564956 0.692972
vt 0.564956 0.701281
vt 0.564956 0.709590
vt 0.551276 0.717900
vt 0.578636 0.692972
vt 0.578636 0.701281
vt 0.578636 0.709590
vt 0.564956 0.717900
vt 0.592316 0.692972
vt 0.592316 0.701281
vt 0.592316 0.709590
vt 0.578636 0.717900
vt 0.605996 0.692972
vt 0.605996 0.701281
vt 0.605996 0.709590
vt 0.592316 0.717900
vt 0.619677 0.692972
vt 0.619677 0.701281
vt 0.619677 0.709590
vt 0.605996 0.717900
vt 0.633357 0.692972
vt 0.633357 0.701281
vt 0.633357 0.709590
vt 0.619677 0.717900
vt 0.647037 0.692972
vt 0.647037 0.701281
vt 0.647037 0.709590
vt 0.633357 0.717900
vt 0.660717 0.692972
vt 0.660717 0.701281
vt 0.660717 0.709590
vt 0.647037 0.717900
vt 0.290148 0.692972
vt 0.280284 0.701281
vt 0.280284 0.692972
vt 0.290148 0.701281
vt 0.280284 0.709590
vt 0.290148 0.709590
vt 0.280284 0.717900
vt 0.297261 0.692978
vt 0.300012 0.701281
vt 0.297139 0.701279
vt 0.297178 0.709590
vt 0.300012 0.709590
vt 0.297174 0.717898
vt 0.305933 0.692980
vt 0.315075 0.701299
vt 0.305876 0.701288
vt 0.305867 0.709596
vt 0.315022 0.709605
vt 0.305865 0.717899
vt 0.323725 0.692991
vt 0.315127 0.692995
vt 0.323675 0.701301
vt 0.323676 0.709618
vt 0.315011 0.717895
vt 0.332204 0.701293
vt 0.332209 0.709613
vt 0.323665 0.717900
vt 0.332315 0.692980
vt 0.339468 0.701281
vt 0.339468 0.709590
vt 0.332205 0.717900
vt 0.339469 0.692972
vt 0.349333 0.701281
vt 0.349333 0.709590
vt 0.339469 0.717900
vt 0.349333 0.692972
vt 0.359197 0.701281
vt 0.359197 0.709590
vt 0.349333 0.717900
vt 0.359197 0.692972
vt 0.369061 0.701281
vt 0.369061 0.709590
vt 0.359197 0.717900
vt 0.369061 0.692972
vt 0.378925 0.701281
vt 0.378925 0.709590
vt 0.369061 0.717900
vt 0.378925 0.692972
vt 0.388789 0.701281
vt 0.388789 0.709590
vt 0.378925 0.717900
vt 0.388789 0.692972
vt 0.398653 0.701281
vt 0.398653 0.709590
vt 0.388789 0.717900
vt 0.398653 0.692972
vt 0.408517 0.701281
vt 0.408517 0.709590
vt 0.398653 0.717900
vt 0.408517 0.692972
vt 0.418382 0.701281
vt 0.418382 0.709590
vt 0.408517 0.717900
vt 0.418382 0.692972
vt 0.428246 0.701281
vt 0.428246 0.709590
vt 0.418382 0.717900
vt 0.057235 0.694148
vt 0.047371 0.702457
vt 0.047371 0.694148
vt 0.057235 0.702457
vt 0.047371 0.710766
vt 0.057235 0.719075
vt 0.047371 0.719075
vt 0.067099 0.694148
vt 0.067099 0.702457
vt 0.057235 0.710766
vt 0.067099 0.719075
vt 0.076963 0.694148
vt 0.076963 0.702457
vt 0.067099 0.710766
vt 0.076963 0.719075
vt 0.086827 0.694148
vt 0.086827 0.702457
vt 0.076963 0.710766
vt 0.086827 0.719075
vt 0.096692 0.694148
vt 0.096692 0.710766
vt 0.086827 0.710766
vt 0.096692 0.719075
vt 0.106556 0.694148
vt 0.096691 0.702457
vt 0.106556 0.710766
vt 0.106556 0.719075
vt 0.116420 0.694148
vt 0.106556 0.702457
vt 0.116420 0.710766
vt 0.116420 0.719075
vt 0.126284 0.694148
vt 0.116420 0.702457
vt 0.126284 0.710766
vt 0.126284 0.719075
vt 0.136148 0.694148
vt 0.126284 0.702457
vt 0.136148 0.710766
vt 0.136148 0.719075
vt 0.143302 0.694166
vt 0.136148 0.702457
vt 0.143409 0.710791
vt 0.143413 0.719075
vt 0.151898 0.694175
vt 0.143414 0.702472
vt 0.151938 0.710801
vt 0.160589 0.702486
vt 0.151943 0.702484
vt 0.160591 0.710791
vt 0.151950 0.719075
vt 0.160570 0.694181
vt 0.169266 0.702491
vt 0.169265 0.710797
vt 0.169283 0.719083
vt 0.160609 0.719080
vt 0.177682 0.694169
vt 0.185469 0.702457
vt 0.177648 0.702474
vt 0.185469 0.710766
vt 0.177650 0.710781
vt 0.185469 0.719075
vt 0.177658 0.719079
vt 0.185469 0.694148
vt 0.195333 0.702457
vt 0.195333 0.710766
vt 0.195333 0.719075
vt 0.300989 0.758984
vt 0.293220 0.766662
vt 0.292671 0.758136
vt 0.301997 0.767249
vt 0.293769 0.775189
vt 0.302912 0.775593
vt 0.294318 0.783715
vt 0.303729 0.783995
vt 0.294867 0.792241
vt 0.304464 0.792435
vt 0.295416 0.800768
vt 0.305131 0.800898
vt 0.295965 0.809294
vt 0.305745 0.809374
vt 0.296514 0.817821
vt 0.306321 0.817858
vt 0.297063 0.826347
vt 0.309288 0.759990
vt 0.310758 0.767974
vt 0.312041 0.776116
vt 0.313129 0.784374
vt 0.314051 0.792708
vt 0.314838 0.801087
vt 0.315519 0.809494
vt 0.316125 0.817916
vt 0.306867 0.826347
vt 0.317555 0.761232
vt 0.319491 0.768905
vt 0.321146 0.776816
vt 0.322509 0.784901
vt 0.323622 0.793099
vt 0.324533 0.801365
vt 0.325286 0.809672
vt 0.325926 0.818003
vt 0.316672 0.826347
vt 0.325757 0.762842
vt 0.328168 0.770158
vt 0.330202 0.777792
vt 0.331847 0.785658
vt 0.333159 0.793674
vt 0.334203 0.801781
vt 0.335036 0.809943
vt 0.335719 0.818136
vt 0.326477 0.826347
vt 0.333850 0.764930
vt 0.336749 0.771829
vt 0.339176 0.779127
vt 0.341116 0.786714
vt 0.342641 0.794488
vt 0.343831 0.802376
vt 0.344759 0.810333
vt 0.345497 0.818329
vt 0.336282 0.826347
vt 0.341705 0.767773
vt 0.345126 0.774162
vt 0.347972 0.781029
vt 0.350235 0.788244
vt 0.352003 0.795682
vt 0.353369 0.803256
vt 0.354421 0.810914
vt 0.355246 0.818617
vt 0.346087 0.826347
vt 0.349128 0.771591
vt 0.353127 0.777351
vt 0.356444 0.783668
vt 0.359082 0.790388
vt 0.361144 0.797368
vt 0.362742 0.804505
vt 0.363974 0.811739
vt 0.364941 0.819027
vt 0.355892 0.826347
vt 0.355870 0.776511
vt 0.360530 0.781509
vt 0.364397 0.787139
vt 0.367491 0.793228
vt 0.369933 0.799612
vt 0.371850 0.806172
vt 0.373351 0.812843
vt 0.374549 0.819576
vt 0.365697 0.826348
vt 0.050740 0.588214
vt 0.042423 0.587366
vt 0.068832 0.586845
vt 0.086930 0.585477
vt 0.105027 0.584109
vt 0.123125 0.582741
vt 0.141223 0.581373
vt 0.159320 0.580005
vt 0.177418 0.578637
vt 0.059039 0.589219
vt 0.076097 0.588377
vt 0.093164 0.587536
vt 0.110231 0.586695
vt 0.127299 0.585854
vt 0.144366 0.585013
vt 0.161433 0.584172
vt 0.195515 0.577269
vt 0.178500 0.583330
vt 0.067306 0.590462
vt 0.083331 0.590116
vt 0.099370 0.589773
vt 0.115408 0.589429
vt 0.131447 0.589085
vt 0.147485 0.588741
vt 0.163524 0.588398
vt 0.195568 0.582490
vt 0.179562 0.588054
vt 0.075508 0.592071
vt 0.090507 0.592176
vt 0.105523 0.592284
vt 0.120538 0.592392
vt 0.135554 0.592500
vt 0.150569 0.592608
vt 0.165585 0.592716
vt 0.195601 0.587710
vt 0.180600 0.592824
vt 0.083601 0.594159
vt 0.097586 0.594654
vt 0.111590 0.595154
vt 0.125594 0.595654
vt 0.139598 0.596154
vt 0.153601 0.596653
vt 0.167605 0.597153
vt 0.195616 0.592931
vt 0.181609 0.597653
vt 0.091456 0.597003
vt 0.104459 0.597795
vt 0.117478 0.598592
vt 0.130497 0.599388
vt 0.143516 0.600186
vt 0.156536 0.600982
vt 0.169555 0.601779
vt 0.195613 0.598152
vt 0.182574 0.602576
vt 0.098878 0.600821
vt 0.110957 0.601789
vt 0.123043 0.602761
vt 0.135129 0.603733
vt 0.147215 0.604706
vt 0.159301 0.605678
vt 0.171387 0.606650
vt 0.195594 0.603373
vt 0.183474 0.607622
vt 0.195560 0.608594
vt 0.301111 0.008465
vt 0.278007 0.023971
vt 0.277281 0.008470
vt 0.324715 0.023791
vt 0.301361 0.023881
vt 0.334073 0.008466
vt 0.348069 0.023702
vt 0.333648 0.023757
vt 0.348745 0.008425
vt 0.371424 0.023613
vt 0.372602 0.008449
vt 0.394778 0.023523
vt 0.396433 0.008443
vt 0.418132 0.023434
vt 0.420263 0.008437
vt 0.441486 0.023344
vt 0.444093 0.008432
vt 0.464841 0.023255
vt 0.301651 0.040268
vt 0.278768 0.040441
vt 0.347417 0.039924
vt 0.333286 0.040030
vt 0.370300 0.039752
vt 0.393184 0.039579
vt 0.416067 0.039407
vt 0.438950 0.039235
vt 0.461833 0.039063
vt 0.279509 0.056912
vt 0.324534 0.040095
vt 0.301955 0.056661
vt 0.332986 0.056316
vt 0.369293 0.055914
vt 0.346847 0.056163
vt 0.391739 0.055664
vt 0.414185 0.055415
vt 0.459078 0.054917
vt 0.436631 0.055166
vt 0.280218 0.073385
vt 0.324401 0.056412
vt 0.302261 0.073060
vt 0.332731 0.072555
vt 0.368389 0.072096
vt 0.346346 0.072418
vt 0.390432 0.071774
vt 0.412475 0.071453
vt 0.434518 0.071132
vt 0.456560 0.070810
vt 0.280883 0.089859
vt 0.324303 0.072739
vt 0.302556 0.089466
vt 0.332485 0.089086
vt 0.345902 0.088687
vt 0.389248 0.087907
vt 0.367575 0.088297
vt 0.410921 0.087517
vt 0.432594 0.087128
vt 0.454268 0.086738
vt 0.281498 0.106335
vt 0.324229 0.089076
vt 0.302837 0.105877
vt 0.332406 0.105016
vt 0.345515 0.104969
vt 0.388194 0.104060
vt 0.366854 0.104515
vt 0.430872 0.103152
vt 0.409533 0.103606
vt 0.452211 0.102698
vt 0.303083 0.122294
vt 0.282043 0.122814
vt 0.324176 0.105423
vt 0.332170 0.121581
vt 0.345162 0.121262
vt 0.387242 0.120230
vt 0.366202 0.120747
vt 0.408282 0.119715
vt 0.429321 0.119199
vt 0.303288 0.138715
vt 0.282515 0.139295
vt 0.324123 0.121778
vt 0.332008 0.137920
vt 0.365610 0.136990
vt 0.344836 0.137565
vt 0.386384 0.136415
vt 0.407158 0.135840
vt 0.427932 0.135265
vt 0.448705 0.134690
vt 0.303440 0.155140
vt 0.282900 0.155778
vt 0.323980 0.154507
vt 0.331836 0.154266
vt 0.365060 0.153243
vt 0.344520 0.153875
vt 0.385600 0.152610
vt 0.406140 0.151978
vt 0.426680 0.151345
vt 0.447220 0.150713
vt 0.283191 0.172264
vt 0.323866 0.170880
vt 0.303528 0.171568
vt 0.344203 0.170192
vt 0.331644 0.170617
vt 0.364541 0.169504
vt 0.384878 0.168815
vt 0.405216 0.168126
vt 0.425553 0.167438
vt 0.445891 0.166750
vt 0.303537 0.188000
vt 0.283368 0.188750
vt 0.323705 0.187257
vt 0.343874 0.186514
vt 0.331420 0.186973
vt 0.364043 0.185771
vt 0.384212 0.185028
vt 0.404381 0.184285
vt 0.424550 0.183542
vt 0.444719 0.182799
vt 0.303459 0.204434
vt 0.283425 0.205238
vt 0.323492 0.203637
vt 0.343525 0.202841
vt 0.331195 0.203349
vt 0.363559 0.202044
vt 0.403625 0.200451
vt 0.383592 0.201248
vt 0.423659 0.199655
vt 0.443692 0.198858
vt 0.303280 0.220868
vt 0.283349 0.221726
vt 0.323211 0.220019
vt 0.343142 0.219171
vt 0.330834 0.219695
vt 0.363073 0.218322
vt 0.383004 0.217472
vt 0.402935 0.216623
vt 0.422865 0.215774
vt 0.442796 0.214925
vt 0.302994 0.237303
vt 0.283135 0.238212
vt 0.322854 0.236402
vt 0.342714 0.235501
vt 0.330450 0.236058
vt 0.362574 0.234601
vt 0.382433 0.233700
vt 0.402293 0.232799
vt 0.422153 0.231899
vt 0.442013 0.230998
vt 0.302590 0.253735
vt 0.282770 0.254696
vt 0.322410 0.252784
vt 0.342229 0.251832
vt 0.329990 0.252420
vt 0.362049 0.250881
vt 0.381869 0.249929
vt 0.401688 0.248978
vt 0.421508 0.248027
vt 0.441328 0.247075
vt 0.302045 0.270164
vt 0.282231 0.271175
vt 0.321859 0.269163
vt 0.341673 0.268162
vt 0.329437 0.268780
vt 0.361487 0.267161
vt 0.381300 0.266160
vt 0.401114 0.265159
vt 0.420928 0.264158
vt 0.440742 0.263157
vt 0.301363 0.286588
vt 0.281523 0.287647
vt 0.321203 0.285538
vt 0.341043 0.284489
vt 0.328792 0.285137
vt 0.360883 0.283439
vt 0.380723 0.282390
vt 0.400563 0.281340
vt 0.420403 0.280291
vt 0.440243 0.279241
vt 0.300521 0.303003
vt 0.280621 0.304110
vt 0.320421 0.301907
vt 0.340321 0.300810
vt 0.328032 0.301487
vt 0.360221 0.299714
vt 0.380121 0.298617
vt 0.400020 0.297521
vt 0.419920 0.296424
vt 0.439820 0.295328
vt 0.299518 0.319409
vt 0.279527 0.320561
vt 0.319509 0.318267
vt 0.339500 0.317125
vt 0.327155 0.317830
vt 0.359491 0.315983
vt 0.379482 0.314841
vt 0.399473 0.313699
vt 0.419464 0.312557
vt 0.439455 0.311415
vt 0.298339 0.335801
vt 0.278223 0.336997
vt 0.318453 0.334616
vt 0.338568 0.333431
vt 0.326147 0.334163
vt 0.358682 0.332246
vt 0.378797 0.331060
vt 0.398912 0.329875
vt 0.419026 0.328690
vt 0.439141 0.327505
vt 0.296988 0.352179
vt 0.276718 0.353416
vt 0.317257 0.350952
vt 0.337527 0.349726
vt 0.325010 0.350483
vt 0.357796 0.348500
vt 0.378065 0.347273
vt 0.398335 0.346047
vt 0.418604 0.344821
vt 0.438873 0.343594
vt 0.295411 0.368533
vt 0.274948 0.369809
vt 0.315872 0.367269
vt 0.336334 0.366005
vt 0.323698 0.366785
vt 0.356795 0.364741
vt 0.377257 0.363477
vt 0.397718 0.362213
vt 0.418180 0.360949
vt 0.438641 0.359685
vt 0.293641 0.384865
vt 0.272955 0.386175
vt 0.314325 0.383566
vt 0.335009 0.382268
vt 0.322236 0.383070
vt 0.355694 0.380970
vt 0.376378 0.379671
vt 0.397062 0.378372
vt 0.417746 0.377074
vt 0.438431 0.375775
vt 0.291655 0.401169
vt 0.270714 0.402510
vt 0.312595 0.399840
vt 0.333535 0.398511
vt 0.320604 0.399332
vt 0.354474 0.397182
vt 0.375414 0.395853
vt 0.396354 0.394524
vt 0.417293 0.393195
vt 0.438233 0.391866
vt 0.289449 0.417441
vt 0.268220 0.418807
vt 0.310677 0.416086
vt 0.331904 0.414731
vt 0.318795 0.415568
vt 0.353131 0.413376
vt 0.374359 0.412021
vt 0.395586 0.410667
vt 0.416813 0.409312
vt 0.438041 0.407957
vt 0.286834 0.433644
vt 0.265259 0.435026
vt 0.308407 0.432273
vt 0.329979 0.430902
vt 0.316658 0.431749
vt 0.351552 0.429531
vt 0.373125 0.428160
vt 0.394698 0.426790
vt 0.416271 0.425419
vt 0.437843 0.424048
vt 0.283590 0.449718
vt 0.261582 0.451096
vt 0.305595 0.448350
vt 0.327601 0.446981
vt 0.314012 0.447826
vt 0.349606 0.445613
vt 0.371612 0.444244
vt 0.393617 0.442876
vt 0.415623 0.441507
vt 0.437628 0.440138
vt 0.279428 0.465552
vt 0.256860 0.466890
vt 0.301993 0.464220
vt 0.324559 0.462888
vt 0.310624 0.463710
vt 0.347124 0.461556
vt 0.369690 0.460224
vt 0.392256 0.458892
vt 0.414821 0.457561
vt 0.437387 0.456229
vt 0.274235 0.481035
vt 0.250966 0.482282
vt 0.297503 0.479790
vt 0.320772 0.478545
vt 0.306403 0.479314
vt 0.344040 0.477300
vt 0.367308 0.476054
vt 0.390576 0.474809
vt 0.413845 0.473564
vt 0.437113 0.472318
vt 0.268135 0.496138
vt 0.244040 0.497243
vt 0.292230 0.495034
vt 0.316325 0.493930
vt 0.301449 0.494608
vt 0.340420 0.492825
vt 0.364515 0.491721
vt 0.388609 0.490616
vt 0.412704 0.489512
vt 0.436799 0.488407
vt 0.365336 0.610738
vt 0.358760 0.606751
vt 0.369996 0.605742
vt 0.361469 0.616368
vt 0.354690 0.611776
vt 0.358375 0.622458
vt 0.351316 0.617355
vt 0.355933 0.628841
vt 0.348619 0.623335
vt 0.354017 0.635402
vt 0.346494 0.629573
vt 0.352515 0.642072
vt 0.344829 0.635966
vt 0.351317 0.648805
vt 0.343529 0.642455
vt 0.350365 0.655577
vt 0.342494 0.648999
vt 0.347523 0.607760
vt 0.344044 0.612813
vt 0.341162 0.618340
vt 0.338863 0.624213
vt 0.337054 0.630305
vt 0.335642 0.636531
vt 0.334542 0.642839
vt 0.341674 0.655577
vt 0.333670 0.649193
vt 0.336287 0.608769
vt 0.333398 0.613850
vt 0.331009 0.619326
vt 0.329107 0.625090
vt 0.327615 0.631037
vt 0.326455 0.637095
vt 0.325555 0.643222
vt 0.332984 0.655577
vt 0.324847 0.649387
vt 0.325051 0.609778
vt 0.322752 0.614887
vt 0.320856 0.620312
vt 0.319350 0.625967
vt 0.318176 0.631769
vt 0.317267 0.637659
vt 0.316569 0.643605
vt 0.324293 0.655577
vt 0.316024 0.649581
vt 0.313814 0.610788
vt 0.312106 0.615924
vt 0.310703 0.621298
vt 0.309594 0.626845
vt 0.308736 0.632501
vt 0.308080 0.638224
vt 0.307582 0.643988
vt 0.315603 0.655577
vt 0.307200 0.649775
vt 0.305530 0.616565
vt 0.302578 0.611797
vt 0.306874 0.611410
vt 0.304433 0.621907
vt 0.301460 0.616961
vt 0.303569 0.627386
vt 0.300549 0.622285
vt 0.302908 0.632953
vt 0.299838 0.627722
vt 0.302405 0.638572
vt 0.299297 0.633233
vt 0.302033 0.644224
vt 0.298892 0.638788
vt 0.301757 0.649895
vt 0.298595 0.644371
vt 0.301538 0.655577
vt 0.298377 0.649969
vt 0.291342 0.612806
vt 0.290814 0.617999
vt 0.290396 0.623270
vt 0.290082 0.628599
vt 0.289858 0.633965
vt 0.289705 0.639353
vt 0.289608 0.644754
vt 0.298222 0.655577
vt 0.289554 0.650163
vt 0.280105 0.613815
vt 0.280168 0.619036
vt 0.280243 0.624256
vt 0.280326 0.629477
vt 0.280418 0.634697
vt 0.280517 0.639917
vt 0.280622 0.645137
vt 0.280841 0.655577
vt 0.280730 0.650357
vt 0.251622 0.500811
vt 0.274735 0.500382
vt 0.306692 0.499803
vt 0.320978 0.499532
vt 0.344100 0.499107
vt 0.367222 0.498682
vt 0.390344 0.498257
vt 0.436587 0.497408
vt 0.413466 0.497832
vt 0.258988 0.504800
vt 0.297857 0.499957
vt 0.281149 0.504994
vt 0.311796 0.505280
vt 0.325499 0.505398
vt 0.347675 0.505600
vt 0.369850 0.505802
vt 0.392025 0.506004
vt 0.414200 0.506206
vt 0.265897 0.509526
vt 0.303324 0.505196
vt 0.287162 0.510252
vt 0.316571 0.511273
vt 0.329722 0.511725
vt 0.351002 0.512461
vt 0.372281 0.513198
vt 0.393561 0.513934
vt 0.436376 0.506408
vt 0.414841 0.514670
vt 0.271873 0.515369
vt 0.308442 0.510989
vt 0.292368 0.516495
vt 0.320701 0.518061
vt 0.333366 0.518755
vt 0.353865 0.519885
vt 0.374364 0.521015
vt 0.394864 0.522145
vt 0.436121 0.515407
vt 0.415363 0.523275
vt 0.276430 0.522358
vt 0.312867 0.517625
vt 0.296327 0.523756
vt 0.323821 0.525660
vt 0.336109 0.526512
vt 0.356000 0.527890
vt 0.375891 0.529268
vt 0.395782 0.530647
vt 0.435862 0.524405
vt 0.415673 0.532025
vt 0.279129 0.530262
vt 0.316218 0.525134
vt 0.298648 0.531812
vt 0.325624 0.533904
vt 0.337677 0.534837
vt 0.357191 0.536350
vt 0.376705 0.537862
vt 0.396219 0.539375
vt 0.435565 0.533403
vt 0.415733 0.540888
vt 0.280336 0.538545
vt 0.318163 0.533325
vt 0.299658 0.540184
vt 0.326368 0.542397
vt 0.338299 0.543387
vt 0.357619 0.544989
vt 0.376940 0.546591
vt 0.396260 0.548193
vt 0.435247 0.542400
vt 0.415581 0.549794
vt 0.280686 0.546914
vt 0.318978 0.541786
vt 0.299915 0.548625
vt 0.326497 0.550947
vt 0.338372 0.551987
vt 0.357601 0.553667
vt 0.376830 0.555348
vt 0.396059 0.557029
vt 0.434901 0.551396
vt 0.415288 0.558710
vt 0.280556 0.555292
vt 0.319143 0.550306
vt 0.299751 0.557072
vt 0.326287 0.559503
vt 0.338141 0.560590
vt 0.357336 0.562349
vt 0.376531 0.564108
vt 0.395726 0.565866
vt 0.434517 0.560390
vt 0.414922 0.567625
vt 0.280341 0.563670
vt 0.318946 0.558831
vt 0.299505 0.565517
vt 0.325999 0.568056
vt 0.337834 0.569191
vt 0.356998 0.571028
vt 0.376162 0.572864
vt 0.395327 0.574701
vt 0.434117 0.569384
vt 0.414491 0.576538
vt 0.280173 0.572048
vt 0.318669 0.567354
vt 0.299301 0.573963
vt 0.325745 0.576609
vt 0.337556 0.577792
vt 0.356684 0.579707
vt 0.375811 0.581622
vt 0.394939 0.583536
vt 0.433655 0.578375
vt 0.414066 0.585451
vt 0.800908 0.008502
vt 0.818493 0.023569
vt 0.801491 0.023625
vt 0.818303 0.008498
vt 0.835494 0.023512
vt 0.835698 0.008495
vt 0.852496 0.023456
vt 0.853093 0.008491
vt 0.869498 0.023400
vt 0.870529 0.008493
vt 0.886500 0.023343
vt 0.887851 0.008473
vt 0.903501 0.023287
vt 0.905232 0.008498
vt 0.920503 0.023231
vt 0.922712 0.008467
vt 0.937505 0.023175
vt 0.940071 0.008476
vt 0.954507 0.023117
vt 0.957419 0.008456
vt 0.971508 0.023061
vt 0.974859 0.008447
vt 0.988510 0.023005
vt 0.818718 0.039645
vt 0.802098 0.039750
vt 0.835339 0.039541
vt 0.851959 0.039437
vt 0.868580 0.039334
vt 0.885200 0.039230
vt 0.901821 0.039126
vt 0.918441 0.039022
vt 0.935062 0.038919
vt 0.951682 0.038814
vt 0.968303 0.038710
vt 0.802673 0.055876
vt 0.818949 0.055729
vt 0.851502 0.055441
vt 0.835225 0.055585
vt 0.867778 0.055297
vt 0.900330 0.055010
vt 0.884054 0.055154
vt 0.916606 0.054866
vt 0.932883 0.054722
vt 0.949159 0.054577
vt 0.965435 0.054433
vt 0.984924 0.038606
vt 0.803194 0.072003
vt 0.819162 0.071822
vt 0.835131 0.071644
vt 0.851099 0.071465
vt 0.883035 0.071109
vt 0.867067 0.071287
vt 0.899004 0.070931
vt 0.930940 0.070575
vt 0.914972 0.070753
vt 0.946909 0.070396
vt 0.962877 0.070217
vt 0.978845 0.070039
vt 0.819347 0.087921
vt 0.803652 0.088133
vt 0.835042 0.087714
vt 0.850738 0.087506
vt 0.866433 0.087299
vt 0.882128 0.087091
vt 0.897824 0.086884
vt 0.929214 0.086468
vt 0.913519 0.086676
vt 0.944910 0.086260
vt 0.960605 0.086052
vt 0.976300 0.085845
vt 0.819486 0.104028
vt 0.804026 0.104265
vt 0.850405 0.103562
vt 0.834945 0.103795
vt 0.865865 0.103330
vt 0.881325 0.103097
vt 0.896784 0.102864
vt 0.927704 0.102399
vt 0.912244 0.102632
vt 0.943164 0.102166
vt 0.958623 0.101933
vt 0.974083 0.101700
vt 0.819560 0.120139
vt 0.804300 0.120398
vt 0.834819 0.119885
vt 0.850079 0.119630
vt 0.865339 0.119376
vt 0.880599 0.119121
vt 0.895858 0.118867
vt 0.911118 0.118612
vt 0.926378 0.118358
vt 0.941638 0.118102
vt 0.956897 0.117848
vt 0.972157 0.117593
vt 0.804455 0.136534
vt 0.834645 0.135981
vt 0.819550 0.136255
vt 0.849740 0.135707
vt 0.864834 0.135434
vt 0.879929 0.135160
vt 0.895024 0.134886
vt 0.910119 0.134612
vt 0.925214 0.134338
vt 0.940308 0.134064
vt 0.955403 0.133790
vt 0.970498 0.133516
vt 0.804473 0.152670
vt 0.834399 0.152082
vt 0.819436 0.152373
vt 0.849362 0.151791
vt 0.864325 0.151500
vt 0.879288 0.151209
vt 0.894251 0.150918
vt 0.909214 0.150626
vt 0.924176 0.150335
vt 0.939139 0.150043
vt 0.954102 0.149752
vt 0.969065 0.149461
vt 0.819207 0.168493
vt 0.804345 0.168805
vt 0.834070 0.168186
vt 0.848933 0.167879
vt 0.863796 0.167572
vt 0.878659 0.167265
vt 0.893521 0.166958
vt 0.908384 0.166652
vt 0.923247 0.166345
vt 0.938110 0.166037
vt 0.952972 0.165730
vt 0.967835 0.165423
vt 0.818838 0.184612
vt 0.804040 0.184938
vt 0.833636 0.184291
vt 0.848434 0.183970
vt 0.863233 0.183649
vt 0.878031 0.183328
vt 0.892829 0.183007
vt 0.907627 0.182686
vt 0.922426 0.182365
vt 0.937224 0.182043
vt 0.952022 0.181722
vt 0.966820 0.181401
vt 0.818312 0.200727
vt 0.803543 0.201066
vt 0.833080 0.200394
vt 0.847849 0.200060
vt 0.862617 0.199726
vt 0.877386 0.199392
vt 0.892154 0.199059
vt 0.906923 0.198725
vt 0.921691 0.198391
vt 0.936460 0.198057
vt 0.951228 0.197723
vt 0.965997 0.197389
vt 0.817617 0.216837
vt 0.802845 0.217187
vt 0.832388 0.216492
vt 0.847159 0.216146
vt 0.861931 0.215801
vt 0.876702 0.215456
vt 0.891473 0.215111
vt 0.906245 0.214766
vt 0.921016 0.214421
vt 0.935787 0.214075
vt 0.950559 0.213730
vt 0.965330 0.213385
vt 0.816728 0.232936
vt 0.801921 0.233297
vt 0.831534 0.232581
vt 0.846341 0.232226
vt 0.861147 0.231871
vt 0.875954 0.231516
vt 0.890760 0.231161
vt 0.905567 0.230806
vt 0.920374 0.230451
vt 0.935180 0.230096
vt 0.949987 0.229741
vt 0.964793 0.229385
vt 0.815631 0.249022
vt 0.800756 0.249390
vt 0.830507 0.248659
vt 0.845382 0.248296
vt 0.860257 0.247933
vt 0.875132 0.247569
vt 0.890007 0.247206
vt 0.904883 0.246843
vt 0.919758 0.246480
vt 0.934633 0.246116
vt 0.949508 0.245753
vt 0.964383 0.245390
vt 0.814308 0.265089
vt 0.799326 0.265463
vt 0.829289 0.264720
vt 0.844271 0.264351
vt 0.859252 0.263981
vt 0.874233 0.263612
vt 0.889215 0.263243
vt 0.904196 0.262874
vt 0.919178 0.262505
vt 0.934159 0.262136
vt 0.949140 0.261767
vt 0.964122 0.261397
vt 0.812742 0.281131
vt 0.797622 0.281509
vt 0.827863 0.280759
vt 0.842983 0.280386
vt 0.858103 0.280014
vt 0.873223 0.279641
vt 0.888343 0.279269
vt 0.903464 0.278896
vt 0.918584 0.278524
vt 0.933704 0.278151
vt 0.948824 0.277779
vt 0.963944 0.277406
vt 0.810924 0.297143
vt 0.795631 0.297521
vt 0.826216 0.296771
vt 0.841508 0.296398
vt 0.856800 0.296025
vt 0.872092 0.295652
vt 0.887385 0.295280
vt 0.902677 0.294907
vt 0.917969 0.294534
vt 0.933261 0.294161
vt 0.948553 0.293788
vt 0.963845 0.293415
vt 0.808812 0.313115
vt 0.793310 0.313489
vt 0.824314 0.312746
vt 0.839816 0.312377
vt 0.855317 0.312008
vt 0.870819 0.311639
vt 0.886320 0.311270
vt 0.901822 0.310901
vt 0.917324 0.310532
vt 0.932825 0.310163
vt 0.963828 0.309425
vt 0.948327 0.309794
vt 0.806420 0.329043
vt 0.790673 0.329408
vt 0.822165 0.328682
vt 0.837911 0.328321
vt 0.853657 0.327960
vt 0.869403 0.327600
vt 0.885149 0.327239
vt 0.900895 0.326878
vt 0.932387 0.326156
vt 0.916641 0.326517
vt 0.963879 0.325435
vt 0.948133 0.325796
vt 0.803736 0.344918
vt 0.787712 0.345269
vt 0.819760 0.344571
vt 0.835783 0.344223
vt 0.851807 0.343876
vt 0.867831 0.343529
vt 0.883855 0.343181
vt 0.899879 0.342834
vt 0.915902 0.342487
vt 0.931926 0.342139
vt 0.947950 0.341791
vt 0.800697 0.360722
vt 0.784355 0.361052
vt 0.817038 0.360395
vt 0.833379 0.360068
vt 0.849720 0.359741
vt 0.866060 0.359415
vt 0.882401 0.359088
vt 0.898742 0.358761
vt 0.931424 0.358107
vt 0.915083 0.358434
vt 0.947765 0.357780
vt 0.963974 0.341444
vt 0.797357 0.376457
vt 0.780665 0.376760
vt 0.814049 0.376158
vt 0.830741 0.375858
vt 0.847433 0.375559
vt 0.864124 0.375259
vt 0.880816 0.374960
vt 0.897508 0.374660
vt 0.914200 0.374361
vt 0.930892 0.374061
vt 0.964105 0.357453
vt 0.947583 0.373762
vt 0.793638 0.392098
vt 0.776556 0.392363
vt 0.810720 0.391836
vt 0.827803 0.391573
vt 0.844885 0.391310
vt 0.861967 0.391047
vt 0.879049 0.390785
vt 0.896131 0.390522
vt 0.913213 0.390259
vt 0.930295 0.389996
vt 0.947377 0.389733
vt 0.964275 0.373462
vt 0.789476 0.407615
vt 0.771958 0.407830
vt 0.806993 0.407401
vt 0.824511 0.407188
vt 0.842029 0.406974
vt 0.859546 0.406761
vt 0.877064 0.406547
vt 0.894581 0.406334
vt 0.912099 0.406120
vt 0.929616 0.405906
vt 0.947134 0.405693
vt 0.964459 0.389471
vt 0.784858 0.422987
vt 0.766859 0.423138
vt 0.802856 0.422837
vt 0.820855 0.422687
vt 0.838854 0.422537
vt 0.856853 0.422388
vt 0.874851 0.422238
vt 0.892850 0.422088
vt 0.910849 0.421938
vt 0.928847 0.421788
vt 0.946846 0.421638
vt 0.964845 0.421488
vt 0.779825 0.438216
vt 0.761305 0.438288
vt 0.798345 0.438144
vt 0.816865 0.438072
vt 0.835385 0.438000
vt 0.853904 0.437928
vt 0.872424 0.437856
vt 0.890944 0.437784
vt 0.909464 0.437712
vt 0.927984 0.437640
vt 0.946503 0.437568
vt 0.774429 0.453306
vt 0.755354 0.453286
vt 0.793505 0.453326
vt 0.812580 0.453346
vt 0.831656 0.453366
vt 0.850732 0.453386
vt 0.869807 0.453405
vt 0.888883 0.453426
vt 0.907958 0.453445
vt 0.946110 0.453485
vt 0.927034 0.453465
vt 0.965185 0.453505
vt 0.768786 0.468296
vt 0.749133 0.468175
vt 0.788440 0.468418
vt 0.808093 0.468540
vt 0.827746 0.468662
vt 0.847400 0.468783
vt 0.867053 0.468905
vt 0.886706 0.469027
vt 0.906360 0.469149
vt 0.926013 0.469271
vt 0.945666 0.469393
vt 0.965320 0.469514
vt 0.763013 0.483233
vt 0.742773 0.483004
vt 0.783252 0.483462
vt 0.803492 0.483691
vt 0.823732 0.483920
vt 0.843971 0.484150
vt 0.864211 0.484379
vt 0.884451 0.484608
vt 0.904690 0.484837
vt 0.924930 0.485066
vt 0.945170 0.485295
vt 0.965409 0.485524
vt 0.946170 0.493668
vt 0.965448 0.494463
vt 0.947118 0.502124
vt 0.965459 0.503401
vt 0.947990 0.510730
vt 0.965462 0.512340
vt 0.948731 0.519503
vt 0.965446 0.521279
vt 0.949281 0.528426
vt 0.965398 0.530218
vt 0.949668 0.537447
vt 0.965349 0.539157
vt 0.949892 0.546519
vt 0.965257 0.548095
vt 0.950012 0.555615
vt 0.965144 0.557033
vt 0.950078 0.564722
vt 0.965028 0.565972
vt 0.950049 0.573832
vt 0.964659 0.583846
vt 0.964844 0.574909
vt 0.964443 0.592782
vt 0.949998 0.582946
vt 0.964174 0.601717
vt 0.949912 0.592059
vt 0.963904 0.610652
vt 0.949782 0.601171
vt 0.963571 0.619584
vt 0.949668 0.610280
vt 0.963208 0.628516
vt 0.949511 0.619386
vt 0.962845 0.637447
vt 0.949336 0.628489
vt 0.926891 0.492874
vt 0.928777 0.500846
vt 0.930518 0.509120
vt 0.932015 0.517726
vt 0.933163 0.526634
vt 0.933988 0.535737
vt 0.934527 0.544943
vt 0.934879 0.554197
vt 0.935128 0.563472
vt 0.935254 0.572756
vt 0.935337 0.582046
vt 0.935380 0.591337
vt 0.935390 0.600625
vt 0.935433 0.609909
vt 0.935451 0.619188
vt 0.949165 0.637592
vt 0.935464 0.628463
vt 0.907612 0.492080
vt 0.910436 0.499569
vt 0.913046 0.507510
vt 0.915299 0.515949
vt 0.917045 0.524842
vt 0.918307 0.534028
vt 0.919162 0.543367
vt 0.919747 0.552779
vt 0.920179 0.562221
vt 0.920459 0.571680
vt 0.920676 0.581146
vt 0.920848 0.590614
vt 0.920998 0.600079
vt 0.921392 0.618990
vt 0.921197 0.609538
vt 0.921591 0.628437
vt 0.935485 0.637737
vt 0.888333 0.491286
vt 0.892095 0.498291
vt 0.895573 0.505900
vt 0.898583 0.514173
vt 0.900927 0.523050
vt 0.902627 0.532318
vt 0.903797 0.541791
vt 0.904615 0.551360
vt 0.905229 0.560971
vt 0.905663 0.570603
vt 0.906015 0.580245
vt 0.906316 0.589891
vt 0.906606 0.599533
vt 0.906962 0.609167
vt 0.907332 0.618791
vt 0.907719 0.628410
vt 0.908125 0.638025
vt 0.869055 0.490491
vt 0.873753 0.497014
vt 0.878101 0.504290
vt 0.881867 0.512396
vt 0.884810 0.521258
vt 0.886946 0.530608
vt 0.888431 0.540215
vt 0.889483 0.549942
vt 0.890280 0.559721
vt 0.890868 0.569527
vt 0.891353 0.579345
vt 0.891784 0.589168
vt 0.892215 0.598987
vt 0.892727 0.608796
vt 0.893272 0.618593
vt 0.893846 0.628384
vt 0.894445 0.638170
vt 0.849776 0.489697
vt 0.855412 0.495736
vt 0.860629 0.502680
vt 0.865152 0.510620
vt 0.868692 0.519466
vt 0.871266 0.528898
vt 0.873066 0.538639
vt 0.874350 0.548524
vt 0.875330 0.558471
vt 0.876073 0.568450
vt 0.876693 0.578445
vt 0.877252 0.588446
vt 0.877823 0.598441
vt 0.878491 0.608424
vt 0.879212 0.618395
vt 0.879974 0.628357
vt 0.880765 0.638315
vt 0.830497 0.488903
vt 0.837071 0.494459
vt 0.843157 0.501070
vt 0.848436 0.508843
vt 0.852574 0.517674
vt 0.855585 0.527189
vt 0.857701 0.537063
vt 0.859218 0.547106
vt 0.860380 0.557221
vt 0.861278 0.567374
vt 0.862032 0.577545
vt 0.862720 0.587723
vt 0.863431 0.597895
vt 0.864256 0.608053
vt 0.865152 0.618197
vt 0.866102 0.628331
vt 0.867085 0.638459
vt 0.811219 0.488109
vt 0.818730 0.493181
vt 0.825685 0.499460
vt 0.831720 0.507066
vt 0.836457 0.515882
vt 0.839905 0.525479
vt 0.842336 0.535487
vt 0.844086 0.545688
vt 0.845431 0.555971
vt 0.846482 0.566298
vt 0.847371 0.576645
vt 0.848189 0.587000
vt 0.849039 0.597349
vt 0.850021 0.607682
vt 0.851092 0.617999
vt 0.852229 0.628305
vt 0.853405 0.638604
vt 0.791940 0.487314
vt 0.800389 0.491904
vt 0.808212 0.497850
vt 0.815004 0.505290
vt 0.820339 0.514089
vt 0.824224 0.523769
vt 0.826971 0.533911
vt 0.828954 0.544269
vt 0.830481 0.554721
vt 0.831687 0.565221
vt 0.832710 0.575745
vt 0.833657 0.586277
vt 0.834647 0.596803
vt 0.835785 0.607311
vt 0.837032 0.617800
vt 0.838357 0.628278
vt 0.839725 0.638748
vt 0.772661 0.486520
vt 0.782048 0.490626
vt 0.790740 0.496240
vt 0.798288 0.503513
vt 0.804221 0.512297
vt 0.808544 0.522059
vt 0.811606 0.532335
vt 0.813821 0.542851
vt 0.815531 0.553470
vt 0.816892 0.564145
vt 0.818049 0.574845
vt 0.819125 0.585555
vt 0.820256 0.596257
vt 0.821550 0.606939
vt 0.822973 0.617602
vt 0.824484 0.628251
vt 0.826045 0.638892
vt 0.753382 0.485726
vt 0.763706 0.489349
vt 0.773268 0.494630
vt 0.781573 0.501737
vt 0.788103 0.510505
vt 0.792863 0.520350
vt 0.796241 0.530759
vt 0.798689 0.541433
vt 0.800582 0.552221
vt 0.802096 0.563068
vt 0.803388 0.573945
vt 0.804593 0.584832
vt 0.805864 0.595711
vt 0.807315 0.606568
vt 0.808913 0.617404
vt 0.810612 0.628225
vt 0.812365 0.639037
vt 0.962853 0.658977
vt 0.949165 0.650057
vt 0.962845 0.649912
vt 0.962845 0.668042
vt 0.949172 0.659616
vt 0.935485 0.650201
vt 0.949165 0.669175
vt 0.935492 0.660254
vt 0.921805 0.650346
vt 0.935485 0.670307
vt 0.921811 0.660894
vt 0.908125 0.650490
vt 0.921805 0.671441
vt 0.908130 0.661532
vt 0.894445 0.650635
vt 0.908125 0.672574
vt 0.894449 0.662171
vt 0.880765 0.650779
vt 0.894445 0.673708
vt 0.880769 0.662810
vt 0.867085 0.650924
vt 0.880765 0.674840
vt 0.867088 0.663449
vt 0.853405 0.651069
vt 0.867085 0.675973
vt 0.853407 0.664088
vt 0.839725 0.651213
vt 0.853405 0.677107
vt 0.839726 0.664726
vt 0.826045 0.651357
vt 0.839725 0.678240
vt 0.826045 0.665365
vt 0.812365 0.651502
vt 0.826045 0.679373
vt 0.812365 0.666004
vt 0.962846 0.701281
vt 0.949166 0.692972
vt 0.962846 0.692972
vt 0.962846 0.709590
vt 0.949166 0.701281
vt 0.962846 0.717900
vt 0.949166 0.709590
vt 0.935486 0.692972
vt 0.935485 0.701281
vt 0.949166 0.717900
vt 0.935486 0.709590
vt 0.921805 0.692972
vt 0.921805 0.701281
vt 0.935485 0.717900
vt 0.921806 0.709590
vt 0.908125 0.692972
vt 0.908125 0.701281
vt 0.921805 0.717900
vt 0.908125 0.709590
vt 0.894445 0.692972
vt 0.894445 0.701281
vt 0.908125 0.717900
vt 0.894445 0.709590
vt 0.880765 0.692972
vt 0.880765 0.701281
vt 0.894445 0.717900
vt 0.880765 0.709590
vt 0.867085 0.692972
vt 0.867085 0.701281
vt 0.880765 0.717900
vt 0.867085 0.709590
vt 0.853405 0.692972
vt 0.853405 0.701281
vt 0.867085 0.717900
vt 0.853405 0.709590
vt 0.839725 0.692972
vt 0.839725 0.701281
vt 0.853405 0.717900
vt 0.839725 0.709590
vt 0.826045 0.692972
vt 0.826045 0.701281
vt 0.839725 0.717900
vt 0.826045 0.709590
vt 0.812365 0.692972
vt 0.812365 0.701281
vt 0.826045 0.717900
vt 0.812365 0.709590
vt 0.470247 0.766662
vt 0.462479 0.758984
vt 0.470796 0.758136
vt 0.469698 0.775189
vt 0.461471 0.767249
vt 0.469150 0.783715
vt 0.460556 0.775593
vt 0.468601 0.792242
vt 0.459738 0.783995
vt 0.468051 0.800768
vt 0.459004 0.792435
vt 0.467502 0.809295
vt 0.458337 0.800898
vt 0.466954 0.817822
vt 0.457723 0.809375
vt 0.466405 0.826348
vt 0.457147 0.817859
vt 0.454180 0.759990
vt 0.452710 0.767973
vt 0.451427 0.776116
vt 0.450339 0.784374
vt 0.449417 0.792708
vt 0.448630 0.801087
vt 0.447949 0.809494
vt 0.456600 0.826348
vt 0.447343 0.817917
vt 0.445913 0.761233
vt 0.443977 0.768905
vt 0.442322 0.776817
vt 0.440959 0.784901
vt 0.439847 0.793099
vt 0.438935 0.801365
vt 0.438182 0.809673
vt 0.446796 0.826348
vt 0.437542 0.818004
vt 0.437711 0.762842
vt 0.435300 0.770157
vt 0.433266 0.777792
vt 0.431621 0.785658
vt 0.430309 0.793674
vt 0.429265 0.801781
vt 0.428432 0.809944
vt 0.436991 0.826348
vt 0.427750 0.818137
vt 0.429618 0.764930
vt 0.426719 0.771829
vt 0.424292 0.779127
vt 0.422352 0.786714
vt 0.420827 0.794488
vt 0.419637 0.802377
vt 0.418710 0.810334
vt 0.427186 0.826348
vt 0.417971 0.818330
vt 0.421763 0.767773
vt 0.418342 0.774162
vt 0.415496 0.781030
vt 0.413232 0.788244
vt 0.411466 0.795683
vt 0.410100 0.803257
vt 0.409048 0.810914
vt 0.417381 0.826348
vt 0.408222 0.818617
vt 0.414341 0.771591
vt 0.410341 0.777350
vt 0.407024 0.783668
vt 0.404386 0.790388
vt 0.402324 0.797368
vt 0.400727 0.804506
vt 0.399495 0.811740
vt 0.407576 0.826348
vt 0.398528 0.819027
vt 0.407599 0.776511
vt 0.402938 0.781508
vt 0.399072 0.787139
vt 0.395977 0.793228
vt 0.393535 0.799611
vt 0.391619 0.806172
vt 0.390118 0.812843
vt 0.397771 0.826348
vt 0.388920 0.819576
vt 0.424877 0.588214
vt 0.433194 0.587366
vt 0.406784 0.586845
vt 0.388687 0.585477
vt 0.370589 0.584109
vt 0.352492 0.582741
vt 0.323217 0.580527
vt 0.318429 0.575878
vt 0.316296 0.580005
vt 0.298199 0.578637
vt 0.416577 0.589219
vt 0.399520 0.588377
vt 0.382452 0.587536
vt 0.365385 0.586695
vt 0.348318 0.585854
vt 0.334394 0.581373
vt 0.320710 0.584492
vt 0.314183 0.584172
vt 0.297116 0.583331
vt 0.280101 0.577269
vt 0.408311 0.590462
vt 0.392285 0.590116
vt 0.376247 0.589772
vt 0.360208 0.589429
vt 0.344170 0.589085
vt 0.331251 0.585013
vt 0.318225 0.588528
vt 0.312093 0.588398
vt 0.296054 0.588054
vt 0.280049 0.582490
vt 0.400108 0.592071
vt 0.385109 0.592176
vt 0.370094 0.592284
vt 0.355078 0.592392
vt 0.340063 0.592500
vt 0.328131 0.588741
vt 0.315773 0.592672
vt 0.310032 0.592716
vt 0.295016 0.592824
vt 0.280015 0.587710
vt 0.392015 0.594159
vt 0.378030 0.594654
vt 0.364027 0.595154
vt 0.350023 0.595654
vt 0.336019 0.596154
vt 0.325047 0.592608
vt 0.313366 0.596960
vt 0.308011 0.597153
vt 0.294008 0.597653
vt 0.280001 0.592931
vt 0.384161 0.597003
vt 0.371158 0.597795
vt 0.358139 0.598592
vt 0.345119 0.599388
vt 0.332100 0.600186
vt 0.322015 0.596653
vt 0.311039 0.601473
vt 0.306061 0.601779
vt 0.293042 0.602576
vt 0.280004 0.598152
vt 0.376738 0.600820
vt 0.364660 0.601789
vt 0.352573 0.602761
vt 0.340487 0.603733
vt 0.328401 0.604705
vt 0.319081 0.600982
vt 0.308851 0.606277
vt 0.304229 0.606650
vt 0.292143 0.607622
vt 0.280023 0.603373
vt 0.316315 0.605678
vt 0.280057 0.608594
vt 0.169324 0.694192
vt 0.300012 0.717900
vt 0.300012 0.692972
vt 0.706495 0.637929
vt 0.697613 0.651208
vt 0.696113 0.640594
vt 0.719774 0.646812
vt 0.708693 0.649010
vt 0.688190 0.635294
vt 0.687207 0.642823
vt 0.704593 0.628340
vt 0.694774 0.631512
vt 0.717108 0.636430
vt 0.722409 0.628507
vt 0.714880 0.627524
vt 0.729362 0.644910
vt 0.688024 0.653110
vt 0.679958 0.654710
vt 0.675865 0.642167
vt 0.679710 0.642821
vt 0.683739 0.632317
vt 0.773551 0.692087
vt 0.772309 0.697629
vt 0.771398 0.692343
vt 0.718725 0.727259
vt 0.718463 0.721514
vt 0.719520 0.726920
vt 0.689838 0.621279
vt 0.680875 0.630401
vt 0.794846 0.647972
vt 0.788541 0.652819
vt 0.790863 0.647173
vt 0.714882 0.620026
vt 0.702993 0.620275
vt 0.691910 0.624583
vt 0.758672 0.655732
vt 0.766282 0.657532
vt 0.764113 0.660952
vt 0.759433 0.647618
vt 0.761961 0.653406
vt 0.736424 0.630155
vt 0.725386 0.624056
vt 0.727302 0.621191
vt 0.702162 0.616085
vt 0.681033 0.718824
vt 0.674148 0.718194
vt 0.677146 0.715072
vt 0.794846 0.639947
vt 0.790855 0.640757
vt 0.737428 0.643310
vt 0.726191 0.635090
vt 0.733120 0.632227
vt 0.715536 0.616181
vt 0.741617 0.642479
vt 0.769620 0.671803
vt 0.781367 0.673555
vt 0.769235 0.673597
vt 0.688707 0.619471
vt 0.791392 0.667198
vt 0.780988 0.671760
vt 0.715891 0.614079
vt 0.701764 0.614079
vt 0.728539 0.619342
vt 0.792473 0.668682
vt 0.798788 0.659455
vt 0.800330 0.660451
vt 0.759714 0.667752
vt 0.758713 0.669284
vt 0.679026 0.629164
vt 0.752099 0.660377
vt 0.745860 0.650589
vt 0.747613 0.650199
vt 0.673763 0.641812
vt 0.675769 0.655540
vt 0.673763 0.655939
vt 0.750638 0.661438
vt 0.738231 0.629024
vt 0.743624 0.642081
vt 0.804577 0.637994
vt 0.802800 0.649572
vt 0.802801 0.638349
vt 0.804577 0.649955
vt 0.691940 0.706161
vt 0.686319 0.700415
vt 0.691940 0.700290
vt 0.686319 0.711908
vt 0.685891 0.706161
vt 0.691940 0.712032
vt 0.686795 0.716765
vt 0.682868 0.716126
vt 0.680958 0.712893
vt 0.682868 0.696196
vt 0.677146 0.697250
vt 0.681033 0.693498
vt 0.793404 0.679695
vt 0.791917 0.683025
vt 0.792780 0.679179
vt 0.686795 0.695557
vt 0.691940 0.695190
vt 0.674148 0.694128
vt 0.678857 0.690042
vt 0.681377 0.711886
vt 0.680653 0.706161
vt 0.779317 0.663805
vt 0.772206 0.660208
vt 0.778596 0.660305
vt 0.784131 0.657982
vt 0.786702 0.660527
vt 0.691940 0.685881
vt 0.686164 0.691354
vt 0.684867 0.687136
vt 0.691940 0.690690
vt 0.691940 0.726441
vt 0.686164 0.720969
vt 0.691940 0.721632
vt 0.684867 0.725186
vt 0.691940 0.717132
vt 0.769043 0.692617
vt 0.764769 0.697763
vt 0.764340 0.693137
vt 0.769198 0.702682
vt 0.764565 0.702371
vt 0.768207 0.706763
vt 0.764005 0.706327
vt 0.780546 0.711582
vt 0.787833 0.711531
vt 0.781037 0.713657
vt 0.779073 0.683984
vt 0.780932 0.681131
vt 0.780464 0.683246
vt 0.772560 0.685401
vt 0.777172 0.687909
vt 0.767896 0.688474
vt 0.763579 0.689101
vt 0.771537 0.688279
vt 0.773919 0.690937
vt 0.788689 0.714254
vt 0.781643 0.716453
vt 0.774588 0.676410
vt 0.773525 0.681695
vt 0.761559 0.681794
vt 0.767548 0.684780
vt 0.762665 0.685553
vt 0.767566 0.680928
vt 0.767979 0.710328
vt 0.762385 0.713417
vt 0.763280 0.709781
vt 0.772801 0.709609
vt 0.768087 0.713989
vt 0.771753 0.706849
vt 0.681377 0.700436
vt 0.792780 0.697865
vt 0.795596 0.700055
vt 0.795104 0.700752
vt 0.791113 0.688522
vt 0.792523 0.683822
vt 0.791809 0.688522
vt 0.718725 0.715769
vt 0.717551 0.721514
vt 0.791917 0.694019
vt 0.793404 0.697349
vt 0.773640 0.703092
vt 0.771520 0.702886
vt 0.795987 0.676687
vt 0.795104 0.676291
vt 0.795489 0.675981
vt 0.791946 0.655017
vt 0.784558 0.656972
vt 0.773783 0.713152
vt 0.767993 0.719034
vt 0.777246 0.707088
vt 0.774025 0.704209
vt 0.774842 0.718412
vt 0.759824 0.676465
vt 0.761091 0.717938
vt 0.788689 0.680410
vt 0.787862 0.683187
vt 0.767559 0.675538
vt 0.724010 0.690201
vt 0.717946 0.688055
vt 0.723165 0.685881
vt 0.717992 0.711473
vt 0.723695 0.709295
vt 0.722939 0.713570
vt 0.717460 0.694387
vt 0.712057 0.696809
vt 0.714154 0.691862
vt 0.712057 0.702453
vt 0.716619 0.697675
vt 0.716657 0.701553
vt 0.718084 0.705160
vt 0.714185 0.707681
vt 0.720103 0.707888
vt 0.720257 0.691729
vt 0.727747 0.709295
vt 0.728593 0.713616
vt 0.725031 0.695417
vt 0.725879 0.699748
vt 0.720943 0.696492
vt 0.722535 0.704625
vt 0.721511 0.700603
vt 0.726726 0.704080
vt 0.798824 0.648771
vt 0.798828 0.639144
vt 0.770414 0.667794
vt 0.761924 0.664351
vt 0.771185 0.663777
vt 0.755385 0.658054
vt 0.755479 0.648467
vt 0.795365 0.657238
vt 0.789038 0.663863
vt 0.780146 0.667767
vt 0.784553 0.656966
vt 0.771324 0.659577
vt 0.771334 0.659579
vt 0.792581 0.693735
vt 0.791867 0.693503
vt 0.792523 0.693222
vt 0.795987 0.700357
vt 0.795489 0.701062
vt 0.795596 0.676989
vt 0.792581 0.683309
vt 0.791867 0.683541
vt 0.769786 0.697662
vt 0.787239 0.685268
vt 0.779172 0.710871
vt 0.792523 0.711731
vt 0.791113 0.716431
vt 0.791867 0.711450
vt 0.710891 0.660090
vt 0.700278 0.661590
vt 0.721273 0.657425
vt 0.694978 0.669513
vt 0.702506 0.670496
vt 0.712793 0.669679
vt 0.722613 0.666507
vt 0.729196 0.662725
vt 0.730179 0.655196
vt 0.691195 0.662929
vt 0.684266 0.665793
vt 0.692000 0.673964
vt 0.680962 0.667865
vt 0.758408 0.697971
vt 0.756970 0.694516
vt 0.758380 0.694222
vt 0.770952 0.624052
vt 0.766140 0.630218
vt 0.763427 0.627624
vt 0.701850 0.681838
vt 0.690084 0.676828
vt 0.791718 0.632533
vt 0.783973 0.630516
vt 0.786266 0.627131
vt 0.725476 0.673436
vt 0.733647 0.665703
vt 0.714393 0.677745
vt 0.702504 0.677993
vt 0.761661 0.635535
vt 0.755366 0.640476
vt 0.758163 0.633334
vt 0.759378 0.641240
vt 0.741521 0.655852
vt 0.737677 0.655199
vt 0.715224 0.681934
vt 0.727549 0.676741
vt 0.713511 0.721514
vt 0.713774 0.727259
vt 0.712600 0.721514
vt 0.788339 0.634835
vt 0.736512 0.667619
vt 0.758495 0.620845
vt 0.768762 0.614079
vt 0.769167 0.615937
vt 0.701495 0.683940
vt 0.715622 0.683940
vt 0.780883 0.615946
vt 0.728679 0.678548
vt 0.738361 0.668856
vt 0.790898 0.620287
vt 0.781303 0.614107
vt 0.791952 0.618748
vt 0.751130 0.628961
vt 0.757350 0.619340
vt 0.688847 0.678677
vt 0.747353 0.639029
vt 0.679155 0.668996
vt 0.745564 0.638691
vt 0.749538 0.627990
vt 0.743624 0.656208
vt 0.798480 0.627950
vt 0.799986 0.626906
vt 0.697560 0.700415
vt 0.697560 0.711908
vt 0.697085 0.716765
vt 0.709731 0.718194
vt 0.702846 0.718824
vt 0.706733 0.715072
vt 0.701012 0.716126
vt 0.793404 0.707605
vt 0.791917 0.710934
vt 0.792780 0.707088
vt 0.791917 0.721928
vt 0.793404 0.725258
vt 0.792780 0.725774
vt 0.697085 0.695557
vt 0.701012 0.696196
vt 0.706733 0.697250
vt 0.702921 0.699429
vt 0.792523 0.721131
vt 0.791809 0.716431
vt 0.757316 0.701491
vt 0.756920 0.698034
vt 0.777902 0.627509
vt 0.779210 0.624108
vt 0.699012 0.687136
vt 0.697715 0.691354
vt 0.702846 0.693498
vt 0.699012 0.725186
vt 0.697715 0.720969
vt 0.760157 0.693869
vt 0.760436 0.701902
vt 0.760267 0.697902
vt 0.760237 0.705378
vt 0.702503 0.711886
vt 0.750657 0.703411
vt 0.748032 0.698596
vt 0.749666 0.698509
vt 0.751273 0.692644
vt 0.748493 0.692883
vt 0.752624 0.688349
vt 0.755225 0.690019
vt 0.759748 0.690287
vt 0.757128 0.691453
vt 0.754051 0.692933
vt 0.756457 0.693840
vt 0.749170 0.704052
vt 0.745564 0.698744
vt 0.748413 0.685768
vt 0.756319 0.684432
vt 0.758392 0.687293
vt 0.757365 0.711149
vt 0.759123 0.708317
vt 0.755888 0.705881
vt 0.757611 0.704404
vt 0.697988 0.706161
vt 0.795596 0.704899
vt 0.795104 0.704201
vt 0.702503 0.700436
vt 0.702921 0.712893
vt 0.709731 0.694128
vt 0.713774 0.715769
vt 0.795987 0.704596
vt 0.778711 0.628248
vt 0.749846 0.710827
vt 0.753594 0.707748
vt 0.754317 0.702825
vt 0.756848 0.702177
vt 0.753005 0.680340
vt 0.754804 0.715192
vt 0.728818 0.685927
vt 0.737603 0.707635
vt 0.731500 0.707767
vt 0.734297 0.705110
vt 0.737572 0.691815
vt 0.731655 0.691609
vt 0.733765 0.688023
vt 0.739700 0.697043
vt 0.733674 0.694337
vt 0.735139 0.701822
vt 0.739700 0.702688
vt 0.728063 0.690202
vt 0.733811 0.711442
vt 0.729222 0.694871
vt 0.730814 0.703005
vt 0.730246 0.698894
vt 0.795098 0.630238
vt 0.760978 0.624229
vt 0.754656 0.631135
vt 0.751357 0.639744
vt 0.751538 0.649330
vt 0.788572 0.623708
vt 0.780027 0.620037
vt 0.770064 0.620034
vt 0.778711 0.628254
vt 0.765728 0.631284
vt 0.795104 0.728662
vt 0.795987 0.728266
vt 0.795489 0.728972
vt 0.792581 0.711218
vt 0.765721 0.631275
vt 0.758686 0.701676
vt 0.795596 0.727964
vt 0.791867 0.721413
vt 0.792581 0.721644
vt 0.750167 0.693319
vt 0.751758 0.703873
vt 0.680724 0.712255
vt 0.680724 0.700067
vt 0.680871 0.700438
vt 0.772320 0.659694
vt 0.771855 0.659576
vt 0.783785 0.657596
vt 0.774278 0.703314
vt 0.774197 0.691847
vt 0.774347 0.691415
vt 0.779759 0.684237
vt 0.780307 0.683953
vt 0.779839 0.710618
vt 0.676951 0.714527
vt 0.680854 0.711749
vt 0.774518 0.703810
vt 0.777819 0.706762
vt 0.775159 0.697604
vt 0.774217 0.703148
vt 0.774597 0.697609
vt 0.680173 0.706082
vt 0.680854 0.700574
vt 0.676951 0.697796
vt 0.680958 0.699429
vt 0.680667 0.699923
vt 0.774433 0.691336
vt 0.673877 0.694654
vt 0.777771 0.688225
vt 0.772460 0.659704
vt 0.673877 0.717669
vt 0.676719 0.714660
vt 0.777823 0.706770
vt 0.779807 0.710603
vt 0.783673 0.657661
vt 0.787188 0.709491
vt 0.780382 0.710889
vt 0.786973 0.708812
vt 0.703155 0.712255
vt 0.703155 0.700067
vt 0.703008 0.700438
vt 0.766506 0.630613
vt 0.766226 0.631037
vt 0.777744 0.628005
vt 0.756877 0.701536
vt 0.756516 0.694503
vt 0.756336 0.694270
vt 0.751093 0.693168
vt 0.750726 0.693465
vt 0.751520 0.703404
vt 0.706929 0.714527
vt 0.703707 0.706240
vt 0.703025 0.711749
vt 0.756645 0.701793
vt 0.754115 0.702430
vt 0.756555 0.698050
vt 0.756943 0.701440
vt 0.703025 0.700574
vt 0.703226 0.706161
vt 0.706929 0.697796
vt 0.703212 0.699923
vt 0.756275 0.694246
vt 0.710002 0.694654
vt 0.753894 0.693309
vt 0.771759 0.627590
vt 0.766620 0.630540
vt 0.710002 0.717669
vt 0.707161 0.714660
vt 0.754110 0.702432
vt 0.751542 0.703416
vt 0.777612 0.627993
vt 0.751154 0.703196
vt 0.750210 0.698481
vt 0.290148 0.717900
vt 0.306912 0.655577
vt 0.324062 0.138140
vt 0.324952 0.008484
vt 0.428246 0.717900
vt 0.660717 0.717900
vt 0.812365 0.717900
vt 0.395158 0.857743
vt 0.402655 0.867488
vt 0.392747 0.862071
vt 0.270314 0.968004
vt 0.268158 0.958958
vt 0.273997 0.964862
vt 0.383987 0.853547
vt 0.382143 0.858119
vt 0.264121 0.961656
vt 0.263286 0.952276
vt 0.372561 0.850630
vt 0.371230 0.855363
vt 0.258926 0.954454
vt 0.259445 0.945003
vt 0.361069 0.848609
vt 0.360211 0.853456
vt 0.254831 0.946620
vt 0.256670 0.937278
vt 0.349467 0.847408
vt 0.349107 0.852348
vt 0.251874 0.938314
vt 0.254912 0.929322
vt 0.337735 0.847154
vt 0.337890 0.852068
vt 0.250002 0.929742
vt 0.254205 0.921386
vt 0.357343 0.991075
vt 0.362966 0.985013
vt 0.364377 0.989545
vt 0.429823 0.924685
vt 0.425206 0.916601
vt 0.430048 0.916087
vt 0.249343 0.921102
vt 0.254678 0.910282
vt 0.325068 0.992665
vt 0.321128 0.987174
vt 0.325875 0.988020
vt 0.428521 0.933282
vt 0.424894 0.924501
vt 0.249875 0.909196
vt 0.256626 0.899020
vt 0.333644 0.993321
vt 0.328175 0.988215
vt 0.333909 0.988572
vt 0.426131 0.941687
vt 0.423680 0.932502
vt 0.252015 0.897200
vt 0.260292 0.888203
vt 0.422615 0.949733
vt 0.421433 0.940326
vt 0.256014 0.885661
vt 0.266105 0.878346
vt 0.417896 0.957183
vt 0.418132 0.947804
vt 0.262334 0.875141
vt 0.273990 0.870296
vt 0.412150 0.963838
vt 0.413701 0.954718
vt 0.280995 0.860287
vt 0.270839 0.866619
vt 0.405681 0.969731
vt 0.408286 0.960908
vt 0.291983 0.855585
vt 0.283623 0.864455
vt 0.398650 0.974877
vt 0.402165 0.966431
vt 0.303277 0.852160
vt 0.294067 0.860049
vt 0.391233 0.979380
vt 0.395473 0.971269
vt 0.314647 0.849661
vt 0.304858 0.856810
vt 0.385532 0.982235
vt 0.388386 0.975522
vt 0.326104 0.848018
vt 0.315759 0.854433
vt 0.378712 0.985152
vt 0.383007 0.978220
vt 0.326745 0.852864
vt 0.371610 0.987583
vt 0.376584 0.980900
vt 0.342220 0.993217
vt 0.341943 0.988407
vt 0.369860 0.983160
vt 0.327536 0.992927
vt 0.350716 0.992269
vt 0.356234 0.986446
vt 0.320016 0.991812
vt 0.313729 0.985601
vt 0.349927 0.987598
vt 0.312225 0.990121
vt 0.306853 0.983606
vt 0.424095 0.905646
vt 0.428831 0.904325
vt 0.304949 0.987971
vt 0.300259 0.981202
vt 0.421486 0.894646
vt 0.425987 0.892596
vt 0.297939 0.985340
vt 0.294767 0.978727
vt 0.417196 0.884162
vt 0.421302 0.881422
vt 0.292110 0.982703
vt 0.287470 0.974685
vt 0.411059 0.874832
vt 0.414584 0.871522
vt 0.284470 0.978435
vt 0.280501 0.970081
vt 0.405674 0.863578
vt 0.277169 0.973561
vt 0.339843 0.929263
vt 0.277236 0.007501
vt 0.301096 0.007501
vt 0.420396 0.007500
vt 0.396536 0.007500
vt 0.602528 0.007500
vt 0.585107 0.007500
vt 0.498002 0.007500
vt 0.515423 0.007500
vt 0.348816 0.007501
vt 0.372676 0.007501
vt 0.637370 0.007501
vt 0.619949 0.007501
vt 0.532844 0.007500
vt 0.550265 0.007500
vt 0.324956 0.007501
vt 0.334082 0.007501
vt 0.444256 0.007500
vt 0.654791 0.007501
vt 0.672212 0.007501
vt 0.567686 0.007500
vt 0.480581 0.007500
vt 0.468117 0.007500
vt 0.219157 0.902690
vt 0.202147 0.893500
vt 0.211833 0.886186
vt 0.218455 0.927486
vt 0.208570 0.950971
vt 0.207760 0.929321
vt 0.123798 0.909310
vt 0.135703 0.897083
vt 0.135150 0.911692
vt 0.195568 0.880377
vt 0.203156 0.870222
vt 0.219157 0.952480
vt 0.206647 0.970359
vt 0.124838 0.927172
vt 0.136134 0.926952
vt 0.186128 0.869592
vt 0.190726 0.856811
vt 0.196532 0.990945
vt 0.215636 0.976509
vt 0.128710 0.944528
vt 0.139422 0.942249
vt 0.173301 0.863680
vt 0.174058 0.849652
vt 0.171338 0.995391
vt 0.191779 0.980663
vt 0.159112 0.863962
vt 0.156038 0.850283
vt 0.162144 0.981569
vt 0.172939 0.984579
vt 0.140513 0.859806
vt 0.147132 0.871785
vt 0.136064 0.967792
vt 0.155425 0.979332
vt 0.148679 0.988312
vt 0.157204 0.991513
vt 0.129769 0.874444
vt 0.139075 0.883468
vt 0.145694 0.962315
vt 0.208171 0.907613
vt 0.124901 0.891510
vt 0.818290 0.007501
vt 0.800869 0.007501
vt 0.887974 0.007501
vt 0.905395 0.007501
vt 0.150661 0.007500
vt 0.126801 0.007500
vt 0.031360 0.007500
vt 0.007500 0.007500
vt 0.853132 0.007501
vt 0.870553 0.007501
vt 0.198381 0.007500
vt 0.174521 0.007500
vt 0.957658 0.007500
vt 0.940237 0.007501
vt 0.055220 0.007500
vt 0.079080 0.007500
vt 0.835711 0.007501
vt 0.922816 0.007501
vt 0.102941 0.007500
vt 0.975079 0.007500
vt 0.992500 0.007500
vt 0.014888 0.893556
vt 0.032668 0.884571
vt 0.026093 0.898636
vt 0.060924 0.992474
vt 0.041370 0.975800
vt 0.060507 0.980899
vt 0.116145 0.908224
vt 0.104269 0.894235
vt 0.115677 0.889741
vt 0.023020 0.876770
vt 0.041750 0.872315
vt 0.084471 0.987294
vt 0.078897 0.977364
vt 0.113488 0.926453
vt 0.104321 0.909606
vt 0.034356 0.861853
vt 0.053145 0.862877
vt 0.099239 0.967373
vt 0.089982 0.960822
vt 0.108816 0.944032
vt 0.102059 0.925372
vt 0.049068 0.850401
vt 0.066568 0.857595
vt 0.098050 0.940827
vt 0.015250 0.918929
vt 0.026603 0.920705
vt 0.066322 0.844180
vt 0.080911 0.859648
vt 0.025917 0.942955
vt 0.014888 0.944388
vt 0.100639 0.856492
vt 0.084622 0.846606
vt 0.028007 0.962904
vt 0.018413 0.969323
vt 0.111318 0.871640
vt 0.093069 0.867610
vt 0.036090 0.986004
vt 0.101086 0.879667
vt 0.065839 0.914421
vt 0.170544 0.922598
vt 0.185410 0.788952
vt 0.183333 0.791445
vt 0.183333 0.788952
vt 0.185410 0.791445
vt 0.183333 0.793938
vt 0.185410 0.793938
vt 0.183333 0.796431
vt 0.185410 0.796431
vt 0.183333 0.798924
vt 0.185410 0.798924
vt 0.183333 0.801417
vt 0.185410 0.801417
vt 0.183333 0.803910
vt 0.185410 0.803910
vt 0.183333 0.806403
vt 0.185410 0.806403
vt 0.183333 0.808896
vt 0.185410 0.808896
vt 0.183333 0.811389
vt 0.185410 0.811389
vt 0.183333 0.813882
vt 0.185410 0.813882
vt 0.183333 0.816375
vt 0.185410 0.816375
vt 0.183333 0.818868
vt 0.185410 0.818868
vt 0.183333 0.821361
vt 0.185410 0.821361
vt 0.183333 0.823854
vt 0.185410 0.826347
vt 0.183333 0.826347
vt 0.187488 0.791445
vt 0.187488 0.793938
vt 0.187488 0.796431
vt 0.187488 0.798924
vt 0.187488 0.801417
vt 0.187488 0.803910
vt 0.187488 0.806403
vt 0.187488 0.808896
vt 0.187488 0.811389
vt 0.187488 0.813882
vt 0.187488 0.816375
vt 0.187488 0.818868
vt 0.187488 0.821361
vt 0.185410 0.823854
vt 0.187488 0.823854
vt 0.187488 0.788952
vt 0.189566 0.791445
vt 0.189566 0.793938
vt 0.189566 0.796431
vt 0.189566 0.798924
vt 0.189566 0.801417
vt 0.189566 0.803910
vt 0.189566 0.806403
vt 0.189566 0.808896
vt 0.189566 0.811389
vt 0.189566 0.813882
vt 0.189566 0.816375
vt 0.189566 0.818868
vt 0.189566 0.821361
vt 0.189566 0.823854
vt 0.187488 0.826347
vt 0.222805 0.788952
vt 0.220727 0.791445
vt 0.220727 0.788952
vt 0.222805 0.791445
vt 0.220727 0.793938
vt 0.222805 0.796431
vt 0.220727 0.796431
vt 0.222805 0.798924
vt 0.220727 0.798924
vt 0.222805 0.801417
vt 0.220727 0.801417
vt 0.222805 0.803910
vt 0.220727 0.803910
vt 0.222805 0.806403
vt 0.220727 0.806403
vt 0.222805 0.808896
vt 0.220727 0.808896
vt 0.222805 0.811389
vt 0.220727 0.811389
vt 0.222805 0.813882
vt 0.220727 0.813882
vt 0.222805 0.816375
vt 0.220727 0.816375
vt 0.222805 0.818868
vt 0.220727 0.818868
vt 0.222805 0.821361
vt 0.220727 0.821361
vt 0.222805 0.823854
vt 0.220727 0.823854
vt 0.222805 0.826347
vt 0.220727 0.826347
vt 0.224883 0.788952
vt 0.224883 0.791445
vt 0.222805 0.793938
vt 0.224883 0.796431
vt 0.224883 0.798924
vt 0.224883 0.801417
vt 0.224883 0.803910
vt 0.224883 0.806403
vt 0.224883 0.808896
vt 0.224883 0.811389
vt 0.224883 0.813882
vt 0.224883 0.816375
vt 0.224883 0.818868
vt 0.224883 0.821361
vt 0.224883 0.823854
vt 0.224883 0.826347
vt 0.226960 0.788952
vt 0.226960 0.791445
vt 0.224883 0.793938
vt 0.226960 0.796431
vt 0.226960 0.798924
vt 0.226960 0.801417
vt 0.226960 0.803910
vt 0.226960 0.806403
vt 0.226960 0.808896
vt 0.226960 0.811389
vt 0.226960 0.813882
vt 0.226960 0.816375
vt 0.226960 0.818868
vt 0.226960 0.821361
vt 0.226960 0.823854
vt 0.226960 0.826347
vt 0.208262 0.791445
vt 0.206185 0.788952
vt 0.208262 0.788952
vt 0.208262 0.793938
vt 0.206185 0.791445
vt 0.206185 0.796431
vt 0.206185 0.793938
vt 0.208262 0.796431
vt 0.206185 0.798924
vt 0.208262 0.798924
vt 0.206185 0.801417
vt 0.208262 0.801417
vt 0.206185 0.803910
vt 0.208262 0.803910
vt 0.206185 0.806403
vt 0.208262 0.806403
vt 0.206185 0.808896
vt 0.208262 0.808896
vt 0.206185 0.811389
vt 0.208262 0.811389
vt 0.206185 0.813882
vt 0.208262 0.813882
vt 0.206185 0.816375
vt 0.208262 0.816375
vt 0.206185 0.818868
vt 0.208262 0.818868
vt 0.206185 0.821361
vt 0.208262 0.821361
vt 0.206185 0.823854
vt 0.208262 0.823854
vt 0.206185 0.826347
vt 0.204108 0.788952
vt 0.204108 0.791445
vt 0.204108 0.796431
vt 0.204108 0.793938
vt 0.204108 0.798924
vt 0.204108 0.801417
vt 0.204108 0.803910
vt 0.204108 0.806403
vt 0.204108 0.808896
vt 0.204108 0.811389
vt 0.204108 0.813882
vt 0.204108 0.816375
vt 0.204108 0.818868
vt 0.204108 0.821361
vt 0.204108 0.823854
vt 0.204108 0.826347
vt 0.202031 0.788952
vt 0.202031 0.791445
vt 0.202031 0.796431
vt 0.202031 0.793938
vt 0.202031 0.798924
vt 0.202031 0.801417
vt 0.202031 0.803910
vt 0.202031 0.806403
vt 0.202031 0.808896
vt 0.202031 0.811389
vt 0.202031 0.813882
vt 0.202031 0.816375
vt 0.202031 0.818868
vt 0.202031 0.821361
vt 0.202031 0.823854
vt 0.202031 0.826347
vt 0.245657 0.791445
vt 0.243580 0.788952
vt 0.245657 0.788952
vt 0.245657 0.793938
vt 0.243580 0.791445
vt 0.245657 0.796431
vt 0.243580 0.793938
vt 0.245657 0.798924
vt 0.243580 0.796431
vt 0.245657 0.801417
vt 0.243580 0.798924
vt 0.245657 0.803910
vt 0.243580 0.801417
vt 0.245657 0.806403
vt 0.243580 0.803910
vt 0.245657 0.808896
vt 0.243580 0.806403
vt 0.245657 0.811389
vt 0.243580 0.808896
vt 0.245657 0.813882
vt 0.243580 0.811389
vt 0.245657 0.816375
vt 0.243580 0.813882
vt 0.245657 0.818868
vt 0.243580 0.816375
vt 0.245657 0.821361
vt 0.243580 0.818868
vt 0.245657 0.823854
vt 0.243580 0.821361
vt 0.243580 0.826347
vt 0.243580 0.823854
vt 0.241503 0.788952
vt 0.241503 0.791445
vt 0.241503 0.793938
vt 0.241503 0.796431
vt 0.241503 0.798924
vt 0.241503 0.801417
vt 0.241503 0.803910
vt 0.241503 0.806403
vt 0.241503 0.808896
vt 0.241503 0.811389
vt 0.241503 0.813882
vt 0.241503 0.816375
vt 0.241503 0.818868
vt 0.241503 0.821361
vt 0.241503 0.826347
vt 0.241503 0.823854
vt 0.239425 0.791445
vt 0.239425 0.788952
vt 0.239425 0.793938
vt 0.239425 0.796431
vt 0.239425 0.798924
vt 0.239425 0.801417
vt 0.239425 0.803910
vt 0.239425 0.806403
vt 0.239425 0.808896
vt 0.239425 0.811389
vt 0.239425 0.813882
vt 0.239425 0.816375
vt 0.239425 0.818868
vt 0.239425 0.821361
vt 0.239425 0.823854
vt 0.148015 0.788952
vt 0.145938 0.791445
vt 0.145938 0.788952
vt 0.148015 0.793938
vt 0.145938 0.793938
vt 0.145938 0.796431
vt 0.148015 0.796431
vt 0.145938 0.798924
vt 0.148015 0.798924
vt 0.145938 0.801417
vt 0.148015 0.801417
vt 0.145938 0.803910
vt 0.148015 0.803910
vt 0.145938 0.806403
vt 0.148015 0.806403
vt 0.145938 0.808896
vt 0.148015 0.808896
vt 0.145938 0.811389
vt 0.148015 0.811389
vt 0.145938 0.813882
vt 0.148015 0.813882
vt 0.145938 0.816375
vt 0.148015 0.816375
vt 0.145938 0.818868
vt 0.148015 0.818868
vt 0.145938 0.821361
vt 0.148015 0.821361
vt 0.145938 0.823854
vt 0.148015 0.826347
vt 0.145938 0.826347
vt 0.150093 0.788952
vt 0.148015 0.791445
vt 0.150093 0.791445
vt 0.150093 0.793938
vt 0.150093 0.796431
vt 0.150093 0.798924
vt 0.150093 0.801417
vt 0.150093 0.803910
vt 0.150093 0.806403
vt 0.150093 0.808896
vt 0.150093 0.811389
vt 0.150093 0.813882
vt 0.150093 0.816375
vt 0.150093 0.818868
vt 0.150093 0.821361
vt 0.148015 0.823854
vt 0.150093 0.826347
vt 0.152170 0.791445
vt 0.152170 0.793938
vt 0.152170 0.798924
vt 0.152170 0.801417
vt 0.152170 0.803910
vt 0.152170 0.808896
vt 0.152170 0.811389
vt 0.152170 0.813882
vt 0.152170 0.818868
vt 0.152170 0.821361
vt 0.150093 0.823854
vt 0.152170 0.823854
vt 0.170868 0.791445
vt 0.168790 0.788952
vt 0.170868 0.788952
vt 0.168790 0.793938
vt 0.168790 0.791445
vt 0.170868 0.796431
vt 0.170868 0.793938
vt 0.168790 0.798924
vt 0.168790 0.796431
vt 0.170868 0.798924
vt 0.168790 0.801417
vt 0.170868 0.801417
vt 0.168790 0.803910
vt 0.170868 0.803910
vt 0.168790 0.806403
vt 0.170868 0.806403
vt 0.168790 0.808896
vt 0.170868 0.808896
vt 0.168790 0.811389
vt 0.170868 0.811389
vt 0.168790 0.813882
vt 0.170868 0.813882
vt 0.168790 0.816375
vt 0.170868 0.818868
vt 0.170868 0.816375
vt 0.170868 0.821361
vt 0.168790 0.818868
vt 0.170868 0.823854
vt 0.168790 0.821361
vt 0.168790 0.826347
vt 0.168790 0.823854
vt 0.166713 0.788952
vt 0.166713 0.791445
vt 0.166713 0.793938
vt 0.166713 0.798924
vt 0.166713 0.796431
vt 0.166713 0.801417
vt 0.166713 0.803910
vt 0.166713 0.806403
vt 0.166713 0.808896
vt 0.166713 0.811389
vt 0.166713 0.813882
vt 0.166713 0.816375
vt 0.166713 0.821361
vt 0.166713 0.818868
vt 0.166713 0.823854
vt 0.164636 0.791445
vt 0.164636 0.788952
vt 0.164636 0.796431
vt 0.164636 0.793938
vt 0.164636 0.798924
vt 0.164636 0.801417
vt 0.164636 0.803910
vt 0.164636 0.806403
vt 0.164636 0.808896
vt 0.164636 0.811389
vt 0.164636 0.813882
vt 0.164636 0.816375
vt 0.164636 0.821361
vt 0.164636 0.818868
vt 0.164636 0.823854
vt 0.166713 0.826347
vt 0.189566 0.788952
vt 0.226960 0.793938
vt 0.208262 0.826347
vt 0.245657 0.826347
vt 0.152170 0.788952
vt 0.152170 0.796431
vt 0.152170 0.806403
vt 0.152170 0.816375
vt 0.170868 0.826347
vt 0.189566 0.826347
vt 0.239425 0.826347
vt 0.152170 0.826347
vt 0.164636 0.826347
vt 0.263132 0.737728
vt 0.258644 0.742492
vt 0.258708 0.737344
vt 0.263264 0.742757
vt 0.258575 0.748054
vt 0.263280 0.748321
vt 0.258518 0.753647
vt 0.263218 0.753893
vt 0.258472 0.759237
vt 0.263138 0.759466
vt 0.258443 0.764827
vt 0.263070 0.765040
vt 0.258428 0.770422
vt 0.263021 0.770614
vt 0.258454 0.775956
vt 0.262989 0.776187
vt 0.258477 0.781671
vt 0.262973 0.781761
vt 0.258541 0.787205
vt 0.262971 0.787335
vt 0.258604 0.792742
vt 0.263003 0.798482
vt 0.258689 0.798449
vt 0.263034 0.804055
vt 0.258788 0.803987
vt 0.263072 0.809628
vt 0.258889 0.809574
vt 0.263117 0.815201
vt 0.258999 0.815167
vt 0.263165 0.820774
vt 0.259113 0.820762
vt 0.259236 0.826180
vt 0.263216 0.826347
vt 0.259230 0.826329
vt 0.267721 0.738804
vt 0.268084 0.743749
vt 0.268192 0.749237
vt 0.268135 0.754742
vt 0.268027 0.760250
vt 0.267927 0.765758
vt 0.267840 0.771266
vt 0.267766 0.776775
vt 0.267702 0.782283
vt 0.267648 0.787791
vt 0.262982 0.792909
vt 0.267604 0.793300
vt 0.267567 0.798808
vt 0.267536 0.804316
vt 0.267512 0.809824
vt 0.267492 0.815332
vt 0.267534 0.826206
vt 0.263175 0.826227
vt 0.271954 0.740805
vt 0.272594 0.745611
vt 0.272813 0.750965
vt 0.272781 0.756345
vt 0.272664 0.761730
vt 0.272552 0.767114
vt 0.272447 0.772499
vt 0.272351 0.777884
vt 0.272260 0.783269
vt 0.272176 0.788654
vt 0.272098 0.794039
vt 0.272023 0.799424
vt 0.271954 0.804809
vt 0.271888 0.810194
vt 0.271826 0.815578
vt 0.267476 0.820839
vt 0.271663 0.826223
vt 0.267464 0.826347
vt 0.275551 0.743791
vt 0.276496 0.748410
vt 0.276864 0.753569
vt 0.276893 0.758763
vt 0.276806 0.763961
vt 0.276721 0.769160
vt 0.276639 0.774359
vt 0.276560 0.779557
vt 0.276484 0.784756
vt 0.276411 0.789955
vt 0.276340 0.795154
vt 0.276272 0.800353
vt 0.276205 0.805552
vt 0.276140 0.810751
vt 0.276078 0.815950
vt 0.271767 0.820963
vt 0.276041 0.826223
vt 0.271711 0.826347
vt 0.278227 0.747677
vt 0.279033 0.751495
vt 0.277806 0.747129
vt 0.279488 0.752027
vt 0.279585 0.756437
vt 0.280060 0.756936
vt 0.279714 0.761424
vt 0.280206 0.761889
vt 0.279701 0.766419
vt 0.280206 0.766847
vt 0.279690 0.771415
vt 0.280206 0.771806
vt 0.279675 0.776405
vt 0.280206 0.776764
vt 0.279664 0.781402
vt 0.280206 0.781722
vt 0.279653 0.786395
vt 0.280206 0.786681
vt 0.279643 0.791389
vt 0.280206 0.791639
vt 0.279633 0.796382
vt 0.280206 0.796598
vt 0.279623 0.801380
vt 0.280206 0.801556
vt 0.279607 0.806371
vt 0.280206 0.806514
vt 0.279605 0.811366
vt 0.280206 0.811473
vt 0.279592 0.816362
vt 0.280206 0.816431
vt 0.279628 0.821357
vt 0.279499 0.826214
vt 0.280206 0.826348
vt 0.279543 0.826342
vt 0.258644 0.742492
vt 0.263134 0.737728
vt 0.258705 0.737355
vt 0.258576 0.748056
vt 0.258519 0.753648
vt 0.258472 0.759237
vt 0.258443 0.764827
vt 0.258428 0.770422
vt 0.258454 0.775957
vt 0.258477 0.781670
vt 0.258541 0.787205
vt 0.258604 0.792742
vt 0.258689 0.798449
vt 0.258788 0.803988
vt 0.258889 0.809574
vt 0.259002 0.815165
vt 0.259244 0.826186
vt 0.263175 0.826228
vt 0.267721 0.738809
vt 0.267536 0.826204
vt 0.271952 0.740805
vt 0.271660 0.826218
vt 0.275551 0.743789
vt 0.276046 0.826222
vt 0.279029 0.751495
vt 0.278233 0.747689
vt 0.277811 0.747114
vt 0.279583 0.756435
vt 0.279714 0.761424
vt 0.279705 0.766419
vt 0.279688 0.771416
vt 0.279676 0.776403
vt 0.279666 0.781404
vt 0.279651 0.786395
vt 0.279642 0.791389
vt 0.279634 0.796382
vt 0.279624 0.801380
vt 0.279605 0.806372
vt 0.279604 0.811365
vt 0.279590 0.816360
vt 0.279631 0.821357
vt 0.279490 0.826219
vt 0.280184 0.826217
vt 0.258966 0.826214
vt 0.258968 0.826347
vt 0.258967 0.826201
vt 0.258502 0.803976
vt 0.258403 0.798383
vt 0.258127 0.770415
vt 0.258132 0.764821
vt 0.258696 0.736871
vt 0.258411 0.736852
vt 0.258714 0.736874
vt 0.258336 0.742446
vt 0.258409 0.737335
vt 0.258411 0.737321
vt 0.258241 0.787196
vt 0.258184 0.781603
vt 0.258316 0.792790
vt 0.267694 0.738328
vt 0.263121 0.737226
vt 0.271900 0.740346
vt 0.275472 0.743345
vt 0.277706 0.746683
vt 0.277708 0.746699
vt 0.278111 0.747264
vt 0.280206 0.821390
vt 0.258611 0.809569
vt 0.258726 0.815162
vt 0.258846 0.820754
vt 0.279528 0.826344
vt 0.258266 0.748039
vt 0.258206 0.753633
vt 0.258161 0.759227
vt 0.258145 0.776009
vt 0.259241 0.826332
vt 0.275959 0.826347
vt 0.280185 0.826235
vt 0.483548 0.744448
vt 0.493191 0.751755
vt 0.483549 0.754350
vt 0.493197 0.762411
vt 0.483547 0.764635
vt 0.493203 0.773067
vt 0.483545 0.774918
vt 0.493209 0.783723
vt 0.483543 0.785210
vt 0.493215 0.794379
vt 0.483544 0.795489
vt 0.493221 0.805035
vt 0.483545 0.805779
vt 0.493227 0.815691
vt 0.483563 0.816058
vt 0.483502 0.825963
vt 0.493234 0.826347
vt 0.483512 0.826342
vt 0.493246 0.741495
vt 0.503120 0.749088
vt 0.503133 0.760125
vt 0.503145 0.771162
vt 0.503157 0.782199
vt 0.503169 0.793236
vt 0.503181 0.804273
vt 0.503193 0.815310
vt 0.503211 0.825944
vt 0.493245 0.825960
vt 0.503213 0.738455
vt 0.513050 0.746421
vt 0.513068 0.757839
vt 0.513086 0.769257
vt 0.513105 0.780675
vt 0.513123 0.792093
vt 0.513141 0.803511
vt 0.513160 0.814929
vt 0.513182 0.825930
vt 0.503206 0.826347
vt 0.513183 0.735396
vt 0.522979 0.743754
vt 0.523004 0.755553
vt 0.523028 0.767352
vt 0.523052 0.779151
vt 0.523077 0.790950
vt 0.523101 0.802749
vt 0.523126 0.814548
vt 0.523156 0.825916
vt 0.513178 0.826347
vt 0.533130 0.732348
vt 0.523153 0.732357
vt 0.533293 0.743754
vt 0.533269 0.755553
vt 0.533244 0.767352
vt 0.533220 0.779151
vt 0.533195 0.790950
vt 0.533171 0.802749
vt 0.533130 0.825917
vt 0.523150 0.826347
vt 0.543065 0.735410
vt 0.543223 0.746421
vt 0.543204 0.757839
vt 0.543186 0.769257
vt 0.543168 0.780675
vt 0.543149 0.792093
vt 0.543131 0.803511
vt 0.533147 0.814548
vt 0.543090 0.825928
vt 0.533122 0.826347
vt 0.553061 0.738439
vt 0.553152 0.749088
vt 0.553140 0.760125
vt 0.553128 0.771162
vt 0.553115 0.782199
vt 0.553103 0.793236
vt 0.553091 0.804273
vt 0.543113 0.814929
vt 0.553056 0.825945
vt 0.543094 0.826347
vt 0.563030 0.741499
vt 0.563082 0.751755
vt 0.563075 0.762411
vt 0.563069 0.773067
vt 0.563063 0.783723
vt 0.563057 0.794379
vt 0.563051 0.805035
vt 0.553079 0.815310
vt 0.563008 0.825952
vt 0.553067 0.826347
vt 0.573012 0.744547
vt 0.572609 0.754325
vt 0.572619 0.744410
vt 0.573011 0.754422
vt 0.572593 0.764609
vt 0.573011 0.764697
vt 0.572606 0.774900
vt 0.573011 0.774972
vt 0.572605 0.785191
vt 0.573011 0.785247
vt 0.572609 0.795479
vt 0.573011 0.795522
vt 0.572604 0.805761
vt 0.573011 0.805797
vt 0.572579 0.816044
vt 0.573018 0.825978
vt 0.572648 0.826353
vt 0.572664 0.825980
vt 0.675015 0.744593
vt 0.665297 0.751755
vt 0.665246 0.741617
vt 0.675027 0.754374
vt 0.665291 0.762411
vt 0.675018 0.764652
vt 0.665285 0.773067
vt 0.675027 0.774936
vt 0.665279 0.783723
vt 0.675025 0.785219
vt 0.665272 0.794379
vt 0.675025 0.795501
vt 0.665266 0.805035
vt 0.675025 0.805784
vt 0.665260 0.815691
vt 0.675054 0.826341
vt 0.665246 0.825904
vt 0.675062 0.825907
vt 0.655367 0.749088
vt 0.655278 0.738575
vt 0.655355 0.760125
vt 0.655343 0.771162
vt 0.655331 0.782199
vt 0.655318 0.793236
vt 0.655306 0.804273
vt 0.655294 0.815310
vt 0.665254 0.826347
vt 0.655277 0.825887
vt 0.645438 0.746421
vt 0.645299 0.735538
vt 0.645419 0.757839
vt 0.645401 0.769257
vt 0.645383 0.780675
vt 0.645365 0.792093
vt 0.645346 0.803511
vt 0.645328 0.814929
vt 0.655282 0.826347
vt 0.645307 0.825870
vt 0.635508 0.743754
vt 0.635342 0.732485
vt 0.635484 0.755553
vt 0.635459 0.767352
vt 0.635435 0.779151
vt 0.635411 0.790950
vt 0.635386 0.802749
vt 0.635362 0.814548
vt 0.645310 0.826347
vt 0.635332 0.825854
vt 0.625363 0.732490
vt 0.625194 0.743754
vt 0.625218 0.755553
vt 0.625243 0.767352
vt 0.625267 0.779151
vt 0.625292 0.790950
vt 0.625316 0.802749
vt 0.635337 0.826347
vt 0.625358 0.825852
vt 0.615402 0.735531
vt 0.615265 0.746422
vt 0.615283 0.757839
vt 0.615301 0.769257
vt 0.615319 0.780675
vt 0.615338 0.792093
vt 0.625341 0.814548
vt 0.615356 0.803511
vt 0.625365 0.826347
vt 0.615396 0.825870
vt 0.605425 0.738571
vt 0.605335 0.749088
vt 0.605347 0.760125
vt 0.605359 0.771162
vt 0.605372 0.782199
vt 0.605384 0.793236
vt 0.615374 0.814929
vt 0.605396 0.804273
vt 0.615393 0.826347
vt 0.605431 0.825886
vt 0.595453 0.741619
vt 0.595405 0.751755
vt 0.595411 0.762411
vt 0.595418 0.773067
vt 0.595424 0.783723
vt 0.595430 0.794379
vt 0.605408 0.815310
vt 0.595436 0.805035
vt 0.605420 0.826347
vt 0.595480 0.825894
vt 0.585953 0.754303
vt 0.585474 0.744664
vt 0.585942 0.744510
vt 0.585955 0.764595
vt 0.585476 0.754422
vt 0.585955 0.774885
vt 0.585476 0.764697
vt 0.585947 0.785180
vt 0.585476 0.774972
vt 0.585952 0.795470
vt 0.585476 0.785247
vt 0.585952 0.805758
vt 0.585476 0.795522
vt 0.585981 0.816040
vt 0.585476 0.805797
vt 0.585909 0.826355
vt 0.585468 0.825924
vt 0.585893 0.825927
vt 0.483546 0.744456
vt 0.493245 0.741497
vt 0.483549 0.754350
vt 0.483548 0.764635
vt 0.483544 0.774918
vt 0.483543 0.785211
vt 0.483543 0.795488
vt 0.483545 0.805779
vt 0.483518 0.825963
vt 0.493246 0.825959
vt 0.503215 0.738455
vt 0.503211 0.825945
vt 0.513181 0.735395
vt 0.513182 0.825931
vt 0.523155 0.732356
vt 0.523156 0.825916
vt 0.533132 0.732349
vt 0.533130 0.825916
vt 0.543058 0.735411
vt 0.543089 0.825927
vt 0.553062 0.738440
vt 0.553056 0.825945
vt 0.563030 0.741495
vt 0.563007 0.825952
vt 0.572612 0.754327
vt 0.573011 0.744535
vt 0.572613 0.744402
vt 0.572594 0.764612
vt 0.572604 0.774899
vt 0.572604 0.785191
vt 0.572608 0.795479
vt 0.572604 0.805761
vt 0.572579 0.816044
vt 0.572634 0.826354
vt 0.573017 0.825970
vt 0.572652 0.825980
vt 0.675017 0.744599
vt 0.675027 0.754375
vt 0.675018 0.764652
vt 0.675027 0.774936
vt 0.675024 0.785219
vt 0.675025 0.795500
vt 0.675025 0.805784
vt 0.675010 0.816063
vt 0.665245 0.825904
vt 0.675033 0.826341
vt 0.675061 0.825902
vt 0.665246 0.741619
vt 0.655277 0.825887
vt 0.655278 0.738578
vt 0.645307 0.825870
vt 0.645297 0.735538
vt 0.635331 0.825855
vt 0.625363 0.732490
vt 0.635341 0.732484
vt 0.625358 0.825852
vt 0.615404 0.735533
vt 0.615397 0.825869
vt 0.605425 0.738572
vt 0.605432 0.825886
vt 0.595452 0.741617
vt 0.595481 0.825894
vt 0.585476 0.744655
vt 0.585951 0.754304
vt 0.585952 0.744501
vt 0.585954 0.764598
vt 0.585956 0.774884
vt 0.585947 0.785180
vt 0.585952 0.795471
vt 0.585952 0.805757
vt 0.585981 0.816039
vt 0.585469 0.825916
vt 0.585922 0.826355
vt 0.585903 0.825927
vt 0.483533 0.744062
vt 0.483261 0.744147
vt 0.483552 0.744057
vt 0.483261 0.754422
vt 0.483263 0.744544
vt 0.483264 0.744533
vt 0.483261 0.764697
vt 0.483261 0.774972
vt 0.483261 0.785247
vt 0.483261 0.795522
vt 0.483261 0.805797
vt 0.483261 0.816072
vt 0.483531 0.826342
vt 0.483261 0.826347
vt 0.483258 0.825970
vt 0.483257 0.825972
vt 0.503206 0.738021
vt 0.493234 0.741084
vt 0.513178 0.734958
vt 0.523150 0.731895
vt 0.533122 0.731895
vt 0.543094 0.734958
vt 0.553066 0.738021
vt 0.563039 0.741084
vt 0.563039 0.826347
vt 0.572616 0.744017
vt 0.572609 0.744011
vt 0.573011 0.744147
vt 0.573011 0.816072
vt 0.573011 0.826347
vt 0.665254 0.741084
vt 0.675017 0.744083
vt 0.675034 0.744087
vt 0.675221 0.744652
vt 0.675226 0.744147
vt 0.675222 0.744661
vt 0.675226 0.764697
vt 0.675226 0.754422
vt 0.675226 0.774972
vt 0.675226 0.785247
vt 0.675226 0.795522
vt 0.675226 0.805797
vt 0.675226 0.816072
vt 0.675226 0.826347
vt 0.675230 0.825917
vt 0.675227 0.825917
vt 0.655282 0.738021
vt 0.645310 0.734958
vt 0.635337 0.731895
vt 0.625365 0.731895
vt 0.615393 0.734959
vt 0.605420 0.738021
vt 0.595448 0.741084
vt 0.595448 0.826347
vt 0.585476 0.744147
vt 0.585953 0.743991
vt 0.585942 0.743998
vt 0.585476 0.816072
vt 0.585476 0.826347
vt 0.992283 0.008499
vt 0.467924 0.008427
vt 0.595442 0.815691
vt 0.563045 0.815691
vt 0.483564 0.816059
vt 0.675010 0.816063
vt 0.276017 0.821149
vt 0.259113 0.820762
vt 0.194886 0.650357
vt 0.730308 0.483004
vt 0.660716 0.680506
vt 0.428246 0.692972
vt 0.195333 0.694148
vt 0.375501 0.826348
vt 0.450361 0.118683
vt 0.289531 0.655577
vt 0.981711 0.054289
vt 0.964652 0.405479
vt 0.965023 0.437496
vt 0.921805 0.637881
vt 0.812365 0.680506
vt 0.387966 0.826348
vt 0.678857 0.722281
vt 0.781504 0.678287
vt 0.719520 0.716108
vt 0.714568 0.726920
vt 0.705022 0.722281
vt 0.705022 0.690042
vt 0.746966 0.705059
vt 0.746107 0.692126
vt 0.714568 0.716108
vt 0.795489 0.703891
vt 0.735100 0.697944
vt 0.680871 0.711884
vt 0.784064 0.657202
vt 0.774434 0.703734
vt 0.680667 0.712400
vt 0.774137 0.692018
vt 0.777767 0.688232
vt 0.676719 0.697663
vt 0.779727 0.684253
vt 0.778385 0.659807
vt 0.787031 0.685961
vt 0.778588 0.659770
vt 0.703008 0.711884
vt 0.778167 0.628231
vt 0.756710 0.701777
vt 0.703212 0.712400
vt 0.756586 0.694596
vt 0.753900 0.693310
vt 0.707161 0.697663
vt 0.751114 0.693150
vt 0.771778 0.628136
vt 0.771978 0.628090
s 1
usemtl lowr_diff_005_a_whi
f 1/1/1 2/2/2 3/3/3
f 2/2/2 4/4/4 5/5/5
f 5/5/5 6/6/6 7/7/7
f 7/7/7 8/8/8 9/9/9
f 9/9/9 10/10/10 11/11/11
f 11/11/11 12/12/12 13/13/13
f 13/13/13 14/14/14 15/15/15
f 15/15/15 16/16/16 17/17/17
f 18/18/18 19/19/19 1/1/1
f 20/20/20 4/4/4 19/19/19
f 4/4/4 21/21/21 6/6/6
f 6/6/6 22/22/22 8/8/8
f 8/8/8 23/23/23 10/10/10
f 10/10/10 24/24/24 12/12/12
f 12/12/12 25/25/25 14/14/14
f 14/14/14 26/26/26 16/16/16
f 27/27/27 20/20/20 18/18/18
f 28/28/28 29/29/29 20/20/20
f 29/29/29 30/30/30 21/21/21
f 21/21/21 31/31/31 22/22/22
f 22/22/22 32/32/32 23/23/23
f 23/23/23 33/33/33 24/24/24
f 33/33/33 25/25/25 24/24/24
f 25/25/25 34/34/34 26/26/26
f 35/35/35 28/28/28 27/27/27
f 36/36/36 37/37/37 28/28/28
f 37/37/37 38/38/38 30/30/30
f 38/38/38 31/31/31 30/30/30
f 39/39/39 32/32/32 31/31/31
f 32/32/32 40/40/40 33/33/33
f 33/33/33 41/41/41 42/42/42
f 41/41/41 34/34/34 42/42/42
f 43/43/43 36/36/36 35/35/35
f 44/44/44 45/45/45 36/36/36
f 46/46/46 38/38/38 45/45/45
f 47/47/47 39/39/39 38/38/38
f 39/39/39 48/48/48 49/49/49
f 49/49/49 50/50/50 40/40/40
f 40/40/40 51/51/51 41/41/41
f 41/41/41 52/52/52 53/53/53
f 54/54/54 44/44/44 43/43/43
f 55/55/55 46/46/46 44/44/44
f 56/56/56 47/47/47 46/46/46
f 47/47/47 57/57/57 58/58/58
f 58/58/58 59/59/59 48/48/48
f 48/48/48 59/59/59 50/50/50
f 50/50/50 60/60/60 51/51/51
f 51/51/51 61/61/61 52/52/52
f 62/62/62 55/55/55 54/54/54
f 63/63/63 56/56/56 55/55/55
f 64/64/64 65/65/65 56/56/56
f 65/65/65 66/66/66 57/57/57
f 57/57/57 66/66/66 59/59/59
f 59/59/59 67/67/67 68/68/68
f 68/68/68 69/69/69 60/60/60
f 60/60/60 70/70/70 61/61/61
f 71/71/71 63/63/63 62/62/62
f 72/72/72 64/64/64 63/63/63
f 73/73/73 74/74/74 64/64/64
f 74/74/74 75/75/75 66/66/66
f 66/66/66 76/76/76 77/77/77
f 77/77/77 78/78/78 67/67/67
f 67/67/67 79/79/79 69/69/69
f 79/79/79 70/70/70 69/69/69
f 71/71/71 80/80/80 72/72/72
f 80/80/80 73/73/73 72/72/72
f 81/81/81 82/82/82 73/73/73
f 82/82/82 83/83/83 75/75/75
f 75/75/75 84/84/84 76/76/76
f 76/76/76 85/85/85 78/78/78
f 78/78/78 86/86/86 79/79/79
f 79/79/79 87/87/87 88/88/88
f 89/89/89 90/90/90 80/80/80
f 80/80/80 91/91/91 81/81/81
f 81/81/81 92/92/92 93/93/93
f 93/93/93 94/94/94 83/83/83
f 83/83/83 95/95/95 84/84/84
f 84/84/84 96/96/96 85/85/85
f 85/85/85 97/97/97 86/86/86
f 86/86/86 98/98/98 87/87/87
f 99/99/99 100/100/100 90/90/90
f 100/100/100 91/91/91 90/90/90
f 91/91/91 101/101/101 92/92/92
f 92/92/92 102/102/102 94/94/94
f 94/94/94 103/103/103 95/95/95
f 95/95/95 104/104/104 96/96/96
f 96/96/96 105/105/105 97/97/97
f 97/97/97 106/106/106 98/98/98
f 107/107/107 108/108/108 100/100/100
f 100/100/100 109/109/109 110/110/110
f 110/110/110 111/111/111 101/101/101
f 101/101/101 112/112/112 102/102/102
f 102/102/102 113/113/113 103/103/103
f 103/103/103 114/114/114 104/104/104
f 104/104/104 115/115/115 105/105/105
f 105/105/105 116/116/116 106/106/106
f 117/117/117 118/118/118 108/108/108
f 108/108/108 119/119/119 109/109/109
f 109/109/109 120/120/120 111/111/111
f 111/111/111 121/121/121 112/112/112
f 112/112/112 122/122/122 113/113/113
f 113/113/113 123/123/123 114/114/114
f 114/114/114 124/124/124 115/115/115
f 115/115/115 125/125/125 116/116/116
f 126/126/126 127/127/127 118/118/118
f 118/118/118 128/128/128 119/119/119
f 119/119/119 129/129/129 120/120/120
f 120/120/120 130/130/130 121/121/121
f 121/121/121 131/131/131 122/122/122
f 122/122/122 132/132/132 123/123/123
f 123/123/123 133/133/133 124/124/124
f 124/124/124 134/134/134 125/125/125
f 135/135/135 136/136/136 127/127/127
f 127/127/127 137/137/137 128/128/128
f 128/128/128 138/138/138 129/129/129
f 129/129/129 139/139/139 130/130/130
f 130/130/130 140/140/140 131/131/131
f 131/131/131 141/141/141 132/132/132
f 132/132/132 142/142/142 133/133/133
f 133/133/133 143/143/143 134/134/134
f 144/144/144 145/145/145 136/136/136
f 136/136/136 146/146/146 137/137/137
f 137/137/137 147/147/147 138/138/138
f 138/138/138 148/148/148 139/139/139
f 139/139/139 149/149/149 140/140/140
f 140/140/140 150/150/150 141/141/141
f 141/141/141 151/151/151 142/142/142
f 142/142/142 152/152/152 143/143/143
f 153/153/153 154/154/154 145/145/145
f 145/145/145 155/155/155 146/146/146
f 146/146/146 156/156/156 147/147/147
f 147/147/147 157/157/157 148/148/148
f 148/148/148 158/158/158 149/149/149
f 149/149/149 159/159/159 150/150/150
f 150/150/150 160/160/160 151/151/151
f 151/151/151 161/161/161 152/152/152
f 162/162/162 163/163/163 154/154/154
f 154/154/154 164/164/164 155/155/155
f 155/155/155 165/165/165 156/156/156
f 156/156/156 166/166/166 157/157/157
f 157/157/157 167/167/167 158/158/158
f 158/158/158 168/168/168 159/159/159
f 159/159/159 169/169/169 160/160/160
f 160/160/160 170/170/170 161/161/161
f 171/171/171 172/172/172 163/163/163
f 163/163/163 173/173/173 164/164/164
f 164/164/164 174/174/174 165/165/165
f 165/165/165 175/175/175 166/166/166
f 166/166/166 176/176/176 167/167/167
f 167/167/167 177/177/177 168/168/168
f 168/168/168 178/178/178 169/169/169
f 169/169/169 179/179/179 170/170/170
f 180/180/180 181/181/181 172/172/172
f 172/172/172 182/182/182 173/173/173
f 173/173/173 183/183/183 174/174/174
f 174/174/174 184/184/184 175/175/175
f 175/175/175 185/185/185 176/176/176
f 176/176/176 186/186/186 177/177/177
f 177/177/177 187/187/187 178/178/178
f 178/178/178 188/188/188 179/179/179
f 189/189/189 190/190/190 181/181/181
f 181/181/181 191/191/191 182/182/182
f 182/182/182 192/192/192 183/183/183
f 183/183/183 193/193/193 184/184/184
f 184/184/184 194/194/194 185/185/185
f 185/185/185 195/195/195 186/186/186
f 186/186/186 196/196/196 187/187/187
f 187/187/187 197/197/197 188/188/188
f 198/198/198 199/199/199 190/190/190
f 190/190/190 200/200/200 191/191/191
f 191/191/191 201/201/201 192/192/192
f 192/192/192 202/202/202 193/193/193
f 193/193/193 203/203/203 194/194/194
f 194/194/194 204/204/204 195/195/195
f 195/195/195 205/205/205 196/196/196
f 196/196/196 206/206/206 197/197/197
f 207/207/207 208/208/208 199/199/199
f 199/199/199 209/209/209 200/200/200
f 200/200/200 210/210/210 201/201/201
f 201/201/201 211/211/211 202/202/202
f 202/202/202 212/212/212 203/203/203
f 203/203/203 213/213/213 204/204/204
f 204/204/204 214/214/214 205/205/205
f 205/205/205 215/215/215 206/206/206
f 216/216/216 217/217/217 208/208/208
f 208/208/208 218/218/218 209/209/209
f 209/209/209 219/219/219 210/210/210
f 210/210/210 220/220/220 211/211/211
f 211/211/211 221/221/221 212/212/212
f 212/212/212 222/222/222 213/213/213
f 213/213/213 223/223/223 214/214/214
f 214/214/214 224/224/224 215/215/215
f 225/225/225 226/226/226 217/217/217
f 217/217/217 227/227/227 218/218/218
f 218/218/218 228/228/228 219/219/219
f 219/219/219 229/229/229 220/220/220
f 220/220/220 230/230/230 221/221/221
f 221/221/221 231/231/231 222/222/222
f 222/222/222 232/232/232 223/223/223
f 223/223/223 233/233/233 224/224/224
f 234/234/234 235/235/235 226/226/226
f 226/226/226 236/236/236 227/227/227
f 227/227/227 237/237/237 228/228/228
f 228/228/228 238/238/238 229/229/229
f 229/229/229 239/239/239 230/230/230
f 230/230/230 240/240/240 231/231/231
f 231/231/231 241/241/241 232/232/232
f 232/232/232 242/242/242 233/233/233
f 243/243/243 244/244/244 235/235/235
f 235/235/235 245/245/245 236/236/236
f 236/236/236 246/246/246 237/237/237
f 237/237/237 247/247/247 238/238/238
f 238/238/238 248/248/248 239/239/239
f 239/239/239 249/249/249 240/240/240
f 240/240/240 250/250/250 241/241/241
f 241/241/241 251/251/251 242/242/242
f 252/252/252 253/253/253 244/244/244
f 244/244/244 254/254/254 245/245/245
f 245/245/245 255/255/255 246/246/246
f 246/246/246 256/256/256 247/247/247
f 247/247/247 257/257/257 248/248/248
f 248/248/248 258/258/258 249/249/249
f 249/249/249 259/259/259 250/250/250
f 250/250/250 260/260/260 251/251/251
f 261/261/261 262/262/262 253/253/253
f 253/253/253 263/263/263 254/254/254
f 254/254/254 264/264/264 255/255/255
f 255/255/255 265/265/265 256/256/256
f 256/256/256 266/266/266 257/257/257
f 257/257/257 267/267/267 258/258/258
f 258/258/258 268/268/268 259/259/259
f 259/259/259 269/269/269 260/260/260
f 270/270/270 271/271/271 262/262/262
f 262/262/262 272/272/272 263/263/263
f 263/263/263 273/273/273 264/264/264
f 264/264/264 274/274/274 265/265/265
f 265/265/265 275/275/275 266/266/266
f 266/266/266 276/276/276 267/267/267
f 267/267/267 277/277/277 268/268/268
f 268/268/268 278/278/278 269/269/269
f 279/279/279 280/280/280 281/281/281
f 282/282/282 283/283/283 280/280/280
f 284/284/284 285/285/285 283/283/283
f 286/286/286 287/287/287 285/285/285
f 288/288/288 289/289/289 287/287/287
f 290/290/290 291/291/291 289/289/289
f 292/292/292 293/293/293 291/291/291
f 294/294/294 295/295/295 293/293/293
f 296/296/296 282/282/282 279/279/279
f 297/297/297 284/284/284 282/282/282
f 298/298/298 286/286/286 284/284/284
f 299/299/299 288/288/288 286/286/286
f 300/300/300 290/290/290 288/288/288
f 301/301/301 292/292/292 290/290/290
f 302/302/302 294/294/294 292/292/292
f 303/303/303 304/304/304 294/294/294
f 305/305/305 297/297/297 296/296/296
f 306/306/306 298/298/298 297/297/297
f 307/307/307 299/299/299 298/298/298
f 308/308/308 300/300/300 299/299/299
f 309/309/309 301/301/301 300/300/300
f 310/310/310 302/302/302 301/301/301
f 311/311/311 303/303/303 302/302/302
f 312/312/312 313/313/313 303/303/303
f 314/314/314 306/306/306 305/305/305
f 315/315/315 307/307/307 306/306/306
f 316/316/316 308/308/308 307/307/307
f 317/317/317 309/309/309 308/308/308
f 318/318/318 310/310/310 309/309/309
f 319/319/319 311/311/311 310/310/310
f 320/320/320 312/312/312 311/311/311
f 321/321/321 322/322/322 312/312/312
f 323/323/323 315/315/315 314/314/314
f 324/324/324 316/316/316 315/315/315
f 325/325/325 317/317/317 316/316/316
f 326/326/326 318/318/318 317/317/317
f 327/327/327 319/319/319 318/318/318
f 328/328/328 320/320/320 319/319/319
f 329/329/329 321/321/321 320/320/320
f 330/330/330 331/331/331 321/321/321
f 332/332/332 324/324/324 323/323/323
f 333/333/333 325/325/325 324/324/324
f 334/334/334 326/326/326 325/325/325
f 335/335/335 327/327/327 326/326/326
f 336/336/336 328/328/328 327/327/327
f 337/337/337 329/329/329 328/328/328
f 338/338/338 330/330/330 329/329/329
f 339/339/339 340/340/340 330/330/330
f 341/341/341 333/333/333 332/332/332
f 342/342/342 334/334/334 333/333/333
f 343/343/343 335/335/335 334/334/334
f 344/344/344 336/336/336 335/335/335
f 345/345/345 337/337/337 336/336/336
f 346/346/346 338/338/338 337/337/337
f 347/347/347 339/339/339 338/338/338
f 339/339/339 348/348/348 349/349/349
f 350/350/350 342/342/342 341/341/341
f 351/351/351 343/343/343 342/342/342
f 352/352/352 344/344/344 343/343/343
f 353/353/353 345/345/345 344/344/344
f 354/354/354 346/346/346 345/345/345
f 355/355/355 347/347/347 346/346/346
f 356/356/356 357/357/357 347/347/347
f 357/357/357 358/358/358 348/348/348
f 359/359/359 271/271/271 360/360/360
f 361/361/361 272/272/272 271/271/271
f 362/362/362 273/273/273 272/272/272
f 363/363/363 274/274/274 273/273/273
f 364/364/364 275/275/275 274/274/274
f 365/365/365 276/276/276 275/275/275
f 366/366/366 277/277/277 276/276/276
f 277/277/277 367/367/367 278/278/278
f 368/368/368 361/361/361 359/359/359
f 369/369/369 362/362/362 361/361/361
f 370/370/370 363/363/363 362/362/362
f 371/371/371 364/364/364 363/363/363
f 372/372/372 365/365/365 364/364/364
f 373/373/373 366/366/366 365/365/365
f 374/374/374 375/375/375 366/366/366
f 376/376/376 367/367/367 375/375/375
f 377/377/377 369/369/369 368/368/368
f 378/378/378 370/370/370 369/369/369
f 379/379/379 371/371/371 370/370/370
f 380/380/380 372/372/372 371/371/371
f 381/381/381 373/373/373 372/372/372
f 382/382/382 374/374/374 373/373/373
f 383/383/383 376/376/376 374/374/374
f 384/384/384 385/385/385 376/376/376
f 386/386/386 378/378/378 377/377/377
f 387/387/387 379/379/379 378/378/378
f 388/388/388 380/380/380 379/379/379
f 389/389/389 381/381/381 380/380/380
f 390/390/390 382/382/382 381/381/381
f 391/391/391 383/383/383 382/382/382
f 392/392/392 384/384/384 383/383/383
f 393/393/393 394/394/394 384/384/384
f 395/395/395 387/387/387 386/386/386
f 396/396/396 388/388/388 387/387/387
f 397/397/397 389/389/389 388/388/388
f 398/398/398 390/390/390 389/389/389
f 399/399/399 391/391/391 390/390/390
f 400/400/400 392/392/392 391/391/391
f 401/401/401 393/393/393 392/392/392
f 402/402/402 403/403/403 393/393/393
f 404/404/404 396/396/396 395/395/395
f 405/405/405 397/397/397 396/396/396
f 406/406/406 398/398/398 397/397/397
f 407/407/407 399/399/399 398/398/398
f 408/408/408 400/400/400 399/399/399
f 409/409/409 401/401/401 400/400/400
f 410/410/410 402/402/402 401/401/401
f 411/411/411 412/412/412 402/402/402
f 413/413/413 405/405/405 404/404/404
f 414/414/414 406/406/406 405/405/405
f 415/415/415 407/407/407 406/406/406
f 416/416/416 408/408/408 407/407/407
f 417/417/417 409/409/409 408/408/408
f 418/418/418 410/410/410 409/409/409
f 419/419/419 411/411/411 410/410/410
f 420/420/420 421/421/421 411/411/411
f 422/422/422 414/414/414 413/413/413
f 423/423/423 415/415/415 414/414/414
f 424/424/424 416/416/416 415/415/415
f 425/425/425 417/417/417 416/416/416
f 426/426/426 418/418/418 417/417/417
f 427/427/427 419/419/419 418/418/418
f 428/428/428 420/420/420 419/419/419
f 429/429/429 430/430/430 420/420/420
f 431/431/431 423/423/423 422/422/422
f 432/432/432 424/424/424 423/423/423
f 433/433/433 425/425/425 424/424/424
f 434/434/434 426/426/426 425/425/425
f 435/435/435 427/427/427 426/426/426
f 436/436/436 428/428/428 427/427/427
f 437/437/437 429/429/429 428/428/428
f 438/438/438 439/439/439 429/429/429
f 440/440/440 432/432/432 431/431/431
f 441/441/441 433/433/433 432/432/432
f 442/442/442 434/434/434 433/433/433
f 443/443/443 435/435/435 434/434/434
f 444/444/444 436/436/436 435/435/435
f 445/445/445 437/437/437 436/436/436
f 446/446/446 438/438/438 437/437/437
f 447/447/447 448/448/448 438/438/438
f 449/449/449 441/441/441 440/440/440
f 450/450/450 442/442/442 441/441/441
f 451/451/451 443/443/443 442/442/442
f 452/452/452 444/444/444 443/443/443
f 453/453/453 445/445/445 444/444/444
f 454/454/454 446/446/446 445/445/445
f 455/455/455 447/447/447 446/446/446
f 456/456/456 457/457/457 447/447/447
f 458/458/458 459/459/459 460/460/460
f 460/460/460 461/461/461 462/462/462
f 462/462/462 463/463/463 464/464/464
f 464/464/464 465/465/465 466/466/466
f 466/466/466 467/467/467 468/468/468
f 468/468/468 469/469/469 470/470/470
f 470/470/470 471/471/471 472/472/472
f 472/472/472 473/473/473 474/474/474
f 474/474/474 475/475/475 476/476/476
f 476/476/476 477/477/477 478/478/478
f 478/478/478 479/479/479 480/480/480
f 481/481/481 482/482/482 459/459/459
f 459/459/459 483/483/483 461/461/461
f 461/461/461 484/484/484 463/463/463
f 463/463/463 485/485/485 465/465/465
f 465/465/465 486/486/486 467/467/467
f 467/467/467 487/487/487 469/469/469
f 469/469/469 488/488/488 471/471/471
f 471/471/471 489/489/489 473/473/473
f 473/473/473 490/490/490 475/475/475
f 475/475/475 491/491/491 477/477/477
f 477/477/477 492/492/492 479/479/479
f 493/493/493 494/494/494 482/482/482
f 482/482/482 495/495/495 483/483/483
f 483/483/483 496/496/496 484/484/484
f 484/484/484 497/497/497 485/485/485
f 485/485/485 498/498/498 486/486/486
f 486/486/486 499/499/499 487/487/487
f 487/487/487 500/500/500 488/488/488
f 488/488/488 501/501/501 489/489/489
f 489/489/489 502/502/502 490/490/490
f 490/490/490 503/503/503 491/491/491
f 503/503/503 492/492/492 491/491/491
f 504/504/504 505/505/505 494/494/494
f 494/494/494 506/506/506 495/495/495
f 495/495/495 507/507/507 496/496/496
f 496/496/496 508/508/508 497/497/497
f 497/497/497 509/509/509 498/498/498
f 498/498/498 510/510/510 499/499/499
f 499/499/499 511/511/511 500/500/500
f 500/500/500 512/512/512 501/501/501
f 501/501/501 513/513/513 502/502/502
f 502/502/502 514/514/514 503/503/503
f 503/503/503 515/515/515 516/516/516
f 517/517/517 505/505/505 518/518/518
f 519/519/519 506/506/506 505/505/505
f 506/506/506 520/520/520 507/507/507
f 507/507/507 521/521/521 508/508/508
f 508/508/508 522/522/522 509/509/509
f 522/522/522 510/510/510 509/509/509
f 510/510/510 523/523/523 511/511/511
f 511/511/511 524/524/524 512/512/512
f 512/512/512 525/525/525 513/513/513
f 513/513/513 526/526/526 514/514/514
f 514/514/514 527/527/527 515/515/515
f 528/528/528 519/519/519 517/517/517
f 529/529/529 530/530/530 519/519/519
f 530/530/530 531/531/531 520/520/520
f 520/520/520 532/532/532 521/521/521
f 532/532/532 522/522/522 521/521/521
f 533/533/533 534/534/534 522/522/522
f 535/535/535 523/523/523 534/534/534
f 523/523/523 536/536/536 524/524/524
f 524/524/524 537/537/537 525/525/525
f 525/525/525 538/538/538 526/526/526
f 526/526/526 539/539/539 527/527/527
f 540/540/540 529/529/529 528/528/528
f 529/529/529 541/541/541 542/542/542
f 542/542/542 543/543/543 531/531/531
f 531/531/531 544/544/544 532/532/532
f 532/532/532 545/545/545 533/533/533
f 533/533/533 546/546/546 535/535/535
f 535/535/535 547/547/547 548/548/548
f 548/548/548 549/549/549 536/536/536
f 536/536/536 550/550/550 537/537/537
f 537/537/537 551/551/551 538/538/538
f 538/538/538 552/552/552 539/539/539
f 553/553/553 554/554/554 540/540/540
f 554/554/554 555/555/555 541/541/541
f 541/541/541 556/556/556 543/543/543
f 543/543/543 557/557/557 544/544/544
f 544/544/544 558/558/558 545/545/545
f 545/545/545 559/559/559 546/546/546
f 546/546/546 560/560/560 547/547/547
f 547/547/547 561/561/561 549/549/549
f 549/549/549 562/562/562 550/550/550
f 550/550/550 563/563/563 551/551/551
f 551/551/551 564/564/564 552/552/552
f 553/553/553 565/565/565 566/566/566
f 565/565/565 555/555/555 566/566/566
f 555/555/555 567/567/567 556/556/556
f 556/556/556 568/568/568 557/557/557
f 557/557/557 569/569/569 558/558/558
f 558/558/558 570/570/570 559/559/559
f 559/559/559 571/571/571 560/560/560
f 560/560/560 572/572/572 561/561/561
f 561/561/561 573/573/573 562/562/562
f 562/562/562 574/574/574 563/563/563
f 563/563/563 575/575/575 564/564/564
f 576/576/576 577/577/577 565/565/565
f 565/565/565 578/578/578 579/579/579
f 579/579/579 580/580/580 567/567/567
f 567/567/567 581/581/581 568/568/568
f 568/568/568 582/582/582 569/569/569
f 569/569/569 583/583/583 570/570/570
f 570/570/570 584/584/584 571/571/571
f 571/571/571 585/585/585 572/572/572
f 572/572/572 586/586/586 573/573/573
f 573/573/573 587/587/587 574/574/574
f 574/574/574 588/588/588 575/575/575
f 589/589/589 590/590/590 577/577/577
f 577/577/577 591/591/591 578/578/578
f 578/578/578 592/592/592 580/580/580
f 580/580/580 593/593/593 581/581/581
f 581/581/581 594/594/594 582/582/582
f 582/582/582 595/595/595 583/583/583
f 583/583/583 596/596/596 584/584/584
f 584/584/584 597/597/597 585/585/585
f 585/585/585 598/598/598 586/586/586
f 586/586/586 599/599/599 587/587/587
f 587/587/587 600/600/600 588/588/588
f 601/601/601 602/602/602 590/590/590
f 590/590/590 603/603/603 591/591/591
f 591/591/591 604/604/604 592/592/592
f 592/592/592 605/605/605 593/593/593
f 593/593/593 606/606/606 594/594/594
f 594/594/594 607/607/607 595/595/595
f 595/595/595 608/608/608 596/596/596
f 596/596/596 609/609/609 597/597/597
f 597/597/597 610/610/610 598/598/598
f 598/598/598 611/611/611 599/599/599
f 599/599/599 612/612/612 600/600/600
f 613/613/613 614/614/614 602/602/602
f 602/602/602 615/615/615 603/603/603
f 603/603/603 616/616/616 604/604/604
f 604/604/604 617/617/617 605/605/605
f 605/605/605 618/618/618 606/606/606
f 606/606/606 619/619/619 607/607/607
f 607/607/607 620/620/620 608/608/608
f 608/608/608 621/621/621 609/609/609
f 609/609/609 622/622/622 610/610/610
f 610/610/610 623/623/623 611/611/611
f 611/611/611 624/624/624 612/612/612
f 625/625/625 626/626/626 614/614/614
f 614/614/614 627/627/627 615/615/615
f 615/615/615 628/628/628 616/616/616
f 616/616/616 629/629/629 617/617/617
f 617/617/617 630/630/630 618/618/618
f 618/618/618 631/631/631 619/619/619
f 619/619/619 632/632/632 620/620/620
f 620/620/620 633/633/633 621/621/621
f 621/621/621 634/634/634 622/622/622
f 622/622/622 635/635/635 623/623/623
f 623/623/623 636/636/636 624/624/624
f 637/637/637 638/638/638 626/626/626
f 626/626/626 639/639/639 627/627/627
f 627/627/627 640/640/640 628/628/628
f 628/628/628 641/641/641 629/629/629
f 629/629/629 642/642/642 630/630/630
f 630/630/630 643/643/643 631/631/631
f 631/631/631 644/644/644 632/632/632
f 632/632/632 645/645/645 633/633/633
f 633/633/633 646/646/646 634/634/634
f 634/634/634 647/647/647 635/635/635
f 635/635/635 648/648/648 636/636/636
f 649/649/649 650/650/650 638/638/638
f 638/638/638 651/651/651 639/639/639
f 639/639/639 652/652/652 640/640/640
f 640/640/640 653/653/653 641/641/641
f 641/641/641 654/654/654 642/642/642
f 642/642/642 655/655/655 643/643/643
f 643/643/643 656/656/656 644/644/644
f 644/644/644 657/657/657 645/645/645
f 645/645/645 658/658/658 646/646/646
f 646/646/646 659/659/659 647/647/647
f 647/647/647 660/660/660 648/648/648
f 661/661/661 662/662/662 650/650/650
f 650/650/650 663/663/663 651/651/651
f 651/651/651 664/664/664 652/652/652
f 652/652/652 665/665/665 653/653/653
f 653/653/653 666/666/666 654/654/654
f 654/654/654 667/667/667 655/655/655
f 655/655/655 668/668/668 656/656/656
f 656/656/656 669/669/669 657/657/657
f 657/657/657 670/670/670 658/658/658
f 658/658/658 671/671/671 659/659/659
f 659/659/659 672/672/672 660/660/660
f 673/673/673 674/674/674 662/662/662
f 662/662/662 675/675/675 663/663/663
f 663/663/663 676/676/676 664/664/664
f 664/664/664 677/677/677 665/665/665
f 665/665/665 678/678/678 666/666/666
f 666/666/666 679/679/679 667/667/667
f 667/667/667 680/680/680 668/668/668
f 668/668/668 681/681/681 669/669/669
f 669/669/669 682/682/682 670/670/670
f 670/670/670 683/683/683 671/671/671
f 671/671/671 684/684/684 672/672/672
f 685/685/685 686/686/686 674/674/674
f 674/674/674 687/687/687 675/675/675
f 675/675/675 688/688/688 676/676/676
f 676/676/676 689/689/689 677/677/677
f 677/677/677 690/690/690 678/678/678
f 678/678/678 691/691/691 679/679/679
f 679/679/679 692/692/692 680/680/680
f 680/680/680 693/693/693 681/681/681
f 693/693/693 682/682/682 681/681/681
f 682/682/682 694/694/694 683/683/683
f 683/683/683 695/695/695 684/684/684
f 696/696/696 697/697/697 686/686/686
f 686/686/686 698/698/698 687/687/687
f 687/687/687 699/699/699 688/688/688
f 688/688/688 700/700/700 689/689/689
f 689/689/689 701/701/701 690/690/690
f 690/690/690 702/702/702 691/691/691
f 691/691/691 703/703/703 692/692/692
f 692/692/692 704/704/704 693/693/693
f 704/704/704 705/705/705 693/693/693
f 706/706/706 694/694/694 705/705/705
f 707/707/707 695/695/695 694/694/694
f 708/708/708 709/709/709 697/697/697
f 697/697/697 710/710/710 698/698/698
f 698/698/698 711/711/711 699/699/699
f 699/699/699 712/712/712 700/700/700
f 700/700/700 713/713/713 701/701/701
f 701/701/701 714/714/714 702/702/702
f 702/702/702 715/715/715 703/703/703
f 703/703/703 716/716/716 704/704/704
f 704/704/704 717/717/717 706/706/706
f 717/717/717 707/707/707 706/706/706
f 707/707/707 718/718/718 719/719/719
f 720/720/720 721/721/721 709/709/709
f 709/709/709 722/722/722 710/710/710
f 710/710/710 723/723/723 711/711/711
f 711/711/711 724/724/724 712/712/712
f 712/712/712 725/725/725 713/713/713
f 713/713/713 726/726/726 714/714/714
f 726/726/726 715/715/715 714/714/714
f 715/715/715 727/727/727 716/716/716
f 716/716/716 728/728/728 717/717/717
f 728/728/728 729/729/729 717/717/717
f 730/730/730 718/718/718 729/729/729
f 731/731/731 732/732/732 721/721/721
f 721/721/721 733/733/733 722/722/722
f 722/722/722 734/734/734 723/723/723
f 723/723/723 735/735/735 724/724/724
f 724/724/724 736/736/736 725/725/725
f 725/725/725 737/737/737 726/726/726
f 737/737/737 738/738/738 726/726/726
f 739/739/739 727/727/727 738/738/738
f 727/727/727 740/740/740 728/728/728
f 740/740/740 730/730/730 728/728/728
f 741/741/741 742/742/742 730/730/730
f 743/743/743 744/744/744 732/732/732
f 732/732/732 745/745/745 733/733/733
f 733/733/733 746/746/746 734/734/734
f 734/734/734 747/747/747 735/735/735
f 735/735/735 748/748/748 736/736/736
f 736/736/736 749/749/749 737/737/737
f 737/737/737 750/750/750 739/739/739
f 750/750/750 751/751/751 739/739/739
f 752/752/752 740/740/740 751/751/751
f 753/753/753 741/741/741 740/740/740
f 754/754/754 755/755/755 741/741/741
f 756/756/756 757/757/757 744/744/744
f 744/744/744 758/758/758 745/745/745
f 745/745/745 759/759/759 746/746/746
f 746/746/746 760/760/760 747/747/747
f 747/747/747 761/761/761 748/748/748
f 748/748/748 762/762/762 749/749/749
f 749/749/749 763/763/763 750/750/750
f 750/750/750 764/764/764 752/752/752
f 764/764/764 753/753/753 752/752/752
f 765/765/765 754/754/754 753/753/753
f 766/766/766 767/767/767 754/754/754
f 768/768/768 769/769/769 757/757/757
f 757/757/757 770/770/770 758/758/758
f 758/758/758 771/771/771 759/759/759
f 759/759/759 772/772/772 760/760/760
f 760/760/760 773/773/773 761/761/761
f 761/761/761 774/774/774 762/762/762
f 762/762/762 775/775/775 763/763/763
f 763/763/763 776/776/776 764/764/764
f 776/776/776 765/765/765 764/764/764
f 777/777/777 766/766/766 765/765/765
f 778/778/778 779/779/779 766/766/766
f 780/780/780 781/781/781 769/769/769
f 769/769/769 782/782/782 770/770/770
f 770/770/770 783/783/783 771/771/771
f 771/771/771 784/784/784 772/772/772
f 772/772/772 785/785/785 773/773/773
f 773/773/773 786/786/786 774/774/774
f 774/774/774 787/787/787 775/775/775
f 775/775/775 788/788/788 776/776/776
f 776/776/776 789/789/789 777/777/777
f 789/789/789 778/778/778 777/777/777
f 790/790/790 791/791/791 778/778/778
f 792/792/792 793/793/793 781/781/781
f 781/781/781 794/794/794 782/782/782
f 782/782/782 795/795/795 783/783/783
f 783/783/783 796/796/796 784/784/784
f 784/784/784 797/797/797 785/785/785
f 785/785/785 798/798/798 786/786/786
f 786/786/786 799/799/799 787/787/787
f 787/787/787 800/800/800 788/788/788
f 788/788/788 801/801/801 789/789/789
f 789/789/789 802/802/802 790/790/790
f 790/790/790 803/803/803 804/804/804
f 805/805/805 806/806/806 793/793/793
f 793/793/793 807/807/807 794/794/794
f 794/794/794 808/808/808 795/795/795
f 795/795/795 809/809/809 796/796/796
f 796/796/796 810/810/810 797/797/797
f 797/797/797 811/811/811 798/798/798
f 798/798/798 812/812/812 799/799/799
f 799/799/799 813/813/813 800/800/800
f 800/800/800 814/814/814 801/801/801
f 801/801/801 815/815/815 802/802/802
f 802/802/802 816/816/816 803/803/803
f 817/817/817 818/818/818 806/806/806
f 806/806/806 819/819/819 807/807/807
f 807/807/807 820/820/820 808/808/808
f 808/808/808 821/821/821 809/809/809
f 809/809/809 822/822/822 810/810/810
f 810/810/810 823/823/823 811/811/811
f 811/811/811 824/824/824 812/812/812
f 812/812/812 825/825/825 813/813/813
f 813/813/813 826/826/826 814/814/814
f 814/814/814 827/827/827 815/815/815
f 827/827/827 816/816/816 815/815/815
f 828/828/828 829/829/829 830/830/830
f 830/830/830 831/831/831 832/832/832
f 832/832/832 833/833/833 834/834/834
f 834/834/834 835/835/835 836/836/836
f 836/836/836 837/837/837 838/838/838
f 838/838/838 839/839/839 840/840/840
f 840/840/840 841/841/841 842/842/842
f 842/842/842 843/843/843 844/844/844
f 844/844/844 845/845/845 846/846/846
f 846/846/846 847/847/847 848/848/848
f 848/848/848 849/849/849 850/850/850
f 849/849/849 851/851/851 850/850/850
f 852/852/852 853/853/853 851/851/851
f 854/854/854 855/855/855 853/853/853
f 856/856/856 857/857/857 855/855/855
f 858/858/858 859/859/859 857/857/857
f 860/860/860 861/861/861 859/859/859
f 827/827/827 862/862/862 829/829/829
f 829/829/829 863/863/863 831/831/831
f 831/831/831 864/864/864 833/833/833
f 833/833/833 865/865/865 835/835/835
f 835/835/835 866/866/866 837/837/837
f 837/837/837 867/867/867 839/839/839
f 839/839/839 868/868/868 841/841/841
f 841/841/841 869/869/869 843/843/843
f 843/843/843 870/870/870 845/845/845
f 845/845/845 871/871/871 847/847/847
f 871/871/871 849/849/849 847/847/847
f 872/872/872 852/852/852 849/849/849
f 873/873/873 854/854/854 852/852/852
f 874/874/874 856/856/856 854/854/854
f 875/875/875 858/858/858 856/856/856
f 876/876/876 860/860/860 858/858/858
f 877/877/877 878/878/878 860/860/860
f 826/826/826 879/879/879 862/862/862
f 862/862/862 880/880/880 863/863/863
f 863/863/863 881/881/881 864/864/864
f 864/864/864 882/882/882 865/865/865
f 865/865/865 883/883/883 866/866/866
f 866/866/866 884/884/884 867/867/867
f 867/867/867 885/885/885 868/868/868
f 868/868/868 886/886/886 869/869/869
f 869/869/869 887/887/887 870/870/870
f 870/870/870 888/888/888 871/871/871
f 871/871/871 889/889/889 872/872/872
f 889/889/889 873/873/873 872/872/872
f 890/890/890 874/874/874 873/873/873
f 874/874/874 891/891/891 875/875/875
f 875/875/875 892/892/892 876/876/876
f 876/876/876 893/893/893 877/877/877
f 893/893/893 894/894/894 877/877/877
f 825/825/825 895/895/895 879/879/879
f 879/879/879 896/896/896 880/880/880
f 880/880/880 897/897/897 881/881/881
f 881/881/881 898/898/898 882/882/882
f 882/882/882 899/899/899 883/883/883
f 883/883/883 900/900/900 884/884/884
f 884/884/884 901/901/901 885/885/885
f 885/885/885 902/902/902 886/886/886
f 886/886/886 903/903/903 887/887/887
f 887/887/887 904/904/904 888/888/888
f 888/888/888 905/905/905 889/889/889
f 889/889/889 906/906/906 890/890/890
f 890/890/890 907/907/907 908/908/908
f 908/908/908 909/909/909 891/891/891
f 891/891/891 910/910/910 892/892/892
f 892/892/892 911/911/911 893/893/893
f 893/893/893 912/912/912 913/913/913
f 824/824/824 914/914/914 895/895/895
f 895/895/895 915/915/915 896/896/896
f 896/896/896 916/916/916 897/897/897
f 897/897/897 917/917/917 898/898/898
f 898/898/898 918/918/918 899/899/899
f 899/899/899 919/919/919 900/900/900
f 900/900/900 920/920/920 901/901/901
f 901/901/901 921/921/921 902/902/902
f 902/902/902 922/922/922 903/903/903
f 903/903/903 923/923/923 904/904/904
f 904/904/904 924/924/924 905/905/905
f 905/905/905 925/925/925 906/906/906
f 906/906/906 926/926/926 907/907/907
f 907/907/907 927/927/927 909/909/909
f 909/909/909 928/928/928 910/910/910
f 910/910/910 929/929/929 911/911/911
f 911/911/911 930/930/930 912/912/912
f 823/823/823 931/931/931 914/914/914
f 914/914/914 932/932/932 915/915/915
f 915/915/915 933/933/933 916/916/916
f 916/916/916 934/934/934 917/917/917
f 917/917/917 935/935/935 918/918/918
f 918/918/918 936/936/936 919/919/919
f 919/919/919 937/937/937 920/920/920
f 920/920/920 938/938/938 921/921/921
f 921/921/921 939/939/939 922/922/922
f 922/922/922 940/940/940 923/923/923
f 923/923/923 941/941/941 924/924/924
f 924/924/924 942/942/942 925/925/925
f 925/925/925 943/943/943 926/926/926
f 926/926/926 944/944/944 927/927/927
f 927/927/927 945/945/945 928/928/928
f 928/928/928 946/946/946 929/929/929
f 929/929/929 947/947/947 930/930/930
f 822/822/822 948/948/948 931/931/931
f 931/931/931 949/949/949 932/932/932
f 932/932/932 950/950/950 933/933/933
f 933/933/933 951/951/951 934/934/934
f 934/934/934 952/952/952 935/935/935
f 935/935/935 953/953/953 936/936/936
f 936/936/936 954/954/954 937/937/937
f 937/937/937 955/955/955 938/938/938
f 938/938/938 956/956/956 939/939/939
f 939/939/939 957/957/957 940/940/940
f 940/940/940 958/958/958 941/941/941
f 941/941/941 959/959/959 942/942/942
f 942/942/942 960/960/960 943/943/943
f 943/943/943 961/961/961 944/944/944
f 944/944/944 962/962/962 945/945/945
f 945/945/945 963/963/963 946/946/946
f 946/946/946 964/964/964 947/947/947
f 821/821/821 965/965/965 948/948/948
f 948/948/948 966/966/966 949/949/949
f 949/949/949 967/967/967 950/950/950
f 950/950/950 968/968/968 951/951/951
f 951/951/951 969/969/969 952/952/952
f 952/952/952 970/970/970 953/953/953
f 953/953/953 971/971/971 954/954/954
f 954/954/954 972/972/972 955/955/955
f 955/955/955 973/973/973 956/956/956
f 956/956/956 974/974/974 957/957/957
f 957/957/957 975/975/975 958/958/958
f 958/958/958 976/976/976 959/959/959
f 959/959/959 977/977/977 960/960/960
f 960/960/960 978/978/978 961/961/961
f 961/961/961 979/979/979 962/962/962
f 962/962/962 980/980/980 963/963/963
f 963/963/963 981/981/981 964/964/964
f 820/820/820 982/982/982 965/965/965
f 965/965/965 983/983/983 966/966/966
f 966/966/966 984/984/984 967/967/967
f 967/967/967 985/985/985 968/968/968
f 968/968/968 986/986/986 969/969/969
f 969/969/969 987/987/987 970/970/970
f 970/970/970 988/988/988 971/971/971
f 971/971/971 989/989/989 972/972/972
f 972/972/972 990/990/990 973/973/973
f 973/973/973 991/991/991 974/974/974
f 974/974/974 992/992/992 975/975/975
f 975/975/975 993/993/993 976/976/976
f 976/976/976 994/994/994 977/977/977
f 977/977/977 995/995/995 978/978/978
f 978/978/978 996/996/996 979/979/979
f 979/979/979 997/997/997 980/980/980
f 980/980/980 998/998/998 981/981/981
f 819/819/819 999/999/999 982/982/982
f 982/982/982 1000/1000/1000 983/983/983
f 983/983/983 1001/1001/1001 984/984/984
f 984/984/984 1002/1002/1002 985/985/985
f 985/985/985 1003/1003/1003 986/986/986
f 986/986/986 1004/1004/1004 987/987/987
f 987/987/987 1005/1005/1005 988/988/988
f 988/988/988 1006/1006/1006 989/989/989
f 989/989/989 1007/1007/1007 990/990/990
f 990/990/990 1008/1008/1008 991/991/991
f 991/991/991 1009/1009/1009 992/992/992
f 992/992/992 1010/1010/1010 993/993/993
f 993/993/993 1011/1011/1011 994/994/994
f 994/994/994 1012/1012/1012 995/995/995
f 995/995/995 1013/1013/1013 996/996/996
f 996/996/996 1014/1014/1014 997/997/997
f 997/997/997 1015/1015/1015 998/998/998
f 818/818/818 1016/1016/1016 999/999/999
f 999/999/999 1017/1017/1017 1000/1000/1000
f 1000/1000/1000 1018/1018/1018 1001/1001/1001
f 1001/1001/1001 1019/1019/1019 1002/1002/1002
f 1002/1002/1002 1020/1020/1020 1003/1003/1003
f 1003/1003/1003 1021/1021/1021 1004/1004/1004
f 1004/1004/1004 1022/1022/1022 1005/1005/1005
f 1005/1005/1005 1023/1023/1023 1006/1006/1006
f 1006/1006/1006 1024/1024/1024 1007/1007/1007
f 1007/1007/1007 1025/1025/1025 1008/1008/1008
f 1008/1008/1008 1026/1026/1026 1009/1009/1009
f 1009/1009/1009 1027/1027/1027 1010/1010/1010
f 1010/1010/1010 1028/1028/1028 1011/1011/1011
f 1011/1011/1011 1029/1029/1029 1012/1012/1012
f 1012/1012/1012 1030/1030/1030 1013/1013/1013
f 1013/1013/1013 1031/1031/1031 1014/1014/1014
f 1014/1014/1014 1032/1032/1032 1015/1015/1015
f 1033/1033/878 1034/1034/1033 1035/1035/861
f 1036/1036/1034 1037/1037/1035 1034/1034/1033
f 1038/1038/894 1036/1036/1034 1033/1033/878
f 1039/1039/1036 1040/1040/1037 1036/1036/1034
f 1041/1041/913 1039/1039/1036 1038/1038/894
f 1042/1042/1038 1043/1043/1039 1039/1039/1036
f 1044/1044/1040 1042/1042/1038 1041/1041/913
f 1045/1045/1041 1046/1046/1042 1042/1042/1038
f 1047/1047/930 1045/1045/1041 1044/1044/1040
f 1048/1048/1043 1049/1049/1044 1045/1045/1041
f 1050/1050/947 1048/1048/1043 1047/1047/930
f 1051/1051/1045 1052/1052/1046 1048/1048/1043
f 1053/1053/1047 1051/1051/1045 1050/1050/947
f 1054/1054/1048 1055/1055/1049 1051/1051/1045
f 1056/1056/1050 1054/1054/1048 1053/1053/1047
f 1057/1057/1051 1058/1058/1052 1054/1054/1048
f 1059/1059/1053 1057/1057/1051 1056/1056/1050
f 1060/1060/1054 1061/1061/1055 1057/1057/1051
f 1062/1062/1015 1060/1060/1054 1059/1059/1053
f 1063/1063/1056 1064/1064/1057 1060/1060/1054
f 1065/1065/1058 1063/1063/1056 1062/1062/1015
f 1066/1066/1059 1067/1067/1060 1063/1063/1056
f 1068/1068/1037 1069/1069/1061 1070/1070/1062
f 1071/1071/1063 1072/1072/1064 1069/1069/1061
f 1073/1073/1065 1074/1074/1066 1072/1072/1064
f 1075/1075/1039 1071/1071/1063 1068/1068/1037
f 1076/1076/1067 1073/1073/1065 1071/1071/1063
f 1077/1077/1068 1078/1078/1069 1073/1073/1065
f 1079/1079/1070 1076/1076/1067 1075/1075/1039
f 1080/1080/1071 1077/1077/1068 1076/1076/1067
f 1081/1081/1072 1082/1082/1073 1077/1077/1068
f 1083/1083/1044 1080/1080/1071 1079/1079/1070
f 1084/1084/1074 1081/1081/1072 1080/1080/1071
f 1085/1085/1075 1086/1086/1076 1081/1081/1072
f 1087/1087/1077 1084/1084/1074 1083/1083/1044
f 1088/1088/1078 1085/1085/1075 1084/1084/1074
f 1089/1089/1079 1090/1090/1080 1085/1085/1075
f 1091/1091/1049 1088/1088/1078 1087/1087/1077
f 1092/1092/1081 1089/1089/1079 1088/1088/1078
f 1093/1093/1082 1094/1094/1083 1089/1089/1079
f 1095/1095/1084 1092/1092/1081 1091/1091/1049
f 1096/1096/1085 1093/1093/1082 1092/1092/1081
f 1097/1097/1086 1098/1098/1087 1093/1093/1082
f 1099/1099/1055 1096/1096/1085 1095/1095/1084
f 1100/1100/1088 1097/1097/1086 1096/1096/1085
f 1101/1101/1089 1102/1102/1090 1097/1097/1086
f 1103/1103/1057 1100/1100/1088 1099/1099/1055
f 1104/1104/1091 1101/1101/1089 1100/1100/1088
f 1105/1105/1092 1106/1106/1093 1101/1101/1089
f 1107/1107/1060 1104/1104/1091 1103/1103/1057
f 1108/1108/1094 1105/1105/1092 1104/1104/1091
f 1109/1109/1095 1110/1110/1096 1105/1105/1092
f 1111/1111/1097 1108/1108/1094 1107/1107/1060
f 1112/1112/1098 1109/1109/1095 1108/1108/1094
f 1113/1113/1099 1114/1114/1100 1109/1109/1095
f 1115/1115/1101 1116/1116/1102 1117/1117/1103
f 1118/1118/1104 1119/1119/1105 1116/1116/1102
f 1120/1120/1106 1121/1121/1107 1119/1119/1105
f 1122/1122/1108 1123/1123/1109 1124/1124/1110
f 1123/1123/1109 1125/1125/1111 1124/1124/1110
f 1126/1126/1112 1127/1127/1113 1125/1125/1111
f 1128/1128/1114 1129/1129/1115 1130/1130/1116
f 1129/1129/1115 1131/1131/1117 1130/1130/1116
f 1132/1132/1118 1133/1133/1119 1131/1131/1117
f 1134/1134/1120 1129/1129/1115 1135/1135/1121
f 1136/1136/1122 1132/1132/1118 1129/1129/1115
f 1137/1137/1123 1138/1138/1124 1132/1132/1118
f 1134/1134/1120 1139/1139/1125 1136/1136/1122
f 1139/1139/1125 1137/1137/1123 1136/1136/1122
f 1140/1140/1126 1141/1141/1127 1137/1137/1123
f 1142/1142/1128 1143/1143/1129 1139/1139/1125
f 1143/1143/1129 1140/1140/1126 1139/1139/1125
f 1144/1144/1130 1145/1145/1131 1140/1140/1126
f 1146/1146/1132 1147/1147/1133 1143/1143/1129
f 1147/1147/1133 1144/1144/1130 1143/1143/1129
f 1148/1148/1134 1149/1149/1135 1144/1144/1130
f 1150/1150/1136 1151/1151/1137 1147/1147/1133
f 1151/1151/1137 1148/1148/1134 1147/1147/1133
f 1152/1152/1138 1153/1153/1139 1148/1148/1134
f 1154/1154/1140 1155/1155/1141 1151/1151/1137
f 1155/1155/1141 1152/1152/1138 1151/1151/1137
f 1156/1156/1142 1157/1157/1143 1152/1152/1138
f 1158/1158/1144 1159/1159/1145 1155/1155/1141
f 1159/1159/1145 1156/1156/1142 1155/1155/1141
f 1160/1160/1146 1161/1161/1147 1156/1156/1142
f 1162/1162/1148 1163/1163/1149 1159/1159/1145
f 1163/1163/1149 1160/1160/1146 1159/1159/1145
f 1164/1164/1150 1165/1165/1151 1160/1160/1146
f 1166/1166/1152 1167/1167/1153 1163/1163/1149
f 1167/1167/1153 1164/1164/1150 1163/1163/1149
f 1168/1168/1154 1169/1169/1155 1164/1164/1150
f 1170/1170/1156 1171/1171/1157 1167/1167/1153
f 1167/1167/1153 1172/1172/1158 1168/1168/1154
f 1172/1172/1158 1173/1173/1159 1168/1168/1154
f 1174/1174/1160 1175/1175/1161 1171/1171/1157
f 1171/1171/1157 1176/1176/1162 1172/1172/1158
f 1176/1176/1162 1177/1177/1163 1172/1172/1158
f 1178/1178/1164 1179/1179/1165 1175/1175/1161
f 1175/1175/1161 1180/1180/1166 1176/1176/1162
f 1180/1180/1166 1181/1181/1167 1176/1176/1162
f 1182/1182/1168 1183/1183/1169 1184/1184/1170
f 1185/1185/1171 1186/1186/1172 1183/1183/1169
f 1186/1186/1172 1187/1187/1173 1188/1188/1174
f 1189/1189/1175 1185/1185/1171 1182/1182/1168
f 1190/1190/1176 1191/1191/1177 1185/1185/1171
f 1191/1191/1177 1192/1192/1178 1187/1187/1173
f 1193/1193/1179 1190/1190/1176 1189/1189/1175
f 1194/1194/1180 1195/1195/1181 1190/1190/1176
f 1195/1195/1181 1196/1196/1182 1192/1192/1178
f 1197/1197/1183 1194/1194/1180 1193/1193/1179
f 1198/1198/1184 1199/1199/1185 1194/1194/1180
f 1199/1199/1185 1200/1200/1186 1196/1196/1182
f 1201/1201/1187 1198/1198/1184 1197/1197/1183
f 1198/1198/1184 1202/1202/1188 1203/1203/1189
f 1203/1203/1189 1204/1204/1190 1200/1200/1186
f 1205/1205/1191 1206/1206/1192 1201/1201/1187
f 1206/1206/1192 1207/1207/1193 1202/1202/1188
f 1202/1202/1188 1208/1208/1194 1204/1204/1190
f 1209/1209/1195 1210/1210/1196 1205/1205/1191
f 1210/1210/1196 1211/1211/1197 1207/1207/1193
f 1207/1207/1193 1212/1212/1198 1208/1208/1194
f 1213/1213/295 1214/1214/1199 1209/1209/1195
f 1214/1214/1199 1215/1215/1200 1211/1211/1197
f 1211/1211/1197 1216/1216/1201 1212/1212/1198
f 1217/1217/1202 1218/1218/1203 1213/1213/295
f 1218/1218/1203 1219/1219/1204 1215/1215/1200
f 1215/1215/1200 1220/1220/1205 1216/1216/1201
f 1221/1221/313 1222/1222/1206 1217/1217/1202
f 1222/1222/1206 1223/1223/1207 1219/1219/1204
f 1219/1219/1204 1224/1224/1208 1220/1220/1205
f 1225/1225/1209 1226/1226/1210 1221/1221/313
f 1226/1226/1210 1227/1227/1211 1223/1223/1207
f 1227/1227/1211 1224/1224/1208 1223/1223/1207
f 1225/1225/1209 1228/1228/1212 1229/1229/1213
f 1229/1229/1213 1230/1230/1214 1227/1227/1211
f 1230/1230/1214 1231/1231/1215 1227/1227/1211
f 1232/1232/331 1233/1233/1216 1228/1228/1212
f 1228/1228/1212 1234/1234/1217 1230/1230/1214
f 1230/1230/1214 1235/1235/1218 1236/1236/1219
f 1237/1237/1220 1238/1238/1221 1239/1239/1222
f 1239/1239/1222 1240/1240/1223 1241/1241/1224
f 1241/1241/1224 1242/1242/1225 1243/1243/1226
f 1244/1244/348 1245/1245/1227 1238/1238/1221
f 1238/1238/1221 1246/1246/1105 1240/1240/1223
f 1240/1240/1223 1247/1247/1228 1242/1242/1225
f 1248/1248/1229 1249/1249/1230 1250/1250/1231
f 1251/1251/1232 1252/1252/1233 1249/1249/1230
f 1253/1253/1234 1254/1254/1235 1252/1252/1233
f 1255/1255/1236 1256/1256/1237 1254/1254/1235
f 1257/1257/1238 1258/1258/1239 1256/1256/1237
f 1259/1259/1240 1260/1260/1241 1258/1258/1239
f 1261/1261/1242 1262/1262/1243 1260/1260/1241
f 1263/1263/1244 1264/1264/1245 1262/1262/1243
f 1265/1265/1246 1251/1251/1232 1248/1248/1229
f 1266/1266/1247 1253/1253/1234 1251/1251/1232
f 1267/1267/1248 1255/1255/1236 1253/1253/1234
f 1268/1268/1249 1257/1257/1238 1255/1255/1236
f 1269/1269/1250 1259/1259/1240 1257/1257/1238
f 1270/1270/1251 1261/1261/1242 1259/1259/1240
f 1271/1271/1252 1263/1263/1244 1261/1261/1242
f 1272/1272/1253 1273/1273/1254 1263/1263/1244
f 1274/1274/1255 1266/1266/1247 1265/1265/1246
f 1275/1275/1256 1267/1267/1248 1266/1266/1247
f 1276/1276/1257 1268/1268/1249 1267/1267/1248
f 1277/1277/1258 1269/1269/1250 1268/1268/1249
f 1278/1278/1259 1270/1270/1251 1269/1269/1250
f 1279/1279/1260 1271/1271/1252 1270/1270/1251
f 1280/1280/1261 1272/1272/1253 1271/1271/1252
f 1281/1281/1262 1282/1282/1175 1272/1272/1253
f 1283/1283/1263 1275/1275/1256 1274/1274/1255
f 1284/1284/1264 1276/1276/1257 1275/1275/1256
f 1285/1285/1265 1277/1277/1258 1276/1276/1257
f 1286/1286/1266 1278/1278/1259 1277/1277/1258
f 1287/1287/1267 1279/1279/1260 1278/1278/1259
f 1288/1288/1268 1280/1280/1261 1279/1279/1260
f 1289/1289/1269 1281/1281/1262 1280/1280/1261
f 1290/1290/1270 1291/1291/1271 1281/1281/1262
f 1292/1292/1272 1284/1284/1264 1283/1283/1263
f 1293/1293/1273 1285/1285/1265 1284/1284/1264
f 1294/1294/1274 1286/1286/1266 1285/1285/1265
f 1295/1295/1275 1287/1287/1267 1286/1286/1266
f 1296/1296/1276 1288/1288/1268 1287/1287/1267
f 1297/1297/1277 1289/1289/1269 1288/1288/1268
f 1298/1298/1278 1290/1290/1270 1289/1289/1269
f 1299/1299/1279 1300/1300/1280 1290/1290/1270
f 1301/1301/1281 1293/1293/1273 1292/1292/1272
f 1302/1302/1282 1294/1294/1274 1293/1293/1273
f 1303/1303/1283 1295/1295/1275 1294/1294/1274
f 1304/1304/1284 1296/1296/1276 1295/1295/1275
f 1305/1305/1285 1297/1297/1277 1296/1296/1276
f 1306/1306/1286 1298/1298/1278 1297/1297/1277
f 1307/1307/1287 1299/1299/1279 1298/1298/1278
f 1308/1308/1288 1309/1309/1289 1299/1299/1279
f 1310/1310/1290 1302/1302/1282 1301/1301/1281
f 1311/1311/1291 1303/1303/1283 1302/1302/1282
f 1312/1312/1292 1304/1304/1284 1303/1303/1283
f 1313/1313/1293 1305/1305/1285 1304/1304/1284
f 1314/1314/1294 1306/1306/1286 1305/1305/1285
f 1315/1315/1295 1307/1307/1287 1306/1306/1286
f 1316/1316/1296 1308/1308/1288 1307/1307/1287
f 1317/1317/1297 1318/1318/1298 1308/1308/1288
f 1319/1319/1299 1311/1311/1291 1310/1310/1290
f 1320/1320/1300 1312/1312/1292 1311/1311/1291
f 1321/1321/1301 1313/1313/1293 1312/1312/1292
f 1322/1322/1302 1314/1314/1294 1313/1313/1293
f 1323/1323/1303 1315/1315/1295 1314/1314/1294
f 1324/1324/1304 1316/1316/1296 1315/1315/1295
f 1325/1325/1305 1317/1317/1297 1316/1316/1296
f 1326/1326/1306 1327/1327/1195 1317/1317/1297
f 456/456/456 1328/1328/1229 1329/1329/1231
f 455/455/455 1330/1330/1307 456/456/456
f 454/454/454 1331/1331/1308 455/455/455
f 453/453/453 1332/1332/1309 454/454/454
f 452/452/452 1333/1333/1310 453/453/453
f 451/451/451 1334/1334/1311 452/452/452
f 450/450/450 1335/1335/1312 451/451/451
f 449/449/449 1336/1336/1313 450/450/450
f 1330/1330/1307 1337/1337/1314 1328/1328/1229
f 1331/1331/1308 1338/1338/1315 1330/1330/1307
f 1332/1332/1309 1339/1339/1316 1331/1331/1308
f 1333/1333/1310 1340/1340/1317 1332/1332/1309
f 1334/1334/1311 1341/1341/1318 1333/1333/1310
f 1335/1335/1312 1342/1342/1319 1334/1334/1311
f 1336/1336/1313 1343/1343/1320 1335/1335/1312
f 1344/1344/1321 1345/1345/1322 1336/1336/1313
f 1338/1338/1315 1346/1346/1323 1337/1337/1314
f 1339/1339/1316 1347/1347/1324 1338/1338/1315
f 1340/1340/1317 1348/1348/1325 1339/1339/1316
f 1341/1341/1318 1349/1349/1326 1340/1340/1317
f 1342/1342/1319 1350/1350/1327 1341/1341/1318
f 1343/1343/1320 1351/1351/1328 1342/1342/1319
f 1345/1345/1322 1352/1352/1329 1343/1343/1320
f 1353/1353/1330 1354/1354/1331 1345/1345/1322
f 1347/1347/1324 1355/1355/1332 1346/1346/1323
f 1348/1348/1325 1356/1356/1333 1347/1347/1324
f 1349/1349/1326 1357/1357/1334 1348/1348/1325
f 1350/1350/1327 1358/1358/1335 1349/1349/1326
f 1351/1351/1328 1359/1359/1336 1350/1350/1327
f 1352/1352/1329 1360/1360/1337 1351/1351/1328
f 1354/1354/1331 1361/1361/1338 1352/1352/1329
f 1362/1362/1339 1363/1363/1340 1354/1354/1331
f 1356/1356/1333 1364/1364/1341 1355/1355/1332
f 1357/1357/1334 1365/1365/1342 1356/1356/1333
f 1358/1358/1335 1366/1366/1343 1357/1357/1334
f 1359/1359/1336 1367/1367/1344 1358/1358/1335
f 1360/1360/1337 1368/1368/1345 1359/1359/1336
f 1361/1361/1338 1369/1369/1346 1360/1360/1337
f 1363/1363/1340 1370/1370/1347 1361/1361/1338
f 1371/1371/1348 1372/1372/1349 1363/1363/1340
f 1365/1365/1342 1373/1373/1350 1364/1364/1341
f 1366/1366/1343 1374/1374/1351 1365/1365/1342
f 1367/1367/1344 1375/1375/1352 1366/1366/1343
f 1368/1368/1345 1376/1376/1353 1367/1367/1344
f 1369/1369/1346 1377/1377/1354 1368/1368/1345
f 1370/1370/1347 1378/1378/1355 1369/1369/1346
f 1372/1372/1349 1379/1379/1356 1370/1370/1347
f 1380/1380/1357 1381/1381/1358 1372/1372/1349
f 1374/1374/1351 1382/1382/1290 1373/1373/1350
f 1375/1375/1352 1383/1383/1359 1374/1374/1351
f 1376/1376/1353 1384/1384/1360 1375/1375/1352
f 1377/1377/1354 1385/1385/1361 1376/1376/1353
f 1378/1378/1355 1386/1386/1362 1377/1377/1354
f 1379/1379/1356 1387/1387/1363 1378/1378/1355
f 1381/1381/1358 1388/1388/1364 1379/1379/1356
f 1389/1389/1365 1390/1390/1366 1381/1381/1358
f 1383/1383/1359 281/281/281 1382/1382/1290
f 1384/1384/1360 279/279/279 1383/1383/1359
f 1385/1385/1361 296/296/296 1384/1384/1360
f 1386/1386/1362 305/305/305 1385/1385/1361
f 1387/1387/1363 314/314/314 1386/1386/1362
f 1388/1388/1364 323/323/323 1387/1387/1363
f 1390/1390/1366 332/332/332 1388/1388/1364
f 1391/1391/1367 341/341/341 1390/1390/1366
f 1392/1392/1368 1393/1393/481 1394/1394/458
f 1392/1392/1368 1395/1395/1369 1396/1396/1370
f 1397/1397/1371 1398/1398/1372 1399/1399/1373
f 1400/1400/1374 1401/1401/1375 1398/1398/1372
f 1402/1402/1376 1403/1403/1377 1401/1401/1375
f 1404/1404/1378 1405/1405/1379 1403/1403/1377
f 1406/1406/1380 1407/1407/1381 1405/1405/1379
f 1408/1408/1382 1409/1409/479 1407/1407/1381
f 1393/1393/481 1410/1410/1383 1411/1411/1384
f 1395/1395/1369 1410/1410/1383 1396/1396/1370
f 1399/1399/1373 1412/1412/1385 1413/1413/1386
f 1398/1398/1372 1414/1414/1387 1412/1412/1385
f 1401/1401/1375 1415/1415/1388 1414/1414/1387
f 1403/1403/1377 1416/1416/1389 1415/1415/1388
f 1405/1405/1379 1417/1417/1390 1416/1416/1389
f 1407/1407/1381 1418/1418/1391 1417/1417/1390
f 1410/1410/1383 1419/1419/1392 1411/1411/1384
f 1420/1420/1393 1421/1421/1394 1410/1410/1383
f 1412/1412/1385 1422/1422/1395 1413/1413/1386
f 1412/1412/1385 1423/1423/1396 1424/1424/1397
f 1414/1414/1387 1425/1425/1398 1423/1423/1396
f 1415/1415/1388 1426/1426/1399 1425/1425/1398
f 1417/1417/1390 1426/1426/1399 1416/1416/1389
f 1417/1417/1390 1427/1427/1400 1428/1428/1401
f 1421/1421/1394 1429/1429/518 1419/1419/1392
f 1430/1430/1402 1431/1431/1403 1421/1421/1394
f 1424/1424/1397 1432/1432/1404 1422/1422/1395
f 1424/1424/1397 1433/1433/1405 1434/1434/1406
f 1423/1423/1396 1435/1435/1407 1433/1433/1405
f 1425/1425/1398 1436/1436/1408 1435/1435/1407
f 1426/1426/1399 1437/1437/1409 1436/1436/1408
f 1428/1428/1401 1438/1438/1410 1437/1437/1409
f 1431/1431/1403 1439/1439/1411 1429/1429/518
f 1440/1440/1412 1441/1441/1413 1431/1431/1403
f 1434/1434/1406 1442/1442/1414 1432/1432/1404
f 1433/1433/1405 1443/1443/1415 1434/1434/1406
f 1433/1433/1405 1444/1444/1416 1445/1445/1417
f 1435/1435/1407 1446/1446/1418 1444/1444/1416
f 1436/1436/1408 1447/1447/1419 1446/1446/1418
f 1437/1437/1409 1448/1448/1420 1447/1447/1419
f 1441/1441/1413 1449/1449/528 1439/1439/1411
f 1450/1450/1421 1451/1451/1422 1441/1441/1413
f 1443/1443/1415 1452/1452/1423 1442/1442/1414
f 1445/1445/1417 1453/1453/1424 1443/1443/1415
f 1445/1445/1417 1454/1454/1425 1455/1455/1426
f 1444/1444/1416 1446/1446/1418 1454/1454/1425
f 1446/1446/1418 1456/1456/1427 1457/1457/1428
f 1447/1447/1419 1458/1458/1429 1456/1456/1427
f 1449/1449/528 1459/1459/1430 1460/1460/1431
f 1461/1461/1432 1459/1459/1430 1451/1451/1422
f 1453/1453/1424 1462/1462/1433 1452/1452/1423
f 1455/1455/1426 1463/1463/1434 1453/1453/1424
f 1455/1455/1426 1464/1464/1435 1465/1465/1436
f 1454/1454/1425 1466/1466/1437 1464/1464/1435
f 1457/1457/1428 1467/1467/1438 1466/1466/1437
f 1458/1458/1429 1467/1467/1438 1456/1456/1427
f 1460/1460/1431 1468/1468/1439 1469/1469/1440
f 1470/1470/1441 1468/1468/1439 1459/1459/1430
f 1463/1463/1434 1471/1471/1442 1462/1462/1433
f 1463/1463/1434 1472/1472/1443 1473/1473/1444
f 1465/1465/1436 1474/1474/1445 1472/1472/1443
f 1464/1464/1435 1475/1475/1446 1474/1474/1445
f 1466/1466/1437 1476/1476/1447 1475/1475/1446
f 1467/1467/1438 1477/1477/1448 1476/1476/1447
f 1469/1469/1440 1478/1478/1449 1479/1479/576
f 1468/1468/1439 1480/1480/1450 1478/1478/1449
f 1473/1473/1444 1481/1481/1451 1471/1471/1442
f 1473/1473/1444 1482/1482/1452 1483/1483/1453
f 1472/1472/1443 1484/1484/1454 1482/1482/1452
f 1474/1474/1445 1485/1485/1455 1484/1484/1454
f 1475/1475/1446 1486/1486/1456 1485/1485/1455
f 1476/1476/1447 1487/1487/1457 1486/1486/1456
f 1478/1478/1449 1488/1488/589 1479/1479/576
f 1478/1478/1449 1489/1489/1458 1490/1490/1459
f 1481/1481/1451 1491/1491/1460 1492/1492/1461
f 1483/1483/1453 1493/1493/1462 1491/1491/1460
f 1482/1482/1452 1494/1494/1463 1493/1493/1462
f 1484/1484/1454 1495/1495/1464 1494/1494/1463
f 1485/1485/1455 1496/1496/1465 1495/1495/1464
f 1486/1486/1456 1497/1497/588 1496/1496/1465
f 1488/1488/589 1498/1498/1466 1499/1499/1467
f 1490/1490/1459 1500/1500/1468 1498/1498/1466
f 1492/1492/1461 1501/1501/1469 1502/1502/1470
f 1491/1491/1460 1503/1503/1471 1501/1501/1469
f 1493/1493/1462 1504/1504/1472 1503/1503/1471
f 1494/1494/1463 1505/1505/1473 1504/1504/1472
f 1495/1495/1464 1506/1506/1474 1505/1505/1473
f 1496/1496/1465 1507/1507/600 1506/1506/1474
f 1499/1499/1467 1508/1508/1475 1509/1509/1476
f 1498/1498/1466 1510/1510/1477 1508/1508/1475
f 1502/1502/1470 1511/1511/1478 1512/1512/1479
f 1501/1501/1469 1513/1513/1480 1511/1511/1478
f 1504/1504/1472 1513/1513/1480 1503/1503/1471
f 1504/1504/1472 1514/1514/1481 1515/1515/1482
f 1505/1505/1473 1516/1516/1483 1514/1514/1481
f 1506/1506/1474 1517/1517/1484 1516/1516/1483
f 1509/1509/1476 1518/1518/1485 1519/1519/1486
f 1508/1508/1475 1520/1520/1487 1518/1518/1485
f 1512/1512/1479 1521/1521/1488 1522/1522/1489
f 1511/1511/1478 1523/1523/1490 1521/1521/1488
f 1513/1513/1480 1524/1524/1491 1523/1523/1490
f 1515/1515/1482 1525/1525/1492 1524/1524/1491
f 1514/1514/1481 1526/1526/1493 1525/1525/1492
f 1516/1516/1483 1527/1527/1494 1526/1526/1493
f 1519/1519/1486 1528/1528/1495 1529/1529/1496
f 1518/1518/1485 1530/1530/1497 1528/1528/1495
f 1522/1522/1489 1531/1531/1498 1532/1532/1499
f 1521/1521/1488 1533/1533/1500 1531/1531/1498
f 1523/1523/1490 1534/1534/1501 1533/1533/1500
f 1524/1524/1491 1535/1535/1502 1534/1534/1501
f 1525/1525/1492 1536/1536/1503 1535/1535/1502
f 1526/1526/1493 1537/1537/1504 1536/1536/1503
f 1529/1529/1496 1538/1538/1505 1539/1539/1506
f 1528/1528/1495 1540/1540/1507 1538/1538/1505
f 1532/1532/1499 1541/1541/1508 1542/1542/1509
f 1531/1531/1498 1543/1543/1510 1541/1541/1508
f 1533/1533/1500 1544/1544/1511 1543/1543/1510
f 1534/1534/1501 1545/1545/1512 1544/1544/1511
f 1535/1535/1502 1546/1546/1513 1545/1545/1512
f 1536/1536/1503 1547/1547/1514 1546/1546/1513
f 1539/1539/1506 1548/1548/1515 1549/1549/661
f 1538/1538/1505 1550/1550/1516 1548/1548/1515
f 1542/1542/1509 1551/1551/1517 1552/1552/1518
f 1541/1541/1508 1553/1553/1519 1551/1551/1517
f 1543/1543/1510 1554/1554/1520 1553/1553/1519
f 1544/1544/1511 1555/1555/1521 1554/1554/1520
f 1545/1545/1512 1556/1556/1522 1555/1555/1521
f 1546/1546/1513 1557/1557/1523 1556/1556/1522
f 1549/1549/661 1558/1558/1524 1559/1559/1525
f 1548/1548/1515 1560/1560/1526 1558/1558/1524
f 1552/1552/1518 1561/1561/1527 1562/1562/1528
f 1551/1551/1517 1563/1563/1529 1561/1561/1527
f 1553/1553/1519 1564/1564/1530 1563/1563/1529
f 1554/1554/1520 1565/1565/1531 1564/1564/1530
f 1555/1555/1521 1566/1566/1532 1565/1565/1531
f 1556/1556/1522 1567/1567/1533 1566/1566/1532
f 1559/1559/1525 1568/1568/1534 1569/1569/1535
f 1558/1558/1524 1570/1570/1536 1568/1568/1534
f 1562/1562/1528 1571/1571/1537 1572/1572/1538
f 1561/1561/1527 1573/1573/1539 1571/1571/1537
f 1563/1563/1529 1574/1574/1540 1573/1573/1539
f 1564/1564/1530 1575/1575/1541 1574/1574/1540
f 1565/1565/1531 1576/1576/1542 1575/1575/1541
f 1566/1566/1532 1577/1577/684 1576/1576/1542
f 1569/1569/1535 1578/1578/1543 1579/1579/1544
f 1568/1568/1534 1580/1580/1545 1578/1578/1543
f 1572/1572/1538 1581/1581/1546 1582/1582/1547
f 1571/1571/1537 1583/1583/1548 1581/1581/1546
f 1573/1573/1539 1584/1584/1549 1583/1583/1548
f 1574/1574/1540 1585/1585/1550 1584/1584/1549
f 1575/1575/1541 1586/1586/1551 1585/1585/1550
f 1576/1576/1542 1587/1587/695 1586/1586/1551
f 1579/1579/1544 1588/1588/1552 1589/1589/1553
f 1578/1578/1543 1590/1590/1554 1588/1588/1552
f 1582/1582/1547 1591/1591/1555 1592/1592/1556
f 1581/1581/1546 1593/1593/1557 1591/1591/1555
f 1583/1583/1548 1594/1594/1558 1593/1593/1557
f 1584/1584/1549 1595/1595/1559 1594/1594/1558
f 1585/1585/1550 1596/1596/1560 1595/1595/1559
f 1586/1586/1551 1597/1597/1561 1596/1596/1560
f 1589/1589/1553 1598/1598/1562 1599/1599/1563
f 1588/1588/1552 1600/1600/1564 1598/1598/1562
f 1592/1592/1556 1601/1601/1565 1602/1602/1566
f 1591/1591/1555 1603/1603/1567 1601/1601/1565
f 1593/1593/1557 1604/1604/1568 1603/1603/1567
f 1594/1594/1558 1605/1605/1569 1604/1604/1568
f 1595/1595/1559 1606/1606/1570 1605/1605/1569
f 1596/1596/1560 1607/1607/1571 1606/1606/1570
f 1599/1599/1563 1608/1608/1572 1609/1609/731
f 1598/1598/1562 1610/1610/1573 1608/1608/1572
f 1602/1602/1566 1611/1611/1574 1612/1612/1575
f 1601/1601/1565 1613/1613/1576 1611/1611/1574
f 1603/1603/1567 1614/1614/1577 1613/1613/1576
f 1604/1604/1568 1615/1615/1578 1614/1614/1577
f 1605/1605/1569 1616/1616/1579 1615/1615/1578
f 1606/1606/1570 1617/1617/1580 1616/1616/1579
f 1609/1609/731 1618/1618/1581 1619/1619/743
f 1608/1608/1572 1620/1620/1582 1618/1618/1581
f 1612/1612/1575 1621/1621/1583 1622/1622/1584
f 1611/1611/1574 1623/1623/1585 1621/1621/1583
f 1613/1613/1576 1624/1624/1586 1623/1623/1585
f 1614/1614/1577 1625/1625/1587 1624/1624/1586
f 1615/1615/1578 1626/1626/1588 1625/1625/1587
f 1616/1616/1579 1627/1627/1589 1626/1626/1588
f 1619/1619/743 1628/1628/1590 1629/1629/1591
f 1618/1618/1581 1630/1630/1592 1628/1628/1590
f 1622/1622/1584 1631/1631/1593 1632/1632/1594
f 1621/1621/1583 1633/1633/1595 1631/1631/1593
f 1623/1623/1585 1634/1634/1596 1633/1633/1595
f 1624/1624/1586 1635/1635/1597 1634/1634/1596
f 1625/1625/1587 1636/1636/1598 1635/1635/1597
f 1626/1626/1588 1637/1637/1599 1636/1636/1598
f 1629/1629/1591 1638/1638/1600 1639/1639/768
f 1628/1628/1590 1640/1640/1601 1638/1638/1600
f 1632/1632/1594 1641/1641/1602 1642/1642/1603
f 1631/1631/1593 1643/1643/1604 1641/1641/1602
f 1633/1633/1595 1644/1644/1605 1643/1643/1604
f 1634/1634/1596 1645/1645/1606 1644/1644/1605
f 1635/1635/1597 1646/1646/1607 1645/1645/1606
f 1636/1636/1598 1647/1647/1608 1646/1646/1607
f 1639/1639/768 1648/1648/1609 1649/1649/1610
f 1638/1638/1600 1650/1650/1611 1648/1648/1609
f 1642/1642/1603 1651/1651/1612 1652/1652/1613
f 1641/1641/1602 1653/1653/1614 1651/1651/1612
f 1643/1643/1604 1654/1654/1615 1653/1653/1614
f 1644/1644/1605 1655/1655/1616 1654/1654/1615
f 1645/1645/1606 1656/1656/1617 1655/1655/1616
f 1646/1646/1607 1657/1657/1618 1656/1656/1617
f 1649/1649/1610 1658/1658/1619 1659/1659/1620
f 1648/1648/1609 1660/1660/1621 1658/1658/1619
f 1652/1652/1613 1661/1661/1622 1662/1662/1623
f 1651/1651/1612 1663/1663/1624 1661/1661/1622
f 1653/1653/1614 1664/1664/1625 1663/1663/1624
f 1654/1654/1615 1665/1665/1626 1664/1664/1625
f 1655/1655/1616 1666/1666/1627 1665/1665/1626
f 1656/1656/1617 1667/1667/804 1666/1666/1627
f 1659/1659/1620 1668/1668/1628 1669/1669/805
f 1658/1658/1619 1670/1670/1629 1668/1668/1628
f 1662/1662/1623 1671/1671/1630 1672/1672/1631
f 1661/1661/1622 1673/1673/1632 1671/1671/1630
f 1663/1663/1624 1674/1674/1633 1673/1673/1632
f 1664/1664/1625 1675/1675/1634 1674/1674/1633
f 1665/1665/1626 1676/1676/1635 1675/1675/1634
f 1666/1666/1627 1677/1677/1636 1676/1676/1635
f 1669/1669/805 1678/1678/1637 1679/1679/817
f 1668/1668/1628 1680/1680/1638 1678/1678/1637
f 1672/1672/1631 1681/1681/1639 1682/1682/1640
f 1671/1671/1630 1683/1683/1641 1681/1681/1639
f 1673/1673/1632 1684/1684/1642 1683/1683/1641
f 1674/1674/1633 1685/1685/1643 1684/1684/1642
f 1675/1675/1634 1686/1686/1644 1685/1685/1643
f 1676/1676/1635 1687/1687/816 1686/1686/1644
f 1679/1679/817 1688/1688/1645 1689/1689/1646
f 1678/1678/1637 1690/1690/1647 1688/1688/1645
f 1682/1682/1640 1691/1691/1648 1692/1692/1649
f 1681/1681/1639 1693/1693/1650 1691/1691/1648
f 1683/1683/1641 1694/1694/1651 1693/1693/1650
f 1684/1684/1642 1695/1695/1652 1694/1694/1651
f 1685/1685/1643 1696/1696/1653 1695/1695/1652
f 1686/1686/1644 1697/1697/1654 1696/1696/1653
f 1698/1698/1655 1699/1699/1656 1700/1700/1657
f 1701/1701/1658 1702/1702/1659 1698/1698/1655
f 1703/1703/1660 1704/1704/1661 1701/1701/1658
f 1705/1705/1662 1706/1706/1663 1703/1703/1660
f 1707/1707/1664 1708/1708/1665 1705/1705/1662
f 1709/1709/1666 1710/1710/1667 1707/1707/1664
f 1711/1711/1668 1712/1712/1669 1709/1709/1666
f 1713/1713/1670 1714/1714/1671 1711/1711/1668
f 1702/1702/1659 1715/1715/1672 1699/1699/1656
f 1704/1704/1661 1716/1716/1673 1702/1702/1659
f 1706/1706/1663 1717/1717/1674 1704/1704/1661
f 1708/1708/1665 1718/1718/1675 1706/1706/1663
f 1710/1710/1667 1719/1719/1676 1708/1708/1665
f 1712/1712/1669 1720/1720/1677 1710/1710/1667
f 1714/1714/1671 1721/1721/1678 1712/1712/1669
f 1722/1722/1679 1723/1723/1680 1714/1714/1671
f 1716/1716/1673 1724/1724/1681 1715/1715/1672
f 1717/1717/1674 1725/1725/1682 1716/1716/1673
f 1718/1718/1675 1726/1726/1683 1717/1717/1674
f 1719/1719/1676 1727/1727/1684 1718/1718/1675
f 1720/1720/1677 1728/1728/1685 1719/1719/1676
f 1721/1721/1678 1729/1729/1686 1720/1720/1677
f 1723/1723/1680 1730/1730/1687 1721/1721/1678
f 1731/1731/1688 1732/1732/1689 1723/1723/1680
f 1725/1725/1682 1733/1733/1690 1724/1724/1681
f 1726/1726/1683 1734/1734/1691 1725/1725/1682
f 1727/1727/1684 1735/1735/1692 1726/1726/1683
f 1728/1728/1685 1736/1736/1693 1727/1727/1684
f 1729/1729/1686 1737/1737/1694 1728/1728/1685
f 1730/1730/1687 1738/1738/1695 1729/1729/1686
f 1732/1732/1689 1739/1739/1696 1730/1730/1687
f 1740/1740/1120 1741/1741/1697 1732/1732/1689
f 1734/1734/1691 1742/1742/1698 1733/1733/1690
f 1735/1735/1692 1743/1743/1699 1734/1734/1691
f 1736/1736/1693 1744/1744/1700 1735/1735/1692
f 1737/1737/1694 1745/1745/1701 1736/1736/1693
f 1738/1738/1695 1746/1746/1702 1737/1737/1694
f 1739/1739/1696 1747/1747/1703 1738/1738/1695
f 1741/1741/1697 1748/1748/1704 1739/1739/1696
f 1749/1749/1121 1750/1750/1705 1741/1741/1697
f 1751/1751/1706 1752/1752/1707 1753/1753/1708
f 1754/1754/1709 1755/1755/1710 1751/1751/1706
f 1756/1756/1711 1757/1757/1712 1754/1754/1709
f 1758/1758/1713 1759/1759/1714 1756/1756/1711
f 1760/1760/1715 1761/1761/1716 1758/1758/1713
f 1762/1762/1717 1763/1763/1718 1760/1760/1715
f 1764/1764/1719 1765/1765/1720 1762/1762/1717
f 1766/1766/1721 1767/1767/1722 1764/1764/1719
f 1755/1755/1710 1768/1768/1723 1752/1752/1707
f 1757/1757/1712 1769/1769/1724 1755/1755/1710
f 1759/1759/1714 1770/1770/1725 1757/1757/1712
f 1761/1761/1716 1771/1771/1726 1759/1759/1714
f 1763/1763/1718 1772/1772/1727 1761/1761/1716
f 1765/1765/1720 1773/1773/1728 1763/1763/1718
f 1767/1767/1722 1774/1774/1729 1765/1765/1720
f 1775/1775/1108 1776/1776/1730 1767/1767/1722
f 1769/1769/1724 1777/1777/1731 1768/1768/1723
f 1770/1770/1725 1778/1778/1732 1769/1769/1724
f 1771/1771/1726 1779/1779/1733 1770/1770/1725
f 1772/1772/1727 1780/1780/1734 1771/1771/1726
f 1773/1773/1728 1781/1781/354 1772/1772/1727
f 1774/1774/1729 1782/1782/355 1773/1773/1728
f 1776/1776/1730 1783/1783/1735 1774/1774/1729
f 1776/1776/1730 1784/1784/1103 1785/1785/1736
f 1688/1688/1645 1786/1786/1737 1689/1689/1646
f 1690/1690/1647 1787/1787/1738 1688/1688/1645
f 1691/1691/1648 1788/1788/1739 1692/1692/1649
f 1693/1693/1650 1789/1789/1740 1691/1691/1648
f 1694/1694/1651 1790/1790/1741 1693/1693/1650
f 1695/1695/1652 1791/1791/1742 1694/1694/1651
f 1696/1696/1653 1792/1792/1743 1695/1695/1652
f 1696/1696/1653 1793/1793/1744 1794/1794/1745
f 1787/1787/1738 1795/1795/1746 1786/1786/1737
f 1796/1796/1747 1797/1797/1748 1787/1787/1738
f 1789/1789/1740 1798/1798/1749 1788/1788/1739
f 1790/1790/1741 1799/1799/1750 1789/1789/1740
f 1791/1791/1742 1800/1800/1751 1790/1790/1741
f 1792/1792/1743 1801/1801/1752 1791/1791/1742
f 1794/1794/1745 1802/1802/1753 1792/1792/1743
f 1793/1793/1744 1803/1803/1754 1794/1794/1745
f 1797/1797/1748 1804/1804/377 1795/1795/1746
f 1805/1805/1755 1806/1806/1756 1797/1797/1748
f 1799/1799/1750 1807/1807/1757 1798/1798/1749
f 1800/1800/1751 1808/1808/1758 1799/1799/1750
f 1801/1801/1752 1809/1809/1759 1800/1800/1751
f 1802/1802/1753 1810/1810/1760 1801/1801/1752
f 1803/1803/1754 1811/1811/1761 1802/1802/1753
f 1812/1812/1762 1813/1813/1763 1803/1803/1754
f 1806/1806/1756 1814/1814/386 1804/1804/377
f 1815/1815/1764 1816/1816/1765 1806/1806/1756
f 1808/1808/1758 1817/1817/1766 1807/1807/1757
f 1809/1809/1759 1818/1818/1767 1808/1808/1758
f 1810/1810/1760 1819/1819/1768 1809/1809/1759
f 1811/1811/1761 1820/1820/1769 1810/1810/1760
f 1813/1813/1763 1821/1821/1770 1811/1811/1761
f 1822/1822/1771 1823/1823/1772 1813/1813/1763
f 1816/1816/1765 1824/1824/395 1814/1814/386
f 1825/1825/1773 1826/1826/1774 1816/1816/1765
f 1818/1818/1767 1827/1827/1775 1817/1817/1766
f 1819/1819/1768 1828/1828/1776 1818/1818/1767
f 1820/1820/1769 1829/1829/1777 1819/1819/1768
f 1821/1821/1770 1830/1830/1778 1820/1820/1769
f 1823/1823/1772 1831/1831/1779 1821/1821/1770
f 1832/1832/836 1833/1833/1780 1823/1823/1772
f 1826/1826/1774 1834/1834/404 1824/1824/395
f 1835/1835/1781 1836/1836/1782 1826/1826/1774
f 1828/1828/1776 1837/1837/1783 1827/1827/1775
f 1829/1829/1777 1838/1838/1784 1828/1828/1776
f 1830/1830/1778 1839/1839/1785 1829/1829/1777
f 1831/1831/1779 1840/1840/1786 1830/1830/1778
f 1833/1833/1780 1841/1841/1787 1831/1831/1779
f 1842/1842/838 1843/1843/1788 1833/1833/1780
f 1836/1836/1782 1844/1844/413 1834/1834/404
f 1845/1845/1789 1846/1846/1790 1836/1836/1782
f 1838/1838/1784 1847/1847/1791 1837/1837/1783
f 1839/1839/1785 1848/1848/1792 1838/1838/1784
f 1840/1840/1786 1849/1849/1793 1839/1839/1785
f 1841/1841/1787 1850/1850/1794 1840/1840/1786
f 1843/1843/1788 1851/1851/1795 1841/1841/1787
f 1852/1852/1796 1853/1853/1797 1843/1843/1788
f 1846/1846/1790 1854/1854/422 1844/1844/413
f 1855/1855/1798 1856/1856/1799 1846/1846/1790
f 1848/1848/1792 1857/1857/1800 1847/1847/1791
f 1849/1849/1793 1858/1858/1801 1848/1848/1792
f 1850/1850/1794 1859/1859/1802 1849/1849/1793
f 1851/1851/1795 1860/1860/1803 1850/1850/1794
f 1853/1853/1797 1861/1861/1804 1851/1851/1795
f 1862/1862/842 1863/1863/1805 1853/1853/1797
f 1856/1856/1799 1864/1864/1806 1854/1854/422
f 1865/1865/1807 1866/1866/1808 1856/1856/1799
f 1858/1858/1801 1867/1867/1809 1857/1857/1800
f 1859/1859/1802 1868/1868/1810 1858/1858/1801
f 1860/1860/1803 1869/1869/1811 1859/1859/1802
f 1861/1861/1804 1870/1870/1812 1860/1860/1803
f 1863/1863/1805 1871/1871/1813 1861/1861/1804
f 1872/1872/1814 1873/1873/1815 1863/1863/1805
f 1866/1866/1808 1874/1874/1816 1864/1864/1806
f 1875/1875/1817 1876/1876/1818 1866/1866/1808
f 1868/1868/1810 1877/1877/1819 1867/1867/1809
f 1869/1869/1811 1878/1878/1820 1868/1868/1810
f 1870/1870/1812 1879/1879/1821 1869/1869/1811
f 1871/1871/1813 1880/1880/1822 1870/1870/1812
f 1873/1873/1815 1881/1881/1823 1871/1871/1813
f 1882/1882/1824 1883/1883/1825 1873/1873/1815
f 1876/1876/1818 1884/1884/449 1874/1874/1816
f 1885/1885/1826 1886/1886/1827 1876/1876/1818
f 1878/1878/1820 1887/1887/1828 1877/1877/1819
f 1879/1879/1821 1888/1888/1829 1878/1878/1820
f 1880/1880/1822 1889/1889/1830 1879/1879/1821
f 1881/1881/1823 1890/1890/1831 1880/1880/1822
f 1883/1883/1825 1891/1891/1832 1881/1881/1823
f 1892/1892/1833 1893/1893/1834 1883/1883/1825
f 1894/1894/1835 1895/1895/1836 1896/1896/1837
f 1897/1897/1838 1898/1898/1839 1895/1895/1836
f 1899/1899/1840 1900/1900/1841 1898/1898/1839
f 1901/1901/1842 1902/1902/1843 1900/1900/1841
f 1903/1903/1844 1904/1904/1845 1902/1902/1843
f 1905/1905/1846 1906/1906/1847 1904/1904/1845
f 1907/1907/1848 1908/1908/1849 1906/1906/1847
f 1909/1909/1850 1910/1910/1851 1908/1908/1849
f 1911/1911/1852 1912/1912/1853 1910/1910/1851
f 1913/1913/1854 1914/1914/1855 1912/1912/1853
f 1915/1915/1856 1916/1916/16 1914/1914/1855
f 1896/1896/1837 1917/1917/1857 1918/1918/18
f 1895/1895/1836 1919/1919/1858 1917/1917/1857
f 1898/1898/1839 1920/1920/1859 1919/1919/1858
f 1900/1900/1841 1921/1921/1860 1920/1920/1859
f 1902/1902/1843 1922/1922/1861 1921/1921/1860
f 1904/1904/1845 1923/1923/1862 1922/1922/1861
f 1906/1906/1847 1924/1924/1863 1923/1923/1862
f 1908/1908/1849 1925/1925/1864 1924/1924/1863
f 1910/1910/1851 1926/1926/1865 1925/1925/1864
f 1912/1912/1853 1927/1927/1866 1926/1926/1865
f 1916/1916/16 1927/1927/1866 1914/1914/1855
f 1917/1917/1857 1928/1928/1867 1918/1918/18
f 1919/1919/1858 1929/1929/1868 1917/1917/1857
f 1919/1919/1858 1930/1930/1869 1931/1931/1870
f 1920/1920/1859 1932/1932/1871 1930/1930/1869
f 1922/1922/1861 1932/1932/1871 1921/1921/1860
f 1922/1922/1861 1933/1933/1872 1934/1934/1873
f 1923/1923/1862 1935/1935/1874 1933/1933/1872
f 1924/1924/1863 1936/1936/1875 1935/1935/1874
f 1925/1925/1864 1937/1937/1876 1936/1936/1875
f 1926/1926/1865 1938/1938/1877 1937/1937/1876
f 1939/1939/1878 1938/1938/1877 1927/1927/1866
f 1929/1929/1868 1940/1940/35 1928/1928/1867
f 1931/1931/1870 1941/1941/1879 1929/1929/1868
f 1930/1930/1869 1942/1942/1880 1931/1931/1870
f 1932/1932/1871 1943/1943/1881 1930/1930/1869
f 1932/1932/1871 1944/1944/1882 1945/1945/1883
f 1933/1933/1872 1944/1944/1882 1934/1934/1873
f 1935/1935/1874 1946/1946/1884 1933/1933/1872
f 1935/1935/1874 1947/1947/1885 1948/1948/1886
f 1936/1936/1875 1949/1949/1887 1947/1947/1885
f 1937/1937/1876 1950/1950/1888 1949/1949/1887
f 1938/1938/1877 1951/1951/53 1950/1950/1888
f 1940/1940/35 1952/1952/1889 1953/1953/1890
f 1942/1942/1880 1952/1952/1889 1941/1941/1879
f 1943/1943/1881 1954/1954/1891 1942/1942/1880
f 1945/1945/1883 1955/1955/1892 1943/1943/1881
f 1944/1944/1882 1956/1956/1893 1945/1945/1883
f 1946/1946/1884 1957/1957/1894 1944/1944/1882
f 1948/1948/1886 1958/1958/1895 1946/1946/1884
f 1948/1948/1886 1959/1959/1896 1960/1960/1897
f 1947/1947/1885 1961/1961/1898 1959/1959/1896
f 1949/1949/1887 1962/1962/1899 1961/1961/1898
f 1950/1950/1888 1963/1963/1900 1962/1962/1899
f 1953/1953/1890 1964/1964/1901 1965/1965/1902
f 1954/1954/1891 1964/1964/1901 1952/1952/1889
f 1954/1954/1891 1966/1966/1903 1967/1967/1904
f 1955/1955/1892 1968/1968/1905 1966/1966/1903
f 1956/1956/1893 1969/1969/1906 1968/1968/1905
f 1958/1958/1895 1969/1969/1906 1957/1957/1894
f 1960/1960/1897 1970/1970/1907 1958/1958/1895
f 1960/1960/1897 1971/1971/1908 1972/1972/1909
f 1959/1959/1896 1973/1973/1910 1971/1971/1908
f 1961/1961/1898 1974/1974/1911 1973/1973/1910
f 1962/1962/1899 1975/1975/61 1974/1974/1911
f 1965/1965/1902 1976/1976/1912 1977/1977/1913
f 1964/1964/1901 1978/1978/1914 1976/1976/1912
f 1967/1967/1904 1979/1979/1915 1978/1978/1914
f 1966/1966/1903 1980/1980/1916 1979/1979/1915
f 1968/1968/1905 1981/1981/1917 1980/1980/1916
f 1969/1969/1906 1982/1982/1918 1981/1981/1917
f 1970/1970/1907 1983/1983/1919 1982/1982/1918
f 1972/1972/1909 1984/1984/1920 1983/1983/1919
f 1971/1971/1908 1985/1985/1921 1984/1984/1920
f 1973/1973/1910 1986/1986/1922 1985/1985/1921
f 1974/1974/1911 1987/1987/1923 1986/1986/1922
f 1976/1976/1912 1988/1988/1924 1977/1977/1913
f 1976/1976/1912 1989/1989/1925 1990/1990/1926
f 1978/1978/1914 1991/1991/1927 1989/1989/1925
f 1979/1979/1915 1992/1992/1928 1991/1991/1927
f 1980/1980/1916 1993/1993/1929 1992/1992/1928
f 1981/1981/1917 1994/1994/1930 1993/1993/1929
f 1982/1982/1918 1995/1995/1931 1994/1994/1930
f 1983/1983/1919 1996/1996/1932 1995/1995/1931
f 1984/1984/1920 1997/1997/1933 1996/1996/1932
f 1985/1985/1921 1998/1998/1934 1997/1997/1933
f 1986/1986/1922 1999/1999/1935 1998/1998/1934
f 1990/1990/1926 2000/2000/1936 1988/1988/1924
f 1990/1990/1926 2001/2001/1937 2002/2002/1938
f 1989/1989/1925 2003/2003/1939 2001/2001/1937
f 1991/1991/1927 2004/2004/1940 2003/2003/1939
f 1992/1992/1928 2005/2005/1941 2004/2004/1940
f 1993/1993/1929 2006/2006/1942 2005/2005/1941
f 1994/1994/1930 2007/2007/1943 2006/2006/1942
f 1995/1995/1931 2008/2008/1944 2007/2007/1943
f 1996/1996/1932 2009/2009/1945 2008/2008/1944
f 1997/1997/1933 2010/2010/1946 2009/2009/1945
f 1998/1998/1934 2011/2011/1947 2010/2010/1946
f 2000/2000/1936 2012/2012/1948 2013/2013/99
f 2002/2002/1938 2014/2014/1949 2012/2012/1948
f 2001/2001/1937 2015/2015/1950 2014/2014/1949
f 2003/2003/1939 2016/2016/1951 2015/2015/1950
f 2004/2004/1940 2017/2017/1952 2016/2016/1951
f 2005/2005/1941 2018/2018/1953 2017/2017/1952
f 2006/2006/1942 2019/2019/1954 2018/2018/1953
f 2007/2007/1943 2020/2020/1955 2019/2019/1954
f 2008/2008/1944 2021/2021/1956 2020/2020/1955
f 2009/2009/1945 2022/2022/1957 2021/2021/1956
f 2010/2010/1946 2023/2023/1958 2022/2022/1957
f 2013/2013/99 2024/2024/1959 2025/2025/107
f 2012/2012/1948 2026/2026/1960 2024/2024/1959
f 2014/2014/1949 2027/2027/1961 2026/2026/1960
f 2015/2015/1950 2028/2028/1962 2027/2027/1961
f 2016/2016/1951 2029/2029/1963 2028/2028/1962
f 2017/2017/1952 2030/2030/1964 2029/2029/1963
f 2018/2018/1953 2031/2031/1965 2030/2030/1964
f 2019/2019/1954 2032/2032/1966 2031/2031/1965
f 2020/2020/1955 2033/2033/1967 2032/2032/1966
f 2021/2021/1956 2034/2034/1968 2033/2033/1967
f 2022/2022/1957 2035/2035/1969 2034/2034/1968
f 2025/2025/107 2036/2036/1970 2037/2037/117
f 2024/2024/1959 2038/2038/1971 2036/2036/1970
f 2026/2026/1960 2039/2039/1972 2038/2038/1971
f 2027/2027/1961 2040/2040/1973 2039/2039/1972
f 2028/2028/1962 2041/2041/1974 2040/2040/1973
f 2029/2029/1963 2042/2042/1975 2041/2041/1974
f 2030/2030/1964 2043/2043/1976 2042/2042/1975
f 2031/2031/1965 2044/2044/1977 2043/2043/1976
f 2032/2032/1966 2045/2045/1978 2044/2044/1977
f 2033/2033/1967 2046/2046/1979 2045/2045/1978
f 2034/2034/1968 2047/2047/1980 2046/2046/1979
f 2037/2037/117 2048/2048/1981 2049/2049/1982
f 2036/2036/1970 2050/2050/1983 2048/2048/1981
f 2038/2038/1971 2051/2051/1984 2050/2050/1983
f 2039/2039/1972 2052/2052/1985 2051/2051/1984
f 2040/2040/1973 2053/2053/1986 2052/2052/1985
f 2041/2041/1974 2054/2054/1987 2053/2053/1986
f 2042/2042/1975 2055/2055/1988 2054/2054/1987
f 2043/2043/1976 2056/2056/1989 2055/2055/1988
f 2044/2044/1977 2057/2057/1990 2056/2056/1989
f 2045/2045/1978 2058/2058/1991 2057/2057/1990
f 2046/2046/1979 2059/2059/1992 2058/2058/1991
f 2049/2049/1982 2060/2060/1993 2061/2061/135
f 2048/2048/1981 2062/2062/1994 2060/2060/1993
f 2050/2050/1983 2063/2063/1995 2062/2062/1994
f 2051/2051/1984 2064/2064/1996 2063/2063/1995
f 2052/2052/1985 2065/2065/1997 2064/2064/1996
f 2053/2053/1986 2066/2066/1998 2065/2065/1997
f 2054/2054/1987 2067/2067/1999 2066/2066/1998
f 2055/2055/1988 2068/2068/2000 2067/2067/1999
f 2056/2056/1989 2069/2069/2001 2068/2068/2000
f 2057/2057/1990 2070/2070/2002 2069/2069/2001
f 2058/2058/1991 2071/2071/2003 2070/2070/2002
f 2061/2061/135 2072/2072/2004 2073/2073/2005
f 2060/2060/1993 2074/2074/2006 2072/2072/2004
f 2062/2062/1994 2075/2075/2007 2074/2074/2006
f 2063/2063/1995 2076/2076/2008 2075/2075/2007
f 2064/2064/1996 2077/2077/2009 2076/2076/2008
f 2065/2065/1997 2078/2078/2010 2077/2077/2009
f 2066/2066/1998 2079/2079/2011 2078/2078/2010
f 2067/2067/1999 2080/2080/2012 2079/2079/2011
f 2068/2068/2000 2081/2081/2013 2080/2080/2012
f 2069/2069/2001 2082/2082/2014 2081/2081/2013
f 2070/2070/2002 2083/2083/2015 2082/2082/2014
f 2073/2073/2005 2084/2084/2016 2085/2085/2017
f 2072/2072/2004 2086/2086/2018 2084/2084/2016
f 2074/2074/2006 2087/2087/2019 2086/2086/2018
f 2075/2075/2007 2088/2088/2020 2087/2087/2019
f 2076/2076/2008 2089/2089/2021 2088/2088/2020
f 2077/2077/2009 2090/2090/2022 2089/2089/2021
f 2078/2078/2010 2091/2091/2023 2090/2090/2022
f 2079/2079/2011 2092/2092/2024 2091/2091/2023
f 2080/2080/2012 2093/2093/2025 2092/2092/2024
f 2081/2081/2013 2094/2094/2026 2093/2093/2025
f 2082/2082/2014 2095/2095/2027 2094/2094/2026
f 2085/2085/2017 2096/2096/2028 2097/2097/162
f 2084/2084/2016 2098/2098/2029 2096/2096/2028
f 2086/2086/2018 2099/2099/2030 2098/2098/2029
f 2087/2087/2019 2100/2100/2031 2099/2099/2030
f 2088/2088/2020 2101/2101/2032 2100/2100/2031
f 2089/2089/2021 2102/2102/2033 2101/2101/2032
f 2090/2090/2022 2103/2103/2034 2102/2102/2033
f 2091/2091/2023 2104/2104/2035 2103/2103/2034
f 2092/2092/2024 2105/2105/2036 2104/2104/2035
f 2093/2093/2025 2106/2106/2037 2105/2105/2036
f 2094/2094/2026 2107/2107/161 2106/2106/2037
f 2097/2097/162 2108/2108/2038 2109/2109/171
f 2096/2096/2028 2110/2110/2039 2108/2108/2038
f 2098/2098/2029 2111/2111/2040 2110/2110/2039
f 2099/2099/2030 2112/2112/2041 2111/2111/2040
f 2100/2100/2031 2113/2113/2042 2112/2112/2041
f 2101/2101/2032 2114/2114/2043 2113/2113/2042
f 2102/2102/2033 2115/2115/2044 2114/2114/2043
f 2103/2103/2034 2116/2116/2045 2115/2115/2044
f 2104/2104/2035 2117/2117/2046 2116/2116/2045
f 2105/2105/2036 2118/2118/2047 2117/2117/2046
f 2106/2106/2037 2119/2119/170 2118/2118/2047
f 2109/2109/171 2120/2120/2048 2121/2121/2049
f 2108/2108/2038 2122/2122/2050 2120/2120/2048
f 2110/2110/2039 2123/2123/2051 2122/2122/2050
f 2111/2111/2040 2124/2124/2052 2123/2123/2051
f 2112/2112/2041 2125/2125/2053 2124/2124/2052
f 2113/2113/2042 2126/2126/2054 2125/2125/2053
f 2114/2114/2043 2127/2127/2055 2126/2126/2054
f 2115/2115/2044 2128/2128/2056 2127/2127/2055
f 2117/2117/2046 2128/2128/2056 2116/2116/2045
f 2118/2118/2047 2129/2129/2057 2117/2117/2046
f 2118/2118/2047 2130/2130/179 2131/2131/2058
f 2121/2121/2049 2132/2132/2059 2133/2133/2060
f 2120/2120/2048 2134/2134/2061 2132/2132/2059
f 2122/2122/2050 2135/2135/2062 2134/2134/2061
f 2123/2123/2051 2136/2136/2063 2135/2135/2062
f 2124/2124/2052 2137/2137/2064 2136/2136/2063
f 2125/2125/2053 2138/2138/2065 2137/2137/2064
f 2126/2126/2054 2139/2139/2066 2138/2138/2065
f 2128/2128/2056 2139/2139/2066 2127/2127/2055
f 2128/2128/2056 2140/2140/2067 2141/2141/2068
f 2131/2131/2058 2140/2140/2067 2129/2129/2057
f 2131/2131/2058 2142/2142/2069 2143/2143/2070
f 2133/2133/2060 2144/2144/2071 2145/2145/198
f 2132/2132/2059 2146/2146/2072 2144/2144/2071
f 2134/2134/2061 2147/2147/2073 2146/2146/2072
f 2135/2135/2062 2148/2148/2074 2147/2147/2073
f 2136/2136/2063 2149/2149/2075 2148/2148/2074
f 2137/2137/2064 2150/2150/2076 2149/2149/2075
f 2138/2138/2065 2151/2151/2077 2150/2150/2076
f 2139/2139/2066 2152/2152/2078 2151/2151/2077
f 2141/2141/2068 2153/2153/2079 2152/2152/2078
f 2143/2143/2070 2153/2153/2079 2140/2140/2067
f 2142/2142/2069 2154/2154/2080 2143/2143/2070
f 2145/2145/198 2155/2155/2081 2156/2156/2082
f 2144/2144/2071 2157/2157/2083 2155/2155/2081
f 2146/2146/2072 2158/2158/2084 2157/2157/2083
f 2147/2147/2073 2159/2159/2085 2158/2158/2084
f 2148/2148/2074 2160/2160/2086 2159/2159/2085
f 2149/2149/2075 2161/2161/2087 2160/2160/2086
f 2151/2151/2077 2161/2161/2087 2150/2150/2076
f 2152/2152/2078 2162/2162/2088 2151/2151/2077
f 2152/2152/2078 2163/2163/2089 2164/2164/2090
f 2153/2153/2079 2165/2165/2091 2163/2163/2089
f 2166/2166/2092 2165/2165/2091 2154/2154/2080
f 2156/2156/2082 2167/2167/2093 2168/2168/2094
f 2155/2155/2081 2169/2169/2095 2167/2167/2093
f 2157/2157/2083 2170/2170/2096 2169/2169/2095
f 2158/2158/2084 2171/2171/2097 2170/2170/2096
f 2159/2159/2085 2172/2172/2098 2171/2171/2097
f 2160/2160/2086 2173/2173/2099 2172/2172/2098
f 2161/2161/2087 2174/2174/2100 2173/2173/2099
f 2162/2162/2088 2175/2175/2101 2174/2174/2100
f 2164/2164/2090 2176/2176/2102 2175/2175/2101
f 2165/2165/2091 2176/2176/2102 2163/2163/2089
f 2177/2177/206 2178/2178/2103 2165/2165/2091
f 2168/2168/2094 2179/2179/2104 2180/2180/225
f 2167/2167/2093 2181/2181/2105 2179/2179/2104
f 2169/2169/2095 2182/2182/2106 2181/2181/2105
f 2170/2170/2096 2183/2183/2107 2182/2182/2106
f 2171/2171/2097 2184/2184/2108 2183/2183/2107
f 2172/2172/2098 2185/2185/2109 2184/2184/2108
f 2173/2173/2099 2186/2186/2110 2185/2185/2109
f 2174/2174/2100 2187/2187/2111 2186/2186/2110
f 2175/2175/2101 2188/2188/2112 2187/2187/2111
f 2176/2176/2102 2189/2189/2113 2188/2188/2112
f 2190/2190/2114 2189/2189/2113 2178/2178/2103
f 2180/2180/225 2191/2191/2115 2192/2192/234
f 2179/2179/2104 2193/2193/2116 2191/2191/2115
f 2181/2181/2105 2194/2194/2117 2193/2193/2116
f 2182/2182/2106 2195/2195/2118 2194/2194/2117
f 2183/2183/2107 2196/2196/2119 2195/2195/2118
f 2184/2184/2108 2197/2197/2120 2196/2196/2119
f 2185/2185/2109 2198/2198/2121 2197/2197/2120
f 2186/2186/2110 2199/2199/2122 2198/2198/2121
f 2187/2187/2111 2200/2200/2123 2199/2199/2122
f 2188/2188/2112 2201/2201/2124 2200/2200/2123
f 2202/2202/224 2201/2201/2124 2189/2189/2113
f 2192/2192/234 2203/2203/2125 2204/2204/2126
f 2191/2191/2115 2205/2205/2127 2203/2203/2125
f 2193/2193/2116 2206/2206/2128 2205/2205/2127
f 2194/2194/2117 2207/2207/2129 2206/2206/2128
f 2195/2195/2118 2208/2208/2130 2207/2207/2129
f 2196/2196/2119 2209/2209/2131 2208/2208/2130
f 2197/2197/2120 2210/2210/2132 2209/2209/2131
f 2198/2198/2121 2211/2211/2133 2210/2210/2132
f 2199/2199/2122 2212/2212/2134 2211/2211/2133
f 2200/2200/2123 2213/2213/2135 2212/2212/2134
f 2201/2201/2124 2214/2214/242 2213/2213/2135
f 2204/2204/2126 2215/2215/2136 2216/2216/2137
f 2203/2203/2125 2217/2217/2138 2215/2215/2136
f 2205/2205/2127 2218/2218/2139 2217/2217/2138
f 2206/2206/2128 2219/2219/2140 2218/2218/2139
f 2207/2207/2129 2220/2220/2141 2219/2219/2140
f 2208/2208/2130 2221/2221/2142 2220/2220/2141
f 2209/2209/2131 2222/2222/2143 2221/2221/2142
f 2210/2210/2132 2223/2223/2144 2222/2222/2143
f 2211/2211/2133 2224/2224/2145 2223/2223/2144
f 2212/2212/2134 2225/2225/2146 2224/2224/2145
f 2214/2214/242 2225/2225/2146 2213/2213/2135
f 2216/2216/2137 2226/2226/2147 2227/2227/2148
f 2215/2215/2136 2228/2228/2149 2226/2226/2147
f 2217/2217/2138 2229/2229/2150 2228/2228/2149
f 2218/2218/2139 2230/2230/2151 2229/2229/2150
f 2219/2219/2140 2231/2231/2152 2230/2230/2151
f 2220/2220/2141 2232/2232/2153 2231/2231/2152
f 2221/2221/2142 2233/2233/2154 2232/2232/2153
f 2222/2222/2143 2234/2234/2155 2233/2233/2154
f 2224/2224/2145 2234/2234/2155 2223/2223/2144
f 2224/2224/2145 2235/2235/2156 2236/2236/2157
f 2225/2225/2146 2237/2237/2158 2235/2235/2156
f 2227/2227/2148 2238/2238/2159 2239/2239/2160
f 2226/2226/2147 2240/2240/2161 2238/2238/2159
f 2228/2228/2149 2241/2241/2162 2240/2240/2161
f 2229/2229/2150 2242/2242/2163 2241/2241/2162
f 2230/2230/2151 2243/2243/2164 2242/2242/2163
f 2231/2231/2152 2244/2244/2165 2243/2243/2164
f 2232/2232/2153 2245/2245/2166 2244/2244/2165
f 2233/2233/2154 2246/2246/2167 2245/2245/2166
f 2234/2234/2155 2247/2247/2168 2246/2246/2167
f 2236/2236/2157 2248/2248/2169 2247/2247/2168
f 2235/2235/2156 2249/2249/269 2248/2248/2169
f 2239/2239/2160 2250/2250/2170 2251/2251/360
f 2238/2238/2159 2252/2252/2171 2250/2250/2170
f 2240/2240/2161 2253/2253/2172 2252/2252/2171
f 2241/2241/2162 2254/2254/2173 2253/2253/2172
f 2242/2242/2163 2255/2255/2174 2254/2254/2173
f 2243/2243/2164 2256/2256/2175 2255/2255/2174
f 2244/2244/2165 2257/2257/2176 2256/2256/2175
f 2245/2245/2166 2258/2258/2177 2257/2257/2176
f 2246/2246/2167 2259/2259/2178 2258/2258/2177
f 2247/2247/2168 2260/2260/2179 2259/2259/2178
f 2248/2248/2169 2261/2261/278 2260/2260/2179
f 2261/2261/278 2262/2262/2180 2260/2260/2179
f 2263/2263/367 2264/2264/2181 2262/2262/2180
f 2265/2265/2182 2266/2266/2183 2264/2264/2181
f 2267/2267/2184 2268/2268/2185 2266/2266/2183
f 2269/2269/2186 2270/2270/2187 2268/2268/2185
f 2271/2271/412 2272/2272/2188 2270/2270/2187
f 2273/2273/2189 2274/2274/2190 2272/2272/2188
f 2275/2275/430 2276/2276/2191 2274/2274/2190
f 2277/2277/439 2278/2278/2192 2276/2276/2191
f 2279/2279/2193 2280/2280/2194 2278/2278/2192
f 2281/2281/2195 2280/2280/2194 2282/2282/2196
f 2283/2283/1230 2284/2284/2197 2281/2281/2195
f 2285/2285/2198 2286/2286/2199 2283/2283/1230
f 2287/2287/2200 2288/2288/2201 2285/2285/2198
f 2289/2289/2202 2290/2290/2203 2287/2287/2200
f 2291/2291/2204 2292/2292/2205 2289/2289/2202
f 2293/2293/2206 2294/2294/2207 2291/2291/2204
f 2260/2260/2179 2295/2295/2208 2259/2259/2178
f 2262/2262/2180 2296/2296/2209 2295/2295/2208
f 2264/2264/2181 2297/2297/2210 2296/2296/2209
f 2266/2266/2183 2298/2298/2211 2297/2297/2210
f 2268/2268/2185 2299/2299/2212 2298/2298/2211
f 2270/2270/2187 2300/2300/2213 2299/2299/2212
f 2272/2272/2188 2301/2301/2214 2300/2300/2213
f 2274/2274/2190 2302/2302/2215 2301/2301/2214
f 2276/2276/2191 2303/2303/2216 2302/2302/2215
f 2278/2278/2192 2304/2304/2217 2303/2303/2216
f 2284/2284/2197 2304/2304/2217 2280/2280/2194
f 2286/2286/2199 2305/2305/2218 2284/2284/2197
f 2288/2288/2201 2306/2306/2219 2286/2286/2199
f 2290/2290/2203 2307/2307/2220 2288/2288/2201
f 2292/2292/2205 2308/2308/2221 2290/2290/2203
f 2294/2294/2207 2309/2309/2222 2292/2292/2205
f 2310/2310/2223 2311/2311/2224 2294/2294/2207
f 2259/2259/2178 2312/2312/2225 2258/2258/2177
f 2295/2295/2208 2313/2313/2226 2312/2312/2225
f 2296/2296/2209 2314/2314/2227 2313/2313/2226
f 2297/2297/2210 2315/2315/2228 2314/2314/2227
f 2298/2298/2211 2316/2316/2229 2315/2315/2228
f 2299/2299/2212 2317/2317/2230 2316/2316/2229
f 2300/2300/2213 2318/2318/2231 2317/2317/2230
f 2301/2301/2214 2319/2319/2232 2318/2318/2231
f 2302/2302/2215 2320/2320/2233 2319/2319/2232
f 2303/2303/2216 2321/2321/2234 2320/2320/2233
f 2304/2304/2217 2322/2322/2235 2321/2321/2234
f 2306/2306/2219 2322/2322/2235 2305/2305/2218
f 2307/2307/2220 2323/2323/2236 2306/2306/2219
f 2308/2308/2221 2324/2324/2237 2307/2307/2220
f 2308/2308/2221 2325/2325/2238 2326/2326/2239
f 2309/2309/2222 2327/2327/2240 2325/2325/2238
f 2328/2328/2241 2327/2327/2240 2311/2311/2224
f 2258/2258/2177 2329/2329/2242 2257/2257/2176
f 2312/2312/2225 2330/2330/2243 2329/2329/2242
f 2313/2313/2226 2331/2331/2244 2330/2330/2243
f 2314/2314/2227 2332/2332/2245 2331/2331/2244
f 2315/2315/2228 2333/2333/2246 2332/2332/2245
f 2316/2316/2229 2334/2334/2247 2333/2333/2246
f 2317/2317/2230 2335/2335/2248 2334/2334/2247
f 2318/2318/2231 2336/2336/2249 2335/2335/2248
f 2319/2319/2232 2337/2337/2250 2336/2336/2249
f 2320/2320/2233 2338/2338/2251 2337/2337/2250
f 2321/2321/2234 2339/2339/2252 2338/2338/2251
f 2322/2322/2235 2340/2340/2253 2339/2339/2252
f 2323/2323/2236 2341/2341/2254 2340/2340/2253
f 2324/2324/2237 2342/2342/2255 2341/2341/2254
f 2326/2326/2239 2343/2343/2256 2342/2342/2255
f 2325/2325/2238 2344/2344/2257 2343/2343/2256
f 2327/2327/2240 2345/2345/2258 2344/2344/2257
f 2257/2257/2176 2346/2346/2259 2256/2256/2175
f 2329/2329/2242 2347/2347/2260 2346/2346/2259
f 2330/2330/2243 2348/2348/2261 2347/2347/2260
f 2331/2331/2244 2349/2349/2262 2348/2348/2261
f 2332/2332/2245 2350/2350/2263 2349/2349/2262
f 2333/2333/2246 2351/2351/2264 2350/2350/2263
f 2334/2334/2247 2352/2352/2265 2351/2351/2264
f 2335/2335/2248 2353/2353/2266 2352/2352/2265
f 2336/2336/2249 2354/2354/2267 2353/2353/2266
f 2337/2337/2250 2355/2355/2268 2354/2354/2267
f 2338/2338/2251 2356/2356/2269 2355/2355/2268
f 2339/2339/2252 2357/2357/2270 2356/2356/2269
f 2340/2340/2253 2358/2358/2271 2357/2357/2270
f 2341/2341/2254 2359/2359/2272 2358/2358/2271
f 2342/2342/2255 2360/2360/2273 2359/2359/2272
f 2343/2343/2256 2361/2361/2274 2360/2360/2273
f 2344/2344/2257 2362/2362/2275 2361/2361/2274
f 2256/2256/2175 2363/2363/2276 2255/2255/2174
f 2346/2346/2259 2364/2364/2277 2363/2363/2276
f 2347/2347/2260 2365/2365/2278 2364/2364/2277
f 2348/2348/2261 2366/2366/2279 2365/2365/2278
f 2349/2349/2262 2367/2367/2280 2366/2366/2279
f 2350/2350/2263 2368/2368/2281 2367/2367/2280
f 2351/2351/2264 2369/2369/2282 2368/2368/2281
f 2352/2352/2265 2370/2370/2283 2369/2369/2282
f 2353/2353/2266 2371/2371/2284 2370/2370/2283
f 2354/2354/2267 2372/2372/2285 2371/2371/2284
f 2355/2355/2268 2373/2373/2286 2372/2372/2285
f 2356/2356/2269 2374/2374/2287 2373/2373/2286
f 2357/2357/2270 2375/2375/2288 2374/2374/2287
f 2358/2358/2271 2376/2376/2289 2375/2375/2288
f 2359/2359/2272 2377/2377/2290 2376/2376/2289
f 2360/2360/2273 2378/2378/2291 2377/2377/2290
f 2361/2361/2274 2379/2379/2292 2378/2378/2291
f 2255/2255/2174 2380/2380/2293 2254/2254/2173
f 2363/2363/2276 2381/2381/2294 2380/2380/2293
f 2364/2364/2277 2382/2382/2295 2381/2381/2294
f 2365/2365/2278 2383/2383/2296 2382/2382/2295
f 2366/2366/2279 2384/2384/2297 2383/2383/2296
f 2367/2367/2280 2385/2385/2298 2384/2384/2297
f 2368/2368/2281 2386/2386/2299 2385/2385/2298
f 2369/2369/2282 2387/2387/2300 2386/2386/2299
f 2370/2370/2283 2388/2388/2301 2387/2387/2300
f 2371/2371/2284 2389/2389/2302 2388/2388/2301
f 2372/2372/2285 2390/2390/2303 2389/2389/2302
f 2373/2373/2286 2391/2391/2304 2390/2390/2303
f 2374/2374/2287 2392/2392/2305 2391/2391/2304
f 2375/2375/2288 2393/2393/2306 2392/2392/2305
f 2376/2376/2289 2394/2394/2307 2393/2393/2306
f 2377/2377/2290 2395/2395/2308 2394/2394/2307
f 2378/2378/2291 2396/2396/2309 2395/2395/2308
f 2254/2254/2173 2397/2397/2310 2253/2253/2172
f 2380/2380/2293 2398/2398/2311 2397/2397/2310
f 2381/2381/2294 2399/2399/2312 2398/2398/2311
f 2382/2382/2295 2400/2400/2313 2399/2399/2312
f 2383/2383/2296 2401/2401/2314 2400/2400/2313
f 2384/2384/2297 2402/2402/2315 2401/2401/2314
f 2385/2385/2298 2403/2403/2316 2402/2402/2315
f 2386/2386/2299 2404/2404/2317 2403/2403/2316
f 2387/2387/2300 2405/2405/2318 2404/2404/2317
f 2388/2388/2301 2406/2406/2319 2405/2405/2318
f 2389/2389/2302 2407/2407/2320 2406/2406/2319
f 2390/2390/2303 2408/2408/2321 2407/2407/2320
f 2391/2391/2304 2409/2409/2322 2408/2408/2321
f 2392/2392/2305 2410/2410/2323 2409/2409/2322
f 2393/2393/2306 2411/2411/2324 2410/2410/2323
f 2394/2394/2307 2412/2412/2325 2411/2411/2324
f 2395/2395/2308 2413/2413/2326 2412/2412/2325
f 2253/2253/2172 2414/2414/2327 2252/2252/2171
f 2397/2397/2310 2415/2415/2328 2414/2414/2327
f 2398/2398/2311 2416/2416/2329 2415/2415/2328
f 2399/2399/2312 2417/2417/2330 2416/2416/2329
f 2400/2400/2313 2418/2418/2331 2417/2417/2330
f 2401/2401/2314 2419/2419/2332 2418/2418/2331
f 2402/2402/2315 2420/2420/2333 2419/2419/2332
f 2403/2403/2316 2421/2421/2334 2420/2420/2333
f 2404/2404/2317 2422/2422/2335 2421/2421/2334
f 2405/2405/2318 2423/2423/2336 2422/2422/2335
f 2406/2406/2319 2424/2424/2337 2423/2423/2336
f 2407/2407/2320 2425/2425/2338 2424/2424/2337
f 2408/2408/2321 2426/2426/2339 2425/2425/2338
f 2409/2409/2322 2427/2427/2340 2426/2426/2339
f 2410/2410/2323 2428/2428/2341 2427/2427/2340
f 2411/2411/2324 2429/2429/2342 2428/2428/2341
f 2412/2412/2325 2430/2430/2343 2429/2429/2342
f 2252/2252/2171 2431/2431/2344 2250/2250/2170
f 2414/2414/2327 2432/2432/2345 2431/2431/2344
f 2415/2415/2328 2433/2433/2346 2432/2432/2345
f 2416/2416/2329 2434/2434/2347 2433/2433/2346
f 2417/2417/2330 2435/2435/2348 2434/2434/2347
f 2418/2418/2331 2436/2436/2349 2435/2435/2348
f 2419/2419/2332 2437/2437/2350 2436/2436/2349
f 2420/2420/2333 2438/2438/2351 2437/2437/2350
f 2421/2421/2334 2439/2439/2352 2438/2438/2351
f 2422/2422/2335 2440/2440/2353 2439/2439/2352
f 2423/2423/2336 2441/2441/2354 2440/2440/2353
f 2424/2424/2337 2442/2442/2355 2441/2441/2354
f 2425/2425/2338 2443/2443/2356 2442/2442/2355
f 2426/2426/2339 2444/2444/2357 2443/2443/2356
f 2427/2427/2340 2445/2445/2358 2444/2444/2357
f 2428/2428/2341 2446/2446/2359 2445/2445/2358
f 2429/2429/2342 2447/2447/2360 2446/2446/2359
f 2250/2250/2170 2448/2448/2361 2251/2251/360
f 2431/2431/2344 2449/2449/2362 2448/2448/2361
f 2432/2432/2345 2450/2450/2363 2449/2449/2362
f 2433/2433/2346 2451/2451/2364 2450/2450/2363
f 2434/2434/2347 2452/2452/1020 2451/2451/2364
f 2435/2435/2348 2453/2453/2365 2452/2452/1020
f 2436/2436/2349 2454/2454/2366 2453/2453/2365
f 2437/2437/2350 2455/2455/1023 2454/2454/2366
f 2438/2438/2351 2456/2456/1024 2455/2455/1023
f 2439/2439/2352 2457/2457/1025 2456/2456/1024
f 2440/2440/2353 2458/2458/1026 2457/2457/1025
f 2441/2441/2354 2459/2459/1027 2458/2458/1026
f 2442/2442/2355 2460/2460/1028 2459/2459/1027
f 2443/2443/2356 2461/2461/2367 2460/2460/1028
f 2444/2444/2357 2462/2462/1030 2461/2461/2367
f 2445/2445/2358 2463/2463/1031 2462/2462/1030
f 2446/2446/2359 2464/2464/1058 2463/2463/1031
f 2465/2465/2368 2466/2466/2223 2467/2467/2206
f 2468/2468/2369 2469/2469/2370 2465/2465/2368
f 2469/2469/2370 2470/2470/2241 2466/2466/2223
f 2471/2471/2371 2472/2472/2372 2469/2469/2370
f 2472/2472/2372 2473/2473/2373 2470/2470/2241
f 2474/2474/2374 2475/2475/2375 2472/2472/2372
f 2475/2475/2375 2476/2476/2258 2473/2473/2373
f 2477/2477/2376 2478/2478/2377 2475/2475/2375
f 2478/2478/2377 2479/2479/2378 2476/2476/2258
f 2480/2480/2379 2481/2481/2380 2478/2478/2377
f 2481/2481/2380 2482/2482/2292 2479/2479/2378
f 2483/2483/2381 2484/2484/2382 2481/2481/2380
f 2484/2484/2382 2485/2485/2383 2482/2482/2292
f 2486/2486/2384 2487/2487/2385 2484/2484/2382
f 2487/2487/2385 2488/2488/2326 2485/2485/2383
f 2489/2489/2386 2490/2490/2387 2487/2487/2385
f 2490/2490/2387 2491/2491/2343 2488/2488/2326
f 2492/2492/2388 2493/2493/2389 2490/2490/2387
f 2493/2493/2389 2494/2494/2360 2491/2491/2343
f 2495/2495/2390 2496/2496/2391 2493/2493/2389
f 2496/2496/2391 2497/2497/1058 2494/2494/2360
f 2498/2498/2392 2499/2499/1059 2496/2496/2391
f 2500/2500/1169 2501/2501/2371 2502/2502/1170
f 2503/2503/1172 2504/2504/2393 2500/2500/1169
f 2505/2505/1174 2506/2506/2394 2503/2503/1172
f 2504/2504/2393 2507/2507/2374 2501/2501/2371
f 2506/2506/2394 2508/2508/2395 2504/2504/2393
f 2509/2509/2396 2510/2510/2397 2506/2506/2394
f 2508/2508/2395 2511/2511/2376 2507/2507/2374
f 2510/2510/2397 2512/2512/2398 2508/2508/2395
f 2513/2513/2399 2514/2514/2400 2510/2510/2397
f 2512/2512/2398 2515/2515/2379 2511/2511/2376
f 2514/2514/2400 2516/2516/2401 2512/2512/2398
f 2517/2517/2402 2518/2518/2403 2514/2514/2400
f 2516/2516/2401 2519/2519/2381 2515/2515/2379
f 2518/2518/2403 2520/2520/2404 2516/2516/2401
f 2521/2521/2405 2522/2522/2406 2518/2518/2403
f 2520/2520/2404 2523/2523/2384 2519/2519/2381
f 2522/2522/2406 2524/2524/2407 2520/2520/2404
f 2525/2525/2408 2526/2526/2409 2522/2522/2406
f 2524/2524/2407 2527/2527/2410 2523/2523/2384
f 2526/2526/2409 2528/2528/2411 2524/2524/2407
f 2529/2529/2412 2530/2530/2413 2526/2526/2409
f 2528/2528/2411 2531/2531/2388 2527/2527/2410
f 2530/2530/2413 2532/2532/2414 2528/2528/2411
f 2533/2533/2415 2534/2534/2416 2530/2530/2413
f 2532/2532/2414 2535/2535/2390 2531/2531/2388
f 2534/2534/2416 2536/2536/2417 2532/2532/2414
f 2537/2537/2418 2538/2538/2419 2534/2534/2416
f 2536/2536/2417 2539/2539/2392 2535/2535/2390
f 2538/2538/2419 2540/2540/2420 2536/2536/2417
f 2541/2541/2421 2542/2542/2422 2538/2538/2419
f 2540/2540/2420 2543/2543/1097 2539/2539/2392
f 2542/2542/2422 2544/2544/1098 2540/2540/2420
f 2545/2545/2423 2546/2546/1099 2542/2542/2422
f 2547/2547/851 2548/2548/2424 2549/2549/850
f 2550/2550/853 2551/2551/2425 2547/2547/851
f 2552/2552/855 2553/2553/2426 2550/2550/853
f 2554/2554/857 2555/2555/2427 2552/2552/855
f 2556/2556/2428 2557/2557/2429 2554/2554/857
f 2558/2558/861 2559/2559/2430 2556/2556/2428
f 2560/2560/2431 2561/2561/2432 2558/2558/861
f 2562/2562/2433 2563/2563/2434 2560/2560/2431
f 2551/2551/2425 2564/2564/2435 2548/2548/2424
f 2553/2553/2426 2565/2565/2436 2551/2551/2425
f 2555/2555/2427 2566/2566/2437 2553/2553/2426
f 2557/2557/2429 2567/2567/2438 2555/2555/2427
f 2559/2559/2430 2568/2568/2439 2557/2557/2429
f 2561/2561/2432 2569/2569/2440 2559/2559/2430
f 2563/2563/2434 2570/2570/2441 2561/2561/2432
f 2571/2571/1164 2572/2572/2442 2563/2563/2434
f 2565/2565/2436 2573/2573/2443 2564/2564/2435
f 2566/2566/2437 2574/2574/2444 2565/2565/2436
f 2567/2567/2438 2575/2575/2445 2566/2566/2437
f 2568/2568/2439 2576/2576/2446 2567/2567/2438
f 2569/2569/2440 2577/2577/2447 2568/2568/2439
f 2570/2570/2441 2578/2578/2448 2569/2569/2440
f 2572/2572/2442 2579/2579/2449 2570/2570/2441
f 2580/2580/2450 2581/2581/2451 2572/2572/2442
f 2574/2574/2444 2582/2582/2452 2573/2573/2443
f 2575/2575/2445 2583/2583/2453 2574/2574/2444
f 2576/2576/2446 2584/2584/2454 2575/2575/2445
f 2577/2577/2447 2585/2585/2455 2576/2576/2446
f 2578/2578/2448 2586/2586/2456 2577/2577/2447
f 2579/2579/2449 2587/2587/2457 2578/2578/2448
f 2581/2581/2451 2588/2588/2458 2579/2579/2449
f 2589/2589/1156 2590/2590/2459 2581/2581/2451
f 2583/2583/2453 2591/2591/2460 2582/2582/2452
f 2584/2584/2454 2592/2592/2461 2583/2583/2453
f 2585/2585/2455 2593/2593/2462 2584/2584/2454
f 2586/2586/2456 2594/2594/2463 2585/2585/2455
f 2587/2587/2457 2595/2595/2464 2586/2586/2456
f 2588/2588/2458 2596/2596/2465 2587/2587/2457
f 2590/2590/2459 2597/2597/2466 2588/2588/2458
f 2598/2598/1152 2599/2599/2467 2590/2590/2459
f 2592/2592/2461 2600/2600/2468 2591/2591/2460
f 2593/2593/2462 2601/2601/2469 2592/2592/2461
f 2594/2594/2463 2602/2602/2470 2593/2593/2462
f 2595/2595/2464 2603/2603/2471 2594/2594/2463
f 2596/2596/2465 2604/2604/2472 2595/2595/2464
f 2597/2597/2466 2605/2605/2473 2596/2596/2465
f 2599/2599/2467 2606/2606/2474 2597/2597/2466
f 2607/2607/2475 2608/2608/2476 2599/2599/2467
f 2601/2601/2469 2609/2609/2477 2600/2600/2468
f 2602/2602/2470 2610/2610/2478 2601/2601/2469
f 2603/2603/2471 2611/2611/2479 2602/2602/2470
f 2604/2604/2472 2612/2612/2480 2603/2603/2471
f 2605/2605/2473 2613/2613/2481 2604/2604/2472
f 2606/2606/2474 2614/2614/2482 2605/2605/2473
f 2608/2608/2476 2615/2615/2483 2606/2606/2474
f 2616/2616/1144 2617/2617/2484 2608/2608/2476
f 2610/2610/2478 2618/2618/2485 2609/2609/2477
f 2611/2611/2479 2619/2619/2486 2610/2610/2478
f 2612/2612/2480 2620/2620/2487 2611/2611/2479
f 2613/2613/2481 2621/2621/2488 2612/2612/2480
f 2614/2614/2482 2622/2622/2489 2613/2613/2481
f 2615/2615/2483 2623/2623/2490 2614/2614/2482
f 2617/2617/2484 2624/2624/2491 2615/2615/2483
f 2625/2625/1140 2626/2626/1668 2617/2617/2484
f 2627/2627/2492 1893/1893/1834 2628/2628/2493
f 2629/2629/2494 1891/1891/1832 1893/1893/1834
f 2630/2630/2495 1890/1890/1831 1891/1891/1832
f 2631/2631/2496 1889/1889/1830 1890/1890/1831
f 2632/2632/2497 1888/1888/1829 1889/1889/1830
f 2633/2633/2498 2634/2634/2499 1887/1887/1828
f 2635/2635/2500 1886/1886/1827 2634/2634/2499
f 2636/2636/2501 1884/1884/449 1886/1886/1827
f 2637/2637/2502 2629/2629/2494 2627/2627/2492
f 2638/2638/2503 2630/2630/2495 2629/2629/2494
f 2639/2639/2504 2631/2631/2496 2630/2630/2495
f 2640/2640/2505 2632/2632/2497 2631/2631/2496
f 2641/2641/2506 2642/2642/2507 2632/2632/2497
f 2643/2643/2508 2635/2635/2500 2633/2633/2498
f 2644/2644/2509 2636/2636/2501 2635/2635/2500
f 2645/2645/2510 2646/2646/2511 2636/2636/2501
f 2647/2647/2512 2638/2638/2503 2637/2637/2502
f 2648/2648/2513 2639/2639/2504 2638/2638/2503
f 2649/2649/2514 2640/2640/2505 2639/2639/2504
f 2650/2650/2515 2641/2641/2506 2640/2640/2505
f 2651/2651/2516 2652/2652/2517 2641/2641/2506
f 2653/2653/2518 2644/2644/2509 2643/2643/2508
f 2654/2654/2519 2645/2645/2510 2644/2644/2509
f 2655/2655/2520 2656/2656/2521 2645/2645/2510
f 2657/2657/2522 2648/2648/2513 2647/2647/2512
f 2658/2658/2523 2649/2649/2514 2648/2648/2513
f 2659/2659/2524 2650/2650/2515 2649/2649/2514
f 2660/2660/2525 2651/2651/2516 2650/2650/2515
f 2661/2661/2526 2662/2662/2527 2651/2651/2516
f 2663/2663/2528 2654/2654/2519 2653/2653/2518
f 2664/2664/2529 2655/2655/2520 2654/2654/2519
f 2665/2665/2530 2666/2666/2531 2655/2655/2520
f 2667/2667/2532 2658/2658/2523 2657/2657/2522
f 2668/2668/2533 2659/2659/2524 2658/2658/2523
f 2669/2669/2534 2660/2660/2525 2659/2659/2524
f 2670/2670/2535 2661/2661/2526 2660/2660/2525
f 2671/2671/2536 2672/2672/2537 2661/2661/2526
f 2673/2673/2538 2664/2664/2529 2663/2663/2528
f 2674/2674/2539 2665/2665/2530 2664/2664/2529
f 2675/2675/2540 2676/2676/1348 2665/2665/2530
f 2677/2677/2541 2668/2668/2533 2667/2667/2532
f 2678/2678/2542 2669/2669/2534 2668/2668/2533
f 2679/2679/2543 2670/2670/2535 2669/2669/2534
f 2680/2680/2544 2671/2671/2536 2670/2670/2535
f 2681/2681/2545 2682/2682/2546 2671/2671/2536
f 2683/2683/2547 2674/2674/2539 2673/2673/2538
f 2684/2684/2548 2675/2675/2540 2674/2674/2539
f 2685/2685/2549 2686/2686/1357 2675/2675/2540
f 2687/2687/2550 2678/2678/2542 2677/2677/2541
f 2688/2688/2551 2679/2679/2543 2678/2678/2542
f 2689/2689/2552 2680/2680/2544 2679/2679/2543
f 2690/2690/2553 2681/2681/2545 2680/2680/2544
f 2691/2691/2554 2692/2692/2555 2681/2681/2545
f 2693/2693/2556 2684/2684/2548 2683/2683/2547
f 2694/2694/2557 2685/2685/2549 2684/2684/2548
f 2695/2695/2558 2696/2696/1365 2685/2685/2549
f 1700/1700/1657 2688/2688/2551 2687/2687/2550
f 1699/1699/1656 2689/2689/2552 2688/2688/2551
f 1715/1715/1672 2690/2690/2553 2689/2689/2552
f 1724/1724/1681 2691/2691/2554 2690/2690/2553
f 1733/1733/1690 2697/2697/2559 2691/2691/2554
f 1753/1753/1708 2694/2694/2557 2693/2693/2556
f 1752/1752/1707 2695/2695/2558 2694/2694/2557
f 1768/1768/1723 2698/2698/2560 2695/2695/2558
f 1234/1234/1217 1243/1243/1226 1235/1235/1218
f 1233/1233/1216 1241/1241/1224 1234/1234/1217
f 2699/2699/340 1239/1239/1222 1233/1233/1216
f 1131/1131/1117 2700/2700/2561 1126/1126/1112
f 1130/1130/1116 1126/1126/1112 1123/1123/1109
f 2701/2701/1721 1130/1130/1116 1123/1123/1109
f 2702/2702/2562 2703/2703/2563 2704/2704/2564
f 2702/2702/2562 2705/2705/2565 2706/2706/2566
f 2707/2707/2567 2704/2704/2564 2708/2708/2568
f 2709/2709/2569 2704/2704/2564 2710/2710/2570
f 2709/2709/2569 2711/2711/2571 2702/2702/2562
f 2712/2712/2572 2711/2711/2571 2713/2713/2573
f 2711/2711/2571 2714/2714/2574 2705/2705/2565
f 2704/2704/2564 2715/2715/2575 2708/2708/2568
f 2716/2716/2576 2717/2717/2577 2718/2718/2578
f 2717/2717/2577 2719/2719/2579 2718/2718/2578
f 2720/2720/2580 2721/2721/2581 2722/2722/2582
f 2723/2723/2583 2724/2724/2584 2725/2725/2585
f 2726/2726/2586 2719/2719/2579 2727/2727/2587
f 2728/2728/2588 2729/2729/2589 2730/2730/2590
f 2731/2731/2591 2712/2712/2572 2713/2713/2573
f 2732/2732/2592 2713/2713/2573 2709/2709/2569
f 2732/2732/2592 2710/2710/2570 2733/2733/2593
f 2733/2733/2593 2707/2707/2567 2719/2719/2579
f 2734/2734/2594 2735/2735/2595 2736/2736/2596
f 2734/2734/2594 2737/2737/2597 2738/2738/2598
f 2739/2739/2599 2740/2740/2600 2741/2741/2601
f 2742/2742/2602 2731/2731/2591 2732/2732/2592
f 2743/2743/2603 2744/2744/2604 2745/2745/2605
f 2718/2718/2578 2707/2707/2567 2708/2708/2568
f 2716/2716/2576 2708/2708/2568 2715/2715/2575
f 2746/2746/2606 2730/2730/2590 2747/2747/2607
f 2742/2742/2602 2733/2733/2593 2726/2726/2586
f 2748/2748/2608 2749/2749/2609 2750/2750/2610
f 2750/2750/2610 2712/2712/2572 2740/2740/2600
f 2751/2751/2611 2740/2740/2600 2731/2731/2591
f 2752/2752/2612 2750/2750/2610 2739/2739/2599
f 2753/2753/2613 2754/2754/2614 2755/2755/2615
f 2756/2756/2616 2742/2742/2602 2726/2726/2586
f 2757/2757/2617 2754/2754/2614 2758/2758/2618
f 2759/2759/2619 2742/2742/2602 2760/2760/2614
f 2751/2751/2611 2761/2761/2620 2741/2741/2601
f 2762/2762/2619 2763/2763/2621 2764/2764/2620
f 2765/2765/2622 2755/2755/2615 2766/2766/2623
f 2767/2767/2623 2726/2726/2586 2727/2727/2587
f 2768/2768/2624 2769/2769/2625 2770/2770/2626
f 2771/2771/2627 2772/2772/2628 2773/2773/2629
f 2717/2717/2577 2767/2767/2623 2727/2727/2587
f 2774/2774/2627 2765/2765/2622 2766/2766/2623
f 2752/2752/2612 2775/2775/2630 2776/2776/2631
f 2777/2777/2632 2778/2778/2633 2779/2779/2634
f 2763/2763/2621 2780/2780/2635 2764/2764/2620
f 2761/2761/2620 2739/2739/2599 2741/2741/2601
f 2781/2781/2636 2782/2782/2637 2783/2783/2638
f 2781/2781/2636 2784/2784/2639 2785/2785/2640
f 2786/2786/2641 2787/2787/2642 2784/2784/2639
f 2788/2788/2643 2745/2745/2605 2789/2789/2644
f 2784/2784/2639 2787/2787/2642 2788/2788/2643
f 2790/2790/2645 2791/2791/2646 2792/2792/2647
f 2793/2793/2648 2794/2794/2649 2795/2795/2650
f 2783/2783/2638 2796/2796/2651 2797/2797/2652
f 2792/2792/2647 2798/2798/2653 2799/2799/2595
f 2785/2785/2640 2800/2800/2654 2801/2801/2655
f 2802/2802/2656 2803/2803/2657 2804/2804/2658
f 2802/2802/2656 2805/2805/2659 2806/2806/2660
f 2807/2807/2597 2808/2808/2661 2809/2809/2598
f 2810/2810/2662 2796/2796/2651 2808/2808/2661
f 2808/2808/2661 2790/2790/2645 2792/2792/2647
f 2809/2809/2598 2792/2792/2647 2799/2799/2595
f 2811/2811/2607 2812/2812/2663 2813/2813/2664
f 2814/2814/2590 2743/2743/2603 2812/2812/2663
f 2812/2812/2663 2788/2788/2643 2787/2787/2642
f 2813/2813/2664 2787/2787/2642 2815/2815/2665
f 2816/2816/2666 2817/2817/2667 2818/2818/2668
f 2817/2817/2667 2819/2819/2669 2820/2820/2670
f 2820/2820/2670 2821/2821/2671 2822/2822/2672
f 2800/2800/2654 2788/2788/2643 2789/2789/2644
f 2823/2823/2673 2824/2824/2674 2825/2825/2675
f 2826/2826/2676 2827/2827/2677 2828/2828/2678
f 2829/2829/2679 2826/2826/2676 2830/2830/2680
f 2831/2831/2681 2818/2818/2668 2832/2832/2682
f 2833/2833/2683 2830/2830/2680 2834/2834/2684
f 2834/2834/2684 2722/2722/2582 2833/2833/2683
f 2825/2825/2675 2835/2835/2685 2836/2836/2686
f 2837/2837/2687 2827/2827/2677 2838/2838/2688
f 2839/2839/2689 2840/2840/2690 2841/2841/2691
f 2841/2841/2691 2831/2831/2681 2832/2832/2682
f 2840/2840/2690 2833/2833/2683 2831/2831/2681
f 2842/2842/2692 2829/2829/2679 2840/2840/2690
f 2843/2843/2693 2844/2844/2694 2845/2845/2695
f 2846/2846/2696 2847/2847/2697 2843/2843/2693
f 2848/2848/2698 2843/2843/2693 2821/2821/2671
f 2821/2821/2671 2845/2845/2695 2822/2822/2672
f 2785/2785/2640 2849/2849/2699 2782/2782/2637
f 2850/2850/2700 2851/2851/2701 2852/2852/2702
f 2853/2853/2703 2854/2854/2704 2855/2855/2705
f 2856/2856/2706 2724/2724/2584 2857/2857/2707
f 2858/2858/2708 2859/2859/2709 2850/2850/2700
f 2721/2721/2581 2860/2860/2710 2861/2861/2711
f 2862/2862/2585 2863/2863/2712 2864/2864/2713
f 2729/2729/2589 2865/2865/2714 2866/2866/2604
f 2867/2867/2715 2868/2868/2716 2847/2847/2697
f 2869/2869/2717 2848/2848/2698 2870/2870/2718
f 2825/2825/2675 2871/2871/2719 2867/2867/2715
f 2872/2872/2720 2842/2842/2692 2839/2839/2689
f 2847/2847/2697 2873/2873/2721 2844/2844/2694
f 2827/2827/2677 2874/2874/2685 2875/2875/2674
f 2876/2876/2722 2838/2838/2688 2842/2842/2692
f 2877/2877/2723 2878/2878/2724 2879/2879/2725
f 2880/2880/2726 2881/2881/2727 2882/2882/2728
f 2883/2883/2729 2884/2884/2730 2885/2885/2731
f 2886/2886/2732 2887/2887/2733 2888/2888/2734
f 2886/2886/2732 2889/2889/2735 2890/2890/2736
f 2890/2890/2736 2891/2891/2737 2880/2880/2726
f 2892/2892/2738 2885/2885/2731 2878/2878/2724
f 2882/2882/2728 2893/2893/2739 2894/2894/2740
f 2895/2895/2741 2892/2892/2738 2877/2877/2723
f 2896/2896/2636 2897/2897/2742 2895/2895/2741
f 2896/2896/2636 2898/2898/2743 2899/2899/2744
f 2900/2900/2745 2881/2881/2727 2898/2898/2743
f 2897/2897/2742 2883/2883/2729 2892/2892/2738
f 2899/2899/2744 2887/2887/2733 2897/2897/2742
f 2899/2899/2744 2889/2889/2735 2888/2888/2734
f 2898/2898/2743 2891/2891/2737 2889/2889/2735
f 2779/2779/2634 2901/2901/2746 2902/2902/2747
f 2902/2902/2747 2728/2728/2588 2746/2746/2606
f 2765/2765/2622 2903/2903/2748 2753/2753/2613
f 2904/2904/2749 2905/2905/2750 2903/2903/2748
f 2770/2770/2626 2906/2906/2751 2768/2768/2624
f 2906/2906/2751 2907/2907/2752 2734/2734/2594
f 2768/2768/2624 2904/2904/2749 2765/2765/2622
f 2906/2906/2751 2736/2736/2596 2904/2904/2749
f 2778/2778/2633 2908/2908/2753 2901/2901/2746
f 2901/2901/2746 2865/2865/2714 2728/2728/2588
f 2763/2763/2621 2909/2909/2754 2908/2908/2753
f 2908/2908/2753 2806/2806/2660 2865/2865/2714
f 2757/2757/2617 2910/2910/2755 2909/2909/2754
f 2909/2909/2754 2802/2802/2656 2806/2806/2660
f 2753/2753/2613 2910/2910/2755 2758/2758/2618
f 2903/2903/2748 2802/2802/2656 2910/2910/2755
f 2849/2849/2699 2790/2790/2645 2782/2782/2637
f 2806/2806/2660 2911/2911/2756 2865/2865/2714
f 2905/2905/2750 2912/2912/2653 2803/2803/2657
f 2736/2736/2596 2735/2735/2595 2913/2913/2653
f 2914/2914/2757 2915/2915/2758 2916/2916/2759
f 2852/2852/2702 2917/2917/2760 2918/2918/2761
f 2861/2861/2711 2870/2870/2718 2848/2848/2698
f 2919/2919/2762 2795/2795/2650 2863/2863/2712
f 2796/2796/2651 2782/2782/2637 2790/2790/2645
f 2920/2920/2763 2921/2921/2764 2794/2794/2649
f 2722/2722/2582 2922/2922/2765 2816/2816/2666
f 2828/2828/2678 2875/2875/2674 2923/2923/2766
f 2924/2924/2767 2846/2846/2696 2869/2869/2717
f 2922/2922/2765 2861/2861/2711 2819/2819/2669
f 2861/2861/2711 2821/2821/2671 2819/2819/2669
f 2831/2831/2681 2722/2722/2582 2816/2816/2666
f 2924/2924/2767 2825/2825/2675 2867/2867/2715
f 2925/2925/2768 2926/2926/2769 2927/2927/2770
f 2703/2703/2563 2928/2928/2771 2929/2929/2772
f 2928/2928/2771 2705/2705/2565 2930/2930/2773
f 2931/2931/2774 2929/2929/2772 2932/2932/2775
f 2929/2929/2772 2933/2933/2776 2932/2932/2775
f 2933/2933/2776 2930/2930/2773 2934/2934/2777
f 2930/2930/2773 2935/2935/2778 2934/2934/2777
f 2930/2930/2773 2714/2714/2574 2936/2936/2779
f 2715/2715/2575 2929/2929/2772 2937/2937/2780
f 2938/2938/2781 2772/2772/2628 2716/2716/2576
f 2939/2939/2782 2940/2940/2783 2938/2938/2781
f 2941/2941/2784 2942/2942/2785 2943/2943/2786
f 2944/2944/2787 2945/2945/2788 2946/2946/2789
f 2939/2939/2782 2947/2947/2790 2948/2948/2791
f 2949/2949/2792 2950/2950/2793 2951/2951/2794
f 2952/2952/2795 2935/2935/2778 2953/2953/2796
f 2954/2954/2797 2934/2934/2777 2952/2952/2795
f 2932/2932/2775 2954/2954/2797 2955/2955/2798
f 2931/2931/2774 2955/2955/2798 2939/2939/2782
f 2956/2956/2799 2957/2957/2800 2958/2958/2801
f 2959/2959/2802 2907/2907/2752 2957/2957/2800
f 2960/2960/2803 2953/2953/2796 2961/2961/2804
f 2962/2962/2805 2952/2952/2795 2963/2963/2806
f 2964/2964/2807 2965/2965/2808 2966/2966/2809
f 2931/2931/2774 2938/2938/2781 2937/2937/2780
f 2937/2937/2780 2716/2716/2576 2715/2715/2575
f 2746/2746/2606 2967/2967/2810 2949/2949/2792
f 2955/2955/2798 2962/2962/2805 2947/2947/2790
f 2748/2748/2608 2936/2936/2779 2714/2714/2574
f 2961/2961/2804 2935/2935/2778 2936/2936/2779
f 2963/2963/2806 2953/2953/2796 2968/2968/2811
f 2752/2752/2612 2961/2961/2804 2748/2748/2608
f 2969/2969/2812 2970/2970/2813 2971/2971/2814
f 2972/2972/2815 2962/2962/2805 2973/2973/2813
f 2970/2970/2813 2974/2974/2816 2971/2971/2814
f 2962/2962/2805 2975/2975/2817 2973/2973/2813
f 2976/2976/2818 2963/2963/2806 2968/2968/2811
f 2977/2977/2819 2978/2978/2820 2979/2979/2818
f 2980/2980/2821 2981/2981/2815 2969/2969/2812
f 2982/2982/2822 2947/2947/2790 2972/2972/2815
f 2769/2769/2625 2983/2983/2823 2770/2770/2626
f 2772/2772/2628 2984/2984/2824 2773/2773/2629
f 2982/2982/2822 2940/2940/2783 2948/2948/2791
f 2980/2980/2821 2985/2985/2825 2986/2986/2822
f 2752/2752/2612 2987/2987/2826 2960/2960/2803
f 2777/2777/2632 2988/2988/2827 2989/2989/2828
f 2977/2977/2819 2989/2989/2828 2988/2988/2827
f 2976/2976/2818 2960/2960/2803 2987/2987/2826
f 2990/2990/2829 2781/2781/2636 2783/2783/2638
f 2781/2781/2636 2991/2991/2830 2786/2786/2641
f 2786/2786/2641 2992/2992/2831 2815/2815/2665
f 2993/2993/2832 2994/2994/2833 2995/2995/2834
f 2991/2991/2830 2996/2996/2835 2992/2992/2831
f 2997/2997/2836 2998/2998/2837 2999/2999/2838
f 3000/3000/2839 3001/3001/2840 3002/3002/2841
f 3003/3003/2842 2783/2783/2638 2797/2797/2652
f 3004/3004/2843 3005/3005/2844 3006/3006/2845
f 3007/3007/2846 2926/2926/2769 3008/3008/2847
f 2941/2941/2784 3009/3009/2848 3010/3010/2849
f 3011/3011/2850 2944/2944/2787 3012/3012/2851
f 3013/3013/2802 2810/2810/2662 2807/2807/2597
f 2810/2810/2662 3003/3003/2842 2797/2797/2652
f 3014/3014/2852 3004/3004/2843 3003/3003/2842
f 3013/3013/2802 3015/3015/2853 3014/3014/2852
f 2813/2813/2664 3016/3016/2854 2811/2811/2607
f 2994/2994/2833 3016/3016/2854 3017/3017/2855
f 2996/2996/2835 3017/3017/2855 2992/2992/2831
f 2992/2992/2831 2813/2813/2664 2815/2815/2665
f 2817/2817/2667 3018/3018/2856 2818/2818/2668
f 2817/2817/2667 3019/3019/2857 3020/3020/2858
f 2820/2820/2670 3021/3021/2859 3019/3019/2857
f 3022/3022/2860 2996/2996/2835 2991/2991/2830
f 3023/3023/2861 3024/3024/2862 3025/3025/2863
f 3026/3026/2864 3027/3027/2865 3028/3028/2866
f 3029/3029/2867 3026/3026/2864 3028/3028/2866
f 2818/2818/2668 3030/3030/2868 2832/2832/2682
f 3031/3031/2869 3032/3032/2870 3029/3029/2867
f 2943/2943/2786 3033/3033/2871 3031/3031/2869
f 3034/3034/2872 3035/3035/2873 3024/3024/2862
f 3027/3027/2865 3036/3036/2874 3028/3028/2866
f 2841/2841/2691 3037/3037/2875 2839/2839/2689
f 2841/2841/2691 3030/3030/2868 3038/3038/2876
f 3038/3038/2876 3031/3031/2869 3029/3029/2867
f 3037/3037/2875 3029/3029/2867 3028/3028/2866
f 2845/2845/2695 3039/3039/2877 3040/3040/2878
f 3039/3039/2877 3041/3041/2879 3040/3040/2878
f 3040/3040/2878 3042/3042/2880 3021/3021/2859
f 2845/2845/2695 3021/3021/2859 2822/2822/2672
f 3043/3043/2881 3022/3022/2860 2991/2991/2830
f 3044/3044/2882 2999/2999/2838 3045/3045/2883
f 3046/3046/2884 3043/3043/2881 2990/2990/2829
f 2995/2995/2834 2996/2996/2835 3047/3047/2885
f 3015/3015/2853 3048/3048/2886 3005/3005/2844
f 3049/3049/2887 2964/2964/2807 2966/2966/2809
f 3045/3045/2883 3050/3050/2888 3044/3044/2882
f 2950/2950/2793 3051/3051/2832 2951/2951/2794
f 3039/3039/2877 3052/3052/2889 3053/3053/2890
f 3042/3042/2880 3054/3054/2891 3055/3055/2892
f 3052/3052/2889 3034/3034/2872 3053/3053/2890
f 2839/2839/2689 3056/3056/2893 2872/2872/2720
f 2844/2844/2694 3057/3057/2894 3039/3039/2877
f 3035/3035/2873 3027/3027/2865 3024/3024/2862
f 3037/3037/2875 3036/3036/2874 3056/3056/2893
f 3058/3058/2895 2877/2877/2723 2879/2879/2725
f 3059/3059/2896 3060/3060/2897 3061/3061/2898
f 3062/3062/2899 3063/3063/2900 3064/3064/2901
f 3065/3065/2902 3066/3066/2903 3062/3062/2899
f 3067/3067/2904 3065/3065/2902 3068/3068/2905
f 3068/3068/2905 3061/3061/2898 3067/3067/2904
f 3064/3064/2901 3069/3069/2906 3058/3058/2895
f 3070/3070/2907 2893/2893/2739 3060/3060/2897
f 3069/3069/2906 2895/2895/2741 2877/2877/2723
f 3071/3071/2908 2896/2896/2636 2895/2895/2741
f 2896/2896/2636 3072/3072/2909 2900/2900/2745
f 2900/2900/2745 3060/3060/2897 2893/2893/2739
f 3063/3063/2900 3071/3071/2908 3069/3069/2906
f 3066/3066/2903 3073/3073/2910 3071/3071/2908
f 3073/3073/2910 3067/3067/2904 3072/3072/2909
f 3072/3072/2909 3061/3061/2898 3060/3060/2897
f 2779/2779/2634 3074/3074/2911 2988/2988/2827
f 2902/2902/2747 2949/2949/2792 3074/3074/2911
f 3075/3075/2912 2980/2980/2821 2969/2969/2812
f 2946/2946/2789 3076/3076/2913 3075/3075/2912
f 3077/3077/2914 2770/2770/2626 2983/2983/2823
f 2957/2957/2800 3078/3078/2915 3077/3077/2914
f 3076/3076/2913 2983/2983/2823 2980/2980/2821
f 2958/2958/2801 3077/3077/2914 3076/3076/2913
f 2988/2988/2827 3079/3079/2916 2977/2977/2819
f 3074/3074/2911 2951/2951/2794 3079/3079/2916
f 2977/2977/2819 3080/3080/2917 2974/2974/2816
f 3079/3079/2916 3012/3012/2851 3080/3080/2917
f 2974/2974/2816 3081/3081/2918 2971/2971/2814
f 3080/3080/2917 2944/2944/2787 3081/3081/2918
f 3081/3081/2918 2969/2969/2812 2971/2971/2814
f 2944/2944/2787 3075/3075/2912 3081/3081/2918
f 3004/3004/2843 3046/3046/2884 2990/2990/2829
f 3082/3082/2919 3012/3012/2851 2951/2951/2794
f 2946/2946/2789 3083/3083/2886 2958/2958/2801
f 3084/3084/2920 3085/3085/2921 3086/3086/2922
f 3087/3087/2923 2927/2927/2770 2998/2998/2837
f 2958/2958/2801 3088/3088/2886 2956/2956/2799
f 3089/3089/2924 3055/3055/2892 3009/3009/2848
f 3002/3002/2841 3090/3090/2925 3084/3084/2920
f 3003/3003/2842 3004/3004/2843 2990/2990/2829
f 3091/3091/2926 3092/3092/2927 3000/3000/2839
f 3020/3020/2858 2943/2943/2786 3018/3018/2856
f 3024/3024/2862 3093/3093/2928 3025/3025/2863
f 3041/3041/2879 3094/3094/2929 3054/3054/2891
f 3020/3020/2858 3089/3089/2924 2941/2941/2784
f 3021/3021/2859 3089/3089/2924 3019/3019/2857
f 3030/3030/2868 2943/2943/2786 3031/3031/2869
f 3094/3094/2929 3034/3034/2872 3023/3023/2861
f 3095/3095/2649 2800/2800/2654 2789/2789/2644
f 3096/3096/2930 2849/2849/2699 3097/3097/2758
f 3098/3098/2761 2912/2912/2653 3099/3099/2931
f 3100/3100/2713 2911/2911/2756 2805/2805/2659
f 3101/3101/2932 2870/2870/2718 2860/2860/2710
f 3102/3102/2933 2834/2834/2684 3103/3103/2934
f 3104/3104/2935 2828/2828/2678 3105/3105/2936
f 3106/3106/2937 2823/2823/2673 2924/2924/2767
f 3107/3107/2650 2789/2789/2644 2745/2745/2605
f 3108/3108/2764 2801/2801/2655 2800/2800/2654
f 2869/2869/2717 3109/3109/2763 3110/3110/2938
f 2860/2860/2710 3111/3111/2939 3112/3112/2704
f 2720/2720/2580 3111/3111/2939 3113/3113/2940
f 3114/2849/2699 3115/3114/2941 3116/3115/2942
f 3117/3116/2943 3118/3117/2944 3119/3118/2708
f 2830/2830/2680 3120/3119/2934 2834/2834/2684
f 2791/2791/2646 3121/3120/2945 2798/2798/2653
f 2826/2826/2676 3122/3121/2946 2830/2830/2680
f 3123/3122/2706 2804/2804/2658 2803/2803/2657
f 2923/2923/2766 3105/3105/2936 2828/2828/2678
f 2745/2745/2605 3124/3123/2947 3125/3124/2650
f 2924/2924/2767 3126/3125/2938 3127/3126/2762
f 2804/2804/2658 3128/3127/2713 2805/2805/2659
f 3129/3128/2948 3130/3129/2949 3131/3130/2950
f 3022/3022/2860 3132/3131/2839 3047/3047/2885
f 3046/3046/2884 3133/3132/2951 3134/3133/2770
f 3083/3083/2886 3135/3134/2952 3136/3135/2953
f 3082/3082/2919 3137/3136/2954 3011/3011/2850
f 3055/3055/2892 3138/3137/2955 3009/3009/2848
f 3033/3033/2871 3139/3138/2768 3140/3139/2923
f 3093/3093/2928 3141/3140/2956 3142/3141/2957
f 3023/3023/2861 3143/3142/2958 3094/3094/2929
f 3047/3047/2885 3144/3143/2959 2995/2995/2834
f 3145/3022/2960 3146/3144/2769 3147/3145/2961
f 3148/3146/2927 3054/3054/2891 3149/3147/2962
f 3150/3148/2963 3009/3009/2848 3151/3149/2955
f 3150/3148/2963 2942/2942/2785 3010/3010/2849
f 3152/3150/2770 3153/3151/2964 3046/3046/2884
f 3006/3006/2845 3154/3152/2838 3155/3153/2951
f 3156/3154/2923 3032/3032/2870 3033/3033/2871
f 3157/3155/2965 3005/3005/2844 3048/3048/2886
f 3158/3156/2966 3026/3026/2864 3032/3032/2870
f 3159/3157/2967 3160/3158/2808 2945/2945/2788
f 3142/3141/2957 3025/3025/2863 3093/3093/2928
f 3161/3159/2920 2995/2995/2834 3162/3160/2959
f 3163/3161/2968 3094/3094/2929 3164/3162/2969
f 3165/3163/2887 3159/3157/2967 3011/3011/2850
f 3166/3164/2970 3025/3025/2863 3167/3165/2807
f 2916/2916/2759 2853/2853/2703 2855/2855/2705
f 1125/1125/1111 3168/3166/2971 1120/1120/1106
f 1124/1124/1110 1120/1120/1106 1118/1118/1104
f 1122/1122/1108 1118/1118/1104 1115/1115/1101
f 1742/1742/1698 2693/2693/2556 2697/2697/2559
f 2697/2697/2559 2683/2683/2547 2692/2692/2555
f 2692/2692/2555 2673/2673/2538 2682/2682/2546
f 2682/2682/2546 2663/2663/2528 2672/2672/2537
f 2672/2672/2537 2653/2653/2518 2662/2662/2527
f 2662/2662/2527 2643/2643/2508 2652/2652/2517
f 2652/2652/2517 2633/2633/2498 2642/2642/2507
f 2642/2642/2507 1887/1887/1828 1888/1888/1829
f 1877/1877/1819 2634/2634/2499 1885/1885/1826
f 1867/1867/1809 1885/1885/1826 1875/1875/1817
f 1857/1857/1800 1875/1875/1817 1865/1865/1807
f 1847/1847/1791 1865/1865/1807 1855/1855/1798
f 1837/1837/1783 1855/1855/1798 1845/1845/1789
f 1827/1827/1775 1845/1845/1789 1835/1835/1781
f 1817/1817/1766 1835/1835/1781 1825/1825/1773
f 1807/1807/1757 1825/1825/1773 1815/1815/1764
f 1798/1798/1749 1815/1815/1764 1805/1805/1755
f 1788/1788/1739 1805/1805/1755 1796/1796/1747
f 1692/1692/1649 1796/1796/1747 1690/1690/1647
f 3169/3167/2972 1764/1764/1719 1750/1750/1705
f 1750/1750/1705 1762/1762/1717 1748/1748/1704
f 1748/1748/1704 1760/1760/1715 1747/1747/1703
f 1747/1747/1703 1758/1758/1713 1746/1746/1702
f 1746/1746/1702 1756/1756/1711 1745/1745/1701
f 1745/1745/1701 1754/1754/1709 1744/1744/1700
f 1744/1744/1700 1751/1751/1706 1743/1743/1699
f 1743/1743/1699 1753/1753/1708 1742/1742/1698
f 1680/1680/1638 1692/1692/1649 1690/1690/1647
f 1670/1670/1629 1682/1682/1640 1680/1680/1638
f 1660/1660/1621 1672/1672/1631 1670/1670/1629
f 1650/1650/1611 1662/1662/1623 1660/1660/1621
f 1640/1640/1601 1652/1652/1613 1650/1650/1611
f 1630/1630/1592 1642/1642/1603 1640/1640/1601
f 1620/1620/1582 1632/1632/1594 1630/1630/1592
f 1610/1610/1573 1622/1622/1584 1620/1620/1582
f 1600/1600/1564 1612/1612/1575 1610/1610/1573
f 1590/1590/1554 1602/1602/1566 1600/1600/1564
f 1580/1580/1545 1592/1592/1556 1590/1590/1554
f 1570/1570/1536 1582/1582/1547 1580/1580/1545
f 1560/1560/1526 1572/1572/1538 1570/1570/1536
f 1550/1550/1516 1562/1562/1528 1560/1560/1526
f 1540/1540/1507 1552/1552/1518 1550/1550/1516
f 1530/1530/1497 1542/1542/1509 1540/1540/1507
f 1520/1520/1487 1532/1532/1499 1530/1530/1497
f 1510/1510/1477 1522/1522/1489 1520/1520/1487
f 1500/1500/1468 1512/1512/1479 1510/1510/1477
f 1489/1489/1458 1502/1502/1470 1500/1500/1468
f 1480/1480/1450 1492/1492/1461 1489/1489/1458
f 1471/1471/1442 1480/1480/1450 3170/3168/2973
f 1470/1470/1441 1471/1471/1442 3170/3168/2973
f 1452/1452/1423 1470/1470/1441 1461/1461/1432
f 1442/1442/1414 1461/1461/1432 1450/1450/1421
f 1432/1432/1404 1450/1450/1421 1440/1440/1412
f 1422/1422/1395 1440/1440/1412 1430/1430/1402
f 1413/1413/1386 1430/1430/1402 1420/1420/1393
f 1399/1399/1373 1420/1420/1393 1395/1395/1369
f 3171/3169/2974 1399/1399/1373 1395/1395/1369
f 1231/1231/1215 3172/1224/2975 1224/1224/1208
f 1114/1114/1100 3173/1110/2976 1110/1110/1096
f 1196/1196/1182 3174/1192/2977 1192/1192/1178
f 2537/2537/2418 3175/2533/2978 3176/2537/2979
f 1133/1133/1119 3177/1138/2980 3178/1133/2981
f 1149/1149/1135 3179/1153/2982 3180/1149/2983
f 1212/1212/1198 3181/1208/2984 1208/1208/1194
f 1181/1181/1167 3182/3170/2985 3183/1181/2986
f 1098/1098/1087 3184/1094/2987 1094/1094/1083
f 2517/2517/2402 3185/2521/2988 2521/2521/2405
f 1165/1165/1151 3186/1169/2989 3187/1165/2990
f 1078/1078/1069 3188/1082/2991 3189/1078/2992
f 1236/1236/1219 3190/1231/2993 1231/1231/1215
f 3191/3171/2994 3192/1114/2995 1114/1114/1100
f 2541/2541/2421 3176/2537/2979 3193/2541/2996
f 1138/1138/1124 3194/1141/2997 3177/1138/2980
f 1200/1200/1186 3195/1196/2998 1196/1196/1182
f 1102/1102/1090 3196/1098/2999 1098/1098/1087
f 2525/2525/2408 3185/2521/2988 3197/2525/3000
f 1153/1153/1139 3198/1157/3001 3179/1153/2982
f 1216/1216/1201 3199/1212/3002 1212/1212/1198
f 1082/1082/1073 3200/1086/3003 3188/1082/2991
f 1169/1169/1155 3201/1173/3004 3186/1169/2989
f 1235/1235/1218 3202/1236/3005 1236/1236/1219
f 2505/2505/1174 3203/2509/3006 2509/2509/2396
f 1187/1187/1173 3204/1188/3007 1188/1188/1174
f 2545/2545/2423 3193/2541/2996 3205/2545/3008
f 1243/1243/1226 3206/1235/3009 1235/1235/1218
f 1141/1141/1127 3207/1145/3010 3194/1141/2997
f 1204/1204/1190 3208/1200/3011 1200/1200/1186
f 1106/1106/1093 3209/1102/3012 1102/1102/1090
f 2529/2529/2412 3197/2525/3000 3210/2529/3013
f 1220/1220/1205 3211/1216/3014 1216/1216/1201
f 1121/1121/1107 3212/3166/3015 3213/1121/3016
f 3214/3172/3017 3205/2545/3008 3215/3172/3018
f 1157/1157/1143 3216/1161/3019 3198/1157/3001
f 1086/1086/1076 3217/1090/3020 3200/1086/3003
f 2509/2509/2396 3218/2513/3021 2513/2513/2399
f 1173/1173/1159 3219/1177/3022 3201/1173/3004
f 1242/1242/1225 3220/1243/3023 1243/1243/1226
f 2700/2700/2561 3178/1133/2981 3221/2700/3024
f 1192/1192/1178 3222/1187/3025 1187/1187/1173
f 1224/1224/1208 3223/1220/3026 1220/1220/1205
f 1110/1110/1096 3224/1106/3027 1106/1106/1093
f 2533/2533/2415 3210/2529/3013 3175/2533/2978
f 1242/1242/1225 3225/1247/3016 3226/1242/3028
f 1145/1145/1131 3180/1149/2983 3207/1145/3010
f 1208/1208/1194 3227/1204/3029 1204/1204/1190
f 3168/3166/2971 3228/1127/3030 3212/3166/3015
f 1127/1127/1113 3221/2700/3024 3228/1127/3030
f 1094/1094/1083 3217/1090/3020 1090/1090/1080
f 1161/1161/1147 3187/1165/2990 3216/1161/3019
f 2513/2513/2399 3229/2517/3031 2517/2517/2402
f 1074/1074/1066 3189/1078/2992 3230/1074/2985
f 1177/1177/1163 3183/1181/2986 3219/1177/3022
f 3231/3173/3032 3232/3174/3033 3233/3175/3034
f 3234/3176/3035 3235/3177/3036 3236/3178/3037
f 3237/3179/3038 3233/3175/3034 3238/3180/3039
f 3239/3181/2990 3240/3182/3040 3235/3177/3036
f 3241/3183/3041 3238/3180/3039 3242/3184/3042
f 3243/3185/2989 3244/3186/3043 3240/3182/3040
f 3245/3187/3044 3242/3184/3042 3246/3188/3045
f 3247/3189/3046 3248/3190/3047 3244/3186/3043
f 3249/3191/3048 3246/3188/3045 3250/3192/3049
f 3251/3193/3050 3252/3194/3051 3248/3190/3047
f 3253/3195/3052 3250/3192/3049 3254/3196/3053
f 3255/3197/3054 3256/3198/3055 3252/3194/3051
f 3257/3199/3056 3258/3200/3057 3259/3201/3058
f 3260/3202/3059 3261/3203/3060 3262/3204/3061
f 3263/3205/3062 3264/3206/3063 3256/3198/3055
f 3265/3207/3064 3266/3208/3065 3267/3209/3066
f 3268/3210/3067 3269/3211/3068 3260/3202/3059
f 3270/3212/3069 3271/3213/3070 3264/3206/3063
f 3272/3214/3071 3273/3215/3072 3274/3216/3073
f 3275/3217/3074 3276/3218/3075 3268/3210/3067
f 3277/3219/2991 3278/3220/3076 3271/3213/3070
f 3279/3221/3077 3280/3222/3078 3275/3217/3074
f 3281/3223/3003 3282/3224/3079 3278/3220/3076
f 3283/3225/3080 3284/3226/3081 3279/3221/3077
f 3285/3227/3020 3286/3228/3082 3282/3224/3079
f 3287/3229/2984 3288/3230/3083 3283/3225/3080
f 3289/3231/2999 3286/3228/3082 3290/3232/3084
f 3291/3233/3085 3292/3234/3086 3287/3229/2984
f 3293/3235/3087 3294/3236/3088 3289/3231/2999
f 3295/3237/3089 3296/3238/3090 3291/3233/3085
f 3297/3239/3091 3298/3240/3092 3293/3235/3087
f 3299/3241/3093 3300/3242/3094 3295/3237/3089
f 3301/3243/3095 3302/3244/3096 3297/3239/3091
f 3303/3245/3097 3304/3246/3098 3299/3241/3093
f 3305/3247/2995 3306/3248/3099 3301/3243/3095
f 3307/3249/2993 3308/3250/3100 3303/3245/3097
f 3253/3195/3052 3309/3251/3101 3305/3247/2995
f 3310/3252/3102 3311/3253/3103 3307/3249/2993
f 3312/3254/3104 3274/3216/3073 3313/3255/3105
f 3259/3201/3058 3314/3256/3106 3310/3252/3102
f 3315/3257/3107 3267/3209/3066 3273/3215/3072
f 3316/3258/3108 3317/3259/3109 3257/3199/3056
f 3318/3260/3110 3319/3261/3111 3266/3208/3065
f 3312/3254/3104 3320/3262/3112 3316/3258/3108
f 3321/3263/3113 3322/3264/3114 3319/3261/3111
f 3262/3204/3061 3323/3265/3115 3324/3266/3116
f 3325/3267/3117 3326/3268/3118 3322/3264/3114
f 3324/3266/3116 3327/3269/3119 3328/3270/3120
f 3329/3271/3121 3330/3272/3122 3326/3268/3118
f 3328/3270/3120 3331/3273/3123 3332/3274/3124
f 3333/3275/3125 3334/3276/3126 3330/3272/3122
f 3332/3274/3124 3335/3277/3127 3336/3278/2988
f 3337/3279/3128 3338/3280/3129 3334/3276/3126
f 3336/3278/2988 3232/3174/3033 3339/3281/3130
f 3340/3282/3131 3236/3178/3037 3338/3280/3129
f 3323/3265/3115 3261/3203/3060 3341/3283/3132
f 3322/3264/3114 3326/3268/3118 3341/3283/3132
f 3327/3269/3119 3323/3265/3115 3341/3283/3132
f 3326/3268/3118 3330/3272/3122 3341/3283/3132
f 3331/3273/3123 3327/3269/3119 3341/3283/3132
f 3330/3272/3122 3334/3276/3126 3341/3283/3132
f 3335/3277/3127 3331/3273/3123 3341/3283/3132
f 3334/3276/3126 3338/3280/3129 3341/3283/3132
f 3232/3174/3033 3335/3277/3127 3341/3283/3132
f 3338/3280/3129 3236/3178/3037 3341/3283/3132
f 3233/3175/3034 3232/3174/3033 3341/3283/3132
f 3236/3178/3037 3235/3177/3036 3341/3283/3132
f 3238/3180/3039 3233/3175/3034 3341/3283/3132
f 3235/3177/3036 3240/3182/3040 3341/3283/3132
f 3242/3184/3042 3238/3180/3039 3341/3283/3132
f 3240/3182/3040 3244/3186/3043 3341/3283/3132
f 3246/3188/3045 3242/3184/3042 3341/3283/3132
f 3244/3186/3043 3248/3190/3047 3341/3283/3132
f 3250/3192/3049 3246/3188/3045 3341/3283/3132
f 3248/3190/3047 3252/3194/3051 3341/3283/3132
f 3254/3196/3053 3250/3192/3049 3341/3283/3132
f 3252/3194/3051 3256/3198/3055 3341/3283/3132
f 3258/3200/3057 3317/3259/3109 3341/3283/3132
f 3261/3203/3060 3269/3211/3068 3341/3283/3132
f 3256/3198/3055 3264/3206/3063 3341/3283/3132
f 3267/3209/3066 3266/3208/3065 3341/3283/3132
f 3269/3211/3068 3276/3218/3075 3341/3283/3132
f 3264/3206/3063 3271/3213/3070 3341/3283/3132
f 3274/3216/3073 3273/3215/3072 3341/3283/3132
f 3276/3218/3075 3280/3222/3078 3341/3283/3132
f 3271/3213/3070 3278/3220/3076 3341/3283/3132
f 3280/3222/3078 3284/3226/3081 3341/3283/3132
f 3278/3220/3076 3282/3224/3079 3341/3283/3132
f 3284/3226/3081 3288/3230/3083 3341/3283/3132
f 3282/3224/3079 3286/3228/3082 3341/3283/3132
f 3288/3230/3083 3292/3234/3086 3341/3283/3132
f 3286/3228/3082 3294/3236/3088 3341/3283/3132
f 3292/3234/3086 3296/3238/3090 3341/3283/3132
f 3294/3236/3088 3298/3240/3092 3341/3283/3132
f 3296/3238/3090 3300/3242/3094 3341/3283/3132
f 3298/3240/3092 3302/3244/3096 3341/3283/3132
f 3300/3242/3094 3304/3246/3098 3341/3283/3132
f 3302/3244/3096 3306/3248/3099 3341/3283/3132
f 3304/3246/3098 3308/3250/3100 3341/3283/3132
f 3306/3248/3099 3309/3251/3101 3341/3283/3132
f 3308/3250/3100 3311/3253/3103 3341/3283/3132
f 3309/3251/3101 3254/3196/3053 3341/3283/3132
f 3311/3253/3103 3314/3256/3106 3341/3283/3132
f 3313/3255/3105 3274/3216/3073 3341/3283/3132
f 3314/3256/3106 3258/3200/3057 3341/3283/3132
f 3273/3215/3072 3267/3209/3066 3341/3283/3132
f 3317/3259/3109 3320/3262/3112 3341/3283/3132
f 3266/3208/3065 3319/3261/3111 3341/3283/3132
f 3320/3262/3112 3313/3255/3105 3341/3283/3132
f 3319/3261/3111 3322/3264/3114 3341/3283/3132
f 3342/3284/3133 3343/3285/3134 3344/3285/3135
f 3345/3286/3136 3346/3287/3137 3347/3286/3138
f 3348/3288/3139 3349/3289/3140 3350/3288/3141
f 3351/3290/3142 3352/3291/3143 3353/3291/3144
f 3354/3292/3145 3355/3293/3146 3356/3293/3147
f 3357/3294/3148 3358/3295/3149 3359/3294/3150
f 3360/3296/3151 3361/3297/3152 3362/3297/3153
f 3344/3285/3135 3363/3298/3154 3364/3298/3155
f 3364/3298/3155 3365/3299/3156 3366/3299/3157
f 3367/3300/3158 3347/3286/3138 3368/3300/3159
f 3369/3301/3160 3370/3302/3161 3371/3302/3162
f 3372/3289/3163 3373/3303/3164 3349/3289/3140
f 3374/3304/3165 3375/3290/3166 3351/3290/3142
f 3376/3287/3167 3355/3293/3146 3346/3287/3137
f 3377/3295/3168 3350/3288/3141 3358/3295/3149
f 3378/3305/3169 3368/3300/3159 3379/3305/3170
f 3353/3291/3144 3380/3296/3171 3360/3296/3151
f 3366/3299/3157 3381/3292/3172 3354/3292/3145
f 3369/3301/3160 3359/3294/3150 3382/3301/3173
f 3362/3297/3153 3373/3303/3164 3383/3303/3174
f 3384/3306/3175 3385/3307/3176 3386/3308/3177
f 3387/3309/3159 3388/3310/3178 3389/3311/3179
f 3390/3312/3180 3391/3313/3181 3392/3314/3182
f 3386/3308/3177 3393/3315/3183 3394/3316/3184
f 3395/3317/3185 3396/3318/3186 3388/3310/3178
f 3397/3319/3187 3392/3314/3182 3398/3320/3188
f 3394/3316/3184 3399/3321/3189 3400/3322/3190
f 3401/3323/3146 3396/3318/3186 3402/3324/3191
f 3403/3325/3161 3398/3320/3188 3404/3326/3192
f 3400/3322/3190 3405/3327/3193 3406/3328/3194
f 3407/3329/3195 3408/3330/3196 3401/3323/3146
f 3406/3328/3194 3409/3331/3197 3410/3332/3198
f 3407/3329/3195 3411/3333/3199 3412/3334/3200
f 3413/3335/3201 3409/3331/3197 3414/3336/3202
f 3415/3337/3203 3416/3338/3204 3417/3339/3205
f 3418/3340/3206 3416/3338/3204 3411/3333/3199
f 3419/3341/3207 3414/3336/3202 3420/3342/3208
f 3415/3337/3203 3404/3326/3192 3421/3343/3209
f 3387/3309/3159 3422/3344/3210 3384/3306/3175
f 3423/3345/3149 3420/3342/3208 3391/3313/3181
f 3424/3346/3211 3425/3347/3212 3426/3346/3213
f 3427/3348/3214 3428/3349/3215 3429/3349/3216
f 3430/3350/3217 3431/3351/3218 3432/3350/3219
f 3433/3352/3220 3434/3353/3221 3435/3352/3222
f 3436/3354/3223 3437/3355/3224 3438/3355/3225
f 3439/3356/3226 3440/3357/3227 3441/3356/3228
f 3442/3358/3229 3443/3359/3230 3444/3358/3231
f 3445/3360/3232 3446/3361/3233 3447/3361/3234
f 3424/3346/3211 3448/3362/3235 3449/3362/3236
f 3450/3363/3237 3428/3349/3215 3451/3363/3238
f 3452/3351/3239 3453/3364/3240 3431/3351/3218
f 3438/3355/3225 3454/3348/3241 3427/3348/3214
f 3455/3357/3242 3432/3350/3219 3440/3357/3227
f 3456/3365/3243 3444/3358/3231 3457/3365/3244
f 3433/3352/3220 3458/3360/3245 3445/3360/3232
f 3449/3362/3236 3459/3354/3246 3436/3354/3223
f 3460/3359/3247 3451/3363/3238 3443/3359/3230
f 3447/3361/3234 3453/3364/3240 3461/3364/3248
f 3462/3366/3249 3457/3365/3244 3463/3366/3250
f 3464/3367/3251 3465/3368/3252 3466/3369/3253
f 3467/3370/3254 3468/3371/3255 3469/3372/3256
f 3470/3373/3257 3471/3374/3258 3472/3375/3246
f 3473/3376/3244 3474/3377/3259 3465/3368/3252
f 3475/3378/3260 3469/3372/3256 3476/3379/3261
f 3477/3380/3213 3478/3381/3262 3470/3373/3257
f 3479/3382/3263 3480/3383/3264 3474/3377/3259
f 3481/3384/3265 3476/3379/3261 3482/3385/3266
f 3483/3386/3212 3484/3387/3267 3477/3380/3213
f 3485/3388/3268 3486/3389/3269 3480/3383/3264
f 3481/3384/3265 3487/3390/3270 3483/3386/3212
f 3488/3391/3271 3466/3369/3253 3489/3392/3272
f 3490/3393/3273 3491/3394/3274 3486/3389/3269
f 3488/3391/3271 3492/3395/3275 3493/3396/3245
f 3494/3397/3241 3491/3394/3274 3495/3398/3276
f 3493/3396/3245 3496/3399/3277 3497/3400/3278
f 3498/3401/3224 3499/3402/3279 3494/3397/3241
f 3500/3403/3280 3496/3399/3277 3468/3371/3255
f 3472/3375/3246 3501/3404/3281 3498/3401/3224
f 3489/3392/3272 3466/3369/3253 3502/3405/3282
f 3486/3389/3269 3491/3394/3274 3502/3405/3282
f 3492/3395/3275 3489/3392/3272 3502/3405/3282
f 3491/3394/3274 3499/3402/3279 3502/3405/3282
f 3496/3399/3277 3492/3395/3275 3502/3405/3282
f 3499/3402/3279 3501/3404/3281 3502/3405/3282
f 3468/3371/3255 3496/3399/3277 3502/3405/3282
f 3501/3404/3281 3471/3374/3258 3502/3405/3282
f 3466/3369/3253 3465/3368/3252 3502/3405/3282
f 3469/3372/3256 3468/3371/3255 3502/3405/3282
f 3471/3374/3258 3478/3381/3262 3502/3405/3282
f 3465/3368/3252 3474/3377/3259 3502/3405/3282
f 3476/3379/3261 3469/3372/3256 3502/3405/3282
f 3478/3381/3262 3484/3387/3267 3502/3405/3282
f 3474/3377/3259 3480/3383/3264 3502/3405/3282
f 3482/3385/3266 3476/3379/3261 3502/3405/3282
f 3484/3387/3267 3487/3390/3270 3502/3405/3282
f 3480/3383/3264 3486/3389/3269 3502/3405/3282
f 3487/3390/3270 3482/3385/3266 3502/3405/3282
f 3393/3315/3183 3385/3307/3176 3503/3406/3283
f 3392/3314/3182 3391/3313/3181 3503/3406/3283
f 3389/3311/3179 3388/3310/3178 3503/3406/3283
f 3385/3307/3176 3422/3344/3210 3503/3406/3283
f 3391/3313/3181 3420/3342/3208 3503/3406/3283
f 3422/3344/3210 3389/3311/3179 3503/3406/3283
f 3421/3343/3209 3404/3326/3192 3503/3406/3283
f 3420/3342/3208 3414/3336/3202 3503/3406/3283
f 3411/3333/3199 3416/3338/3204 3503/3406/3283
f 3416/3338/3204 3421/3343/3209 3503/3406/3283
f 3414/3336/3202 3409/3331/3197 3503/3406/3283
f 3412/3334/3200 3411/3333/3199 3503/3406/3283
f 3409/3331/3197 3405/3327/3193 3503/3406/3283
f 3408/3330/3196 3412/3334/3200 3503/3406/3283
f 3405/3327/3193 3399/3321/3189 3503/3406/3283
f 3404/3326/3192 3398/3320/3188 3503/3406/3283
f 3396/3318/3186 3408/3330/3196 3503/3406/3283
f 3399/3321/3189 3393/3315/3183 3503/3406/3283
f 3398/3320/3188 3392/3314/3182 3503/3406/3283
f 3388/3310/3178 3396/3318/3186 3503/3406/3283
f 3504/3407/3284 3505/3408/3285 3506/3409/3286
f 3507/3410/3287 3508/3411/3288 3505/3408/3285
f 3509/3412/3289 3510/3413/3290 3508/3411/3288
f 3511/3414/3291 3512/3415/3292 3510/3413/3290
f 3513/3416/3293 3514/3417/3294 3512/3415/3292
f 3515/3418/3295 3516/3419/3296 3514/3417/3294
f 3517/3420/3297 3518/3421/3298 3516/3419/3296
f 3519/3422/3299 3520/3423/3300 3518/3421/3298
f 3521/3424/3301 3522/3425/3302 3520/3423/3300
f 3523/3426/3303 3524/3427/3304 3522/3425/3302
f 3525/3428/3305 3526/3429/3306 3524/3427/3304
f 3527/3430/3307 3528/3431/3308 3526/3429/3306
f 3529/3432/3309 3530/3433/3310 3528/3431/3308
f 3531/3434/3311 3532/3435/3312 3530/3433/3310
f 3532/3435/3312 3533/3436/3313 3534/3437/3314
f 3504/3407/3284 3535/3438/3315 3507/3410/3287
f 3535/3438/3315 3509/3412/3289 3507/3410/3287
f 3536/3439/3316 3511/3414/3291 3509/3412/3289
f 3537/3440/3317 3513/3416/3293 3511/3414/3291
f 3538/3441/3318 3515/3418/3295 3513/3416/3293
f 3539/3442/3319 3517/3420/3297 3515/3418/3295
f 3540/3443/3320 3519/3422/3299 3517/3420/3297
f 3541/3444/3321 3521/3424/3301 3519/3422/3299
f 3542/3445/3322 3523/3426/3303 3521/3424/3301
f 3543/3446/3323 3525/3428/3305 3523/3426/3303
f 3544/3447/3324 3527/3430/3307 3525/3428/3305
f 3545/3448/3325 3529/3432/3309 3527/3430/3307
f 3546/3449/3326 3531/3434/3311 3529/3432/3309
f 3547/3450/3327 3548/3451/3328 3531/3434/3311
f 3549/3452/3329 3533/3436/3313 3548/3451/3328
f 3550/3453/3330 3551/3454/3331 3535/3438/3315
f 3551/3454/3331 3536/3439/3316 3535/3438/3315
f 3552/3455/3332 3537/3440/3317 3536/3439/3316
f 3553/3456/3333 3538/3441/3318 3537/3440/3317
f 3554/3457/3334 3539/3442/3319 3538/3441/3318
f 3555/3458/3335 3540/3443/3320 3539/3442/3319
f 3556/3459/3336 3541/3444/3321 3540/3443/3320
f 3557/3460/3337 3542/3445/3322 3541/3444/3321
f 3558/3461/3338 3543/3446/3323 3542/3445/3322
f 3559/3462/3339 3544/3447/3324 3543/3446/3323
f 3560/3463/3340 3545/3448/3325 3544/3447/3324
f 3561/3464/3341 3546/3449/3326 3545/3448/3325
f 3562/3465/3342 3547/3450/3327 3546/3449/3326
f 3563/3466/3343 3549/3452/3329 3547/3450/3327
f 3564/3467/3344 3565/3468/3345 3549/3452/3329
f 3566/3469/3346 3567/3470/3347 3568/3471/3348
f 3569/3472/3349 3570/3473/3350 3567/3470/3347
f 3570/3473/3350 3571/3474/3351 3572/3475/3352
f 3572/3475/3352 3573/3476/3353 3574/3477/3354
f 3574/3477/3354 3575/3478/3355 3576/3479/3356
f 3576/3479/3356 3577/3480/3357 3578/3481/3358
f 3578/3481/3358 3579/3482/3359 3580/3483/3360
f 3580/3483/3360 3581/3484/3361 3582/3485/3362
f 3582/3485/3362 3583/3486/3363 3584/3487/3364
f 3584/3487/3364 3585/3488/3365 3586/3489/3366
f 3586/3489/3366 3587/3490/3367 3588/3491/3368
f 3588/3491/3368 3589/3492/3369 3590/3493/3370
f 3590/3493/3370 3591/3494/3371 3592/3495/3372
f 3592/3495/3372 3593/3496/3373 3594/3497/3374
f 3594/3497/3374 3595/3498/3375 3596/3499/3376
f 3597/3500/3377 3569/3472/3349 3566/3469/3346
f 3598/3501/3378 3599/3502/3379 3569/3472/3349
f 3599/3502/3379 3600/3503/3380 3571/3474/3351
f 3571/3474/3351 3601/3504/3381 3573/3476/3353
f 3573/3476/3353 3602/3505/3382 3575/3478/3355
f 3575/3478/3355 3603/3506/3383 3577/3480/3357
f 3577/3480/3357 3604/3507/3384 3579/3482/3359
f 3579/3482/3359 3605/3508/3385 3581/3484/3361
f 3581/3484/3361 3606/3509/3386 3583/3486/3363
f 3583/3486/3363 3607/3510/3387 3585/3488/3365
f 3585/3488/3365 3608/3511/3388 3587/3490/3367
f 3587/3490/3367 3609/3512/3389 3589/3492/3369
f 3589/3492/3369 3610/3513/3390 3591/3494/3371
f 3591/3494/3371 3611/3514/3391 3593/3496/3373
f 3593/3496/3373 3612/3515/3392 3595/3498/3375
f 3613/3516/3393 3598/3501/3378 3597/3500/3377
f 3614/3517/3394 3615/3518/3395 3598/3501/3378
f 3615/3518/3395 3616/3519/3396 3600/3503/3380
f 3600/3503/3380 3617/3520/3397 3601/3504/3381
f 3601/3504/3381 3618/3521/3398 3602/3505/3382
f 3602/3505/3382 3619/3522/3399 3603/3506/3383
f 3603/3506/3383 3620/3523/3400 3604/3507/3384
f 3604/3507/3384 3621/3524/3401 3605/3508/3385
f 3605/3508/3385 3622/3525/3402 3606/3509/3386
f 3606/3509/3386 3623/3526/3403 3607/3510/3387
f 3607/3510/3387 3624/3527/3404 3608/3511/3388
f 3608/3511/3388 3625/3528/3405 3609/3512/3389
f 3609/3512/3389 3626/3529/3406 3610/3513/3390
f 3610/3513/3390 3627/3530/3407 3611/3514/3391
f 3611/3514/3391 3628/3531/3408 3612/3515/3392
f 3629/3532/3409 3630/3533/3410 3631/3534/3411
f 3632/3535/3412 3633/3536/3413 3629/3532/3409
f 3632/3535/3412 3634/3537/3414 3635/3538/3415
f 3636/3539/3416 3637/3540/3417 3634/3537/3414
f 3638/3541/3418 3639/3542/3419 3637/3540/3417
f 3640/3543/3420 3641/3544/3421 3639/3542/3419
f 3642/3545/3422 3643/3546/3423 3641/3544/3421
f 3644/3547/3424 3645/3548/3425 3643/3546/3423
f 3646/3549/3426 3647/3550/3427 3645/3548/3425
f 3648/3551/3428 3649/3552/3429 3647/3550/3427
f 3650/3553/3430 3651/3554/3431 3649/3552/3429
f 3652/3555/3432 3653/3556/3433 3651/3554/3431
f 3654/3557/3434 3655/3558/3435 3653/3556/3433
f 3656/3559/3436 3657/3560/3437 3655/3558/3435
f 3658/3561/3438 3659/3562/3439 3657/3560/3437
f 3633/3536/3413 3660/3563/3440 3630/3533/3410
f 3635/3538/3415 3661/3564/3441 3633/3536/3413
f 3635/3538/3415 3662/3565/3442 3663/3566/3443
f 3634/3537/3414 3664/3567/3444 3662/3565/3442
f 3637/3540/3417 3665/3568/3445 3664/3567/3444
f 3639/3542/3419 3666/3569/3446 3665/3568/3445
f 3641/3544/3421 3667/3570/3447 3666/3569/3446
f 3643/3546/3423 3668/3571/3448 3667/3570/3447
f 3645/3548/3425 3669/3572/3449 3668/3571/3448
f 3647/3550/3427 3670/3573/3450 3669/3572/3449
f 3649/3552/3429 3671/3574/3451 3670/3573/3450
f 3651/3554/3431 3672/3575/3452 3671/3574/3451
f 3653/3556/3433 3673/3576/3453 3672/3575/3452
f 3655/3558/3435 3674/3577/3454 3673/3576/3453
f 3657/3560/3437 3675/3578/3455 3674/3577/3454
f 3661/3564/3441 3676/3579/3456 3660/3563/3440
f 3663/3566/3443 3677/3580/3457 3661/3564/3441
f 3663/3566/3443 3678/3581/3458 3679/3582/3459
f 3662/3565/3442 3680/3583/3460 3678/3581/3458
f 3664/3567/3444 3681/3584/3461 3680/3583/3460
f 3665/3568/3445 3682/3585/3462 3681/3584/3461
f 3666/3569/3446 3683/3586/3463 3682/3585/3462
f 3667/3570/3447 3684/3587/3464 3683/3586/3463
f 3668/3571/3448 3685/3588/3465 3684/3587/3464
f 3669/3572/3449 3686/3589/3466 3685/3588/3465
f 3670/3573/3450 3687/3590/3467 3686/3589/3466
f 3671/3574/3451 3688/3591/3468 3687/3590/3467
f 3672/3575/3452 3689/3592/3469 3688/3591/3468
f 3673/3576/3453 3690/3593/3470 3689/3592/3469
f 3674/3577/3454 3691/3594/3471 3690/3593/3470
f 3692/3595/3472 3693/3596/3473 3694/3597/3474
f 3695/3598/3475 3696/3599/3476 3692/3595/3472
f 3697/3600/3477 3698/3601/3478 3695/3598/3475
f 3699/3602/3479 3700/3603/3480 3697/3600/3477
f 3701/3604/3481 3702/3605/3482 3699/3602/3479
f 3703/3606/3483 3704/3607/3484 3701/3604/3481
f 3705/3608/3485 3706/3609/3486 3703/3606/3483
f 3707/3610/3487 3708/3611/3488 3705/3608/3485
f 3709/3612/3489 3710/3613/3490 3707/3610/3487
f 3711/3614/3491 3712/3615/3492 3709/3612/3489
f 3713/3616/3493 3714/3617/3494 3711/3614/3491
f 3715/3618/3495 3716/3619/3496 3713/3616/3493
f 3717/3620/3497 3718/3621/3498 3715/3618/3495
f 3719/3622/3499 3720/3623/3500 3717/3620/3497
f 3719/3622/3499 3721/3624/3501 3722/3625/3502
f 3696/3599/3476 3723/3626/3503 3693/3596/3473
f 3698/3601/3478 3724/3627/3504 3696/3599/3476
f 3700/3603/3480 3725/3628/3505 3698/3601/3478
f 3702/3605/3482 3726/3629/3506 3700/3603/3480
f 3704/3607/3484 3727/3630/3507 3702/3605/3482
f 3706/3609/3486 3728/3631/3508 3704/3607/3484
f 3708/3611/3488 3729/3632/3509 3706/3609/3486
f 3710/3613/3490 3730/3633/3510 3708/3611/3488
f 3712/3615/3492 3731/3634/3511 3710/3613/3490
f 3714/3617/3494 3732/3635/3512 3712/3615/3492
f 3716/3619/3496 3733/3636/3513 3714/3617/3494
f 3718/3621/3498 3734/3637/3514 3716/3619/3496
f 3720/3623/3500 3735/3638/3515 3718/3621/3498
f 3722/3625/3502 3736/3639/3516 3720/3623/3500
f 3722/3625/3502 3737/3640/3517 3738/3641/3518
f 3723/3626/3503 3739/3642/3519 3740/3643/3520
f 3725/3628/3505 3739/3642/3519 3724/3627/3504
f 3726/3629/3506 3741/3644/3521 3725/3628/3505
f 3727/3630/3507 3742/3645/3522 3726/3629/3506
f 3728/3631/3508 3743/3646/3523 3727/3630/3507
f 3729/3632/3509 3744/3647/3524 3728/3631/3508
f 3730/3633/3510 3745/3648/3525 3729/3632/3509
f 3731/3634/3511 3746/3649/3526 3730/3633/3510
f 3732/3635/3512 3747/3650/3527 3731/3634/3511
f 3733/3636/3513 3748/3651/3528 3732/3635/3512
f 3734/3637/3514 3749/3652/3529 3733/3636/3513
f 3735/3638/3515 3750/3653/3530 3734/3637/3514
f 3736/3639/3516 3751/3654/3531 3735/3638/3515
f 3738/3641/3518 3752/3655/3532 3736/3639/3516
f 3737/3640/3517 3753/3656/3533 3738/3641/3518
f 3754/3657/3534 3755/3658/3535 3756/3659/3536
f 3755/3658/3535 3757/3660/3537 3758/3661/3538
f 3757/3660/3537 3759/3662/3539 3758/3661/3538
f 3760/3663/3540 3761/3664/3541 3759/3662/3539
f 3762/3665/3542 3763/3666/3543 3761/3664/3541
f 3764/3667/3544 3765/3668/3545 3763/3666/3543
f 3766/3669/3546 3767/3670/3547 3765/3668/3545
f 3768/3671/3548 3769/3672/3549 3767/3670/3547
f 3770/3673/3550 3771/3674/3551 3769/3672/3549
f 3772/3675/3552 3773/3676/3553 3771/3674/3551
f 3774/3677/3554 3775/3678/3555 3773/3676/3553
f 3776/3679/3556 3777/3680/3557 3775/3678/3555
f 3778/3681/3558 3779/3682/3559 3777/3680/3557
f 3780/3683/3560 3781/3684/3561 3779/3682/3559
f 3781/3684/3561 3782/3685/3562 3783/3686/3563
f 3784/3687/3564 3785/3688/3565 3754/3657/3534
f 3786/3689/3566 3757/3660/3537 3785/3688/3565
f 3787/3690/3567 3760/3663/3540 3757/3660/3537
f 3788/3691/3568 3762/3665/3542 3760/3663/3540
f 3789/3692/3569 3764/3667/3544 3762/3665/3542
f 3790/3693/3570 3766/3669/3546 3764/3667/3544
f 3791/3694/3571 3768/3671/3548 3766/3669/3546
f 3792/3695/3572 3770/3673/3550 3768/3671/3548
f 3793/3696/3573 3772/3675/3552 3770/3673/3550
f 3794/3697/3574 3774/3677/3554 3772/3675/3552
f 3795/3698/3575 3776/3679/3556 3774/3677/3554
f 3796/3699/3576 3778/3681/3558 3776/3679/3556
f 3797/3700/3577 3780/3683/3560 3778/3681/3558
f 3798/3701/3578 3799/3702/3579 3780/3683/3560
f 3799/3702/3579 3800/3703/3580 3782/3685/3562
f 3784/3687/3564 3801/3704/3581 3786/3689/3566
f 3801/3704/3581 3787/3690/3567 3786/3689/3566
f 3802/3705/3582 3788/3691/3568 3787/3690/3567
f 3788/3691/3568 3803/3706/3583 3789/3692/3569
f 3789/3692/3569 3804/3707/3584 3790/3693/3570
f 3804/3707/3584 3791/3694/3571 3790/3693/3570
f 3805/3708/3585 3792/3695/3572 3791/3694/3571
f 3792/3695/3572 3806/3709/3586 3793/3696/3573
f 3793/3696/3573 3807/3710/3587 3794/3697/3574
f 3807/3710/3587 3795/3698/3575 3794/3697/3574
f 3808/3711/3588 3796/3699/3576 3795/3698/3575
f 3796/3699/3576 3809/3712/3589 3797/3700/3577
f 3797/3700/3577 3810/3713/3590 3798/3701/3578
f 3810/3713/3590 3811/3714/3591 3798/3701/3578
f 3812/3715/3592 3800/3703/3580 3811/3714/3591
f 3813/3716/3593 3814/3717/3594 3815/3718/3595
f 3813/3716/3593 3816/3719/3596 3817/3720/3597
f 3818/3721/3598 3816/3719/3596 3819/3722/3599
f 3818/3721/3598 3820/3723/3600 3821/3724/3601
f 3822/3725/3602 3823/3726/3603 3820/3723/3600
f 3824/3727/3604 3825/3728/3605 3823/3726/3603
f 3826/3729/3606 3827/3730/3607 3825/3728/3605
f 3828/3731/3608 3829/3732/3609 3827/3730/3607
f 3830/3733/3610 3831/3734/3611 3829/3732/3609
f 3832/3735/3612 3833/3736/3613 3831/3734/3611
f 3834/3737/3614 3835/3738/3615 3833/3736/3613
f 3836/3739/3616 3835/3738/3615 3837/3740/3617
f 3838/3741/3618 3839/3742/3619 3836/3739/3616
f 3840/3743/3620 3841/3744/3621 3838/3741/3618
f 3840/3743/3620 3842/3745/3622 3843/3746/3623
f 3817/3720/3597 3844/3747/3624 3814/3717/3594
f 3816/3719/3596 3845/3748/3625 3817/3720/3597
f 3821/3724/3601 3846/3749/3626 3816/3719/3596
f 3821/3724/3601 3847/3750/3627 3848/3751/3628
f 3820/3723/3600 3849/3752/3629 3847/3750/3627
f 3823/3726/3603 3850/3753/3630 3849/3752/3629
f 3825/3728/3605 3851/3754/3631 3850/3753/3630
f 3827/3730/3607 3852/3755/3632 3851/3754/3631
f 3829/3732/3609 3853/3756/3633 3852/3755/3632
f 3831/3734/3611 3854/3757/3634 3853/3756/3633
f 3833/3736/3613 3855/3758/3635 3854/3757/3634
f 3839/3742/3619 3855/3758/3635 3835/3738/3615
f 3839/3742/3619 3856/3759/3636 3857/3760/3637
f 3843/3746/3623 3856/3759/3636 3841/3744/3621
f 3842/3745/3622 3858/3761/3638 3843/3746/3623
f 3844/3747/3624 3859/3762/3639 3860/3763/3640
f 3846/3749/3626 3859/3762/3639 3845/3748/3625
f 3846/3749/3626 3861/3764/3641 3862/3765/3642
f 3848/3751/3628 3863/3766/3643 3861/3764/3641
f 3847/3750/3627 3864/3767/3644 3863/3766/3643
f 3849/3752/3629 3865/3768/3645 3864/3767/3644
f 3850/3753/3630 3866/3769/3646 3865/3768/3645
f 3851/3754/3631 3867/3770/3647 3866/3769/3646
f 3852/3755/3632 3868/3771/3648 3867/3770/3647
f 3853/3756/3633 3869/3772/3649 3868/3771/3648
f 3854/3757/3634 3870/3773/3650 3869/3772/3649
f 3857/3760/3637 3870/3773/3650 3855/3758/3635
f 3857/3760/3637 3871/3774/3651 3872/3775/3652
f 3856/3759/3636 3873/3776/3653 3871/3774/3651
f 3874/3777/3654 3873/3776/3653 3858/3761/3638
f 3875/3408/3655 3876/3407/3656 3877/3409/3657
f 3875/3408/3655 3878/3412/3658 3879/3410/3659
f 3880/3411/3660 3881/3414/3661 3878/3412/3658
f 3882/3413/3662 3883/3416/3663 3881/3414/3661
f 3884/3415/3664 3885/3418/3665 3883/3416/3663
f 3886/3417/3666 3887/3420/3667 3885/3418/3665
f 3888/3421/3668 3887/3420/3667 3889/3419/3669
f 3890/3423/3670 3891/3422/3671 3888/3421/3668
f 3892/3425/3672 3893/3424/3673 3890/3423/3670
f 3894/3427/3674 3895/3426/3675 3892/3425/3672
f 3896/3429/3676 3897/3428/3677 3894/3427/3674
f 3898/3431/3678 3899/3430/3679 3896/3429/3676
f 3900/3433/3680 3901/3432/3681 3898/3431/3678
f 3902/3435/3682 3903/3434/3683 3900/3433/3680
f 3902/3435/3682 3904/3436/3684 3905/3451/3685
f 3879/3410/3659 3906/3453/3686 3876/3407/3656
f 3878/3412/3658 3907/3438/3687 3879/3410/3659
f 3878/3412/3658 3908/3440/3688 3909/3439/3689
f 3881/3414/3661 3910/3441/3690 3908/3440/3688
f 3883/3416/3663 3911/3442/3691 3910/3441/3690
f 3885/3418/3665 3912/3443/3692 3911/3442/3691
f 3891/3422/3671 3912/3443/3692 3887/3420/3667
f 3893/3424/3673 3913/3444/3693 3891/3422/3671
f 3895/3426/3675 3914/3445/3694 3893/3424/3673
f 3897/3428/3677 3915/3446/3695 3895/3426/3675
f 3899/3430/3679 3916/3447/3696 3897/3428/3677
f 3901/3432/3681 3917/3448/3697 3899/3430/3679
f 3903/3434/3683 3918/3449/3698 3901/3432/3681
f 3905/3451/3685 3919/3450/3699 3903/3434/3683
f 3904/3436/3684 3920/3452/3700 3905/3451/3685
f 3906/3453/3686 3921/3454/3701 3922/3778/3702
f 3909/3439/3689 3921/3454/3701 3907/3438/3687
f 3908/3440/3688 3923/3455/3703 3909/3439/3689
f 3908/3440/3688 3924/3457/3704 3925/3456/3705
f 3911/3442/3691 3924/3457/3704 3910/3441/3690
f 3912/3443/3692 3926/3458/3706 3911/3442/3691
f 3913/3444/3693 3927/3459/3707 3912/3443/3692
f 3914/3445/3694 3928/3460/3708 3913/3444/3693
f 3915/3446/3695 3929/3461/3709 3914/3445/3694
f 3916/3447/3696 3930/3462/3710 3915/3446/3695
f 3917/3448/3697 3931/3463/3711 3916/3447/3696
f 3918/3449/3698 3932/3464/3712 3917/3448/3697
f 3919/3450/3699 3933/3465/3713 3918/3449/3698
f 3920/3452/3700 3934/3466/3714 3919/3450/3699
f 3935/3468/3715 3936/3467/3716 3920/3452/3700
f 3937/3470/3717 3938/3469/3718 3939/3471/3719
f 3940/3473/3720 3941/3472/3721 3937/3470/3717
f 3942/3475/3722 3943/3502/3723 3940/3473/3720
f 3944/3477/3724 3945/3474/3725 3942/3475/3722
f 3944/3477/3724 3946/3478/3726 3947/3476/3727
f 3948/3479/3728 3949/3480/3729 3946/3478/3726
f 3950/3481/3730 3951/3482/3731 3949/3480/3729
f 3952/3483/3732 3953/3484/3733 3951/3482/3731
f 3954/3485/3734 3955/3486/3735 3953/3484/3733
f 3956/3487/3736 3957/3488/3737 3955/3486/3735
f 3958/3489/3738 3959/3490/3739 3957/3488/3737
f 3960/3491/3740 3961/3492/3741 3959/3490/3739
f 3962/3493/3742 3963/3494/3743 3961/3492/3741
f 3964/3495/3744 3965/3496/3745 3963/3494/3743
f 3966/3497/3746 3967/3498/3747 3965/3496/3745
f 3941/3472/3721 3968/3500/3748 3938/3469/3718
f 3943/3502/3723 3969/3501/3749 3941/3472/3721
f 3945/3474/3725 3970/3518/3750 3943/3502/3723
f 3945/3474/3725 3971/3504/3751 3972/3503/3752
f 3947/3476/3727 3973/3505/3753 3971/3504/3751
f 3946/3478/3726 3974/3506/3754 3973/3505/3753
f 3949/3480/3729 3975/3507/3755 3974/3506/3754
f 3951/3482/3731 3976/3508/3756 3975/3507/3755
f 3953/3484/3733 3977/3509/3757 3976/3508/3756
f 3955/3486/3735 3978/3510/3758 3977/3509/3757
f 3957/3488/3737 3979/3511/3759 3978/3510/3758
f 3959/3490/3739 3980/3512/3760 3979/3511/3759
f 3961/3492/3741 3981/3513/3761 3980/3512/3760
f 3963/3494/3743 3982/3514/3762 3981/3513/3761
f 3965/3496/3745 3983/3515/3763 3982/3514/3762
f 3969/3501/3749 3984/3516/3764 3968/3500/3748
f 3970/3518/3750 3985/3517/3765 3969/3501/3749
f 3970/3518/3750 3986/3519/3766 3987/3779/3767
f 3972/3503/3752 3988/3520/3768 3986/3519/3766
f 3971/3504/3751 3989/3521/3769 3988/3520/3768
f 3973/3505/3753 3990/3522/3770 3989/3521/3769
f 3974/3506/3754 3991/3523/3771 3990/3522/3770
f 3975/3507/3755 3992/3524/3772 3991/3523/3771
f 3976/3508/3756 3993/3525/3773 3992/3524/3772
f 3977/3509/3757 3994/3526/3774 3993/3525/3773
f 3978/3510/3758 3995/3527/3775 3994/3526/3774
f 3979/3511/3759 3996/3528/3776 3995/3527/3775
f 3980/3512/3760 3997/3529/3777 3996/3528/3776
f 3981/3513/3761 3998/3530/3778 3997/3529/3777
f 3982/3514/3762 3999/3531/3779 3998/3530/3778
f 4000/3533/3780 4001/3532/3781 4002/3534/3782
f 4003/3536/3783 4004/3535/3784 4001/3532/3781
f 4005/3538/3785 4006/3539/3786 4004/3535/3784
f 4007/3537/3787 4008/3541/3788 4006/3539/3786
f 4008/3541/3788 4009/3542/3789 4010/3543/3790
f 4010/3543/3790 4011/3544/3791 4012/3545/3792
f 4012/3545/3792 4013/3546/3793 4014/3547/3794
f 4014/3547/3794 4015/3548/3795 4016/3549/3796
f 4016/3549/3796 4017/3550/3797 4018/3551/3798
f 4018/3551/3798 4019/3552/3799 4020/3553/3800
f 4020/3553/3800 4021/3554/3801 4022/3555/3802
f 4022/3555/3802 4023/3556/3803 4024/3557/3804
f 4024/3557/3804 4025/3558/3805 4026/3559/3806
f 4026/3559/3806 4027/3560/3807 4028/3561/3808
f 4028/3561/3808 4029/3562/3809 4030/3780/3810
f 4031/3563/3811 4003/3536/3783 4000/3533/3780
f 4032/3564/3812 4005/3538/3785 4003/3536/3783
f 4033/3566/3813 4007/3537/3787 4005/3538/3785
f 4034/3565/3814 4035/3540/3815 4007/3537/3787
f 4035/3540/3815 4036/3568/3816 4009/3542/3789
f 4009/3542/3789 4037/3569/3817 4011/3544/3791
f 4011/3544/3791 4038/3570/3818 4013/3546/3793
f 4013/3546/3793 4039/3571/3819 4015/3548/3795
f 4015/3548/3795 4040/3572/3820 4017/3550/3797
f 4017/3550/3797 4041/3573/3821 4019/3552/3799
f 4019/3552/3799 4042/3574/3822 4021/3554/3801
f 4021/3554/3801 4043/3575/3823 4023/3556/3803
f 4023/3556/3803 4044/3576/3824 4025/3558/3805
f 4025/3558/3805 4045/3577/3825 4027/3560/3807
f 4027/3560/3807 4046/3578/3826 4029/3562/3809
f 4047/3579/3827 4032/3564/3812 4031/3563/3811
f 4048/3580/3828 4033/3566/3813 4032/3564/3812
f 4049/3582/3829 4034/3565/3814 4033/3566/3813
f 4050/3581/3830 4051/3567/3831 4034/3565/3814
f 4051/3567/3831 4052/3584/3832 4036/3568/3816
f 4036/3568/3816 4053/3585/3833 4037/3569/3817
f 4037/3569/3817 4054/3586/3834 4038/3570/3818
f 4038/3570/3818 4055/3587/3835 4039/3571/3819
f 4039/3571/3819 4056/3588/3836 4040/3572/3820
f 4040/3572/3820 4057/3589/3837 4041/3573/3821
f 4041/3573/3821 4058/3590/3838 4042/3574/3822
f 4042/3574/3822 4059/3591/3839 4043/3575/3823
f 4043/3575/3823 4060/3592/3840 4044/3576/3824
f 4044/3576/3824 4061/3593/3841 4045/3577/3825
f 4045/3577/3825 4062/3594/3842 4046/3578/3826
f 4063/3596/3843 4064/3595/3844 4065/3597/3845
f 4066/3599/3846 4067/3598/3847 4064/3595/3844
f 4067/3598/3847 4068/3603/3848 4069/3600/3849
f 4068/3603/3848 4070/3602/3850 4069/3600/3849
f 4071/3605/3851 4072/3604/3852 4070/3602/3850
f 4073/3607/3853 4074/3606/3854 4072/3604/3852
f 4075/3609/3855 4076/3608/3856 4074/3606/3854
f 4077/3611/3857 4078/3610/3858 4076/3608/3856
f 4079/3613/3859 4080/3612/3860 4078/3610/3858
f 4081/3615/3861 4082/3614/3862 4080/3612/3860
f 4083/3617/3863 4084/3616/3864 4082/3614/3862
f 4085/3619/3865 4086/3618/3866 4084/3616/3864
f 4087/3621/3867 4088/3620/3868 4086/3618/3866
f 4088/3620/3868 4089/3625/3869 4090/3622/3870
f 4090/3622/3870 4091/3624/3871 4092/3781/3872
f 4093/3626/3873 4066/3599/3846 4063/3596/3843
f 4094/3627/3874 4095/3601/3875 4066/3599/3846
f 4096/3628/3876 4068/3603/3848 4095/3601/3875
f 4097/3629/3877 4071/3605/3851 4068/3603/3848
f 4098/3630/3878 4073/3607/3853 4071/3605/3851
f 4099/3631/3879 4075/3609/3855 4073/3607/3853
f 4100/3632/3880 4077/3611/3857 4075/3609/3855
f 4101/3633/3881 4079/3613/3859 4077/3611/3857
f 4102/3634/3882 4081/3615/3861 4079/3613/3859
f 4103/3635/3883 4083/3617/3863 4081/3615/3861
f 4104/3636/3884 4085/3619/3865 4083/3617/3863
f 4105/3637/3885 4087/3621/3867 4085/3619/3865
f 4106/3638/3886 4107/3623/3887 4087/3621/3867
f 4108/3639/3888 4089/3625/3869 4107/3623/3887
f 4089/3625/3869 4109/3640/3889 4091/3624/3871
f 4093/3626/3873 4110/3642/3890 4094/3627/3874
f 4110/3642/3890 4096/3628/3876 4094/3627/3874
f 4111/3644/3891 4097/3629/3877 4096/3628/3876
f 4112/3645/3892 4098/3630/3878 4097/3629/3877
f 4113/3646/3893 4099/3631/3879 4098/3630/3878
f 4114/3647/3894 4100/3632/3880 4099/3631/3879
f 4115/3648/3895 4101/3633/3881 4100/3632/3880
f 4116/3649/3896 4102/3634/3882 4101/3633/3881
f 4117/3650/3897 4103/3635/3883 4102/3634/3882
f 4118/3651/3898 4104/3636/3884 4103/3635/3883
f 4119/3652/3899 4105/3637/3885 4104/3636/3884
f 4120/3653/3900 4106/3638/3886 4105/3637/3885
f 4121/3654/3901 4108/3639/3888 4106/3638/3886
f 4122/3655/3902 4123/3641/3903 4108/3639/3888
f 4124/3656/3904 4109/3640/3889 4123/3641/3903
f 4125/3658/3905 4126/3657/3906 4127/3659/3907
f 4128/3661/3908 4129/3688/3909 4125/3658/3905
f 4128/3661/3908 4130/3663/3910 4131/3660/3911
f 4132/3662/3912 4133/3665/3913 4130/3663/3910
f 4134/3664/3914 4135/3667/3915 4133/3665/3913
f 4136/3666/3916 4137/3669/3917 4135/3667/3915
f 4138/3668/3918 4139/3671/3919 4137/3669/3917
f 4140/3670/3920 4141/3673/3921 4139/3671/3919
f 4142/3674/3922 4141/3673/3921 4143/3672/3923
f 4144/3676/3924 4145/3675/3925 4142/3674/3922
f 4146/3678/3926 4147/3677/3927 4144/3676/3924
f 4148/3680/3928 4149/3679/3929 4146/3678/3926
f 4150/3682/3930 4151/3681/3931 4148/3680/3928
f 4152/3684/3932 4153/3683/3933 4150/3682/3930
f 4152/3684/3932 4154/3685/3934 4155/3702/3935
f 4129/3688/3909 4156/3687/3936 4126/3657/3906
f 4131/3660/3911 4157/3689/3937 4129/3688/3909
f 4131/3660/3911 4158/3691/3938 4159/3690/3939
f 4130/3663/3910 4160/3692/3940 4158/3691/3938
f 4133/3665/3913 4161/3693/3941 4160/3692/3940
f 4135/3667/3915 4162/3694/3942 4161/3693/3941
f 4137/3669/3917 4163/3695/3943 4162/3694/3942
f 4139/3671/3919 4164/3696/3944 4163/3695/3943
f 4145/3675/3925 4164/3696/3944 4141/3673/3921
f 4147/3677/3927 4165/3697/3945 4145/3675/3925
f 4149/3679/3929 4166/3698/3946 4147/3677/3927
f 4151/3681/3931 4167/3699/3947 4149/3679/3929
f 4153/3683/3933 4168/3700/3948 4151/3681/3931
f 4155/3702/3935 4169/3701/3949 4153/3683/3933
f 4154/3685/3934 4170/3714/3950 4155/3702/3935
f 4156/3687/3936 4171/3704/3951 4172/3782/3952
f 4159/3690/3939 4171/3704/3951 4157/3689/3937
f 4159/3690/3939 4173/3783/3953 4174/3705/3954
f 4158/3691/3938 4175/3706/3955 4173/3783/3953
f 4160/3692/3940 4176/3707/3956 4175/3706/3955
f 4161/3693/3941 4177/3708/3957 4176/3707/3956
f 4162/3694/3942 4178/3784/3958 4177/3708/3957
f 4163/3695/3943 4179/3709/3959 4178/3784/3958
f 4164/3696/3944 4180/3710/3960 4179/3709/3959
f 4166/3698/3946 4180/3710/3960 4165/3697/3945
f 4167/3699/3947 4181/3711/3961 4166/3698/3946
f 4168/3700/3948 4182/3785/3962 4167/3699/3947
f 4169/3701/3949 4183/3712/3963 4168/3700/3948
f 4170/3714/3950 4184/3713/3964 4169/3701/3949
f 4185/3703/3965 4186/3715/3966 4170/3714/3950
f 4187/3717/3967 4188/3716/3968 4189/3718/3969
f 4190/3720/3970 4191/3722/3971 4188/3716/3968
f 4192/3719/3972 4193/3721/3973 4191/3722/3971
f 4193/3721/3973 4194/3723/3974 4195/3725/3975
f 4195/3725/3975 4196/3726/3976 4197/3727/3977
f 4197/3727/3977 4198/3728/3978 4199/3729/3979
f 4199/3729/3979 4200/3730/3980 4201/3731/3981
f 4201/3731/3981 4202/3732/3982 4203/3733/3983
f 4202/3732/3982 4204/3735/3984 4203/3733/3983
f 4205/3734/3985 4206/3737/3986 4204/3735/3984
f 4207/3736/3987 4208/3740/3988 4206/3737/3986
f 4209/3738/3989 4210/3739/3990 4208/3740/3988
f 4211/3742/3991 4212/3741/3992 4210/3739/3990
f 4213/3744/3993 4214/3743/3994 4212/3741/3992
f 4215/3746/3995 4216/3786/3996 4214/3743/3994
f 4217/3747/3997 4190/3720/3970 4187/3717/3967
f 4218/3748/3998 4192/3719/3972 4190/3720/3970
f 4219/3749/3999 4220/3724/4000 4192/3719/3972
f 4220/3724/4000 4221/3750/4001 4194/3723/3974
f 4194/3723/3974 4222/3752/4002 4196/3726/3976
f 4196/3726/3976 4223/3753/4003 4198/3728/3978
f 4198/3728/3978 4224/3754/4004 4200/3730/3980
f 4224/3754/4004 4202/3732/3982 4200/3730/3980
f 4225/3755/4005 4205/3734/3985 4202/3732/3982
f 4226/3756/4006 4207/3736/3987 4205/3734/3985
f 4227/3757/4007 4209/3738/3989 4207/3736/3987
f 4228/3758/4008 4211/3742/3991 4209/3738/3989
f 4229/3760/4009 4213/3744/3993 4211/3742/3991
f 4230/3759/4010 4215/3746/3995 4213/3744/3993
f 4231/3761/4011 4232/3745/4012 4215/3746/3995
f 4233/3763/4013 4218/3748/3998 4217/3747/3997
f 4234/3762/4014 4219/3749/3999 4218/3748/3998
f 4219/3749/3999 4235/3764/4015 4236/3751/4016
f 4236/3751/4016 4237/3766/4017 4221/3750/4001
f 4221/3750/4001 4238/3767/4018 4222/3752/4002
f 4222/3752/4002 4239/3768/4019 4223/3753/4003
f 4223/3753/4003 4240/3769/4020 4224/3754/4004
f 4240/3769/4020 4225/3755/4005 4224/3754/4004
f 4241/3770/4021 4226/3756/4006 4225/3755/4005
f 4242/3771/4022 4227/3757/4007 4226/3756/4006
f 4243/3772/4023 4228/3758/4008 4227/3757/4007
f 4244/3773/4024 4229/3760/4009 4228/3758/4008
f 4229/3760/4009 4245/3774/4025 4230/3759/4010
f 4230/3759/4010 4246/3776/4026 4231/3761/4011
f 4246/3776/4026 4247/3777/4027 4231/3761/4011
f 3504/3407/3284 4248/3409/4028 4249/3407/4029
f 3506/3409/3286 4250/3408/3655 4248/3409/4028
f 3508/3411/3288 4250/3408/3655 3505/3408/3285
f 3510/3413/3290 4251/3411/4030 3508/3411/3288
f 3512/3415/3292 4252/3413/4031 3510/3413/3290
f 3514/3417/3294 4253/3415/4032 3512/3415/3292
f 3516/3419/3296 4254/3417/4033 3514/3417/3294
f 3518/3421/3298 4255/3419/4034 3516/3419/3296
f 3520/3423/3300 4256/3421/3668 3518/3421/3298
f 3522/3425/3302 4257/3423/4035 3520/3423/3300
f 3524/3427/3304 4258/3425/4036 3522/3425/3302
f 3526/3429/3306 4259/3427/4037 3524/3427/3304
f 3528/3431/3308 4260/3429/4038 3526/3429/3306
f 3528/3431/3308 4261/3433/4039 4262/3431/4040
f 3530/3433/3310 4263/3435/4041 4261/3433/4039
f 3550/3453/3330 4249/3407/4029 4264/3453/4042
f 3533/3436/3313 4265/3468/4043 4266/3436/3684
f 4267/3778/4044 3906/3453/3686 3922/3778/3702
f 4268/3778/4045 4269/3454/3701 3551/3454/3331
f 3552/3455/3332 4269/3454/3701 4270/3455/4046
f 3553/3456/3333 4270/3455/4046 4271/3456/3705
f 3554/3457/3334 4271/3456/3705 4272/3457/4047
f 3555/3458/3335 4272/3457/4047 4273/3458/4048
f 3556/3459/3336 4273/3458/4048 4274/3459/4049
f 3557/3460/3337 4274/3459/4049 4275/3460/4050
f 3558/3461/3338 4275/3460/4050 4276/3461/3709
f 3559/3462/3339 4276/3461/3709 4277/3462/3710
f 3560/3463/3340 4277/3462/3710 4278/3463/4051
f 3561/3464/3341 4278/3463/4051 4279/3464/4052
f 3562/3465/3342 4279/3464/4052 4280/3465/4053
f 3562/3465/3342 4281/3466/3714 3563/3466/3343
f 3563/3466/3343 4282/3467/4054 3564/3467/3344
f 4283/3787/4055 3936/3467/3716 4284/3787/4056
f 3565/3468/3345 4285/3787/4056 4265/3468/4043
f 3568/3471/3348 4286/3469/4057 3566/3469/3346
f 3568/3471/3348 4287/3470/4058 4288/3471/4059
f 3570/3473/3350 4287/3470/4058 3567/3470/3347
f 3572/3475/3352 4289/3473/3720 3570/3473/3350
f 3574/3477/3354 4290/3475/4060 3572/3475/3352
f 3576/3479/3356 4291/3477/4061 3574/3477/3354
f 3578/3481/3358 4292/3479/4062 3576/3479/3356
f 3580/3483/3360 4293/3481/3730 3578/3481/3358
f 3582/3485/3362 4294/3483/4063 3580/3483/3360
f 3584/3487/3364 4295/3485/3734 3582/3485/3362
f 3586/3489/3366 4296/3487/4064 3584/3487/3364
f 3588/3491/3368 4297/3489/4065 3586/3489/3366
f 3590/3493/3370 4298/3491/3740 3588/3491/3368
f 3590/3493/3370 4299/3495/3744 4300/3493/4066
f 3592/3495/3372 4301/3497/3746 4299/3495/3744
f 3595/3498/3375 4302/3499/4067 3596/3499/3376
f 3596/3499/3376 4301/3497/3746 3594/3497/3374
f 3566/3469/3346 4303/3500/4068 3597/3500/3377
f 3612/3515/3392 4304/3498/3747 3595/3498/3375
f 3613/3516/3393 4303/3500/4068 4305/3516/4069
f 3613/3516/3393 4306/3517/3765 3614/3517/3394
f 4307/3779/4070 3985/3517/3765 3987/3779/3767
f 3616/3519/3396 4308/3779/3767 4309/3519/4071
f 3617/3520/3397 4309/3519/4071 4310/3520/4072
f 3618/3521/3398 4310/3520/4072 4311/3521/4073
f 3619/3522/3399 4311/3521/4073 4312/3522/4074
f 3620/3523/3400 4312/3522/4074 4313/3523/4075
f 3621/3524/3401 4313/3523/4075 4314/3524/3772
f 3622/3525/3402 4314/3524/3772 4315/3525/3773
f 3623/3526/3403 4315/3525/3773 4316/3526/4076
f 3624/3527/3404 4316/3526/4076 4317/3527/4077
f 3625/3528/3405 4317/3527/4077 4318/3528/4078
f 3625/3528/3405 4319/3529/4079 3626/3529/3406
f 3626/3529/3406 4320/3530/3778 3627/3530/3407
f 3628/3531/3408 4320/3530/3778 4321/3531/4080
f 3628/3531/3408 4322/3515/4081 3612/3515/3392
f 3631/3534/3411 4323/3533/4082 4324/3534/4083
f 3631/3534/3411 4325/3532/3781 3629/3532/3409
f 3632/3535/3412 4325/3532/3781 4326/3535/4084
f 3636/3539/3416 4326/3535/4084 4327/3539/4085
f 3638/3541/3418 4327/3539/4085 4328/3541/4086
f 3640/3543/3420 4328/3541/4086 4329/3543/4087
f 3642/3545/3422 4329/3543/4087 4330/3545/4088
f 3644/3547/3424 4330/3545/4088 4331/3547/4089
f 3646/3549/3426 4331/3547/4089 4332/3549/4090
f 3648/3551/3428 4332/3549/4090 4333/3551/4091
f 3650/3553/3430 4333/3551/4091 4334/3553/4092
f 3652/3555/3432 4334/3553/4092 4335/3555/4093
f 3654/3557/3434 4335/3555/4093 4336/3557/4094
f 3654/3557/3434 4337/3559/4095 3656/3559/3436
f 3656/3559/3436 4338/3561/3808 3658/3561/3438
f 3659/3562/3439 4339/3780/4096 4340/3562/4097
f 4341/3780/4098 4028/3561/3808 4030/3780/3810
f 3630/3533/3410 4342/3563/4099 4323/3533/4082
f 3675/3578/3455 4340/3562/4097 4343/3578/3826
f 3676/3579/3456 4342/3563/4099 3660/3563/3440
f 3676/3579/3456 4344/3580/3828 4345/3579/4100
f 3679/3582/3459 4344/3580/3828 3677/3580/3457
f 3678/3581/3458 4346/3582/4101 3679/3582/3459
f 3680/3583/3460 4347/3581/4102 3678/3581/3458
f 3681/3584/3461 4348/3583/4103 3680/3583/3460
f 3682/3585/3462 4349/3584/4104 3681/3584/3461
f 3683/3586/3463 4350/3585/4105 3682/3585/3462
f 3684/3587/3464 4351/3586/4106 3683/3586/3463
f 3685/3588/3465 4352/3587/4107 3684/3587/3464
f 3686/3589/3466 4353/3588/4108 3685/3588/3465
f 3687/3590/3467 4354/3589/4109 3686/3589/3466
f 3688/3591/3468 4355/3590/4110 3687/3590/3467
f 3688/3591/3468 4356/3592/4111 4357/3591/3839
f 3689/3592/3469 4358/3593/3841 4356/3592/4111
f 3691/3594/3471 4358/3593/3841 3690/3593/3470
f 3691/3594/3471 4343/3578/3826 4359/3594/4112
f 3693/3596/3473 4360/3597/4113 3694/3597/3474
f 3694/3597/3474 4361/3595/4114 3692/3595/3472
f 3695/3598/3475 4361/3595/4114 4362/3598/4115
f 3697/3600/3477 4362/3598/4115 4363/3600/4116
f 3699/3602/3479 4363/3600/4116 4364/3602/4117
f 3701/3604/3481 4364/3602/4117 4365/3604/4118
f 3703/3606/3483 4365/3604/4118 4366/3606/4119
f 3705/3608/3485 4366/3606/4119 4367/3608/4120
f 3707/3610/3487 4367/3608/4120 4368/3610/4121
f 3709/3612/3489 4368/3610/4121 4369/3612/4122
f 3711/3614/3491 4369/3612/4122 4370/3614/4123
f 3713/3616/3493 4370/3614/4123 4371/3616/4124
f 3715/3618/3495 4371/3616/4124 4372/3618/4125
f 3715/3618/3495 4373/3620/3868 3717/3620/3497
f 3717/3620/3497 4374/3622/4126 3719/3622/3499
f 3723/3626/3503 4375/3596/4127 3693/3596/3473
f 3721/3624/3501 4376/3640/4128 3737/3640/3517
f 3740/3643/3520 4377/3626/4129 3723/3626/3503
f 3740/3643/3520 4378/3642/4130 4379/3643/4131
f 3741/3644/3521 4378/3642/4130 3739/3642/3519
f 3742/3645/3522 4380/3644/4132 3741/3644/3521
f 3743/3646/3523 4381/3645/4133 3742/3645/3522
f 3744/3647/3524 4382/3646/4134 3743/3646/3523
f 3745/3648/3525 4383/3647/4135 3744/3647/3524
f 3746/3649/3526 4384/3648/4136 3745/3648/3525
f 3747/3650/3527 4385/3649/4137 3746/3649/3526
f 3748/3651/3528 4386/3650/4138 3747/3650/3527
f 3749/3652/3529 4387/3651/4139 3748/3651/3528
f 3750/3653/3530 4388/3652/4140 3749/3652/3529
f 3751/3654/3531 4389/3653/4141 3750/3653/3530
f 3751/3654/3531 4390/3655/3902 4391/3654/4142
f 3752/3655/3532 4392/3656/3904 4390/3655/3902
f 4393/3788/4143 4392/3656/3904 3753/3656/3533
f 3737/3640/3517 4394/3788/4144 4393/3788/4143
f 3754/3657/3534 4395/3659/4145 4396/3657/4146
f 3756/3659/3536 4397/3658/3905 4395/3659/4145
f 3758/3661/3538 4397/3658/3905 3755/3658/3535
f 3759/3662/3539 4398/3661/4147 3758/3661/3538
f 3761/3664/3541 4399/3662/4148 3759/3662/3539
f 3763/3666/3543 4400/3664/4149 3761/3664/3541
f 3765/3668/3545 4401/3666/4150 3763/3666/3543
f 3767/3670/3547 4402/3668/4151 3765/3668/3545
f 3769/3672/3549 4403/3670/4152 3767/3670/3547
f 3771/3674/3551 4404/3672/4153 3769/3672/3549
f 3773/3676/3553 4405/3674/4154 3771/3674/3551
f 3775/3678/3555 4406/3676/4155 3773/3676/3553
f 3777/3680/3557 4407/3678/4156 3775/3678/3555
f 3777/3680/3557 4408/3682/4157 4409/3680/3928
f 3779/3682/3559 4410/3684/4158 4408/3682/4157
f 3782/3685/3562 4411/3686/4159 3783/3686/3563
f 3783/3686/3563 4410/3684/4158 3781/3684/3561
f 3784/3687/3564 4396/3657/4146 4412/3687/4160
f 3782/3685/3562 4413/3703/4161 4414/3685/4162
f 4415/3782/4163 4156/3687/3936 4172/3782/3952
f 4416/3782/4164 4417/3704/3951 3801/3704/3581
f 3802/3705/3582 4417/3704/3951 4418/3705/4165
f 4419/3783/4166 4174/3705/3954 4173/3783/3953
f 3803/3706/3583 4420/3783/4167 4421/3706/4168
f 3804/3707/3584 4421/3706/4168 4422/3707/4169
f 3805/3708/3585 4422/3707/4169 4423/3708/4170
f 4424/3784/4171 4177/3708/3957 4178/3784/3958
f 3806/3709/3586 4425/3784/3958 4426/3709/4172
f 3807/3710/3587 4426/3709/4172 4427/3710/3960
f 3808/3711/3588 4427/3710/3960 4428/3711/4173
f 4429/3785/4174 4181/3711/3961 4182/3785/3962
f 3809/3712/3589 4430/3785/3962 4431/3712/4175
f 3809/3712/3589 4432/3713/3964 3810/3713/3590
f 3810/3713/3590 4433/3715/4176 3812/3715/3592
f 4434/3789/4177 4186/3715/3966 4435/3789/4178
f 3800/3703/3580 4436/3789/4179 4413/3703/4161
f 3814/3717/3594 4437/3718/4180 3815/3718/3595
f 3815/3718/3595 4438/3716/4181 3813/3716/3593
f 3819/3722/3599 4438/3716/4181 4439/3722/4182
f 3818/3721/3598 4439/3722/4182 4440/3721/4183
f 3822/3725/3602 4440/3721/4183 4441/3725/3975
f 3824/3727/3604 4441/3725/3975 4442/3727/4184
f 3826/3729/3606 4442/3727/4184 4443/3729/4185
f 3828/3731/3608 4443/3729/4185 4444/3731/4186
f 3830/3733/3610 4444/3731/4186 4445/3733/3983
f 3832/3735/3612 4445/3733/3983 4446/3735/4187
f 3834/3737/3614 4446/3735/4187 4447/3737/4188
f 3837/3740/3617 4447/3737/4188 4448/3740/4189
f 3836/3739/3616 4448/3740/4189 4449/3739/4190
f 3836/3739/3616 4450/3741/4191 3838/3741/3618
f 3838/3741/3618 4451/3743/3994 3840/3743/3620
f 3842/3745/3622 4452/3786/4192 4453/3745/4012
f 4454/3786/4193 4214/3743/3994 4216/3786/3996
f 3844/3747/3624 4455/3717/4194 3814/3717/3594
f 3842/3745/3622 4456/3777/4195 3874/3777/3654
f 3860/3763/3640 4457/3747/4196 3844/3747/3624
f 3860/3763/3640 4458/3762/4014 4459/3763/4197
f 3862/3765/3642 4458/3762/4014 3859/3762/3639
f 3861/3764/3641 4460/3765/4198 3862/3765/3642
f 3863/3766/3643 4461/3764/4199 3861/3764/3641
f 3864/3767/3644 4462/3766/4200 3863/3766/3643
f 3865/3768/3645 4463/3767/4018 3864/3767/3644
f 3866/3769/3646 4464/3768/4019 3865/3768/3645
f 3867/3770/3647 4465/3769/4201 3866/3769/3646
f 3868/3771/3648 4466/3770/4202 3867/3770/3647
f 3869/3772/3649 4467/3771/4203 3868/3771/3648
f 3870/3773/3650 4468/3772/4204 3869/3772/3649
f 3870/3773/3650 4469/3775/4205 4470/3773/4206
f 3872/3775/3652 4471/3774/4025 4469/3775/4205
f 3871/3774/3651 4472/3776/4026 4471/3774/4025
f 4473/3790/4207 4472/3776/4026 3873/3776/3653
f 3874/3777/3654 4474/3790/4208 4473/3790/4207
f 3533/3436/3313 4475/3437/4209 3534/3437/3314
f 3534/3437/3314 4263/3435/4041 3532/3435/3312
f 3721/3624/3501 4476/3781/4210 4477/3624/4211
f 4478/3781/4212 4090/3622/3870 4092/3781/3872
f 4479/3791/4213 4480/3792/4214 4481/3793/4215
f 4482/3794/4216 4483/3795/4217 4480/3792/4214
f 4484/3796/4218 4485/3797/4219 4483/3795/4217
f 4486/3798/4220 4487/3799/4221 4485/3797/4219
f 4488/3800/4222 4489/3801/4223 4487/3799/4221
f 4490/3802/4224 4491/3803/4225 4489/3801/4223
f 4492/3804/4226 4493/3805/4227 4491/3803/4225
f 4494/3806/4228 4495/3807/4229 4493/3805/4227
f 4496/3808/4230 4497/3809/4231 4495/3807/4229
f 4498/3810/4232 4499/3811/4233 4497/3809/4231
f 4499/3811/4233 4500/3812/4234 4501/3813/4235
f 4501/3813/4235 4502/3814/4236 4503/3815/4237
f 4503/3815/4237 4504/3816/4238 4505/3817/4239
f 4505/3817/4239 4506/3818/4240 4507/3819/4241
f 4507/3819/4241 4508/3820/4242 4509/3821/4243
f 4510/3822/4244 4511/3823/4245 4512/3824/4246
f 4513/3825/4247 4482/3794/4216 4479/3791/4213
f 4514/3826/4248 4484/3796/4218 4482/3794/4216
f 4515/3827/4249 4486/3798/4220 4484/3796/4218
f 4516/3828/4250 4488/3800/4222 4486/3798/4220
f 4517/3829/4251 4490/3802/4224 4488/3800/4222
f 4518/3830/4252 4492/3804/4226 4490/3802/4224
f 4519/3831/4253 4494/3806/4228 4492/3804/4226
f 4520/3832/4254 4496/3808/4230 4494/3806/4228
f 4521/3833/4255 4498/3810/4232 4496/3808/4230
f 4522/3834/4256 4523/3835/4257 4498/3810/4232
f 4524/3836/4258 4500/3812/4234 4523/3835/4257
f 4525/3837/4259 4502/3814/4236 4500/3812/4234
f 4526/3838/4260 4504/3816/4238 4502/3814/4236
f 4527/3839/4261 4506/3818/4240 4504/3816/4238
f 4528/3840/4262 4508/3820/4242 4506/3818/4240
f 4529/3841/4263 4511/3823/4245 4530/3842/4264
f 4531/3843/4265 4514/3826/4248 4513/3825/4247
f 4532/3844/4266 4515/3827/4249 4514/3826/4248
f 4533/3845/4267 4516/3828/4250 4515/3827/4249
f 4534/3846/4268 4517/3829/4251 4516/3828/4250
f 4535/3847/4269 4518/3830/4252 4517/3829/4251
f 4536/3848/4270 4519/3831/4253 4518/3830/4252
f 4537/3849/4271 4520/3832/4254 4519/3831/4253
f 4538/3850/4272 4521/3833/4255 4520/3832/4254
f 4539/3851/4273 4522/3834/4256 4521/3833/4255
f 4540/3852/4274 4524/3836/4258 4522/3834/4256
f 4541/3853/4275 4525/3837/4259 4524/3836/4258
f 4542/3854/4276 4526/3838/4260 4525/3837/4259
f 4543/3855/4277 4527/3839/4261 4526/3838/4260
f 4544/3856/4278 4528/3840/4262 4527/3839/4261
f 4545/3857/4279 4546/3858/4280 4528/3840/4262
f 4547/3859/4281 4548/3860/4282 4529/3841/4263
f 4549/3861/4283 4532/3844/4266 4531/3843/4265
f 4550/3862/4284 4533/3845/4267 4532/3844/4266
f 4551/3863/4285 4534/3846/4268 4533/3845/4267
f 4552/3864/4286 4535/3847/4269 4534/3846/4268
f 4553/3865/4287 4536/3848/4270 4535/3847/4269
f 4554/3866/4288 4537/3849/4271 4536/3848/4270
f 4555/3867/4289 4538/3850/4272 4537/3849/4271
f 4556/3868/4290 4539/3851/4273 4538/3850/4272
f 4557/3869/4291 4540/3852/4274 4539/3851/4273
f 4558/3870/4292 4541/3853/4275 4540/3852/4274
f 4559/3871/4293 4542/3854/4276 4541/3853/4275
f 4560/3872/4294 4543/3855/4277 4542/3854/4276
f 4561/3873/4295 4544/3856/4278 4543/3855/4277
f 4562/3874/4296 4545/3857/4279 4544/3856/4278
f 4563/3875/4297 4564/3876/4298 4545/3857/4279
f 4565/3877/4299 4566/3878/4300 4547/3859/4281
f 4567/3879/4301 4568/3880/4302 4569/3881/4303
f 4570/3882/4304 4571/3883/4305 4568/3880/4302
f 4572/3884/4306 4573/3885/4307 4571/3883/4305
f 4574/3886/4308 4575/3887/4309 4573/3885/4307
f 4576/3888/4310 4577/3889/4311 4575/3887/4309
f 4578/3890/4312 4579/3891/4313 4577/3889/4311
f 4580/3892/4314 4581/3893/4315 4579/3891/4313
f 4582/3894/4316 4583/3895/4317 4581/3893/4315
f 4584/3896/4318 4585/3897/4319 4583/3895/4317
f 4586/3898/4320 4587/3899/4321 4585/3897/4319
f 4588/3900/4322 4589/3901/4323 4587/3899/4321
f 4590/3902/4324 4591/3903/4325 4589/3901/4323
f 4592/3904/4326 4593/3905/4327 4591/3903/4325
f 4594/3906/4328 4595/3907/4329 4593/3905/4327
f 4596/3908/4330 4597/3909/4331 4595/3907/4329
f 4598/3910/4332 4599/3911/4333 4600/3912/4334
f 4601/3913/4335 4602/3914/4336 4603/3915/4337
f 4604/3916/4338 4605/3794/4339 4601/3913/4335
f 4606/3917/4340 4607/3796/4341 4604/3916/4338
f 4608/3918/4342 4609/3798/4343 4606/3917/4340
f 4610/3919/4344 4611/3800/4345 4608/3918/4342
f 4612/3920/4346 4613/3802/4347 4610/3919/4344
f 4614/3921/4348 4615/3804/4349 4612/3920/4346
f 4616/3922/4350 4617/3806/4351 4614/3921/4348
f 4618/3923/4352 4619/3808/4353 4616/3922/4350
f 4620/3924/4354 4621/3810/4355 4618/3923/4352
f 4620/3924/4354 4622/3812/4356 4623/3835/4357
f 4624/3925/4358 4625/3814/4359 4622/3812/4356
f 4626/3926/4360 4627/3816/4361 4625/3814/4359
f 4628/3927/4362 4629/3818/4363 4627/3816/4361
f 4630/3928/4364 4631/3820/4365 4629/3818/4363
f 4632/3929/4366 4633/3823/4367 4634/3930/4368
f 4605/3794/4339 4635/3931/4369 4602/3914/4336
f 4607/3796/4341 4636/3826/4370 4605/3794/4339
f 4609/3798/4343 4637/3827/4371 4607/3796/4341
f 4611/3800/4345 4638/3828/4372 4609/3798/4343
f 4613/3802/4347 4639/3829/4373 4611/3800/4345
f 4615/3804/4349 4640/3830/4374 4613/3802/4347
f 4617/3806/4351 4641/3831/4375 4615/3804/4349
f 4619/3808/4353 4642/3832/4376 4617/3806/4351
f 4621/3810/4355 4643/3833/4377 4619/3808/4353
f 4623/3835/4357 4644/3834/4378 4621/3810/4355
f 4622/3812/4356 4645/3836/4379 4623/3835/4357
f 4625/3814/4359 4646/3837/4380 4622/3812/4356
f 4627/3816/4361 4647/3838/4381 4625/3814/4359
f 4629/3818/4363 4648/3839/4382 4627/3816/4361
f 4631/3820/4365 4649/3840/4383 4629/3818/4363
f 4633/3823/4367 4650/3932/4384 4634/3930/4368
f 4636/3826/4370 4651/3933/4385 4635/3931/4369
f 4637/3827/4371 4652/3844/4386 4636/3826/4370
f 4638/3828/4372 4653/3845/4387 4637/3827/4371
f 4639/3829/4373 4654/3846/4388 4638/3828/4372
f 4640/3830/4374 4655/3847/4389 4639/3829/4373
f 4641/3831/4375 4656/3848/4390 4640/3830/4374
f 4642/3832/4376 4657/3849/4391 4641/3831/4375
f 4643/3833/4377 4658/3850/4392 4642/3832/4376
f 4644/3834/4378 4659/3851/4393 4643/3833/4377
f 4645/3836/4379 4660/3852/4394 4644/3834/4378
f 4646/3837/4380 4661/3853/4395 4645/3836/4379
f 4647/3838/4381 4662/3854/4396 4646/3837/4380
f 4648/3839/4382 4663/3855/4397 4647/3838/4381
f 4649/3840/4383 4664/3856/4398 4648/3839/4382
f 4665/3858/4399 4666/3857/4400 4649/3840/4383
f 4667/3860/4401 4668/3934/4402 4650/3932/4384
f 4652/3844/4386 4669/3935/4403 4651/3933/4385
f 4653/3845/4387 4670/3862/4404 4652/3844/4386
f 4654/3846/4388 4671/3863/4405 4653/3845/4387
f 4655/3847/4389 4672/3864/4406 4654/3846/4388
f 4656/3848/4390 4673/3865/4407 4655/3847/4389
f 4657/3849/4391 4674/3866/4408 4656/3848/4390
f 4658/3850/4392 4675/3867/4409 4657/3849/4391
f 4659/3851/4393 4676/3868/4410 4658/3850/4392
f 4660/3852/4394 4677/3869/4411 4659/3851/4393
f 4661/3853/4395 4678/3870/4412 4660/3852/4394
f 4662/3854/4396 4679/3871/4413 4661/3853/4395
f 4663/3855/4397 4680/3872/4414 4662/3854/4396
f 4664/3856/4398 4681/3873/4415 4663/3855/4397
f 4666/3857/4400 4682/3874/4416 4664/3856/4398
f 4683/3876/4417 4684/3875/4418 4666/3857/4400
f 4685/3878/4419 4686/3936/4420 4668/3934/4402
f 4687/3937/4421 4688/3938/4422 4689/3939/4423
f 4690/3940/4424 4691/3882/4425 4687/3937/4421
f 4692/3941/4426 4693/3884/4427 4690/3940/4424
f 4694/3942/4428 4695/3886/4429 4692/3941/4426
f 4696/3943/4430 4697/3888/4431 4694/3942/4428
f 4698/3944/4432 4699/3890/4433 4696/3943/4430
f 4700/3945/4434 4701/3892/4435 4698/3944/4432
f 4702/3946/4436 4703/3894/4437 4700/3945/4434
f 4704/3947/4438 4705/3896/4439 4702/3946/4436
f 4706/3948/4440 4707/3898/4441 4704/3947/4438
f 4708/3949/4442 4709/3900/4443 4706/3948/4440
f 4710/3950/4444 4711/3902/4445 4708/3949/4442
f 4712/3951/4446 4713/3904/4447 4710/3950/4444
f 4714/3952/4448 4715/3906/4449 4712/3951/4446
f 4716/3953/4450 4717/3908/4451 4714/3952/4448
f 4718/3954/4452 4719/3911/4453 4720/3955/4454
f 4721/3956/4455 4722/3957/4456 4723/3958/4457
f 4724/3959/4458 4725/3960/4459 4726/3960/4460
f 4727/3961/4461 4728/3962/4462 4729/3962/4463
f 4730/3963/4464 4731/3964/4465 4732/3965/4466
f 4733/3966/4467 4734/3967/4468 4735/3968/4469
f 4736/3969/4470 4737/3970/4471 4738/3970/4472
f 4739/3971/4473 4740/3969/4474 4736/3969/4470
f 4726/3960/4460 4741/3971/4475 4739/3971/4473
f 4742/3972/4476 4743/3973/4477 4744/3972/4478
f 4742/3972/4476 4745/3974/4479 4746/3974/4480
f 4747/3974/4481 4748/3975/4482 4749/3975/4483
f 4749/3975/4483 4750/3976/4484 4751/3977/4485
f 4567/3879/4301 4752/3978/4486 4753/3938/4487
f 4572/3884/4306 4754/3882/4488 4755/3884/4489
f 4572/3884/4306 4756/3886/4490 4574/3886/4308
f 4574/3886/4308 4757/3888/4431 4576/3888/4310
f 4578/3890/4312 4757/3888/4431 4758/3890/4491
f 4580/3892/4314 4758/3890/4491 4759/3892/4435
f 4580/3892/4314 4760/3894/4492 4582/3894/4316
f 4584/3896/4318 4760/3894/4492 4761/3896/4493
f 4586/3898/4320 4761/3896/4493 4762/3898/4494
f 4586/3898/4320 4763/3900/4495 4588/3900/4322
f 4590/3902/4324 4763/3900/4495 4764/3902/4496
f 4592/3904/4326 4764/3902/4496 4765/3904/4497
f 4594/3906/4328 4765/3904/4497 4766/3906/4498
f 4596/3908/4330 4766/3906/4498 4767/3908/4499
f 4596/3908/4330 4768/3979/4500 4769/3979/4501
f 4770/3980/4502 4771/3959/4503 4724/3959/4458
f 4772/3981/4504 4773/3980/4505 4770/3980/4502
f 4772/3981/4504 4774/3982/4506 4775/3981/4507
f 4600/3912/4334 4776/3911/4453 4777/3983/4508
f 4778/3984/4509 4779/3966/4510 4733/3966/4467
f 4780/3984/4511 4781/3985/4512 4782/3984/4513
f 4783/3986/4514 4781/3985/4512 4784/3985/4515
f 4729/3962/4463 4785/3986/4516 4783/3986/4514
f 4786/3987/4517 4787/3961/4518 4727/3961/4461
f 4738/3970/4472 4788/3987/4519 4786/3987/4517
f 4511/3823/4245 4789/3988/4520 4512/3824/4246
f 4548/3860/4282 4790/3823/4521 4511/3823/4245
f 4566/3878/4300 4791/3860/4522 4548/3860/4282
f 4566/3878/4300 4792/3989/4523 4793/3878/4524
f 4794/3979/4525 4720/3955/4454 4795/3990/4526
f 4796/3991/4527 4797/3992/4528 4798/3993/4529
f 4798/3993/4529 4799/3994/4530 4800/3995/4531
f 4800/3995/4531 4801/3996/4532 4802/3997/4533
f 4802/3997/4533 4803/3998/4534 4804/3999/4535
f 4804/3999/4535 4805/4000/4536 4806/4001/4537
f 4806/4001/4537 4807/4002/4538 4808/4003/4539
f 4808/4003/4539 4809/4004/4540 4810/4005/4541
f 4811/4006/4542 4812/4007/4543 4813/4008/4544
f 4814/4009/4545 4815/4010/4546 4797/3992/4528
f 4797/3992/4528 4816/4011/4547 4799/3994/4530
f 4799/3994/4530 4817/4012/4548 4801/3996/4532
f 4801/3996/4532 4818/4013/4549 4803/3998/4534
f 4803/3998/4534 4819/4014/4550 4805/4000/4536
f 4805/4000/4536 4820/4015/4551 4807/4002/4538
f 4807/4002/4538 4821/4016/4552 4809/4004/4540
f 4822/4017/4553 4812/4007/4543 4823/4018/4554
f 4824/4019/4555 4825/4020/4556 4815/4010/4546
f 4815/4010/4546 4826/4021/4557 4816/4011/4547
f 4816/4011/4547 4827/4022/4558 4817/4012/4548
f 4817/4012/4548 4828/4023/4559 4818/4013/4549
f 4818/4013/4549 4829/4024/4560 4819/4014/4550
f 4819/4014/4550 4830/4025/4561 4820/4015/4551
f 4820/4015/4551 4831/4026/4562 4821/4016/4552
f 4832/4027/4563 4833/4028/4564 4822/4017/4553
f 4834/4029/4565 4835/4030/4566 4825/4020/4556
f 4825/4020/4556 4836/4031/4567 4826/4021/4557
f 4826/4021/4557 4837/4032/4568 4827/4022/4558
f 4827/4022/4558 4838/4033/4569 4828/4023/4559
f 4828/4023/4559 4839/4034/4570 4829/4024/4560
f 4829/4024/4560 4840/4035/4571 4830/4025/4561
f 4830/4025/4561 4841/4036/4572 4831/4026/4562
f 4842/4037/4573 4843/4038/4574 4832/4027/4563
f 4844/4039/4575 4835/4030/4566 4845/4040/4576
f 4846/4041/4577 4836/4031/4567 4835/4030/4566
f 4847/4042/4578 4837/4032/4568 4836/4031/4567
f 4848/4043/4579 4838/4033/4569 4837/4032/4568
f 4849/4044/4580 4839/4034/4570 4838/4033/4569
f 4850/4045/4581 4840/4035/4571 4839/4034/4570
f 4851/4046/4582 4841/4036/4572 4840/4035/4571
f 4852/4047/4583 4853/4048/4584 4842/4037/4573
f 4854/4049/4585 4846/4041/4577 4844/4039/4575
f 4855/4050/4586 4847/4042/4578 4846/4041/4577
f 4856/4051/4587 4848/4043/4579 4847/4042/4578
f 4857/4052/4588 4849/4044/4580 4848/4043/4579
f 4858/4053/4589 4850/4045/4581 4849/4044/4580
f 4859/4054/4590 4851/4046/4582 4850/4045/4581
f 4860/4055/4591 4861/4056/4592 4851/4046/4582
f 4862/4057/4593 4863/4058/4594 4852/4047/4583
f 4864/4059/4595 4855/4050/4586 4854/4049/4585
f 4865/4060/4596 4856/4051/4587 4855/4050/4586
f 4866/4061/4597 4857/4052/4588 4856/4051/4587
f 4867/4062/4598 4858/4053/4589 4857/4052/4588
f 4868/4063/4599 4859/4054/4590 4858/4053/4589
f 4869/4064/4600 4860/4055/4591 4859/4054/4590
f 4870/4065/4601 4871/4066/4602 4860/4055/4591
f 4872/4067/4603 4873/4068/4604 4862/4057/4593
f 4874/4069/4605 4865/4060/4596 4864/4059/4595
f 4875/4070/4606 4866/4061/4597 4865/4060/4596
f 4876/4071/4607 4867/4062/4598 4866/4061/4597
f 4877/4072/4608 4868/4063/4599 4867/4062/4598
f 4878/4073/4609 4869/4064/4600 4868/4063/4599
f 4879/4074/4610 4870/4065/4601 4869/4064/4600
f 4880/4075/4611 4881/4076/4612 4870/4065/4601
f 4882/4077/4613 4883/4078/4614 4872/4067/4603
f 4884/4079/4615 4885/4080/4616 4886/4081/4617
f 4887/4082/4618 4888/4083/4619 4885/4080/4616
f 4889/4084/4620 4890/4085/4621 4888/4083/4619
f 4891/4086/4622 4892/4087/4623 4890/4085/4621
f 4893/4088/4624 4894/4089/4625 4892/4087/4623
f 4895/4090/4626 4896/4091/4627 4894/4089/4625
f 4897/4092/4628 4898/4093/4629 4896/4091/4627
f 4899/4094/4630 4900/4095/4631 4901/4096/4632
f 4902/4097/4633 4903/4098/4634 4904/4099/4635
f 4905/4100/4636 4906/4101/4637 4903/4098/4634
f 4907/4102/4638 4908/4103/4639 4906/4101/4637
f 4909/4104/4640 4910/4105/4641 4908/4103/4639
f 4911/4106/4642 4912/4107/4643 4910/4105/4641
f 4913/4108/4644 4914/4109/4645 4912/4107/4643
f 4915/4110/4646 4916/4111/4647 4914/4109/4645
f 4917/4112/4648 4918/4113/4649 4919/4114/4650
f 4904/4099/4635 4920/4115/4651 4921/4116/4652
f 4903/4098/4634 4922/4117/4653 4920/4115/4651
f 4906/4101/4637 4923/4118/4654 4922/4117/4653
f 4908/4103/4639 4924/4119/4655 4923/4118/4654
f 4910/4105/4641 4925/4120/4656 4924/4119/4655
f 4912/4107/4643 4926/4121/4657 4925/4120/4656
f 4914/4109/4645 4927/4122/4658 4926/4121/4657
f 4928/4123/4659 4929/4124/4660 4918/4113/4649
f 4921/4116/4652 4930/4125/4661 4931/4126/4662
f 4920/4115/4651 4932/4127/4663 4930/4125/4661
f 4922/4117/4653 4933/4128/4664 4932/4127/4663
f 4923/4118/4654 4934/4129/4665 4933/4128/4664
f 4924/4119/4655 4935/4130/4666 4934/4129/4665
f 4925/4120/4656 4936/4131/4667 4935/4130/4666
f 4926/4121/4657 4937/4132/4668 4936/4131/4667
f 4938/4133/4669 4939/4134/4670 4929/4124/4660
f 4931/4126/4662 4940/4135/4671 4941/4136/4672
f 4930/4125/4661 4942/4137/4673 4940/4135/4671
f 4932/4127/4663 4943/4138/4674 4942/4137/4673
f 4933/4128/4664 4944/4139/4675 4943/4138/4674
f 4934/4129/4665 4945/4140/4676 4944/4139/4675
f 4935/4130/4666 4946/4141/4677 4945/4140/4676
f 4936/4131/4667 4947/4142/4678 4946/4141/4677
f 4948/4143/4679 4949/4144/4680 4939/4134/4670
f 4940/4135/4671 4950/4145/4681 4941/4136/4672
f 4942/4137/4673 4951/4146/4682 4940/4135/4671
f 4943/4138/4674 4952/4147/4683 4942/4137/4673
f 4944/4139/4675 4953/4148/4684 4943/4138/4674
f 4945/4140/4676 4954/4149/4685 4944/4139/4675
f 4946/4141/4677 4955/4150/4686 4945/4140/4676
f 4947/4142/4678 4956/4151/4687 4946/4141/4677
f 4957/4152/4688 4958/4153/4689 4949/4144/4680
f 4951/4146/4682 4959/4154/4690 4950/4145/4681
f 4952/4147/4683 4960/4155/4691 4951/4146/4682
f 4953/4148/4684 4961/4156/4692 4952/4147/4683
f 4954/4149/4685 4962/4157/4693 4953/4148/4684
f 4955/4150/4686 4963/4158/4694 4954/4149/4685
f 4956/4151/4687 4964/4159/4695 4955/4150/4686
f 4965/4160/4696 4966/4161/4697 4956/4151/4687
f 4967/4162/4698 4968/4163/4699 4958/4153/4689
f 4960/4155/4691 4969/4164/4700 4959/4154/4690
f 4961/4156/4692 4970/4165/4701 4960/4155/4691
f 4962/4157/4693 4971/4166/4702 4961/4156/4692
f 4963/4158/4694 4972/4167/4703 4962/4157/4693
f 4964/4159/4695 4973/4168/4704 4963/4158/4694
f 4966/4161/4697 4974/4169/4705 4964/4159/4695
f 4975/4170/4706 4976/4171/4707 4966/4161/4697
f 4977/4172/4708 4978/4173/4709 4968/4163/4699
f 4970/4165/4701 4979/4174/4710 4969/4164/4700
f 4971/4166/4702 4980/4175/4711 4970/4165/4701
f 4972/4167/4703 4981/4176/4712 4971/4166/4702
f 4973/4168/4704 4982/4177/4713 4972/4167/4703
f 4974/4169/4705 4983/4178/4714 4973/4168/4704
f 4976/4171/4707 4984/4179/4715 4974/4169/4705
f 4985/4180/4716 4986/4181/4717 4976/4171/4707
f 4987/4182/4718 4988/4183/4719 4978/4173/4709
f 4989/4184/4720 4990/4185/4721 4991/4186/4722
f 4992/4187/4723 4993/4188/4724 4989/4184/4720
f 4994/4189/4725 4995/4190/4726 4992/4187/4723
f 4996/4191/4727 4997/4192/4728 4994/4189/4725
f 4998/4193/4729 4999/4194/4730 4996/4191/4727
f 5000/4195/4731 5001/4196/4732 4998/4193/4729
f 5002/4197/4733 5003/4198/4734 5000/4195/4731
f 5004/4199/4735 5005/4200/4736 5006/4201/4737
f 5007/4202/4738 5008/3992/4739 5009/4203/4740
f 5010/4204/4741 5011/3994/4742 5008/3992/4739
f 5012/4205/4743 5013/3996/4744 5011/3994/4742
f 5014/4206/4745 5015/3998/4746 5013/3996/4744
f 5016/4207/4747 5017/4000/4748 5015/3998/4746
f 5018/4208/4749 5019/4002/4750 5017/4000/4748
f 5020/4209/4751 5021/4004/4752 5019/4002/4750
f 5022/4210/4753 5023/4007/4754 5024/4211/4755
f 5009/4203/4740 5025/4010/4756 5026/4212/4757
f 5008/3992/4739 5027/4011/4758 5025/4010/4756
f 5011/3994/4742 5028/4012/4759 5027/4011/4758
f 5013/3996/4744 5029/4013/4760 5028/4012/4759
f 5015/3998/4746 5030/4014/4761 5029/4013/4760
f 5017/4000/4748 5031/4015/4762 5030/4014/4761
f 5019/4002/4750 5032/4016/4763 5031/4015/4762
f 5023/4007/4754 5033/4213/4764 5024/4211/4755
f 5026/4212/4757 5034/4020/4765 5035/4214/4766
f 5025/4010/4756 5036/4021/4767 5034/4020/4765
f 5027/4011/4758 5037/4022/4768 5036/4021/4767
f 5028/4012/4759 5038/4023/4769 5037/4022/4768
f 5029/4013/4760 5039/4024/4770 5038/4023/4769
f 5030/4014/4761 5040/4025/4771 5039/4024/4770
f 5031/4015/4762 5041/4026/4772 5040/4025/4771
f 5042/4028/4773 5043/4215/4774 5033/4213/4764
f 5035/4214/4766 5044/4030/4775 5045/4216/4776
f 5034/4020/4765 5046/4031/4777 5044/4030/4775
f 5036/4021/4767 5047/4032/4778 5046/4031/4777
f 5037/4022/4768 5048/4033/4779 5047/4032/4778
f 5038/4023/4769 5049/4034/4780 5048/4033/4779
f 5039/4024/4770 5050/4035/4781 5049/4034/4780
f 5040/4025/4771 5051/4036/4782 5050/4035/4781
f 5052/4038/4783 5053/4217/4784 5043/4215/4774
f 5044/4030/4775 5054/4218/4785 5045/4216/4776
f 5046/4031/4777 5055/4041/4786 5044/4030/4775
f 5047/4032/4778 5056/4042/4787 5046/4031/4777
f 5048/4033/4779 5057/4043/4788 5047/4032/4778
f 5049/4034/4780 5058/4044/4789 5048/4033/4779
f 5050/4035/4781 5059/4045/4790 5049/4034/4780
f 5051/4036/4782 5060/4046/4791 5050/4035/4781
f 5061/4048/4792 5062/4219/4793 5053/4217/4784
f 5055/4041/4786 5063/4220/4794 5054/4218/4785
f 5056/4042/4787 5064/4050/4795 5055/4041/4786
f 5057/4043/4788 5065/4051/4796 5056/4042/4787
f 5058/4044/4789 5066/4052/4797 5057/4043/4788
f 5059/4045/4790 5067/4053/4798 5058/4044/4789
f 5060/4046/4791 5068/4054/4799 5059/4045/4790
f 5069/4056/4800 5070/4055/4801 5060/4046/4791
f 5071/4058/4802 5072/4221/4803 5062/4219/4793
f 5064/4050/4795 5073/4222/4804 5063/4220/4794
f 5065/4051/4796 5074/4060/4805 5064/4050/4795
f 5066/4052/4797 5075/4061/4806 5065/4051/4796
f 5067/4053/4798 5076/4062/4807 5066/4052/4797
f 5068/4054/4799 5077/4063/4808 5067/4053/4798
f 5070/4055/4801 5078/4064/4809 5068/4054/4799
f 5079/4066/4810 5080/4065/4811 5070/4055/4801
f 5081/4068/4812 5082/4223/4813 5072/4221/4803
f 5074/4060/4805 5083/4224/4814 5073/4222/4804
f 5075/4061/4806 5084/4070/4815 5074/4060/4805
f 5076/4062/4807 5085/4071/4816 5075/4061/4806
f 5077/4063/4808 5086/4072/4817 5076/4062/4807
f 5078/4064/4809 5087/4073/4818 5077/4063/4808
f 5080/4065/4811 5088/4074/4819 5078/4064/4809
f 5089/4076/4820 5090/4075/4821 5080/4065/4811
f 5091/4078/4822 5092/4225/4823 5082/4223/4813
f 5093/4226/4824 5094/4227/4825 5095/4228/4826
f 5096/4229/4827 5097/4082/4828 5093/4226/4824
f 5098/4230/4829 5099/4084/4830 5096/4229/4827
f 5100/4231/4831 5101/4086/4832 5098/4230/4829
f 5102/4232/4833 5103/4088/4834 5100/4231/4831
f 5104/4233/4835 5105/4090/4836 5102/4232/4833
f 5106/4234/4837 5107/4092/4838 5104/4233/4835
f 5108/4235/4839 5109/4236/4840 5110/4237/4841
f 5111/4238/4842 5112/4098/4843 5113/4239/4844
f 5113/4239/4844 5114/4101/4845 5115/4240/4846
f 5115/4240/4846 5116/4103/4847 5117/4241/4848
f 5117/4241/4848 5118/4105/4849 5119/4242/4850
f 5119/4242/4850 5120/4107/4851 5121/4243/4852
f 5121/4243/4852 5122/4109/4853 5123/4244/4854
f 5123/4244/4854 5124/4111/4855 5125/4245/4856
f 5126/4246/4857 5127/4247/4858 5128/4248/4859
f 5129/4249/4860 5130/4115/4861 5112/4098/4843
f 5112/4098/4843 5131/4117/4862 5114/4101/4845
f 5114/4101/4845 5132/4118/4863 5116/4103/4847
f 5116/4103/4847 5133/4119/4864 5118/4105/4849
f 5118/4105/4849 5134/4120/4865 5120/4107/4851
f 5120/4107/4851 5135/4121/4866 5122/4109/4853
f 5122/4109/4853 5136/4122/4867 5124/4111/4855
f 5137/4250/4868 5138/4123/4869 5126/4246/4857
f 5139/4251/4870 5140/4125/4871 5130/4115/4861
f 5130/4115/4861 5141/4127/4872 5131/4117/4862
f 5131/4117/4862 5142/4128/4873 5132/4118/4863
f 5132/4118/4863 5143/4129/4874 5133/4119/4864
f 5133/4119/4864 5144/4130/4875 5134/4120/4865
f 5134/4120/4865 5145/4131/4876 5135/4121/4866
f 5135/4121/4866 5146/4132/4877 5136/4122/4867
f 5147/4252/4878 5148/4133/4879 5137/4250/4868
f 5149/4253/4880 5150/4135/4881 5140/4125/4871
f 5140/4125/4871 5151/4137/4882 5141/4127/4872
f 5141/4127/4872 5152/4138/4883 5142/4128/4873
f 5142/4128/4873 5153/4139/4884 5143/4129/4874
f 5143/4129/4874 5154/4140/4885 5144/4130/4875
f 5144/4130/4875 5155/4141/4886 5145/4131/4876
f 5145/4131/4876 5156/4142/4887 5146/4132/4877
f 5157/4254/4888 5158/4143/4889 5147/4252/4878
f 5159/4255/4890 5150/4135/4881 5160/4256/4891
f 5161/4146/4892 5151/4137/4882 5150/4135/4881
f 5162/4147/4893 5152/4138/4883 5151/4137/4882
f 5163/4148/4894 5153/4139/4884 5152/4138/4883
f 5164/4149/4895 5154/4140/4885 5153/4139/4884
f 5165/4150/4896 5155/4141/4886 5154/4140/4885
f 5166/4151/4897 5156/4142/4887 5155/4141/4886
f 5167/4257/4898 5168/4152/4899 5157/4254/4888
f 5169/4258/4900 5161/4146/4892 5159/4255/4890
f 5170/4155/4901 5162/4147/4893 5161/4146/4892
f 5171/4156/4902 5163/4148/4894 5162/4147/4893
f 5172/4157/4903 5164/4149/4895 5163/4148/4894
f 5173/4158/4904 5165/4150/4896 5164/4149/4895
f 5174/4159/4905 5166/4151/4897 5165/4150/4896
f 5175/4161/4906 5176/4160/4907 5166/4151/4897
f 5177/4259/4908 5178/4162/4909 5167/4257/4898
f 5179/4260/4910 5170/4155/4901 5169/4258/4900
f 5180/4165/4911 5171/4156/4902 5170/4155/4901
f 5181/4166/4912 5172/4157/4903 5171/4156/4902
f 5182/4167/4913 5173/4158/4904 5172/4157/4903
f 5183/4168/4914 5174/4159/4905 5173/4158/4904
f 5184/4169/4915 5175/4161/4906 5174/4159/4905
f 5185/4171/4916 5186/4170/4917 5175/4161/4906
f 5187/4261/4918 5188/4172/4919 5177/4259/4908
f 5189/4262/4920 5180/4165/4911 5179/4260/4910
f 5190/4175/4921 5181/4166/4912 5180/4165/4911
f 5191/4176/4922 5182/4167/4913 5181/4166/4912
f 5192/4177/4923 5183/4168/4914 5182/4167/4913
f 5193/4178/4924 5184/4169/4915 5183/4168/4914
f 5194/4179/4925 5185/4171/4916 5184/4169/4915
f 5195/4181/4926 5196/4180/4927 5185/4171/4916
f 5197/4263/4928 5198/4182/4929 5187/4261/4918
f 5199/4264/4930 5200/4265/4931 5201/4266/4932
f 5202/4188/4933 5203/4267/4934 5200/4265/4931
f 5204/4190/4935 5205/4268/4936 5203/4267/4934
f 5206/4192/4937 5207/4269/4938 5205/4268/4936
f 5208/4194/4939 5209/4270/4940 5207/4269/4938
f 5210/4196/4941 5211/4271/4942 5209/4270/4940
f 5212/4198/4943 5213/4272/4944 5211/4271/4942
f 5214/4273/4945 5215/4274/4946 5216/4275/4947
f 5217/4276/4948 5218/4277/4949 5219/4278/4950
f 5220/4279/4951 5221/4280/4952 5222/4281/4953
f 5223/4282/4954 5224/4279/4955 5220/4279/4951
f 5225/4283/4956 5226/4282/4957 5227/4282/4958
f 5228/4284/4959 5229/4283/4960 5225/4283/4956
f 5230/4285/4961 5231/4284/4962 5228/4284/4959
f 5232/4286/4963 5233/4285/4964 5230/4285/4961
f 5234/4287/4965 5235/4286/4966 5232/4286/4963
f 5236/4008/4544 5023/4007/4754 5237/4288/4967
f 5238/4289/4968 5239/4290/4969 5240/4291/4970
f 5241/4292/4971 5242/4293/4972 5243/4292/4973
f 4833/4028/4564 5244/4007/4754 4812/4007/4543
f 5241/4292/4971 5245/4294/4974 5246/4294/4975
f 4833/4028/4564 5247/4038/4976 5248/4028/4773
f 5249/4295/4977 5245/4294/4974 5250/4295/4978
f 4853/4048/4584 5247/4038/4976 4843/4038/4574
f 5249/4295/4977 5251/4296/4979 5252/4296/4980
f 4863/4058/4594 5253/4048/4981 4853/4048/4584
f 5254/4297/4982 5251/4296/4979 5255/4297/4983
f 4873/4068/4604 5256/4058/4984 4863/4058/4594
f 5257/4298/4985 5255/4297/4983 5258/4298/4986
f 4883/4078/4614 5259/4068/4987 4873/4068/4604
f 5260/4299/4988 5261/4298/4989 5262/4299/4990
f 5263/4300/4991 5264/4078/4992 4883/4078/4614
f 5265/4301/4993 5262/4299/4990 5266/4302/4994
f 5267/4303/4995 5094/4227/4825 5268/4079/4996
f 4887/4082/4618 5269/4084/4830 4889/4084/4620
f 4889/4084/4620 5270/4086/4997 4891/4086/4622
f 4891/4086/4622 5271/4088/4998 4893/4088/4624
f 4895/4090/4626 5271/4088/4998 5272/4090/4999
f 4897/4092/4628 5272/4090/4999 5273/4092/5000
f 5274/4304/5001 5107/4092/4838 5275/4304/5002
f 5276/4094/5003 5275/4304/5002 5109/4236/4840
f 5277/4305/5004 5108/4235/4839 5278/4095/4631
f 5279/4306/5005 5280/4307/5006 5281/4308/5007
f 5282/4309/5008 5283/4310/5009 5284/4311/5010
f 5285/4312/5011 5286/4313/5012 5287/4312/5013
f 5288/4314/5014 5287/4312/5013 5289/4314/5015
f 5290/4315/5016 5289/4314/5015 5291/4315/5017
f 5292/4316/5018 5291/4315/5017 5293/4316/5019
f 5294/4317/5020 5293/4316/5019 5295/4317/5021
f 5296/4318/5022 5295/4317/5021 5297/4318/5023
f 5298/4319/5024 5299/4247/4858 4917/4112/4648
f 5300/4320/5025 5297/4318/5023 5301/4321/5026
f 5302/4322/5027 5303/4306/5028 5279/4306/5005
f 4938/4133/4669 5304/4123/5029 5305/4133/5030
f 5302/4322/5027 5306/4323/5031 5307/4322/5032
f 4948/4143/4679 5305/4133/5030 5308/4143/5033
f 5309/4323/5034 5310/4324/5035 5306/4323/5031
f 4957/4152/4688 5308/4143/5033 5311/4152/5036
f 5312/4325/5037 5310/4324/5035 5313/4324/5038
f 4967/4162/4698 5311/4152/5036 5314/4162/4909
f 5315/4326/5039 5316/4325/5040 5312/4325/5037
f 4977/4172/4708 5314/4162/4909 5317/4172/5041
f 5318/4327/5042 5319/4326/5043 5315/4326/5039
f 4987/4182/4718 5317/4172/5041 5320/4182/5044
f 5321/4328/5045 5322/4327/5046 5323/4327/5042
f 5324/4329/5047 5198/4182/4929 5325/4329/5048
f 5326/4330/5049 5327/4331/5050 5328/4332/5051
f 5329/4188/5052 5199/4264/4930 5330/4185/4721
f 4993/4188/4724 5331/4190/5053 5332/4188/5054
f 4995/4190/4726 5333/4192/5055 5331/4190/5053
f 4999/4194/4730 5333/4192/5055 4997/4192/4728
f 4999/4194/4730 5334/4196/5056 5335/4194/5057
f 5003/4198/4734 5334/4196/5056 5001/4196/4732
f 5336/4333/5058 5337/4198/5059 5003/4198/4734
f 5338/4334/5060 5214/4273/4945 5339/4200/5061
f 5004/4199/4735 5340/4329/5062 5341/4274/5063
f 3456/3365/3243 5342/4335/17 1915/1915/1856
f 3442/3358/3229 1915/1915/1856 1913/1913/1854
f 3460/3359/3247 1913/1913/1854 1911/1911/1852
f 3450/3363/3237 1911/1911/1852 1909/1909/1850
f 3429/3349/3216 1909/1909/1850 1907/1907/1848
f 3427/3348/3214 1907/1907/1848 1905/1905/1846
f 3438/3355/3225 1905/1905/1846 1903/1903/1844
f 3436/3354/3223 1903/1903/1844 1901/1901/1842
f 3449/3362/3236 1901/1901/1842 1899/1899/1840
f 3424/3346/3211 1899/1899/1840 1897/1897/1838
f 5343/3347/5064 1897/1897/1838 1894/1894/1835
f 3433/3352/3220 17/17/17 5344/3353/3249
f 3445/3360/3232 15/15/15 3433/3352/3220
f 3447/3361/3234 13/13/13 3445/3360/3232
f 3461/3364/3248 11/11/11 3447/3361/3234
f 3452/3351/3239 9/9/9 3461/3364/3248
f 3430/3350/3217 7/7/7 3452/3351/3239
f 3455/3357/3242 5/5/5 3430/3350/3217
f 3/3/3 3455/3357/3242 3439/3356/3226
f 3364/3298/3155 1397/1397/1371 3171/3169/2974
f 3367/3300/3158 5345/4336/480 1408/1408/1382
f 3345/3286/3136 1408/1408/1382 1406/1406/1380
f 3376/3287/3167 1406/1406/1380 1404/1404/1378
f 3356/3293/3147 1404/1404/1378 1402/1402/1376
f 3354/3292/3145 1402/1402/1376 1400/1400/1374
f 3366/3299/3157 1400/1400/1374 1397/1397/1371
f 3344/3285/3135 3171/3169/2974 1392/1392/1368
f 3344/3285/3135 1394/1394/458 3342/3284/3133
f 3351/3290/3142 480/480/480 3374/3304/3165
f 3353/3291/3144 478/478/478 3351/3290/3142
f 3360/3296/3151 476/476/476 3353/3291/3144
f 3362/3297/3153 474/474/474 3360/3296/3151
f 3383/3303/3174 472/472/472 3362/3297/3153
f 3372/3289/3163 470/470/470 3383/3303/3174
f 3348/3288/3139 468/468/468 3372/3289/3163
f 3377/3295/3168 466/466/466 3348/3288/3139
f 3357/3294/3148 464/464/464 3377/3295/3168
f 3369/3301/3160 462/462/462 3357/3294/3148
f 3371/3302/3162 460/460/460 3369/3301/3160
f 5338/4334/5060 5215/4274/4946 5346/4334/5065
f 5328/4332/5051 5347/4328/5066 5321/4328/5045
f 5216/4275/4947 5325/4329/5048 5197/4263/4928
f 5211/4271/4942 5348/4337/5067 5195/4181/4926
f 5209/4270/4940 5195/4181/4926 5194/4179/4925
f 5207/4269/4938 5194/4179/4925 5193/4178/4924
f 5205/4268/4936 5193/4178/4924 5192/4177/4923
f 5203/4267/4934 5192/4177/4923 5191/4176/4922
f 5200/4265/4931 5191/4176/4922 5190/4175/4921
f 5201/4266/4932 5190/4175/4921 5189/4262/4920
f 5349/4329/5047 5006/4201/4737 4988/4183/4719
f 5350/4337/5068 5000/4195/4731 4986/4181/4717
f 4986/4181/4717 4998/4193/4729 4984/4179/4715
f 4984/4179/4715 4996/4191/4727 4983/4178/4714
f 4983/4178/4714 4994/4189/4725 4982/4177/4713
f 4982/4177/4713 4992/4187/4723 4981/4176/4712
f 4981/4176/4712 4989/4184/4720 4980/4175/4711
f 4980/4175/4711 4991/4186/4722 4979/4174/4710
f 4900/4095/4631 5351/4300/5069 5263/4300/4991
f 5352/4303/4995 5266/4302/4994 5353/4303/5070
f 5354/4300/5069 5110/4237/4841 5092/4225/4823
f 5355/4338/5071 5104/4233/4835 5090/4075/4821
f 5090/4075/4821 5102/4232/4833 5088/4074/4819
f 5088/4074/4819 5100/4231/4831 5087/4073/4818
f 5087/4073/4818 5098/4230/4829 5086/4072/4817
f 5086/4072/4817 5096/4229/4827 5085/4071/4816
f 5085/4071/4816 5093/4226/4824 5084/4070/4815
f 5084/4070/4815 5095/4228/4826 5083/4224/4814
f 4901/4096/4632 5263/4300/4991 4882/4077/4613
f 4896/4091/4627 5356/4338/5072 4880/4075/4611
f 4894/4089/4625 4880/4075/4611 4879/4074/4610
f 4892/4087/4623 4879/4074/4610 4878/4073/4609
f 4890/4085/4621 4878/4073/4609 4877/4072/4608
f 4888/4083/4619 4877/4072/4608 4876/4071/4607
f 4885/4080/4616 4876/4071/4607 4875/4070/4606
f 4886/4081/4617 4875/4070/4606 4874/4069/4605
f 5265/4301/4993 4874/4069/4605 5260/4299/4988
f 5083/4224/4814 5357/4302/5073 5358/4299/5074
f 4887/4082/4618 5359/4227/5075 5360/4082/5076
f 5361/4281/5077 5218/4277/4949 5362/4277/5078
f 5095/4228/4826 5363/4303/5079 5357/4302/5073
f 5073/4222/4804 5358/4299/5074 5258/4298/4986
f 5063/4220/4794 5258/4298/4986 5255/4297/4983
f 5054/4218/4785 5255/4297/4983 5251/4296/4979
f 5045/4216/4776 5251/4296/4979 5250/4295/4978
f 5245/4294/4974 5045/4216/4776 5250/4295/4978
f 5243/4292/4973 5035/4214/4766 5245/4294/4974
f 5242/4293/4972 5026/4212/4757 5243/4292/4973
f 5219/4278/4950 5009/4203/4740 5242/4293/4972
f 5352/4303/4995 4886/4081/4617 5265/4301/4993
f 5260/4299/4988 4864/4059/4595 5364/4298/4985
f 5364/4298/4985 4854/4049/4585 5365/4297/5080
f 5365/4297/5080 4844/4039/4575 5366/4296/5081
f 5367/4295/5082 4844/4039/4575 4845/4040/4576
f 5368/4294/5083 4845/4040/4576 4834/4029/4565
f 5369/4292/5084 4834/4029/4565 4824/4019/4555
f 5370/4293/5085 4824/4019/4555 4814/4009/4545
f 5371/4276/5086 4814/4009/4545 4796/3991/4527
f 4979/4174/4710 5328/4332/5051 5321/4328/5045
f 5372/4331/5087 5189/4262/4920 5373/4328/5088
f 4990/4185/4721 5374/4330/5089 5326/4330/5049
f 5375/4313/5090 5284/4311/5010 5376/4313/5091
f 5377/4330/5092 5201/4266/4932 5372/4331/5087
f 5373/4328/5088 5179/4260/4910 5378/4327/5046
f 5378/4327/5046 5169/4258/4900 5319/4326/5043
f 5319/4326/5043 5159/4255/4890 5316/4325/5040
f 5316/4325/5040 5160/4256/4891 5310/4324/5035
f 5306/4323/5031 5160/4256/4891 5149/4253/4880
f 5307/4322/5032 5149/4253/4880 5139/4251/4870
f 5303/4306/5028 5139/4251/4870 5129/4249/4860
f 5280/4307/5006 5129/4249/4860 5111/4238/4842
f 4991/4186/4722 5326/4330/5049 5328/4332/5051
f 4969/4164/4700 5321/4328/5045 5323/4327/5042
f 4959/4154/4690 5323/4327/5042 5379/4326/5093
f 4950/4145/4681 5379/4326/5093 5380/4325/5094
f 4941/4136/4672 5380/4325/5094 5381/4324/5095
f 5382/4323/5096 4941/4136/4672 5381/4324/5095
f 5383/4322/5097 4931/4126/4662 5382/4323/5096
f 5384/4306/5098 4921/4116/4652 5383/4322/5097
f 5385/4308/5099 4904/4099/4635 5384/4306/5098
f 5386/4277/5078 4796/3991/4527 5222/4281/4953
f 5218/4277/4949 5007/4202/4738 5219/4278/4950
f 5238/4289/4968 5237/4288/4967 5387/4289/5100
f 5388/4293/5085 5219/4278/4950 5242/4293/4972
f 5239/4290/4969 5237/4288/4967 5022/4210/4753
f 5235/4286/4966 5389/4339/5101 5020/4209/4751
f 5233/4285/4964 5020/4209/4751 5018/4208/4749
f 5231/4284/4962 5018/4208/4749 5016/4207/4747
f 5229/4283/4960 5016/4207/4747 5014/4206/4745
f 5226/4282/4957 5014/4206/4745 5012/4205/4743
f 5390/4279/5102 5012/4205/4743 5010/4204/4741
f 5391/4280/5103 5010/4204/4741 5007/4202/4738
f 5392/4291/5104 4813/4008/4544 5393/4289/5105
f 5394/4286/5106 4810/4005/4541 5395/4287/5107
f 5396/4285/5108 4808/4003/4539 5394/4286/5106
f 5397/4284/5109 4806/4001/4537 5396/4285/5108
f 5398/4283/5110 4804/3999/4535 5397/4284/5109
f 5223/4282/4954 4802/3997/4533 5398/4283/5110
f 5220/4279/4951 4800/3995/4531 5223/4282/4954
f 5222/4281/4953 4798/3993/4529 5220/4279/4951
f 5399/4310/5111 4902/4097/4633 5385/4308/5099
f 5400/4310/5009 5111/4238/4842 5401/4311/5112
f 4917/4112/4648 5304/4123/5029 4928/4123/4659
f 5281/4308/5007 5400/4310/5009 5402/4310/5111
f 5301/4321/5026 5127/4247/4858 5403/4319/5113
f 5295/4317/5021 5125/4245/4856 5297/4318/5023
f 5293/4316/5019 5123/4244/4854 5295/4317/5021
f 5291/4315/5017 5121/4243/4852 5293/4316/5019
f 5289/4314/5015 5119/4242/4850 5291/4315/5017
f 5287/4312/5013 5117/4241/4848 5289/4314/5015
f 5286/4313/5012 5115/4240/4846 5287/4312/5013
f 5401/4311/5112 5113/4239/4844 5286/4313/5012
f 5404/4320/5114 4917/4112/4648 4919/4114/4650
f 5405/4317/5115 5406/4340/5116 4915/4110/4646
f 5407/4316/5117 4915/4110/4646 4913/4108/4644
f 5408/4315/5118 4913/4108/4644 4911/4106/4642
f 5409/4314/5119 4911/4106/4642 4909/4104/4640
f 5410/4312/5120 4909/4104/4640 4907/4102/4638
f 5375/4313/5090 4907/4102/4638 4905/4100/4636
f 5282/4309/5008 4905/4100/4636 4902/4097/4633
f 5411/4318/5022 4919/4114/4650 5406/4340/5116
f 5297/4318/5023 5128/4248/4859 5301/4321/5026
f 4988/4183/4719 5002/4197/4733 5350/4337/5068
f 5213/4272/4944 5197/4263/4928 5348/4337/5067
f 5005/4200/4736 5412/4333/5121 5336/4333/5058
f 5413/4319/5122 5301/4321/5026 5403/4319/5113
f 5414/4333/5123 5216/4275/4947 5213/4272/4944
f 5348/4337/5067 5187/4261/4918 5196/4180/4927
f 5196/4180/4927 5177/4259/4908 5186/4170/4917
f 5186/4170/4917 5167/4257/4898 5176/4160/4907
f 5176/4160/4907 5157/4254/4888 5156/4142/4887
f 5146/4132/4877 5157/4254/4888 5147/4252/4878
f 5136/4122/4867 5147/4252/4878 5137/4250/4868
f 5124/4111/4855 5137/4250/4868 5126/4246/4857
f 5125/4245/4856 5126/4246/4857 5128/4248/4859
f 5006/4201/4737 5336/4333/5058 5002/4197/4733
f 4978/4173/4709 5350/4337/5068 4985/4180/4716
f 4968/4163/4699 4985/4180/4716 4975/4170/4706
f 4958/4153/4689 4975/4170/4706 4965/4160/4696
f 4949/4144/4680 4965/4160/4696 4947/4142/4678
f 4937/4132/4668 4949/4144/4680 4947/4142/4678
f 4927/4122/4658 4939/4134/4670 4937/4132/4668
f 4916/4111/4647 4929/4124/4660 4927/4122/4658
f 5406/4340/5116 4918/4113/4649 4916/4111/4647
f 5395/4287/5107 4811/4006/4542 5392/4291/5104
f 5415/4287/5124 5022/4210/4753 5389/4339/5101
f 4898/4093/4629 4882/4077/4613 5356/4338/5072
f 5092/4225/4823 5106/4234/4837 5355/4338/5071
f 5277/4305/5004 5109/4236/4840 5416/4305/5125
f 5240/4291/4970 5415/4287/5124 5234/4287/4965
f 5110/4237/4841 5275/4304/5002 5106/4234/4837
f 5082/4223/4813 5355/4338/5071 5089/4076/4820
f 5072/4221/4803 5089/4076/4820 5079/4066/4810
f 5062/4219/4793 5079/4066/4810 5069/4056/4800
f 5053/4217/4784 5069/4056/4800 5051/4036/4782
f 5041/4026/4772 5053/4217/4784 5051/4036/4782
f 5032/4016/4763 5043/4215/4774 5041/4026/4772
f 5021/4004/4752 5033/4213/4764 5032/4016/4763
f 5389/4339/5101 5024/4211/4755 5021/4004/4752
f 5417/4304/5001 4901/4096/4632 4898/4093/4629
f 5356/4338/5072 4872/4067/4603 4881/4076/4612
f 4881/4076/4612 4862/4057/4593 4871/4066/4602
f 4871/4066/4602 4852/4047/4583 4861/4056/4592
f 4861/4056/4592 4842/4037/4573 4841/4036/4572
f 4831/4026/4562 4842/4037/4573 4832/4027/4563
f 4821/4016/4552 4832/4027/4563 4822/4017/4553
f 4809/4004/4540 4822/4017/4553 4823/4018/4554
f 4810/4005/4541 4823/4018/4554 4811/4006/4542
f 5418/3989/5126 4777/3983/4508 4792/3989/4523
f 4751/3977/4485 4752/3978/4486 5419/3978/5127
f 5420/3989/5128 4718/3954/4452 4686/3936/4420
f 5421/4341/5129 4714/3952/4448 4684/3875/4418
f 4684/3875/4418 4712/3951/4446 4682/3874/4416
f 4682/3874/4416 4710/3950/4444 4681/3873/4415
f 4681/3873/4415 4708/3949/4442 4680/3872/4414
f 4680/3872/4414 4706/3948/4440 4679/3871/4413
f 4679/3871/4413 4704/3947/4438 4678/3870/4412
f 4678/3870/4412 4702/3946/4436 4677/3869/4411
f 4677/3869/4411 4700/3945/4434 4676/3868/4410
f 4676/3868/4410 4698/3944/4432 4675/3867/4409
f 4675/3867/4409 4696/3943/4430 4674/3866/4408
f 4674/3866/4408 4694/3942/4428 4673/3865/4407
f 4673/3865/4407 4692/3941/4426 4672/3864/4406
f 4672/3864/4406 4690/3940/4424 4671/3863/4405
f 4671/3863/4405 4687/3937/4421 4670/3862/4404
f 4670/3862/4404 4689/3939/4423 4669/3935/4403
f 4598/3910/4332 5418/3989/5126 4565/3877/4299
f 4595/3907/4329 5422/4341/5130 4563/3875/4297
f 4593/3905/4327 4563/3875/4297 4562/3874/4296
f 4591/3903/4325 4562/3874/4296 4561/3873/4295
f 4589/3901/4323 4561/3873/4295 4560/3872/4294
f 4587/3899/4321 4560/3872/4294 4559/3871/4293
f 4585/3897/4319 4559/3871/4293 4558/3870/4292
f 4583/3895/4317 4558/3870/4292 4557/3869/4291
f 4581/3893/4315 4557/3869/4291 4556/3868/4290
f 4579/3891/4313 4556/3868/4290 4555/3867/4289
f 4577/3889/4311 4555/3867/4289 4554/3866/4288
f 4575/3887/4309 4554/3866/4288 4553/3865/4287
f 4573/3885/4307 4553/3865/4287 4552/3864/4286
f 4571/3883/4305 4552/3864/4286 4551/3863/4285
f 4568/3880/4302 4551/3863/4285 4550/3862/4284
f 4569/3881/4303 4550/3862/4284 4549/3861/4283
f 4751/3977/4485 4549/3861/4283 4749/3975/4483
f 4669/3935/4403 5423/3976/5131 5424/3975/5132
f 4570/3882/4304 4753/3938/4487 4754/3882/4488
f 5425/3968/4469 4731/3964/4465 5426/3964/5133
f 4689/3939/4423 5427/3978/5134 5423/3976/5131
f 4651/3933/4385 5424/3975/5132 4745/3974/4479
f 4635/3931/4369 4745/3974/4479 4744/3972/4478
f 4602/3914/4336 4744/3972/4478 4743/3973/4477
f 4603/3915/4337 4743/3973/4477 4732/3965/4466
f 5419/3978/5127 4569/3881/4303 4751/3977/4485
f 4749/3975/4483 4531/3843/4265 4747/3974/4481
f 4747/3974/4481 4513/3825/4247 5428/3972/5135
f 5428/3972/5135 4479/3791/4213 5429/3973/5136
f 5429/3973/5136 4481/3793/4215 5430/3963/5137
f 5430/3963/5137 4735/3968/4469 5431/3964/5138
f 5432/3967/5139 4732/3965/4466 4731/3964/4465
f 4512/3824/4246 5433/3957/4456 5434/3957/5140
f 5435/3973/5141 4732/3965/4466 4743/3973/4477
f 4723/3958/4457 5436/3988/4520 4632/3929/4366
f 4775/3981/4507 5437/4342/5142 4630/3928/4364
f 4773/3980/4505 4630/3928/4364 4628/3927/4362
f 4771/3959/4503 4628/3927/4362 4626/3926/4360
f 4725/3960/4459 4626/3926/4360 4624/3925/4358
f 4741/3971/4475 4624/3925/4358 4620/3924/4354
f 4741/3971/4475 4618/3923/4352 4740/3969/4474
f 4740/3969/4474 4616/3922/4350 4737/3970/4471
f 4737/3970/4471 4614/3921/4348 4788/3987/4519
f 4788/3987/4519 4612/3920/4346 4787/3961/4518
f 4787/3961/4518 4610/3919/4344 4728/3962/4462
f 4728/3962/4462 4608/3918/4342 4785/3986/4516
f 4785/3986/4516 4606/3917/4340 4781/3985/4512
f 4781/3985/4512 4604/3916/4338 4782/3984/4513
f 4782/3984/4513 4601/3913/4335 5438/3966/5143
f 5438/3966/5143 4603/3915/4337 5432/3967/5139
f 5439/3956/5144 4512/3824/4246 5434/3957/5140
f 5440/3981/5145 4509/3821/4243 5441/3982/5146
f 5442/3980/5147 4507/3819/4241 5440/3981/5145
f 5443/3959/5148 4505/3817/4239 5442/3980/5147
f 5444/3960/5149 4503/3815/4237 5443/3959/5148
f 5445/3971/5150 4501/3813/4235 5444/3960/5149
f 4497/3809/4231 5445/3971/5150 5446/3969/5151
f 4495/3807/4229 5446/3969/5151 5447/3970/5152
f 4493/3805/4227 5447/3970/5152 5448/3987/5153
f 4491/3803/4225 5448/3987/5153 5449/3961/5154
f 4489/3801/4223 5449/3961/5154 5450/3962/5155
f 4487/3799/4221 5450/3962/5155 5451/3986/5156
f 4485/3797/4219 5451/3986/5156 5452/3985/5157
f 4483/3795/4217 5452/3985/5157 4778/3984/4509
f 4480/3792/4214 4778/3984/4509 4733/3966/4467
f 4481/3793/4215 4733/3966/4467 4735/3968/4469
f 5441/3982/5146 4510/3822/4244 5439/3956/5144
f 4774/3982/4506 4632/3929/4366 5437/4342/5142
f 4597/3909/4331 4565/3877/4299 5422/4341/5130
f 4686/3936/4420 4716/3953/4450 5421/4341/5129
f 5453/3990/4526 4776/3911/4453 4599/3911/4333
f 5454/3982/5146 4723/3958/4457 4774/3982/4506
f 4716/3953/4450 4720/3955/4454 5455/3979/4500
f 4668/3934/4402 5421/4341/5129 4683/3876/4417
f 4650/3932/4384 4683/3876/4417 4665/3858/4399
f 4634/3930/4368 4665/3858/4399 4631/3820/4365
f 5437/4342/5142 4634/3930/4368 4631/3820/4365
f 4597/3909/4331 5453/3990/4526 4598/3910/4332
f 5422/4341/5130 4547/3859/4281 4564/3876/4298
f 4564/3876/4298 4529/3841/4263 4546/3858/4280
f 4546/3858/4280 4530/3842/4264 4508/3820/4242
f 4509/3821/4243 4530/3842/4264 4510/3822/4244
f 50/50/50 59/59/59 68/68/68
f 59/59/59 66/66/66 77/77/77
f 1454/1454/1425 1446/1446/1418 1457/1457/1428
f 1/1/1 19/19/19 2/2/2
f 2/2/2 19/19/19 4/4/4
f 5/5/5 4/4/4 6/6/6
f 7/7/7 6/6/6 8/8/8
f 9/9/9 8/8/8 10/10/10
f 11/11/11 10/10/10 12/12/12
f 13/13/13 12/12/12 14/14/14
f 15/15/15 14/14/14 16/16/16
f 18/18/18 20/20/20 19/19/19
f 20/20/20 29/29/29 4/4/4
f 4/4/4 29/29/29 21/21/21
f 6/6/6 21/21/21 22/22/22
f 8/8/8 22/22/22 23/23/23
f 10/10/10 23/23/23 24/24/24
f 12/12/12 24/24/24 25/25/25
f 14/14/14 25/25/25 26/26/26
f 27/27/27 28/28/28 20/20/20
f 28/28/28 37/37/37 29/29/29
f 29/29/29 37/37/37 30/30/30
f 21/21/21 30/30/30 31/31/31
f 22/22/22 31/31/31 32/32/32
f 23/23/23 32/32/32 33/33/33
f 33/33/33 42/42/42 25/25/25
f 25/25/25 42/42/42 34/34/34
f 35/35/35 36/36/36 28/28/28
f 36/36/36 45/45/45 37/37/37
f 37/37/37 45/45/45 38/38/38
f 38/38/38 39/39/39 31/31/31
f 39/39/39 49/49/49 32/32/32
f 32/32/32 49/49/49 40/40/40
f 33/33/33 40/40/40 41/41/41
f 41/41/41 53/53/53 34/34/34
f 43/43/43 44/44/44 36/36/36
f 44/44/44 46/46/46 45/45/45
f 46/46/46 47/47/47 38/38/38
f 47/47/47 58/58/58 39/39/39
f 39/39/39 58/58/58 48/48/48
f 49/49/49 48/48/48 50/50/50
f 40/40/40 50/50/50 51/51/51
f 41/41/41 51/51/51 52/52/52
f 54/54/54 55/55/55 44/44/44
f 55/55/55 56/56/56 46/46/46
f 56/56/56 65/65/65 47/47/47
f 47/47/47 65/65/65 57/57/57
f 58/58/58 57/57/57 59/59/59
f 50/50/50 68/68/68 60/60/60
f 51/51/51 60/60/60 61/61/61
f 62/62/62 63/63/63 55/55/55
f 63/63/63 64/64/64 56/56/56
f 64/64/64 74/74/74 65/65/65
f 65/65/65 74/74/74 66/66/66
f 59/59/59 77/77/77 67/67/67
f 68/68/68 67/67/67 69/69/69
f 60/60/60 69/69/69 70/70/70
f 71/71/71 72/72/72 63/63/63
f 72/72/72 73/73/73 64/64/64
f 73/73/73 82/82/82 74/74/74
f 74/74/74 82/82/82 75/75/75
f 66/66/66 75/75/75 76/76/76
f 77/77/77 76/76/76 78/78/78
f 67/67/67 78/78/78 79/79/79
f 79/79/79 88/88/88 70/70/70
f 71/71/71 89/89/89 80/80/80
f 80/80/80 81/81/81 73/73/73
f 81/81/81 93/93/93 82/82/82
f 82/82/82 93/93/93 83/83/83
f 75/75/75 83/83/83 84/84/84
f 76/76/76 84/84/84 85/85/85
f 78/78/78 85/85/85 86/86/86
f 79/79/79 86/86/86 87/87/87
f 89/89/89 99/99/99 90/90/90
f 80/80/80 90/90/90 91/91/91
f 81/81/81 91/91/91 92/92/92
f 93/93/93 92/92/92 94/94/94
f 83/83/83 94/94/94 95/95/95
f 84/84/84 95/95/95 96/96/96
f 85/85/85 96/96/96 97/97/97
f 86/86/86 97/97/97 98/98/98
f 99/99/99 107/107/107 100/100/100
f 100/100/100 110/110/110 91/91/91
f 91/91/91 110/110/110 101/101/101
f 92/92/92 101/101/101 102/102/102
f 94/94/94 102/102/102 103/103/103
f 95/95/95 103/103/103 104/104/104
f 96/96/96 104/104/104 105/105/105
f 97/97/97 105/105/105 106/106/106
f 107/107/107 117/117/117 108/108/108
f 100/100/100 108/108/108 109/109/109
f 110/110/110 109/109/109 111/111/111
f 101/101/101 111/111/111 112/112/112
f 102/102/102 112/112/112 113/113/113
f 103/103/103 113/113/113 114/114/114
f 104/104/104 114/114/114 115/115/115
f 105/105/105 115/115/115 116/116/116
f 117/117/117 126/126/126 118/118/118
f 108/108/108 118/118/118 119/119/119
f 109/109/109 119/119/119 120/120/120
f 111/111/111 120/120/120 121/121/121
f 112/112/112 121/121/121 122/122/122
f 113/113/113 122/122/122 123/123/123
f 114/114/114 123/123/123 124/124/124
f 115/115/115 124/124/124 125/125/125
f 126/126/126 135/135/135 127/127/127
f 118/118/118 127/127/127 128/128/128
f 119/119/119 128/128/128 129/129/129
f 120/120/120 129/129/129 130/130/130
f 121/121/121 130/130/130 131/131/131
f 122/122/122 131/131/131 132/132/132
f 123/123/123 132/132/132 133/133/133
f 124/124/124 133/133/133 134/134/134
f 135/135/135 144/144/144 136/136/136
f 127/127/127 136/136/136 137/137/137
f 128/128/128 137/137/137 138/138/138
f 129/129/129 138/138/138 139/139/139
f 130/130/130 139/139/139 140/140/140
f 131/131/131 140/140/140 141/141/141
f 132/132/132 141/141/141 142/142/142
f 133/133/133 142/142/142 143/143/143
f 144/144/144 153/153/153 145/145/145
f 136/136/136 145/145/145 146/146/146
f 137/137/137 146/146/146 147/147/147
f 138/138/138 147/147/147 148/148/148
f 139/139/139 148/148/148 149/149/149
f 140/140/140 149/149/149 150/150/150
f 141/141/141 150/150/150 151/151/151
f 142/142/142 151/151/151 152/152/152
f 153/153/153 162/162/162 154/154/154
f 145/145/145 154/154/154 155/155/155
f 146/146/146 155/155/155 156/156/156
f 147/147/147 156/156/156 157/157/157
f 148/148/148 157/157/157 158/158/158
f 149/149/149 158/158/158 159/159/159
f 150/150/150 159/159/159 160/160/160
f 151/151/151 160/160/160 161/161/161
f 162/162/162 171/171/171 163/163/163
f 154/154/154 163/163/163 164/164/164
f 155/155/155 164/164/164 165/165/165
f 156/156/156 165/165/165 166/166/166
f 157/157/157 166/166/166 167/167/167
f 158/158/158 167/167/167 168/168/168
f 159/159/159 168/168/168 169/169/169
f 160/160/160 169/169/169 170/170/170
f 171/171/171 180/180/180 172/172/172
f 163/163/163 172/172/172 173/173/173
f 164/164/164 173/173/173 174/174/174
f 165/165/165 174/174/174 175/175/175
f 166/166/166 175/175/175 176/176/176
f 167/167/167 176/176/176 177/177/177
f 168/168/168 177/177/177 178/178/178
f 169/169/169 178/178/178 179/179/179
f 180/180/180 189/189/189 181/181/181
f 172/172/172 181/181/181 182/182/182
f 173/173/173 182/182/182 183/183/183
f 174/174/174 183/183/183 184/184/184
f 175/175/175 184/184/184 185/185/185
f 176/176/176 185/185/185 186/186/186
f 177/177/177 186/186/186 187/187/187
f 178/178/178 187/187/187 188/188/188
f 189/189/189 198/198/198 190/190/190
f 181/181/181 190/190/190 191/191/191
f 182/182/182 191/191/191 192/192/192
f 183/183/183 192/192/192 193/193/193
f 184/184/184 193/193/193 194/194/194
f 185/185/185 194/194/194 195/195/195
f 186/186/186 195/195/195 196/196/196
f 187/187/187 196/196/196 197/197/197
f 198/198/198 207/207/207 199/199/199
f 190/190/190 199/199/199 200/200/200
f 191/191/191 200/200/200 201/201/201
f 192/192/192 201/201/201 202/202/202
f 193/193/193 202/202/202 203/203/203
f 194/194/194 203/203/203 204/204/204
f 195/195/195 204/204/204 205/205/205
f 196/196/196 205/205/205 206/206/206
f 207/207/207 216/216/216 208/208/208
f 199/199/199 208/208/208 209/209/209
f 200/200/200 209/209/209 210/210/210
f 201/201/201 210/210/210 211/211/211
f 202/202/202 211/211/211 212/212/212
f 203/203/203 212/212/212 213/213/213
f 204/204/204 213/213/213 214/214/214
f 205/205/205 214/214/214 215/215/215
f 216/216/216 225/225/225 217/217/217
f 208/208/208 217/217/217 218/218/218
f 209/209/209 218/218/218 219/219/219
f 210/210/210 219/219/219 220/220/220
f 211/211/211 220/220/220 221/221/221
f 212/212/212 221/221/221 222/222/222
f 213/213/213 222/222/222 223/223/223
f 214/214/214 223/223/223 224/224/224
f 225/225/225 234/234/234 226/226/226
f 217/217/217 226/226/226 227/227/227
f 218/218/218 227/227/227 228/228/228
f 219/219/219 228/228/228 229/229/229
f 220/220/220 229/229/229 230/230/230
f 221/221/221 230/230/230 231/231/231
f 222/222/222 231/231/231 232/232/232
f 223/223/223 232/232/232 233/233/233
f 234/234/234 243/243/243 235/235/235
f 226/226/226 235/235/235 236/236/236
f 227/227/227 236/236/236 237/237/237
f 228/228/228 237/237/237 238/238/238
f 229/229/229 238/238/238 239/239/239
f 230/230/230 239/239/239 240/240/240
f 231/231/231 240/240/240 241/241/241
f 232/232/232 241/241/241 242/242/242
f 243/243/243 252/252/252 244/244/244
f 235/235/235 244/244/244 245/245/245
f 236/236/236 245/245/245 246/246/246
f 237/237/237 246/246/246 247/247/247
f 238/238/238 247/247/247 248/248/248
f 239/239/239 248/248/248 249/249/249
f 240/240/240 249/249/249 250/250/250
f 241/241/241 250/250/250 251/251/251
f 252/252/252 261/261/261 253/253/253
f 244/244/244 253/253/253 254/254/254
f 245/245/245 254/254/254 255/255/255
f 246/246/246 255/255/255 256/256/256
f 247/247/247 256/256/256 257/257/257
f 248/248/248 257/257/257 258/258/258
f 249/249/249 258/258/258 259/259/259
f 250/250/250 259/259/259 260/260/260
f 261/261/261 270/270/270 262/262/262
f 253/253/253 262/262/262 263/263/263
f 254/254/254 263/263/263 264/264/264
f 255/255/255 264/264/264 265/265/265
f 256/256/256 265/265/265 266/266/266
f 257/257/257 266/266/266 267/267/267
f 258/258/258 267/267/267 268/268/268
f 259/259/259 268/268/268 269/269/269
f 270/270/270 360/360/360 271/271/271
f 262/262/262 271/271/271 272/272/272
f 263/263/263 272/272/272 273/273/273
f 264/264/264 273/273/273 274/274/274
f 265/265/265 274/274/274 275/275/275
f 266/266/266 275/275/275 276/276/276
f 267/267/267 276/276/276 277/277/277
f 268/268/268 277/277/277 278/278/278
f 279/279/279 282/282/282 280/280/280
f 282/282/282 284/284/284 283/283/283
f 284/284/284 286/286/286 285/285/285
f 286/286/286 288/288/288 287/287/287
f 288/288/288 290/290/290 289/289/289
f 290/290/290 292/292/292 291/291/291
f 292/292/292 294/294/294 293/293/293
f 294/294/294 304/304/304 295/295/295
f 296/296/296 297/297/297 282/282/282
f 297/297/297 298/298/298 284/284/284
f 298/298/298 299/299/299 286/286/286
f 299/299/299 300/300/300 288/288/288
f 300/300/300 301/301/301 290/290/290
f 301/301/301 302/302/302 292/292/292
f 302/302/302 303/303/303 294/294/294
f 303/303/303 313/313/313 304/304/304
f 305/305/305 306/306/306 297/297/297
f 306/306/306 307/307/307 298/298/298
f 307/307/307 308/308/308 299/299/299
f 308/308/308 309/309/309 300/300/300
f 309/309/309 310/310/310 301/301/301
f 310/310/310 311/311/311 302/302/302
f 311/311/311 312/312/312 303/303/303
f 312/312/312 322/322/322 313/313/313
f 314/314/314 315/315/315 306/306/306
f 315/315/315 316/316/316 307/307/307
f 316/316/316 317/317/317 308/308/308
f 317/317/317 318/318/318 309/309/309
f 318/318/318 319/319/319 310/310/310
f 319/319/319 320/320/320 311/311/311
f 320/320/320 321/321/321 312/312/312
f 321/321/321 331/331/331 322/322/322
f 323/323/323 324/324/324 315/315/315
f 324/324/324 325/325/325 316/316/316
f 325/325/325 326/326/326 317/317/317
f 326/326/326 327/327/327 318/318/318
f 327/327/327 328/328/328 319/319/319
f 328/328/328 329/329/329 320/320/320
f 329/329/329 330/330/330 321/321/321
f 330/330/330 340/340/340 331/331/331
f 332/332/332 333/333/333 324/324/324
f 333/333/333 334/334/334 325/325/325
f 334/334/334 335/335/335 326/326/326
f 335/335/335 336/336/336 327/327/327
f 336/336/336 337/337/337 328/328/328
f 337/337/337 338/338/338 329/329/329
f 338/338/338 339/339/339 330/330/330
f 339/339/339 349/349/349 340/340/340
f 341/341/341 342/342/342 333/333/333
f 342/342/342 343/343/343 334/334/334
f 343/343/343 344/344/344 335/335/335
f 344/344/344 345/345/345 336/336/336
f 345/345/345 346/346/346 337/337/337
f 346/346/346 347/347/347 338/338/338
f 347/347/347 357/357/357 339/339/339
f 339/339/339 357/357/357 348/348/348
f 350/350/350 351/351/351 342/342/342
f 351/351/351 352/352/352 343/343/343
f 352/352/352 353/353/353 344/344/344
f 353/353/353 354/354/354 345/345/345
f 354/354/354 355/355/355 346/346/346
f 355/355/355 356/356/356 347/347/347
f 356/356/356 5456/4343/1736 357/357/357
f 357/357/357 5456/4343/1736 358/358/358
f 359/359/359 361/361/361 271/271/271
f 361/361/361 362/362/362 272/272/272
f 362/362/362 363/363/363 273/273/273
f 363/363/363 364/364/364 274/274/274
f 364/364/364 365/365/365 275/275/275
f 365/365/365 366/366/366 276/276/276
f 366/366/366 375/375/375 277/277/277
f 277/277/277 375/375/375 367/367/367
f 368/368/368 369/369/369 361/361/361
f 369/369/369 370/370/370 362/362/362
f 370/370/370 371/371/371 363/363/363
f 371/371/371 372/372/372 364/364/364
f 372/372/372 373/373/373 365/365/365
f 373/373/373 374/374/374 366/366/366
f 374/374/374 376/376/376 375/375/375
f 376/376/376 385/385/385 367/367/367
f 377/377/377 378/378/378 369/369/369
f 378/378/378 379/379/379 370/370/370
f 379/379/379 380/380/380 371/371/371
f 380/380/380 381/381/381 372/372/372
f 381/381/381 382/382/382 373/373/373
f 382/382/382 383/383/383 374/374/374
f 383/383/383 384/384/384 376/376/376
f 384/384/384 394/394/394 385/385/385
f 386/386/386 387/387/387 378/378/378
f 387/387/387 388/388/388 379/379/379
f 388/388/388 389/389/389 380/380/380
f 389/389/389 390/390/390 381/381/381
f 390/390/390 391/391/391 382/382/382
f 391/391/391 392/392/392 383/383/383
f 392/392/392 393/393/393 384/384/384
f 393/393/393 403/403/403 394/394/394
f 395/395/395 396/396/396 387/387/387
f 396/396/396 397/397/397 388/388/388
f 397/397/397 398/398/398 389/389/389
f 398/398/398 399/399/399 390/390/390
f 399/399/399 400/400/400 391/391/391
f 400/400/400 401/401/401 392/392/392
f 401/401/401 402/402/402 393/393/393
f 402/402/402 412/412/412 403/403/403
f 404/404/404 405/405/405 396/396/396
f 405/405/405 406/406/406 397/397/397
f 406/406/406 407/407/407 398/398/398
f 407/407/407 408/408/408 399/399/399
f 408/408/408 409/409/409 400/400/400
f 409/409/409 410/410/410 401/401/401
f 410/410/410 411/411/411 402/402/402
f 411/411/411 421/421/421 412/412/412
f 413/413/413 414/414/414 405/405/405
f 414/414/414 415/415/415 406/406/406
f 415/415/415 416/416/416 407/407/407
f 416/416/416 417/417/417 408/408/408
f 417/417/417 418/418/418 409/409/409
f 418/418/418 419/419/419 410/410/410
f 419/419/419 420/420/420 411/411/411
f 420/420/420 430/430/430 421/421/421
f 422/422/422 423/423/423 414/414/414
f 423/423/423 424/424/424 415/415/415
f 424/424/424 425/425/425 416/416/416
f 425/425/425 426/426/426 417/417/417
f 426/426/426 427/427/427 418/418/418
f 427/427/427 428/428/428 419/419/419
f 428/428/428 429/429/429 420/420/420
f 429/429/429 439/439/439 430/430/430
f 431/431/431 432/432/432 423/423/423
f 432/432/432 433/433/433 424/424/424
f 433/433/433 434/434/434 425/425/425
f 434/434/434 435/435/435 426/426/426
f 435/435/435 436/436/436 427/427/427
f 436/436/436 437/437/437 428/428/428
f 437/437/437 438/438/438 429/429/429
f 438/438/438 448/448/448 439/439/439
f 440/440/440 441/441/441 432/432/432
f 441/441/441 442/442/442 433/433/433
f 442/442/442 443/443/443 434/434/434
f 443/443/443 444/444/444 435/435/435
f 444/444/444 445/445/445 436/436/436
f 445/445/445 446/446/446 437/437/437
f 446/446/446 447/447/447 438/438/438
f 447/447/447 457/457/457 448/448/448
f 449/449/449 450/450/450 441/441/441
f 450/450/450 451/451/451 442/442/442
f 451/451/451 452/452/452 443/443/443
f 452/452/452 453/453/453 444/444/444
f 453/453/453 454/454/454 445/445/445
f 454/454/454 455/455/455 446/446/446
f 455/455/455 456/456/456 447/447/447
f 456/456/456 1329/1329/1231 457/457/457
f 458/458/458 481/481/481 459/459/459
f 460/460/460 459/459/459 461/461/461
f 462/462/462 461/461/461 463/463/463
f 464/464/464 463/463/463 465/465/465
f 466/466/466 465/465/465 467/467/467
f 468/468/468 467/467/467 469/469/469
f 470/470/470 469/469/469 471/471/471
f 472/472/472 471/471/471 473/473/473
f 474/474/474 473/473/473 475/475/475
f 476/476/476 475/475/475 477/477/477
f 478/478/478 477/477/477 479/479/479
f 481/481/481 493/493/493 482/482/482
f 459/459/459 482/482/482 483/483/483
f 461/461/461 483/483/483 484/484/484
f 463/463/463 484/484/484 485/485/485
f 465/465/465 485/485/485 486/486/486
f 467/467/467 486/486/486 487/487/487
f 469/469/469 487/487/487 488/488/488
f 471/471/471 488/488/488 489/489/489
f 473/473/473 489/489/489 490/490/490
f 475/475/475 490/490/490 491/491/491
f 477/477/477 491/491/491 492/492/492
f 493/493/493 504/504/504 494/494/494
f 482/482/482 494/494/494 495/495/495
f 483/483/483 495/495/495 496/496/496
f 484/484/484 496/496/496 497/497/497
f 485/485/485 497/497/497 498/498/498
f 486/486/486 498/498/498 499/499/499
f 487/487/487 499/499/499 500/500/500
f 488/488/488 500/500/500 501/501/501
f 489/489/489 501/501/501 502/502/502
f 490/490/490 502/502/502 503/503/503
f 503/503/503 516/516/516 492/492/492
f 504/504/504 518/518/518 505/505/505
f 494/494/494 505/505/505 506/506/506
f 495/495/495 506/506/506 507/507/507
f 496/496/496 507/507/507 508/508/508
f 497/497/497 508/508/508 509/509/509
f 498/498/498 509/509/509 510/510/510
f 499/499/499 510/510/510 511/511/511
f 500/500/500 511/511/511 512/512/512
f 501/501/501 512/512/512 513/513/513
f 502/502/502 513/513/513 514/514/514
f 503/503/503 514/514/514 515/515/515
f 517/517/517 519/519/519 505/505/505
f 519/519/519 530/530/530 506/506/506
f 506/506/506 530/530/530 520/520/520
f 507/507/507 520/520/520 521/521/521
f 508/508/508 521/521/521 522/522/522
f 522/522/522 534/534/534 510/510/510
f 510/510/510 534/534/534 523/523/523
f 511/511/511 523/523/523 524/524/524
f 512/512/512 524/524/524 525/525/525
f 513/513/513 525/525/525 526/526/526
f 514/514/514 526/526/526 527/527/527
f 528/528/528 529/529/529 519/519/519
f 529/529/529 542/542/542 530/530/530
f 530/530/530 542/542/542 531/531/531
f 520/520/520 531/531/531 532/532/532
f 532/532/532 533/533/533 522/522/522
f 533/533/533 535/535/535 534/534/534
f 535/535/535 548/548/548 523/523/523
f 523/523/523 548/548/548 536/536/536
f 524/524/524 536/536/536 537/537/537
f 525/525/525 537/537/537 538/538/538
f 526/526/526 538/538/538 539/539/539
f 540/540/540 554/554/554 529/529/529
f 529/529/529 554/554/554 541/541/541
f 542/542/542 541/541/541 543/543/543
f 531/531/531 543/543/543 544/544/544
f 532/532/532 544/544/544 545/545/545
f 533/533/533 545/545/545 546/546/546
f 535/535/535 546/546/546 547/547/547
f 548/548/548 547/547/547 549/549/549
f 536/536/536 549/549/549 550/550/550
f 537/537/537 550/550/550 551/551/551
f 538/538/538 551/551/551 552/552/552
f 553/553/553 566/566/566 554/554/554
f 554/554/554 566/566/566 555/555/555
f 541/541/541 555/555/555 556/556/556
f 543/543/543 556/556/556 557/557/557
f 544/544/544 557/557/557 558/558/558
f 545/545/545 558/558/558 559/559/559
f 546/546/546 559/559/559 560/560/560
f 547/547/547 560/560/560 561/561/561
f 549/549/549 561/561/561 562/562/562
f 550/550/550 562/562/562 563/563/563
f 551/551/551 563/563/563 564/564/564
f 553/553/553 576/576/576 565/565/565
f 565/565/565 579/579/579 555/555/555
f 555/555/555 579/579/579 567/567/567
f 556/556/556 567/567/567 568/568/568
f 557/557/557 568/568/568 569/569/569
f 558/558/558 569/569/569 570/570/570
f 559/559/559 570/570/570 571/571/571
f 560/560/560 571/571/571 572/572/572
f 561/561/561 572/572/572 573/573/573
f 562/562/562 573/573/573 574/574/574
f 563/563/563 574/574/574 575/575/575
f 576/576/576 589/589/589 577/577/577
f 565/565/565 577/577/577 578/578/578
f 579/579/579 578/578/578 580/580/580
f 567/567/567 580/580/580 581/581/581
f 568/568/568 581/581/581 582/582/582
f 569/569/569 582/582/582 583/583/583
f 570/570/570 583/583/583 584/584/584
f 571/571/571 584/584/584 585/585/585
f 572/572/572 585/585/585 586/586/586
f 573/573/573 586/586/586 587/587/587
f 574/574/574 587/587/587 588/588/588
f 589/589/589 601/601/601 590/590/590
f 577/577/577 590/590/590 591/591/591
f 578/578/578 591/591/591 592/592/592
f 580/580/580 592/592/592 593/593/593
f 581/581/581 593/593/593 594/594/594
f 582/582/582 594/594/594 595/595/595
f 583/583/583 595/595/595 596/596/596
f 584/584/584 596/596/596 597/597/597
f 585/585/585 597/597/597 598/598/598
f 586/586/586 598/598/598 599/599/599
f 587/587/587 599/599/599 600/600/600
f 601/601/601 613/613/613 602/602/602
f 590/590/590 602/602/602 603/603/603
f 591/591/591 603/603/603 604/604/604
f 592/592/592 604/604/604 605/605/605
f 593/593/593 605/605/605 606/606/606
f 594/594/594 606/606/606 607/607/607
f 595/595/595 607/607/607 608/608/608
f 596/596/596 608/608/608 609/609/609
f 597/597/597 609/609/609 610/610/610
f 598/598/598 610/610/610 611/611/611
f 599/599/599 611/611/611 612/612/612
f 613/613/613 625/625/625 614/614/614
f 602/602/602 614/614/614 615/615/615
f 603/603/603 615/615/615 616/616/616
f 604/604/604 616/616/616 617/617/617
f 605/605/605 617/617/617 618/618/618
f 606/606/606 618/618/618 619/619/619
f 607/607/607 619/619/619 620/620/620
f 608/608/608 620/620/620 621/621/621
f 609/609/609 621/621/621 622/622/622
f 610/610/610 622/622/622 623/623/623
f 611/611/611 623/623/623 624/624/624
f 625/625/625 637/637/637 626/626/626
f 614/614/614 626/626/626 627/627/627
f 615/615/615 627/627/627 628/628/628
f 616/616/616 628/628/628 629/629/629
f 617/617/617 629/629/629 630/630/630
f 618/618/618 630/630/630 631/631/631
f 619/619/619 631/631/631 632/632/632
f 620/620/620 632/632/632 633/633/633
f 621/621/621 633/633/633 634/634/634
f 622/622/622 634/634/634 635/635/635
f 623/623/623 635/635/635 636/636/636
f 637/637/637 649/649/649 638/638/638
f 626/626/626 638/638/638 639/639/639
f 627/627/627 639/639/639 640/640/640
f 628/628/628 640/640/640 641/641/641
f 629/629/629 641/641/641 642/642/642
f 630/630/630 642/642/642 643/643/643
f 631/631/631 643/643/643 644/644/644
f 632/632/632 644/644/644 645/645/645
f 633/633/633 645/645/645 646/646/646
f 634/634/634 646/646/646 647/647/647
f 635/635/635 647/647/647 648/648/648
f 649/649/649 661/661/661 650/650/650
f 638/638/638 650/650/650 651/651/651
f 639/639/639 651/651/651 652/652/652
f 640/640/640 652/652/652 653/653/653
f 641/641/641 653/653/653 654/654/654
f 642/642/642 654/654/654 655/655/655
f 643/643/643 655/655/655 656/656/656
f 644/644/644 656/656/656 657/657/657
f 645/645/645 657/657/657 658/658/658
f 646/646/646 658/658/658 659/659/659
f 647/647/647 659/659/659 660/660/660
f 661/661/661 673/673/673 662/662/662
f 650/650/650 662/662/662 663/663/663
f 651/651/651 663/663/663 664/664/664
f 652/652/652 664/664/664 665/665/665
f 653/653/653 665/665/665 666/666/666
f 654/654/654 666/666/666 667/667/667
f 655/655/655 667/667/667 668/668/668
f 656/656/656 668/668/668 669/669/669
f 657/657/657 669/669/669 670/670/670
f 658/658/658 670/670/670 671/671/671
f 659/659/659 671/671/671 672/672/672
f 673/673/673 685/685/685 674/674/674
f 662/662/662 674/674/674 675/675/675
f 663/663/663 675/675/675 676/676/676
f 664/664/664 676/676/676 677/677/677
f 665/665/665 677/677/677 678/678/678
f 666/666/666 678/678/678 679/679/679
f 667/667/667 679/679/679 680/680/680
f 668/668/668 680/680/680 681/681/681
f 669/669/669 681/681/681 682/682/682
f 670/670/670 682/682/682 683/683/683
f 671/671/671 683/683/683 684/684/684
f 685/685/685 696/696/696 686/686/686
f 674/674/674 686/686/686 687/687/687
f 675/675/675 687/687/687 688/688/688
f 676/676/676 688/688/688 689/689/689
f 677/677/677 689/689/689 690/690/690
f 678/678/678 690/690/690 691/691/691
f 679/679/679 691/691/691 692/692/692
f 680/680/680 692/692/692 693/693/693
f 693/693/693 705/705/705 682/682/682
f 682/682/682 705/705/705 694/694/694
f 683/683/683 694/694/694 695/695/695
f 696/696/696 708/708/708 697/697/697
f 686/686/686 697/697/697 698/698/698
f 687/687/687 698/698/698 699/699/699
f 688/688/688 699/699/699 700/700/700
f 689/689/689 700/700/700 701/701/701
f 690/690/690 701/701/701 702/702/702
f 691/691/691 702/702/702 703/703/703
f 692/692/692 703/703/703 704/704/704
f 704/704/704 706/706/706 705/705/705
f 706/706/706 707/707/707 694/694/694
f 707/707/707 719/719/719 695/695/695
f 708/708/708 720/720/720 709/709/709
f 697/697/697 709/709/709 710/710/710
f 698/698/698 710/710/710 711/711/711
f 699/699/699 711/711/711 712/712/712
f 700/700/700 712/712/712 713/713/713
f 701/701/701 713/713/713 714/714/714
f 702/702/702 714/714/714 715/715/715
f 703/703/703 715/715/715 716/716/716
f 704/704/704 716/716/716 717/717/717
f 717/717/717 729/729/729 707/707/707
f 707/707/707 729/729/729 718/718/718
f 720/720/720 731/731/731 721/721/721
f 709/709/709 721/721/721 722/722/722
f 710/710/710 722/722/722 723/723/723
f 711/711/711 723/723/723 724/724/724
f 712/712/712 724/724/724 725/725/725
f 713/713/713 725/725/725 726/726/726
f 726/726/726 738/738/738 715/715/715
f 715/715/715 738/738/738 727/727/727
f 716/716/716 727/727/727 728/728/728
f 728/728/728 730/730/730 729/729/729
f 730/730/730 742/742/742 718/718/718
f 731/731/731 743/743/743 732/732/732
f 721/721/721 732/732/732 733/733/733
f 722/722/722 733/733/733 734/734/734
f 723/723/723 734/734/734 735/735/735
f 724/724/724 735/735/735 736/736/736
f 725/725/725 736/736/736 737/737/737
f 737/737/737 739/739/739 738/738/738
f 739/739/739 751/751/751 727/727/727
f 727/727/727 751/751/751 740/740/740
f 740/740/740 741/741/741 730/730/730
f 741/741/741 755/755/755 742/742/742
f 743/743/743 756/756/756 744/744/744
f 732/732/732 744/744/744 745/745/745
f 733/733/733 745/745/745 746/746/746
f 734/734/734 746/746/746 747/747/747
f 735/735/735 747/747/747 748/748/748
f 736/736/736 748/748/748 749/749/749
f 737/737/737 749/749/749 750/750/750
f 750/750/750 752/752/752 751/751/751
f 752/752/752 753/753/753 740/740/740
f 753/753/753 754/754/754 741/741/741
f 754/754/754 767/767/767 755/755/755
f 756/756/756 768/768/768 757/757/757
f 744/744/744 757/757/757 758/758/758
f 745/745/745 758/758/758 759/759/759
f 746/746/746 759/759/759 760/760/760
f 747/747/747 760/760/760 761/761/761
f 748/748/748 761/761/761 762/762/762
f 749/749/749 762/762/762 763/763/763
f 750/750/750 763/763/763 764/764/764
f 764/764/764 765/765/765 753/753/753
f 765/765/765 766/766/766 754/754/754
f 766/766/766 779/779/779 767/767/767
f 768/768/768 780/780/780 769/769/769
f 757/757/757 769/769/769 770/770/770
f 758/758/758 770/770/770 771/771/771
f 759/759/759 771/771/771 772/772/772
f 760/760/760 772/772/772 773/773/773
f 761/761/761 773/773/773 774/774/774
f 762/762/762 774/774/774 775/775/775
f 763/763/763 775/775/775 776/776/776
f 776/776/776 777/777/777 765/765/765
f 777/777/777 778/778/778 766/766/766
f 778/778/778 791/791/791 779/779/779
f 780/780/780 792/792/792 781/781/781
f 769/769/769 781/781/781 782/782/782
f 770/770/770 782/782/782 783/783/783
f 771/771/771 783/783/783 784/784/784
f 772/772/772 784/784/784 785/785/785
f 773/773/773 785/785/785 786/786/786
f 774/774/774 786/786/786 787/787/787
f 775/775/775 787/787/787 788/788/788
f 776/776/776 788/788/788 789/789/789
f 789/789/789 790/790/790 778/778/778
f 790/790/790 804/804/804 791/791/791
f 792/792/792 805/805/805 793/793/793
f 781/781/781 793/793/793 794/794/794
f 782/782/782 794/794/794 795/795/795
f 783/783/783 795/795/795 796/796/796
f 784/784/784 796/796/796 797/797/797
f 785/785/785 797/797/797 798/798/798
f 786/786/786 798/798/798 799/799/799
f 787/787/787 799/799/799 800/800/800
f 788/788/788 800/800/800 801/801/801
f 789/789/789 801/801/801 802/802/802
f 790/790/790 802/802/802 803/803/803
f 805/805/805 817/817/817 806/806/806
f 793/793/793 806/806/806 807/807/807
f 794/794/794 807/807/807 808/808/808
f 795/795/795 808/808/808 809/809/809
f 796/796/796 809/809/809 810/810/810
f 797/797/797 810/810/810 811/811/811
f 798/798/798 811/811/811 812/812/812
f 799/799/799 812/812/812 813/813/813
f 800/800/800 813/813/813 814/814/814
f 801/801/801 814/814/814 815/815/815
f 802/802/802 815/815/815 816/816/816
f 817/817/817 5457/4344/1646 818/818/818
f 806/806/806 818/818/818 819/819/819
f 807/807/807 819/819/819 820/820/820
f 808/808/808 820/820/820 821/821/821
f 809/809/809 821/821/821 822/822/822
f 810/810/810 822/822/822 823/823/823
f 811/811/811 823/823/823 824/824/824
f 812/812/812 824/824/824 825/825/825
f 813/813/813 825/825/825 826/826/826
f 814/814/814 826/826/826 827/827/827
f 827/827/827 828/828/828 816/816/816
f 828/828/828 827/827/827 829/829/829
f 830/830/830 829/829/829 831/831/831
f 832/832/832 831/831/831 833/833/833
f 834/834/834 833/833/833 835/835/835
f 836/836/836 835/835/835 837/837/837
f 838/838/838 837/837/837 839/839/839
f 840/840/840 839/839/839 841/841/841
f 842/842/842 841/841/841 843/843/843
f 844/844/844 843/843/843 845/845/845
f 846/846/846 845/845/845 847/847/847
f 848/848/848 847/847/847 849/849/849
f 849/849/849 852/852/852 851/851/851
f 852/852/852 854/854/854 853/853/853
f 854/854/854 856/856/856 855/855/855
f 856/856/856 858/858/858 857/857/857
f 858/858/858 860/860/860 859/859/859
f 860/860/860 878/878/878 861/861/861
f 827/827/827 826/826/826 862/862/862
f 829/829/829 862/862/862 863/863/863
f 831/831/831 863/863/863 864/864/864
f 833/833/833 864/864/864 865/865/865
f 835/835/835 865/865/865 866/866/866
f 837/837/837 866/866/866 867/867/867
f 839/839/839 867/867/867 868/868/868
f 841/841/841 868/868/868 869/869/869
f 843/843/843 869/869/869 870/870/870
f 845/845/845 870/870/870 871/871/871
f 871/871/871 872/872/872 849/849/849
f 872/872/872 873/873/873 852/852/852
f 873/873/873 874/874/874 854/854/854
f 874/874/874 875/875/875 856/856/856
f 875/875/875 876/876/876 858/858/858
f 876/876/876 877/877/877 860/860/860
f 877/877/877 894/894/894 878/878/878
f 826/826/826 825/825/825 879/879/879
f 862/862/862 879/879/879 880/880/880
f 863/863/863 880/880/880 881/881/881
f 864/864/864 881/881/881 882/882/882
f 865/865/865 882/882/882 883/883/883
f 866/866/866 883/883/883 884/884/884
f 867/867/867 884/884/884 885/885/885
f 868/868/868 885/885/885 886/886/886
f 869/869/869 886/886/886 887/887/887
f 870/870/870 887/887/887 888/888/888
f 871/871/871 888/888/888 889/889/889
f 889/889/889 890/890/890 873/873/873
f 890/890/890 908/908/908 874/874/874
f 874/874/874 908/908/908 891/891/891
f 875/875/875 891/891/891 892/892/892
f 876/876/876 892/892/892 893/893/893
f 893/893/893 913/913/913 894/894/894
f 825/825/825 824/824/824 895/895/895
f 879/879/879 895/895/895 896/896/896
f 880/880/880 896/896/896 897/897/897
f 881/881/881 897/897/897 898/898/898
f 882/882/882 898/898/898 899/899/899
f 883/883/883 899/899/899 900/900/900
f 884/884/884 900/900/900 901/901/901
f 885/885/885 901/901/901 902/902/902
f 886/886/886 902/902/902 903/903/903
f 887/887/887 903/903/903 904/904/904
f 888/888/888 904/904/904 905/905/905
f 889/889/889 905/905/905 906/906/906
f 890/890/890 906/906/906 907/907/907
f 908/908/908 907/907/907 909/909/909
f 891/891/891 909/909/909 910/910/910
f 892/892/892 910/910/910 911/911/911
f 893/893/893 911/911/911 912/912/912
f 824/824/824 823/823/823 914/914/914
f 895/895/895 914/914/914 915/915/915
f 896/896/896 915/915/915 916/916/916
f 897/897/897 916/916/916 917/917/917
f 898/898/898 917/917/917 918/918/918
f 899/899/899 918/918/918 919/919/919
f 900/900/900 919/919/919 920/920/920
f 901/901/901 920/920/920 921/921/921
f 902/902/902 921/921/921 922/922/922
f 903/903/903 922/922/922 923/923/923
f 904/904/904 923/923/923 924/924/924
f 905/905/905 924/924/924 925/925/925
f 906/906/906 925/925/925 926/926/926
f 907/907/907 926/926/926 927/927/927
f 909/909/909 927/927/927 928/928/928
f 910/910/910 928/928/928 929/929/929
f 911/911/911 929/929/929 930/930/930
f 823/823/823 822/822/822 931/931/931
f 914/914/914 931/931/931 932/932/932
f 915/915/915 932/932/932 933/933/933
f 916/916/916 933/933/933 934/934/934
f 917/917/917 934/934/934 935/935/935
f 918/918/918 935/935/935 936/936/936
f 919/919/919 936/936/936 937/937/937
f 920/920/920 937/937/937 938/938/938
f 921/921/921 938/938/938 939/939/939
f 922/922/922 939/939/939 940/940/940
f 923/923/923 940/940/940 941/941/941
f 924/924/924 941/941/941 942/942/942
f 925/925/925 942/942/942 943/943/943
f 926/926/926 943/943/943 944/944/944
f 927/927/927 944/944/944 945/945/945
f 928/928/928 945/945/945 946/946/946
f 929/929/929 946/946/946 947/947/947
f 822/822/822 821/821/821 948/948/948
f 931/931/931 948/948/948 949/949/949
f 932/932/932 949/949/949 950/950/950
f 933/933/933 950/950/950 951/951/951
f 934/934/934 951/951/951 952/952/952
f 935/935/935 952/952/952 953/953/953
f 936/936/936 953/953/953 954/954/954
f 937/937/937 954/954/954 955/955/955
f 938/938/938 955/955/955 956/956/956
f 939/939/939 956/956/956 957/957/957
f 940/940/940 957/957/957 958/958/958
f 941/941/941 958/958/958 959/959/959
f 942/942/942 959/959/959 960/960/960
f 943/943/943 960/960/960 961/961/961
f 944/944/944 961/961/961 962/962/962
f 945/945/945 962/962/962 963/963/963
f 946/946/946 963/963/963 964/964/964
f 821/821/821 820/820/820 965/965/965
f 948/948/948 965/965/965 966/966/966
f 949/949/949 966/966/966 967/967/967
f 950/950/950 967/967/967 968/968/968
f 951/951/951 968/968/968 969/969/969
f 952/952/952 969/969/969 970/970/970
f 953/953/953 970/970/970 971/971/971
f 954/954/954 971/971/971 972/972/972
f 955/955/955 972/972/972 973/973/973
f 956/956/956 973/973/973 974/974/974
f 957/957/957 974/974/974 975/975/975
f 958/958/958 975/975/975 976/976/976
f 959/959/959 976/976/976 977/977/977
f 960/960/960 977/977/977 978/978/978
f 961/961/961 978/978/978 979/979/979
f 962/962/962 979/979/979 980/980/980
f 963/963/963 980/980/980 981/981/981
f 820/820/820 819/819/819 982/982/982
f 965/965/965 982/982/982 983/983/983
f 966/966/966 983/983/983 984/984/984
f 967/967/967 984/984/984 985/985/985
f 968/968/968 985/985/985 986/986/986
f 969/969/969 986/986/986 987/987/987
f 970/970/970 987/987/987 988/988/988
f 971/971/971 988/988/988 989/989/989
f 972/972/972 989/989/989 990/990/990
f 973/973/973 990/990/990 991/991/991
f 974/974/974 991/991/991 992/992/992
f 975/975/975 992/992/992 993/993/993
f 976/976/976 993/993/993 994/994/994
f 977/977/977 994/994/994 995/995/995
f 978/978/978 995/995/995 996/996/996
f 979/979/979 996/996/996 997/997/997
f 980/980/980 997/997/997 998/998/998
f 819/819/819 818/818/818 999/999/999
f 982/982/982 999/999/999 1000/1000/1000
f 983/983/983 1000/1000/1000 1001/1001/1001
f 984/984/984 1001/1001/1001 1002/1002/1002
f 985/985/985 1002/1002/1002 1003/1003/1003
f 986/986/986 1003/1003/1003 1004/1004/1004
f 987/987/987 1004/1004/1004 1005/1005/1005
f 988/988/988 1005/1005/1005 1006/1006/1006
f 989/989/989 1006/1006/1006 1007/1007/1007
f 990/990/990 1007/1007/1007 1008/1008/1008
f 991/991/991 1008/1008/1008 1009/1009/1009
f 992/992/992 1009/1009/1009 1010/1010/1010
f 993/993/993 1010/1010/1010 1011/1011/1011
f 994/994/994 1011/1011/1011 1012/1012/1012
f 995/995/995 1012/1012/1012 1013/1013/1013
f 996/996/996 1013/1013/1013 1014/1014/1014
f 997/997/997 1014/1014/1014 1015/1015/1015
f 818/818/818 5457/4344/1646 1016/1016/1016
f 999/999/999 1016/1016/1016 1017/1017/1017
f 1000/1000/1000 1017/1017/1017 1018/1018/1018
f 1001/1001/1001 1018/1018/1018 1019/1019/1019
f 1002/1002/1002 1019/1019/1019 1020/1020/1020
f 1003/1003/1003 1020/1020/1020 1021/1021/1021
f 1004/1004/1004 1021/1021/1021 1022/1022/1022
f 1005/1005/1005 1022/1022/1022 1023/1023/1023
f 1006/1006/1006 1023/1023/1023 1024/1024/1024
f 1007/1007/1007 1024/1024/1024 1025/1025/1025
f 1008/1008/1008 1025/1025/1025 1026/1026/1026
f 1009/1009/1009 1026/1026/1026 1027/1027/1027
f 1010/1010/1010 1027/1027/1027 1028/1028/1028
f 1011/1011/1011 1028/1028/1028 1029/1029/1029
f 1012/1012/1012 1029/1029/1029 1030/1030/1030
f 1013/1013/1013 1030/1030/1030 1031/1031/1031
f 1014/1014/1014 1031/1031/1031 1032/1032/1032
f 1033/1033/878 1036/1036/1034 1034/1034/1033
f 1036/1036/1034 1040/1040/1037 1037/1037/1035
f 1038/1038/894 1039/1039/1036 1036/1036/1034
f 1039/1039/1036 1043/1043/1039 1040/1040/1037
f 1041/1041/913 1042/1042/1038 1039/1039/1036
f 1042/1042/1038 1046/1046/1042 1043/1043/1039
f 1044/1044/1040 1045/1045/1041 1042/1042/1038
f 1045/1045/1041 1049/1049/1044 1046/1046/1042
f 1047/1047/930 1048/1048/1043 1045/1045/1041
f 1048/1048/1043 1052/1052/1046 1049/1049/1044
f 1050/1050/947 1051/1051/1045 1048/1048/1043
f 1051/1051/1045 1055/1055/1049 1052/1052/1046
f 1053/1053/1047 1054/1054/1048 1051/1051/1045
f 1054/1054/1048 1058/1058/1052 1055/1055/1049
f 1056/1056/1050 1057/1057/1051 1054/1054/1048
f 1057/1057/1051 1061/1061/1055 1058/1058/1052
f 1059/1059/1053 1060/1060/1054 1057/1057/1051
f 1060/1060/1054 1064/1064/1057 1061/1061/1055
f 1062/1062/1015 1063/1063/1056 1060/1060/1054
f 1063/1063/1056 1067/1067/1060 1064/1064/1057
f 1065/1065/1058 1066/1066/1059 1063/1063/1056
f 1066/1066/1059 5458/4345/1097 1067/1067/1060
f 1068/1068/1037 1071/1071/1063 1069/1069/1061
f 1071/1071/1063 1073/1073/1065 1072/1072/1064
f 1073/1073/1065 1078/1078/1069 1074/1074/1066
f 1075/1075/1039 1076/1076/1067 1071/1071/1063
f 1076/1076/1067 1077/1077/1068 1073/1073/1065
f 1077/1077/1068 1082/1082/1073 1078/1078/1069
f 1079/1079/1070 1080/1080/1071 1076/1076/1067
f 1080/1080/1071 1081/1081/1072 1077/1077/1068
f 1081/1081/1072 1086/1086/1076 1082/1082/1073
f 1083/1083/1044 1084/1084/1074 1080/1080/1071
f 1084/1084/1074 1085/1085/1075 1081/1081/1072
f 1085/1085/1075 1090/1090/1080 1086/1086/1076
f 1087/1087/1077 1088/1088/1078 1084/1084/1074
f 1088/1088/1078 1089/1089/1079 1085/1085/1075
f 1089/1089/1079 1094/1094/1083 1090/1090/1080
f 1091/1091/1049 1092/1092/1081 1088/1088/1078
f 1092/1092/1081 1093/1093/1082 1089/1089/1079
f 1093/1093/1082 1098/1098/1087 1094/1094/1083
f 1095/1095/1084 1096/1096/1085 1092/1092/1081
f 1096/1096/1085 1097/1097/1086 1093/1093/1082
f 1097/1097/1086 1102/1102/1090 1098/1098/1087
f 1099/1099/1055 1100/1100/1088 1096/1096/1085
f 1100/1100/1088 1101/1101/1089 1097/1097/1086
f 1101/1101/1089 1106/1106/1093 1102/1102/1090
f 1103/1103/1057 1104/1104/1091 1100/1100/1088
f 1104/1104/1091 1105/1105/1092 1101/1101/1089
f 1105/1105/1092 1110/1110/1096 1106/1106/1093
f 1107/1107/1060 1108/1108/1094 1104/1104/1091
f 1108/1108/1094 1109/1109/1095 1105/1105/1092
f 1109/1109/1095 1114/1114/1100 1110/1110/1096
f 1111/1111/1097 1112/1112/1098 1108/1108/1094
f 1112/1112/1098 1113/1113/1099 1109/1109/1095
f 1113/1113/1099 3191/3171/2994 1114/1114/1100
f 1115/1115/1101 1118/1118/1104 1116/1116/1102
f 1118/1118/1104 1120/1120/1106 1119/1119/1105
f 1120/1120/1106 3168/3166/2971 1121/1121/1107
f 1122/1122/1108 2701/2701/1721 1123/1123/1109
f 1123/1123/1109 1126/1126/1112 1125/1125/1111
f 1126/1126/1112 2700/2700/2561 1127/1127/1113
f 1128/1128/1114 1135/1135/1121 1129/1129/1115
f 1129/1129/1115 1132/1132/1118 1131/1131/1117
f 1132/1132/1118 1138/1138/1124 1133/1133/1119
f 1134/1134/1120 1136/1136/1122 1129/1129/1115
f 1136/1136/1122 1137/1137/1123 1132/1132/1118
f 1137/1137/1123 1141/1141/1127 1138/1138/1124
f 1134/1134/1120 1142/1142/1128 1139/1139/1125
f 1139/1139/1125 1140/1140/1126 1137/1137/1123
f 1140/1140/1126 1145/1145/1131 1141/1141/1127
f 1142/1142/1128 1146/1146/1132 1143/1143/1129
f 1143/1143/1129 1144/1144/1130 1140/1140/1126
f 1144/1144/1130 1149/1149/1135 1145/1145/1131
f 1146/1146/1132 1150/1150/1136 1147/1147/1133
f 1147/1147/1133 1148/1148/1134 1144/1144/1130
f 1148/1148/1134 1153/1153/1139 1149/1149/1135
f 1150/1150/1136 1154/1154/1140 1151/1151/1137
f 1151/1151/1137 1152/1152/1138 1148/1148/1134
f 1152/1152/1138 1157/1157/1143 1153/1153/1139
f 1154/1154/1140 1158/1158/1144 1155/1155/1141
f 1155/1155/1141 1156/1156/1142 1152/1152/1138
f 1156/1156/1142 1161/1161/1147 1157/1157/1143
f 1158/1158/1144 1162/1162/1148 1159/1159/1145
f 1159/1159/1145 1160/1160/1146 1156/1156/1142
f 1160/1160/1146 1165/1165/1151 1161/1161/1147
f 1162/1162/1148 1166/1166/1152 1163/1163/1149
f 1163/1163/1149 1164/1164/1150 1160/1160/1146
f 1164/1164/1150 1169/1169/1155 1165/1165/1151
f 1166/1166/1152 1170/1170/1156 1167/1167/1153
f 1167/1167/1153 1168/1168/1154 1164/1164/1150
f 1168/1168/1154 1173/1173/1159 1169/1169/1155
f 1170/1170/1156 1174/1174/1160 1171/1171/1157
f 1167/1167/1153 1171/1171/1157 1172/1172/1158
f 1172/1172/1158 1177/1177/1163 1173/1173/1159
f 1174/1174/1160 1178/1178/1164 1175/1175/1161
f 1171/1171/1157 1175/1175/1161 1176/1176/1162
f 1176/1176/1162 1181/1181/1167 1177/1177/1163
f 1178/1178/1164 5459/4346/5158 1179/1179/1165
f 1175/1175/1161 1179/1179/1165 1180/1180/1166
f 1180/1180/1166 5460/3170/5159 1181/1181/1167
f 1182/1182/1168 1185/1185/1171 1183/1183/1169
f 1185/1185/1171 1191/1191/1177 1186/1186/1172
f 1186/1186/1172 1191/1191/1177 1187/1187/1173
f 1189/1189/1175 1190/1190/1176 1185/1185/1171
f 1190/1190/1176 1195/1195/1181 1191/1191/1177
f 1191/1191/1177 1195/1195/1181 1192/1192/1178
f 1193/1193/1179 1194/1194/1180 1190/1190/1176
f 1194/1194/1180 1199/1199/1185 1195/1195/1181
f 1195/1195/1181 1199/1199/1185 1196/1196/1182
f 1197/1197/1183 1198/1198/1184 1194/1194/1180
f 1198/1198/1184 1203/1203/1189 1199/1199/1185
f 1199/1199/1185 1203/1203/1189 1200/1200/1186
f 1201/1201/1187 1206/1206/1192 1198/1198/1184
f 1198/1198/1184 1206/1206/1192 1202/1202/1188
f 1203/1203/1189 1202/1202/1188 1204/1204/1190
f 1205/1205/1191 1210/1210/1196 1206/1206/1192
f 1206/1206/1192 1210/1210/1196 1207/1207/1193
f 1202/1202/1188 1207/1207/1193 1208/1208/1194
f 1209/1209/1195 1214/1214/1199 1210/1210/1196
f 1210/1210/1196 1214/1214/1199 1211/1211/1197
f 1207/1207/1193 1211/1211/1197 1212/1212/1198
f 1213/1213/295 1218/1218/1203 1214/1214/1199
f 1214/1214/1199 1218/1218/1203 1215/1215/1200
f 1211/1211/1197 1215/1215/1200 1216/1216/1201
f 1217/1217/1202 1222/1222/1206 1218/1218/1203
f 1218/1218/1203 1222/1222/1206 1219/1219/1204
f 1215/1215/1200 1219/1219/1204 1220/1220/1205
f 1221/1221/313 1226/1226/1210 1222/1222/1206
f 1222/1222/1206 1226/1226/1210 1223/1223/1207
f 1219/1219/1204 1223/1223/1207 1224/1224/1208
f 1225/1225/1209 1229/1229/1213 1226/1226/1210
f 1226/1226/1210 1229/1229/1213 1227/1227/1211
f 1227/1227/1211 1231/1231/1215 1224/1224/1208
f 1225/1225/1209 1232/1232/331 1228/1228/1212
f 1229/1229/1213 1228/1228/1212 1230/1230/1214
f 1230/1230/1214 1236/1236/1219 1231/1231/1215
f 1232/1232/331 2699/2699/340 1233/1233/1216
f 1228/1228/1212 1233/1233/1216 1234/1234/1217
f 1230/1230/1214 1234/1234/1217 1235/1235/1218
f 1237/1237/1220 1244/1244/348 1238/1238/1221
f 1239/1239/1222 1238/1238/1221 1240/1240/1223
f 1241/1241/1224 1240/1240/1223 1242/1242/1225
f 1244/1244/348 5461/4347/358 1245/1245/1227
f 1238/1238/1221 1245/1245/1227 1246/1246/1105
f 1240/1240/1223 1246/1246/1105 1247/1247/1228
f 1248/1248/1229 1251/1251/1232 1249/1249/1230
f 1251/1251/1232 1253/1253/1234 1252/1252/1233
f 1253/1253/1234 1255/1255/1236 1254/1254/1235
f 1255/1255/1236 1257/1257/1238 1256/1256/1237
f 1257/1257/1238 1259/1259/1240 1258/1258/1239
f 1259/1259/1240 1261/1261/1242 1260/1260/1241
f 1261/1261/1242 1263/1263/1244 1262/1262/1243
f 1263/1263/1244 1273/1273/1254 1264/1264/1245
f 1265/1265/1246 1266/1266/1247 1251/1251/1232
f 1266/1266/1247 1267/1267/1248 1253/1253/1234
f 1267/1267/1248 1268/1268/1249 1255/1255/1236
f 1268/1268/1249 1269/1269/1250 1257/1257/1238
f 1269/1269/1250 1270/1270/1251 1259/1259/1240
f 1270/1270/1251 1271/1271/1252 1261/1261/1242
f 1271/1271/1252 1272/1272/1253 1263/1263/1244
f 1272/1272/1253 1282/1282/1175 1273/1273/1254
f 1274/1274/1255 1275/1275/1256 1266/1266/1247
f 1275/1275/1256 1276/1276/1257 1267/1267/1248
f 1276/1276/1257 1277/1277/1258 1268/1268/1249
f 1277/1277/1258 1278/1278/1259 1269/1269/1250
f 1278/1278/1259 1279/1279/1260 1270/1270/1251
f 1279/1279/1260 1280/1280/1261 1271/1271/1252
f 1280/1280/1261 1281/1281/1262 1272/1272/1253
f 1281/1281/1262 1291/1291/1271 1282/1282/1175
f 1283/1283/1263 1284/1284/1264 1275/1275/1256
f 1284/1284/1264 1285/1285/1265 1276/1276/1257
f 1285/1285/1265 1286/1286/1266 1277/1277/1258
f 1286/1286/1266 1287/1287/1267 1278/1278/1259
f 1287/1287/1267 1288/1288/1268 1279/1279/1260
f 1288/1288/1268 1289/1289/1269 1280/1280/1261
f 1289/1289/1269 1290/1290/1270 1281/1281/1262
f 1290/1290/1270 1300/1300/1280 1291/1291/1271
f 1292/1292/1272 1293/1293/1273 1284/1284/1264
f 1293/1293/1273 1294/1294/1274 1285/1285/1265
f 1294/1294/1274 1295/1295/1275 1286/1286/1266
f 1295/1295/1275 1296/1296/1276 1287/1287/1267
f 1296/1296/1276 1297/1297/1277 1288/1288/1268
f 1297/1297/1277 1298/1298/1278 1289/1289/1269
f 1298/1298/1278 1299/1299/1279 1290/1290/1270
f 1299/1299/1279 1309/1309/1289 1300/1300/1280
f 1301/1301/1281 1302/1302/1282 1293/1293/1273
f 1302/1302/1282 1303/1303/1283 1294/1294/1274
f 1303/1303/1283 1304/1304/1284 1295/1295/1275
f 1304/1304/1284 1305/1305/1285 1296/1296/1276
f 1305/1305/1285 1306/1306/1286 1297/1297/1277
f 1306/1306/1286 1307/1307/1287 1298/1298/1278
f 1307/1307/1287 1308/1308/1288 1299/1299/1279
f 1308/1308/1288 1318/1318/1298 1309/1309/1289
f 1310/1310/1290 1311/1311/1291 1302/1302/1282
f 1311/1311/1291 1312/1312/1292 1303/1303/1283
f 1312/1312/1292 1313/1313/1293 1304/1304/1284
f 1313/1313/1293 1314/1314/1294 1305/1305/1285
f 1314/1314/1294 1315/1315/1295 1306/1306/1286
f 1315/1315/1295 1316/1316/1296 1307/1307/1287
f 1316/1316/1296 1317/1317/1297 1308/1308/1288
f 1317/1317/1297 1327/1327/1195 1318/1318/1298
f 1319/1319/1299 1320/1320/1300 1311/1311/1291
f 1320/1320/1300 1321/1321/1301 1312/1312/1292
f 1321/1321/1301 1322/1322/1302 1313/1313/1293
f 1322/1322/1302 1323/1323/1303 1314/1314/1294
f 1323/1323/1303 1324/1324/1304 1315/1315/1295
f 1324/1324/1304 1325/1325/1305 1316/1316/1296
f 1325/1325/1305 1326/1326/1306 1317/1317/1297
f 1326/1326/1306 5462/4348/295 1327/1327/1195
f 456/456/456 1330/1330/1307 1328/1328/1229
f 455/455/455 1331/1331/1308 1330/1330/1307
f 454/454/454 1332/1332/1309 1331/1331/1308
f 453/453/453 1333/1333/1310 1332/1332/1309
f 452/452/452 1334/1334/1311 1333/1333/1310
f 451/451/451 1335/1335/1312 1334/1334/1311
f 450/450/450 1336/1336/1313 1335/1335/1312
f 449/449/449 1344/1344/1321 1336/1336/1313
f 1330/1330/1307 1338/1338/1315 1337/1337/1314
f 1331/1331/1308 1339/1339/1316 1338/1338/1315
f 1332/1332/1309 1340/1340/1317 1339/1339/1316
f 1333/1333/1310 1341/1341/1318 1340/1340/1317
f 1334/1334/1311 1342/1342/1319 1341/1341/1318
f 1335/1335/1312 1343/1343/1320 1342/1342/1319
f 1336/1336/1313 1345/1345/1322 1343/1343/1320
f 1344/1344/1321 1353/1353/1330 1345/1345/1322
f 1338/1338/1315 1347/1347/1324 1346/1346/1323
f 1339/1339/1316 1348/1348/1325 1347/1347/1324
f 1340/1340/1317 1349/1349/1326 1348/1348/1325
f 1341/1341/1318 1350/1350/1327 1349/1349/1326
f 1342/1342/1319 1351/1351/1328 1350/1350/1327
f 1343/1343/1320 1352/1352/1329 1351/1351/1328
f 1345/1345/1322 1354/1354/1331 1352/1352/1329
f 1353/1353/1330 1362/1362/1339 1354/1354/1331
f 1347/1347/1324 1356/1356/1333 1355/1355/1332
f 1348/1348/1325 1357/1357/1334 1356/1356/1333
f 1349/1349/1326 1358/1358/1335 1357/1357/1334
f 1350/1350/1327 1359/1359/1336 1358/1358/1335
f 1351/1351/1328 1360/1360/1337 1359/1359/1336
f 1352/1352/1329 1361/1361/1338 1360/1360/1337
f 1354/1354/1331 1363/1363/1340 1361/1361/1338
f 1362/1362/1339 1371/1371/1348 1363/1363/1340
f 1356/1356/1333 1365/1365/1342 1364/1364/1341
f 1357/1357/1334 1366/1366/1343 1365/1365/1342
f 1358/1358/1335 1367/1367/1344 1366/1366/1343
f 1359/1359/1336 1368/1368/1345 1367/1367/1344
f 1360/1360/1337 1369/1369/1346 1368/1368/1345
f 1361/1361/1338 1370/1370/1347 1369/1369/1346
f 1363/1363/1340 1372/1372/1349 1370/1370/1347
f 1371/1371/1348 1380/1380/1357 1372/1372/1349
f 1365/1365/1342 1374/1374/1351 1373/1373/1350
f 1366/1366/1343 1375/1375/1352 1374/1374/1351
f 1367/1367/1344 1376/1376/1353 1375/1375/1352
f 1368/1368/1345 1377/1377/1354 1376/1376/1353
f 1369/1369/1346 1378/1378/1355 1377/1377/1354
f 1370/1370/1347 1379/1379/1356 1378/1378/1355
f 1372/1372/1349 1381/1381/1358 1379/1379/1356
f 1380/1380/1357 1389/1389/1365 1381/1381/1358
f 1374/1374/1351 1383/1383/1359 1382/1382/1290
f 1375/1375/1352 1384/1384/1360 1383/1383/1359
f 1376/1376/1353 1385/1385/1361 1384/1384/1360
f 1377/1377/1354 1386/1386/1362 1385/1385/1361
f 1378/1378/1355 1387/1387/1363 1386/1386/1362
f 1379/1379/1356 1388/1388/1364 1387/1387/1363
f 1381/1381/1358 1390/1390/1366 1388/1388/1364
f 1389/1389/1365 1391/1391/1367 1390/1390/1366
f 1383/1383/1359 279/279/279 281/281/281
f 1384/1384/1360 296/296/296 279/279/279
f 1385/1385/1361 305/305/305 296/296/296
f 1386/1386/1362 314/314/314 305/305/305
f 1387/1387/1363 323/323/323 314/314/314
f 1388/1388/1364 332/332/332 323/323/323
f 1390/1390/1366 341/341/341 332/332/332
f 1391/1391/1367 350/350/350 341/341/341
f 1392/1392/1368 1396/1396/1370 1393/1393/481
f 1392/1392/1368 3171/3169/2974 1395/1395/1369
f 1397/1397/1371 1400/1400/1374 1398/1398/1372
f 1400/1400/1374 1402/1402/1376 1401/1401/1375
f 1402/1402/1376 1404/1404/1378 1403/1403/1377
f 1404/1404/1378 1406/1406/1380 1405/1405/1379
f 1406/1406/1380 1408/1408/1382 1407/1407/1381
f 1408/1408/1382 5345/4336/480 1409/1409/479
f 1393/1393/481 1396/1396/1370 1410/1410/1383
f 1395/1395/1369 1420/1420/1393 1410/1410/1383
f 1399/1399/1373 1398/1398/1372 1412/1412/1385
f 1398/1398/1372 1401/1401/1375 1414/1414/1387
f 1401/1401/1375 1403/1403/1377 1415/1415/1388
f 1403/1403/1377 1405/1405/1379 1416/1416/1389
f 1405/1405/1379 1407/1407/1381 1417/1417/1390
f 1407/1407/1381 1409/1409/479 1418/1418/1391
f 1410/1410/1383 1421/1421/1394 1419/1419/1392
f 1420/1420/1393 1430/1430/1402 1421/1421/1394
f 1412/1412/1385 1424/1424/1397 1422/1422/1395
f 1412/1412/1385 1414/1414/1387 1423/1423/1396
f 1414/1414/1387 1415/1415/1388 1425/1425/1398
f 1415/1415/1388 1416/1416/1389 1426/1426/1399
f 1417/1417/1390 1428/1428/1401 1426/1426/1399
f 1417/1417/1390 1418/1418/1391 1427/1427/1400
f 1421/1421/1394 1431/1431/1403 1429/1429/518
f 1430/1430/1402 1440/1440/1412 1431/1431/1403
f 1424/1424/1397 1434/1434/1406 1432/1432/1404
f 1424/1424/1397 1423/1423/1396 1433/1433/1405
f 1423/1423/1396 1425/1425/1398 1435/1435/1407
f 1425/1425/1398 1426/1426/1399 1436/1436/1408
f 1426/1426/1399 1428/1428/1401 1437/1437/1409
f 1428/1428/1401 1427/1427/1400 1438/1438/1410
f 1431/1431/1403 1441/1441/1413 1439/1439/1411
f 1440/1440/1412 1450/1450/1421 1441/1441/1413
f 1434/1434/1406 1443/1443/1415 1442/1442/1414
f 1433/1433/1405 1445/1445/1417 1443/1443/1415
f 1433/1433/1405 1435/1435/1407 1444/1444/1416
f 1435/1435/1407 1436/1436/1408 1446/1446/1418
f 1436/1436/1408 1437/1437/1409 1447/1447/1419
f 1437/1437/1409 1438/1438/1410 1448/1448/1420
f 1441/1441/1413 1451/1451/1422 1449/1449/528
f 1450/1450/1421 1461/1461/1432 1451/1451/1422
f 1443/1443/1415 1453/1453/1424 1452/1452/1423
f 1445/1445/1417 1455/1455/1426 1453/1453/1424
f 1445/1445/1417 1444/1444/1416 1454/1454/1425
f 1446/1446/1418 1447/1447/1419 1456/1456/1427
f 1447/1447/1419 1448/1448/1420 1458/1458/1429
f 1449/1449/528 1451/1451/1422 1459/1459/1430
f 1461/1461/1432 1470/1470/1441 1459/1459/1430
f 1453/1453/1424 1463/1463/1434 1462/1462/1433
f 1455/1455/1426 1465/1465/1436 1463/1463/1434
f 1455/1455/1426 1454/1454/1425 1464/1464/1435
f 1454/1454/1425 1457/1457/1428 1466/1466/1437
f 1457/1457/1428 1456/1456/1427 1467/1467/1438
f 1458/1458/1429 5463/4349/5160 1467/1467/1438
f 1460/1460/1431 1459/1459/1430 1468/1468/1439
f 1470/1470/1441 3170/3168/2973 1468/1468/1439
f 1463/1463/1434 1473/1473/1444 1471/1471/1442
f 1463/1463/1434 1465/1465/1436 1472/1472/1443
f 1465/1465/1436 1464/1464/1435 1474/1474/1445
f 1464/1464/1435 1466/1466/1437 1475/1475/1446
f 1466/1466/1437 1467/1467/1438 1476/1476/1447
f 1467/1467/1438 5463/4349/5160 1477/1477/1448
f 1469/1469/1440 1468/1468/1439 1478/1478/1449
f 1468/1468/1439 3170/3168/2973 1480/1480/1450
f 1473/1473/1444 1483/1483/1453 1481/1481/1451
f 1473/1473/1444 1472/1472/1443 1482/1482/1452
f 1472/1472/1443 1474/1474/1445 1484/1484/1454
f 1474/1474/1445 1475/1475/1446 1485/1485/1455
f 1475/1475/1446 1476/1476/1447 1486/1486/1456
f 1476/1476/1447 1477/1477/1448 1487/1487/1457
f 1478/1478/1449 1490/1490/1459 1488/1488/589
f 1478/1478/1449 1480/1480/1450 1489/1489/1458
f 1481/1481/1451 1483/1483/1453 1491/1491/1460
f 1483/1483/1453 1482/1482/1452 1493/1493/1462
f 1482/1482/1452 1484/1484/1454 1494/1494/1463
f 1484/1484/1454 1485/1485/1455 1495/1495/1464
f 1485/1485/1455 1486/1486/1456 1496/1496/1465
f 1486/1486/1456 1487/1487/1457 1497/1497/588
f 1488/1488/589 1490/1490/1459 1498/1498/1466
f 1490/1490/1459 1489/1489/1458 1500/1500/1468
f 1492/1492/1461 1491/1491/1460 1501/1501/1469
f 1491/1491/1460 1493/1493/1462 1503/1503/1471
f 1493/1493/1462 1494/1494/1463 1504/1504/1472
f 1494/1494/1463 1495/1495/1464 1505/1505/1473
f 1495/1495/1464 1496/1496/1465 1506/1506/1474
f 1496/1496/1465 1497/1497/588 1507/1507/600
f 1499/1499/1467 1498/1498/1466 1508/1508/1475
f 1498/1498/1466 1500/1500/1468 1510/1510/1477
f 1502/1502/1470 1501/1501/1469 1511/1511/1478
f 1501/1501/1469 1503/1503/1471 1513/1513/1480
f 1504/1504/1472 1515/1515/1482 1513/1513/1480
f 1504/1504/1472 1505/1505/1473 1514/1514/1481
f 1505/1505/1473 1506/1506/1474 1516/1516/1483
f 1506/1506/1474 1507/1507/600 1517/1517/1484
f 1509/1509/1476 1508/1508/1475 1518/1518/1485
f 1508/1508/1475 1510/1510/1477 1520/1520/1487
f 1512/1512/1479 1511/1511/1478 1521/1521/1488
f 1511/1511/1478 1513/1513/1480 1523/1523/1490
f 1513/1513/1480 1515/1515/1482 1524/1524/1491
f 1515/1515/1482 1514/1514/1481 1525/1525/1492
f 1514/1514/1481 1516/1516/1483 1526/1526/1493
f 1516/1516/1483 1517/1517/1484 1527/1527/1494
f 1519/1519/1486 1518/1518/1485 1528/1528/1495
f 1518/1518/1485 1520/1520/1487 1530/1530/1497
f 1522/1522/1489 1521/1521/1488 1531/1531/1498
f 1521/1521/1488 1523/1523/1490 1533/1533/1500
f 1523/1523/1490 1524/1524/1491 1534/1534/1501
f 1524/1524/1491 1525/1525/1492 1535/1535/1502
f 1525/1525/1492 1526/1526/1493 1536/1536/1503
f 1526/1526/1493 1527/1527/1494 1537/1537/1504
f 1529/1529/1496 1528/1528/1495 1538/1538/1505
f 1528/1528/1495 1530/1530/1497 1540/1540/1507
f 1532/1532/1499 1531/1531/1498 1541/1541/1508
f 1531/1531/1498 1533/1533/1500 1543/1543/1510
f 1533/1533/1500 1534/1534/1501 1544/1544/1511
f 1534/1534/1501 1535/1535/1502 1545/1545/1512
f 1535/1535/1502 1536/1536/1503 1546/1546/1513
f 1536/1536/1503 1537/1537/1504 1547/1547/1514
f 1539/1539/1506 1538/1538/1505 1548/1548/1515
f 1538/1538/1505 1540/1540/1507 1550/1550/1516
f 1542/1542/1509 1541/1541/1508 1551/1551/1517
f 1541/1541/1508 1543/1543/1510 1553/1553/1519
f 1543/1543/1510 1544/1544/1511 1554/1554/1520
f 1544/1544/1511 1545/1545/1512 1555/1555/1521
f 1545/1545/1512 1546/1546/1513 1556/1556/1522
f 1546/1546/1513 1547/1547/1514 1557/1557/1523
f 1549/1549/661 1548/1548/1515 1558/1558/1524
f 1548/1548/1515 1550/1550/1516 1560/1560/1526
f 1552/1552/1518 1551/1551/1517 1561/1561/1527
f 1551/1551/1517 1553/1553/1519 1563/1563/1529
f 1553/1553/1519 1554/1554/1520 1564/1564/1530
f 1554/1554/1520 1555/1555/1521 1565/1565/1531
f 1555/1555/1521 1556/1556/1522 1566/1566/1532
f 1556/1556/1522 1557/1557/1523 1567/1567/1533
f 1559/1559/1525 1558/1558/1524 1568/1568/1534
f 1558/1558/1524 1560/1560/1526 1570/1570/1536
f 1562/1562/1528 1561/1561/1527 1571/1571/1537
f 1561/1561/1527 1563/1563/1529 1573/1573/1539
f 1563/1563/1529 1564/1564/1530 1574/1574/1540
f 1564/1564/1530 1565/1565/1531 1575/1575/1541
f 1565/1565/1531 1566/1566/1532 1576/1576/1542
f 1566/1566/1532 1567/1567/1533 1577/1577/684
f 1569/1569/1535 1568/1568/1534 1578/1578/1543
f 1568/1568/1534 1570/1570/1536 1580/1580/1545
f 1572/1572/1538 1571/1571/1537 1581/1581/1546
f 1571/1571/1537 1573/1573/1539 1583/1583/1548
f 1573/1573/1539 1574/1574/1540 1584/1584/1549
f 1574/1574/1540 1575/1575/1541 1585/1585/1550
f 1575/1575/1541 1576/1576/1542 1586/1586/1551
f 1576/1576/1542 1577/1577/684 1587/1587/695
f 1579/1579/1544 1578/1578/1543 1588/1588/1552
f 1578/1578/1543 1580/1580/1545 1590/1590/1554
f 1582/1582/1547 1581/1581/1546 1591/1591/1555
f 1581/1581/1546 1583/1583/1548 1593/1593/1557
f 1583/1583/1548 1584/1584/1549 1594/1594/1558
f 1584/1584/1549 1585/1585/1550 1595/1595/1559
f 1585/1585/1550 1586/1586/1551 1596/1596/1560
f 1586/1586/1551 1587/1587/695 1597/1597/1561
f 1589/1589/1553 1588/1588/1552 1598/1598/1562
f 1588/1588/1552 1590/1590/1554 1600/1600/1564
f 1592/1592/1556 1591/1591/1555 1601/1601/1565
f 1591/1591/1555 1593/1593/1557 1603/1603/1567
f 1593/1593/1557 1594/1594/1558 1604/1604/1568
f 1594/1594/1558 1595/1595/1559 1605/1605/1569
f 1595/1595/1559 1596/1596/1560 1606/1606/1570
f 1596/1596/1560 1597/1597/1561 1607/1607/1571
f 1599/1599/1563 1598/1598/1562 1608/1608/1572
f 1598/1598/1562 1600/1600/1564 1610/1610/1573
f 1602/1602/1566 1601/1601/1565 1611/1611/1574
f 1601/1601/1565 1603/1603/1567 1613/1613/1576
f 1603/1603/1567 1604/1604/1568 1614/1614/1577
f 1604/1604/1568 1605/1605/1569 1615/1615/1578
f 1605/1605/1569 1606/1606/1570 1616/1616/1579
f 1606/1606/1570 1607/1607/1571 1617/1617/1580
f 1609/1609/731 1608/1608/1572 1618/1618/1581
f 1608/1608/1572 1610/1610/1573 1620/1620/1582
f 1612/1612/1575 1611/1611/1574 1621/1621/1583
f 1611/1611/1574 1613/1613/1576 1623/1623/1585
f 1613/1613/1576 1614/1614/1577 1624/1624/1586
f 1614/1614/1577 1615/1615/1578 1625/1625/1587
f 1615/1615/1578 1616/1616/1579 1626/1626/1588
f 1616/1616/1579 1617/1617/1580 1627/1627/1589
f 1619/1619/743 1618/1618/1581 1628/1628/1590
f 1618/1618/1581 1620/1620/1582 1630/1630/1592
f 1622/1622/1584 1621/1621/1583 1631/1631/1593
f 1621/1621/1583 1623/1623/1585 1633/1633/1595
f 1623/1623/1585 1624/1624/1586 1634/1634/1596
f 1624/1624/1586 1625/1625/1587 1635/1635/1597
f 1625/1625/1587 1626/1626/1588 1636/1636/1598
f 1626/1626/1588 1627/1627/1589 1637/1637/1599
f 1629/1629/1591 1628/1628/1590 1638/1638/1600
f 1628/1628/1590 1630/1630/1592 1640/1640/1601
f 1632/1632/1594 1631/1631/1593 1641/1641/1602
f 1631/1631/1593 1633/1633/1595 1643/1643/1604
f 1633/1633/1595 1634/1634/1596 1644/1644/1605
f 1634/1634/1596 1635/1635/1597 1645/1645/1606
f 1635/1635/1597 1636/1636/1598 1646/1646/1607
f 1636/1636/1598 1637/1637/1599 1647/1647/1608
f 1639/1639/768 1638/1638/1600 1648/1648/1609
f 1638/1638/1600 1640/1640/1601 1650/1650/1611
f 1642/1642/1603 1641/1641/1602 1651/1651/1612
f 1641/1641/1602 1643/1643/1604 1653/1653/1614
f 1643/1643/1604 1644/1644/1605 1654/1654/1615
f 1644/1644/1605 1645/1645/1606 1655/1655/1616
f 1645/1645/1606 1646/1646/1607 1656/1656/1617
f 1646/1646/1607 1647/1647/1608 1657/1657/1618
f 1649/1649/1610 1648/1648/1609 1658/1658/1619
f 1648/1648/1609 1650/1650/1611 1660/1660/1621
f 1652/1652/1613 1651/1651/1612 1661/1661/1622
f 1651/1651/1612 1653/1653/1614 1663/1663/1624
f 1653/1653/1614 1654/1654/1615 1664/1664/1625
f 1654/1654/1615 1655/1655/1616 1665/1665/1626
f 1655/1655/1616 1656/1656/1617 1666/1666/1627
f 1656/1656/1617 1657/1657/1618 1667/1667/804
f 1659/1659/1620 1658/1658/1619 1668/1668/1628
f 1658/1658/1619 1660/1660/1621 1670/1670/1629
f 1662/1662/1623 1661/1661/1622 1671/1671/1630
f 1661/1661/1622 1663/1663/1624 1673/1673/1632
f 1663/1663/1624 1664/1664/1625 1674/1674/1633
f 1664/1664/1625 1665/1665/1626 1675/1675/1634
f 1665/1665/1626 1666/1666/1627 1676/1676/1635
f 1666/1666/1627 1667/1667/804 1677/1677/1636
f 1669/1669/805 1668/1668/1628 1678/1678/1637
f 1668/1668/1628 1670/1670/1629 1680/1680/1638
f 1672/1672/1631 1671/1671/1630 1681/1681/1639
f 1671/1671/1630 1673/1673/1632 1683/1683/1641
f 1673/1673/1632 1674/1674/1633 1684/1684/1642
f 1674/1674/1633 1675/1675/1634 1685/1685/1643
f 1675/1675/1634 1676/1676/1635 1686/1686/1644
f 1676/1676/1635 1677/1677/1636 1687/1687/816
f 1679/1679/817 1678/1678/1637 1688/1688/1645
f 1678/1678/1637 1680/1680/1638 1690/1690/1647
f 1682/1682/1640 1681/1681/1639 1691/1691/1648
f 1681/1681/1639 1683/1683/1641 1693/1693/1650
f 1683/1683/1641 1684/1684/1642 1694/1694/1651
f 1684/1684/1642 1685/1685/1643 1695/1695/1652
f 1685/1685/1643 1686/1686/1644 1696/1696/1653
f 1686/1686/1644 1687/1687/816 1697/1697/1654
f 1698/1698/1655 1702/1702/1659 1699/1699/1656
f 1701/1701/1658 1704/1704/1661 1702/1702/1659
f 1703/1703/1660 1706/1706/1663 1704/1704/1661
f 1705/1705/1662 1708/1708/1665 1706/1706/1663
f 1707/1707/1664 1710/1710/1667 1708/1708/1665
f 1709/1709/1666 1712/1712/1669 1710/1710/1667
f 1711/1711/1668 1714/1714/1671 1712/1712/1669
f 1713/1713/1670 1722/1722/1679 1714/1714/1671
f 1702/1702/1659 1716/1716/1673 1715/1715/1672
f 1704/1704/1661 1717/1717/1674 1716/1716/1673
f 1706/1706/1663 1718/1718/1675 1717/1717/1674
f 1708/1708/1665 1719/1719/1676 1718/1718/1675
f 1710/1710/1667 1720/1720/1677 1719/1719/1676
f 1712/1712/1669 1721/1721/1678 1720/1720/1677
f 1714/1714/1671 1723/1723/1680 1721/1721/1678
f 1722/1722/1679 1731/1731/1688 1723/1723/1680
f 1716/1716/1673 1725/1725/1682 1724/1724/1681
f 1717/1717/1674 1726/1726/1683 1725/1725/1682
f 1718/1718/1675 1727/1727/1684 1726/1726/1683
f 1719/1719/1676 1728/1728/1685 1727/1727/1684
f 1720/1720/1677 1729/1729/1686 1728/1728/1685
f 1721/1721/1678 1730/1730/1687 1729/1729/1686
f 1723/1723/1680 1732/1732/1689 1730/1730/1687
f 1731/1731/1688 1740/1740/1120 1732/1732/1689
f 1725/1725/1682 1734/1734/1691 1733/1733/1690
f 1726/1726/1683 1735/1735/1692 1734/1734/1691
f 1727/1727/1684 1736/1736/1693 1735/1735/1692
f 1728/1728/1685 1737/1737/1694 1736/1736/1693
f 1729/1729/1686 1738/1738/1695 1737/1737/1694
f 1730/1730/1687 1739/1739/1696 1738/1738/1695
f 1732/1732/1689 1741/1741/1697 1739/1739/1696
f 1740/1740/1120 1749/1749/1121 1741/1741/1697
f 1734/1734/1691 1743/1743/1699 1742/1742/1698
f 1735/1735/1692 1744/1744/1700 1743/1743/1699
f 1736/1736/1693 1745/1745/1701 1744/1744/1700
f 1737/1737/1694 1746/1746/1702 1745/1745/1701
f 1738/1738/1695 1747/1747/1703 1746/1746/1702
f 1739/1739/1696 1748/1748/1704 1747/1747/1703
f 1741/1741/1697 1750/1750/1705 1748/1748/1704
f 1749/1749/1121 3169/3167/2972 1750/1750/1705
f 1751/1751/1706 1755/1755/1710 1752/1752/1707
f 1754/1754/1709 1757/1757/1712 1755/1755/1710
f 1756/1756/1711 1759/1759/1714 1757/1757/1712
f 1758/1758/1713 1761/1761/1716 1759/1759/1714
f 1760/1760/1715 1763/1763/1718 1761/1761/1716
f 1762/1762/1717 1765/1765/1720 1763/1763/1718
f 1764/1764/1719 1767/1767/1722 1765/1765/1720
f 1766/1766/1721 1775/1775/1108 1767/1767/1722
f 1755/1755/1710 1769/1769/1724 1768/1768/1723
f 1757/1757/1712 1770/1770/1725 1769/1769/1724
f 1759/1759/1714 1771/1771/1726 1770/1770/1725
f 1761/1761/1716 1772/1772/1727 1771/1771/1726
f 1763/1763/1718 1773/1773/1728 1772/1772/1727
f 1765/1765/1720 1774/1774/1729 1773/1773/1728
f 1767/1767/1722 1776/1776/1730 1774/1774/1729
f 1775/1775/1108 5464/4350/5161 1776/1776/1730
f 1769/1769/1724 1778/1778/1732 1777/1777/1731
f 1770/1770/1725 1779/1779/1733 1778/1778/1732
f 1771/1771/1726 1780/1780/1734 1779/1779/1733
f 1772/1772/1727 1781/1781/354 1780/1780/1734
f 1773/1773/1728 1782/1782/355 1781/1781/354
f 1774/1774/1729 1783/1783/1735 1782/1782/355
f 1776/1776/1730 1785/1785/1736 1783/1783/1735
f 1776/1776/1730 5464/4350/5161 1784/1784/1103
f 1688/1688/1645 1787/1787/1738 1786/1786/1737
f 1690/1690/1647 1796/1796/1747 1787/1787/1738
f 1691/1691/1648 1789/1789/1740 1788/1788/1739
f 1693/1693/1650 1790/1790/1741 1789/1789/1740
f 1694/1694/1651 1791/1791/1742 1790/1790/1741
f 1695/1695/1652 1792/1792/1743 1791/1791/1742
f 1696/1696/1653 1794/1794/1745 1792/1792/1743
f 1696/1696/1653 1697/1697/1654 1793/1793/1744
f 1787/1787/1738 1797/1797/1748 1795/1795/1746
f 1796/1796/1747 1805/1805/1755 1797/1797/1748
f 1789/1789/1740 1799/1799/1750 1798/1798/1749
f 1790/1790/1741 1800/1800/1751 1799/1799/1750
f 1791/1791/1742 1801/1801/1752 1800/1800/1751
f 1792/1792/1743 1802/1802/1753 1801/1801/1752
f 1794/1794/1745 1803/1803/1754 1802/1802/1753
f 1793/1793/1744 1812/1812/1762 1803/1803/1754
f 1797/1797/1748 1806/1806/1756 1804/1804/377
f 1805/1805/1755 1815/1815/1764 1806/1806/1756
f 1799/1799/1750 1808/1808/1758 1807/1807/1757
f 1800/1800/1751 1809/1809/1759 1808/1808/1758
f 1801/1801/1752 1810/1810/1760 1809/1809/1759
f 1802/1802/1753 1811/1811/1761 1810/1810/1760
f 1803/1803/1754 1813/1813/1763 1811/1811/1761
f 1812/1812/1762 1822/1822/1771 1813/1813/1763
f 1806/1806/1756 1816/1816/1765 1814/1814/386
f 1815/1815/1764 1825/1825/1773 1816/1816/1765
f 1808/1808/1758 1818/1818/1767 1817/1817/1766
f 1809/1809/1759 1819/1819/1768 1818/1818/1767
f 1810/1810/1760 1820/1820/1769 1819/1819/1768
f 1811/1811/1761 1821/1821/1770 1820/1820/1769
f 1813/1813/1763 1823/1823/1772 1821/1821/1770
f 1822/1822/1771 1832/1832/836 1823/1823/1772
f 1816/1816/1765 1826/1826/1774 1824/1824/395
f 1825/1825/1773 1835/1835/1781 1826/1826/1774
f 1818/1818/1767 1828/1828/1776 1827/1827/1775
f 1819/1819/1768 1829/1829/1777 1828/1828/1776
f 1820/1820/1769 1830/1830/1778 1829/1829/1777
f 1821/1821/1770 1831/1831/1779 1830/1830/1778
f 1823/1823/1772 1833/1833/1780 1831/1831/1779
f 1832/1832/836 1842/1842/838 1833/1833/1780
f 1826/1826/1774 1836/1836/1782 1834/1834/404
f 1835/1835/1781 1845/1845/1789 1836/1836/1782
f 1828/1828/1776 1838/1838/1784 1837/1837/1783
f 1829/1829/1777 1839/1839/1785 1838/1838/1784
f 1830/1830/1778 1840/1840/1786 1839/1839/1785
f 1831/1831/1779 1841/1841/1787 1840/1840/1786
f 1833/1833/1780 1843/1843/1788 1841/1841/1787
f 1842/1842/838 1852/1852/1796 1843/1843/1788
f 1836/1836/1782 1846/1846/1790 1844/1844/413
f 1845/1845/1789 1855/1855/1798 1846/1846/1790
f 1838/1838/1784 1848/1848/1792 1847/1847/1791
f 1839/1839/1785 1849/1849/1793 1848/1848/1792
f 1840/1840/1786 1850/1850/1794 1849/1849/1793
f 1841/1841/1787 1851/1851/1795 1850/1850/1794
f 1843/1843/1788 1853/1853/1797 1851/1851/1795
f 1852/1852/1796 1862/1862/842 1853/1853/1797
f 1846/1846/1790 1856/1856/1799 1854/1854/422
f 1855/1855/1798 1865/1865/1807 1856/1856/1799
f 1848/1848/1792 1858/1858/1801 1857/1857/1800
f 1849/1849/1793 1859/1859/1802 1858/1858/1801
f 1850/1850/1794 1860/1860/1803 1859/1859/1802
f 1851/1851/1795 1861/1861/1804 1860/1860/1803
f 1853/1853/1797 1863/1863/1805 1861/1861/1804
f 1862/1862/842 1872/1872/1814 1863/1863/1805
f 1856/1856/1799 1866/1866/1808 1864/1864/1806
f 1865/1865/1807 1875/1875/1817 1866/1866/1808
f 1858/1858/1801 1868/1868/1810 1867/1867/1809
f 1859/1859/1802 1869/1869/1811 1868/1868/1810
f 1860/1860/1803 1870/1870/1812 1869/1869/1811
f 1861/1861/1804 1871/1871/1813 1870/1870/1812
f 1863/1863/1805 1873/1873/1815 1871/1871/1813
f 1872/1872/1814 1882/1882/1824 1873/1873/1815
f 1866/1866/1808 1876/1876/1818 1874/1874/1816
f 1875/1875/1817 1885/1885/1826 1876/1876/1818
f 1868/1868/1810 1878/1878/1820 1877/1877/1819
f 1869/1869/1811 1879/1879/1821 1878/1878/1820
f 1870/1870/1812 1880/1880/1822 1879/1879/1821
f 1871/1871/1813 1881/1881/1823 1880/1880/1822
f 1873/1873/1815 1883/1883/1825 1881/1881/1823
f 1882/1882/1824 1892/1892/1833 1883/1883/1825
f 1876/1876/1818 1886/1886/1827 1884/1884/449
f 1885/1885/1826 2634/2634/2499 1886/1886/1827
f 1878/1878/1820 1888/1888/1829 1887/1887/1828
f 1879/1879/1821 1889/1889/1830 1888/1888/1829
f 1880/1880/1822 1890/1890/1831 1889/1889/1830
f 1881/1881/1823 1891/1891/1832 1890/1890/1831
f 1883/1883/1825 1893/1893/1834 1891/1891/1832
f 1892/1892/1833 2628/2628/2493 1893/1893/1834
f 1894/1894/1835 1897/1897/1838 1895/1895/1836
f 1897/1897/1838 1899/1899/1840 1898/1898/1839
f 1899/1899/1840 1901/1901/1842 1900/1900/1841
f 1901/1901/1842 1903/1903/1844 1902/1902/1843
f 1903/1903/1844 1905/1905/1846 1904/1904/1845
f 1905/1905/1846 1907/1907/1848 1906/1906/1847
f 1907/1907/1848 1909/1909/1850 1908/1908/1849
f 1909/1909/1850 1911/1911/1852 1910/1910/1851
f 1911/1911/1852 1913/1913/1854 1912/1912/1853
f 1913/1913/1854 1915/1915/1856 1914/1914/1855
f 1915/1915/1856 5342/4335/17 1916/1916/16
f 1896/1896/1837 1895/1895/1836 1917/1917/1857
f 1895/1895/1836 1898/1898/1839 1919/1919/1858
f 1898/1898/1839 1900/1900/1841 1920/1920/1859
f 1900/1900/1841 1902/1902/1843 1921/1921/1860
f 1902/1902/1843 1904/1904/1845 1922/1922/1861
f 1904/1904/1845 1906/1906/1847 1923/1923/1862
f 1906/1906/1847 1908/1908/1849 1924/1924/1863
f 1908/1908/1849 1910/1910/1851 1925/1925/1864
f 1910/1910/1851 1912/1912/1853 1926/1926/1865
f 1912/1912/1853 1914/1914/1855 1927/1927/1866
f 1916/1916/16 1939/1939/1878 1927/1927/1866
f 1917/1917/1857 1929/1929/1868 1928/1928/1867
f 1919/1919/1858 1931/1931/1870 1929/1929/1868
f 1919/1919/1858 1920/1920/1859 1930/1930/1869
f 1920/1920/1859 1921/1921/1860 1932/1932/1871
f 1922/1922/1861 1934/1934/1873 1932/1932/1871
f 1922/1922/1861 1923/1923/1862 1933/1933/1872
f 1923/1923/1862 1924/1924/1863 1935/1935/1874
f 1924/1924/1863 1925/1925/1864 1936/1936/1875
f 1925/1925/1864 1926/1926/1865 1937/1937/1876
f 1926/1926/1865 1927/1927/1866 1938/1938/1877
f 1939/1939/1878 5465/4351/5162 1938/1938/1877
f 1929/1929/1868 1941/1941/1879 1940/1940/35
f 1931/1931/1870 1942/1942/1880 1941/1941/1879
f 1930/1930/1869 1943/1943/1881 1942/1942/1880
f 1932/1932/1871 1945/1945/1883 1943/1943/1881
f 1932/1932/1871 1934/1934/1873 1944/1944/1882
f 1933/1933/1872 1946/1946/1884 1944/1944/1882
f 1935/1935/1874 1948/1948/1886 1946/1946/1884
f 1935/1935/1874 1936/1936/1875 1947/1947/1885
f 1936/1936/1875 1937/1937/1876 1949/1949/1887
f 1937/1937/1876 1938/1938/1877 1950/1950/1888
f 1938/1938/1877 5465/4351/5162 1951/1951/53
f 1940/1940/35 1941/1941/1879 1952/1952/1889
f 1942/1942/1880 1954/1954/1891 1952/1952/1889
f 1943/1943/1881 1955/1955/1892 1954/1954/1891
f 1945/1945/1883 1956/1956/1893 1955/1955/1892
f 1944/1944/1882 1957/1957/1894 1956/1956/1893
f 1946/1946/1884 1958/1958/1895 1957/1957/1894
f 1948/1948/1886 1960/1960/1897 1958/1958/1895
f 1948/1948/1886 1947/1947/1885 1959/1959/1896
f 1947/1947/1885 1949/1949/1887 1961/1961/1898
f 1949/1949/1887 1950/1950/1888 1962/1962/1899
f 1950/1950/1888 1951/1951/53 1963/1963/1900
f 1953/1953/1890 1952/1952/1889 1964/1964/1901
f 1954/1954/1891 1967/1967/1904 1964/1964/1901
f 1954/1954/1891 1955/1955/1892 1966/1966/1903
f 1955/1955/1892 1956/1956/1893 1968/1968/1905
f 1956/1956/1893 1957/1957/1894 1969/1969/1906
f 1958/1958/1895 1970/1970/1907 1969/1969/1906
f 1960/1960/1897 1972/1972/1909 1970/1970/1907
f 1960/1960/1897 1959/1959/1896 1971/1971/1908
f 1959/1959/1896 1961/1961/1898 1973/1973/1910
f 1961/1961/1898 1962/1962/1899 1974/1974/1911
f 1962/1962/1899 1963/1963/1900 1975/1975/61
f 1965/1965/1902 1964/1964/1901 1976/1976/1912
f 1964/1964/1901 1967/1967/1904 1978/1978/1914
f 1967/1967/1904 1966/1966/1903 1979/1979/1915
f 1966/1966/1903 1968/1968/1905 1980/1980/1916
f 1968/1968/1905 1969/1969/1906 1981/1981/1917
f 1969/1969/1906 1970/1970/1907 1982/1982/1918
f 1970/1970/1907 1972/1972/1909 1983/1983/1919
f 1972/1972/1909 1971/1971/1908 1984/1984/1920
f 1971/1971/1908 1973/1973/1910 1985/1985/1921
f 1973/1973/1910 1974/1974/1911 1986/1986/1922
f 1974/1974/1911 1975/1975/61 1987/1987/1923
f 1976/1976/1912 1990/1990/1926 1988/1988/1924
f 1976/1976/1912 1978/1978/1914 1989/1989/1925
f 1978/1978/1914 1979/1979/1915 1991/1991/1927
f 1979/1979/1915 1980/1980/1916 1992/1992/1928
f 1980/1980/1916 1981/1981/1917 1993/1993/1929
f 1981/1981/1917 1982/1982/1918 1994/1994/1930
f 1982/1982/1918 1983/1983/1919 1995/1995/1931
f 1983/1983/1919 1984/1984/1920 1996/1996/1932
f 1984/1984/1920 1985/1985/1921 1997/1997/1933
f 1985/1985/1921 1986/1986/1922 1998/1998/1934
f 1986/1986/1922 1987/1987/1923 1999/1999/1935
f 1990/1990/1926 2002/2002/1938 2000/2000/1936
f 1990/1990/1926 1989/1989/1925 2001/2001/1937
f 1989/1989/1925 1991/1991/1927 2003/2003/1939
f 1991/1991/1927 1992/1992/1928 2004/2004/1940
f 1992/1992/1928 1993/1993/1929 2005/2005/1941
f 1993/1993/1929 1994/1994/1930 2006/2006/1942
f 1994/1994/1930 1995/1995/1931 2007/2007/1943
f 1995/1995/1931 1996/1996/1932 2008/2008/1944
f 1996/1996/1932 1997/1997/1933 2009/2009/1945
f 1997/1997/1933 1998/1998/1934 2010/2010/1946
f 1998/1998/1934 1999/1999/1935 2011/2011/1947
f 2000/2000/1936 2002/2002/1938 2012/2012/1948
f 2002/2002/1938 2001/2001/1937 2014/2014/1949
f 2001/2001/1937 2003/2003/1939 2015/2015/1950
f 2003/2003/1939 2004/2004/1940 2016/2016/1951
f 2004/2004/1940 2005/2005/1941 2017/2017/1952
f 2005/2005/1941 2006/2006/1942 2018/2018/1953
f 2006/2006/1942 2007/2007/1943 2019/2019/1954
f 2007/2007/1943 2008/2008/1944 2020/2020/1955
f 2008/2008/1944 2009/2009/1945 2021/2021/1956
f 2009/2009/1945 2010/2010/1946 2022/2022/1957
f 2010/2010/1946 2011/2011/1947 2023/2023/1958
f 2013/2013/99 2012/2012/1948 2024/2024/1959
f 2012/2012/1948 2014/2014/1949 2026/2026/1960
f 2014/2014/1949 2015/2015/1950 2027/2027/1961
f 2015/2015/1950 2016/2016/1951 2028/2028/1962
f 2016/2016/1951 2017/2017/1952 2029/2029/1963
f 2017/2017/1952 2018/2018/1953 2030/2030/1964
f 2018/2018/1953 2019/2019/1954 2031/2031/1965
f 2019/2019/1954 2020/2020/1955 2032/2032/1966
f 2020/2020/1955 2021/2021/1956 2033/2033/1967
f 2021/2021/1956 2022/2022/1957 2034/2034/1968
f 2022/2022/1957 2023/2023/1958 2035/2035/1969
f 2025/2025/107 2024/2024/1959 2036/2036/1970
f 2024/2024/1959 2026/2026/1960 2038/2038/1971
f 2026/2026/1960 2027/2027/1961 2039/2039/1972
f 2027/2027/1961 2028/2028/1962 2040/2040/1973
f 2028/2028/1962 2029/2029/1963 2041/2041/1974
f 2029/2029/1963 2030/2030/1964 2042/2042/1975
f 2030/2030/1964 2031/2031/1965 2043/2043/1976
f 2031/2031/1965 2032/2032/1966 2044/2044/1977
f 2032/2032/1966 2033/2033/1967 2045/2045/1978
f 2033/2033/1967 2034/2034/1968 2046/2046/1979
f 2034/2034/1968 2035/2035/1969 2047/2047/1980
f 2037/2037/117 2036/2036/1970 2048/2048/1981
f 2036/2036/1970 2038/2038/1971 2050/2050/1983
f 2038/2038/1971 2039/2039/1972 2051/2051/1984
f 2039/2039/1972 2040/2040/1973 2052/2052/1985
f 2040/2040/1973 2041/2041/1974 2053/2053/1986
f 2041/2041/1974 2042/2042/1975 2054/2054/1987
f 2042/2042/1975 2043/2043/1976 2055/2055/1988
f 2043/2043/1976 2044/2044/1977 2056/2056/1989
f 2044/2044/1977 2045/2045/1978 2057/2057/1990
f 2045/2045/1978 2046/2046/1979 2058/2058/1991
f 2046/2046/1979 2047/2047/1980 2059/2059/1992
f 2049/2049/1982 2048/2048/1981 2060/2060/1993
f 2048/2048/1981 2050/2050/1983 2062/2062/1994
f 2050/2050/1983 2051/2051/1984 2063/2063/1995
f 2051/2051/1984 2052/2052/1985 2064/2064/1996
f 2052/2052/1985 2053/2053/1986 2065/2065/1997
f 2053/2053/1986 2054/2054/1987 2066/2066/1998
f 2054/2054/1987 2055/2055/1988 2067/2067/1999
f 2055/2055/1988 2056/2056/1989 2068/2068/2000
f 2056/2056/1989 2057/2057/1990 2069/2069/2001
f 2057/2057/1990 2058/2058/1991 2070/2070/2002
f 2058/2058/1991 2059/2059/1992 2071/2071/2003
f 2061/2061/135 2060/2060/1993 2072/2072/2004
f 2060/2060/1993 2062/2062/1994 2074/2074/2006
f 2062/2062/1994 2063/2063/1995 2075/2075/2007
f 2063/2063/1995 2064/2064/1996 2076/2076/2008
f 2064/2064/1996 2065/2065/1997 2077/2077/2009
f 2065/2065/1997 2066/2066/1998 2078/2078/2010
f 2066/2066/1998 2067/2067/1999 2079/2079/2011
f 2067/2067/1999 2068/2068/2000 2080/2080/2012
f 2068/2068/2000 2069/2069/2001 2081/2081/2013
f 2069/2069/2001 2070/2070/2002 2082/2082/2014
f 2070/2070/2002 2071/2071/2003 2083/2083/2015
f 2073/2073/2005 2072/2072/2004 2084/2084/2016
f 2072/2072/2004 2074/2074/2006 2086/2086/2018
f 2074/2074/2006 2075/2075/2007 2087/2087/2019
f 2075/2075/2007 2076/2076/2008 2088/2088/2020
f 2076/2076/2008 2077/2077/2009 2089/2089/2021
f 2077/2077/2009 2078/2078/2010 2090/2090/2022
f 2078/2078/2010 2079/2079/2011 2091/2091/2023
f 2079/2079/2011 2080/2080/2012 2092/2092/2024
f 2080/2080/2012 2081/2081/2013 2093/2093/2025
f 2081/2081/2013 2082/2082/2014 2094/2094/2026
f 2082/2082/2014 2083/2083/2015 2095/2095/2027
f 2085/2085/2017 2084/2084/2016 2096/2096/2028
f 2084/2084/2016 2086/2086/2018 2098/2098/2029
f 2086/2086/2018 2087/2087/2019 2099/2099/2030
f 2087/2087/2019 2088/2088/2020 2100/2100/2031
f 2088/2088/2020 2089/2089/2021 2101/2101/2032
f 2089/2089/2021 2090/2090/2022 2102/2102/2033
f 2090/2090/2022 2091/2091/2023 2103/2103/2034
f 2091/2091/2023 2092/2092/2024 2104/2104/2035
f 2092/2092/2024 2093/2093/2025 2105/2105/2036
f 2093/2093/2025 2094/2094/2026 2106/2106/2037
f 2094/2094/2026 2095/2095/2027 2107/2107/161
f 2097/2097/162 2096/2096/2028 2108/2108/2038
f 2096/2096/2028 2098/2098/2029 2110/2110/2039
f 2098/2098/2029 2099/2099/2030 2111/2111/2040
f 2099/2099/2030 2100/2100/2031 2112/2112/2041
f 2100/2100/2031 2101/2101/2032 2113/2113/2042
f 2101/2101/2032 2102/2102/2033 2114/2114/2043
f 2102/2102/2033 2103/2103/2034 2115/2115/2044
f 2103/2103/2034 2104/2104/2035 2116/2116/2045
f 2104/2104/2035 2105/2105/2036 2117/2117/2046
f 2105/2105/2036 2106/2106/2037 2118/2118/2047
f 2106/2106/2037 2107/2107/161 2119/2119/170
f 2109/2109/171 2108/2108/2038 2120/2120/2048
f 2108/2108/2038 2110/2110/2039 2122/2122/2050
f 2110/2110/2039 2111/2111/2040 2123/2123/2051
f 2111/2111/2040 2112/2112/2041 2124/2124/2052
f 2112/2112/2041 2113/2113/2042 2125/2125/2053
f 2113/2113/2042 2114/2114/2043 2126/2126/2054
f 2114/2114/2043 2115/2115/2044 2127/2127/2055
f 2115/2115/2044 2116/2116/2045 2128/2128/2056
f 2117/2117/2046 2129/2129/2057 2128/2128/2056
f 2118/2118/2047 2131/2131/2058 2129/2129/2057
f 2118/2118/2047 2119/2119/170 2130/2130/179
f 2121/2121/2049 2120/2120/2048 2132/2132/2059
f 2120/2120/2048 2122/2122/2050 2134/2134/2061
f 2122/2122/2050 2123/2123/2051 2135/2135/2062
f 2123/2123/2051 2124/2124/2052 2136/2136/2063
f 2124/2124/2052 2125/2125/2053 2137/2137/2064
f 2125/2125/2053 2126/2126/2054 2138/2138/2065
f 2126/2126/2054 2127/2127/2055 2139/2139/2066
f 2128/2128/2056 2141/2141/2068 2139/2139/2066
f 2128/2128/2056 2129/2129/2057 2140/2140/2067
f 2131/2131/2058 2143/2143/2070 2140/2140/2067
f 2131/2131/2058 2130/2130/179 2142/2142/2069
f 2133/2133/2060 2132/2132/2059 2144/2144/2071
f 2132/2132/2059 2134/2134/2061 2146/2146/2072
f 2134/2134/2061 2135/2135/2062 2147/2147/2073
f 2135/2135/2062 2136/2136/2063 2148/2148/2074
f 2136/2136/2063 2137/2137/2064 2149/2149/2075
f 2137/2137/2064 2138/2138/2065 2150/2150/2076
f 2138/2138/2065 2139/2139/2066 2151/2151/2077
f 2139/2139/2066 2141/2141/2068 2152/2152/2078
f 2141/2141/2068 2140/2140/2067 2153/2153/2079
f 2143/2143/2070 2154/2154/2080 2153/2153/2079
f 2142/2142/2069 2166/2166/2092 2154/2154/2080
f 2145/2145/198 2144/2144/2071 2155/2155/2081
f 2144/2144/2071 2146/2146/2072 2157/2157/2083
f 2146/2146/2072 2147/2147/2073 2158/2158/2084
f 2147/2147/2073 2148/2148/2074 2159/2159/2085
f 2148/2148/2074 2149/2149/2075 2160/2160/2086
f 2149/2149/2075 2150/2150/2076 2161/2161/2087
f 2151/2151/2077 2162/2162/2088 2161/2161/2087
f 2152/2152/2078 2164/2164/2090 2162/2162/2088
f 2152/2152/2078 2153/2153/2079 2163/2163/2089
f 2153/2153/2079 2154/2154/2080 2165/2165/2091
f 2166/2166/2092 2177/2177/206 2165/2165/2091
f 2156/2156/2082 2155/2155/2081 2167/2167/2093
f 2155/2155/2081 2157/2157/2083 2169/2169/2095
f 2157/2157/2083 2158/2158/2084 2170/2170/2096
f 2158/2158/2084 2159/2159/2085 2171/2171/2097
f 2159/2159/2085 2160/2160/2086 2172/2172/2098
f 2160/2160/2086 2161/2161/2087 2173/2173/2099
f 2161/2161/2087 2162/2162/2088 2174/2174/2100
f 2162/2162/2088 2164/2164/2090 2175/2175/2101
f 2164/2164/2090 2163/2163/2089 2176/2176/2102
f 2165/2165/2091 2178/2178/2103 2176/2176/2102
f 2177/2177/206 2190/2190/2114 2178/2178/2103
f 2168/2168/2094 2167/2167/2093 2179/2179/2104
f 2167/2167/2093 2169/2169/2095 2181/2181/2105
f 2169/2169/2095 2170/2170/2096 2182/2182/2106
f 2170/2170/2096 2171/2171/2097 2183/2183/2107
f 2171/2171/2097 2172/2172/2098 2184/2184/2108
f 2172/2172/2098 2173/2173/2099 2185/2185/2109
f 2173/2173/2099 2174/2174/2100 2186/2186/2110
f 2174/2174/2100 2175/2175/2101 2187/2187/2111
f 2175/2175/2101 2176/2176/2102 2188/2188/2112
f 2176/2176/2102 2178/2178/2103 2189/2189/2113
f 2190/2190/2114 2202/2202/224 2189/2189/2113
f 2180/2180/225 2179/2179/2104 2191/2191/2115
f 2179/2179/2104 2181/2181/2105 2193/2193/2116
f 2181/2181/2105 2182/2182/2106 2194/2194/2117
f 2182/2182/2106 2183/2183/2107 2195/2195/2118
f 2183/2183/2107 2184/2184/2108 2196/2196/2119
f 2184/2184/2108 2185/2185/2109 2197/2197/2120
f 2185/2185/2109 2186/2186/2110 2198/2198/2121
f 2186/2186/2110 2187/2187/2111 2199/2199/2122
f 2187/2187/2111 2188/2188/2112 2200/2200/2123
f 2188/2188/2112 2189/2189/2113 2201/2201/2124
f 2202/2202/224 5466/4352/5163 2201/2201/2124
f 2192/2192/234 2191/2191/2115 2203/2203/2125
f 2191/2191/2115 2193/2193/2116 2205/2205/2127
f 2193/2193/2116 2194/2194/2117 2206/2206/2128
f 2194/2194/2117 2195/2195/2118 2207/2207/2129
f 2195/2195/2118 2196/2196/2119 2208/2208/2130
f 2196/2196/2119 2197/2197/2120 2209/2209/2131
f 2197/2197/2120 2198/2198/2121 2210/2210/2132
f 2198/2198/2121 2199/2199/2122 2211/2211/2133
f 2199/2199/2122 2200/2200/2123 2212/2212/2134
f 2200/2200/2123 2201/2201/2124 2213/2213/2135
f 2201/2201/2124 5466/4352/5163 2214/2214/242
f 2204/2204/2126 2203/2203/2125 2215/2215/2136
f 2203/2203/2125 2205/2205/2127 2217/2217/2138
f 2205/2205/2127 2206/2206/2128 2218/2218/2139
f 2206/2206/2128 2207/2207/2129 2219/2219/2140
f 2207/2207/2129 2208/2208/2130 2220/2220/2141
f 2208/2208/2130 2209/2209/2131 2221/2221/2142
f 2209/2209/2131 2210/2210/2132 2222/2222/2143
f 2210/2210/2132 2211/2211/2133 2223/2223/2144
f 2211/2211/2133 2212/2212/2134 2224/2224/2145
f 2212/2212/2134 2213/2213/2135 2225/2225/2146
f 2214/2214/242 5467/4353/5164 2225/2225/2146
f 2216/2216/2137 2215/2215/2136 2226/2226/2147
f 2215/2215/2136 2217/2217/2138 2228/2228/2149
f 2217/2217/2138 2218/2218/2139 2229/2229/2150
f 2218/2218/2139 2219/2219/2140 2230/2230/2151
f 2219/2219/2140 2220/2220/2141 2231/2231/2152
f 2220/2220/2141 2221/2221/2142 2232/2232/2153
f 2221/2221/2142 2222/2222/2143 2233/2233/2154
f 2222/2222/2143 2223/2223/2144 2234/2234/2155
f 2224/2224/2145 2236/2236/2157 2234/2234/2155
f 2224/2224/2145 2225/2225/2146 2235/2235/2156
f 2225/2225/2146 5467/4353/5164 2237/2237/2158
f 2227/2227/2148 2226/2226/2147 2238/2238/2159
f 2226/2226/2147 2228/2228/2149 2240/2240/2161
f 2228/2228/2149 2229/2229/2150 2241/2241/2162
f 2229/2229/2150 2230/2230/2151 2242/2242/2163
f 2230/2230/2151 2231/2231/2152 2243/2243/2164
f 2231/2231/2152 2232/2232/2153 2244/2244/2165
f 2232/2232/2153 2233/2233/2154 2245/2245/2166
f 2233/2233/2154 2234/2234/2155 2246/2246/2167
f 2234/2234/2155 2236/2236/2157 2247/2247/2168
f 2236/2236/2157 2235/2235/2156 2248/2248/2169
f 2235/2235/2156 2237/2237/2158 2249/2249/269
f 2239/2239/2160 2238/2238/2159 2250/2250/2170
f 2238/2238/2159 2240/2240/2161 2252/2252/2171
f 2240/2240/2161 2241/2241/2162 2253/2253/2172
f 2241/2241/2162 2242/2242/2163 2254/2254/2173
f 2242/2242/2163 2243/2243/2164 2255/2255/2174
f 2243/2243/2164 2244/2244/2165 2256/2256/2175
f 2244/2244/2165 2245/2245/2166 2257/2257/2176
f 2245/2245/2166 2246/2246/2167 2258/2258/2177
f 2246/2246/2167 2247/2247/2168 2259/2259/2178
f 2247/2247/2168 2248/2248/2169 2260/2260/2179
f 2248/2248/2169 2249/2249/269 2261/2261/278
f 2261/2261/278 2263/2263/367 2262/2262/2180
f 2263/2263/367 2265/2265/2182 2264/2264/2181
f 2265/2265/2182 2267/2267/2184 2266/2266/2183
f 2267/2267/2184 2269/2269/2186 2268/2268/2185
f 2269/2269/2186 2271/2271/412 2270/2270/2187
f 2271/2271/412 2273/2273/2189 2272/2272/2188
f 2273/2273/2189 2275/2275/430 2274/2274/2190
f 2275/2275/430 2277/2277/439 2276/2276/2191
f 2277/2277/439 2279/2279/2193 2278/2278/2192
f 2279/2279/2193 2282/2282/2196 2280/2280/2194
f 2281/2281/2195 2284/2284/2197 2280/2280/2194
f 2283/2283/1230 2286/2286/2199 2284/2284/2197
f 2285/2285/2198 2288/2288/2201 2286/2286/2199
f 2287/2287/2200 2290/2290/2203 2288/2288/2201
f 2289/2289/2202 2292/2292/2205 2290/2290/2203
f 2291/2291/2204 2294/2294/2207 2292/2292/2205
f 2293/2293/2206 2310/2310/2223 2294/2294/2207
f 2260/2260/2179 2262/2262/2180 2295/2295/2208
f 2262/2262/2180 2264/2264/2181 2296/2296/2209
f 2264/2264/2181 2266/2266/2183 2297/2297/2210
f 2266/2266/2183 2268/2268/2185 2298/2298/2211
f 2268/2268/2185 2270/2270/2187 2299/2299/2212
f 2270/2270/2187 2272/2272/2188 2300/2300/2213
f 2272/2272/2188 2274/2274/2190 2301/2301/2214
f 2274/2274/2190 2276/2276/2191 2302/2302/2215
f 2276/2276/2191 2278/2278/2192 2303/2303/2216
f 2278/2278/2192 2280/2280/2194 2304/2304/2217
f 2284/2284/2197 2305/2305/2218 2304/2304/2217
f 2286/2286/2199 2306/2306/2219 2305/2305/2218
f 2288/2288/2201 2307/2307/2220 2306/2306/2219
f 2290/2290/2203 2308/2308/2221 2307/2307/2220
f 2292/2292/2205 2309/2309/2222 2308/2308/2221
f 2294/2294/2207 2311/2311/2224 2309/2309/2222
f 2310/2310/2223 2328/2328/2241 2311/2311/2224
f 2259/2259/2178 2295/2295/2208 2312/2312/2225
f 2295/2295/2208 2296/2296/2209 2313/2313/2226
f 2296/2296/2209 2297/2297/2210 2314/2314/2227
f 2297/2297/2210 2298/2298/2211 2315/2315/2228
f 2298/2298/2211 2299/2299/2212 2316/2316/2229
f 2299/2299/2212 2300/2300/2213 2317/2317/2230
f 2300/2300/2213 2301/2301/2214 2318/2318/2231
f 2301/2301/2214 2302/2302/2215 2319/2319/2232
f 2302/2302/2215 2303/2303/2216 2320/2320/2233
f 2303/2303/2216 2304/2304/2217 2321/2321/2234
f 2304/2304/2217 2305/2305/2218 2322/2322/2235
f 2306/2306/2219 2323/2323/2236 2322/2322/2235
f 2307/2307/2220 2324/2324/2237 2323/2323/2236
f 2308/2308/2221 2326/2326/2239 2324/2324/2237
f 2308/2308/2221 2309/2309/2222 2325/2325/2238
f 2309/2309/2222 2311/2311/2224 2327/2327/2240
f 2328/2328/2241 5468/4354/2373 2327/2327/2240
f 2258/2258/2177 2312/2312/2225 2329/2329/2242
f 2312/2312/2225 2313/2313/2226 2330/2330/2243
f 2313/2313/2226 2314/2314/2227 2331/2331/2244
f 2314/2314/2227 2315/2315/2228 2332/2332/2245
f 2315/2315/2228 2316/2316/2229 2333/2333/2246
f 2316/2316/2229 2317/2317/2230 2334/2334/2247
f 2317/2317/2230 2318/2318/2231 2335/2335/2248
f 2318/2318/2231 2319/2319/2232 2336/2336/2249
f 2319/2319/2232 2320/2320/2233 2337/2337/2250
f 2320/2320/2233 2321/2321/2234 2338/2338/2251
f 2321/2321/2234 2322/2322/2235 2339/2339/2252
f 2322/2322/2235 2323/2323/2236 2340/2340/2253
f 2323/2323/2236 2324/2324/2237 2341/2341/2254
f 2324/2324/2237 2326/2326/2239 2342/2342/2255
f 2326/2326/2239 2325/2325/2238 2343/2343/2256
f 2325/2325/2238 2327/2327/2240 2344/2344/2257
f 2327/2327/2240 5468/4354/2373 2345/2345/2258
f 2257/2257/2176 2329/2329/2242 2346/2346/2259
f 2329/2329/2242 2330/2330/2243 2347/2347/2260
f 2330/2330/2243 2331/2331/2244 2348/2348/2261
f 2331/2331/2244 2332/2332/2245 2349/2349/2262
f 2332/2332/2245 2333/2333/2246 2350/2350/2263
f 2333/2333/2246 2334/2334/2247 2351/2351/2264
f 2334/2334/2247 2335/2335/2248 2352/2352/2265
f 2335/2335/2248 2336/2336/2249 2353/2353/2266
f 2336/2336/2249 2337/2337/2250 2354/2354/2267
f 2337/2337/2250 2338/2338/2251 2355/2355/2268
f 2338/2338/2251 2339/2339/2252 2356/2356/2269
f 2339/2339/2252 2340/2340/2253 2357/2357/2270
f 2340/2340/2253 2341/2341/2254 2358/2358/2271
f 2341/2341/2254 2342/2342/2255 2359/2359/2272
f 2342/2342/2255 2343/2343/2256 2360/2360/2273
f 2343/2343/2256 2344/2344/2257 2361/2361/2274
f 2344/2344/2257 2345/2345/2258 2362/2362/2275
f 2256/2256/2175 2346/2346/2259 2363/2363/2276
f 2346/2346/2259 2347/2347/2260 2364/2364/2277
f 2347/2347/2260 2348/2348/2261 2365/2365/2278
f 2348/2348/2261 2349/2349/2262 2366/2366/2279
f 2349/2349/2262 2350/2350/2263 2367/2367/2280
f 2350/2350/2263 2351/2351/2264 2368/2368/2281
f 2351/2351/2264 2352/2352/2265 2369/2369/2282
f 2352/2352/2265 2353/2353/2266 2370/2370/2283
f 2353/2353/2266 2354/2354/2267 2371/2371/2284
f 2354/2354/2267 2355/2355/2268 2372/2372/2285
f 2355/2355/2268 2356/2356/2269 2373/2373/2286
f 2356/2356/2269 2357/2357/2270 2374/2374/2287
f 2357/2357/2270 2358/2358/2271 2375/2375/2288
f 2358/2358/2271 2359/2359/2272 2376/2376/2289
f 2359/2359/2272 2360/2360/2273 2377/2377/2290
f 2360/2360/2273 2361/2361/2274 2378/2378/2291
f 2361/2361/2274 2362/2362/2275 2379/2379/2292
f 2255/2255/2174 2363/2363/2276 2380/2380/2293
f 2363/2363/2276 2364/2364/2277 2381/2381/2294
f 2364/2364/2277 2365/2365/2278 2382/2382/2295
f 2365/2365/2278 2366/2366/2279 2383/2383/2296
f 2366/2366/2279 2367/2367/2280 2384/2384/2297
f 2367/2367/2280 2368/2368/2281 2385/2385/2298
f 2368/2368/2281 2369/2369/2282 2386/2386/2299
f 2369/2369/2282 2370/2370/2283 2387/2387/2300
f 2370/2370/2283 2371/2371/2284 2388/2388/2301
f 2371/2371/2284 2372/2372/2285 2389/2389/2302
f 2372/2372/2285 2373/2373/2286 2390/2390/2303
f 2373/2373/2286 2374/2374/2287 2391/2391/2304
f 2374/2374/2287 2375/2375/2288 2392/2392/2305
f 2375/2375/2288 2376/2376/2289 2393/2393/2306
f 2376/2376/2289 2377/2377/2290 2394/2394/2307
f 2377/2377/2290 2378/2378/2291 2395/2395/2308
f 2378/2378/2291 2379/2379/2292 2396/2396/2309
f 2254/2254/2173 2380/2380/2293 2397/2397/2310
f 2380/2380/2293 2381/2381/2294 2398/2398/2311
f 2381/2381/2294 2382/2382/2295 2399/2399/2312
f 2382/2382/2295 2383/2383/2296 2400/2400/2313
f 2383/2383/2296 2384/2384/2297 2401/2401/2314
f 2384/2384/2297 2385/2385/2298 2402/2402/2315
f 2385/2385/2298 2386/2386/2299 2403/2403/2316
f 2386/2386/2299 2387/2387/2300 2404/2404/2317
f 2387/2387/2300 2388/2388/2301 2405/2405/2318
f 2388/2388/2301 2389/2389/2302 2406/2406/2319
f 2389/2389/2302 2390/2390/2303 2407/2407/2320
f 2390/2390/2303 2391/2391/2304 2408/2408/2321
f 2391/2391/2304 2392/2392/2305 2409/2409/2322
f 2392/2392/2305 2393/2393/2306 2410/2410/2323
f 2393/2393/2306 2394/2394/2307 2411/2411/2324
f 2394/2394/2307 2395/2395/2308 2412/2412/2325
f 2395/2395/2308 2396/2396/2309 2413/2413/2326
f 2253/2253/2172 2397/2397/2310 2414/2414/2327
f 2397/2397/2310 2398/2398/2311 2415/2415/2328
f 2398/2398/2311 2399/2399/2312 2416/2416/2329
f 2399/2399/2312 2400/2400/2313 2417/2417/2330
f 2400/2400/2313 2401/2401/2314 2418/2418/2331
f 2401/2401/2314 2402/2402/2315 2419/2419/2332
f 2402/2402/2315 2403/2403/2316 2420/2420/2333
f 2403/2403/2316 2404/2404/2317 2421/2421/2334
f 2404/2404/2317 2405/2405/2318 2422/2422/2335
f 2405/2405/2318 2406/2406/2319 2423/2423/2336
f 2406/2406/2319 2407/2407/2320 2424/2424/2337
f 2407/2407/2320 2408/2408/2321 2425/2425/2338
f 2408/2408/2321 2409/2409/2322 2426/2426/2339
f 2409/2409/2322 2410/2410/2323 2427/2427/2340
f 2410/2410/2323 2411/2411/2324 2428/2428/2341
f 2411/2411/2324 2412/2412/2325 2429/2429/2342
f 2412/2412/2325 2413/2413/2326 2430/2430/2343
f 2252/2252/2171 2414/2414/2327 2431/2431/2344
f 2414/2414/2327 2415/2415/2328 2432/2432/2345
f 2415/2415/2328 2416/2416/2329 2433/2433/2346
f 2416/2416/2329 2417/2417/2330 2434/2434/2347
f 2417/2417/2330 2418/2418/2331 2435/2435/2348
f 2418/2418/2331 2419/2419/2332 2436/2436/2349
f 2419/2419/2332 2420/2420/2333 2437/2437/2350
f 2420/2420/2333 2421/2421/2334 2438/2438/2351
f 2421/2421/2334 2422/2422/2335 2439/2439/2352
f 2422/2422/2335 2423/2423/2336 2440/2440/2353
f 2423/2423/2336 2424/2424/2337 2441/2441/2354
f 2424/2424/2337 2425/2425/2338 2442/2442/2355
f 2425/2425/2338 2426/2426/2339 2443/2443/2356
f 2426/2426/2339 2427/2427/2340 2444/2444/2357
f 2427/2427/2340 2428/2428/2341 2445/2445/2358
f 2428/2428/2341 2429/2429/2342 2446/2446/2359
f 2429/2429/2342 2430/2430/2343 2447/2447/2360
f 2250/2250/2170 2431/2431/2344 2448/2448/2361
f 2431/2431/2344 2432/2432/2345 2449/2449/2362
f 2432/2432/2345 2433/2433/2346 2450/2450/2363
f 2433/2433/2346 2434/2434/2347 2451/2451/2364
f 2434/2434/2347 2435/2435/2348 2452/2452/1020
f 2435/2435/2348 2436/2436/2349 2453/2453/2365
f 2436/2436/2349 2437/2437/2350 2454/2454/2366
f 2437/2437/2350 2438/2438/2351 2455/2455/1023
f 2438/2438/2351 2439/2439/2352 2456/2456/1024
f 2439/2439/2352 2440/2440/2353 2457/2457/1025
f 2440/2440/2353 2441/2441/2354 2458/2458/1026
f 2441/2441/2354 2442/2442/2355 2459/2459/1027
f 2442/2442/2355 2443/2443/2356 2460/2460/1028
f 2443/2443/2356 2444/2444/2357 2461/2461/2367
f 2444/2444/2357 2445/2445/2358 2462/2462/1030
f 2445/2445/2358 2446/2446/2359 2463/2463/1031
f 2446/2446/2359 2447/2447/2360 2464/2464/1058
f 2465/2465/2368 2469/2469/2370 2466/2466/2223
f 2468/2468/2369 2471/2471/2371 2469/2469/2370
f 2469/2469/2370 2472/2472/2372 2470/2470/2241
f 2471/2471/2371 2474/2474/2374 2472/2472/2372
f 2472/2472/2372 2475/2475/2375 2473/2473/2373
f 2474/2474/2374 2477/2477/2376 2475/2475/2375
f 2475/2475/2375 2478/2478/2377 2476/2476/2258
f 2477/2477/2376 2480/2480/2379 2478/2478/2377
f 2478/2478/2377 2481/2481/2380 2479/2479/2378
f 2480/2480/2379 2483/2483/2381 2481/2481/2380
f 2481/2481/2380 2484/2484/2382 2482/2482/2292
f 2483/2483/2381 2486/2486/2384 2484/2484/2382
f 2484/2484/2382 2487/2487/2385 2485/2485/2383
f 2486/2486/2384 2489/2489/2386 2487/2487/2385
f 2487/2487/2385 2490/2490/2387 2488/2488/2326
f 2489/2489/2386 2492/2492/2388 2490/2490/2387
f 2490/2490/2387 2493/2493/2389 2491/2491/2343
f 2492/2492/2388 2495/2495/2390 2493/2493/2389
f 2493/2493/2389 2496/2496/2391 2494/2494/2360
f 2495/2495/2390 2498/2498/2392 2496/2496/2391
f 2496/2496/2391 2499/2499/1059 2497/2497/1058
f 2498/2498/2392 5469/4355/5165 2499/2499/1059
f 2500/2500/1169 2504/2504/2393 2501/2501/2371
f 2503/2503/1172 2506/2506/2394 2504/2504/2393
f 2505/2505/1174 2509/2509/2396 2506/2506/2394
f 2504/2504/2393 2508/2508/2395 2507/2507/2374
f 2506/2506/2394 2510/2510/2397 2508/2508/2395
f 2509/2509/2396 2513/2513/2399 2510/2510/2397
f 2508/2508/2395 2512/2512/2398 2511/2511/2376
f 2510/2510/2397 2514/2514/2400 2512/2512/2398
f 2513/2513/2399 2517/2517/2402 2514/2514/2400
f 2512/2512/2398 2516/2516/2401 2515/2515/2379
f 2514/2514/2400 2518/2518/2403 2516/2516/2401
f 2517/2517/2402 2521/2521/2405 2518/2518/2403
f 2516/2516/2401 2520/2520/2404 2519/2519/2381
f 2518/2518/2403 2522/2522/2406 2520/2520/2404
f 2521/2521/2405 2525/2525/2408 2522/2522/2406
f 2520/2520/2404 2524/2524/2407 2523/2523/2384
f 2522/2522/2406 2526/2526/2409 2524/2524/2407
f 2525/2525/2408 2529/2529/2412 2526/2526/2409
f 2524/2524/2407 2528/2528/2411 2527/2527/2410
f 2526/2526/2409 2530/2530/2413 2528/2528/2411
f 2529/2529/2412 2533/2533/2415 2530/2530/2413
f 2528/2528/2411 2532/2532/2414 2531/2531/2388
f 2530/2530/2413 2534/2534/2416 2532/2532/2414
f 2533/2533/2415 2537/2537/2418 2534/2534/2416
f 2532/2532/2414 2536/2536/2417 2535/2535/2390
f 2534/2534/2416 2538/2538/2419 2536/2536/2417
f 2537/2537/2418 2541/2541/2421 2538/2538/2419
f 2536/2536/2417 2540/2540/2420 2539/2539/2392
f 2538/2538/2419 2542/2542/2422 2540/2540/2420
f 2541/2541/2421 2545/2545/2423 2542/2542/2422
f 2540/2540/2420 2544/2544/1098 2543/2543/1097
f 2542/2542/2422 2546/2546/1099 2544/2544/1098
f 2545/2545/2423 3214/3172/3017 2546/2546/1099
f 2547/2547/851 2551/2551/2425 2548/2548/2424
f 2550/2550/853 2553/2553/2426 2551/2551/2425
f 2552/2552/855 2555/2555/2427 2553/2553/2426
f 2554/2554/857 2557/2557/2429 2555/2555/2427
f 2556/2556/2428 2559/2559/2430 2557/2557/2429
f 2558/2558/861 2561/2561/2432 2559/2559/2430
f 2560/2560/2431 2563/2563/2434 2561/2561/2432
f 2562/2562/2433 2571/2571/1164 2563/2563/2434
f 2551/2551/2425 2565/2565/2436 2564/2564/2435
f 2553/2553/2426 2566/2566/2437 2565/2565/2436
f 2555/2555/2427 2567/2567/2438 2566/2566/2437
f 2557/2557/2429 2568/2568/2439 2567/2567/2438
f 2559/2559/2430 2569/2569/2440 2568/2568/2439
f 2561/2561/2432 2570/2570/2441 2569/2569/2440
f 2563/2563/2434 2572/2572/2442 2570/2570/2441
f 2571/2571/1164 2580/2580/2450 2572/2572/2442
f 2565/2565/2436 2574/2574/2444 2573/2573/2443
f 2566/2566/2437 2575/2575/2445 2574/2574/2444
f 2567/2567/2438 2576/2576/2446 2575/2575/2445
f 2568/2568/2439 2577/2577/2447 2576/2576/2446
f 2569/2569/2440 2578/2578/2448 2577/2577/2447
f 2570/2570/2441 2579/2579/2449 2578/2578/2448
f 2572/2572/2442 2581/2581/2451 2579/2579/2449
f 2580/2580/2450 2589/2589/1156 2581/2581/2451
f 2574/2574/2444 2583/2583/2453 2582/2582/2452
f 2575/2575/2445 2584/2584/2454 2583/2583/2453
f 2576/2576/2446 2585/2585/2455 2584/2584/2454
f 2577/2577/2447 2586/2586/2456 2585/2585/2455
f 2578/2578/2448 2587/2587/2457 2586/2586/2456
f 2579/2579/2449 2588/2588/2458 2587/2587/2457
f 2581/2581/2451 2590/2590/2459 2588/2588/2458
f 2589/2589/1156 2598/2598/1152 2590/2590/2459
f 2583/2583/2453 2592/2592/2461 2591/2591/2460
f 2584/2584/2454 2593/2593/2462 2592/2592/2461
f 2585/2585/2455 2594/2594/2463 2593/2593/2462
f 2586/2586/2456 2595/2595/2464 2594/2594/2463
f 2587/2587/2457 2596/2596/2465 2595/2595/2464
f 2588/2588/2458 2597/2597/2466 2596/2596/2465
f 2590/2590/2459 2599/2599/2467 2597/2597/2466
f 2598/2598/1152 2607/2607/2475 2599/2599/2467
f 2592/2592/2461 2601/2601/2469 2600/2600/2468
f 2593/2593/2462 2602/2602/2470 2601/2601/2469
f 2594/2594/2463 2603/2603/2471 2602/2602/2470
f 2595/2595/2464 2604/2604/2472 2603/2603/2471
f 2596/2596/2465 2605/2605/2473 2604/2604/2472
f 2597/2597/2466 2606/2606/2474 2605/2605/2473
f 2599/2599/2467 2608/2608/2476 2606/2606/2474
f 2607/2607/2475 2616/2616/1144 2608/2608/2476
f 2601/2601/2469 2610/2610/2478 2609/2609/2477
f 2602/2602/2470 2611/2611/2479 2610/2610/2478
f 2603/2603/2471 2612/2612/2480 2611/2611/2479
f 2604/2604/2472 2613/2613/2481 2612/2612/2480
f 2605/2605/2473 2614/2614/2482 2613/2613/2481
f 2606/2606/2474 2615/2615/2483 2614/2614/2482
f 2608/2608/2476 2617/2617/2484 2615/2615/2483
f 2616/2616/1144 2625/2625/1140 2617/2617/2484
f 2610/2610/2478 2619/2619/2486 2618/2618/2485
f 2611/2611/2479 2620/2620/2487 2619/2619/2486
f 2612/2612/2480 2621/2621/2488 2620/2620/2487
f 2613/2613/2481 2622/2622/2489 2621/2621/2488
f 2614/2614/2482 2623/2623/2490 2622/2622/2489
f 2615/2615/2483 2624/2624/2491 2623/2623/2490
f 2617/2617/2484 2626/2626/1668 2624/2624/2491
f 2625/2625/1140 5470/4356/1670 2626/2626/1668
f 2627/2627/2492 2629/2629/2494 1893/1893/1834
f 2629/2629/2494 2630/2630/2495 1891/1891/1832
f 2630/2630/2495 2631/2631/2496 1890/1890/1831
f 2631/2631/2496 2632/2632/2497 1889/1889/1830
f 2632/2632/2497 2642/2642/2507 1888/1888/1829
f 2633/2633/2498 2635/2635/2500 2634/2634/2499
f 2635/2635/2500 2636/2636/2501 1886/1886/1827
f 2636/2636/2501 2646/2646/2511 1884/1884/449
f 2637/2637/2502 2638/2638/2503 2629/2629/2494
f 2638/2638/2503 2639/2639/2504 2630/2630/2495
f 2639/2639/2504 2640/2640/2505 2631/2631/2496
f 2640/2640/2505 2641/2641/2506 2632/2632/2497
f 2641/2641/2506 2652/2652/2517 2642/2642/2507
f 2643/2643/2508 2644/2644/2509 2635/2635/2500
f 2644/2644/2509 2645/2645/2510 2636/2636/2501
f 2645/2645/2510 2656/2656/2521 2646/2646/2511
f 2647/2647/2512 2648/2648/2513 2638/2638/2503
f 2648/2648/2513 2649/2649/2514 2639/2639/2504
f 2649/2649/2514 2650/2650/2515 2640/2640/2505
f 2650/2650/2515 2651/2651/2516 2641/2641/2506
f 2651/2651/2516 2662/2662/2527 2652/2652/2517
f 2653/2653/2518 2654/2654/2519 2644/2644/2509
f 2654/2654/2519 2655/2655/2520 2645/2645/2510
f 2655/2655/2520 2666/2666/2531 2656/2656/2521
f 2657/2657/2522 2658/2658/2523 2648/2648/2513
f 2658/2658/2523 2659/2659/2524 2649/2649/2514
f 2659/2659/2524 2660/2660/2525 2650/2650/2515
f 2660/2660/2525 2661/2661/2526 2651/2651/2516
f 2661/2661/2526 2672/2672/2537 2662/2662/2527
f 2663/2663/2528 2664/2664/2529 2654/2654/2519
f 2664/2664/2529 2665/2665/2530 2655/2655/2520
f 2665/2665/2530 2676/2676/1348 2666/2666/2531
f 2667/2667/2532 2668/2668/2533 2658/2658/2523
f 2668/2668/2533 2669/2669/2534 2659/2659/2524
f 2669/2669/2534 2670/2670/2535 2660/2660/2525
f 2670/2670/2535 2671/2671/2536 2661/2661/2526
f 2671/2671/2536 2682/2682/2546 2672/2672/2537
f 2673/2673/2538 2674/2674/2539 2664/2664/2529
f 2674/2674/2539 2675/2675/2540 2665/2665/2530
f 2675/2675/2540 2686/2686/1357 2676/2676/1348
f 2677/2677/2541 2678/2678/2542 2668/2668/2533
f 2678/2678/2542 2679/2679/2543 2669/2669/2534
f 2679/2679/2543 2680/2680/2544 2670/2670/2535
f 2680/2680/2544 2681/2681/2545 2671/2671/2536
f 2681/2681/2545 2692/2692/2555 2682/2682/2546
f 2683/2683/2547 2684/2684/2548 2674/2674/2539
f 2684/2684/2548 2685/2685/2549 2675/2675/2540
f 2685/2685/2549 2696/2696/1365 2686/2686/1357
f 2687/2687/2550 2688/2688/2551 2678/2678/2542
f 2688/2688/2551 2689/2689/2552 2679/2679/2543
f 2689/2689/2552 2690/2690/2553 2680/2680/2544
f 2690/2690/2553 2691/2691/2554 2681/2681/2545
f 2691/2691/2554 2697/2697/2559 2692/2692/2555
f 2693/2693/2556 2694/2694/2557 2684/2684/2548
f 2694/2694/2557 2695/2695/2558 2685/2685/2549
f 2695/2695/2558 2698/2698/2560 2696/2696/1365
f 1700/1700/1657 1699/1699/1656 2688/2688/2551
f 1699/1699/1656 1715/1715/1672 2689/2689/2552
f 1715/1715/1672 1724/1724/1681 2690/2690/2553
f 1724/1724/1681 1733/1733/1690 2691/2691/2554
f 1733/1733/1690 1742/1742/1698 2697/2697/2559
f 1753/1753/1708 1752/1752/1707 2694/2694/2557
f 1752/1752/1707 1768/1768/1723 2695/2695/2558
f 1768/1768/1723 1777/1777/1731 2698/2698/2560
f 1234/1234/1217 1241/1241/1224 1243/1243/1226
f 1233/1233/1216 1239/1239/1222 1241/1241/1224
f 2699/2699/340 1237/1237/1220 1239/1239/1222
f 1131/1131/1117 1133/1133/1119 2700/2700/2561
f 1130/1130/1116 1131/1131/1117 1126/1126/1112
f 2701/2701/1721 1128/1128/1114 1130/1130/1116
f 2702/2702/2562 2706/2706/2566 2703/2703/2563
f 2702/2702/2562 2711/2711/2571 2705/2705/2565
f 2707/2707/2567 2710/2710/2570 2704/2704/2564
f 2709/2709/2569 2702/2702/2562 2704/2704/2564
f 2709/2709/2569 2713/2713/2573 2711/2711/2571
f 2712/2712/2572 2749/2749/2609 2711/2711/2571
f 2711/2711/2571 2749/2749/2609 2714/2714/2574
f 2704/2704/2564 2703/2703/2563 2715/2715/2575
f 2716/2716/2576 2772/2772/2628 2717/2717/2577
f 2717/2717/2577 2727/2727/2587 2719/2719/2579
f 2720/2720/2580 3113/3113/2940 2721/2721/2581
f 2723/2723/2583 2857/2857/2707 2724/2724/2584
f 2726/2726/2586 2733/2733/2593 2719/2719/2579
f 2728/2728/2588 2865/2865/2714 2729/2729/2589
f 2731/2731/2591 2740/2740/2600 2712/2712/2572
f 2732/2732/2592 2731/2731/2591 2713/2713/2573
f 2732/2732/2592 2709/2709/2569 2710/2710/2570
f 2733/2733/2593 2710/2710/2570 2707/2707/2567
f 2734/2734/2594 2738/2738/2598 2735/2735/2595
f 2734/2734/2594 2907/2907/2752 2737/2737/2597
f 2739/2739/2599 2750/2750/2610 2740/2740/2600
f 2742/2742/2602 2751/2751/2611 2731/2731/2591
f 2743/2743/2603 5471/4357/2589 2744/2744/2604
f 2718/2718/2578 2719/2719/2579 2707/2707/2567
f 2716/2716/2576 2718/2718/2578 2708/2708/2568
f 2746/2746/2606 2728/2728/2588 2730/2730/2590
f 2742/2742/2602 2732/2732/2592 2733/2733/2593
f 2748/2748/2608 2714/2714/2574 2749/2749/2609
f 2750/2750/2610 2749/2749/2609 2712/2712/2572
f 2751/2751/2611 2741/2741/2601 2740/2740/2600
f 2752/2752/2612 2748/2748/2608 2750/2750/2610
f 2753/2753/2613 2758/2758/2618 2754/2754/2614
f 2756/2756/2616 2760/2760/2614 2742/2742/2602
f 2757/2757/2617 2762/2762/2619 2754/2754/2614
f 2759/2759/2619 2751/2751/2611 2742/2742/2602
f 2751/2751/2611 2759/2759/2619 2761/2761/2620
f 2762/2762/2619 2757/2757/2617 2763/2763/2621
f 2765/2765/2622 2753/2753/2613 2755/2755/2615
f 2767/2767/2623 2756/2756/2616 2726/2726/2586
f 2768/2768/2624 2774/2774/2627 2769/2769/2625
f 2771/2771/2627 2717/2717/2577 2772/2772/2628
f 2717/2717/2577 2771/2771/2627 2767/2767/2623
f 2774/2774/2627 2768/2768/2624 2765/2765/2622
f 2752/2752/2612 2739/2739/2599 2775/2775/2630
f 2777/2777/2632 2780/2780/2635 2778/2778/2633
f 2763/2763/2621 2778/2778/2633 2780/2780/2635
f 2761/2761/2620 2775/2775/2630 2739/2739/2599
f 2781/2781/2636 2785/2785/2640 2782/2782/2637
f 2781/2781/2636 2786/2786/2641 2784/2784/2639
f 2786/2786/2641 2815/2815/2665 2787/2787/2642
f 2788/2788/2643 2743/2743/2603 2745/2745/2605
f 2790/2790/2645 3118/3117/2944 2791/2791/2646
f 2793/2793/2648 2920/2920/2763 2794/2794/2649
f 2783/2783/2638 2782/2782/2637 2796/2796/2651
f 2792/2792/2647 2791/2791/2646 2798/2798/2653
f 2785/2785/2640 2784/2784/2639 2800/2800/2654
f 2802/2802/2656 2905/2905/2750 2803/2803/2657
f 2802/2802/2656 2804/2804/2658 2805/2805/2659
f 2807/2807/2597 2810/2810/2662 2808/2808/2661
f 2810/2810/2662 2797/2797/2652 2796/2796/2651
f 2808/2808/2661 2796/2796/2651 2790/2790/2645
f 2809/2809/2598 2808/2808/2661 2792/2792/2647
f 2811/2811/2607 2814/2814/2590 2812/2812/2663
f 2814/2814/2590 5471/4357/2589 2743/2743/2603
f 2812/2812/2663 2743/2743/2603 2788/2788/2643
f 2813/2813/2664 2812/2812/2663 2787/2787/2642
f 2816/2816/2666 2922/2922/2765 2817/2817/2667
f 2817/2817/2667 2922/2922/2765 2819/2819/2669
f 2820/2820/2670 2819/2819/2669 2821/2821/2671
f 2800/2800/2654 2784/2784/2639 2788/2788/2643
f 2823/2823/2673 3129/3128/2948 2824/2824/2674
f 2826/2826/2676 2838/2838/2688 2827/2827/2677
f 2829/2829/2679 2838/2838/2688 2826/2826/2676
f 2831/2831/2681 2816/2816/2666 2818/2818/2668
f 2833/2833/2683 2829/2829/2679 2830/2830/2680
f 2834/2834/2684 2720/2720/2580 2722/2722/2582
f 2825/2825/2675 2824/2824/2674 2835/2835/2685
f 2837/2837/2687 5472/4358/2730 2827/2827/2677
f 2839/2839/2689 2842/2842/2692 2840/2840/2690
f 2841/2841/2691 2840/2840/2690 2831/2831/2681
f 2840/2840/2690 2829/2829/2679 2833/2833/2683
f 2842/2842/2692 2838/2838/2688 2829/2829/2679
f 2843/2843/2693 2847/2847/2697 2844/2844/2694
f 2846/2846/2696 2867/2867/2715 2847/2847/2697
f 2848/2848/2698 2846/2846/2696 2843/2843/2693
f 2821/2821/2671 2843/2843/2693 2845/2845/2695
f 2785/2785/2640 2801/2801/2655 2849/2849/2699
f 2850/2850/2700 2859/2859/2709 2851/2851/2701
f 2853/2853/2703 2921/2921/2764 2854/2854/2704
f 2856/2856/2706 5473/4359/2760 2724/2724/2584
f 2858/2858/2708 2914/2914/2757 2859/2859/2709
f 2721/2721/2581 3113/3113/2940 2860/2860/2710
f 2862/2862/2585 2919/2919/2762 2863/2863/2712
f 2867/2867/2715 2871/2871/2719 2868/2868/2716
f 2869/2869/2717 2846/2846/2696 2848/2848/2698
f 2825/2825/2675 2836/2836/2686 2871/2871/2719
f 2872/2872/2720 2876/2876/2722 2842/2842/2692
f 2847/2847/2697 2868/2868/2716 2873/2873/2721
f 2827/2827/2677 5472/4358/2730 2874/2874/2685
f 2876/2876/2722 2837/2837/2687 2838/2838/2688
f 2877/2877/2723 2892/2892/2738 2878/2878/2724
f 2880/2880/2726 2891/2891/2737 2881/2881/2727
f 2883/2883/2729 2887/2887/2733 2884/2884/2730
f 2886/2886/2732 2884/2884/2730 2887/2887/2733
f 2886/2886/2732 2888/2888/2734 2889/2889/2735
f 2890/2890/2736 2889/2889/2735 2891/2891/2737
f 2892/2892/2738 2883/2883/2729 2885/2885/2731
f 2882/2882/2728 2881/2881/2727 2893/2893/2739
f 2895/2895/2741 2897/2897/2742 2892/2892/2738
f 2896/2896/2636 2899/2899/2744 2897/2897/2742
f 2896/2896/2636 2900/2900/2745 2898/2898/2743
f 2900/2900/2745 2893/2893/2739 2881/2881/2727
f 2897/2897/2742 2887/2887/2733 2883/2883/2729
f 2899/2899/2744 2888/2888/2734 2887/2887/2733
f 2899/2899/2744 2898/2898/2743 2889/2889/2735
f 2898/2898/2743 2881/2881/2727 2891/2891/2737
f 2779/2779/2634 2778/2778/2633 2901/2901/2746
f 2902/2902/2747 2901/2901/2746 2728/2728/2588
f 2765/2765/2622 2904/2904/2749 2903/2903/2748
f 2904/2904/2749 2736/2736/2596 2905/2905/2750
f 2770/2770/2626 3078/3078/2915 2906/2906/2751
f 2906/2906/2751 3078/3078/2915 2907/2907/2752
f 2768/2768/2624 2906/2906/2751 2904/2904/2749
f 2906/2906/2751 2734/2734/2594 2736/2736/2596
f 2778/2778/2633 2763/2763/2621 2908/2908/2753
f 2901/2901/2746 2908/2908/2753 2865/2865/2714
f 2763/2763/2621 2757/2757/2617 2909/2909/2754
f 2908/2908/2753 2909/2909/2754 2806/2806/2660
f 2757/2757/2617 2758/2758/2618 2910/2910/2755
f 2909/2909/2754 2910/2910/2755 2802/2802/2656
f 2753/2753/2613 2903/2903/2748 2910/2910/2755
f 2903/2903/2748 2905/2905/2750 2802/2802/2656
f 2849/2849/2699 3118/3117/2944 2790/2790/2645
f 2806/2806/2660 2805/2805/2659 2911/2911/2756
f 2905/2905/2750 2736/2736/2596 2912/2912/2653
f 2914/2914/2757 2858/2858/2708 2915/2915/2758
f 2852/2852/2702 2851/2851/2701 2917/2917/2760
f 2861/2861/2711 2860/2860/2710 2870/2870/2718
f 2919/2919/2762 2793/2793/2648 2795/2795/2650
f 2920/2920/2763 2854/2854/2704 2921/2921/2764
f 2722/2722/2582 2721/2721/2581 2922/2922/2765
f 2828/2828/2678 2827/2827/2677 2875/2875/2674
f 2924/2924/2767 2867/2867/2715 2846/2846/2696
f 2922/2922/2765 2721/2721/2581 2861/2861/2711
f 2861/2861/2711 2848/2848/2698 2821/2821/2671
f 2831/2831/2681 2833/2833/2683 2722/2722/2582
f 2924/2924/2767 2823/2823/2673 2825/2825/2675
f 2925/2925/2768 3008/3008/2847 2926/2926/2769
f 2703/2703/2563 2706/2706/2566 2928/2928/2771
f 2928/2928/2771 2706/2706/2566 2705/2705/2565
f 2931/2931/2774 2937/2937/2780 2929/2929/2772
f 2929/2929/2772 2928/2928/2771 2933/2933/2776
f 2933/2933/2776 2928/2928/2771 2930/2930/2773
f 2930/2930/2773 2936/2936/2779 2935/2935/2778
f 2930/2930/2773 2705/2705/2565 2714/2714/2574
f 2715/2715/2575 2703/2703/2563 2929/2929/2772
f 2938/2938/2781 2940/2940/2783 2772/2772/2628
f 2939/2939/2782 2948/2948/2791 2940/2940/2783
f 2941/2941/2784 3010/3010/2849 2942/2942/2785
f 2944/2944/2787 3159/3157/2967 2945/2945/2788
f 2939/2939/2782 2955/2955/2798 2947/2947/2790
f 2949/2949/2792 2967/2967/2810 2950/2950/2793
f 2952/2952/2795 2934/2934/2777 2935/2935/2778
f 2954/2954/2797 2933/2933/2776 2934/2934/2777
f 2932/2932/2775 2933/2933/2776 2954/2954/2797
f 2931/2931/2774 2932/2932/2775 2955/2955/2798
f 2956/2956/2799 2959/2959/2802 2957/2957/2800
f 2959/2959/2802 2737/2737/2597 2907/2907/2752
f 2960/2960/2803 2968/2968/2811 2953/2953/2796
f 2962/2962/2805 2954/2954/2797 2952/2952/2795
f 2964/2964/2807 5474/4360/5166 2965/2965/2808
f 2931/2931/2774 2939/2939/2782 2938/2938/2781
f 2937/2937/2780 2938/2938/2781 2716/2716/2576
f 2746/2746/2606 2747/2747/2607 2967/2967/2810
f 2955/2955/2798 2954/2954/2797 2962/2962/2805
f 2748/2748/2608 2961/2961/2804 2936/2936/2779
f 2961/2961/2804 2953/2953/2796 2935/2935/2778
f 2963/2963/2806 2952/2952/2795 2953/2953/2796
f 2752/2752/2612 2960/2960/2803 2961/2961/2804
f 2969/2969/2812 2981/2981/2815 2970/2970/2813
f 2972/2972/2815 2947/2947/2790 2962/2962/2805
f 2970/2970/2813 2978/2978/2820 2974/2974/2816
f 2962/2962/2805 2963/2963/2806 2975/2975/2817
f 2976/2976/2818 2975/2975/2817 2963/2963/2806
f 2977/2977/2819 2974/2974/2816 2978/2978/2820
f 2980/2980/2821 2986/2986/2822 2981/2981/2815
f 2982/2982/2822 2948/2948/2791 2947/2947/2790
f 2769/2769/2625 2985/2985/2825 2983/2983/2823
f 2772/2772/2628 2940/2940/2783 2984/2984/2824
f 2982/2982/2822 2984/2984/2824 2940/2940/2783
f 2980/2980/2821 2983/2983/2823 2985/2985/2825
f 2752/2752/2612 2776/2776/2631 2987/2987/2826
f 2777/2777/2632 2779/2779/2634 2988/2988/2827
f 2977/2977/2819 2979/2979/2818 2989/2989/2828
f 2976/2976/2818 2968/2968/2811 2960/2960/2803
f 2990/2990/2829 3043/3043/2881 2781/2781/2636
f 2781/2781/2636 3043/3043/2881 2991/2991/2830
f 2786/2786/2641 2991/2991/2830 2992/2992/2831
f 2993/2993/2832 5475/4361/2793 2994/2994/2833
f 2997/2997/2836 3087/3087/2923 2998/2998/2837
f 3000/3000/2839 3092/3092/2927 3001/3001/2840
f 3003/3003/2842 2990/2990/2829 2783/2783/2638
f 3004/3004/2843 3015/3015/2853 3005/3005/2844
f 3007/3007/2846 3091/3091/2926 2926/2926/2769
f 2941/2941/2784 3089/3089/2924 3009/3009/2848
f 3011/3011/2850 3159/3157/2967 2944/2944/2787
f 3013/3013/2802 3014/3014/2852 2810/2810/2662
f 2810/2810/2662 3014/3014/2852 3003/3003/2842
f 3014/3014/2852 3015/3015/2853 3004/3004/2843
f 3013/3013/2802 5476/4362/5167 3015/3015/2853
f 2813/2813/2664 3017/3017/2855 3016/3016/2854
f 2994/2994/2833 5475/4361/2793 3016/3016/2854
f 2996/2996/2835 2994/2994/2833 3017/3017/2855
f 2992/2992/2831 3017/3017/2855 2813/2813/2664
f 2817/2817/2667 3020/3020/2858 3018/3018/2856
f 2817/2817/2667 2820/2820/2670 3019/3019/2857
f 2820/2820/2670 2822/2822/2672 3021/3021/2859
f 3022/3022/2860 3047/3047/2885 2996/2996/2835
f 3023/3023/2861 3034/3034/2872 3024/3024/2862
f 3026/3026/2864 3093/3093/2928 3027/3027/2865
f 3029/3029/2867 3032/3032/2870 3026/3026/2864
f 2818/2818/2668 3018/3018/2856 3030/3030/2868
f 3031/3031/2869 3033/3033/2871 3032/3032/2870
f 2943/2943/2786 2942/2942/2785 3033/3033/2871
f 3034/3034/2872 5477/4363/5168 3035/3035/2873
f 3027/3027/2865 5478/4364/5169 3036/3036/2874
f 2841/2841/2691 3038/3038/2876 3037/3037/2875
f 2841/2841/2691 2832/2832/2682 3030/3030/2868
f 3038/3038/2876 3030/3030/2868 3031/3031/2869
f 3037/3037/2875 3038/3038/2876 3029/3029/2867
f 2845/2845/2695 2844/2844/2694 3039/3039/2877
f 3039/3039/2877 3053/3053/2890 3041/3041/2879
f 3040/3040/2878 3041/3041/2879 3042/3042/2880
f 2845/2845/2695 3040/3040/2878 3021/3021/2859
f 3043/3043/2881 3153/3151/2964 3022/3022/2860
f 3044/3044/2882 2997/2997/2836 2999/2999/2838
f 3046/3046/2884 3153/3151/2964 3043/3043/2881
f 2995/2995/2834 2994/2994/2833 2996/2996/2835
f 3015/3015/2853 5476/4362/5167 3048/3048/2886
f 3049/3049/2887 5479/4365/2921 2964/2964/2807
f 3045/3045/2883 5480/4366/5170 3050/3050/2888
f 3039/3039/2877 3057/3057/2894 3052/3052/2889
f 3042/3042/2880 3041/3041/2879 3054/3054/2891
f 3052/3052/2889 5477/4363/5168 3034/3034/2872
f 2839/2839/2689 3037/3037/2875 3056/3056/2893
f 2844/2844/2694 2873/2873/2721 3057/3057/2894
f 3035/3035/2873 5478/4364/5169 3027/3027/2865
f 3037/3037/2875 3028/3028/2866 3036/3036/2874
f 3058/3058/2895 3069/3069/2906 2877/2877/2723
f 3059/3059/2896 3070/3070/2907 3060/3060/2897
f 3062/3062/2899 3066/3066/2903 3063/3063/2900
f 3065/3065/2902 5481/4367/5171 3066/3066/2903
f 3067/3067/2904 5481/4367/5171 3065/3065/2902
f 3068/3068/2905 3059/3059/2896 3061/3061/2898
f 3064/3064/2901 3063/3063/2900 3069/3069/2906
f 3070/3070/2907 2894/2894/2740 2893/2893/2739
f 3069/3069/2906 3071/3071/2908 2895/2895/2741
f 3071/3071/2908 3073/3073/2910 2896/2896/2636
f 2896/2896/2636 3073/3073/2910 3072/3072/2909
f 2900/2900/2745 3072/3072/2909 3060/3060/2897
f 3063/3063/2900 3066/3066/2903 3071/3071/2908
f 3066/3066/2903 5481/4367/5171 3073/3073/2910
f 3073/3073/2910 5481/4367/5171 3067/3067/2904
f 3072/3072/2909 3067/3067/2904 3061/3061/2898
f 2779/2779/2634 2902/2902/2747 3074/3074/2911
f 2902/2902/2747 2746/2746/2606 2949/2949/2792
f 3075/3075/2912 3076/3076/2913 2980/2980/2821
f 2946/2946/2789 2958/2958/2801 3076/3076/2913
f 3077/3077/2914 3078/3078/2915 2770/2770/2626
f 2957/2957/2800 2907/2907/2752 3078/3078/2915
f 3076/3076/2913 3077/3077/2914 2983/2983/2823
f 2958/2958/2801 2957/2957/2800 3077/3077/2914
f 2988/2988/2827 3074/3074/2911 3079/3079/2916
f 3074/3074/2911 2949/2949/2792 2951/2951/2794
f 2977/2977/2819 3079/3079/2916 3080/3080/2917
f 3079/3079/2916 2951/2951/2794 3012/3012/2851
f 2974/2974/2816 3080/3080/2917 3081/3081/2918
f 3080/3080/2917 3012/3012/2851 2944/2944/2787
f 3081/3081/2918 3075/3075/2912 2969/2969/2812
f 2944/2944/2787 2946/2946/2789 3075/3075/2912
f 3004/3004/2843 3006/3006/2845 3046/3046/2884
f 3082/3082/2919 3011/3011/2850 3012/3012/2851
f 2946/2946/2789 2945/2945/2788 3083/3083/2886
f 3084/3084/2920 3090/3090/2925 3085/3085/2921
f 3087/3087/2923 2925/2925/2768 2927/2927/2770
f 3089/3089/2924 3042/3042/2880 3055/3055/2892
f 3002/3002/2841 3001/3001/2840 3090/3090/2925
f 3091/3091/2926 3007/3007/2846 3092/3092/2927
f 3020/3020/2858 2941/2941/2784 2943/2943/2786
f 3024/3024/2862 3027/3027/2865 3093/3093/2928
f 3041/3041/2879 3053/3053/2890 3094/3094/2929
f 3020/3020/2858 3019/3019/2857 3089/3089/2924
f 3021/3021/2859 3042/3042/2880 3089/3089/2924
f 3030/3030/2868 3018/3018/2856 2943/2943/2786
f 3094/3094/2929 3053/3053/2890 3034/3034/2872
f 3095/3095/2649 5482/4368/2764 2800/2800/2654
f 3096/3096/2930 3118/3117/2944 2849/2849/2699
f 3098/3098/2761 2803/2803/2657 2912/2912/2653
f 3100/3100/2713 5483/4369/2947 2911/2911/2756
f 3101/3101/2932 5484/4370/5172 2870/2870/2718
f 3102/3102/2933 2720/2720/2580 2834/2834/2684
f 3104/3104/2935 2826/2826/2676 2828/2828/2678
f 3106/3106/2937 3130/3129/2949 2823/2823/2673
f 3107/3107/2650 5485/4371/2649 2789/2789/2644
f 2869/2869/2717 2870/2870/2718 3109/3109/2763
f 2860/2860/2710 3113/3113/2940 3111/3111/2939
f 2720/2720/2580 5486/4372/5173 3111/3111/2939
f 3117/3116/2943 2791/2791/2646 3118/3117/2944
f 2830/2830/2680 5487/4373/2946 3120/3119/2934
f 2791/2791/2646 5488/4374/5174 3121/3120/2945
f 2826/2826/2676 5489/4375/2935 3122/3121/2946
f 3123/3122/2706 5490/4376/2658 2804/2804/2658
f 2923/2923/2766 5491/4377/5175 3105/3105/2936
f 2745/2745/2605 2744/2744/2604 3124/3123/2947
f 2924/2924/2767 2869/2869/2717 3126/3125/2938
f 2804/2804/2658 5492/4378/2658 3128/3127/2713
f 3129/3128/2948 2823/2823/2673 3130/3129/2949
f 3022/3022/2860 5493/4379/2961 3132/3131/2839
f 3046/3046/2884 3006/3006/2845 3133/3132/2951
f 3083/3083/2886 2945/2945/2788 3135/3134/2952
f 3082/3082/2919 5494/4380/2920 3137/3136/2954
f 3055/3055/2892 5495/4381/2927 3138/3137/2955
f 3033/3033/2871 2942/2942/2785 3139/3138/2768
f 3093/3093/2928 3026/3026/2864 3141/3140/2956
f 3023/3023/2861 3166/3164/2970 3143/3142/2958
f 3047/3047/2885 5496/4382/2839 3144/3143/2959
f 3148/3146/2927 3055/3055/2892 3054/3054/2891
f 3150/3148/2963 3010/3010/2849 3009/3009/2848
f 3150/3148/2963 5497/4383/5176 2942/2942/2785
f 3006/3006/2845 3005/3005/2844 3154/3152/2838
f 3156/3154/2923 5498/4384/5177 3032/3032/2870
f 3157/3155/2965 5499/4385/2838 3005/3005/2844
f 3158/3156/2966 5500/4386/5178 3026/3026/2864
f 3159/3157/2967 5501/4387/2967 3160/3158/2808
f 3142/3141/2957 3167/3165/2807 3025/3025/2863
f 3161/3159/2920 2993/2993/2832 2995/2995/2834
f 3163/3161/2968 3054/3054/2891 3094/3094/2929
f 3165/3163/2887 5502/4388/2967 3159/3157/2967
f 3166/3164/2970 3023/3023/2861 3025/3025/2863
f 2916/2916/2759 2915/2915/2758 2853/2853/2703
f 1125/1125/1111 1127/1127/1113 3168/3166/2971
f 1124/1124/1110 1125/1125/1111 1120/1120/1106
f 1122/1122/1108 1124/1124/1110 1118/1118/1104
f 1742/1742/1698 1753/1753/1708 2693/2693/2556
f 2697/2697/2559 2693/2693/2556 2683/2683/2547
f 2692/2692/2555 2683/2683/2547 2673/2673/2538
f 2682/2682/2546 2673/2673/2538 2663/2663/2528
f 2672/2672/2537 2663/2663/2528 2653/2653/2518
f 2662/2662/2527 2653/2653/2518 2643/2643/2508
f 2652/2652/2517 2643/2643/2508 2633/2633/2498
f 2642/2642/2507 2633/2633/2498 1887/1887/1828
f 1877/1877/1819 1887/1887/1828 2634/2634/2499
f 1867/1867/1809 1877/1877/1819 1885/1885/1826
f 1857/1857/1800 1867/1867/1809 1875/1875/1817
f 1847/1847/1791 1857/1857/1800 1865/1865/1807
f 1837/1837/1783 1847/1847/1791 1855/1855/1798
f 1827/1827/1775 1837/1837/1783 1845/1845/1789
f 1817/1817/1766 1827/1827/1775 1835/1835/1781
f 1807/1807/1757 1817/1817/1766 1825/1825/1773
f 1798/1798/1749 1807/1807/1757 1815/1815/1764
f 1788/1788/1739 1798/1798/1749 1805/1805/1755
f 1692/1692/1649 1788/1788/1739 1796/1796/1747
f 3169/3167/2972 1766/1766/1721 1764/1764/1719
f 1750/1750/1705 1764/1764/1719 1762/1762/1717
f 1748/1748/1704 1762/1762/1717 1760/1760/1715
f 1747/1747/1703 1760/1760/1715 1758/1758/1713
f 1746/1746/1702 1758/1758/1713 1756/1756/1711
f 1745/1745/1701 1756/1756/1711 1754/1754/1709
f 1744/1744/1700 1754/1754/1709 1751/1751/1706
f 1743/1743/1699 1751/1751/1706 1753/1753/1708
f 1680/1680/1638 1682/1682/1640 1692/1692/1649
f 1670/1670/1629 1672/1672/1631 1682/1682/1640
f 1660/1660/1621 1662/1662/1623 1672/1672/1631
f 1650/1650/1611 1652/1652/1613 1662/1662/1623
f 1640/1640/1601 1642/1642/1603 1652/1652/1613
f 1630/1630/1592 1632/1632/1594 1642/1642/1603
f 1620/1620/1582 1622/1622/1584 1632/1632/1594
f 1610/1610/1573 1612/1612/1575 1622/1622/1584
f 1600/1600/1564 1602/1602/1566 1612/1612/1575
f 1590/1590/1554 1592/1592/1556 1602/1602/1566
f 1580/1580/1545 1582/1582/1547 1592/1592/1556
f 1570/1570/1536 1572/1572/1538 1582/1582/1547
f 1560/1560/1526 1562/1562/1528 1572/1572/1538
f 1550/1550/1516 1552/1552/1518 1562/1562/1528
f 1540/1540/1507 1542/1542/1509 1552/1552/1518
f 1530/1530/1497 1532/1532/1499 1542/1542/1509
f 1520/1520/1487 1522/1522/1489 1532/1532/1499
f 1510/1510/1477 1512/1512/1479 1522/1522/1489
f 1500/1500/1468 1502/1502/1470 1512/1512/1479
f 1489/1489/1458 1492/1492/1461 1502/1502/1470
f 1480/1480/1450 1481/1481/1451 1492/1492/1461
f 1471/1471/1442 1481/1481/1451 1480/1480/1450
f 1470/1470/1441 1462/1462/1433 1471/1471/1442
f 1452/1452/1423 1462/1462/1433 1470/1470/1441
f 1442/1442/1414 1452/1452/1423 1461/1461/1432
f 1432/1432/1404 1442/1442/1414 1450/1450/1421
f 1422/1422/1395 1432/1432/1404 1440/1440/1412
f 1413/1413/1386 1422/1422/1395 1430/1430/1402
f 1399/1399/1373 1413/1413/1386 1420/1420/1393
f 3171/3169/2974 1397/1397/1371 1399/1399/1373
f 1231/1231/1215 3190/1231/2993 3172/1224/2975
f 1114/1114/1100 3192/1114/2995 3173/1110/2976
f 1196/1196/1182 3195/1196/2998 3174/1192/2977
f 2537/2537/2418 2533/2533/2415 3175/2533/2978
f 1133/1133/1119 1138/1138/1124 3177/1138/2980
f 1149/1149/1135 1153/1153/1139 3179/1153/2982
f 1212/1212/1198 3199/1212/3002 3181/1208/2984
f 1181/1181/1167 5460/3170/5159 3182/3170/2985
f 1098/1098/1087 3196/1098/2999 3184/1094/2987
f 2517/2517/2402 3229/2517/3031 3185/2521/2988
f 1165/1165/1151 1169/1169/1155 3186/1169/2989
f 1078/1078/1069 1082/1082/1073 3188/1082/2991
f 1236/1236/1219 3202/1236/3005 3190/1231/2993
f 3191/3171/2994 5503/3171/3052 3192/1114/2995
f 2541/2541/2421 2537/2537/2418 3176/2537/2979
f 1138/1138/1124 1141/1141/1127 3194/1141/2997
f 1200/1200/1186 3208/1200/3011 3195/1196/2998
f 1102/1102/1090 3209/1102/3012 3196/1098/2999
f 2525/2525/2408 2521/2521/2405 3185/2521/2988
f 1153/1153/1139 1157/1157/1143 3198/1157/3001
f 1216/1216/1201 3211/1216/3014 3199/1212/3002
f 1082/1082/1073 1086/1086/1076 3200/1086/3003
f 1169/1169/1155 1173/1173/1159 3201/1173/3004
f 1235/1235/1218 3206/1235/3009 3202/1236/3005
f 2505/2505/1174 5504/2505/5179 3203/2509/3006
f 1187/1187/1173 3222/1187/3025 3204/1188/3007
f 2545/2545/2423 2541/2541/2421 3193/2541/2996
f 1243/1243/1226 3220/1243/3023 3206/1235/3009
f 1141/1141/1127 1145/1145/1131 3207/1145/3010
f 1204/1204/1190 3227/1204/3029 3208/1200/3011
f 1106/1106/1093 3224/1106/3027 3209/1102/3012
f 2529/2529/2412 2525/2525/2408 3197/2525/3000
f 1220/1220/1205 3223/1220/3026 3211/1216/3014
f 1121/1121/1107 3168/3166/2971 3212/3166/3015
f 3214/3172/3017 2545/2545/2423 3205/2545/3008
f 1157/1157/1143 1161/1161/1147 3216/1161/3019
f 1086/1086/1076 1090/1090/1080 3217/1090/3020
f 2509/2509/2396 3203/2509/3006 3218/2513/3021
f 1173/1173/1159 1177/1177/1163 3219/1177/3022
f 1242/1242/1225 3226/1242/3028 3220/1243/3023
f 2700/2700/2561 1133/1133/1119 3178/1133/2981
f 1192/1192/1178 3174/1192/2977 3222/1187/3025
f 1224/1224/1208 3172/1224/2975 3223/1220/3026
f 1110/1110/1096 3173/1110/2976 3224/1106/3027
f 2533/2533/2415 2529/2529/2412 3210/2529/3013
f 1242/1242/1225 1247/1247/1228 3225/1247/3016
f 1145/1145/1131 1149/1149/1135 3180/1149/2983
f 1208/1208/1194 3181/1208/2984 3227/1204/3029
f 3168/3166/2971 1127/1127/1113 3228/1127/3030
f 1127/1127/1113 2700/2700/2561 3221/2700/3024
f 1094/1094/1083 3184/1094/2987 3217/1090/3020
f 1161/1161/1147 1165/1165/1151 3187/1165/2990
f 2513/2513/2399 3218/2513/3021 3229/2517/3031
f 1074/1074/1066 1078/1078/1069 3189/1078/2992
f 1177/1177/1163 1181/1181/1167 3183/1181/2986
f 3231/3173/3032 3339/3281/3130 3232/3174/3033
f 3234/3176/3035 3239/3181/2990 3235/3177/3036
f 3237/3179/3038 3231/3173/3032 3233/3175/3034
f 3239/3181/2990 3243/3185/2989 3240/3182/3040
f 3241/3183/3041 3237/3179/3038 3238/3180/3039
f 3243/3185/2989 3247/3189/3046 3244/3186/3043
f 3245/3187/3044 3241/3183/3041 3242/3184/3042
f 3247/3189/3046 3251/3193/3050 3248/3190/3047
f 3249/3191/3048 3245/3187/3044 3246/3188/3045
f 3251/3193/3050 3255/3197/3054 3252/3194/3051
f 3253/3195/3052 3249/3191/3048 3250/3192/3049
f 3255/3197/3054 3263/3205/3062 3256/3198/3055
f 3257/3199/3056 3317/3259/3109 3258/3200/3057
f 3260/3202/3059 3269/3211/3068 3261/3203/3060
f 3263/3205/3062 3270/3212/3069 3264/3206/3063
f 3265/3207/3064 3318/3260/3110 3266/3208/3065
f 3268/3210/3067 3276/3218/3075 3269/3211/3068
f 3270/3212/3069 3277/3219/2991 3271/3213/3070
f 3272/3214/3071 3315/3257/3107 3273/3215/3072
f 3275/3217/3074 3280/3222/3078 3276/3218/3075
f 3277/3219/2991 3281/3223/3003 3278/3220/3076
f 3279/3221/3077 3284/3226/3081 3280/3222/3078
f 3281/3223/3003 3285/3227/3020 3282/3224/3079
f 3283/3225/3080 3288/3230/3083 3284/3226/3081
f 3285/3227/3020 3290/3232/3084 3286/3228/3082
f 3287/3229/2984 3292/3234/3086 3288/3230/3083
f 3289/3231/2999 3294/3236/3088 3286/3228/3082
f 3291/3233/3085 3296/3238/3090 3292/3234/3086
f 3293/3235/3087 3298/3240/3092 3294/3236/3088
f 3295/3237/3089 3300/3242/3094 3296/3238/3090
f 3297/3239/3091 3302/3244/3096 3298/3240/3092
f 3299/3241/3093 3304/3246/3098 3300/3242/3094
f 3301/3243/3095 3306/3248/3099 3302/3244/3096
f 3303/3245/3097 3308/3250/3100 3304/3246/3098
f 3305/3247/2995 3309/3251/3101 3306/3248/3099
f 3307/3249/2993 3311/3253/3103 3308/3250/3100
f 3253/3195/3052 3254/3196/3053 3309/3251/3101
f 3310/3252/3102 3314/3256/3106 3311/3253/3103
f 3312/3254/3104 3272/3214/3071 3274/3216/3073
f 3259/3201/3058 3258/3200/3057 3314/3256/3106
f 3315/3257/3107 3265/3207/3064 3267/3209/3066
f 3316/3258/3108 3320/3262/3112 3317/3259/3109
f 3318/3260/3110 3321/3263/3113 3319/3261/3111
f 3312/3254/3104 3313/3255/3105 3320/3262/3112
f 3321/3263/3113 3325/3267/3117 3322/3264/3114
f 3262/3204/3061 3261/3203/3060 3323/3265/3115
f 3325/3267/3117 3329/3271/3121 3326/3268/3118
f 3324/3266/3116 3323/3265/3115 3327/3269/3119
f 3329/3271/3121 3333/3275/3125 3330/3272/3122
f 3328/3270/3120 3327/3269/3119 3331/3273/3123
f 3333/3275/3125 3337/3279/3128 3334/3276/3126
f 3332/3274/3124 3331/3273/3123 3335/3277/3127
f 3337/3279/3128 3340/3282/3131 3338/3280/3129
f 3336/3278/2988 3335/3277/3127 3232/3174/3033
f 3340/3282/3131 3234/3176/3035 3236/3178/3037
f 3342/3284/3133 5505/3284/3161 3343/3285/3134
f 3345/3286/3136 3376/3287/3167 3346/3287/3137
f 3348/3288/3139 3372/3289/3163 3349/3289/3140
f 3351/3290/3142 3375/3290/3166 3352/3291/3143
f 3354/3292/3145 3381/3292/3172 3355/3293/3146
f 3357/3294/3148 3377/3295/3168 3358/3295/3149
f 3360/3296/3151 3380/3296/3171 3361/3297/3152
f 3344/3285/3135 3343/3285/3134 3363/3298/3154
f 3364/3298/3155 3363/3298/3154 3365/3299/3156
f 3367/3300/3158 3345/3286/3136 3347/3286/3138
f 3369/3301/3160 3382/3301/3173 3370/3302/3161
f 3372/3289/3163 3383/3303/3174 3373/3303/3164
f 3374/3304/3165 5506/3304/5180 3375/3290/3166
f 3376/3287/3167 3356/3293/3147 3355/3293/3146
f 3377/3295/3168 3348/3288/3139 3350/3288/3141
f 3378/3305/3169 3367/3300/3158 3368/3300/3159
f 3353/3291/3144 3352/3291/3143 3380/3296/3171
f 3366/3299/3157 3365/3299/3156 3381/3292/3172
f 3369/3301/3160 3357/3294/3148 3359/3294/3150
f 3362/3297/3153 3361/3297/3152 3373/3303/3164
f 3384/3306/3175 3422/3344/3210 3385/3307/3176
f 3387/3309/3159 3395/3317/3185 3388/3310/3178
f 3390/3312/3180 3423/3345/3149 3391/3313/3181
f 3386/3308/3177 3385/3307/3176 3393/3315/3183
f 3395/3317/3185 3402/3324/3191 3396/3318/3186
f 3397/3319/3187 3390/3312/3180 3392/3314/3182
f 3394/3316/3184 3393/3315/3183 3399/3321/3189
f 3401/3323/3146 3408/3330/3196 3396/3318/3186
f 3403/3325/3161 3397/3319/3187 3398/3320/3188
f 3400/3322/3190 3399/3321/3189 3405/3327/3193
f 3407/3329/3195 3412/3334/3200 3408/3330/3196
f 3406/3328/3194 3405/3327/3193 3409/3331/3197
f 3407/3329/3195 3418/3340/3206 3411/3333/3199
f 3413/3335/3201 3410/3332/3198 3409/3331/3197
f 3415/3337/3203 3421/3343/3209 3416/3338/3204
f 3418/3340/3206 3417/3339/3205 3416/3338/3204
f 3419/3341/3207 3413/3335/3201 3414/3336/3202
f 3415/3337/3203 3403/3325/3161 3404/3326/3192
f 3387/3309/3159 3389/3311/3179 3422/3344/3210
f 3423/3345/3149 3419/3341/3207 3420/3342/3208
f 3424/3346/3211 5343/3347/5064 3425/3347/3212
f 3427/3348/3214 3454/3348/3241 3428/3349/3215
f 3430/3350/3217 3452/3351/3239 3431/3351/3218
f 3433/3352/3220 5344/3353/3249 3434/3353/3221
f 3436/3354/3223 3459/3354/3246 3437/3355/3224
f 3439/3356/3226 3455/3357/3242 3440/3357/3227
f 3442/3358/3229 3460/3359/3247 3443/3359/3230
f 3445/3360/3232 3458/3360/3245 3446/3361/3233
f 3424/3346/3211 3426/3346/3213 3448/3362/3235
f 3450/3363/3237 3429/3349/3216 3428/3349/3215
f 3452/3351/3239 3461/3364/3248 3453/3364/3240
f 3438/3355/3225 3437/3355/3224 3454/3348/3241
f 3455/3357/3242 3430/3350/3217 3432/3350/3219
f 3456/3365/3243 3442/3358/3229 3444/3358/3231
f 3433/3352/3220 3435/3352/3222 3458/3360/3245
f 3449/3362/3236 3448/3362/3235 3459/3354/3246
f 3460/3359/3247 3450/3363/3237 3451/3363/3238
f 3447/3361/3234 3446/3361/3233 3453/3364/3240
f 3462/3366/3249 3456/3365/3243 3457/3365/3244
f 3464/3367/3251 3473/3376/3244 3465/3368/3252
f 3467/3370/3254 3500/3403/3280 3468/3371/3255
f 3470/3373/3257 3478/3381/3262 3471/3374/3258
f 3473/3376/3244 3479/3382/3263 3474/3377/3259
f 3475/3378/3260 3467/3370/3254 3469/3372/3256
f 3477/3380/3213 3484/3387/3267 3478/3381/3262
f 3479/3382/3263 3485/3388/3268 3480/3383/3264
f 3481/3384/3265 3475/3378/3260 3476/3379/3261
f 3483/3386/3212 3487/3390/3270 3484/3387/3267
f 3485/3388/3268 3490/3393/3273 3486/3389/3269
f 3481/3384/3265 3482/3385/3266 3487/3390/3270
f 3488/3391/3271 3464/3367/3251 3466/3369/3253
f 3490/3393/3273 3495/3398/3276 3491/3394/3274
f 3488/3391/3271 3489/3392/3272 3492/3395/3275
f 3494/3397/3241 3499/3402/3279 3491/3394/3274
f 3493/3396/3245 3492/3395/3275 3496/3399/3277
f 3498/3401/3224 3501/3404/3281 3499/3402/3279
f 3500/3403/3280 3497/3400/3278 3496/3399/3277
f 3472/3375/3246 3471/3374/3258 3501/3404/3281
f 3504/3407/3284 3507/3410/3287 3505/3408/3285
f 3507/3410/3287 3509/3412/3289 3508/3411/3288
f 3509/3412/3289 3511/3414/3291 3510/3413/3290
f 3511/3414/3291 3513/3416/3293 3512/3415/3292
f 3513/3416/3293 3515/3418/3295 3514/3417/3294
f 3515/3418/3295 3517/3420/3297 3516/3419/3296
f 3517/3420/3297 3519/3422/3299 3518/3421/3298
f 3519/3422/3299 3521/3424/3301 3520/3423/3300
f 3521/3424/3301 3523/3426/3303 3522/3425/3302
f 3523/3426/3303 3525/3428/3305 3524/3427/3304
f 3525/3428/3305 3527/3430/3307 3526/3429/3306
f 3527/3430/3307 3529/3432/3309 3528/3431/3308
f 3529/3432/3309 3531/3434/3311 3530/3433/3310
f 3531/3434/3311 3548/3451/3328 3532/3435/3312
f 3532/3435/3312 3548/3451/3328 3533/3436/3313
f 3504/3407/3284 3550/3453/3330 3535/3438/3315
f 3535/3438/3315 3536/3439/3316 3509/3412/3289
f 3536/3439/3316 3537/3440/3317 3511/3414/3291
f 3537/3440/3317 3538/3441/3318 3513/3416/3293
f 3538/3441/3318 3539/3442/3319 3515/3418/3295
f 3539/3442/3319 3540/3443/3320 3517/3420/3297
f 3540/3443/3320 3541/3444/3321 3519/3422/3299
f 3541/3444/3321 3542/3445/3322 3521/3424/3301
f 3542/3445/3322 3543/3446/3323 3523/3426/3303
f 3543/3446/3323 3544/3447/3324 3525/3428/3305
f 3544/3447/3324 3545/3448/3325 3527/3430/3307
f 3545/3448/3325 3546/3449/3326 3529/3432/3309
f 3546/3449/3326 3547/3450/3327 3531/3434/3311
f 3547/3450/3327 3549/3452/3329 3548/3451/3328
f 3549/3452/3329 3565/3468/3345 3533/3436/3313
f 3550/3453/3330 4268/3778/4045 3551/3454/3331
f 3551/3454/3331 3552/3455/3332 3536/3439/3316
f 3552/3455/3332 3553/3456/3333 3537/3440/3317
f 3553/3456/3333 3554/3457/3334 3538/3441/3318
f 3554/3457/3334 3555/3458/3335 3539/3442/3319
f 3555/3458/3335 3556/3459/3336 3540/3443/3320
f 3556/3459/3336 3557/3460/3337 3541/3444/3321
f 3557/3460/3337 3558/3461/3338 3542/3445/3322
f 3558/3461/3338 3559/3462/3339 3543/3446/3323
f 3559/3462/3339 3560/3463/3340 3544/3447/3324
f 3560/3463/3340 3561/3464/3341 3545/3448/3325
f 3561/3464/3341 3562/3465/3342 3546/3449/3326
f 3562/3465/3342 3563/3466/3343 3547/3450/3327
f 3563/3466/3343 3564/3467/3344 3549/3452/3329
f 3564/3467/3344 5507/3787/5181 3565/3468/3345
f 3566/3469/3346 3569/3472/3349 3567/3470/3347
f 3569/3472/3349 3599/3502/3379 3570/3473/3350
f 3570/3473/3350 3599/3502/3379 3571/3474/3351
f 3572/3475/3352 3571/3474/3351 3573/3476/3353
f 3574/3477/3354 3573/3476/3353 3575/3478/3355
f 3576/3479/3356 3575/3478/3355 3577/3480/3357
f 3578/3481/3358 3577/3480/3357 3579/3482/3359
f 3580/3483/3360 3579/3482/3359 3581/3484/3361
f 3582/3485/3362 3581/3484/3361 3583/3486/3363
f 3584/3487/3364 3583/3486/3363 3585/3488/3365
f 3586/3489/3366 3585/3488/3365 3587/3490/3367
f 3588/3491/3368 3587/3490/3367 3589/3492/3369
f 3590/3493/3370 3589/3492/3369 3591/3494/3371
f 3592/3495/3372 3591/3494/3371 3593/3496/3373
f 3594/3497/3374 3593/3496/3373 3595/3498/3375
f 3597/3500/3377 3598/3501/3378 3569/3472/3349
f 3598/3501/3378 3615/3518/3395 3599/3502/3379
f 3599/3502/3379 3615/3518/3395 3600/3503/3380
f 3571/3474/3351 3600/3503/3380 3601/3504/3381
f 3573/3476/3353 3601/3504/3381 3602/3505/3382
f 3575/3478/3355 3602/3505/3382 3603/3506/3383
f 3577/3480/3357 3603/3506/3383 3604/3507/3384
f 3579/3482/3359 3604/3507/3384 3605/3508/3385
f 3581/3484/3361 3605/3508/3385 3606/3509/3386
f 3583/3486/3363 3606/3509/3386 3607/3510/3387
f 3585/3488/3365 3607/3510/3387 3608/3511/3388
f 3587/3490/3367 3608/3511/3388 3609/3512/3389
f 3589/3492/3369 3609/3512/3389 3610/3513/3390
f 3591/3494/3371 3610/3513/3390 3611/3514/3391
f 3593/3496/3373 3611/3514/3391 3612/3515/3392
f 3613/3516/3393 3614/3517/3394 3598/3501/3378
f 3614/3517/3394 5508/3779/4070 3615/3518/3395
f 3615/3518/3395 5508/3779/4070 3616/3519/3396
f 3600/3503/3380 3616/3519/3396 3617/3520/3397
f 3601/3504/3381 3617/3520/3397 3618/3521/3398
f 3602/3505/3382 3618/3521/3398 3619/3522/3399
f 3603/3506/3383 3619/3522/3399 3620/3523/3400
f 3604/3507/3384 3620/3523/3400 3621/3524/3401
f 3605/3508/3385 3621/3524/3401 3622/3525/3402
f 3606/3509/3386 3622/3525/3402 3623/3526/3403
f 3607/3510/3387 3623/3526/3403 3624/3527/3404
f 3608/3511/3388 3624/3527/3404 3625/3528/3405
f 3609/3512/3389 3625/3528/3405 3626/3529/3406
f 3610/3513/3390 3626/3529/3406 3627/3530/3407
f 3611/3514/3391 3627/3530/3407 3628/3531/3408
f 3629/3532/3409 3633/3536/3413 3630/3533/3410
f 3632/3535/3412 3635/3538/3415 3633/3536/3413
f 3632/3535/3412 3636/3539/3416 3634/3537/3414
f 3636/3539/3416 3638/3541/3418 3637/3540/3417
f 3638/3541/3418 3640/3543/3420 3639/3542/3419
f 3640/3543/3420 3642/3545/3422 3641/3544/3421
f 3642/3545/3422 3644/3547/3424 3643/3546/3423
f 3644/3547/3424 3646/3549/3426 3645/3548/3425
f 3646/3549/3426 3648/3551/3428 3647/3550/3427
f 3648/3551/3428 3650/3553/3430 3649/3552/3429
f 3650/3553/3430 3652/3555/3432 3651/3554/3431
f 3652/3555/3432 3654/3557/3434 3653/3556/3433
f 3654/3557/3434 3656/3559/3436 3655/3558/3435
f 3656/3559/3436 3658/3561/3438 3657/3560/3437
f 3658/3561/3438 5509/3780/5182 3659/3562/3439
f 3633/3536/3413 3661/3564/3441 3660/3563/3440
f 3635/3538/3415 3663/3566/3443 3661/3564/3441
f 3635/3538/3415 3634/3537/3414 3662/3565/3442
f 3634/3537/3414 3637/3540/3417 3664/3567/3444
f 3637/3540/3417 3639/3542/3419 3665/3568/3445
f 3639/3542/3419 3641/3544/3421 3666/3569/3446
f 3641/3544/3421 3643/3546/3423 3667/3570/3447
f 3643/3546/3423 3645/3548/3425 3668/3571/3448
f 3645/3548/3425 3647/3550/3427 3669/3572/3449
f 3647/3550/3427 3649/3552/3429 3670/3573/3450
f 3649/3552/3429 3651/3554/3431 3671/3574/3451
f 3651/3554/3431 3653/3556/3433 3672/3575/3452
f 3653/3556/3433 3655/3558/3435 3673/3576/3453
f 3655/3558/3435 3657/3560/3437 3674/3577/3454
f 3657/3560/3437 3659/3562/3439 3675/3578/3455
f 3661/3564/3441 3677/3580/3457 3676/3579/3456
f 3663/3566/3443 3679/3582/3459 3677/3580/3457
f 3663/3566/3443 3662/3565/3442 3678/3581/3458
f 3662/3565/3442 3664/3567/3444 3680/3583/3460
f 3664/3567/3444 3665/3568/3445 3681/3584/3461
f 3665/3568/3445 3666/3569/3446 3682/3585/3462
f 3666/3569/3446 3667/3570/3447 3683/3586/3463
f 3667/3570/3447 3668/3571/3448 3684/3587/3464
f 3668/3571/3448 3669/3572/3449 3685/3588/3465
f 3669/3572/3449 3670/3573/3450 3686/3589/3466
f 3670/3573/3450 3671/3574/3451 3687/3590/3467
f 3671/3574/3451 3672/3575/3452 3688/3591/3468
f 3672/3575/3452 3673/3576/3453 3689/3592/3469
f 3673/3576/3453 3674/3577/3454 3690/3593/3470
f 3674/3577/3454 3675/3578/3455 3691/3594/3471
f 3692/3595/3472 3696/3599/3476 3693/3596/3473
f 3695/3598/3475 3698/3601/3478 3696/3599/3476
f 3697/3600/3477 3700/3603/3480 3698/3601/3478
f 3699/3602/3479 3702/3605/3482 3700/3603/3480
f 3701/3604/3481 3704/3607/3484 3702/3605/3482
f 3703/3606/3483 3706/3609/3486 3704/3607/3484
f 3705/3608/3485 3708/3611/3488 3706/3609/3486
f 3707/3610/3487 3710/3613/3490 3708/3611/3488
f 3709/3612/3489 3712/3615/3492 3710/3613/3490
f 3711/3614/3491 3714/3617/3494 3712/3615/3492
f 3713/3616/3493 3716/3619/3496 3714/3617/3494
f 3715/3618/3495 3718/3621/3498 3716/3619/3496
f 3717/3620/3497 3720/3623/3500 3718/3621/3498
f 3719/3622/3499 3722/3625/3502 3720/3623/3500
f 3719/3622/3499 5510/3781/4212 3721/3624/3501
f 3696/3599/3476 3724/3627/3504 3723/3626/3503
f 3698/3601/3478 3725/3628/3505 3724/3627/3504
f 3700/3603/3480 3726/3629/3506 3725/3628/3505
f 3702/3605/3482 3727/3630/3507 3726/3629/3506
f 3704/3607/3484 3728/3631/3508 3727/3630/3507
f 3706/3609/3486 3729/3632/3509 3728/3631/3508
f 3708/3611/3488 3730/3633/3510 3729/3632/3509
f 3710/3613/3490 3731/3634/3511 3730/3633/3510
f 3712/3615/3492 3732/3635/3512 3731/3634/3511
f 3714/3617/3494 3733/3636/3513 3732/3635/3512
f 3716/3619/3496 3734/3637/3514 3733/3636/3513
f 3718/3621/3498 3735/3638/3515 3734/3637/3514
f 3720/3623/3500 3736/3639/3516 3735/3638/3515
f 3722/3625/3502 3738/3641/3518 3736/3639/3516
f 3722/3625/3502 3721/3624/3501 3737/3640/3517
f 3723/3626/3503 3724/3627/3504 3739/3642/3519
f 3725/3628/3505 3741/3644/3521 3739/3642/3519
f 3726/3629/3506 3742/3645/3522 3741/3644/3521
f 3727/3630/3507 3743/3646/3523 3742/3645/3522
f 3728/3631/3508 3744/3647/3524 3743/3646/3523
f 3729/3632/3509 3745/3648/3525 3744/3647/3524
f 3730/3633/3510 3746/3649/3526 3745/3648/3525
f 3731/3634/3511 3747/3650/3527 3746/3649/3526
f 3732/3635/3512 3748/3651/3528 3747/3650/3527
f 3733/3636/3513 3749/3652/3529 3748/3651/3528
f 3734/3637/3514 3750/3653/3530 3749/3652/3529
f 3735/3638/3515 3751/3654/3531 3750/3653/3530
f 3736/3639/3516 3752/3655/3532 3751/3654/3531
f 3738/3641/3518 3753/3656/3533 3752/3655/3532
f 3737/3640/3517 4393/3788/4143 3753/3656/3533
f 3754/3657/3534 3785/3688/3565 3755/3658/3535
f 3755/3658/3535 3785/3688/3565 3757/3660/3537
f 3757/3660/3537 3760/3663/3540 3759/3662/3539
f 3760/3663/3540 3762/3665/3542 3761/3664/3541
f 3762/3665/3542 3764/3667/3544 3763/3666/3543
f 3764/3667/3544 3766/3669/3546 3765/3668/3545
f 3766/3669/3546 3768/3671/3548 3767/3670/3547
f 3768/3671/3548 3770/3673/3550 3769/3672/3549
f 3770/3673/3550 3772/3675/3552 3771/3674/3551
f 3772/3675/3552 3774/3677/3554 3773/3676/3553
f 3774/3677/3554 3776/3679/3556 3775/3678/3555
f 3776/3679/3556 3778/3681/3558 3777/3680/3557
f 3778/3681/3558 3780/3683/3560 3779/3682/3559
f 3780/3683/3560 3799/3702/3579 3781/3684/3561
f 3781/3684/3561 3799/3702/3579 3782/3685/3562
f 3784/3687/3564 3786/3689/3566 3785/3688/3565
f 3786/3689/3566 3787/3690/3567 3757/3660/3537
f 3787/3690/3567 3788/3691/3568 3760/3663/3540
f 3788/3691/3568 3789/3692/3569 3762/3665/3542
f 3789/3692/3569 3790/3693/3570 3764/3667/3544
f 3790/3693/3570 3791/3694/3571 3766/3669/3546
f 3791/3694/3571 3792/3695/3572 3768/3671/3548
f 3792/3695/3572 3793/3696/3573 3770/3673/3550
f 3793/3696/3573 3794/3697/3574 3772/3675/3552
f 3794/3697/3574 3795/3698/3575 3774/3677/3554
f 3795/3698/3575 3796/3699/3576 3776/3679/3556
f 3796/3699/3576 3797/3700/3577 3778/3681/3558
f 3797/3700/3577 3798/3701/3578 3780/3683/3560
f 3798/3701/3578 3811/3714/3591 3799/3702/3579
f 3799/3702/3579 3811/3714/3591 3800/3703/3580
f 3784/3687/3564 4416/3782/4164 3801/3704/3581
f 3801/3704/3581 3802/3705/3582 3787/3690/3567
f 3802/3705/3582 5511/3783/4166 3788/3691/3568
f 3788/3691/3568 5511/3783/4166 3803/3706/3583
f 3789/3692/3569 3803/3706/3583 3804/3707/3584
f 3804/3707/3584 3805/3708/3585 3791/3694/3571
f 3805/3708/3585 5512/3784/4171 3792/3695/3572
f 3792/3695/3572 5512/3784/4171 3806/3709/3586
f 3793/3696/3573 3806/3709/3586 3807/3710/3587
f 3807/3710/3587 3808/3711/3588 3795/3698/3575
f 3808/3711/3588 5513/3785/4174 3796/3699/3576
f 3796/3699/3576 5513/3785/4174 3809/3712/3589
f 3797/3700/3577 3809/3712/3589 3810/3713/3590
f 3810/3713/3590 3812/3715/3592 3811/3714/3591
f 3812/3715/3592 5514/3789/5183 3800/3703/3580
f 3813/3716/3593 3817/3720/3597 3814/3717/3594
f 3813/3716/3593 3819/3722/3599 3816/3719/3596
f 3818/3721/3598 3821/3724/3601 3816/3719/3596
f 3818/3721/3598 3822/3725/3602 3820/3723/3600
f 3822/3725/3602 3824/3727/3604 3823/3726/3603
f 3824/3727/3604 3826/3729/3606 3825/3728/3605
f 3826/3729/3606 3828/3731/3608 3827/3730/3607
f 3828/3731/3608 3830/3733/3610 3829/3732/3609
f 3830/3733/3610 3832/3735/3612 3831/3734/3611
f 3832/3735/3612 3834/3737/3614 3833/3736/3613
f 3834/3737/3614 3837/3740/3617 3835/3738/3615
f 3836/3739/3616 3839/3742/3619 3835/3738/3615
f 3838/3741/3618 3841/3744/3621 3839/3742/3619
f 3840/3743/3620 3843/3746/3623 3841/3744/3621
f 3840/3743/3620 5515/3786/4193 3842/3745/3622
f 3817/3720/3597 3845/3748/3625 3844/3747/3624
f 3816/3719/3596 3846/3749/3626 3845/3748/3625
f 3821/3724/3601 3848/3751/3628 3846/3749/3626
f 3821/3724/3601 3820/3723/3600 3847/3750/3627
f 3820/3723/3600 3823/3726/3603 3849/3752/3629
f 3823/3726/3603 3825/3728/3605 3850/3753/3630
f 3825/3728/3605 3827/3730/3607 3851/3754/3631
f 3827/3730/3607 3829/3732/3609 3852/3755/3632
f 3829/3732/3609 3831/3734/3611 3853/3756/3633
f 3831/3734/3611 3833/3736/3613 3854/3757/3634
f 3833/3736/3613 3835/3738/3615 3855/3758/3635
f 3839/3742/3619 3857/3760/3637 3855/3758/3635
f 3839/3742/3619 3841/3744/3621 3856/3759/3636
f 3843/3746/3623 3858/3761/3638 3856/3759/3636
f 3842/3745/3622 3874/3777/3654 3858/3761/3638
f 3844/3747/3624 3845/3748/3625 3859/3762/3639
f 3846/3749/3626 3862/3765/3642 3859/3762/3639
f 3846/3749/3626 3848/3751/3628 3861/3764/3641
f 3848/3751/3628 3847/3750/3627 3863/3766/3643
f 3847/3750/3627 3849/3752/3629 3864/3767/3644
f 3849/3752/3629 3850/3753/3630 3865/3768/3645
f 3850/3753/3630 3851/3754/3631 3866/3769/3646
f 3851/3754/3631 3852/3755/3632 3867/3770/3647
f 3852/3755/3632 3853/3756/3633 3868/3771/3648
f 3853/3756/3633 3854/3757/3634 3869/3772/3649
f 3854/3757/3634 3855/3758/3635 3870/3773/3650
f 3857/3760/3637 3872/3775/3652 3870/3773/3650
f 3857/3760/3637 3856/3759/3636 3871/3774/3651
f 3856/3759/3636 3858/3761/3638 3873/3776/3653
f 3874/3777/3654 4473/3790/4207 3873/3776/3653
f 3875/3408/3655 3879/3410/3659 3876/3407/3656
f 3875/3408/3655 3880/3411/3660 3878/3412/3658
f 3880/3411/3660 3882/3413/3662 3881/3414/3661
f 3882/3413/3662 3884/3415/3664 3883/3416/3663
f 3884/3415/3664 3886/3417/3666 3885/3418/3665
f 3886/3417/3666 3889/3419/3669 3887/3420/3667
f 3888/3421/3668 3891/3422/3671 3887/3420/3667
f 3890/3423/3670 3893/3424/3673 3891/3422/3671
f 3892/3425/3672 3895/3426/3675 3893/3424/3673
f 3894/3427/3674 3897/3428/3677 3895/3426/3675
f 3896/3429/3676 3899/3430/3679 3897/3428/3677
f 3898/3431/3678 3901/3432/3681 3899/3430/3679
f 3900/3433/3680 3903/3434/3683 3901/3432/3681
f 3902/3435/3682 3905/3451/3685 3903/3434/3683
f 3902/3435/3682 5516/3437/5184 3904/3436/3684
f 3879/3410/3659 3907/3438/3687 3906/3453/3686
f 3878/3412/3658 3909/3439/3689 3907/3438/3687
f 3878/3412/3658 3881/3414/3661 3908/3440/3688
f 3881/3414/3661 3883/3416/3663 3910/3441/3690
f 3883/3416/3663 3885/3418/3665 3911/3442/3691
f 3885/3418/3665 3887/3420/3667 3912/3443/3692
f 3891/3422/3671 3913/3444/3693 3912/3443/3692
f 3893/3424/3673 3914/3445/3694 3913/3444/3693
f 3895/3426/3675 3915/3446/3695 3914/3445/3694
f 3897/3428/3677 3916/3447/3696 3915/3446/3695
f 3899/3430/3679 3917/3448/3697 3916/3447/3696
f 3901/3432/3681 3918/3449/3698 3917/3448/3697
f 3903/3434/3683 3919/3450/3699 3918/3449/3698
f 3905/3451/3685 3920/3452/3700 3919/3450/3699
f 3904/3436/3684 3935/3468/3715 3920/3452/3700
f 3906/3453/3686 3907/3438/3687 3921/3454/3701
f 3909/3439/3689 3923/3455/3703 3921/3454/3701
f 3908/3440/3688 3925/3456/3705 3923/3455/3703
f 3908/3440/3688 3910/3441/3690 3924/3457/3704
f 3911/3442/3691 3926/3458/3706 3924/3457/3704
f 3912/3443/3692 3927/3459/3707 3926/3458/3706
f 3913/3444/3693 3928/3460/3708 3927/3459/3707
f 3914/3445/3694 3929/3461/3709 3928/3460/3708
f 3915/3446/3695 3930/3462/3710 3929/3461/3709
f 3916/3447/3696 3931/3463/3711 3930/3462/3710
f 3917/3448/3697 3932/3464/3712 3931/3463/3711
f 3918/3449/3698 3933/3465/3713 3932/3464/3712
f 3919/3450/3699 3934/3466/3714 3933/3465/3713
f 3920/3452/3700 3936/3467/3716 3934/3466/3714
f 3935/3468/3715 4284/3787/4056 3936/3467/3716
f 3937/3470/3717 3941/3472/3721 3938/3469/3718
f 3940/3473/3720 3943/3502/3723 3941/3472/3721
f 3942/3475/3722 3945/3474/3725 3943/3502/3723
f 3944/3477/3724 3947/3476/3727 3945/3474/3725
f 3944/3477/3724 3948/3479/3728 3946/3478/3726
f 3948/3479/3728 3950/3481/3730 3949/3480/3729
f 3950/3481/3730 3952/3483/3732 3951/3482/3731
f 3952/3483/3732 3954/3485/3734 3953/3484/3733
f 3954/3485/3734 3956/3487/3736 3955/3486/3735
f 3956/3487/3736 3958/3489/3738 3957/3488/3737
f 3958/3489/3738 3960/3491/3740 3959/3490/3739
f 3960/3491/3740 3962/3493/3742 3961/3492/3741
f 3962/3493/3742 3964/3495/3744 3963/3494/3743
f 3964/3495/3744 3966/3497/3746 3965/3496/3745
f 3966/3497/3746 5517/3499/4067 3967/3498/3747
f 3941/3472/3721 3969/3501/3749 3968/3500/3748
f 3943/3502/3723 3970/3518/3750 3969/3501/3749
f 3945/3474/3725 3972/3503/3752 3970/3518/3750
f 3945/3474/3725 3947/3476/3727 3971/3504/3751
f 3947/3476/3727 3946/3478/3726 3973/3505/3753
f 3946/3478/3726 3949/3480/3729 3974/3506/3754
f 3949/3480/3729 3951/3482/3731 3975/3507/3755
f 3951/3482/3731 3953/3484/3733 3976/3508/3756
f 3953/3484/3733 3955/3486/3735 3977/3509/3757
f 3955/3486/3735 3957/3488/3737 3978/3510/3758
f 3957/3488/3737 3959/3490/3739 3979/3511/3759
f 3959/3490/3739 3961/3492/3741 3980/3512/3760
f 3961/3492/3741 3963/3494/3743 3981/3513/3761
f 3963/3494/3743 3965/3496/3745 3982/3514/3762
f 3965/3496/3745 3967/3498/3747 3983/3515/3763
f 3969/3501/3749 3985/3517/3765 3984/3516/3764
f 3970/3518/3750 3987/3779/3767 3985/3517/3765
f 3970/3518/3750 3972/3503/3752 3986/3519/3766
f 3972/3503/3752 3971/3504/3751 3988/3520/3768
f 3971/3504/3751 3973/3505/3753 3989/3521/3769
f 3973/3505/3753 3974/3506/3754 3990/3522/3770
f 3974/3506/3754 3975/3507/3755 3991/3523/3771
f 3975/3507/3755 3976/3508/3756 3992/3524/3772
f 3976/3508/3756 3977/3509/3757 3993/3525/3773
f 3977/3509/3757 3978/3510/3758 3994/3526/3774
f 3978/3510/3758 3979/3511/3759 3995/3527/3775
f 3979/3511/3759 3980/3512/3760 3996/3528/3776
f 3980/3512/3760 3981/3513/3761 3997/3529/3777
f 3981/3513/3761 3982/3514/3762 3998/3530/3778
f 3982/3514/3762 3983/3515/3763 3999/3531/3779
f 4000/3533/3780 4003/3536/3783 4001/3532/3781
f 4003/3536/3783 4005/3538/3785 4004/3535/3784
f 4005/3538/3785 4007/3537/3787 4006/3539/3786
f 4007/3537/3787 4035/3540/3815 4008/3541/3788
f 4008/3541/3788 4035/3540/3815 4009/3542/3789
f 4010/3543/3790 4009/3542/3789 4011/3544/3791
f 4012/3545/3792 4011/3544/3791 4013/3546/3793
f 4014/3547/3794 4013/3546/3793 4015/3548/3795
f 4016/3549/3796 4015/3548/3795 4017/3550/3797
f 4018/3551/3798 4017/3550/3797 4019/3552/3799
f 4020/3553/3800 4019/3552/3799 4021/3554/3801
f 4022/3555/3802 4021/3554/3801 4023/3556/3803
f 4024/3557/3804 4023/3556/3803 4025/3558/3805
f 4026/3559/3806 4025/3558/3805 4027/3560/3807
f 4028/3561/3808 4027/3560/3807 4029/3562/3809
f 4031/3563/3811 4032/3564/3812 4003/3536/3783
f 4032/3564/3812 4033/3566/3813 4005/3538/3785
f 4033/3566/3813 4034/3565/3814 4007/3537/3787
f 4034/3565/3814 4051/3567/3831 4035/3540/3815
f 4035/3540/3815 4051/3567/3831 4036/3568/3816
f 4009/3542/3789 4036/3568/3816 4037/3569/3817
f 4011/3544/3791 4037/3569/3817 4038/3570/3818
f 4013/3546/3793 4038/3570/3818 4039/3571/3819
f 4015/3548/3795 4039/3571/3819 4040/3572/3820
f 4017/3550/3797 4040/3572/3820 4041/3573/3821
f 4019/3552/3799 4041/3573/3821 4042/3574/3822
f 4021/3554/3801 4042/3574/3822 4043/3575/3823
f 4023/3556/3803 4043/3575/3823 4044/3576/3824
f 4025/3558/3805 4044/3576/3824 4045/3577/3825
f 4027/3560/3807 4045/3577/3825 4046/3578/3826
f 4047/3579/3827 4048/3580/3828 4032/3564/3812
f 4048/3580/3828 4049/3582/3829 4033/3566/3813
f 4049/3582/3829 4050/3581/3830 4034/3565/3814
f 4050/3581/3830 5518/3583/5185 4051/3567/3831
f 4051/3567/3831 5518/3583/5185 4052/3584/3832
f 4036/3568/3816 4052/3584/3832 4053/3585/3833
f 4037/3569/3817 4053/3585/3833 4054/3586/3834
f 4038/3570/3818 4054/3586/3834 4055/3587/3835
f 4039/3571/3819 4055/3587/3835 4056/3588/3836
f 4040/3572/3820 4056/3588/3836 4057/3589/3837
f 4041/3573/3821 4057/3589/3837 4058/3590/3838
f 4042/3574/3822 4058/3590/3838 4059/3591/3839
f 4043/3575/3823 4059/3591/3839 4060/3592/3840
f 4044/3576/3824 4060/3592/3840 4061/3593/3841
f 4045/3577/3825 4061/3593/3841 4062/3594/3842
f 4063/3596/3843 4066/3599/3846 4064/3595/3844
f 4066/3599/3846 4095/3601/3875 4067/3598/3847
f 4067/3598/3847 4095/3601/3875 4068/3603/3848
f 4068/3603/3848 4071/3605/3851 4070/3602/3850
f 4071/3605/3851 4073/3607/3853 4072/3604/3852
f 4073/3607/3853 4075/3609/3855 4074/3606/3854
f 4075/3609/3855 4077/3611/3857 4076/3608/3856
f 4077/3611/3857 4079/3613/3859 4078/3610/3858
f 4079/3613/3859 4081/3615/3861 4080/3612/3860
f 4081/3615/3861 4083/3617/3863 4082/3614/3862
f 4083/3617/3863 4085/3619/3865 4084/3616/3864
f 4085/3619/3865 4087/3621/3867 4086/3618/3866
f 4087/3621/3867 4107/3623/3887 4088/3620/3868
f 4088/3620/3868 4107/3623/3887 4089/3625/3869
f 4090/3622/3870 4089/3625/3869 4091/3624/3871
f 4093/3626/3873 4094/3627/3874 4066/3599/3846
f 4094/3627/3874 4096/3628/3876 4095/3601/3875
f 4096/3628/3876 4097/3629/3877 4068/3603/3848
f 4097/3629/3877 4098/3630/3878 4071/3605/3851
f 4098/3630/3878 4099/3631/3879 4073/3607/3853
f 4099/3631/3879 4100/3632/3880 4075/3609/3855
f 4100/3632/3880 4101/3633/3881 4077/3611/3857
f 4101/3633/3881 4102/3634/3882 4079/3613/3859
f 4102/3634/3882 4103/3635/3883 4081/3615/3861
f 4103/3635/3883 4104/3636/3884 4083/3617/3863
f 4104/3636/3884 4105/3637/3885 4085/3619/3865
f 4105/3637/3885 4106/3638/3886 4087/3621/3867
f 4106/3638/3886 4108/3639/3888 4107/3623/3887
f 4108/3639/3888 4123/3641/3903 4089/3625/3869
f 4089/3625/3869 4123/3641/3903 4109/3640/3889
f 4093/3626/3873 5519/3643/4131 4110/3642/3890
f 4110/3642/3890 4111/3644/3891 4096/3628/3876
f 4111/3644/3891 4112/3645/3892 4097/3629/3877
f 4112/3645/3892 4113/3646/3893 4098/3630/3878
f 4113/3646/3893 4114/3647/3894 4099/3631/3879
f 4114/3647/3894 4115/3648/3895 4100/3632/3880
f 4115/3648/3895 4116/3649/3896 4101/3633/3881
f 4116/3649/3896 4117/3650/3897 4102/3634/3882
f 4117/3650/3897 4118/3651/3898 4103/3635/3883
f 4118/3651/3898 4119/3652/3899 4104/3636/3884
f 4119/3652/3899 4120/3653/3900 4105/3637/3885
f 4120/3653/3900 4121/3654/3901 4106/3638/3886
f 4121/3654/3901 4122/3655/3902 4108/3639/3888
f 4122/3655/3902 4124/3656/3904 4123/3641/3903
f 4124/3656/3904 5520/3788/4144 4109/3640/3889
f 4125/3658/3905 4129/3688/3909 4126/3657/3906
f 4128/3661/3908 4131/3660/3911 4129/3688/3909
f 4128/3661/3908 4132/3662/3912 4130/3663/3910
f 4132/3662/3912 4134/3664/3914 4133/3665/3913
f 4134/3664/3914 4136/3666/3916 4135/3667/3915
f 4136/3666/3916 4138/3668/3918 4137/3669/3917
f 4138/3668/3918 4140/3670/3920 4139/3671/3919
f 4140/3670/3920 4143/3672/3923 4141/3673/3921
f 4142/3674/3922 4145/3675/3925 4141/3673/3921
f 4144/3676/3924 4147/3677/3927 4145/3675/3925
f 4146/3678/3926 4149/3679/3929 4147/3677/3927
f 4148/3680/3928 4151/3681/3931 4149/3679/3929
f 4150/3682/3930 4153/3683/3933 4151/3681/3931
f 4152/3684/3932 4155/3702/3935 4153/3683/3933
f 4152/3684/3932 5521/3686/4159 4154/3685/3934
f 4129/3688/3909 4157/3689/3937 4156/3687/3936
f 4131/3660/3911 4159/3690/3939 4157/3689/3937
f 4131/3660/3911 4130/3663/3910 4158/3691/3938
f 4130/3663/3910 4133/3665/3913 4160/3692/3940
f 4133/3665/3913 4135/3667/3915 4161/3693/3941
f 4135/3667/3915 4137/3669/3917 4162/3694/3942
f 4137/3669/3917 4139/3671/3919 4163/3695/3943
f 4139/3671/3919 4141/3673/3921 4164/3696/3944
f 4145/3675/3925 4165/3697/3945 4164/3696/3944
f 4147/3677/3927 4166/3698/3946 4165/3697/3945
f 4149/3679/3929 4167/3699/3947 4166/3698/3946
f 4151/3681/3931 4168/3700/3948 4167/3699/3947
f 4153/3683/3933 4169/3701/3949 4168/3700/3948
f 4155/3702/3935 4170/3714/3950 4169/3701/3949
f 4154/3685/3934 4185/3703/3965 4170/3714/3950
f 4156/3687/3936 4157/3689/3937 4171/3704/3951
f 4159/3690/3939 4174/3705/3954 4171/3704/3951
f 4159/3690/3939 4158/3691/3938 4173/3783/3953
f 4158/3691/3938 4160/3692/3940 4175/3706/3955
f 4160/3692/3940 4161/3693/3941 4176/3707/3956
f 4161/3693/3941 4162/3694/3942 4177/3708/3957
f 4162/3694/3942 4163/3695/3943 4178/3784/3958
f 4163/3695/3943 4164/3696/3944 4179/3709/3959
f 4164/3696/3944 4165/3697/3945 4180/3710/3960
f 4166/3698/3946 4181/3711/3961 4180/3710/3960
f 4167/3699/3947 4182/3785/3962 4181/3711/3961
f 4168/3700/3948 4183/3712/3963 4182/3785/3962
f 4169/3701/3949 4184/3713/3964 4183/3712/3963
f 4170/3714/3950 4186/3715/3966 4184/3713/3964
f 4185/3703/3965 4435/3789/4178 4186/3715/3966
f 4187/3717/3967 4190/3720/3970 4188/3716/3968
f 4190/3720/3970 4192/3719/3972 4191/3722/3971
f 4192/3719/3972 4220/3724/4000 4193/3721/3973
f 4193/3721/3973 4220/3724/4000 4194/3723/3974
f 4195/3725/3975 4194/3723/3974 4196/3726/3976
f 4197/3727/3977 4196/3726/3976 4198/3728/3978
f 4199/3729/3979 4198/3728/3978 4200/3730/3980
f 4201/3731/3981 4200/3730/3980 4202/3732/3982
f 4202/3732/3982 4205/3734/3985 4204/3735/3984
f 4205/3734/3985 4207/3736/3987 4206/3737/3986
f 4207/3736/3987 4209/3738/3989 4208/3740/3988
f 4209/3738/3989 4211/3742/3991 4210/3739/3990
f 4211/3742/3991 4213/3744/3993 4212/3741/3992
f 4213/3744/3993 4215/3746/3995 4214/3743/3994
f 4215/3746/3995 4232/3745/4012 4216/3786/3996
f 4217/3747/3997 4218/3748/3998 4190/3720/3970
f 4218/3748/3998 4219/3749/3999 4192/3719/3972
f 4219/3749/3999 4236/3751/4016 4220/3724/4000
f 4220/3724/4000 4236/3751/4016 4221/3750/4001
f 4194/3723/3974 4221/3750/4001 4222/3752/4002
f 4196/3726/3976 4222/3752/4002 4223/3753/4003
f 4198/3728/3978 4223/3753/4003 4224/3754/4004
f 4224/3754/4004 4225/3755/4005 4202/3732/3982
f 4225/3755/4005 4226/3756/4006 4205/3734/3985
f 4226/3756/4006 4227/3757/4007 4207/3736/3987
f 4227/3757/4007 4228/3758/4008 4209/3738/3989
f 4228/3758/4008 4229/3760/4009 4211/3742/3991
f 4229/3760/4009 4230/3759/4010 4213/3744/3993
f 4230/3759/4010 4231/3761/4011 4215/3746/3995
f 4231/3761/4011 4247/3777/4027 4232/3745/4012
f 4233/3763/4013 4234/3762/4014 4218/3748/3998
f 4234/3762/4014 5522/3765/4198 4219/3749/3999
f 4219/3749/3999 5522/3765/4198 4235/3764/4015
f 4236/3751/4016 4235/3764/4015 4237/3766/4017
f 4221/3750/4001 4237/3766/4017 4238/3767/4018
f 4222/3752/4002 4238/3767/4018 4239/3768/4019
f 4223/3753/4003 4239/3768/4019 4240/3769/4020
f 4240/3769/4020 4241/3770/4021 4225/3755/4005
f 4241/3770/4021 4242/3771/4022 4226/3756/4006
f 4242/3771/4022 4243/3772/4023 4227/3757/4007
f 4243/3772/4023 4244/3773/4024 4228/3758/4008
f 4244/3773/4024 5523/3775/5186 4229/3760/4009
f 4229/3760/4009 5523/3775/5186 4245/3774/4025
f 4230/3759/4010 4245/3774/4025 4246/3776/4026
f 4246/3776/4026 5524/3790/5187 4247/3777/4027
f 3504/3407/3284 3506/3409/3286 4248/3409/4028
f 3506/3409/3286 3505/3408/3285 4250/3408/3655
f 3508/3411/3288 4251/3411/4030 4250/3408/3655
f 3510/3413/3290 4252/3413/4031 4251/3411/4030
f 3512/3415/3292 4253/3415/4032 4252/3413/4031
f 3514/3417/3294 4254/3417/4033 4253/3415/4032
f 3516/3419/3296 4255/3419/4034 4254/3417/4033
f 3518/3421/3298 4256/3421/3668 4255/3419/4034
f 3520/3423/3300 4257/3423/4035 4256/3421/3668
f 3522/3425/3302 4258/3425/4036 4257/3423/4035
f 3524/3427/3304 4259/3427/4037 4258/3425/4036
f 3526/3429/3306 4260/3429/4038 4259/3427/4037
f 3528/3431/3308 4262/3431/4040 4260/3429/4038
f 3528/3431/3308 3530/3433/3310 4261/3433/4039
f 3530/3433/3310 3532/3435/3312 4263/3435/4041
f 3550/3453/3330 3504/3407/3284 4249/3407/4029
f 3533/3436/3313 3565/3468/3345 4265/3468/4043
f 4268/3778/4045 3550/3453/3330 4264/3453/4042
f 4267/3778/4044 3922/3778/3702 3921/3454/3701
f 3552/3455/3332 3551/3454/3331 4269/3454/3701
f 3553/3456/3333 3552/3455/3332 4270/3455/4046
f 3554/3457/3334 3553/3456/3333 4271/3456/3705
f 3555/3458/3335 3554/3457/3334 4272/3457/4047
f 3556/3459/3336 3555/3458/3335 4273/3458/4048
f 3557/3460/3337 3556/3459/3336 4274/3459/4049
f 3558/3461/3338 3557/3460/3337 4275/3460/4050
f 3559/3462/3339 3558/3461/3338 4276/3461/3709
f 3560/3463/3340 3559/3462/3339 4277/3462/3710
f 3561/3464/3341 3560/3463/3340 4278/3463/4051
f 3562/3465/3342 3561/3464/3341 4279/3464/4052
f 3562/3465/3342 4280/3465/4053 4281/3466/3714
f 3563/3466/3343 4281/3466/3714 4282/3467/4054
f 5507/3787/5181 3564/3467/3344 4282/3467/4054
f 3565/3468/3345 5507/3787/5181 4285/3787/4056
f 3568/3471/3348 4288/3471/4059 4286/3469/4057
f 3568/3471/3348 3567/3470/3347 4287/3470/4058
f 3570/3473/3350 4289/3473/3720 4287/3470/4058
f 3572/3475/3352 4290/3475/4060 4289/3473/3720
f 3574/3477/3354 4291/3477/4061 4290/3475/4060
f 3576/3479/3356 4292/3479/4062 4291/3477/4061
f 3578/3481/3358 4293/3481/3730 4292/3479/4062
f 3580/3483/3360 4294/3483/4063 4293/3481/3730
f 3582/3485/3362 4295/3485/3734 4294/3483/4063
f 3584/3487/3364 4296/3487/4064 4295/3485/3734
f 3586/3489/3366 4297/3489/4065 4296/3487/4064
f 3588/3491/3368 4298/3491/3740 4297/3489/4065
f 3590/3493/3370 4300/3493/4066 4298/3491/3740
f 3590/3493/3370 3592/3495/3372 4299/3495/3744
f 3592/3495/3372 3594/3497/3374 4301/3497/3746
f 3595/3498/3375 4304/3498/3747 4302/3499/4067
f 3596/3499/3376 4302/3499/4067 4301/3497/3746
f 3566/3469/3346 4286/3469/4057 4303/3500/4068
f 3612/3515/3392 4322/3515/4081 4304/3498/3747
f 3613/3516/3393 3597/3500/3377 4303/3500/4068
f 3613/3516/3393 4305/3516/4069 4306/3517/3765
f 5508/3779/4070 3614/3517/3394 4306/3517/3765
f 3616/3519/3396 5508/3779/4070 4308/3779/3767
f 3617/3520/3397 3616/3519/3396 4309/3519/4071
f 3618/3521/3398 3617/3520/3397 4310/3520/4072
f 3619/3522/3399 3618/3521/3398 4311/3521/4073
f 3620/3523/3400 3619/3522/3399 4312/3522/4074
f 3621/3524/3401 3620/3523/3400 4313/3523/4075
f 3622/3525/3402 3621/3524/3401 4314/3524/3772
f 3623/3526/3403 3622/3525/3402 4315/3525/3773
f 3624/3527/3404 3623/3526/3403 4316/3526/4076
f 3625/3528/3405 3624/3527/3404 4317/3527/4077
f 3625/3528/3405 4318/3528/4078 4319/3529/4079
f 3626/3529/3406 4319/3529/4079 4320/3530/3778
f 3628/3531/3408 3627/3530/3407 4320/3530/3778
f 3628/3531/3408 4321/3531/4080 4322/3515/4081
f 3631/3534/3411 3630/3533/3410 4323/3533/4082
f 3631/3534/3411 4324/3534/4083 4325/3532/3781
f 3632/3535/3412 3629/3532/3409 4325/3532/3781
f 3636/3539/3416 3632/3535/3412 4326/3535/4084
f 3638/3541/3418 3636/3539/3416 4327/3539/4085
f 3640/3543/3420 3638/3541/3418 4328/3541/4086
f 3642/3545/3422 3640/3543/3420 4329/3543/4087
f 3644/3547/3424 3642/3545/3422 4330/3545/4088
f 3646/3549/3426 3644/3547/3424 4331/3547/4089
f 3648/3551/3428 3646/3549/3426 4332/3549/4090
f 3650/3553/3430 3648/3551/3428 4333/3551/4091
f 3652/3555/3432 3650/3553/3430 4334/3553/4092
f 3654/3557/3434 3652/3555/3432 4335/3555/4093
f 3654/3557/3434 4336/3557/4094 4337/3559/4095
f 3656/3559/3436 4337/3559/4095 4338/3561/3808
f 3659/3562/3439 5509/3780/5182 4339/3780/4096
f 5509/3780/5182 3658/3561/3438 4338/3561/3808
f 3630/3533/3410 3660/3563/3440 4342/3563/4099
f 3675/3578/3455 3659/3562/3439 4340/3562/4097
f 3676/3579/3456 4345/3579/4100 4342/3563/4099
f 3676/3579/3456 3677/3580/3457 4344/3580/3828
f 3679/3582/3459 4346/3582/4101 4344/3580/3828
f 3678/3581/3458 4347/3581/4102 4346/3582/4101
f 3680/3583/3460 4348/3583/4103 4347/3581/4102
f 3681/3584/3461 4349/3584/4104 4348/3583/4103
f 3682/3585/3462 4350/3585/4105 4349/3584/4104
f 3683/3586/3463 4351/3586/4106 4350/3585/4105
f 3684/3587/3464 4352/3587/4107 4351/3586/4106
f 3685/3588/3465 4353/3588/4108 4352/3587/4107
f 3686/3589/3466 4354/3589/4109 4353/3588/4108
f 3687/3590/3467 4355/3590/4110 4354/3589/4109
f 3688/3591/3468 4357/3591/3839 4355/3590/4110
f 3688/3591/3468 3689/3592/3469 4356/3592/4111
f 3689/3592/3469 3690/3593/3470 4358/3593/3841
f 3691/3594/3471 4359/3594/4112 4358/3593/3841
f 3691/3594/3471 3675/3578/3455 4343/3578/3826
f 3693/3596/3473 4375/3596/4127 4360/3597/4113
f 3694/3597/3474 4360/3597/4113 4361/3595/4114
f 3695/3598/3475 3692/3595/3472 4361/3595/4114
f 3697/3600/3477 3695/3598/3475 4362/3598/4115
f 3699/3602/3479 3697/3600/3477 4363/3600/4116
f 3701/3604/3481 3699/3602/3479 4364/3602/4117
f 3703/3606/3483 3701/3604/3481 4365/3604/4118
f 3705/3608/3485 3703/3606/3483 4366/3606/4119
f 3707/3610/3487 3705/3608/3485 4367/3608/4120
f 3709/3612/3489 3707/3610/3487 4368/3610/4121
f 3711/3614/3491 3709/3612/3489 4369/3612/4122
f 3713/3616/3493 3711/3614/3491 4370/3614/4123
f 3715/3618/3495 3713/3616/3493 4371/3616/4124
f 3715/3618/3495 4372/3618/4125 4373/3620/3868
f 3717/3620/3497 4373/3620/3868 4374/3622/4126
f 3723/3626/3503 4377/3626/4129 4375/3596/4127
f 3721/3624/3501 4477/3624/4211 4376/3640/4128
f 3740/3643/3520 4379/3643/4131 4377/3626/4129
f 3740/3643/3520 3739/3642/3519 4378/3642/4130
f 3741/3644/3521 4380/3644/4132 4378/3642/4130
f 3742/3645/3522 4381/3645/4133 4380/3644/4132
f 3743/3646/3523 4382/3646/4134 4381/3645/4133
f 3744/3647/3524 4383/3647/4135 4382/3646/4134
f 3745/3648/3525 4384/3648/4136 4383/3647/4135
f 3746/3649/3526 4385/3649/4137 4384/3648/4136
f 3747/3650/3527 4386/3650/4138 4385/3649/4137
f 3748/3651/3528 4387/3651/4139 4386/3650/4138
f 3749/3652/3529 4388/3652/4140 4387/3651/4139
f 3750/3653/3530 4389/3653/4141 4388/3652/4140
f 3751/3654/3531 4391/3654/4142 4389/3653/4141
f 3751/3654/3531 3752/3655/3532 4390/3655/3902
f 3752/3655/3532 3753/3656/3533 4392/3656/3904
f 5525/3788/4143 5520/3788/4144 4124/3656/3904
f 3737/3640/3517 4376/3640/4128 4394/3788/4144
f 3754/3657/3534 3756/3659/3536 4395/3659/4145
f 3756/3659/3536 3755/3658/3535 4397/3658/3905
f 3758/3661/3538 4398/3661/4147 4397/3658/3905
f 3759/3662/3539 4399/3662/4148 4398/3661/4147
f 3761/3664/3541 4400/3664/4149 4399/3662/4148
f 3763/3666/3543 4401/3666/4150 4400/3664/4149
f 3765/3668/3545 4402/3668/4151 4401/3666/4150
f 3767/3670/3547 4403/3670/4152 4402/3668/4151
f 3769/3672/3549 4404/3672/4153 4403/3670/4152
f 3771/3674/3551 4405/3674/4154 4404/3672/4153
f 3773/3676/3553 4406/3676/4155 4405/3674/4154
f 3775/3678/3555 4407/3678/4156 4406/3676/4155
f 3777/3680/3557 4409/3680/3928 4407/3678/4156
f 3777/3680/3557 3779/3682/3559 4408/3682/4157
f 3779/3682/3559 3781/3684/3561 4410/3684/4158
f 3782/3685/3562 4414/3685/4162 4411/3686/4159
f 3783/3686/3563 4411/3686/4159 4410/3684/4158
f 3784/3687/3564 3754/3657/3534 4396/3657/4146
f 3782/3685/3562 3800/3703/3580 4413/3703/4161
f 4416/3782/4164 3784/3687/3564 4412/3687/4160
f 4415/3782/4163 4172/3782/3952 4171/3704/3951
f 3802/3705/3582 3801/3704/3581 4417/3704/3951
f 5511/3783/4166 3802/3705/3582 4418/3705/4165
f 3803/3706/3583 5511/3783/4166 4420/3783/4167
f 3804/3707/3584 3803/3706/3583 4421/3706/4168
f 3805/3708/3585 3804/3707/3584 4422/3707/4169
f 5512/3784/4171 3805/3708/3585 4423/3708/4170
f 3806/3709/3586 5512/3784/4171 4425/3784/3958
f 3807/3710/3587 3806/3709/3586 4426/3709/4172
f 3808/3711/3588 3807/3710/3587 4427/3710/3960
f 5513/3785/4174 3808/3711/3588 4428/3711/4173
f 3809/3712/3589 5513/3785/4174 4430/3785/3962
f 3809/3712/3589 4431/3712/4175 4432/3713/3964
f 3810/3713/3590 4432/3713/3964 4433/3715/4176
f 5514/3789/5183 3812/3715/3592 4433/3715/4176
f 3800/3703/3580 5514/3789/5183 4436/3789/4179
f 3814/3717/3594 4455/3717/4194 4437/3718/4180
f 3815/3718/3595 4437/3718/4180 4438/3716/4181
f 3819/3722/3599 3813/3716/3593 4438/3716/4181
f 3818/3721/3598 3819/3722/3599 4439/3722/4182
f 3822/3725/3602 3818/3721/3598 4440/3721/4183
f 3824/3727/3604 3822/3725/3602 4441/3725/3975
f 3826/3729/3606 3824/3727/3604 4442/3727/4184
f 3828/3731/3608 3826/3729/3606 4443/3729/4185
f 3830/3733/3610 3828/3731/3608 4444/3731/4186
f 3832/3735/3612 3830/3733/3610 4445/3733/3983
f 3834/3737/3614 3832/3735/3612 4446/3735/4187
f 3837/3740/3617 3834/3737/3614 4447/3737/4188
f 3836/3739/3616 3837/3740/3617 4448/3740/4189
f 3836/3739/3616 4449/3739/4190 4450/3741/4191
f 3838/3741/3618 4450/3741/4191 4451/3743/3994
f 3842/3745/3622 5515/3786/4193 4452/3786/4192
f 5515/3786/4193 3840/3743/3620 4451/3743/3994
f 3844/3747/3624 4457/3747/4196 4455/3717/4194
f 3842/3745/3622 4453/3745/4012 4456/3777/4195
f 3860/3763/3640 4459/3763/4197 4457/3747/4196
f 3860/3763/3640 3859/3762/3639 4458/3762/4014
f 3862/3765/3642 4460/3765/4198 4458/3762/4014
f 3861/3764/3641 4461/3764/4199 4460/3765/4198
f 3863/3766/3643 4462/3766/4200 4461/3764/4199
f 3864/3767/3644 4463/3767/4018 4462/3766/4200
f 3865/3768/3645 4464/3768/4019 4463/3767/4018
f 3866/3769/3646 4465/3769/4201 4464/3768/4019
f 3867/3770/3647 4466/3770/4202 4465/3769/4201
f 3868/3771/3648 4467/3771/4203 4466/3770/4202
f 3869/3772/3649 4468/3772/4204 4467/3771/4203
f 3870/3773/3650 4470/3773/4206 4468/3772/4204
f 3870/3773/3650 3872/3775/3652 4469/3775/4205
f 3872/3775/3652 3871/3774/3651 4471/3774/4025
f 3871/3774/3651 3873/3776/3653 4472/3776/4026
f 5526/3790/5188 5524/3790/5187 4246/3776/4026
f 3874/3777/3654 4456/3777/4195 4474/3790/4208
f 3533/3436/3313 4266/3436/3684 4475/3437/4209
f 3534/3437/3314 4475/3437/4209 4263/3435/4041
f 3721/3624/3501 5510/3781/4212 4476/3781/4210
f 5510/3781/4212 3719/3622/3499 4374/3622/4126
f 4479/3791/4213 4482/3794/4216 4480/3792/4214
f 4482/3794/4216 4484/3796/4218 4483/3795/4217
f 4484/3796/4218 4486/3798/4220 4485/3797/4219
f 4486/3798/4220 4488/3800/4222 4487/3799/4221
f 4488/3800/4222 4490/3802/4224 4489/3801/4223
f 4490/3802/4224 4492/3804/4226 4491/3803/4225
f 4492/3804/4226 4494/3806/4228 4493/3805/4227
f 4494/3806/4228 4496/3808/4230 4495/3807/4229
f 4496/3808/4230 4498/3810/4232 4497/3809/4231
f 4498/3810/4232 4523/3835/4257 4499/3811/4233
f 4499/3811/4233 4523/3835/4257 4500/3812/4234
f 4501/3813/4235 4500/3812/4234 4502/3814/4236
f 4503/3815/4237 4502/3814/4236 4504/3816/4238
f 4505/3817/4239 4504/3816/4238 4506/3818/4240
f 4507/3819/4241 4506/3818/4240 4508/3820/4242
f 4510/3822/4244 4530/3842/4264 4511/3823/4245
f 4513/3825/4247 4514/3826/4248 4482/3794/4216
f 4514/3826/4248 4515/3827/4249 4484/3796/4218
f 4515/3827/4249 4516/3828/4250 4486/3798/4220
f 4516/3828/4250 4517/3829/4251 4488/3800/4222
f 4517/3829/4251 4518/3830/4252 4490/3802/4224
f 4518/3830/4252 4519/3831/4253 4492/3804/4226
f 4519/3831/4253 4520/3832/4254 4494/3806/4228
f 4520/3832/4254 4521/3833/4255 4496/3808/4230
f 4521/3833/4255 4522/3834/4256 4498/3810/4232
f 4522/3834/4256 4524/3836/4258 4523/3835/4257
f 4524/3836/4258 4525/3837/4259 4500/3812/4234
f 4525/3837/4259 4526/3838/4260 4502/3814/4236
f 4526/3838/4260 4527/3839/4261 4504/3816/4238
f 4527/3839/4261 4528/3840/4262 4506/3818/4240
f 4528/3840/4262 4546/3858/4280 4508/3820/4242
f 4529/3841/4263 4548/3860/4282 4511/3823/4245
f 4531/3843/4265 4532/3844/4266 4514/3826/4248
f 4532/3844/4266 4533/3845/4267 4515/3827/4249
f 4533/3845/4267 4534/3846/4268 4516/3828/4250
f 4534/3846/4268 4535/3847/4269 4517/3829/4251
f 4535/3847/4269 4536/3848/4270 4518/3830/4252
f 4536/3848/4270 4537/3849/4271 4519/3831/4253
f 4537/3849/4271 4538/3850/4272 4520/3832/4254
f 4538/3850/4272 4539/3851/4273 4521/3833/4255
f 4539/3851/4273 4540/3852/4274 4522/3834/4256
f 4540/3852/4274 4541/3853/4275 4524/3836/4258
f 4541/3853/4275 4542/3854/4276 4525/3837/4259
f 4542/3854/4276 4543/3855/4277 4526/3838/4260
f 4543/3855/4277 4544/3856/4278 4527/3839/4261
f 4544/3856/4278 4545/3857/4279 4528/3840/4262
f 4545/3857/4279 4564/3876/4298 4546/3858/4280
f 4547/3859/4281 4566/3878/4300 4548/3860/4282
f 4549/3861/4283 4550/3862/4284 4532/3844/4266
f 4550/3862/4284 4551/3863/4285 4533/3845/4267
f 4551/3863/4285 4552/3864/4286 4534/3846/4268
f 4552/3864/4286 4553/3865/4287 4535/3847/4269
f 4553/3865/4287 4554/3866/4288 4536/3848/4270
f 4554/3866/4288 4555/3867/4289 4537/3849/4271
f 4555/3867/4289 4556/3868/4290 4538/3850/4272
f 4556/3868/4290 4557/3869/4291 4539/3851/4273
f 4557/3869/4291 4558/3870/4292 4540/3852/4274
f 4558/3870/4292 4559/3871/4293 4541/3853/4275
f 4559/3871/4293 4560/3872/4294 4542/3854/4276
f 4560/3872/4294 4561/3873/4295 4543/3855/4277
f 4561/3873/4295 4562/3874/4296 4544/3856/4278
f 4562/3874/4296 4563/3875/4297 4545/3857/4279
f 4563/3875/4297 5422/4341/5130 4564/3876/4298
f 4565/3877/4299 5418/3989/5126 4566/3878/4300
f 4567/3879/4301 4570/3882/4304 4568/3880/4302
f 4570/3882/4304 4572/3884/4306 4571/3883/4305
f 4572/3884/4306 4574/3886/4308 4573/3885/4307
f 4574/3886/4308 4576/3888/4310 4575/3887/4309
f 4576/3888/4310 4578/3890/4312 4577/3889/4311
f 4578/3890/4312 4580/3892/4314 4579/3891/4313
f 4580/3892/4314 4582/3894/4316 4581/3893/4315
f 4582/3894/4316 4584/3896/4318 4583/3895/4317
f 4584/3896/4318 4586/3898/4320 4585/3897/4319
f 4586/3898/4320 4588/3900/4322 4587/3899/4321
f 4588/3900/4322 4590/3902/4324 4589/3901/4323
f 4590/3902/4324 4592/3904/4326 4591/3903/4325
f 4592/3904/4326 4594/3906/4328 4593/3905/4327
f 4594/3906/4328 4596/3908/4330 4595/3907/4329
f 4596/3908/4330 4769/3979/4501 4597/3909/4331
f 4598/3910/4332 5453/3990/4526 4599/3911/4333
f 4601/3913/4335 4605/3794/4339 4602/3914/4336
f 4604/3916/4338 4607/3796/4341 4605/3794/4339
f 4606/3917/4340 4609/3798/4343 4607/3796/4341
f 4608/3918/4342 4611/3800/4345 4609/3798/4343
f 4610/3919/4344 4613/3802/4347 4611/3800/4345
f 4612/3920/4346 4615/3804/4349 4613/3802/4347
f 4614/3921/4348 4617/3806/4351 4615/3804/4349
f 4616/3922/4350 4619/3808/4353 4617/3806/4351
f 4618/3923/4352 4621/3810/4355 4619/3808/4353
f 4620/3924/4354 4623/3835/4357 4621/3810/4355
f 4620/3924/4354 4624/3925/4358 4622/3812/4356
f 4624/3925/4358 4626/3926/4360 4625/3814/4359
f 4626/3926/4360 4628/3927/4362 4627/3816/4361
f 4628/3927/4362 4630/3928/4364 4629/3818/4363
f 4630/3928/4364 5437/4342/5142 4631/3820/4365
f 4632/3929/4366 5436/3988/4520 4633/3823/4367
f 4605/3794/4339 4636/3826/4370 4635/3931/4369
f 4607/3796/4341 4637/3827/4371 4636/3826/4370
f 4609/3798/4343 4638/3828/4372 4637/3827/4371
f 4611/3800/4345 4639/3829/4373 4638/3828/4372
f 4613/3802/4347 4640/3830/4374 4639/3829/4373
f 4615/3804/4349 4641/3831/4375 4640/3830/4374
f 4617/3806/4351 4642/3832/4376 4641/3831/4375
f 4619/3808/4353 4643/3833/4377 4642/3832/4376
f 4621/3810/4355 4644/3834/4378 4643/3833/4377
f 4623/3835/4357 4645/3836/4379 4644/3834/4378
f 4622/3812/4356 4646/3837/4380 4645/3836/4379
f 4625/3814/4359 4647/3838/4381 4646/3837/4380
f 4627/3816/4361 4648/3839/4382 4647/3838/4381
f 4629/3818/4363 4649/3840/4383 4648/3839/4382
f 4631/3820/4365 4665/3858/4399 4649/3840/4383
f 4633/3823/4367 4667/3860/4401 4650/3932/4384
f 4636/3826/4370 4652/3844/4386 4651/3933/4385
f 4637/3827/4371 4653/3845/4387 4652/3844/4386
f 4638/3828/4372 4654/3846/4388 4653/3845/4387
f 4639/3829/4373 4655/3847/4389 4654/3846/4388
f 4640/3830/4374 4656/3848/4390 4655/3847/4389
f 4641/3831/4375 4657/3849/4391 4656/3848/4390
f 4642/3832/4376 4658/3850/4392 4657/3849/4391
f 4643/3833/4377 4659/3851/4393 4658/3850/4392
f 4644/3834/4378 4660/3852/4394 4659/3851/4393
f 4645/3836/4379 4661/3853/4395 4660/3852/4394
f 4646/3837/4380 4662/3854/4396 4661/3853/4395
f 4647/3838/4381 4663/3855/4397 4662/3854/4396
f 4648/3839/4382 4664/3856/4398 4663/3855/4397
f 4649/3840/4383 4666/3857/4400 4664/3856/4398
f 4665/3858/4399 4683/3876/4417 4666/3857/4400
f 4667/3860/4401 4685/3878/4419 4668/3934/4402
f 4652/3844/4386 4670/3862/4404 4669/3935/4403
f 4653/3845/4387 4671/3863/4405 4670/3862/4404
f 4654/3846/4388 4672/3864/4406 4671/3863/4405
f 4655/3847/4389 4673/3865/4407 4672/3864/4406
f 4656/3848/4390 4674/3866/4408 4673/3865/4407
f 4657/3849/4391 4675/3867/4409 4674/3866/4408
f 4658/3850/4392 4676/3868/4410 4675/3867/4409
f 4659/3851/4393 4677/3869/4411 4676/3868/4410
f 4660/3852/4394 4678/3870/4412 4677/3869/4411
f 4661/3853/4395 4679/3871/4413 4678/3870/4412
f 4662/3854/4396 4680/3872/4414 4679/3871/4413
f 4663/3855/4397 4681/3873/4415 4680/3872/4414
f 4664/3856/4398 4682/3874/4416 4681/3873/4415
f 4666/3857/4400 4684/3875/4418 4682/3874/4416
f 4683/3876/4417 5421/4341/5129 4684/3875/4418
f 4685/3878/4419 5420/3989/5128 4686/3936/4420
f 4687/3937/4421 4691/3882/4425 4688/3938/4422
f 4690/3940/4424 4693/3884/4427 4691/3882/4425
f 4692/3941/4426 4695/3886/4429 4693/3884/4427
f 4694/3942/4428 4697/3888/4431 4695/3886/4429
f 4696/3943/4430 4699/3890/4433 4697/3888/4431
f 4698/3944/4432 4701/3892/4435 4699/3890/4433
f 4700/3945/4434 4703/3894/4437 4701/3892/4435
f 4702/3946/4436 4705/3896/4439 4703/3894/4437
f 4704/3947/4438 4707/3898/4441 4705/3896/4439
f 4706/3948/4440 4709/3900/4443 4707/3898/4441
f 4708/3949/4442 4711/3902/4445 4709/3900/4443
f 4710/3950/4444 4713/3904/4447 4711/3902/4445
f 4712/3951/4446 4715/3906/4449 4713/3904/4447
f 4714/3952/4448 4717/3908/4451 4715/3906/4449
f 4716/3953/4450 5455/3979/4500 4717/3908/4451
f 4718/3954/4452 5527/3983/5189 4719/3911/4453
f 4721/3956/4455 5528/3957/5190 4722/3957/4456
f 4724/3959/4458 4771/3959/4503 4725/3960/4459
f 4727/3961/4461 4787/3961/4518 4728/3962/4462
f 4730/3963/4464 5426/3964/5133 4731/3964/4465
f 4733/3966/4467 4779/3966/4510 4734/3967/4468
f 4736/3969/4470 4740/3969/4474 4737/3970/4471
f 4739/3971/4473 4741/3971/4475 4740/3969/4474
f 4726/3960/4460 4725/3960/4459 4741/3971/4475
f 4742/3972/4476 5435/3973/5141 4743/3973/4477
f 4742/3972/4476 4744/3972/4478 4745/3974/4479
f 4746/3974/4480 4745/3974/4479 5424/3975/5132
f 4749/3975/4483 4748/3975/4482 4750/3976/4484
f 4567/3879/4301 5419/3978/5127 4752/3978/4486
f 4572/3884/4306 4570/3882/4304 4754/3882/4488
f 4572/3884/4306 4755/3884/4489 4756/3886/4490
f 4574/3886/4308 4756/3886/4490 4757/3888/4431
f 4578/3890/4312 4576/3888/4310 4757/3888/4431
f 4580/3892/4314 4578/3890/4312 4758/3890/4491
f 4580/3892/4314 4759/3892/4435 4760/3894/4492
f 4584/3896/4318 4582/3894/4316 4760/3894/4492
f 4586/3898/4320 4584/3896/4318 4761/3896/4493
f 4586/3898/4320 4762/3898/4494 4763/3900/4495
f 4590/3902/4324 4588/3900/4322 4763/3900/4495
f 4592/3904/4326 4590/3902/4324 4764/3902/4496
f 4594/3906/4328 4592/3904/4326 4765/3904/4497
f 4596/3908/4330 4594/3906/4328 4766/3906/4498
f 4596/3908/4330 4767/3908/4499 4768/3979/4500
f 4770/3980/4502 4773/3980/4505 4771/3959/4503
f 4772/3981/4504 4775/3981/4507 4773/3980/4505
f 5440/3981/5145 5441/3982/5146 5529/3982/4506
f 4600/3912/4334 4599/3911/4333 4776/3911/4453
f 4780/3984/4511 4782/3984/4513 5438/3966/5143
f 4780/3984/4511 4784/3985/4515 4781/3985/4512
f 4783/3986/4514 4785/3986/4516 4781/3985/4512
f 4729/3962/4463 4728/3962/4462 4785/3986/4516
f 4786/3987/4517 4788/3987/4519 4787/3961/4518
f 4738/3970/4472 4737/3970/4471 4788/3987/4519
f 4511/3823/4245 4790/3823/4521 4789/3988/4520
f 4548/3860/4282 4791/3860/4522 4790/3823/4521
f 4566/3878/4300 4793/3878/4524 4791/3860/4522
f 4566/3878/4300 5418/3989/5126 4792/3989/4523
f 4794/3979/4525 5455/3979/4500 4720/3955/4454
f 4796/3991/4527 4814/4009/4545 4797/3992/4528
f 4798/3993/4529 4797/3992/4528 4799/3994/4530
f 4800/3995/4531 4799/3994/4530 4801/3996/4532
f 4802/3997/4533 4801/3996/4532 4803/3998/4534
f 4804/3999/4535 4803/3998/4534 4805/4000/4536
f 4806/4001/4537 4805/4000/4536 4807/4002/4538
f 4808/4003/4539 4807/4002/4538 4809/4004/4540
f 4811/4006/4542 4823/4018/4554 4812/4007/4543
f 4814/4009/4545 4824/4019/4555 4815/4010/4546
f 4797/3992/4528 4815/4010/4546 4816/4011/4547
f 4799/3994/4530 4816/4011/4547 4817/4012/4548
f 4801/3996/4532 4817/4012/4548 4818/4013/4549
f 4803/3998/4534 4818/4013/4549 4819/4014/4550
f 4805/4000/4536 4819/4014/4550 4820/4015/4551
f 4807/4002/4538 4820/4015/4551 4821/4016/4552
f 4822/4017/4553 4833/4028/4564 4812/4007/4543
f 4824/4019/4555 4834/4029/4565 4825/4020/4556
f 4815/4010/4546 4825/4020/4556 4826/4021/4557
f 4816/4011/4547 4826/4021/4557 4827/4022/4558
f 4817/4012/4548 4827/4022/4558 4828/4023/4559
f 4818/4013/4549 4828/4023/4559 4829/4024/4560
f 4819/4014/4550 4829/4024/4560 4830/4025/4561
f 4820/4015/4551 4830/4025/4561 4831/4026/4562
f 4832/4027/4563 4843/4038/4574 4833/4028/4564
f 4834/4029/4565 4845/4040/4576 4835/4030/4566
f 4825/4020/4556 4835/4030/4566 4836/4031/4567
f 4826/4021/4557 4836/4031/4567 4837/4032/4568
f 4827/4022/4558 4837/4032/4568 4838/4033/4569
f 4828/4023/4559 4838/4033/4569 4839/4034/4570
f 4829/4024/4560 4839/4034/4570 4840/4035/4571
f 4830/4025/4561 4840/4035/4571 4841/4036/4572
f 4842/4037/4573 4853/4048/4584 4843/4038/4574
f 4844/4039/4575 4846/4041/4577 4835/4030/4566
f 4846/4041/4577 4847/4042/4578 4836/4031/4567
f 4847/4042/4578 4848/4043/4579 4837/4032/4568
f 4848/4043/4579 4849/4044/4580 4838/4033/4569
f 4849/4044/4580 4850/4045/4581 4839/4034/4570
f 4850/4045/4581 4851/4046/4582 4840/4035/4571
f 4851/4046/4582 4861/4056/4592 4841/4036/4572
f 4852/4047/4583 4863/4058/4594 4853/4048/4584
f 4854/4049/4585 4855/4050/4586 4846/4041/4577
f 4855/4050/4586 4856/4051/4587 4847/4042/4578
f 4856/4051/4587 4857/4052/4588 4848/4043/4579
f 4857/4052/4588 4858/4053/4589 4849/4044/4580
f 4858/4053/4589 4859/4054/4590 4850/4045/4581
f 4859/4054/4590 4860/4055/4591 4851/4046/4582
f 4860/4055/4591 4871/4066/4602 4861/4056/4592
f 4862/4057/4593 4873/4068/4604 4863/4058/4594
f 4864/4059/4595 4865/4060/4596 4855/4050/4586
f 4865/4060/4596 4866/4061/4597 4856/4051/4587
f 4866/4061/4597 4867/4062/4598 4857/4052/4588
f 4867/4062/4598 4868/4063/4599 4858/4053/4589
f 4868/4063/4599 4869/4064/4600 4859/4054/4590
f 4869/4064/4600 4870/4065/4601 4860/4055/4591
f 4870/4065/4601 4881/4076/4612 4871/4066/4602
f 4872/4067/4603 4883/4078/4614 4873/4068/4604
f 4874/4069/4605 4875/4070/4606 4865/4060/4596
f 4875/4070/4606 4876/4071/4607 4866/4061/4597
f 4876/4071/4607 4877/4072/4608 4867/4062/4598
f 4877/4072/4608 4878/4073/4609 4868/4063/4599
f 4878/4073/4609 4879/4074/4610 4869/4064/4600
f 4879/4074/4610 4880/4075/4611 4870/4065/4601
f 4880/4075/4611 5356/4338/5072 4881/4076/4612
f 4882/4077/4613 5263/4300/4991 4883/4078/4614
f 4884/4079/4615 4887/4082/4618 4885/4080/4616
f 4887/4082/4618 4889/4084/4620 4888/4083/4619
f 4889/4084/4620 4891/4086/4622 4890/4085/4621
f 4891/4086/4622 4893/4088/4624 4892/4087/4623
f 4893/4088/4624 4895/4090/4626 4894/4089/4625
f 4895/4090/4626 4897/4092/4628 4896/4091/4627
f 4897/4092/4628 5417/4304/5001 4898/4093/4629
f 4899/4094/4630 5530/4305/5191 4900/4095/4631
f 4902/4097/4633 4905/4100/4636 4903/4098/4634
f 4905/4100/4636 4907/4102/4638 4906/4101/4637
f 4907/4102/4638 4909/4104/4640 4908/4103/4639
f 4909/4104/4640 4911/4106/4642 4910/4105/4641
f 4911/4106/4642 4913/4108/4644 4912/4107/4643
f 4913/4108/4644 4915/4110/4646 4914/4109/4645
f 4915/4110/4646 5406/4340/5116 4916/4111/4647
f 4917/4112/4648 4928/4123/4659 4918/4113/4649
f 4904/4099/4635 4903/4098/4634 4920/4115/4651
f 4903/4098/4634 4906/4101/4637 4922/4117/4653
f 4906/4101/4637 4908/4103/4639 4923/4118/4654
f 4908/4103/4639 4910/4105/4641 4924/4119/4655
f 4910/4105/4641 4912/4107/4643 4925/4120/4656
f 4912/4107/4643 4914/4109/4645 4926/4121/4657
f 4914/4109/4645 4916/4111/4647 4927/4122/4658
f 4928/4123/4659 4938/4133/4669 4929/4124/4660
f 4921/4116/4652 4920/4115/4651 4930/4125/4661
f 4920/4115/4651 4922/4117/4653 4932/4127/4663
f 4922/4117/4653 4923/4118/4654 4933/4128/4664
f 4923/4118/4654 4924/4119/4655 4934/4129/4665
f 4924/4119/4655 4925/4120/4656 4935/4130/4666
f 4925/4120/4656 4926/4121/4657 4936/4131/4667
f 4926/4121/4657 4927/4122/4658 4937/4132/4668
f 4938/4133/4669 4948/4143/4679 4939/4134/4670
f 4931/4126/4662 4930/4125/4661 4940/4135/4671
f 4930/4125/4661 4932/4127/4663 4942/4137/4673
f 4932/4127/4663 4933/4128/4664 4943/4138/4674
f 4933/4128/4664 4934/4129/4665 4944/4139/4675
f 4934/4129/4665 4935/4130/4666 4945/4140/4676
f 4935/4130/4666 4936/4131/4667 4946/4141/4677
f 4936/4131/4667 4937/4132/4668 4947/4142/4678
f 4948/4143/4679 4957/4152/4688 4949/4144/4680
f 4940/4135/4671 4951/4146/4682 4950/4145/4681
f 4942/4137/4673 4952/4147/4683 4951/4146/4682
f 4943/4138/4674 4953/4148/4684 4952/4147/4683
f 4944/4139/4675 4954/4149/4685 4953/4148/4684
f 4945/4140/4676 4955/4150/4686 4954/4149/4685
f 4946/4141/4677 4956/4151/4687 4955/4150/4686
f 4947/4142/4678 4965/4160/4696 4956/4151/4687
f 4957/4152/4688 4967/4162/4698 4958/4153/4689
f 4951/4146/4682 4960/4155/4691 4959/4154/4690
f 4952/4147/4683 4961/4156/4692 4960/4155/4691
f 4953/4148/4684 4962/4157/4693 4961/4156/4692
f 4954/4149/4685 4963/4158/4694 4962/4157/4693
f 4955/4150/4686 4964/4159/4695 4963/4158/4694
f 4956/4151/4687 4966/4161/4697 4964/4159/4695
f 4965/4160/4696 4975/4170/4706 4966/4161/4697
f 4967/4162/4698 4977/4172/4708 4968/4163/4699
f 4960/4155/4691 4970/4165/4701 4969/4164/4700
f 4961/4156/4692 4971/4166/4702 4970/4165/4701
f 4962/4157/4693 4972/4167/4703 4971/4166/4702
f 4963/4158/4694 4973/4168/4704 4972/4167/4703
f 4964/4159/4695 4974/4169/4705 4973/4168/4704
f 4966/4161/4697 4976/4171/4707 4974/4169/4705
f 4975/4170/4706 4985/4180/4716 4976/4171/4707
f 4977/4172/4708 4987/4182/4718 4978/4173/4709
f 4970/4165/4701 4980/4175/4711 4979/4174/4710
f 4971/4166/4702 4981/4176/4712 4980/4175/4711
f 4972/4167/4703 4982/4177/4713 4981/4176/4712
f 4973/4168/4704 4983/4178/4714 4982/4177/4713
f 4974/4169/4705 4984/4179/4715 4983/4178/4714
f 4976/4171/4707 4986/4181/4717 4984/4179/4715
f 4985/4180/4716 5350/4337/5068 4986/4181/4717
f 4987/4182/4718 5349/4329/5047 4988/4183/4719
f 4989/4184/4720 4993/4188/4724 4990/4185/4721
f 4992/4187/4723 4995/4190/4726 4993/4188/4724
f 4994/4189/4725 4997/4192/4728 4995/4190/4726
f 4996/4191/4727 4999/4194/4730 4997/4192/4728
f 4998/4193/4729 5001/4196/4732 4999/4194/4730
f 5000/4195/4731 5003/4198/4734 5001/4196/4732
f 5002/4197/4733 5336/4333/5058 5003/4198/4734
f 5004/4199/4735 5531/4334/5060 5005/4200/4736
f 5007/4202/4738 5010/4204/4741 5008/3992/4739
f 5010/4204/4741 5012/4205/4743 5011/3994/4742
f 5012/4205/4743 5014/4206/4745 5013/3996/4744
f 5014/4206/4745 5016/4207/4747 5015/3998/4746
f 5016/4207/4747 5018/4208/4749 5017/4000/4748
f 5018/4208/4749 5020/4209/4751 5019/4002/4750
f 5020/4209/4751 5389/4339/5101 5021/4004/4752
f 5022/4210/4753 5237/4288/4967 5023/4007/4754
f 5009/4203/4740 5008/3992/4739 5025/4010/4756
f 5008/3992/4739 5011/3994/4742 5027/4011/4758
f 5011/3994/4742 5013/3996/4744 5028/4012/4759
f 5013/3996/4744 5015/3998/4746 5029/4013/4760
f 5015/3998/4746 5017/4000/4748 5030/4014/4761
f 5017/4000/4748 5019/4002/4750 5031/4015/4762
f 5019/4002/4750 5021/4004/4752 5032/4016/4763
f 5023/4007/4754 5042/4028/4773 5033/4213/4764
f 5026/4212/4757 5025/4010/4756 5034/4020/4765
f 5025/4010/4756 5027/4011/4758 5036/4021/4767
f 5027/4011/4758 5028/4012/4759 5037/4022/4768
f 5028/4012/4759 5029/4013/4760 5038/4023/4769
f 5029/4013/4760 5030/4014/4761 5039/4024/4770
f 5030/4014/4761 5031/4015/4762 5040/4025/4771
f 5031/4015/4762 5032/4016/4763 5041/4026/4772
f 5042/4028/4773 5052/4038/4783 5043/4215/4774
f 5035/4214/4766 5034/4020/4765 5044/4030/4775
f 5034/4020/4765 5036/4021/4767 5046/4031/4777
f 5036/4021/4767 5037/4022/4768 5047/4032/4778
f 5037/4022/4768 5038/4023/4769 5048/4033/4779
f 5038/4023/4769 5039/4024/4770 5049/4034/4780
f 5039/4024/4770 5040/4025/4771 5050/4035/4781
f 5040/4025/4771 5041/4026/4772 5051/4036/4782
f 5052/4038/4783 5061/4048/4792 5053/4217/4784
f 5044/4030/4775 5055/4041/4786 5054/4218/4785
f 5046/4031/4777 5056/4042/4787 5055/4041/4786
f 5047/4032/4778 5057/4043/4788 5056/4042/4787
f 5048/4033/4779 5058/4044/4789 5057/4043/4788
f 5049/4034/4780 5059/4045/4790 5058/4044/4789
f 5050/4035/4781 5060/4046/4791 5059/4045/4790
f 5051/4036/4782 5069/4056/4800 5060/4046/4791
f 5061/4048/4792 5071/4058/4802 5062/4219/4793
f 5055/4041/4786 5064/4050/4795 5063/4220/4794
f 5056/4042/4787 5065/4051/4796 5064/4050/4795
f 5057/4043/4788 5066/4052/4797 5065/4051/4796
f 5058/4044/4789 5067/4053/4798 5066/4052/4797
f 5059/4045/4790 5068/4054/4799 5067/4053/4798
f 5060/4046/4791 5070/4055/4801 5068/4054/4799
f 5069/4056/4800 5079/4066/4810 5070/4055/4801
f 5071/4058/4802 5081/4068/4812 5072/4221/4803
f 5064/4050/4795 5074/4060/4805 5073/4222/4804
f 5065/4051/4796 5075/4061/4806 5074/4060/4805
f 5066/4052/4797 5076/4062/4807 5075/4061/4806
f 5067/4053/4798 5077/4063/4808 5076/4062/4807
f 5068/4054/4799 5078/4064/4809 5077/4063/4808
f 5070/4055/4801 5080/4065/4811 5078/4064/4809
f 5079/4066/4810 5089/4076/4820 5080/4065/4811
f 5081/4068/4812 5091/4078/4822 5082/4223/4813
f 5074/4060/4805 5084/4070/4815 5083/4224/4814
f 5075/4061/4806 5085/4071/4816 5084/4070/4815
f 5076/4062/4807 5086/4072/4817 5085/4071/4816
f 5077/4063/4808 5087/4073/4818 5086/4072/4817
f 5078/4064/4809 5088/4074/4819 5087/4073/4818
f 5080/4065/4811 5090/4075/4821 5088/4074/4819
f 5089/4076/4820 5355/4338/5071 5090/4075/4821
f 5091/4078/4822 5354/4300/5069 5092/4225/4823
f 5093/4226/4824 5097/4082/4828 5094/4227/4825
f 5096/4229/4827 5099/4084/4830 5097/4082/4828
f 5098/4230/4829 5101/4086/4832 5099/4084/4830
f 5100/4231/4831 5103/4088/4834 5101/4086/4832
f 5102/4232/4833 5105/4090/4836 5103/4088/4834
f 5104/4233/4835 5107/4092/4838 5105/4090/4836
f 5106/4234/4837 5275/4304/5002 5107/4092/4838
f 5108/4235/4839 5416/4305/5125 5109/4236/4840
f 5111/4238/4842 5129/4249/4860 5112/4098/4843
f 5113/4239/4844 5112/4098/4843 5114/4101/4845
f 5115/4240/4846 5114/4101/4845 5116/4103/4847
f 5117/4241/4848 5116/4103/4847 5118/4105/4849
f 5119/4242/4850 5118/4105/4849 5120/4107/4851
f 5121/4243/4852 5120/4107/4851 5122/4109/4853
f 5123/4244/4854 5122/4109/4853 5124/4111/4855
f 5126/4246/4857 5138/4123/4869 5127/4247/4858
f 5129/4249/4860 5139/4251/4870 5130/4115/4861
f 5112/4098/4843 5130/4115/4861 5131/4117/4862
f 5114/4101/4845 5131/4117/4862 5132/4118/4863
f 5116/4103/4847 5132/4118/4863 5133/4119/4864
f 5118/4105/4849 5133/4119/4864 5134/4120/4865
f 5120/4107/4851 5134/4120/4865 5135/4121/4866
f 5122/4109/4853 5135/4121/4866 5136/4122/4867
f 5137/4250/4868 5148/4133/4879 5138/4123/4869
f 5139/4251/4870 5149/4253/4880 5140/4125/4871
f 5130/4115/4861 5140/4125/4871 5141/4127/4872
f 5131/4117/4862 5141/4127/4872 5142/4128/4873
f 5132/4118/4863 5142/4128/4873 5143/4129/4874
f 5133/4119/4864 5143/4129/4874 5144/4130/4875
f 5134/4120/4865 5144/4130/4875 5145/4131/4876
f 5135/4121/4866 5145/4131/4876 5146/4132/4877
f 5147/4252/4878 5158/4143/4889 5148/4133/4879
f 5149/4253/4880 5160/4256/4891 5150/4135/4881
f 5140/4125/4871 5150/4135/4881 5151/4137/4882
f 5141/4127/4872 5151/4137/4882 5152/4138/4883
f 5142/4128/4873 5152/4138/4883 5153/4139/4884
f 5143/4129/4874 5153/4139/4884 5154/4140/4885
f 5144/4130/4875 5154/4140/4885 5155/4141/4886
f 5145/4131/4876 5155/4141/4886 5156/4142/4887
f 5157/4254/4888 5168/4152/4899 5158/4143/4889
f 5159/4255/4890 5161/4146/4892 5150/4135/4881
f 5161/4146/4892 5162/4147/4893 5151/4137/4882
f 5162/4147/4893 5163/4148/4894 5152/4138/4883
f 5163/4148/4894 5164/4149/4895 5153/4139/4884
f 5164/4149/4895 5165/4150/4896 5154/4140/4885
f 5165/4150/4896 5166/4151/4897 5155/4141/4886
f 5166/4151/4897 5176/4160/4907 5156/4142/4887
f 5167/4257/4898 5178/4162/4909 5168/4152/4899
f 5169/4258/4900 5170/4155/4901 5161/4146/4892
f 5170/4155/4901 5171/4156/4902 5162/4147/4893
f 5171/4156/4902 5172/4157/4903 5163/4148/4894
f 5172/4157/4903 5173/4158/4904 5164/4149/4895
f 5173/4158/4904 5174/4159/4905 5165/4150/4896
f 5174/4159/4905 5175/4161/4906 5166/4151/4897
f 5175/4161/4906 5186/4170/4917 5176/4160/4907
f 5177/4259/4908 5188/4172/4919 5178/4162/4909
f 5179/4260/4910 5180/4165/4911 5170/4155/4901
f 5180/4165/4911 5181/4166/4912 5171/4156/4902
f 5181/4166/4912 5182/4167/4913 5172/4157/4903
f 5182/4167/4913 5183/4168/4914 5173/4158/4904
f 5183/4168/4914 5184/4169/4915 5174/4159/4905
f 5184/4169/4915 5185/4171/4916 5175/4161/4906
f 5185/4171/4916 5196/4180/4927 5186/4170/4917
f 5187/4261/4918 5198/4182/4929 5188/4172/4919
f 5189/4262/4920 5190/4175/4921 5180/4165/4911
f 5190/4175/4921 5191/4176/4922 5181/4166/4912
f 5191/4176/4922 5192/4177/4923 5182/4167/4913
f 5192/4177/4923 5193/4178/4924 5183/4168/4914
f 5193/4178/4924 5194/4179/4925 5184/4169/4915
f 5194/4179/4925 5195/4181/4926 5185/4171/4916
f 5195/4181/4926 5348/4337/5067 5196/4180/4927
f 5197/4263/4928 5325/4329/5048 5198/4182/4929
f 5199/4264/4930 5202/4188/4933 5200/4265/4931
f 5202/4188/4933 5204/4190/4935 5203/4267/4934
f 5204/4190/4935 5206/4192/4937 5205/4268/4936
f 5206/4192/4937 5208/4194/4939 5207/4269/4938
f 5208/4194/4939 5210/4196/4941 5209/4270/4940
f 5210/4196/4941 5212/4198/4943 5211/4271/4942
f 5212/4198/4943 5414/4333/5123 5213/4272/4944
f 5214/4273/4945 5346/4334/5065 5215/4274/4946
f 5217/4276/4948 5362/4277/5078 5218/4277/4949
f 5220/4279/4951 5224/4279/4955 5221/4280/4952
f 5227/4282/4958 5226/4282/4957 5390/4279/5102
f 5225/4283/4956 5229/4283/4960 5226/4282/4957
f 5228/4284/4959 5231/4284/4962 5229/4283/4960
f 5230/4285/4961 5233/4285/4964 5231/4284/4962
f 5232/4286/4963 5235/4286/4966 5233/4285/4964
f 5234/4287/4965 5415/4287/5124 5235/4286/4966
f 4813/4008/4544 4812/4007/4543 5244/4007/4754
f 5238/4289/4968 5387/4289/5100 5239/4290/4969
f 5241/4292/4971 5388/4293/5085 5242/4293/4972
f 4833/4028/4564 5248/4028/4773 5244/4007/4754
f 5241/4292/4971 5243/4292/4973 5245/4294/4974
f 4833/4028/4564 4843/4038/4574 5247/4038/4976
f 5249/4295/4977 5246/4294/4975 5245/4294/4974
f 4853/4048/4584 5253/4048/4981 5247/4038/4976
f 5249/4295/4977 5250/4295/4978 5251/4296/4979
f 4863/4058/4594 5256/4058/4984 5253/4048/4981
f 5254/4297/4982 5252/4296/4980 5251/4296/4979
f 4873/4068/4604 5259/4068/4987 5256/4058/4984
f 5257/4298/4985 5254/4297/4982 5255/4297/4983
f 4883/4078/4614 5264/4078/4992 5259/4068/4987
f 5260/4299/4988 5364/4298/4985 5261/4298/4989
f 5532/4300/4991 5354/4300/5069 5091/4078/4822
f 5265/4301/4993 5260/4299/4988 5262/4299/4990
f 5267/4303/4995 5363/4303/5079 5094/4227/4825
f 4887/4082/4618 5360/4082/5076 5269/4084/4830
f 4889/4084/4620 5269/4084/4830 5270/4086/4997
f 4891/4086/4622 5270/4086/4997 5271/4088/4998
f 4895/4090/4626 4893/4088/4624 5271/4088/4998
f 4897/4092/4628 4895/4090/4626 5272/4090/4999
f 5417/4304/5001 4897/4092/4628 5273/4092/5000
f 4899/4094/4630 5417/4304/5001 5533/4304/5192
f 5277/4305/5004 5416/4305/5125 5108/4235/4839
f 5279/4306/5005 5303/4306/5028 5280/4307/5006
f 5282/4309/5008 5399/4310/5111 5283/4310/5009
f 5285/4312/5011 5534/4313/5090 5286/4313/5012
f 5288/4314/5014 5285/4312/5011 5287/4312/5013
f 5290/4315/5016 5288/4314/5014 5289/4314/5015
f 5292/4316/5018 5290/4315/5016 5291/4315/5017
f 5294/4317/5020 5292/4316/5018 5293/4316/5019
f 5296/4318/5022 5294/4317/5020 5295/4317/5021
f 5413/4319/5122 5403/4319/5113 5127/4247/4858
f 5300/4320/5025 5296/4318/5022 5297/4318/5023
f 5302/4322/5027 5307/4322/5032 5303/4306/5028
f 4938/4133/4669 4928/4123/4659 5304/4123/5029
f 5302/4322/5027 5309/4323/5034 5306/4323/5031
f 4948/4143/4679 4938/4133/4669 5305/4133/5030
f 5309/4323/5034 5313/4324/5038 5310/4324/5035
f 4957/4152/4688 4948/4143/4679 5308/4143/5033
f 5312/4325/5037 5316/4325/5040 5310/4324/5035
f 4967/4162/4698 4957/4152/4688 5311/4152/5036
f 5315/4326/5039 5319/4326/5043 5316/4325/5040
f 4977/4172/4708 4967/4162/4698 5314/4162/4909
f 5318/4327/5042 5378/4327/5046 5319/4326/5043
f 4987/4182/4718 4977/4172/4708 5317/4172/5041
f 5321/4328/5045 5347/4328/5066 5322/4327/5046
f 5349/4329/5047 4987/4182/4718 5320/4182/5044
f 5326/4330/5049 5374/4330/5089 5327/4331/5050
f 4993/4188/4724 5332/4188/5054 5535/4264/4930
f 4993/4188/4724 4995/4190/4726 5331/4190/5053
f 4995/4190/4726 4997/4192/4728 5333/4192/5055
f 4999/4194/4730 5335/4194/5057 5333/4192/5055
f 4999/4194/4730 5001/4196/4732 5334/4196/5056
f 5003/4198/4734 5337/4198/5059 5334/4196/5056
f 5536/4333/5193 5414/4333/5123 5212/4198/4943
f 5338/4334/5060 5346/4334/5065 5214/4273/4945
f 5004/4199/4735 5349/4329/5047 5340/4329/5062
f 3456/3365/3243 3462/3366/3249 5342/4335/17
f 3442/3358/3229 3456/3365/3243 1915/1915/1856
f 3460/3359/3247 3442/3358/3229 1913/1913/1854
f 3450/3363/3237 3460/3359/3247 1911/1911/1852
f 3429/3349/3216 3450/3363/3237 1909/1909/1850
f 3427/3348/3214 3429/3349/3216 1907/1907/1848
f 3438/3355/3225 3427/3348/3214 1905/1905/1846
f 3436/3354/3223 3438/3355/3225 1903/1903/1844
f 3449/3362/3236 3436/3354/3223 1901/1901/1842
f 3424/3346/3211 3449/3362/3236 1899/1899/1840
f 5343/3347/5064 3424/3346/3211 1897/1897/1838
f 3433/3352/3220 15/15/15 17/17/17
f 3445/3360/3232 13/13/13 15/15/15
f 3447/3361/3234 11/11/11 13/13/13
f 3461/3364/3248 9/9/9 11/11/11
f 3452/3351/3239 7/7/7 9/9/9
f 3430/3350/3217 5/5/5 7/7/7
f 3455/3357/3242 2/2/2 5/5/5
f 3/3/3 2/2/2 3455/3357/3242
f 3364/3298/3155 3366/3299/3157 1397/1397/1371
f 3367/3300/3158 3378/3305/3169 5345/4336/480
f 3345/3286/3136 3367/3300/3158 1408/1408/1382
f 3376/3287/3167 3345/3286/3136 1406/1406/1380
f 3356/3293/3147 3376/3287/3167 1404/1404/1378
f 3354/3292/3145 3356/3293/3147 1402/1402/1376
f 3366/3299/3157 3354/3292/3145 1400/1400/1374
f 3344/3285/3135 3364/3298/3155 3171/3169/2974
f 3344/3285/3135 1392/1392/1368 1394/1394/458
f 3351/3290/3142 478/478/478 480/480/480
f 3353/3291/3144 476/476/476 478/478/478
f 3360/3296/3151 474/474/474 476/476/476
f 3362/3297/3153 472/472/472 474/474/474
f 3383/3303/3174 470/470/470 472/472/472
f 3372/3289/3163 468/468/468 470/470/470
f 3348/3288/3139 466/466/466 468/468/468
f 3377/3295/3168 464/464/464 466/466/466
f 3357/3294/3148 462/462/462 464/464/464
f 3369/3301/3160 460/460/460 462/462/462
f 3371/3302/3162 458/458/458 460/460/460
f 5531/4334/5060 5004/4199/4735 5341/4274/5063
f 5328/4332/5051 5327/4331/5050 5347/4328/5066
f 5216/4275/4947 5215/4274/4946 5325/4329/5048
f 5211/4271/4942 5213/4272/4944 5348/4337/5067
f 5209/4270/4940 5211/4271/4942 5195/4181/4926
f 5207/4269/4938 5209/4270/4940 5194/4179/4925
f 5205/4268/4936 5207/4269/4938 5193/4178/4924
f 5203/4267/4934 5205/4268/4936 5192/4177/4923
f 5200/4265/4931 5203/4267/4934 5191/4176/4922
f 5201/4266/4932 5200/4265/4931 5190/4175/4921
f 5349/4329/5047 5004/4199/4735 5006/4201/4737
f 5350/4337/5068 5002/4197/4733 5000/4195/4731
f 4986/4181/4717 5000/4195/4731 4998/4193/4729
f 4984/4179/4715 4998/4193/4729 4996/4191/4727
f 4983/4178/4714 4996/4191/4727 4994/4189/4725
f 4982/4177/4713 4994/4189/4725 4992/4187/4723
f 4981/4176/4712 4992/4187/4723 4989/4184/4720
f 4980/4175/4711 4989/4184/4720 4991/4186/4722
f 4900/4095/4631 5537/4235/5194 5351/4300/5069
f 5352/4303/4995 5265/4301/4993 5266/4302/4994
f 5354/4300/5069 5108/4235/4839 5110/4237/4841
f 5355/4338/5071 5106/4234/4837 5104/4233/4835
f 5090/4075/4821 5104/4233/4835 5102/4232/4833
f 5088/4074/4819 5102/4232/4833 5100/4231/4831
f 5087/4073/4818 5100/4231/4831 5098/4230/4829
f 5086/4072/4817 5098/4230/4829 5096/4229/4827
f 5085/4071/4816 5096/4229/4827 5093/4226/4824
f 5084/4070/4815 5093/4226/4824 5095/4228/4826
f 4901/4096/4632 4900/4095/4631 5263/4300/4991
f 4896/4091/4627 4898/4093/4629 5356/4338/5072
f 4894/4089/4625 4896/4091/4627 4880/4075/4611
f 4892/4087/4623 4894/4089/4625 4879/4074/4610
f 4890/4085/4621 4892/4087/4623 4878/4073/4609
f 4888/4083/4619 4890/4085/4621 4877/4072/4608
f 4885/4080/4616 4888/4083/4619 4876/4071/4607
f 4886/4081/4617 4885/4080/4616 4875/4070/4606
f 5265/4301/4993 4886/4081/4617 4874/4069/4605
f 5083/4224/4814 5095/4228/4826 5357/4302/5073
f 5538/4082/4618 5268/4079/4996 5094/4227/4825
f 5222/4281/4953 5221/4280/4952 5539/4277/5195
f 5095/4228/4826 5094/4227/4825 5363/4303/5079
f 5073/4222/4804 5083/4224/4814 5358/4299/5074
f 5063/4220/4794 5073/4222/4804 5258/4298/4986
f 5054/4218/4785 5063/4220/4794 5255/4297/4983
f 5045/4216/4776 5054/4218/4785 5251/4296/4979
f 5245/4294/4974 5035/4214/4766 5045/4216/4776
f 5243/4292/4973 5026/4212/4757 5035/4214/4766
f 5242/4293/4972 5009/4203/4740 5026/4212/4757
f 5219/4278/4950 5007/4202/4738 5009/4203/4740
f 5352/4303/4995 4884/4079/4615 4886/4081/4617
f 5260/4299/4988 4874/4069/4605 4864/4059/4595
f 5364/4298/4985 4864/4059/4595 4854/4049/4585
f 5365/4297/5080 4854/4049/4585 4844/4039/4575
f 5367/4295/5082 5366/4296/5081 4844/4039/4575
f 5368/4294/5083 5367/4295/5082 4845/4040/4576
f 5369/4292/5084 5368/4294/5083 4834/4029/4565
f 5370/4293/5085 5369/4292/5084 4824/4019/4555
f 5371/4276/5086 5370/4293/5085 4814/4009/4545
f 4979/4174/4710 4991/4186/4722 5328/4332/5051
f 5372/4331/5087 5201/4266/4932 5189/4262/4920
f 5330/4185/4721 5199/4264/4930 5377/4330/5092
f 5375/4313/5090 5282/4309/5008 5284/4311/5010
f 5377/4330/5092 5199/4264/4930 5201/4266/4932
f 5373/4328/5088 5189/4262/4920 5179/4260/4910
f 5378/4327/5046 5179/4260/4910 5169/4258/4900
f 5319/4326/5043 5169/4258/4900 5159/4255/4890
f 5316/4325/5040 5159/4255/4890 5160/4256/4891
f 5306/4323/5031 5310/4324/5035 5160/4256/4891
f 5307/4322/5032 5306/4323/5031 5149/4253/4880
f 5303/4306/5028 5307/4322/5032 5139/4251/4870
f 5280/4307/5006 5303/4306/5028 5129/4249/4860
f 4991/4186/4722 4990/4185/4721 5326/4330/5049
f 4969/4164/4700 4979/4174/4710 5321/4328/5045
f 4959/4154/4690 4969/4164/4700 5323/4327/5042
f 4950/4145/4681 4959/4154/4690 5379/4326/5093
f 4941/4136/4672 4950/4145/4681 5380/4325/5094
f 5382/4323/5096 4931/4126/4662 4941/4136/4672
f 5383/4322/5097 4921/4116/4652 4931/4126/4662
f 5384/4306/5098 4904/4099/4635 4921/4116/4652
f 5385/4308/5099 4902/4097/4633 4904/4099/4635
f 5386/4277/5078 5371/4276/5086 4796/3991/4527
f 5218/4277/4949 5391/4280/5103 5007/4202/4738
f 5393/4289/5105 4813/4008/4544 5540/4288/4967
f 5388/4293/5085 5217/4276/4948 5219/4278/4950
f 5239/4290/4969 5387/4289/5100 5237/4288/4967
f 5235/4286/4966 5415/4287/5124 5389/4339/5101
f 5233/4285/4964 5235/4286/4966 5020/4209/4751
f 5231/4284/4962 5233/4285/4964 5018/4208/4749
f 5229/4283/4960 5231/4284/4962 5016/4207/4747
f 5226/4282/4957 5229/4283/4960 5014/4206/4745
f 5390/4279/5102 5226/4282/4957 5012/4205/4743
f 5391/4280/5103 5390/4279/5102 5010/4204/4741
f 5392/4291/5104 4811/4006/4542 4813/4008/4544
f 5394/4286/5106 4808/4003/4539 4810/4005/4541
f 5396/4285/5108 4806/4001/4537 4808/4003/4539
f 5397/4284/5109 4804/3999/4535 4806/4001/4537
f 5398/4283/5110 4802/3997/4533 4804/3999/4535
f 5223/4282/4954 4800/3995/4531 4802/3997/4533
f 5220/4279/4951 4798/3993/4529 4800/3995/4531
f 5222/4281/4953 4796/3991/4527 4798/3993/4529
f 5399/4310/5111 5282/4309/5008 4902/4097/4633
f 5400/4310/5009 5280/4307/5006 5111/4238/4842
f 4917/4112/4648 5299/4247/4858 5304/4123/5029
f 5281/4308/5007 5280/4307/5006 5400/4310/5009
f 5301/4321/5026 5128/4248/4859 5127/4247/4858
f 5295/4317/5021 5123/4244/4854 5125/4245/4856
f 5293/4316/5019 5121/4243/4852 5123/4244/4854
f 5291/4315/5017 5119/4242/4850 5121/4243/4852
f 5289/4314/5015 5117/4241/4848 5119/4242/4850
f 5287/4312/5013 5115/4240/4846 5117/4241/4848
f 5286/4313/5012 5113/4239/4844 5115/4240/4846
f 5401/4311/5112 5111/4238/4842 5113/4239/4844
f 5404/4320/5114 5298/4319/5024 4917/4112/4648
f 5405/4317/5115 5411/4318/5022 5406/4340/5116
f 5407/4316/5117 5405/4317/5115 4915/4110/4646
f 5408/4315/5118 5407/4316/5117 4913/4108/4644
f 5409/4314/5119 5408/4315/5118 4911/4106/4642
f 5410/4312/5120 5409/4314/5119 4909/4104/4640
f 5375/4313/5090 5410/4312/5120 4907/4102/4638
f 5282/4309/5008 5375/4313/5090 4905/4100/4636
f 5411/4318/5022 5404/4320/5114 4919/4114/4650
f 5297/4318/5023 5125/4245/4856 5128/4248/4859
f 4988/4183/4719 5006/4201/4737 5002/4197/4733
f 5213/4272/4944 5216/4275/4947 5197/4263/4928
f 5339/4200/5061 5214/4273/4945 5414/4333/5123
f 5413/4319/5122 5300/4320/5025 5301/4321/5026
f 5414/4333/5123 5214/4273/4945 5216/4275/4947
f 5348/4337/5067 5197/4263/4928 5187/4261/4918
f 5196/4180/4927 5187/4261/4918 5177/4259/4908
f 5186/4170/4917 5177/4259/4908 5167/4257/4898
f 5176/4160/4907 5167/4257/4898 5157/4254/4888
f 5146/4132/4877 5156/4142/4887 5157/4254/4888
f 5136/4122/4867 5146/4132/4877 5147/4252/4878
f 5124/4111/4855 5136/4122/4867 5137/4250/4868
f 5125/4245/4856 5124/4111/4855 5126/4246/4857
f 5006/4201/4737 5005/4200/4736 5336/4333/5058
f 4978/4173/4709 4988/4183/4719 5350/4337/5068
f 4968/4163/4699 4978/4173/4709 4985/4180/4716
f 4958/4153/4689 4968/4163/4699 4975/4170/4706
f 4949/4144/4680 4958/4153/4689 4965/4160/4696
f 4937/4132/4668 4939/4134/4670 4949/4144/4680
f 4927/4122/4658 4929/4124/4660 4939/4134/4670
f 4916/4111/4647 4918/4113/4649 4929/4124/4660
f 5406/4340/5116 4919/4114/4650 4918/4113/4649
f 5395/4287/5107 4810/4005/4541 4811/4006/4542
f 5415/4287/5124 5239/4290/4969 5022/4210/4753
f 4898/4093/4629 4901/4096/4632 4882/4077/4613
f 5092/4225/4823 5110/4237/4841 5106/4234/4837
f 5277/4305/5004 5276/4094/5003 5109/4236/4840
f 5240/4291/4970 5239/4290/4969 5415/4287/5124
f 5110/4237/4841 5109/4236/4840 5275/4304/5002
f 5082/4223/4813 5092/4225/4823 5355/4338/5071
f 5072/4221/4803 5082/4223/4813 5089/4076/4820
f 5062/4219/4793 5072/4221/4803 5079/4066/4810
f 5053/4217/4784 5062/4219/4793 5069/4056/4800
f 5041/4026/4772 5043/4215/4774 5053/4217/4784
f 5032/4016/4763 5033/4213/4764 5043/4215/4774
f 5021/4004/4752 5024/4211/4755 5033/4213/4764
f 5389/4339/5101 5022/4210/4753 5024/4211/4755
f 5417/4304/5001 4899/4094/4630 4901/4096/4632
f 5356/4338/5072 4882/4077/4613 4872/4067/4603
f 4881/4076/4612 4872/4067/4603 4862/4057/4593
f 4871/4066/4602 4862/4057/4593 4852/4047/4583
f 4861/4056/4592 4852/4047/4583 4842/4037/4573
f 4831/4026/4562 4841/4036/4572 4842/4037/4573
f 4821/4016/4552 4831/4026/4562 4832/4027/4563
f 4809/4004/4540 4821/4016/4552 4822/4017/4553
f 4810/4005/4541 4809/4004/4540 4823/4018/4554
f 5418/3989/5126 4600/3912/4334 4777/3983/4508
f 4751/3977/4485 4750/3976/4484 4752/3978/4486
f 5420/3989/5128 5527/3983/5189 4718/3954/4452
f 5421/4341/5129 4716/3953/4450 4714/3952/4448
f 4684/3875/4418 4714/3952/4448 4712/3951/4446
f 4682/3874/4416 4712/3951/4446 4710/3950/4444
f 4681/3873/4415 4710/3950/4444 4708/3949/4442
f 4680/3872/4414 4708/3949/4442 4706/3948/4440
f 4679/3871/4413 4706/3948/4440 4704/3947/4438
f 4678/3870/4412 4704/3947/4438 4702/3946/4436
f 4677/3869/4411 4702/3946/4436 4700/3945/4434
f 4676/3868/4410 4700/3945/4434 4698/3944/4432
f 4675/3867/4409 4698/3944/4432 4696/3943/4430
f 4674/3866/4408 4696/3943/4430 4694/3942/4428
f 4673/3865/4407 4694/3942/4428 4692/3941/4426
f 4672/3864/4406 4692/3941/4426 4690/3940/4424
f 4671/3863/4405 4690/3940/4424 4687/3937/4421
f 4670/3862/4404 4687/3937/4421 4689/3939/4423
f 4598/3910/4332 4600/3912/4334 5418/3989/5126
f 4595/3907/4329 4597/3909/4331 5422/4341/5130
f 4593/3905/4327 4595/3907/4329 4563/3875/4297
f 4591/3903/4325 4593/3905/4327 4562/3874/4296
f 4589/3901/4323 4591/3903/4325 4561/3873/4295
f 4587/3899/4321 4589/3901/4323 4560/3872/4294
f 4585/3897/4319 4587/3899/4321 4559/3871/4293
f 4583/3895/4317 4585/3897/4319 4558/3870/4292
f 4581/3893/4315 4583/3895/4317 4557/3869/4291
f 4579/3891/4313 4581/3893/4315 4556/3868/4290
f 4577/3889/4311 4579/3891/4313 4555/3867/4289
f 4575/3887/4309 4577/3889/4311 4554/3866/4288
f 4573/3885/4307 4575/3887/4309 4553/3865/4287
f 4571/3883/4305 4573/3885/4307 4552/3864/4286
f 4568/3880/4302 4571/3883/4305 4551/3863/4285
f 4569/3881/4303 4568/3880/4302 4550/3862/4284
f 4751/3977/4485 4569/3881/4303 4549/3861/4283
f 4669/3935/4403 4689/3939/4423 5423/3976/5131
f 4570/3882/4304 4567/3879/4301 4753/3938/4487
f 4735/3968/4469 4734/3967/4468 5541/3964/5196
f 4689/3939/4423 4688/3938/4422 5427/3978/5134
f 4651/3933/4385 4669/3935/4403 5424/3975/5132
f 4635/3931/4369 4651/3933/4385 4745/3974/4479
f 4602/3914/4336 4635/3931/4369 4744/3972/4478
f 4603/3915/4337 4602/3914/4336 4743/3973/4477
f 5419/3978/5127 4567/3879/4301 4569/3881/4303
f 4749/3975/4483 4549/3861/4283 4531/3843/4265
f 4747/3974/4481 4531/3843/4265 4513/3825/4247
f 5428/3972/5135 4513/3825/4247 4479/3791/4213
f 5429/3973/5136 4479/3791/4213 4481/3793/4215
f 5430/3963/5137 4481/3793/4215 4735/3968/4469
f 5432/3967/5139 4603/3915/4337 4732/3965/4466
f 4512/3824/4246 4789/3988/4520 5433/3957/4456
f 5435/3973/5141 4730/3963/4464 4732/3965/4466
f 4723/3958/4457 4722/3957/4456 5436/3988/4520
f 4775/3981/4507 4774/3982/4506 5437/4342/5142
f 4773/3980/4505 4775/3981/4507 4630/3928/4364
f 4771/3959/4503 4773/3980/4505 4628/3927/4362
f 4725/3960/4459 4771/3959/4503 4626/3926/4360
f 4741/3971/4475 4725/3960/4459 4624/3925/4358
f 4741/3971/4475 4620/3924/4354 4618/3923/4352
f 4740/3969/4474 4618/3923/4352 4616/3922/4350
f 4737/3970/4471 4616/3922/4350 4614/3921/4348
f 4788/3987/4519 4614/3921/4348 4612/3920/4346
f 4787/3961/4518 4612/3920/4346 4610/3919/4344
f 4728/3962/4462 4610/3919/4344 4608/3918/4342
f 4785/3986/4516 4608/3918/4342 4606/3917/4340
f 4781/3985/4512 4606/3917/4340 4604/3916/4338
f 4782/3984/4513 4604/3916/4338 4601/3913/4335
f 5438/3966/5143 4601/3913/4335 4603/3915/4337
f 5439/3956/5144 4510/3822/4244 4512/3824/4246
f 5440/3981/5145 4507/3819/4241 4509/3821/4243
f 5442/3980/5147 4505/3817/4239 4507/3819/4241
f 5443/3959/5148 4503/3815/4237 4505/3817/4239
f 5444/3960/5149 4501/3813/4235 4503/3815/4237
f 5445/3971/5150 4499/3811/4233 4501/3813/4235
f 4497/3809/4231 4499/3811/4233 5445/3971/5150
f 4495/3807/4229 4497/3809/4231 5446/3969/5151
f 4493/3805/4227 4495/3807/4229 5447/3970/5152
f 4491/3803/4225 4493/3805/4227 5448/3987/5153
f 4489/3801/4223 4491/3803/4225 5449/3961/5154
f 4487/3799/4221 4489/3801/4223 5450/3962/5155
f 4485/3797/4219 4487/3799/4221 5451/3986/5156
f 4483/3795/4217 4485/3797/4219 5452/3985/5157
f 4480/3792/4214 4483/3795/4217 4778/3984/4509
f 4481/3793/4215 4480/3792/4214 4733/3966/4467
f 5441/3982/5146 4509/3821/4243 4510/3822/4244
f 4774/3982/4506 4723/3958/4457 4632/3929/4366
f 4597/3909/4331 4598/3910/4332 4565/3877/4299
f 4686/3936/4420 4718/3954/4452 4716/3953/4450
f 5453/3990/4526 5542/3955/5197 4776/3911/4453
f 5454/3982/5146 4721/3956/4455 4723/3958/4457
f 4716/3953/4450 4718/3954/4452 4720/3955/4454
f 4668/3934/4402 4686/3936/4420 5421/4341/5129
f 4650/3932/4384 4668/3934/4402 4683/3876/4417
f 4634/3930/4368 4650/3932/4384 4665/3858/4399
f 5437/4342/5142 4632/3929/4366 4634/3930/4368
f 4597/3909/4331 4769/3979/4501 5453/3990/4526
f 5422/4341/5130 4565/3877/4299 4547/3859/4281
f 4564/3876/4298 4547/3859/4281 4529/3841/4263
f 4546/3858/4280 4529/3841/4263 4530/3842/4264
f 4509/3821/4243 4508/3820/4242 4530/3842/4264
