# Blender 4.4.3
# www.blender.org
mtllib Untitled.mtl
o hash_9B142ED7.model
v -0.078549 0.148881 0.131208
v -0.106069 0.117165 0.123010
v -0.074521 0.120993 0.134041
v -0.110173 0.145951 0.119939
v -0.133679 0.113067 0.104282
v -0.137793 0.142746 0.100949
v -0.155919 0.109019 0.079341
v -0.159744 0.139600 0.075563
v -0.173060 0.105164 0.050601
v -0.176045 0.136688 0.046174
v -0.184630 0.101496 0.019211
v -0.186758 0.133970 0.014306
v -0.188282 0.098059 -0.014012
v -0.082573 0.176778 0.128377
v -0.114226 0.174746 0.116765
v -0.141888 0.172428 0.097580
v -0.163627 0.170173 0.071818
v -0.178934 0.168214 0.041723
v -0.188720 0.166471 0.009393
v -0.189831 0.131482 -0.019123
v -0.086555 0.204679 0.125434
v -0.118284 0.203553 0.113585
v -0.146001 0.202111 0.094199
v -0.167485 0.200736 0.068045
v -0.181686 0.199744 0.037256
v -0.190496 0.199007 0.004483
v -0.191426 0.164933 -0.024216
v -0.090517 0.232592 0.122467
v -0.122263 0.232370 0.110239
v -0.150119 0.231793 0.090765
v -0.171432 0.231277 0.064312
v -0.184320 0.231283 0.032809
v -0.191827 0.231593 -0.000439
v -0.192916 0.198427 -0.029285
v -0.094442 0.260517 0.119440
v -0.126138 0.261196 0.106683
v -0.154194 0.261470 0.087196
v -0.175611 0.261779 0.060680
v -0.186662 0.262835 0.028364
v -0.192713 0.264240 -0.005316
v -0.194236 0.231982 -0.034323
v -0.098298 0.288452 0.116277
v -0.129855 0.290027 0.102815
v -0.158197 0.291133 0.083413
v -0.179979 0.292238 0.057109
v -0.188634 0.294410 0.023943
v -0.193066 0.296972 -0.010102
v -0.194817 0.265648 -0.039320
v -0.102044 0.316404 0.112904
v -0.133271 0.318842 0.098377
v -0.162052 0.320772 0.079294
v -0.184490 0.322637 0.053503
v -0.191569 0.325934 0.019855
v -0.193963 0.329728 -0.014589
v -0.193363 0.299371 -0.044282
v -0.199199 0.485439 0.004865
v -0.219084 0.491390 -0.015140
v -0.220332 0.477597 -0.000538
v -0.201332 0.499015 -0.009676
v -0.216269 0.500346 -0.032969
v -0.201719 0.509153 -0.028681
v -0.212276 0.504510 -0.052833
v -0.198983 0.513274 -0.050370
v -0.205954 0.502752 -0.072194
v -0.181952 0.503304 -0.006025
v -0.185799 0.515026 -0.024751
v -0.184395 0.519389 -0.047935
v -0.191987 0.510575 -0.071532
v -0.175516 0.490438 0.007516
v -0.162444 0.507081 -0.002186
v -0.169194 0.518768 -0.021359
v -0.169549 0.524472 -0.045508
v -0.178131 0.517496 -0.070861
v -0.152389 0.496809 0.012207
v -0.143550 0.512169 0.003148
v -0.152816 0.522870 -0.017551
v -0.154904 0.529651 -0.042926
v -0.164492 0.524526 -0.070454
v -0.130231 0.504850 0.018975
v -0.124693 0.517288 0.008571
v -0.136674 0.527241 -0.013414
v -0.140578 0.535144 -0.040140
v -0.150281 0.529999 -0.069654
v -0.107349 0.511753 0.024499
v -0.088632 0.493905 0.051234
v -0.085419 0.520326 0.031143
v -0.111584 0.487701 0.045283
v -0.133558 0.480236 0.037440
v -0.155239 0.472499 0.029113
v -0.178148 0.466454 0.023096
v -0.202325 0.464107 0.022429
v -0.090760 0.465047 0.067713
v -0.114126 0.460097 0.061634
v -0.136617 0.454011 0.053610
v -0.158483 0.447239 0.044397
v -0.181724 0.442295 0.038036
v -0.214787 0.455401 0.009181
v -0.204894 0.439329 0.034000
v -0.092796 0.435587 0.083022
v -0.116808 0.431812 0.076714
v -0.139873 0.426920 0.068169
v -0.162283 0.421358 0.058306
v -0.186016 0.417364 0.051188
v -0.213432 0.431435 0.016954
v -0.199801 0.412441 0.035958
v -0.095055 0.405774 0.097187
v -0.119708 0.402674 0.089636
v -0.143090 0.398452 0.079188
v -0.166439 0.394181 0.068509
v -0.188383 0.389630 0.055472
v -0.211884 0.405822 0.019394
v -0.198120 0.385449 0.033242
v -0.097530 0.375312 0.107471
v -0.123285 0.372848 0.097376
v -0.147364 0.369589 0.083877
v -0.171263 0.366292 0.069999
v -0.190602 0.362751 0.050675
v -0.207473 0.380192 0.012841
v -0.195744 0.360700 0.023784
v -0.099697 0.345095 0.111507
v -0.127670 0.344458 0.098869
v -0.154024 0.343317 0.083057
v -0.178579 0.341962 0.064673
v -0.191753 0.341181 0.037361
v -0.203130 0.355965 -0.000470
v -0.194004 0.341854 0.006611
v -0.199077 0.340757 -0.023783
v 0.191548 0.305621 -0.046923
v 0.191290 0.327761 -0.086279
v 0.192316 0.338553 -0.052525
v 0.194085 0.271988 -0.041307
v 0.186592 0.295670 -0.078705
v 0.195033 0.238404 -0.035854
v 0.183915 0.263177 -0.072168
v 0.195686 0.204890 -0.030422
v 0.186384 0.230224 -0.067285
v 0.196091 0.171413 -0.024990
v 0.188163 0.197229 -0.062257
v 0.196359 0.137974 -0.019566
v 0.189114 0.164238 -0.057013
v 0.196779 0.104569 -0.014138
v 0.189762 0.131262 -0.051707
v 0.181120 0.317328 -0.115481
v 0.179740 0.285741 -0.110374
v 0.173454 0.254455 -0.103098
v 0.174797 0.222069 -0.097931
v 0.176030 0.189637 -0.092809
v 0.176228 0.157208 -0.087343
v 0.190163 0.098303 -0.046338
v 0.176095 0.124773 -0.081783
v 0.160771 0.310290 -0.141230
v 0.163436 0.278094 -0.138932
v 0.162764 0.246040 -0.133864
v 0.161499 0.214229 -0.127824
v 0.160386 0.182419 -0.121738
v 0.159232 0.150602 -0.115632
v 0.175676 0.092351 -0.076119
v 0.158166 0.118755 -0.109615
v 0.134520 0.304117 -0.157474
v 0.134937 0.272312 -0.154418
v 0.135131 0.240493 -0.151191
v 0.135018 0.208749 -0.147145
v 0.134710 0.177084 -0.142508
v 0.134205 0.145509 -0.137345
v 0.157233 0.086867 -0.103719
v 0.133627 0.113971 -0.131988
v 0.101008 0.299883 -0.155792
v 0.101430 0.268280 -0.156244
v 0.101926 0.236699 -0.156109
v 0.102335 0.205149 -0.154514
v 0.102680 0.173636 -0.152162
v 0.102935 0.142183 -0.149135
v 0.133062 0.082436 -0.126604
v 0.103096 0.110790 -0.145575
v 0.067680 0.295547 -0.159515
v 0.068037 0.264299 -0.159258
v 0.068444 0.233090 -0.158284
v 0.068869 0.201923 -0.156921
v 0.069291 0.170774 -0.155467
v 0.069707 0.139648 -0.153721
v 0.103147 0.079462 -0.141520
v 0.070100 0.108555 -0.151584
v 0.034416 0.291200 -0.156006
v 0.034737 0.260421 -0.155501
v 0.035082 0.229665 -0.154764
v 0.035440 0.198925 -0.153934
v 0.035800 0.168203 -0.153068
v 0.036158 0.137493 -0.152190
v 0.070453 0.077503 -0.149056
v 0.036518 0.106793 -0.151240
v 0.001201 0.286870 -0.151337
v 0.001518 0.256565 -0.150692
v 0.001839 0.226268 -0.149990
v 0.002164 0.195980 -0.149299
v 0.002485 0.165701 -0.148624
v 0.002797 0.135434 -0.148005
v 0.036877 0.076109 -0.150134
v 0.003104 0.105175 -0.147441
v -0.030189 0.075507 -0.144814
v 0.003387 0.074922 -0.147008
v -0.063844 0.075993 -0.145551
v -0.030505 0.106179 -0.145908
v -0.097253 0.076886 -0.142277
v -0.064108 0.107041 -0.148029
v -0.127768 0.079103 -0.128694
v -0.097612 0.108256 -0.146073
v -0.151873 0.082745 -0.105589
v -0.128380 0.110778 -0.133088
v -0.169605 0.087289 -0.077375
v -0.152588 0.114830 -0.110159
v -0.182109 0.092412 -0.046559
v -0.170596 0.119848 -0.082172
v -0.188282 0.098059 -0.014012
v -0.183445 0.125417 -0.051557
v -0.030826 0.136859 -0.147151
v -0.064356 0.138121 -0.150280
v -0.097916 0.139677 -0.149493
v -0.129062 0.142438 -0.137486
v -0.153673 0.146838 -0.115074
v -0.171236 0.152421 -0.086875
v -0.189831 0.131482 -0.019123
v -0.184397 0.158464 -0.056445
v -0.031150 0.167552 -0.148389
v -0.064598 0.169231 -0.152348
v -0.098182 0.171156 -0.152435
v -0.129876 0.174073 -0.141967
v -0.154939 0.178789 -0.120188
v -0.171627 0.184984 -0.091560
v -0.191426 0.164933 -0.024216
v -0.184835 0.191547 -0.061185
v -0.031467 0.198259 -0.149672
v -0.064855 0.200373 -0.154155
v -0.098452 0.202689 -0.154881
v -0.130845 0.205684 -0.146512
v -0.156300 0.210688 -0.125491
v -0.169779 0.217574 -0.095333
v -0.192916 0.198427 -0.029285
v -0.183558 0.224668 -0.065315
v -0.031776 0.228979 -0.150963
v -0.065116 0.231539 -0.155817
v -0.098730 0.234280 -0.156689
v -0.131778 0.237362 -0.150695
v -0.155673 0.242681 -0.129762
v -0.166944 0.250101 -0.098740
v -0.194236 0.231982 -0.034323
v -0.180197 0.257701 -0.068589
v -0.032079 0.259713 -0.152230
v -0.065380 0.262726 -0.157349
v -0.099010 0.265900 -0.157823
v -0.132415 0.269240 -0.153488
v -0.158631 0.274164 -0.135386
v -0.174445 0.281043 -0.106245
v -0.194817 0.265648 -0.039320
v -0.185392 0.289776 -0.075551
v -0.032375 0.290461 -0.153487
v -0.065665 0.293955 -0.158585
v -0.099254 0.297544 -0.157959
v -0.132776 0.301179 -0.154671
v -0.162267 0.305696 -0.140434
v -0.180318 0.311504 -0.112854
v -0.193363 0.299371 -0.044282
v -0.190601 0.321890 -0.083024
v 0.014681 0.541233 -0.107503
v -0.001620 0.533243 -0.111785
v -0.001658 0.539852 -0.108444
v 0.031038 0.542391 -0.105862
v 0.016369 0.535302 -0.110555
v 0.047393 0.543177 -0.103360
v 0.034379 0.537174 -0.108692
v 0.063675 0.543217 -0.099542
v 0.052390 0.538616 -0.105937
v 0.079339 0.542132 -0.093744
v 0.070089 0.538644 -0.101325
v 0.094635 0.542232 -0.087039
v 0.087255 0.537375 -0.094811
v 0.108471 0.543906 -0.078774
v 0.104231 0.537203 -0.087580
v 0.118504 0.541860 -0.067392
v 0.120194 0.538802 -0.079445
v 0.018031 0.529299 -0.113479
v -0.001583 0.526582 -0.114988
v 0.037662 0.531956 -0.111579
v 0.057248 0.533929 -0.108489
v 0.076371 0.533827 -0.102938
v 0.095104 0.532513 -0.095729
v 0.113661 0.531906 -0.087819
v 0.133024 0.537947 -0.068535
v 0.131470 0.532720 -0.079325
v 0.019665 0.523315 -0.116479
v -0.001546 0.519929 -0.118252
v 0.040886 0.526722 -0.114526
v 0.062025 0.529088 -0.110941
v 0.082601 0.528947 -0.104463
v 0.102940 0.527701 -0.096677
v 0.123068 0.526646 -0.088151
v 0.147435 0.533215 -0.069325
v 0.142645 0.526492 -0.079168
v 0.021275 0.517339 -0.119544
v -0.001505 0.513264 -0.121530
v 0.044067 0.521411 -0.117419
v 0.066732 0.524099 -0.113258
v 0.088861 0.524174 -0.106103
v 0.110853 0.523144 -0.097890
v 0.132648 0.521828 -0.088986
v 0.161237 0.526681 -0.069602
v 0.154017 0.520671 -0.079546
v 0.022867 0.511302 -0.122531
v -0.001459 0.506518 -0.124683
v 0.047208 0.516030 -0.120263
v 0.071392 0.519012 -0.115500
v 0.095156 0.519526 -0.107872
v 0.118865 0.518930 -0.099434
v 0.142405 0.517557 -0.090291
v 0.174691 0.519299 -0.069589
v 0.165828 0.515934 -0.080793
v 0.024442 0.505178 -0.125392
v -0.001410 0.499654 -0.127622
v 0.050317 0.510551 -0.122988
v 0.076050 0.513946 -0.117702
v 0.101480 0.515020 -0.109790
v 0.126918 0.514931 -0.101182
v 0.152274 0.513714 -0.091901
v 0.188671 0.512617 -0.070232
v 0.177645 0.511138 -0.081981
v -0.191987 0.510575 -0.071532
v -0.180851 0.509154 -0.083236
v -0.205954 0.502752 -0.072194
v -0.178131 0.517496 -0.070861
v -0.169170 0.514192 -0.082047
v -0.164492 0.524526 -0.070454
v -0.157580 0.519473 -0.081028
v -0.150281 0.529999 -0.069654
v -0.146369 0.525609 -0.080812
v -0.135879 0.534593 -0.068511
v -0.135195 0.531868 -0.080900
v -0.155397 0.511811 -0.092886
v -0.145721 0.515858 -0.091206
v -0.136094 0.520476 -0.090021
v -0.126670 0.525660 -0.089437
v -0.123304 0.536487 -0.079827
v -0.117294 0.531022 -0.089152
v -0.129877 0.512954 -0.101660
v -0.122053 0.517111 -0.099868
v -0.114140 0.521586 -0.098447
v -0.106314 0.526358 -0.097360
v -0.107695 0.536014 -0.088473
v -0.098486 0.531217 -0.096364
v -0.104384 0.513151 -0.109972
v -0.098281 0.517803 -0.108058
v -0.092037 0.522553 -0.106296
v -0.085804 0.527406 -0.104639
v -0.090568 0.535964 -0.095195
v -0.079567 0.532289 -0.103008
v -0.079029 0.512493 -0.118000
v -0.074547 0.517605 -0.115674
v -0.069921 0.522751 -0.113438
v -0.065250 0.527831 -0.111123
v -0.073293 0.537152 -0.101353
v -0.060509 0.532788 -0.108707
v -0.053331 0.509544 -0.123333
v -0.050357 0.515108 -0.120600
v -0.047261 0.520567 -0.117771
v -0.044118 0.525932 -0.114848
v -0.055681 0.537584 -0.106168
v -0.040928 0.531223 -0.111880
v -0.027351 0.504702 -0.125635
v -0.025895 0.510870 -0.122781
v -0.024375 0.516938 -0.119790
v -0.022825 0.522942 -0.116724
v -0.037679 0.536472 -0.108920
v -0.021250 0.528933 -0.113671
v 0.023732 0.479321 -0.135135
v -0.001129 0.474376 -0.136404
v 0.048607 0.484318 -0.134260
v 0.073498 0.488439 -0.131864
v 0.098176 0.490556 -0.126276
v 0.122661 0.491131 -0.119096
v 0.147368 0.491413 -0.112494
v 0.172029 0.491187 -0.105838
v 0.196166 0.489668 -0.098161
v 0.023467 0.452491 -0.142529
v -0.000818 0.448243 -0.142914
v 0.047731 0.456869 -0.142754
v 0.072001 0.460841 -0.142228
v 0.096314 0.464327 -0.140766
v 0.120565 0.467083 -0.137855
v 0.144589 0.468593 -0.132994
v 0.168617 0.470162 -0.127994
v 0.192604 0.473089 -0.122829
v 0.023677 0.425117 -0.147941
v -0.000493 0.421614 -0.147376
v 0.047771 0.428941 -0.149695
v 0.071969 0.432407 -0.150114
v 0.096276 0.435559 -0.149468
v 0.120640 0.438743 -0.149087
v 0.145009 0.441743 -0.147823
v 0.169287 0.444485 -0.145409
v 0.191701 0.445637 -0.138176
v 0.024295 0.397479 -0.151776
v -0.000159 0.394752 -0.150202
v 0.048682 0.400536 -0.154126
v 0.073193 0.403348 -0.155061
v 0.097801 0.405872 -0.154467
v 0.122442 0.408394 -0.154720
v 0.147097 0.410703 -0.154014
v 0.171760 0.412812 -0.152787
v 0.186315 0.414303 -0.139488
v 0.025311 0.369722 -0.154139
v 0.000182 0.367806 -0.151944
v 0.050364 0.372016 -0.156930
v 0.075571 0.374090 -0.157227
v 0.100836 0.376020 -0.156715
v 0.126012 0.377997 -0.159134
v 0.151282 0.379693 -0.159089
v 0.175730 0.380526 -0.152375
v 0.027070 0.342170 -0.155071
v 0.000528 0.340831 -0.152887
v 0.053449 0.343893 -0.158737
v 0.080044 0.345443 -0.157543
v 0.106701 0.346935 -0.156949
v 0.133081 0.348331 -0.161222
v 0.155805 0.350675 -0.152237
v 0.188786 0.382948 -0.135489
v 0.178251 0.352070 -0.137777
v 0.000871 0.313856 -0.151985
v 0.030247 0.315840 -0.155423
v 0.059493 0.317957 -0.159584
v 0.088918 0.319992 -0.156753
v 0.118441 0.321948 -0.157344
v 0.147661 0.324092 -0.157941
v 0.165250 0.328505 -0.134692
v 0.194865 0.356860 -0.118125
v 0.187279 0.332380 -0.115443
v 0.193078 0.340728 -0.088104
v -0.026079 0.478858 -0.135355
v -0.051058 0.483369 -0.134653
v -0.076028 0.486961 -0.132186
v -0.100692 0.488709 -0.126582
v -0.125188 0.489121 -0.119633
v -0.149808 0.489064 -0.112906
v -0.174481 0.488602 -0.106477
v -0.198556 0.486691 -0.099126
v -0.025179 0.452016 -0.142685
v -0.049521 0.455926 -0.143121
v -0.073884 0.459408 -0.142668
v -0.098266 0.462183 -0.140568
v -0.122654 0.464681 -0.138088
v -0.146960 0.466742 -0.134667
v -0.171258 0.469233 -0.131209
v -0.194808 0.469664 -0.124713
v -0.024724 0.424613 -0.148024
v -0.048861 0.427959 -0.150023
v -0.073120 0.430886 -0.150370
v -0.097475 0.433449 -0.149514
v -0.121892 0.436023 -0.149068
v -0.146320 0.438359 -0.147780
v -0.170677 0.440398 -0.145535
v -0.192072 0.440830 -0.137823
v -0.024662 0.396943 -0.151839
v -0.049095 0.399467 -0.154286
v -0.073644 0.401736 -0.155227
v -0.098266 0.403695 -0.154310
v -0.122890 0.405788 -0.155501
v -0.147540 0.407527 -0.155135
v -0.171954 0.408365 -0.151111
v -0.188394 0.409143 -0.140284
v -0.024996 0.369148 -0.154137
v -0.050130 0.370858 -0.156756
v -0.075377 0.372388 -0.157505
v -0.100650 0.373728 -0.155950
v -0.125822 0.375135 -0.158496
v -0.149095 0.376575 -0.153360
v -0.173423 0.376372 -0.146175
v -0.026078 0.341551 -0.154819
v -0.052606 0.342635 -0.157793
v -0.079248 0.343627 -0.158613
v -0.105875 0.344503 -0.156048
v -0.132585 0.345334 -0.157780
v -0.153197 0.346710 -0.145281
v -0.177565 0.346575 -0.134601
v -0.190257 0.377613 -0.134027
v -0.028714 0.315174 -0.153925
v -0.058036 0.316557 -0.158313
v -0.087602 0.317944 -0.158664
v -0.117123 0.319292 -0.155805
v -0.146701 0.320733 -0.153713
v -0.165091 0.322713 -0.132448
v -0.186552 0.326517 -0.112564
v -0.193919 0.351291 -0.114892
v -0.191953 0.334924 -0.084658
v -0.198556 0.486691 -0.099126
v -0.241196 0.469855 -0.073709
v -0.205954 0.502752 -0.072194
v -0.194808 0.469664 -0.124713
v -0.230805 0.458928 -0.100009
v -0.192072 0.440830 -0.137823
v -0.219534 0.438108 -0.120077
v -0.188394 0.409143 -0.140284
v -0.212247 0.411260 -0.133979
v -0.190257 0.377613 -0.134027
v -0.206668 0.380084 -0.135067
v -0.193919 0.351291 -0.114892
v -0.202518 0.352479 -0.120861
v -0.191953 0.334924 -0.084658
v -0.204973 0.328438 -0.103890
v -0.194631 0.332522 -0.049911
v -0.208107 0.309928 -0.081789
v -0.266312 0.431125 -0.074608
v -0.257449 0.422707 -0.100878
v -0.244365 0.403047 -0.118246
v -0.232749 0.377496 -0.125241
v -0.225349 0.350161 -0.125449
v -0.222844 0.322947 -0.118262
v -0.222913 0.297904 -0.105143
v -0.215339 0.309349 -0.051875
v -0.226375 0.281620 -0.081741
v -0.289147 0.391901 -0.074129
v -0.279617 0.383701 -0.099321
v -0.268675 0.366966 -0.119007
v -0.256775 0.343133 -0.127359
v -0.247986 0.317051 -0.125573
v -0.244295 0.291870 -0.117083
v -0.244495 0.269516 -0.102872
v -0.234447 0.282138 -0.053111
v -0.248121 0.255395 -0.080856
v -0.309059 0.351942 -0.072627
v -0.304428 0.347030 -0.098728
v -0.293294 0.331104 -0.116455
v -0.280671 0.308834 -0.122359
v -0.271959 0.285005 -0.121056
v -0.268027 0.261980 -0.112966
v -0.267067 0.241380 -0.099183
v -0.254606 0.255477 -0.053668
v -0.265143 0.225817 -0.079063
v -0.338600 0.318889 -0.073957
v -0.331730 0.312484 -0.097804
v -0.317947 0.295573 -0.111453
v -0.305837 0.275022 -0.119004
v -0.296362 0.252801 -0.119330
v -0.291892 0.232262 -0.109729
v -0.291896 0.216014 -0.093112
v -0.274018 0.228116 -0.053922
v -0.288852 0.201848 -0.073489
v -0.353391 0.274691 -0.091059
v -0.365013 0.285181 -0.071775
v -0.343664 0.260623 -0.108385
v -0.330439 0.241241 -0.113377
v -0.321142 0.220880 -0.116908
v -0.315348 0.202475 -0.105917
v -0.310900 0.185819 -0.091986
v -0.286470 0.198075 -0.049843
v -0.307576 0.173480 -0.072583
v -0.388971 0.248407 -0.067400
v -0.378962 0.239036 -0.086930
v -0.367602 0.225334 -0.102564
v -0.357247 0.208865 -0.114475
v -0.346573 0.190974 -0.110071
v -0.338502 0.173616 -0.101242
v -0.332047 0.157238 -0.089904
v -0.306122 0.171019 -0.048062
v -0.328588 0.146550 -0.070917
v -0.414146 0.211678 -0.064743
v -0.404591 0.203195 -0.083968
v -0.394321 0.191189 -0.100178
v -0.382018 0.175289 -0.108733
v -0.369834 0.158261 -0.108627
v -0.360126 0.142217 -0.101363
v -0.353433 0.128481 -0.088432
v -0.327243 0.144827 -0.047332
v -0.349414 0.119516 -0.069610
v -0.439452 0.174789 -0.063826
v -0.431934 0.168054 -0.083331
v -0.420662 0.156662 -0.098010
v -0.407077 0.141916 -0.104687
v -0.393956 0.126307 -0.105974
v -0.382608 0.111449 -0.100291
v -0.374604 0.099477 -0.087279
v -0.349102 0.119344 -0.046812
v -0.370961 0.093139 -0.068140
v -0.461605 0.135743 -0.060975
v -0.456022 0.130488 -0.080308
v -0.446108 0.121168 -0.095691
v -0.432347 0.108323 -0.102662
v -0.418512 0.094500 -0.103538
v -0.406378 0.081559 -0.097158
v -0.397226 0.071429 -0.084214
v -0.391324 0.067415 -0.045626
v -0.391709 0.065930 -0.066173
v -0.484085 0.096958 -0.057678
v -0.479834 0.092669 -0.076510
v -0.470849 0.084956 -0.092113
v -0.457700 0.074260 -0.101357
v -0.443056 0.062301 -0.102488
v -0.430031 0.051523 -0.094440
v -0.419790 0.043349 -0.081130
v -0.411168 0.040309 -0.044500
v -0.412920 0.038971 -0.063824
v -0.504634 0.055764 -0.073261
v -0.508556 0.059630 -0.054702
v -0.496148 0.049333 -0.089377
v -0.483078 0.040360 -0.100383
v -0.467162 0.029927 -0.102488
v -0.452669 0.020865 -0.093474
v -0.441233 0.014559 -0.079174
v -0.433605 0.011644 -0.061639
v -0.431233 0.013292 -0.042673
v -0.241834 0.441259 -0.004788
v -0.214787 0.455401 0.009181
v -0.220332 0.477597 -0.000538
v -0.236726 0.419481 0.005994
v -0.213432 0.431435 0.016954
v -0.231964 0.395546 0.010315
v -0.211884 0.405822 0.019394
v -0.227510 0.371619 0.008347
v -0.207473 0.380192 0.012841
v -0.224568 0.348433 0.002975
v -0.203130 0.355965 -0.000470
v -0.222907 0.328148 -0.008827
v -0.199077 0.340757 -0.023783
v -0.220841 0.315875 -0.029100
v -0.194631 0.332522 -0.049911
v -0.261199 0.402761 -0.011166
v -0.254976 0.382651 -0.002605
v -0.249700 0.361225 0.000777
v -0.246707 0.339760 0.003674
v -0.244401 0.318759 -0.001023
v -0.243479 0.300713 -0.013147
v -0.241030 0.289000 -0.032045
v -0.215339 0.309349 -0.051875
v -0.278497 0.364555 -0.016047
v -0.275423 0.347884 -0.002945
v -0.271330 0.328485 0.003876
v -0.267205 0.308281 0.002667
v -0.264815 0.289163 -0.003685
v -0.263586 0.272778 -0.015855
v -0.260481 0.261589 -0.033604
v -0.234447 0.282138 -0.053111
v -0.302353 0.329428 -0.017201
v -0.297929 0.314159 -0.004815
v -0.293290 0.296111 0.000970
v -0.289012 0.277509 -0.000414
v -0.286080 0.259995 -0.007081
v -0.283809 0.244673 -0.018548
v -0.278897 0.233224 -0.034354
v -0.254606 0.255477 -0.053668
v -0.327501 0.295546 -0.017225
v -0.321666 0.280346 -0.007330
v -0.316025 0.263626 -0.001827
v -0.311446 0.246952 -0.003491
v -0.308446 0.231735 -0.012302
v -0.304135 0.216589 -0.021279
v -0.298034 0.205330 -0.035464
v -0.274018 0.228116 -0.053922
v -0.352767 0.264106 -0.012686
v -0.345653 0.248470 -0.006805
v -0.337106 0.233851 -0.009858
v -0.329779 0.219478 -0.014606
v -0.324588 0.204075 -0.018923
v -0.318073 0.188448 -0.020202
v -0.306122 0.171019 -0.048062
v -0.286470 0.198075 -0.049843
v -0.375991 0.232830 -0.020122
v -0.366670 0.218862 -0.017320
v -0.359111 0.204283 -0.016393
v -0.352275 0.190006 -0.013879
v -0.346242 0.175613 -0.015338
v -0.340112 0.161718 -0.021211
v -0.310835 0.176340 -0.030647
v -0.332026 0.149826 -0.030821
v -0.401533 0.199065 -0.013015
v -0.391409 0.186403 -0.009820
v -0.382818 0.173070 -0.010285
v -0.375346 0.159755 -0.012075
v -0.368268 0.146554 -0.014880
v -0.360907 0.133735 -0.019732
v -0.353641 0.123697 -0.030726
v -0.327243 0.144827 -0.047332
v -0.425962 0.163755 -0.010870
v -0.415665 0.152536 -0.008119
v -0.406437 0.140756 -0.008454
v -0.398145 0.128949 -0.010526
v -0.390382 0.117332 -0.014234
v -0.382792 0.106269 -0.020297
v -0.375715 0.097929 -0.031430
v -0.349102 0.119344 -0.046812
v -0.450124 0.128306 -0.009384
v -0.440231 0.119092 -0.004100
v -0.430629 0.108676 -0.006536
v -0.421724 0.098416 -0.010250
v -0.413221 0.088395 -0.015052
v -0.405023 0.078993 -0.021865
v -0.391324 0.067415 -0.045626
v -0.370986 0.094085 -0.046475
v -0.476436 0.095403 -0.004067
v -0.466148 0.086749 -0.007675
v -0.455934 0.077694 -0.010476
v -0.445906 0.068548 -0.012820
v -0.436252 0.059731 -0.016699
v -0.427534 0.052070 -0.024277
v -0.397049 0.071412 -0.031956
v -0.411168 0.040309 -0.044500
v -0.497433 0.058473 -0.000702
v -0.486160 0.053396 0.005252
v -0.475374 0.046051 0.000219
v -0.465610 0.038658 -0.006776
v -0.446807 0.024919 -0.022661
v -0.437954 0.018766 -0.031614
v -0.418783 0.045257 -0.033297
v -0.431233 0.013292 -0.042673
v -0.485018 0.098576 -0.043616
v -0.463364 0.137700 -0.046527
v -0.440592 0.176161 -0.048734
v -0.392077 0.251137 -0.051762
v -0.361248 0.281412 -0.056343
v -0.340672 0.319073 -0.056785
v -0.312517 0.353326 -0.055372
v -0.293846 0.393948 -0.056835
v -0.268715 0.431171 -0.056426
v -0.244387 0.470078 -0.054472
v -0.212276 0.504510 -0.052833
v -0.507459 0.061458 -0.026680
v -0.509048 0.061139 -0.040686
v -0.463402 0.138286 -0.031906
v -0.438952 0.175193 -0.033698
v -0.417227 0.213969 -0.034055
v -0.418070 0.214785 -0.049816
v -0.391540 0.250287 -0.035718
v -0.357906 0.277182 -0.040708
v -0.340495 0.316304 -0.039972
v -0.315884 0.352967 -0.038112
v -0.286442 0.385629 -0.043880
v -0.268017 0.426069 -0.038563
v -0.246602 0.466198 -0.035257
v -0.216269 0.500346 -0.032969
v -0.503790 0.060649 -0.013094
v -0.484646 0.099268 -0.029475
v -0.458632 0.135002 -0.018829
v -0.434418 0.171312 -0.020180
v -0.410942 0.208306 -0.020954
v -0.386194 0.244103 -0.023638
v -0.356744 0.272109 -0.025364
v -0.333285 0.306670 -0.028250
v -0.309008 0.342495 -0.026440
v -0.282086 0.376076 -0.029315
v -0.266266 0.416718 -0.022526
v -0.245450 0.455974 -0.018164
v -0.219084 0.491390 -0.015140
v -0.482692 0.098819 -0.015520
v 0.101370 0.119928 0.117554
v 0.074456 0.151209 0.128925
v 0.070652 0.123221 0.130962
v 0.129159 0.116688 0.098830
v 0.105402 0.148826 0.115704
v 0.152580 0.113670 0.074829
v 0.133148 0.146497 0.096708
v 0.172059 0.110797 0.047472
v 0.155736 0.144404 0.071777
v 0.188295 0.107872 0.018097
v 0.173652 0.142437 0.043222
v 0.196779 0.104569 -0.014138
v 0.188558 0.140398 0.013003
v 0.078243 0.179206 0.126850
v 0.109424 0.177735 0.113839
v 0.137058 0.176310 0.094481
v 0.158527 0.175134 0.068433
v 0.174740 0.174064 0.038726
v 0.196359 0.137974 -0.019566
v 0.188419 0.172921 0.007787
v 0.082000 0.207211 0.124705
v 0.113371 0.206655 0.111829
v 0.140789 0.206129 0.092023
v 0.160918 0.205858 0.064800
v 0.175382 0.205681 0.034060
v 0.196091 0.171413 -0.024990
v 0.187965 0.205453 0.002517
v 0.085723 0.235227 0.122479
v 0.117300 0.235587 0.109765
v 0.144452 0.235936 0.089439
v 0.162992 0.236573 0.060971
v 0.175493 0.237286 0.029235
v 0.195686 0.204890 -0.030422
v 0.187128 0.237989 -0.002812
v 0.089392 0.263256 0.120115
v 0.121170 0.264528 0.107558
v 0.148043 0.265727 0.086710
v 0.164434 0.267276 0.056850
v 0.175091 0.268876 0.024298
v 0.195033 0.238404 -0.035854
v 0.185954 0.270529 -0.008167
v 0.092956 0.291293 0.117472
v 0.124904 0.293476 0.105007
v 0.151628 0.295489 0.083906
v 0.164811 0.297954 0.052368
v 0.174313 0.300454 0.019329
v 0.194085 0.271988 -0.041307
v 0.184910 0.303090 -0.013370
v 0.096413 0.319349 0.114554
v 0.128408 0.322414 0.101842
v 0.154930 0.325209 0.080826
v 0.164819 0.328644 0.047849
v 0.176351 0.332040 0.015338
v 0.191548 0.305621 -0.046923
v 0.187895 0.335558 -0.017147
v 0.214879 0.493660 -0.013477
v 0.194286 0.486366 0.005395
v 0.216112 0.480047 0.001316
v 0.212551 0.502949 -0.031254
v 0.196611 0.500197 -0.008820
v 0.208929 0.507168 -0.051266
v 0.197484 0.510940 -0.027410
v 0.202857 0.505310 -0.070766
v 0.195214 0.515133 -0.049075
v 0.177216 0.504414 -0.005288
v 0.170614 0.491662 0.008224
v 0.181334 0.516203 -0.023878
v 0.180457 0.520927 -0.046949
v 0.188671 0.512617 -0.070232
v 0.157752 0.508425 -0.001523
v 0.147708 0.498655 0.013190
v 0.164730 0.519941 -0.020690
v 0.165519 0.525810 -0.044847
v 0.174691 0.519299 -0.069589
v 0.139000 0.513946 0.003833
v 0.125530 0.506904 0.019630
v 0.148449 0.524297 -0.016955
v 0.150692 0.530449 -0.042569
v 0.161237 0.526681 -0.069602
v 0.120025 0.519025 0.008829
v 0.102449 0.513642 0.024512
v 0.132372 0.528913 -0.012952
v 0.136235 0.535573 -0.039994
v 0.147435 0.533215 -0.069325
v 0.083486 0.496615 0.051407
v 0.081192 0.523388 0.031656
v 0.106547 0.490269 0.045985
v 0.128721 0.482770 0.038726
v 0.150381 0.474685 0.030579
v 0.173314 0.468439 0.024817
v 0.197502 0.465296 0.023039
v 0.085098 0.467777 0.067933
v 0.108630 0.462789 0.062509
v 0.131287 0.456599 0.055013
v 0.153501 0.449886 0.046617
v 0.177214 0.445551 0.041543
v 0.200921 0.441351 0.036561
v 0.211300 0.457826 0.011250
v 0.086613 0.438259 0.083186
v 0.110809 0.434518 0.077637
v 0.134176 0.429672 0.069874
v 0.157557 0.424904 0.062052
v 0.181059 0.420502 0.054462
v 0.199105 0.413949 0.039287
v 0.209884 0.433716 0.018506
v 0.088481 0.408462 0.097499
v 0.113449 0.405578 0.090963
v 0.137521 0.401710 0.081935
v 0.161739 0.398018 0.070700
v 0.180564 0.392872 0.056969
v 0.193497 0.387339 0.035194
v 0.209093 0.408148 0.021114
v 0.091035 0.378192 0.108550
v 0.117189 0.376043 0.099498
v 0.142722 0.373447 0.088805
v 0.163863 0.370440 0.072912
v 0.174055 0.368081 0.047189
v 0.186432 0.364766 0.022558
v 0.205030 0.382654 0.014100
v 0.093690 0.348047 0.113280
v 0.122278 0.347891 0.102023
v 0.150043 0.347416 0.088924
v 0.161865 0.347436 0.061116
v 0.172892 0.347425 0.032352
v 0.185368 0.347128 0.004157
v 0.200291 0.358667 0.000172
v 0.196256 0.344816 -0.024720
v 0.239020 0.473535 -0.071547
v 0.196166 0.489668 -0.098161
v 0.202857 0.505310 -0.070766
v 0.229613 0.463356 -0.098408
v 0.192604 0.473089 -0.122829
v 0.218325 0.442252 -0.117206
v 0.191701 0.445637 -0.138176
v 0.211619 0.414909 -0.126559
v 0.186315 0.414303 -0.139488
v 0.210213 0.385615 -0.128830
v 0.188786 0.382948 -0.135489
v 0.209555 0.357430 -0.121021
v 0.194865 0.356860 -0.118125
v 0.199909 0.331396 -0.108449
v 0.193078 0.340728 -0.088104
v 0.203978 0.314627 -0.083091
v 0.192316 0.338553 -0.052525
v 0.264280 0.435111 -0.072776
v 0.254956 0.427123 -0.099135
v 0.241250 0.408429 -0.117527
v 0.229021 0.383432 -0.125926
v 0.221281 0.356364 -0.124806
v 0.219202 0.329449 -0.117906
v 0.219408 0.303979 -0.105818
v 0.222553 0.286622 -0.083156
v 0.211982 0.313727 -0.053216
v 0.286010 0.395415 -0.073038
v 0.276770 0.388433 -0.098674
v 0.265068 0.372497 -0.118474
v 0.252788 0.349275 -0.127329
v 0.244029 0.323449 -0.125952
v 0.240455 0.298118 -0.118192
v 0.240704 0.275389 -0.104585
v 0.244369 0.260439 -0.082950
v 0.230636 0.286301 -0.054582
v 0.307029 0.356150 -0.073465
v 0.300748 0.351397 -0.099246
v 0.290241 0.337312 -0.118912
v 0.276892 0.315271 -0.123829
v 0.268283 0.291519 -0.122081
v 0.264499 0.268522 -0.113828
v 0.262437 0.246508 -0.102618
v 0.261719 0.231285 -0.081864
v 0.250620 0.259661 -0.055695
v 0.324910 0.318352 -0.095186
v 0.313724 0.302792 -0.111619
v 0.302789 0.282720 -0.120437
v 0.293585 0.260614 -0.117718
v 0.287514 0.238761 -0.113420
v 0.287038 0.221949 -0.097547
v 0.286803 0.210027 -0.076540
v 0.270100 0.232480 -0.056534
v 0.335795 0.326393 -0.074806
v 0.350468 0.282382 -0.092334
v 0.339687 0.269123 -0.107487
v 0.327610 0.250307 -0.115129
v 0.317614 0.229855 -0.117567
v 0.312541 0.212945 -0.104328
v 0.308655 0.196091 -0.090744
v 0.303161 0.181448 -0.073636
v 0.284811 0.205539 -0.051445
v 0.354736 0.287933 -0.068429
v 0.376511 0.248408 -0.088066
v 0.362945 0.235536 -0.101299
v 0.350822 0.219226 -0.111507
v 0.340227 0.200941 -0.110769
v 0.333438 0.183475 -0.101240
v 0.327507 0.166739 -0.090139
v 0.322846 0.154363 -0.072429
v 0.303438 0.179746 -0.049742
v 0.383962 0.254882 -0.066350
v 0.398895 0.211431 -0.083451
v 0.387298 0.199671 -0.098991
v 0.375666 0.184997 -0.110465
v 0.364019 0.168245 -0.112235
v 0.355875 0.152858 -0.102084
v 0.349281 0.138619 -0.089525
v 0.344047 0.127842 -0.072138
v 0.321480 0.151619 -0.048835
v 0.434164 0.182201 -0.065347
v 0.409259 0.219163 -0.064356
v 0.425289 0.175831 -0.084418
v 0.413344 0.164856 -0.098810
v 0.400869 0.151100 -0.108712
v 0.388340 0.136000 -0.110739
v 0.377906 0.121816 -0.102409
v 0.369477 0.109112 -0.090471
v 0.364797 0.100960 -0.072371
v 0.342993 0.125839 -0.049554
v 0.457590 0.143969 -0.064721
v 0.450167 0.138472 -0.083413
v 0.439095 0.129091 -0.097925
v 0.426093 0.117085 -0.107659
v 0.412456 0.103707 -0.110221
v 0.401138 0.091494 -0.101202
v 0.391872 0.080793 -0.088572
v 0.387186 0.075410 -0.052266
v 0.364786 0.100515 -0.050738
v 0.478695 0.104696 -0.062338
v 0.473806 0.100411 -0.080945
v 0.463529 0.092491 -0.095672
v 0.450789 0.082535 -0.106405
v 0.436478 0.071196 -0.109762
v 0.424276 0.061174 -0.100272
v 0.415728 0.053967 -0.085201
v 0.384242 0.072805 -0.072509
v 0.409260 0.050556 -0.053814
v 0.497415 0.062756 -0.077750
v 0.488034 0.056099 -0.093296
v 0.475448 0.047978 -0.105565
v 0.459771 0.038272 -0.110778
v 0.445812 0.029828 -0.100902
v 0.435992 0.024461 -0.085081
v 0.429739 0.021902 -0.066939
v 0.406563 0.046695 -0.069974
v 0.211300 0.457826 0.011250
v 0.238557 0.444367 -0.002992
v 0.216112 0.480047 0.001316
v 0.209884 0.433716 0.018506
v 0.233506 0.422437 0.007444
v 0.209093 0.408148 0.021114
v 0.229210 0.398450 0.011762
v 0.205030 0.382654 0.014100
v 0.224916 0.374259 0.009520
v 0.200291 0.358667 0.000172
v 0.221560 0.351062 0.003308
v 0.196256 0.344816 -0.024720
v 0.219431 0.331187 -0.009298
v 0.192316 0.338553 -0.052525
v 0.217363 0.319633 -0.030131
v 0.258497 0.406022 -0.009230
v 0.252334 0.385621 -0.000975
v 0.246907 0.363884 0.001645
v 0.243466 0.342268 0.003694
v 0.240728 0.321541 -0.001582
v 0.239873 0.303995 -0.014331
v 0.211982 0.313727 -0.053216
v 0.237471 0.292817 -0.033504
v 0.274776 0.367402 -0.015515
v 0.269432 0.349999 -0.004581
v 0.266006 0.330739 0.002235
v 0.263027 0.310701 0.002425
v 0.260788 0.291908 -0.004559
v 0.259754 0.276054 -0.017360
v 0.230636 0.286301 -0.054582
v 0.256705 0.265419 -0.035505
v 0.299076 0.332288 -0.015846
v 0.294140 0.316714 -0.003760
v 0.289103 0.298440 0.001611
v 0.284642 0.279839 -0.000433
v 0.281736 0.262737 -0.008254
v 0.279524 0.247889 -0.020371
v 0.250620 0.259661 -0.055695
v 0.274950 0.237134 -0.036818
v 0.323831 0.298230 -0.015389
v 0.317794 0.282960 -0.006019
v 0.311668 0.266080 -0.001846
v 0.306945 0.249417 -0.005130
v 0.303181 0.233950 -0.013207
v 0.298969 0.219347 -0.023125
v 0.284811 0.205539 -0.051445
v 0.291966 0.208670 -0.036870
v 0.347917 0.265884 -0.016571
v 0.342184 0.251623 -0.007536
v 0.335241 0.235267 -0.007413
v 0.328260 0.219791 -0.010625
v 0.321907 0.204978 -0.016043
v 0.313896 0.192573 -0.019364
v 0.303438 0.179746 -0.049742
v 0.308947 0.184520 -0.032533
v 0.372227 0.235962 -0.016796
v 0.363820 0.220944 -0.017988
v 0.356308 0.206229 -0.016365
v 0.348441 0.193522 -0.010785
v 0.342428 0.180417 -0.016802
v 0.335180 0.166735 -0.022060
v 0.326199 0.155600 -0.032006
v 0.398257 0.202431 -0.013180
v 0.388054 0.189572 -0.010284
v 0.378942 0.176478 -0.011149
v 0.370726 0.163437 -0.013089
v 0.362790 0.150509 -0.015998
v 0.354791 0.138183 -0.021572
v 0.321480 0.151619 -0.048835
v 0.347397 0.129091 -0.033266
v 0.421766 0.167363 -0.013029
v 0.411098 0.156010 -0.008805
v 0.401006 0.144148 -0.008882
v 0.391880 0.132372 -0.011422
v 0.383318 0.120768 -0.015301
v 0.375576 0.110211 -0.022611
v 0.342993 0.125839 -0.049554
v 0.369184 0.103092 -0.035145
v 0.444191 0.131398 -0.016186
v 0.434062 0.122066 -0.010996
v 0.424122 0.111988 -0.010000
v 0.414823 0.101935 -0.013301
v 0.406071 0.092070 -0.017916
v 0.398148 0.083221 -0.025502
v 0.387186 0.075410 -0.052266
v 0.391933 0.077645 -0.037774
v 0.469283 0.099023 -0.017098
v 0.458984 0.090007 -0.014143
v 0.448617 0.080792 -0.012684
v 0.438425 0.071652 -0.014422
v 0.428839 0.063039 -0.018956
v 0.421592 0.057024 -0.028957
v 0.409260 0.050556 -0.053814
v 0.416063 0.053788 -0.041686
v 0.487934 0.064401 -0.005845
v 0.477340 0.059690 0.000939
v 0.467947 0.051299 -0.004852
v 0.461391 0.041909 -0.013285
v 0.439796 0.030430 -0.027346
v 0.451514 0.034998 -0.020912
v 0.429350 0.025533 -0.035237
v 0.425257 0.021608 -0.047954
v 0.501870 0.068281 -0.045355
v 0.501901 0.066981 -0.059403
v 0.461735 0.146541 -0.050813
v 0.478151 0.105329 -0.048165
v 0.436396 0.183231 -0.050368
v 0.413571 0.221458 -0.049365
v 0.384870 0.255446 -0.050736
v 0.356573 0.288839 -0.052084
v 0.330476 0.319120 -0.060441
v 0.312131 0.357845 -0.056651
v 0.291220 0.397061 -0.055765
v 0.266363 0.434759 -0.054291
v 0.241913 0.473704 -0.052264
v 0.208929 0.507168 -0.051266
v 0.499078 0.067929 -0.031536
v 0.458384 0.143847 -0.037515
v 0.477311 0.105509 -0.034015
v 0.434911 0.181054 -0.035468
v 0.412900 0.219485 -0.033718
v 0.381585 0.251098 -0.035569
v 0.360050 0.289225 -0.036291
v 0.328782 0.314913 -0.043935
v 0.310955 0.353856 -0.039580
v 0.284534 0.389324 -0.041909
v 0.265697 0.429670 -0.036389
v 0.243963 0.469887 -0.032994
v 0.212551 0.502949 -0.031254
v 0.478907 0.106023 -0.020105
v 0.494128 0.066246 -0.018431
v 0.452443 0.138516 -0.025413
v 0.430342 0.175833 -0.022153
v 0.407218 0.212499 -0.020870
v 0.380658 0.247148 -0.020321
v 0.353777 0.277668 -0.026463
v 0.326799 0.307964 -0.028613
v 0.305849 0.345099 -0.025548
v 0.280036 0.379515 -0.027577
v 0.263508 0.420013 -0.020448
v 0.242323 0.459298 -0.016086
v 0.214879 0.493660 -0.013477
v -0.174239 0.451389 0.035969
v -0.158589 0.434373 0.053273
v -0.175468 0.431931 0.047513
v -0.174921 0.452335 0.037594
v -0.159410 0.435267 0.054863
v -0.158171 0.454709 0.043081
v -0.158171 0.454709 0.043081
v -0.157377 0.453697 0.041549
v -0.159410 0.435267 0.054863
v -0.141470 0.457278 0.049161
v -0.142603 0.437812 0.060780
v -0.142321 0.458273 0.050672
v -0.141470 0.457278 0.049161
v -0.157377 0.453697 0.041549
v -0.125254 0.460559 0.056282
v -0.126228 0.440878 0.067625
v -0.143462 0.438705 0.062350
v -0.126057 0.461544 0.057827
v -0.142321 0.458273 0.050672
v -0.143462 0.438705 0.062350
v -0.108624 0.463353 0.062610
v -0.109465 0.443476 0.073657
v -0.127011 0.441775 0.069232
v -0.109325 0.464323 0.064212
v -0.126057 0.461544 0.057827
v -0.110144 0.444379 0.075308
v -0.092248 0.445541 0.078574
v -0.110144 0.444379 0.075308
v -0.092142 0.466513 0.069554
v -0.092142 0.466513 0.069554
v -0.091542 0.465552 0.067906
v -0.092847 0.446455 0.080249
v -0.074305 0.467485 0.072745
v -0.074988 0.447500 0.083346
v -0.092847 0.446455 0.080249
v -0.074955 0.468417 0.074391
v -0.074955 0.468417 0.074391
v -0.075628 0.448406 0.085010
v -0.057985 0.449838 0.088780
v -0.075628 0.448406 0.085010
v -0.058090 0.470749 0.079962
v -0.058090 0.470749 0.079962
v -0.057369 0.469858 0.078323
v -0.058677 0.450727 0.090432
v -0.174921 0.452335 0.037594
v -0.169322 0.458608 0.032954
v -0.181267 0.453380 0.033335
v -0.180466 0.457120 0.029175
v -0.181852 0.454350 0.034983
v -0.170016 0.459603 0.034544
v -0.181031 0.458123 0.030810
v -0.181031 0.458123 0.030810
v -0.170209 0.454884 0.037068
v -0.170919 0.455855 0.038667
v -0.170209 0.454884 0.037068
v -0.181845 0.449195 0.036818
v -0.171502 0.451685 0.042094
v -0.181852 0.454350 0.034983
v -0.170789 0.450728 0.040489
v -0.171236 0.446384 0.043610
v -0.170789 0.450728 0.040489
v -0.182449 0.450132 0.038479
v -0.171952 0.447328 0.045222
v -0.182334 0.444829 0.040017
v -0.182449 0.450132 0.038479
v -0.171236 0.446384 0.043610
v -0.171619 0.441690 0.046255
v -0.182966 0.445729 0.041688
v -0.172422 0.442575 0.047858
v -0.182716 0.440173 0.042719
v -0.182966 0.445729 0.041688
v -0.171619 0.441690 0.046255
v -0.171842 0.436838 0.048602
v -0.183423 0.441020 0.044387
v -0.172735 0.437660 0.050192
v -0.182958 0.435330 0.045060
v -0.183423 0.441020 0.044387
v -0.172735 0.437660 0.050192
v -0.171785 0.431890 0.050674
v -0.183756 0.436115 0.046717
v -0.172712 0.432670 0.052266
v -0.183885 0.431090 0.048730
v -0.183756 0.436115 0.046717
v -0.172712 0.432670 0.052266
v -0.182563 0.425180 0.048449
v -0.182997 0.430369 0.047089
v -0.183536 0.425835 0.050068
v -0.183885 0.431090 0.048730
v -0.183536 0.425835 0.050068
v -0.172218 0.427420 0.053684
v -0.171291 0.426670 0.052079
v -0.165818 0.450922 0.044199
v -0.162883 0.448595 0.047465
v -0.161756 0.453713 0.044548
v -0.165098 0.450049 0.042799
v -0.162068 0.447607 0.045881
v -0.167525 0.445942 0.044113
v -0.157815 0.454419 0.046134
v -0.157095 0.453546 0.044734
v -0.156652 0.448578 0.048061
v -0.157466 0.449566 0.049645
v -0.153994 0.453041 0.048958
v -0.153274 0.452168 0.047558
v -0.151275 0.448854 0.050654
v -0.168459 0.443103 0.047717
v -0.168245 0.446815 0.045513
v -0.167739 0.442230 0.046318
v -0.162362 0.442506 0.048910
v -0.163177 0.443494 0.050495
v -0.156946 0.443477 0.051091
v -0.157760 0.444465 0.052675
v -0.151995 0.449727 0.052054
v -0.151489 0.445143 0.052858
v -0.166459 0.439789 0.050813
v -0.165739 0.438916 0.049413
v -0.161918 0.437538 0.052237
v -0.162638 0.438411 0.053637
v -0.157977 0.438244 0.053824
v -0.154636 0.441908 0.055572
v -0.152209 0.446016 0.054258
v -0.153916 0.441035 0.054172
v -0.165844 0.450757 0.042810
v -0.165844 0.450757 0.042810
v -0.161036 0.452840 0.043148
v -0.157146 0.454557 0.044913
v -0.161429 0.453790 0.043189
v -0.157146 0.454557 0.044913
v -0.161429 0.453790 0.043189
v -0.152992 0.453060 0.047983
v -0.152992 0.453060 0.047983
v -0.150819 0.449457 0.051348
v -0.150819 0.449457 0.051348
v -0.151052 0.445423 0.053744
v -0.151052 0.445423 0.053744
v -0.158697 0.439117 0.055223
v -0.153690 0.440958 0.055172
v -0.153690 0.440958 0.055172
v -0.162388 0.437157 0.053069
v -0.158104 0.437925 0.054793
v -0.162388 0.437157 0.053069
v -0.158104 0.437925 0.054793
v -0.166541 0.438655 0.049999
v -0.166541 0.438655 0.049999
v -0.168714 0.442257 0.046635
v -0.168714 0.442257 0.046635
v -0.168482 0.446291 0.044238
v -0.168482 0.446291 0.044238
v -0.079812 0.464943 0.076505
v -0.076688 0.462417 0.079419
v -0.075655 0.467644 0.076653
v -0.079224 0.464120 0.075016
v -0.076023 0.461486 0.077734
v -0.081655 0.459998 0.076334
v -0.071082 0.463192 0.081202
v -0.071576 0.468208 0.077950
v -0.075067 0.466822 0.075164
v -0.070417 0.462261 0.079517
v -0.067576 0.466635 0.080397
v -0.066989 0.465813 0.078908
v -0.064838 0.462324 0.081683
v -0.082242 0.460821 0.077823
v -0.076880 0.457186 0.082233
v -0.076215 0.456255 0.080547
v -0.081794 0.456192 0.078381
v -0.071274 0.457962 0.084016
v -0.070609 0.457031 0.082330
v -0.065565 0.459341 0.085220
v -0.065425 0.463147 0.083173
v -0.064978 0.458519 0.083730
v -0.080231 0.453526 0.082646
v -0.082382 0.457015 0.079870
v -0.079644 0.452704 0.081157
v -0.075643 0.451131 0.083604
v -0.072152 0.452518 0.086390
v -0.071565 0.451695 0.084901
v -0.067995 0.455219 0.086538
v -0.067408 0.454396 0.085049
v -0.079950 0.464840 0.075117
v -0.079950 0.464840 0.075117
v -0.075432 0.467776 0.075278
v -0.075432 0.467776 0.075278
v -0.070989 0.467386 0.076461
v -0.066651 0.466680 0.079348
v -0.070999 0.468390 0.076688
v -0.070999 0.468390 0.076688
v -0.064313 0.462888 0.082365
v -0.064313 0.462888 0.082365
v -0.066651 0.466680 0.079348
v -0.064465 0.458751 0.084590
v -0.064465 0.458751 0.084590
v -0.067106 0.454270 0.086023
v -0.067106 0.454270 0.086023
v -0.076231 0.451954 0.085093
v -0.071625 0.451334 0.085862
v -0.071625 0.451334 0.085862
v -0.076058 0.450721 0.084452
v -0.076058 0.450721 0.084452
v -0.082744 0.456223 0.078775
v -0.080406 0.452431 0.081792
v -0.082744 0.456223 0.078775
v -0.080406 0.452431 0.081792
v -0.082592 0.460359 0.076550
v -0.082592 0.460359 0.076550
v 0.049563 0.453006 0.088859
v 0.066032 0.470471 0.073030
v 0.066345 0.450455 0.083572
v 0.050181 0.474035 0.080306
v 0.066950 0.451336 0.085262
v 0.066677 0.471382 0.074690
v 0.049425 0.473197 0.078655
v 0.066677 0.471382 0.074690
v 0.066950 0.451336 0.085262
v 0.083559 0.448521 0.079411
v 0.084109 0.449425 0.081108
v 0.083781 0.469539 0.070488
v 0.083225 0.468584 0.068821
v 0.100751 0.446538 0.075132
v 0.101357 0.447450 0.076806
v 0.100932 0.467387 0.065745
v 0.100291 0.466417 0.064118
v 0.083225 0.468584 0.068821
v 0.084109 0.449425 0.081108
v 0.100291 0.466417 0.064118
v 0.117617 0.444097 0.069915
v 0.118314 0.445017 0.071549
v 0.117737 0.464727 0.060083
v 0.117737 0.464727 0.060083
v 0.116995 0.463734 0.058514
v 0.101357 0.447450 0.076806
v 0.134114 0.441155 0.063815
v 0.134898 0.442090 0.065400
v 0.134118 0.461548 0.053554
v 0.134118 0.461548 0.053554
v 0.133305 0.460530 0.052037
v 0.134898 0.442090 0.065400
v 0.150541 0.438198 0.057605
v 0.151326 0.439122 0.059196
v 0.150060 0.458089 0.046556
v 0.150060 0.458089 0.046556
v 0.149306 0.457025 0.045040
v 0.167013 0.435304 0.051414
v 0.166771 0.455760 0.041386
v 0.166079 0.454733 0.039816
v 0.149306 0.457025 0.045040
v 0.151326 0.439122 0.059196
v 0.050181 0.474035 0.080306
v 0.166771 0.455760 0.041386
v 0.167912 0.436088 0.053020
v 0.171068 0.460270 0.033120
v 0.160701 0.458268 0.040925
v 0.159850 0.461864 0.036765
v 0.161419 0.459318 0.042468
v 0.171680 0.461349 0.034689
v 0.160574 0.462925 0.038297
v 0.160574 0.462925 0.038297
v 0.171975 0.456858 0.037600
v 0.172614 0.457900 0.039184
v 0.171975 0.456858 0.037600
v 0.161243 0.454220 0.044451
v 0.161955 0.455259 0.046006
v 0.161419 0.459318 0.042468
v 0.172644 0.452968 0.041433
v 0.173310 0.453972 0.043030
v 0.172644 0.452968 0.041433
v 0.161649 0.449953 0.047672
v 0.162358 0.450976 0.049237
v 0.161955 0.455259 0.046006
v 0.173044 0.448714 0.044685
v 0.173703 0.449706 0.046292
v 0.173044 0.448714 0.044685
v 0.161931 0.445177 0.050264
v 0.162727 0.446116 0.051840
v 0.162727 0.446116 0.051840
v 0.162358 0.450976 0.049237
v 0.174058 0.444911 0.048955
v 0.173326 0.443991 0.047336
v 0.162070 0.440437 0.052817
v 0.162899 0.441326 0.054406
v 0.174058 0.444911 0.048955
v 0.162899 0.441326 0.054406
v 0.174278 0.439894 0.051258
v 0.173460 0.439062 0.049634
v 0.173391 0.434020 0.051615
v 0.162887 0.436505 0.056791
v 0.174278 0.439894 0.051258
v 0.162887 0.436505 0.056791
v 0.174292 0.434760 0.053240
v 0.172870 0.428817 0.052985
v 0.162055 0.435648 0.055187
v 0.173837 0.429474 0.054608
v 0.174292 0.434760 0.053240
v 0.162055 0.435648 0.055187
v 0.162522 0.431361 0.058487
v 0.173837 0.429474 0.054608
v 0.162522 0.431361 0.058487
v 0.161686 0.430537 0.056868
v 0.058091 0.469773 0.080848
v 0.061538 0.466282 0.081675
v 0.062141 0.471322 0.078478
v 0.057517 0.468971 0.079342
v 0.060888 0.465374 0.079971
v 0.055285 0.465481 0.082052
v 0.066226 0.470723 0.077238
v 0.065651 0.469921 0.075732
v 0.066501 0.464551 0.078267
v 0.067152 0.465458 0.079971
v 0.070346 0.467975 0.077129
v 0.069771 0.467174 0.075623
v 0.072127 0.463011 0.076940
v 0.055922 0.462457 0.085570
v 0.055860 0.466283 0.083557
v 0.055348 0.461656 0.084065
v 0.060973 0.460116 0.082738
v 0.061623 0.461023 0.084442
v 0.066587 0.459293 0.081034
v 0.067237 0.460200 0.082738
v 0.072702 0.463813 0.078446
v 0.072189 0.459185 0.078954
v 0.058278 0.458295 0.086888
v 0.057703 0.457493 0.085382
v 0.061823 0.454746 0.085273
v 0.062398 0.455547 0.086778
v 0.065908 0.454147 0.084033
v 0.070532 0.456498 0.083169
v 0.072764 0.459987 0.080459
v 0.069958 0.455696 0.081663
v 0.057183 0.469838 0.079785
v 0.057183 0.469838 0.079785
v 0.061567 0.470520 0.076972
v 0.066025 0.470871 0.075861
v 0.061585 0.471522 0.077209
v 0.066025 0.470871 0.075861
v 0.061585 0.471522 0.077209
v 0.070503 0.467884 0.075743
v 0.070503 0.467884 0.075743
v 0.073064 0.463360 0.077174
v 0.073064 0.463360 0.077174
v 0.073132 0.459201 0.079363
v 0.073132 0.459201 0.079363
v 0.066482 0.454948 0.085539
v 0.070706 0.455408 0.082308
v 0.070706 0.455408 0.082308
v 0.061864 0.454375 0.086231
v 0.066304 0.453724 0.084884
v 0.061864 0.454375 0.086231
v 0.066304 0.453724 0.084884
v 0.057386 0.457362 0.086350
v 0.057386 0.457362 0.086350
v 0.054825 0.461886 0.084918
v 0.054825 0.461886 0.084918
v 0.054758 0.466045 0.082730
v 0.054758 0.466045 0.082730
v 0.145582 0.456553 0.052487
v 0.149063 0.453121 0.053336
v 0.149462 0.457895 0.049718
v 0.144901 0.455641 0.051091
v 0.148293 0.452090 0.051757
v 0.142851 0.452383 0.054218
v 0.154541 0.452144 0.051304
v 0.153447 0.457184 0.048240
v 0.148782 0.456984 0.048323
v 0.153771 0.451113 0.049725
v 0.157538 0.454418 0.048052
v 0.156858 0.453507 0.046657
v 0.159283 0.449450 0.048124
v 0.143531 0.453295 0.055614
v 0.149321 0.448095 0.056493
v 0.148551 0.447063 0.054914
v 0.143038 0.448726 0.056516
v 0.154798 0.447117 0.054461
v 0.154028 0.446086 0.052882
v 0.160151 0.446704 0.051816
v 0.159964 0.450361 0.049519
v 0.159471 0.445793 0.050421
v 0.146144 0.445580 0.059378
v 0.143718 0.449637 0.057911
v 0.145464 0.444669 0.057983
v 0.149554 0.441903 0.057794
v 0.154220 0.442103 0.057711
v 0.153540 0.441192 0.056316
v 0.158100 0.443446 0.054943
v 0.157420 0.442535 0.053548
v 0.144603 0.456540 0.051488
v 0.144603 0.456540 0.051488
v 0.148820 0.458000 0.048479
v 0.148820 0.458000 0.048479
v 0.152767 0.456273 0.046845
v 0.157599 0.454221 0.046668
v 0.153152 0.457226 0.046873
v 0.157599 0.454221 0.046668
v 0.153152 0.457226 0.046873
v 0.160235 0.449811 0.048263
v 0.160235 0.449811 0.048263
v 0.160439 0.445835 0.050759
v 0.160439 0.445835 0.050759
v 0.158210 0.442294 0.054159
v 0.158210 0.442294 0.054159
v 0.150235 0.442815 0.059190
v 0.153992 0.440835 0.057167
v 0.153992 0.440835 0.057167
v 0.145214 0.444614 0.058979
v 0.149660 0.441608 0.058774
v 0.145214 0.444614 0.058979
v 0.149660 0.441608 0.058774
v 0.142577 0.449023 0.057384
v 0.142577 0.449023 0.057384
v 0.142374 0.452999 0.054887
v 0.142374 0.452999 0.054887
v -0.173239 0.381261 0.065385
v -0.159433 0.405980 0.067761
v -0.158284 0.384555 0.074481
v -0.174479 0.381506 0.066935
v -0.160371 0.406570 0.069427
v -0.176205 0.403082 0.060874
v -0.175029 0.402626 0.059322
v -0.160371 0.406570 0.069427
v -0.159343 0.384923 0.076137
v -0.143251 0.409156 0.075099
v -0.142531 0.387843 0.082692
v -0.143461 0.388330 0.084394
v -0.144145 0.409839 0.076753
v -0.144145 0.409839 0.076753
v -0.143461 0.388330 0.084394
v -0.126841 0.412123 0.081918
v -0.126458 0.391006 0.090210
v -0.127292 0.391561 0.091942
v -0.127635 0.412845 0.083606
v -0.127635 0.412845 0.083606
v -0.110090 0.414683 0.087914
v -0.109837 0.393661 0.096456
v -0.110796 0.415441 0.089625
v -0.110796 0.415441 0.089625
v -0.110585 0.394276 0.098206
v -0.092949 0.396252 0.102204
v -0.093628 0.396913 0.103965
v -0.093595 0.417774 0.094755
v -0.093595 0.417774 0.094755
v -0.092959 0.416969 0.093038
v -0.093628 0.396913 0.103965
v -0.075976 0.398754 0.107731
v -0.076673 0.399447 0.109473
v -0.076496 0.420042 0.099863
v -0.076496 0.420042 0.099863
v -0.075834 0.419216 0.098166
v -0.076673 0.399447 0.109473
v -0.059147 0.401430 0.113637
v -0.059859 0.402142 0.115365
v -0.059558 0.422514 0.105411
v -0.059558 0.422514 0.105411
v -0.058865 0.421676 0.103732
v -0.175029 0.402626 0.059322
v -0.059859 0.402142 0.115365
v -0.171767 0.406285 0.061612
v -0.182117 0.409191 0.054425
v -0.170840 0.410693 0.058091
v -0.183294 0.409661 0.055973
v -0.172841 0.406825 0.063210
v -0.171905 0.411295 0.059673
v -0.182613 0.404313 0.056710
v -0.183294 0.409661 0.055973
v -0.171905 0.411295 0.059673
v -0.172841 0.406825 0.063210
v -0.172253 0.401579 0.064479
v -0.183866 0.404717 0.058216
v -0.173336 0.402057 0.066091
v -0.182673 0.399192 0.058325
v -0.183866 0.404717 0.058216
v -0.172253 0.401579 0.064479
v -0.182995 0.394338 0.060864
v -0.184322 0.394612 0.062335
v -0.183997 0.399529 0.059786
v -0.183997 0.399529 0.059786
v -0.172538 0.396750 0.067048
v -0.173627 0.397166 0.068672
v -0.172538 0.396750 0.067048
v -0.182481 0.389271 0.062180
v -0.183824 0.389499 0.063644
v -0.183824 0.389499 0.063644
v -0.184322 0.394612 0.062335
v -0.173165 0.392064 0.070041
v -0.172057 0.391694 0.068418
v -0.180929 0.383966 0.061964
v -0.172451 0.386716 0.070804
v -0.173165 0.392064 0.070041
v -0.182307 0.384166 0.063400
v -0.172451 0.386716 0.070804
v -0.171327 0.386392 0.069182
v -0.170692 0.381067 0.070038
v -0.182307 0.384166 0.063400
v -0.171822 0.381336 0.071666
v -0.180680 0.378812 0.063122
v -0.171822 0.381336 0.071666
v -0.169477 0.375681 0.070072
v -0.179272 0.378646 0.061712
v -0.180680 0.378812 0.063122
v -0.170624 0.375896 0.071696
v -0.179346 0.373462 0.063465
v -0.170624 0.375896 0.071696
v -0.177936 0.373351 0.062050
v -0.168072 0.401990 0.070240
v -0.164914 0.399368 0.073079
v -0.164425 0.405084 0.071426
v -0.167207 0.401553 0.068723
v -0.163936 0.398873 0.071362
v -0.169089 0.397013 0.068961
v -0.160643 0.405879 0.073354
v -0.159778 0.405442 0.071837
v -0.158737 0.399966 0.074011
v -0.159716 0.400461 0.075727
v -0.156724 0.404377 0.076022
v -0.155859 0.403939 0.074505
v -0.153493 0.400293 0.076907
v -0.169712 0.393359 0.071797
v -0.169954 0.397451 0.070477
v -0.168847 0.392921 0.070280
v -0.163603 0.393248 0.073176
v -0.164582 0.393743 0.074892
v -0.158404 0.394341 0.075824
v -0.159383 0.394836 0.077541
v -0.154358 0.400731 0.078423
v -0.153251 0.396200 0.078226
v -0.167346 0.389713 0.074198
v -0.166481 0.389275 0.072682
v -0.162562 0.387772 0.075350
v -0.163427 0.388210 0.076866
v -0.158780 0.388567 0.077277
v -0.155998 0.392099 0.079980
v -0.154116 0.396638 0.079743
v -0.155133 0.391661 0.078463
v -0.164080 0.405503 0.070137
v -0.168044 0.402141 0.068848
v -0.164080 0.405503 0.070137
v -0.168044 0.402141 0.068848
v -0.159969 0.406368 0.072232
v -0.159969 0.406368 0.072232
v -0.163560 0.404646 0.069910
v -0.155710 0.404734 0.075132
v -0.155710 0.404734 0.075132
v -0.153138 0.400771 0.077742
v -0.153138 0.400771 0.077742
v -0.152875 0.396323 0.079177
v -0.152875 0.396323 0.079177
v -0.158884 0.388026 0.078145
v -0.154921 0.391389 0.079434
v -0.158884 0.388026 0.078145
v -0.154921 0.391389 0.079434
v -0.159645 0.389005 0.078794
v -0.162996 0.387162 0.076050
v -0.162996 0.387162 0.076050
v -0.167255 0.388795 0.073150
v -0.167255 0.388795 0.073150
v -0.169827 0.392758 0.070540
v -0.169827 0.392758 0.070540
v -0.170090 0.397207 0.069105
v -0.170090 0.397207 0.069105
v -0.081542 0.416657 0.102415
v -0.078346 0.414060 0.105184
v -0.077458 0.419452 0.102730
v -0.080931 0.415938 0.100882
v -0.077655 0.413246 0.103449
v -0.083248 0.411691 0.101951
v -0.072759 0.414883 0.107022
v -0.073393 0.420051 0.104068
v -0.076847 0.418732 0.101197
v -0.072068 0.414070 0.105287
v -0.069347 0.418454 0.106428
v -0.068736 0.417735 0.104895
v -0.066488 0.414161 0.107466
v -0.083858 0.412410 0.103485
v -0.078392 0.408686 0.107686
v -0.077701 0.407872 0.105951
v -0.083282 0.407781 0.103772
v -0.072805 0.409509 0.109524
v -0.072115 0.408695 0.107789
v -0.067132 0.410970 0.110820
v -0.067098 0.414880 0.108999
v -0.066521 0.410251 0.109287
v -0.081643 0.404926 0.107877
v -0.083892 0.408500 0.105305
v -0.081033 0.404207 0.106343
v -0.076987 0.402610 0.108703
v -0.073532 0.403928 0.111574
v -0.072922 0.403209 0.110041
v -0.069448 0.406723 0.111889
v -0.068838 0.406004 0.110356
v -0.077238 0.419667 0.101367
v -0.081678 0.416629 0.101024
v -0.077238 0.419667 0.101367
v -0.081678 0.416629 0.101024
v -0.072782 0.419331 0.102535
v -0.072820 0.420318 0.102820
v -0.072820 0.420318 0.102820
v -0.068422 0.418582 0.105385
v -0.068422 0.418582 0.105385
v -0.066015 0.410448 0.110159
v -0.065978 0.414698 0.108181
v -0.066015 0.410448 0.110159
v -0.065978 0.414698 0.108181
v -0.068533 0.405832 0.111322
v -0.068533 0.405832 0.111322
v -0.072972 0.402794 0.110979
v -0.077597 0.403329 0.110236
v -0.072972 0.402794 0.110979
v -0.077390 0.402143 0.109525
v -0.077390 0.402143 0.109525
v -0.081788 0.403879 0.106960
v -0.081788 0.403879 0.106960
v -0.084196 0.412013 0.102186
v -0.084232 0.407763 0.104165
v -0.084196 0.412013 0.102186
v -0.084232 0.407763 0.104165
v 0.049448 0.403792 0.112311
v 0.066601 0.421975 0.098037
v 0.066441 0.401400 0.107436
v 0.050059 0.404497 0.114080
v 0.067180 0.422788 0.099770
v 0.050255 0.425158 0.104685
v 0.049634 0.424356 0.102962
v 0.067180 0.422788 0.099770
v 0.067024 0.402105 0.109214
v 0.083825 0.419953 0.093896
v 0.083635 0.399264 0.103198
v 0.067024 0.402105 0.109214
v 0.084379 0.420764 0.095639
v 0.100624 0.396937 0.098339
v 0.084209 0.399955 0.104985
v 0.101598 0.418657 0.091285
v 0.084379 0.420764 0.095639
v 0.100994 0.417864 0.089551
v 0.101247 0.397599 0.100121
v 0.117655 0.394677 0.093578
v 0.118378 0.395295 0.095337
v 0.118665 0.416354 0.086373
v 0.117975 0.415583 0.084662
v 0.100994 0.417864 0.089551
v 0.117975 0.415583 0.084662
v 0.134150 0.391835 0.087285
v 0.135322 0.413523 0.080335
v 0.135322 0.413523 0.080335
v 0.134544 0.412781 0.078648
v 0.118378 0.395295 0.095337
v 0.148840 0.388779 0.078724
v 0.149999 0.389103 0.080322
v 0.152197 0.410598 0.074341
v 0.151217 0.410031 0.072693
v 0.134544 0.412781 0.078648
v 0.149999 0.389103 0.080322
v 0.151217 0.410031 0.072693
v 0.164010 0.386006 0.071190
v 0.165348 0.386091 0.072674
v 0.167370 0.407200 0.066125
v 0.166232 0.406825 0.064523
v 0.050255 0.425158 0.104685
v 0.167370 0.407200 0.066125
v 0.165348 0.386091 0.072674
v 0.171441 0.408165 0.060781
v 0.161478 0.415195 0.064279
v 0.171510 0.413115 0.058776
v 0.162443 0.415813 0.065918
v 0.172661 0.408447 0.062341
v 0.172642 0.413522 0.060375
v 0.162461 0.410857 0.068088
v 0.162443 0.415813 0.065918
v 0.172642 0.413522 0.060375
v 0.172661 0.408447 0.062341
v 0.172009 0.403372 0.063697
v 0.163470 0.411399 0.069727
v 0.173265 0.403571 0.065241
v 0.163069 0.406204 0.071207
v 0.163470 0.411399 0.069727
v 0.172009 0.403372 0.063697
v 0.172459 0.398541 0.066469
v 0.164118 0.406670 0.072844
v 0.173742 0.398663 0.067998
v 0.163497 0.401422 0.074012
v 0.164118 0.406670 0.072844
v 0.172459 0.398541 0.066469
v 0.171382 0.393702 0.067601
v 0.164584 0.401812 0.075644
v 0.172696 0.393763 0.069107
v 0.163275 0.396408 0.075774
v 0.164584 0.401812 0.075644
v 0.172696 0.393763 0.069107
v 0.162023 0.391080 0.075951
v 0.163244 0.391317 0.077518
v 0.164415 0.396724 0.077386
v 0.163244 0.391317 0.077518
v 0.164415 0.396724 0.077386
v 0.169631 0.388908 0.068067
v 0.168278 0.388891 0.066594
v 0.160494 0.385747 0.075852
v 0.161793 0.385902 0.077365
v 0.169631 0.388908 0.068067
v 0.161793 0.385902 0.077365
v 0.168547 0.383683 0.068495
v 0.167133 0.383732 0.067081
v 0.165835 0.378592 0.067454
v 0.159704 0.380515 0.076632
v 0.168547 0.383683 0.068495
v 0.159704 0.380515 0.076632
v 0.167310 0.378472 0.068799
v 0.158331 0.380443 0.075179
v 0.058506 0.421089 0.105946
v 0.061916 0.417542 0.106696
v 0.062654 0.422749 0.103817
v 0.057986 0.420378 0.104377
v 0.061327 0.416736 0.104920
v 0.055641 0.416754 0.106798
v 0.066788 0.422200 0.102694
v 0.066267 0.421488 0.101125
v 0.067009 0.415982 0.103377
v 0.067598 0.416787 0.105153
v 0.070909 0.419443 0.102578
v 0.070388 0.418732 0.101008
v 0.072686 0.414492 0.102169
v 0.056139 0.413534 0.110159
v 0.056162 0.417466 0.108368
v 0.055618 0.412823 0.108590
v 0.061295 0.411332 0.107382
v 0.061885 0.412138 0.109158
v 0.066977 0.410578 0.105839
v 0.067566 0.411384 0.107614
v 0.073207 0.415204 0.103738
v 0.072663 0.410560 0.103960
v 0.058437 0.409295 0.111319
v 0.057916 0.408583 0.109750
v 0.062037 0.405826 0.109633
v 0.062558 0.406538 0.111203
v 0.066171 0.405278 0.108511
v 0.070839 0.407649 0.107951
v 0.073184 0.411272 0.105529
v 0.070318 0.406937 0.106382
v 0.062145 0.423022 0.102542
v 0.057638 0.421219 0.104856
v 0.062145 0.423022 0.102542
v 0.057638 0.421219 0.104856
v 0.066639 0.422426 0.101322
v 0.066639 0.422426 0.101322
v 0.062133 0.422037 0.102248
v 0.071118 0.419430 0.101195
v 0.071118 0.419430 0.101195
v 0.073616 0.414821 0.102457
v 0.073616 0.414821 0.102457
v 0.073591 0.410548 0.104403
v 0.073591 0.410548 0.104403
v 0.066535 0.404806 0.109350
v 0.071043 0.406609 0.107036
v 0.066535 0.404806 0.109350
v 0.071043 0.406609 0.107036
v 0.066692 0.405989 0.110080
v 0.062041 0.405402 0.110570
v 0.062041 0.405402 0.110570
v 0.057562 0.408399 0.110697
v 0.057562 0.408399 0.110697
v 0.055064 0.413007 0.109435
v 0.055064 0.413007 0.109435
v 0.055089 0.417281 0.107488
v 0.055089 0.417281 0.107488
v 0.148563 0.408536 0.079532
v 0.151457 0.404652 0.079240
v 0.152458 0.410014 0.076817
v 0.147679 0.408101 0.078026
v 0.150456 0.404159 0.077535
v 0.145282 0.404496 0.080476
v 0.156574 0.403556 0.076553
v 0.156181 0.409217 0.074862
v 0.151574 0.409579 0.075311
v 0.155573 0.403063 0.074848
v 0.159732 0.406144 0.073666
v 0.158848 0.405708 0.072160
v 0.160632 0.401208 0.072415
v 0.146167 0.404932 0.081982
v 0.151036 0.399083 0.081098
v 0.150035 0.398590 0.079394
v 0.144976 0.400444 0.081828
v 0.156153 0.397987 0.078411
v 0.155152 0.397493 0.076707
v 0.161210 0.397592 0.075273
v 0.161517 0.401644 0.073921
v 0.160326 0.397156 0.073767
v 0.147645 0.396380 0.083588
v 0.145860 0.400880 0.083334
v 0.146761 0.395944 0.082082
v 0.150312 0.392871 0.080886
v 0.154919 0.392509 0.080437
v 0.154034 0.392074 0.078931
v 0.158814 0.393987 0.077723
v 0.157929 0.393552 0.076217
v 0.147553 0.408890 0.078648
v 0.147553 0.408890 0.078648
v 0.151786 0.410497 0.075698
v 0.151786 0.410497 0.075698
v 0.155297 0.408781 0.073356
v 0.155833 0.409630 0.073573
v 0.155833 0.409630 0.073573
v 0.161632 0.401398 0.072549
v 0.159693 0.406290 0.072273
v 0.161632 0.401398 0.072549
v 0.159693 0.406290 0.072273
v 0.161300 0.396994 0.074019
v 0.161300 0.396994 0.074019
v 0.158694 0.393076 0.076682
v 0.158694 0.393076 0.076682
v 0.151196 0.393307 0.082392
v 0.154461 0.391470 0.079632
v 0.154461 0.391470 0.079632
v 0.150414 0.392337 0.081757
v 0.150414 0.392337 0.081757
v 0.144615 0.400568 0.082781
v 0.146554 0.395677 0.083057
v 0.144615 0.400568 0.082781
v 0.146554 0.395677 0.083057
v 0.144947 0.404973 0.081311
v 0.144947 0.404973 0.081311
v -0.166254 0.329247 0.073530
v -0.155423 0.354796 0.080972
v -0.153024 0.332606 0.084923
v -0.167675 0.329253 0.074938
v -0.156569 0.354958 0.082603
v -0.171320 0.351377 0.072246
v -0.169946 0.351346 0.070793
v -0.156569 0.354958 0.082603
v -0.167675 0.329253 0.074938
v -0.137807 0.335934 0.094069
v -0.138844 0.336079 0.095773
v -0.141214 0.358427 0.091774
v -0.141214 0.358427 0.091774
v -0.140210 0.358175 0.090063
v -0.138844 0.336079 0.095773
v -0.122223 0.339131 0.102481
v -0.123109 0.339315 0.104265
v -0.125639 0.361797 0.100557
v -0.124759 0.361481 0.098789
v -0.140210 0.358175 0.090063
v -0.108141 0.364322 0.105186
v -0.105964 0.342155 0.109615
v -0.108930 0.364683 0.106988
v -0.124759 0.361481 0.098789
v -0.108930 0.364683 0.106988
v -0.106737 0.342342 0.111450
v -0.089320 0.345057 0.115847
v -0.106737 0.342342 0.111450
v -0.092362 0.367618 0.113636
v -0.091641 0.367238 0.111809
v -0.090026 0.345228 0.117711
v -0.074867 0.370041 0.117817
v -0.072401 0.347859 0.121461
v -0.090026 0.345228 0.117711
v -0.075578 0.370434 0.119645
v -0.074867 0.370041 0.117817
v -0.091641 0.367238 0.111809
v -0.073073 0.348023 0.123337
v -0.058204 0.372907 0.124090
v -0.055602 0.350710 0.127377
v -0.073073 0.348023 0.123337
v -0.058919 0.373304 0.125916
v -0.075578 0.370434 0.119645
v -0.169946 0.351346 0.070793
v -0.056281 0.350869 0.129252
v -0.167389 0.354895 0.073976
v -0.175785 0.357890 0.064960
v -0.167361 0.360074 0.072463
v -0.177194 0.357910 0.066379
v -0.168703 0.354971 0.075482
v -0.168625 0.360171 0.074010
v -0.177212 0.352598 0.067580
v -0.177194 0.357910 0.066379
v -0.168625 0.360171 0.074010
v -0.168703 0.354971 0.075482
v -0.167285 0.349685 0.075439
v -0.178627 0.352589 0.068993
v -0.168609 0.349740 0.076937
v -0.177184 0.347314 0.068764
v -0.178627 0.352589 0.068993
v -0.167285 0.349685 0.075439
v -0.167082 0.344463 0.076875
v -0.178632 0.347281 0.070143
v -0.168399 0.344496 0.078380
v -0.176794 0.342064 0.069814
v -0.178632 0.347281 0.070143
v -0.167082 0.344463 0.076875
v -0.174921 0.336916 0.069320
v -0.176425 0.336876 0.070638
v -0.178256 0.342010 0.071177
v -0.176425 0.336876 0.070638
v -0.178256 0.342010 0.071177
v -0.167023 0.339325 0.078412
v -0.165679 0.339290 0.076931
v -0.172833 0.331771 0.068662
v -0.166014 0.334115 0.078825
v -0.167023 0.339325 0.078412
v -0.174378 0.331744 0.069932
v -0.166014 0.334115 0.078825
v -0.164661 0.334079 0.077352
v -0.172144 0.326546 0.069569
v -0.173676 0.326512 0.070854
v -0.174378 0.331744 0.069932
v -0.164042 0.328830 0.078182
v -0.165383 0.328859 0.079666
v -0.164042 0.328830 0.078182
v -0.170814 0.321344 0.069907
v -0.172335 0.321303 0.071205
v -0.172335 0.321303 0.071205
v -0.173676 0.326512 0.070854
v -0.164204 0.323600 0.079873
v -0.162876 0.323579 0.078378
v -0.163447 0.349611 0.081476
v -0.160306 0.346834 0.084149
v -0.160256 0.352807 0.083482
v -0.162418 0.349509 0.080002
v -0.159142 0.346719 0.082481
v -0.163841 0.344807 0.079333
v -0.156763 0.353620 0.085863
v -0.155735 0.353518 0.084390
v -0.154342 0.347835 0.085754
v -0.155506 0.347950 0.087422
v -0.152969 0.352048 0.088620
v -0.151940 0.351946 0.087146
v -0.149441 0.348157 0.089152
v -0.164332 0.340664 0.081476
v -0.164870 0.344909 0.080807
v -0.163303 0.340562 0.080002
v -0.158402 0.340884 0.083400
v -0.159566 0.340999 0.085068
v -0.153602 0.342000 0.086673
v -0.154766 0.342115 0.088341
v -0.150469 0.348259 0.090626
v -0.148903 0.343911 0.089821
v -0.161833 0.336874 0.083482
v -0.160804 0.336773 0.082008
v -0.157009 0.335201 0.084765
v -0.158038 0.335302 0.086238
v -0.153517 0.336013 0.087146
v -0.151355 0.339311 0.090626
v -0.149931 0.344013 0.091295
v -0.150326 0.339210 0.089152
v -0.163315 0.349994 0.080136
v -0.163315 0.349994 0.080136
v -0.159227 0.352706 0.082008
v -0.156051 0.354351 0.084905
v -0.159847 0.353468 0.082317
v -0.156051 0.354351 0.084905
v -0.159847 0.353468 0.082317
v -0.151926 0.352643 0.087902
v -0.151926 0.352643 0.087902
v -0.149209 0.348524 0.090082
v -0.149209 0.348524 0.090082
v -0.148625 0.343909 0.090809
v -0.148625 0.343909 0.090809
v -0.154545 0.336115 0.088620
v -0.150172 0.338798 0.090082
v -0.150172 0.338798 0.090082
v -0.157436 0.334441 0.085313
v -0.153640 0.335324 0.087902
v -0.157436 0.334441 0.085313
v -0.153640 0.335324 0.087902
v -0.161561 0.336150 0.082317
v -0.161561 0.336150 0.082317
v -0.164277 0.340268 0.080136
v -0.164277 0.340268 0.080136
v -0.164862 0.344883 0.079409
v -0.164862 0.344883 0.079409
v -0.079785 0.365788 0.120496
v -0.076240 0.362947 0.122506
v -0.075991 0.368830 0.121438
v -0.079164 0.365531 0.118826
v -0.075537 0.362656 0.120617
v -0.081002 0.360938 0.118850
v -0.071956 0.369506 0.122833
v -0.071336 0.369249 0.121164
v -0.069993 0.363586 0.122534
v -0.070695 0.363877 0.124424
v -0.067682 0.367817 0.124682
v -0.067061 0.367560 0.123012
v -0.064369 0.363727 0.124603
v -0.081195 0.356983 0.121327
v -0.081622 0.361195 0.120520
v -0.080574 0.356726 0.119657
v -0.074950 0.356867 0.121726
v -0.075652 0.357158 0.123616
v -0.069405 0.357796 0.123644
v -0.070108 0.358087 0.125534
v -0.064989 0.363984 0.126273
v -0.063941 0.359514 0.125410
v -0.078502 0.353150 0.122918
v -0.077881 0.352893 0.121248
v -0.073607 0.351204 0.123097
v -0.074228 0.351461 0.124767
v -0.069573 0.351880 0.124492
v -0.066400 0.355179 0.127104
v -0.064562 0.359771 0.127080
v -0.065779 0.354922 0.125434
v -0.075846 0.369391 0.120166
v -0.079970 0.366085 0.119142
v -0.075846 0.369391 0.120166
v -0.079970 0.366085 0.119142
v -0.071461 0.370126 0.121682
v -0.075370 0.368573 0.119768
v -0.071461 0.370126 0.121682
v -0.066815 0.368290 0.123692
v -0.066815 0.368290 0.123692
v -0.063888 0.364124 0.125421
v -0.063888 0.364124 0.125421
v -0.065421 0.354553 0.126324
v -0.063423 0.359545 0.126299
v -0.065421 0.354553 0.126324
v -0.063423 0.359545 0.126299
v -0.069545 0.351247 0.125301
v -0.069545 0.351247 0.125301
v -0.070194 0.352137 0.126162
v -0.073930 0.350512 0.123784
v -0.073930 0.350512 0.123784
v -0.078576 0.352348 0.121775
v -0.078576 0.352348 0.121775
v -0.081968 0.361093 0.119168
v -0.081503 0.356514 0.120045
v -0.081503 0.356514 0.120045
v -0.081968 0.361093 0.119168
v 0.048452 0.375276 0.122997
v 0.063396 0.350664 0.122363
v 0.046446 0.353198 0.127345
v 0.047038 0.353453 0.129239
v 0.065911 0.373193 0.119642
v 0.049059 0.375742 0.124845
v 0.065911 0.373193 0.119642
v 0.065326 0.372735 0.117785
v 0.063973 0.350911 0.124262
v 0.080474 0.348211 0.117786
v 0.063973 0.350911 0.124262
v 0.083012 0.370785 0.115067
v 0.082406 0.370346 0.113212
v 0.065326 0.372735 0.117785
v 0.082406 0.370346 0.113212
v 0.097384 0.345674 0.112732
v 0.081081 0.348443 0.119677
v 0.099922 0.368251 0.109839
v 0.099922 0.368251 0.109839
v 0.099261 0.367848 0.107995
v 0.081081 0.348443 0.119677
v 0.113871 0.342950 0.106472
v 0.098052 0.345895 0.114604
v 0.116711 0.365591 0.104125
v 0.115961 0.365233 0.102306
v 0.099261 0.367848 0.107995
v 0.114660 0.343127 0.108301
v 0.115961 0.365233 0.102306
v 0.129407 0.340176 0.098927
v 0.130424 0.340310 0.100629
v 0.133281 0.362652 0.097176
v 0.132240 0.362392 0.095493
v 0.132240 0.362392 0.095493
v 0.144248 0.337293 0.090892
v 0.145623 0.337351 0.092330
v 0.148956 0.359644 0.089922
v 0.147697 0.359513 0.088396
v 0.130424 0.340310 0.100629
v 0.147697 0.359513 0.088396
v 0.155498 0.334543 0.079710
v 0.157115 0.334530 0.080875
v 0.156638 0.356819 0.074538
v 0.156638 0.356819 0.074538
v 0.155041 0.356859 0.073318
v 0.145623 0.337351 0.092330
v 0.047038 0.353453 0.129239
v 0.049059 0.375742 0.124845
v 0.157115 0.334530 0.080875
v 0.056858 0.370707 0.124910
v 0.059986 0.366850 0.124928
v 0.061176 0.372470 0.123226
v 0.056331 0.370383 0.123219
v 0.059390 0.366483 0.123015
v 0.053664 0.366516 0.124793
v 0.065647 0.366030 0.123322
v 0.065294 0.371874 0.122057
v 0.060649 0.372146 0.121535
v 0.065051 0.365663 0.121409
v 0.069213 0.368918 0.121404
v 0.068687 0.368593 0.119714
v 0.070644 0.364057 0.119975
v 0.054190 0.366841 0.126483
v 0.059498 0.361076 0.126190
v 0.058902 0.360708 0.124277
v 0.053309 0.362314 0.125711
v 0.065159 0.360256 0.124584
v 0.064563 0.359888 0.122671
v 0.070816 0.360180 0.122583
v 0.071171 0.364381 0.121665
v 0.070289 0.359855 0.120893
v 0.055793 0.358103 0.127663
v 0.053835 0.362639 0.127401
v 0.055266 0.357778 0.125972
v 0.059185 0.354822 0.125319
v 0.063830 0.354550 0.125841
v 0.063304 0.354225 0.124151
v 0.068148 0.356313 0.124157
v 0.067622 0.355988 0.122467
v 0.060724 0.373042 0.122032
v 0.056031 0.371126 0.123862
v 0.060724 0.373042 0.122032
v 0.056031 0.371126 0.123862
v 0.064768 0.371549 0.120367
v 0.065201 0.372394 0.120762
v 0.065201 0.372394 0.120762
v 0.069460 0.369181 0.120052
v 0.071588 0.364250 0.120336
v 0.069460 0.369181 0.120052
v 0.071202 0.359683 0.121334
v 0.071588 0.364250 0.120336
v 0.071202 0.359683 0.121334
v 0.068303 0.355480 0.123044
v 0.068303 0.355480 0.123044
v 0.063609 0.353564 0.124875
v 0.063609 0.353564 0.124875
v 0.059712 0.355147 0.127009
v 0.059133 0.354212 0.126145
v 0.059133 0.354212 0.126145
v 0.054873 0.357425 0.126855
v 0.054873 0.357425 0.126855
v 0.053131 0.366923 0.125573
v 0.052745 0.362356 0.126571
v 0.053131 0.366923 0.125573
v 0.052745 0.362356 0.126571
v 0.146976 0.356477 0.094189
v 0.149109 0.352444 0.092970
v 0.150326 0.358137 0.091204
v 0.145774 0.356438 0.092876
v 0.147749 0.352400 0.091493
v 0.143490 0.352600 0.095062
v 0.153258 0.351450 0.089519
v 0.153344 0.357414 0.088656
v 0.149123 0.358098 0.089892
v 0.151898 0.351406 0.088051
v 0.156032 0.354307 0.086580
v 0.154830 0.354268 0.085280
v 0.155936 0.349617 0.084712
v 0.144692 0.352639 0.096375
v 0.148300 0.346611 0.094041
v 0.146939 0.346567 0.092570
v 0.142901 0.348355 0.095813
v 0.152449 0.345617 0.090631
v 0.151088 0.345572 0.089170
v 0.156549 0.345412 0.086837
v 0.157138 0.349656 0.086002
v 0.155347 0.345373 0.085552
v 0.145209 0.343744 0.096460
v 0.144103 0.348395 0.097123
v 0.144007 0.343705 0.095157
v 0.146695 0.340598 0.093103
v 0.150916 0.339914 0.091936
v 0.149714 0.339875 0.090648
v 0.154265 0.341574 0.089039
v 0.153063 0.341534 0.087755
v 0.145891 0.357100 0.093576
v 0.145891 0.357100 0.093576
v 0.152813 0.358118 0.087556
v 0.149532 0.358904 0.090328
v 0.149532 0.358904 0.090328
v 0.152142 0.357374 0.087349
v 0.155735 0.354741 0.085300
v 0.155735 0.354741 0.085300
v 0.152813 0.358118 0.087556
v 0.156937 0.349686 0.084678
v 0.156937 0.349686 0.084678
v 0.156297 0.345073 0.085592
v 0.156297 0.345073 0.085592
v 0.153814 0.340901 0.087987
v 0.153814 0.340901 0.087987
v 0.147897 0.340637 0.094399
v 0.150174 0.339096 0.091130
v 0.146892 0.339883 0.093800
v 0.150174 0.339096 0.091130
v 0.146892 0.339883 0.093800
v 0.143971 0.343260 0.096039
v 0.142768 0.348315 0.096762
v 0.143971 0.343260 0.096039
v 0.142768 0.348315 0.096762
v 0.143409 0.352928 0.095952
v 0.143409 0.352928 0.095952
v -0.163233 0.299180 0.078694
v -0.146556 0.280237 0.092650
v -0.160188 0.276969 0.081516
v -0.164659 0.299172 0.080096
v -0.147760 0.280282 0.094246
v -0.150629 0.302550 0.091215
v -0.150629 0.302550 0.091215
v -0.149436 0.302496 0.089610
v -0.147760 0.280282 0.094246
v -0.131807 0.283540 0.102567
v -0.132800 0.283638 0.104301
v -0.135545 0.305939 0.101035
v -0.134548 0.305823 0.099305
v -0.149436 0.302496 0.089610
v -0.134548 0.305823 0.099305
v -0.115604 0.286620 0.109749
v -0.116425 0.286740 0.111569
v -0.119201 0.309049 0.108356
v -0.119201 0.309049 0.108356
v -0.118361 0.308914 0.106546
v -0.116425 0.286740 0.111569
v -0.099171 0.289659 0.116517
v -0.102881 0.312102 0.115686
v -0.102176 0.311972 0.113819
v -0.118361 0.308914 0.106546
v -0.085087 0.314823 0.118785
v -0.081927 0.292521 0.120966
v -0.099831 0.289789 0.118401
v -0.085732 0.314918 0.120676
v -0.102176 0.311972 0.113819
v -0.085732 0.314918 0.120676
v -0.082520 0.292628 0.122873
v -0.068056 0.317671 0.123971
v -0.064747 0.295371 0.125645
v -0.082520 0.292628 0.122873
v -0.068652 0.317740 0.125879
v -0.068652 0.317740 0.125879
v -0.065287 0.295446 0.127570
v -0.051100 0.320540 0.129367
v -0.047520 0.298234 0.130121
v -0.065287 0.295446 0.127570
v -0.051709 0.320580 0.131271
v -0.048068 0.298273 0.132044
v -0.161619 0.276957 0.082913
v -0.164659 0.299172 0.080096
v -0.161137 0.307893 0.080890
v -0.169258 0.300411 0.073760
v -0.168777 0.305659 0.072082
v -0.170794 0.300371 0.075040
v -0.162474 0.307909 0.082377
v -0.170313 0.305615 0.073363
v -0.170313 0.305615 0.073363
v -0.161512 0.302676 0.082778
v -0.162855 0.302691 0.084260
v -0.161512 0.302676 0.082778
v -0.169041 0.295202 0.074853
v -0.170573 0.295169 0.076139
v -0.170794 0.300371 0.075040
v -0.161331 0.297452 0.084039
v -0.162680 0.297466 0.085516
v -0.161331 0.297452 0.084039
v -0.168556 0.289990 0.075718
v -0.170085 0.289961 0.077007
v -0.170573 0.295169 0.076139
v -0.160900 0.292225 0.085019
v -0.162255 0.292239 0.086490
v -0.160191 0.286993 0.085682
v -0.160900 0.292225 0.085019
v -0.161548 0.287005 0.087152
v -0.169385 0.284719 0.077667
v -0.170085 0.289961 0.077007
v -0.161548 0.287005 0.087152
v -0.159248 0.281753 0.086086
v -0.167854 0.284752 0.076381
v -0.169385 0.284719 0.077667
v -0.160607 0.281762 0.087553
v -0.168413 0.279483 0.078100
v -0.160607 0.281762 0.087553
v -0.158047 0.276514 0.086214
v -0.166879 0.279520 0.076816
v -0.168413 0.279483 0.078100
v -0.159409 0.276519 0.087678
v -0.167150 0.274257 0.078292
v -0.159409 0.276519 0.087678
v -0.156273 0.271277 0.085732
v -0.165614 0.274297 0.077011
v -0.167150 0.274257 0.078292
v -0.157638 0.271278 0.087194
v -0.165203 0.269070 0.077918
v -0.157638 0.271278 0.087194
v -0.163671 0.269109 0.076633
v -0.156979 0.297192 0.089055
v -0.153920 0.294384 0.091782
v -0.153926 0.300370 0.091287
v -0.155886 0.297146 0.087625
v -0.152683 0.294332 0.090164
v -0.157212 0.292450 0.086762
v -0.150554 0.301161 0.093840
v -0.149461 0.301115 0.092410
v -0.148049 0.295419 0.093673
v -0.149286 0.295470 0.095291
v -0.146863 0.299563 0.096713
v -0.145770 0.299517 0.095284
v -0.143308 0.295709 0.097289
v -0.157736 0.288244 0.088763
v -0.158305 0.292496 0.088192
v -0.156643 0.288198 0.087333
v -0.151902 0.288488 0.090949
v -0.153139 0.288540 0.092567
v -0.147268 0.289574 0.094458
v -0.148505 0.289626 0.096075
v -0.144401 0.295755 0.098718
v -0.142740 0.291456 0.097860
v -0.155274 0.284435 0.090767
v -0.154181 0.284389 0.089338
v -0.150490 0.282792 0.092212
v -0.151583 0.282838 0.093641
v -0.147118 0.283582 0.094765
v -0.145158 0.286806 0.098426
v -0.143832 0.291502 0.099289
v -0.144065 0.286760 0.096997
v -0.156795 0.297614 0.087734
v -0.156795 0.297614 0.087734
v -0.152833 0.300325 0.089857
v -0.149811 0.301928 0.092935
v -0.153476 0.301069 0.090160
v -0.149811 0.301928 0.092935
v -0.153476 0.301069 0.090160
v -0.145799 0.300192 0.096059
v -0.145799 0.300192 0.096059
v -0.143123 0.296052 0.098238
v -0.143123 0.296052 0.098238
v -0.142505 0.291430 0.098858
v -0.142505 0.291430 0.098858
v -0.148211 0.283628 0.096194
v -0.143946 0.286325 0.097920
v -0.143946 0.286325 0.097920
v -0.150929 0.282012 0.092719
v -0.147264 0.282871 0.095494
v -0.150929 0.282012 0.092719
v -0.147264 0.282871 0.095494
v -0.154942 0.283748 0.089596
v -0.154942 0.283748 0.089596
v -0.157618 0.287888 0.087417
v -0.157618 0.287888 0.087417
v -0.158236 0.292510 0.086796
v -0.158236 0.292510 0.086796
v -0.072667 0.312986 0.126625
v -0.068897 0.310088 0.128086
v -0.068928 0.316077 0.127640
v -0.072154 0.312932 0.124900
v -0.068316 0.310026 0.126134
v -0.073823 0.308274 0.124551
v -0.064836 0.316770 0.128836
v -0.064323 0.316716 0.127111
v -0.062691 0.310979 0.127777
v -0.063272 0.311041 0.129729
v -0.060390 0.315067 0.130212
v -0.059877 0.315012 0.128488
v -0.056949 0.311133 0.129481
v -0.073707 0.304060 0.126597
v -0.074336 0.308329 0.126275
v -0.073193 0.304006 0.124873
v -0.067451 0.304160 0.126576
v -0.068032 0.304221 0.128528
v -0.061826 0.305113 0.128220
v -0.062407 0.305174 0.130171
v -0.057462 0.311187 0.131206
v -0.056319 0.306865 0.129803
v -0.070779 0.300181 0.127590
v -0.070266 0.300127 0.125866
v -0.065820 0.298423 0.127242
v -0.066333 0.298477 0.128967
v -0.061727 0.299116 0.128438
v -0.058501 0.302261 0.131178
v -0.056832 0.306919 0.131527
v -0.057988 0.302207 0.129453
v -0.072955 0.313418 0.125325
v -0.072955 0.313418 0.125325
v -0.068415 0.316022 0.125916
v -0.064443 0.317531 0.127728
v -0.068891 0.316777 0.126429
v -0.068891 0.316777 0.126429
v -0.059610 0.315679 0.129224
v -0.059610 0.315679 0.129224
v -0.064443 0.317531 0.127728
v -0.056428 0.311463 0.130304
v -0.056428 0.311463 0.130304
v -0.055744 0.306823 0.130654
v -0.055744 0.306823 0.130654
v -0.062240 0.299171 0.130163
v -0.057557 0.301760 0.130274
v -0.057557 0.301760 0.130274
v -0.061622 0.298401 0.129171
v -0.066070 0.297647 0.127871
v -0.061622 0.298401 0.129171
v -0.070903 0.299499 0.126375
v -0.066070 0.297647 0.127871
v -0.070903 0.299499 0.126375
v -0.074085 0.303716 0.125295
v -0.074085 0.303716 0.125295
v -0.074769 0.308355 0.124945
v -0.074769 0.308355 0.124945
v 0.042775 0.323017 0.130470
v 0.056871 0.298091 0.127545
v 0.039780 0.300669 0.131967
v 0.043336 0.323131 0.132387
v 0.057398 0.298188 0.129472
v 0.060336 0.320565 0.127641
v 0.043336 0.323131 0.132387
v 0.059783 0.320447 0.125723
v 0.040309 0.300753 0.133894
v 0.073927 0.295522 0.123001
v 0.074493 0.295628 0.124917
v 0.077356 0.318010 0.122830
v 0.076770 0.317894 0.120922
v 0.059783 0.320447 0.125723
v 0.057398 0.298188 0.129472
v 0.076770 0.317894 0.120922
v 0.091018 0.292937 0.118555
v 0.091639 0.293041 0.120453
v 0.094413 0.315465 0.118117
v 0.093781 0.315340 0.116223
v 0.074493 0.295628 0.124917
v 0.110344 0.312633 0.110166
v 0.107608 0.290247 0.112545
v 0.111138 0.312721 0.112000
v 0.110344 0.312633 0.110166
v 0.091639 0.293041 0.120453
v 0.126855 0.309922 0.103914
v 0.124102 0.287541 0.106236
v 0.108407 0.290325 0.114377
v 0.127833 0.309975 0.105658
v 0.111138 0.312721 0.112000
v 0.108407 0.290325 0.114377
v 0.140605 0.307076 0.093411
v 0.137937 0.284748 0.095409
v 0.125088 0.287587 0.107975
v 0.141968 0.307097 0.094871
v 0.141968 0.307097 0.094871
v 0.139263 0.284762 0.096906
v 0.153601 0.304324 0.082156
v 0.151147 0.282020 0.084047
v 0.139263 0.284762 0.096906
v 0.155224 0.304316 0.083318
v 0.152724 0.282012 0.085278
v 0.155923 0.311351 0.075921
v 0.151158 0.307852 0.087079
v 0.150523 0.313093 0.085868
v 0.152714 0.307854 0.088324
v 0.157612 0.311329 0.076993
v 0.152092 0.313094 0.087100
v 0.152092 0.313094 0.087100
v 0.156654 0.306092 0.077009
v 0.158331 0.306071 0.078091
v 0.156654 0.306092 0.077009
v 0.151127 0.302611 0.087834
v 0.152670 0.302614 0.089098
v 0.152714 0.307854 0.088324
v 0.156911 0.300847 0.077793
v 0.158580 0.300834 0.078888
v 0.156911 0.300847 0.077793
v 0.150798 0.297370 0.088452
v 0.152328 0.297373 0.089735
v 0.152670 0.302614 0.089098
v 0.157149 0.295617 0.078570
v 0.158816 0.295619 0.079673
v 0.157149 0.295617 0.078570
v 0.150149 0.292109 0.088911
v 0.151673 0.292110 0.090206
v 0.151673 0.292110 0.090206
v 0.152328 0.297373 0.089735
v 0.158157 0.290363 0.080162
v 0.156500 0.290362 0.079042
v 0.149226 0.286853 0.089189
v 0.157206 0.285106 0.080494
v 0.158157 0.290363 0.080162
v 0.150740 0.286851 0.090497
v 0.157206 0.285106 0.080494
v 0.155559 0.285109 0.079358
v 0.148028 0.281601 0.089220
v 0.149529 0.281596 0.090541
v 0.150740 0.286851 0.090497
v 0.149529 0.281596 0.090541
v 0.155950 0.279852 0.080604
v 0.154314 0.279857 0.079453
v 0.146215 0.276354 0.088680
v 0.147704 0.276347 0.090016
v 0.155950 0.279852 0.080604
v 0.147704 0.276347 0.090016
v 0.154021 0.274602 0.080214
v 0.152396 0.274610 0.079047
v 0.157612 0.311329 0.076993
v 0.050994 0.317923 0.132184
v 0.053964 0.313958 0.131798
v 0.055428 0.319699 0.130849
v 0.050508 0.317836 0.130454
v 0.053414 0.313859 0.129839
v 0.047642 0.313915 0.131458
v 0.059633 0.313103 0.130249
v 0.059553 0.319077 0.129722
v 0.054942 0.319611 0.129118
v 0.059083 0.313004 0.128290
v 0.063369 0.316057 0.128803
v 0.062883 0.315969 0.127072
v 0.064650 0.311350 0.126810
v 0.048128 0.314002 0.133189
v 0.053209 0.308090 0.132308
v 0.052658 0.307990 0.130349
v 0.047092 0.309644 0.131829
v 0.058878 0.307235 0.130759
v 0.058328 0.307135 0.128800
v 0.064586 0.307167 0.128912
v 0.065136 0.311438 0.128541
v 0.064100 0.307080 0.127181
v 0.049345 0.305113 0.133298
v 0.047578 0.309732 0.133560
v 0.048859 0.305025 0.131567
v 0.052675 0.302005 0.130648
v 0.057286 0.301471 0.131252
v 0.056800 0.301383 0.129521
v 0.061720 0.303246 0.129916
v 0.061234 0.303159 0.128185
v 0.050217 0.318505 0.131177
v 0.050217 0.318505 0.131177
v 0.055036 0.320436 0.129726
v 0.055036 0.320436 0.129726
v 0.059066 0.318989 0.127991
v 0.059520 0.319760 0.128500
v 0.059520 0.319760 0.128500
v 0.065588 0.311456 0.127217
v 0.063668 0.316477 0.127502
v 0.065588 0.311456 0.127217
v 0.063668 0.316477 0.127502
v 0.064991 0.306814 0.127620
v 0.064991 0.306814 0.127620
v 0.061876 0.302552 0.128712
v 0.061876 0.302552 0.128712
v 0.057057 0.300622 0.130163
v 0.053161 0.302093 0.132379
v 0.057057 0.300622 0.130163
v 0.052573 0.301298 0.131389
v 0.052573 0.301298 0.131389
v 0.046504 0.309602 0.132672
v 0.048425 0.304581 0.132387
v 0.046504 0.309602 0.132672
v 0.048425 0.304581 0.132387
v 0.047102 0.314244 0.132269
v 0.047102 0.314244 0.132269
v 0.138465 0.303949 0.100419
v 0.140805 0.299940 0.098671
v 0.141849 0.305670 0.097408
v 0.137256 0.303930 0.099086
v 0.139437 0.299918 0.097161
v 0.135048 0.300045 0.101136
v 0.144982 0.304996 0.094643
v 0.143773 0.304977 0.093317
v 0.143743 0.298992 0.093293
v 0.145110 0.299014 0.094800
v 0.147862 0.301929 0.092049
v 0.146654 0.301910 0.090722
v 0.147964 0.297269 0.089506
v 0.135808 0.295802 0.102939
v 0.136257 0.300065 0.102470
v 0.134599 0.295782 0.101605
v 0.138821 0.294059 0.097806
v 0.140188 0.294081 0.099316
v 0.143126 0.293134 0.093919
v 0.144494 0.293156 0.095429
v 0.149173 0.297288 0.090836
v 0.147515 0.293006 0.089944
v 0.137118 0.291161 0.101820
v 0.135910 0.291142 0.100486
v 0.138790 0.288074 0.097922
v 0.139999 0.288094 0.099255
v 0.141923 0.287401 0.095093
v 0.146516 0.289141 0.093336
v 0.148724 0.293026 0.091278
v 0.145307 0.289121 0.092002
v 0.141021 0.306451 0.096617
v 0.137342 0.304581 0.099876
v 0.137342 0.304581 0.099876
v 0.140641 0.305650 0.096080
v 0.144426 0.305719 0.093620
v 0.144426 0.305719 0.093620
v 0.141021 0.306451 0.096617
v 0.147557 0.302385 0.090796
v 0.147557 0.302385 0.090796
v 0.148982 0.297340 0.089465
v 0.148982 0.297340 0.089465
v 0.148494 0.292707 0.089939
v 0.148494 0.292707 0.089939
v 0.143131 0.287421 0.096427
v 0.146094 0.288485 0.092176
v 0.146094 0.288485 0.092176
v 0.139010 0.287347 0.098610
v 0.142415 0.286615 0.095536
v 0.139010 0.287347 0.098610
v 0.142415 0.286615 0.095536
v 0.135879 0.290680 0.101398
v 0.135879 0.290680 0.101398
v 0.134455 0.295725 0.102614
v 0.134455 0.295725 0.102614
v 0.134943 0.300358 0.102104
v 0.134943 0.300358 0.102104
v -0.156054 0.246888 0.085196
v -0.139443 0.227860 0.099102
v -0.152989 0.224649 0.087834
v -0.157486 0.246867 0.086591
v -0.140655 0.227880 0.100693
v -0.143713 0.250144 0.098034
v -0.143713 0.250144 0.098034
v -0.142502 0.250117 0.096443
v -0.140655 0.227880 0.100693
v -0.124848 0.231091 0.109245
v -0.125827 0.231158 0.110988
v -0.128843 0.253456 0.108251
v -0.127857 0.253379 0.106512
v -0.142502 0.250117 0.096443
v -0.127857 0.253379 0.106512
v -0.108516 0.234157 0.116111
v -0.109302 0.234254 0.117947
v -0.112364 0.256555 0.115310
v -0.112364 0.256555 0.115310
v -0.111566 0.256451 0.113479
v -0.109302 0.234254 0.117947
v -0.091866 0.237192 0.122385
v -0.095625 0.259608 0.121864
v -0.095006 0.259485 0.119967
v -0.111566 0.256451 0.113479
v -0.077676 0.262352 0.124091
v -0.074481 0.240063 0.126281
v -0.092463 0.237312 0.124290
v -0.078217 0.262465 0.126013
v -0.095006 0.259485 0.119967
v -0.078217 0.262465 0.126013
v -0.074992 0.240179 0.128211
v -0.060350 0.265210 0.128241
v -0.057105 0.242923 0.130222
v -0.074992 0.240179 0.128211
v -0.060826 0.265306 0.130181
v -0.060826 0.265306 0.130181
v -0.057545 0.243027 0.132170
v -0.042960 0.268061 0.132066
v -0.039633 0.245763 0.133672
v -0.057545 0.243027 0.132170
v -0.043434 0.268130 0.134007
v -0.043434 0.268130 0.134007
v -0.040065 0.245848 0.135623
v -0.154415 0.224627 0.089237
v -0.157486 0.246867 0.086591
v -0.154136 0.255576 0.087684
v -0.161948 0.248167 0.080142
v -0.161471 0.253434 0.078498
v -0.163473 0.248128 0.081435
v -0.155506 0.255570 0.089141
v -0.162995 0.253396 0.079792
v -0.162995 0.253396 0.079792
v -0.154492 0.250335 0.089456
v -0.155862 0.250327 0.090914
v -0.154492 0.250335 0.089456
v -0.161788 0.242916 0.081244
v -0.163313 0.242876 0.082537
v -0.163473 0.248128 0.081435
v -0.154275 0.245095 0.090618
v -0.155646 0.245086 0.092075
v -0.154275 0.245095 0.090618
v -0.161333 0.237690 0.082107
v -0.162852 0.237651 0.083407
v -0.163313 0.242876 0.082537
v -0.153800 0.239856 0.091506
v -0.155171 0.239846 0.092962
v -0.153800 0.239856 0.091506
v -0.160608 0.232471 0.082740
v -0.162121 0.232434 0.084048
v -0.162121 0.232434 0.084048
v -0.162852 0.237651 0.083407
v -0.154454 0.234607 0.093590
v -0.153082 0.234619 0.092134
v -0.152116 0.229386 0.092495
v -0.153486 0.229374 0.093952
v -0.154454 0.234607 0.093590
v -0.161123 0.227207 0.084430
v -0.153486 0.229374 0.093952
v -0.150887 0.224154 0.092569
v -0.159612 0.227244 0.083120
v -0.161123 0.227207 0.084430
v -0.152256 0.224142 0.094027
v -0.159842 0.221983 0.084559
v -0.152256 0.224142 0.094027
v -0.149086 0.218928 0.092032
v -0.158332 0.222021 0.083247
v -0.159842 0.221983 0.084559
v -0.150454 0.218915 0.093490
v -0.157930 0.216776 0.084137
v -0.150454 0.218915 0.093490
v -0.156421 0.216814 0.082825
v -0.149974 0.244780 0.095729
v -0.146915 0.241950 0.098428
v -0.146947 0.247943 0.098021
v -0.148874 0.244760 0.094304
v -0.145670 0.241928 0.096815
v -0.150173 0.240070 0.093367
v -0.142302 0.243011 0.101971
v -0.143591 0.248715 0.100600
v -0.145847 0.247923 0.096596
v -0.141058 0.242989 0.100359
v -0.139906 0.247096 0.103465
v -0.138807 0.247077 0.102040
v -0.136336 0.243253 0.103998
v -0.151272 0.240090 0.094792
v -0.146110 0.236099 0.099129
v -0.144865 0.236077 0.097517
v -0.149587 0.235813 0.093877
v -0.141498 0.237161 0.102673
v -0.140253 0.237138 0.101060
v -0.136850 0.239016 0.105933
v -0.137436 0.243273 0.105423
v -0.135751 0.238996 0.104508
v -0.148216 0.232009 0.097261
v -0.150687 0.235833 0.095303
v -0.147117 0.231990 0.095836
v -0.143432 0.230371 0.098701
v -0.141176 0.231163 0.102704
v -0.140076 0.231143 0.101279
v -0.138149 0.234326 0.104996
v -0.137050 0.234306 0.103571
v -0.149785 0.245222 0.094416
v -0.149785 0.245222 0.094416
v -0.146495 0.248660 0.096907
v -0.146495 0.248660 0.096907
v -0.142491 0.248695 0.099174
v -0.138842 0.247740 0.102824
v -0.142847 0.249499 0.099710
v -0.138842 0.247740 0.102824
v -0.142847 0.249499 0.099710
v -0.136157 0.243584 0.104953
v -0.136157 0.243584 0.104953
v -0.135521 0.238957 0.105507
v -0.135521 0.238957 0.105507
v -0.136932 0.233858 0.104488
v -0.136932 0.233858 0.104488
v -0.144532 0.230391 0.100126
v -0.140223 0.230421 0.101997
v -0.140223 0.230421 0.101997
v -0.147875 0.231341 0.096081
v -0.143870 0.229582 0.099195
v -0.147875 0.231341 0.096081
v -0.143870 0.229582 0.099195
v -0.150560 0.235497 0.093952
v -0.150560 0.235497 0.093952
v -0.151197 0.240124 0.093397
v -0.151197 0.240124 0.093397
v -0.064858 0.260607 0.131371
v -0.061024 0.257711 0.132661
v -0.061048 0.263691 0.132109
v -0.064447 0.260519 0.129621
v -0.060559 0.257611 0.130681
v -0.066159 0.255866 0.129455
v -0.055307 0.258658 0.133955
v -0.056889 0.264380 0.133051
v -0.056478 0.264291 0.131301
v -0.054842 0.258558 0.131975
v -0.052379 0.262673 0.134196
v -0.051968 0.262585 0.132445
v -0.049009 0.258705 0.133336
v -0.066570 0.255955 0.131205
v -0.060167 0.251849 0.133159
v -0.059702 0.251748 0.131179
v -0.065536 0.251600 0.129817
v -0.054451 0.252795 0.134453
v -0.053986 0.252695 0.132473
v -0.048796 0.254528 0.135449
v -0.049420 0.258794 0.135087
v -0.048385 0.254440 0.133699
v -0.062987 0.247810 0.132458
v -0.065947 0.251689 0.131567
v -0.062577 0.247721 0.130708
v -0.058067 0.246014 0.131853
v -0.054318 0.246792 0.134544
v -0.053907 0.246703 0.132794
v -0.050509 0.249876 0.135283
v -0.050098 0.249787 0.133532
v -0.065219 0.261017 0.130083
v -0.065219 0.261017 0.130083
v -0.060638 0.263603 0.130359
v -0.056557 0.265118 0.131909
v -0.061079 0.264370 0.130885
v -0.061079 0.264370 0.130885
v -0.051655 0.263263 0.133153
v -0.051655 0.263263 0.133153
v -0.056557 0.265118 0.131909
v -0.048439 0.259046 0.134122
v -0.048439 0.259046 0.134122
v -0.047761 0.254409 0.134515
v -0.047761 0.254409 0.134515
v -0.049622 0.249352 0.134334
v -0.049622 0.249352 0.134334
v -0.058284 0.245252 0.132509
v -0.053763 0.246000 0.133532
v -0.053763 0.246000 0.133532
v -0.058478 0.246103 0.133603
v -0.063186 0.247107 0.131264
v -0.063186 0.247107 0.131264
v -0.058284 0.245252 0.132509
v -0.066403 0.251324 0.130296
v -0.066403 0.251324 0.130296
v -0.067081 0.255960 0.129902
v -0.067081 0.255960 0.129902
v 0.035776 0.270438 0.134277
v 0.050030 0.245503 0.132096
v 0.032838 0.248098 0.136124
v 0.036272 0.270529 0.136212
v 0.050524 0.245601 0.134032
v 0.053450 0.267946 0.132098
v 0.036272 0.270529 0.136212
v 0.052947 0.267848 0.130165
v 0.033321 0.248194 0.138063
v 0.067153 0.242899 0.127775
v 0.067702 0.242989 0.129696
v 0.070612 0.265350 0.127730
v 0.070061 0.265255 0.125810
v 0.052947 0.267848 0.130165
v 0.050524 0.245601 0.134032
v 0.087169 0.262650 0.121412
v 0.084242 0.240274 0.123303
v 0.087787 0.262735 0.123312
v 0.087169 0.262650 0.121412
v 0.067702 0.242989 0.129696
v 0.103719 0.259958 0.115279
v 0.100758 0.237577 0.117077
v 0.084866 0.240347 0.125202
v 0.104516 0.260013 0.117113
v 0.087787 0.262735 0.123312
v 0.101556 0.237621 0.118911
v 0.120161 0.257251 0.108822
v 0.117166 0.234869 0.110529
v 0.101556 0.237621 0.118911
v 0.121142 0.257273 0.110565
v 0.104516 0.260013 0.117113
v 0.134105 0.254510 0.098053
v 0.131300 0.232160 0.099987
v 0.132543 0.232150 0.101553
v 0.135387 0.254507 0.099588
v 0.135387 0.254507 0.099588
v 0.132543 0.232150 0.101553
v 0.147649 0.251814 0.086959
v 0.145036 0.229474 0.089054
v 0.146504 0.229447 0.090413
v 0.149161 0.251794 0.088267
v 0.146504 0.229447 0.090413
v 0.151847 0.253586 0.082328
v 0.144260 0.260590 0.090102
v 0.151241 0.258850 0.080884
v 0.145720 0.260575 0.091469
v 0.153429 0.253575 0.083551
v 0.152833 0.258841 0.082094
v 0.144761 0.255322 0.091668
v 0.145720 0.260575 0.091469
v 0.152833 0.258841 0.082094
v 0.153429 0.253575 0.083551
v 0.151778 0.248324 0.083275
v 0.146209 0.255305 0.093047
v 0.153350 0.248312 0.084511
v 0.144641 0.250058 0.092670
v 0.146209 0.255305 0.093047
v 0.151778 0.248324 0.083275
v 0.151408 0.243064 0.083995
v 0.146078 0.250040 0.094061
v 0.152970 0.243050 0.085245
v 0.144245 0.244797 0.093417
v 0.146078 0.250040 0.094061
v 0.151408 0.243064 0.083995
v 0.143594 0.239539 0.093916
v 0.145671 0.244777 0.094819
v 0.152683 0.237786 0.085992
v 0.145008 0.239518 0.095330
v 0.145671 0.244777 0.094819
v 0.151135 0.237803 0.084726
v 0.151135 0.237803 0.084726
v 0.142673 0.234283 0.094126
v 0.145008 0.239518 0.095330
v 0.151869 0.232528 0.086337
v 0.144079 0.234260 0.095549
v 0.151869 0.232528 0.086337
v 0.150332 0.232546 0.085058
v 0.141478 0.229030 0.094035
v 0.142878 0.229006 0.095464
v 0.144079 0.234260 0.095549
v 0.142878 0.229006 0.095464
v 0.150643 0.227275 0.086346
v 0.149115 0.227294 0.085056
v 0.139732 0.223790 0.093372
v 0.141122 0.223766 0.094811
v 0.150643 0.227275 0.086346
v 0.141122 0.223766 0.094811
v 0.148787 0.222031 0.085803
v 0.147268 0.222052 0.084502
v 0.044049 0.265344 0.136579
v 0.047025 0.261372 0.136264
v 0.048514 0.267114 0.135348
v 0.043604 0.265256 0.134837
v 0.046521 0.261272 0.134293
v 0.040713 0.261336 0.135775
v 0.052728 0.260508 0.134850
v 0.052663 0.266486 0.134318
v 0.048068 0.267026 0.133606
v 0.052224 0.260408 0.132878
v 0.056498 0.263458 0.133491
v 0.056053 0.263370 0.131749
v 0.057822 0.258745 0.131531
v 0.041158 0.261424 0.137517
v 0.046254 0.255500 0.136759
v 0.045750 0.255400 0.134788
v 0.040152 0.257064 0.136135
v 0.051957 0.254637 0.135344
v 0.051453 0.254537 0.133373
v 0.057706 0.254561 0.133633
v 0.058267 0.258833 0.133273
v 0.057261 0.254473 0.131891
v 0.042367 0.252527 0.137659
v 0.040597 0.257152 0.137877
v 0.041921 0.252439 0.135917
v 0.045756 0.249411 0.135090
v 0.050351 0.248871 0.135802
v 0.049905 0.248783 0.134060
v 0.054815 0.250641 0.134571
v 0.054370 0.250553 0.132829
v 0.043297 0.265927 0.135554
v 0.043297 0.265927 0.135554
v 0.048149 0.267851 0.134215
v 0.048149 0.267851 0.134215
v 0.052218 0.266398 0.132577
v 0.052660 0.267168 0.133096
v 0.056828 0.263877 0.132197
v 0.052660 0.267168 0.133096
v 0.058751 0.258850 0.131960
v 0.056828 0.263877 0.132197
v 0.058751 0.258850 0.131960
v 0.058141 0.254206 0.132351
v 0.058141 0.254206 0.132351
v 0.054999 0.249946 0.133370
v 0.054999 0.249946 0.133370
v 0.046201 0.249499 0.136831
v 0.050146 0.248021 0.134709
v 0.050146 0.248021 0.134709
v 0.041468 0.251995 0.136727
v 0.045636 0.248704 0.135828
v 0.041468 0.251995 0.136727
v 0.045636 0.248704 0.135828
v 0.039544 0.257023 0.136964
v 0.039544 0.257023 0.136964
v 0.040154 0.261666 0.136573
v 0.040154 0.261666 0.136573
v 0.131570 0.251281 0.105094
v 0.133968 0.247276 0.103407
v 0.135129 0.253028 0.102170
v 0.130425 0.251287 0.103705
v 0.132673 0.247283 0.101835
v 0.128078 0.247380 0.105621
v 0.138404 0.252375 0.099470
v 0.137259 0.252381 0.098080
v 0.137173 0.246386 0.098124
v 0.138468 0.246379 0.099696
v 0.141393 0.249323 0.096994
v 0.140248 0.249329 0.095604
v 0.141578 0.244689 0.094488
v 0.128714 0.243100 0.107409
v 0.129222 0.247374 0.107010
v 0.127569 0.243106 0.106020
v 0.131974 0.241410 0.102384
v 0.133269 0.241402 0.103956
v 0.136474 0.240513 0.098673
v 0.137769 0.240505 0.100245
v 0.142723 0.244683 0.095877
v 0.141070 0.240415 0.094887
v 0.130044 0.238460 0.106293
v 0.128899 0.238467 0.104903
v 0.131888 0.235414 0.102427
v 0.133033 0.235408 0.103817
v 0.135162 0.234761 0.099727
v 0.139867 0.236502 0.098192
v 0.142214 0.240409 0.096276
v 0.138722 0.236509 0.096803
v 0.130478 0.251927 0.104507
v 0.130478 0.251927 0.104507
v 0.133985 0.253034 0.100780
v 0.137906 0.253117 0.098393
v 0.134347 0.253826 0.101328
v 0.137906 0.253117 0.098393
v 0.134347 0.253826 0.101328
v 0.141155 0.249799 0.095702
v 0.141155 0.249799 0.095702
v 0.142601 0.244755 0.094488
v 0.142601 0.244755 0.094488
v 0.142048 0.240110 0.094922
v 0.142048 0.240110 0.094922
v 0.136307 0.234755 0.101117
v 0.139496 0.235864 0.097004
v 0.139496 0.235864 0.097004
v 0.132068 0.234674 0.103118
v 0.135627 0.233965 0.100183
v 0.132068 0.234674 0.103118
v 0.135627 0.233965 0.100183
v 0.128819 0.237992 0.105809
v 0.128819 0.237992 0.105809
v 0.127374 0.243035 0.107023
v 0.127374 0.243035 0.107023
v 0.127926 0.247680 0.106589
v 0.127926 0.247680 0.106589
v -0.148857 0.194549 0.091340
v -0.132155 0.175478 0.105082
v -0.145827 0.172299 0.093922
v -0.150270 0.194527 0.092754
v -0.133352 0.175495 0.106684
v -0.136461 0.197755 0.104162
v -0.136461 0.197755 0.104162
v -0.135256 0.197738 0.102566
v -0.133352 0.175495 0.106684
v -0.117535 0.178670 0.115192
v -0.118500 0.178728 0.116942
v -0.121646 0.201006 0.114478
v -0.120675 0.200946 0.112731
v -0.135256 0.197738 0.102566
v -0.120675 0.200946 0.112731
v -0.101142 0.181733 0.121901
v -0.105079 0.204098 0.121344
v -0.105079 0.204098 0.121344
v -0.104307 0.204008 0.119501
v -0.101904 0.181822 0.123748
v -0.084408 0.184767 0.127967
v -0.101904 0.181822 0.123748
v -0.088163 0.207160 0.127521
v -0.087588 0.207042 0.125609
v -0.104307 0.204008 0.119501
v -0.070152 0.209912 0.129284
v -0.066925 0.187633 0.131433
v -0.084969 0.184884 0.129883
v -0.070632 0.210030 0.131222
v -0.087588 0.207042 0.125609
v -0.070632 0.210030 0.131222
v -0.067386 0.187753 0.133375
v -0.052707 0.212773 0.132928
v -0.049446 0.190492 0.134921
v -0.067386 0.187753 0.133375
v -0.053107 0.212886 0.134884
v -0.053107 0.212886 0.134884
v -0.049822 0.190610 0.136882
v -0.035152 0.215600 0.135963
v -0.031851 0.193309 0.137728
v -0.049822 0.190610 0.136882
v -0.035538 0.215699 0.137923
v -0.035538 0.215699 0.137923
v -0.032210 0.193417 0.139692
v -0.147229 0.172279 0.095348
v -0.150270 0.194527 0.092754
v -0.146905 0.203220 0.093850
v -0.154795 0.195861 0.086359
v -0.154350 0.201124 0.084718
v -0.156288 0.195827 0.087690
v -0.148270 0.203206 0.095312
v -0.155844 0.201090 0.086047
v -0.155844 0.201090 0.086047
v -0.147254 0.197974 0.095602
v -0.148617 0.197960 0.097066
v -0.147254 0.197974 0.095602
v -0.154613 0.190613 0.087445
v -0.156104 0.190579 0.088778
v -0.156288 0.195827 0.087690
v -0.147025 0.192733 0.096736
v -0.148385 0.192719 0.098202
v -0.147025 0.192733 0.096736
v -0.154150 0.185371 0.088281
v -0.155639 0.185337 0.089616
v -0.156104 0.190579 0.088778
v -0.146537 0.187494 0.097595
v -0.147896 0.187480 0.099063
v -0.146537 0.187494 0.097595
v -0.153454 0.180138 0.088912
v -0.154939 0.180105 0.090251
v -0.154939 0.180105 0.090251
v -0.155639 0.185337 0.089616
v -0.147166 0.182245 0.099664
v -0.145809 0.182258 0.098195
v -0.144840 0.177025 0.098533
v -0.146195 0.177011 0.100004
v -0.147166 0.182245 0.099664
v -0.154001 0.174882 0.090675
v -0.146195 0.177011 0.100004
v -0.143625 0.171794 0.098599
v -0.152522 0.174914 0.089329
v -0.154001 0.174882 0.090675
v -0.144977 0.171781 0.100072
v -0.152768 0.169662 0.090820
v -0.144977 0.171781 0.100072
v -0.141841 0.166569 0.098038
v -0.151293 0.169693 0.089469
v -0.152768 0.169662 0.090820
v -0.143191 0.166556 0.099513
v -0.150886 0.164450 0.090357
v -0.143191 0.166556 0.099513
v -0.149414 0.164481 0.089005
v -0.142709 0.192396 0.101848
v -0.139632 0.189557 0.104513
v -0.139666 0.195550 0.104134
v -0.141619 0.192383 0.100416
v -0.138399 0.189542 0.102892
v -0.142925 0.187697 0.099465
v -0.134996 0.190605 0.108030
v -0.136293 0.196313 0.106694
v -0.138576 0.195537 0.102702
v -0.133763 0.190591 0.106409
v -0.132589 0.194685 0.109526
v -0.131499 0.194671 0.108094
v -0.129016 0.190842 0.110018
v -0.144015 0.187710 0.100898
v -0.138823 0.183705 0.105182
v -0.137590 0.183690 0.103560
v -0.142336 0.183439 0.099952
v -0.134187 0.184754 0.108699
v -0.132954 0.184739 0.107078
v -0.129518 0.186597 0.111937
v -0.130106 0.190855 0.111450
v -0.128428 0.186584 0.110504
v -0.140943 0.179623 0.103308
v -0.143426 0.183452 0.101384
v -0.139853 0.179609 0.101876
v -0.136149 0.177981 0.104708
v -0.133866 0.178757 0.108700
v -0.132776 0.178744 0.107268
v -0.130823 0.181911 0.110986
v -0.129733 0.181898 0.109554
v -0.142530 0.192844 0.100536
v -0.142530 0.192844 0.100536
v -0.139222 0.196272 0.103020
v -0.139222 0.196272 0.103020
v -0.135203 0.196300 0.105261
v -0.131530 0.195331 0.108881
v -0.135556 0.197101 0.105802
v -0.131530 0.195331 0.108881
v -0.135556 0.197101 0.105802
v -0.128831 0.191169 0.110973
v -0.128831 0.191169 0.110973
v -0.128191 0.186540 0.111502
v -0.128191 0.186540 0.111502
v -0.129610 0.181447 0.110468
v -0.129610 0.181447 0.110468
v -0.137239 0.177994 0.106141
v -0.132917 0.178019 0.107984
v -0.132917 0.178019 0.107984
v -0.140610 0.178959 0.102123
v -0.136584 0.177189 0.105202
v -0.140610 0.178959 0.102123
v -0.136584 0.177189 0.105202
v -0.143309 0.183122 0.100031
v -0.143309 0.183122 0.100031
v -0.143949 0.187750 0.099502
v -0.143949 0.187750 0.099502
v -0.057113 0.208209 0.136250
v -0.053242 0.205312 0.137425
v -0.053269 0.211285 0.136827
v -0.056766 0.208106 0.134487
v -0.052849 0.205194 0.135430
v -0.058497 0.203459 0.134419
v -0.049074 0.211967 0.137613
v -0.048727 0.211863 0.135850
v -0.047084 0.206131 0.136510
v -0.047477 0.206249 0.138505
v -0.044529 0.210255 0.138609
v -0.044182 0.210151 0.136845
v -0.041202 0.206270 0.137660
v -0.058220 0.199299 0.136556
v -0.058844 0.203563 0.136182
v -0.057872 0.199196 0.134793
v -0.051991 0.199335 0.135943
v -0.052384 0.199452 0.137938
v -0.046226 0.200272 0.137023
v -0.046619 0.200389 0.139019
v -0.041550 0.206374 0.139424
v -0.040578 0.202007 0.138034
v -0.055240 0.195419 0.137371
v -0.054893 0.195315 0.135608
v -0.050348 0.193603 0.136604
v -0.050695 0.193706 0.138367
v -0.046153 0.194284 0.137390
v -0.042656 0.197464 0.139729
v -0.040925 0.202110 0.139797
v -0.042309 0.197360 0.137966
v -0.057520 0.208610 0.134972
v -0.057520 0.208610 0.134972
v -0.052922 0.211182 0.135063
v -0.048782 0.212695 0.136453
v -0.053341 0.211954 0.135599
v -0.053341 0.211954 0.135599
v -0.043842 0.210833 0.137536
v -0.043842 0.210833 0.137536
v -0.048782 0.212695 0.136453
v -0.040603 0.206615 0.138422
v -0.040603 0.206615 0.138422
v -0.039924 0.201981 0.138828
v -0.039924 0.201981 0.138828
v -0.046500 0.194388 0.139153
v -0.041806 0.196930 0.138754
v -0.041806 0.196930 0.138754
v -0.050543 0.192846 0.137273
v -0.045984 0.193587 0.138128
v -0.050543 0.192846 0.137273
v -0.045984 0.193587 0.138128
v -0.055484 0.194707 0.136191
v -0.055484 0.194707 0.136191
v -0.058723 0.198926 0.135305
v -0.058723 0.198926 0.135305
v -0.059401 0.203560 0.134899
v -0.059401 0.203560 0.134899
v 0.025910 0.195549 0.140559
v 0.046064 0.215274 0.134694
v 0.043115 0.192936 0.136583
v 0.026386 0.195649 0.142499
v 0.046556 0.215371 0.136630
v 0.029330 0.217981 0.140596
v 0.029330 0.217981 0.140596
v 0.028855 0.217881 0.138656
v 0.026386 0.195649 0.142499
v 0.060213 0.190304 0.132159
v 0.043610 0.193030 0.138518
v 0.063728 0.212733 0.132235
v 0.046556 0.215371 0.136630
v 0.063173 0.212650 0.130315
v 0.043610 0.193030 0.138518
v 0.080237 0.210011 0.125742
v 0.077248 0.187653 0.127475
v 0.060774 0.190383 0.134077
v 0.080872 0.210075 0.127638
v 0.080237 0.210011 0.125742
v 0.063173 0.212650 0.130315
v 0.060774 0.190383 0.134077
v 0.096698 0.207311 0.119369
v 0.093683 0.184950 0.121031
v 0.077891 0.187711 0.129368
v 0.097496 0.207346 0.121203
v 0.097496 0.207346 0.121203
v 0.094486 0.184979 0.122862
v 0.113053 0.204601 0.112688
v 0.109999 0.182237 0.114243
v 0.094486 0.184979 0.122862
v 0.114021 0.204605 0.114438
v 0.127378 0.201910 0.102383
v 0.124464 0.179550 0.104110
v 0.125646 0.179529 0.105723
v 0.128585 0.201894 0.103977
v 0.128585 0.201894 0.103977
v 0.125646 0.179529 0.105723
v 0.141371 0.199235 0.091722
v 0.138602 0.176878 0.093607
v 0.139977 0.176842 0.095058
v 0.142783 0.199204 0.093137
v 0.139977 0.176842 0.095058
v 0.146207 0.200996 0.087636
v 0.137787 0.208016 0.094747
v 0.145695 0.206276 0.086135
v 0.139147 0.207989 0.096213
v 0.147685 0.200971 0.088984
v 0.147181 0.206252 0.087473
v 0.138157 0.202733 0.096298
v 0.139147 0.207989 0.096213
v 0.147181 0.206252 0.087473
v 0.147685 0.200971 0.088984
v 0.146078 0.195726 0.088575
v 0.139512 0.202705 0.097769
v 0.147548 0.195700 0.089932
v 0.137979 0.197461 0.097277
v 0.139512 0.202705 0.097769
v 0.146078 0.195726 0.088575
v 0.145668 0.190459 0.089263
v 0.139326 0.197432 0.098755
v 0.147129 0.190432 0.090628
v 0.137546 0.192194 0.097985
v 0.139326 0.197432 0.098755
v 0.145668 0.190459 0.089263
v 0.144997 0.185197 0.089710
v 0.138884 0.192164 0.099471
v 0.146450 0.185169 0.091084
v 0.138203 0.186901 0.099925
v 0.138884 0.192164 0.099471
v 0.146450 0.185169 0.091084
v 0.135968 0.181676 0.098610
v 0.136874 0.186932 0.098431
v 0.138203 0.186901 0.099925
v 0.145650 0.179911 0.091410
v 0.137288 0.181644 0.100112
v 0.145650 0.179911 0.091410
v 0.144208 0.179941 0.090024
v 0.134817 0.176427 0.098501
v 0.137288 0.181644 0.100112
v 0.144619 0.174659 0.091491
v 0.136128 0.176394 0.100011
v 0.144619 0.174659 0.091491
v 0.143189 0.174690 0.090094
v 0.133069 0.171193 0.097672
v 0.134377 0.171159 0.099185
v 0.136128 0.176394 0.100011
v 0.134377 0.171159 0.099185
v 0.142799 0.169423 0.090797
v 0.141376 0.169455 0.089391
v 0.037146 0.212780 0.141079
v 0.040118 0.208804 0.140769
v 0.041615 0.214545 0.139860
v 0.036705 0.212693 0.139336
v 0.039619 0.208706 0.138797
v 0.033807 0.208777 0.140264
v 0.045823 0.207933 0.139369
v 0.045767 0.213911 0.138842
v 0.041174 0.214458 0.138117
v 0.045324 0.207835 0.137397
v 0.049600 0.210878 0.138022
v 0.049159 0.210792 0.136279
v 0.050924 0.206164 0.136063
v 0.034248 0.208864 0.142007
v 0.039339 0.202932 0.141258
v 0.038840 0.202834 0.139286
v 0.033240 0.204505 0.140619
v 0.045044 0.202061 0.139858
v 0.044545 0.201963 0.137885
v 0.050798 0.201979 0.138161
v 0.051365 0.206251 0.137806
v 0.050357 0.201892 0.136418
v 0.035446 0.199964 0.142146
v 0.033681 0.204592 0.142362
v 0.035005 0.199877 0.140403
v 0.038838 0.196845 0.139584
v 0.043430 0.196297 0.140308
v 0.042989 0.196211 0.138565
v 0.047900 0.198063 0.139089
v 0.047459 0.197976 0.137346
v 0.036396 0.213364 0.140052
v 0.036396 0.213364 0.140052
v 0.041255 0.215283 0.138727
v 0.041255 0.215283 0.138727
v 0.045326 0.213825 0.137099
v 0.049934 0.211298 0.136729
v 0.045767 0.214594 0.137620
v 0.049934 0.211298 0.136729
v 0.045767 0.214594 0.137620
v 0.051852 0.206267 0.136494
v 0.051852 0.206267 0.136494
v 0.051236 0.201624 0.136881
v 0.051236 0.201624 0.136881
v 0.048086 0.197367 0.137889
v 0.048086 0.197367 0.137889
v 0.038715 0.196138 0.140321
v 0.043228 0.195449 0.139214
v 0.038715 0.196138 0.140321
v 0.043228 0.195449 0.139214
v 0.039279 0.196931 0.141327
v 0.032630 0.204464 0.141447
v 0.034548 0.199434 0.141212
v 0.032630 0.204464 0.141447
v 0.034548 0.199434 0.141212
v 0.033246 0.209108 0.141060
v 0.033246 0.209108 0.141060
v 0.124493 0.198650 0.109251
v 0.126956 0.194645 0.107629
v 0.128180 0.200405 0.106470
v 0.123404 0.198667 0.107817
v 0.125724 0.194664 0.106008
v 0.120969 0.194753 0.109622
v 0.131567 0.199758 0.103889
v 0.130478 0.199775 0.102456
v 0.130379 0.193775 0.102460
v 0.131611 0.193756 0.104082
v 0.134655 0.196709 0.101507
v 0.133566 0.196726 0.100073
v 0.134934 0.192085 0.098978
v 0.121524 0.190459 0.111409
v 0.122058 0.194736 0.111055
v 0.120435 0.190476 0.109976
v 0.124990 0.188786 0.106495
v 0.126223 0.188766 0.108117
v 0.129646 0.187896 0.102947
v 0.130878 0.187877 0.104569
v 0.136023 0.192068 0.100412
v 0.134401 0.187807 0.099333
v 0.122892 0.185818 0.110314
v 0.121804 0.185835 0.108881
v 0.124891 0.182786 0.106499
v 0.125980 0.182769 0.107932
v 0.128278 0.182139 0.103918
v 0.133054 0.183876 0.102570
v 0.135490 0.187790 0.100766
v 0.131965 0.183893 0.101137
v 0.123425 0.199303 0.108625
v 0.123425 0.199303 0.108625
v 0.127091 0.200422 0.105037
v 0.131114 0.200507 0.102797
v 0.127433 0.201211 0.105603
v 0.131114 0.200507 0.102797
v 0.127433 0.201211 0.105603
v 0.134471 0.197193 0.100208
v 0.134471 0.197193 0.100208
v 0.135958 0.192149 0.099018
v 0.135958 0.192149 0.099018
v 0.135378 0.187499 0.099403
v 0.135378 0.187499 0.099403
v 0.129367 0.182122 0.105351
v 0.132730 0.183245 0.101364
v 0.132730 0.183245 0.101364
v 0.125041 0.182041 0.107192
v 0.128723 0.181338 0.104387
v 0.125041 0.182041 0.107192
v 0.128723 0.181338 0.104387
v 0.121685 0.185355 0.109782
v 0.121685 0.185355 0.109782
v 0.120198 0.190400 0.110972
v 0.120198 0.190400 0.110972
v 0.120778 0.195049 0.110586
v 0.120778 0.195049 0.110586
v -0.141725 0.142196 0.097390
v -0.124835 0.123111 0.110911
v -0.138636 0.119945 0.099892
v -0.140011 0.119929 0.101345
v -0.129150 0.145382 0.110079
v -0.143110 0.142178 0.098832
v -0.129150 0.145382 0.110079
v -0.127966 0.145365 0.108468
v -0.126011 0.123128 0.112529
v -0.110134 0.126288 0.120918
v -0.126011 0.123128 0.112529
v -0.114252 0.148602 0.120279
v -0.113297 0.148546 0.118523
v -0.127966 0.145365 0.108468
v -0.113297 0.148546 0.118523
v -0.093661 0.129341 0.127443
v -0.111081 0.126344 0.122679
v -0.097603 0.151691 0.126967
v -0.097603 0.151691 0.126967
v -0.096853 0.151604 0.125115
v -0.094402 0.129430 0.129298
v -0.076853 0.132371 0.133326
v -0.094402 0.129430 0.129298
v -0.080613 0.154752 0.132981
v -0.080070 0.154635 0.131060
v -0.096853 0.151604 0.125115
v -0.062559 0.157498 0.134384
v -0.059316 0.135230 0.136524
v -0.077386 0.132489 0.135250
v -0.062999 0.157621 0.136331
v -0.080070 0.154635 0.131060
v -0.062999 0.157621 0.136331
v -0.059742 0.135356 0.138474
v -0.045030 0.160352 0.137636
v -0.041767 0.138081 0.139668
v -0.059742 0.135356 0.138474
v -0.045379 0.160477 0.139601
v -0.045379 0.160477 0.139601
v -0.042099 0.138211 0.141636
v -0.027387 0.163157 0.140150
v -0.024101 0.140877 0.142028
v -0.042099 0.138211 0.141636
v -0.027715 0.163275 0.142120
v -0.027715 0.163275 0.142120
v -0.024409 0.141002 0.144000
v -0.140011 0.119929 0.101345
v -0.143110 0.142178 0.098832
v -0.139672 0.150861 0.099822
v -0.147769 0.143520 0.092545
v -0.147292 0.148775 0.090828
v -0.149227 0.143493 0.093914
v -0.141015 0.150849 0.101304
v -0.148755 0.148746 0.092191
v -0.148755 0.148746 0.092191
v -0.140002 0.145616 0.101581
v -0.141342 0.145605 0.103065
v -0.140002 0.145616 0.101581
v -0.147595 0.138276 0.093659
v -0.149049 0.138249 0.095032
v -0.149227 0.143493 0.093914
v -0.139771 0.140377 0.102725
v -0.141109 0.140366 0.104211
v -0.139771 0.140377 0.102725
v -0.147123 0.133036 0.094494
v -0.148575 0.133009 0.095870
v -0.149049 0.138249 0.095032
v -0.139279 0.135140 0.103580
v -0.140614 0.135129 0.105069
v -0.139279 0.135140 0.103580
v -0.146394 0.127801 0.095086
v -0.147843 0.127774 0.096464
v -0.147843 0.127774 0.096464
v -0.148575 0.133009 0.095870
v -0.139882 0.129894 0.105662
v -0.138549 0.129905 0.104171
v -0.137583 0.124671 0.104498
v -0.138914 0.124661 0.105991
v -0.139882 0.129894 0.105662
v -0.146860 0.122544 0.096819
v -0.138914 0.124661 0.105991
v -0.136368 0.119440 0.104542
v -0.145413 0.122570 0.095438
v -0.146860 0.122544 0.096819
v -0.137696 0.119429 0.106037
v -0.145665 0.117320 0.096972
v -0.137696 0.119429 0.106037
v -0.134600 0.114213 0.103957
v -0.144224 0.117345 0.095586
v -0.145665 0.117320 0.096972
v -0.135925 0.114202 0.105455
v -0.143873 0.112105 0.096538
v -0.135925 0.114202 0.105455
v -0.142437 0.112130 0.095146
v -0.135415 0.140034 0.107812
v -0.132305 0.137193 0.110438
v -0.132337 0.143186 0.110062
v -0.134344 0.140021 0.106366
v -0.131093 0.137177 0.108801
v -0.135668 0.135335 0.105430
v -0.127619 0.138238 0.113898
v -0.128927 0.143947 0.112580
v -0.131265 0.143172 0.108616
v -0.126407 0.138222 0.112262
v -0.125186 0.142316 0.115366
v -0.124115 0.142302 0.113920
v -0.121611 0.138470 0.115812
v -0.136740 0.135349 0.106876
v -0.131495 0.131340 0.111094
v -0.130282 0.131324 0.109458
v -0.135078 0.131076 0.105908
v -0.126809 0.132385 0.114555
v -0.125596 0.132369 0.112918
v -0.122092 0.134226 0.117736
v -0.122682 0.138484 0.117258
v -0.121021 0.134212 0.116289
v -0.133645 0.127259 0.109246
v -0.136150 0.131090 0.107354
v -0.132574 0.127245 0.107799
v -0.128833 0.125614 0.110586
v -0.126495 0.126388 0.114550
v -0.125424 0.126374 0.113104
v -0.123417 0.129540 0.116800
v -0.122346 0.129526 0.115353
v -0.135252 0.140482 0.106498
v -0.135252 0.140482 0.106498
v -0.131906 0.143908 0.108943
v -0.131906 0.143908 0.108943
v -0.127856 0.143933 0.111134
v -0.124134 0.142962 0.114708
v -0.128200 0.144734 0.111680
v -0.124134 0.142962 0.114708
v -0.128200 0.144734 0.111680
v -0.121412 0.138797 0.116764
v -0.121412 0.138797 0.116764
v -0.120771 0.134168 0.117284
v -0.120771 0.134168 0.117284
v -0.122211 0.129075 0.116266
v -0.122211 0.129075 0.116266
v -0.129905 0.125628 0.112032
v -0.125557 0.125649 0.113821
v -0.125557 0.125649 0.113821
v -0.133329 0.126595 0.108056
v -0.129263 0.124822 0.111084
v -0.133329 0.126595 0.108056
v -0.129263 0.124822 0.111084
v -0.136051 0.130760 0.105999
v -0.136051 0.130760 0.105999
v -0.136692 0.135389 0.105480
v -0.136692 0.135389 0.105480
v -0.049363 0.155816 0.141105
v -0.045471 0.152919 0.142201
v -0.045500 0.158887 0.141570
v -0.049059 0.155702 0.139335
v -0.045127 0.152789 0.140197
v -0.050802 0.151060 0.139335
v -0.041286 0.159565 0.142250
v -0.045196 0.158773 0.139800
v -0.039336 0.153721 0.141131
v -0.039680 0.153850 0.143134
v -0.036722 0.157850 0.143143
v -0.036418 0.157736 0.141373
v -0.033428 0.153855 0.142136
v -0.051106 0.151174 0.141105
v -0.044614 0.147062 0.142725
v -0.044270 0.146933 0.140721
v -0.050178 0.146799 0.139716
v -0.038823 0.147993 0.143659
v -0.038479 0.147864 0.141655
v -0.033109 0.149708 0.144288
v -0.033732 0.153969 0.143906
v -0.032805 0.149594 0.142517
v -0.047492 0.143032 0.142250
v -0.050482 0.146913 0.141487
v -0.047188 0.142918 0.140479
v -0.042625 0.141203 0.141373
v -0.038715 0.141995 0.143823
v -0.038411 0.141881 0.142052
v -0.034851 0.145066 0.144288
v -0.034547 0.144952 0.142517
v -0.049800 0.156211 0.139836
v -0.049800 0.156211 0.139836
v -0.045600 0.159549 0.140341
v -0.045600 0.159549 0.140341
v -0.040982 0.159451 0.140479
v -0.041020 0.160285 0.141080
v -0.036060 0.158421 0.142051
v -0.041020 0.160285 0.141080
v -0.032810 0.154203 0.142880
v -0.036060 0.158421 0.142051
v -0.032810 0.154203 0.142880
v -0.032132 0.149571 0.143295
v -0.032132 0.149571 0.143295
v -0.034026 0.144525 0.143295
v -0.034026 0.144525 0.143295
v -0.042928 0.141317 0.143143
v -0.038226 0.141188 0.142789
v -0.038226 0.141188 0.142789
v -0.047766 0.142315 0.141080
v -0.042806 0.140451 0.142051
v -0.047766 0.142315 0.141080
v -0.042806 0.140451 0.142051
v -0.051016 0.146533 0.140250
v -0.051016 0.146533 0.140250
v -0.051694 0.151165 0.139836
v -0.051694 0.151165 0.139836
v 0.018954 0.143013 0.145021
v 0.039106 0.162717 0.139099
v 0.036132 0.140385 0.140934
v 0.019442 0.143109 0.146958
v 0.039610 0.162808 0.141032
v 0.022397 0.165439 0.145073
v 0.022397 0.165439 0.145073
v 0.021915 0.165341 0.143134
v 0.019442 0.143109 0.146958
v 0.056173 0.160072 0.134554
v 0.053179 0.137733 0.136310
v 0.036644 0.140473 0.142866
v 0.056746 0.160145 0.136469
v 0.039610 0.162808 0.141032
v 0.036644 0.140473 0.142866
v 0.073176 0.157411 0.129751
v 0.070150 0.135066 0.131400
v 0.053760 0.137802 0.138222
v 0.073833 0.157462 0.131640
v 0.056746 0.160145 0.136469
v 0.053760 0.137802 0.138222
v 0.089552 0.154704 0.123159
v 0.086493 0.132358 0.124724
v 0.070818 0.135114 0.133285
v 0.090360 0.154726 0.124988
v 0.090360 0.154726 0.124988
v 0.087308 0.132376 0.126550
v 0.105803 0.151989 0.116220
v 0.102687 0.129642 0.117655
v 0.087308 0.132376 0.126550
v 0.106762 0.151980 0.117975
v 0.120394 0.149305 0.106253
v 0.117325 0.126957 0.107753
v 0.118468 0.126925 0.109394
v 0.121548 0.149277 0.107887
v 0.121548 0.149277 0.107887
v 0.118468 0.126925 0.109394
v 0.134706 0.146635 0.095949
v 0.131717 0.124284 0.097557
v 0.133020 0.124235 0.099073
v 0.136036 0.146591 0.097443
v 0.133020 0.124235 0.099073
v 0.139882 0.148385 0.092255
v 0.130994 0.155415 0.098856
v 0.139302 0.153677 0.090575
v 0.132279 0.155376 0.100388
v 0.141271 0.148346 0.093693
v 0.140703 0.153640 0.092002
v 0.131305 0.150124 0.100457
v 0.132279 0.155376 0.100388
v 0.140703 0.153640 0.092002
v 0.141271 0.148346 0.093693
v 0.139777 0.143109 0.093258
v 0.132582 0.150083 0.101996
v 0.141157 0.143068 0.094705
v 0.131060 0.144849 0.101398
v 0.132582 0.150083 0.101996
v 0.139777 0.143109 0.093258
v 0.139309 0.137841 0.093898
v 0.132332 0.144807 0.102941
v 0.140683 0.137800 0.095351
v 0.130565 0.139581 0.102038
v 0.132332 0.144807 0.102941
v 0.139309 0.137841 0.093898
v 0.138596 0.132581 0.094281
v 0.131833 0.139539 0.103584
v 0.139964 0.132538 0.095739
v 0.131114 0.134277 0.103972
v 0.131833 0.139539 0.103584
v 0.139964 0.132538 0.095739
v 0.137641 0.127329 0.094404
v 0.129852 0.134321 0.102420
v 0.131114 0.134277 0.103972
v 0.139003 0.127284 0.095867
v 0.130171 0.129024 0.104083
v 0.139003 0.127284 0.095867
v 0.127746 0.123825 0.102336
v 0.128915 0.129069 0.102526
v 0.130171 0.129024 0.104083
v 0.137813 0.122039 0.095742
v 0.128995 0.123779 0.103898
v 0.137813 0.122039 0.095742
v 0.136458 0.122084 0.094272
v 0.126060 0.118603 0.101487
v 0.127303 0.118556 0.103053
v 0.128995 0.123779 0.103898
v 0.127303 0.118556 0.103053
v 0.136195 0.116810 0.095125
v 0.134852 0.116858 0.093643
v 0.030224 0.160222 0.145520
v 0.033187 0.156242 0.145179
v 0.034688 0.161983 0.144274
v 0.029771 0.160141 0.143780
v 0.032674 0.156150 0.143210
v 0.026873 0.156228 0.144718
v 0.038882 0.155366 0.143736
v 0.038831 0.161345 0.143225
v 0.034235 0.161901 0.142534
v 0.038369 0.155273 0.141767
v 0.042654 0.158308 0.142370
v 0.042200 0.158227 0.140630
v 0.043956 0.153597 0.140389
v 0.027327 0.156309 0.146458
v 0.032403 0.150372 0.145658
v 0.031890 0.150280 0.143689
v 0.026302 0.151956 0.145067
v 0.038097 0.149495 0.144215
v 0.037584 0.149403 0.142246
v 0.043838 0.149407 0.142478
v 0.044409 0.153678 0.142129
v 0.043385 0.149326 0.140738
v 0.028511 0.147408 0.146566
v 0.026756 0.152038 0.146807
v 0.028058 0.147327 0.144826
v 0.031880 0.144290 0.143972
v 0.036477 0.143733 0.144662
v 0.036024 0.143652 0.142922
v 0.040941 0.145494 0.143416
v 0.040487 0.145412 0.141676
v 0.029469 0.160811 0.144500
v 0.029469 0.160811 0.144500
v 0.034321 0.162724 0.143146
v 0.034321 0.162724 0.143146
v 0.038378 0.161263 0.141485
v 0.038824 0.162031 0.142005
v 0.042979 0.158730 0.141076
v 0.038824 0.162031 0.142005
v 0.044887 0.153698 0.140814
v 0.042979 0.158730 0.141076
v 0.044887 0.153698 0.140814
v 0.044267 0.149055 0.141193
v 0.044267 0.149055 0.141193
v 0.041117 0.144801 0.142213
v 0.041117 0.144801 0.142213
v 0.032334 0.144371 0.145712
v 0.036265 0.142888 0.143567
v 0.036265 0.142888 0.143567
v 0.027607 0.146882 0.145636
v 0.031762 0.143581 0.144708
v 0.027607 0.146882 0.145636
v 0.031762 0.143581 0.144708
v 0.025698 0.151914 0.145898
v 0.025698 0.151914 0.145898
v 0.026319 0.156557 0.145519
v 0.026319 0.156557 0.145519
v 0.117302 0.146028 0.113040
v 0.119802 0.142023 0.111481
v 0.121089 0.147783 0.110384
v 0.116260 0.146056 0.111573
v 0.118623 0.142054 0.109820
v 0.113747 0.142143 0.113283
v 0.124560 0.147135 0.107908
v 0.123518 0.147163 0.106441
v 0.123393 0.141165 0.106417
v 0.124572 0.141134 0.108077
v 0.127714 0.144087 0.105612
v 0.126672 0.144115 0.104144
v 0.128058 0.139475 0.103073
v 0.114225 0.137839 0.115070
v 0.114789 0.142115 0.114750
v 0.113183 0.137867 0.113603
v 0.117848 0.136177 0.110259
v 0.119027 0.136146 0.111920
v 0.122618 0.135288 0.106856
v 0.123797 0.135256 0.108517
v 0.129099 0.139447 0.104541
v 0.127494 0.135199 0.103393
v 0.115610 0.133199 0.113999
v 0.114568 0.133227 0.112532
v 0.117722 0.130179 0.110235
v 0.118764 0.130151 0.111703
v 0.121193 0.129532 0.107759
v 0.126023 0.131258 0.106571
v 0.128535 0.135171 0.104861
v 0.124981 0.131286 0.105103
v 0.116257 0.146688 0.112384
v 0.116257 0.146688 0.112384
v 0.120047 0.147810 0.108917
v 0.124146 0.147892 0.106806
v 0.120374 0.148595 0.109497
v 0.124146 0.147892 0.106806
v 0.120374 0.148595 0.109497
v 0.127575 0.144578 0.104309
v 0.127575 0.144578 0.104309
v 0.129080 0.139535 0.103145
v 0.129080 0.139535 0.103145
v 0.128468 0.134887 0.103493
v 0.128468 0.134887 0.103493
v 0.122235 0.129504 0.109226
v 0.125736 0.130634 0.105352
v 0.125736 0.130634 0.105352
v 0.117847 0.129430 0.110930
v 0.121619 0.128727 0.108239
v 0.117847 0.129430 0.110930
v 0.121619 0.128727 0.108239
v 0.114418 0.132744 0.113426
v 0.114418 0.132744 0.113426
v 0.112913 0.137787 0.114590
v 0.112913 0.137787 0.114590
v 0.113525 0.142435 0.114243
v 0.113525 0.142435 0.114243
v 0.442413 0.016209 -0.091526
v 0.442938 0.012164 -0.087839
v 0.438983 0.017557 -0.087419
v 0.443716 0.017184 -0.090757
v 0.444413 0.013267 -0.086969
v 0.447522 0.013724 -0.092821
v 0.440343 0.010968 -0.081921
v 0.437094 0.016687 -0.083113
v 0.440286 0.018532 -0.086651
v 0.441817 0.012071 -0.081051
v 0.436748 0.013599 -0.078608
v 0.438051 0.014574 -0.077839
v 0.439736 0.010136 -0.075067
v 0.446218 0.012749 -0.093589
v 0.446711 0.006736 -0.087351
v 0.448186 0.007839 -0.086482
v 0.450267 0.009775 -0.092466
v 0.444116 0.005540 -0.081433
v 0.445591 0.006643 -0.080564
v 0.441178 0.005212 -0.075481
v 0.438433 0.009161 -0.075835
v 0.442481 0.006187 -0.074712
v 0.450649 0.004362 -0.090462
v 0.448964 0.008800 -0.093235
v 0.451952 0.005337 -0.089693
v 0.451606 0.002249 -0.085188
v 0.448414 0.000404 -0.081651
v 0.449717 0.001379 -0.080882
v 0.444984 0.001751 -0.077544
v 0.446287 0.002726 -0.076775
v 0.443134 0.017461 -0.091643
v 0.443134 0.017461 -0.091643
v 0.439405 0.018926 -0.087179
v 0.439405 0.018926 -0.087179
v 0.438398 0.017662 -0.082345
v 0.436976 0.014623 -0.077602
v 0.437353 0.017980 -0.082498
v 0.436976 0.014623 -0.077602
v 0.437353 0.017980 -0.082498
v 0.438808 0.009800 -0.074588
v 0.438808 0.009800 -0.074588
v 0.441792 0.005507 -0.074202
v 0.441792 0.005507 -0.074202
v 0.445928 0.001745 -0.076445
v 0.445928 0.001745 -0.076445
v 0.450302 0.001274 -0.085957
v 0.449657 0.000281 -0.080909
v 0.449657 0.000281 -0.080909
v 0.452086 0.004583 -0.090486
v 0.451709 0.001227 -0.085589
v 0.452086 0.004583 -0.090486
v 0.451709 0.001227 -0.085589
v 0.450254 0.009407 -0.093500
v 0.450254 0.009407 -0.093500
v 0.447270 0.013699 -0.093886
v 0.447270 0.013699 -0.093886
v 0.460277 -0.010047 -0.089121
v 0.461175 -0.013829 -0.085197
v 0.457116 -0.008494 -0.084871
v 0.461605 -0.008993 -0.088518
v 0.462679 -0.012636 -0.084515
v 0.465345 -0.012511 -0.090608
v 0.459046 -0.014678 -0.079023
v 0.455567 -0.009112 -0.080379
v 0.458445 -0.007440 -0.084268
v 0.460550 -0.013485 -0.078340
v 0.455629 -0.011900 -0.075643
v 0.456958 -0.010845 -0.075040
v 0.458958 -0.015057 -0.072085
v 0.464017 -0.013565 -0.091211
v 0.465120 -0.019141 -0.084603
v 0.466623 -0.017948 -0.083920
v 0.468215 -0.016376 -0.090176
v 0.462990 -0.019989 -0.078428
v 0.464494 -0.018796 -0.077746
v 0.460499 -0.019976 -0.072255
v 0.457629 -0.016111 -0.072688
v 0.461828 -0.018922 -0.071652
v 0.468887 -0.021641 -0.087823
v 0.466887 -0.017430 -0.090779
v 0.470215 -0.020587 -0.087220
v 0.470278 -0.023375 -0.082485
v 0.467400 -0.025047 -0.078595
v 0.468728 -0.023992 -0.077992
v 0.464239 -0.023494 -0.074346
v 0.465567 -0.022440 -0.073743
v 0.460953 -0.008789 -0.089378
v 0.460953 -0.008789 -0.089378
v 0.457518 -0.007101 -0.084759
v 0.457518 -0.007101 -0.084759
v 0.456895 -0.008058 -0.079776
v 0.455902 -0.010803 -0.074729
v 0.455834 -0.007772 -0.079876
v 0.455902 -0.010803 -0.074729
v 0.455834 -0.007772 -0.079876
v 0.458075 -0.015380 -0.071516
v 0.458075 -0.015380 -0.071516
v 0.461195 -0.019581 -0.071046
v 0.461195 -0.019581 -0.071046
v 0.465260 -0.023405 -0.073318
v 0.465260 -0.023405 -0.073318
v 0.468949 -0.024429 -0.083088
v 0.468696 -0.025093 -0.077937
v 0.468696 -0.025093 -0.077937
v 0.470312 -0.021391 -0.087968
v 0.470380 -0.024422 -0.082820
v 0.470312 -0.021391 -0.087968
v 0.470380 -0.024422 -0.082820
v 0.468138 -0.016814 -0.091180
v 0.468138 -0.016814 -0.091180
v 0.465019 -0.012613 -0.091650
v 0.465019 -0.012613 -0.091650
v 0.478657 -0.036672 -0.086345
v 0.480420 -0.039757 -0.082063
v 0.475482 -0.035407 -0.082087
v 0.479763 -0.035316 -0.085923
v 0.481672 -0.038222 -0.081586
v 0.483968 -0.038149 -0.087841
v 0.474293 -0.035883 -0.077442
v 0.475399 -0.034527 -0.077020
v 0.480037 -0.038876 -0.075201
v 0.478786 -0.040411 -0.075679
v 0.475090 -0.038099 -0.072409
v 0.476196 -0.036743 -0.071987
v 0.479065 -0.040110 -0.068687
v 0.486399 -0.042604 -0.087572
v 0.482862 -0.039505 -0.088263
v 0.487505 -0.041248 -0.087150
v 0.486533 -0.042482 -0.080637
v 0.485281 -0.044017 -0.081114
v 0.484899 -0.043136 -0.074252
v 0.483647 -0.044671 -0.074730
v 0.477959 -0.041466 -0.069109
v 0.482603 -0.043210 -0.067997
v 0.489268 -0.045971 -0.084273
v 0.490374 -0.044615 -0.083851
v 0.491172 -0.046831 -0.078818
v 0.490066 -0.048187 -0.079240
v 0.489983 -0.047307 -0.074173
v 0.485701 -0.047398 -0.070337
v 0.481497 -0.044566 -0.068419
v 0.486807 -0.046042 -0.069915
v 0.475606 -0.033965 -0.082143
v 0.479057 -0.035340 -0.086771
v 0.475606 -0.033965 -0.082143
v 0.479057 -0.035340 -0.086771
v 0.474314 -0.034482 -0.077094
v 0.474314 -0.034482 -0.077094
v 0.476588 -0.034051 -0.081665
v 0.475180 -0.036891 -0.071623
v 0.475180 -0.036891 -0.071623
v 0.478299 -0.040550 -0.068037
v 0.478299 -0.040550 -0.068037
v 0.486714 -0.046998 -0.069372
v 0.482144 -0.043919 -0.067287
v 0.486714 -0.046998 -0.069372
v 0.482144 -0.043919 -0.067287
v 0.490166 -0.048373 -0.073999
v 0.490166 -0.048373 -0.073999
v 0.488877 -0.048663 -0.074595
v 0.491458 -0.047856 -0.079049
v 0.491458 -0.047856 -0.079049
v 0.490591 -0.045447 -0.084519
v 0.490591 -0.045447 -0.084519
v 0.487472 -0.041787 -0.088105
v 0.487472 -0.041787 -0.088105
v 0.483628 -0.038418 -0.088856
v 0.483628 -0.038418 -0.088856
v -0.442151 0.003738 -0.073344
v -0.446020 0.001256 -0.076253
v -0.442716 0.006937 -0.077584
v -0.443353 0.004724 -0.072439
v -0.447381 0.002373 -0.075228
v -0.444960 0.000256 -0.069704
v -0.444861 0.007946 -0.081533
v -0.446063 0.008933 -0.080628
v -0.450328 0.003759 -0.080656
v -0.448967 0.002642 -0.081680
v -0.448583 0.006764 -0.085192
v -0.449786 0.007750 -0.084286
v -0.453801 0.004415 -0.085986
v -0.446568 -0.004632 -0.070091
v -0.443757 -0.000731 -0.070609
v -0.447771 -0.003646 -0.069186
v -0.451244 -0.002990 -0.074516
v -0.449883 -0.004107 -0.075541
v -0.454191 -0.001604 -0.079944
v -0.452830 -0.002720 -0.080968
v -0.452598 0.003428 -0.086891
v -0.456612 0.000513 -0.085468
v -0.450583 -0.007968 -0.071791
v -0.451786 -0.006981 -0.070886
v -0.455509 -0.008164 -0.074544
v -0.454306 -0.009150 -0.075449
v -0.457653 -0.007155 -0.078493
v -0.457016 -0.004942 -0.083638
v -0.455409 -0.000474 -0.086374
v -0.458219 -0.003955 -0.082733
v -0.442273 0.004745 -0.072319
v -0.442273 0.004745 -0.072319
v -0.443919 0.007924 -0.076679
v -0.445218 0.009320 -0.081220
v -0.442888 0.008223 -0.076927
v -0.445218 0.009320 -0.081220
v -0.442888 0.008223 -0.076927
v -0.449265 0.008034 -0.085196
v -0.449265 0.008034 -0.085196
v -0.453629 0.004409 -0.087044
v -0.453629 0.004409 -0.087044
v -0.456684 0.000168 -0.086481
v -0.456684 0.000168 -0.086481
v -0.456450 -0.008142 -0.079398
v -0.458431 -0.004689 -0.083507
v -0.458431 -0.004689 -0.083507
v -0.455485 -0.009263 -0.074606
v -0.457816 -0.008167 -0.078899
v -0.455485 -0.009263 -0.074606
v -0.457816 -0.008167 -0.078899
v -0.451439 -0.007978 -0.070630
v -0.451439 -0.007978 -0.070630
v -0.447074 -0.004353 -0.068782
v -0.447074 -0.004353 -0.068782
v -0.444019 -0.000111 -0.069345
v -0.444019 -0.000111 -0.069345
v -0.461173 -0.021578 -0.069163
v -0.465006 -0.024121 -0.072217
v -0.461526 -0.018580 -0.073730
v -0.462395 -0.020519 -0.068373
v -0.466388 -0.022922 -0.071322
v -0.464196 -0.024814 -0.065397
v -0.463519 -0.017723 -0.077959
v -0.464740 -0.016663 -0.077169
v -0.469127 -0.021744 -0.077135
v -0.467744 -0.022944 -0.078029
v -0.467151 -0.019007 -0.081851
v -0.468373 -0.017948 -0.081061
v -0.472412 -0.021280 -0.082835
v -0.465895 -0.029687 -0.065586
v -0.462974 -0.025873 -0.066187
v -0.467116 -0.028628 -0.064796
v -0.470401 -0.028164 -0.070496
v -0.469019 -0.029363 -0.071391
v -0.473140 -0.026986 -0.076309
v -0.471758 -0.028185 -0.077203
v -0.471190 -0.022340 -0.083625
v -0.475332 -0.025094 -0.082234
v -0.469934 -0.033020 -0.067361
v -0.471155 -0.031960 -0.066570
v -0.474788 -0.033245 -0.070462
v -0.473566 -0.034305 -0.071253
v -0.476781 -0.032388 -0.074692
v -0.475912 -0.030449 -0.080049
v -0.474111 -0.026154 -0.083024
v -0.477133 -0.029389 -0.079258
v -0.461313 -0.020516 -0.068185
v -0.461313 -0.020516 -0.068185
v -0.462748 -0.017520 -0.072940
v -0.463862 -0.016325 -0.077746
v -0.461696 -0.017256 -0.073149
v -0.463862 -0.016325 -0.077746
v -0.461696 -0.017256 -0.073149
v -0.467811 -0.017721 -0.081976
v -0.467811 -0.017721 -0.081976
v -0.472201 -0.021343 -0.083905
v -0.472201 -0.021343 -0.083905
v -0.475375 -0.025489 -0.083252
v -0.475375 -0.025489 -0.083252
v -0.475559 -0.033448 -0.075482
v -0.477333 -0.030158 -0.080017
v -0.477333 -0.030158 -0.080017
v -0.474784 -0.034348 -0.070456
v -0.476950 -0.033417 -0.075053
v -0.474784 -0.034348 -0.070456
v -0.476950 -0.033417 -0.075053
v -0.470835 -0.032952 -0.066226
v -0.470835 -0.032952 -0.066226
v -0.466445 -0.029330 -0.064297
v -0.466445 -0.029330 -0.064297
v -0.463271 -0.025184 -0.064950
v -0.463271 -0.025184 -0.064950
v -0.480487 -0.047357 -0.065056
v -0.484741 -0.049528 -0.067893
v -0.480400 -0.045013 -0.069943
v -0.481496 -0.046007 -0.064426
v -0.485883 -0.047999 -0.067180
v -0.483949 -0.049426 -0.061024
v -0.482286 -0.044393 -0.074291
v -0.483295 -0.043042 -0.073661
v -0.488475 -0.047147 -0.073156
v -0.487333 -0.048676 -0.073869
v -0.486144 -0.045498 -0.078101
v -0.487153 -0.044147 -0.077470
v -0.491724 -0.046870 -0.078953
v -0.486452 -0.053848 -0.060695
v -0.482940 -0.050777 -0.061655
v -0.487461 -0.052498 -0.060065
v -0.490710 -0.052220 -0.065861
v -0.489568 -0.053749 -0.066575
v -0.493302 -0.051368 -0.071838
v -0.492160 -0.052897 -0.072551
v -0.490715 -0.048221 -0.079583
v -0.495236 -0.049941 -0.077993
v -0.491023 -0.056572 -0.062178
v -0.492032 -0.055221 -0.061547
v -0.495890 -0.056326 -0.065357
v -0.494881 -0.057676 -0.065987
v -0.497776 -0.055706 -0.069705
v -0.496680 -0.054712 -0.075222
v -0.494227 -0.051292 -0.078624
v -0.497689 -0.053361 -0.074592
v -0.480334 -0.043626 -0.069523
v -0.480427 -0.046175 -0.064211
v -0.480334 -0.043626 -0.069523
v -0.480427 -0.046175 -0.064211
v -0.482383 -0.042952 -0.074250
v -0.482383 -0.042952 -0.074250
v -0.481410 -0.043662 -0.069313
v -0.486577 -0.044153 -0.078390
v -0.486577 -0.044153 -0.078390
v -0.491545 -0.047113 -0.080002
v -0.491545 -0.047113 -0.080002
v -0.495363 -0.050452 -0.078959
v -0.495363 -0.050452 -0.078959
v -0.498123 -0.056717 -0.069950
v -0.498029 -0.054168 -0.075262
v -0.498123 -0.056717 -0.069950
v -0.498029 -0.054168 -0.075262
v -0.496766 -0.057056 -0.070335
v -0.496073 -0.057391 -0.065223
v -0.496073 -0.057391 -0.065223
v -0.491879 -0.056190 -0.061083
v -0.491879 -0.056190 -0.061083
v -0.486911 -0.053230 -0.059471
v -0.486911 -0.053230 -0.059471
v -0.483094 -0.049892 -0.060514
v -0.483094 -0.049892 -0.060514
v -0.150713 0.535590 -0.058505
v -0.147407 0.536704 -0.060922
v -0.151857 0.534711 -0.062479
v -0.146740 0.534793 -0.060690
v -0.150124 0.533902 -0.058301
v -0.151268 0.533022 -0.062275
v -0.147744 0.536951 -0.055820
v -0.142737 0.538444 -0.060012
v -0.143757 0.536528 -0.054954
v -0.147155 0.535262 -0.055616
v -0.140518 0.539388 -0.056518
v -0.144346 0.538217 -0.055158
v -0.142070 0.536533 -0.059780
v -0.139929 0.537699 -0.056314
v -0.151092 0.534542 -0.066081
v -0.145689 0.534562 -0.065641
v -0.150503 0.532853 -0.065877
v -0.146356 0.536472 -0.065872
v -0.137081 0.539761 -0.063351
v -0.141686 0.538212 -0.064962
v -0.141019 0.536301 -0.064731
v -0.137256 0.538242 -0.059545
v -0.148419 0.535084 -0.069312
v -0.147830 0.533395 -0.069107
v -0.144591 0.536255 -0.070672
v -0.144002 0.534567 -0.070468
v -0.138224 0.538882 -0.067325
v -0.141193 0.537521 -0.070010
v -0.137635 0.537193 -0.067121
v -0.140604 0.535833 -0.069806
v -0.147653 0.535847 -0.055073
v -0.147653 0.535847 -0.055073
v -0.150880 0.534368 -0.057991
v -0.143959 0.537223 -0.054353
v -0.143959 0.537223 -0.054353
v -0.139798 0.538496 -0.055832
v -0.136893 0.539086 -0.059343
v -0.137845 0.539930 -0.059749
v -0.136893 0.539086 -0.059343
v -0.136062 0.538902 -0.063259
v -0.136062 0.538902 -0.063259
v -0.137305 0.537946 -0.067578
v -0.137305 0.537946 -0.067578
v -0.140532 0.536467 -0.070497
v -0.140532 0.536467 -0.070497
v -0.144226 0.535091 -0.071216
v -0.144226 0.535091 -0.071216
v -0.148386 0.533818 -0.069737
v -0.148386 0.533818 -0.069737
v -0.151292 0.533229 -0.066226
v -0.152123 0.533412 -0.062311
v -0.152123 0.533412 -0.062311
v -0.150880 0.534368 -0.057991
v 0.135656 0.542072 -0.057927
v 0.138117 0.541245 -0.061285
v 0.133221 0.542739 -0.061319
v 0.137433 0.539330 -0.061170
v 0.135052 0.540380 -0.057826
v 0.132617 0.541046 -0.061217
v 0.139376 0.540840 -0.056340
v 0.142839 0.539521 -0.061921
v 0.142207 0.537893 -0.056701
v 0.138771 0.539147 -0.056238
v 0.145963 0.538310 -0.059316
v 0.142811 0.539586 -0.056802
v 0.142155 0.537606 -0.061806
v 0.145358 0.536618 -0.059214
v 0.132715 0.542700 -0.064970
v 0.136738 0.539277 -0.066188
v 0.132111 0.541008 -0.064869
v 0.142143 0.539469 -0.066939
v 0.137422 0.541193 -0.066303
v 0.146880 0.537530 -0.066878
v 0.146276 0.535837 -0.066777
v 0.141460 0.537554 -0.066824
v 0.134139 0.541958 -0.068881
v 0.133534 0.540266 -0.068780
v 0.137290 0.540682 -0.071394
v 0.136686 0.538990 -0.071293
v 0.144445 0.538196 -0.070270
v 0.140726 0.539428 -0.071857
v 0.143841 0.536503 -0.070168
v 0.140122 0.537736 -0.071756
v 0.138931 0.539820 -0.055600
v 0.134888 0.541160 -0.057326
v 0.138931 0.539820 -0.055600
v 0.142665 0.538457 -0.056103
v 0.142665 0.538457 -0.056103
v 0.146091 0.537070 -0.058835
v 0.147638 0.536263 -0.063086
v 0.147386 0.537568 -0.063227
v 0.146782 0.535875 -0.063125
v 0.147638 0.536263 -0.063086
v 0.147088 0.536222 -0.067055
v 0.147088 0.536222 -0.067055
v 0.144441 0.536946 -0.070741
v 0.144441 0.536946 -0.070741
v 0.140398 0.538286 -0.072467
v 0.140398 0.538286 -0.072467
v 0.136664 0.539649 -0.071964
v 0.133239 0.541035 -0.069232
v 0.133239 0.541035 -0.069232
v 0.131691 0.541842 -0.064981
v 0.131691 0.541842 -0.064981
v 0.132241 0.541884 -0.061012
v 0.132241 0.541884 -0.061012
v 0.161537 0.358212 0.070465
v 0.154359 0.365381 0.077282
v 0.163074 0.363280 0.070243
v 0.155809 0.365396 0.078660
v 0.163201 0.358067 0.071565
v 0.164705 0.363102 0.071387
v 0.154766 0.360445 0.079542
v 0.155809 0.365396 0.078660
v 0.163201 0.358067 0.071565
v 0.159590 0.353217 0.070404
v 0.153283 0.360406 0.078198
v 0.154766 0.360445 0.079542
v 0.155976 0.355118 0.082332
v 0.157677 0.357166 0.076412
v 0.154475 0.355118 0.081020
v 0.161285 0.353101 0.071466
v 0.160529 0.347892 0.072920
v 0.162233 0.347740 0.073947
v 0.161285 0.353101 0.071466
v 0.155392 0.349811 0.083553
v 0.154475 0.355118 0.081020
v 0.162233 0.347740 0.073947
v 0.159784 0.342770 0.073851
v 0.155392 0.349811 0.083553
v 0.156910 0.349772 0.084828
v 0.161460 0.342684 0.074929
v 0.155174 0.344618 0.084970
v 0.156910 0.349772 0.084828
v 0.159784 0.342770 0.073851
v 0.158886 0.337628 0.074413
v 0.156675 0.344606 0.086253
v 0.160542 0.337601 0.075525
v 0.155055 0.339357 0.085777
v 0.156675 0.344606 0.086253
v 0.160542 0.337601 0.075525
v 0.154785 0.334073 0.086300
v 0.156346 0.334073 0.087505
v 0.156582 0.339356 0.087024
v 0.156582 0.339356 0.087024
v 0.158564 0.332353 0.074986
v 0.160249 0.332328 0.076051
v 0.158564 0.332353 0.074986
v 0.152430 0.328837 0.085038
v 0.154017 0.328846 0.086237
v 0.154017 0.328846 0.086237
v 0.156346 0.334073 0.087505
v 0.159214 0.327063 0.076048
v 0.157501 0.327087 0.075019
v -0.004440 0.101818 0.146634
v -0.033834 0.071866 0.144861
v -0.000780 0.077010 0.148681
v -0.070488 0.093113 0.136871
v -0.098000 0.061037 0.128870
v -0.066618 0.066611 0.139426
v -0.101969 0.088387 0.126091
v -0.125571 0.055192 0.110683
v -0.129561 0.083393 0.107606
v -0.148130 0.049377 0.086461
v -0.151985 0.078438 0.083036
v -0.166543 0.043705 0.058907
v -0.169863 0.073649 0.054937
v -0.180199 0.038196 0.028701
v -0.182504 0.069035 0.024122
v -0.185160 0.032937 -0.003983
v -0.008295 0.127921 0.144503
v -0.037597 0.097522 0.142557
v -0.186733 0.064660 -0.008881
v -0.012162 0.154030 0.142451
v -0.041540 0.124508 0.140021
v -0.016047 0.180147 0.140515
v -0.045483 0.151500 0.137514
v -0.019950 0.206270 0.138683
v -0.049431 0.178501 0.135060
v -0.023871 0.232400 0.136957
v -0.053370 0.205506 0.132609
v -0.027830 0.258535 0.135403
v -0.057300 0.232517 0.130162
v -0.031851 0.284677 0.134083
v -0.061210 0.259532 0.127696
v -0.035977 0.310815 0.133085
v -0.065112 0.286553 0.125278
v -0.085419 0.520326 0.031143
v -0.087467 0.528344 0.019733
v -0.105565 0.521897 0.013512
v -0.104551 0.536027 -0.004944
v -0.120713 0.531863 -0.009047
v -0.111860 0.544545 -0.034580
v -0.126418 0.540637 -0.037267
v -0.107844 0.545007 -0.065719
v -0.121639 0.539327 -0.067132
v -0.064581 0.528463 0.038427
v -0.070499 0.535888 0.027414
v -0.088905 0.541097 -0.000531
v -0.097691 0.549024 -0.031641
v -0.094716 0.551995 -0.064299
v -0.044234 0.507480 0.064670
v -0.047447 0.539756 0.050762
v -0.065029 0.498928 0.055471
v -0.044197 0.475466 0.080402
v -0.067134 0.469662 0.073226
v -0.044946 0.443785 0.096274
v -0.068678 0.439274 0.089155
v -0.046201 0.412946 0.113586
v -0.071623 0.377763 0.117302
v -0.045889 0.380522 0.127481
v -0.070631 0.345411 0.121696
v -0.041672 0.345796 0.132211
v -0.069034 0.313586 0.123020
v 0.197339 0.071188 -0.008716
v 0.197999 0.039475 -0.003548
v 0.190194 0.032484 -0.035290
v 0.190199 0.034110 -0.035566
v 0.190305 0.065375 -0.040871
v 0.174218 0.029186 -0.064741
v 0.175032 0.059949 -0.070351
v 0.174175 0.027586 -0.064449
v 0.155308 0.024637 -0.092269
v 0.156259 0.054965 -0.097834
v 0.155258 0.023059 -0.091979
v 0.132401 0.020841 -0.116573
v 0.132563 0.050890 -0.121275
v 0.132393 0.019278 -0.116329
v 0.102989 0.018503 -0.132703
v 0.103107 0.048186 -0.137125
v 0.102982 0.016959 -0.132473
v 0.070921 0.017105 -0.142743
v 0.070740 0.046506 -0.146050
v 0.070931 0.015575 -0.142571
v 0.037590 0.016351 -0.146769
v 0.037243 0.045450 -0.148686
v 0.037608 0.014837 -0.146669
v 0.003978 0.015966 -0.145387
v -0.029595 0.015715 -0.142505
v 0.003671 0.044683 -0.146429
v -0.063205 0.015556 -0.139770
v -0.029888 0.044841 -0.143773
v -0.096480 0.015800 -0.134424
v -0.063539 0.044987 -0.142733
v -0.127260 0.017203 -0.120873
v -0.096824 0.045566 -0.138155
v -0.150948 0.020037 -0.097225
v -0.127316 0.047400 -0.124430
v -0.166938 0.023863 -0.067764
v -0.151233 0.050622 -0.101139
v -0.178931 0.028159 -0.036611
v -0.168338 0.054754 -0.072491
v -0.185160 0.032937 -0.003983
v -0.180545 0.059453 -0.041488
v -0.186733 0.064660 -0.008881
v 0.011210 0.552732 -0.100714
v -0.001694 0.546351 -0.104885
v -0.001740 0.552690 -0.100968
v 0.024183 0.552658 -0.099925
v 0.012957 0.547052 -0.104240
v 0.037235 0.552258 -0.098445
v 0.027638 0.547560 -0.102973
v 0.050373 0.551859 -0.096082
v 0.042384 0.547739 -0.100896
v 0.063283 0.551544 -0.091820
v 0.057148 0.547673 -0.097824
v 0.075102 0.551524 -0.084863
v 0.071356 0.546798 -0.092615
v 0.084825 0.552685 -0.075554
v 0.084795 0.546723 -0.085833
v 0.091462 0.553917 -0.064458
v 0.096296 0.547499 -0.077050
v -0.107844 0.545007 -0.065719
v -0.111265 0.540580 -0.078305
v -0.121639 0.539327 -0.067132
v -0.094716 0.551995 -0.064299
v -0.099384 0.545099 -0.076726
v -0.097855 0.540460 -0.087206
v -0.088096 0.550831 -0.075410
v -0.087974 0.544821 -0.085717
v -0.082573 0.540562 -0.093831
v -0.078375 0.549867 -0.084811
v -0.074578 0.545225 -0.092593
v -0.066913 0.541844 -0.099597
v -0.066502 0.549979 -0.091771
v -0.060398 0.546426 -0.097896
v -0.050747 0.542208 -0.103541
v -0.053670 0.550766 -0.096151
v -0.045723 0.546827 -0.101024
v -0.034372 0.541672 -0.105954
v -0.040606 0.551375 -0.098458
v -0.031014 0.546863 -0.102991
v -0.018010 0.540850 -0.107525
v -0.027618 0.552007 -0.099925
v -0.016350 0.546712 -0.104273
v -0.001658 0.539852 -0.108444
v -0.014669 0.552417 -0.100711
v 0.060499 0.552954 0.018594
v 0.044026 0.560343 0.031196
v 0.042324 0.555772 0.039081
v 0.074965 0.555619 -0.005211
v 0.056377 0.562966 0.010947
v 0.082567 0.560982 -0.032258
v 0.066824 0.565719 -0.009690
v 0.080153 0.562704 -0.060929
v 0.071728 0.570075 -0.033079
v 0.066515 0.539027 0.027500
v 0.084704 0.543354 -0.000635
v 0.094006 0.551208 -0.031688
v 0.091462 0.553917 -0.064458
v 0.080153 0.562704 -0.060929
v 0.065012 0.571974 -0.063745
v 0.068904 0.572096 -0.056379
v 0.067646 0.561078 -0.078082
v 0.075135 0.561814 -0.070217
v 0.058104 0.560893 -0.084269
v 0.059577 0.571929 -0.070019
v 0.047174 0.561152 -0.088683
v 0.052331 0.572093 -0.075141
v 0.035380 0.561590 -0.091545
v 0.043502 0.572688 -0.079378
v 0.023124 0.561961 -0.093374
v 0.033276 0.573510 -0.082623
v 0.010733 0.562079 -0.094425
v 0.022073 0.574434 -0.084817
v -0.001815 0.574738 -0.086464
v 0.010253 0.574720 -0.086109
v 0.084825 0.552685 -0.075554
v 0.075102 0.551524 -0.084863
v 0.063283 0.551544 -0.091820
v 0.050373 0.551859 -0.096082
v 0.037235 0.552258 -0.098445
v 0.024183 0.552658 -0.099925
v 0.011210 0.552732 -0.100714
v -0.001759 0.561861 -0.094826
v 0.031324 0.073635 0.144429
v 0.002336 0.103425 0.150474
v -0.000998 0.078566 0.152472
v 0.093438 0.063585 0.121066
v 0.066847 0.095241 0.133004
v 0.063175 0.068648 0.134797
v 0.121073 0.058577 0.102588
v 0.097344 0.091037 0.119425
v 0.145488 0.053742 0.079936
v 0.125033 0.086891 0.100781
v 0.167369 0.049057 0.054768
v 0.149090 0.082941 0.077583
v 0.186457 0.044415 0.027466
v 0.169906 0.079147 0.051391
v 0.197999 0.039475 -0.003548
v 0.187615 0.075342 0.023029
v 0.034814 0.099362 0.142522
v 0.005815 0.129572 0.148270
v 0.197339 0.071188 -0.008716
v 0.038442 0.126426 0.140363
v 0.009280 0.155720 0.146016
v 0.042061 0.153494 0.138172
v 0.012739 0.181870 0.143763
v 0.045665 0.180566 0.135948
v 0.016196 0.208023 0.141535
v 0.049250 0.207641 0.133679
v 0.019655 0.234181 0.139364
v 0.052811 0.234722 0.131363
v 0.023123 0.260346 0.137293
v 0.056343 0.261807 0.128993
v 0.026617 0.286518 0.135394
v 0.059849 0.288899 0.126607
v 0.030151 0.312694 0.133722
v 0.081192 0.523388 0.031656
v 0.083040 0.530742 0.019738
v 0.060828 0.531595 0.038605
v 0.100749 0.523533 0.013297
v 0.100216 0.537948 -0.004978
v 0.116396 0.533656 -0.008835
v 0.108043 0.546410 -0.034499
v 0.122313 0.541583 -0.037167
v 0.104409 0.546671 -0.065916
v 0.066515 0.539027 0.027500
v 0.044353 0.543290 0.051435
v 0.084704 0.543354 -0.000635
v 0.094006 0.551208 -0.031688
v 0.091462 0.553917 -0.064458
v 0.040502 0.511286 0.065394
v 0.038609 0.478721 0.079997
v 0.059694 0.501501 0.054604
v 0.038534 0.446642 0.095313
v 0.061313 0.472382 0.072681
v 0.038612 0.414826 0.110864
v 0.062321 0.441935 0.088547
v 0.064332 0.379977 0.116086
v 0.063362 0.411226 0.103655
v 0.037955 0.382266 0.124599
v 0.064137 0.347820 0.121929
v 0.034768 0.347726 0.131251
v 0.063322 0.316000 0.124198
v -0.047088 0.556517 0.030454
v -0.064821 0.548002 0.019572
v -0.045354 0.551956 0.038290
v -0.059796 0.559678 0.010690
v -0.079706 0.552101 -0.004523
v -0.070575 0.563150 -0.009403
v -0.087448 0.557868 -0.031865
v -0.072204 0.569934 -0.055924
v -0.084980 0.559296 -0.061233
v -0.070499 0.535888 0.027414
v -0.047447 0.539756 0.050762
v -0.088905 0.541097 -0.000531
v -0.097691 0.549024 -0.031641
v -0.084980 0.559296 -0.061233
v -0.068320 0.569929 -0.063224
v -0.079524 0.558636 -0.070654
v -0.071797 0.558257 -0.078670
v -0.062860 0.570017 -0.069487
v -0.061974 0.558466 -0.084789
v -0.055823 0.570518 -0.074709
v -0.050817 0.559223 -0.089087
v -0.047015 0.571349 -0.079027
v -0.038914 0.560086 -0.091804
v -0.036813 0.572413 -0.082212
v -0.026668 0.560935 -0.093535
v -0.025597 0.573685 -0.084517
v -0.014250 0.561540 -0.094497
v -0.013876 0.574332 -0.085967
v -0.001759 0.561861 -0.094826
v -0.088096 0.550831 -0.075410
v -0.094716 0.551995 -0.064299
v -0.078375 0.549867 -0.084811
v -0.066502 0.549979 -0.091771
v -0.053670 0.550766 -0.096151
v -0.040606 0.551375 -0.098458
v -0.027618 0.552007 -0.099925
v -0.014669 0.552417 -0.100711
v -0.001740 0.552690 -0.100968
v -0.033075 0.071535 0.139931
v -0.003784 0.101484 0.141688
v -0.000143 0.076677 0.143734
v -0.095775 0.060900 0.124395
v -0.069211 0.092822 0.132046
v -0.065354 0.066331 0.134597
v -0.122330 0.055229 0.106876
v -0.099731 0.088240 0.121622
v -0.144199 0.049516 0.083374
v -0.126303 0.083422 0.103813
v -0.162150 0.043857 0.056524
v -0.148026 0.078571 0.079986
v -0.175393 0.038367 0.027330
v -0.165434 0.073793 0.052622
v -0.180169 0.033231 -0.003904
v -0.177680 0.069197 0.022820
v -0.036821 0.097186 0.137629
v -0.007595 0.127594 0.139563
v -0.073339 0.120680 0.129192
v -0.103798 0.117011 0.118558
v -0.130388 0.113092 0.100518
v -0.151920 0.109145 0.076343
v -0.168586 0.105299 0.048374
v -0.181742 0.064946 -0.008777
v -0.179781 0.101651 0.018002
v -0.040725 0.124173 0.135099
v -0.011407 0.153725 0.137518
v -0.044624 0.151181 0.132598
v -0.015228 0.179866 0.135590
v -0.048516 0.178196 0.130153
v -0.019051 0.206011 0.133771
v -0.052387 0.205214 0.127716
v -0.022875 0.232169 0.132063
v -0.056235 0.232242 0.125284
v -0.026712 0.258344 0.130533
v -0.060044 0.259280 0.122841
v -0.030584 0.284546 0.129248
v -0.063819 0.286338 0.120453
v -0.034524 0.310771 0.128301
v -0.083326 0.517169 0.027879
v -0.085141 0.524854 0.017010
v -0.061837 0.526150 0.034946
v -0.103537 0.518244 0.010765
v -0.102647 0.531950 -0.007124
v -0.119019 0.527624 -0.011085
v -0.110127 0.539921 -0.035365
v -0.120028 0.534633 -0.066521
v -0.124835 0.535933 -0.037867
v -0.067497 0.533050 0.024597
v -0.044387 0.537398 0.047588
v -0.086307 0.537429 -0.002721
v -0.095161 0.544817 -0.032589
v -0.092295 0.547714 -0.063397
v -0.041615 0.505537 0.060879
v -0.042211 0.473264 0.076377
v -0.062938 0.496623 0.051558
v -0.043204 0.441538 0.092161
v -0.065456 0.467353 0.069120
v -0.044413 0.410896 0.109391
v -0.067069 0.437021 0.084991
v -0.069839 0.376599 0.112778
v -0.068781 0.407043 0.100851
v -0.044062 0.379399 0.122965
v -0.068971 0.345068 0.116992
v -0.039999 0.345581 0.127504
v -0.067571 0.313432 0.118242
v 0.185432 0.098565 -0.044740
v 0.192343 0.071149 -0.008924
v 0.191782 0.104526 -0.014297
v 0.193005 0.039441 -0.003793
v 0.185504 0.032790 -0.033584
v 0.193039 0.037792 -0.003526
v 0.171340 0.092852 -0.073681
v 0.185596 0.065661 -0.039214
v 0.185508 0.034416 -0.033862
v 0.169885 0.028130 -0.061940
v 0.153371 0.087516 -0.100611
v 0.170720 0.060472 -0.067875
v 0.151421 0.025272 -0.089188
v 0.169926 0.029729 -0.062234
v 0.130101 0.083142 -0.122637
v 0.152386 0.055607 -0.094737
v 0.129362 0.021509 -0.112660
v 0.151371 0.023694 -0.088899
v 0.101336 0.080099 -0.136904
v 0.129567 0.051576 -0.117332
v 0.101060 0.019153 -0.128136
v 0.129351 0.019945 -0.112417
v 0.069672 0.077969 -0.144139
v 0.101240 0.048828 -0.132531
v 0.069951 0.017634 -0.137866
v 0.101050 0.017609 -0.127908
v 0.036924 0.076375 -0.145142
v 0.069866 0.047004 -0.141152
v 0.037470 0.016698 -0.141783
v 0.069955 0.016106 -0.137696
v 0.003765 0.075076 -0.142025
v 0.037207 0.045757 -0.143695
v 0.004316 0.016195 -0.140404
v 0.037484 0.015186 -0.141683
v 0.004029 0.044875 -0.141445
v -0.029250 0.015996 -0.137525
v -0.029616 0.045094 -0.138787
v -0.062695 0.016019 -0.134817
v -0.063127 0.045436 -0.137770
v -0.095076 0.016370 -0.129659
v -0.095450 0.046150 -0.133383
v -0.124429 0.017721 -0.116784
v -0.124490 0.047956 -0.120342
v -0.146971 0.020498 -0.094230
v -0.147285 0.051113 -0.098111
v -0.162419 0.024341 -0.065679
v -0.163839 0.055235 -0.070363
v -0.174127 0.028600 -0.035296
v -0.175743 0.059884 -0.040164
v -0.180169 0.033231 -0.003904
v -0.029998 0.075732 -0.139823
v -0.063529 0.076430 -0.140580
v -0.095897 0.077486 -0.137502
v -0.124936 0.079697 -0.124617
v -0.147949 0.083267 -0.102534
v -0.165123 0.087774 -0.075211
v -0.177306 0.092831 -0.045235
v -0.181742 0.064946 -0.008777
v -0.001667 0.543818 -0.100574
v 0.011033 0.549990 -0.096536
v -0.001705 0.549970 -0.096773
v 0.012791 0.544479 -0.099956
v 0.023765 0.549832 -0.095822
v 0.027234 0.544866 -0.098781
v 0.036545 0.549288 -0.094482
v 0.041701 0.544862 -0.096864
v 0.049335 0.548690 -0.092357
v 0.056012 0.544528 -0.094106
v 0.061760 0.548130 -0.088500
v 0.069827 0.543294 -0.089392
v 0.073274 0.547820 -0.082045
v 0.083274 0.542834 -0.083084
v 0.082752 0.548661 -0.073431
v 0.094689 0.543118 -0.075254
v 0.089007 0.549646 -0.063602
v -0.109639 0.536068 -0.076892
v -0.106048 0.540397 -0.064994
v -0.120028 0.534633 -0.066521
v -0.097638 0.540785 -0.074901
v -0.092295 0.547714 -0.063397
v -0.096396 0.536272 -0.084897
v -0.086354 0.540891 -0.083085
v -0.085977 0.546827 -0.073294
v -0.081105 0.536863 -0.090804
v -0.072998 0.541686 -0.089435
v -0.076488 0.546162 -0.082034
v -0.065525 0.538510 -0.096139
v -0.059179 0.543227 -0.094252
v -0.064908 0.546525 -0.088527
v -0.049905 0.539278 -0.099578
v -0.045000 0.543914 -0.097026
v -0.052563 0.547544 -0.092492
v -0.033916 0.538983 -0.101763
v -0.030572 0.544142 -0.098820
v -0.039873 0.548358 -0.094539
v -0.017788 0.538354 -0.103198
v -0.016128 0.544128 -0.099999
v -0.027138 0.549150 -0.095850
v -0.001633 0.537425 -0.104072
v -0.014421 0.549659 -0.096548
v 0.040848 0.557294 0.028829
v 0.057334 0.549880 0.016242
v 0.039121 0.552794 0.036657
v 0.053215 0.559803 0.008712
v 0.071796 0.552280 -0.007163
v 0.063643 0.562295 -0.011468
v 0.079340 0.557249 -0.033069
v 0.065910 0.568183 -0.055528
v 0.077214 0.558765 -0.060008
v 0.063367 0.536275 0.024758
v 0.041083 0.541109 0.048344
v 0.082005 0.539742 -0.002795
v 0.091418 0.547040 -0.032650
v 0.065910 0.568183 -0.055528
v 0.072691 0.558016 -0.068073
v 0.077214 0.558765 -0.060008
v 0.062476 0.568175 -0.061712
v 0.065556 0.557461 -0.075335
v 0.057400 0.568306 -0.067348
v 0.056421 0.557438 -0.081070
v 0.050545 0.568642 -0.071996
v 0.045917 0.557886 -0.085111
v 0.042102 0.569423 -0.075859
v 0.034493 0.558532 -0.087690
v 0.032259 0.570459 -0.078795
v 0.022571 0.559070 -0.089332
v 0.021433 0.571563 -0.080774
v 0.010496 0.559286 -0.090285
v -0.001758 0.571994 -0.082284
v -0.001709 0.559092 -0.090663
v 0.082752 0.548661 -0.073431
v 0.089007 0.549646 -0.063602
v 0.073274 0.547820 -0.082045
v 0.061760 0.548130 -0.088500
v 0.049335 0.548690 -0.092357
v 0.036545 0.549288 -0.094482
v 0.023765 0.549832 -0.095822
v 0.011033 0.549990 -0.096536
v -0.001705 0.549970 -0.096773
v 0.001120 0.103202 0.145629
v 0.029985 0.073460 0.139615
v -0.002222 0.078357 0.147629
v 0.065104 0.095153 0.128318
v 0.091019 0.063650 0.116690
v 0.061419 0.068576 0.130116
v 0.094930 0.091090 0.115047
v 0.117969 0.058736 0.098672
v 0.121902 0.087041 0.096885
v 0.141854 0.053877 0.076504
v 0.145393 0.083060 0.074219
v 0.163355 0.049050 0.051788
v 0.165818 0.079115 0.048512
v 0.181960 0.044260 0.025286
v 0.183066 0.075174 0.020961
v 0.193005 0.039441 -0.003793
v 0.004617 0.129331 0.143422
v 0.033484 0.099173 0.137705
v 0.069027 0.123092 0.126235
v 0.098946 0.119970 0.113181
v 0.125986 0.116830 0.094968
v 0.148810 0.113771 0.071546
v 0.167891 0.110735 0.044711
v 0.183685 0.107690 0.016169
v 0.192343 0.071149 -0.008924
v 0.008100 0.155470 0.141164
v 0.037136 0.126217 0.135541
v 0.011573 0.181615 0.138907
v 0.040779 0.153276 0.133344
v 0.015035 0.207767 0.136678
v 0.044406 0.180339 0.131115
v 0.018483 0.233929 0.134510
v 0.048007 0.207405 0.128841
v 0.021918 0.260106 0.132446
v 0.051573 0.234479 0.126525
v 0.025351 0.286304 0.130562
v 0.055091 0.261559 0.124159
v 0.028789 0.312486 0.128916
v 0.058553 0.288653 0.121784
v 0.079078 0.520173 0.028463
v 0.080604 0.527237 0.017133
v 0.098624 0.519933 0.010555
v 0.098201 0.533936 -0.007180
v 0.114575 0.529470 -0.010875
v 0.106220 0.541826 -0.035311
v 0.120659 0.536911 -0.037828
v 0.102664 0.542009 -0.065446
v 0.116965 0.537112 -0.067088
v 0.057958 0.529389 0.035155
v 0.063367 0.536275 0.024758
v 0.082005 0.539742 -0.002795
v 0.091418 0.547040 -0.032650
v 0.089007 0.549646 -0.063602
v 0.037622 0.509560 0.061689
v 0.041083 0.541109 0.048344
v 0.057525 0.499321 0.050661
v 0.036477 0.476646 0.075978
v 0.059641 0.470126 0.068544
v 0.036855 0.444532 0.091102
v 0.060840 0.439769 0.084291
v 0.037040 0.412865 0.106542
v 0.062870 0.378658 0.111490
v 0.036401 0.380973 0.120025
v 0.062702 0.347267 0.117171
v 0.033289 0.347240 0.126499
v 0.061954 0.315738 0.119396
v -0.061813 0.544845 0.017125
v -0.044072 0.553376 0.027997
v -0.042317 0.548863 0.035797
v -0.076621 0.548726 -0.006546
v -0.056788 0.556456 0.008331
v -0.084237 0.554122 -0.032674
v -0.067476 0.559701 -0.011274
v -0.069222 0.566016 -0.055057
v -0.072199 0.564182 -0.033338
v -0.067497 0.533050 0.024597
v -0.086307 0.537429 -0.002721
v -0.095161 0.544817 -0.032589
v -0.082069 0.555337 -0.060310
v -0.077087 0.554797 -0.068574
v -0.069222 0.566016 -0.055057
v -0.082069 0.555337 -0.060310
v -0.069675 0.554597 -0.076006
v -0.065778 0.566104 -0.061246
v -0.060223 0.554972 -0.081670
v -0.060637 0.566348 -0.066919
v -0.049496 0.555904 -0.085588
v -0.053962 0.567022 -0.071657
v -0.037966 0.556973 -0.088009
v -0.045558 0.568039 -0.075574
v -0.026026 0.558002 -0.089537
v -0.035724 0.569306 -0.078449
v -0.013917 0.558724 -0.090379
v -0.024854 0.570766 -0.080527
v -0.001709 0.559092 -0.090663
v -0.013489 0.571539 -0.081838
v -0.085977 0.546827 -0.073294
v -0.076488 0.546162 -0.082034
v -0.064908 0.546525 -0.088527
v -0.052563 0.547544 -0.092492
v -0.039873 0.548358 -0.094539
v -0.027138 0.549150 -0.095850
v -0.014421 0.549659 -0.096548
v -0.001705 0.549970 -0.096773
v -0.000590 0.075719 0.148788
v -0.000780 0.077010 0.148681
v -0.032880 0.070200 0.140050
v 0.000047 0.075386 0.143840
v -0.066416 0.065232 0.139559
v -0.095569 0.059478 0.124539
v -0.065153 0.064952 0.134729
v -0.125363 0.053725 0.110843
v -0.097793 0.059614 0.129015
v -0.147930 0.047865 0.086639
v -0.122124 0.053762 0.107035
v -0.161980 0.042300 0.056727
v -0.144000 0.048004 0.083550
v -0.166371 0.042147 0.059113
v -0.175274 0.036763 0.027565
v -0.180079 0.036592 0.028939
v -0.180087 0.031581 -0.003651
v -0.007595 0.127594 0.139563
v -0.011407 0.153725 0.137518
v -0.015228 0.179866 0.135590
v -0.019051 0.206011 0.133771
v -0.022875 0.232169 0.132063
v -0.026712 0.258344 0.130533
v -0.030584 0.284546 0.129248
v -0.034524 0.310771 0.128301
v -0.044387 0.537398 0.047588
v -0.041615 0.505537 0.060879
v -0.042211 0.473264 0.076377
v -0.044413 0.410896 0.109391
v -0.043204 0.441538 0.092161
v -0.044062 0.379399 0.122965
v -0.039999 0.345581 0.127504
v 0.193039 0.037792 -0.003526
v 0.185504 0.032790 -0.033584
v 0.169885 0.028130 -0.061940
v 0.151371 0.023694 -0.088899
v 0.129351 0.019945 -0.112417
v 0.101050 0.017609 -0.127908
v 0.069955 0.016106 -0.137696
v 0.037484 0.015186 -0.141683
v 0.003994 0.014472 -0.145333
v 0.004331 0.014703 -0.140350
v -0.029580 0.014199 -0.142439
v -0.029231 0.014482 -0.137459
v -0.062673 0.014489 -0.134664
v -0.063188 0.014025 -0.139616
v -0.095056 0.014821 -0.129465
v -0.096462 0.014252 -0.134230
v -0.124426 0.016148 -0.116599
v -0.127258 0.015632 -0.120688
v -0.150933 0.018446 -0.097022
v -0.146954 0.018906 -0.094028
v -0.166865 0.022256 -0.067518
v -0.162345 0.022733 -0.065435
v -0.174043 0.026973 -0.035043
v -0.178847 0.026531 -0.036357
v -0.180087 0.031581 -0.003651
v -0.185078 0.031287 -0.003728
v 0.053215 0.559803 0.008712
v 0.040848 0.557294 0.028829
v 0.039121 0.552794 0.036657
v 0.063643 0.562295 -0.011468
v 0.068493 0.566323 -0.033751
v 0.065910 0.568183 -0.055528
v 0.041083 0.541109 0.048344
v 0.044353 0.543290 0.051435
v 0.065910 0.568183 -0.055528
v 0.057400 0.568306 -0.067348
v 0.062476 0.568175 -0.061712
v 0.050545 0.568642 -0.071996
v 0.042102 0.569423 -0.075859
v 0.032259 0.570459 -0.078795
v 0.021433 0.571563 -0.080774
v 0.009978 0.571952 -0.081954
v -0.001758 0.571994 -0.082284
v 0.002336 0.103425 0.150474
v -0.000998 0.078566 0.152472
v -0.001171 0.077273 0.152576
v 0.029803 0.072123 0.139714
v 0.031142 0.072297 0.144528
v 0.061227 0.067194 0.130209
v 0.062984 0.067265 0.134890
v 0.093234 0.062157 0.121151
v 0.117764 0.057264 0.098765
v 0.120867 0.057104 0.102683
v 0.145300 0.052223 0.080058
v 0.141669 0.052359 0.076623
v 0.163226 0.047485 0.051958
v 0.167237 0.047492 0.054944
v 0.181903 0.042652 0.025511
v 0.186397 0.042806 0.027697
v 0.193039 0.037792 -0.003526
v 0.198033 0.037825 -0.003279
v 0.001120 0.103202 0.145629
v 0.004617 0.129331 0.143422
v 0.008100 0.155470 0.141164
v 0.011573 0.181615 0.138907
v 0.018483 0.233929 0.134510
v 0.015035 0.207767 0.136678
v 0.021918 0.260106 0.132446
v 0.025351 0.286304 0.130562
v 0.028789 0.312486 0.128916
v 0.041083 0.541109 0.048344
v 0.037622 0.509560 0.061689
v 0.036477 0.476646 0.075978
v 0.036855 0.444532 0.091102
v 0.037040 0.412865 0.106542
v 0.036401 0.380973 0.120025
v 0.033289 0.347240 0.126499
v -0.056788 0.556456 0.008331
v -0.044072 0.553376 0.027997
v -0.067476 0.559701 -0.011274
v -0.072199 0.564182 -0.033338
v -0.075417 0.567950 -0.032669
v -0.044387 0.537398 0.047588
v -0.042317 0.548863 0.035797
v -0.069222 0.566016 -0.055057
v -0.065778 0.566104 -0.061246
v -0.060637 0.566348 -0.066919
v -0.053962 0.567022 -0.071657
v -0.045558 0.568039 -0.075574
v -0.035724 0.569306 -0.078449
v -0.024854 0.570766 -0.080527
v -0.013489 0.571539 -0.081838
v -0.001758 0.571994 -0.082284
v -0.001815 0.574738 -0.086464
v -0.069222 0.566016 -0.055057
v 0.062984 0.067265 0.134890
v 0.090816 0.062223 0.116776
v 0.118504 0.541860 -0.067392
v 0.122313 0.541583 -0.037167
v 0.116396 0.533656 -0.008835
v 0.100749 0.523533 0.013297
v -0.018010 0.540850 -0.107525
v -0.019646 0.534924 -0.110652
v -0.034372 0.541672 -0.105954
v -0.050747 0.542208 -0.103541
v -0.066913 0.541844 -0.099597
v -0.082573 0.540562 -0.093831
v -0.097855 0.540460 -0.087206
v -0.111265 0.540580 -0.078305
v -0.121639 0.539327 -0.067132
v -0.135879 0.534593 -0.068511
v -0.120713 0.531863 -0.009047
v -0.105565 0.521897 0.013512
v -0.074521 0.120993 0.134041
v -0.078549 0.148881 0.131208
v -0.082573 0.176778 0.128377
v -0.094442 0.260517 0.119440
v -0.088632 0.493905 0.051234
v -0.090760 0.465047 0.067713
v -0.092796 0.435587 0.083022
v -0.070493 0.409047 0.105101
v -0.095055 0.405774 0.097187
v -0.097530 0.375312 0.107471
v 0.014681 0.541233 -0.107503
v 0.031038 0.542391 -0.105862
v 0.047393 0.543177 -0.103360
v 0.063675 0.543217 -0.099542
v 0.079339 0.542132 -0.093744
v 0.094635 0.542232 -0.087039
v 0.104409 0.546671 -0.065916
v 0.108471 0.543906 -0.078774
v 0.063175 0.068648 0.134797
v 0.066847 0.095241 0.133004
v 0.082000 0.207211 0.124705
v 0.092956 0.291293 0.117472
v 0.083486 0.496615 0.051407
v 0.085098 0.467777 0.067933
v 0.086613 0.438259 0.083186
v 0.096413 0.319349 0.114554
v 0.093690 0.348047 0.113280
v -0.065354 0.066331 0.134597
v -0.069211 0.092822 0.132046
v -0.073339 0.120680 0.129192
v -0.077586 0.148547 0.126313
v -0.081564 0.176448 0.123491
v -0.085489 0.204353 0.120560
v -0.089387 0.232271 0.117607
v -0.093236 0.260199 0.114598
v -0.096986 0.288145 0.111462
v -0.087078 0.491319 0.047246
v -0.089364 0.462656 0.063550
v -0.091315 0.433339 0.078809
v -0.093417 0.403827 0.092883
v -0.095793 0.374153 0.102928
v -0.100581 0.316140 0.108130
v -0.098063 0.344656 0.106802
v 0.014508 0.538747 -0.103169
v 0.030607 0.539727 -0.101652
v 0.046618 0.540287 -0.099353
v 0.062345 0.539926 -0.096021
v 0.077879 0.538552 -0.090573
v 0.093356 0.538146 -0.084455
v 0.107060 0.539230 -0.077705
v 0.102664 0.542009 -0.065446
v 0.069027 0.123092 0.126235
v 0.073073 0.151023 0.124124
v 0.076891 0.179006 0.122040
v 0.080677 0.206994 0.119888
v 0.084423 0.234991 0.117657
v 0.088098 0.262994 0.115293
v 0.091636 0.291007 0.112658
v 0.082076 0.494077 0.047336
v 0.083852 0.465383 0.063724
v 0.085325 0.436047 0.078892
v 0.061918 0.409257 0.099292
v 0.087165 0.406495 0.093095
v 0.089666 0.376886 0.103922
v 0.095051 0.319038 0.109753
v -0.033639 0.070531 0.144981
v -0.065153 0.064952 0.134729
v -0.217931 0.517417 -0.057908
v -0.208249 0.503760 -0.066065
v -0.212276 0.504510 -0.052833
v -0.211313 0.511283 -0.083088
v -0.204684 0.500463 -0.078219
v -0.206902 0.507618 -0.095133
v -0.201772 0.494932 -0.089401
v -0.201689 0.520490 -0.068459
v -0.215087 0.514688 -0.070670
v -0.198265 0.517779 -0.081045
v -0.205013 0.523389 -0.055885
v -0.186595 0.520487 -0.064290
v -0.183168 0.518485 -0.077002
v -0.194731 0.515254 -0.093644
v -0.189920 0.522623 -0.051566
v -0.172352 0.526342 -0.061414
v -0.169170 0.524814 -0.074221
v -0.179540 0.516132 -0.089608
v -0.160288 0.531275 -0.045520
v -0.174919 0.526181 -0.048335
v -0.157828 0.531623 -0.058621
v -0.151528 0.528496 -0.084068
v -0.164853 0.520450 -0.086040
v -0.145817 0.536735 -0.042689
v -0.143242 0.536710 -0.055764
v -0.155253 0.531620 -0.071708
v -0.140624 0.536614 -0.068836
v -0.131600 0.542837 -0.039919
v -0.128949 0.542598 -0.052972
v -0.125996 0.541570 -0.065935
v -0.137547 0.535127 -0.081692
v 0.125409 0.543938 -0.041865
v 0.138238 0.538951 -0.057144
v 0.123457 0.543827 -0.055054
v 0.136775 0.540304 -0.070315
v 0.121781 0.544505 -0.068252
v 0.134287 0.538476 -0.083237
v 0.119937 0.544540 -0.081420
v 0.139788 0.537943 -0.043942
v 0.153204 0.534613 -0.059174
v 0.151260 0.534610 -0.072262
v 0.147486 0.529998 -0.084160
v 0.154571 0.532996 -0.046010
v 0.167896 0.529472 -0.061256
v 0.165035 0.527294 -0.073923
v 0.184866 0.525605 -0.050622
v 0.169480 0.528300 -0.048064
v 0.182067 0.523095 -0.063386
v 0.175489 0.517418 -0.088485
v 0.160617 0.521409 -0.085031
v 0.200094 0.526534 -0.054636
v 0.197184 0.522867 -0.067115
v 0.178996 0.520589 -0.076044
v 0.190825 0.516709 -0.092258
v 0.213036 0.520888 -0.056211
v 0.207648 0.514169 -0.081528
v 0.194093 0.519731 -0.079695
v 0.203783 0.510140 -0.093645
v 0.205075 0.506353 -0.064593
v 0.210762 0.517905 -0.069028
v 0.201693 0.502985 -0.076791
v -0.204058 0.506411 -0.065429
v -0.213413 0.516043 -0.056266
v -0.208039 0.507047 -0.052053
v -0.206739 0.510009 -0.081522
v -0.210564 0.513310 -0.069044
v -0.200420 0.503034 -0.077763
v -0.202339 0.506281 -0.093589
v -0.204301 0.518583 -0.054706
v -0.200903 0.515707 -0.067235
v -0.197293 0.513057 -0.079721
v -0.189402 0.517714 -0.050774
v -0.185926 0.515614 -0.063392
v -0.193656 0.510569 -0.092268
v -0.182425 0.513680 -0.075837
v -0.173404 0.521437 -0.047883
v -0.170698 0.521671 -0.060746
v -0.163214 0.516088 -0.084227
v -0.167447 0.520318 -0.072870
v -0.158641 0.526560 -0.045278
v -0.156153 0.526926 -0.058248
v -0.153494 0.527062 -0.070644
v -0.141556 0.532019 -0.055373
v -0.144056 0.532068 -0.042349
v -0.149735 0.524115 -0.082457
v -0.139036 0.531932 -0.068089
v -0.127193 0.537942 -0.052485
v -0.129738 0.538215 -0.039500
v -0.124421 0.536875 -0.065246
v -0.135986 0.530494 -0.080646
v 0.121847 0.539094 -0.055114
v 0.138155 0.533219 -0.044059
v 0.123672 0.539250 -0.041794
v 0.135082 0.535627 -0.069813
v 0.136647 0.534212 -0.057258
v 0.120250 0.539749 -0.068054
v 0.132480 0.533947 -0.082132
v 0.151533 0.529901 -0.059152
v 0.153001 0.528259 -0.046322
v 0.149327 0.530164 -0.071040
v 0.145448 0.525922 -0.082102
v 0.166186 0.524805 -0.060712
v 0.167972 0.523533 -0.047985
v 0.163252 0.522929 -0.072260
v 0.158980 0.517281 -0.082734
v 0.181361 0.518248 -0.062383
v 0.184354 0.520697 -0.049818
v 0.178244 0.515857 -0.074614
v 0.196507 0.518100 -0.065768
v 0.199487 0.521753 -0.053305
v 0.193283 0.515009 -0.078263
v 0.189951 0.512020 -0.090760
v 0.208636 0.519156 -0.054586
v 0.203160 0.512598 -0.079981
v 0.206346 0.516197 -0.067423
v 0.199298 0.508548 -0.092114
v 0.200635 0.508569 -0.063980
v 0.204423 0.509197 -0.050504
v 0.197267 0.505275 -0.076383
v -0.200420 0.503034 -0.077763
v -0.204058 0.506411 -0.065429
v -0.202339 0.506281 -0.093589
v -0.197399 0.497316 -0.088966
v -0.213413 0.516043 -0.056266
v -0.204301 0.518583 -0.054706
v -0.189402 0.517714 -0.050774
v -0.193656 0.510569 -0.092268
v -0.173404 0.521437 -0.047883
v -0.178875 0.511357 -0.088281
v -0.158641 0.526560 -0.045278
v -0.149735 0.524115 -0.082457
v -0.163214 0.516088 -0.084227
v -0.144056 0.532068 -0.042349
v -0.135986 0.530494 -0.080646
v -0.129738 0.538215 -0.039500
v -0.127193 0.537942 -0.052485
v -0.124421 0.536875 -0.065246
v -0.121542 0.535768 -0.078061
v -0.123041 0.540467 -0.078883
v 0.123672 0.539250 -0.041794
v 0.138155 0.533219 -0.044059
v 0.120250 0.539749 -0.068054
v 0.121847 0.539094 -0.055114
v 0.118367 0.539829 -0.080835
v 0.153001 0.528259 -0.046322
v 0.132480 0.533947 -0.082132
v 0.167972 0.523533 -0.047985
v 0.145448 0.525922 -0.082102
v 0.184354 0.520697 -0.049818
v 0.174891 0.512742 -0.086821
v 0.158980 0.517281 -0.082734
v 0.199487 0.521753 -0.053305
v 0.189951 0.512020 -0.090760
v 0.208636 0.519156 -0.054586
v 0.199298 0.508548 -0.092114
v 0.208929 0.507168 -0.051266
v 0.204423 0.509197 -0.050504
v 0.200635 0.508569 -0.063980
v 0.197267 0.505275 -0.076383
v 0.194602 0.499809 -0.087761
v 0.199089 0.497633 -0.088128
v -0.208039 0.507047 -0.052053
v -0.508556 0.059630 -0.054702
v -0.523136 0.028057 -0.071692
v -0.527181 0.032052 -0.052575
v -0.496148 0.049333 -0.089377
v -0.504634 0.055764 -0.073261
v -0.483078 0.040360 -0.100383
v -0.514725 0.021642 -0.088542
v -0.485270 0.001919 -0.102020
v -0.501526 0.012567 -0.100282
v -0.467162 0.029927 -0.102488
v -0.470925 -0.006919 -0.091726
v -0.452669 0.020865 -0.093474
v -0.460396 -0.012461 -0.075753
v -0.441233 0.014559 -0.079174
v -0.453430 -0.014799 -0.057208
v -0.431233 0.013292 -0.042673
v -0.433605 0.011644 -0.061639
v -0.539949 -0.000669 -0.069238
v -0.543443 0.003018 -0.049951
v -0.532313 -0.006635 -0.086612
v -0.519536 -0.015485 -0.098891
v -0.490283 -0.033832 -0.088344
v -0.503454 -0.026001 -0.100911
v -0.480922 -0.038352 -0.071343
v -0.474762 -0.040005 -0.052415
v -0.450579 -0.013524 -0.037535
v -0.558620 -0.025388 -0.047277
v -0.556463 -0.029525 -0.066723
v -0.559107 -0.026299 -0.047191
v -0.549307 -0.034038 -0.084701
v -0.555949 -0.028628 -0.066801
v -0.536909 -0.042676 -0.097374
v -0.549852 -0.034917 -0.084640
v -0.521857 -0.053712 -0.099051
v -0.537466 -0.043549 -0.097325
v -0.521285 -0.052850 -0.099109
v -0.509995 -0.060444 -0.084636
v -0.509382 -0.059617 -0.084751
v -0.501756 -0.063972 -0.066826
v -0.501109 -0.063176 -0.066967
v -0.496289 -0.065009 -0.047643
v -0.492354 -0.063304 -0.028099
v -0.495620 -0.064231 -0.047792
v -0.511997 0.028726 0.001461
v -0.486160 0.053396 0.005252
v -0.497433 0.058473 -0.000702
v -0.500871 0.023887 0.009246
v -0.475374 0.046051 0.000219
v -0.488008 0.017492 0.010376
v -0.465610 0.038658 -0.006776
v -0.476060 0.010466 0.006026
v -0.456696 0.031306 -0.014908
v -0.458091 -0.003500 -0.011736
v -0.446807 0.024919 -0.022661
v -0.452677 -0.009426 -0.023790
v -0.437954 0.018766 -0.031614
v -0.450579 -0.013524 -0.037535
v -0.431233 0.013292 -0.042673
v -0.526139 -0.001357 0.003186
v -0.515493 -0.005885 0.011905
v -0.502884 -0.011734 0.015726
v -0.480412 -0.025538 0.006630
v -0.465984 0.003328 -0.001609
v -0.474336 -0.031752 -0.004960
v -0.471681 -0.036273 -0.018488
v -0.471534 -0.039048 -0.032743
v -0.540613 -0.031257 0.005168
v -0.529220 -0.035025 0.013705
v -0.540163 -0.030327 0.005106
v -0.529661 -0.035960 0.013763
v -0.517181 -0.040099 0.020615
v -0.517640 -0.041009 0.020772
v -0.504099 -0.046253 0.022666
v -0.504549 -0.047143 0.022929
v -0.494906 -0.053420 0.014019
v -0.492799 -0.058884 0.000685
v -0.492225 -0.058040 0.000510
v -0.492264 -0.062012 -0.013557
v -0.491624 -0.061212 -0.013710
v -0.493022 -0.064082 -0.027950
v -0.492354 -0.063304 -0.028099
v -0.534659 0.002047 -0.008051
v -0.549355 -0.026534 -0.005719
v -0.503790 0.060649 -0.013094
v -0.520002 0.031839 -0.010205
v -0.556107 -0.024037 -0.018451
v -0.540312 0.003901 -0.021292
v -0.507459 0.061458 -0.026680
v -0.524894 0.033300 -0.023795
v -0.558805 -0.023940 -0.032776
v -0.543227 0.004210 -0.035498
v -0.509048 0.061139 -0.040686
v -0.527278 0.033373 -0.038118
v 0.501901 0.066981 -0.059403
v 0.514558 0.034340 -0.075359
v 0.497415 0.062756 -0.077750
v 0.504933 0.027435 -0.091429
v 0.488034 0.056099 -0.093296
v 0.475448 0.047978 -0.105565
v 0.492793 0.019449 -0.105117
v 0.459771 0.038272 -0.110778
v 0.463167 0.001469 -0.100234
v 0.445812 0.029828 -0.100902
v 0.454345 -0.003139 -0.082963
v 0.435992 0.024461 -0.085081
v 0.448796 -0.005051 -0.063849
v 0.429739 0.021902 -0.066939
v 0.446011 -0.004539 -0.044079
v 0.425257 0.021608 -0.047954
v 0.519593 0.039102 -0.056679
v 0.529721 0.004886 -0.071764
v 0.520216 -0.001989 -0.087931
v 0.509419 -0.009414 -0.103015
v 0.477051 0.009695 -0.111047
v 0.481668 -0.026154 -0.098161
v 0.474825 -0.029176 -0.079658
v 0.470431 -0.030136 -0.060190
v 0.467802 -0.029514 -0.040397
v 0.552138 -0.018611 -0.050453
v 0.544777 -0.023354 -0.068523
v 0.551570 -0.017612 -0.050561
v 0.536020 -0.031168 -0.084798
v 0.535472 -0.030157 -0.084907
v 0.525442 -0.038518 -0.100079
v 0.524886 -0.037509 -0.100181
v 0.511239 -0.046218 -0.109816
v 0.500591 -0.053458 -0.095594
v 0.499935 -0.052511 -0.095683
v 0.495363 -0.055190 -0.076364
v 0.494651 -0.054287 -0.076478
v 0.491949 -0.055326 -0.056601
v 0.491202 -0.054452 -0.056726
v 0.489622 -0.054442 -0.036707
v 0.488865 -0.053578 -0.036835
v 0.487934 0.064401 -0.005845
v 0.492462 0.030387 0.003527
v 0.504046 0.035885 -0.003209
v 0.467947 0.051299 -0.004852
v 0.477340 0.059690 0.000939
v 0.461391 0.041909 -0.013285
v 0.479666 0.023784 0.005370
v 0.457649 0.009477 -0.005576
v 0.467500 0.016617 0.002249
v 0.451514 0.034998 -0.020912
v 0.450873 0.003167 -0.016758
v 0.439796 0.030430 -0.027346
v 0.447022 -0.001660 -0.029894
v 0.429350 0.025533 -0.035237
v 0.446011 -0.004539 -0.044079
v 0.507894 0.001224 0.006307
v 0.519220 0.006485 -0.001115
v 0.495341 -0.005009 0.010172
v 0.473653 -0.019035 0.000821
v 0.482897 -0.012092 0.008987
v 0.469239 -0.024182 -0.011998
v 0.467493 -0.027655 -0.025996
v 0.467802 -0.029514 -0.040397
v 0.534756 -0.021145 0.002531
v 0.523978 -0.027049 0.011158
v 0.535314 -0.022138 0.002662
v 0.523420 -0.026069 0.010990
v 0.511293 -0.032822 0.017006
v 0.497960 -0.039365 0.016382
v 0.510740 -0.031857 0.016769
v 0.490916 -0.046901 0.005986
v 0.498501 -0.040345 0.016648
v 0.487980 -0.049951 -0.007913
v 0.490317 -0.045935 0.005807
v 0.487952 -0.052201 -0.022341
v 0.488653 -0.050877 -0.007767
v 0.488865 -0.053578 -0.036835
v 0.488687 -0.053083 -0.022210
v 0.528329 0.010389 -0.011714
v 0.512381 0.039378 -0.014484
v 0.494128 0.066246 -0.018431
v 0.550489 -0.014962 -0.021734
v 0.543978 -0.017400 -0.008622
v 0.517605 0.040970 -0.027927
v 0.552853 -0.015173 -0.036264
v 0.534077 0.012274 -0.024908
v 0.519955 0.040818 -0.042263
v 0.499078 0.067929 -0.031536
v 0.535771 0.010196 -0.053556
v 0.536643 0.012233 -0.039208
v 0.501870 0.068281 -0.045355
v -0.522950 0.029516 -0.051759
v -0.500805 0.053303 -0.071192
v -0.504436 0.056938 -0.053819
v -0.519196 0.025716 -0.069692
v -0.493093 0.047385 -0.085932
v -0.511554 0.019766 -0.085162
v -0.481583 0.039426 -0.095704
v -0.486141 0.002712 -0.097161
v -0.467979 0.030576 -0.097598
v -0.473582 -0.004754 -0.088085
v -0.455241 0.022829 -0.089662
v -0.463764 -0.009620 -0.073390
v -0.444604 0.017236 -0.076630
v -0.457200 -0.011688 -0.056155
v -0.437456 0.014633 -0.060528
v -0.435400 0.015891 -0.043610
v -0.539090 0.000662 -0.049250
v -0.535855 -0.002897 -0.067428
v -0.528960 -0.008472 -0.083389
v -0.499952 0.011696 -0.095617
v -0.504487 -0.024938 -0.096136
v -0.493157 -0.031344 -0.085096
v -0.484335 -0.035299 -0.069333
v -0.478440 -0.036752 -0.051472
v -0.454642 -0.010683 -0.038180
v -0.554736 -0.028636 -0.046537
v -0.552322 -0.031760 -0.065031
v -0.546435 -0.036786 -0.081505
v -0.517839 -0.016299 -0.094259
v -0.522984 -0.052534 -0.094324
v -0.512998 -0.057836 -0.081605
v -0.505216 -0.060870 -0.064981
v -0.499957 -0.061731 -0.046751
v -0.475412 -0.035896 -0.032895
v -0.485651 0.052281 0.000405
v -0.509028 0.026949 -0.002148
v -0.494508 0.056618 -0.004308
v -0.477269 0.045410 -0.004363
v -0.499872 0.022714 0.004489
v -0.468626 0.038088 -0.010723
v -0.489197 0.016810 0.005568
v -0.460200 0.030972 -0.018459
v -0.478685 0.010134 0.001784
v -0.461969 -0.002511 -0.014733
v -0.469445 0.003535 -0.005211
v -0.450571 0.025229 -0.025938
v -0.456742 -0.007463 -0.025940
v -0.441955 0.020177 -0.034260
v -0.454642 -0.010683 -0.038180
v -0.523158 -0.003055 -0.000451
v -0.513704 -0.007195 0.007423
v -0.502801 -0.012662 0.010813
v -0.483947 -0.024552 0.003234
v -0.492099 -0.018665 0.009888
v -0.478352 -0.029743 -0.007158
v -0.475693 -0.033547 -0.019700
v -0.475412 -0.035896 -0.032895
v -0.537660 -0.032953 0.001507
v -0.527616 -0.037344 0.009415
v -0.517054 -0.042145 0.015938
v -0.499045 -0.053092 0.011093
v -0.506345 -0.047408 0.018270
v -0.496871 -0.056553 -0.001042
v -0.496225 -0.059076 -0.014389
v -0.496843 -0.060857 -0.027944
v -0.530950 -0.000036 -0.010679
v -0.516149 0.029622 -0.012494
v -0.499910 0.058286 -0.015181
v -0.546229 -0.029549 -0.008411
v -0.536153 0.001543 -0.022756
v -0.520719 0.030822 -0.024991
v -0.503337 0.058822 -0.027707
v -0.552517 -0.027333 -0.019927
v -0.538864 0.001789 -0.035824
v -0.522998 0.030797 -0.038329
v -0.504866 0.058401 -0.040787
v -0.554950 -0.027278 -0.033020
v 0.497719 0.064427 -0.058409
v 0.510623 0.032342 -0.073009
v 0.515345 0.036696 -0.055598
v 0.493551 0.060592 -0.075430
v 0.501535 0.025787 -0.088151
v 0.473323 0.046787 -0.101199
v 0.484785 0.054345 -0.089925
v 0.460339 0.038644 -0.105824
v 0.490473 0.018288 -0.100843
v 0.466196 0.003610 -0.096881
v 0.477583 0.010173 -0.106098
v 0.448773 0.031767 -0.097370
v 0.458017 -0.000333 -0.081055
v 0.439694 0.027058 -0.082947
v 0.452605 -0.001961 -0.062878
v 0.433635 0.024822 -0.065802
v 0.449952 -0.001471 -0.044310
v 0.525759 0.003042 -0.069336
v 0.531495 0.007946 -0.052269
v 0.516638 -0.003574 -0.084819
v 0.506738 -0.010619 -0.098970
v 0.484904 -0.023697 -0.095246
v 0.494830 -0.018213 -0.105544
v 0.478521 -0.026133 -0.078217
v 0.474166 -0.026886 -0.059493
v 0.471606 -0.026269 -0.040409
v 0.541394 -0.026229 -0.065929
v 0.547896 -0.020855 -0.049048
v 0.532406 -0.032799 -0.081753
v 0.522604 -0.039793 -0.096164
v 0.503961 -0.050892 -0.092937
v 0.512284 -0.046522 -0.104858
v 0.499118 -0.052115 -0.075160
v 0.495704 -0.052078 -0.056011
v 0.493408 -0.051177 -0.036633
v 0.485149 0.062390 -0.009478
v 0.491581 0.029253 -0.001262
v 0.476824 0.058608 -0.003915
v 0.470039 0.050630 -0.009343
v 0.480928 0.023076 0.000584
v 0.464687 0.040900 -0.016907
v 0.461220 0.009687 -0.009069
v 0.455066 0.034147 -0.024327
v 0.454807 0.004458 -0.019561
v 0.443544 0.030805 -0.030635
v 0.451033 0.000769 -0.031629
v 0.433357 0.027522 -0.037471
v 0.449952 -0.001471 -0.044310
v 0.429312 0.024513 -0.048300
v 0.516582 0.004622 -0.004932
v 0.501305 0.034005 -0.006945
v 0.506434 -0.000234 0.001753
v 0.495397 -0.005962 0.005264
v 0.470223 0.016170 -0.001920
v 0.477242 -0.017511 -0.002308
v 0.473218 -0.021711 -0.013748
v 0.471413 -0.024659 -0.026813
v 0.471606 -0.026269 -0.040409
v 0.532705 -0.024130 -0.001110
v 0.522389 -0.028752 0.006734
v 0.511158 -0.034037 0.012158
v 0.484987 -0.011955 0.004446
v 0.494644 -0.045132 0.003163
v 0.492657 -0.048195 -0.009099
v 0.492579 -0.049986 -0.022722
v 0.493408 -0.051177 -0.036633
v 0.524786 0.008118 -0.014415
v 0.541084 -0.020710 -0.011288
v 0.508754 0.036939 -0.016912
v 0.490516 0.063603 -0.020659
v 0.529990 0.009752 -0.026300
v 0.547032 -0.018493 -0.023072
v 0.513579 0.038309 -0.029233
v 0.495158 0.065100 -0.032810
v 0.549126 -0.018694 -0.036151
v 0.532324 0.009715 -0.039258
v 0.515710 0.038182 -0.042424
v 0.497713 0.065511 -0.045567
v -0.552322 -0.031760 -0.065031
v -0.554736 -0.028636 -0.046537
v -0.546435 -0.036786 -0.081505
v -0.535724 -0.044365 -0.092710
v -0.522984 -0.052534 -0.094324
v -0.512998 -0.057836 -0.081605
v -0.505216 -0.060870 -0.064981
v -0.496843 -0.060857 -0.027944
v -0.499957 -0.061731 -0.046751
v -0.537660 -0.032953 0.001507
v -0.527616 -0.037344 0.009415
v -0.517054 -0.042145 0.015938
v -0.506345 -0.047408 0.018270
v -0.495371 -0.054314 0.014256
v -0.499045 -0.053092 0.011093
v -0.496871 -0.056553 -0.001042
v -0.496225 -0.059076 -0.014389
v -0.496843 -0.060857 -0.027944
v -0.546229 -0.029549 -0.008411
v -0.549826 -0.027451 -0.005644
v -0.559305 -0.024843 -0.032689
v -0.556614 -0.024933 -0.018360
v -0.554950 -0.027278 -0.033020
v -0.559305 -0.024843 -0.032689
v 0.545318 -0.024369 -0.068407
v 0.541394 -0.026229 -0.065929
v 0.532406 -0.032799 -0.081753
v 0.522604 -0.039793 -0.096164
v 0.512284 -0.046522 -0.104858
v 0.511845 -0.047201 -0.109792
v 0.503961 -0.050892 -0.092937
v 0.499118 -0.052115 -0.075160
v 0.495704 -0.052078 -0.056011
v 0.493408 -0.051177 -0.036633
v 0.522389 -0.028752 0.006734
v 0.532705 -0.024130 -0.001110
v 0.511158 -0.034037 0.012158
v 0.500626 -0.040222 0.012124
v 0.494644 -0.045132 0.003163
v 0.492657 -0.048195 -0.009099
v 0.489622 -0.054442 -0.036707
v 0.492579 -0.049986 -0.022722
v 0.544540 -0.018398 -0.008511
v 0.551078 -0.015940 -0.021620
v 0.553435 -0.016158 -0.036159
v 0.549126 -0.018694 -0.036151
v 0.547896 -0.020855 -0.049048
v 0.553435 -0.016158 -0.036159
v 0.551078 -0.015940 -0.021620
v 0.544540 -0.018398 -0.008511
v 0.494352 -0.018852 -0.110480
v -0.556614 -0.024933 -0.018360
v -0.549826 -0.027451 -0.005644
v -0.490098 -0.018490 0.014467
v -0.471534 -0.039048 -0.032743
v 0.062984 0.067265 0.134890
v 0.031142 0.072297 0.144528
v -0.066416 0.065232 0.139559
v -0.033639 0.070531 0.144981
v -0.002396 0.077064 0.147733
v -0.001171 0.077273 0.152576
v -0.003784 0.101484 0.141688
v 0.061227 0.067194 0.130209
v -0.002396 0.077064 0.147733
v 0.186397 0.042806 0.027697
v 0.167237 0.047492 0.054944
v 0.145300 0.052223 0.080058
v 0.120867 0.057104 0.102683
v 0.093234 0.062157 0.121151
v 0.062984 0.067265 0.134890
v -0.185078 0.031287 -0.003728
v -0.178847 0.026531 -0.036357
v -0.166865 0.022256 -0.067518
v -0.150933 0.018446 -0.097022
v -0.127258 0.015632 -0.120688
v -0.096462 0.014252 -0.134230
v -0.063188 0.014025 -0.139616
v -0.029580 0.014199 -0.142439
v 0.003994 0.014472 -0.145333
v -0.180079 0.036592 0.028939
v -0.185078 0.031287 -0.003728
v -0.166371 0.042147 0.059113
v -0.147930 0.047865 0.086639
v -0.125363 0.053725 0.110843
v -0.097793 0.059614 0.129015
v -0.066416 0.065232 0.139559
v -0.000590 0.075719 0.148788
v -0.194631 0.332522 -0.049911
v -0.194631 0.332522 -0.049911
v 0.202857 0.505310 -0.070766
v -0.370986 0.094085 -0.046475
v -0.456696 0.031306 -0.014908
v 0.192316 0.338553 -0.052525
v 0.133024 0.537947 -0.068535
v 0.425257 0.021608 -0.047954
v 0.270100 0.232480 -0.056534
v 0.364786 0.100515 -0.050738
v -0.176391 0.432691 0.049116
v -0.176391 0.432691 0.049116
v -0.142603 0.437812 0.060780
v -0.125254 0.460559 0.056282
v -0.127011 0.441775 0.069232
v -0.108624 0.463353 0.062610
v -0.109325 0.464323 0.064212
v -0.091542 0.465552 0.067906
v -0.058677 0.450727 0.090432
v -0.057369 0.469858 0.078323
v -0.170016 0.459603 0.034544
v -0.181845 0.449195 0.036818
v -0.170919 0.455855 0.038667
v -0.182334 0.444829 0.040017
v -0.182716 0.440173 0.042719
v -0.171952 0.447328 0.045222
v -0.182958 0.435330 0.045060
v -0.172422 0.442575 0.047858
v -0.172218 0.427420 0.053684
v 0.050242 0.453843 0.090544
v 0.049425 0.473197 0.078655
v 0.050242 0.453843 0.090544
v 0.083559 0.448521 0.079411
v 0.100751 0.446538 0.075132
v 0.117617 0.444097 0.069915
v 0.116995 0.463734 0.058514
v 0.118314 0.445017 0.071549
v 0.133305 0.460530 0.052037
v 0.150541 0.438198 0.057605
v 0.166079 0.454733 0.039816
v 0.167912 0.436088 0.053020
v 0.167013 0.435304 0.051414
v 0.171680 0.461349 0.034689
v 0.161243 0.454220 0.044451
v 0.172614 0.457900 0.039184
v 0.161649 0.449953 0.047672
v 0.173310 0.453972 0.043030
v 0.173703 0.449706 0.046292
v -0.159343 0.384923 0.076137
v -0.174479 0.381506 0.066935
v -0.126458 0.391006 0.090210
v -0.110585 0.394276 0.098206
v -0.127292 0.391561 0.091942
v -0.092959 0.416969 0.093038
v -0.075834 0.419216 0.098166
v -0.059147 0.401430 0.113637
v -0.182613 0.404313 0.056710
v -0.182673 0.399192 0.058325
v -0.173336 0.402057 0.066091
v -0.173627 0.397166 0.068672
v -0.171327 0.386392 0.069182
v -0.179346 0.373462 0.063465
v 0.049634 0.424356 0.102962
v 0.050059 0.404497 0.114080
v 0.083825 0.419953 0.093896
v 0.084209 0.399955 0.104985
v 0.101247 0.397599 0.100121
v 0.135016 0.392368 0.089007
v 0.134150 0.391835 0.087285
v 0.135016 0.392368 0.089007
v 0.166232 0.406825 0.064523
v 0.164010 0.386006 0.071190
v 0.162461 0.410857 0.068088
v 0.163069 0.406204 0.071207
v 0.163497 0.401422 0.074012
v 0.173265 0.403571 0.065241
v 0.163275 0.396408 0.075774
v 0.173742 0.398663 0.067998
v 0.167310 0.378472 0.068799
v 0.158331 0.380443 0.075179
v -0.154205 0.332692 0.086535
v -0.154205 0.332692 0.086535
v -0.122223 0.339131 0.102481
v -0.123109 0.339315 0.104265
v -0.056281 0.350869 0.129252
v -0.058204 0.372907 0.124090
v -0.058919 0.373304 0.125916
v -0.177212 0.352598 0.067580
v -0.177184 0.347314 0.068764
v -0.176794 0.342064 0.069814
v -0.168609 0.349740 0.076937
v -0.168399 0.344496 0.078380
v -0.164661 0.334079 0.077352
v -0.164204 0.323600 0.079873
v -0.165383 0.328859 0.079666
v -0.162876 0.323579 0.078378
v 0.098052 0.345895 0.114604
v 0.114660 0.343127 0.108301
v 0.144248 0.337293 0.090892
v 0.155498 0.334543 0.079710
v -0.161619 0.276957 0.082913
v -0.131807 0.283540 0.102567
v -0.132800 0.283638 0.104301
v -0.099171 0.289659 0.116517
v -0.099831 0.289789 0.118401
v -0.048068 0.298273 0.132044
v -0.051100 0.320540 0.129367
v -0.051709 0.320580 0.131271
v -0.162474 0.307909 0.082377
v -0.169041 0.295202 0.074853
v -0.162855 0.302691 0.084260
v -0.168556 0.289990 0.075718
v -0.162680 0.297466 0.085516
v -0.162255 0.292239 0.086490
v -0.165203 0.269070 0.077918
v 0.040309 0.300753 0.133894
v 0.073927 0.295522 0.123001
v 0.093781 0.315340 0.116223
v 0.091018 0.292937 0.118555
v 0.107608 0.290247 0.112545
v 0.126855 0.309922 0.103914
v 0.125088 0.287587 0.107975
v 0.127833 0.309975 0.105658
v 0.152724 0.282012 0.085278
v 0.153601 0.304324 0.082156
v 0.155224 0.304316 0.083318
v 0.151127 0.302611 0.087834
v 0.158331 0.306071 0.078091
v 0.150798 0.297370 0.088452
v 0.158580 0.300834 0.078888
v 0.158816 0.295619 0.079673
v 0.155559 0.285109 0.079358
v 0.154021 0.274602 0.080214
v -0.154415 0.224627 0.089237
v -0.124848 0.231091 0.109245
v -0.125827 0.231158 0.110988
v -0.091866 0.237192 0.122385
v -0.092463 0.237312 0.124290
v -0.040065 0.245848 0.135623
v -0.155506 0.255570 0.089141
v -0.161788 0.242916 0.081244
v -0.155862 0.250327 0.090914
v -0.161333 0.237690 0.082107
v -0.155646 0.245086 0.092075
v -0.155171 0.239846 0.092962
v -0.157930 0.216776 0.084137
v 0.033321 0.248194 0.138063
v 0.070061 0.265255 0.125810
v 0.067153 0.242899 0.127775
v 0.084242 0.240274 0.123303
v 0.103719 0.259958 0.115279
v 0.084866 0.240347 0.125202
v 0.118142 0.234881 0.112274
v 0.120161 0.257251 0.108822
v 0.118142 0.234881 0.112274
v 0.121142 0.257273 0.110565
v 0.147649 0.251814 0.086959
v 0.145036 0.229474 0.089054
v 0.149161 0.251794 0.088267
v 0.144761 0.255322 0.091668
v 0.144641 0.250058 0.092670
v 0.144245 0.244797 0.093417
v 0.153350 0.248312 0.084511
v 0.152970 0.243050 0.085245
v 0.150332 0.232546 0.085058
v 0.148787 0.222031 0.085803
v -0.147229 0.172279 0.095348
v -0.117535 0.178670 0.115192
v -0.118500 0.178728 0.116942
v -0.084969 0.184884 0.129883
v -0.032210 0.193417 0.139692
v -0.148270 0.203206 0.095312
v -0.154613 0.190613 0.087445
v -0.148617 0.197960 0.097066
v -0.154150 0.185371 0.088281
v -0.148385 0.192719 0.098202
v -0.147896 0.187480 0.099063
v -0.150886 0.164450 0.090357
v 0.077891 0.187711 0.129368
v 0.080872 0.210075 0.127638
v 0.110961 0.182235 0.115996
v 0.113053 0.204601 0.112688
v 0.110961 0.182235 0.115996
v 0.114021 0.204605 0.114438
v 0.141371 0.199235 0.091722
v 0.138602 0.176878 0.093607
v 0.142783 0.199204 0.093137
v 0.138157 0.202733 0.096298
v 0.137979 0.197461 0.097277
v 0.137546 0.192194 0.097985
v 0.147548 0.195700 0.089932
v 0.147129 0.190432 0.090628
v 0.144208 0.179941 0.090024
v 0.142799 0.169423 0.090797
v 0.143189 0.174690 0.090094
v -0.111081 0.126344 0.122679
v -0.077386 0.132489 0.135250
v -0.024409 0.141002 0.144000
v -0.141015 0.150849 0.101304
v -0.147595 0.138276 0.093659
v -0.141342 0.145605 0.103065
v -0.147123 0.133036 0.094494
v -0.141109 0.140366 0.104211
v -0.140614 0.135129 0.105069
v -0.143873 0.112105 0.096538
v 0.056173 0.160072 0.134554
v 0.073176 0.157411 0.129751
v 0.070818 0.135114 0.133285
v 0.073833 0.157462 0.131640
v 0.103647 0.129629 0.119410
v 0.105803 0.151989 0.116220
v 0.103647 0.129629 0.119410
v 0.106762 0.151980 0.117975
v 0.134706 0.146635 0.095949
v 0.131717 0.124284 0.097557
v 0.136036 0.146591 0.097443
v 0.131305 0.150124 0.100457
v 0.131060 0.144849 0.101398
v 0.130565 0.139581 0.102038
v 0.141157 0.143068 0.094705
v 0.140683 0.137800 0.095351
v 0.136195 0.116810 0.095125
v 0.136458 0.122084 0.094272
v -0.136491 0.538073 -0.063147
v -0.139798 0.538496 -0.055832
v -0.151292 0.533229 -0.066226
v 0.134888 0.541160 -0.057326
v 0.146091 0.537070 -0.058835
v 0.136664 0.539649 -0.071964
v 0.164705 0.363102 0.071387
v 0.155174 0.344618 0.084970
v 0.155055 0.339357 0.085777
v 0.161460 0.342684 0.074929
v 0.159214 0.327063 0.076048
v 0.160249 0.332328 0.076051
v 0.198033 0.037825 -0.003279
v 0.068904 0.572096 -0.056379
v 0.091462 0.553917 -0.064458
v -0.001740 0.552690 -0.100968
v 0.118504 0.541860 -0.067392
v -0.094716 0.551995 -0.064299
v -0.072204 0.569934 -0.055924
v -0.183291 0.098337 -0.013874
v -0.106048 0.540397 -0.064994
v -0.183291 0.098337 -0.013874
v 0.068493 0.566323 -0.033751
v 0.089007 0.549646 -0.063602
v 0.009978 0.571952 -0.081954
v 0.191782 0.104526 -0.014297
v -0.044387 0.537398 0.047588
v -0.092295 0.547714 -0.063397
v -0.001758 0.571994 -0.082284
v -0.092295 0.547714 -0.063397
v -0.180087 0.031581 -0.003651
v -0.002222 0.078357 0.147629
v 0.118504 0.541860 -0.067392
v 0.116965 0.537112 -0.067088
v 0.092305 0.347464 0.108511
v -0.066416 0.065232 0.139559
v 0.208929 0.507168 -0.051266
v -0.197399 0.497316 -0.088966
v -0.178875 0.511357 -0.088281
v -0.121542 0.535768 -0.078061
v 0.118367 0.539829 -0.080835
v 0.174891 0.512742 -0.086821
v 0.194602 0.499809 -0.087761
v 0.199089 0.497633 -0.088128
v -0.493022 -0.064082 -0.027950
v -0.495371 -0.054314 0.014256
v 0.545318 -0.024369 -0.068407
v 0.425257 0.021608 -0.047954
v -0.535724 -0.044365 -0.092710
v -0.496843 -0.060857 -0.027944
v -0.435400 0.015891 -0.043610
v 0.429312 0.024513 -0.048300
v 0.500626 -0.040222 0.012124
v 0.489622 -0.054442 -0.036707
v 0.198033 0.037825 -0.003279
vn -0.2673 -0.2006 0.9425
vn -0.4373 0.5243 0.7307
vn -0.5243 -0.0433 0.8505
vn -0.4575 0.0313 0.8887
vn -0.6168 0.4935 0.6132
vn -0.6652 -0.0060 0.7466
vn -0.7404 0.4777 0.4728
vn -0.8164 -0.0293 0.5767
vn -0.8159 0.4767 0.3273
vn -0.9140 -0.0291 0.4046
vn -0.8696 0.4704 0.1498
vn -0.9778 -0.0319 0.2071
vn -0.8848 0.4550 -0.1004
vn -0.2686 -0.1954 0.9432
vn -0.4626 0.0325 0.8860
vn -0.6716 -0.0073 0.7409
vn -0.8299 -0.0334 0.5569
vn -0.9272 -0.0313 0.3732
vn -0.9823 -0.0312 0.1847
vn -0.9974 -0.0534 -0.0476
vn -0.2702 -0.1914 0.9436
vn -0.4668 0.0343 0.8837
vn -0.6774 -0.0074 0.7356
vn -0.8438 -0.0378 0.5354
vn -0.9401 -0.0341 0.3392
vn -0.9864 -0.0269 0.1624
vn -0.9965 -0.0528 -0.0649
vn -0.2737 -0.1864 0.9436
vn -0.4716 0.0392 0.8810
vn -0.6810 -0.0056 0.7323
vn -0.8567 -0.0454 0.5138
vn -0.9541 -0.0360 0.2974
vn -0.9900 -0.0188 0.1396
vn -0.9947 -0.0449 -0.0927
vn -0.2810 -0.1800 0.9427
vn -0.4769 0.0469 0.8777
vn -0.6802 -0.0007 0.7330
vn -0.8695 -0.0532 0.4911
vn -0.9689 -0.0362 0.2449
vn -0.9935 -0.0076 0.1134
vn -0.9891 -0.0326 -0.1433
vn -0.2952 -0.1696 0.9403
vn -0.4833 0.0604 0.8734
vn -0.6732 0.0100 0.7394
vn -0.8827 -0.0585 0.4663
vn -0.9810 -0.0512 0.1871
vn -0.9977 -0.0108 0.0666
vn -0.9853 -0.0449 -0.1650
vn -0.3259 -0.1682 0.9303
vn -0.4883 0.0731 0.8696
vn -0.6509 0.0131 0.7590
vn -0.8957 -0.0801 0.4373
vn -0.9886 -0.0925 0.1186
vn -0.9841 -0.1644 0.0678
vn -0.9954 -0.0324 -0.0901
vn -0.3031 0.6363 0.7094
vn -0.6058 0.6800 0.4131
vn -0.6038 0.4895 0.6291
vn -0.3998 0.7289 0.5558
vn -0.6370 0.7533 0.1635
vn -0.4805 0.8355 0.2665
vn -0.6193 0.7782 -0.1048
vn -0.4569 0.8869 -0.0681
vn -0.5300 0.7484 -0.3988
vn -0.2660 0.7229 0.6377
vn -0.3310 0.8754 0.3522
vn -0.3579 0.9335 -0.0227
vn -0.4126 0.8376 -0.3581
vn -0.2683 0.6013 0.7526
vn -0.3170 0.7039 0.6356
vn -0.2971 0.8631 0.4083
vn -0.3400 0.9391 0.0502
vn -0.3930 0.8525 -0.3447
vn -0.3771 0.6011 0.7046
vn -0.3748 0.7024 0.6051
vn -0.3354 0.8399 0.4267
vn -0.3551 0.9295 0.0997
vn -0.3869 0.8635 -0.3235
vn -0.3941 0.6372 0.6623
vn -0.3523 0.7284 0.5876
vn -0.3542 0.8263 0.4379
vn -0.3666 0.9230 0.1170
vn -0.3377 0.9127 -0.2299
vn -0.3867 0.6636 0.6404
vn -0.3538 0.7338 0.5800
vn -0.4857 0.5020 0.7156
vn -0.3811 0.5602 0.7355
vn -0.4425 0.5342 0.7203
vn -0.4006 0.5297 0.7476
vn -0.2282 0.5544 0.8003
vn -0.4231 0.4827 0.7668
vn -0.3427 0.6573 0.6711
vn -0.3622 0.4832 0.7971
vn -0.4331 0.4860 0.7591
vn -0.3968 0.4960 0.7723
vn -0.2529 0.4954 0.8310
vn -0.6903 0.2029 0.6945
vn -0.6497 0.2155 0.7290
vn -0.3302 0.6326 0.7006
vn -0.3465 0.4421 0.8274
vn -0.4278 0.4251 0.7977
vn -0.3891 0.4273 0.8161
vn -0.5175 0.2838 0.8073
vn -0.7195 0.0826 0.6895
vn -0.8023 -0.0424 0.5954
vn -0.3527 0.5640 0.7466
vn -0.3760 0.3447 0.8601
vn -0.4478 0.2998 0.8424
vn -0.4701 0.2382 0.8499
vn -0.7416 0.0564 0.6684
vn -0.6262 -0.0768 0.7759
vn -0.8939 -0.1506 0.4223
vn -0.3866 0.4297 0.8161
vn -0.4328 0.1923 0.8807
vn -0.4982 0.1482 0.8543
vn -0.5964 0.0642 0.8001
vn -0.8793 -0.0851 0.4685
vn -0.5282 -0.3340 0.7807
vn -0.9420 -0.2217 0.2521
vn -0.3905 0.3366 0.8569
vn -0.4609 0.0985 0.8819
vn -0.5488 0.0762 0.8325
vn -0.7552 -0.0373 0.6545
vn -0.9636 -0.1353 0.2307
vn -0.3587 -0.6203 0.6976
vn -0.9572 -0.2505 0.1450
vn -0.2335 -0.8819 0.4096
vn 0.9994 -0.0018 0.0331
vn 0.9789 -0.1651 -0.1206
vn 0.3350 -0.8934 0.2993
vn 0.9996 0.0233 -0.0168
vn 0.9763 -0.1145 -0.1839
vn 0.9994 0.0285 -0.0211
vn 0.9585 -0.0731 -0.2755
vn 0.9998 0.0211 -0.0039
vn 0.9532 0.0066 -0.3023
vn 0.9999 0.0137 0.0067
vn 0.9558 -0.0106 -0.2937
vn 0.9998 0.0136 0.0145
vn 0.9557 -0.0283 -0.2928
vn 0.8558 0.4022 0.3253
vn 0.9535 -0.0365 -0.2991
vn 0.8640 -0.1968 -0.4634
vn 0.9242 -0.1450 -0.3533
vn 0.9398 -0.1067 -0.3245
vn 0.9306 -0.0298 -0.3649
vn 0.9127 -0.0529 -0.4052
vn 0.8966 -0.0760 -0.4363
vn 0.7045 0.2335 -0.6701
vn 0.8826 -0.0881 -0.4617
vn 0.7262 -0.0577 -0.6850
vn 0.7323 -0.0882 -0.6753
vn 0.7781 -0.1106 -0.6184
vn 0.7745 -0.1268 -0.6197
vn 0.7701 -0.1341 -0.6237
vn 0.7682 -0.1371 -0.6253
vn 0.5695 0.1952 -0.7985
vn 0.7671 -0.1358 -0.6270
vn 0.2064 -0.1016 -0.9732
vn 0.2783 -0.0859 -0.9567
vn 0.3547 -0.1027 -0.9293
vn 0.4217 -0.1223 -0.8984
vn 0.4741 -0.1358 -0.8700
vn 0.5169 -0.1436 -0.8439
vn 0.4292 0.1664 -0.8877
vn 0.5512 -0.1446 -0.8218
vn 0.0390 -0.0187 -0.9991
vn 0.0890 -0.0091 -0.9960
vn 0.1235 -0.0388 -0.9916
vn 0.1613 -0.0682 -0.9845
vn 0.2070 -0.0867 -0.9745
vn 0.2560 -0.1017 -0.9613
vn 0.1961 0.1680 -0.9661
vn 0.3018 -0.1140 -0.9465
vn 0.0098 -0.0023 -0.9999
vn -0.0117 -0.0174 -0.9998
vn -0.0163 -0.0376 -0.9992
vn -0.0029 -0.0467 -0.9989
vn 0.0207 -0.0538 -0.9983
vn 0.0523 -0.0638 -0.9966
vn -0.0662 0.1973 -0.9781
vn 0.0904 -0.0749 -0.9931
vn -0.1227 -0.0145 -0.9923
vn -0.1235 -0.0229 -0.9921
vn -0.1186 -0.0287 -0.9925
vn -0.1090 -0.0305 -0.9936
vn -0.0967 -0.0320 -0.9948
vn -0.0792 -0.0342 -0.9963
vn -0.2745 0.2367 -0.9320
vn -0.0556 -0.0381 -0.9977
vn -0.0410 -0.0248 -0.9988
vn -0.0511 -0.0252 -0.9984
vn -0.0585 -0.0265 -0.9979
vn -0.0651 -0.0263 -0.9975
vn -0.0710 -0.0254 -0.9972
vn -0.0760 -0.0244 -0.9968
vn -0.4203 0.2770 -0.8641
vn -0.0790 -0.0223 -0.9966
vn 0.3825 0.3032 -0.8728
vn -0.5796 -0.0103 -0.8148
vn 0.3577 0.2541 -0.8986
vn 0.0048 -0.0408 -0.9992
vn 0.1398 0.2103 -0.9676
vn -0.0012 -0.0771 -0.9970
vn -0.1841 0.1979 -0.9628
vn -0.2293 -0.1114 -0.9670
vn -0.4458 0.2014 -0.8722
vn -0.5499 -0.1225 -0.8262
vn -0.6095 0.2040 -0.7661
vn -0.7739 -0.1128 -0.6232
vn -0.7377 0.2125 -0.6408
vn -0.8895 -0.0911 -0.4478
vn -0.9575 -0.0744 -0.2788
vn 0.0306 -0.0416 -0.9987
vn 0.0305 -0.0703 -0.9971
vn -0.2003 -0.1011 -0.9745
vn -0.5291 -0.1262 -0.8391
vn -0.7709 -0.1213 -0.6253
vn -0.8918 -0.0835 -0.4447
vn -0.9974 -0.0534 -0.0477
vn -0.9543 -0.0650 -0.2918
vn 0.0523 -0.0413 -0.9978
vn 0.0553 -0.0629 -0.9965
vn -0.1670 -0.0894 -0.9819
vn -0.4976 -0.1304 -0.8575
vn -0.7725 -0.1260 -0.6224
vn -0.9015 -0.0498 -0.4298
vn -0.9965 -0.0528 -0.0650
vn -0.9484 -0.0319 -0.3154
vn 0.0699 -0.0407 -0.9967
vn 0.0726 -0.0559 -0.9958
vn -0.1292 -0.0761 -0.9887
vn -0.4576 -0.1282 -0.8798
vn -0.7960 -0.0883 -0.5988
vn -0.9151 0.0093 -0.4032
vn -0.9947 -0.0449 -0.0928
vn -0.9321 0.0118 -0.3621
vn 0.0843 -0.0398 -0.9956
vn 0.0817 -0.0498 -0.9954
vn -0.0931 -0.0586 -0.9939
vn -0.4325 -0.0978 -0.8963
vn -0.8161 -0.0927 -0.5705
vn -0.9236 -0.1091 -0.3676
vn -0.9891 -0.0326 -0.1434
vn -0.9215 -0.1116 -0.3719
vn 0.0969 -0.0385 -0.9946
vn 0.0809 -0.0419 -0.9958
vn -0.0719 -0.0319 -0.9969
vn -0.3760 -0.0750 -0.9236
vn -0.7497 -0.1834 -0.6359
vn -0.8976 -0.2548 -0.3598
vn -0.9852 -0.0449 -0.1651
vn -0.9471 -0.1856 -0.2619
vn 0.1065 -0.0357 -0.9937
vn 0.0646 -0.0243 -0.9976
vn -0.0696 -0.0045 -0.9976
vn -0.2606 -0.0774 -0.9623
vn -0.7136 -0.0829 -0.6956
vn -0.8666 -0.2450 -0.4348
vn -0.9734 -0.1630 -0.1613
vn -0.1985 0.5351 -0.8211
vn -0.0018 0.4446 -0.8957
vn 0.0985 0.3820 -0.9189
vn -0.1011 0.6584 -0.7459
vn 0.0293 0.4559 -0.8895
vn 0.0638 0.7610 -0.6456
vn 0.0620 0.5090 -0.8585
vn 0.2802 0.7934 -0.5403
vn 0.1343 0.5818 -0.8022
vn 0.3763 0.7877 -0.4877
vn 0.2623 0.6254 -0.7349
vn 0.3373 0.8258 -0.4520
vn 0.3077 0.6475 -0.6972
vn 0.2144 0.9681 -0.1299
vn 0.3118 0.6442 -0.6984
vn 0.4841 0.8363 -0.2575
vn 0.3443 0.7882 -0.5101
vn 0.0206 0.4500 -0.8928
vn 0.0008 0.4384 -0.8988
vn 0.0472 0.5076 -0.8603
vn 0.1475 0.5691 -0.8089
vn 0.2794 0.6060 -0.7448
vn 0.3121 0.6364 -0.7054
vn 0.3229 0.6155 -0.7189
vn 0.3025 0.9365 -0.1775
vn 0.3556 0.6985 -0.6210
vn 0.0091 0.4560 -0.8899
vn 0.0011 0.4423 -0.8969
vn 0.0419 0.5016 -0.8641
vn 0.1652 0.5534 -0.8163
vn 0.2814 0.6089 -0.7417
vn 0.3045 0.6629 -0.6840
vn 0.3137 0.6634 -0.6793
vn 0.3688 0.8817 -0.2943
vn 0.3398 0.6739 -0.6561
vn 0.0025 0.4507 -0.8927
vn 0.0009 0.4331 -0.9014
vn 0.0439 0.4900 -0.8706
vn 0.1778 0.5398 -0.8228
vn 0.2695 0.6250 -0.7326
vn 0.2823 0.7097 -0.6455
vn 0.2879 0.7441 -0.6029
vn 0.4129 0.8392 -0.3538
vn 0.3057 0.7490 -0.5878
vn -0.0001 0.4334 -0.9012
vn 0.0008 0.4090 -0.9125
vn 0.0483 0.4753 -0.8785
vn 0.1799 0.5309 -0.8281
vn 0.2495 0.6386 -0.7279
vn 0.2557 0.7440 -0.6173
vn 0.2570 0.8083 -0.5298
vn 0.3900 0.8569 -0.3371
vn 0.2884 0.8243 -0.4873
vn -0.0042 0.3942 -0.9190
vn 0.0009 0.3637 -0.9315
vn 0.0530 0.4459 -0.8935
vn 0.1812 0.5164 -0.8370
vn 0.2461 0.5980 -0.7628
vn 0.2604 0.6816 -0.6839
vn 0.2701 0.7496 -0.6043
vn 0.3948 0.8532 -0.3409
vn 0.3293 0.7871 -0.5215
vn -0.3415 0.7679 -0.5420
vn -0.5300 0.7483 -0.3989
vn -0.3930 0.8524 -0.3448
vn -0.3077 0.7990 -0.5166
vn -0.3869 0.8635 -0.3236
vn -0.3301 0.7312 -0.5969
vn -0.3623 0.7076 -0.6067
vn -0.3048 0.9416 -0.1433
vn -0.3395 0.7855 -0.5174
vn -0.2703 0.7267 -0.6316
vn -0.2611 0.7690 -0.5835
vn -0.2935 0.6842 -0.6676
vn -0.3109 0.6124 -0.7268
vn -0.2888 0.8739 -0.3910
vn -0.3047 0.6495 -0.6966
vn -0.2567 0.6622 -0.7040
vn -0.2565 0.7083 -0.6576
vn -0.2804 0.6603 -0.6967
vn -0.2897 0.6222 -0.7273
vn -0.2866 0.7378 -0.6111
vn -0.2855 0.6296 -0.7226
vn -0.2492 0.5871 -0.7702
vn -0.2537 0.6234 -0.7396
vn -0.2665 0.6102 -0.7461
vn -0.2727 0.6025 -0.7501
vn -0.2830 0.6734 -0.6830
vn -0.2737 0.6077 -0.7455
vn -0.1894 0.5190 -0.8335
vn -0.1885 0.5357 -0.8231
vn -0.1893 0.5393 -0.8206
vn -0.1805 0.5531 -0.8133
vn -0.2699 0.6277 -0.7301
vn -0.1661 0.5694 -0.8051
vn -0.0623 0.4459 -0.8929
vn -0.0600 0.4739 -0.8786
vn -0.0551 0.4909 -0.8695
vn -0.0521 0.5044 -0.8619
vn -0.1511 0.5870 -0.7953
vn -0.0549 0.5129 -0.8567
vn 0.0028 0.3931 -0.9195
vn -0.0020 0.4314 -0.9022
vn -0.0042 0.4498 -0.8931
vn -0.0104 0.4577 -0.8890
vn -0.0651 0.5216 -0.8507
vn -0.0215 0.4580 -0.8887
vn -0.0220 0.3108 -0.9502
vn 0.0012 0.2868 -0.9580
vn -0.0043 0.3481 -0.9374
vn 0.0855 0.4192 -0.9039
vn 0.1790 0.5096 -0.8416
vn 0.2081 0.5793 -0.7881
vn 0.2025 0.6370 -0.7438
vn 0.2153 0.7111 -0.6693
vn 0.4149 0.7215 -0.5544
vn -0.0417 0.2334 -0.9715
vn 0.0007 0.2079 -0.9782
vn -0.0395 0.2682 -0.9626
vn -0.0026 0.3044 -0.9526
vn 0.0438 0.3773 -0.9251
vn 0.1007 0.4858 -0.8683
vn 0.1260 0.5732 -0.8097
vn 0.1347 0.6146 -0.7772
vn 0.3468 0.5977 -0.7228
vn -0.0700 0.1624 -0.9842
vn 0.0001 0.1419 -0.9899
vn -0.0681 0.1912 -0.9792
vn -0.0207 0.2133 -0.9768
vn -0.0079 0.2271 -0.9738
vn 0.0085 0.2665 -0.9638
vn 0.0456 0.3307 -0.9426
vn 0.2106 0.3500 -0.9128
vn 0.4195 0.2535 -0.8716
vn -0.0890 0.1050 -0.9905
vn -0.0000 0.0883 -0.9961
vn -0.0752 0.1167 -0.9903
vn -0.0183 0.1181 -0.9928
vn -0.0056 0.1205 -0.9927
vn -0.0129 0.1499 -0.9886
vn 0.0219 0.1761 -0.9841
vn 0.3824 0.1589 -0.9102
vn 0.5381 0.0379 -0.8420
vn -0.1006 0.0514 -0.9936
vn -0.0019 0.0464 -0.9989
vn -0.0698 0.0702 -0.9951
vn 0.0037 0.0543 -0.9985
vn -0.0301 0.0470 -0.9984
vn -0.0607 0.0896 -0.9941
vn 0.1488 0.0118 -0.9888
vn 0.5598 -0.1198 -0.8199
vn -0.1125 0.0121 -0.9936
vn -0.0048 -0.0001 -1.0000
vn -0.0592 0.0306 -0.9978
vn 0.0414 0.0092 -0.9991
vn -0.0608 -0.0071 -0.9981
vn 0.0616 -0.0262 -0.9978
vn 0.4930 -0.1839 -0.8504
vn 0.5800 -0.1843 -0.7934
vn 0.6578 -0.3311 -0.6765
vn -0.0245 -0.0230 -0.9994
vn -0.1280 0.0002 -0.9918
vn -0.0278 0.0055 -0.9996
vn 0.0510 -0.0045 -0.9987
vn -0.0445 -0.0465 -0.9979
vn 0.4471 -0.1296 -0.8850
vn 0.7263 -0.1768 -0.6642
vn 0.3065 -0.4909 -0.8155
vn 0.8510 -0.3361 -0.4035
vn 0.1165 -0.9359 -0.3325
vn 0.0237 0.3102 -0.9504
vn -0.0004 0.3489 -0.9371
vn -0.0984 0.4152 -0.9044
vn -0.1825 0.5002 -0.8465
vn -0.2030 0.5803 -0.7887
vn -0.1929 0.6537 -0.7318
vn -0.2278 0.7189 -0.6567
vn -0.4273 0.7038 -0.5675
vn 0.0447 0.2324 -0.9716
vn 0.0386 0.2669 -0.9629
vn -0.0144 0.3039 -0.9526
vn -0.0556 0.3711 -0.9269
vn -0.0773 0.4656 -0.8816
vn -0.0818 0.5471 -0.8330
vn -0.1541 0.5938 -0.7897
vn -0.3878 0.5713 -0.7233
vn 0.0727 0.1619 -0.9841
vn 0.0675 0.1892 -0.9796
vn 0.0099 0.2090 -0.9779
vn -0.0003 0.2303 -0.9731
vn -0.0116 0.2778 -0.9606
vn -0.0592 0.3088 -0.9493
vn -0.2145 0.2810 -0.9354
vn -0.3918 0.2415 -0.8878
vn 0.0885 0.1043 -0.9906
vn 0.0770 0.1123 -0.9907
vn 0.0058 0.1155 -0.9933
vn 0.0143 0.1072 -0.9941
vn 0.0267 0.1381 -0.9901
vn -0.1058 0.1128 -0.9880
vn -0.3594 0.0481 -0.9320
vn -0.3805 -0.0048 -0.9248
vn 0.0959 0.0486 -0.9942
vn 0.0715 0.0558 -0.9959
vn -0.0101 0.0602 -0.9981
vn 0.0122 0.0414 -0.9991
vn -0.0327 0.0241 -0.9992
vn -0.2705 -0.0982 -0.9577
vn -0.4391 -0.1837 -0.8795
vn 0.0912 -0.0072 -0.9958
vn 0.0784 0.0109 -0.9969
vn -0.0268 0.0249 -0.9993
vn -0.0175 0.0001 -0.9998
vn -0.1952 -0.0322 -0.9802
vn -0.4953 -0.1234 -0.8599
vn -0.5932 -0.3090 -0.7434
vn -0.3324 -0.2943 -0.8961
vn 0.0999 -0.0333 -0.9944
vn 0.0850 -0.0106 -0.9963
vn -0.0447 0.0092 -0.9990
vn -0.0647 -0.0116 -0.9978
vn -0.4518 -0.0436 -0.8910
vn -0.7164 -0.0768 -0.6935
vn -0.8600 -0.3236 -0.3945
vn -0.2199 -0.6074 -0.7633
vn -0.2866 -0.8758 -0.3884
vn -0.4274 0.7038 -0.5675
vn -0.7203 0.6093 -0.3316
vn -0.3879 0.5713 -0.7233
vn -0.6160 0.5296 -0.5831
vn -0.5435 0.3343 -0.7700
vn -0.3925 0.1165 -0.9124
vn -0.3323 -0.2943 -0.8961
vn -0.1398 -0.2051 -0.9687
vn -0.2200 -0.6074 -0.7633
vn 0.3409 -0.4798 -0.8084
vn -0.2865 -0.8758 -0.3884
vn 0.7254 -0.5014 -0.4716
vn -0.3782 -0.9016 0.2098
vn 0.8291 -0.5545 -0.0720
vn -0.8134 0.5107 -0.2784
vn -0.6720 0.4266 -0.6054
vn -0.4800 0.2469 -0.8418
vn -0.2709 0.0481 -0.9614
vn 0.1009 -0.1625 -0.9815
vn 0.4717 -0.3266 -0.8191
vn 0.7036 -0.4850 -0.5193
vn 0.7462 -0.6060 0.2756
vn 0.8003 -0.5987 -0.0323
vn -0.8231 0.4485 -0.3483
vn -0.7119 0.4187 -0.5638
vn -0.4433 0.3011 -0.8443
vn -0.1348 0.0606 -0.9890
vn 0.1344 -0.1693 -0.9764
vn 0.3836 -0.3707 -0.8458
vn 0.6339 -0.5625 -0.5308
vn 0.7607 -0.5694 0.3116
vn 0.8055 -0.5893 -0.0620
vn -0.7946 0.5529 -0.2508
vn -0.6969 0.5057 -0.5085
vn -0.4504 0.2333 -0.8618
vn -0.1891 0.0049 -0.9819
vn 0.0897 -0.1772 -0.9801
vn 0.3800 -0.3893 -0.8391
vn 0.5959 -0.5496 -0.5855
vn 0.7807 -0.5477 0.3008
vn 0.7566 -0.6396 -0.1361
vn -0.7741 0.5788 -0.2562
vn -0.6955 0.3888 -0.6043
vn -0.4439 0.1950 -0.8746
vn -0.2040 0.0494 -0.9777
vn 0.0980 -0.1777 -0.9792
vn 0.4417 -0.4702 -0.7641
vn 0.5963 -0.5734 -0.5619
vn 0.7897 -0.5293 0.3102
vn 0.7828 -0.5572 -0.2772
vn -0.6650 0.3886 -0.6379
vn -0.8253 0.5263 -0.2047
vn -0.4806 0.2299 -0.8462
vn -0.2360 0.0861 -0.9679
vn 0.1125 -0.1855 -0.9762
vn 0.4384 -0.4420 -0.7826
vn 0.6269 -0.4890 -0.6065
vn 0.8470 -0.4405 0.2976
vn 0.7655 -0.5732 -0.2923
vn -0.7533 0.5280 -0.3920
vn -0.6568 0.3924 -0.6439
vn -0.5116 0.3151 -0.7994
vn -0.2265 0.0778 -0.9709
vn 0.1574 -0.2672 -0.9507
vn 0.3931 -0.3482 -0.8510
vn 0.6100 -0.4785 -0.6317
vn 0.8096 -0.5621 0.1694
vn 0.7545 -0.5983 -0.2698
vn -0.7606 0.4918 -0.4238
vn -0.6462 0.4462 -0.6192
vn -0.5002 0.3190 -0.8050
vn -0.2112 0.0539 -0.9759
vn 0.1246 -0.1485 -0.9810
vn 0.4097 -0.3307 -0.8501
vn 0.6383 -0.4993 -0.5859
vn 0.7675 -0.6215 0.1569
vn 0.7594 -0.6120 -0.2210
vn -0.8106 0.5050 -0.2964
vn -0.6798 0.4349 -0.5905
vn -0.4647 0.2669 -0.8443
vn -0.2041 0.0687 -0.9765
vn 0.0620 -0.1121 -0.9918
vn 0.3743 -0.3387 -0.8632
vn 0.6322 -0.5390 -0.5566
vn 0.7485 -0.6375 0.1825
vn 0.7615 -0.6260 -0.1681
vn -0.8379 0.4742 -0.2704
vn -0.7410 0.4287 -0.5169
vn -0.5046 0.2823 -0.8159
vn -0.2057 0.0873 -0.9747
vn 0.0809 -0.1240 -0.9890
vn 0.3787 -0.3716 -0.8477
vn 0.6181 -0.5465 -0.5651
vn 0.7769 -0.5817 0.2409
vn 0.7692 -0.6084 -0.1954
vn -0.8374 0.5033 -0.2133
vn -0.7595 0.4641 -0.4558
vn -0.5549 0.3451 -0.7570
vn -0.2361 0.1504 -0.9600
vn 0.1329 -0.1321 -0.9823
vn 0.4326 -0.3881 -0.8138
vn 0.6273 -0.5339 -0.5670
vn 0.7586 -0.5742 0.3081
vn 0.7616 -0.6048 -0.2326
vn -0.3951 0.8313 -0.3911
vn -0.4380 0.8783 -0.1917
vn -0.2622 0.7319 -0.6290
vn 0.0003 0.5539 -0.8326
vn 0.3822 0.2885 -0.8779
vn 0.6876 0.0817 -0.7214
vn 0.8450 -0.0549 -0.5319
vn 0.9530 -0.1327 -0.2724
vn 0.9749 -0.0781 0.2085
vn -0.6638 0.2890 0.6898
vn -0.5528 0.1562 0.8185
vn -0.7195 0.0827 0.6896
vn -0.4240 -0.0251 0.9053
vn -0.1817 -0.1689 0.9687
vn 0.2104 -0.3404 0.9164
vn -0.3588 -0.6203 0.6975
vn 0.5556 -0.5415 0.6310
vn 0.6871 -0.6132 0.3897
vn -0.3781 -0.9016 0.2099
vn -0.6992 0.1980 0.6870
vn -0.5265 0.1209 0.8415
vn -0.2806 0.0796 0.9565
vn 0.0188 -0.0623 0.9979
vn 0.3656 -0.3397 0.8666
vn 0.6266 -0.5202 0.5804
vn 0.7205 -0.5532 0.4182
vn -0.6578 0.3893 0.6447
vn -0.4772 0.3181 0.8192
vn -0.1878 0.1038 0.9767
vn 0.1272 -0.1647 0.9781
vn 0.4175 -0.3808 0.8251
vn 0.6322 -0.5110 0.5824
vn 0.7276 -0.5305 0.4349
vn 0.7607 -0.5694 0.3117
vn -0.5610 0.3610 0.7450
vn -0.4904 0.2946 0.8202
vn -0.2061 0.0572 0.9768
vn 0.1311 -0.1931 0.9724
vn 0.4059 -0.4002 0.8216
vn 0.5770 -0.4873 0.6554
vn 0.7200 -0.5166 0.4635
vn -0.5217 0.4052 0.7508
vn -0.3745 0.2730 0.8861
vn -0.1615 0.0144 0.9868
vn 0.0882 -0.2932 0.9520
vn 0.2960 -0.4184 0.8587
vn 0.5125 -0.3899 0.7651
vn 0.7111 -0.3601 0.6039
vn 0.7897 -0.5292 0.3102
vn -0.4684 0.3804 0.7974
vn -0.2467 -0.0232 0.9688
vn -0.0645 -0.2566 0.9644
vn 0.0718 -0.2557 0.9641
vn 0.1874 -0.1294 0.9737
vn 0.4277 -0.1968 0.8822
vn 0.8096 -0.5620 0.1695
vn 0.8470 -0.4404 0.2976
vn -0.2427 0.1014 0.9648
vn -0.1161 0.0421 0.9923
vn -0.0182 0.0695 0.9974
vn 0.0846 0.0388 0.9957
vn 0.2221 -0.1314 0.9661
vn 0.3907 -0.2976 0.8711
vn 0.7071 -0.4017 0.5819
vn 0.6207 -0.4868 0.6146
vn -0.2270 0.2825 0.9320
vn 0.0198 0.1187 0.9927
vn 0.1145 0.0058 0.9934
vn 0.1622 -0.0763 0.9838
vn 0.2484 -0.1529 0.9565
vn 0.4138 -0.3108 0.8556
vn 0.6305 -0.5335 0.5637
vn -0.3265 0.2668 0.9067
vn -0.0300 0.0879 0.9957
vn 0.1224 -0.0205 0.9923
vn 0.1935 -0.1119 0.9747
vn 0.2728 -0.2162 0.9375
vn 0.4348 -0.3823 0.8153
vn 0.6361 -0.5365 0.5546
vn 0.7485 -0.6375 0.1826
vn -0.3780 0.3571 0.8542
vn -0.0310 0.0729 0.9969
vn 0.1468 -0.1538 0.9771
vn 0.2024 -0.2140 0.9556
vn 0.2905 -0.2842 0.9137
vn 0.4319 -0.4013 0.8077
vn 0.7769 -0.5817 0.2410
vn 0.7614 -0.6149 0.2051
vn -0.3287 0.2676 0.9057
vn 0.1980 -0.0658 0.9780
vn 0.2304 -0.0366 0.9724
vn 0.2544 -0.0885 0.9630
vn 0.3609 -0.2454 0.8997
vn 0.4681 -0.3647 0.8049
vn 0.6044 -0.5013 0.6192
vn 0.7585 -0.5742 0.3081
vn -0.7291 0.5942 0.3396
vn 0.3841 0.4609 0.8001
vn 0.7611 0.3081 0.5708
vn 0.8449 0.3145 0.4327
vn 0.7428 0.4004 0.5366
vn 0.8259 0.2219 0.5183
vn 0.5628 -0.4321 0.7047
vn 0.9749 -0.0782 0.2085
vn -0.8618 0.5043 -0.0538
vn -0.8600 0.5028 -0.0866
vn -0.8588 0.5122 -0.0109
vn -0.7490 0.6574 -0.0824
vn -0.7963 0.5402 0.2722
vn -0.8199 0.5725 0.0055
vn -0.8018 0.5854 -0.1200
vn -0.8781 0.4541 0.1508
vn -0.8546 0.5193 0.0085
vn -0.7899 0.6109 -0.0544
vn -0.6193 0.7781 -0.1048
vn -0.4992 0.8647 -0.0560
vn -0.6953 0.5096 0.5068
vn -0.8347 0.5153 0.1944
vn -0.8192 0.5078 0.2666
vn -0.7946 0.5172 0.3181
vn -0.8357 0.5352 -0.1231
vn -0.6917 0.6550 0.3041
vn -0.7351 0.6043 0.3073
vn -0.7929 0.4485 0.4125
vn -0.7291 0.5941 0.3398
vn -0.7637 0.3932 0.5120
vn -0.8561 0.4368 0.2763
vn -0.8122 0.5526 0.1871
vn -0.6371 0.7533 0.1635
vn -0.5182 0.8451 0.1312
vn -0.8562 0.5093 0.0865
vn -0.6700 0.4616 0.5813
vn -0.6498 0.4538 0.6098
vn -0.5492 0.4165 0.7245
vn -0.4847 0.3910 0.7824
vn -0.6310 0.6285 0.4548
vn -0.6185 0.3884 0.6831
vn -0.5462 0.3794 0.7468
vn -0.7191 0.4212 0.5527
vn -0.8181 0.3148 0.4812
vn -0.7836 0.4262 0.4519
vn -0.6058 0.6800 0.4130
vn -0.7764 0.5232 0.3513
vn 0.0931 0.3441 0.9343
vn 0.3501 -0.2267 0.9089
vn 0.6124 0.0105 0.7905
vn 0.2802 0.3291 0.9018
vn 0.4786 -0.0079 0.8780
vn 0.4391 0.3443 0.8299
vn 0.6531 -0.0276 0.7568
vn 0.5418 0.3818 0.7487
vn 0.7958 -0.0124 0.6055
vn 0.6702 0.4026 0.6235
vn 0.8746 0.0279 0.4841
vn 0.9414 0.0485 0.3338
vn 0.3476 -0.2220 0.9110
vn 0.4798 -0.0048 0.8774
vn 0.6746 -0.0239 0.7378
vn 0.8278 -0.0050 0.5610
vn 0.8981 0.0364 0.4383
vn 0.9489 0.0545 0.3109
vn 0.3459 -0.2174 0.9127
vn 0.4831 -0.0009 0.8755
vn 0.6991 -0.0211 0.7147
vn 0.8587 -0.0001 0.5125
vn 0.9181 0.0442 0.3939
vn 0.9999 0.0138 0.0068
vn 0.9535 0.0626 0.2947
vn 0.3449 -0.2123 0.9143
vn 0.4873 0.0024 0.8733
vn 0.7255 -0.0207 0.6879
vn 0.8895 0.0067 0.4570
vn 0.9350 0.0545 0.3505
vn 0.9998 0.0211 -0.0038
vn 0.9562 0.0720 0.2838
vn 0.3457 -0.2024 0.9162
vn 0.4917 0.0104 0.8707
vn 0.7543 -0.0199 0.6562
vn 0.9197 0.0208 0.3920
vn 0.9469 0.0654 0.3148
vn 0.9994 0.0285 -0.0209
vn 0.9575 0.0756 0.2784
vn 0.3504 -0.1882 0.9175
vn 0.4950 0.0245 0.8686
vn 0.7872 -0.0141 0.6166
vn 0.9457 0.0314 0.3234
vn 0.9519 0.0342 0.3045
vn 0.9996 0.0234 -0.0167
vn 0.9648 0.0174 0.2625
vn 0.3728 -0.1752 0.9112
vn 0.4821 0.0335 0.8755
vn 0.8380 -0.0261 0.5451
vn 0.9496 -0.0348 0.3115
vn 0.9317 -0.1320 0.3384
vn 0.9994 -0.0018 0.0332
vn 0.9265 -0.2799 0.2515
vn 0.5563 0.6995 0.4486
vn 0.2744 0.6458 0.7125
vn 0.5528 0.5207 0.6506
vn 0.6002 0.7748 0.1985
vn 0.3605 0.7277 0.5836
vn 0.5893 0.8032 -0.0864
vn 0.4384 0.8465 0.3020
vn 0.5116 0.7701 -0.3811
vn 0.4271 0.9029 -0.0488
vn 0.2673 0.7183 0.6423
vn 0.2831 0.6134 0.7373
vn 0.3124 0.8743 0.3714
vn 0.3425 0.9395 -0.0025
vn 0.3313 0.7044 0.6277
vn 0.3894 0.6106 0.6896
vn 0.2973 0.8628 0.4089
vn 0.3236 0.9431 0.0759
vn 0.3900 0.8569 -0.3370
vn 0.3756 0.7083 0.5977
vn 0.3808 0.6551 0.6526
vn 0.3425 0.8451 0.4104
vn 0.3417 0.9299 0.1362
vn 0.4129 0.8393 -0.3538
vn 0.3360 0.7376 0.5857
vn 0.3957 0.6713 0.6268
vn 0.3576 0.8331 0.4219
vn 0.3669 0.9194 0.1414
vn 0.3688 0.8817 -0.2942
vn 0.2325 0.7699 0.5943
vn 0.3672 0.6449 0.6703
vn 0.3645 0.5724 0.7345
vn 0.4347 0.5426 0.7188
vn 0.4007 0.5459 0.7358
vn 0.2441 0.5919 0.7682
vn 0.4049 0.5268 0.7473
vn 0.2427 0.6741 0.6976
vn 0.3421 0.4835 0.8057
vn 0.4131 0.4921 0.7663
vn 0.3544 0.5351 0.7669
vn 0.2609 0.5332 0.8048
vn 0.6516 0.2731 0.7077
vn 0.6590 0.2366 0.7140
vn 0.2417 0.6456 0.7244
vn 0.3186 0.4474 0.8357
vn 0.3742 0.4517 0.8099
vn 0.3579 0.4384 0.8244
vn 0.4966 0.2524 0.8305
vn 0.7873 -0.0703 0.6126
vn 0.7328 0.1002 0.6730
vn 0.2561 0.5887 0.7667
vn 0.3312 0.3668 0.8693
vn 0.4007 0.3382 0.8515
vn 0.5144 0.2124 0.8308
vn 0.7320 -0.1374 0.6673
vn 0.7765 -0.3645 0.5141
vn 0.6582 -0.0981 0.7464
vn 0.2928 0.4658 0.8350
vn 0.3664 0.2276 0.9022
vn 0.4812 0.1956 0.8545
vn 0.7827 -0.0873 0.6162
vn 0.8316 -0.3658 0.4180
vn 0.7466 -0.4698 0.4710
vn 0.4378 -0.3994 0.8055
vn 0.3249 0.3531 0.8774
vn 0.3896 0.1146 0.9138
vn 0.6848 0.0123 0.7286
vn 0.9220 -0.1591 0.3530
vn 0.8898 -0.2627 0.3731
vn 0.7950 -0.4750 0.3773
vn 0.1622 -0.6779 0.7170
vn 0.0615 -0.9194 0.3885
vn 0.7163 0.6277 -0.3048
vn 0.4150 0.7214 -0.5543
vn 0.6134 0.5380 -0.5782
vn 0.3469 0.5977 -0.7228
vn 0.5481 0.3005 -0.7806
vn 0.4196 0.2535 -0.8716
vn 0.4139 0.1056 -0.9042
vn 0.5380 0.0378 -0.8421
vn 0.2289 -0.0840 -0.9698
vn 0.5800 -0.1843 -0.7935
vn -0.2138 -0.3306 -0.9192
vn 0.3066 -0.4909 -0.8155
vn -0.7465 -0.4031 -0.5293
vn 0.1165 -0.9359 -0.3326
vn -0.8488 -0.5268 -0.0450
vn 0.3349 -0.8934 0.2994
vn 0.8240 0.5022 -0.2623
vn 0.6768 0.4272 -0.5995
vn 0.4395 0.2784 -0.8540
vn 0.1813 0.0820 -0.9800
vn -0.1944 -0.1386 -0.9711
vn -0.4115 -0.2810 -0.8670
vn -0.6777 -0.4937 -0.5449
vn -0.8001 -0.5975 -0.0535
vn -0.7672 -0.5810 0.2719
vn 0.8170 0.4657 -0.3400
vn 0.7120 0.4303 -0.5549
vn 0.4461 0.3219 -0.8351
vn 0.1105 0.0750 -0.9910
vn -0.1555 -0.1494 -0.9765
vn -0.3846 -0.3504 -0.8540
vn -0.6283 -0.5384 -0.5615
vn -0.8083 -0.5845 -0.0701
vn -0.7658 -0.5673 0.3029
vn 0.7711 0.5469 -0.3261
vn 0.7259 0.4836 -0.4891
vn 0.4729 0.2475 -0.8456
vn 0.1688 -0.0060 -0.9856
vn -0.0884 -0.1964 -0.9765
vn -0.3231 -0.3371 -0.8843
vn -0.6027 -0.5171 -0.6077
vn -0.7389 -0.6632 -0.1188
vn -0.7814 -0.5556 0.2841
vn 0.6598 0.4362 -0.6119
vn 0.4958 0.2453 -0.8331
vn 0.2064 0.0315 -0.9780
vn -0.0702 -0.1361 -0.9882
vn -0.3320 -0.4029 -0.8529
vn -0.5032 -0.6503 -0.5691
vn -0.7419 -0.6180 -0.2599
vn -0.7962 -0.5547 0.2416
vn 0.8333 0.5462 -0.0855
vn 0.7177 0.4380 -0.5413
vn 0.4903 0.2407 -0.8377
vn 0.2609 0.0789 -0.9621
vn -0.0759 -0.2291 -0.9704
vn -0.3922 -0.5036 -0.7698
vn -0.5870 -0.4799 -0.6520
vn -0.7777 -0.5367 -0.3275
vn -0.8407 -0.5143 0.1696
vn 0.8069 0.5671 -0.1651
vn 0.6882 0.4008 -0.6047
vn 0.4965 0.2323 -0.8364
vn 0.2739 0.0933 -0.9572
vn -0.1775 -0.2113 -0.9612
vn -0.4673 -0.3398 -0.8162
vn -0.5969 -0.4374 -0.6726
vn -0.7549 -0.5709 -0.3228
vn -0.8199 -0.5440 0.1783
vn 0.7762 0.5753 -0.2581
vn 0.6436 0.4247 -0.6367
vn 0.5052 0.3448 -0.7911
vn 0.2549 0.1748 -0.9510
vn -0.1860 -0.1429 -0.9721
vn -0.4760 -0.3564 -0.8040
vn -0.6192 -0.4548 -0.6401
vn -0.7542 -0.5804 -0.3070
vn -0.8029 -0.5838 0.1205
vn 0.7894 0.5054 -0.3485
vn 0.7377 0.5263 -0.4230
vn 0.6437 0.4433 -0.6238
vn 0.4848 0.3295 -0.8102
vn 0.2622 0.1557 -0.9524
vn -0.1338 -0.1198 -0.9837
vn -0.4452 -0.3277 -0.8333
vn -0.6223 -0.4773 -0.6205
vn -0.7590 -0.6080 -0.2328
vn -0.7609 -0.6372 0.1224
vn 0.7988 0.4646 -0.3823
vn 0.7013 0.4193 -0.5765
vn 0.5183 0.3200 -0.7931
vn 0.2782 0.1651 -0.9462
vn -0.1267 -0.1202 -0.9846
vn -0.4443 -0.3700 -0.8159
vn -0.5839 -0.5043 -0.6362
vn -0.7309 -0.6392 0.2392
vn -0.7400 -0.6562 0.1478
vn 0.8604 0.4740 -0.1871
vn 0.7447 0.4413 -0.5007
vn 0.5618 0.3465 -0.7512
vn 0.3145 0.2108 -0.9256
vn -0.1433 -0.1000 -0.9846
vn -0.5216 -0.4068 -0.7500
vn -0.6092 -0.5420 -0.5789
vn -0.7614 -0.6142 -0.2075
vn -0.7422 -0.5793 0.3370
vn 0.4212 0.7951 -0.4364
vn 0.2975 0.7177 -0.6296
vn 0.1012 0.6053 -0.7895
vn -0.3348 0.3199 -0.8863
vn -0.7507 0.0813 -0.6557
vn -0.8965 -0.0159 -0.4427
vn -0.9592 -0.0724 -0.2732
vn -0.7217 -0.6661 -0.1883
vn 0.6589 0.2366 0.7140
vn 0.6510 0.2895 0.7017
vn 0.5528 0.5206 0.6506
vn 0.7328 0.1002 0.6731
vn 0.5431 0.1575 0.8248
vn 0.6581 -0.0981 0.7465
vn 0.4275 -0.0245 0.9037
vn 0.1834 -0.1913 0.9642
vn 0.1622 -0.6780 0.7170
vn -0.2119 -0.3672 0.9057
vn 0.0616 -0.9194 0.3885
vn -0.5710 -0.5565 0.6036
vn 0.3349 -0.8934 0.2993
vn -0.7080 -0.6087 0.3581
vn 0.6893 0.1913 0.6987
vn 0.5375 0.0857 0.8389
vn 0.3217 0.0363 0.9461
vn 0.0027 -0.0905 0.9959
vn -0.3850 -0.3620 0.8490
vn -0.6405 -0.5325 0.5533
vn -0.7671 -0.5810 0.2719
vn -0.7260 -0.5553 0.4056
vn 0.6238 0.3103 0.7174
vn 0.4606 0.2701 0.8455
vn 0.2000 0.1294 0.9712
vn -0.1402 -0.1539 0.9781
vn -0.4553 -0.4036 0.7936
vn -0.6516 -0.5210 0.5513
vn -0.7335 -0.5347 0.4197
vn 0.5507 0.3626 0.7519
vn 0.4281 0.2987 0.8529
vn 0.1627 0.0435 0.9857
vn -0.1682 -0.2344 0.9575
vn -0.4346 -0.4256 0.7937
vn -0.6150 -0.4953 0.6135
vn -0.7814 -0.5556 0.2842
vn -0.7487 -0.4875 0.4492
vn 0.5699 0.4280 0.7014
vn 0.3926 0.2265 0.8914
vn 0.1145 -0.0358 0.9928
vn -0.1666 -0.2863 0.9435
vn -0.3911 -0.3892 0.8340
vn -0.5859 -0.3683 0.7218
vn -0.8406 -0.5143 0.1697
vn -0.7313 -0.4270 0.5319
vn 0.4393 0.3704 0.8184
vn 0.3262 0.1115 0.9387
vn 0.1355 -0.1499 0.9794
vn -0.0931 -0.2107 0.9731
vn -0.2802 -0.1923 0.9405
vn -0.4849 -0.3193 0.8142
vn -0.8199 -0.5440 0.1784
vn -0.7262 -0.4719 0.4999
vn 0.1706 0.0691 0.9829
vn 0.0855 -0.0135 0.9962
vn 0.1322 0.1261 0.9832
vn -0.0503 -0.0271 0.9984
vn -0.2586 -0.2400 0.9357
vn -0.4042 -0.2884 0.8680
vn -0.6648 -0.4575 0.5905
vn 0.2313 0.2359 0.9438
vn -0.0154 0.1047 0.9944
vn -0.0865 -0.0054 0.9962
vn -0.1681 -0.0988 0.9808
vn -0.2664 -0.1535 0.9516
vn -0.4459 -0.3331 0.8308
vn -0.6529 -0.5535 0.5170
vn 0.3914 0.2223 0.8930
vn 0.1172 0.0684 0.9908
vn -0.0749 -0.0444 0.9962
vn -0.1803 -0.1319 0.9747
vn -0.2859 -0.2504 0.9250
vn -0.4806 -0.4440 0.7562
vn -0.7609 -0.6372 0.1225
vn -0.6538 -0.6000 0.4610
vn 0.4031 0.2703 0.8743
vn 0.1945 0.0831 0.9774
vn -0.0242 -0.0871 0.9959
vn -0.1806 -0.2045 0.9621
vn -0.3086 -0.3066 0.9004
vn -0.5008 -0.4975 0.7083
vn -0.6355 -0.6271 0.4505
vn 0.2068 0.1843 0.9609
vn 0.0611 0.2024 0.9774
vn -0.1208 0.0684 0.9903
vn -0.2342 -0.1292 0.9636
vn -0.4055 -0.3385 0.8491
vn -0.6374 -0.4749 0.6068
vn -0.7421 -0.5793 0.3371
vn -0.7233 -0.4988 0.4775
vn 0.2385 0.8022 0.5473
vn -0.3751 -0.0170 0.9268
vn -0.7629 -0.4351 0.4782
vn -0.9127 -0.3397 0.2270
vn -0.6390 0.3970 0.6588
vn -0.9172 -0.3245 0.2313
vn -0.8541 0.1059 0.5092
vn -0.6997 -0.4376 0.5647
vn 0.4502 0.8928 0.0158
vn 0.7915 0.5149 0.3292
vn 0.8740 0.4858 -0.0125
vn 0.8838 0.4652 0.0493
vn 0.8499 0.5268 -0.0133
vn 0.7946 0.6024 -0.0755
vn 0.7948 0.6003 0.0887
vn 0.7330 0.6701 -0.1172
vn 0.8148 0.4788 0.3270
vn 0.8461 0.5328 0.0157
vn 0.8741 0.4718 0.1156
vn 0.8580 0.5133 0.0197
vn 0.7801 0.6244 -0.0403
vn 0.5894 0.8032 -0.0864
vn 0.4342 0.8896 0.1417
vn 0.8089 0.4296 0.4014
vn 0.8576 0.5144 -0.0006
vn 0.8096 0.4924 0.3196
vn 0.7658 0.5547 0.3255
vn 0.7345 0.6110 0.2952
vn 0.6921 0.6291 0.3539
vn 0.7713 0.5728 0.2774
vn 0.7996 0.4746 0.3680
vn 0.7784 0.3789 0.5005
vn 0.8532 0.4354 0.2871
vn 0.7974 0.5651 0.2119
vn 0.6962 0.4603 0.5509
vn 0.3708 0.8695 0.3262
vn 0.6524 0.4161 0.6334
vn 0.6618 0.3869 0.6421
vn 0.5629 0.3854 0.7312
vn 0.5233 0.4856 0.7002
vn 0.5163 0.4354 0.7375
vn 0.6572 0.5587 0.5060
vn 0.6581 0.3819 0.6489
vn 0.7250 0.3719 0.5797
vn 0.8058 0.3162 0.5007
vn 0.7630 0.4313 0.4814
vn 0.5564 0.6995 0.4486
vn -0.3182 0.1421 -0.9373
vn 0.2583 -0.9399 -0.2234
vn -0.3187 -0.8579 -0.4030
vn -0.7124 0.7017 -0.0061
vn -0.3101 -0.3011 0.9018
vn -0.2337 0.9604 0.1518
vn -0.2338 0.9604 0.1518
vn 0.3281 0.2273 -0.9169
vn 0.3536 0.2642 -0.8973
vn 0.2773 -0.9417 -0.1903
vn -0.2779 0.9455 0.1695
vn 0.3278 0.2272 -0.9170
vn 0.3180 0.2734 -0.9078
vn 0.2472 -0.9452 -0.2131
vn -0.3440 -0.2822 0.8956
vn -0.2519 0.9474 0.1977
vn 0.2687 0.2876 -0.9193
vn 0.2057 -0.9504 -0.2335
vn -0.3079 -0.2851 0.9077
vn -0.2156 0.9487 0.2313
vn -0.2520 0.9473 0.1977
vn -0.2614 -0.2873 0.9215
vn 0.1869 -0.9482 -0.2569
vn -0.2613 -0.2874 0.9215
vn -0.1840 0.9506 0.2500
vn 0.2386 0.2929 -0.9259
vn -0.2263 -0.2980 0.9273
vn 0.2445 0.2892 -0.9255
vn 0.1974 -0.9435 -0.2663
vn -0.2263 -0.2982 0.9273
vn -0.1929 0.9503 0.2444
vn -0.1930 0.9503 0.2444
vn -0.2368 -0.3107 0.9206
vn 0.7229 -0.6902 -0.0312
vn -0.2368 -0.3107 0.9205
vn 0.3566 0.8489 0.3901
vn 0.7593 0.3325 -0.5594
vn 0.3330 -0.1782 0.9259
vn -0.7124 0.7018 -0.0061
vn 0.7842 0.1564 -0.6005
vn -0.4852 -0.5608 -0.6709
vn -0.3004 0.0163 -0.9537
vn -0.8662 0.4165 0.2760
vn 0.4324 0.8702 0.2363
vn -0.6737 0.7287 -0.1233
vn -0.6736 0.7287 -0.1233
vn 0.9014 -0.3751 -0.2162
vn 0.4117 0.5867 0.6974
vn -0.4615 -0.5076 -0.7276
vn 0.4146 0.5230 0.7447
vn -0.8662 0.4166 0.2761
vn 0.9049 -0.3230 -0.2773
vn 0.9127 -0.2770 -0.3004
vn 0.9049 -0.3229 -0.2773
vn -0.8818 0.3535 0.3122
vn 0.4093 0.4632 0.7861
vn -0.4580 -0.4526 -0.7651
vn -0.8818 0.3535 0.3123
vn 0.9188 -0.2375 -0.3154
vn -0.8841 0.3129 0.3471
vn 0.3885 0.4002 0.8300
vn -0.4375 -0.3948 -0.8079
vn 0.9188 -0.2368 -0.3157
vn 0.9292 -0.1667 -0.3298
vn -0.8985 0.2544 0.3578
vn 0.3652 0.3738 0.8526
vn -0.4126 -0.3518 -0.8402
vn -0.8985 0.2545 0.3578
vn 0.9363 -0.0658 -0.3450
vn -0.9111 0.1996 0.3606
vn 0.3467 0.3186 0.8822
vn -0.9157 0.1017 0.3887
vn 0.3466 0.3186 0.8823
vn -0.2583 -0.8103 -0.5260
vn -0.4027 -0.2996 -0.8649
vn -0.7506 -0.4757 0.4586
vn -0.9158 0.1017 0.3886
vn -0.7507 -0.4756 0.4586
vn 0.3299 -0.2779 0.9022
vn 0.7765 -0.6209 -0.1076
vn -0.6674 0.6724 0.3200
vn -0.4163 0.4980 0.7607
vn -0.4358 0.8316 0.3444
vn 0.1328 -0.2590 -0.9567
vn 0.4000 -0.4850 -0.7777
vn 0.0359 -0.4257 -0.9041
vn -0.1875 0.8762 0.4440
vn 0.4783 -0.1146 -0.8707
vn 0.3999 -0.4851 -0.7777
vn -0.3814 0.5043 0.7747
vn 0.0324 0.7985 0.6011
vn 0.6328 -0.1688 -0.7557
vn 0.7130 -0.3031 -0.6322
vn -0.8184 0.2084 0.5356
vn -0.8049 0.4400 0.3982
vn 0.0258 -0.5931 -0.8047
vn 0.3999 -0.4850 -0.7777
vn -0.4182 0.4654 0.7801
vn -0.3834 0.4717 0.7941
vn 0.1423 0.6112 0.7786
vn 0.7034 -0.4705 -0.5328
vn -0.7058 0.0179 0.7082
vn 0.1052 -0.7262 -0.6793
vn 0.2609 -0.7816 -0.5666
vn -0.4885 -0.0561 0.8707
vn 0.4405 -0.7494 -0.4943
vn -0.0060 0.1442 0.9895
vn 0.1288 0.3798 0.9161
vn 0.6053 -0.6361 -0.4786
vn -0.5571 0.4250 -0.7134
vn -0.5571 0.4251 -0.7134
vn 0.2988 -0.1471 -0.9429
vn 0.3282 0.8041 -0.4958
vn -0.1293 0.7219 -0.6798
vn 0.3281 0.8041 -0.4957
vn -0.1293 0.7220 -0.6797
vn 0.7283 0.6564 -0.1967
vn 0.7283 0.6565 -0.1966
vn 0.9419 0.3108 0.1274
vn 0.9419 0.3109 0.1275
vn 0.9171 -0.1166 0.3813
vn 0.9170 -0.1166 0.3814
vn -0.2404 -0.0116 0.9706
vn 0.6579 -0.5472 0.5175
vn 0.6578 -0.5471 0.5176
vn -0.2269 -0.9270 0.2985
vn 0.2307 -0.8449 0.4827
vn -0.2269 -0.9270 0.2986
vn 0.2307 -0.8448 0.4828
vn -0.6275 -0.7786 0.0007
vn -0.6276 -0.7786 0.0008
vn -0.8403 -0.4341 -0.3247
vn -0.8404 -0.4340 -0.3247
vn -0.8153 -0.0067 -0.5790
vn -0.8154 -0.0066 -0.5789
vn -0.6239 0.6710 0.4006
vn -0.3437 0.4711 0.8124
vn -0.3886 0.8233 0.4137
vn 0.0521 -0.2175 -0.9747
vn 0.3264 -0.4570 -0.8274
vn -0.0444 -0.3836 -0.9224
vn -0.3078 0.4760 0.8238
vn -0.1331 0.8584 0.4954
vn 0.2200 -0.1102 -0.9692
vn 0.0972 0.7694 0.6313
vn 0.5670 -0.1472 -0.8104
vn 0.6540 -0.2891 -0.6991
vn -0.7599 0.4390 0.4793
vn -0.3448 0.4377 0.8303
vn 0.3264 -0.4571 -0.8274
vn -0.0505 -0.5555 -0.8300
vn -0.3089 0.4426 0.8418
vn 0.2082 0.3336 0.9194
vn 0.2167 0.5713 0.7916
vn 0.6477 -0.4610 -0.6067
vn -0.6472 0.0002 0.7624
vn -0.7685 0.2016 0.6073
vn 0.0356 -0.6963 -0.7168
vn 0.1986 -0.7599 -0.6190
vn -0.1633 -0.0504 0.9853
vn 0.3833 -0.7345 -0.5600
vn 0.0742 0.0986 0.9924
vn 0.5504 -0.6260 -0.5523
vn -0.6001 0.4685 -0.6484
vn -0.6002 0.4685 -0.6483
vn -0.1659 0.7542 -0.6354
vn -0.1660 0.7542 -0.6353
vn 0.4049 -0.0849 -0.9104
vn 0.7257 0.6502 -0.2250
vn 0.3057 0.8194 -0.4850
vn 0.3057 0.8194 -0.4849
vn 0.9563 0.2847 0.0668
vn 0.9563 0.2847 0.0669
vn 0.7257 0.6503 -0.2249
vn 0.9405 -0.1542 0.3028
vn 0.6826 -0.5839 0.4393
vn 0.6826 -0.5839 0.4395
vn -0.4189 -0.0855 0.9040
vn 0.2486 -0.8702 0.4254
vn 0.2486 -0.8701 0.4255
vn -0.2231 -0.9351 0.2752
vn -0.2231 -0.9351 0.2753
vn -0.8736 -0.4005 -0.2766
vn -0.6434 -0.7653 0.0164
vn -0.8736 -0.4005 -0.2765
vn -0.8577 0.0381 -0.5128
vn -0.8577 0.0381 -0.5127
vn -0.7360 -0.6752 -0.0487
vn -0.2268 0.2907 -0.9295
vn -0.2020 -0.9380 -0.2816
vn -0.3336 0.8516 0.4043
vn 0.2163 -0.3267 0.9201
vn 0.2003 0.9486 0.2451
vn -0.7535 0.3617 -0.5490
vn 0.2004 0.9485 0.2452
vn 0.2164 -0.3266 0.9201
vn -0.1742 -0.9465 -0.2716
vn 0.1949 -0.3033 0.9328
vn 0.1749 0.9497 0.2597
vn -0.2047 0.2938 -0.9337
vn -0.1955 -0.9495 -0.2454
vn 0.2267 -0.2878 0.9305
vn 0.2034 0.9495 0.2389
vn -0.2397 0.2845 -0.9282
vn -0.2048 0.2937 -0.9337
vn 0.1948 -0.3033 0.9328
vn -0.2398 0.2846 -0.9282
vn -0.2301 -0.9484 -0.2182
vn 0.2730 -0.2784 0.9209
vn 0.2388 0.9492 0.2052
vn -0.2851 0.2694 -0.9198
vn -0.2490 -0.9476 -0.1999
vn 0.2979 -0.2722 0.9150
vn 0.2569 0.9517 0.1681
vn 0.2569 0.9517 0.1680
vn -0.3214 0.2466 -0.9143
vn 0.2979 -0.2721 0.9150
vn -0.2483 -0.9509 -0.1849
vn 0.2973 -0.2649 0.9173
vn 0.2179 0.9679 0.1257
vn 0.2178 0.9679 0.1257
vn -0.3201 0.2015 -0.9257
vn 0.3126 -0.8663 -0.3896
vn 0.7110 0.7025 -0.0300
vn 0.3269 0.1212 -0.9373
vn -0.3202 0.2015 -0.9257
vn -0.3337 0.8516 0.4043
vn 0.7110 0.7025 -0.0299
vn 0.7778 -0.3536 0.5196
vn 0.2959 -0.0371 -0.9545
vn -0.8977 -0.3855 -0.2133
vn -0.7857 0.1372 -0.6031
vn -0.4227 0.6075 0.6725
vn 0.6713 0.7213 -0.1708
vn -0.4256 0.8815 0.2046
vn 0.4966 -0.5972 -0.6299
vn 0.8577 0.4524 0.2444
vn 0.4965 -0.5972 -0.6299
vn -0.8940 -0.3433 -0.2878
vn -0.4398 0.5403 0.7174
vn -0.4226 0.6076 0.6725
vn 0.4883 -0.5331 -0.6910
vn 0.8694 0.3835 0.3116
vn 0.4883 -0.5330 -0.6910
vn -0.9043 -0.2820 -0.3206
vn -0.4357 0.4595 0.7739
vn -0.4397 0.5403 0.7174
vn 0.4791 -0.4529 -0.7519
vn 0.8696 0.3175 0.3782
vn -0.9016 -0.2386 -0.3608
vn -0.4261 0.4133 0.8047
vn -0.4260 0.4134 0.8048
vn -0.4357 0.4595 0.7740
vn 0.8888 0.2487 0.3850
vn 0.4507 -0.3921 -0.8020
vn -0.9145 -0.1822 -0.3613
vn -0.4083 0.4092 0.8160
vn 0.8888 0.2487 0.3849
vn 0.9082 0.1834 0.3761
vn 0.4225 -0.3508 -0.8357
vn 0.4053 -0.3088 -0.8604
vn -0.3736 0.3503 0.8589
vn 0.9083 0.1835 0.3760
vn 0.9173 0.0816 0.3898
vn 0.2484 -0.8167 -0.5209
vn -0.9302 -0.1003 -0.3530
vn 0.7430 -0.4829 0.4634
vn 0.9173 0.0817 0.3897
vn -0.3329 -0.2388 0.9122
vn 0.7430 -0.4829 0.4635
vn -0.3329 -0.2387 0.9122
vn -0.7655 -0.6384 -0.0802
vn -0.0983 0.7646 0.6370
vn 0.3008 0.4646 0.8329
vn 0.1354 0.8522 0.5054
vn -0.5566 -0.1330 -0.8201
vn -0.3192 -0.4454 -0.8365
vn -0.6468 -0.2748 -0.7114
vn 0.3921 0.8147 0.4272
vn -0.2064 -0.0985 -0.9735
vn 0.3369 0.4594 0.8219
vn 0.6260 0.6594 0.4163
vn -0.0390 -0.2075 -0.9775
vn 0.0544 -0.3758 -0.9251
vn -0.2184 0.3279 0.9191
vn -0.2220 0.5663 0.7938
vn -0.6437 -0.4473 -0.6210
vn 0.3013 0.4310 0.8506
vn 0.3373 0.4258 0.8396
vn 0.7581 0.4249 0.4947
vn 0.0569 -0.5483 -0.8343
vn -0.0886 0.0904 0.9920
vn -0.5498 -0.6142 -0.5661
vn -0.3835 -0.7244 -0.5728
vn 0.1476 -0.0617 0.9871
vn -0.1978 -0.7516 -0.6293
vn 0.6357 -0.0143 0.7718
vn 0.7617 0.1866 0.6205
vn -0.0324 -0.6891 -0.7239
vn -0.7149 0.6605 -0.2297
vn -0.7148 0.6605 -0.2296
vn -0.3922 -0.0715 -0.9171
vn 0.1845 0.7581 -0.6255
vn -0.2892 0.8273 -0.4816
vn 0.1846 0.7581 -0.6255
vn -0.2892 0.8274 -0.4815
vn 0.6160 0.4672 -0.6343
vn 0.6161 0.4672 -0.6342
vn 0.8659 0.0322 -0.4992
vn 0.8659 0.0322 -0.4991
vn 0.8729 -0.4082 -0.2672
vn 0.8729 -0.4082 -0.2671
vn 0.4043 -0.0991 0.9092
vn 0.6344 -0.7728 0.0189
vn 0.6344 -0.7728 0.0190
vn -0.2656 -0.8711 0.4132
vn 0.2082 -0.9402 0.2695
vn -0.2656 -0.8710 0.4133
vn -0.6964 -0.5793 0.4236
vn -0.6964 -0.5792 0.4237
vn -0.9470 -0.1452 0.2866
vn -0.9469 -0.1452 0.2867
vn -0.9537 0.2955 0.0553
vn -0.9537 0.2956 0.0553
vn -0.0525 0.8123 0.5809
vn 0.3593 0.5253 0.7713
vn 0.1706 0.8876 0.4278
vn -0.6135 -0.1912 -0.7662
vn -0.3778 -0.5062 -0.7752
vn -0.6956 -0.3234 -0.6415
vn 0.3945 0.5189 0.7584
vn 0.4212 0.8430 0.3347
vn -0.4567 -0.1392 -0.8787
vn -0.3779 -0.5062 -0.7752
vn 0.6545 0.6850 0.3200
vn -0.1086 -0.2826 -0.9531
vn -0.0113 -0.4471 -0.8944
vn -0.1652 0.6283 0.7602
vn 0.3610 0.4932 0.7915
vn -0.6868 -0.4884 -0.5383
vn 0.3962 0.4868 0.7785
vn 0.8036 0.2273 0.5500
vn 0.7919 0.4554 0.4068
vn -0.0030 -0.6120 -0.7908
vn -0.0182 0.1674 0.9857
vn -0.1532 0.4002 0.9035
vn -0.5890 -0.6519 -0.4776
vn -0.4230 -0.7643 -0.4867
vn 0.4684 -0.0320 0.8830
vn -0.2415 -0.7968 -0.5539
vn 0.6886 0.0403 0.7241
vn -0.0839 -0.7428 -0.6643
vn -0.7282 0.6458 -0.2295
vn -0.7281 0.6459 -0.2294
vn -0.3227 0.7895 -0.5220
vn -0.3226 0.7896 -0.5220
vn -0.2754 -0.1714 -0.9459
vn 0.5706 0.4126 -0.7100
vn 0.1398 0.7069 -0.6934
vn 0.5707 0.4127 -0.7100
vn 0.8291 -0.0136 -0.5589
vn 0.8292 -0.0136 -0.5588
vn 0.8508 -0.4351 -0.2947
vn 0.8508 -0.4351 -0.2946
vn 0.6330 -0.7734 0.0341
vn 0.6331 -0.7733 0.0342
vn 0.2178 0.0129 0.9759
vn 0.2266 -0.9180 0.3254
vn 0.2267 -0.9180 0.3255
vn -0.6658 -0.5401 0.5148
vn -0.2356 -0.8352 0.4969
vn -0.6658 -0.5400 0.5148
vn -0.2356 -0.8352 0.4970
vn -0.9250 -0.1147 0.3622
vn -0.9250 -0.1146 0.3623
vn -0.9469 0.3064 0.0976
vn -0.9468 0.3065 0.0977
vn -0.0919 -0.7745 -0.6259
vn 0.3086 0.4932 -0.8133
vn 0.3883 -0.8383 -0.3827
vn -0.7604 -0.5765 0.2990
vn -0.3784 0.8488 0.3693
vn -0.8330 0.5531 0.0126
vn -0.2047 0.3147 -0.9269
vn -0.3288 -0.5241 0.7856
vn 0.2917 0.4458 -0.8463
vn 0.3482 -0.8633 -0.3654
vn -0.2990 -0.4834 0.8227
vn -0.3227 0.8829 0.3410
vn -0.3228 0.8829 0.3411
vn -0.2991 -0.4834 0.8228
vn 0.2704 0.4227 -0.8650
vn 0.3053 -0.8843 -0.3533
vn -0.2698 -0.4396 0.8567
vn -0.2824 0.8959 0.3428
vn -0.2824 0.8959 0.3429
vn 0.2419 0.3976 -0.8851
vn 0.2687 -0.8945 -0.3574
vn -0.2517 0.9059 0.3407
vn -0.2517 0.9058 0.3408
vn -0.2449 -0.4246 0.8716
vn 0.2463 -0.9044 -0.3484
vn -0.2269 -0.4039 0.8862
vn -0.2215 0.9228 0.3151
vn -0.2215 0.9229 0.3151
vn 0.2263 0.3630 -0.9039
vn -0.2269 -0.4038 0.8863
vn 0.2477 -0.9098 -0.3330
vn -0.2365 -0.3906 0.8897
vn -0.2244 0.9294 0.2930
vn 0.2406 0.3438 -0.9077
vn -0.2366 -0.3905 0.8897
vn 0.7477 -0.6605 -0.0678
vn 0.3318 -0.2227 0.9167
vn 0.3526 0.8404 0.4116
vn 0.7482 0.3565 -0.5595
vn -0.2047 0.3146 -0.9269
vn 0.3317 -0.2228 0.9167
vn 0.9553 -0.2394 -0.1734
vn -0.1875 0.2582 -0.9477
vn 0.8038 0.3014 -0.5130
vn -0.7814 0.6232 -0.0335
vn 0.2741 0.5009 0.8209
vn 0.3201 0.8635 0.3897
vn -0.2227 -0.3574 -0.9070
vn 0.2741 0.5010 0.8209
vn 0.9729 -0.1516 -0.1744
vn -0.9725 0.1539 0.1748
vn 0.2233 0.4462 0.8666
vn -0.1284 -0.3705 -0.9199
vn -0.1741 -0.3576 -0.9175
vn -0.9836 0.0491 0.1733
vn -0.9949 0.0705 0.0728
vn 0.9862 -0.0423 -0.1600
vn 0.1702 0.3610 0.9169
vn -0.1942 -0.1421 -0.9706
vn -0.9686 -0.1394 0.2058
vn -0.9686 -0.1394 0.2059
vn -0.9836 0.0492 0.1733
vn 0.1955 0.2197 0.9558
vn 0.9773 0.0945 -0.1896
vn -0.1010 -0.0311 -0.9944
vn 0.1863 0.1493 0.9711
vn 0.1956 0.2197 0.9558
vn -0.9611 -0.2625 0.0857
vn 0.1863 0.1494 0.9711
vn 0.9789 0.0976 -0.1797
vn 0.9768 0.1805 -0.1149
vn -0.9611 -0.2626 0.0856
vn 0.1074 0.0736 0.9915
vn -0.9631 -0.2687 0.0153
vn 0.1073 0.0735 0.9915
vn 0.8845 -0.4648 -0.0387
vn -0.0224 -0.0138 -0.9997
vn -0.9631 -0.2687 0.0152
vn 0.1871 -0.4519 0.8722
vn -0.7098 -0.6988 0.0883
vn 0.1870 -0.4519 0.8722
vn 0.1010 -0.6674 -0.7378
vn -0.7575 0.4960 0.4244
vn -0.4978 0.2576 0.8281
vn -0.5485 0.6732 0.4959
vn 0.1914 -0.0165 -0.9814
vn 0.4805 -0.2433 -0.8426
vn 0.1158 -0.2037 -0.9722
vn -0.3122 0.7233 0.6160
vn 0.5120 0.1463 -0.8464
vn 0.4804 -0.2432 -0.8426
vn -0.4646 0.2649 0.8450
vn -0.0895 0.6413 0.7621
vn 0.6681 0.0880 -0.7389
vn 0.7622 -0.0594 -0.6446
vn -0.8511 -0.0236 0.5245
vn -0.8659 0.2341 0.4421
vn 0.1255 -0.3899 -0.9122
vn -0.4960 0.2213 0.8397
vn -0.4628 0.2287 0.8565
vn 0.0393 0.4349 0.8996
vn 0.7728 -0.2460 -0.5851
vn -0.7187 -0.2317 0.6556
vn 0.2186 -0.5362 -0.8153
vn 0.3755 -0.5956 -0.7101
vn -0.4998 -0.3123 0.8079
vn 0.5465 -0.5589 -0.6237
vn -0.0516 -0.0863 0.9949
vn 0.0534 0.1773 0.9827
vn 0.6954 -0.4324 -0.5740
vn -0.2035 0.8368 -0.5083
vn -0.5893 0.5049 -0.6307
vn -0.2035 0.8368 -0.5082
vn -0.5894 0.5049 -0.6307
vn 0.2324 0.9296 -0.2862
vn 0.2323 0.9296 -0.2862
vn 0.3415 0.1093 -0.9335
vn 0.6380 0.7700 -0.0081
vn 0.8877 0.3915 0.2424
vn 0.8877 0.3915 0.2425
vn 0.9146 -0.0835 0.3956
vn 0.9146 -0.0835 0.3957
vn 0.3256 -0.8985 0.2944
vn 0.7101 -0.5659 0.4189
vn 0.3255 -0.8985 0.2945
vn 0.7101 -0.5659 0.4190
vn -0.2638 -0.2619 0.9283
vn -0.1106 -0.9912 0.0727
vn -0.1107 -0.9912 0.0727
vn -0.5167 -0.8314 -0.2045
vn -0.5168 -0.8313 -0.2045
vn -0.7658 -0.4533 -0.4562
vn -0.7659 -0.4533 -0.4561
vn -0.7928 0.0219 -0.6091
vn -0.7928 0.0218 -0.6091
vn -0.6417 0.6301 0.4373
vn -0.3567 0.4140 0.8375
vn -0.4107 0.7877 0.4592
vn 0.0585 -0.1585 -0.9856
vn 0.3391 -0.3995 -0.8517
vn -0.0335 -0.3307 -0.9431
vn -0.3210 0.4191 0.8493
vn -0.1570 0.8247 0.5433
vn 0.2234 -0.0471 -0.9736
vn 0.0757 0.7349 0.6739
vn 0.5707 -0.0842 -0.8168
vn 0.6616 -0.2300 -0.7137
vn -0.7717 0.3899 0.5025
vn -0.3569 0.3795 0.8536
vn -0.0349 -0.5083 -0.8605
vn -0.3212 0.3847 0.8654
vn 0.1986 0.2855 0.9376
vn 0.2003 0.5310 0.8234
vn 0.6604 -0.4074 -0.6307
vn -0.6466 -0.0622 0.7603
vn -0.7738 0.1445 0.6167
vn 0.0549 -0.6533 -0.7551
vn 0.2194 -0.7178 -0.6608
vn -0.1626 -0.1124 0.9803
vn 0.4032 -0.6908 -0.6002
vn 0.0707 0.0425 0.9966
vn 0.5672 -0.5784 -0.5863
vn -0.1856 0.7851 -0.5909
vn -0.6121 0.4894 -0.6212
vn -0.1856 0.7852 -0.5908
vn -0.6121 0.4895 -0.6211
vn 0.4072 -0.0207 -0.9131
vn 0.2832 0.8537 -0.4370
vn 0.2832 0.8538 -0.4369
vn 0.7070 0.6821 -0.1867
vn 0.7070 0.6821 -0.1866
vn 0.9442 -0.1456 0.2954
vn 0.9479 0.3072 0.0848
vn 0.9442 -0.1456 0.2955
vn 0.9479 0.3072 0.0849
vn 0.6975 -0.5900 0.4067
vn 0.6974 -0.5900 0.4069
vn 0.2715 -0.8863 0.3751
vn -0.4165 -0.1496 0.8968
vn 0.2715 -0.8863 0.3750
vn -0.1972 -0.9552 0.2208
vn -0.1972 -0.9551 0.2209
vn -0.6216 -0.7828 -0.0281
vn -0.6217 -0.7828 -0.0280
vn -0.8583 0.0444 -0.5112
vn -0.8619 -0.4086 -0.3004
vn -0.8584 0.0444 -0.5111
vn -0.8619 -0.4085 -0.3004
vn -0.7367 -0.6658 -0.1178
vn -0.1973 0.3501 -0.9157
vn -0.2131 -0.9119 -0.3508
vn -0.3798 -0.2385 0.8938
vn 0.2017 0.9287 0.3113
vn -0.3667 0.8313 0.4178
vn -0.7244 0.3728 -0.5798
vn 0.2017 0.9286 0.3113
vn 0.1872 -0.3906 0.9013
vn -0.1857 0.3645 -0.9125
vn -0.2120 -0.9144 -0.3449
vn 0.1872 -0.3907 0.9013
vn 0.1926 0.9251 0.3271
vn -0.2199 -0.9050 -0.3643
vn 0.1835 -0.3883 0.9031
vn 0.2130 0.9170 0.3372
vn 0.1927 0.9251 0.3271
vn -0.1944 0.3805 -0.9041
vn 0.1964 -0.4108 0.8903
vn -0.2535 -0.9028 -0.3473
vn 0.2278 -0.4069 0.8846
vn 0.2474 0.9088 0.3360
vn -0.2312 0.3945 -0.8894
vn -0.1944 0.3804 -0.9041
vn -0.2311 0.3945 -0.8893
vn -0.3250 -0.8881 -0.3251
vn 0.3017 0.8936 0.3323
vn -0.2709 0.4162 -0.8680
vn 0.2278 -0.4068 0.8847
vn -0.3626 -0.8258 -0.4320
vn 0.2885 -0.5417 0.7895
vn 0.3445 0.8383 0.4226
vn -0.2613 0.5118 -0.8184
vn 0.2886 -0.5416 0.7895
vn 0.0713 -0.7638 -0.6415
vn 0.7457 -0.5984 0.2931
vn 0.8458 0.5330 0.0207
vn 0.2252 0.3129 -0.9227
vn 0.8459 0.5330 0.0208
vn 0.7456 -0.5985 0.2931
vn 0.1103 -0.4696 -0.8759
vn -0.8281 0.3623 -0.4277
vn 0.1922 0.2827 -0.9397
vn -0.2491 0.8694 0.4267
vn 0.9921 0.1174 0.0442
vn 0.8230 0.5678 -0.0185
vn -0.9777 -0.2044 -0.0477
vn 0.8230 0.5677 -0.0185
vn 0.9921 0.1174 0.0443
vn 0.0887 -0.5002 -0.8614
vn -0.1588 0.5732 0.8039
vn 0.9919 0.1246 0.0241
vn -0.9854 -0.1546 -0.0716
vn -0.1588 0.5731 0.8039
vn 0.0887 -0.5002 -0.8613
vn 0.1309 -0.3701 -0.9197
vn -0.1386 0.5096 0.8492
vn 0.9923 -0.0144 0.1233
vn -0.9971 -0.0353 -0.0674
vn -0.1386 0.5095 0.8492
vn 0.1309 -0.3700 -0.9198
vn 0.1151 -0.1413 -0.9833
vn -0.0795 0.3954 0.9150
vn 0.9407 -0.3136 0.1294
vn -0.9918 0.1210 -0.0423
vn -0.0796 0.3954 0.9150
vn 0.9407 -0.3135 0.1295
vn -0.9595 0.2811 -0.0192
vn -0.0398 -0.0336 0.9986
vn -0.0368 0.1855 0.9820
vn -0.0368 0.1854 0.9820
vn 0.9181 -0.3862 -0.0889
vn -0.0842 0.1064 -0.9908
vn -0.9565 0.2913 0.0177
vn 0.0137 -0.0636 0.9979
vn 0.9181 -0.3861 -0.0890
vn 0.0138 -0.0636 0.9979
vn 0.9691 -0.2457 -0.0201
vn -0.0635 -0.0620 -0.9960
vn -0.1841 -0.6053 -0.7744
vn -0.1529 -0.5151 0.8434
vn 0.9691 -0.2457 -0.0202
vn -0.1528 -0.5151 0.8434
vn 0.6895 -0.7238 0.0272
vn -0.9273 -0.3733 -0.0256
vn -0.1191 0.7279 0.6752
vn 0.2711 0.4150 0.8685
vn 0.1191 0.8217 0.5574
vn -0.5258 -0.0831 -0.8466
vn -0.2893 -0.3954 -0.8718
vn -0.6204 -0.2306 -0.7496
vn 0.3780 0.7873 0.4871
vn -0.1707 -0.0416 -0.9844
vn -0.2892 -0.3955 -0.8717
vn 0.3075 0.4102 0.8586
vn 0.6115 0.6320 0.4762
vn -0.0039 -0.1511 -0.9885
vn 0.0872 -0.3224 -0.9426
vn -0.2511 0.2757 0.9279
vn -0.2494 0.5216 0.8159
vn -0.6215 -0.4083 -0.6686
vn 0.2708 0.3804 0.8843
vn -0.2892 -0.3955 -0.8718
vn 0.3072 0.3757 0.8744
vn 0.7402 0.3927 0.5458
vn 0.0857 -0.5004 -0.8616
vn -0.1243 0.0339 0.9917
vn -0.5298 -0.5785 -0.6202
vn -0.3638 -0.6892 -0.6267
vn 0.1111 -0.1187 0.9867
vn -0.1767 -0.7138 -0.6777
vn 0.6061 -0.0615 0.7930
vn 0.7386 0.1469 0.6580
vn -0.0084 -0.6468 -0.7627
vn -0.2684 0.8547 -0.4443
vn -0.7033 0.6766 -0.2182
vn -0.2683 0.8548 -0.4442
vn -0.7033 0.6766 -0.2181
vn 0.2093 0.7916 -0.5740
vn 0.2094 0.7917 -0.5739
vn -0.3579 -0.0172 -0.9336
vn 0.6398 0.5001 -0.5836
vn 0.6398 0.5001 -0.5835
vn 0.8838 0.0566 -0.4644
vn 0.8838 0.0566 -0.4643
vn 0.8808 -0.3971 -0.2578
vn 0.8808 -0.3971 -0.2577
vn 0.1950 -0.9551 0.2230
vn 0.6305 -0.7762 -0.0015
vn 0.1951 -0.9551 0.2231
vn 0.3699 -0.1528 0.9164
vn -0.2827 -0.8919 0.3529
vn -0.2827 -0.8919 0.3530
vn -0.7127 -0.5995 0.3641
vn -0.7127 -0.5995 0.3642
vn -0.9572 -0.1571 0.2431
vn -0.9572 -0.1571 0.2432
vn -0.9542 0.2969 0.0365
vn -0.9542 0.2970 0.0366
vn 0.1005 0.6452 0.7574
vn 0.4753 0.2643 0.8392
vn 0.3203 0.7243 0.6105
vn -0.6761 0.0943 -0.7307
vn -0.4913 -0.2421 -0.8367
vn -0.7699 -0.0500 -0.6363
vn 0.5086 0.2562 0.8220
vn 0.5567 0.6721 0.4882
vn -0.5221 0.1504 -0.8395
vn -0.4912 -0.2421 -0.8367
vn 0.7676 0.4893 0.4140
vn -0.2005 -0.0195 -0.9795
vn -0.1253 -0.2107 -0.9695
vn -0.0273 0.4437 0.8957
vn 0.4735 0.2278 0.8508
vn -0.7825 -0.2366 -0.5759
vn 0.5068 0.2196 0.8336
vn 0.8559 -0.0353 0.5159
vn 0.8742 0.2218 0.4318
vn -0.1366 -0.3967 -0.9077
vn 0.0597 -0.0817 0.9949
vn -0.0444 0.1871 0.9813
vn -0.7059 -0.4271 -0.5651
vn -0.5557 -0.5581 -0.6162
vn 0.5083 -0.3162 0.8010
vn -0.3844 -0.5967 -0.7044
vn 0.7241 -0.2389 0.6470
vn -0.2287 -0.5401 -0.8100
vn -0.6308 0.7759 -0.0050
vn -0.6307 0.7760 -0.0050
vn -0.2309 0.9303 -0.2849
vn -0.2308 0.9304 -0.2848
vn -0.3516 0.1112 -0.9295
vn 0.2032 0.8346 -0.5119
vn 0.2033 0.8347 -0.5119
vn 0.7878 0.0044 -0.6159
vn 0.5892 0.4947 -0.6389
vn 0.7879 0.0043 -0.6158
vn 0.5892 0.4947 -0.6388
vn 0.7550 -0.4680 -0.4594
vn 0.7550 -0.4680 -0.4593
vn 0.5067 -0.8371 -0.2064
vn 0.5067 -0.8370 -0.2063
vn 0.2731 -0.2632 0.9253
vn 0.1062 -0.9917 0.0727
vn 0.1062 -0.9917 0.0728
vn -0.3277 -0.8959 0.3001
vn -0.3277 -0.8958 0.3002
vn -0.9126 -0.0660 0.4036
vn -0.7126 -0.5554 0.4285
vn -0.9125 -0.0659 0.4037
vn -0.7126 -0.5554 0.4286
vn -0.8796 0.4065 0.2470
vn -0.8796 0.4066 0.2470
vn 0.0512 -0.6899 -0.7221
vn 0.3155 0.6494 -0.6919
vn 0.4928 -0.7537 -0.4349
vn -0.7338 -0.6677 0.1256
vn -0.4917 0.7349 0.4671
vn -0.8924 0.4510 0.0167
vn -0.1609 0.4523 -0.8773
vn -0.4917 0.7349 0.4672
vn -0.7338 -0.6676 0.1257
vn 0.4362 -0.7585 -0.4841
vn -0.2819 -0.6253 0.7276
vn -0.4377 0.7652 0.4722
vn -0.4377 0.7652 0.4721
vn 0.2877 0.6170 -0.7325
vn -0.2820 -0.6253 0.7277
vn 0.3908 -0.7721 -0.5011
vn -0.2437 -0.6112 0.7530
vn -0.3887 0.7674 0.5098
vn 0.2332 0.6196 -0.7495
vn 0.2878 0.6170 -0.7325
vn 0.2130 0.5778 -0.7879
vn 0.3502 -0.7809 -0.5172
vn -0.3407 0.8008 0.4926
vn 0.2331 0.6197 -0.7494
vn -0.3407 0.8008 0.4927
vn -0.2080 -0.6047 0.7688
vn 0.3295 -0.7737 -0.5411
vn -0.2079 -0.6048 0.7688
vn -0.3254 0.7994 0.5050
vn 0.1990 0.5823 -0.7882
vn -0.1717 -0.6140 0.7704
vn 0.1902 0.5765 -0.7946
vn 0.3233 -0.7612 -0.5622
vn -0.3180 0.8020 0.5056
vn 0.1903 0.5766 -0.7946
vn 0.1990 0.5822 -0.7883
vn -0.1580 -0.6295 0.7608
vn 0.6923 0.5672 -0.4461
vn 0.8048 -0.5275 -0.2720
vn -0.1581 -0.6295 0.7607
vn 0.2678 0.7428 0.6136
vn -0.1609 0.4522 -0.8773
vn 0.4077 -0.4259 0.8077
vn 0.9954 -0.0531 -0.0793
vn -0.0034 0.3325 -0.9431
vn 0.7756 0.5999 -0.1964
vn -0.8054 0.5707 -0.1599
vn 0.0837 0.2994 0.9504
vn 0.0339 0.7373 0.6747
vn -0.1372 -0.3095 -0.9410
vn -0.8055 0.5707 -0.1599
vn 0.0836 0.2995 0.9504
vn 0.9937 0.0004 -0.1121
vn -0.9856 0.1466 0.0838
vn 0.1024 0.2650 0.9588
vn -0.0728 -0.2121 -0.9745
vn -0.9856 0.1466 0.0839
vn 0.9937 0.0003 -0.1121
vn 0.9848 0.1630 -0.0597
vn -0.9978 -0.0170 0.0639
vn 0.0492 0.1259 0.9908
vn -0.1222 -0.0759 -0.9896
vn -0.9978 -0.0171 0.0639
vn -0.0702 0.0756 -0.9947
vn -0.9469 -0.3208 0.0216
vn -0.9711 -0.1993 0.1317
vn -0.9469 -0.3208 0.0217
vn -0.9711 -0.1993 0.1316
vn 0.0945 0.0668 0.9933
vn 0.9655 0.2476 -0.0812
vn 0.0813 -0.0328 -0.9962
vn 0.0463 0.0995 0.9940
vn 0.0946 0.0668 0.9933
vn -0.9594 -0.2545 -0.1214
vn 0.9880 0.1505 -0.0348
vn 0.0401 -0.1136 -0.9927
vn -0.9810 -0.1930 -0.0180
vn -0.9594 -0.2545 -0.1215
vn 0.9855 0.1694 0.0019
vn -0.0156 0.0965 0.9952
vn 0.1662 -0.6378 -0.7520
vn -0.6938 -0.7200 0.0160
vn -0.6939 -0.7199 0.0160
vn -0.9810 -0.1930 -0.0179
vn 0.1193 -0.4831 0.8674
vn 0.9013 -0.4327 0.0220
vn -0.8387 0.3480 0.4189
vn -0.5890 0.0714 0.8050
vn -0.6570 0.5283 0.5379
vn 0.2721 0.1620 -0.9485
vn 0.5714 -0.0565 -0.8187
vn 0.2157 -0.0273 -0.9761
vn -0.4365 0.5798 0.6880
vn 0.5625 0.3279 -0.7590
vn -0.5580 0.0787 0.8261
vn -0.2176 0.4928 0.8425
vn 0.7155 0.2658 -0.6461
vn 0.8160 0.1132 -0.5669
vn -0.8860 -0.1821 0.4263
vn -0.9194 0.0812 0.3849
vn 0.2399 -0.2178 -0.9461
vn -0.5843 0.0343 0.8108
vn -0.5534 0.0415 0.8319
vn -0.0796 0.2778 0.9573
vn 0.8403 -0.0773 -0.5367
vn -0.7450 -0.3975 0.5357
vn 0.3389 -0.3703 -0.8649
vn 0.4938 -0.4324 -0.7544
vn -0.5297 -0.4842 0.6964
vn 0.6533 -0.3954 -0.6456
vn -0.1235 -0.2527 0.9596
vn -0.0463 0.0143 0.9988
vn 0.7827 -0.2664 -0.5625
vn -0.5847 0.5460 -0.6000
vn 0.4029 0.2911 -0.8677
vn 0.1573 0.9811 -0.1131
vn -0.2494 0.8865 -0.3898
vn 0.1572 0.9811 -0.1130
vn -0.2495 0.8865 -0.3897
vn 0.5557 0.8122 0.1779
vn 0.5556 0.8122 0.1779
vn 0.8209 0.4185 0.3886
vn 0.8209 0.4184 0.3887
vn 0.8824 -0.0686 0.4655
vn 0.8824 -0.0686 0.4656
vn -0.3094 -0.4326 0.8468
vn 0.7289 -0.5603 0.3934
vn 0.7289 -0.5603 0.3935
vn -0.0122 -0.9954 -0.0950
vn 0.3940 -0.9008 0.1826
vn -0.0123 -0.9954 -0.0949
vn 0.3940 -0.9008 0.1827
vn -0.4116 -0.8264 -0.3842
vn -0.4117 -0.8264 -0.3842
vn -0.6755 -0.4329 -0.5969
vn -0.6756 -0.4329 -0.5968
vn -0.7372 0.0541 -0.6735
vn -0.7373 0.0542 -0.6734
vn -0.6840 0.4340 0.5864
vn -0.3643 0.1584 0.9177
vn -0.4685 0.6052 0.6436
vn 0.0370 0.0925 -0.9950
vn 0.3448 -0.1428 -0.9277
vn -0.0360 -0.0940 -0.9949
vn -0.2168 0.6474 0.7307
vn 0.3730 0.2445 -0.8950
vn 0.3448 -0.1428 -0.9278
vn -0.3289 0.1644 0.9299
vn 0.0275 0.5534 0.8324
vn 0.5453 0.1778 -0.8192
vn 0.6536 0.0216 -0.7566
vn -0.7604 -0.0925 0.6429
vn -0.7870 0.1722 0.5924
vn -0.0163 -0.2855 -0.9582
vn 0.3449 -0.1428 -0.9277
vn -0.3606 0.1212 0.9248
vn -0.3251 0.1271 0.9371
vn 0.1775 0.3340 0.9257
vn 0.6731 -0.1699 -0.7197
vn -0.6081 -0.3128 0.7296
vn 0.0911 -0.4413 -0.8927
vn 0.2642 -0.5086 -0.8194
vn -0.3661 -0.4059 0.8374
vn 0.4463 -0.4783 -0.7563
vn 0.1033 -0.1935 0.9756
vn 0.2040 0.0693 0.9765
vn 0.5991 -0.3558 -0.7173
vn -0.2839 0.8813 -0.3777
vn -0.6804 0.5585 -0.4746
vn -0.6804 0.5584 -0.4746
vn 0.1810 0.9592 -0.2173
vn 0.1908 0.2145 -0.9579
vn 0.1810 0.9591 -0.2174
vn 0.6280 0.7779 -0.0220
vn 0.6280 0.7779 -0.0219
vn 0.9150 0.3764 0.1453
vn 0.9150 0.3763 0.1454
vn 0.7672 -0.5945 0.2406
vn 0.9644 -0.1119 0.2394
vn 0.7672 -0.5945 0.2407
vn 0.9644 -0.1119 0.2395
vn 0.3713 -0.9175 0.1428
vn 0.3712 -0.9175 0.1429
vn -0.1144 -0.3636 0.9245
vn -0.0935 -0.9955 -0.0183
vn -0.0936 -0.9954 -0.0182
vn -0.5412 -0.8139 -0.2114
vn -0.5413 -0.8139 -0.2113
vn -0.8772 0.0759 -0.4740
vn -0.8275 -0.4127 -0.3808
vn -0.8275 -0.4127 -0.3807
vn -0.8773 0.0759 -0.4739
vn -0.6839 0.5277 -0.5038
vn -0.2715 -0.7931 -0.5452
vn -0.7760 -0.5650 -0.2804
vn -0.4271 -0.4006 0.8106
vn 0.2607 0.8294 0.4941
vn -0.3209 0.7556 0.5711
vn -0.1596 0.5407 -0.8259
vn 0.1364 -0.5917 0.7945
vn -0.2701 -0.7971 -0.5400
vn 0.1363 -0.5918 0.7945
vn 0.2653 0.8206 0.5062
vn -0.1543 0.5531 -0.8187
vn -0.1543 0.5532 -0.8186
vn -0.3043 -0.7968 -0.5220
vn 0.1412 -0.5867 0.7974
vn 0.2862 0.8163 0.5018
vn 0.2863 0.8163 0.5018
vn -0.1815 0.5634 -0.8060
vn 0.1411 -0.5866 0.7975
vn -0.3507 -0.7829 -0.5139
vn 0.1697 -0.5865 0.7920
vn 0.3395 0.7916 0.5081
vn -0.2049 0.5926 -0.7790
vn 0.2249 -0.6072 0.7621
vn -0.2049 0.5927 -0.7789
vn -0.3968 -0.7589 -0.5164
vn 0.2519 -0.6293 0.7352
vn 0.3796 0.7665 0.5181
vn -0.2270 0.6199 -0.7511
vn -0.4829 -0.7528 -0.4473
vn 0.3539 -0.6440 0.6783
vn 0.5665 0.6685 0.4818
vn -0.3378 0.7345 -0.5886
vn 0.2519 -0.6292 0.7353
vn -0.3377 0.7345 -0.5886
vn -0.1480 -0.7043 -0.6943
vn 0.7627 -0.6464 0.0197
vn 0.8147 0.4938 -0.3039
vn 0.8148 0.4938 -0.3039
vn -0.1794 0.4185 -0.8903
vn -0.4271 -0.4005 0.8107
vn -0.3209 0.7556 0.5710
vn 0.7628 -0.6464 0.0197
vn -0.0858 0.5766 0.8125
vn 0.2759 0.2015 0.9398
vn 0.1606 0.6745 0.7206
vn -0.5073 0.1371 -0.8508
vn -0.2926 -0.1804 -0.9391
vn -0.6142 -0.0199 -0.7889
vn 0.3121 0.1962 0.9296
vn 0.4176 0.6372 0.6478
vn -0.3334 0.2072 -0.9197
vn -0.2925 -0.1804 -0.9391
vn 0.6406 0.4707 0.6067
vn 0.0114 0.0612 -0.9981
vn 0.0895 -0.1229 -0.9884
vn -0.2339 0.3563 0.9046
vn 0.2728 0.1645 0.9479
vn -0.6302 -0.2105 -0.7473
vn 0.3091 0.1592 0.9376
vn 0.7286 -0.0513 0.6831
vn 0.7507 0.2122 0.6256
vn 0.0736 -0.3136 -0.9467
vn -0.1479 -0.1669 0.9748
vn -0.2559 0.0929 0.9622
vn -0.5516 -0.3942 -0.7351
vn -0.3932 -0.5133 -0.7628
vn 0.3340 -0.3698 0.8670
vn -0.2072 -0.5402 -0.8156
vn 0.5784 -0.2730 0.7687
vn -0.0329 -0.4699 -0.8821
vn -0.1966 0.9466 -0.2554
vn -0.6475 0.7581 -0.0780
vn -0.1965 0.9467 -0.2553
vn -0.6475 0.7581 -0.0779
vn -0.1475 0.1797 -0.9726
vn 0.2782 0.8777 -0.3902
vn 0.2783 0.8777 -0.3901
vn 0.6883 0.5635 -0.4569
vn 0.8980 0.0867 -0.4314
vn 0.6883 0.5635 -0.4568
vn 0.8571 -0.3996 -0.3252
vn 0.8980 0.0867 -0.4315
vn 0.8571 -0.3996 -0.3251
vn 0.5739 -0.8034 -0.1588
vn 0.5739 -0.8034 -0.1587
vn 0.1224 -0.9923 0.0176
vn 0.1224 -0.9923 0.0177
vn 0.0771 -0.3322 0.9401
vn -0.3522 -0.9234 0.1524
vn -0.3521 -0.9234 0.1525
vn -0.7620 -0.6089 0.2204
vn -0.7620 -0.6089 0.2205
vn -0.9312 0.3539 0.0871
vn -0.9722 -0.1323 0.1934
vn -0.9721 -0.1323 0.1935
vn 0.2948 0.4766 0.8282
vn 0.6315 0.0763 0.7716
vn 0.4984 0.5696 0.6536
vn -0.7852 0.2776 -0.5535
vn -0.6443 -0.0549 -0.7628
vn -0.8733 0.1335 -0.4685
vn 0.6664 0.0715 0.7421
vn 0.7163 0.5195 0.4659
vn -0.6435 0.3359 -0.6878
vn -0.6490 -0.0591 -0.7584
vn 0.8928 0.3227 0.3144
vn -0.3637 0.1361 -0.9215
vn -0.3174 -0.0532 -0.9468
vn 0.1721 0.2719 0.9468
vn 0.6223 0.0325 0.7821
vn -0.6391 -0.0471 -0.7677
vn -0.8953 -0.0478 -0.4429
vn 0.6575 0.0271 0.7530
vn -0.6437 -0.0506 -0.7636
vn 0.9276 -0.2025 0.3138
vn 0.9616 0.0497 0.2701
vn -0.3379 -0.2191 -0.9153
vn 0.1956 -0.2414 0.9505
vn 0.1355 0.0259 0.9904
vn -0.8441 -0.2382 -0.4804
vn -0.7149 -0.3764 -0.5892
vn 0.5948 -0.5029 0.6272
vn -0.5553 -0.4124 -0.7222
vn 0.8004 -0.4123 0.4351
vn -0.4161 -0.3504 -0.8391
vn -0.5289 0.8078 0.2605
vn -0.5288 0.8078 0.2605
vn 0.2215 0.8815 -0.4171
vn -0.1660 0.9834 -0.0739
vn -0.1659 0.9834 -0.0739
vn -0.4891 0.2850 -0.8244
vn 0.5328 0.5093 -0.6759
vn 0.5328 0.5093 -0.6758
vn 0.2215 0.8815 -0.4170
vn 0.6518 0.0094 -0.7583
vn 0.6518 0.0093 -0.7583
vn 0.5879 -0.4443 -0.6760
vn 0.5880 -0.4443 -0.6759
vn 0.3618 -0.8152 -0.4524
vn 0.3618 -0.8152 -0.4523
vn 0.3721 -0.4415 0.8165
vn -0.0023 -0.9922 -0.1245
vn -0.3963 -0.8929 0.2139
vn -0.0023 -0.9922 -0.1244
vn -0.3964 -0.8928 0.2138
vn -0.7068 -0.5279 0.4709
vn -0.8286 -0.0338 0.5589
vn -0.7069 -0.5279 0.4708
vn -0.8285 -0.0337 0.5589
vn -0.7629 0.4285 0.4841
vn -0.7628 0.4285 0.4842
vn -0.1111 0.4637 -0.8790
vn 0.5099 -0.7237 -0.4651
vn 0.0499 -0.6804 -0.7311
vn -0.8884 0.4584 -0.0253
vn -0.3366 -0.6664 0.6653
vn -0.5148 0.7077 0.4839
vn 0.3183 0.6817 -0.6588
vn -0.3367 -0.6664 0.6653
vn 0.4285 -0.7531 -0.4993
vn -0.2675 -0.6343 0.7254
vn -0.4389 0.7242 0.5319
vn 0.2440 0.6685 -0.7026
vn 0.2439 0.6685 -0.7026
vn 0.3749 -0.7481 -0.5475
vn -0.2005 -0.6446 0.7377
vn -0.3850 0.7466 0.5426
vn -0.3851 0.7466 0.5426
vn 0.2025 0.6452 -0.7367
vn -0.2005 -0.6446 0.7378
vn 0.3292 -0.7568 -0.5647
vn -0.3406 0.7316 0.5906
vn 0.1513 0.6675 -0.7291
vn 0.1085 0.6561 -0.7469
vn 0.2888 -0.7332 -0.6156
vn -0.1471 -0.6353 0.7581
vn -0.2978 0.7389 0.6045
vn -0.2978 0.7388 0.6046
vn -0.0935 -0.6605 0.7449
vn 0.1103 0.6718 -0.7325
vn 0.2947 -0.7191 -0.6293
vn -0.0935 -0.6606 0.7449
vn -0.3091 0.7235 0.6172
vn -0.3090 0.7235 0.6173
vn -0.0913 -0.6765 0.7307
vn 0.6310 0.6551 -0.4155
vn 0.7892 -0.4808 -0.3821
vn -0.0912 -0.6766 0.7307
vn 0.2838 0.6696 0.6863
vn 0.4885 -0.4739 0.7326
vn -0.7365 -0.6668 0.1138
vn -0.8884 0.4584 -0.0252
vn 0.7870 0.6019 -0.1355
vn 0.0716 -0.2568 -0.9638
vn 0.0776 0.3959 -0.9150
vn -0.9970 0.0044 -0.0769
vn -0.0174 0.7424 0.6697
vn -0.8315 0.5120 -0.2154
vn -0.8315 0.5121 -0.2154
vn 0.9984 0.0021 0.0572
vn -0.0531 0.2847 0.9571
vn 0.0887 -0.1808 -0.9795
vn -0.9941 -0.0791 -0.0742
vn -0.9970 0.0044 -0.0768
vn 0.9971 0.0676 0.0350
vn -0.0474 0.2039 0.9778
vn 0.9971 0.0676 0.0351
vn 0.0905 -0.1360 -0.9866
vn -0.9900 -0.1210 -0.0719
vn -0.9941 -0.0792 -0.0743
vn 0.9930 0.1130 0.0337
vn -0.0490 0.1490 0.9876
vn 0.9871 0.1580 0.0263
vn 0.9930 0.1131 0.0337
vn -0.0401 0.0950 0.9947
vn -0.9841 -0.1643 -0.0682
vn -0.9900 -0.1211 -0.0718
vn -0.0402 0.0949 0.9947
vn 0.9793 0.2011 0.0243
vn 0.0844 -0.0904 -0.9923
vn -0.9840 -0.1643 -0.0682
vn -0.0325 0.0440 0.9985
vn -0.9750 -0.2125 -0.0648
vn 0.9621 0.2701 0.0369
vn 0.0762 -0.0436 -0.9961
vn -0.9750 -0.2126 -0.0649
vn -0.0249 -0.0390 0.9989
vn -0.9552 -0.2915 -0.0516
vn -0.0249 -0.0391 0.9989
vn 0.9216 -0.3879 0.0139
vn 0.0438 0.0287 -0.9986
vn -0.9551 -0.2916 -0.0517
vn 0.1355 -0.5291 0.8377
vn -0.6544 -0.7535 -0.0642
vn 0.1355 -0.5290 0.8377
vn 0.2237 -0.5705 -0.7902
vn -0.8609 0.3249 0.3915
vn -0.6244 0.0406 0.7800
vn -0.6874 0.5041 0.5229
vn 0.3102 0.1931 -0.9308
vn 0.6072 -0.0255 -0.7941
vn 0.2578 0.0038 -0.9662
vn -0.4744 0.5542 0.6840
vn 0.5899 0.3574 -0.7241
vn 0.6073 -0.0255 -0.7941
vn -0.5945 0.0476 0.8027
vn -0.2612 0.4656 0.8456
vn 0.7391 0.2937 -0.6063
vn 0.8384 0.1403 -0.5267
vn -0.9009 -0.2060 0.3820
vn -0.9363 0.0582 0.3464
vn 0.2838 -0.1877 -0.9403
vn -0.6195 0.0033 0.7850
vn -0.5895 0.0103 0.8077
vn -0.1253 0.2491 0.9603
vn 0.8637 -0.0508 -0.5014
vn -0.7613 -0.4228 0.4916
vn 0.3814 -0.3411 -0.8592
vn 0.5324 -0.4042 -0.7437
vn -0.5523 -0.5110 0.6587
vn 0.6864 -0.3681 -0.6271
vn -0.1613 -0.2819 0.9458
vn -0.0897 -0.0153 0.9958
vn 0.8102 -0.2401 -0.5348
vn -0.5661 0.5553 -0.6092
vn -0.5662 0.5553 -0.6091
vn 0.4357 0.3213 -0.8408
vn 0.1476 0.9859 -0.0784
vn -0.2450 0.8939 -0.3754
vn 0.1475 0.9859 -0.0784
vn -0.2451 0.8939 -0.3754
vn 0.5355 0.8140 0.2249
vn 0.5355 0.8140 0.2250
vn 0.7969 0.4179 0.4363
vn 0.7968 0.4179 0.4364
vn 0.8623 -0.0704 0.5014
vn 0.8623 -0.0704 0.5015
vn -0.3393 -0.4611 0.8199
vn 0.7191 -0.5618 0.4091
vn 0.7190 -0.5618 0.4091
vn 0.0065 -0.9924 -0.1231
vn 0.3989 -0.9003 0.1741
vn 0.3988 -0.9003 0.1742
vn -0.3828 -0.8205 -0.4246
vn -0.3828 -0.8205 -0.4245
vn -0.6432 -0.4244 -0.6373
vn -0.7082 0.0640 -0.7031
vn -0.7083 0.0640 -0.7030
vn -0.6571 0.3400 0.6728
vn -0.3057 0.0459 0.9510
vn -0.4443 0.5134 0.7342
vn -0.0347 0.1968 -0.9798
vn 0.2850 -0.0302 -0.9581
vn -0.1007 0.0089 -0.9949
vn -0.1880 0.5567 0.8091
vn 0.3023 0.3519 -0.8859
vn 0.2851 -0.0302 -0.9580
vn -0.2697 0.0519 0.9616
vn 0.0662 0.4628 0.8840
vn 0.4815 0.2839 -0.8292
vn 0.5992 0.1276 -0.7904
vn -0.7111 -0.1906 0.6768
vn -0.7503 0.0757 0.6568
vn -0.0722 -0.1834 -0.9804
vn 0.2850 -0.0302 -0.9580
vn -0.3002 0.0084 0.9538
vn -0.2642 0.0145 0.9644
vn 0.2290 0.2415 0.9430
vn 0.6278 -0.0648 -0.7757
vn -0.5463 -0.4116 0.7295
vn 0.0444 -0.3399 -0.9394
vn 0.2244 -0.4078 -0.8851
vn -0.2941 -0.5057 0.8110
vn 0.4099 -0.3767 -0.8307
vn 0.1770 -0.2891 0.9408
vn 0.2684 -0.0246 0.9630
vn 0.5608 -0.2523 -0.7886
vn -0.7310 0.5752 -0.3671
vn -0.7310 0.5752 -0.3670
vn 0.1171 0.3205 -0.9400
vn 0.1331 0.9833 -0.1238
vn -0.3401 0.9032 -0.2620
vn -0.3401 0.9032 -0.2619
vn 0.5990 0.8005 0.0209
vn 0.5990 0.8004 0.0210
vn 0.1331 0.9834 -0.1237
vn 0.9095 0.3963 0.1256
vn 0.9095 0.3963 0.1257
vn 0.9820 -0.0955 0.1630
vn -0.0378 -0.4622 0.8860
vn 0.8029 -0.5827 0.1256
vn 0.8029 -0.5827 0.1257
vn 0.4124 -0.9108 0.0196
vn -0.0608 -0.9910 -0.1190
vn 0.4124 -0.9108 0.0197
vn -0.5272 -0.8081 -0.2627
vn -0.0608 -0.9910 -0.1191
vn -0.8371 -0.4038 -0.3690
vn -0.8372 -0.4038 -0.3690
vn -0.9097 0.0878 -0.4059
vn -0.9097 0.0878 -0.4058
vn -0.6367 0.6273 -0.4484
vn -0.2767 -0.7310 -0.6238
vn -0.7775 -0.5082 -0.3706
vn -0.3162 0.6816 0.6598
vn 0.0966 -0.6670 0.7388
vn 0.2815 0.7356 0.6161
vn -0.3161 0.6816 0.6599
vn -0.1064 0.6619 -0.7420
vn -0.4785 -0.4663 0.7440
vn -0.2759 -0.7361 -0.6182
vn 0.0988 -0.6608 0.7440
vn 0.2795 0.7413 0.6103
vn -0.1080 0.6560 -0.7470
vn -0.1065 0.6618 -0.7421
vn 0.0967 -0.6669 0.7388
vn -0.1079 0.6560 -0.7470
vn -0.3033 -0.7470 -0.5916
vn 0.1342 -0.6482 0.7495
vn 0.3086 0.7337 0.6054
vn -0.1317 0.6647 -0.7354
vn -0.1633 0.6616 -0.7319
vn -0.3379 -0.7357 -0.5869
vn 0.3394 0.7339 0.5885
vn -0.2378 0.7120 -0.6607
vn -0.4217 -0.7495 -0.5103
vn 0.1652 -0.6601 0.7328
vn 0.4451 0.6887 0.5724
vn 0.3394 0.7338 0.5884
vn -0.3596 0.6981 -0.6192
vn -0.5301 -0.7062 -0.4693
vn 0.2806 -0.6492 0.7069
vn 0.5366 0.6963 0.4766
vn 0.5367 0.6962 0.4767
vn 0.3701 -0.6909 0.6210
vn 0.0207 0.5007 -0.8654
vn -0.0849 -0.6635 -0.7434
vn 0.3701 -0.6910 0.6209
vn 0.8776 0.4710 -0.0892
vn 0.7598 -0.6490 0.0377
vn -0.2391 0.4367 -0.8672
vn -0.9729 -0.0124 0.2311
vn -0.7955 0.6030 0.0593
vn 0.2240 0.1938 0.9551
vn 0.7765 0.5476 -0.3118
vn 0.1427 0.6959 0.7038
vn 0.1428 0.6959 0.7038
vn -0.2302 -0.1864 -0.9551
vn 0.9698 0.0407 -0.2406
vn -0.9798 0.0550 0.1921
vn 0.1999 0.1279 0.9714
vn 0.2240 0.1939 0.9551
vn -0.2276 -0.1444 -0.9630
vn 0.9735 0.0009 -0.2287
vn -0.9817 0.1000 0.1618
vn 0.1744 0.0981 0.9798
vn -0.1754 -0.1099 -0.9783
vn 0.9808 -0.0630 -0.1847
vn -0.9771 0.1568 0.1436
vn 0.1550 0.0476 0.9868
vn 0.1551 0.0476 0.9867
vn 0.9703 -0.1615 -0.1800
vn -0.1869 -0.0464 -0.9813
vn -0.9698 0.2004 0.1390
vn 0.9631 -0.2084 -0.1701
vn 0.9703 -0.1614 -0.1801
vn 0.1420 0.0020 0.9899
vn 0.9632 -0.2084 -0.1700
vn -0.1742 -0.0038 -0.9847
vn -0.9528 0.2652 0.1475
vn 0.1279 -0.0810 0.9885
vn 0.1419 0.0019 0.9899
vn 0.1280 -0.0810 0.9885
vn 0.9473 -0.2814 -0.1530
vn -0.1382 0.0691 -0.9880
vn -0.9110 -0.4020 0.0915
vn -0.0489 -0.5568 0.8292
vn 0.9473 -0.2814 -0.1531
vn -0.0488 -0.5568 0.8292
vn 0.6598 -0.7374 -0.1447
vn -0.2857 -0.5532 -0.7826
vn 0.7765 0.5475 -0.3117
vn -0.0885 0.4733 0.8764
vn 0.2543 0.0703 0.9646
vn 0.1644 0.5712 0.8041
vn -0.4748 0.2636 -0.8397
vn -0.2701 -0.0488 -0.9616
vn -0.5898 0.1052 -0.8007
vn 0.2905 0.0648 0.9547
vn 0.4223 0.5324 0.7336
vn -0.2964 0.3340 -0.8948
vn 0.6397 0.3627 0.6777
vn 0.0451 0.1846 -0.9818
vn 0.1155 -0.0022 -0.9933
vn -0.2476 0.2499 0.9361
vn 0.2495 0.0328 0.9678
vn -0.6145 -0.0879 -0.7840
vn 0.2858 0.0272 0.9579
vn 0.7044 -0.1674 0.6898
vn 0.7388 0.0996 0.6665
vn 0.0904 -0.1953 -0.9766
vn -0.1849 -0.2807 0.9418
vn -0.2820 -0.0171 0.9593
vn -0.5435 -0.2747 -0.7932
vn -0.3894 -0.3961 -0.8315
vn 0.2925 -0.4892 0.8217
vn -0.2028 -0.4241 -0.8826
vn 0.5433 -0.3911 0.7429
vn -0.0236 -0.3537 -0.9351
vn -0.6149 0.7886 0.0015
vn -0.6149 0.7886 0.0016
vn -0.1515 0.9787 -0.1388
vn -0.1098 0.3053 -0.9459
vn 0.3247 0.9066 -0.2694
vn 0.3247 0.9067 -0.2693
vn 0.9137 0.1010 -0.3936
vn 0.7243 0.5856 -0.3640
vn 0.7243 0.5856 -0.3639
vn 0.8503 -0.3921 -0.3510
vn 0.8504 -0.3921 -0.3509
vn 0.5468 -0.8009 -0.2439
vn 0.5468 -0.8010 -0.2438
vn 0.0830 -0.9910 -0.1051
vn 0.0345 -0.4498 0.8924
vn 0.0829 -0.9910 -0.1050
vn -0.3932 -0.9191 0.0255
vn -0.3932 -0.9191 0.0256
vn -0.9822 -0.1133 0.1496
vn -0.7923 -0.5979 0.1216
vn -0.9822 -0.1132 0.1497
vn -0.7923 -0.5979 0.1217
vn -0.9188 0.3798 0.1070
vn -0.9188 0.3798 0.1072
vn 0.3203 0.4393 0.8393
vn 0.6564 0.0282 0.7539
vn 0.5197 0.5350 0.6661
vn -0.7883 0.3035 -0.5352
vn -0.6684 -0.0063 -0.7438
vn -0.8824 0.1423 -0.4484
vn 0.7246 0.4906 0.4841
vn -0.4947 0.3547 -0.7934
vn -0.6683 -0.0010 -0.7439
vn 0.6847 0.0176 0.7286
vn 0.8878 0.3196 0.3312
vn -0.3788 0.2360 -0.8949
vn -0.3331 0.0428 -0.9419
vn 0.1716 -0.0456 0.9841
vn 0.1999 0.2196 0.9549
vn -0.9031 -0.0506 -0.4265
vn -0.6711 -0.0107 -0.7413
vn 0.6547 -0.0052 0.7559
vn -0.6711 -0.0095 -0.7413
vn 0.6829 -0.0119 0.7304
vn 0.9619 0.0624 0.2663
vn -0.3566 -0.1584 -0.9207
vn 0.2417 -0.3082 0.9201
vn -0.8499 -0.2367 -0.4707
vn -0.7332 -0.3604 -0.5766
vn 0.4104 -0.4806 0.7750
vn -0.5883 -0.3909 -0.7079
vn 0.8058 -0.4258 0.4116
vn 0.9335 -0.2028 0.2956
vn -0.4469 -0.3210 -0.8350
vn -0.1609 0.9865 -0.0300
vn -0.5281 0.7965 0.2943
vn -0.5280 0.7966 0.2944
vn -0.6418 0.3794 -0.6664
vn 0.2115 0.9100 -0.3566
vn 0.2115 0.9100 -0.3565
vn -0.1609 0.9865 -0.0299
vn 0.5096 0.5895 -0.6267
vn 0.5097 0.5895 -0.6267
vn 0.6451 0.1069 -0.7566
vn 0.6450 0.1069 -0.7566
vn 0.5935 -0.3897 -0.7042
vn 0.6107 -0.5229 0.5946
vn 0.3571 -0.8005 -0.4814
vn 0.3572 -0.8005 -0.4813
vn -0.3730 -0.9101 0.1804
vn -0.0050 -0.9884 -0.1516
vn -0.3730 -0.9101 0.1805
vn -0.0050 -0.9884 -0.1515
vn -0.6754 -0.5841 0.4502
vn -0.6753 -0.5841 0.4502
vn -0.8157 -0.1009 0.5696
vn -0.8157 -0.1008 0.5696
vn -0.7638 0.3891 0.5150
vn -0.7637 0.3891 0.5151
vn -0.1033 0.4722 -0.8754
vn 0.5208 -0.7125 -0.4702
vn 0.0519 -0.6739 -0.7370
vn -0.8892 0.4566 -0.0297
vn -0.3399 -0.6787 0.6510
vn -0.5292 0.6948 0.4869
vn -0.5292 0.6949 0.4869
vn 0.3249 0.6960 -0.6403
vn -0.3400 -0.6787 0.6510
vn 0.4309 -0.7444 -0.5101
vn -0.2618 -0.6464 0.7167
vn -0.4468 0.7038 0.5523
vn 0.2342 0.6908 -0.6841
vn 0.3250 0.6960 -0.6403
vn 0.2342 0.6908 -0.6840
vn 0.3638 -0.7384 -0.5678
vn -0.1756 -0.6541 0.7358
vn -0.3705 0.7315 0.5724
vn -0.3705 0.7314 0.5725
vn 0.1738 0.6613 -0.7297
vn -0.1756 -0.6540 0.7358
vn 0.3078 -0.7534 -0.5811
vn -0.3149 0.7267 0.6105
vn 0.1138 0.6701 -0.7335
vn 0.0708 0.6525 -0.7545
vn 0.2631 -0.7393 -0.6198
vn -0.1192 -0.6384 0.7604
vn -0.2669 0.7417 0.6154
vn 0.1138 0.6702 -0.7334
vn -0.2669 0.7416 0.6154
vn -0.0646 -0.6539 0.7538
vn 0.0613 0.6624 -0.7467
vn 0.2562 -0.7362 -0.6264
vn -0.0646 -0.6540 0.7537
vn -0.2623 0.7327 0.6280
vn -0.2623 0.7326 0.6281
vn -0.0554 -0.6580 0.7510
vn 0.6026 0.6378 -0.4797
vn 0.7631 -0.5015 -0.4076
vn -0.0554 -0.6581 0.7509
vn 0.3398 0.6854 0.6440
vn 0.5228 -0.4549 0.7209
vn -0.7355 -0.6690 0.1072
vn 0.7858 0.6098 -0.1031
vn 0.0860 -0.2531 -0.9636
vn 0.0920 0.3999 -0.9119
vn -0.9958 0.0053 -0.0912
vn -0.0417 0.7308 0.6813
vn -0.8269 0.5168 -0.2216
vn -0.8270 0.5168 -0.2216
vn 0.9968 0.0103 0.0789
vn -0.0763 0.2680 0.9604
vn 0.9968 0.0104 0.0789
vn 0.0976 -0.1777 -0.9792
vn -0.9935 -0.0748 -0.0857
vn -0.9958 0.0053 -0.0911
vn 0.9958 0.0758 0.0510
vn -0.0636 0.1871 0.9803
vn 0.9958 0.0759 0.0510
vn 0.0924 -0.1320 -0.9869
vn -0.9894 -0.1239 -0.0757
vn -0.9935 -0.0748 -0.0858
vn 0.9919 0.1193 0.0437
vn -0.0588 0.1361 0.9889
vn 0.0833 -0.0830 -0.9931
vn -0.9834 -0.1685 -0.0672
vn -0.0527 0.0857 0.9949
vn 0.9860 0.1623 0.0392
vn 0.9778 0.2065 0.0364
vn -0.0427 0.0328 0.9986
vn -0.0526 0.0857 0.9949
vn -0.9745 -0.2153 -0.0637
vn -0.0428 0.0327 0.9986
vn 0.9604 0.2745 0.0478
vn 0.0729 -0.0327 -0.9968
vn -0.9745 -0.2154 -0.0638
vn -0.0325 -0.0516 0.9981
vn -0.9557 -0.2901 -0.0505
vn -0.0326 -0.0516 0.9981
vn 0.9224 -0.3859 0.0162
vn 0.0398 0.0396 -0.9984
vn -0.9556 -0.2902 -0.0506
vn 0.1322 -0.5366 0.8334
vn -0.6564 -0.7517 -0.0641
vn 0.1322 -0.5365 0.8335
vn 0.2184 -0.5657 -0.7951
vn -0.8645 0.3149 0.3918
vn -0.6280 0.0261 0.7777
vn -0.6924 0.4930 0.5268
vn 0.3133 0.2081 -0.9266
vn 0.6108 -0.0109 -0.7917
vn 0.2622 0.0192 -0.9648
vn -0.5982 0.0330 0.8006
vn -0.4804 0.5417 0.6897
vn 0.4378 0.3354 -0.8342
vn -0.2672 0.4520 0.8511
vn 0.7402 0.3060 -0.5988
vn 0.8400 0.1520 -0.5209
vn -0.9381 0.0487 0.3430
vn -0.6229 -0.0112 0.7822
vn 0.2883 -0.1722 -0.9419
vn -0.5931 -0.0043 0.8051
vn -0.0941 -0.0303 0.9951
vn -0.1307 0.2341 0.9634
vn 0.8663 -0.0395 -0.4979
vn -0.7613 -0.4339 0.4819
vn -0.9017 -0.2159 0.3745
vn 0.3870 -0.3263 -0.8624
vn 0.5377 -0.3911 -0.7469
vn -0.3403 -0.4745 0.8118
vn 0.6912 -0.3559 -0.6289
vn -0.1640 -0.2964 0.9409
vn 0.8137 -0.2279 -0.5348
vn -0.5661 0.5613 -0.6038
vn -0.5661 0.5613 -0.6037
vn -0.2479 0.8978 -0.3639
vn -0.2480 0.8979 -0.3638
vn 0.5911 0.3708 -0.7163
vn 0.5306 0.8133 0.2387
vn 0.1427 0.9877 -0.0636
vn 0.5305 0.8133 0.2388
vn 0.1427 0.9877 -0.0635
vn 0.7929 0.4151 0.4461
vn 0.8603 -0.0737 0.5045
vn 0.8602 -0.0737 0.5046
vn 0.7204 -0.5639 0.4038
vn 0.7203 -0.5639 0.4039
vn -0.5524 -0.5233 0.6489
vn 0.4026 -0.9007 0.1633
vn -0.3765 -0.8161 -0.4385
vn 0.0121 -0.9905 -0.1370
vn -0.3765 -0.8161 -0.4384
vn 0.0121 -0.9905 -0.1369
vn -0.6380 -0.4180 -0.6467
vn -0.6381 -0.4180 -0.6466
vn -0.7053 0.0709 -0.7053
vn -0.7054 0.0709 -0.7053
vn -0.6146 0.3565 0.7037
vn -0.2491 0.0649 0.9663
vn -0.3976 0.5290 0.7497
vn -0.0910 0.1795 -0.9795
vn 0.2283 -0.0492 -0.9724
vn -0.1584 -0.0082 -0.9873
vn -0.2127 0.0709 0.9746
vn -0.1374 0.5723 0.8084
vn 0.2518 0.3339 -0.9084
vn 0.2282 -0.0493 -0.9724
vn 0.1203 0.4779 0.8702
vn 0.4338 0.2664 -0.8607
vn 0.5528 0.1096 -0.8261
vn -0.7098 0.0924 0.6983
vn -0.2437 0.0275 0.9695
vn 0.2282 -0.0492 -0.9724
vn -0.1308 -0.2006 -0.9709
vn -0.2072 0.0335 0.9777
vn 0.3242 -0.0091 0.9460
vn 0.2851 0.2569 0.9234
vn 0.5807 -0.0827 -0.8099
vn -0.5047 -0.3950 0.7676
vn -0.6711 -0.1738 0.7207
vn -0.0125 -0.3570 -0.9340
vn 0.1699 -0.4252 -0.8890
vn 0.0116 -0.4459 0.8950
vn 0.3583 -0.3938 -0.8465
vn 0.2301 -0.2734 0.9340
vn 0.5120 -0.2700 -0.8154
vn -0.7481 0.5733 -0.3341
vn 0.0636 0.3028 -0.9509
vn 0.1309 0.9801 -0.1494
vn -0.3501 0.9005 -0.2579
vn -0.3501 0.9006 -0.2578
vn 0.6034 0.7969 -0.0282
vn 0.6034 0.7969 -0.0281
vn 0.1309 0.9801 -0.1493
vn 0.9175 0.3924 0.0654
vn 0.9175 0.3924 0.0655
vn 0.9893 -0.0991 0.1066
vn 0.9893 -0.0991 0.1067
vn 0.8056 -0.5857 0.0890
vn -0.0729 -0.9926 -0.0971
vn 0.4077 -0.9130 0.0118
vn 0.4076 -0.9131 0.0119
vn -0.2487 -0.4892 0.8360
vn -0.5459 -0.8093 -0.2168
vn -0.0730 -0.9926 -0.0971
vn -0.8597 -0.4048 -0.3116
vn -0.9314 0.0865 -0.3536
vn -0.9314 0.0865 -0.3535
vn -0.6208 0.6264 -0.4714
vn -0.2639 -0.7359 -0.6236
vn -0.7686 -0.5140 -0.3808
vn -0.3395 0.6826 0.6471
vn 0.0821 -0.6614 0.7456
vn 0.2650 0.7332 0.6262
vn -0.3394 0.6827 0.6471
vn -0.0828 0.6644 -0.7428
vn -0.4933 -0.4586 0.7392
vn -0.2717 -0.7342 -0.6222
vn 0.0895 -0.6627 0.7435
vn 0.2707 0.7347 0.6221
vn -0.0896 0.6628 -0.7434
vn -0.0829 0.6643 -0.7428
vn 0.0821 -0.6613 0.7456
vn -0.1169 0.6804 -0.7235
vn -0.3076 -0.7367 -0.6021
vn 0.3065 0.7182 0.6247
vn -0.1196 0.6808 -0.7226
vn -0.1629 0.6789 -0.7159
vn -0.3500 -0.7195 -0.5998
vn 0.1301 -0.6600 0.7399
vn 0.3486 0.7183 0.6021
vn 0.3089 0.7178 0.6239
vn 0.1661 -0.6777 0.7163
vn -0.2367 0.7269 -0.6446
vn -0.4284 -0.7322 -0.5294
vn 0.1661 -0.6778 0.7163
vn 0.4522 0.6744 0.5837
vn 0.3486 0.7182 0.6022
vn -0.3482 0.7055 -0.6173
vn -0.5177 -0.6995 -0.4926
vn 0.3477 -0.7008 0.6228
vn 0.5259 0.6938 0.4920
vn 0.3478 -0.7007 0.6229
vn 0.0747 0.4977 -0.8642
vn -0.0416 -0.6611 -0.7492
vn 0.7506 -0.6551 0.0860
vn 0.8806 0.4721 -0.0415
vn -0.1142 -0.2255 -0.9675
vn -0.8019 0.5953 -0.0508
vn -0.1352 0.4183 -0.8982
vn 0.0618 0.7134 0.6980
vn 0.9922 0.0203 -0.1232
vn 0.8061 0.5405 -0.2409
vn -0.9930 -0.0048 0.1184
vn 0.8061 0.5405 -0.2408
vn 0.9922 0.0204 -0.1232
vn -0.1244 -0.1509 -0.9807
vn 0.1116 0.2386 0.9647
vn 0.9914 -0.0611 -0.1155
vn -0.9941 0.0643 0.0876
vn -0.1244 -0.1510 -0.9807
vn -0.1271 -0.1209 -0.9845
vn 0.0955 0.1594 0.9826
vn 0.9897 -0.0786 -0.1201
vn -0.9910 0.1095 0.0768
vn -0.9877 0.1449 0.0592
vn 0.0822 0.1191 0.9895
vn 0.9896 -0.1196 -0.0797
vn 0.0585 0.0625 0.9963
vn 0.0823 0.1191 0.9895
vn -0.0794 -0.0913 -0.9926
vn -0.0794 -0.0913 -0.9927
vn -0.9798 0.1951 0.0433
vn 0.9788 -0.1946 -0.0632
vn 0.0412 0.0041 0.9991
vn 0.9788 -0.1946 -0.0631
vn -0.0638 -0.0194 -0.9978
vn -0.9630 0.2651 0.0493
vn 0.0289 -0.0765 0.9967
vn 0.0411 0.0040 0.9991
vn 0.0290 -0.0765 0.9966
vn 0.9595 -0.2775 -0.0489
vn -0.0318 0.0604 -0.9977
vn -0.9169 -0.3990 -0.0017
vn -0.1292 -0.5590 0.8190
vn 0.9595 -0.2774 -0.0490
vn -0.1292 -0.5591 0.8190
vn 0.6743 -0.7349 -0.0728
vn -0.1973 -0.5573 -0.8065
vn -0.1087 0.4736 0.8740
vn 0.2316 0.0705 0.9703
vn 0.1462 0.5716 0.8074
vn -0.4549 0.2637 -0.8506
vn -0.2475 -0.0490 -0.9677
vn -0.5706 0.1051 -0.8145
vn 0.2680 0.0650 0.9612
vn 0.4057 0.5323 0.7431
vn -0.2749 0.3338 -0.9017
vn 0.6240 0.3623 0.6924
vn 0.0685 0.1841 -0.9805
vn 0.1387 -0.0028 -0.9903
vn -0.2694 0.2503 0.9299
vn 0.2267 0.0330 0.9734
vn -0.5957 -0.0878 -0.7984
vn 0.2631 0.0275 0.9644
vn 0.6878 -0.1674 0.7063
vn 0.7228 0.0993 0.6839
vn 0.1133 -0.1957 -0.9741
vn -0.2072 -0.2798 0.9374
vn -0.3045 -0.0165 0.9524
vn -0.5251 -0.2744 -0.8056
vn -0.3702 -0.3958 -0.8404
vn 0.2724 -0.4886 0.8289
vn -0.1826 -0.4243 -0.8869
vn 0.5254 -0.3912 0.7556
vn -0.0021 -0.3538 -0.9353
vn -0.6141 0.7891 -0.0128
vn -0.6140 0.7892 -0.0127
vn -0.1470 0.9787 -0.1431
vn -0.1470 0.9787 -0.1430
vn -0.0873 0.3053 -0.9483
vn 0.3323 0.9061 -0.2620
vn 0.7334 0.5846 -0.3471
vn 0.3323 0.9061 -0.2619
vn 0.9229 0.1000 -0.3719
vn 0.7333 0.5845 -0.3472
vn 0.9229 0.1000 -0.3718
vn 0.8582 -0.3927 -0.3306
vn 0.8582 -0.3928 -0.3305
vn 0.5518 -0.8013 -0.2311
vn 0.5518 -0.8013 -0.2310
vn 0.0128 -0.4493 0.8933
vn 0.0842 -0.9912 -0.1023
vn 0.0842 -0.9912 -0.1022
vn -0.7955 -0.5970 0.1034
vn -0.3950 -0.9185 0.0165
vn -0.7956 -0.5970 0.1035
vn -0.3950 -0.9185 0.0166
vn -0.9855 -0.1124 0.1269
vn -0.9855 -0.1124 0.1270
vn -0.9209 0.3802 0.0854
vn -0.9209 0.3803 0.0855
vn 0.2881 0.4309 0.8551
vn 0.6233 0.0181 0.7818
vn 0.4953 0.5285 0.6894
vn -0.7632 0.3133 -0.5650
vn -0.6358 0.0035 -0.7718
vn -0.8585 0.1549 -0.4888
vn 0.7028 0.4872 0.5183
vn -0.4682 0.3535 -0.8099
vn 0.6524 0.0123 0.7578
vn 0.8725 0.3157 0.3729
vn -0.3450 0.2309 -0.9098
vn -0.2930 0.0440 -0.9551
vn 0.1261 -0.0584 0.9903
vn 0.1578 0.2076 0.9654
vn -0.8818 -0.0375 -0.4702
vn -0.6358 0.0036 -0.7719
vn 0.6187 -0.0193 0.7854
vn -0.6358 0.0035 -0.7719
vn 0.6479 -0.0251 0.7613
vn 0.9481 0.0525 0.3137
vn -0.3159 -0.1484 -0.9371
vn 0.1974 -0.3216 0.9261
vn -0.8278 -0.2242 -0.5143
vn -0.7067 -0.3472 -0.6164
vn 0.3719 -0.4931 0.7865
vn -0.5565 -0.3771 -0.7403
vn 0.7822 -0.4370 0.4440
vn 0.9163 -0.2134 0.3388
vn -0.4102 -0.3063 -0.8590
vn -0.5331 0.7984 0.2800
vn -0.6184 0.3835 -0.6860
vn 0.2248 0.9112 -0.3453
vn -0.1573 0.9871 -0.0301
vn 0.2248 0.9112 -0.3452
vn -0.1572 0.9871 -0.0301
vn 0.5391 0.5864 -0.6046
vn 0.5392 0.5864 -0.6045
vn 0.6811 0.1018 -0.7250
vn 0.6812 0.1018 -0.7249
vn 0.6226 -0.3892 -0.6788
vn 0.6227 -0.3892 -0.6788
vn 0.5794 -0.5345 0.6153
vn 0.3728 -0.7974 -0.4746
vn 0.3728 -0.7974 -0.4745
vn -0.3859 -0.9103 0.1497
vn -0.0037 -0.9862 -0.1654
vn -0.3859 -0.9103 0.1498
vn -0.0037 -0.9862 -0.1653
vn -0.6994 -0.5854 0.4099
vn -0.6994 -0.5855 0.4100
vn -0.8423 -0.1010 0.5295
vn -0.8422 -0.1010 0.5295
vn -0.7840 0.3899 0.4830
vn -0.7839 0.3900 0.4831
vn -0.1107 0.4742 -0.8734
vn 0.5190 -0.7099 -0.4762
vn 0.0406 -0.6729 -0.7386
vn -0.8887 0.4580 -0.0205
vn -0.3360 -0.6819 0.6497
vn -0.5293 0.6915 0.4916
vn -0.5294 0.6915 0.4915
vn 0.3235 0.7002 -0.6364
vn -0.3361 -0.6819 0.6497
vn 0.4297 -0.7404 -0.5169
vn -0.2569 -0.6521 0.7133
vn -0.4481 0.6947 0.5626
vn 0.2277 0.7006 -0.6762
vn 0.2276 0.7006 -0.6762
vn 0.3582 -0.7341 -0.5769
vn -0.3612 0.7257 0.5855
vn -0.3612 0.7258 0.5855
vn 0.1598 0.6674 -0.7274
vn -0.1631 -0.6580 0.7352
vn 0.2953 -0.7539 -0.5869
vn -0.1630 -0.6580 0.7351
vn -0.3019 0.7249 0.6192
vn 0.0952 0.6709 -0.7354
vn 0.0503 0.6513 -0.7572
vn 0.2466 -0.7411 -0.6244
vn -0.1050 -0.6376 0.7632
vn -0.2502 0.7425 0.6214
vn 0.0951 0.6709 -0.7354
vn -0.2502 0.7424 0.6215
vn -0.0456 -0.6521 0.7568
vn 0.0351 0.6593 -0.7511
vn 0.2345 -0.7421 -0.6279
vn -0.0456 -0.6521 0.7567
vn -0.2388 0.7355 0.6340
vn -0.2388 0.7355 0.6341
vn -0.0329 -0.6514 0.7580
vn 0.5839 0.6292 -0.5130
vn 0.7463 -0.5092 -0.4286
vn -0.0329 -0.6515 0.7579
vn 0.3700 0.6917 0.6202
vn 0.3701 0.6916 0.6203
vn 0.5468 -0.4485 0.7070
vn -0.7353 -0.6677 0.1161
vn -0.8887 0.4581 -0.0205
vn 0.7859 0.6092 -0.1057
vn 0.0685 -0.2516 -0.9654
vn 0.0772 0.4012 -0.9127
vn -0.9973 0.0052 -0.0731
vn -0.0369 0.7279 0.6847
vn -0.8294 0.5193 -0.2060
vn -0.8294 0.5193 -0.2059
vn 0.9974 0.0101 0.0720
vn -0.0697 0.2638 0.9621
vn 0.0800 -0.1749 -0.9813
vn -0.9950 -0.0739 -0.0674
vn 0.9961 0.0767 0.0428
vn -0.0551 0.1829 0.9816
vn 0.0771 -0.1303 -0.9885
vn -0.9910 -0.1189 -0.0614
vn 0.9923 0.1194 0.0340
vn -0.0491 0.1332 0.9899
vn 0.9923 0.1195 0.0340
vn 0.0671 -0.0875 -0.9939
vn -0.9855 -0.1615 -0.0526
vn -0.9855 -0.1615 -0.0525
vn -0.9910 -0.1190 -0.0615
vn -0.0406 0.0829 0.9957
vn 0.9863 0.1624 0.0274
vn 0.9788 0.2038 0.0221
vn -0.0288 0.0346 0.9990
vn -0.0404 0.0829 0.9957
vn -0.9778 -0.2056 -0.0409
vn -0.0289 0.0345 0.9990
vn 0.9617 0.2722 0.0321
vn 0.0508 -0.0425 -0.9978
vn -0.9778 -0.2056 -0.0410
vn -0.0169 -0.0492 0.9986
vn -0.9585 -0.2842 -0.0247
vn -0.0169 -0.0493 0.9986
vn 0.9220 -0.3873 -0.0008
vn 0.0145 0.0344 -0.9993
vn -0.9585 -0.2842 -0.0248
vn 0.1458 -0.5373 0.8307
vn -0.6605 -0.7494 -0.0464
vn 0.1957 -0.5670 -0.8002
vn -0.8617 0.3130 0.3994
vn -0.6228 0.0226 0.7821
vn -0.6890 0.4904 0.5337
vn 0.3071 0.2124 -0.9276
vn 0.6055 -0.0073 -0.7958
vn 0.2558 0.0238 -0.9664
vn -0.5929 0.0293 0.8048
vn -0.4760 0.5386 0.6952
vn 0.4321 0.3390 -0.8357
vn 0.6054 -0.0073 -0.7959
vn -0.2614 0.4485 0.8547
vn 0.7361 0.3090 -0.6023
vn 0.8366 0.1545 -0.5257
vn -0.9358 0.0472 0.3494
vn -0.6176 -0.0148 0.7864
vn 0.6055 -0.0072 -0.7958
vn 0.2825 -0.1677 -0.9445
vn -0.5877 -0.0081 0.8091
vn 0.6054 -0.0072 -0.7959
vn -0.0876 -0.0349 0.9955
vn -0.1243 0.2298 0.9653
vn 0.8629 -0.0372 -0.5040
vn -0.7579 -0.4359 0.4853
vn -0.8991 -0.2177 0.3797
vn 0.3813 -0.3226 -0.8664
vn 0.5329 -0.3877 -0.7521
vn -0.3347 -0.4782 0.8120
vn 0.6871 -0.3527 -0.6352
vn -0.1575 -0.3009 0.9405
vn 0.8102 -0.2259 -0.5409
vn -0.5704 0.5640 -0.5972
vn -0.5704 0.5640 -0.5971
vn -0.2506 0.8993 -0.3584
vn -0.2507 0.8993 -0.3584
vn 0.5861 0.3741 -0.7187
vn 0.5318 0.8125 0.2387
vn 0.1421 0.9880 -0.0603
vn 0.5318 0.8126 0.2387
vn 0.1421 0.9880 -0.0602
vn 0.7957 0.4134 0.4427
vn 0.7957 0.4133 0.4428
vn 0.8636 -0.0760 0.4985
vn 0.8635 -0.0761 0.4986
vn 0.7229 -0.5658 0.3967
vn 0.7228 -0.5658 0.3968
vn -0.5477 -0.5262 0.6505
vn 0.4043 -0.9011 0.1566
vn 0.4042 -0.9011 0.1567
vn -0.3794 -0.8143 -0.4392
vn 0.0115 -0.9899 -0.1411
vn -0.3794 -0.8144 -0.4391
vn 0.0114 -0.9899 -0.1410
vn -0.6422 -0.4151 -0.6444
vn -0.6423 -0.4151 -0.6443
vn -0.7100 0.0741 -0.7003
vn -0.5877 0.3639 0.7226
vn -0.2140 0.0732 0.9741
vn -0.3687 0.5365 0.7591
vn -0.1255 0.1720 -0.9771
vn 0.1929 -0.0576 -0.9795
vn -0.1945 -0.0154 -0.9808
vn -0.1063 0.5792 0.8082
vn 0.2199 0.3260 -0.9194
vn 0.1928 -0.0575 -0.9795
vn -0.1772 0.0792 0.9810
vn 0.1530 0.4847 0.8612
vn 0.4033 0.2585 -0.8778
vn 0.5230 0.1015 -0.8463
vn -0.6451 -0.1661 0.7458
vn -0.6841 0.1001 0.7225
vn -0.1659 -0.2078 -0.9640
vn -0.2086 0.0359 0.9774
vn -0.1717 0.0419 0.9843
vn 0.3188 0.2633 0.9105
vn 0.5508 -0.0910 -0.8297
vn -0.4777 -0.3873 0.7886
vn -0.0471 -0.3644 -0.9301
vn 0.1366 -0.4322 -0.8914
vn -0.2199 -0.4819 0.8482
vn 0.3263 -0.4018 -0.8556
vn 0.2628 -0.2669 0.9272
vn 0.3578 -0.0027 0.9338
vn 0.4817 -0.2784 -0.8310
vn -0.7579 0.5731 -0.3117
vn -0.7579 0.5732 -0.3116
vn 0.0303 0.2955 -0.9549
vn 0.1284 0.9784 -0.1622
vn -0.3561 0.8998 -0.2522
vn -0.3561 0.8998 -0.2521
vn 0.6041 0.7949 -0.0564
vn 0.6042 0.7949 -0.0563
vn 0.1284 0.9784 -0.1621
vn 0.9203 0.3901 0.0291
vn 0.9203 0.3901 0.0292
vn 0.9923 -0.1013 0.0720
vn 0.9922 -0.1013 0.0720
vn 0.0424 -0.4391 0.8974
vn 0.8064 -0.5878 0.0648
vn 0.8064 -0.5878 0.0649
vn -0.0793 -0.9930 -0.0871
vn 0.4050 -0.9143 0.0043
vn 0.4050 -0.9143 0.0044
vn -0.5556 -0.8093 -0.1904
vn -0.5557 -0.8093 -0.1903
vn -0.8714 -0.4047 -0.2774
vn -0.8714 -0.4047 -0.2773
vn -0.9434 0.0868 -0.3200
vn -0.7674 -0.5149 -0.3821
vn -0.0790 0.6667 -0.7412
vn -0.2652 -0.7357 -0.6233
vn -0.4956 -0.4568 0.7387
vn 0.2645 0.7310 0.6290
vn -0.3454 0.6845 0.6419
vn -0.3454 0.6846 0.6419
vn -0.6165 0.6250 -0.4789
vn -0.2781 -0.7308 -0.6234
vn 0.0810 -0.6615 0.7455
vn 0.2768 0.7292 0.6258
vn 0.2645 0.7310 0.6291
vn -0.0904 0.6684 -0.7383
vn 0.0810 -0.6615 0.7456
vn -0.1238 0.6880 -0.7151
vn -0.3173 -0.7312 -0.6039
vn 0.0931 -0.6667 0.7395
vn 0.3184 0.7105 0.6275
vn -0.1246 0.6882 -0.7148
vn -0.0905 0.6683 -0.7384
vn 0.0931 -0.6666 0.7396
vn -0.1690 0.6863 -0.7075
vn -0.3598 -0.7136 -0.6011
vn 0.1364 -0.6662 0.7332
vn 0.3587 0.7113 0.6044
vn 0.3587 0.7112 0.6045
vn 0.1725 -0.6839 0.7089
vn -0.2338 0.7265 -0.6462
vn -0.4273 -0.7225 -0.5435
vn 0.1725 -0.6840 0.7088
vn 0.4444 0.6741 0.5900
vn -0.3253 0.7102 -0.6243
vn -0.5031 -0.6949 -0.5138
vn 0.3251 -0.7051 0.6302
vn 0.5095 0.6895 0.5148
vn 0.5096 0.6894 0.5148
vn 0.1226 0.4999 -0.8574
vn -0.0057 -0.6557 -0.7550
vn 0.7424 -0.6590 0.1210
vn 0.8818 0.4715 0.0089
vn 0.7423 -0.6590 0.1209
vn -0.0271 -0.2248 -0.9740
vn -0.7954 0.5952 -0.1148
vn -0.0560 0.4213 -0.9052
vn 0.0043 0.7102 0.7039
vn 0.9991 0.0249 -0.0351
vn 0.8241 0.5407 -0.1688
vn -0.9993 -0.0084 0.0353
vn 0.0044 0.7102 0.7039
vn 0.8242 0.5406 -0.1688
vn 0.9991 0.0250 -0.0351
vn -0.0366 -0.1511 -0.9878
vn 0.0310 0.2329 0.9720
vn 0.9980 -0.0565 -0.0278
vn -0.9982 0.0598 0.0074
vn -0.0304 -0.1053 -0.9940
vn 0.0159 0.1576 0.9874
vn 0.9942 -0.1057 -0.0193
vn -0.9944 0.1054 -0.0021
vn 0.0159 0.1575 0.9874
vn -0.0254 -0.0663 -0.9975
vn 0.0090 0.1093 0.9940
vn 0.9900 -0.1400 -0.0185
vn -0.0021 0.0638 0.9980
vn 0.0090 0.1094 0.9940
vn 0.9900 -0.1400 -0.0184
vn -0.9817 0.1896 -0.0172
vn -0.9889 0.1484 -0.0088
vn -0.0022 0.0638 0.9980
vn 0.9847 -0.1740 -0.0035
vn -0.0207 0.0158 0.9997
vn -0.0033 -0.0330 -0.9995
vn -0.9649 0.2625 -0.0094
vn -0.0208 0.0158 0.9997
vn 0.9636 -0.2658 0.0278
vn -0.0372 -0.0765 0.9964
vn 0.0486 0.0456 -0.9978
vn -0.9170 -0.3931 -0.0677
vn -0.1871 -0.5638 0.8045
vn -0.0373 -0.0765 0.9964
vn -0.1871 -0.5638 0.8044
vn 0.6767 -0.7359 -0.0233
vn -0.1358 -0.5550 -0.8207
vn -0.1102 0.4733 0.8740
vn 0.2292 0.0697 0.9709
vn 0.1448 0.5709 0.8082
vn -0.4521 0.2644 -0.8519
vn -0.2450 -0.0482 -0.9683
vn -0.5683 0.1063 -0.8159
vn 0.2656 0.0640 0.9619
vn 0.4044 0.5312 0.7445
vn -0.2721 0.3346 -0.9022
vn -0.2450 -0.0481 -0.9683
vn 0.6226 0.3610 0.6943
vn 0.0709 0.1844 -0.9803
vn 0.1411 -0.0023 -0.9900
vn -0.2715 0.2500 0.9294
vn 0.2242 0.0322 0.9740
vn -0.5939 -0.0866 -0.7999
vn 0.2607 0.0266 0.9651
vn 0.6857 -0.1686 0.7081
vn 0.7212 0.0981 0.6857
vn 0.1159 -0.1953 -0.9739
vn -0.2098 -0.2800 0.9368
vn -0.3067 -0.0166 0.9517
vn -0.5232 -0.2733 -0.8072
vn -0.3685 -0.3947 -0.8417
vn 0.2694 -0.4896 0.8293
vn -0.1809 -0.4237 -0.8875
vn 0.5229 -0.3920 0.7569
vn -0.0001 -0.3533 -0.9355
vn -0.6132 0.7898 -0.0144
vn -0.6132 0.7898 -0.0143
vn -0.1452 0.9790 -0.1429
vn -0.1452 0.9790 -0.1428
vn -0.0843 0.3060 -0.9483
vn 0.7349 0.5838 -0.3450
vn 0.3341 0.9058 -0.2605
vn 0.3342 0.9058 -0.2605
vn 0.9238 0.0990 -0.3698
vn 0.9239 0.0990 -0.3697
vn 0.8588 -0.3935 -0.3281
vn 0.8587 -0.3935 -0.3282
vn 0.5514 -0.8020 -0.2297
vn 0.5514 -0.8020 -0.2296
vn -0.3964 -0.9180 0.0146
vn 0.0832 -0.9912 -0.1027
vn -0.3964 -0.9180 0.0147
vn 0.0832 -0.9912 -0.1026
vn 0.0097 -0.4501 0.8929
vn -0.9860 -0.1114 0.1242
vn -0.7966 -0.5959 0.1012
vn -0.9860 -0.1114 0.1243
vn -0.7966 -0.5959 0.1013
vn -0.9207 0.3813 0.0827
vn -0.9207 0.3814 0.0827
vn 0.2559 0.4256 0.8680
vn 0.5921 0.0121 0.8057
vn 0.4695 0.5230 0.7114
vn -0.7392 0.3181 -0.5936
vn -0.6050 0.0094 -0.7962
vn -0.8379 0.1596 -0.5220
vn 0.6827 0.4826 0.5486
vn -0.4357 0.3590 -0.8254
vn -0.6050 0.0095 -0.7961
vn 0.6221 0.0065 0.7829
vn 0.8574 0.3117 0.4095
vn -0.3092 0.2372 -0.9209
vn -0.2554 0.0504 -0.9655
vn 0.0878 -0.0647 0.9940
vn 0.1210 0.2017 0.9720
vn -0.8622 -0.0329 -0.5056
vn -0.6050 0.0095 -0.7962
vn 0.5873 -0.0254 0.8089
vn 0.6174 -0.0311 0.7861
vn 0.9348 0.0486 0.3518
vn -0.2800 -0.1423 -0.9494
vn 0.1612 -0.3275 0.9310
vn -0.8068 -0.2193 -0.5485
vn -0.6825 -0.3414 -0.6463
vn 0.3401 -0.4984 0.7974
vn -0.5282 -0.3710 -0.7638
vn 0.7627 -0.4416 0.4726
vn 0.9016 -0.2177 0.3738
vn -0.3773 -0.3007 -0.8759
vn -0.5417 0.7985 0.2626
vn -0.5900 0.3884 -0.7079
vn 0.2397 0.9127 -0.3309
vn -0.1533 0.9877 -0.0308
vn 0.2398 0.9127 -0.3309
vn -0.1533 0.9877 -0.0307
vn 0.5635 0.5892 -0.5791
vn 0.7096 0.1048 -0.6968
vn 0.7096 0.1048 -0.6967
vn 0.6477 -0.3872 -0.6562
vn 0.6477 -0.3872 -0.6561
vn 0.5535 -0.5389 0.6350
vn 0.3889 -0.7962 -0.4635
vn 0.3890 -0.7962 -0.4634
vn -0.3934 -0.9103 0.1286
vn 0.0002 -0.9853 -0.1709
vn -0.3933 -0.9103 0.1287
vn 0.0003 -0.9853 -0.1708
vn -0.7159 -0.5867 0.3786
vn -0.7158 -0.5867 0.3786
vn -0.8627 -0.1024 0.4952
vn -0.8627 -0.1024 0.4953
vn -0.8014 0.3896 0.4538
vn -0.8014 0.3896 0.4539
vn -0.1244 0.4742 -0.8716
vn 0.5146 -0.7087 -0.4826
vn 0.0293 -0.6721 -0.7399
vn -0.7331 -0.6684 0.1261
vn -0.5233 0.6921 0.4972
vn -0.8881 0.4596 -0.0068
vn 0.3178 0.7007 -0.6388
vn -0.3289 -0.6838 0.6513
vn 0.4245 -0.7401 -0.5215
vn -0.3289 -0.6839 0.6513
vn -0.4422 0.6936 0.5686
vn 0.2209 0.7021 -0.6769
vn 0.3179 0.7007 -0.6388
vn 0.2208 0.7022 -0.6769
vn 0.3516 -0.7337 -0.5815
vn -0.2495 -0.6531 0.7150
vn -0.3551 0.7248 0.5904
vn 0.1516 0.6686 -0.7280
vn -0.1549 -0.6588 0.7362
vn 0.2868 -0.7543 -0.5905
vn -0.2925 0.7231 0.6258
vn 0.0834 0.6730 -0.7349
vn 0.1516 0.6685 -0.7280
vn 0.0355 0.6500 -0.7591
vn 0.2349 -0.7436 -0.6260
vn -0.0944 -0.6374 0.7647
vn -0.2374 0.7435 0.6252
vn 0.0833 0.6731 -0.7349
vn -0.0329 -0.6494 0.7597
vn 0.0174 0.6562 -0.7544
vn 0.2191 -0.7469 -0.6278
vn -0.0329 -0.6495 0.7596
vn -0.2220 0.7384 0.6367
vn -0.2220 0.7384 0.6368
vn -0.0172 -0.6463 0.7629
vn 0.5708 0.6232 -0.5346
vn 0.7341 -0.5148 -0.4427
vn 0.3894 0.6957 0.6036
vn 0.3895 0.6956 0.6037
vn 0.5631 -0.4439 0.6971
vn -0.7331 -0.6683 0.1261
vn -0.8881 0.4596 -0.0067
vn 0.7858 0.6066 -0.1210
vn 0.0428 -0.2597 -0.9647
vn 0.0628 0.3953 -0.9164
vn -0.9987 0.0129 -0.0489
vn -0.0225 0.7288 0.6844
vn -0.8298 0.5233 -0.1937
vn -0.8298 0.5233 -0.1936
vn 0.9987 0.0062 0.0515
vn -0.0492 0.2658 0.9628
vn 0.0525 -0.1793 -0.9824
vn -0.9968 -0.0697 -0.0401
vn -0.9987 0.0129 -0.0488
vn 0.9970 0.0736 0.0227
vn -0.0349 0.1849 0.9821
vn 0.9970 0.0735 0.0227
vn 0.0485 -0.1297 -0.9904
vn -0.9924 -0.1187 -0.0327
vn 0.9929 0.1181 0.0136
vn -0.0286 0.1338 0.9906
vn 0.9929 0.1182 0.0136
vn 0.0411 -0.0832 -0.9957
vn -0.9861 -0.1640 -0.0270
vn -0.9861 -0.1639 -0.0270
vn -0.9924 -0.1188 -0.0327
vn -0.0211 0.0842 0.9962
vn 0.9870 0.1607 0.0079
vn 0.9790 0.2040 0.0048
vn -0.0111 0.0337 0.9994
vn -0.0210 0.0843 0.9962
vn -0.9782 -0.2062 -0.0233
vn 0.9625 0.2709 0.0143
vn 0.0323 -0.0399 -0.9987
vn -0.9782 -0.2063 -0.0234
vn 0.0008 -0.0476 0.9989
vn -0.9613 -0.2754 -0.0024
vn 0.0007 -0.0477 0.9989
vn 0.9212 -0.3887 -0.0190
vn -0.0064 0.0266 -0.9996
vn -0.9613 -0.2755 -0.0024
vn 0.1614 -0.5365 0.8283
vn -0.6672 -0.7446 -0.0226
vn 0.1614 -0.5364 0.8284
vn 0.1691 -0.5741 -0.8011
vn -0.8561 0.3139 0.4105
vn -0.6126 0.0230 0.7900
vn -0.6816 0.4909 0.5426
vn 0.2953 0.2127 -0.9315
vn 0.5952 -0.0077 -0.8036
vn 0.2435 0.0238 -0.9696
vn -0.5824 0.0298 0.8123
vn -0.4666 0.5390 0.7013
vn 0.4217 0.3388 -0.8411
vn -0.2503 0.4484 0.8580
vn 0.7283 0.3083 -0.6120
vn 0.8296 0.1534 -0.5369
vn -0.9312 0.0483 0.3614
vn -0.6074 -0.0143 0.7942
vn 0.2703 -0.1678 -0.9480
vn -0.5773 -0.0076 0.8165
vn -0.0748 -0.0352 0.9966
vn -0.1116 0.2298 0.9668
vn 0.8563 -0.0381 -0.5151
vn -0.7518 -0.4353 0.4953
vn -0.8944 -0.2168 0.3913
vn 0.3699 -0.3229 -0.8711
vn 0.5232 -0.3877 -0.7590
vn -0.3247 -0.4781 0.8161
vn 0.6785 -0.3533 -0.6441
vn -0.1458 -0.3011 0.9424
vn 0.8028 -0.2267 -0.5515
vn -0.5773 0.5650 -0.5896
vn -0.5773 0.5649 -0.5895
vn -0.2542 0.8997 -0.3549
vn -0.2543 0.8997 -0.3548
vn 0.5770 0.3736 -0.7263
vn 0.5355 0.8121 0.2318
vn 0.1419 0.9879 -0.0622
vn 0.5355 0.8121 0.2319
vn 0.1419 0.9879 -0.0621
vn 0.8021 0.4125 0.4318
vn 0.8021 0.4124 0.4319
vn 0.8699 -0.0772 0.4872
vn 0.8698 -0.0772 0.4872
vn 0.7273 -0.5668 0.3870
vn -0.5397 -0.5256 0.6576
vn 0.4052 -0.9017 0.1510
vn 0.4052 -0.9017 0.1511
vn -0.3858 -0.8141 -0.4341
vn 0.0090 -0.9899 -0.1416
vn -0.3858 -0.8141 -0.4340
vn 0.0090 -0.9899 -0.1415
vn -0.6508 -0.4143 -0.6362
vn -0.6509 -0.4143 -0.6362
vn -0.7188 0.0752 -0.6912
vn -0.7188 0.0753 -0.6911
vn -0.5690 0.3692 0.7348
vn -0.1900 0.0791 0.9786
vn -0.3491 0.5415 0.7648
vn -0.1490 0.1670 -0.9746
vn 0.1688 -0.0633 -0.9836
vn -0.2183 -0.0202 -0.9757
vn -0.0855 0.5840 0.8072
vn 0.0074 0.2898 -0.9571
vn -0.1529 0.0850 0.9846
vn 0.1749 0.4890 0.8546
vn 0.3821 0.2526 -0.8889
vn 0.5020 0.0956 -0.8595
vn -0.6660 0.1056 0.7384
vn -0.1845 0.0416 0.9819
vn 0.1688 -0.0634 -0.9836
vn -0.1900 -0.2125 -0.9585
vn -0.1475 0.0476 0.9879
vn 0.3805 0.0016 0.9248
vn 0.3417 0.2677 0.9009
vn 0.5301 -0.0968 -0.8424
vn -0.4590 -0.3823 0.8020
vn -0.6271 -0.1605 0.7623
vn -0.0706 -0.3697 -0.9265
vn 0.1140 -0.4379 -0.8918
vn 0.0636 -0.4346 0.8984
vn 0.3045 -0.4072 -0.8611
vn 0.2848 -0.2626 0.9219
vn 0.4606 -0.2840 -0.8409
vn -0.7640 0.5732 -0.2961
vn -0.7641 0.5732 -0.2960
vn -0.3603 0.8990 -0.2489
vn -0.3603 0.8990 -0.2488
vn 0.1980 0.3210 -0.9262
vn 0.1263 0.9773 -0.1700
vn 0.6041 0.7933 -0.0754
vn 0.1262 0.9773 -0.1700
vn 0.9215 0.3883 0.0041
vn 0.6041 0.7933 -0.0755
vn 0.9215 0.3883 0.0042
vn 0.9935 -0.1033 0.0483
vn 0.8065 -0.5893 0.0483
vn 0.8065 -0.5893 0.0484
vn -0.1998 -0.4768 0.8560
vn 0.4031 -0.9151 -0.0010
vn 0.4032 -0.9151 -0.0009
vn -0.5616 -0.8093 -0.1722
vn -0.0833 -0.9934 -0.0791
vn -0.5616 -0.8093 -0.1721
vn -0.0834 -0.9934 -0.0791
vn -0.8786 -0.4044 -0.2539
vn -0.8787 -0.4043 -0.2538
vn -0.9507 0.0873 -0.2977
vn -0.9507 0.0873 -0.2975
vn -0.7702 -0.5132 -0.3786
vn -0.0824 0.6692 -0.7385
vn -0.2712 -0.7336 -0.6232
vn -0.4918 -0.4577 0.7407
vn 0.2703 0.7283 0.6297
vn -0.3422 0.6843 0.6440
vn -0.6176 0.6262 -0.4759
vn -0.0972 0.6723 -0.7338
vn -0.2876 -0.7269 -0.6236
vn 0.0860 -0.6635 0.7432
vn 0.2858 0.7250 0.6266
vn 0.2703 0.7282 0.6298
vn 0.0860 -0.6634 0.7433
vn -0.1313 0.6925 -0.7093
vn -0.3267 -0.7274 -0.6034
vn 0.1001 -0.6705 0.7351
vn 0.3288 0.7059 0.6274
vn 0.1001 -0.6704 0.7352
vn -0.1763 0.6916 -0.7004
vn -0.3704 -0.7091 -0.6000
vn 0.1441 -0.6701 0.7282
vn 0.3690 0.7061 0.6044
vn 0.3691 0.7060 0.6044
vn 0.1807 -0.6885 0.7023
vn -0.2318 0.7258 -0.6477
vn -0.4299 -0.7140 -0.5526
vn 0.1807 -0.6886 0.7023
vn 0.4442 0.6731 0.5913
vn -0.3073 0.7148 -0.6282
vn -0.4953 -0.6885 -0.5298
vn 0.3080 -0.7104 0.6329
vn 0.4987 0.6840 0.5324
vn 0.4987 0.6839 0.5325
vn 0.3080 -0.7103 0.6329
vn 0.1612 0.5032 -0.8490
vn 0.0181 -0.6491 -0.7605
vn 0.7329 -0.6650 0.1439
vn 0.8824 0.4679 0.0501
vn 0.7328 -0.6650 0.1440
vn 0.0331 -0.2401 -0.9702
vn -0.7889 0.5942 -0.1568
vn -0.0171 0.4123 -0.9109
vn -0.0329 0.7112 0.7022
vn 0.9988 0.0432 0.0212
vn 0.8265 0.5467 -0.1345
vn -0.9998 -0.0112 -0.0186
vn -0.0328 0.7113 0.7022
vn 0.8265 0.5466 -0.1345
vn 0.9988 0.0432 0.0213
vn 0.0312 -0.1537 -0.9876
vn -0.0229 0.2353 0.9716
vn 0.9979 -0.0517 0.0392
vn -0.9967 0.0624 -0.0518
vn -0.0229 0.2352 0.9717
vn 0.0355 -0.1011 -0.9942
vn -0.0427 0.1516 0.9875
vn 0.9930 -0.1082 0.0464
vn -0.9922 0.1086 -0.0606
vn 0.0355 -0.1012 -0.9942
vn 0.0440 -0.0555 -0.9975
vn -0.0498 0.1029 0.9934
vn 0.9866 -0.1546 0.0515
vn -0.0575 0.0560 0.9968
vn -0.0497 0.1029 0.9934
vn 0.9866 -0.1546 0.0516
vn 0.0539 -0.0102 -0.9985
vn -0.9862 0.1521 -0.0655
vn -0.0576 0.0559 0.9968
vn 0.9783 -0.1998 0.0543
vn -0.0683 0.0072 0.9976
vn 0.9783 -0.1999 0.0544
vn -0.9623 0.2664 -0.0540
vn -0.9780 0.1971 -0.0677
vn -0.0684 0.0071 0.9976
vn 0.9617 -0.2661 0.0662
vn -0.0789 -0.0753 0.9940
vn 0.0842 0.0524 -0.9951
vn -0.9133 -0.3935 -0.1053
vn -0.2201 -0.5622 0.7971
vn -0.0790 -0.0753 0.9940
vn -0.2201 -0.5623 0.7971
vn 0.6837 -0.7294 0.0238
vn -0.0839 -0.5652 -0.8207
vn -0.1033 0.4710 0.8761
vn 0.2361 0.0668 0.9694
vn 0.1515 0.5686 0.8085
vn -0.4577 0.2676 -0.8479
vn -0.2519 -0.0452 -0.9667
vn -0.5740 0.1094 -0.8115
vn 0.2725 0.0611 0.9602
vn 0.4105 0.5286 0.7430
vn -0.2778 0.3376 -0.8994
vn 0.6282 0.3583 0.6906
vn 0.0644 0.1870 -0.9802
vn 0.1342 -0.0000 -0.9910
vn -0.2645 0.2481 0.9319
vn 0.2312 0.0293 0.9725
vn -0.2519 -0.0453 -0.9667
vn -0.5996 -0.0836 -0.7959
vn 0.2675 0.0237 0.9633
vn 0.6904 -0.1715 0.7028
vn 0.7261 0.0951 0.6810
vn 0.1082 -0.1928 -0.9753
vn -0.2041 -0.2823 0.9374
vn -0.3001 -0.0186 0.9537
vn -0.5293 -0.2702 -0.8042
vn -0.3752 -0.3921 -0.8400
vn 0.2745 -0.4922 0.8261
vn -0.1878 -0.4210 -0.8874
vn 0.5276 -0.3949 0.7521
vn -0.0073 -0.3510 -0.9364
vn -0.6118 0.7910 -0.0077
vn -0.6117 0.7910 -0.0076
vn -0.1446 0.9796 -0.1393
vn -0.1445 0.9797 -0.1391
vn -0.0906 0.3085 -0.9469
vn 0.3337 0.9059 -0.2607
vn 0.7334 0.5835 -0.3487
vn 0.3337 0.9059 -0.2606
vn 0.9214 0.0987 -0.3758
vn 0.7334 0.5835 -0.3488
vn 0.9215 0.0987 -0.3757
vn 0.8556 -0.3941 -0.3357
vn 0.8556 -0.3941 -0.3356
vn 0.5484 -0.8024 -0.2356
vn 0.5484 -0.8023 -0.2356
vn 0.0153 -0.4523 0.8917
vn 0.0807 -0.9911 -0.1060
vn -0.7969 -0.5950 0.1046
vn -0.3976 -0.9174 0.0152
vn -0.7969 -0.5950 0.1047
vn -0.3976 -0.9174 0.0153
vn -0.9853 -0.1101 0.1305
vn -0.9853 -0.1101 0.1306
vn -0.9195 0.3826 0.0908
vn -0.9194 0.3826 0.0909
vn 0.2298 0.4207 0.8776
vn 0.5658 0.0063 0.8245
vn 0.4480 0.5180 0.7286
vn -0.7182 0.3238 -0.6159
vn -0.5788 0.0154 -0.8153
vn -0.8196 0.1656 -0.5484
vn 0.6662 0.4772 0.5731
vn -0.4077 0.3644 -0.8373
vn 0.5964 0.0006 0.8027
vn 0.8447 0.3065 0.4388
vn -0.2790 0.2423 -0.9292
vn -0.2244 0.0554 -0.9729
vn 0.0552 -0.0691 0.9961
vn 0.0908 0.1972 0.9761
vn -0.8453 -0.0270 -0.5336
vn 0.5608 -0.0313 0.8274
vn 0.5914 -0.0369 0.8055
vn 0.9231 0.0431 0.3822
vn -0.2499 -0.1373 -0.9585
vn 0.1297 -0.3325 0.9341
vn -0.7894 -0.2139 -0.5754
vn -0.6622 -0.3362 -0.6696
vn 0.3125 -0.5033 0.8056
vn -0.5044 -0.3655 -0.7823
vn 0.7450 -0.4468 0.4952
vn 0.8878 -0.2231 0.4024
vn -0.3500 -0.2956 -0.8889
vn -0.5464 0.7998 0.2486
vn -0.5654 0.3938 -0.7247
vn 0.2535 0.9135 -0.3182
vn -0.1488 0.9884 -0.0312
vn 0.2536 0.9135 -0.3182
vn -0.1487 0.9884 -0.0312
vn 0.5839 0.5897 -0.5579
vn 0.5840 0.5897 -0.5579
vn 0.7319 0.1048 -0.6733
vn 0.7320 0.1047 -0.6732
vn 0.6672 -0.3874 -0.6362
vn 0.6673 -0.3875 -0.6361
vn 0.5307 -0.5439 0.6500
vn 0.4005 -0.7959 -0.4540
vn 0.4005 -0.7960 -0.4539
vn -0.4002 -0.9096 0.1116
vn 0.0021 -0.9845 -0.1754
vn -0.4001 -0.9096 0.1117
vn 0.0021 -0.9845 -0.1753
vn -0.7299 -0.5858 0.3523
vn -0.7299 -0.5858 0.3524
vn -0.8788 -0.1009 0.4664
vn -0.8787 -0.1008 0.4666
vn -0.8138 0.3913 0.4297
vn -0.8137 0.3913 0.4297
vn -0.6828 -0.0989 -0.7239
vn -0.7268 -0.5243 -0.4437
vn -0.8502 -0.0388 -0.5250
vn 0.6326 0.7600 0.1490
vn 0.7240 0.5417 0.4270
vn 0.7592 0.6457 0.0813
vn -0.7401 -0.5308 -0.4128
vn -0.9528 -0.0865 -0.2909
vn 0.5190 0.8047 0.2883
vn 0.7241 0.5417 0.4270
vn -0.9695 -0.2362 -0.0656
vn 0.4333 0.6650 0.6083
vn 0.4915 0.5147 0.7025
vn -0.5033 -0.2674 -0.8217
vn -0.7075 -0.5522 -0.4409
vn 0.8621 0.4977 0.0953
vn -0.7209 -0.5587 -0.4100
vn -0.7423 -0.6643 0.0874
vn -0.8880 -0.4547 0.0680
vn 0.5936 0.3668 0.7163
vn -0.2727 -0.6933 -0.6670
vn -0.3578 -0.4773 -0.8026
vn 0.9186 0.3469 0.1893
vn 0.9069 0.2419 0.3449
vn -0.3960 -0.8939 -0.2101
vn 0.8346 0.2081 0.5101
vn -0.5582 -0.8296 -0.0076
vn 0.7190 0.2507 0.6483
vn -0.0296 0.7724 -0.6344
vn -0.0297 0.7724 -0.6344
vn -0.3532 0.9018 -0.2491
vn -0.3532 0.9017 -0.2492
vn 0.4473 0.7709 0.4535
vn -0.5822 0.5105 0.6328
vn -0.5505 0.8098 0.2029
vn -0.5823 0.5104 0.6328
vn -0.5506 0.8098 0.2029
vn -0.4242 0.0911 0.9010
vn -0.4243 0.0910 0.9009
vn -0.1423 -0.3152 0.9383
vn -0.1423 -0.3153 0.9383
vn 0.2119 -0.6362 0.7419
vn 0.2119 -0.6362 0.7418
vn -0.2940 -0.8462 -0.4444
vn 0.5359 -0.7650 0.3572
vn 0.7638 -0.3746 -0.5257
vn 0.7336 -0.6729 -0.0947
vn 0.7637 -0.3746 -0.5257
vn 0.7336 -0.6729 -0.0948
vn 0.6078 0.0462 -0.7928
vn 0.6077 0.0462 -0.7928
vn 0.3256 0.4524 -0.8303
vn 0.3255 0.4524 -0.8303
vn -0.7301 -0.1648 -0.6632
vn -0.7425 -0.5696 -0.3526
vn -0.8848 -0.0939 -0.4564
vn 0.6215 0.7817 0.0508
vn 0.7382 0.5856 0.3350
vn 0.7465 0.6652 -0.0176
vn -0.7534 -0.5741 -0.3205
vn -0.9686 -0.1279 -0.2131
vn 0.5168 0.8335 0.1951
vn 0.7381 0.5856 0.3350
vn -0.9652 -0.2607 0.0217
vn 0.4579 0.7151 0.5282
vn 0.5264 0.5737 0.6276
vn -0.5530 -0.3360 -0.7624
vn -0.7223 -0.5968 -0.3494
vn 0.8535 0.5211 -0.0012
vn -0.7333 -0.6013 -0.3173
vn -0.7171 -0.6716 0.1861
vn -0.8690 -0.4673 0.1625
vn 0.6331 0.4292 0.6442
vn -0.3015 -0.7439 -0.5964
vn -0.4013 -0.5408 -0.7393
vn 0.9202 0.3791 0.0979
vn 0.9225 0.2856 0.2598
vn -0.3863 -0.9145 -0.1204
vn 0.8633 0.2619 0.4314
vn -0.5358 -0.8397 0.0886
vn 0.7567 0.3119 0.5746
vn -0.0956 0.7253 -0.6818
vn -0.0957 0.7252 -0.6818
vn -0.3944 0.8745 -0.2823
vn 0.4583 0.8096 0.3669
vn -0.5486 0.5411 0.6374
vn -0.5561 0.8096 0.1880
vn -0.5487 0.5411 0.6373
vn -0.5561 0.8095 0.1880
vn -0.3620 0.1456 0.9207
vn -0.3620 0.1455 0.9207
vn -0.0675 -0.2510 0.9656
vn -0.0676 -0.2510 0.9656
vn 0.2814 -0.5777 0.7662
vn 0.2813 -0.5778 0.7662
vn -0.3029 -0.8808 -0.3641
vn 0.5812 -0.7262 0.3671
vn 0.5812 -0.7263 0.3671
vn 0.7339 -0.3938 -0.5534
vn 0.7428 -0.6615 -0.1032
vn 0.7339 -0.3939 -0.5534
vn 0.7427 -0.6616 -0.1033
vn 0.5489 0.0027 -0.8359
vn 0.5488 0.0027 -0.8359
vn 0.2547 0.3994 -0.8807
vn 0.2546 0.3995 -0.8807
vn -0.7087 -0.3747 -0.5978
vn -0.6228 -0.7404 -0.2529
vn -0.8672 -0.3139 -0.3866
vn 0.4470 0.8927 -0.0575
vn 0.6144 0.7534 0.2344
vn 0.5959 0.7936 -0.1232
vn -0.9308 -0.3373 -0.1406
vn 0.2914 0.9199 0.2626
vn -0.6317 -0.7433 -0.2202
vn -0.8933 -0.4386 0.0988
vn 0.3162 0.8468 0.4276
vn 0.4149 0.7349 0.5364
vn -0.3019 -0.6911 -0.6567
vn -0.4974 -0.5214 -0.6934
vn 0.7333 0.6728 -0.0985
vn -0.5968 -0.7629 -0.2485
vn -0.6057 -0.7659 -0.2158
vn -0.7549 -0.6048 0.2536
vn 0.5532 0.6152 0.5618
vn -0.1587 -0.8512 -0.5003
vn 0.8297 0.5582 0.0094
vn 0.8559 0.4866 0.1751
vn -0.1249 -0.9569 -0.2622
vn 0.8105 0.4707 0.3487
vn -0.3455 -0.9178 0.1958
vn -0.5604 -0.7758 0.2899
vn 0.7003 0.5143 0.4950
vn -0.5797 0.7439 -0.3326
vn -0.2717 0.6174 -0.7382
vn -0.2718 0.6174 -0.7382
vn -0.7027 0.6968 0.1438
vn -0.7028 0.6967 0.1438
vn 0.3373 0.9372 0.0891
vn -0.6266 0.4895 0.6064
vn -0.6267 0.4894 0.6065
vn -0.3583 0.1750 0.9170
vn -0.3584 0.1750 0.9170
vn 0.4256 -0.4287 0.7969
vn 0.0164 -0.1530 0.9881
vn 0.4255 -0.4287 0.7969
vn 0.0164 -0.1531 0.9881
vn 0.7350 -0.5533 0.3919
vn -0.1895 -0.9817 -0.0166
vn 0.8585 -0.5058 -0.0845
vn 0.8584 -0.5059 -0.0845
vn 0.7814 -0.2996 -0.5474
vn 0.7813 -0.2997 -0.5475
vn 0.5139 0.0157 -0.8577
vn 0.5138 0.0156 -0.8578
vn 0.1390 0.3436 -0.9288
vn 0.1389 0.3436 -0.9288
vn 0.9537 -0.2632 -0.1458
vn 0.6862 -0.5383 -0.4892
vn 0.9234 -0.1040 -0.3695
vn -0.3552 0.6538 0.6681
vn -0.6683 0.5482 0.5029
vn -0.4079 0.5040 0.7613
vn 0.7969 -0.0448 -0.6024
vn -0.4699 0.8104 0.3500
vn 0.6696 -0.5304 -0.5199
vn 0.6038 -0.0972 -0.7912
vn -0.6006 0.7700 0.2152
vn -0.7351 0.6597 0.1565
vn 0.7328 -0.6804 0.0127
vn 0.8774 -0.4795 -0.0138
vn -0.5100 0.3617 0.7804
vn 0.6665 -0.5656 -0.4856
vn 0.6500 -0.5577 -0.5162
vn 0.4118 -0.2584 -0.8739
vn -0.8375 0.5174 0.1756
vn 0.5387 -0.8397 -0.0685
vn -0.6447 0.2517 0.7219
vn -0.7788 0.2140 0.5896
vn 0.3523 -0.8983 -0.2625
vn -0.8682 0.2564 0.4249
vn 0.1890 -0.6741 -0.7140
vn 0.2670 -0.4592 -0.8473
vn -0.8903 0.3673 0.2691
vn 0.6481 0.4689 0.6001
vn 0.6482 0.4689 0.6000
vn -0.3805 0.7681 0.5150
vn 0.3523 0.8986 -0.2616
vn 0.5916 0.7858 0.1803
vn -0.0151 0.7826 -0.6223
vn -0.0151 0.7825 -0.6224
vn -0.3916 0.4765 -0.7871
vn -0.3916 0.4765 -0.7872
vn -0.6723 0.0870 -0.7351
vn -0.6723 0.0870 -0.7352
vn 0.2261 -0.8388 -0.4952
vn -0.8163 -0.3309 -0.4735
vn -0.8162 -0.3310 -0.4735
vn -0.5204 -0.7606 0.3881
vn -0.7601 -0.6476 -0.0534
vn -0.5203 -0.7607 0.3881
vn -0.7600 -0.6477 -0.0535
vn -0.1533 -0.6444 0.7492
vn -0.1532 -0.6445 0.7491
vn 0.2217 -0.3372 0.9150
vn 0.2218 -0.3372 0.9149
vn 0.5020 0.0527 0.8633
vn 0.5020 0.0527 0.8632
vn 0.9533 -0.2870 -0.0940
vn 0.6959 -0.5784 -0.4256
vn 0.9356 -0.1437 -0.3226
vn -0.3747 0.7010 0.6067
vn -0.6786 0.5888 0.4391
vn -0.4352 0.5581 0.7065
vn 0.8256 -0.0964 -0.5559
vn -0.4668 0.8370 0.2856
vn 0.6814 -0.5722 -0.4564
vn 0.6452 -0.1541 -0.7483
vn -0.5896 0.7935 0.1506
vn -0.7247 0.6830 0.0914
vn 0.7142 -0.6955 0.0786
vn 0.8674 -0.4954 0.0473
vn -0.5431 0.4170 0.7288
vn 0.6755 -0.6051 -0.4214
vn 0.6610 -0.5988 -0.4522
vn 0.4527 -0.3169 -0.8334
vn -0.8328 0.5418 0.1135
vn 0.5184 -0.8551 -0.0045
vn -0.6773 0.3054 0.6693
vn -0.8021 0.2643 0.5355
vn 0.3428 -0.9178 -0.2001
vn -0.8797 0.2977 0.3708
vn 0.2104 -0.7224 -0.6587
vn 0.2997 -0.5169 -0.8019
vn -0.8922 0.3983 0.2129
vn 0.6309 0.4960 0.5966
vn -0.3895 0.8035 0.4502
vn 0.3873 0.8756 -0.2886
vn 0.5987 0.7847 0.1607
vn 0.3873 0.8756 -0.2887
vn 0.5988 0.7847 0.1606
vn 0.0392 0.7509 -0.6592
vn 0.0393 0.7509 -0.6593
vn -0.3400 0.4422 -0.8300
vn -0.6371 0.0539 -0.7689
vn -0.6370 0.0539 -0.7690
vn 0.2330 -0.8705 -0.4336
vn -0.8017 -0.3479 -0.4861
vn -0.8016 -0.3479 -0.4861
vn -0.5585 -0.7271 0.3992
vn -0.7702 -0.6359 -0.0496
vn -0.5585 -0.7272 0.3991
vn -0.7701 -0.6360 -0.0496
vn -0.2100 -0.6027 0.7698
vn -0.2099 -0.6028 0.7698
vn 0.1679 -0.2930 0.9412
vn 0.1680 -0.2931 0.9412
vn 0.4649 0.0955 0.8802
vn 0.4649 0.0954 0.8802
vn 0.8878 -0.4579 -0.0466
vn 0.5795 -0.7415 -0.3381
vn 0.8927 -0.3418 -0.2938
vn -0.2401 0.8300 0.5035
vn -0.5606 0.7504 0.3501
vn -0.3267 0.7102 0.6236
vn 0.7915 -0.3068 -0.5286
vn -0.3071 0.9370 0.1663
vn 0.5665 -0.7366 -0.3695
vn 0.6074 -0.3543 -0.7110
vn -0.4332 0.9005 0.0389
vn -0.5860 0.8103 -0.0081
vn 0.5727 -0.8002 0.1779
vn 0.7639 -0.6334 0.1236
vn -0.4610 0.5911 0.6618
vn -0.5606 0.7504 0.3502
vn 0.5544 -0.7638 -0.3305
vn 0.5414 -0.7589 -0.3619
vn 0.3907 -0.4894 -0.7796
vn -0.7208 0.6924 0.0309
vn 0.3517 -0.9294 0.1119
vn -0.6120 0.4981 0.6143
vn -0.7396 0.4641 0.4874
vn 0.1715 -0.9825 -0.0730
vn -0.8106 0.4894 0.3216
vn 0.0737 -0.8293 -0.5540
vn 0.2006 -0.6577 -0.7261
vn -0.8068 0.5714 0.1504
vn 0.7270 0.6839 0.0608
vn 0.7147 0.4517 0.5340
vn 0.7271 0.6838 0.0608
vn 0.7148 0.4517 0.5339
vn 0.5325 0.7499 -0.3926
vn 0.5325 0.7498 -0.3926
vn -0.2372 0.9127 0.3327
vn 0.1733 0.6453 -0.7440
vn 0.1734 0.6453 -0.7440
vn -0.2523 0.3929 -0.8843
vn -0.2522 0.3929 -0.8843
vn -0.6199 0.0699 -0.7815
vn -0.6199 0.0698 -0.7816
vn -0.8690 -0.4940 0.0279
vn -0.8554 -0.2634 -0.4461
vn -0.8690 -0.4941 0.0278
vn -0.8553 -0.2634 -0.4461
vn 0.0719 -0.9486 -0.3082
vn -0.6746 -0.5596 0.4814
vn -0.6746 -0.5597 0.4814
vn -0.3148 -0.4559 0.8325
vn 0.1102 -0.2027 0.9730
vn 0.1103 -0.2028 0.9730
vn 0.4784 0.1195 0.8700
vn 0.4785 0.1195 0.8699
vn -0.7265 0.6471 0.2311
vn -0.3523 0.9310 -0.0957
vn -0.8064 0.5891 -0.0518
vn 0.3273 -0.9381 0.1134
vn -0.0431 -0.9386 0.3424
vn -0.1018 -0.9856 0.1349
vn -0.5158 0.7474 0.4188
vn -0.3113 0.9463 -0.0877
vn 0.3115 -0.7948 0.5208
vn 0.1126 -0.8687 0.4823
vn 0.0223 0.9259 0.3772
vn -0.2510 0.8460 0.4704
vn 0.3274 -0.9381 0.1134
vn 0.5112 -0.7319 0.4506
vn -0.7467 0.5762 -0.3325
vn -0.0572 -0.9955 -0.0759
vn -0.3431 0.9290 -0.1391
vn 0.2678 0.9540 -0.1347
vn -0.3021 0.9442 -0.1311
vn 0.6506 -0.7053 0.2814
vn -0.5582 0.6097 -0.5628
vn 0.0813 -0.9660 -0.2453
vn -0.2874 0.6971 -0.6568
vn 0.2821 -0.9061 -0.3152
vn 0.1909 0.8887 -0.4168
vn -0.0227 0.7957 -0.6052
vn 0.6359 -0.7594 -0.1374
vn 0.4808 -0.8321 -0.2764
vn -0.3886 -0.1588 0.9076
vn -0.3887 -0.1587 0.9076
vn -0.7516 -0.3253 0.5738
vn 0.0718 0.0125 0.9973
vn 0.0717 0.0126 0.9973
vn 0.5419 0.1567 0.8257
vn 0.8743 0.2243 0.4305
vn 0.2083 0.9671 0.1457
vn 0.8742 0.2244 0.4305
vn 0.9778 0.2016 -0.0574
vn 0.8329 0.0925 -0.5456
vn 0.8329 0.0924 -0.5456
vn 0.4701 -0.0753 -0.8794
vn 0.4701 -0.0754 -0.8794
vn 0.0098 -0.2467 -0.9690
vn 0.0098 -0.2468 -0.9690
vn -0.4607 -0.3894 -0.7976
vn -0.4607 -0.3895 -0.7975
vn -0.7928 -0.4578 -0.4024
vn -0.8962 -0.4354 0.0855
vn -0.7516 -0.3254 0.5738
vn -0.0480 0.9121 0.4072
vn 0.3178 0.9476 -0.0314
vn -0.2170 0.9621 0.1649
vn -0.3357 -0.9403 0.0563
vn -0.5428 -0.7456 0.3866
vn -0.6697 -0.7126 0.2092
vn 0.2178 0.8280 0.5166
vn 0.3593 0.9325 -0.0371
vn -0.1477 -0.8849 0.4418
vn -0.3488 -0.8114 0.4690
vn 0.7090 0.6357 0.3052
vn 0.4854 0.7302 0.4808
vn 0.0174 -0.9502 0.3111
vn -0.2566 0.9591 -0.1195
vn -0.3356 -0.9403 0.0563
vn -0.6992 -0.7149 -0.0046
vn 0.3532 0.9320 -0.0811
vn 0.3117 0.9472 -0.0756
vn 0.7692 0.5847 -0.2577
vn 0.0614 -0.9924 -0.1071
vn -0.1596 0.9036 -0.3975
vn -0.6255 -0.7516 -0.2093
vn 0.0668 0.8166 -0.5733
vn -0.4608 -0.8200 -0.3396
vn 0.5976 0.6271 -0.4996
vn 0.3344 0.7188 -0.6095
vn -0.0647 -0.9564 -0.2848
vn -0.2597 -0.8934 -0.3667
vn -0.1426 -0.0221 0.9895
vn -0.5992 0.1296 0.7900
vn -0.1426 -0.0220 0.9895
vn 0.3225 -0.1922 0.9268
vn 0.3225 -0.1921 0.9269
vn 0.7085 -0.3482 0.6139
vn 0.8873 -0.4415 0.1337
vn 0.8086 0.5877 0.0268
vn 0.0907 -0.9902 0.1066
vn 0.8873 -0.4414 0.1337
vn 0.8189 -0.4463 -0.3609
vn 0.8189 -0.4462 -0.3608
vn 0.5160 -0.3626 -0.7761
vn 0.5160 -0.3625 -0.7761
vn 0.0590 -0.2119 -0.9755
vn 0.0590 -0.2120 -0.9755
vn -0.4062 -0.0420 -0.9128
vn -0.7917 0.1149 -0.6000
vn -0.7917 0.1150 -0.6000
vn -0.9710 0.2067 -0.1198
vn -0.9711 0.2066 -0.1197
vn -0.9025 0.2120 0.3749
vn -0.0478 -0.0122 -0.9988
vn -0.7130 0.6916 -0.1154
vn 0.1047 0.5265 -0.8437
vn 0.1004 0.6895 0.7173
vn 0.9535 -0.2971 -0.0515
vn 0.9309 0.3619 -0.0501
vn -0.0099 0.2791 0.9602
vn -0.3010 -0.2402 -0.9229
vn -0.9967 0.0810 0.0065
vn -0.0100 0.2791 0.9602
vn 0.1868 0.4596 0.8682
vn 0.8097 0.1113 0.5762
vn -0.9662 -0.0662 0.2491
vn 0.9271 -0.1408 -0.3473
vn -0.2526 -0.3096 -0.9167
vn 0.9712 -0.0528 -0.2322
vn 0.9271 -0.1408 -0.3474
vn -0.9608 0.0573 0.2711
vn 0.9713 -0.0527 -0.2321
vn -0.2959 -0.1120 -0.9486
vn -0.9609 0.0573 0.2711
vn 0.2646 0.3250 0.9079
vn 0.9490 -0.1855 -0.2549
vn -0.9602 0.1019 0.2600
vn -0.2960 -0.1121 -0.9486
vn -0.3372 -0.0804 -0.9380
vn 0.2391 0.1759 0.9549
vn 0.9435 -0.1302 -0.3046
vn -0.9565 0.0691 0.2833
vn 0.9435 -0.1301 -0.3046
vn -0.9173 0.1835 0.3533
vn 0.3130 -0.1208 0.9420
vn 0.2813 0.1079 0.9535
vn -0.2721 0.0227 -0.9620
vn 0.9486 -0.1646 -0.2702
vn -0.2721 0.0228 -0.9620
vn -0.9039 -0.3898 0.1763
vn 0.0307 -0.6070 0.7941
vn 0.0308 -0.6070 0.7941
vn 0.3131 -0.1208 0.9420
vn 0.6921 -0.6973 -0.1863
vn -0.3116 -0.5924 -0.7429
vn 0.6020 0.1537 0.7836
vn -0.1499 0.0659 0.9865
vn 0.6051 0.1535 0.7812
vn -0.2274 0.0870 0.9699
vn -0.4428 0.0262 0.8962
vn -0.2982 0.0488 0.9532
vn -0.4474 0.0292 0.8939
vn -0.6451 -0.0088 0.7640
vn -0.6510 -0.0066 0.7590
vn -0.7813 -0.0316 0.6234
vn -0.7903 -0.0287 0.6120
vn -0.8722 -0.0353 0.4878
vn -0.8851 -0.0303 0.4644
vn -0.9580 -0.0343 0.2847
vn -0.9657 -0.0306 0.2578
vn -0.9984 -0.0551 -0.0132
vn 0.5953 0.1525 0.7889
vn -0.1552 0.0672 0.9856
vn -0.9982 -0.0542 -0.0242
vn 0.5868 0.1494 0.7959
vn -0.1633 0.0674 0.9843
vn 0.5763 0.1458 0.8041
vn -0.1724 0.0643 0.9829
vn 0.5635 0.1421 0.8138
vn -0.1833 0.0613 0.9811
vn 0.5479 0.1372 0.8252
vn -0.1972 0.0590 0.9786
vn 0.5278 0.1306 0.8393
vn -0.2139 0.0559 0.9753
vn 0.5021 0.1211 0.8563
vn -0.2340 0.0514 0.9709
vn 0.4698 0.1098 0.8759
vn -0.2590 0.0435 0.9649
vn -0.4727 0.6964 0.5399
vn -0.2740 0.7098 0.6489
vn -0.3642 0.8213 0.4392
vn -0.2574 0.7850 0.5634
vn -0.3191 0.9317 0.1737
vn -0.3176 0.9104 0.2652
vn -0.3861 0.9082 -0.1618
vn -0.2305 0.9433 -0.2388
vn -0.5880 0.4206 0.6909
vn -0.5878 0.5775 0.5666
vn -0.5106 0.7381 0.4409
vn -0.4869 0.8505 0.1989
vn -0.4820 0.8567 -0.1836
vn 0.2423 0.4411 0.8641
vn 0.0440 0.5526 0.8323
vn -0.3923 0.4852 0.7815
vn 0.3700 0.4248 0.8262
vn -0.3217 0.4733 0.8201
vn 0.4252 0.4163 0.8037
vn -0.3121 0.4584 0.8321
vn 0.3901 0.3969 0.8308
vn -0.3665 0.2320 0.9010
vn 0.3544 0.2744 0.8939
vn -0.3379 0.0745 0.9382
vn 0.4093 0.1365 0.9021
vn -0.2914 0.0297 0.9561
vn 0.9992 0.0178 0.0357
vn 0.9985 0.0178 0.0520
vn 0.6832 -0.7156 -0.1454
vn 0.9350 -0.0654 -0.3485
vn 0.9423 -0.0553 -0.3303
vn 0.8546 -0.1153 -0.5063
vn 0.8611 -0.1078 -0.4969
vn 0.5966 -0.7654 -0.2414
vn 0.7789 -0.1325 -0.6130
vn 0.7706 -0.1353 -0.6228
vn 0.5483 -0.7737 -0.3175
vn 0.6155 -0.1245 -0.7782
vn 0.6005 -0.1352 -0.7881
vn 0.4509 -0.7602 -0.4678
vn 0.3910 -0.1329 -0.9107
vn 0.3726 -0.1294 -0.9189
vn 0.2886 -0.7750 -0.5622
vn 0.2073 -0.1031 -0.9728
vn 0.1745 -0.0997 -0.9796
vn 0.1624 -0.7594 -0.6300
vn 0.0376 -0.0622 -0.9974
vn 0.0095 -0.0584 -0.9982
vn 0.0395 -0.7363 -0.6755
vn -0.0626 -0.0371 -0.9974
vn -0.0822 -0.0433 -0.9957
vn -0.0700 -0.0326 -0.9970
vn -0.1138 -0.0942 -0.9890
vn -0.0601 -0.0441 -0.9972
vn -0.2811 -0.1198 -0.9522
vn -0.0804 -0.0920 -0.9925
vn -0.5677 -0.0988 -0.8173
vn -0.2723 -0.1199 -0.9547
vn -0.8025 -0.0820 -0.5909
vn -0.5669 -0.1087 -0.8166
vn -0.9064 -0.0988 -0.4108
vn -0.7904 -0.0966 -0.6050
vn -0.9608 -0.0896 -0.2625
vn -0.8979 -0.1009 -0.4285
vn -0.9984 -0.0552 -0.0133
vn -0.9602 -0.0872 -0.2655
vn 0.0355 0.5483 -0.8355
vn -0.0053 0.5034 -0.8641
vn -0.0078 0.5419 -0.8404
vn 0.0813 0.5672 -0.8196
vn 0.0333 0.5147 -0.8567
vn 0.1345 0.5971 -0.7908
vn 0.0813 0.5382 -0.8389
vn 0.1993 0.6401 -0.7419
vn 0.1331 0.5799 -0.8037
vn 0.3080 0.6797 -0.6657
vn 0.2233 0.6314 -0.7426
vn 0.3641 0.7421 -0.5627
vn 0.3170 0.6925 -0.6481
vn 0.3983 0.8095 -0.4313
vn 0.3084 0.7780 -0.5473
vn 0.4922 0.8516 -0.1803
vn 0.3092 0.8796 -0.3616
vn -0.1585 0.8882 -0.4312
vn -0.4820 0.8567 -0.1837
vn -0.3433 0.8647 -0.3666
vn -0.1014 0.7926 -0.6013
vn -0.4148 0.8043 -0.4255
vn -0.3206 0.7890 -0.5242
vn -0.1615 0.7141 -0.6811
vn -0.3747 0.7430 -0.5546
vn -0.3245 0.7019 -0.6340
vn -0.1087 0.6384 -0.7620
vn -0.3214 0.6886 -0.6500
vn -0.2434 0.6388 -0.7299
vn -0.0119 0.5566 -0.8307
vn -0.2150 0.6493 -0.7295
vn -0.1394 0.5893 -0.7958
vn 0.0433 0.4769 -0.8779
vn -0.1413 0.6090 -0.7805
vn -0.0888 0.5438 -0.8345
vn 0.0655 0.4141 -0.9079
vn -0.0946 0.5725 -0.8145
vn -0.0451 0.5159 -0.8554
vn -0.0487 0.5527 -0.8319
vn 0.6356 0.6071 0.4769
vn -0.0967 0.9500 0.2969
vn -0.1455 0.7863 0.6005
vn 0.6367 0.6671 0.3868
vn 0.0405 0.9864 0.1595
vn 0.6362 0.7562 0.1531
vn 0.0160 0.9852 0.1709
vn 0.5826 0.7907 -0.1880
vn -0.0192 0.9919 0.1258
vn 0.6187 0.5581 0.5529
vn 0.5307 0.7264 0.4367
vn 0.4986 0.8425 0.2040
vn 0.5826 0.7907 -0.1881
vn -0.0332 0.9994 -0.0016
vn -0.0231 0.9985 0.0492
vn 0.4178 0.7234 -0.5496
vn 0.4867 0.7573 -0.4354
vn 0.3303 0.6937 -0.6401
vn 0.0301 0.9992 -0.0275
vn 0.2474 0.6548 -0.7142
vn 0.0662 0.9968 -0.0455
vn 0.1748 0.6123 -0.7710
vn 0.1010 0.9910 -0.0874
vn 0.1095 0.5782 -0.8085
vn 0.1105 0.9835 -0.1433
vn 0.0500 0.5566 -0.8293
vn 0.0783 0.9791 -0.1878
vn -0.0182 0.9758 -0.2179
vn 0.0280 0.9763 -0.2144
vn 0.3984 0.8095 -0.4314
vn 0.1993 0.6402 -0.7419
vn -0.0116 0.5524 -0.8335
vn 0.2698 0.0354 0.9623
vn -0.5062 0.1369 0.8515
vn -0.5045 0.1362 0.8526
vn 0.4831 -0.0154 0.8754
vn 0.3617 0.0965 0.9273
vn 0.3641 0.0883 0.9272
vn 0.6157 -0.0364 0.7871
vn 0.4817 -0.0117 0.8762
vn 0.7163 -0.0350 0.6970
vn 0.6231 -0.0336 0.7814
vn 0.7912 -0.0042 0.6116
vn 0.7364 -0.0278 0.6760
vn 0.8897 0.0250 0.4559
vn 0.8173 0.0057 0.5762
vn 0.9985 0.0177 0.0521
vn 0.9107 0.0350 0.4115
vn 0.2660 0.0380 0.9632
vn -0.5097 0.1395 0.8489
vn 0.9992 0.0178 0.0358
vn 0.2618 0.0422 0.9642
vn -0.5133 0.1403 0.8466
vn 0.2568 0.0439 0.9655
vn -0.5163 0.1402 0.8449
vn 0.2523 0.0459 0.9666
vn -0.5177 0.1392 0.8442
vn 0.2493 0.0478 0.9673
vn -0.5165 0.1371 0.8452
vn 0.2484 0.0494 0.9674
vn -0.5116 0.1334 0.8488
vn 0.2509 0.0500 0.9667
vn -0.5016 0.1276 0.8556
vn 0.2595 0.0497 0.9645
vn -0.4834 0.1259 0.8663
vn 0.5008 0.6958 0.5148
vn 0.6124 0.3968 0.6838
vn 0.3285 0.5469 0.7700
vn 0.3767 0.8114 0.4469
vn 0.3959 0.6862 0.6102
vn 0.3546 0.9198 0.1682
vn 0.5319 0.8120 0.2403
vn 0.3757 0.9210 -0.1033
vn 0.6187 0.5581 0.5530
vn 0.0012 0.5493 0.8356
vn 0.5307 0.7265 0.4367
vn 0.4985 0.8425 0.2040
vn -0.1616 0.4290 0.8887
vn -0.3466 0.4274 0.8350
vn 0.4155 0.4546 0.7879
vn -0.4286 0.3965 0.8118
vn 0.3129 0.4695 0.8256
vn -0.4406 0.3763 0.8150
vn 0.2895 0.4386 0.8508
vn 0.2955 0.2651 0.9178
vn 0.2844 0.3963 0.8730
vn -0.4198 0.2859 0.8614
vn 0.2907 0.1141 0.9500
vn -0.4458 0.1672 0.8794
vn 0.2745 0.0537 0.9601
vn 0.1364 0.9462 0.2934
vn -0.6041 0.6237 0.4960
vn 0.1877 0.7845 0.5910
vn -0.0062 0.9846 0.1745
vn -0.6193 0.6738 0.4030
vn -0.0005 0.9815 0.1914
vn -0.6416 0.7523 0.1500
vn 0.0244 0.9980 0.0577
vn -0.5784 0.7948 -0.1839
vn 0.0441 0.5527 0.8322
vn -0.5107 0.7381 0.4409
vn -0.4870 0.8504 0.1989
vn 0.0299 0.9994 0.0160
vn -0.4853 0.7646 -0.4241
vn -0.4226 0.7320 -0.5343
vn -0.0364 0.9993 0.0023
vn -0.3431 0.7014 -0.6247
vn -0.0905 0.9956 -0.0227
vn -0.2575 0.6665 -0.6996
vn -0.1198 0.9903 -0.0700
vn -0.1861 0.6237 -0.7592
vn -0.1314 0.9840 -0.1199
vn -0.1261 0.5872 -0.7996
vn -0.1067 0.9795 -0.1708
vn -0.0667 0.5623 -0.8242
vn -0.0591 0.9761 -0.2091
vn -0.4149 0.8043 -0.4255
vn -0.3747 0.7430 -0.5545
vn -0.2151 0.6494 -0.7294
vn -0.0946 0.5725 -0.8144
vn -0.0487 0.5528 -0.8319
vn 0.1496 -0.0659 -0.9866
vn 0.7850 0.0636 -0.6162
vn 0.7828 0.0639 -0.6190
vn 0.4424 -0.0263 -0.8964
vn 0.2678 -0.1557 -0.9508
vn 0.2376 0.0409 -0.9705
vn 0.6454 0.0089 -0.7638
vn 0.4472 -0.0292 -0.8940
vn 0.7812 0.0317 -0.6235
vn 0.6513 0.0066 -0.7588
vn 0.8718 0.0351 -0.4886
vn 0.7904 0.0287 -0.6119
vn 0.9576 0.0342 -0.2860
vn 0.8850 0.0302 -0.4647
vn 0.9984 0.0552 0.0133
vn 0.9656 0.0305 -0.2584
vn 0.1550 -0.0673 -0.9856
vn 0.7900 0.0652 -0.6096
vn 0.1239 -0.0590 -0.9905
vn 0.2403 0.7097 -0.6622
vn 0.3779 0.7320 -0.5668
vn 0.4844 0.7389 -0.4684
vn 0.5654 0.7382 -0.3679
vn 0.9982 0.0542 0.0244
vn 0.6227 0.7479 -0.2299
vn 0.1632 -0.0675 -0.9843
vn 0.7962 0.0689 -0.6010
vn 0.1724 -0.0643 -0.9829
vn 0.8037 0.0732 -0.5905
vn 0.1833 -0.0613 -0.9811
vn 0.8126 0.0773 -0.5776
vn 0.1972 -0.0590 -0.9786
vn 0.8230 0.0826 -0.5620
vn 0.2139 -0.0559 -0.9753
vn 0.8358 0.0896 -0.5416
vn 0.2340 -0.0514 -0.9709
vn 0.8511 0.0994 -0.5155
vn 0.2590 -0.0435 -0.9649
vn 0.8689 0.1130 -0.4818
vn 0.3124 -0.6041 -0.7331
vn 0.4731 -0.6969 -0.5390
vn 0.5877 -0.4201 -0.6915
vn 0.2493 -0.8327 -0.4944
vn 0.3659 -0.8198 -0.4404
vn 0.1885 -0.9456 -0.2652
vn 0.3305 -0.9298 -0.1619
vn 0.3941 -0.8641 0.3130
vn 0.2067 -0.9717 0.1145
vn 0.5869 -0.5782 -0.5667
vn 1.0000 -0.0089 -0.0041
vn 0.5116 -0.7376 -0.4407
vn 0.4869 -0.8505 -0.1989
vn 0.4800 -0.8575 0.1849
vn 0.9728 -0.0919 -0.2128
vn 0.9283 -0.2004 -0.3132
vn 0.3931 -0.4843 -0.7816
vn 0.9029 -0.2299 -0.3631
vn 0.3217 -0.4731 -0.8202
vn 0.9204 -0.1776 -0.3483
vn 0.3121 -0.4585 -0.8321
vn 0.3664 -0.2320 -0.9011
vn 0.3396 -0.4001 -0.8513
vn 0.9346 -0.0374 -0.3538
vn 0.3380 -0.0740 -0.9382
vn 0.9018 0.0877 -0.4232
vn 0.2914 -0.0296 -0.9561
vn -0.6520 0.7545 0.0754
vn -0.9992 -0.0177 -0.0357
vn -0.6511 0.7480 -0.1286
vn -0.9985 -0.0175 -0.0526
vn -0.6333 -0.6836 0.3627
vn -0.6177 -0.7811 0.0912
vn -0.6006 0.7754 0.1950
vn -0.9415 0.0555 0.3325
vn -0.9337 0.0662 0.3518
vn -0.6121 -0.6283 0.4802
vn -0.5175 0.8092 0.2782
vn -0.8609 0.1079 0.4972
vn -0.7796 0.1323 0.6122
vn -0.8545 0.1156 0.5064
vn -0.3971 0.8276 0.3967
vn -0.7710 0.1351 0.6223
vn -0.6160 0.1246 0.7779
vn -0.5571 -0.6224 0.5498
vn -0.2562 0.8186 0.5141
vn -0.6007 0.1352 0.7880
vn -0.3908 0.1329 0.9108
vn -0.4166 -0.6497 0.6359
vn -0.1268 0.7960 0.5919
vn -0.3722 0.1294 0.9191
vn -0.2076 0.1031 0.9728
vn -0.2682 -0.6315 0.7276
vn -0.0198 0.7612 0.6483
vn -0.1743 0.0997 0.9796
vn -0.0375 0.0623 0.9974
vn -0.1379 -0.6501 0.7473
vn 0.0459 0.7205 0.6919
vn -0.0091 0.0585 0.9982
vn 0.0628 0.0371 0.9973
vn -0.0182 -0.6780 0.7349
vn 0.0701 0.0326 0.9970
vn 0.0827 0.0438 0.9956
vn 0.0599 0.0441 0.9972
vn 0.1127 0.0946 0.9891
vn 0.0797 0.0920 0.9926
vn 0.2800 0.1198 0.9525
vn 0.2713 0.1197 0.9550
vn 0.5677 0.0988 0.8173
vn 0.5670 0.1087 0.8165
vn 0.8034 0.0818 0.5898
vn 0.7909 0.0966 0.6042
vn 0.9067 0.0987 0.4101
vn 0.8980 0.1008 0.4282
vn 0.9606 0.0897 0.2632
vn 0.9600 0.0873 0.2662
vn 0.9984 0.0552 0.0134
vn 0.0377 0.7315 0.6808
vn 0.0479 0.7863 0.6160
vn 0.1832 0.8241 0.5359
vn 0.3803 0.8185 0.4307
vn 0.5271 0.7970 0.2948
vn 0.5940 0.7859 0.1719
vn 0.6277 0.7767 0.0520
vn 0.9982 0.0542 0.0245
vn 0.0053 -0.5033 0.8641
vn -0.0351 -0.5486 0.8354
vn 0.0075 -0.5422 0.8402
vn -0.0332 -0.5146 0.8568
vn -0.0812 -0.5670 0.8197
vn -0.0813 -0.5382 0.8389
vn -0.1346 -0.5969 0.7910
vn -0.1328 -0.5799 0.8038
vn -0.1996 -0.6400 0.7420
vn -0.2230 -0.6324 0.7419
vn -0.3085 -0.6800 0.6652
vn -0.3168 -0.6927 0.6480
vn -0.3645 -0.7418 0.5629
vn -0.3073 -0.7779 0.5482
vn -0.3977 -0.8085 0.4338
vn -0.3117 -0.8786 0.3618
vn -0.4871 -0.8550 0.1783
vn 0.4086 -0.7966 0.4454
vn 0.3950 -0.9057 0.1536
vn 0.3941 -0.8641 0.3131
vn 0.3437 -0.8639 0.3683
vn 0.4800 -0.8575 0.1850
vn 0.3813 -0.7133 0.5881
vn 0.3202 -0.7889 0.5245
vn 0.4142 -0.8035 0.4276
vn 0.3844 -0.5852 0.7140
vn 0.3242 -0.7022 0.6339
vn 0.3751 -0.7429 0.5545
vn 0.3166 -0.4962 0.8085
vn 0.2433 -0.6397 0.7291
vn 0.3220 -0.6889 0.6494
vn 0.1279 -0.4244 0.8964
vn 0.1391 -0.5894 0.7958
vn 0.2155 -0.6492 0.7295
vn -0.0272 -0.3991 0.9165
vn 0.0887 -0.5438 0.8345
vn 0.1413 -0.6088 0.7807
vn -0.1363 -0.4226 0.8960
vn 0.0451 -0.5159 0.8555
vn 0.0946 -0.5723 0.8145
vn 0.0048 -0.4828 0.8757
vn 0.0486 -0.5528 0.8319
vn -0.9296 0.1621 -0.3310
vn -0.6351 -0.6075 -0.4771
vn -0.9989 -0.0019 -0.0473
vn -0.8678 0.0999 -0.4868
vn -0.6349 -0.6681 -0.3880
vn -0.9390 0.0021 -0.3438
vn -0.6375 -0.7558 -0.1495
vn -0.9484 -0.0962 0.3020
vn -0.5794 -0.7927 0.1894
vn -0.6177 -0.5592 -0.5530
vn -0.9993 0.0259 0.0259
vn -0.5318 -0.7255 -0.4368
vn -0.4971 -0.8441 -0.2010
vn -0.9484 -0.0963 0.3020
vn -0.4832 -0.7606 0.4336
vn -0.5794 -0.7927 0.1895
vn -0.8047 -0.0796 0.5884
vn -0.4171 -0.7237 0.5498
vn -0.6558 -0.0299 0.7543
vn -0.3300 -0.6937 0.6402
vn -0.4850 0.0157 0.8744
vn -0.2469 -0.6549 0.7142
vn -0.3384 0.0751 0.9380
vn -0.1743 -0.6126 0.7710
vn -0.2139 0.1348 0.9675
vn -0.1092 -0.5784 0.8084
vn -0.1266 0.1935 0.9729
vn -0.0495 -0.5564 0.8294
vn 0.0031 0.2156 0.9765
vn 0.0112 -0.5522 0.8337
vn -0.3978 -0.8084 0.4338
vn -0.4871 -0.8549 0.1783
vn -0.3646 -0.7418 0.5629
vn -0.0813 -0.5671 0.8196
vn -0.8521 0.0723 -0.5184
vn -0.2697 -0.0354 -0.9623
vn -0.8531 0.0731 -0.5166
vn -0.4255 0.0997 -0.8995
vn -0.4831 0.0155 -0.8754
vn -0.3253 -0.0930 -0.9410
vn -0.4817 0.0117 -0.8763
vn -0.6157 0.0364 -0.7872
vn -0.6232 0.0336 -0.7814
vn -0.7161 0.0350 -0.6972
vn -0.7364 0.0279 -0.6759
vn -0.7904 0.0041 -0.6125
vn -0.8170 -0.0058 -0.5766
vn -0.8878 -0.0255 -0.4596
vn -0.9098 -0.0355 -0.4136
vn -0.9985 -0.0175 -0.0527
vn -0.8500 0.0694 -0.5221
vn -0.2658 -0.0380 -0.9633
vn -0.4702 -0.1545 -0.8689
vn -0.2663 0.7305 -0.6289
vn -0.3675 0.7459 -0.5555
vn -0.4741 0.7307 -0.4912
vn -0.5629 0.7012 -0.4376
vn -0.6310 0.7022 -0.3299
vn -0.9992 -0.0177 -0.0358
vn -0.8479 0.0681 -0.5258
vn -0.2617 -0.0423 -0.9642
vn -0.8462 0.0674 -0.5286
vn -0.2568 -0.0440 -0.9655
vn -0.8454 0.0673 -0.5299
vn -0.2523 -0.0459 -0.9666
vn -0.8461 0.0681 -0.5287
vn -0.2493 -0.0478 -0.9673
vn -0.8489 0.0705 -0.5239
vn -0.2484 -0.0494 -0.9674
vn -0.8546 0.0751 -0.5138
vn -0.2509 -0.0500 -0.9667
vn -0.8652 0.0772 -0.4954
vn -0.2595 -0.0497 -0.9645
vn -0.4553 -0.5135 -0.7273
vn -0.5010 -0.6972 -0.5128
vn -0.5863 -0.7027 -0.4032
vn -0.3785 -0.8099 -0.4481
vn -0.4405 -0.8702 -0.2208
vn -0.3575 -0.9187 -0.1681
vn -0.3648 -0.9263 0.0944
vn -0.3744 -0.9216 0.1027
vn -0.3385 -0.9279 -0.1564
vn -0.6120 -0.3968 -0.6841
vn -0.6176 -0.5591 -0.5531
vn -0.5317 -0.7256 -0.4368
vn -0.4970 -0.8442 -0.2010
vn -0.4871 -0.8550 0.1782
vn -0.9864 -0.0170 -0.1633
vn -0.4159 -0.4536 -0.7882
vn -0.9396 -0.1612 -0.3020
vn -0.3132 -0.4692 -0.8257
vn -0.9021 -0.2015 -0.3816
vn -0.2895 -0.4387 -0.8507
vn -0.8974 -0.1776 -0.4039
vn -0.2954 -0.2652 -0.9178
vn -0.9071 -0.0741 -0.4144
vn -0.2907 -0.1138 -0.9500
vn -0.8884 0.0379 -0.4576
vn -0.2746 -0.0537 -0.9601
vn 0.6035 -0.6242 -0.4962
vn 0.9265 0.1278 -0.3539
vn 0.9967 -0.0376 -0.0724
vn 0.6172 -0.6748 -0.4045
vn 0.8586 0.0772 -0.5068
vn 0.6394 -0.7538 -0.1514
vn 0.9359 -0.0074 -0.3522
vn 0.9454 -0.1018 0.3097
vn 0.9972 -0.0666 -0.0346
vn 0.4870 -0.8505 -0.1989
vn 0.5710 -0.7987 0.1897
vn 0.4820 -0.7681 0.4217
vn 0.9454 -0.1018 0.3098
vn 0.4220 -0.7322 0.5346
vn 0.8053 -0.0876 0.5863
vn 0.3427 -0.7016 0.6248
vn 0.6609 -0.0493 0.7489
vn 0.2569 -0.6667 0.6997
vn 0.4981 0.0082 0.8671
vn 0.1856 -0.6239 0.7592
vn 0.3400 0.0626 0.9383
vn 0.1258 -0.5874 0.7995
vn 0.2135 0.1164 0.9700
vn 0.0665 -0.5624 0.8242
vn 0.1300 0.1801 0.9750
vn 0.0113 -0.5522 0.8337
vn 0.0652 0.2027 0.9771
vn 0.0946 -0.5723 0.8146
vn 0.5780 -0.4425 0.6856
vn 0.6050 0.1536 0.7813
vn 0.2078 -0.7489 -0.6292
vn 0.7229 -0.5178 -0.4576
vn -0.1430 -0.6559 0.7412
vn 0.4044 -0.7440 -0.5319
vn 0.2905 -0.6741 -0.6791
vn -0.3762 -0.6764 0.6333
vn -0.2274 -0.6489 0.7261
vn -0.4751 -0.6990 0.5345
vn 0.5403 -0.7180 -0.4388
vn 0.6789 -0.6938 -0.2402
vn 0.6330 -0.6941 -0.3428
vn -0.5566 -0.6999 0.4477
vn 0.7015 -0.7076 -0.0850
vn -0.6525 -0.6898 0.3136
vn 0.7030 -0.7007 0.1213
vn 0.7900 0.0652 -0.6097
vn 0.7962 0.0689 -0.6011
vn 0.8037 0.0731 -0.5906
vn 0.8126 0.0773 -0.5777
vn 0.8230 0.0825 -0.5621
vn 0.8358 0.0896 -0.5417
vn 0.8510 0.0994 -0.5156
vn 0.8689 0.1130 -0.4819
vn 1.0000 -0.0090 -0.0042
vn 0.9727 -0.0919 -0.2129
vn 0.9283 -0.2004 -0.3133
vn 0.9204 -0.1777 -0.3484
vn 0.9029 -0.2300 -0.3632
vn 0.9345 -0.0375 -0.3539
vn 0.9018 0.0877 -0.4233
vn -0.6334 -0.6836 0.3627
vn -0.6121 -0.6282 0.4802
vn -0.5572 -0.6223 0.5498
vn -0.4167 -0.6496 0.6359
vn -0.2682 -0.6314 0.7276
vn -0.1379 -0.6500 0.7473
vn -0.0183 -0.6779 0.7349
vn -0.0347 -0.7313 -0.6812
vn 0.0538 -0.6831 0.7284
vn -0.0532 -0.7430 -0.6671
vn 0.0647 -0.6711 0.7385
vn 0.0898 -0.6461 0.7579
vn -0.0800 -0.7653 -0.6387
vn 0.1984 -0.6526 0.7313
vn -0.2011 -0.7616 -0.6161
vn 0.3769 -0.6806 0.6283
vn -0.4186 -0.7381 -0.5291
vn -0.5853 -0.7339 -0.3447
vn 0.5472 -0.6766 0.4928
vn -0.6281 -0.7553 -0.1871
vn 0.6571 -0.6445 0.3910
vn 0.6952 -0.6565 0.2926
vn -0.6636 -0.7433 -0.0840
vn 0.7031 -0.7007 0.1214
vn -0.7052 -0.7026 0.0951
vn -0.8678 0.0998 -0.4869
vn -0.9296 0.1620 -0.3310
vn -0.9989 -0.0020 -0.0473
vn -0.9390 0.0020 -0.3439
vn -0.9967 -0.0675 -0.0458
vn -0.9993 0.0259 0.0258
vn 0.0011 0.5493 0.8356
vn -0.9484 -0.0964 0.3020
vn -0.6559 -0.0300 0.7543
vn -0.8047 -0.0796 0.5883
vn -0.4850 0.0156 0.8744
vn -0.3385 0.0750 0.9380
vn -0.1267 0.1934 0.9729
vn -0.0631 0.2076 0.9762
vn -0.5044 0.1361 0.8526
vn -0.4885 -0.4603 0.7413
vn -0.2847 -0.7287 -0.6228
vn 0.0990 -0.6689 0.7367
vn -0.3652 -0.7124 -0.5993
vn 0.0852 -0.6630 0.7438
vn 0.2540 -0.6919 0.6758
vn -0.5234 -0.6938 -0.4946
vn 0.3511 -0.7061 0.6149
vn 0.4284 -0.7076 0.5620
vn -0.5857 -0.6912 -0.4232
vn -0.6096 -0.7134 -0.3455
vn 0.5073 -0.6846 0.5234
vn -0.6283 -0.7501 -0.2063
vn 0.6249 -0.6462 0.4381
vn 0.7679 -0.6233 0.1479
vn -0.8520 0.0723 -0.5185
vn -0.8500 0.0694 -0.5222
vn -0.8461 0.0674 -0.5287
vn -0.8460 0.0681 -0.5288
vn -0.8453 0.0673 -0.5300
vn -0.8488 0.0705 -0.5239
vn -0.8546 0.0751 -0.5139
vn -0.8652 0.0772 -0.4955
vn -0.9395 -0.1613 -0.3021
vn -0.9021 -0.2015 -0.3817
vn -0.8974 -0.1776 -0.4040
vn -0.9070 -0.0741 -0.4145
vn -0.8883 0.0379 -0.4577
vn 0.8586 0.0771 -0.5068
vn 0.9265 0.1277 -0.3539
vn 0.9359 -0.0075 -0.3521
vn 0.9972 -0.0667 -0.0345
vn 0.0172 0.9909 0.1334
vn 1.0000 -0.0089 -0.0042
vn 0.9454 -0.1019 0.3097
vn 0.8053 -0.0877 0.5864
vn 0.6608 -0.0494 0.7489
vn 0.4980 0.0081 0.8671
vn 0.3400 0.0625 0.9384
vn 0.2135 0.1163 0.9700
vn 0.1300 0.1800 0.9750
vn 0.0651 0.2026 0.9771
vn 0.0030 0.2155 0.9765
vn -0.0181 0.9758 -0.2179
vn 0.0851 -0.6630 0.7438
vn -0.4348 -0.7068 -0.5580
vn 0.5319 0.8120 0.2402
vn 0.3286 0.5469 0.7700
vn -0.0319 0.4674 -0.8835
vn -0.0118 0.5566 -0.8307
vn -0.1088 0.6384 -0.7620
vn -0.1615 0.7141 -0.6812
vn -0.1014 0.7925 -0.6013
vn -0.2312 0.9430 -0.2395
vn -0.3048 0.9416 -0.1432
vn -0.5243 -0.0433 0.8504
vn -0.2672 -0.2006 0.9425
vn -0.2685 -0.1953 0.9433
vn -0.3301 0.6326 0.7006
vn -0.3396 0.3995 0.8515
vn -0.3866 0.4297 0.8160
vn -0.1985 0.5351 -0.8212
vn 0.2802 0.7934 -0.5404
vn 0.3762 0.7877 -0.4878
vn 0.3373 0.8258 -0.4519
vn 0.3640 0.0883 0.9272
vn 0.3616 0.0965 0.9273
vn 0.2325 0.7699 0.5944
vn 0.2405 0.6743 0.6981
vn 0.2394 0.6458 0.7250
vn 0.3248 0.3531 0.8774
vn 0.2677 -0.1558 -0.9508
vn 0.1947 -0.0689 -0.9784
vn 0.2042 -0.0684 -0.9765
vn 0.2164 -0.0687 -0.9739
vn 0.2293 -0.0678 -0.9710
vn 0.2447 -0.0676 -0.9672
vn 0.2672 -0.0673 -0.9613
vn 0.2693 -0.5490 -0.7913
vn 0.2866 -0.4725 -0.8334
vn 0.2940 -0.4517 -0.8423
vn 0.3369 -0.3820 -0.8606
vn 0.3554 -0.2241 -0.9074
vn 0.2995 -0.0616 -0.9521
vn 0.3300 -0.1090 -0.9377
vn -0.0341 -0.4981 0.8664
vn -0.0867 -0.5319 0.8424
vn -0.1483 -0.5857 0.7969
vn -0.2663 -0.6568 0.7055
vn -0.3028 -0.7073 0.6388
vn -0.2565 -0.8174 0.5158
vn -0.2680 -0.9402 0.2100
vn -0.3744 -0.9216 0.1028
vn -0.2747 -0.0354 -0.9609
vn -0.2686 -0.0382 -0.9625
vn -0.2631 -0.0416 -0.9639
vn -0.2589 -0.0459 -0.9648
vn -0.2586 -0.0519 -0.9646
vn -0.2655 -0.0591 -0.9623
vn -0.2351 -0.5445 -0.8051
vn -0.2597 -0.4707 -0.8432
vn -0.2574 -0.4429 -0.8589
vn -0.2844 -0.3967 -0.8728
vn -0.2634 -0.3936 -0.8807
vn -0.2776 -0.2577 -0.9255
vn -0.2750 -0.0656 -0.9592
vn -0.0045 -0.6438 0.7652
vn -0.8876 0.3680 0.2770
vn -0.2599 -0.9604 0.1006
vn -0.4123 -0.6910 0.5938
vn -0.9035 0.2366 -0.3573
vn -0.3052 -0.9218 0.2389
vn -0.5849 0.0455 -0.8098
vn -0.1661 -0.9399 -0.2982
vn -0.1622 0.9536 -0.2536
vn -0.9124 0.2716 -0.3061
vn -0.2055 0.9414 -0.2673
vn -0.2723 0.8587 0.4342
vn -0.1429 0.9697 -0.1980
vn -0.1744 0.9594 -0.2218
vn -0.0169 0.5705 -0.8211
vn -0.2454 0.7518 0.6121
vn -0.3111 0.9403 -0.1380
vn -0.3410 0.8991 -0.2744
vn 0.1090 0.4853 -0.8675
vn -0.3653 0.6529 0.6635
vn -0.3224 0.6779 0.6607
vn -0.3399 0.9378 -0.0706
vn -0.0755 0.4703 -0.8793
vn 0.0212 0.3686 -0.9294
vn -0.3862 0.6529 0.6516
vn -0.3427 0.9366 -0.0735
vn -0.3430 0.9180 -0.1988
vn -0.3156 0.9368 -0.1510
vn 0.1969 0.7614 0.6176
vn 0.3924 0.9183 0.0520
vn 0.4391 0.8983 0.0172
vn -0.0902 0.5721 -0.8152
vn -0.2540 0.7305 0.6340
vn 0.3212 0.9466 0.0257
vn -0.4554 0.8861 0.0858
vn 0.3376 0.9357 -0.1018
vn -0.4463 0.8928 0.0618
vn 0.1879 0.5485 -0.8148
vn -0.4139 0.7278 -0.5468
vn 0.3248 0.6024 0.7291
vn 0.3291 0.9443 -0.0095
vn 0.3689 0.8989 -0.2365
vn 0.1131 0.3491 -0.9302
vn 0.2993 0.5955 0.7455
vn 0.3155 0.9412 -0.1205
vn 0.3514 0.8729 -0.3384
vn 0.2116 0.7589 0.6159
vn 0.2498 0.6354 0.7306
vn 0.1596 0.9591 -0.2337
vn -0.1160 0.4194 -0.9003
vn -0.0414 0.2460 -0.9684
vn 0.2487 0.8802 0.4042
vn 0.1430 0.9486 -0.2825
vn 0.1838 0.9462 -0.2665
vn -0.0070 0.5392 -0.8422
vn 0.8508 0.4378 0.2906
vn 0.8896 0.2996 -0.3447
vn 0.1737 0.9421 -0.2867
vn 0.5921 0.0794 -0.8019
vn 0.3555 -0.9307 0.0864
vn 0.8939 0.3477 -0.2829
vn 0.3504 -0.9094 0.2243
vn 0.9622 -0.0773 0.2613
vn 0.0584 0.1467 0.9875
vn 0.5757 -0.0984 0.8117
vn 0.9079 -0.2306 0.3501
vn 0.9156 -0.2562 0.3101
vn 0.9383 -0.0726 0.3382
vn 0.5627 -0.3549 -0.7466
vn -0.1427 -0.5010 0.8536
vn 0.0653 -0.9702 0.2335
vn 0.1271 -0.9609 0.2459
vn -0.1182 -0.6211 0.7747
vn 0.1302 -0.9753 0.1782
vn 0.3172 -0.7730 -0.5494
vn 0.1508 -0.9630 0.2234
vn 0.0860 -0.6613 0.7452
vn 0.3358 -0.9334 0.1262
vn 0.4455 -0.8276 -0.3415
vn 0.3408 -0.8901 0.3026
vn 0.1077 -0.6814 0.7240
vn 0.3380 -0.9389 0.0649
vn 0.3522 -0.9114 0.2130
vn 0.3350 -0.9393 0.0743
vn 0.1175 -0.6622 0.7400
vn 0.4454 -0.7735 -0.4509
vn 0.3090 -0.9405 0.1411
vn 0.8994 -0.3842 0.2082
vn 0.6277 -0.3011 0.7179
vn 0.8772 -0.4252 0.2227
vn 0.3944 -0.7319 -0.5557
vn -0.8869 -0.4543 0.0833
vn -0.1463 -0.7243 0.6738
vn -0.6619 -0.3340 0.6711
vn -0.3379 -0.9355 0.1028
vn -0.3119 -0.9492 -0.0406
vn -0.8824 -0.4516 0.1320
vn -0.3893 -0.7213 -0.5728
vn -0.3304 -0.9438 0.0061
vn -0.1637 -0.7466 0.6448
vn -0.3795 -0.8905 0.2509
vn -0.4725 -0.8089 -0.3498
vn -0.3514 -0.9314 0.0953
vn -0.1377 -0.7049 0.6958
vn -0.3522 -0.8562 0.3779
vn -0.4505 -0.8634 -0.2272
vn -0.1423 -0.9702 0.1963
vn 0.1046 -0.5989 0.7940
vn -0.1522 -0.9489 0.2763
vn -0.0509 -0.9649 0.2576
vn 0.1271 -0.4505 0.8837
vn -0.0954 -0.9589 0.2672
vn -0.2697 -0.8137 -0.5149
vn -0.1023 0.1257 0.9868
vn -0.8930 -0.2923 0.3422
vn -0.8975 -0.3396 0.2813
vn -0.5234 -0.3888 -0.7582
vn -0.9528 -0.1818 0.2433
vn -0.5639 -0.1883 0.8041
vn -0.9375 -0.1320 0.3220
vn 0.9383 -0.0725 0.3381
vn 0.8849 -0.4083 -0.2242
vn 0.0582 0.1467 0.9875
vn -0.1428 -0.5011 0.8535
vn -0.1182 -0.6212 0.7747
vn 0.3172 -0.7731 -0.5494
vn 0.0860 -0.6614 0.7451
vn 0.2678 -0.8396 -0.4726
vn 0.1077 -0.6814 0.7239
vn 0.4454 -0.7736 -0.4508
vn 0.4456 -0.8276 -0.3414
vn 0.1175 -0.6623 0.7400
vn 0.3944 -0.7319 -0.5556
vn 0.6277 -0.3012 0.7178
vn 0.8994 -0.3843 0.2082
vn 0.8772 -0.4254 0.2227
vn 0.8398 -0.4012 -0.3658
vn 0.4845 0.6827 -0.5470
vn -0.6620 -0.3340 0.6710
vn -0.1462 -0.7244 0.6737
vn -0.8824 -0.4516 0.1319
vn -0.8869 -0.4544 0.0833
vn -0.8199 -0.3509 -0.4524
vn -0.1637 -0.7467 0.6448
vn -0.3893 -0.7214 -0.5728
vn -0.1377 -0.7050 0.6957
vn -0.4726 -0.8089 -0.3497
vn 0.1046 -0.5990 0.7939
vn -0.2456 -0.8729 -0.4216
vn 0.1270 -0.4505 0.8837
vn -0.2697 -0.8138 -0.5148
vn 0.4848 -0.6515 0.5835
vn -0.5640 -0.1882 0.8041
vn -0.9528 -0.1817 0.2433
vn -0.8686 -0.4304 -0.2454
vn 0.2045 -0.9296 -0.3066
vn 0.5758 -0.0984 0.8117
vn -0.4381 0.8783 -0.1917
vn -0.7853 0.4650 -0.4088
vn -0.8443 0.5103 -0.1637
vn -0.3950 0.8313 -0.3910
vn -0.6337 0.3727 -0.6779
vn 0.1781 -0.1595 -0.9710
vn -0.3117 0.1741 -0.9341
vn 0.3822 0.2886 -0.8779
vn 0.5252 -0.4337 -0.7322
vn 0.6877 0.0817 -0.7214
vn 0.6717 -0.5689 -0.4745
vn 0.7509 -0.6252 -0.2128
vn 0.9530 -0.1326 -0.2724
vn -0.8160 0.4424 -0.3722
vn -0.8732 0.4690 -0.1323
vn -0.6707 0.3689 -0.6434
vn -0.3418 0.1670 -0.9248
vn 0.5730 -0.4978 -0.6511
vn 0.2184 -0.2106 -0.9529
vn 0.6811 -0.6109 -0.4036
vn 0.7333 -0.6520 -0.1928
vn 0.8141 -0.5672 0.1244
vn -0.8787 0.4611 -0.1238
vn -0.9507 -0.2558 -0.1755
vn -0.9619 -0.2715 -0.0336
vn -0.6896 0.3882 -0.6113
vn -0.8328 0.4502 -0.3221
vn -0.3486 0.1710 -0.9215
vn -0.8685 -0.2719 -0.4145
vn -0.1339 -0.7091 -0.6923
vn -0.6138 -0.4152 -0.6715
vn 0.2645 -0.2376 -0.9346
vn 0.0682 -0.9382 -0.3393
vn 0.6251 -0.5280 -0.5748
vn 0.0878 -0.9846 -0.1512
vn 0.7023 -0.6217 -0.3467
vn 0.0883 -0.9959 -0.0214
vn 0.7615 -0.6480 -0.0148
vn 0.7335 -0.6577 -0.1714
vn -0.5871 0.3567 0.7267
vn 0.3841 0.4608 0.8000
vn -0.2089 0.2453 0.9467
vn 0.2160 0.1605 0.9631
vn 0.8449 0.3144 0.4327
vn 0.5108 0.0840 0.8556
vn 0.0406 0.2020 0.9785
vn 0.7860 -0.1997 0.5851
vn 0.7428 0.4003 0.5366
vn 0.8255 -0.3932 0.4049
vn 0.8141 -0.5672 0.1245
vn -0.6034 0.3392 0.7217
vn -0.3532 0.2571 0.8995
vn -0.0117 0.1799 0.9836
vn 0.7042 -0.1969 0.6821
vn 0.6976 -0.0342 0.7156
vn 0.7988 -0.4014 0.4481
vn 0.8053 -0.5444 0.2347
vn 0.7766 -0.6294 0.0273
vn -0.7188 -0.3737 0.5863
vn -0.4389 0.2796 0.8539
vn -0.5815 0.3345 0.7417
vn -0.6299 -0.4174 0.6550
vn -0.1932 0.2802 0.9403
vn -0.4647 -0.3849 0.7974
vn 0.3385 0.1040 0.9352
vn -0.0212 -0.4700 0.8824
vn 0.7877 -0.2560 0.5603
vn 0.2312 -0.9323 0.2781
vn 0.8354 -0.4871 0.2546
vn 0.1477 -0.9744 0.1696
vn 0.7950 -0.5951 0.1172
vn 0.1078 -0.9909 0.0802
vn 0.7615 -0.6480 -0.0147
vn -0.7427 0.4128 0.5272
vn -0.7012 0.4087 0.5842
vn -0.7585 0.4539 0.4675
vn -0.8134 0.4836 0.3233
vn -0.8320 0.4724 0.2909
vn -0.8285 0.5047 0.2424
vn -0.8707 0.4889 0.0542
vn -0.8736 0.4808 0.0756
vn -0.8524 0.5210 0.0445
vn 0.7916 0.3972 -0.4643
vn 0.4212 0.7950 -0.4364
vn 0.6770 0.3204 -0.6626
vn 0.2975 0.7177 -0.6297
vn 0.4619 0.2274 -0.8573
vn -0.3349 0.3199 -0.8863
vn -0.6004 -0.4292 -0.6747
vn -0.7507 0.0813 -0.6556
vn -0.7276 -0.5644 -0.3900
vn -0.7644 -0.6160 -0.1903
vn -0.9592 -0.0723 -0.2732
vn -0.7892 -0.6122 0.0488
vn 0.8500 0.4811 -0.2144
vn 0.7943 0.3686 -0.4830
vn 0.7147 0.3219 -0.6210
vn 0.5335 0.2401 -0.8110
vn -0.1074 -0.0950 -0.9897
vn -0.6484 -0.4908 -0.5820
vn -0.7385 -0.6090 -0.2893
vn -0.7443 -0.6522 -0.1437
vn -0.7598 -0.6502 0.0004
vn 0.9534 -0.2581 -0.1564
vn 0.7856 0.3671 -0.4981
vn 0.8428 0.4468 -0.3000
vn 0.8525 -0.3732 -0.3659
vn 0.7265 0.3270 -0.6043
vn 0.7708 -0.3872 -0.5058
vn 0.5868 0.2601 -0.7668
vn -0.1125 -0.0958 -0.9890
vn -0.1578 -0.9384 -0.3074
vn -0.7011 -0.5167 -0.4914
vn -0.1243 -0.9897 -0.0716
vn -0.7607 -0.6141 -0.2102
vn -0.0903 -0.9959 0.0078
vn -0.7530 -0.6498 -0.1037
vn -0.0848 -0.9946 0.0591
vn -0.7551 -0.6552 -0.0212
vn 0.2385 0.8023 0.5472
vn 0.1802 0.2537 0.9504
vn 0.5378 0.3768 0.7542
vn -0.2117 0.2107 0.9544
vn -0.7433 -0.0470 0.6673
vn -0.5088 0.1380 0.8498
vn -0.8213 -0.2623 0.5066
vn -0.6391 0.3970 0.6588
vn -0.8172 -0.4839 0.3130
vn -0.7892 -0.6122 0.0489
vn 0.2964 0.2915 0.9095
vn 0.5227 0.3730 0.7665
vn -0.0183 0.1964 0.9803
vn -0.7147 -0.2864 0.6382
vn -0.4081 -0.0121 0.9129
vn -0.8082 -0.4855 0.3334
vn -0.7848 -0.5986 0.1605
vn 0.5385 0.3988 0.7423
vn 0.5912 -0.3328 0.7347
vn 0.7243 -0.2969 0.6223
vn 0.3564 0.3460 0.8679
vn 0.3691 -0.3598 0.8569
vn -0.4672 -0.0255 0.8838
vn 0.0576 0.2572 0.9646
vn -0.2519 -0.8483 0.4658
vn -0.0573 -0.5642 0.8237
vn -0.8086 -0.5566 0.1907
vn -0.7709 -0.3806 0.5107
vn -0.7795 -0.6233 0.0630
vn -0.1933 -0.9562 0.2196
vn -0.1158 -0.9869 0.1126
vn 0.6997 0.4587 0.5477
vn 0.7148 0.4905 0.4985
vn 0.3708 0.8695 0.3261
vn 0.8057 0.5138 0.2948
vn 0.6913 0.4525 0.5634
vn 0.8078 0.5334 0.2508
vn 0.8620 0.5068 -0.0111
vn 0.8144 0.5095 0.2778
vn 0.8486 0.5285 0.0259
vn 0.8511 0.4539 -0.2639
vn 0.8614 0.5077 0.0141
vn 0.8469 -0.5058 0.1641
vn 0.9255 0.2901 0.2437
vn 0.9679 0.2396 0.0760
vn 0.7883 -0.4633 0.4049
vn 0.8201 0.3745 0.4325
vn 0.6354 -0.3741 0.6755
vn 0.6199 0.5280 0.5805
vn -0.1818 0.1599 0.9702
vn 0.3354 0.7409 0.5818
vn -0.5290 0.4354 0.7284
vn 0.0881 0.8835 0.4600
vn -0.6725 0.5689 0.4734
vn -0.0028 0.9626 0.2710
vn -0.7503 0.6253 0.2147
vn -0.0647 0.9964 0.0547
vn -0.0140 0.9661 -0.2579
vn 0.8728 -0.4684 0.1370
vn 0.8195 -0.4429 0.3637
vn 0.6732 -0.3703 0.6400
vn 0.3152 -0.1791 0.9320
vn -0.2199 0.2153 0.9515
vn -0.5786 0.5014 0.6433
vn -0.6814 0.6116 0.4020
vn -0.7328 0.6525 0.1930
vn -0.8152 0.5664 -0.1213
vn 0.2571 -0.9547 0.1499
vn 0.1952 -0.9417 0.2739
vn 0.0521 -0.8943 0.4444
vn 0.3507 -0.1713 0.9207
vn -0.5980 -0.5486 0.5844
vn -0.8518 -0.2416 0.4648
vn -0.9292 -0.1419 0.3412
vn -0.9697 -0.0946 0.2251
vn -0.7756 0.6306 -0.0257
vn 0.3998 0.6548 -0.6414
vn 0.5953 -0.3557 -0.7205
vn 0.7218 0.4789 -0.4997
vn 0.0020 0.5947 -0.8040
vn 0.2130 -0.2502 -0.9445
vn -0.1740 0.5603 -0.8098
vn -0.2169 -0.1621 -0.9626
vn -0.2773 0.5572 -0.7827
vn -0.5125 -0.0836 -0.8546
vn -0.7865 0.1987 -0.5848
vn -0.6973 0.0333 -0.7160
vn -0.2244 0.6805 -0.6976
vn -0.8266 0.3922 -0.4036
vn -0.1568 0.8206 -0.5496
vn -0.8152 0.5663 -0.1214
vn 0.6067 -0.3436 -0.7169
vn 0.3566 -0.2566 -0.8983
vn 0.0148 -0.1789 -0.9838
vn -0.7045 0.1985 -0.6814
vn -0.3903 -0.0457 -0.9195
vn -0.7980 0.4033 -0.4478
vn -0.8043 0.5465 -0.2333
vn -0.7757 0.6306 -0.0258
vn 0.0807 -0.8855 -0.4576
vn -0.0254 -0.8424 -0.5382
vn -0.2095 -0.8395 -0.5013
vn -0.8428 -0.5083 -0.1769
vn -0.5523 -0.7553 -0.3529
vn -0.9600 -0.2731 -0.0623
vn -0.9881 -0.1535 0.0110
vn -0.9891 -0.1021 0.1063
vn 0.7462 -0.4151 -0.5204
vn 0.7636 -0.4463 -0.4666
vn 0.8905 0.3286 -0.3148
vn 0.1390 -0.9328 -0.3326
vn 0.8284 -0.4736 -0.2993
vn 0.8323 -0.4976 -0.2441
vn 0.9460 0.2660 -0.1853
vn 0.1752 -0.9719 -0.1570
vn 0.8703 -0.4867 -0.0753
vn 0.8549 -0.5167 -0.0463
vn 0.9691 0.2392 -0.0601
vn 0.2389 -0.9707 0.0271
vn -0.9563 0.2834 0.0720
vn -0.7913 -0.3971 0.4649
vn -0.8501 -0.4813 0.2137
vn -0.9007 0.3505 0.2567
vn -0.6780 -0.3212 0.6612
vn -0.6729 0.4962 0.5486
vn -0.8108 0.4026 0.4248
vn -0.3758 0.7535 0.5395
vn -0.4719 -0.2339 0.8500
vn 0.6083 0.4335 0.6649
vn 0.1064 0.0953 0.9897
vn -0.0216 0.8987 0.4380
vn 0.7288 0.5646 0.3875
vn 0.0733 0.9659 0.2484
vn 0.7644 0.6160 0.1903
vn 0.1114 0.9891 0.0967
vn 0.7895 0.6120 -0.0454
vn -0.7940 -0.3664 0.4851
vn -0.8532 -0.4513 0.2615
vn -0.7179 -0.3201 0.6181
vn -0.5499 -0.2493 0.7971
vn 0.6595 0.4972 0.5637
vn 0.1007 0.1246 0.9871
vn 0.7394 0.6099 0.2851
vn 0.7442 0.6524 0.1433
vn 0.7590 0.6511 0.0012
vn -0.1927 -0.8891 0.4151
vn -0.1983 -0.9423 0.2696
vn -0.1658 -0.8560 0.4897
vn -0.0371 -0.8279 0.5596
vn 0.8864 -0.2848 0.3649
vn 0.5083 -0.7108 0.4862
vn 0.9644 -0.1432 0.2222
vn 0.9836 -0.0923 0.1552
vn 0.9924 -0.0829 0.0914
vn -0.7467 0.4367 -0.5017
vn -0.1869 -0.2429 -0.9519
vn -0.4547 0.6417 -0.6177
vn -0.0380 0.5920 -0.8050
vn 0.1927 -0.2120 -0.9581
vn 0.3151 0.4184 -0.8518
vn 0.7439 0.0485 -0.6666
vn 0.3585 0.4613 -0.8116
vn 0.8241 0.2618 -0.5023
vn 0.2138 0.7133 -0.6675
vn 0.8199 0.4831 -0.3072
vn 0.0467 0.9209 -0.3869
vn 0.0065 0.9907 -0.1361
vn -0.5169 -0.3680 -0.7729
vn -0.5372 -0.3726 -0.7567
vn -0.2914 -0.2854 -0.9130
vn -0.0047 -0.2008 -0.9796
vn 0.5060 -0.1389 -0.8513
vn 0.7124 0.3069 -0.6311
vn 0.7965 0.4982 -0.3426
vn 0.7832 0.6012 -0.1585
vn 0.7590 0.6511 0.0011
vn 0.0004 -0.9093 -0.4162
vn 0.1211 -0.8728 -0.4728
vn 0.3247 -0.8202 -0.4710
vn 0.3967 0.0124 -0.9179
vn 0.8941 -0.3999 -0.2019
vn 0.9745 -0.2191 -0.0489
vn 0.9923 -0.1209 0.0288
vn 0.9924 -0.0828 0.0913
vn -0.7042 -0.4548 -0.5453
vn -0.1013 -0.9480 -0.3019
vn -0.7155 -0.4908 -0.4972
vn -0.8982 0.2285 -0.3755
vn -0.8163 -0.5034 -0.2833
vn -0.1499 -0.9804 -0.1279
vn -0.8070 -0.5349 -0.2504
vn -0.9429 0.2200 -0.2502
vn -0.2026 -0.9758 0.0825
vn -0.8640 -0.5034 -0.0114
vn -0.8478 -0.5297 -0.0246
vn -0.9647 0.2429 -0.1019
vn 0.1953 -0.9417 0.2739
vn 0.2572 -0.9547 0.1499
vn 0.0521 -0.8943 0.4445
vn -0.1936 -0.7665 0.6124
vn -0.5980 -0.5485 0.5844
vn -0.8518 -0.2415 0.4648
vn -0.9292 -0.1418 0.3412
vn -0.9891 -0.1021 0.1064
vn -0.9697 -0.0945 0.2251
vn 0.0807 -0.8854 -0.4577
vn -0.0253 -0.8424 -0.5382
vn -0.2095 -0.8395 -0.5014
vn 0.3023 -0.7676 0.5652
vn -0.9600 -0.2730 -0.0623
vn -0.9881 -0.1534 0.0110
vn -0.8229 -0.3055 0.4791
vn -0.9660 -0.2402 0.0955
vn -0.9266 -0.2243 0.3017
vn 0.2388 -0.9707 0.0271
vn -0.9660 -0.2402 0.0954
vn 0.8925 -0.3405 -0.2957
vn -0.1941 -0.8902 0.4122
vn 0.2249 -0.5900 -0.7754
vn 0.8864 -0.2848 0.3650
vn 0.9836 -0.0922 0.1552
vn 0.1210 -0.8728 -0.4728
vn 0.0003 -0.9092 -0.4163
vn 0.6537 -0.6776 -0.3368
vn 0.8941 -0.3998 -0.2020
vn 0.9745 -0.2190 -0.0490
vn -0.0847 -0.9947 0.0591
vn 0.9923 -0.1208 0.0288
vn 0.8391 -0.2590 0.4783
vn 0.9392 -0.1906 0.2856
vn 0.9774 -0.2043 0.0544
vn -0.1984 -0.9423 0.2696
vn 0.9774 -0.2044 0.0544
vn 0.9392 -0.1907 0.2856
vn 0.8391 -0.2591 0.4783
vn -0.1030 -0.1215 -0.9872
vn 0.3908 0.0472 0.9192
vn 0.7766 -0.6294 0.0272
vn -0.1430 -0.6560 0.7411
vn -0.0045 -0.6439 0.7651
vn -0.7733 -0.5102 -0.3766
vn -0.4884 -0.4604 0.7413
vn 0.7850 0.0635 -0.6163
vn -0.7732 -0.5102 -0.3766
vn 0.6249 -0.6462 0.4380
vn 0.5073 -0.6847 0.5233
vn 0.4283 -0.7077 0.5619
vn 0.3511 -0.7062 0.6148
vn 0.2541 -0.6920 0.6757
vn 0.0851 -0.6630 0.7437
vn -0.6636 -0.7434 -0.0839
vn -0.6281 -0.7553 -0.1870
vn -0.5853 -0.7340 -0.3446
vn -0.4185 -0.7382 -0.5291
vn -0.2011 -0.7616 -0.6160
vn -0.0800 -0.7653 -0.6386
vn -0.0532 -0.7431 -0.6671
vn -0.0347 -0.7314 -0.6811
vn -0.6524 -0.6899 0.3136
vn -0.5565 -0.6999 0.4477
vn -0.4750 -0.6990 0.5345
vn -0.3762 -0.6764 0.6332
vn -0.2274 -0.6490 0.7260
vn 0.5781 -0.4425 0.6856
vn -0.3782 -0.9016 0.2099
vn -0.3782 -0.9016 0.2100
vn 0.7615 -0.6149 0.2050
vn 0.3025 0.9365 -0.1774
vn -0.6997 -0.4377 0.5647
vn -0.7400 -0.6562 0.1479
vn -0.7809 -0.3439 0.5215
vn 0.3181 0.2734 -0.9078
vn -0.3080 -0.2851 0.9077
vn -0.2155 0.9487 0.2313
vn 0.2385 0.2929 -0.9259
vn 0.3331 -0.1782 0.9259
vn 0.7592 0.3325 -0.5594
vn 0.4324 0.8701 0.2364
vn 0.4117 0.5867 0.6973
vn -0.4126 -0.3519 -0.8402
vn 0.3883 0.3980 0.8312
vn -0.3479 -0.1886 0.9184
vn -0.3479 -0.1885 0.9184
vn -0.1743 -0.9465 -0.2716
vn -0.2300 -0.9484 -0.2182
vn -0.2851 0.2694 -0.9199
vn 0.2730 -0.2783 0.9209
vn -0.3213 0.2466 -0.9143
vn -0.2483 -0.9509 -0.1848
vn 0.3269 0.1212 -0.9372
vn 0.7778 -0.3535 0.5196
vn 0.3126 -0.8663 -0.3897
vn -0.8940 -0.3433 -0.2879
vn -0.9043 -0.2819 -0.3206
vn 0.8694 0.3836 0.3115
vn 0.8696 0.3174 0.3783
vn -0.3288 -0.5242 0.7856
vn 0.3053 -0.8843 -0.3532
vn -0.2448 -0.4247 0.8716
vn -0.2699 -0.4396 0.8567
vn 0.2407 0.3438 -0.9077
vn 0.7478 -0.6605 -0.0678
vn -0.1284 -0.3704 -0.9199
vn -0.7244 0.3728 -0.5799
vn -0.3799 -0.2383 0.8938
vn -0.1877 0.3648 -0.9120
vn 0.1835 -0.3882 0.9031
vn 0.3155 -0.4352 0.8432
vn 0.3154 -0.4352 0.8432
vn -0.9777 -0.2043 -0.0477
vn 0.6895 -0.7238 0.0271
vn -0.9273 -0.3734 -0.0256
vn -0.3503 -0.6321 0.6912
vn -0.3504 -0.6320 0.6912
vn 0.4078 -0.4258 0.8077
vn -0.1372 -0.3094 -0.9410
vn 0.1024 0.2651 0.9588
vn 0.0492 0.1260 0.9908
vn 0.1193 -0.4830 0.8674
vn -0.0156 0.0964 0.9952
vn 0.9013 -0.4326 0.0221
vn 0.1697 -0.5864 0.7921
vn 0.2249 -0.6073 0.7620
vn -0.1480 -0.7042 -0.6944
vn -0.7364 -0.6669 0.1138
vn 0.3292 -0.7568 -0.5646
vn 0.4886 -0.4739 0.7326
vn 0.2838 0.6697 0.6863
vn -0.0531 0.2848 0.9571
vn -0.0473 0.2040 0.9778
vn -0.0491 0.1489 0.9876
vn -0.6543 -0.7535 -0.0642
vn -0.4786 -0.4663 0.7440
vn -0.1317 0.6648 -0.7353
vn -0.3380 -0.7357 -0.5869
vn -0.2376 0.7119 -0.6608
vn 0.2807 -0.6492 0.7070
vn 0.4445 0.6888 0.5727
vn -0.9817 0.1000 0.1619
vn 0.9808 -0.0631 -0.1847
vn 0.3077 -0.7534 -0.5811
vn -0.1191 -0.6384 0.7604
vn 0.5229 -0.4549 0.7209
vn -0.0418 0.7308 0.6813
vn 0.0976 -0.1776 -0.9792
vn -0.0763 0.2681 0.9604
vn 0.0924 -0.1319 -0.9869
vn -0.0636 0.1872 0.9803
vn -0.0588 0.1361 0.9890
vn -0.0896 0.6629 -0.7434
vn -0.2718 -0.7341 -0.6222
vn -0.3077 -0.7367 -0.6021
vn 0.1300 -0.6600 0.7399
vn 0.2694 -0.6693 0.6924
vn 0.2694 -0.6692 0.6925
vn 0.4499 0.6748 0.5850
vn 0.0746 0.4976 -0.8642
vn -0.9930 -0.0048 0.1183
vn -0.9941 0.0644 0.0876
vn 0.9897 -0.0785 -0.1201
vn -0.0637 -0.0194 -0.9978
vn 0.6744 -0.7348 -0.0728
vn -0.7353 -0.6678 0.1161
vn -0.2570 -0.6522 0.7132
vn -0.1051 -0.6376 0.7632
vn -0.0370 0.7278 0.6848
vn -0.0552 0.1830 0.9816
vn -0.6604 -0.7494 -0.0465
vn 0.1364 -0.6661 0.7333
vn 0.3192 0.7104 0.6273
vn 0.2592 -0.6785 0.6873
vn -0.2320 0.7261 -0.6472
vn 0.2592 -0.6784 0.6874
vn 0.4440 0.6742 0.5903
vn -0.0056 -0.6557 -0.7550
vn 0.8819 0.4714 0.0089
vn -0.9944 0.1054 -0.0022
vn 0.9980 -0.0565 -0.0279
vn 0.6767 -0.7359 -0.0234
vn -0.2496 -0.6530 0.7150
vn -0.0945 -0.6374 0.7647
vn 0.5631 -0.4439 0.6970
vn -0.0225 0.7287 0.6844
vn 0.0526 -0.1793 -0.9824
vn -0.0286 0.1337 0.9906
vn -0.0973 0.6723 -0.7338
vn -0.1315 0.6926 -0.7093
vn 0.1441 -0.6700 0.7282
vn 0.3290 0.7059 0.6273
vn 0.2551 -0.6860 0.6814
vn -0.2301 0.7255 -0.6486
vn 0.2551 -0.6859 0.6815
vn 0.4428 0.6734 0.5921
vn 0.1611 0.5031 -0.8490
vn 0.0181 -0.6490 -0.7605
vn -0.9998 -0.0111 -0.0185
vn -0.9967 0.0624 -0.0519
vn -0.9922 0.1087 -0.0606
vn 0.9979 -0.0516 0.0392
vn 0.9930 -0.1083 0.0464
vn 0.6837 -0.7294 0.0237
vn 0.0841 0.0524 -0.9951
vn 0.6955 -0.7150 0.0708
vn 0.5419 0.1566 0.8257
vn -0.7928 -0.4579 -0.4023
vn -0.5992 0.1295 0.7900
vn 0.7084 -0.3483 0.6138
vn -0.4063 -0.0420 -0.9128
vn 0.7678 -0.6233 0.1478
vn 0.4841 0.8362 -0.2575
vn -0.4821 0.8567 -0.1836
vn 0.0244 0.9980 0.0576
vn 0.6270 0.7747 -0.0821
vn 0.6270 0.7747 -0.0820
vn -0.9967 -0.0674 -0.0457
vn -0.4871 -0.8549 0.1782
vn -0.0630 0.2077 0.9762
vn 0.4801 -0.8575 0.1849
vn 0.0032 0.2157 0.9765
vn -0.8531 0.0730 -0.5166
vn -0.3386 -0.9279 -0.1564
vn -0.2780 -0.1189 -0.9532
vn 0.2679 -0.8395 -0.4727
vn 0.8398 -0.4011 -0.3658
vn -0.8198 -0.3509 -0.4524
vn -0.2456 -0.8729 -0.4217
vn -0.8686 -0.4304 -0.2453
vn -0.1936 -0.7666 0.6123
vn -0.0140 0.9661 -0.2580
vn 0.0064 0.9907 -0.1360
vn 0.6537 -0.6777 -0.3368
vn -0.0848 -0.9946 0.0590
vn 0.7678 -0.6234 0.1479
vt 0.155955 0.069889
vt 0.131212 0.050440
vt 0.155955 0.049092
vt 0.131212 0.071910
vt 0.106470 0.051788
vt 0.106470 0.073931
vt 0.081727 0.053135
vt 0.081727 0.075953
vt 0.056985 0.054483
vt 0.056985 0.077974
vt 0.032243 0.055830
vt 0.032243 0.079996
vt 0.007500 0.057178
vt 0.155955 0.090685
vt 0.131212 0.093380
vt 0.106470 0.096075
vt 0.081727 0.098770
vt 0.056985 0.101465
vt 0.032243 0.104161
vt 0.007500 0.082017
vt 0.155955 0.111481
vt 0.131212 0.114850
vt 0.106470 0.118219
vt 0.081727 0.121588
vt 0.056985 0.124957
vt 0.032242 0.128326
vt 0.007500 0.106856
vt 0.155955 0.132277
vt 0.131212 0.136320
vt 0.106470 0.140363
vt 0.081727 0.144405
vt 0.056985 0.148448
vt 0.032242 0.152491
vt 0.007500 0.131695
vt 0.155955 0.153073
vt 0.131212 0.157790
vt 0.106470 0.162506
vt 0.081727 0.167223
vt 0.056985 0.171940
vt 0.032242 0.176656
vt 0.007500 0.156534
vt 0.155955 0.173870
vt 0.131212 0.179260
vt 0.106470 0.184650
vt 0.081727 0.190041
vt 0.056985 0.195431
vt 0.032242 0.200821
vt 0.007500 0.181373
vt 0.155955 0.194666
vt 0.131212 0.200730
vt 0.106470 0.206794
vt 0.081727 0.212858
vt 0.056985 0.218922
vt 0.032242 0.224986
vt 0.007500 0.206212
vt 0.081007 0.341304
vt 0.062858 0.353410
vt 0.063231 0.337937
vt 0.077641 0.355478
vt 0.061786 0.368851
vt 0.074227 0.370847
vt 0.060067 0.384232
vt 0.071005 0.386897
vt 0.057885 0.399556
vt 0.092424 0.357547
vt 0.086669 0.372844
vt 0.081943 0.389562
vt 0.067913 0.403190
vt 0.098783 0.344670
vt 0.107206 0.359615
vt 0.099110 0.374841
vt 0.092882 0.392227
vt 0.077941 0.406823
vt 0.116559 0.348036
vt 0.121989 0.361683
vt 0.111551 0.376838
vt 0.103820 0.394892
vt 0.087969 0.410456
vt 0.134335 0.351402
vt 0.136772 0.363751
vt 0.123993 0.378834
vt 0.114758 0.397557
vt 0.097998 0.414090
vt 0.152111 0.354769
vt 0.169735 0.333728
vt 0.169887 0.358136
vt 0.151883 0.331216
vt 0.134031 0.328704
vt 0.116179 0.326192
vt 0.098327 0.323680
vt 0.080475 0.321169
vt 0.169274 0.309341
vt 0.151191 0.307694
vt 0.133108 0.306046
vt 0.115025 0.304398
vt 0.096942 0.302751
vt 0.062623 0.318657
vt 0.078859 0.301103
vt 0.168492 0.284996
vt 0.150018 0.284234
vt 0.131544 0.283471
vt 0.113070 0.282709
vt 0.094596 0.281947
vt 0.060776 0.299456
vt 0.076122 0.281184
vt 0.167199 0.260793
vt 0.148079 0.260971
vt 0.128959 0.261149
vt 0.109839 0.261327
vt 0.090718 0.261505
vt 0.057648 0.280422
vt 0.071598 0.261683
vt 0.164658 0.237280
vt 0.144267 0.238670
vt 0.123876 0.240061
vt 0.103485 0.241451
vt 0.083094 0.242842
vt 0.052478 0.261861
vt 0.062703 0.244232
vt 0.160657 0.215230
vt 0.138265 0.218548
vt 0.115874 0.221866
vt 0.093482 0.225184
vt 0.071090 0.228501
vt 0.042312 0.245623
vt 0.048699 0.231819
vt 0.026307 0.235137
vt 0.432771 0.206212
vt 0.457499 0.228097
vt 0.432771 0.231051
vt 0.432771 0.181373
vt 0.457501 0.203586
vt 0.432771 0.156534
vt 0.457502 0.179075
vt 0.432771 0.131695
vt 0.457504 0.154565
vt 0.432771 0.106856
vt 0.457505 0.130054
vt 0.432771 0.082017
vt 0.457507 0.105543
vt 0.432771 0.057178
vt 0.457509 0.081032
vt 0.482228 0.225143
vt 0.482231 0.200961
vt 0.482234 0.176778
vt 0.482237 0.152596
vt 0.482240 0.128413
vt 0.482243 0.104230
vt 0.457510 0.056522
vt 0.482246 0.080048
vt 0.506956 0.222190
vt 0.506961 0.198335
vt 0.506966 0.174481
vt 0.506970 0.150627
vt 0.506975 0.126772
vt 0.506980 0.102918
vt 0.482249 0.055865
vt 0.506984 0.079063
vt 0.531685 0.219236
vt 0.531691 0.195710
vt 0.531697 0.172184
vt 0.531703 0.148657
vt 0.531710 0.125131
vt 0.531716 0.101605
vt 0.506989 0.055209
vt 0.531722 0.078079
vt 0.556413 0.216282
vt 0.556421 0.193084
vt 0.556429 0.169886
vt 0.556437 0.146688
vt 0.556444 0.123490
vt 0.556452 0.100292
vt 0.531728 0.054553
vt 0.556460 0.077094
vt 0.581142 0.213329
vt 0.581151 0.190459
vt 0.581160 0.167589
vt 0.581170 0.144719
vt 0.581179 0.121849
vt 0.581188 0.098980
vt 0.556467 0.053896
vt 0.581198 0.076110
vt 0.605870 0.210375
vt 0.605881 0.187834
vt 0.605892 0.165292
vt 0.605903 0.142750
vt 0.605914 0.120209
vt 0.605924 0.097667
vt 0.581207 0.053240
vt 0.605935 0.075125
vt 0.630599 0.207422
vt 0.630611 0.185208
vt 0.630624 0.162995
vt 0.630636 0.140781
vt 0.630648 0.118568
vt 0.630661 0.096354
vt 0.605946 0.052583
vt 0.630673 0.074141
vt 0.655431 0.052583
vt 0.630686 0.051927
vt 0.680177 0.053240
vt 0.655420 0.075125
vt 0.704922 0.053896
vt 0.680167 0.076110
vt 0.729668 0.054552
vt 0.704914 0.077094
vt 0.754413 0.055209
vt 0.729661 0.078079
vt 0.779159 0.055865
vt 0.754409 0.079063
vt 0.803904 0.056522
vt 0.779156 0.080048
vt 0.828650 0.057178
vt 0.803903 0.081032
vt 0.655409 0.097667
vt 0.680158 0.098980
vt 0.704907 0.100292
vt 0.729655 0.101605
vt 0.754404 0.102918
vt 0.779153 0.104230
vt 0.828650 0.082017
vt 0.803901 0.105543
vt 0.655399 0.120209
vt 0.680149 0.121849
vt 0.704899 0.123490
vt 0.729649 0.125131
vt 0.754399 0.126772
vt 0.779149 0.128413
vt 0.828650 0.106856
vt 0.803900 0.130054
vt 0.655388 0.142750
vt 0.680139 0.144719
vt 0.704891 0.146688
vt 0.729643 0.148657
vt 0.754395 0.150627
vt 0.779146 0.152596
vt 0.828650 0.131695
vt 0.803898 0.154565
vt 0.655377 0.165292
vt 0.680130 0.167589
vt 0.704883 0.169886
vt 0.729637 0.172184
vt 0.754390 0.174481
vt 0.779143 0.176778
vt 0.828650 0.156534
vt 0.803897 0.179076
vt 0.655366 0.187834
vt 0.680121 0.190459
vt 0.704876 0.193084
vt 0.729630 0.195710
vt 0.754385 0.198335
vt 0.779140 0.200961
vt 0.828650 0.181373
vt 0.803895 0.203586
vt 0.655355 0.210375
vt 0.680112 0.213329
vt 0.704868 0.216283
vt 0.729624 0.219236
vt 0.754381 0.222190
vt 0.779137 0.225143
vt 0.828650 0.206212
vt 0.803893 0.228097
vt 0.619165 0.400060
vt 0.630736 0.393435
vt 0.630728 0.398985
vt 0.607603 0.401154
vt 0.618025 0.395037
vt 0.596041 0.402290
vt 0.605314 0.396654
vt 0.584481 0.403637
vt 0.592604 0.398306
vt 0.573003 0.405706
vt 0.579898 0.400130
vt 0.561926 0.409239
vt 0.567256 0.402559
vt 0.551922 0.414619
vt 0.554948 0.406214
vt 0.543308 0.421362
vt 0.543535 0.411407
vt 0.616885 0.390013
vt 0.630745 0.387885
vt 0.603026 0.392154
vt 0.589167 0.394322
vt 0.575312 0.396628
vt 0.561507 0.399418
vt 0.547971 0.403189
vt 0.533297 0.417723
vt 0.535150 0.408190
vt 0.615745 0.384989
vt 0.630753 0.382335
vt 0.600738 0.387653
vt 0.585730 0.390338
vt 0.570726 0.393126
vt 0.555759 0.396277
vt 0.540993 0.400163
vt 0.523268 0.414090
vt 0.526765 0.404973
vt 0.614606 0.379966
vt 0.630762 0.376785
vt 0.598449 0.383153
vt 0.582293 0.386354
vt 0.566140 0.389624
vt 0.550011 0.393136
vt 0.534016 0.397138
vt 0.513240 0.410457
vt 0.518379 0.401756
vt 0.613466 0.374942
vt 0.630770 0.371234
vt 0.596161 0.378653
vt 0.578857 0.382371
vt 0.561553 0.386122
vt 0.544262 0.389995
vt 0.527039 0.394114
vt 0.503212 0.406823
vt 0.509994 0.398539
vt 0.612326 0.369918
vt 0.630779 0.365684
vt 0.593873 0.374152
vt 0.575420 0.378386
vt 0.556967 0.382620
vt 0.538514 0.386854
vt 0.520061 0.391088
vt 0.493183 0.403190
vt 0.501608 0.395322
vt 0.768236 0.403190
vt 0.759829 0.395322
vt 0.778264 0.399556
vt 0.758208 0.406823
vt 0.751455 0.398542
vt 0.748180 0.410457
vt 0.743066 0.401759
vt 0.738151 0.414090
vt 0.734676 0.404976
vt 0.728123 0.417724
vt 0.726287 0.408192
vt 0.741393 0.391088
vt 0.734485 0.394130
vt 0.727493 0.397153
vt 0.720501 0.400176
vt 0.717897 0.411408
vt 0.713508 0.403198
vt 0.722957 0.386854
vt 0.717307 0.390019
vt 0.711538 0.393157
vt 0.705768 0.396294
vt 0.706516 0.406221
vt 0.699998 0.399431
vt 0.704522 0.382620
vt 0.700026 0.386145
vt 0.695417 0.389644
vt 0.690808 0.393142
vt 0.694229 0.402569
vt 0.686199 0.396641
vt 0.686086 0.378386
vt 0.682715 0.382388
vt 0.679257 0.386369
vt 0.675798 0.390351
vt 0.681590 0.400139
vt 0.672340 0.394333
vt 0.667650 0.374152
vt 0.665400 0.378664
vt 0.663092 0.383163
vt 0.660784 0.387662
vt 0.668882 0.398314
vt 0.658475 0.392160
vt 0.649215 0.369918
vt 0.648085 0.374948
vt 0.646927 0.379971
vt 0.645768 0.384994
vt 0.656167 0.396659
vt 0.644610 0.390016
vt 0.612773 0.349526
vt 0.630756 0.345902
vt 0.594789 0.353211
vt 0.576805 0.356896
vt 0.558821 0.360581
vt 0.540838 0.364265
vt 0.522854 0.367950
vt 0.504870 0.371635
vt 0.486886 0.375320
vt 0.612980 0.329109
vt 0.630734 0.326119
vt 0.595227 0.332218
vt 0.577473 0.335326
vt 0.559720 0.338435
vt 0.541966 0.341544
vt 0.524213 0.344652
vt 0.506460 0.347761
vt 0.488706 0.350869
vt 0.612927 0.308684
vt 0.630711 0.306336
vt 0.595143 0.311209
vt 0.577359 0.313733
vt 0.559575 0.316256
vt 0.541791 0.318781
vt 0.524007 0.321305
vt 0.506223 0.323829
vt 0.488439 0.326352
vt 0.612612 0.288273
vt 0.630689 0.286553
vt 0.594536 0.290227
vt 0.576459 0.292180
vt 0.558383 0.294134
vt 0.540307 0.296087
vt 0.522230 0.298041
vt 0.504154 0.299994
vt 0.486077 0.301948
vt 0.612042 0.267898
vt 0.630666 0.266770
vt 0.593419 0.269317
vt 0.574795 0.270735
vt 0.556171 0.272154
vt 0.537547 0.273572
vt 0.518924 0.274991
vt 0.500300 0.276409
vt 0.610971 0.247728
vt 0.630644 0.246987
vt 0.591298 0.248751
vt 0.571625 0.249774
vt 0.551952 0.250796
vt 0.532279 0.251819
vt 0.512607 0.252841
vt 0.481676 0.277828
vt 0.492934 0.253864
vt 0.630621 0.227204
vt 0.608815 0.228441
vt 0.587008 0.229769
vt 0.565201 0.231097
vt 0.543395 0.232425
vt 0.521588 0.233753
vt 0.499781 0.235081
vt 0.473261 0.254886
vt 0.477974 0.236409
vt 0.456168 0.237737
vt 0.648729 0.349526
vt 0.666701 0.353211
vt 0.684673 0.356896
vt 0.702645 0.360580
vt 0.720617 0.364265
vt 0.738590 0.367950
vt 0.756562 0.371635
vt 0.774534 0.375320
vt 0.648481 0.329109
vt 0.666229 0.332218
vt 0.683977 0.335326
vt 0.701724 0.338435
vt 0.719472 0.341543
vt 0.737219 0.344652
vt 0.754967 0.347760
vt 0.772714 0.350869
vt 0.648495 0.308685
vt 0.666279 0.311209
vt 0.684063 0.313732
vt 0.701847 0.316256
vt 0.719630 0.318780
vt 0.737414 0.321304
vt 0.755198 0.323828
vt 0.772982 0.326352
vt 0.648770 0.288273
vt 0.666852 0.290227
vt 0.684934 0.292180
vt 0.703016 0.294134
vt 0.721098 0.296087
vt 0.739180 0.298041
vt 0.757262 0.299994
vt 0.775343 0.301948
vt 0.649301 0.267898
vt 0.667935 0.269317
vt 0.686570 0.270735
vt 0.705205 0.272154
vt 0.723840 0.273572
vt 0.742474 0.274991
vt 0.761109 0.276409
vt 0.650333 0.247728
vt 0.670022 0.248751
vt 0.689712 0.249774
vt 0.709401 0.250796
vt 0.729091 0.251819
vt 0.748780 0.252841
vt 0.768470 0.253864
vt 0.779744 0.277828
vt 0.652450 0.228441
vt 0.674279 0.229769
vt 0.696108 0.231097
vt 0.717937 0.232425
vt 0.739766 0.233753
vt 0.761595 0.235081
vt 0.783424 0.236409
vt 0.788159 0.254886
vt 0.805253 0.237737
vt 0.540384 0.990870
vt 0.563292 0.959594
vt 0.563290 0.992500
vt 0.518698 0.983486
vt 0.541141 0.958099
vt 0.499622 0.970756
vt 0.520107 0.951331
vt 0.484058 0.953906
vt 0.501467 0.939662
vt 0.471667 0.934551
vt 0.486046 0.924216
vt 0.459538 0.915028
vt 0.473533 0.906474
vt 0.442920 0.899496
vt 0.461261 0.888578
vt 0.420854 0.893335
vt 0.444874 0.874341
vt 0.563294 0.926688
vt 0.541898 0.925329
vt 0.521517 0.919176
vt 0.503313 0.908568
vt 0.488034 0.894526
vt 0.475400 0.878397
vt 0.462984 0.862128
vt 0.423493 0.868693
vt 0.446828 0.849185
vt 0.563296 0.893782
vt 0.542654 0.892559
vt 0.522927 0.887021
vt 0.505158 0.877474
vt 0.490023 0.864836
vt 0.477267 0.850320
vt 0.464708 0.835678
vt 0.426131 0.844051
vt 0.448783 0.824029
vt 0.563298 0.860876
vt 0.543411 0.859789
vt 0.524337 0.854866
vt 0.507003 0.846380
vt 0.492011 0.835146
vt 0.479134 0.822243
vt 0.466431 0.809228
vt 0.428771 0.819408
vt 0.450736 0.798873
vt 0.563300 0.827970
vt 0.544168 0.827019
vt 0.525747 0.822712
vt 0.508849 0.815286
vt 0.493999 0.805457
vt 0.481000 0.794166
vt 0.468154 0.782778
vt 0.431409 0.794766
vt 0.452690 0.773718
vt 0.544924 0.794249
vt 0.563302 0.795064
vt 0.527156 0.790557
vt 0.510694 0.784192
vt 0.495987 0.775767
vt 0.482867 0.766089
vt 0.469878 0.756328
vt 0.434048 0.770124
vt 0.454644 0.748562
vt 0.563304 0.762158
vt 0.545681 0.761479
vt 0.528566 0.758402
vt 0.512539 0.753098
vt 0.497975 0.746077
vt 0.484734 0.738013
vt 0.471601 0.729878
vt 0.436687 0.745482
vt 0.456599 0.723406
vt 0.563306 0.729252
vt 0.546438 0.728708
vt 0.529976 0.726247
vt 0.514385 0.722004
vt 0.499964 0.716387
vt 0.486600 0.709936
vt 0.473325 0.703428
vt 0.439326 0.720839
vt 0.458552 0.698251
vt 0.563308 0.696346
vt 0.547194 0.695938
vt 0.531386 0.694092
vt 0.516230 0.690910
vt 0.501952 0.686697
vt 0.488467 0.681859
vt 0.475048 0.676978
vt 0.441964 0.696197
vt 0.460506 0.673095
vt 0.563310 0.663440
vt 0.547951 0.663168
vt 0.532796 0.661937
vt 0.518075 0.659816
vt 0.503940 0.657008
vt 0.490334 0.653782
vt 0.476772 0.650528
vt 0.447242 0.646912
vt 0.462461 0.647939
vt 0.563312 0.630534
vt 0.548708 0.630398
vt 0.534205 0.629783
vt 0.519921 0.628722
vt 0.505928 0.627318
vt 0.492201 0.625705
vt 0.478495 0.624078
vt 0.449881 0.622270
vt 0.464415 0.622784
vt 0.549464 0.597628
vt 0.563314 0.597628
vt 0.535615 0.597628
vt 0.521766 0.597628
vt 0.507916 0.597628
vt 0.494067 0.597628
vt 0.480218 0.597628
vt 0.466368 0.597628
vt 0.452519 0.597628
vt 0.616976 0.945942
vt 0.632059 0.966154
vt 0.618192 0.977607
vt 0.630527 0.935443
vt 0.643554 0.952309
vt 0.641903 0.922752
vt 0.653340 0.937189
vt 0.651713 0.908892
vt 0.662679 0.921783
vt 0.661114 0.894770
vt 0.673378 0.907331
vt 0.671761 0.881522
vt 0.688281 0.897544
vt 0.686261 0.872551
vt 0.705774 0.893335
vt 0.615760 0.914277
vt 0.628995 0.904732
vt 0.640253 0.893196
vt 0.650087 0.880595
vt 0.659548 0.867757
vt 0.670143 0.855714
vt 0.684241 0.847558
vt 0.703136 0.868693
vt 0.614545 0.882612
vt 0.627463 0.874022
vt 0.638602 0.863639
vt 0.648460 0.852298
vt 0.657983 0.840744
vt 0.668525 0.829905
vt 0.682220 0.822565
vt 0.700498 0.844051
vt 0.613329 0.850947
vt 0.625931 0.843312
vt 0.636952 0.834082
vt 0.646833 0.824002
vt 0.656417 0.813732
vt 0.666907 0.804097
vt 0.680200 0.797572
vt 0.697858 0.819408
vt 0.612113 0.819282
vt 0.624399 0.812601
vt 0.635302 0.804525
vt 0.645207 0.795705
vt 0.654852 0.786719
vt 0.665290 0.778288
vt 0.678180 0.772579
vt 0.695219 0.794766
vt 0.610898 0.787617
vt 0.622867 0.781891
vt 0.633651 0.774968
vt 0.643580 0.767408
vt 0.653286 0.759706
vt 0.663672 0.752479
vt 0.689942 0.745481
vt 0.692581 0.770124
vt 0.609682 0.755952
vt 0.621335 0.751180
vt 0.632001 0.745412
vt 0.641953 0.739111
vt 0.651720 0.732693
vt 0.662054 0.726671
vt 0.676159 0.747586
vt 0.674139 0.722593
vt 0.608467 0.724288
vt 0.619804 0.720470
vt 0.630350 0.715855
vt 0.640327 0.710815
vt 0.650155 0.705680
vt 0.660436 0.700862
vt 0.672119 0.697600
vt 0.687303 0.720839
vt 0.607251 0.692623
vt 0.618272 0.689759
vt 0.628700 0.686298
vt 0.638700 0.682518
vt 0.648589 0.678667
vt 0.658818 0.675054
vt 0.670098 0.672607
vt 0.684665 0.696197
vt 0.606035 0.660958
vt 0.616740 0.659049
vt 0.627049 0.656741
vt 0.637074 0.654221
vt 0.647024 0.651654
vt 0.657200 0.649245
vt 0.679387 0.646912
vt 0.682025 0.671555
vt 0.604819 0.629293
vt 0.615208 0.628338
vt 0.625399 0.627185
vt 0.635447 0.625925
vt 0.645458 0.624641
vt 0.655583 0.623436
vt 0.668078 0.647614
vt 0.676748 0.622270
vt 0.603604 0.597628
vt 0.613676 0.597628
vt 0.623748 0.597628
vt 0.633821 0.597628
vt 0.653965 0.597628
vt 0.664038 0.597628
vt 0.666058 0.622621
vt 0.674110 0.597628
vt 0.573755 0.630469
vt 0.574116 0.663311
vt 0.574476 0.696152
vt 0.575197 0.761835
vt 0.575557 0.794677
vt 0.575917 0.827518
vt 0.576278 0.860360
vt 0.576638 0.893201
vt 0.576998 0.926043
vt 0.577359 0.958884
vt 0.577719 0.991726
vt 0.583459 0.597628
vt 0.573386 0.597628
vt 0.584883 0.662928
vt 0.585592 0.695578
vt 0.586301 0.728228
vt 0.574836 0.728994
vt 0.587009 0.760878
vt 0.587718 0.793528
vt 0.588427 0.826179
vt 0.589136 0.858829
vt 0.589845 0.891479
vt 0.590553 0.924129
vt 0.591262 0.956779
vt 0.591971 0.989429
vt 0.593531 0.597628
vt 0.584174 0.630278
vt 0.595541 0.662129
vt 0.596546 0.694380
vt 0.597550 0.726631
vt 0.598554 0.758882
vt 0.599558 0.791132
vt 0.600562 0.823383
vt 0.601566 0.855634
vt 0.602571 0.887885
vt 0.603575 0.920135
vt 0.604579 0.952386
vt 0.605583 0.984637
vt 0.594537 0.629879
vt 0.294363 0.050440
vt 0.269620 0.069889
vt 0.269620 0.049092
vt 0.319105 0.051788
vt 0.294363 0.071910
vt 0.343848 0.053135
vt 0.319105 0.073931
vt 0.368590 0.054483
vt 0.343848 0.075953
vt 0.393333 0.055830
vt 0.368590 0.077974
vt 0.418075 0.057178
vt 0.393333 0.079996
vt 0.269620 0.090685
vt 0.294363 0.093380
vt 0.319105 0.096075
vt 0.343848 0.098770
vt 0.368590 0.101465
vt 0.418075 0.082017
vt 0.393333 0.104161
vt 0.269620 0.111481
vt 0.294363 0.114850
vt 0.319105 0.118219
vt 0.343848 0.121588
vt 0.368590 0.124957
vt 0.418075 0.106856
vt 0.393333 0.128326
vt 0.269620 0.132277
vt 0.294363 0.136320
vt 0.319105 0.140363
vt 0.343848 0.144405
vt 0.368590 0.148448
vt 0.418075 0.131695
vt 0.393333 0.152491
vt 0.269620 0.153073
vt 0.294363 0.157790
vt 0.319105 0.162506
vt 0.343848 0.167223
vt 0.368590 0.171940
vt 0.418075 0.156534
vt 0.393333 0.176656
vt 0.269620 0.173870
vt 0.294363 0.179260
vt 0.319105 0.184650
vt 0.343848 0.190041
vt 0.368590 0.195431
vt 0.418075 0.181373
vt 0.393333 0.200821
vt 0.269620 0.194666
vt 0.294363 0.200730
vt 0.319105 0.206794
vt 0.343848 0.212858
vt 0.368590 0.218922
vt 0.418075 0.206212
vt 0.393333 0.224986
vt 0.362717 0.353410
vt 0.344568 0.341304
vt 0.362344 0.337937
vt 0.363789 0.368851
vt 0.347934 0.355478
vt 0.365508 0.384232
vt 0.351348 0.370847
vt 0.367691 0.399556
vt 0.354570 0.386897
vt 0.333152 0.357547
vt 0.326792 0.344670
vt 0.338906 0.372844
vt 0.343632 0.389562
vt 0.357662 0.403190
vt 0.318369 0.359615
vt 0.309016 0.348036
vt 0.326465 0.374841
vt 0.332693 0.392227
vt 0.347634 0.406823
vt 0.303586 0.361683
vt 0.291240 0.351402
vt 0.314023 0.376838
vt 0.321755 0.394892
vt 0.337605 0.410457
vt 0.288803 0.363751
vt 0.273464 0.354769
vt 0.301582 0.378834
vt 0.310817 0.397557
vt 0.327577 0.414090
vt 0.255840 0.333728
vt 0.255688 0.358136
vt 0.273692 0.331216
vt 0.291544 0.328704
vt 0.309396 0.326192
vt 0.327248 0.323680
vt 0.345100 0.321169
vt 0.256301 0.309341
vt 0.274384 0.307694
vt 0.292467 0.306046
vt 0.310550 0.304398
vt 0.328633 0.302751
vt 0.346716 0.301103
vt 0.362952 0.318657
vt 0.257084 0.284996
vt 0.275558 0.284234
vt 0.294032 0.283471
vt 0.312505 0.282709
vt 0.330979 0.281946
vt 0.349453 0.281184
vt 0.364799 0.299456
vt 0.258376 0.260793
vt 0.277496 0.260971
vt 0.296616 0.261149
vt 0.315737 0.261327
vt 0.334857 0.261505
vt 0.353977 0.261683
vt 0.367927 0.280422
vt 0.260917 0.237280
vt 0.281308 0.238670
vt 0.301699 0.240061
vt 0.322090 0.241451
vt 0.342481 0.242842
vt 0.362872 0.244232
vt 0.373097 0.261861
vt 0.264919 0.215230
vt 0.287310 0.218548
vt 0.309702 0.221866
vt 0.332093 0.225184
vt 0.354485 0.228501
vt 0.376876 0.231819
vt 0.383263 0.245622
vt 0.399268 0.235137
vt 0.219632 0.959594
vt 0.242539 0.990870
vt 0.219634 0.992500
vt 0.241783 0.958099
vt 0.264226 0.983486
vt 0.262816 0.951331
vt 0.283302 0.970756
vt 0.281456 0.939662
vt 0.298867 0.953906
vt 0.296878 0.924216
vt 0.311258 0.934551
vt 0.309391 0.906474
vt 0.323386 0.915027
vt 0.321662 0.888577
vt 0.340004 0.899496
vt 0.338050 0.874340
vt 0.362070 0.893335
vt 0.219630 0.926688
vt 0.241026 0.925329
vt 0.261406 0.919176
vt 0.279611 0.908567
vt 0.294890 0.894526
vt 0.307524 0.878397
vt 0.319939 0.862127
vt 0.336096 0.849184
vt 0.359431 0.868693
vt 0.219628 0.893782
vt 0.240269 0.892559
vt 0.259997 0.887021
vt 0.277766 0.877473
vt 0.292902 0.864836
vt 0.305657 0.850320
vt 0.318216 0.835677
vt 0.334142 0.824029
vt 0.356792 0.844051
vt 0.219626 0.860876
vt 0.239513 0.859789
vt 0.258587 0.854866
vt 0.275920 0.846380
vt 0.290913 0.835147
vt 0.303790 0.822243
vt 0.316492 0.809228
vt 0.332187 0.798873
vt 0.354154 0.819408
vt 0.238756 0.827019
vt 0.257177 0.822711
vt 0.274075 0.815286
vt 0.288925 0.805457
vt 0.301924 0.794166
vt 0.314769 0.782778
vt 0.330234 0.773718
vt 0.351514 0.794766
vt 0.219624 0.827970
vt 0.237999 0.794249
vt 0.255767 0.790557
vt 0.272230 0.784192
vt 0.286937 0.775767
vt 0.300057 0.766089
vt 0.313046 0.756328
vt 0.328280 0.748562
vt 0.348876 0.770124
vt 0.219622 0.795064
vt 0.237243 0.761478
vt 0.254358 0.758402
vt 0.270385 0.753098
vt 0.284949 0.746077
vt 0.298190 0.738012
vt 0.311323 0.729878
vt 0.326326 0.723406
vt 0.346237 0.745481
vt 0.219620 0.762158
vt 0.236486 0.728708
vt 0.252948 0.726247
vt 0.268539 0.722004
vt 0.282960 0.716387
vt 0.296323 0.709936
vt 0.309599 0.703428
vt 0.324371 0.698251
vt 0.343599 0.720839
vt 0.219616 0.696346
vt 0.219618 0.729252
vt 0.235729 0.695938
vt 0.251538 0.694092
vt 0.266694 0.690910
vt 0.280972 0.686697
vt 0.294457 0.681859
vt 0.307876 0.676978
vt 0.322418 0.673095
vt 0.340960 0.696197
vt 0.219614 0.663440
vt 0.234973 0.663168
vt 0.250128 0.661938
vt 0.264849 0.659816
vt 0.278984 0.657008
vt 0.292590 0.653782
vt 0.306153 0.650528
vt 0.335683 0.646912
vt 0.338321 0.671555
vt 0.219612 0.630534
vt 0.234216 0.630398
vt 0.248718 0.629783
vt 0.263003 0.628722
vt 0.276995 0.627318
vt 0.290723 0.625705
vt 0.304429 0.624078
vt 0.320464 0.647939
vt 0.333043 0.622270
vt 0.233459 0.597628
vt 0.247309 0.597628
vt 0.261158 0.597628
vt 0.275007 0.597628
vt 0.288857 0.597628
vt 0.302706 0.597628
vt 0.316555 0.597628
vt 0.318509 0.622784
vt 0.150865 0.966153
vt 0.165948 0.945942
vt 0.164732 0.977607
vt 0.139370 0.952309
vt 0.152397 0.935443
vt 0.129584 0.937188
vt 0.141021 0.922752
vt 0.120245 0.921783
vt 0.131211 0.908892
vt 0.109546 0.907330
vt 0.121810 0.894770
vt 0.094642 0.897544
vt 0.111163 0.881522
vt 0.077149 0.893335
vt 0.096663 0.872551
vt 0.167163 0.914277
vt 0.153929 0.904732
vt 0.142671 0.893195
vt 0.132838 0.880595
vt 0.123376 0.867757
vt 0.112782 0.855713
vt 0.079788 0.868693
vt 0.098684 0.847558
vt 0.168379 0.882612
vt 0.155461 0.874022
vt 0.144322 0.863639
vt 0.134464 0.852298
vt 0.124942 0.840744
vt 0.114399 0.829905
vt 0.082427 0.844051
vt 0.100704 0.822565
vt 0.169595 0.850947
vt 0.156993 0.843311
vt 0.145972 0.834082
vt 0.136091 0.824002
vt 0.126507 0.813731
vt 0.116017 0.804096
vt 0.085066 0.819408
vt 0.102724 0.797572
vt 0.170811 0.819282
vt 0.158525 0.812601
vt 0.147623 0.804525
vt 0.137717 0.795705
vt 0.128073 0.786718
vt 0.117635 0.778288
vt 0.090343 0.770124
vt 0.104744 0.772579
vt 0.172026 0.787617
vt 0.160057 0.781891
vt 0.149273 0.774968
vt 0.139344 0.767408
vt 0.129638 0.759705
vt 0.119253 0.752479
vt 0.092982 0.745482
vt 0.106765 0.747586
vt 0.173242 0.755952
vt 0.161589 0.751180
vt 0.150924 0.745412
vt 0.140971 0.739111
vt 0.131204 0.732692
vt 0.120870 0.726671
vt 0.108785 0.722593
vt 0.174458 0.724288
vt 0.163121 0.720470
vt 0.152574 0.715855
vt 0.142598 0.710815
vt 0.132770 0.705680
vt 0.122488 0.700862
vt 0.095621 0.720839
vt 0.110806 0.697600
vt 0.175674 0.692623
vt 0.164653 0.689759
vt 0.154225 0.686298
vt 0.144224 0.682518
vt 0.134335 0.678667
vt 0.124106 0.675053
vt 0.098260 0.696197
vt 0.112826 0.672607
vt 0.176889 0.660958
vt 0.166185 0.659049
vt 0.155875 0.656741
vt 0.145851 0.654221
vt 0.135900 0.651654
vt 0.125724 0.649245
vt 0.103537 0.646912
vt 0.114846 0.647614
vt 0.178105 0.629293
vt 0.167717 0.628338
vt 0.157526 0.627185
vt 0.147477 0.625925
vt 0.137466 0.624641
vt 0.127341 0.623436
vt 0.106176 0.622270
vt 0.116866 0.622621
vt 0.179321 0.597628
vt 0.169249 0.597628
vt 0.159176 0.597628
vt 0.149104 0.597628
vt 0.128959 0.597628
vt 0.139032 0.597628
vt 0.118887 0.597628
vt 0.108815 0.597628
vt 0.209538 0.597628
vt 0.219610 0.597628
vt 0.208808 0.663311
vt 0.209169 0.630469
vt 0.208448 0.696152
vt 0.208088 0.728994
vt 0.207727 0.761835
vt 0.207367 0.794677
vt 0.207006 0.827518
vt 0.206646 0.860360
vt 0.206286 0.893201
vt 0.205925 0.926043
vt 0.205565 0.958884
vt 0.205205 0.991726
vt 0.199465 0.597628
vt 0.198041 0.662928
vt 0.198750 0.630278
vt 0.197332 0.695578
vt 0.196623 0.728228
vt 0.195915 0.760878
vt 0.195206 0.793528
vt 0.194497 0.826178
vt 0.193788 0.858829
vt 0.193079 0.891479
vt 0.192371 0.924129
vt 0.191662 0.956779
vt 0.190953 0.989429
vt 0.188387 0.629879
vt 0.189393 0.597628
vt 0.187383 0.662129
vt 0.186379 0.694380
vt 0.185375 0.726631
vt 0.184370 0.758882
vt 0.183366 0.791132
vt 0.182362 0.823383
vt 0.181358 0.855634
vt 0.180353 0.887885
vt 0.179349 0.920135
vt 0.178345 0.952386
vt 0.177341 0.984637
vt 0.860352 0.981445
vt 0.876256 0.964844
vt 0.860352 0.964844
vt 0.876256 0.981445
vt 0.892160 0.981445
vt 0.892160 0.964844
vt 0.908064 0.981445
vt 0.908064 0.964844
vt 0.923968 0.981445
vt 0.923968 0.964844
vt 0.939872 0.964844
vt 0.939872 0.981445
vt 0.955776 0.981445
vt 0.955776 0.964844
vt 0.971680 0.964844
vt 0.971680 0.981445
vt 0.875000 0.936523
vt 0.866211 0.932617
vt 0.866211 0.936523
vt 0.875000 0.932617
vt 0.866211 0.928711
vt 0.875000 0.928711
vt 0.875000 0.924805
vt 0.866211 0.924805
vt 0.875000 0.920898
vt 0.866211 0.920898
vt 0.875000 0.916992
vt 0.866211 0.916992
vt 0.875000 0.913086
vt 0.866211 0.913086
vt 0.866211 0.909180
vt 0.875000 0.909180
vt 0.879062 0.859219
vt 0.902261 0.836020
vt 0.907604 0.875247
vt 0.878906 0.707031
vt 0.936146 0.875247
vt 0.941489 0.836020
vt 0.964688 0.859219
vt 0.863034 0.802135
vt 0.863034 0.830677
vt 0.902261 0.796793
vt 0.941489 0.796793
vt 0.980716 0.830677
vt 0.879062 0.773593
vt 0.907604 0.757565
vt 0.964688 0.773593
vt 0.980716 0.802135
vt 0.878371 0.859910
vt 0.936376 0.876196
vt 0.907374 0.876196
vt 0.965379 0.859910
vt 0.981665 0.830907
vt 0.981665 0.801905
vt 0.936146 0.757565
vt 0.965379 0.772903
vt 0.907374 0.756616
vt 0.936376 0.756616
vt 0.878371 0.772903
vt 0.862085 0.801905
vt 0.862085 0.830907
vt 0.870135 0.930873
vt 0.205440 0.026949
vt 0.180697 0.008495
vt 0.205440 0.008462
vt 0.155955 0.028296
vt 0.131212 0.008562
vt 0.155956 0.008528
vt 0.131212 0.028970
vt 0.106470 0.008595
vt 0.106470 0.029644
vt 0.081727 0.008628
vt 0.081727 0.030318
vt 0.056985 0.008662
vt 0.056985 0.030991
vt 0.032243 0.008695
vt 0.032243 0.031665
vt 0.007500 0.008728
vt 0.205440 0.046397
vt 0.180697 0.027622
vt 0.007500 0.032339
vt 0.205440 0.065846
vt 0.180697 0.047745
vt 0.205440 0.085294
vt 0.180697 0.067867
vt 0.205440 0.104743
vt 0.180697 0.087990
vt 0.205440 0.124192
vt 0.180697 0.108112
vt 0.205440 0.143640
vt 0.180697 0.128234
vt 0.205440 0.163089
vt 0.180697 0.148357
vt 0.205440 0.182537
vt 0.180697 0.168479
vt 0.170018 0.358285
vt 0.166338 0.367888
vt 0.151551 0.365811
vt 0.148875 0.382828
vt 0.136434 0.380831
vt 0.136635 0.402887
vt 0.125696 0.400222
vt 0.128082 0.424990
vt 0.118054 0.421357
vt 0.187663 0.361501
vt 0.181121 0.369956
vt 0.161317 0.384825
vt 0.147573 0.405552
vt 0.138111 0.428624
vt 0.205440 0.338821
vt 0.205440 0.364868
vt 0.187587 0.336240
vt 0.205440 0.312773
vt 0.187357 0.310989
vt 0.205440 0.286726
vt 0.186966 0.285759
vt 0.205440 0.260679
vt 0.185049 0.235889
vt 0.205440 0.234632
vt 0.183048 0.211912
vt 0.205440 0.208585
vt 0.180697 0.188602
vt 0.432771 0.032339
vt 0.432771 0.008728
vt 0.457513 0.007500
vt 0.457513 0.008712
vt 0.457512 0.032011
vt 0.482256 0.008696
vt 0.482253 0.031683
vt 0.482256 0.007500
vt 0.506998 0.008680
vt 0.506993 0.031354
vt 0.506998 0.007500
vt 0.531740 0.008663
vt 0.531734 0.031026
vt 0.531741 0.007500
vt 0.556483 0.008647
vt 0.556475 0.030698
vt 0.556483 0.007500
vt 0.581225 0.008631
vt 0.581216 0.030370
vt 0.581225 0.007500
vt 0.605967 0.008615
vt 0.605957 0.030042
vt 0.605968 0.007500
vt 0.630710 0.008599
vt 0.655452 0.008615
vt 0.630698 0.029714
vt 0.680195 0.008631
vt 0.655442 0.030042
vt 0.704937 0.008647
vt 0.680186 0.030370
vt 0.729680 0.008663
vt 0.704930 0.030698
vt 0.754422 0.008680
vt 0.729674 0.031026
vt 0.779165 0.008696
vt 0.754418 0.031354
vt 0.803907 0.008712
vt 0.779162 0.031683
vt 0.828650 0.008728
vt 0.803906 0.032011
vt 0.828650 0.032339
vt 0.621444 0.410108
vt 0.630719 0.404535
vt 0.630710 0.410085
vt 0.612179 0.410155
vt 0.620305 0.405084
vt 0.602913 0.410259
vt 0.609891 0.405654
vt 0.593657 0.410635
vt 0.599477 0.406274
vt 0.584501 0.411981
vt 0.589071 0.407133
vt 0.575880 0.415289
vt 0.578753 0.408840
vt 0.568692 0.421058
vt 0.568903 0.412264
vt 0.563381 0.428624
vt 0.560306 0.417841
vt 0.708067 0.424990
vt 0.709520 0.414614
vt 0.718087 0.421363
vt 0.698038 0.428624
vt 0.701118 0.417841
vt 0.699531 0.409242
vt 0.692729 0.421058
vt 0.692532 0.412266
vt 0.688464 0.405721
vt 0.685540 0.415289
vt 0.682689 0.408844
vt 0.676990 0.403655
vt 0.676920 0.411981
vt 0.672372 0.407137
vt 0.665428 0.402306
vt 0.667763 0.410635
vt 0.661965 0.406277
vt 0.653859 0.401158
vt 0.658507 0.410258
vt 0.651550 0.405656
vt 0.642293 0.400062
vt 0.649242 0.410155
vt 0.641135 0.405085
vt 0.630728 0.398984
vt 0.639976 0.410108
vt 0.239750 0.456377
vt 0.224317 0.462072
vt 0.219301 0.457055
vt 0.260199 0.455699
vt 0.243090 0.465364
vt 0.280649 0.455020
vt 0.262426 0.465364
vt 0.301098 0.454342
vt 0.281762 0.465364
vt 0.237280 0.443319
vt 0.258553 0.443319
vt 0.279825 0.443319
vt 0.301098 0.443319
vt 0.563381 0.454341
vt 0.570812 0.465364
vt 0.563381 0.465364
vt 0.578243 0.453948
vt 0.570812 0.454145
vt 0.585674 0.453751
vt 0.578243 0.465364
vt 0.593104 0.453555
vt 0.585674 0.465364
vt 0.600535 0.453358
vt 0.593104 0.465364
vt 0.607966 0.453161
vt 0.600535 0.465364
vt 0.615396 0.452964
vt 0.607966 0.465364
vt 0.622827 0.465364
vt 0.615396 0.465364
vt 0.570812 0.443319
vt 0.578243 0.443319
vt 0.585674 0.443319
vt 0.593104 0.443319
vt 0.600535 0.443319
vt 0.607966 0.443319
vt 0.615396 0.443319
vt 0.622827 0.452768
vt 0.244878 0.008495
vt 0.220135 0.026949
vt 0.220135 0.008461
vt 0.294363 0.008562
vt 0.269620 0.028296
vt 0.269622 0.008528
vt 0.319105 0.008595
vt 0.294363 0.028970
vt 0.343848 0.008628
vt 0.319105 0.029644
vt 0.368590 0.008662
vt 0.343848 0.030318
vt 0.393332 0.008695
vt 0.368590 0.030991
vt 0.418075 0.008728
vt 0.393333 0.031665
vt 0.244878 0.027622
vt 0.220135 0.046397
vt 0.418075 0.032339
vt 0.244878 0.047745
vt 0.220135 0.065846
vt 0.244878 0.067867
vt 0.220135 0.085294
vt 0.244878 0.087990
vt 0.220135 0.104743
vt 0.244878 0.108112
vt 0.220135 0.124192
vt 0.244878 0.128234
vt 0.220135 0.143640
vt 0.244878 0.148357
vt 0.220135 0.163089
vt 0.244878 0.168479
vt 0.220135 0.182537
vt 0.255484 0.358303
vt 0.259237 0.367888
vt 0.237912 0.361501
vt 0.274027 0.365811
vt 0.276700 0.382828
vt 0.289141 0.380831
vt 0.288940 0.402887
vt 0.299879 0.400222
vt 0.297492 0.424990
vt 0.244454 0.369956
vt 0.220135 0.364868
vt 0.264258 0.384825
vt 0.278002 0.405552
vt 0.287463 0.428624
vt 0.220135 0.338821
vt 0.220135 0.312773
vt 0.237988 0.336240
vt 0.220135 0.286726
vt 0.238219 0.310989
vt 0.220135 0.260679
vt 0.238610 0.285758
vt 0.240526 0.235889
vt 0.239256 0.260614
vt 0.220135 0.234632
vt 0.242527 0.211912
vt 0.220135 0.208585
vt 0.244878 0.188602
vt 0.200867 0.462072
vt 0.185903 0.454804
vt 0.205883 0.457055
vt 0.182093 0.465364
vt 0.165219 0.454606
vt 0.162757 0.465364
vt 0.144688 0.453805
vt 0.124086 0.465364
vt 0.124085 0.455917
vt 0.187903 0.443319
vt 0.209176 0.443319
vt 0.166631 0.443319
vt 0.145358 0.443319
vt 0.698038 0.452768
vt 0.690608 0.465364
vt 0.690608 0.452768
vt 0.683177 0.452768
vt 0.683177 0.465364
vt 0.675747 0.452768
vt 0.675746 0.465364
vt 0.668316 0.452768
vt 0.668316 0.465364
vt 0.660885 0.452768
vt 0.660885 0.465364
vt 0.653455 0.452768
vt 0.653455 0.465364
vt 0.646024 0.452768
vt 0.646024 0.465364
vt 0.638594 0.452768
vt 0.690608 0.443319
vt 0.698038 0.443319
vt 0.683177 0.443319
vt 0.675746 0.443319
vt 0.668316 0.443319
vt 0.660885 0.443319
vt 0.653455 0.443319
vt 0.646024 0.443319
vt 0.638593 0.443319
vt 0.205440 0.008462
vt 0.131212 0.008562
vt 0.155955 0.028296
vt 0.155955 0.008528
vt 0.081727 0.008628
vt 0.056985 0.008662
vt 0.032243 0.008695
vt 0.155955 0.049092
vt 0.169977 0.358175
vt 0.151552 0.365818
vt 0.136434 0.380831
vt 0.186319 0.260614
vt 0.432771 0.008728
vt 0.432771 0.007500
vt 0.506998 0.008680
vt 0.482256 0.008696
vt 0.531740 0.008663
vt 0.556483 0.008647
vt 0.581225 0.008631
vt 0.605967 0.008615
vt 0.729680 0.008663
vt 0.828650 0.008728
vt 0.709513 0.414581
vt 0.718091 0.421379
vt 0.699537 0.409235
vt 0.688467 0.405735
vt 0.676969 0.403648
vt 0.665426 0.402313
vt 0.653862 0.401159
vt 0.642293 0.400063
vt 0.630727 0.398984
vt 0.301098 0.465364
vt 0.216008 0.443319
vt 0.563381 0.443319
vt 0.622827 0.443319
vt 0.244878 0.008495
vt 0.220135 0.008462
vt 0.269618 0.008528
vt 0.319105 0.008595
vt 0.343848 0.008628
vt 0.368590 0.008662
vt 0.393333 0.008695
vt 0.418075 0.008728
vt 0.255532 0.358145
vt 0.274027 0.365822
vt 0.289141 0.380831
vt 0.307520 0.421357
vt 0.143421 0.465364
vt 0.698038 0.465364
vt 0.205440 0.007500
vt 0.180697 0.007500
vt 0.155988 0.007500
vt 0.131212 0.007500
vt 0.155920 0.007500
vt 0.106470 0.007500
vt 0.081727 0.007500
vt 0.056985 0.007500
vt 0.032243 0.007500
vt 0.007500 0.007500
vt 0.630710 0.007500
vt 0.655453 0.007500
vt 0.680195 0.007500
vt 0.704938 0.007500
vt 0.729680 0.007500
vt 0.754423 0.007500
vt 0.779165 0.007500
vt 0.803907 0.007500
vt 0.828650 0.007500
vt 0.220135 0.007500
vt 0.244878 0.007500
vt 0.269590 0.007500
vt 0.269648 0.007500
vt 0.294363 0.007500
vt 0.319105 0.007500
vt 0.343848 0.007500
vt 0.368590 0.007500
vt 0.393333 0.007500
vt 0.418075 0.007500
vt 0.638593 0.465364
vt 0.269597 0.007500
vt 0.299879 0.400222
vt 0.289141 0.380831
vt 0.274012 0.365802
vt 0.642293 0.400062
vt 0.643452 0.395039
vt 0.653858 0.401157
vt 0.665424 0.402295
vt 0.676983 0.403643
vt 0.688461 0.405713
vt 0.699524 0.409244
vt 0.709508 0.414623
vt 0.718105 0.421333
vt 0.108026 0.417723
vt 0.151562 0.365805
vt 0.155955 0.049092
vt 0.155955 0.069889
vt 0.155955 0.090685
vt 0.155955 0.153073
vt 0.169735 0.333728
vt 0.168492 0.284996
vt 0.167199 0.260793
vt 0.164658 0.237280
vt 0.619165 0.400060
vt 0.607600 0.401155
vt 0.596037 0.402301
vt 0.584478 0.403649
vt 0.573001 0.405708
vt 0.561922 0.409229
vt 0.553353 0.424990
vt 0.551909 0.414606
vt 0.269620 0.111481
vt 0.256301 0.309341
vt 0.264919 0.215230
vt 0.155955 0.132277
vt 0.155955 0.153073
vt 0.160657 0.215230
vt 0.619165 0.400061
vt 0.607598 0.401155
vt 0.596035 0.402310
vt 0.584500 0.403633
vt 0.573008 0.405722
vt 0.561908 0.409264
vt 0.551917 0.414538
vt 0.269620 0.069889
vt 0.269620 0.132277
vt 0.269621 0.153073
vt 0.255840 0.333728
vt 0.256301 0.309341
vt 0.269621 0.194666
vt 0.155991 0.007500
vt 0.040108 0.443319
vt 0.028561 0.453117
vt 0.028561 0.443319
vt 0.040108 0.462915
vt 0.028561 0.462915
vt 0.040108 0.472712
vt 0.028561 0.472712
vt 0.051655 0.453117
vt 0.040108 0.453117
vt 0.051655 0.462915
vt 0.051655 0.443319
vt 0.063202 0.453117
vt 0.063202 0.462915
vt 0.051655 0.472712
vt 0.063202 0.443319
vt 0.074749 0.453117
vt 0.074749 0.462915
vt 0.063202 0.472712
vt 0.086296 0.443319
vt 0.074749 0.443319
vt 0.086296 0.453117
vt 0.086296 0.472712
vt 0.074749 0.472712
vt 0.097843 0.443319
vt 0.097843 0.453117
vt 0.086296 0.462915
vt 0.097843 0.462915
vt 0.109390 0.443319
vt 0.109390 0.453117
vt 0.109390 0.462915
vt 0.097843 0.472712
vt 0.315794 0.443319
vt 0.327340 0.453117
vt 0.315794 0.453117
vt 0.327340 0.462915
vt 0.315794 0.462915
vt 0.327340 0.472712
vt 0.315794 0.472712
vt 0.327340 0.443319
vt 0.338887 0.453117
vt 0.338887 0.462915
vt 0.338887 0.472712
vt 0.338887 0.443319
vt 0.350434 0.453117
vt 0.350434 0.462915
vt 0.361981 0.443319
vt 0.350434 0.443319
vt 0.361981 0.453117
vt 0.361981 0.472712
vt 0.350434 0.472712
vt 0.373528 0.443319
vt 0.373528 0.453117
vt 0.361981 0.462915
vt 0.373528 0.472712
vt 0.385075 0.443319
vt 0.385075 0.462915
vt 0.373528 0.462915
vt 0.385075 0.472712
vt 0.396622 0.453117
vt 0.385075 0.453117
vt 0.396622 0.462915
vt 0.396622 0.443319
vt 0.109390 0.472712
vt 0.396622 0.472712
vt 0.563314 0.582932
vt 0.548618 0.558439
vt 0.563314 0.558439
vt 0.533922 0.582932
vt 0.548618 0.582932
vt 0.519226 0.582932
vt 0.533922 0.558439
vt 0.504530 0.558439
vt 0.519226 0.558439
vt 0.504530 0.582932
vt 0.489834 0.558439
vt 0.489834 0.582932
vt 0.475139 0.558439
vt 0.475138 0.582932
vt 0.460443 0.558439
vt 0.445747 0.582932
vt 0.460442 0.582932
vt 0.548619 0.533945
vt 0.563314 0.533946
vt 0.533923 0.533945
vt 0.519227 0.533945
vt 0.489835 0.533945
vt 0.504531 0.533945
vt 0.475139 0.533945
vt 0.460443 0.533945
vt 0.445747 0.558439
vt 0.563312 0.510211
vt 0.548619 0.509452
vt 0.563315 0.509452
vt 0.533922 0.510214
vt 0.548615 0.510214
vt 0.519199 0.510212
vt 0.533923 0.509452
vt 0.504531 0.509452
vt 0.519227 0.509452
vt 0.504561 0.510215
vt 0.489835 0.509452
vt 0.489836 0.510213
vt 0.475139 0.509452
vt 0.475139 0.510214
vt 0.460443 0.509452
vt 0.445744 0.510213
vt 0.460445 0.510213
vt 0.606067 0.558439
vt 0.616755 0.582932
vt 0.606067 0.582932
vt 0.616755 0.558439
vt 0.627443 0.582932
vt 0.627443 0.558439
vt 0.638131 0.582932
vt 0.638131 0.558439
vt 0.648819 0.582932
vt 0.659506 0.558439
vt 0.659506 0.582932
vt 0.670194 0.558439
vt 0.670194 0.582932
vt 0.680882 0.558439
vt 0.680882 0.582932
vt 0.606067 0.533946
vt 0.616755 0.533945
vt 0.627443 0.533945
vt 0.648819 0.533945
vt 0.648819 0.558439
vt 0.659506 0.533945
vt 0.670194 0.533945
vt 0.680882 0.533945
vt 0.606067 0.509452
vt 0.616755 0.510206
vt 0.606066 0.510213
vt 0.616755 0.509452
vt 0.627459 0.510221
vt 0.627443 0.509452
vt 0.638115 0.510219
vt 0.638131 0.509452
vt 0.648843 0.510205
vt 0.659506 0.509452
vt 0.659494 0.510216
vt 0.670194 0.509452
vt 0.670192 0.510213
vt 0.680882 0.509452
vt 0.680884 0.510212
vt 0.595379 0.533946
vt 0.595373 0.510214
vt 0.595379 0.582932
vt 0.595379 0.558439
vt 0.584691 0.510217
vt 0.584691 0.533946
vt 0.584690 0.582932
vt 0.584690 0.558439
vt 0.574003 0.510211
vt 0.574003 0.533946
vt 0.574002 0.582932
vt 0.574002 0.558439
vt 0.219610 0.582932
vt 0.234306 0.558439
vt 0.234306 0.582932
vt 0.249002 0.558439
vt 0.249002 0.582932
vt 0.263698 0.582932
vt 0.263698 0.558439
vt 0.278394 0.582932
vt 0.293090 0.558439
vt 0.293090 0.582932
vt 0.307786 0.558439
vt 0.307786 0.582932
vt 0.322482 0.558439
vt 0.322482 0.582932
vt 0.337178 0.558439
vt 0.337178 0.582932
vt 0.219610 0.558439
vt 0.234306 0.533945
vt 0.249002 0.533945
vt 0.263698 0.533945
vt 0.278394 0.558439
vt 0.293090 0.533945
vt 0.307786 0.533945
vt 0.322482 0.533945
vt 0.337178 0.533945
vt 0.219610 0.509452
vt 0.234309 0.510300
vt 0.219605 0.510296
vt 0.249002 0.509452
vt 0.249005 0.510302
vt 0.263698 0.509452
vt 0.263727 0.510299
vt 0.278368 0.510303
vt 0.293090 0.509452
vt 0.293088 0.510301
vt 0.307786 0.509452
vt 0.307783 0.510303
vt 0.322482 0.509452
vt 0.322481 0.510301
vt 0.337178 0.509452
vt 0.337185 0.510300
vt 0.176858 0.582932
vt 0.166170 0.558439
vt 0.176858 0.558439
vt 0.155482 0.582932
vt 0.166170 0.582932
vt 0.144794 0.582932
vt 0.155482 0.558439
vt 0.134106 0.558439
vt 0.144794 0.558439
vt 0.134106 0.582932
vt 0.123417 0.558439
vt 0.123417 0.582932
vt 0.112729 0.558439
vt 0.112729 0.582932
vt 0.102041 0.558439
vt 0.166170 0.533945
vt 0.176858 0.533946
vt 0.155482 0.533945
vt 0.134106 0.533945
vt 0.144794 0.533945
vt 0.123417 0.533945
vt 0.112729 0.533945
vt 0.102041 0.533945
vt 0.176857 0.510300
vt 0.166170 0.509452
vt 0.176858 0.509452
vt 0.166172 0.510305
vt 0.155482 0.509452
vt 0.144786 0.510282
vt 0.155480 0.510327
vt 0.134106 0.509452
vt 0.144794 0.509452
vt 0.123424 0.510298
vt 0.134081 0.510305
vt 0.112733 0.510300
vt 0.123417 0.509452
vt 0.102035 0.510300
vt 0.112729 0.509452
vt 0.187546 0.533946
vt 0.187546 0.558439
vt 0.187546 0.582932
vt 0.198240 0.510307
vt 0.187552 0.510290
vt 0.198234 0.558439
vt 0.208930 0.510308
vt 0.198234 0.533946
vt 0.208922 0.558439
vt 0.198234 0.582932
vt 0.219610 0.533946
vt 0.208922 0.533946
vt 0.208922 0.582932
vt 0.445747 0.533945
vt 0.638131 0.533945
vt 0.648819 0.509452
vt 0.595379 0.509452
vt 0.584691 0.509452
vt 0.574003 0.509452
vt 0.278394 0.533945
vt 0.234306 0.509452
vt 0.278394 0.509452
vt 0.102041 0.582932
vt 0.102041 0.509452
vt 0.187546 0.509452
vt 0.198234 0.509452
vt 0.208922 0.509452
vt 0.445747 0.509452
vt 0.155924 0.007500
vt 0.269646 0.007500
vt 0.007500 0.231051
vt 0.828650 0.231051
vt 0.483155 0.399557
vt 0.444603 0.671555
vt 0.643893 0.597628
vt 0.418075 0.231051
vt 0.317549 0.417724
vt 0.330405 0.597628
vt 0.087704 0.794766
vt 0.100898 0.671555
vt 0.307520 0.421357
vt 0.124086 0.443319
vt 0.543332 0.421368
vt 0.543329 0.421398
s 1
usemtl jbib_diff_012_a_uni
f 1/1/1 2/2/2 3/3/3
f 4/4/4 5/5/5 2/2/2
f 6/6/6 7/7/7 5/5/5
f 8/8/8 9/9/9 7/7/7
f 10/10/10 11/11/11 9/9/9
f 12/12/12 13/13/13 11/11/11
f 14/14/14 4/4/4 1/1/1
f 15/15/15 6/6/6 4/4/4
f 16/16/16 8/8/8 6/6/6
f 17/17/17 10/10/10 8/8/8
f 18/18/18 12/12/12 10/10/10
f 19/19/19 20/20/20 12/12/12
f 21/21/21 15/15/15 14/14/14
f 22/22/22 16/16/16 15/15/15
f 23/23/23 17/17/17 16/16/16
f 24/24/24 18/18/18 17/17/17
f 25/25/25 19/19/19 18/18/18
f 26/26/26 27/27/27 19/19/19
f 28/28/28 22/22/22 21/21/21
f 29/29/29 23/23/23 22/22/22
f 30/30/30 24/24/24 23/23/23
f 31/31/31 25/25/25 24/24/24
f 32/32/32 26/26/26 25/25/25
f 33/33/33 34/34/34 26/26/26
f 35/35/35 29/29/29 28/28/28
f 36/36/36 30/30/30 29/29/29
f 37/37/37 31/31/31 30/30/30
f 38/38/38 32/32/32 31/31/31
f 39/39/39 33/33/33 32/32/32
f 40/40/40 41/41/41 33/33/33
f 42/42/42 36/36/36 35/35/35
f 43/43/43 37/37/37 36/36/36
f 44/44/44 38/38/38 37/37/37
f 45/45/45 39/39/39 38/38/38
f 46/46/46 40/40/40 39/39/39
f 47/47/47 48/48/48 40/40/40
f 49/49/49 43/43/43 42/42/42
f 50/50/50 44/44/44 43/43/43
f 51/51/51 45/45/45 44/44/44
f 52/52/52 46/46/46 45/45/45
f 53/53/53 47/47/47 46/46/46
f 54/54/54 55/55/55 47/47/47
f 56/56/56 57/57/57 58/58/58
f 59/59/59 60/60/60 57/57/57
f 61/61/61 62/62/62 60/60/60
f 63/63/63 64/64/64 62/62/62
f 56/56/56 65/65/65 59/59/59
f 59/59/59 66/66/66 61/61/61
f 61/61/61 67/67/67 63/63/63
f 67/67/67 68/68/68 63/63/63
f 69/69/69 70/70/70 65/65/65
f 65/65/65 71/71/71 66/66/66
f 66/66/66 72/72/72 67/67/67
f 72/72/72 73/73/73 67/67/67
f 74/74/74 75/75/75 70/70/70
f 70/70/70 76/76/76 71/71/71
f 71/71/71 77/77/77 72/72/72
f 77/77/77 78/78/78 72/72/72
f 79/79/79 80/80/80 75/75/75
f 75/75/75 81/81/81 76/76/76
f 76/76/76 82/82/82 77/77/77
f 82/82/82 83/83/83 77/77/77
f 84/84/84 85/85/85 86/86/86
f 79/79/79 87/87/87 84/84/84
f 74/74/74 88/88/88 79/79/79
f 69/69/69 89/89/89 74/74/74
f 56/56/56 90/90/90 69/69/69
f 58/58/58 91/91/91 56/56/56
f 87/87/87 92/92/92 85/85/85
f 88/88/88 93/93/93 87/87/87
f 89/89/89 94/94/94 88/88/88
f 90/90/90 95/95/95 89/89/89
f 91/91/91 96/96/96 90/90/90
f 97/97/97 98/98/98 91/91/91
f 93/93/93 99/99/99 92/92/92
f 94/94/94 100/100/100 93/93/93
f 95/95/95 101/101/101 94/94/94
f 96/96/96 102/102/102 95/95/95
f 98/98/98 103/103/103 96/96/96
f 104/104/104 105/105/105 98/98/98
f 100/100/100 106/106/106 99/99/99
f 101/101/101 107/107/107 100/100/100
f 102/102/102 108/108/108 101/101/101
f 103/103/103 109/109/109 102/102/102
f 105/105/105 110/110/110 103/103/103
f 111/111/111 112/112/112 105/105/105
f 107/107/107 113/113/113 106/106/106
f 108/108/108 114/114/114 107/107/107
f 109/109/109 115/115/115 108/108/108
f 110/110/110 116/116/116 109/109/109
f 112/112/112 117/117/117 110/110/110
f 118/118/118 119/119/119 112/112/112
f 114/114/114 120/120/120 113/113/113
f 115/115/115 121/121/121 114/114/114
f 116/116/116 122/122/122 115/115/115
f 117/117/117 123/123/123 116/116/116
f 119/119/119 124/124/124 117/117/117
f 125/125/125 126/126/126 119/119/119
f 121/121/121 49/49/49 120/120/120
f 122/122/122 50/50/50 121/121/121
f 123/123/123 51/51/51 122/122/122
f 124/124/124 52/52/52 123/123/123
f 126/126/126 53/53/53 124/124/124
f 127/127/127 54/54/54 126/126/126
f 128/128/128 129/129/129 130/130/130
f 131/131/131 132/132/132 128/128/128
f 133/133/133 134/134/134 131/131/131
f 135/135/135 136/136/136 133/133/133
f 137/137/137 138/138/138 135/135/135
f 139/139/139 140/140/140 137/137/137
f 141/141/141 142/142/142 139/139/139
f 132/132/132 143/143/143 129/129/129
f 134/134/134 144/144/144 132/132/132
f 136/136/136 145/145/145 134/134/134
f 138/138/138 146/146/146 136/136/136
f 140/140/140 147/147/147 138/138/138
f 142/142/142 148/148/148 140/140/140
f 149/149/149 150/150/150 142/142/142
f 144/144/144 151/151/151 143/143/143
f 145/145/145 152/152/152 144/144/144
f 146/146/146 153/153/153 145/145/145
f 147/147/147 154/154/154 146/146/146
f 148/148/148 155/155/155 147/147/147
f 150/150/150 156/156/156 148/148/148
f 157/157/157 158/158/158 150/150/150
f 152/152/152 159/159/159 151/151/151
f 153/153/153 160/160/160 152/152/152
f 154/154/154 161/161/161 153/153/153
f 155/155/155 162/162/162 154/154/154
f 156/156/156 163/163/163 155/155/155
f 158/158/158 164/164/164 156/156/156
f 165/165/165 166/166/166 158/158/158
f 160/160/160 167/167/167 159/159/159
f 161/161/161 168/168/168 160/160/160
f 162/162/162 169/169/169 161/161/161
f 163/163/163 170/170/170 162/162/162
f 164/164/164 171/171/171 163/163/163
f 166/166/166 172/172/172 164/164/164
f 173/173/173 174/174/174 166/166/166
f 168/168/168 175/175/175 167/167/167
f 169/169/169 176/176/176 168/168/168
f 170/170/170 177/177/177 169/169/169
f 171/171/171 178/178/178 170/170/170
f 172/172/172 179/179/179 171/171/171
f 174/174/174 180/180/180 172/172/172
f 181/181/181 182/182/182 174/174/174
f 176/176/176 183/183/183 175/175/175
f 177/177/177 184/184/184 176/176/176
f 178/178/178 185/185/185 177/177/177
f 179/179/179 186/186/186 178/178/178
f 180/180/180 187/187/187 179/179/179
f 182/182/182 188/188/188 180/180/180
f 189/189/189 190/190/190 182/182/182
f 184/184/184 191/191/191 183/183/183
f 185/185/185 192/192/192 184/184/184
f 186/186/186 193/193/193 185/185/185
f 187/187/187 194/194/194 186/186/186
f 188/188/188 195/195/195 187/187/187
f 190/190/190 196/196/196 188/188/188
f 197/197/197 198/198/198 190/190/190
f 199/199/199 198/198/198 200/200/200
f 201/201/201 202/202/202 199/199/199
f 203/203/203 204/204/204 201/201/201
f 205/205/205 206/206/206 203/203/203
f 207/207/207 208/208/208 205/205/205
f 209/209/209 210/210/210 207/207/207
f 211/211/211 212/212/212 209/209/209
f 213/213/13 214/214/213 211/211/211
f 202/202/202 196/196/196 198/198/198
f 204/204/204 215/215/214 202/202/202
f 206/206/206 216/216/215 204/204/204
f 208/208/208 217/217/216 206/206/206
f 210/210/210 218/218/217 208/208/208
f 212/212/212 219/219/218 210/210/210
f 214/214/213 220/220/219 212/212/212
f 221/221/220 222/222/221 214/214/213
f 215/215/214 195/195/195 196/196/196
f 216/216/215 223/223/222 215/215/214
f 217/217/216 224/224/223 216/216/215
f 218/218/217 225/225/224 217/217/216
f 219/219/218 226/226/225 218/218/217
f 220/220/219 227/227/226 219/219/218
f 222/222/221 228/228/227 220/220/219
f 229/229/228 230/230/229 222/222/221
f 223/223/222 194/194/194 195/195/195
f 224/224/223 231/231/230 223/223/222
f 225/225/224 232/232/231 224/224/223
f 226/226/225 233/233/232 225/225/224
f 227/227/226 234/234/233 226/226/225
f 228/228/227 235/235/234 227/227/226
f 230/230/229 236/236/235 228/228/227
f 237/237/236 238/238/237 230/230/229
f 231/231/230 193/193/193 194/194/194
f 232/232/231 239/239/238 231/231/230
f 233/233/232 240/240/239 232/232/231
f 234/234/233 241/241/240 233/233/232
f 235/235/234 242/242/241 234/234/233
f 236/236/235 243/243/242 235/235/234
f 238/238/237 244/244/243 236/236/235
f 245/245/244 246/246/245 238/238/237
f 239/239/238 192/192/192 193/193/193
f 240/240/239 247/247/246 239/239/238
f 241/241/240 248/248/247 240/240/239
f 242/242/241 249/249/248 241/241/240
f 243/243/242 250/250/249 242/242/241
f 244/244/243 251/251/250 243/243/242
f 246/246/245 252/252/251 244/244/243
f 253/253/252 254/254/253 246/246/245
f 247/247/246 191/191/191 192/192/192
f 248/248/247 255/255/254 247/247/246
f 249/249/248 256/256/255 248/248/247
f 250/250/249 257/257/256 249/249/248
f 251/251/250 258/258/257 250/250/249
f 252/252/251 259/259/258 251/251/250
f 254/254/253 260/260/259 252/252/251
f 261/261/55 262/262/260 254/254/253
f 263/263/261 264/264/262 265/265/263
f 266/266/264 267/267/265 263/263/261
f 268/268/266 269/269/267 266/266/264
f 270/270/268 271/271/269 268/268/266
f 272/272/270 273/273/271 270/270/268
f 274/274/272 275/275/273 272/272/270
f 276/276/274 277/277/275 274/274/272
f 278/278/276 279/279/277 276/276/274
f 264/264/262 280/280/278 281/281/279
f 269/269/267 280/280/278 267/267/265
f 271/271/269 282/282/280 269/269/267
f 273/273/271 283/283/281 271/271/269
f 275/275/273 284/284/282 273/273/271
f 277/277/275 285/285/283 275/275/273
f 279/279/277 286/286/284 277/277/275
f 287/287/285 288/288/286 279/279/277
f 281/281/279 289/289/287 290/290/288
f 282/282/280 289/289/287 280/280/278
f 283/283/281 291/291/289 282/282/280
f 284/284/282 292/292/290 283/283/281
f 285/285/283 293/293/291 284/284/282
f 286/286/284 294/294/292 285/285/283
f 288/288/286 295/295/293 286/286/284
f 296/296/294 297/297/295 288/288/286
f 290/290/288 298/298/296 299/299/297
f 291/291/289 298/298/296 289/289/287
f 292/292/290 300/300/298 291/291/289
f 293/293/291 301/301/299 292/292/290
f 294/294/292 302/302/300 293/293/291
f 295/295/293 303/303/301 294/294/292
f 297/297/295 304/304/302 295/295/293
f 305/305/303 306/306/304 297/297/295
f 299/299/297 307/307/305 308/308/306
f 300/300/298 307/307/305 298/298/296
f 301/301/299 309/309/307 300/300/298
f 302/302/300 310/310/308 301/301/299
f 303/303/301 311/311/309 302/302/300
f 304/304/302 312/312/310 303/303/301
f 306/306/304 313/313/311 304/304/302
f 314/314/312 315/315/313 306/306/304
f 308/308/306 316/316/314 317/317/315
f 309/309/307 316/316/314 307/307/305
f 310/310/308 318/318/316 309/309/307
f 311/311/309 319/319/317 310/310/308
f 312/312/310 320/320/318 311/311/309
f 313/313/311 321/321/319 312/312/310
f 315/315/313 322/322/320 313/313/311
f 323/323/321 324/324/322 315/315/313
f 325/325/68 326/326/323 327/327/324
f 328/328/325 329/329/326 325/325/68
f 330/330/327 331/331/328 328/328/325
f 332/332/83 333/333/329 330/330/327
f 334/334/330 335/335/331 332/332/83
f 329/329/326 336/336/332 326/326/323
f 331/331/328 337/337/333 329/329/326
f 333/333/329 338/338/334 331/331/328
f 335/335/331 339/339/335 333/333/329
f 340/340/336 341/341/337 335/335/331
f 337/337/333 342/342/338 336/336/332
f 338/338/334 343/343/339 337/337/333
f 339/339/335 344/344/340 338/338/334
f 341/341/337 345/345/341 339/339/335
f 346/346/342 347/347/343 341/341/337
f 343/343/339 348/348/344 342/342/338
f 344/344/340 349/349/345 343/343/339
f 345/345/341 350/350/346 344/344/340
f 347/347/343 351/351/347 345/345/341
f 352/352/348 353/353/349 347/347/343
f 349/349/345 354/354/350 348/348/344
f 350/350/346 355/355/351 349/349/345
f 351/351/347 356/356/352 350/350/346
f 353/353/349 357/357/353 351/351/347
f 358/358/354 359/359/355 353/353/349
f 355/355/351 360/360/356 354/354/350
f 356/356/352 361/361/357 355/355/351
f 357/357/353 362/362/358 356/356/352
f 359/359/355 363/363/359 357/357/353
f 364/364/360 365/365/361 359/359/355
f 361/361/357 366/366/362 360/360/356
f 362/362/358 367/367/363 361/361/357
f 363/363/359 368/368/364 362/362/358
f 365/365/361 369/369/365 363/363/359
f 370/370/366 371/371/367 365/365/361
f 366/366/362 308/308/306 317/317/315
f 367/367/363 299/299/297 308/308/306
f 368/368/364 290/290/288 299/299/297
f 369/369/365 281/281/279 290/290/288
f 371/371/367 264/264/262 281/281/279
f 317/317/315 372/372/368 373/373/369
f 316/316/314 374/374/370 372/372/368
f 318/318/316 375/375/371 374/374/370
f 319/319/317 376/376/372 375/375/371
f 320/320/318 377/377/373 376/376/372
f 321/321/319 378/378/374 377/377/373
f 322/322/320 379/379/375 378/378/374
f 324/324/322 380/380/376 379/379/375
f 373/373/369 381/381/377 382/382/378
f 372/372/368 383/383/379 381/381/377
f 374/374/370 384/384/380 383/383/379
f 375/375/371 385/385/381 384/384/380
f 376/376/372 386/386/382 385/385/381
f 377/377/373 387/387/383 386/386/382
f 378/378/374 388/388/384 387/387/383
f 379/379/375 389/389/385 388/388/384
f 382/382/378 390/390/386 391/391/387
f 381/381/377 392/392/388 390/390/386
f 383/383/379 393/393/389 392/392/388
f 384/384/380 394/394/390 393/393/389
f 385/385/381 395/395/391 394/394/390
f 386/386/382 396/396/392 395/395/391
f 387/387/383 397/397/393 396/396/392
f 388/388/384 398/398/394 397/397/393
f 391/391/387 399/399/395 400/400/396
f 390/390/386 401/401/397 399/399/395
f 392/392/388 402/402/398 401/401/397
f 393/393/389 403/403/399 402/402/398
f 394/394/390 404/404/400 403/403/399
f 395/395/391 405/405/401 404/404/400
f 396/396/392 406/406/402 405/405/401
f 397/397/393 407/407/403 406/406/402
f 400/400/396 408/408/404 409/409/405
f 399/399/395 410/410/406 408/408/404
f 401/401/397 411/411/407 410/410/406
f 403/403/399 411/411/407 402/402/398
f 404/404/400 412/412/408 403/403/399
f 405/405/401 413/413/409 404/404/400
f 406/406/402 414/414/410 405/405/401
f 407/407/403 415/415/411 406/406/402
f 409/409/405 416/416/412 417/417/413
f 410/410/406 416/416/412 408/408/404
f 411/411/407 418/418/414 410/410/406
f 412/412/408 419/419/415 411/411/407
f 413/413/409 420/420/416 412/412/408
f 414/414/410 421/421/417 413/413/409
f 415/415/411 422/422/418 414/414/410
f 423/423/419 424/424/420 415/415/411
f 416/416/412 425/425/421 417/417/413
f 418/418/414 426/426/422 416/416/412
f 419/419/415 427/427/423 418/418/414
f 420/420/416 428/428/424 419/419/415
f 421/421/417 429/429/425 420/420/416
f 422/422/418 430/430/426 421/421/417
f 424/424/420 431/431/427 422/422/418
f 432/432/428 433/433/429 424/424/420
f 425/425/421 183/183/183 191/191/191
f 427/427/423 183/183/183 426/426/422
f 428/428/424 175/175/175 427/427/423
f 429/429/425 167/167/167 428/428/424
f 430/430/426 159/159/159 429/429/425
f 431/431/427 151/151/151 430/430/426
f 433/433/429 143/143/143 431/431/427
f 434/434/430 129/129/129 433/433/429
f 317/317/315 435/435/431 366/366/362
f 366/366/362 436/436/432 360/360/356
f 360/360/356 437/437/433 354/354/350
f 354/354/350 438/438/434 348/348/344
f 348/348/344 439/439/435 342/342/338
f 342/342/338 440/440/436 336/336/332
f 336/336/332 441/441/437 326/326/323
f 326/326/323 442/442/438 327/327/324
f 373/373/369 443/443/439 435/435/431
f 435/435/431 444/444/440 436/436/432
f 436/436/432 445/445/441 437/437/433
f 437/437/433 446/446/442 438/438/434
f 438/438/434 447/447/443 439/439/435
f 439/439/435 448/448/444 440/440/436
f 440/440/436 449/449/445 441/441/437
f 441/441/437 450/450/446 442/442/438
f 382/382/378 451/451/447 443/443/439
f 443/443/439 452/452/448 444/444/440
f 444/444/440 453/453/449 445/445/441
f 445/445/441 454/454/450 446/446/442
f 446/446/442 455/455/451 447/447/443
f 447/447/443 456/456/452 448/448/444
f 448/448/444 457/457/453 449/449/445
f 449/449/445 458/458/454 450/450/446
f 391/391/387 459/459/455 451/451/447
f 451/451/447 460/460/456 452/452/448
f 452/452/448 461/461/457 453/453/449
f 453/453/449 462/462/458 454/454/450
f 454/454/450 463/463/459 455/455/451
f 455/455/451 464/464/460 456/456/452
f 456/456/452 465/465/461 457/457/453
f 457/457/453 466/466/462 458/458/454
f 400/400/396 467/467/463 459/459/455
f 459/459/455 468/468/464 460/460/456
f 460/460/456 469/469/465 461/461/457
f 461/461/457 470/470/466 462/462/458
f 470/470/466 463/463/459 462/462/458
f 471/471/467 464/464/460 463/463/459
f 472/472/468 465/465/461 464/464/460
f 473/473/469 466/466/462 465/465/461
f 409/409/405 474/474/470 467/467/463
f 474/474/470 468/468/464 467/467/463
f 475/475/471 469/469/465 468/468/464
f 476/476/472 470/470/466 469/469/465
f 477/477/473 471/471/467 470/470/466
f 478/478/474 472/472/468 471/471/467
f 479/479/475 473/473/469 472/472/468
f 480/480/476 481/481/477 473/473/469
f 425/425/421 474/474/470 417/417/413
f 482/482/478 475/475/471 474/474/470
f 483/483/479 476/476/472 475/475/471
f 484/484/480 477/477/473 476/476/472
f 485/485/481 478/478/474 477/477/473
f 486/486/482 479/479/475 478/478/474
f 487/487/483 480/480/476 479/479/475
f 488/488/484 489/489/485 480/480/476
f 425/425/421 255/255/254 482/482/478
f 255/255/254 483/483/479 482/482/478
f 256/256/255 484/484/480 483/483/479
f 257/257/256 485/485/481 484/484/480
f 258/258/257 486/486/482 485/485/481
f 259/259/258 487/487/483 486/486/482
f 260/260/259 488/488/484 487/487/483
f 262/262/260 490/490/486 488/488/484
f 491/491/487 492/492/488 493/493/324
f 494/494/489 495/495/490 491/491/487
f 496/496/454 497/497/491 494/494/489
f 498/498/462 499/499/492 496/496/454
f 500/500/493 501/501/494 498/498/462
f 502/502/495 503/503/496 500/500/493
f 504/504/497 505/505/498 502/502/495
f 506/506/499 507/507/500 504/504/497
f 495/495/490 508/508/501 492/492/488
f 497/497/491 509/509/502 495/495/490
f 499/499/492 510/510/503 497/497/491
f 501/501/494 511/511/504 499/499/492
f 503/503/496 512/512/505 501/501/494
f 505/505/498 513/513/506 503/503/496
f 507/507/500 514/514/507 505/505/498
f 515/515/508 516/516/509 507/507/500
f 509/509/502 517/517/510 508/508/501
f 510/510/503 518/518/511 509/509/502
f 511/511/504 519/519/512 510/510/503
f 512/512/505 520/520/513 511/511/504
f 513/513/506 521/521/514 512/512/505
f 514/514/507 522/522/515 513/513/506
f 516/516/509 523/523/516 514/514/507
f 524/524/517 525/525/518 516/516/509
f 518/518/511 526/526/519 517/517/510
f 519/519/512 527/527/520 518/518/511
f 520/520/513 528/528/521 519/519/512
f 521/521/514 529/529/522 520/520/513
f 522/522/515 530/530/523 521/521/514
f 523/523/516 531/531/524 522/522/515
f 525/525/518 532/532/525 523/523/516
f 533/533/526 534/534/527 525/525/518
f 527/527/520 535/535/528 526/526/519
f 528/528/521 536/536/529 527/527/520
f 529/529/522 537/537/530 528/528/521
f 530/530/523 538/538/531 529/529/522
f 531/531/524 539/539/532 530/530/523
f 532/532/525 540/540/533 531/531/524
f 534/534/527 541/541/534 532/532/525
f 542/542/535 543/543/536 534/534/527
f 535/535/528 544/544/537 545/545/538
f 537/537/530 544/544/537 536/536/529
f 538/538/531 546/546/539 537/537/530
f 539/539/532 547/547/540 538/538/531
f 540/540/533 548/548/541 539/539/532
f 541/541/534 549/549/542 540/540/533
f 543/543/536 550/550/543 541/541/534
f 551/551/544 552/552/545 543/543/536
f 544/544/537 553/553/546 545/545/538
f 546/546/539 554/554/547 544/544/537
f 547/547/540 555/555/548 546/546/539
f 548/548/541 556/556/549 547/547/540
f 549/549/542 557/557/550 548/548/541
f 550/550/543 558/558/551 549/549/542
f 552/552/545 559/559/552 550/550/543
f 560/560/553 561/561/554 552/552/545
f 554/554/547 562/562/555 553/553/546
f 555/555/548 563/563/556 554/554/547
f 556/556/549 564/564/557 555/555/548
f 557/557/550 565/565/558 556/556/549
f 558/558/551 566/566/559 557/557/550
f 559/559/552 567/567/560 558/558/551
f 561/561/554 568/568/561 559/559/552
f 569/569/562 570/570/563 561/561/554
f 563/563/556 571/571/564 562/562/555
f 564/564/557 572/572/565 563/563/556
f 565/565/558 573/573/566 564/564/557
f 566/566/559 574/574/567 565/565/558
f 567/567/560 575/575/568 566/566/559
f 568/568/561 576/576/569 567/567/560
f 570/570/563 577/577/570 568/568/561
f 578/578/571 579/579/572 570/570/563
f 572/572/565 580/580/573 571/571/564
f 573/573/566 581/581/574 572/572/565
f 574/574/567 582/582/575 573/573/566
f 575/575/568 583/583/576 574/574/567
f 576/576/569 584/584/577 575/575/568
f 577/577/570 585/585/578 576/576/569
f 579/579/572 586/586/579 577/577/570
f 579/579/572 587/587/580 588/588/581
f 581/581/574 589/589/582 580/580/573
f 582/582/575 590/590/583 581/581/574
f 583/583/576 591/591/584 582/582/575
f 584/584/577 592/592/585 583/583/576
f 585/585/578 593/593/586 584/584/577
f 586/586/579 594/594/587 585/585/578
f 588/588/581 595/595/588 586/586/579
f 588/588/581 596/596/589 597/597/590
f 589/589/582 598/598/591 599/599/592
f 590/590/583 600/600/593 598/598/591
f 591/591/584 601/601/594 600/600/593
f 592/592/585 602/602/595 601/601/594
f 593/593/586 603/603/596 602/602/595
f 594/594/587 604/604/597 603/603/596
f 595/595/588 605/605/598 604/604/597
f 597/597/590 606/606/599 605/605/598
f 607/607/600 608/608/97 609/609/58
f 610/610/601 611/611/602 608/608/97
f 612/612/603 613/613/111 611/611/602
f 614/614/604 615/615/118 613/613/111
f 616/616/605 617/617/606 615/615/118
f 618/618/607 619/619/127 617/617/606
f 620/620/608 621/621/609 619/619/127
f 622/622/610 610/610/601 607/607/600
f 623/623/611 612/612/603 610/610/601
f 624/624/612 614/614/604 612/612/603
f 625/625/613 616/616/605 614/614/604
f 626/626/614 618/618/607 616/616/605
f 627/627/615 620/620/608 618/618/607
f 628/628/616 629/629/508 620/620/608
f 630/630/617 623/623/611 622/622/610
f 631/631/618 624/624/612 623/623/611
f 632/632/619 625/625/613 624/624/612
f 633/633/620 626/626/614 625/625/613
f 634/634/621 627/627/615 626/626/614
f 635/635/622 628/628/616 627/627/615
f 636/636/623 637/637/624 628/628/616
f 638/638/625 631/631/618 630/630/617
f 639/639/626 632/632/619 631/631/618
f 640/640/627 633/633/620 632/632/619
f 641/641/628 634/634/621 633/633/620
f 642/642/629 635/635/622 634/634/621
f 643/643/630 636/636/623 635/635/622
f 644/644/631 645/645/526 636/636/623
f 646/646/632 639/639/626 638/638/625
f 647/647/633 640/640/627 639/639/626
f 648/648/634 641/641/628 640/640/627
f 649/649/635 642/642/629 641/641/628
f 650/650/636 643/643/630 642/642/629
f 651/651/637 644/644/631 643/643/630
f 652/652/638 653/653/639 644/644/631
f 654/654/640 647/647/633 646/646/632
f 655/655/641 648/648/634 647/647/633
f 656/656/642 649/649/635 648/648/634
f 657/657/643 650/650/636 649/649/635
f 658/658/644 651/651/637 650/650/636
f 659/659/645 652/652/638 651/651/637
f 652/652/638 660/660/646 661/661/647
f 662/662/648 655/655/641 654/654/640
f 663/663/649 656/656/642 655/655/641
f 664/664/650 657/657/643 656/656/642
f 665/665/651 658/658/644 657/657/643
f 666/666/652 659/659/645 658/658/644
f 667/667/653 668/668/654 659/659/645
f 669/669/655 660/660/646 668/668/654
f 670/670/656 663/663/649 662/662/648
f 671/671/657 664/664/650 663/663/649
f 672/672/658 665/665/651 664/664/650
f 673/673/659 666/666/652 665/665/651
f 674/674/660 667/667/653 666/666/652
f 675/675/661 669/669/655 667/667/653
f 676/676/662 677/677/562 669/669/655
f 678/678/663 671/671/657 670/670/656
f 679/679/664 672/672/658 671/671/657
f 680/680/665 673/673/659 672/672/658
f 681/681/666 674/674/660 673/673/659
f 682/682/667 675/675/661 674/674/660
f 683/683/668 676/676/662 675/675/661
f 684/684/669 685/685/670 676/676/662
f 686/686/671 679/679/664 678/678/663
f 687/687/672 680/680/665 679/679/664
f 688/688/673 681/681/666 680/680/665
f 689/689/674 682/682/667 681/681/666
f 690/690/675 683/683/668 682/682/667
f 691/691/676 684/684/669 683/683/668
f 684/684/669 692/692/677 693/693/678
f 694/694/679 687/687/672 686/686/671
f 695/695/680 688/688/673 687/687/672
f 696/696/681 689/689/674 688/688/673
f 697/697/682 690/690/675 689/689/674
f 698/698/683 691/691/676 690/690/675
f 699/699/684 700/700/685 691/691/676
f 700/700/685 701/701/686 692/692/677
f 702/702/687 695/695/680 694/694/679
f 703/703/688 696/696/681 695/695/680
f 704/704/689 697/697/682 696/696/681
f 705/705/690 698/698/683 697/697/682
f 698/698/683 706/706/691 699/699/684
f 699/699/684 707/707/692 708/708/693
f 708/708/693 709/709/694 701/701/686
f 599/599/592 710/710/695 589/589/582
f 589/589/582 711/711/696 580/580/573
f 580/580/573 712/712/697 571/571/564
f 712/712/697 562/562/555 571/571/564
f 562/562/555 713/713/698 553/553/546
f 553/553/546 714/714/699 545/545/538
f 545/545/538 715/715/700 535/535/528
f 535/535/528 716/716/701 526/526/519
f 526/526/519 717/717/702 517/517/510
f 517/517/510 718/718/703 508/508/501
f 508/508/501 719/719/704 492/492/488
f 492/492/488 720/720/705 493/493/324
f 721/721/706 710/710/695 722/722/707
f 710/710/695 723/723/708 711/711/696
f 711/711/696 724/724/709 712/712/697
f 712/712/697 725/725/710 726/726/711
f 726/726/711 727/727/712 713/713/698
f 713/713/698 728/728/713 714/714/699
f 714/714/699 729/729/714 715/715/700
f 715/715/700 730/730/715 716/716/701
f 716/716/701 731/731/716 717/717/702
f 717/717/702 732/732/717 718/718/703
f 718/718/703 733/733/718 719/719/704
f 719/719/704 734/734/719 720/720/705
f 735/735/720 736/736/721 721/721/706
f 736/736/721 737/737/722 723/723/708
f 723/723/708 738/738/723 724/724/709
f 724/724/709 739/739/724 725/725/710
f 725/725/710 740/740/725 727/727/712
f 727/727/712 741/741/726 728/728/713
f 728/728/713 742/742/727 729/729/714
f 729/729/714 743/743/728 730/730/715
f 730/730/715 744/744/729 731/731/716
f 731/731/716 745/745/730 732/732/717
f 732/732/717 746/746/731 733/733/718
f 733/733/718 747/747/732 734/734/719
f 735/735/720 694/694/679 748/748/733
f 748/748/733 686/686/671 737/737/722
f 737/737/722 678/678/663 738/738/723
f 738/738/723 670/670/656 739/739/724
f 739/739/724 662/662/648 740/740/725
f 740/740/725 654/654/640 741/741/726
f 741/741/726 646/646/632 742/742/727
f 742/742/727 638/638/625 743/743/728
f 743/743/728 630/630/617 744/744/729
f 744/744/729 622/622/610 745/745/730
f 745/745/730 607/607/600 746/746/731
f 746/746/731 609/609/58 747/747/732
f 749/749/734 750/750/735 751/751/736
f 752/752/737 753/753/738 749/749/734
f 754/754/739 755/755/740 752/752/737
f 756/756/741 757/757/742 754/754/739
f 758/758/743 759/759/744 756/756/741
f 760/760/141 761/761/745 758/758/743
f 753/753/738 762/762/746 750/750/735
f 755/755/740 763/763/747 753/753/738
f 757/757/742 764/764/748 755/755/740
f 759/759/744 765/765/749 757/757/742
f 761/761/745 766/766/750 759/759/744
f 767/767/139 768/768/751 761/761/745
f 763/763/747 769/769/752 762/762/746
f 764/764/748 770/770/753 763/763/747
f 765/765/749 771/771/754 764/764/748
f 766/766/750 772/772/755 765/765/749
f 768/768/751 773/773/756 766/766/750
f 774/774/757 775/775/758 768/768/751
f 770/770/753 776/776/759 769/769/752
f 771/771/754 777/777/760 770/770/753
f 772/772/755 778/778/761 771/771/754
f 773/773/756 779/779/762 772/772/755
f 775/775/758 780/780/763 773/773/756
f 781/781/764 782/782/765 775/775/758
f 777/777/760 783/783/766 776/776/759
f 778/778/761 784/784/767 777/777/760
f 779/779/762 785/785/768 778/778/761
f 780/780/763 786/786/769 779/779/762
f 782/782/765 787/787/770 780/780/763
f 788/788/771 789/789/772 782/782/765
f 784/784/767 790/790/773 783/783/766
f 785/785/768 791/791/774 784/784/767
f 786/786/769 792/792/775 785/785/768
f 787/787/770 793/793/776 786/786/769
f 789/789/772 794/794/777 787/787/770
f 795/795/778 796/796/779 789/789/772
f 791/791/774 797/797/780 790/790/773
f 792/792/775 798/798/781 791/791/774
f 793/793/776 799/799/782 792/792/775
f 794/794/777 800/800/783 793/793/776
f 796/796/779 801/801/784 794/794/777
f 802/802/785 803/803/786 796/796/779
f 804/804/787 805/805/788 806/806/789
f 807/807/790 808/808/791 804/804/787
f 809/809/792 810/810/793 807/807/790
f 811/811/794 812/812/795 809/809/792
f 805/805/788 813/813/796 814/814/797
f 808/808/791 815/815/798 813/813/796
f 810/810/793 816/816/799 815/815/798
f 817/817/321 816/816/799 812/812/795
f 814/814/797 818/818/800 819/819/801
f 813/813/796 820/820/802 818/818/800
f 815/815/798 821/821/803 820/820/802
f 822/822/804 821/821/803 816/816/799
f 819/819/801 823/823/805 824/824/806
f 818/818/800 825/825/807 823/823/805
f 820/820/802 826/826/808 825/825/807
f 827/827/809 826/826/808 821/821/803
f 824/824/806 828/828/810 829/829/811
f 823/823/805 830/830/812 828/828/810
f 825/825/807 831/831/813 830/830/812
f 832/832/814 831/831/813 826/826/808
f 833/833/815 829/829/811 834/834/816
f 835/835/817 824/824/806 829/829/811
f 836/836/818 819/819/801 824/824/806
f 837/837/819 814/814/797 819/819/801
f 838/838/820 805/805/788 814/814/797
f 839/839/821 806/806/789 805/805/788
f 840/840/822 835/835/817 833/833/815
f 841/841/823 836/836/818 835/835/817
f 842/842/824 837/837/819 836/836/818
f 843/843/825 838/838/820 837/837/819
f 844/844/826 839/839/821 838/838/820
f 845/845/827 846/846/828 839/839/821
f 847/847/829 841/841/823 840/840/822
f 848/848/830 842/842/824 841/841/823
f 849/849/831 843/843/825 842/842/824
f 850/850/832 844/844/826 843/843/825
f 851/851/833 845/845/827 844/844/826
f 852/852/834 853/853/835 845/845/827
f 854/854/836 848/848/830 847/847/829
f 855/855/837 849/849/831 848/848/830
f 856/856/838 850/850/832 849/849/831
f 857/857/839 851/851/833 850/850/832
f 858/858/840 852/852/834 851/851/833
f 859/859/841 860/860/842 852/852/834
f 861/861/843 855/855/837 854/854/836
f 862/862/844 856/856/838 855/855/837
f 863/863/845 857/857/839 856/856/838
f 864/864/846 858/858/840 857/857/839
f 865/865/847 859/859/841 858/858/840
f 866/866/848 867/867/849 859/859/841
f 868/868/850 862/862/844 861/861/843
f 869/869/851 863/863/845 862/862/844
f 870/870/852 864/864/846 863/863/845
f 871/871/853 865/865/847 864/864/846
f 872/872/854 866/866/848 865/865/847
f 873/873/855 874/874/856 866/866/848
f 797/797/780 869/869/851 868/868/850
f 798/798/781 870/870/852 869/869/851
f 799/799/782 871/871/853 870/870/852
f 800/800/783 872/872/854 871/871/853
f 801/801/784 873/873/855 872/872/854
f 803/803/786 875/875/857 873/873/855
f 876/876/858 877/877/859 878/878/794
f 879/879/860 880/880/861 877/877/859
f 881/881/862 882/882/863 880/880/861
f 883/883/864 884/884/865 882/882/863
f 885/885/866 886/886/867 884/884/865
f 887/887/868 888/888/869 886/886/867
f 889/889/870 890/890/871 888/888/869
f 891/891/872 892/892/873 890/890/871
f 893/893/874 879/879/860 876/876/858
f 894/894/875 881/881/862 879/879/860
f 895/895/876 883/883/864 881/881/862
f 896/896/877 885/885/866 883/883/864
f 897/897/878 887/887/868 885/885/866
f 898/898/879 889/889/870 887/887/868
f 899/899/880 891/891/872 889/889/870
f 900/900/881 901/901/882 891/891/872
f 902/902/883 894/894/875 893/893/874
f 903/903/884 895/895/876 894/894/875
f 904/904/885 896/896/877 895/895/876
f 905/905/886 897/897/878 896/896/877
f 906/906/887 898/898/879 897/897/878
f 907/907/888 899/899/880 898/898/879
f 908/908/889 900/900/881 899/899/880
f 909/909/890 910/910/891 900/900/881
f 911/911/892 903/903/884 902/902/883
f 912/912/893 904/904/885 903/903/884
f 913/913/894 905/905/886 904/904/885
f 914/914/895 906/906/887 905/905/886
f 915/915/896 907/907/888 906/906/887
f 916/916/897 908/908/889 907/907/888
f 917/917/898 909/909/890 908/908/889
f 918/918/899 919/919/900 909/909/890
f 911/911/892 920/920/901 912/912/893
f 920/920/901 913/913/894 912/912/893
f 921/921/902 914/914/895 913/913/894
f 922/922/903 915/915/896 914/914/895
f 923/923/904 916/916/897 915/915/896
f 924/924/905 917/917/898 916/916/897
f 925/925/906 918/918/899 917/917/898
f 926/926/907 927/927/908 918/918/899
f 928/928/909 929/929/910 920/920/901
f 929/929/910 921/921/902 920/920/901
f 930/930/911 922/922/903 921/921/902
f 931/931/912 923/923/904 922/922/903
f 932/932/913 924/924/905 923/923/904
f 933/933/914 925/925/906 924/924/905
f 934/934/915 926/926/907 925/925/906
f 935/935/916 936/936/917 926/926/907
f 937/937/918 938/938/919 929/929/910
f 938/938/919 930/930/911 929/929/910
f 939/939/920 931/931/912 930/930/911
f 940/940/921 932/932/913 931/931/912
f 941/941/922 933/933/914 932/932/913
f 942/942/923 934/934/915 933/933/914
f 943/943/924 935/935/916 934/934/915
f 944/944/925 945/945/926 935/935/916
f 946/946/927 947/947/928 938/938/919
f 947/947/928 939/939/920 938/938/919
f 948/948/929 940/940/921 939/939/920
f 949/949/930 941/941/922 940/940/921
f 950/950/931 942/942/923 941/941/922
f 951/951/932 943/943/924 942/942/923
f 952/952/933 944/944/925 943/943/924
f 953/953/934 954/954/935 944/944/925
f 955/955/936 947/947/928 956/956/937
f 957/957/938 948/948/929 947/947/928
f 958/958/939 949/949/930 948/948/929
f 959/959/940 950/950/931 949/949/930
f 960/960/941 951/951/932 950/950/931
f 961/961/942 952/952/933 951/951/932
f 962/962/943 953/953/934 952/952/933
f 963/963/944 964/964/945 953/953/934
f 965/965/946 957/957/938 955/955/936
f 966/966/947 958/958/939 957/957/938
f 967/967/948 959/959/940 958/958/939
f 968/968/949 960/960/941 959/959/940
f 969/969/950 961/961/942 960/960/941
f 970/970/951 962/962/943 961/961/942
f 971/971/952 963/963/944 962/962/943
f 963/963/944 972/972/953 973/973/954
f 974/974/955 966/966/947 965/965/946
f 975/975/956 967/967/948 966/966/947
f 976/976/957 968/968/949 967/967/948
f 977/977/958 969/969/950 968/968/949
f 978/978/959 970/970/951 969/969/950
f 979/979/960 971/971/952 970/970/951
f 980/980/961 981/981/962 971/971/952
f 981/981/962 982/982/963 972/972/953
f 974/974/955 983/983/964 975/975/956
f 975/975/956 984/984/965 976/976/957
f 976/976/957 985/985/966 977/977/958
f 977/977/958 986/986/967 978/978/959
f 978/978/959 987/987/968 979/979/960
f 979/979/960 988/988/969 980/980/961
f 980/980/961 989/989/970 990/990/971
f 989/989/970 982/982/963 990/990/971
f 991/991/972 992/992/973 993/993/974
f 994/994/975 995/995/976 991/991/972
f 996/996/977 997/997/978 994/994/975
f 998/998/849 999/999/979 996/996/977
f 1000/1000/980 1001/1001/981 998/998/849
f 1002/1002/982 1003/1003/983 1000/1000/980
f 1004/1004/984 1005/1005/985 1002/1002/982
f 995/995/976 1006/1006/986 992/992/973
f 997/997/978 1007/1007/987 995/995/976
f 999/999/979 1008/1008/988 997/997/978
f 1001/1001/981 1009/1009/989 999/999/979
f 1003/1003/983 1010/1010/990 1001/1001/981
f 1005/1005/985 1011/1011/991 1003/1003/983
f 1012/1012/992 1013/1013/993 1005/1005/985
f 1007/1007/987 1014/1014/994 1006/1006/986
f 1008/1008/988 1015/1015/995 1007/1007/987
f 1009/1009/989 1016/1016/996 1008/1008/988
f 1010/1010/990 1017/1017/997 1009/1009/989
f 1011/1011/991 1018/1018/998 1010/1010/990
f 1013/1013/993 1019/1019/999 1011/1011/991
f 1020/1020/891 1021/1021/1000 1013/1013/993
f 1015/1015/995 1022/1022/1001 1014/1014/994
f 1016/1016/996 1023/1023/1002 1015/1015/995
f 1017/1017/997 1024/1024/1003 1016/1016/996
f 1018/1018/998 1025/1025/1004 1017/1017/997
f 1019/1019/999 1026/1026/1005 1018/1018/998
f 1021/1021/1000 1027/1027/1006 1019/1019/999
f 1028/1028/1007 1029/1029/1008 1021/1021/1000
f 1023/1023/1002 1030/1030/1009 1022/1022/1001
f 1024/1024/1003 1031/1031/1010 1023/1023/1002
f 1025/1025/1004 1032/1032/1011 1024/1024/1003
f 1026/1026/1005 1033/1033/1012 1025/1025/1004
f 1027/1027/1006 1034/1034/1013 1026/1026/1005
f 1029/1029/1008 1035/1035/1014 1027/1027/1006
f 1029/1029/1008 1036/1036/1015 1037/1037/1016
f 1031/1031/1010 1038/1038/1017 1030/1030/1009
f 1032/1032/1011 1039/1039/1018 1031/1031/1010
f 1033/1033/1012 1040/1040/1019 1032/1032/1011
f 1034/1034/1013 1041/1041/1020 1033/1033/1012
f 1035/1035/1014 1042/1042/1021 1034/1034/1013
f 1037/1037/1016 1043/1043/1022 1035/1035/1014
f 1037/1037/1016 1044/1044/1023 1045/1045/1024
f 1039/1039/1018 1046/1046/1025 1038/1038/1017
f 1040/1040/1019 1047/1047/1026 1039/1039/1018
f 1041/1041/1020 1048/1048/1027 1040/1040/1019
f 1042/1042/1021 1049/1049/1028 1041/1041/1020
f 1043/1043/1022 1050/1050/1029 1042/1042/1021
f 1045/1045/1024 1051/1051/1030 1043/1043/1022
f 1044/1044/1023 1052/1052/1031 1045/1045/1024
f 1047/1047/1026 1053/1053/1032 1046/1046/1025
f 1048/1048/1027 1054/1054/1033 1047/1047/1026
f 1049/1049/1028 1055/1055/1034 1048/1048/1027
f 1050/1050/1029 1056/1056/1035 1049/1049/1028
f 1051/1051/1030 1057/1057/1036 1050/1050/1029
f 1052/1052/1031 1058/1058/1037 1051/1051/1030
f 1059/1059/935 1060/1060/1038 1052/1052/1031
f 1054/1054/1033 1061/1061/1039 1053/1053/1032
f 1055/1055/1034 1062/1062/1040 1054/1054/1033
f 1056/1056/1035 1063/1063/1041 1055/1055/1034
f 1057/1057/1036 1064/1064/1042 1056/1056/1035
f 1058/1058/1037 1065/1065/1043 1057/1057/1036
f 1060/1060/1038 1066/1066/1044 1058/1058/1037
f 1067/1067/1045 1068/1068/1046 1060/1060/1038
f 1062/1062/1040 1069/1069/1047 1061/1061/1039
f 1063/1063/1041 1070/1070/1048 1062/1062/1040
f 1064/1064/1042 1071/1071/1049 1063/1063/1041
f 1065/1065/1043 1072/1072/1050 1064/1064/1042
f 1066/1066/1044 1073/1073/1051 1065/1065/1043
f 1068/1068/1046 1074/1074/1052 1066/1066/1044
f 1068/1068/1046 1075/1075/953 1076/1076/1053
f 1070/1070/1048 1077/1077/1054 1069/1069/1047
f 1071/1071/1049 1078/1078/1055 1070/1070/1048
f 1072/1072/1050 1079/1079/1056 1071/1071/1049
f 1073/1073/1051 1080/1080/1057 1072/1072/1050
f 1074/1074/1052 1081/1081/1058 1073/1073/1051
f 1076/1076/1053 1082/1082/1059 1074/1074/1052
f 1076/1076/1053 1083/1083/1060 1084/1084/1061
f 1078/1078/1055 1085/1085/1062 1077/1077/1054
f 1079/1079/1056 1086/1086/1063 1078/1078/1055
f 1080/1080/1057 1087/1087/1064 1079/1079/1056
f 1081/1081/1058 1088/1088/1065 1080/1080/1057
f 1081/1081/1058 1089/1089/1066 1090/1090/1067
f 1082/1082/1059 1091/1091/1068 1089/1089/1066
f 1084/1084/1061 1092/1092/1069 1091/1091/1068
f 974/974/955 1093/1093/1070 1094/1094/1071
f 974/974/955 1095/1095/1072 1096/1096/1073
f 965/965/946 1097/1097/1074 1095/1095/1072
f 955/955/936 1098/1098/1075 1097/1097/1074
f 956/956/937 1099/1099/1076 1098/1098/1075
f 946/946/927 1100/1100/1077 1099/1099/1076
f 937/937/918 1101/1101/1078 1100/1100/1077
f 928/928/909 1102/1102/1079 1101/1101/1078
f 911/911/892 1103/1103/1080 1102/1102/1079
f 902/902/883 1104/1104/1081 1103/1103/1080
f 893/893/874 1105/1105/1082 1104/1104/1081
f 876/876/858 1106/1106/1083 1105/1105/1082
f 1096/1096/1073 1107/1107/1084 1093/1093/1070
f 1096/1096/1073 1108/1108/1085 1109/1109/1086
f 1095/1095/1072 1110/1110/1087 1108/1108/1085
f 1097/1097/1074 1111/1111/1088 1110/1110/1087
f 1098/1098/1075 1112/1112/1089 1111/1111/1088
f 1099/1099/1076 1113/1113/1090 1112/1112/1089
f 1100/1100/1077 1114/1114/1091 1113/1113/1090
f 1101/1101/1078 1115/1115/1092 1114/1114/1091
f 1102/1102/1079 1116/1116/1093 1115/1115/1092
f 1103/1103/1080 1117/1117/1094 1116/1116/1093
f 1104/1104/1081 1118/1118/1095 1117/1117/1094
f 1105/1105/1082 1119/1119/790 1118/1118/1095
f 1107/1107/1084 1120/1120/1096 1121/1121/1097
f 1109/1109/1086 1122/1122/1098 1120/1120/1096
f 1108/1108/1085 1123/1123/1099 1122/1122/1098
f 1110/1110/1087 1124/1124/1100 1123/1123/1099
f 1111/1111/1088 1125/1125/1101 1124/1124/1100
f 1112/1112/1089 1126/1126/1102 1125/1125/1101
f 1113/1113/1090 1127/1127/1103 1126/1126/1102
f 1114/1114/1091 1128/1128/1104 1127/1127/1103
f 1115/1115/1092 1129/1129/1105 1128/1128/1104
f 1116/1116/1093 1130/1130/1106 1129/1129/1105
f 1117/1117/1094 1131/1131/1107 1130/1130/1106
f 1118/1118/1095 1132/1132/1108 1131/1131/1107
f 1121/1121/1097 1077/1077/1054 1085/1085/1062
f 1120/1120/1096 1069/1069/1047 1077/1077/1054
f 1122/1122/1098 1061/1061/1039 1069/1069/1047
f 1123/1123/1099 1053/1053/1032 1061/1061/1039
f 1124/1124/1100 1046/1046/1025 1053/1053/1032
f 1125/1125/1101 1038/1038/1017 1046/1046/1025
f 1126/1126/1102 1030/1030/1009 1038/1038/1017
f 1127/1127/1103 1022/1022/1001 1030/1030/1009
f 1128/1128/1104 1014/1014/994 1022/1022/1001
f 1129/1129/1105 1006/1006/986 1014/1014/994
f 1130/1130/1106 992/992/973 1006/1006/986
f 1131/1131/1107 993/993/974 992/992/973
f 1133/1133/1109 1134/1134/1110 1135/1135/1111
f 1136/1133/1112 1137/1134/1113 1138/1136/1114
f 1133/1133/1109 1139/1136/1115 1140/1136/1116
f 1141/1134/1113 1135/1135/1111 1134/1134/1110
f 1134/1134/1110 1142/1137/1117 1143/1138/1118
f 1137/1134/1113 1144/1137/1119 1138/1136/1114
f 1138/1136/1114 1145/1137/1117 1146/1136/1120
f 1143/1138/1118 1141/1134/1113 1134/1134/1110
f 1143/1138/1118 1147/1139/1121 1148/1140/1122
f 1149/1138/1123 1150/1139/1124 1144/1137/1119
f 1151/1137/1119 1147/1139/1121 1142/1137/1117
f 1148/1140/1122 1152/1138/1123 1143/1138/1118
f 1148/1140/1122 1153/1141/1125 1154/1142/1126
f 1155/1140/1127 1156/1141/1128 1150/1139/1124
f 1157/1139/1129 1153/1141/1125 1147/1139/1121
f 1158/1142/1130 1148/1140/1122 1154/1142/1126
f 1153/1141/1125 1159/1143/1131 1154/1142/1126
f 1160/1142/1132 1161/1144/1133 1156/1141/1128
f 1153/1141/1125 1162/1144/1133 1163/1144/1134
f 1164/1143/1135 1154/1142/1126 1159/1143/1131
f 1159/1143/1131 1165/1145/1136 1166/1146/1137
f 1167/1143/1138 1168/1145/1139 1161/1144/1133
f 1163/1144/1134 1169/1145/1140 1165/1145/1136
f 1170/1146/1141 1159/1143/1131 1166/1146/1137
f 1165/1145/1136 1171/1147/1142 1166/1146/1137
f 1172/1146/1143 1173/1148/1144 1168/1145/1139
f 1165/1145/1136 1174/1148/1144 1175/1148/1145
f 1176/1147/1146 1166/1146/1137 1171/1147/1142
f 1135/1135/1111 1177/1133/1147 1133/1133/1109
f 1175/1148/1145 1176/1147/1146 1171/1147/1142
f 1178/1149/1148 1179/1150/1149 1180/1151/1150
f 1181/1150/1151 1182/1149/1152 1183/1151/1153
f 1179/1150/1149 1184/1151/1154 1180/1151/1150
f 1185/1152/1155 1182/1149/1152 1186/1152/1156
f 1187/1152/1155 1188/1153/1157 1179/1150/1149
f 1181/1150/1151 1189/1154/1158 1186/1152/1156
f 1188/1153/1157 1190/1150/1159 1179/1150/1149
f 1191/1154/1160 1186/1152/1156 1189/1154/1158
f 1192/1155/1161 1188/1153/1157 1193/1154/1162
f 1194/1153/1163 1195/1155/1164 1189/1154/1158
f 1196/1156/1165 1197/1153/1166 1188/1153/1157
f 1198/1155/1161 1189/1154/1158 1195/1155/1164
f 1199/1157/1167 1196/1156/1165 1192/1155/1161
f 1200/1156/1168 1201/1157/1169 1195/1155/1164
f 1202/1158/1170 1203/1156/1168 1196/1156/1165
f 1204/1157/1171 1195/1155/1164 1201/1157/1169
f 1205/1159/1172 1202/1158/1170 1199/1157/1167
f 1206/1158/1173 1207/1159/1174 1201/1157/1169
f 1208/1160/1175 1209/1158/1176 1202/1158/1170
f 1199/1157/1167 1210/1159/1174 1205/1159/1172
f 1211/1161/1177 1208/1160/1175 1205/1159/1172
f 1212/1160/1178 1213/1161/1179 1207/1159/1174
f 1208/1160/1175 1214/1162/1180 1215/1160/1178
f 1205/1159/1172 1216/1161/1181 1211/1161/1177
f 1211/1161/1177 1217/1163/1182 1218/1162/1183
f 1219/1163/1184 1213/1161/1179 1220/1162/1185
f 1218/1162/1183 1221/1163/1186 1214/1162/1180
f 1211/1161/1177 1222/1164/1187 1223/1164/1188
f 1184/1151/1154 1178/1149/1148 1180/1151/1150
f 1222/1164/1187 1217/1163/1182 1223/1164/1188
f 1224/1165/1189 1225/1166/1190 1226/1167/1191
f 1227/1168/1192 1228/1168/1193 1229/1168/1194
f 1225/1166/1190 1230/1169/1195 1226/1167/1191
f 1228/1168/1193 1231/1168/1196 1232/1168/1197
f 1233/1170/1198 1234/1171/1199 1230/1169/1195
f 1232/1168/1197 1235/1168/1200 1236/1168/1201
f 1237/1172/1202 1225/1166/1190 1238/1173/1203
f 1239/1168/1204 1228/1168/1193 1240/1168/1205
f 1241/1174/1206 1233/1170/1198 1225/1166/1190
f 1240/1168/1205 1232/1168/1197 1242/1168/1193
f 1243/1175/1207 1244/1176/1208 1233/1170/1198
f 1242/1168/1193 1236/1168/1201 1245/1168/1209
f 1246/1177/1210 1241/1174/1206 1237/1172/1202
f 1247/1168/1211 1240/1168/1205 1248/1168/1212
f 1249/1178/1213 1243/1175/1207 1241/1174/1206
f 1248/1168/1212 1242/1168/1193 1250/1168/1214
f 1243/1175/1207 1251/1179/1215 1252/1180/1216
f 1242/1168/1193 1253/1168/1217 1250/1168/1214
f 1226/1167/1191 1254/1181/1218 1224/1165/1189
f 1255/1168/1219 1256/1168/1220 1227/1168/1192
f 1226/1167/1191 1257/1182/1221 1258/1183/1222
f 1259/1168/1223 1256/1168/1220 1260/1168/1224
f 1230/1169/1195 1261/1184/1225 1257/1182/1221
f 1262/1168/1226 1231/1168/1196 1259/1168/1223
f 1234/1171/1199 1263/1185/1227 1261/1184/1225
f 1264/1168/1228 1235/1168/1200 1262/1168/1226
f 1252/1180/1216 1263/1185/1227 1244/1176/1208
f 1264/1168/1228 1245/1168/1209 1236/1168/1201
f 1251/1179/1215 1265/1186/1229 1252/1180/1216
f 1266/1168/1230 1253/1168/1217 1245/1168/1209
f 1267/1187/1231 1268/1188/1232 1251/1179/1215
f 1269/1168/1233 1250/1168/1214 1253/1168/1217
f 1267/1187/1231 1270/1189/1234 1271/1190/1235
f 1272/1168/1236 1250/1168/1214 1273/1168/1237
f 1249/1178/1213 1274/1191/1238 1270/1189/1234
f 1275/1168/1239 1248/1168/1212 1272/1168/1236
f 1246/1177/1210 1276/1192/1240 1274/1191/1238
f 1277/1168/1241 1247/1168/1211 1275/1168/1239
f 1238/1173/1203 1276/1192/1240 1237/1172/1202
f 1277/1168/1241 1229/1168/1194 1239/1168/1204
f 1224/1165/1189 1278/1193/1242 1238/1173/1203
f 1279/1168/1243 1227/1168/1192 1229/1168/1194
f 1280/1165/1244 1281/1166/1245 1282/1167/1246
f 1283/1168/1247 1284/1168/1248 1285/1168/1249
f 1282/1167/1246 1286/1170/1250 1287/1169/1251
f 1288/1168/1252 1289/1168/1248 1284/1168/1248
f 1286/1170/1250 1290/1171/1253 1287/1169/1251
f 1289/1168/1248 1291/1168/1254 1292/1168/1255
f 1293/1173/1256 1294/1174/1257 1281/1166/1245
f 1285/1168/1249 1295/1168/1258 1296/1168/1259
f 1281/1166/1245 1297/1175/1260 1286/1170/1250
f 1284/1168/1248 1298/1168/1258 1295/1168/1258
f 1286/1170/1250 1299/1180/1261 1300/1176/1262
f 1289/1168/1248 1301/1168/1263 1298/1168/1258
f 1302/1177/1264 1294/1174/1257 1303/1172/1265
f 1304/1168/1266 1295/1168/1258 1305/1168/1267
f 1294/1174/1257 1306/1187/1268 1297/1175/1260
f 1295/1168/1258 1307/1168/1269 1305/1168/1267
f 1297/1175/1260 1308/1179/1270 1299/1180/1261
f 1298/1168/1258 1309/1168/1271 1307/1168/1269
f 1282/1167/1246 1310/1181/1272 1280/1165/1244
f 1311/1168/1273 1288/1168/1252 1283/1168/1247
f 1287/1169/1251 1312/1183/1274 1282/1167/1246
f 1313/1168/1275 1314/1168/1276 1288/1168/1252
f 1287/1169/1251 1315/1184/1277 1316/1182/1278
f 1317/1168/1279 1291/1168/1254 1314/1168/1276
f 1290/1171/1253 1318/1185/1280 1315/1184/1277
f 1319/1168/1281 1291/1168/1254 1320/1168/1282
f 1300/1176/1262 1321/1186/1283 1318/1185/1280
f 1322/1168/1283 1292/1168/1255 1319/1168/1281
f 1308/1179/1270 1321/1186/1283 1299/1180/1261
f 1322/1168/1283 1309/1168/1271 1301/1168/1263
f 1306/1187/1268 1323/1188/1284 1308/1179/1270
f 1324/1168/1285 1307/1168/1269 1309/1168/1271
f 1325/1178/1286 1326/1190/1287 1306/1187/1268
f 1327/1168/1288 1305/1168/1267 1307/1168/1269
f 1302/1177/1264 1328/1189/1289 1325/1178/1286
f 1329/1168/1290 1304/1168/1266 1305/1168/1267
f 1302/1177/1264 1330/1192/1291 1331/1191/1292
f 1332/1168/1293 1304/1168/1266 1333/1168/1292
f 1303/1172/1265 1334/1193/1294 1330/1192/1291
f 1335/1168/1295 1296/1168/1259 1332/1168/1293
f 1293/1173/1256 1310/1181/1272 1334/1193/1294
f 1311/1168/1273 1285/1168/1249 1335/1168/1295
f 1336/1135/1296 1337/1136/1297 1338/1134/1298
f 1339/1133/1299 1340/1134/1300 1341/1136/1301
f 1342/1133/1302 1343/1136/1303 1337/1136/1297
f 1344/1134/1304 1336/1135/1296 1338/1134/1298
f 1337/1136/1297 1345/1138/1305 1338/1134/1298
f 1341/1136/1301 1346/1138/1306 1347/1137/1307
f 1343/1136/1303 1348/1137/1308 1337/1136/1297
f 1345/1138/1305 1344/1134/1304 1338/1134/1298
f 1348/1137/1308 1349/1140/1309 1345/1138/1305
f 1347/1137/1307 1350/1140/1310 1351/1139/1311
f 1347/1137/1307 1352/1139/1312 1353/1137/1313
f 1349/1140/1309 1354/1138/1314 1345/1138/1305
f 1355/1139/1315 1356/1142/1316 1349/1140/1309
f 1351/1139/1311 1357/1142/1317 1358/1141/1318
f 1355/1139/1315 1359/1141/1318 1360/1141/1319
f 1356/1142/1316 1361/1140/1310 1349/1140/1309
f 1360/1141/1319 1362/1143/1320 1356/1142/1316
f 1358/1141/1318 1363/1143/1321 1364/1144/1322
f 1360/1141/1319 1365/1144/1323 1366/1144/1324
f 1367/1143/1325 1356/1142/1316 1362/1143/1320
f 1366/1144/1324 1368/1146/1326 1362/1143/1320
f 1364/1144/1322 1369/1146/1327 1370/1145/1328
f 1366/1144/1324 1371/1145/1329 1372/1145/1330
f 1368/1146/1326 1367/1143/1325 1362/1143/1320
f 1372/1145/1330 1373/1147/1331 1368/1146/1326
f 1369/1146/1327 1374/1148/1332 1370/1145/1328
f 1370/1145/1328 1375/1148/1333 1376/1145/1334
f 1373/1147/1331 1377/1146/1327 1368/1146/1326
f 1336/1135/1296 1378/1133/1335 1342/1133/1302
f 1373/1147/1331 1379/1148/1336 1380/1147/1337
f 1381/1149/1338 1382/1150/1339 1383/1151/1340
f 1384/1150/1341 1385/1149/1342 1386/1151/1343
f 1382/1150/1339 1387/1151/1343 1383/1151/1340
f 1388/1152/1344 1385/1149/1342 1389/1152/1345
f 1390/1152/1346 1391/1153/1347 1382/1150/1339
f 1392/1153/1348 1389/1152/1345 1384/1150/1341
f 1391/1153/1347 1393/1150/1349 1382/1150/1339
f 1394/1154/1350 1389/1152/1345 1395/1154/1351
f 1396/1154/1352 1397/1156/1353 1391/1153/1347
f 1398/1156/1354 1395/1154/1351 1392/1153/1348
f 1397/1156/1353 1399/1153/1355 1391/1153/1347
f 1400/1155/1356 1395/1154/1351 1401/1155/1357
f 1402/1155/1356 1403/1158/1358 1397/1156/1353
f 1404/1158/1359 1401/1155/1357 1398/1156/1354
f 1397/1156/1353 1405/1158/1360 1406/1156/1361
f 1402/1155/1356 1407/1157/1362 1408/1157/1363
f 1408/1157/1363 1409/1160/1364 1403/1158/1358
f 1410/1160/1365 1411/1157/1366 1404/1158/1359
f 1403/1158/1358 1412/1160/1365 1405/1158/1360
f 1408/1157/1363 1413/1159/1367 1414/1159/1368
f 1415/1161/1369 1409/1160/1364 1414/1159/1368
f 1416/1162/1370 1417/1159/1371 1410/1160/1365
f 1409/1160/1364 1418/1162/1370 1412/1160/1365
f 1414/1159/1368 1419/1161/1372 1415/1161/1369
f 1420/1164/1373 1421/1162/1374 1415/1161/1369
f 1416/1162/1370 1422/1164/1375 1423/1161/1376
f 1424/1162/1374 1425/1163/1377 1416/1162/1370
f 1415/1161/1369 1426/1164/1378 1420/1164/1373
f 1387/1151/1343 1381/1149/1338 1383/1151/1340
f 1420/1164/1373 1427/1163/1379 1428/1163/1380
f 1429/1165/1381 1430/1166/1382 1431/1167/1383
f 1432/1168/1384 1433/1168/1385 1434/1168/1386
f 1430/1166/1382 1435/1169/1387 1431/1167/1383
f 1433/1168/1385 1436/1168/1388 1437/1168/1385
f 1438/1170/1389 1439/1171/1390 1435/1169/1387
f 1437/1168/1385 1440/1168/1391 1441/1168/1392
f 1442/1172/1393 1430/1166/1382 1443/1173/1394
f 1444/1168/1395 1433/1168/1385 1445/1168/1385
f 1446/1174/1396 1438/1170/1389 1430/1166/1382
f 1445/1168/1385 1437/1168/1385 1447/1168/1385
f 1448/1175/1397 1449/1176/1398 1438/1170/1389
f 1447/1168/1385 1441/1168/1392 1450/1168/1399
f 1451/1177/1400 1446/1174/1396 1442/1172/1393
f 1452/1168/1401 1445/1168/1385 1453/1168/1402
f 1454/1178/1403 1448/1175/1397 1446/1174/1396
f 1453/1168/1402 1447/1168/1385 1455/1168/1404
f 1448/1175/1397 1456/1179/1405 1457/1180/1406
f 1447/1168/1385 1458/1168/1407 1455/1168/1404
f 1431/1167/1383 1459/1181/1408 1429/1165/1381
f 1460/1168/1409 1461/1168/1410 1432/1168/1384
f 1431/1167/1383 1462/1182/1411 1463/1183/1412
f 1464/1168/1413 1461/1168/1410 1465/1168/1414
f 1435/1169/1387 1466/1184/1415 1462/1182/1411
f 1467/1168/1416 1436/1168/1388 1464/1168/1413
f 1439/1171/1390 1468/1185/1417 1466/1184/1415
f 1469/1168/1418 1440/1168/1391 1467/1168/1416
f 1457/1180/1406 1468/1185/1417 1449/1176/1398
f 1469/1168/1418 1450/1168/1399 1441/1168/1392
f 1456/1179/1405 1470/1186/1419 1457/1180/1406
f 1471/1168/1420 1458/1168/1407 1450/1168/1399
f 1472/1187/1421 1473/1188/1422 1456/1179/1405
f 1474/1168/1423 1455/1168/1404 1458/1168/1407
f 1472/1187/1421 1475/1189/1424 1476/1190/1425
f 1477/1168/1426 1455/1168/1404 1478/1168/1425
f 1454/1178/1403 1479/1191/1427 1475/1189/1424
f 1480/1168/1428 1453/1168/1402 1477/1168/1426
f 1451/1177/1400 1481/1192/1429 1479/1191/1427
f 1482/1168/1430 1452/1168/1401 1480/1168/1428
f 1443/1173/1394 1481/1192/1429 1442/1172/1393
f 1482/1168/1430 1434/1168/1386 1444/1168/1395
f 1429/1165/1381 1483/1193/1431 1443/1173/1394
f 1484/1168/1432 1432/1168/1384 1434/1168/1386
f 1485/1165/1433 1486/1166/1434 1487/1167/1435
f 1488/1168/1436 1489/1168/1437 1490/1168/1438
f 1487/1167/1435 1491/1170/1439 1492/1169/1440
f 1493/1168/1441 1494/1168/1442 1489/1168/1437
f 1491/1170/1439 1495/1171/1443 1492/1169/1440
f 1494/1168/1442 1496/1168/1444 1497/1168/1445
f 1498/1173/1446 1499/1174/1447 1486/1166/1434
f 1490/1168/1438 1500/1168/1442 1501/1168/1448
f 1486/1166/1434 1502/1175/1449 1491/1170/1439
f 1489/1168/1437 1503/1168/1437 1500/1168/1442
f 1491/1170/1439 1504/1180/1450 1505/1176/1451
f 1494/1168/1442 1506/1168/1452 1503/1168/1437
f 1507/1177/1453 1499/1174/1447 1508/1172/1454
f 1509/1168/1455 1500/1168/1442 1510/1168/1456
f 1499/1174/1447 1511/1187/1457 1502/1175/1449
f 1500/1168/1442 1512/1168/1458 1510/1168/1456
f 1502/1175/1449 1513/1179/1459 1504/1180/1450
f 1503/1168/1437 1514/1168/1460 1512/1168/1458
f 1487/1167/1435 1515/1181/1461 1485/1165/1433
f 1516/1168/1462 1493/1168/1441 1488/1168/1436
f 1492/1169/1440 1517/1183/1463 1487/1167/1435
f 1518/1168/1464 1519/1168/1465 1493/1168/1441
f 1492/1169/1440 1520/1184/1466 1521/1182/1467
f 1522/1168/1468 1519/1168/1465 1523/1168/1467
f 1495/1171/1443 1524/1185/1469 1520/1184/1466
f 1525/1168/1470 1496/1168/1444 1522/1168/1468
f 1505/1176/1451 1526/1186/1471 1524/1185/1469
f 1527/1168/1472 1497/1168/1445 1525/1168/1470
f 1513/1179/1459 1526/1186/1471 1504/1180/1450
f 1527/1168/1472 1514/1168/1460 1506/1168/1452
f 1511/1187/1457 1528/1188/1473 1513/1179/1459
f 1529/1168/1474 1512/1168/1458 1514/1168/1460
f 1530/1178/1475 1531/1190/1476 1511/1187/1457
f 1532/1168/1477 1510/1168/1456 1512/1168/1458
f 1530/1178/1475 1533/1191/1478 1534/1189/1479
f 1535/1168/1480 1510/1168/1456 1536/1168/1481
f 1507/1177/1453 1537/1192/1482 1533/1191/1478
f 1538/1168/1483 1509/1168/1455 1535/1168/1480
f 1508/1172/1454 1539/1193/1484 1537/1192/1482
f 1540/1168/1485 1501/1168/1448 1538/1168/1483
f 1485/1165/1433 1539/1193/1484 1498/1173/1446
f 1540/1168/1485 1488/1168/1436 1490/1168/1438
f 1541/1135/1486 1542/1136/1487 1543/1134/1488
f 1544/1135/1489 1545/1136/1490 1546/1133/1491
f 1547/1133/1492 1548/1136/1490 1542/1136/1487
f 1549/1134/1493 1541/1135/1486 1543/1134/1488
f 1543/1134/1488 1550/1137/1494 1551/1138/1495
f 1545/1136/1490 1552/1138/1496 1553/1137/1497
f 1542/1136/1487 1554/1137/1498 1550/1137/1494
f 1555/1138/1499 1543/1134/1488 1551/1138/1495
f 1551/1138/1495 1556/1139/1500 1557/1140/1501
f 1553/1137/1497 1558/1140/1502 1559/1139/1503
f 1550/1137/1494 1560/1139/1504 1556/1139/1500
f 1557/1140/1501 1555/1138/1499 1551/1138/1495
f 1557/1140/1501 1561/1141/1505 1562/1142/1506
f 1558/1140/1502 1563/1141/1507 1559/1139/1503
f 1556/1139/1500 1564/1141/1508 1561/1141/1505
f 1565/1142/1509 1557/1140/1501 1562/1142/1506
f 1561/1141/1505 1566/1143/1510 1562/1142/1506
f 1563/1141/1507 1567/1143/1511 1568/1144/1512
f 1561/1141/1505 1569/1144/1513 1570/1144/1514
f 1571/1143/1515 1562/1142/1506 1566/1143/1510
f 1570/1144/1514 1572/1146/1516 1566/1143/1510
f 1568/1144/1512 1573/1146/1517 1574/1145/1518
f 1570/1144/1514 1575/1145/1518 1576/1145/1519
f 1577/1146/1520 1566/1143/1510 1572/1146/1516
f 1576/1145/1519 1578/1147/1521 1572/1146/1516
f 1574/1145/1518 1579/1147/1522 1580/1148/1523
f 1576/1145/1519 1581/1148/1523 1582/1148/1524
f 1578/1147/1521 1577/1146/1520 1572/1146/1516
f 1583/1133/1525 1544/1135/1489 1546/1133/1491
f 1578/1147/1521 1581/1148/1523 1584/1147/1526
f 1585/1152/1527 1586/1151/1528 1587/1149/1529
f 1588/1151/1530 1589/1152/1531 1590/1149/1532
f 1591/1150/1533 1592/1151/1530 1586/1151/1528
f 1585/1152/1527 1593/1149/1532 1594/1152/1534
f 1595/1154/1535 1591/1150/1533 1585/1152/1527
f 1596/1150/1536 1597/1154/1537 1589/1152/1531
f 1598/1153/1538 1599/1150/1536 1591/1150/1533
f 1600/1154/1535 1589/1152/1531 1597/1154/1537
f 1595/1154/1535 1601/1156/1539 1598/1153/1538
f 1602/1156/1540 1597/1154/1537 1603/1153/1541
f 1601/1156/1539 1604/1153/1541 1598/1153/1538
f 1605/1155/1542 1597/1154/1537 1606/1155/1543
f 1607/1155/1542 1608/1158/1544 1601/1156/1539
f 1609/1158/1545 1606/1155/1543 1602/1156/1540
f 1601/1156/1539 1610/1158/1546 1611/1156/1547
f 1607/1155/1542 1612/1157/1548 1613/1157/1549
f 1613/1157/1549 1614/1160/1550 1608/1158/1544
f 1609/1158/1545 1615/1159/1551 1616/1157/1552
f 1608/1158/1544 1617/1160/1553 1610/1158/1546
f 1613/1157/1549 1618/1159/1554 1619/1159/1555
f 1620/1161/1556 1614/1160/1550 1619/1159/1555
f 1621/1160/1557 1622/1161/1558 1615/1159/1551
f 1614/1160/1550 1623/1162/1559 1617/1160/1553
f 1619/1159/1555 1624/1161/1560 1620/1161/1556
f 1625/1164/1561 1626/1162/1562 1620/1161/1556
f 1627/1162/1563 1628/1164/1564 1622/1161/1558
f 1626/1162/1562 1629/1163/1565 1623/1162/1559
f 1620/1161/1556 1630/1164/1566 1625/1164/1561
f 1586/1151/1528 1593/1149/1532 1587/1149/1529
f 1625/1164/1561 1629/1163/1565 1631/1163/1567
f 1632/1165/1568 1633/1166/1569 1634/1167/1570
f 1635/1168/1571 1636/1168/1572 1637/1168/1573
f 1633/1166/1569 1638/1169/1574 1634/1167/1570
f 1636/1168/1572 1639/1168/1575 1640/1168/1576
f 1641/1170/1577 1642/1171/1578 1638/1169/1574
f 1640/1168/1576 1643/1168/1579 1644/1168/1580
f 1645/1172/1581 1633/1166/1569 1646/1173/1582
f 1647/1168/1583 1636/1168/1572 1648/1168/1576
f 1649/1174/1584 1641/1170/1577 1633/1166/1569
f 1648/1168/1576 1640/1168/1576 1650/1168/1576
f 1651/1175/1585 1652/1176/1586 1641/1170/1577
f 1650/1168/1576 1644/1168/1580 1653/1168/1587
f 1654/1177/1588 1649/1174/1584 1645/1172/1581
f 1655/1168/1589 1648/1168/1576 1656/1168/1590
f 1657/1178/1591 1651/1175/1585 1649/1174/1584
f 1656/1168/1590 1650/1168/1576 1658/1168/1592
f 1651/1175/1585 1659/1179/1593 1660/1180/1594
f 1650/1168/1576 1661/1168/1595 1658/1168/1592
f 1632/1165/1568 1662/1183/1596 1663/1181/1597
f 1664/1168/1598 1635/1168/1571 1665/1168/1599
f 1634/1167/1570 1666/1182/1600 1662/1183/1596
f 1667/1168/1601 1668/1168/1602 1664/1168/1598
f 1638/1169/1574 1669/1184/1603 1666/1182/1600
f 1670/1168/1603 1639/1168/1575 1667/1168/1601
f 1652/1176/1586 1669/1184/1603 1642/1171/1578
f 1670/1168/1603 1644/1168/1580 1643/1168/1579
f 1660/1180/1594 1671/1185/1604 1652/1176/1586
f 1672/1168/1605 1653/1168/1587 1644/1168/1580
f 1659/1179/1593 1673/1186/1606 1660/1180/1594
f 1674/1168/1607 1661/1168/1595 1653/1168/1587
f 1659/1179/1593 1675/1190/1608 1676/1188/1609
f 1677/1168/1610 1661/1168/1595 1678/1168/1611
f 1679/1187/1612 1680/1189/1613 1675/1190/1608
f 1681/1168/1614 1658/1168/1592 1677/1168/1610
f 1657/1178/1591 1682/1191/1615 1680/1189/1613
f 1683/1168/1616 1656/1168/1590 1681/1168/1614
f 1645/1172/1581 1682/1191/1615 1654/1177/1588
f 1683/1168/1616 1647/1168/1583 1655/1168/1589
f 1646/1173/1582 1684/1192/1617 1645/1172/1581
f 1685/1168/1618 1637/1168/1573 1647/1168/1583
f 1632/1165/1568 1686/1193/1619 1646/1173/1582
f 1687/1168/1620 1635/1168/1571 1637/1168/1573
f 1688/1165/1621 1689/1166/1622 1690/1167/1623
f 1691/1168/1624 1692/1168/1625 1693/1168/1626
f 1690/1167/1623 1694/1170/1627 1695/1169/1628
f 1696/1168/1629 1697/1168/1625 1692/1168/1625
f 1694/1170/1627 1698/1171/1630 1695/1169/1628
f 1697/1168/1625 1699/1168/1631 1700/1168/1632
f 1701/1173/1633 1702/1174/1634 1689/1166/1622
f 1693/1168/1626 1703/1168/1625 1704/1168/1635
f 1689/1166/1622 1705/1175/1636 1694/1170/1627
f 1692/1168/1625 1706/1168/1625 1703/1168/1625
f 1694/1170/1627 1707/1180/1637 1708/1176/1638
f 1697/1168/1625 1709/1168/1639 1706/1168/1625
f 1710/1177/1640 1702/1174/1634 1711/1172/1641
f 1712/1168/1642 1703/1168/1625 1713/1168/1643
f 1702/1174/1634 1714/1187/1644 1705/1175/1636
f 1703/1168/1625 1715/1168/1645 1713/1168/1643
f 1705/1175/1636 1716/1179/1646 1707/1180/1637
f 1706/1168/1625 1717/1168/1647 1715/1168/1645
f 1688/1165/1621 1718/1183/1648 1719/1181/1649
f 1720/1168/1650 1691/1168/1624 1721/1168/1651
f 1695/1169/1628 1718/1183/1648 1690/1167/1623
f 1720/1168/1650 1722/1168/1652 1696/1168/1629
f 1698/1171/1630 1723/1182/1653 1695/1169/1628
f 1724/1168/1654 1699/1168/1631 1722/1168/1652
f 1708/1176/1638 1725/1184/1655 1698/1171/1630
f 1726/1168/1656 1700/1168/1632 1699/1168/1631
f 1708/1176/1638 1727/1186/1657 1728/1185/1658
f 1729/1168/1659 1700/1168/1632 1730/1168/1660
f 1707/1180/1637 1731/1188/1661 1727/1186/1657
f 1732/1168/1662 1709/1168/1639 1729/1168/1659
f 1714/1187/1644 1731/1188/1661 1716/1179/1646
f 1733/1168/1663 1717/1168/1647 1732/1168/1662
f 1734/1178/1664 1735/1190/1665 1714/1187/1644
f 1733/1168/1663 1713/1168/1643 1715/1168/1645
f 1710/1177/1640 1736/1189/1666 1734/1178/1664
f 1737/1168/1667 1712/1168/1642 1713/1168/1643
f 1711/1172/1641 1738/1191/1668 1710/1177/1640
f 1739/1168/1669 1704/1168/1635 1712/1168/1642
f 1711/1172/1641 1740/1193/1670 1741/1192/1671
f 1742/1168/1672 1704/1168/1635 1743/1168/1673
f 1701/1173/1633 1719/1181/1649 1740/1193/1670
f 1721/1168/1651 1693/1168/1626 1742/1168/1672
f 1744/1135/1674 1745/1136/1675 1746/1134/1676
f 1747/1135/1677 1748/1136/1678 1749/1133/1679
f 1750/1133/1680 1751/1136/1681 1745/1136/1675
f 1752/1134/1682 1744/1135/1674 1746/1134/1676
f 1746/1134/1676 1753/1137/1683 1754/1138/1684
f 1755/1134/1685 1756/1137/1686 1748/1136/1678
f 1751/1136/1681 1753/1137/1683 1745/1136/1675
f 1754/1138/1684 1752/1134/1682 1746/1134/1676
f 1753/1137/1683 1757/1140/1687 1754/1138/1684
f 1758/1138/1688 1759/1139/1689 1756/1137/1686
f 1760/1137/1690 1761/1139/1691 1753/1137/1683
f 1762/1140/1692 1754/1138/1684 1757/1140/1687
f 1761/1139/1691 1763/1142/1693 1757/1140/1687
f 1759/1139/1689 1764/1142/1694 1765/1141/1695
f 1759/1139/1689 1766/1141/1696 1767/1139/1697
f 1763/1142/1693 1762/1140/1692 1757/1140/1687
f 1768/1141/1698 1769/1143/1699 1763/1142/1693
f 1764/1142/1694 1770/1144/1700 1765/1141/1695
f 1768/1141/1698 1771/1144/1700 1772/1144/1701
f 1769/1143/1699 1773/1142/1702 1763/1142/1693
f 1772/1144/1701 1774/1146/1703 1769/1143/1699
f 1770/1144/1700 1775/1146/1704 1776/1145/1705
f 1770/1144/1700 1777/1145/1706 1778/1144/1701
f 1779/1146/1707 1769/1143/1699 1774/1146/1703
f 1780/1145/1706 1781/1147/1708 1774/1146/1703
f 1776/1145/1705 1782/1147/1709 1783/1148/1710
f 1776/1145/1705 1784/1148/1711 1777/1145/1706
f 1781/1147/1708 1779/1146/1707 1774/1146/1703
f 1744/1135/1674 1785/1133/1679 1750/1133/1680
f 1781/1147/1708 1786/1148/1712 1787/1147/1713
f 1788/1152/1714 1789/1151/1715 1790/1149/1716
f 1791/1151/1717 1792/1152/1718 1793/1149/1719
f 1794/1150/1720 1795/1151/1717 1789/1151/1715
f 1788/1152/1714 1796/1149/1721 1797/1152/1722
f 1798/1154/1723 1794/1150/1720 1788/1152/1714
f 1799/1150/1724 1800/1154/1725 1792/1152/1718
f 1801/1153/1726 1802/1150/1727 1794/1150/1720
f 1803/1154/1728 1792/1152/1718 1800/1154/1725
f 1804/1155/1729 1801/1153/1726 1798/1154/1723
f 1805/1153/1730 1806/1155/1731 1800/1154/1725
f 1807/1156/1732 1808/1153/1733 1801/1153/1726
f 1809/1155/1734 1800/1154/1725 1806/1155/1731
f 1810/1157/1735 1807/1156/1732 1804/1155/1729
f 1811/1156/1736 1812/1157/1737 1806/1155/1731
f 1813/1158/1738 1814/1156/1739 1807/1156/1732
f 1804/1155/1729 1815/1157/1740 1810/1157/1735
f 1810/1157/1735 1816/1160/1741 1813/1158/1738
f 1817/1160/1742 1812/1157/1737 1818/1158/1743
f 1813/1158/1738 1819/1160/1742 1820/1158/1744
f 1810/1157/1735 1821/1159/1745 1822/1159/1746
f 1822/1159/1746 1823/1162/1747 1816/1160/1741
f 1824/1162/1748 1825/1159/1749 1817/1160/1742
f 1816/1160/1741 1826/1162/1750 1819/1160/1742
f 1822/1159/1746 1827/1161/1751 1828/1161/1752
f 1829/1164/1753 1823/1162/1747 1828/1161/1752
f 1830/1163/1754 1831/1161/1755 1824/1162/1748
f 1823/1162/1747 1832/1163/1756 1826/1162/1750
f 1828/1161/1752 1833/1164/1757 1829/1164/1753
f 1795/1151/1717 1790/1149/1716 1789/1151/1715
f 1833/1164/1757 1834/1163/1758 1829/1164/1753
f 1835/1165/1759 1836/1166/1760 1837/1167/1761
f 1838/1168/1762 1839/1168/1763 1840/1168/1764
f 1836/1166/1760 1841/1169/1765 1837/1167/1761
f 1839/1168/1763 1842/1168/1766 1843/1168/1767
f 1844/1170/1768 1845/1171/1769 1841/1169/1765
f 1843/1168/1767 1846/1168/1770 1847/1168/1771
f 1848/1172/1772 1836/1166/1760 1849/1173/1773
f 1850/1168/1774 1839/1168/1763 1851/1168/1763
f 1852/1174/1775 1844/1170/1768 1836/1166/1760
f 1851/1168/1763 1843/1168/1767 1853/1168/1776
f 1854/1175/1777 1855/1176/1778 1844/1170/1768
f 1853/1168/1776 1847/1168/1771 1856/1168/1779
f 1857/1177/1780 1852/1174/1775 1848/1172/1772
f 1858/1168/1781 1851/1168/1763 1859/1168/1782
f 1860/1178/1783 1854/1175/1777 1852/1174/1775
f 1859/1168/1782 1853/1168/1776 1861/1168/1784
f 1854/1175/1777 1862/1179/1785 1863/1180/1786
f 1853/1168/1776 1864/1168/1787 1861/1168/1784
f 1835/1165/1759 1865/1183/1788 1866/1181/1789
f 1867/1168/1790 1838/1168/1762 1868/1168/1791
f 1837/1167/1761 1869/1182/1792 1865/1183/1788
f 1870/1168/1793 1871/1168/1794 1867/1168/1790
f 1841/1169/1765 1872/1184/1795 1869/1182/1792
f 1873/1168/1796 1842/1168/1766 1870/1168/1793
f 1855/1176/1778 1872/1184/1795 1845/1171/1769
f 1873/1168/1796 1847/1168/1771 1846/1168/1770
f 1863/1180/1786 1874/1185/1797 1855/1176/1778
f 1875/1168/1798 1856/1168/1779 1847/1168/1771
f 1862/1179/1785 1876/1186/1799 1863/1180/1786
f 1877/1168/1800 1864/1168/1787 1856/1168/1779
f 1862/1179/1785 1878/1190/1801 1879/1188/1802
f 1880/1168/1803 1864/1168/1787 1881/1168/1802
f 1882/1187/1804 1883/1189/1805 1878/1190/1801
f 1884/1168/1806 1861/1168/1784 1880/1168/1803
f 1860/1178/1783 1885/1191/1807 1883/1189/1805
f 1886/1168/1808 1859/1168/1782 1884/1168/1806
f 1848/1172/1772 1885/1191/1807 1857/1177/1780
f 1886/1168/1808 1850/1168/1774 1858/1168/1781
f 1849/1173/1773 1887/1192/1809 1848/1172/1772
f 1888/1168/1810 1840/1168/1764 1850/1168/1774
f 1835/1165/1759 1889/1193/1811 1849/1173/1773
f 1890/1168/1812 1838/1168/1762 1840/1168/1764
f 1891/1165/1813 1892/1166/1814 1893/1167/1815
f 1894/1168/1816 1895/1168/1817 1896/1168/1818
f 1893/1167/1815 1897/1170/1819 1898/1169/1820
f 1899/1168/1821 1900/1168/1822 1895/1168/1817
f 1897/1170/1819 1901/1171/1823 1898/1169/1820
f 1900/1168/1822 1902/1168/1824 1903/1168/1825
f 1904/1173/1826 1905/1174/1827 1892/1166/1814
f 1896/1168/1818 1906/1168/1817 1907/1168/1828
f 1892/1166/1814 1908/1175/1829 1897/1170/1819
f 1895/1168/1817 1909/1168/1822 1906/1168/1817
f 1897/1170/1819 1910/1180/1830 1911/1176/1831
f 1900/1168/1822 1912/1168/1832 1909/1168/1822
f 1913/1177/1833 1905/1174/1827 1914/1172/1834
f 1915/1168/1835 1906/1168/1817 1916/1168/1836
f 1905/1174/1827 1917/1187/1837 1908/1175/1829
f 1906/1168/1817 1918/1168/1838 1916/1168/1836
f 1908/1175/1829 1919/1179/1839 1910/1180/1830
f 1909/1168/1822 1920/1168/1840 1918/1168/1838
f 1893/1167/1815 1921/1181/1841 1891/1165/1813
f 1922/1168/1842 1899/1168/1821 1894/1168/1816
f 1898/1169/1820 1923/1183/1843 1893/1167/1815
f 1924/1168/1844 1925/1168/1845 1899/1168/1821
f 1901/1171/1823 1926/1182/1846 1898/1169/1820
f 1927/1168/1847 1902/1168/1824 1925/1168/1845
f 1901/1171/1823 1928/1185/1848 1929/1184/1849
f 1930/1168/1850 1902/1168/1824 1931/1168/1851
f 1911/1176/1831 1932/1186/1852 1928/1185/1848
f 1933/1168/1853 1903/1168/1825 1930/1168/1850
f 1910/1180/1830 1934/1188/1854 1932/1186/1852
f 1935/1168/1855 1912/1168/1832 1933/1168/1853
f 1917/1187/1837 1934/1188/1854 1919/1179/1839
f 1935/1168/1855 1918/1168/1838 1920/1168/1840
f 1936/1178/1856 1937/1190/1857 1917/1187/1837
f 1938/1168/1858 1916/1168/1836 1918/1168/1838
f 1913/1177/1833 1939/1189/1859 1936/1178/1856
f 1940/1168/1860 1915/1168/1835 1916/1168/1836
f 1913/1177/1833 1941/1192/1861 1942/1191/1862
f 1943/1168/1863 1915/1168/1835 1944/1168/1864
f 1914/1172/1834 1945/1193/1865 1941/1192/1861
f 1946/1168/1866 1907/1168/1828 1943/1168/1863
f 1904/1173/1826 1921/1181/1841 1945/1193/1865
f 1922/1168/1842 1896/1168/1818 1946/1168/1866
f 1947/1135/1867 1948/1136/1868 1949/1134/1869
f 1950/1135/1870 1951/1136/1871 1952/1133/1872
f 1953/1133/1873 1954/1136/1874 1948/1136/1868
f 1949/1134/1869 1955/1135/1875 1947/1135/1867
f 1948/1136/1868 1956/1138/1876 1949/1134/1869
f 1951/1136/1871 1957/1138/1877 1958/1137/1878
f 1948/1136/1868 1959/1137/1879 1960/1137/1880
f 1961/1138/1881 1949/1134/1869 1956/1138/1876
f 1960/1137/1880 1962/1140/1882 1956/1138/1876
f 1958/1137/1878 1963/1140/1883 1964/1139/1884
f 1958/1137/1878 1965/1139/1885 1966/1137/1886
f 1962/1140/1882 1961/1138/1881 1956/1138/1876
f 1962/1140/1882 1967/1141/1887 1968/1142/1888
f 1963/1140/1883 1969/1141/1889 1964/1139/1884
f 1970/1139/1890 1971/1141/1891 1967/1141/1887
f 1972/1142/1892 1962/1140/1882 1968/1142/1888
f 1967/1141/1887 1973/1143/1893 1968/1142/1888
f 1974/1142/1894 1975/1144/1895 1969/1141/1889
f 1971/1141/1891 1976/1144/1896 1967/1141/1887
f 1977/1143/1897 1968/1142/1888 1973/1143/1893
f 1973/1143/1893 1978/1145/1898 1979/1146/1899
f 1980/1143/1897 1981/1145/1900 1975/1144/1895
f 1975/1144/1895 1982/1145/1901 1983/1144/1902
f 1984/1146/1903 1973/1143/1893 1979/1146/1899
f 1979/1146/1899 1985/1148/1904 1986/1147/1905
f 1987/1146/1906 1988/1148/1907 1981/1145/1900
f 1989/1145/1900 1985/1148/1904 1978/1145/1898
f 1986/1147/1905 1984/1146/1903 1979/1146/1899
f 1990/1133/1908 1950/1135/1870 1952/1133/1872
f 1985/1148/1904 1991/1147/1909 1986/1147/1905
f 1992/1152/1910 1993/1151/1911 1994/1149/1912
f 1995/1151/1913 1996/1152/1914 1997/1149/1915
f 1998/1150/1916 1999/1151/1917 1993/1151/1911
f 1992/1152/1910 2000/1149/1915 2001/1152/1918
f 2002/1154/1919 1998/1150/1916 1992/1152/1910
f 2003/1150/1920 2004/1154/1921 1996/1152/1914
f 2005/1153/1922 2006/1150/1923 1998/1150/1916
f 2007/1154/1924 1996/1152/1914 2004/1154/1921
f 2008/1155/1925 2005/1153/1922 2002/1154/1919
f 2009/1153/1926 2010/1155/1927 2004/1154/1921
f 2011/1156/1928 2012/1153/1929 2005/1153/1922
f 2013/1155/1925 2004/1154/1921 2010/1155/1927
f 2008/1155/1925 2014/1158/1930 2011/1156/1928
f 2015/1158/1931 2010/1155/1927 2016/1156/1932
f 2011/1156/1928 2017/1158/1933 2018/1156/1934
f 2008/1155/1925 2019/1157/1935 2020/1157/1936
f 2020/1157/1936 2021/1160/1937 2014/1158/1930
f 2015/1158/1931 2022/1159/1938 2023/1157/1939
f 2014/1158/1930 2024/1160/1940 2017/1158/1933
f 2020/1157/1936 2025/1159/1938 2026/1159/1941
f 2026/1159/1941 2027/1162/1942 2021/1160/1937
f 2028/1162/1943 2022/1159/1938 2029/1160/1944
f 2027/1162/1942 2024/1160/1940 2021/1160/1937
f 2030/1161/1945 2022/1159/1938 2031/1161/1946
f 2032/1161/1945 2033/1163/1947 2027/1162/1942
f 2034/1163/1948 2031/1161/1946 2028/1162/1943
f 2027/1162/1942 2035/1163/1949 2036/1162/1950
f 2032/1161/1945 2037/1164/1951 2038/1164/1952
f 1993/1151/1911 2000/1149/1915 1994/1149/1912
f 2038/1164/1952 2035/1163/1949 2033/1163/1947
f 2039/1165/1953 2040/1166/1954 2041/1167/1955
f 2042/1168/1956 2043/1168/1957 2044/1168/1958
f 2040/1166/1954 2045/1169/1959 2041/1167/1955
f 2043/1168/1957 2046/1168/1960 2047/1168/1957
f 2048/1170/1961 2049/1171/1962 2045/1169/1959
f 2047/1168/1957 2050/1168/1963 2051/1168/1964
f 2052/1172/1965 2040/1166/1954 2053/1173/1966
f 2054/1168/1967 2043/1168/1957 2055/1168/1957
f 2056/1174/1968 2048/1170/1961 2040/1166/1954
f 2055/1168/1957 2047/1168/1957 2057/1168/1957
f 2058/1175/1969 2059/1176/1970 2048/1170/1961
f 2057/1168/1957 2051/1168/1964 2060/1168/1971
f 2061/1177/1972 2056/1174/1968 2052/1172/1965
f 2062/1168/1973 2055/1168/1957 2063/1168/1974
f 2064/1178/1975 2058/1175/1969 2056/1174/1968
f 2063/1168/1974 2057/1168/1957 2065/1168/1976
f 2058/1175/1969 2066/1179/1977 2067/1180/1978
f 2057/1168/1957 2068/1168/1979 2065/1168/1976
f 2041/1167/1955 2069/1181/1980 2039/1165/1953
f 2070/1168/1980 2071/1168/1981 2042/1168/1956
f 2041/1167/1955 2072/1182/1982 2073/1183/1983
f 2074/1168/1984 2071/1168/1981 2075/1168/1985
f 2045/1169/1959 2076/1184/1986 2072/1182/1982
f 2077/1168/1987 2046/1168/1960 2074/1168/1984
f 2049/1171/1962 2078/1185/1988 2076/1184/1986
f 2079/1168/1989 2050/1168/1963 2077/1168/1987
f 2067/1180/1978 2078/1185/1988 2059/1176/1970
f 2079/1168/1989 2060/1168/1971 2051/1168/1964
f 2066/1179/1977 2080/1186/1990 2067/1180/1978
f 2081/1168/1991 2068/1168/1979 2060/1168/1971
f 2082/1187/1992 2083/1188/1993 2066/1179/1977
f 2084/1168/1994 2065/1168/1976 2068/1168/1979
f 2082/1187/1992 2085/1189/1995 2086/1190/1996
f 2087/1168/1997 2065/1168/1976 2088/1168/1998
f 2064/1178/1975 2089/1191/1999 2085/1189/1995
f 2090/1168/2000 2063/1168/1974 2087/1168/1997
f 2061/1177/1972 2091/1192/2001 2089/1191/1999
f 2092/1168/2002 2062/1168/1973 2090/1168/2000
f 2053/1173/1966 2091/1192/2001 2052/1172/1965
f 2092/1168/2002 2044/1168/1958 2054/1168/1967
f 2039/1165/1953 2093/1193/2003 2053/1173/1966
f 2094/1168/2004 2042/1168/1956 2044/1168/1958
f 2095/1165/2005 2096/1166/2006 2097/1167/2007
f 2098/1168/2008 2099/1168/2009 2100/1168/2010
f 2096/1166/2006 2101/1169/2011 2097/1167/2007
f 2099/1168/2009 2102/1168/2012 2103/1168/2013
f 2104/1170/2014 2105/1171/2015 2101/1169/2011
f 2103/1168/2013 2106/1168/2016 2107/1168/2017
f 2108/1172/2018 2096/1166/2006 2109/1173/2019
f 2110/1168/2020 2099/1168/2009 2111/1168/2021
f 2112/1174/2022 2104/1170/2014 2096/1166/2006
f 2111/1168/2021 2103/1168/2013 2113/1168/2009
f 2114/1175/2023 2115/1176/2024 2104/1170/2014
f 2113/1168/2009 2107/1168/2017 2116/1168/2025
f 2117/1177/2026 2112/1174/2022 2108/1172/2018
f 2118/1168/2027 2111/1168/2021 2119/1168/2028
f 2120/1178/2029 2114/1175/2023 2112/1174/2022
f 2119/1168/2028 2113/1168/2009 2121/1168/2030
f 2114/1175/2023 2122/1179/2031 2123/1180/2032
f 2113/1168/2009 2124/1168/2033 2121/1168/2030
f 2095/1165/2005 2125/1183/2034 2126/1181/2035
f 2127/1168/2034 2098/1168/2008 2128/1168/2036
f 2101/1169/2011 2125/1183/2034 2097/1167/2007
f 2129/1168/2037 2130/1168/2038 2127/1168/2034
f 2105/1171/2015 2131/1182/2039 2101/1169/2011
f 2129/1168/2037 2106/1168/2016 2102/1168/2012
f 2115/1176/2024 2132/1184/2040 2105/1171/2015
f 2133/1168/2041 2107/1168/2017 2106/1168/2016
f 2123/1180/2032 2134/1185/2042 2115/1176/2024
f 2135/1168/2043 2116/1168/2025 2107/1168/2017
f 2123/1180/2032 2136/1188/2044 2137/1186/2045
f 2138/1168/2046 2116/1168/2025 2139/1168/2047
f 2122/1179/2031 2140/1190/2048 2136/1188/2044
f 2141/1168/2049 2124/1168/2033 2138/1168/2046
f 2142/1187/2050 2143/1189/2051 2140/1190/2048
f 2144/1168/2052 2121/1168/2030 2141/1168/2049
f 2117/1177/2026 2143/1189/2051 2120/1178/2029
f 2144/1168/2052 2118/1168/2027 2119/1168/2028
f 2108/1172/2018 2145/1191/2053 2117/1177/2026
f 2146/1168/2054 2110/1168/2020 2118/1168/2027
f 2108/1172/2018 2147/1193/2055 2148/1192/2056
f 2149/1168/2057 2100/1168/2010 2110/1168/2020
f 2109/1173/2019 2126/1181/2035 2147/1193/2055
f 2128/1168/2036 2100/1168/2010 2150/1168/2058
f 2151/1133/2059 2152/1134/2060 2153/1135/2061
f 2154/1135/2062 2155/1136/2063 2156/1133/2064
f 2151/1133/2059 2157/1136/2063 2158/1136/2065
f 2159/1134/2066 2153/1135/2061 2152/1134/2060
f 2158/1136/2065 2160/1138/2067 2152/1134/2060
f 2161/1134/2068 2162/1137/2069 2155/1136/2063
f 2155/1136/2063 2163/1137/2070 2164/1136/2065
f 2160/1138/2067 2159/1134/2066 2152/1134/2060
f 2165/1137/2071 2166/1140/2072 2160/1138/2067
f 2167/1138/2073 2168/1139/2074 2162/1137/2069
f 2165/1137/2071 2169/1139/2075 2170/1139/2076
f 2166/1140/2072 2171/1138/2077 2160/1138/2067
f 2170/1139/2076 2172/1142/2078 2166/1140/2072
f 2173/1140/2079 2174/1141/2080 2168/1139/2074
f 2168/1139/2074 2175/1141/2081 2176/1139/2076
f 2177/1142/2082 2166/1140/2072 2172/1142/2078
f 2178/1141/2083 2179/1143/2084 2172/1142/2078
f 2174/1141/2080 2180/1143/2085 2181/1144/2086
f 2174/1141/2080 2182/1144/2087 2175/1141/2081
f 2179/1143/2084 2177/1142/2082 2172/1142/2078
f 2183/1144/2087 2184/1146/2088 2179/1143/2084
f 2181/1144/2086 2185/1146/2089 2186/1145/2090
f 2181/1144/2086 2187/1145/2091 2182/1144/2087
f 2184/1146/2088 2188/1143/2092 2179/1143/2084
f 2189/1145/2093 2190/1147/2094 2184/1146/2088
f 2186/1145/2090 2191/1147/2095 2192/1148/2096
f 2189/1145/2093 2193/1148/2097 2194/1148/2098
f 2190/1147/2094 2195/1146/2089 2184/1146/2088
f 2151/1133/2059 2196/1135/2099 2197/1133/2100
f 2190/1147/2094 2193/1148/2097 2198/1147/2101
f 2199/1165/2102 2200/1166/2103 2201/1167/2104
f 2202/1168/2105 2203/1168/2106 2204/1168/2107
f 2201/1167/2104 2205/1170/2108 2206/1169/2109
f 2207/1168/2110 2208/1168/2111 2203/1168/2106
f 2205/1170/2108 2209/1171/2112 2206/1169/2109
f 2208/1168/2111 2210/1168/2113 2211/1168/2114
f 2212/1173/2115 2213/1174/2116 2200/1166/2103
f 2204/1168/2107 2214/1168/2111 2215/1168/2117
f 2200/1166/2103 2216/1175/2118 2205/1170/2108
f 2203/1168/2106 2217/1168/2106 2214/1168/2111
f 2205/1170/2108 2218/1180/2119 2219/1176/2120
f 2208/1168/2111 2220/1168/2121 2217/1168/2106
f 2221/1177/2122 2213/1174/2116 2222/1172/2123
f 2223/1168/2124 2214/1168/2111 2224/1168/2125
f 2213/1174/2116 2225/1187/2126 2216/1175/2118
f 2214/1168/2111 2226/1168/2127 2224/1168/2125
f 2216/1175/2118 2227/1179/2128 2218/1180/2119
f 2217/1168/2106 2228/1168/2129 2226/1168/2127
f 2199/1165/2102 2229/1183/2130 2230/1181/2131
f 2231/1168/2132 2202/1168/2105 2232/1168/2133
f 2206/1169/2109 2229/1183/2130 2201/1167/2104
f 2231/1168/2132 2233/1168/2134 2207/1168/2110
f 2209/1171/2112 2234/1182/2135 2206/1169/2109
f 2235/1168/2136 2210/1168/2113 2233/1168/2134
f 2219/1176/2120 2236/1184/2137 2209/1171/2112
f 2237/1168/2138 2210/1168/2113 2238/1168/2139
f 2219/1176/2120 2239/1186/2140 2240/1185/2141
f 2241/1168/2142 2211/1168/2114 2237/1168/2138
f 2218/1180/2119 2242/1188/2143 2239/1186/2140
f 2243/1168/2144 2220/1168/2121 2241/1168/2142
f 2227/1179/2128 2244/1190/2145 2242/1188/2143
f 2245/1168/2146 2228/1168/2129 2243/1168/2144
f 2246/1178/2147 2244/1190/2145 2225/1187/2126
f 2245/1168/2146 2224/1168/2125 2226/1168/2127
f 2221/1177/2122 2247/1189/2148 2246/1178/2147
f 2248/1168/2149 2223/1168/2124 2224/1168/2125
f 2222/1172/2123 2249/1191/2150 2221/1177/2122
f 2250/1168/2151 2215/1168/2117 2223/1168/2124
f 2222/1172/2123 2251/1193/2152 2252/1192/2153
f 2253/1168/2152 2215/1168/2117 2254/1168/2154
f 2212/1173/2115 2230/1181/2131 2251/1193/2152
f 2232/1168/2133 2204/1168/2107 2253/1168/2152
f 2255/1165/2155 2256/1166/2156 2257/1167/2157
f 2258/1168/2158 2259/1168/2159 2260/1168/2160
f 2257/1167/2157 2261/1170/2161 2262/1169/2162
f 2263/1168/2163 2264/1168/2164 2259/1168/2159
f 2261/1170/2161 2265/1171/2165 2262/1169/2162
f 2264/1168/2164 2266/1168/2166 2267/1168/2167
f 2268/1173/2168 2269/1174/2169 2256/1166/2156
f 2260/1168/2160 2270/1168/2170 2271/1168/2171
f 2256/1166/2156 2272/1175/2172 2261/1170/2161
f 2259/1168/2159 2273/1168/2173 2270/1168/2170
f 2261/1170/2161 2274/1180/2174 2275/1176/2175
f 2264/1168/2164 2276/1168/2176 2273/1168/2173
f 2277/1177/2177 2269/1174/2169 2278/1172/2178
f 2279/1168/2179 2270/1168/2170 2280/1168/2180
f 2269/1174/2169 2281/1187/2181 2272/1175/2172
f 2270/1168/2170 2282/1168/2182 2280/1168/2180
f 2272/1175/2172 2283/1179/2183 2274/1180/2174
f 2273/1168/2173 2284/1168/2184 2282/1168/2182
f 2257/1167/2157 2285/1181/2185 2255/1165/2155
f 2286/1168/2186 2263/1168/2163 2258/1168/2158
f 2257/1167/2157 2287/1182/2187 2288/1183/2188
f 2289/1168/2189 2290/1168/2190 2263/1168/2163
f 2262/1169/2162 2291/1184/2191 2287/1182/2187
f 2292/1168/2192 2290/1168/2190 2293/1168/2193
f 2265/1171/2165 2294/1185/2194 2291/1184/2191
f 2295/1168/2195 2266/1168/2166 2292/1168/2192
f 2275/1176/2175 2296/1186/2196 2294/1185/2194
f 2297/1168/2197 2267/1168/2167 2295/1168/2195
f 2283/1179/2183 2296/1186/2196 2274/1180/2174
f 2297/1168/2197 2284/1168/2184 2276/1168/2176
f 2281/1187/2181 2298/1188/2198 2283/1179/2183
f 2299/1168/2199 2282/1168/2182 2284/1168/2184
f 2300/1178/2200 2301/1190/2201 2281/1187/2181
f 2302/1168/2202 2282/1168/2182 2303/1168/2203
f 2277/1177/2177 2304/1189/2204 2300/1178/2200
f 2305/1168/2205 2280/1168/2180 2302/1168/2202
f 2277/1177/2177 2306/1192/2206 2307/1191/2207
f 2308/1168/2208 2279/1168/2179 2305/1168/2205
f 2278/1172/2178 2309/1193/2209 2306/1192/2206
f 2310/1168/2210 2271/1168/2171 2308/1168/2208
f 2255/1165/2155 2309/1193/2209 2268/1173/2168
f 2310/1168/2210 2258/1168/2158 2260/1168/2160
f 2311/1133/2211 2312/1134/2212 2313/1135/2213
f 2314/1133/2214 2315/1134/2215 2316/1136/2216
f 2311/1133/2211 2317/1136/2216 2318/1136/2217
f 2319/1134/2218 2313/1135/2213 2312/1134/2212
f 2318/1136/2217 2320/1138/2219 2312/1134/2212
f 2316/1136/2216 2321/1138/2220 2322/1137/2221
f 2316/1136/2216 2323/1137/2222 2324/1136/2217
f 2320/1138/2219 2319/1134/2218 2312/1134/2212
f 2325/1137/2223 2326/1140/2224 2320/1138/2219
f 2322/1137/2221 2327/1140/2225 2328/1139/2226
f 2325/1137/2223 2329/1139/2227 2330/1139/2228
f 2331/1140/2229 2320/1138/2219 2326/1140/2224
f 2330/1139/2228 2332/1142/2230 2326/1140/2224
f 2327/1140/2225 2333/1141/2231 2328/1139/2226
f 2328/1139/2226 2334/1141/2232 2335/1139/2228
f 2332/1142/2230 2331/1140/2229 2326/1140/2224
f 2332/1142/2230 2336/1144/2233 2337/1143/2234
f 2338/1142/2235 2339/1144/2236 2333/1141/2231
f 2340/1141/2232 2341/1144/2237 2336/1144/2233
f 2342/1143/2238 2332/1142/2230 2337/1143/2234
f 2337/1143/2234 2343/1145/2239 2344/1146/2240
f 2345/1143/2241 2346/1145/2242 2339/1144/2236
f 2336/1144/2233 2347/1145/2243 2343/1145/2239
f 2348/1146/2244 2337/1143/2234 2344/1146/2240
f 2344/1146/2240 2349/1148/2245 2350/1147/2246
f 2351/1146/2247 2352/1148/2248 2346/1145/2242
f 2347/1145/2243 2349/1148/2245 2343/1145/2239
f 2353/1147/2249 2344/1146/2240 2350/1147/2246
f 2311/1133/2211 2354/1135/2250 2355/1133/2251
f 2349/1148/2245 2353/1147/2249 2350/1147/2246
f 2356/1149/2252 2357/1150/2253 2358/1151/2254
f 2359/1150/2255 2360/1149/2256 2361/1151/2257
f 2357/1150/2253 2362/1151/2258 2358/1151/2254
f 2363/1152/2259 2360/1149/2256 2364/1152/2260
f 2365/1152/2259 2366/1153/2261 2357/1150/2253
f 2367/1153/2262 2364/1152/2260 2359/1150/2255
f 2366/1153/2261 2368/1150/2263 2357/1150/2253
f 2369/1154/2264 2364/1152/2260 2370/1154/2265
f 2371/1154/2266 2372/1156/2267 2366/1153/2261
f 2373/1156/2268 2370/1154/2265 2367/1153/2262
f 2372/1156/2267 2374/1153/2269 2366/1153/2261
f 2375/1155/2270 2370/1154/2265 2376/1155/2271
f 2377/1157/2272 2372/1156/2267 2378/1155/2273
f 2373/1156/2268 2379/1157/2274 2376/1155/2271
f 2372/1156/2267 2380/1158/2275 2381/1156/2276
f 2378/1155/2273 2382/1157/2277 2377/1157/2272
f 2383/1159/2278 2384/1158/2279 2377/1157/2272
f 2385/1158/2280 2386/1159/2281 2379/1157/2274
f 2384/1158/2279 2387/1160/2282 2380/1158/2275
f 2377/1157/2272 2388/1159/2281 2383/1159/2278
f 2389/1161/2283 2390/1160/2284 2383/1159/2278
f 2391/1160/2285 2392/1161/2286 2386/1159/2281
f 2390/1160/2284 2393/1162/2287 2387/1160/2282
f 2383/1159/2278 2394/1161/2288 2389/1161/2283
f 2395/1164/2289 2396/1162/2290 2389/1161/2283
f 2397/1162/2291 2398/1164/2292 2392/1161/2286
f 2396/1162/2290 2399/1163/2293 2393/1162/2287
f 2389/1161/2283 2400/1164/2294 2395/1164/2289
f 2362/1151/2258 2356/1149/2252 2358/1151/2254
f 2395/1164/2289 2399/1163/2293 2401/1163/2295
f 2402/1165/2296 2403/1166/2297 2404/1167/2298
f 2405/1168/2299 2406/1168/2300 2407/1168/2301
f 2403/1166/2297 2408/1169/2302 2404/1167/2298
f 2406/1168/2300 2409/1168/2303 2410/1168/2304
f 2411/1170/2305 2412/1171/2306 2408/1169/2302
f 2410/1168/2304 2413/1168/2307 2414/1168/2308
f 2415/1172/2309 2403/1166/2297 2416/1173/2310
f 2417/1168/2311 2406/1168/2300 2418/1168/2304
f 2419/1174/2312 2411/1170/2305 2403/1166/2297
f 2418/1168/2304 2410/1168/2304 2420/1168/2300
f 2421/1175/2313 2422/1176/2314 2411/1170/2305
f 2420/1168/2300 2414/1168/2308 2423/1168/2315
f 2424/1177/2316 2419/1174/2312 2415/1172/2309
f 2425/1168/2317 2418/1168/2304 2426/1168/2318
f 2427/1178/2319 2421/1175/2313 2419/1174/2312
f 2426/1168/2318 2420/1168/2300 2428/1168/2320
f 2421/1175/2313 2429/1179/2321 2430/1180/2322
f 2420/1168/2300 2431/1168/2323 2428/1168/2320
f 2404/1167/2298 2432/1181/2324 2402/1165/2296
f 2433/1168/2325 2434/1168/2326 2405/1168/2299
f 2404/1167/2298 2435/1182/2327 2436/1183/2328
f 2437/1168/2329 2434/1168/2326 2438/1168/2330
f 2408/1169/2302 2439/1184/2331 2435/1182/2327
f 2440/1168/2332 2409/1168/2303 2437/1168/2329
f 2412/1171/2306 2441/1185/2333 2439/1184/2331
f 2442/1168/2334 2413/1168/2307 2440/1168/2332
f 2430/1180/2322 2441/1185/2333 2422/1176/2314
f 2442/1168/2334 2423/1168/2315 2414/1168/2308
f 2429/1179/2321 2443/1186/2335 2430/1180/2322
f 2444/1168/2336 2431/1168/2323 2423/1168/2315
f 2445/1187/2337 2446/1188/2338 2429/1179/2321
f 2447/1168/2339 2428/1168/2320 2431/1168/2323
f 2445/1187/2337 2448/1189/2340 2449/1190/2341
f 2450/1168/2340 2428/1168/2320 2451/1168/2342
f 2427/1178/2319 2452/1191/2343 2448/1189/2340
f 2453/1168/2344 2426/1168/2318 2450/1168/2340
f 2424/1177/2316 2454/1192/2345 2452/1191/2343
f 2455/1168/2345 2425/1168/2317 2453/1168/2344
f 2416/1173/2310 2454/1192/2345 2415/1172/2309
f 2455/1168/2345 2407/1168/2301 2417/1168/2311
f 2402/1165/2296 2456/1193/2346 2416/1173/2310
f 2457/1168/2347 2405/1168/2299 2407/1168/2301
f 2458/1165/2348 2459/1166/2349 2460/1167/2350
f 2461/1168/2351 2462/1168/2352 2463/1168/2353
f 2459/1166/2349 2464/1169/2354 2460/1167/2350
f 2462/1168/2352 2465/1168/2355 2466/1168/2356
f 2467/1170/2357 2468/1171/2358 2464/1169/2354
f 2466/1168/2356 2469/1168/2359 2470/1168/2360
f 2471/1172/2361 2459/1166/2349 2472/1173/2362
f 2473/1168/2363 2462/1168/2352 2474/1168/2364
f 2475/1174/2365 2467/1170/2357 2459/1166/2349
f 2474/1168/2364 2466/1168/2356 2476/1168/2356
f 2477/1175/2366 2478/1176/2367 2467/1170/2357
f 2476/1168/2356 2470/1168/2360 2479/1168/2368
f 2480/1177/2369 2475/1174/2365 2471/1172/2361
f 2481/1168/2370 2474/1168/2364 2482/1168/2371
f 2483/1178/2372 2477/1175/2366 2475/1174/2365
f 2482/1168/2371 2476/1168/2356 2484/1168/2373
f 2477/1175/2366 2485/1179/2374 2486/1180/2375
f 2476/1168/2356 2487/1168/2376 2484/1168/2373
f 2460/1167/2350 2488/1181/2377 2458/1165/2348
f 2489/1168/2378 2490/1168/2379 2461/1168/2351
f 2460/1167/2350 2491/1182/2380 2492/1183/2381
f 2493/1168/2382 2465/1168/2355 2490/1168/2379
f 2464/1169/2354 2494/1184/2383 2491/1182/2380
f 2495/1168/2384 2465/1168/2355 2496/1168/2385
f 2468/1171/2358 2497/1185/2386 2494/1184/2383
f 2498/1168/2387 2469/1168/2359 2495/1168/2384
f 2478/1176/2367 2499/1186/2388 2497/1185/2386
f 2498/1168/2387 2479/1168/2368 2470/1168/2360
f 2485/1179/2374 2499/1186/2388 2486/1180/2375
f 2500/1168/2388 2487/1168/2376 2479/1168/2368
f 2501/1187/2389 2502/1188/2390 2485/1179/2374
f 2503/1168/2391 2484/1168/2373 2487/1168/2376
f 2483/1178/2372 2504/1190/2392 2501/1187/2389
f 2505/1168/2393 2484/1168/2373 2506/1168/2394
f 2483/1178/2372 2507/1191/2395 2508/1189/2396
f 2509/1168/2395 2482/1168/2371 2505/1168/2393
f 2480/1177/2369 2510/1192/2397 2507/1191/2395
f 2511/1168/2398 2481/1168/2370 2509/1168/2395
f 2472/1173/2362 2510/1192/2397 2471/1172/2361
f 2511/1168/2398 2463/1168/2353 2473/1168/2363
f 2458/1165/2348 2512/1193/2399 2472/1173/2362
f 2513/1168/2400 2461/1168/2351 2463/1168/2353
f 2514/1133/2401 2515/1134/2402 2516/1135/2403
f 2517/1133/2404 2518/1134/2405 2519/1136/2406
f 2520/1133/2407 2521/1136/2408 2514/1133/2401
f 2515/1134/2402 2522/1135/2409 2516/1135/2403
f 2521/1136/2408 2523/1138/2410 2515/1134/2402
f 2519/1136/2406 2524/1138/2411 2525/1137/2412
f 2519/1136/2406 2526/1137/2413 2527/1136/2414
f 2523/1138/2410 2528/1134/2415 2515/1134/2402
f 2529/1137/2416 2530/1140/2417 2523/1138/2410
f 2525/1137/2412 2531/1140/2418 2532/1139/2419
f 2525/1137/2412 2533/1139/2420 2526/1137/2413
f 2530/1140/2417 2534/1138/2411 2523/1138/2410
f 2530/1140/2417 2535/1141/2421 2536/1142/2422
f 2531/1140/2418 2537/1141/2423 2532/1139/2419
f 2532/1139/2419 2538/1141/2421 2533/1139/2420
f 2536/1142/2422 2539/1140/2418 2530/1140/2417
f 2536/1142/2422 2540/1144/2424 2541/1143/2425
f 2542/1142/2426 2543/1144/2427 2537/1141/2423
f 2544/1141/2428 2540/1144/2424 2535/1141/2421
f 2541/1143/2425 2545/1142/2426 2536/1142/2422
f 2541/1143/2425 2546/1145/2429 2547/1146/2430
f 2548/1143/2431 2549/1145/2432 2543/1144/2427
f 2540/1144/2424 2550/1145/2433 2546/1145/2429
f 2551/1146/2434 2541/1143/2425 2547/1146/2430
f 2547/1146/2430 2552/1148/2435 2553/1147/2436
f 2554/1146/2437 2555/1148/2438 2549/1145/2432
f 2550/1145/2433 2552/1148/2435 2546/1145/2429
f 2553/1147/2436 2551/1146/2434 2547/1146/2430
f 2514/1133/2401 2522/1135/2409 2520/1133/2407
f 2552/1148/2435 2556/1147/2439 2553/1147/2436
f 2557/1149/2440 2558/1150/2441 2559/1151/2442
f 2560/1150/2443 2561/1149/2444 2562/1151/2445
f 2558/1150/2441 2563/1151/2446 2559/1151/2442
f 2564/1152/2447 2561/1149/2444 2565/1152/2448
f 2566/1152/2447 2567/1153/2449 2558/1150/2441
f 2568/1153/2450 2565/1152/2448 2560/1150/2443
f 2567/1153/2449 2569/1150/2451 2558/1150/2441
f 2570/1154/2452 2565/1152/2448 2571/1154/2453
f 2572/1154/2452 2573/1156/2454 2567/1153/2449
f 2574/1156/2455 2571/1154/2453 2568/1153/2450
f 2573/1156/2454 2575/1153/2450 2567/1153/2449
f 2576/1155/2456 2571/1154/2453 2577/1155/2457
f 2578/1155/2456 2579/1158/2458 2573/1156/2454
f 2580/1158/2459 2577/1155/2457 2574/1156/2455
f 2573/1156/2454 2581/1158/2460 2582/1156/2455
f 2578/1155/2456 2583/1157/2461 2584/1157/2462
f 2584/1157/2462 2585/1160/2463 2579/1158/2458
f 2580/1158/2459 2586/1159/2464 2587/1157/2465
f 2579/1158/2458 2588/1160/2466 2581/1158/2460
f 2584/1157/2462 2589/1159/2467 2590/1159/2468
f 2590/1159/2468 2591/1162/2469 2585/1160/2463
f 2592/1162/2470 2586/1159/2464 2593/1160/2471
f 2585/1160/2463 2594/1162/2472 2588/1160/2466
f 2590/1159/2468 2595/1161/2473 2596/1161/2474
f 2596/1161/2474 2597/1163/2475 2591/1162/2469
f 2598/1163/2476 2599/1161/2477 2592/1162/2470
f 2591/1162/2469 2600/1163/2478 2594/1162/2472
f 2596/1161/2474 2601/1164/2479 2602/1164/2480
f 2559/1151/2442 2603/1149/2481 2557/1149/2440
f 2601/1164/2479 2597/1163/2475 2602/1164/2480
f 2604/1165/2482 2605/1166/2483 2606/1167/2484
f 2607/1168/2485 2608/1168/2486 2609/1168/2487
f 2606/1167/2484 2610/1170/2488 2611/1169/2489
f 2612/1168/2490 2613/1168/2486 2608/1168/2486
f 2610/1170/2488 2614/1171/2491 2611/1169/2489
f 2613/1168/2486 2615/1168/2492 2616/1168/2493
f 2617/1173/2494 2618/1174/2495 2605/1166/2483
f 2609/1168/2487 2619/1168/2486 2620/1168/2496
f 2605/1166/2483 2621/1175/2497 2610/1170/2488
f 2608/1168/2486 2622/1168/2486 2619/1168/2486
f 2610/1170/2488 2623/1180/2498 2624/1176/2499
f 2613/1168/2486 2625/1168/2500 2622/1168/2486
f 2626/1177/2501 2618/1174/2495 2627/1172/2502
f 2628/1168/2503 2619/1168/2486 2629/1168/2504
f 2618/1174/2495 2630/1187/2505 2621/1175/2497
f 2619/1168/2486 2631/1168/2506 2629/1168/2504
f 2621/1175/2497 2632/1179/2507 2623/1180/2498
f 2622/1168/2486 2633/1168/2508 2631/1168/2506
f 2606/1167/2484 2634/1181/2509 2604/1165/2482
f 2635/1168/2510 2612/1168/2490 2607/1168/2485
f 2611/1169/2489 2636/1183/2511 2606/1167/2484
f 2637/1168/2511 2638/1168/2512 2612/1168/2490
f 2614/1171/2491 2639/1182/2513 2611/1169/2489
f 2640/1168/2514 2615/1168/2492 2638/1168/2512
f 2614/1171/2491 2641/1185/2515 2642/1184/2516
f 2643/1168/2515 2615/1168/2492 2644/1168/2517
f 2624/1176/2499 2645/1186/2518 2641/1185/2515
f 2646/1168/2519 2616/1168/2493 2643/1168/2515
f 2623/1180/2498 2647/1188/2520 2645/1186/2518
f 2648/1168/2521 2625/1168/2500 2646/1168/2519
f 2632/1179/2507 2649/1190/2522 2647/1188/2520
f 2648/1168/2521 2631/1168/2506 2633/1168/2508
f 2650/1178/2523 2649/1190/2522 2630/1187/2505
f 2651/1168/2524 2629/1168/2504 2631/1168/2506
f 2626/1177/2501 2652/1189/2525 2650/1178/2523
f 2653/1168/2526 2628/1168/2503 2629/1168/2504
f 2626/1177/2501 2654/1192/2527 2655/1191/2528
f 2656/1168/2529 2628/1168/2503 2657/1168/2530
f 2627/1172/2502 2658/1193/2531 2654/1192/2527
f 2659/1168/2532 2620/1168/2496 2656/1168/2529
f 2617/1173/2494 2634/1181/2509 2658/1193/2531
f 2635/1168/2510 2609/1168/2487 2659/1168/2532
f 2660/1165/2533 2661/1166/2534 2662/1167/2535
f 2663/1168/2536 2664/1168/2537 2665/1168/2538
f 2661/1166/2534 2666/1169/2539 2662/1167/2535
f 2664/1168/2537 2667/1168/2540 2668/1168/2541
f 2669/1170/2542 2670/1171/2543 2666/1169/2539
f 2668/1168/2541 2671/1168/2544 2672/1168/2545
f 2673/1172/2546 2661/1166/2534 2674/1173/2547
f 2675/1168/2548 2664/1168/2537 2676/1168/2549
f 2677/1174/2550 2669/1170/2542 2661/1166/2534
f 2676/1168/2549 2668/1168/2541 2678/1168/2551
f 2679/1175/2552 2680/1176/2553 2669/1170/2542
f 2678/1168/2551 2672/1168/2545 2681/1168/2554
f 2682/1177/2555 2677/1174/2550 2673/1172/2546
f 2683/1168/2556 2676/1168/2549 2684/1168/2557
f 2685/1178/2558 2679/1175/2552 2677/1174/2550
f 2684/1168/2557 2678/1168/2551 2686/1168/2559
f 2679/1175/2552 2687/1179/2560 2688/1180/2561
f 2678/1168/2551 2689/1168/2562 2686/1168/2559
f 2660/1165/2533 2690/1183/2563 2691/1181/2564
f 2692/1168/2565 2693/1168/2566 2663/1168/2536
f 2662/1167/2535 2694/1182/2567 2690/1183/2563
f 2695/1168/2568 2693/1168/2566 2696/1168/2569
f 2666/1169/2539 2697/1184/2570 2694/1182/2567
f 2698/1168/2571 2667/1168/2540 2695/1168/2568
f 2680/1176/2553 2697/1184/2570 2670/1171/2543
f 2699/1168/2572 2671/1168/2544 2698/1168/2571
f 2688/1180/2561 2700/1185/2573 2680/1176/2553
f 2699/1168/2572 2681/1168/2554 2672/1168/2545
f 2687/1179/2560 2701/1186/2574 2688/1180/2561
f 2702/1168/2574 2689/1168/2562 2681/1168/2554
f 2703/1187/2575 2704/1188/2576 2687/1179/2560
f 2705/1168/2577 2686/1168/2559 2689/1168/2562
f 2703/1187/2575 2706/1189/2578 2707/1190/2579
f 2708/1168/2580 2686/1168/2559 2709/1168/2581
f 2685/1178/2558 2710/1191/2582 2706/1189/2578
f 2711/1168/2583 2684/1168/2557 2708/1168/2580
f 2682/1177/2555 2712/1192/2584 2710/1191/2582
f 2713/1168/2585 2683/1168/2556 2711/1168/2583
f 2674/1173/2547 2712/1192/2584 2673/1172/2546
f 2713/1168/2585 2665/1168/2538 2675/1168/2548
f 2660/1165/2533 2714/1193/2586 2674/1173/2547
f 2715/1168/2587 2663/1168/2536 2665/1168/2538
f 2716/1133/2588 2717/1134/2589 2718/1135/2590
f 2719/1133/2591 2720/1134/2592 2721/1136/2593
f 2716/1133/2588 2722/1136/2594 2723/1136/2595
f 2724/1134/2596 2718/1135/2590 2717/1134/2589
f 2723/1136/2595 2725/1138/2597 2717/1134/2589
f 2721/1136/2593 2726/1138/2598 2727/1137/2599
f 2721/1136/2593 2728/1137/2600 2729/1136/2601
f 2725/1138/2597 2724/1134/2596 2717/1134/2589
f 2730/1137/2602 2731/1140/2603 2725/1138/2597
f 2727/1137/2599 2732/1140/2604 2733/1139/2605
f 2730/1137/2602 2734/1139/2606 2735/1139/2607
f 2736/1140/2608 2725/1138/2597 2731/1140/2603
f 2735/1139/2607 2737/1142/2609 2731/1140/2603
f 2732/1140/2604 2738/1141/2610 2733/1139/2605
f 2733/1139/2605 2739/1141/2611 2740/1139/2607
f 2737/1142/2609 2736/1140/2608 2731/1140/2603
f 2737/1142/2609 2741/1144/2612 2742/1143/2613
f 2743/1142/2614 2744/1144/2615 2738/1141/2610
f 2745/1141/2616 2746/1144/2617 2741/1144/2612
f 2747/1143/2618 2737/1142/2609 2742/1143/2613
f 2742/1143/2613 2748/1145/2619 2749/1146/2620
f 2750/1143/2621 2751/1145/2622 2744/1144/2615
f 2741/1144/2612 2752/1145/2623 2748/1145/2619
f 2753/1146/2624 2742/1143/2613 2749/1146/2620
f 2749/1146/2620 2754/1148/2625 2755/1147/2626
f 2756/1146/2627 2757/1148/2628 2751/1145/2622
f 2748/1145/2619 2758/1148/2628 2754/1148/2625
f 2759/1147/2629 2749/1146/2620 2755/1147/2626
f 2716/1133/2588 2760/1135/2630 2761/1133/2591
f 2754/1148/2625 2759/1147/2629 2755/1147/2626
f 2762/1149/2631 2763/1150/2632 2764/1151/2633
f 2765/1150/2634 2766/1149/2635 2767/1151/2636
f 2763/1150/2632 2768/1151/2637 2764/1151/2633
f 2769/1152/2638 2766/1149/2635 2770/1152/2639
f 2771/1152/2640 2772/1153/2641 2763/1150/2632
f 2773/1153/2642 2770/1152/2639 2765/1150/2634
f 2772/1153/2641 2774/1150/2643 2763/1150/2632
f 2775/1154/2644 2770/1152/2639 2776/1154/2645
f 2777/1154/2646 2778/1156/2647 2772/1153/2641
f 2779/1156/2648 2776/1154/2645 2773/1153/2642
f 2778/1156/2647 2780/1153/2649 2772/1153/2641
f 2781/1155/2650 2776/1154/2645 2782/1155/2651
f 2783/1155/2650 2784/1158/2652 2778/1156/2647
f 2785/1158/2653 2782/1155/2651 2779/1156/2648
f 2778/1156/2647 2786/1158/2653 2787/1156/2648
f 2783/1155/2650 2788/1157/2654 2789/1157/2655
f 2790/1159/2656 2784/1158/2652 2789/1157/2655
f 2785/1158/2653 2791/1159/2657 2792/1157/2658
f 2784/1158/2652 2793/1160/2659 2786/1158/2653
f 2789/1157/2655 2794/1159/2660 2790/1159/2656
f 2795/1161/2661 2796/1160/2662 2790/1159/2656
f 2797/1160/2663 2798/1161/2664 2791/1159/2657
f 2796/1160/2662 2799/1162/2665 2793/1160/2659
f 2790/1159/2656 2800/1161/2666 2795/1161/2661
f 2801/1164/2667 2802/1162/2668 2795/1161/2661
f 2803/1162/2669 2804/1164/2670 2798/1161/2664
f 2802/1162/2668 2805/1163/2671 2799/1162/2665
f 2795/1161/2661 2806/1164/2672 2801/1164/2667
f 2768/1151/2637 2762/1149/2631 2764/1151/2633
f 2801/1164/2667 2805/1163/2671 2807/1163/2673
f 2808/1165/2674 2809/1166/2675 2810/1167/2676
f 2811/1168/2677 2812/1168/2678 2813/1168/2679
f 2810/1167/2676 2814/1170/2680 2815/1169/2681
f 2816/1168/2682 2817/1168/2678 2812/1168/2678
f 2814/1170/2680 2818/1171/2683 2815/1169/2681
f 2817/1168/2678 2819/1168/2684 2820/1168/2685
f 2821/1173/2686 2822/1174/2687 2809/1166/2675
f 2813/1168/2679 2823/1168/2678 2824/1168/2688
f 2809/1166/2675 2825/1175/2689 2814/1170/2680
f 2812/1168/2678 2826/1168/2678 2823/1168/2678
f 2814/1170/2680 2827/1180/2690 2828/1176/2691
f 2817/1168/2678 2829/1168/2692 2826/1168/2678
f 2830/1177/2693 2822/1174/2687 2831/1172/2694
f 2832/1168/2695 2823/1168/2678 2833/1168/2696
f 2822/1174/2687 2834/1187/2697 2825/1175/2689
f 2823/1168/2678 2835/1168/2698 2833/1168/2696
f 2825/1175/2689 2836/1179/2699 2827/1180/2690
f 2826/1168/2678 2837/1168/2700 2835/1168/2698
f 2810/1167/2676 2838/1181/2701 2808/1165/2674
f 2839/1168/2702 2816/1168/2682 2811/1168/2677
f 2815/1169/2681 2840/1183/2703 2810/1167/2676
f 2841/1168/2704 2842/1168/2705 2816/1168/2682
f 2815/1169/2681 2843/1184/2706 2844/1182/2707
f 2845/1168/2708 2842/1168/2705 2846/1168/2709
f 2818/1171/2683 2847/1185/2710 2843/1184/2706
f 2848/1168/2710 2819/1168/2684 2845/1168/2708
f 2828/1176/2691 2849/1186/2711 2847/1185/2710
f 2850/1168/2712 2820/1168/2685 2848/1168/2710
f 2836/1179/2699 2849/1186/2711 2827/1180/2690
f 2850/1168/2712 2837/1168/2700 2829/1168/2692
f 2834/1187/2697 2851/1188/2713 2836/1179/2699
f 2852/1168/2714 2835/1168/2698 2837/1168/2700
f 2853/1178/2715 2854/1190/2716 2834/1187/2697
f 2855/1168/2716 2833/1168/2696 2835/1168/2698
f 2853/1178/2715 2856/1191/2717 2857/1189/2718
f 2858/1168/2719 2833/1168/2696 2859/1168/2720
f 2830/1177/2693 2860/1192/2721 2856/1191/2717
f 2861/1168/2722 2832/1168/2695 2858/1168/2719
f 2831/1172/2694 2862/1193/2723 2860/1192/2721
f 2861/1168/2722 2813/1168/2679 2824/1168/2688
f 2808/1165/2674 2862/1193/2723 2821/1173/2686
f 2863/1168/2724 2811/1168/2677 2813/1168/2679
f 2864/1165/2725 2865/1166/2726 2866/1167/2727
f 2867/1168/2728 2868/1168/2729 2869/1168/2730
f 2866/1167/2727 2870/1170/2731 2871/1169/2732
f 2868/1168/2729 2872/1168/2733 2873/1168/2734
f 2870/1170/2731 2874/1171/2735 2871/1169/2732
f 2873/1168/2734 2875/1168/2736 2876/1168/2737
f 2877/1173/2738 2878/1174/2739 2865/1166/2726
f 2869/1168/2730 2879/1168/2740 2880/1168/2741
f 2865/1166/2726 2881/1175/2742 2870/1170/2731
f 2868/1168/2729 2882/1168/2740 2879/1168/2740
f 2870/1170/2731 2883/1180/2743 2884/1176/2744
f 2873/1168/2734 2885/1168/2745 2882/1168/2740
f 2886/1177/2746 2878/1174/2739 2887/1172/2747
f 2888/1168/2748 2879/1168/2740 2889/1168/2749
f 2878/1174/2739 2890/1187/2750 2881/1175/2742
f 2879/1168/2740 2891/1168/2751 2889/1168/2749
f 2881/1175/2742 2892/1179/2752 2883/1180/2743
f 2882/1168/2740 2893/1168/2753 2891/1168/2751
f 2866/1167/2727 2894/1181/2754 2864/1165/2725
f 2895/1168/2754 2896/1168/2755 2867/1168/2728
f 2866/1167/2727 2897/1182/2756 2898/1183/2757
f 2899/1168/2758 2872/1168/2733 2896/1168/2755
f 2871/1169/2732 2900/1184/2759 2897/1182/2756
f 2901/1168/2760 2872/1168/2733 2902/1168/2761
f 2874/1171/2735 2903/1185/2762 2900/1184/2759
f 2904/1168/2763 2875/1168/2736 2901/1168/2760
f 2883/1180/2743 2903/1185/2762 2884/1176/2744
f 2904/1168/2763 2885/1168/2745 2876/1168/2737
f 2892/1179/2752 2905/1186/2764 2883/1180/2743
f 2906/1168/2765 2893/1168/2753 2885/1168/2745
f 2890/1187/2750 2907/1188/2766 2892/1179/2752
f 2908/1168/2766 2891/1168/2751 2893/1168/2753
f 2890/1187/2750 2909/1189/2767 2910/1190/2768
f 2911/1168/2769 2889/1168/2749 2891/1168/2751
f 2912/1178/2770 2913/1191/2771 2909/1189/2767
f 2914/1168/2771 2889/1168/2749 2915/1168/2772
f 2886/1177/2746 2916/1192/2773 2913/1191/2771
f 2917/1168/2773 2888/1168/2748 2914/1168/2771
f 2887/1172/2747 2918/1193/2774 2916/1192/2773
f 2917/1168/2773 2869/1168/2730 2880/1168/2741
f 2864/1165/2725 2918/1193/2774 2877/1173/2738
f 2919/1168/2775 2867/1168/2728 2869/1168/2730
f 2920/1133/2776 2921/1134/2777 2922/1135/2778
f 2923/1133/2779 2924/1134/2780 2925/1136/2781
f 2926/1133/2782 2927/1136/2783 2920/1133/2776
f 2921/1134/2777 2928/1135/2784 2922/1135/2778
f 2927/1136/2783 2929/1138/2785 2921/1134/2777
f 2925/1136/2781 2930/1138/2786 2931/1137/2787
f 2925/1136/2781 2932/1137/2788 2933/1136/2789
f 2929/1138/2785 2934/1134/2790 2921/1134/2777
f 2929/1138/2785 2935/1139/2791 2936/1140/2792
f 2930/1138/2786 2937/1139/2793 2931/1137/2787
f 2931/1137/2787 2938/1139/2794 2932/1137/2788
f 2936/1140/2792 2939/1138/2786 2929/1138/2785
f 2936/1140/2792 2940/1141/2795 2941/1142/2796
f 2942/1140/2797 2943/1141/2798 2937/1139/2793
f 2944/1139/2799 2940/1141/2795 2935/1139/2791
f 2945/1142/2800 2936/1140/2792 2941/1142/2796
f 2941/1142/2796 2946/1144/2801 2947/1143/2802
f 2948/1142/2803 2949/1144/2804 2943/1141/2798
f 2950/1141/2805 2946/1144/2801 2940/1141/2795
f 2947/1143/2802 2945/1142/2800 2941/1142/2796
f 2947/1143/2802 2951/1145/2806 2952/1146/2807
f 2949/1144/2804 2953/1146/2808 2954/1145/2809
f 2946/1144/2801 2955/1145/2809 2951/1145/2806
f 2956/1146/2810 2947/1143/2802 2952/1146/2807
f 2952/1146/2807 2957/1148/2811 2958/1147/2812
f 2954/1145/2809 2959/1147/2813 2960/1148/2814
f 2955/1145/2809 2957/1148/2811 2951/1145/2806
f 2958/1147/2812 2956/1146/2810 2952/1146/2807
f 2922/1135/2778 2926/1133/2782 2920/1133/2776
f 2957/1148/2811 2961/1147/2813 2958/1147/2812
f 2962/1152/2815 2963/1151/2816 2964/1149/2817
f 2965/1151/2818 2966/1152/2819 2967/1149/2820
f 2968/1150/2821 2969/1151/2818 2963/1151/2816
f 2962/1152/2815 2970/1149/2822 2971/1152/2823
f 2972/1154/2824 2968/1150/2821 2962/1152/2815
f 2973/1150/2825 2974/1154/2826 2966/1152/2819
f 2975/1153/2827 2976/1150/2825 2968/1150/2821
f 2977/1154/2828 2966/1152/2819 2974/1154/2826
f 2978/1155/2829 2975/1153/2827 2972/1154/2824
f 2979/1153/2830 2980/1155/2831 2974/1154/2826
f 2981/1156/2832 2982/1153/2830 2975/1153/2827
f 2983/1155/2829 2974/1154/2826 2980/1155/2831
f 2978/1155/2829 2984/1158/2833 2981/1156/2832
f 2985/1156/2834 2986/1157/2835 2980/1155/2831
f 2981/1156/2832 2987/1158/2836 2988/1156/2837
f 2989/1157/2838 2980/1155/2831 2986/1157/2835
f 2990/1157/2839 2991/1160/2840 2984/1158/2833
f 2992/1158/2836 2993/1159/2841 2986/1157/2835
f 2984/1158/2833 2994/1160/2842 2987/1158/2836
f 2990/1157/2839 2995/1159/2843 2996/1159/2844
f 2996/1159/2844 2997/1162/2845 2991/1160/2840
f 2998/1162/2846 2993/1159/2841 2999/1160/2847
f 2991/1160/2840 3000/1162/2848 2994/1160/2842
f 2996/1159/2844 3001/1161/2849 3002/1161/2850
f 3002/1161/2850 3003/1163/2851 2997/1162/2845
f 3004/1163/2852 3005/1161/2853 2998/1162/2846
f 2997/1162/2845 3006/1163/2854 3000/1162/2848
f 3002/1161/2850 3007/1164/2855 3008/1164/2856
f 2963/1151/2816 2970/1149/2822 2964/1149/2817
f 3007/1164/2855 3003/1163/2851 3008/1164/2856
f 3009/1165/2857 3010/1166/2858 3011/1167/2859
f 3012/1168/2860 3013/1168/2861 3014/1168/2862
f 3011/1167/2859 3015/1170/2863 3016/1169/2864
f 3017/1168/2865 3018/1168/2861 3013/1168/2861
f 3015/1170/2863 3019/1171/2866 3016/1169/2864
f 3018/1168/2861 3020/1168/2867 3021/1168/2868
f 3022/1173/2869 3023/1174/2870 3010/1166/2858
f 3014/1168/2862 3024/1168/2861 3025/1168/2871
f 3010/1166/2858 3026/1175/2872 3015/1170/2863
f 3013/1168/2861 3027/1168/2861 3024/1168/2861
f 3015/1170/2863 3028/1180/2873 3029/1176/2874
f 3018/1168/2861 3030/1168/2875 3027/1168/2861
f 3031/1177/2876 3023/1174/2870 3032/1172/2877
f 3033/1168/2878 3024/1168/2861 3034/1168/2879
f 3023/1174/2870 3035/1187/2880 3026/1175/2872
f 3024/1168/2861 3036/1168/2881 3034/1168/2879
f 3026/1175/2872 3037/1179/2882 3028/1180/2873
f 3027/1168/2861 3038/1168/2883 3036/1168/2881
f 3011/1167/2859 3039/1181/2884 3009/1165/2857
f 3040/1168/2885 3017/1168/2865 3012/1168/2860
f 3016/1169/2864 3041/1183/2886 3011/1167/2859
f 3042/1168/2887 3043/1168/2888 3017/1168/2865
f 3019/1171/2866 3044/1182/2889 3016/1169/2864
f 3045/1168/2890 3043/1168/2888 3046/1168/2891
f 3019/1171/2866 3047/1185/2892 3048/1184/2893
f 3049/1168/2894 3020/1168/2867 3045/1168/2890
f 3029/1176/2874 3050/1186/2895 3047/1185/2892
f 3051/1168/2896 3021/1168/2868 3049/1168/2894
f 3028/1180/2873 3052/1188/2897 3050/1186/2895
f 3051/1168/2896 3038/1168/2883 3030/1168/2875
f 3035/1187/2880 3052/1188/2897 3037/1179/2882
f 3053/1168/2898 3036/1168/2881 3038/1168/2883
f 3054/1178/2899 3055/1190/2900 3035/1187/2880
f 3056/1168/2901 3034/1168/2879 3036/1168/2881
f 3054/1178/2899 3057/1191/2902 3058/1189/2903
f 3059/1168/2904 3034/1168/2879 3060/1168/2905
f 3031/1177/2876 3061/1192/2906 3057/1191/2902
f 3062/1168/2907 3033/1168/2878 3059/1168/2904
f 3032/1172/2877 3063/1193/2908 3061/1192/2906
f 3064/1168/2909 3025/1168/2871 3062/1168/2907
f 3009/1165/2857 3063/1193/2908 3022/1173/2869
f 3040/1168/2885 3014/1168/2862 3064/1168/2909
f 3065/1165/2910 3066/1166/2911 3067/1167/2912
f 3068/1168/2913 3069/1168/2914 3070/1168/2915
f 3066/1166/2911 3071/1169/2916 3067/1167/2912
f 3069/1168/2914 3072/1168/2917 3073/1168/2914
f 3074/1170/2918 3075/1171/2919 3071/1169/2916
f 3073/1168/2914 3076/1168/2920 3077/1168/2921
f 3078/1172/2922 3066/1166/2911 3079/1173/2923
f 3080/1168/2924 3069/1168/2914 3081/1168/2925
f 3082/1174/2926 3074/1170/2918 3066/1166/2911
f 3081/1168/2925 3073/1168/2914 3083/1168/2927
f 3084/1175/2928 3085/1176/2929 3074/1170/2918
f 3083/1168/2927 3077/1168/2921 3086/1168/2930
f 3087/1177/2931 3082/1174/2926 3078/1172/2922
f 3088/1168/2932 3081/1168/2925 3089/1168/2933
f 3090/1178/2934 3084/1175/2928 3082/1174/2926
f 3089/1168/2933 3083/1168/2927 3091/1168/2935
f 3084/1175/2928 3092/1179/2936 3093/1180/2937
f 3083/1168/2927 3094/1168/2938 3091/1168/2935
f 3067/1167/2912 3095/1181/2939 3065/1165/2910
f 3096/1168/2939 3097/1168/2940 3068/1168/2913
f 3067/1167/2912 3098/1182/2941 3099/1183/2942
f 3100/1168/2943 3097/1168/2940 3101/1168/2944
f 3071/1169/2916 3102/1184/2945 3098/1182/2941
f 3103/1168/2946 3072/1168/2917 3100/1168/2943
f 3075/1171/2919 3104/1185/2947 3102/1184/2945
f 3105/1168/2948 3076/1168/2920 3103/1168/2946
f 3093/1180/2937 3104/1185/2947 3085/1176/2929
f 3105/1168/2948 3086/1168/2930 3077/1168/2921
f 3092/1179/2936 3106/1186/2949 3093/1180/2937
f 3107/1168/2950 3094/1168/2938 3086/1168/2930
f 3108/1187/2951 3109/1188/2952 3092/1179/2936
f 3110/1168/2953 3091/1168/2935 3094/1168/2938
f 3108/1187/2951 3111/1189/2954 3112/1190/2955
f 3113/1168/2956 3091/1168/2935 3114/1168/2957
f 3090/1178/2934 3115/1191/2958 3111/1189/2954
f 3116/1168/2959 3089/1168/2933 3113/1168/2956
f 3087/1177/2931 3117/1192/2960 3115/1191/2958
f 3118/1168/2961 3088/1168/2932 3116/1168/2959
f 3079/1173/2923 3117/1192/2960 3078/1172/2922
f 3118/1168/2961 3070/1168/2915 3080/1168/2924
f 3065/1165/2910 3119/1193/2962 3079/1173/2923
f 3120/1168/2963 3068/1168/2913 3070/1168/2915
f 3121/1133/2964 3122/1134/2965 3123/1135/2966
f 3124/1133/2967 3125/1134/2968 3126/1136/2969
f 3121/1133/2964 3127/1136/2970 3128/1136/2971
f 3129/1134/2972 3123/1135/2966 3122/1134/2965
f 3128/1136/2971 3130/1138/2973 3122/1134/2965
f 3126/1136/2969 3131/1138/2974 3132/1137/2975
f 3126/1136/2969 3133/1137/2976 3134/1136/2971
f 3130/1138/2973 3129/1134/2972 3122/1134/2965
f 3135/1137/2977 3136/1140/2978 3130/1138/2973
f 3131/1138/2974 3137/1139/2979 3132/1137/2975
f 3135/1137/2977 3138/1139/2980 3139/1139/2981
f 3140/1140/2982 3130/1138/2973 3136/1140/2978
f 3139/1139/2981 3141/1142/2983 3136/1140/2978
f 3142/1140/2984 3143/1141/2985 3137/1139/2979
f 3137/1139/2979 3144/1141/2986 3145/1139/2981
f 3141/1142/2983 3140/1140/2982 3136/1140/2978
f 3141/1142/2983 3146/1144/2987 3147/1143/2988
f 3148/1142/2989 3149/1144/2990 3143/1141/2985
f 3150/1141/2991 3151/1144/2992 3146/1144/2987
f 3152/1143/2993 3141/1142/2983 3147/1143/2988
f 3147/1143/2988 3153/1145/2994 3154/1146/2995
f 3155/1143/2996 3156/1145/2997 3149/1144/2990
f 3146/1144/2987 3157/1145/2998 3153/1145/2994
f 3158/1146/2999 3147/1143/2988 3154/1146/2995
f 3154/1146/2995 3159/1148/3000 3160/1147/3001
f 3161/1146/3002 3162/1148/3003 3156/1145/2997
f 3153/1145/2994 3163/1148/3004 3159/1148/3000
f 3164/1147/3005 3154/1146/2995 3160/1147/3001
f 3121/1133/2964 3165/1135/3006 3166/1133/3007
f 3159/1148/3000 3164/1147/3005 3160/1147/3001
f 3167/1149/3008 3168/1150/3009 3169/1151/3010
f 3170/1150/3011 3171/1149/3012 3172/1151/3013
f 3168/1150/3009 3173/1151/3014 3169/1151/3010
f 3174/1152/3015 3171/1149/3012 3175/1152/3016
f 3176/1152/3015 3177/1153/3017 3168/1150/3009
f 3178/1153/3018 3175/1152/3016 3170/1150/3011
f 3177/1153/3017 3179/1150/3011 3168/1150/3009
f 3180/1154/3019 3175/1152/3016 3181/1154/3020
f 3182/1154/3019 3183/1156/3021 3177/1153/3017
f 3184/1156/3022 3181/1154/3020 3178/1153/3018
f 3183/1156/3021 3185/1153/3018 3177/1153/3017
f 3186/1155/3023 3181/1154/3020 3187/1155/3024
f 3188/1155/3025 3189/1158/3026 3183/1156/3021
f 3190/1158/3027 3187/1155/3024 3184/1156/3022
f 3183/1156/3021 3191/1158/3028 3192/1156/3029
f 3188/1155/3025 3193/1157/3030 3194/1157/3031
f 3195/1159/3032 3189/1158/3026 3194/1157/3031
f 3190/1158/3027 3196/1159/3033 3197/1157/3034
f 3189/1158/3026 3198/1160/3035 3191/1158/3028
f 3194/1157/3031 3199/1159/3036 3195/1159/3032
f 3200/1161/3037 3201/1160/3038 3195/1159/3032
f 3202/1160/3039 3203/1161/3040 3196/1159/3033
f 3201/1160/3038 3204/1162/3041 3198/1160/3035
f 3195/1159/3032 3205/1161/3042 3200/1161/3037
f 3206/1164/3043 3207/1162/3044 3200/1161/3037
f 3208/1162/3045 3209/1164/3046 3203/1161/3040
f 3207/1162/3044 3210/1163/3047 3204/1162/3041
f 3200/1161/3037 3211/1164/3046 3206/1164/3043
f 3173/1151/3014 3167/1149/3008 3169/1151/3010
f 3206/1164/3043 3210/1163/3047 3212/1163/3048
f 3213/1165/3049 3214/1166/3050 3215/1167/3051
f 3216/1168/3052 3217/1168/3053 3218/1168/3054
f 3215/1167/3051 3219/1170/3055 3220/1169/3056
f 3221/1168/3057 3222/1168/3058 3217/1168/3053
f 3219/1170/3055 3223/1171/3059 3220/1169/3056
f 3222/1168/3058 3224/1168/3060 3225/1168/3061
f 3226/1173/3062 3227/1174/3063 3214/1166/3050
f 3218/1168/3054 3228/1168/3064 3229/1168/3065
f 3214/1166/3050 3230/1175/3066 3219/1170/3055
f 3217/1168/3053 3231/1168/3067 3228/1168/3064
f 3219/1170/3055 3232/1180/3068 3233/1176/3069
f 3222/1168/3058 3234/1168/3070 3231/1168/3067
f 3235/1177/3071 3227/1174/3063 3236/1172/3072
f 3237/1168/3073 3228/1168/3064 3238/1168/3074
f 3227/1174/3063 3239/1187/3075 3230/1175/3066
f 3228/1168/3064 3240/1168/3076 3238/1168/3074
f 3230/1175/3066 3241/1179/3077 3232/1180/3068
f 3231/1168/3067 3242/1168/3078 3240/1168/3076
f 3215/1167/3051 3243/1181/3079 3213/1165/3049
f 3244/1168/3080 3221/1168/3057 3216/1168/3052
f 3220/1169/3056 3245/1183/3081 3215/1167/3051
f 3246/1168/3082 3247/1168/3083 3221/1168/3057
f 3220/1169/3056 3248/1184/3084 3249/1182/3085
f 3250/1168/3086 3247/1168/3083 3251/1168/3087
f 3223/1171/3059 3252/1185/3088 3248/1184/3084
f 3253/1168/3089 3224/1168/3060 3250/1168/3086
f 3233/1176/3069 3254/1186/3090 3252/1185/3088
f 3255/1168/3091 3225/1168/3061 3253/1168/3089
f 3241/1179/3077 3254/1186/3090 3232/1180/3068
f 3255/1168/3091 3242/1168/3078 3234/1168/3070
f 3239/1187/3075 3256/1188/3092 3241/1179/3077
f 3257/1168/3093 3240/1168/3076 3242/1168/3078
f 3258/1178/3094 3259/1190/3095 3239/1187/3075
f 3260/1168/3096 3238/1168/3074 3240/1168/3076
f 3258/1178/3094 3261/1191/3097 3262/1189/3098
f 3263/1168/3099 3238/1168/3074 3264/1168/3100
f 3235/1177/3071 3265/1192/3101 3261/1191/3097
f 3266/1168/3102 3237/1168/3073 3263/1168/3099
f 3236/1172/3072 3267/1193/3103 3265/1192/3101
f 3268/1168/3103 3229/1168/3065 3266/1168/3102
f 3213/1165/3049 3267/1193/3103 3226/1173/3062
f 3268/1168/3103 3216/1168/3052 3218/1168/3054
f 3269/1165/3104 3270/1166/3105 3271/1167/3106
f 3272/1168/3107 3273/1168/3108 3274/1168/3109
f 3270/1166/3105 3275/1169/3110 3271/1167/3106
f 3273/1168/3108 3276/1168/3111 3277/1168/3112
f 3278/1170/3113 3279/1171/3114 3275/1169/3110
f 3277/1168/3112 3280/1168/3115 3281/1168/3116
f 3282/1172/3117 3270/1166/3105 3283/1173/3118
f 3284/1168/3119 3273/1168/3108 3285/1168/3108
f 3286/1174/3120 3278/1170/3113 3270/1166/3105
f 3285/1168/3108 3277/1168/3112 3287/1168/3108
f 3288/1175/3121 3289/1176/3122 3278/1170/3113
f 3287/1168/3108 3281/1168/3116 3290/1168/3123
f 3291/1177/3124 3286/1174/3120 3282/1172/3117
f 3292/1168/3125 3285/1168/3108 3293/1168/3126
f 3294/1178/3127 3288/1175/3121 3286/1174/3120
f 3293/1168/3126 3287/1168/3108 3295/1168/3128
f 3288/1175/3121 3296/1179/3129 3297/1180/3130
f 3287/1168/3108 3298/1168/3131 3295/1168/3128
f 3271/1167/3106 3299/1181/3132 3269/1165/3104
f 3300/1168/3133 3301/1168/3134 3272/1168/3107
f 3271/1167/3106 3302/1182/3135 3303/1183/3136
f 3304/1168/3137 3276/1168/3111 3301/1168/3134
f 3275/1169/3110 3305/1184/3138 3302/1182/3135
f 3306/1168/3139 3276/1168/3111 3307/1168/3140
f 3279/1171/3114 3308/1185/3141 3305/1184/3138
f 3309/1168/3142 3280/1168/3115 3306/1168/3139
f 3297/1180/3130 3308/1185/3141 3289/1176/3122
f 3309/1168/3142 3290/1168/3123 3281/1168/3116
f 3296/1179/3129 3310/1186/3143 3297/1180/3130
f 3311/1168/3144 3298/1168/3131 3290/1168/3123
f 3312/1187/3145 3313/1188/3146 3296/1179/3129
f 3314/1168/3147 3295/1168/3128 3298/1168/3131
f 3312/1187/3145 3315/1189/3148 3316/1190/3149
f 3317/1168/3148 3295/1168/3128 3318/1168/3150
f 3294/1178/3127 3319/1191/3151 3315/1189/3148
f 3320/1168/3152 3293/1168/3126 3317/1168/3148
f 3291/1177/3124 3321/1192/3153 3319/1191/3151
f 3322/1168/3154 3292/1168/3125 3320/1168/3152
f 3283/1173/3118 3321/1192/3153 3282/1172/3117
f 3322/1168/3154 3274/1168/3109 3284/1168/3119
f 3269/1165/3104 3323/1193/3155 3283/1173/3118
f 3324/1168/3155 3272/1168/3107 3274/1168/3109
f 3325/1135/3156 3326/1136/3157 3327/1134/3158
f 3328/1135/3159 3329/1136/3160 3330/1133/3161
f 3331/1133/3162 3326/1136/3157 3332/1133/3163
f 3327/1134/3158 3333/1135/3159 3325/1135/3156
f 3326/1136/3157 3334/1138/3164 3327/1134/3158
f 3335/1134/3165 3336/1137/3166 3329/1136/3160
f 3337/1136/3167 3338/1137/3168 3326/1136/3157
f 3334/1138/3164 3339/1134/3169 3327/1134/3158
f 3334/1138/3164 3340/1139/3170 3341/1140/3171
f 3342/1138/3172 3343/1139/3173 3336/1137/3166
f 3336/1137/3166 3344/1139/3174 3345/1137/3175
f 3341/1140/3171 3346/1138/3176 3334/1138/3164
f 3341/1140/3171 3347/1141/3177 3348/1142/3178
f 3349/1140/3179 3350/1141/3180 3343/1139/3173
f 3340/1139/3170 3351/1141/3181 3347/1141/3177
f 3352/1142/3182 3341/1140/3171 3348/1142/3178
f 3348/1142/3178 3353/1144/3183 3354/1143/3184
f 3355/1142/3185 3356/1144/3186 3350/1141/3180
f 3351/1141/3181 3353/1144/3183 3347/1141/3177
f 3354/1143/3184 3352/1142/3182 3348/1142/3178
f 3354/1143/3184 3357/1145/3187 3358/1146/3188
f 3356/1144/3186 3359/1146/3189 3360/1145/3190
f 3353/1144/3183 3361/1145/3191 3357/1145/3187
f 3362/1146/3189 3354/1143/3184 3358/1146/3188
f 3358/1146/3188 3363/1148/3192 3364/1147/3193
f 3360/1145/3190 3365/1147/3194 3366/1148/3195
f 3361/1145/3191 3363/1148/3192 3357/1145/3187
f 3364/1147/3193 3362/1146/3189 3358/1146/3188
f 3325/1135/3156 3331/1133/3162 3332/1133/3163
f 3363/1148/3192 3367/1147/3196 3364/1147/3193
f 3368/1152/3197 3369/1151/3198 3370/1149/3199
f 3371/1151/3200 3372/1152/3201 3373/1149/3202
f 3374/1150/3203 3375/1151/3204 3369/1151/3198
f 3368/1152/3197 3376/1149/3205 3377/1152/3206
f 3378/1154/3207 3374/1150/3203 3368/1152/3197
f 3379/1150/3208 3380/1154/3209 3372/1152/3201
f 3381/1153/3210 3382/1150/3208 3374/1150/3203
f 3383/1154/3207 3372/1152/3201 3380/1154/3209
f 3384/1155/3211 3381/1153/3210 3378/1154/3207
f 3385/1153/3212 3386/1155/3213 3380/1154/3209
f 3387/1156/3214 3388/1153/3215 3381/1153/3210
f 3389/1155/3211 3380/1154/3209 3386/1155/3213
f 3390/1157/3216 3387/1156/3214 3384/1155/3211
f 3391/1156/3217 3392/1157/3218 3386/1155/3213
f 3387/1156/3214 3393/1158/3219 3394/1156/3220
f 3384/1155/3211 3395/1157/3221 3390/1157/3216
f 3390/1157/3216 3396/1160/3222 3397/1158/3223
f 3398/1158/3224 3399/1159/3225 3392/1157/3218
f 3397/1158/3223 3400/1160/3226 3393/1158/3219
f 3390/1157/3216 3401/1159/3225 3402/1159/3227
f 3402/1159/3227 3403/1162/3228 3396/1160/3222
f 3404/1160/3229 3405/1161/3230 3399/1159/3225
f 3396/1160/3222 3406/1162/3231 3400/1160/3226
f 3402/1159/3227 3407/1161/3230 3408/1161/3232
f 3408/1161/3232 3409/1163/3233 3403/1162/3228
f 3410/1163/3234 3405/1161/3230 3411/1162/3235
f 3403/1162/3228 3412/1163/3236 3406/1162/3231
f 3408/1161/3232 3413/1164/3237 3414/1164/3238
f 3369/1151/3198 3376/1149/3205 3370/1149/3199
f 3413/1164/3237 3409/1163/3233 3414/1164/3238
f 3415/1165/3239 3416/1166/3240 3417/1167/3241
f 3418/1168/3242 3419/1168/3243 3420/1168/3244
f 3417/1167/3241 3421/1170/3245 3422/1169/3246
f 3423/1168/3247 3424/1168/3248 3419/1168/3243
f 3421/1170/3245 3425/1171/3249 3422/1169/3246
f 3424/1168/3248 3426/1168/3250 3427/1168/3251
f 3428/1173/3252 3429/1174/3253 3416/1166/3240
f 3420/1168/3244 3430/1168/3248 3431/1168/3254
f 3416/1166/3240 3432/1175/3255 3421/1170/3245
f 3419/1168/3243 3433/1168/3248 3430/1168/3248
f 3421/1170/3245 3434/1180/3256 3435/1176/3257
f 3424/1168/3248 3436/1168/3258 3433/1168/3248
f 3437/1177/3259 3429/1174/3253 3438/1172/3260
f 3439/1168/3261 3430/1168/3248 3440/1168/3262
f 3429/1174/3253 3441/1187/3263 3432/1175/3255
f 3430/1168/3248 3442/1168/3264 3440/1168/3262
f 3432/1175/3255 3443/1179/3265 3434/1180/3256
f 3433/1168/3248 3444/1168/3266 3442/1168/3264
f 3417/1167/3241 3445/1181/3267 3415/1165/3239
f 3446/1168/3268 3423/1168/3247 3418/1168/3242
f 3422/1169/3246 3447/1183/3269 3417/1167/3241
f 3448/1168/3270 3449/1168/3271 3423/1168/3247
f 3422/1169/3246 3450/1184/3272 3451/1182/3273
f 3452/1168/3272 3449/1168/3271 3453/1168/3274
f 3425/1171/3249 3454/1185/3275 3450/1184/3272
f 3455/1168/3276 3426/1168/3250 3452/1168/3272
f 3434/1180/3256 3454/1185/3275 3435/1176/3257
f 3456/1168/3277 3427/1168/3251 3455/1168/3276
f 3443/1179/3265 3457/1186/3278 3434/1180/3256
f 3456/1168/3277 3444/1168/3266 3436/1168/3258
f 3441/1187/3263 3458/1188/3279 3443/1179/3265
f 3459/1168/3280 3442/1168/3264 3444/1168/3266
f 3441/1187/3263 3460/1189/3281 3461/1190/3282
f 3462/1168/3283 3442/1168/3264 3463/1168/3284
f 3437/1177/3259 3460/1189/3281 3464/1178/3285
f 3462/1168/3283 3439/1168/3261 3440/1168/3262
f 3437/1177/3259 3465/1192/3286 3466/1191/3287
f 3467/1168/3288 3439/1168/3261 3468/1168/3289
f 3438/1172/3260 3469/1193/3290 3465/1192/3286
f 3470/1168/3291 3431/1168/3254 3467/1168/3288
f 3428/1173/3252 3445/1181/3267 3469/1193/3290
f 3446/1168/3268 3420/1168/3244 3470/1168/3291
f 3471/1165/3292 3472/1166/3293 3473/1167/3294
f 3474/1168/3295 3475/1168/3296 3476/1168/3297
f 3472/1166/3293 3477/1169/3298 3473/1167/3294
f 3475/1168/3296 3478/1168/3299 3479/1168/3300
f 3480/1170/3301 3481/1171/3302 3477/1169/3298
f 3479/1168/3300 3482/1168/3303 3483/1168/3304
f 3484/1172/3305 3472/1166/3293 3485/1173/3306
f 3486/1168/3307 3475/1168/3296 3487/1168/3308
f 3488/1174/3309 3480/1170/3301 3472/1166/3293
f 3487/1168/3308 3479/1168/3300 3489/1168/3308
f 3490/1175/3310 3491/1176/3311 3480/1170/3301
f 3489/1168/3308 3483/1168/3304 3492/1168/3312
f 3493/1177/3313 3488/1174/3309 3484/1172/3305
f 3494/1168/3314 3487/1168/3308 3495/1168/3315
f 3496/1178/3316 3490/1175/3310 3488/1174/3309
f 3495/1168/3315 3489/1168/3308 3497/1168/3317
f 3490/1175/3310 3498/1179/3318 3499/1180/3319
f 3489/1168/3308 3500/1168/3320 3497/1168/3317
f 3473/1167/3294 3501/1181/3321 3471/1165/3292
f 3502/1168/3321 3503/1168/3322 3474/1168/3295
f 3473/1167/3294 3504/1182/3323 3505/1183/3324
f 3506/1168/3325 3503/1168/3322 3507/1168/3326
f 3477/1169/3298 3508/1184/3327 3504/1182/3323
f 3509/1168/3327 3478/1168/3299 3506/1168/3325
f 3481/1171/3302 3510/1185/3328 3508/1184/3327
f 3511/1168/3329 3482/1168/3303 3509/1168/3327
f 3499/1180/3319 3510/1185/3328 3491/1176/3311
f 3511/1168/3329 3492/1168/3312 3483/1168/3304
f 3498/1179/3318 3512/1186/3330 3499/1180/3319
f 3513/1168/3331 3500/1168/3320 3492/1168/3312
f 3514/1187/3332 3515/1188/3333 3498/1179/3318
f 3516/1168/3334 3497/1168/3317 3500/1168/3320
f 3514/1187/3332 3517/1189/3335 3518/1190/3336
f 3519/1168/3337 3497/1168/3317 3520/1168/3338
f 3496/1178/3316 3521/1191/3339 3517/1189/3335
f 3522/1168/3340 3495/1168/3315 3519/1168/3337
f 3493/1177/3313 3523/1192/3341 3521/1191/3339
f 3524/1168/3342 3494/1168/3314 3522/1168/3340
f 3485/1173/3306 3523/1192/3341 3484/1172/3305
f 3524/1168/3342 3476/1168/3297 3486/1168/3307
f 3471/1165/3292 3525/1193/3343 3485/1173/3306
f 3526/1168/3344 3474/1168/3295 3476/1168/3297
f 3527/1133/3345 3528/1134/3346 3529/1135/3347
f 3530/1135/3348 3531/1136/3349 3532/1133/3350
f 3527/1133/3345 3533/1136/3349 3534/1136/3351
f 3535/1134/3352 3529/1135/3347 3528/1134/3346
f 3534/1136/3351 3536/1138/3353 3528/1134/3346
f 3537/1134/3354 3538/1137/3355 3531/1136/3349
f 3531/1136/3349 3539/1137/3356 3540/1136/3357
f 3536/1138/3353 3535/1134/3352 3528/1134/3346
f 3541/1137/3358 3542/1140/3359 3536/1138/3353
f 3543/1138/3360 3544/1139/3361 3538/1137/3355
f 3541/1137/3358 3545/1139/3361 3546/1139/3362
f 3547/1140/3363 3536/1138/3353 3542/1140/3359
f 3546/1139/3362 3548/1142/3364 3542/1140/3359
f 3549/1140/3363 3550/1141/3365 3544/1139/3361
f 3544/1139/3361 3551/1141/3366 3552/1139/3367
f 3548/1142/3364 3547/1140/3363 3542/1140/3359
f 3548/1142/3364 3553/1144/3368 3554/1143/3369
f 3555/1142/3370 3556/1144/3371 3550/1141/3365
f 3557/1141/3372 3558/1144/3371 3553/1144/3368
f 3559/1143/3373 3548/1142/3364 3554/1143/3369
f 3554/1143/3369 3560/1145/3374 3561/1146/3375
f 3562/1143/3376 3563/1145/3377 3556/1144/3371
f 3553/1144/3368 3564/1145/3378 3560/1145/3374
f 3565/1146/3379 3554/1143/3369 3561/1146/3375
f 3561/1146/3375 3566/1148/3380 3567/1147/3381
f 3568/1146/3379 3569/1148/3382 3563/1145/3377
f 3560/1145/3374 3570/1148/3383 3566/1148/3380
f 3571/1147/3384 3561/1146/3375 3567/1147/3381
f 3527/1133/3345 3572/1135/3385 3573/1133/3386
f 3566/1148/3380 3571/1147/3384 3567/1147/3381
f 3574/1149/3387 3575/1150/3388 3576/1151/3389
f 3577/1150/3390 3578/1149/3391 3579/1151/3392
f 3575/1150/3388 3580/1151/3393 3576/1151/3389
f 3581/1152/3394 3578/1149/3391 3582/1152/3395
f 3583/1152/3394 3584/1153/3396 3575/1150/3388
f 3585/1153/3397 3582/1152/3395 3577/1150/3390
f 3584/1153/3396 3586/1150/3398 3575/1150/3388
f 3587/1154/3399 3582/1152/3395 3588/1154/3400
f 3589/1154/3401 3590/1156/3402 3584/1153/3396
f 3591/1156/3403 3588/1154/3400 3585/1153/3397
f 3590/1156/3402 3592/1153/3397 3584/1153/3396
f 3593/1155/3404 3588/1154/3400 3594/1155/3405
f 3595/1155/3406 3596/1158/3407 3590/1156/3402
f 3597/1158/3408 3594/1155/3405 3591/1156/3403
f 3590/1156/3402 3598/1158/3409 3599/1156/3410
f 3595/1155/3406 3600/1157/3411 3601/1157/3412
f 3602/1159/3413 3596/1158/3407 3601/1157/3412
f 3597/1158/3408 3603/1159/3414 3604/1157/3415
f 3596/1158/3407 3605/1160/3416 3598/1158/3409
f 3601/1157/3412 3606/1159/3414 3602/1159/3413
f 3607/1161/3417 3608/1160/3418 3602/1159/3413
f 3609/1160/3419 3610/1161/3420 3603/1159/3414
f 3608/1160/3418 3611/1162/3421 3605/1160/3416
f 3602/1159/3413 3612/1161/3422 3607/1161/3417
f 3613/1164/3423 3614/1162/3424 3607/1161/3417
f 3615/1162/3425 3616/1164/3426 3610/1161/3420
f 3614/1162/3424 3617/1163/3427 3611/1162/3421
f 3607/1161/3417 3618/1164/3428 3613/1164/3423
f 3580/1151/3393 3574/1149/3387 3576/1151/3389
f 3613/1164/3423 3617/1163/3427 3619/1163/3429
f 3620/1165/3430 3621/1166/3431 3622/1167/3432
f 3623/1168/3433 3624/1168/3434 3625/1168/3435
f 3622/1167/3432 3626/1170/3436 3627/1169/3437
f 3628/1168/3438 3629/1168/3434 3624/1168/3434
f 3626/1170/3436 3630/1171/3439 3627/1169/3437
f 3629/1168/3434 3631/1168/3440 3632/1168/3441
f 3633/1173/3442 3634/1174/3443 3621/1166/3431
f 3625/1168/3435 3635/1168/3434 3636/1168/3444
f 3621/1166/3431 3637/1175/3445 3626/1170/3436
f 3624/1168/3434 3638/1168/3434 3635/1168/3434
f 3626/1170/3436 3639/1180/3446 3640/1176/3447
f 3629/1168/3434 3641/1168/3448 3638/1168/3434
f 3642/1177/3449 3634/1174/3443 3643/1172/3450
f 3644/1168/3451 3635/1168/3434 3645/1168/3452
f 3634/1174/3443 3646/1187/3453 3637/1175/3445
f 3635/1168/3434 3647/1168/3454 3645/1168/3452
f 3637/1175/3445 3648/1179/3455 3639/1180/3446
f 3638/1168/3434 3649/1168/3456 3647/1168/3454
f 3622/1167/3432 3650/1181/3457 3620/1165/3430
f 3651/1168/3458 3628/1168/3438 3623/1168/3433
f 3627/1169/3437 3652/1183/3459 3622/1167/3432
f 3653/1168/3460 3654/1168/3461 3628/1168/3438
f 3627/1169/3437 3655/1184/3462 3656/1182/3463
f 3657/1168/3464 3654/1168/3461 3658/1168/3465
f 3630/1171/3439 3659/1185/3466 3655/1184/3462
f 3660/1168/3467 3631/1168/3440 3657/1168/3464
f 3640/1176/3447 3661/1186/3468 3659/1185/3466
f 3662/1168/3469 3632/1168/3441 3660/1168/3467
f 3648/1179/3455 3661/1186/3468 3639/1180/3446
f 3662/1168/3469 3649/1168/3456 3641/1168/3448
f 3646/1187/3453 3663/1188/3470 3648/1179/3455
f 3664/1168/3470 3647/1168/3454 3649/1168/3456
f 3665/1178/3471 3666/1190/3472 3646/1187/3453
f 3667/1168/3473 3645/1168/3452 3647/1168/3454
f 3665/1178/3471 3668/1191/3474 3669/1189/3475
f 3670/1168/3476 3645/1168/3452 3671/1168/3477
f 3642/1177/3449 3672/1192/3478 3668/1191/3474
f 3673/1168/3479 3644/1168/3451 3670/1168/3476
f 3643/1172/3450 3674/1193/3480 3672/1192/3478
f 3675/1168/3481 3636/1168/3444 3673/1168/3479
f 3620/1165/3430 3674/1193/3480 3633/1173/3442
f 3675/1168/3481 3623/1168/3433 3625/1168/3435
f 3676/1165/3482 3677/1166/3483 3678/1167/3484
f 3679/1168/3485 3680/1168/3486 3681/1168/3487
f 3677/1166/3483 3682/1169/3488 3678/1167/3484
f 3683/1168/3489 3684/1168/3486 3680/1168/3486
f 3685/1170/3490 3686/1171/3491 3682/1169/3488
f 3684/1168/3486 3687/1168/3492 3688/1168/3493
f 3689/1173/3494 3690/1174/3495 3677/1166/3483
f 3681/1168/3487 3691/1168/3496 3692/1168/3497
f 3677/1166/3483 3693/1175/3498 3685/1170/3490
f 3680/1168/3486 3694/1168/3486 3691/1168/3496
f 3685/1170/3490 3695/1180/3499 3696/1176/3500
f 3684/1168/3486 3697/1168/3501 3694/1168/3486
f 3698/1177/3502 3690/1174/3495 3699/1172/3503
f 3700/1168/3504 3691/1168/3496 3701/1168/3505
f 3690/1174/3495 3702/1187/3506 3693/1175/3498
f 3691/1168/3496 3703/1168/3507 3701/1168/3505
f 3693/1175/3498 3704/1179/3508 3695/1180/3499
f 3694/1168/3486 3705/1168/3509 3703/1168/3507
f 3678/1167/3484 3706/1181/3510 3676/1165/3482
f 3707/1168/3511 3683/1168/3489 3679/1168/3485
f 3682/1169/3488 3708/1183/3512 3678/1167/3484
f 3709/1168/3513 3710/1168/3514 3683/1168/3489
f 3686/1171/3491 3711/1182/3515 3682/1169/3488
f 3712/1168/3516 3710/1168/3514 3713/1168/3517
f 3686/1171/3491 3714/1185/3518 3715/1184/3519
f 3716/1168/3520 3687/1168/3492 3712/1168/3516
f 3696/1176/3500 3717/1186/3521 3714/1185/3518
f 3718/1168/3521 3688/1168/3493 3716/1168/3520
f 3704/1179/3508 3717/1186/3521 3695/1180/3499
f 3718/1168/3521 3705/1168/3509 3697/1168/3501
f 3702/1187/3506 3719/1188/3522 3704/1179/3508
f 3720/1168/3523 3703/1168/3507 3705/1168/3509
f 3721/1178/3524 3722/1190/3525 3702/1187/3506
f 3723/1168/3526 3701/1168/3505 3703/1168/3507
f 3721/1178/3524 3724/1191/3527 3725/1189/3528
f 3726/1168/3529 3701/1168/3505 3727/1168/3530
f 3698/1177/3502 3728/1192/3531 3724/1191/3527
f 3729/1168/3532 3700/1168/3504 3726/1168/3529
f 3699/1172/3503 3730/1193/3533 3728/1192/3531
f 3731/1168/3534 3692/1168/3497 3729/1168/3532
f 3676/1165/3482 3730/1193/3533 3689/1173/3494
f 3731/1168/3534 3679/1168/3485 3681/1168/3487
f 3732/1135/3535 3733/1136/3536 3734/1134/3537
f 3735/1135/3538 3736/1136/3539 3737/1133/3540
f 3738/1133/3540 3733/1136/3536 3739/1133/3541
f 3734/1134/3537 3740/1135/3538 3732/1135/3535
f 3734/1134/3537 3741/1137/3542 3742/1138/3543
f 3743/1134/3544 3744/1137/3545 3736/1136/3539
f 3745/1136/3546 3741/1137/3542 3733/1136/3536
f 3742/1138/3543 3746/1134/3547 3734/1134/3537
f 3742/1138/3543 3747/1139/3548 3748/1140/3549
f 3749/1138/3550 3750/1139/3551 3744/1137/3545
f 3751/1137/3545 3747/1139/3548 3741/1137/3542
f 3748/1140/3549 3752/1138/3552 3742/1138/3543
f 3748/1140/3549 3753/1141/3553 3754/1142/3554
f 3755/1140/3555 3756/1141/3556 3750/1139/3551
f 3747/1139/3548 3757/1141/3557 3753/1141/3553
f 3758/1142/3558 3748/1140/3549 3754/1142/3554
f 3754/1142/3554 3759/1144/3559 3760/1143/3560
f 3761/1142/3561 3762/1144/3562 3756/1141/3556
f 3757/1141/3557 3759/1144/3559 3753/1141/3553
f 3760/1143/3560 3758/1142/3558 3754/1142/3554
f 3760/1143/3560 3763/1145/3563 3764/1146/3564
f 3762/1144/3562 3765/1146/3565 3766/1145/3566
f 3759/1144/3559 3767/1145/3567 3763/1145/3563
f 3768/1146/3568 3760/1143/3560 3764/1146/3564
f 3764/1146/3564 3769/1148/3569 3770/1147/3570
f 3766/1145/3566 3771/1147/3571 3772/1148/3572
f 3767/1145/3567 3769/1148/3569 3763/1145/3563
f 3770/1147/3570 3768/1146/3568 3764/1146/3564
f 3732/1135/3535 3738/1133/3540 3739/1133/3541
f 3769/1148/3569 3773/1147/3573 3770/1147/3570
f 3774/1152/3574 3775/1151/3575 3776/1149/3576
f 3777/1151/3577 3778/1152/3578 3779/1149/3579
f 3780/1150/3580 3781/1151/3581 3775/1151/3575
f 3774/1152/3574 3782/1149/3582 3783/1152/3583
f 3784/1154/3584 3780/1150/3580 3774/1152/3574
f 3785/1150/3585 3786/1154/3586 3778/1152/3578
f 3787/1153/3587 3788/1150/3588 3780/1150/3580
f 3789/1154/3584 3778/1152/3578 3786/1154/3586
f 3790/1155/3589 3787/1153/3587 3784/1154/3584
f 3791/1153/3590 3792/1155/3591 3786/1154/3586
f 3793/1156/3592 3794/1153/3590 3787/1153/3587
f 3795/1155/3593 3786/1154/3586 3792/1155/3591
f 3796/1157/3594 3793/1156/3592 3790/1155/3589
f 3797/1156/3595 3798/1157/3596 3792/1155/3591
f 3793/1156/3592 3799/1158/3597 3800/1156/3598
f 3790/1155/3589 3801/1157/3599 3796/1157/3594
f 3802/1159/3600 3803/1158/3601 3796/1157/3594
f 3804/1158/3602 3805/1159/3603 3798/1157/3596
f 3803/1158/3601 3806/1160/3604 3799/1158/3597
f 3796/1157/3594 3807/1159/3605 3802/1159/3600
f 3802/1159/3600 3808/1162/3606 3809/1160/3607
f 3810/1160/3608 3811/1161/3609 3805/1159/3603
f 3809/1160/3607 3812/1162/3610 3806/1160/3604
f 3802/1159/3600 3813/1161/3609 3814/1161/3611
f 3814/1161/3611 3815/1163/3612 3808/1162/3606
f 3816/1163/3613 3811/1161/3609 3817/1162/3614
f 3808/1162/3606 3818/1163/3615 3812/1162/3610
f 3814/1161/3611 3819/1164/3616 3820/1164/3617
f 3775/1151/3575 3782/1149/3582 3776/1149/3576
f 3819/1164/3616 3815/1163/3612 3820/1164/3617
f 3821/1165/3618 3822/1166/3619 3823/1167/3620
f 3824/1168/3621 3825/1168/3622 3826/1168/3623
f 3823/1167/3620 3827/1170/3624 3828/1169/3625
f 3829/1168/3626 3830/1168/3622 3825/1168/3622
f 3827/1170/3624 3831/1171/3627 3828/1169/3625
f 3830/1168/3622 3832/1168/3628 3833/1168/3629
f 3834/1173/3630 3835/1174/3631 3822/1166/3619
f 3826/1168/3623 3836/1168/3632 3837/1168/3633
f 3822/1166/3619 3838/1175/3634 3827/1170/3624
f 3825/1168/3622 3839/1168/3622 3836/1168/3632
f 3827/1170/3624 3840/1180/3635 3841/1176/3636
f 3830/1168/3622 3842/1168/3637 3839/1168/3622
f 3843/1177/3638 3835/1174/3631 3844/1172/3639
f 3845/1168/3640 3836/1168/3632 3846/1168/3641
f 3835/1174/3631 3847/1187/3642 3838/1175/3634
f 3836/1168/3632 3848/1168/3643 3846/1168/3641
f 3838/1175/3634 3849/1179/3644 3840/1180/3635
f 3839/1168/3622 3850/1168/3645 3848/1168/3643
f 3823/1167/3620 3851/1181/3646 3821/1165/3618
f 3852/1168/3647 3829/1168/3626 3824/1168/3621
f 3828/1169/3625 3853/1183/3648 3823/1167/3620
f 3854/1168/3649 3855/1168/3650 3829/1168/3626
f 3831/1171/3627 3856/1182/3651 3828/1169/3625
f 3857/1168/3652 3855/1168/3650 3858/1168/3653
f 3831/1171/3627 3859/1185/3654 3860/1184/3655
f 3861/1168/3656 3832/1168/3628 3857/1168/3652
f 3841/1176/3636 3862/1186/3657 3859/1185/3654
f 3863/1168/3658 3833/1168/3629 3861/1168/3656
f 3849/1179/3644 3862/1186/3657 3840/1180/3635
f 3863/1168/3658 3850/1168/3645 3842/1168/3637
f 3847/1187/3642 3864/1188/3659 3849/1179/3644
f 3865/1168/3660 3848/1168/3643 3850/1168/3645
f 3866/1178/3661 3867/1190/3662 3847/1187/3642
f 3868/1168/3662 3846/1168/3641 3848/1168/3643
f 3866/1178/3661 3869/1191/3663 3870/1189/3664
f 3871/1168/3665 3846/1168/3641 3872/1168/3666
f 3843/1177/3638 3873/1192/3667 3869/1191/3663
f 3874/1168/3668 3845/1168/3640 3871/1168/3665
f 3844/1172/3639 3875/1193/3669 3873/1192/3667
f 3876/1168/3670 3837/1168/3633 3874/1168/3668
f 3821/1165/3618 3875/1193/3669 3834/1173/3630
f 3876/1168/3670 3824/1168/3621 3826/1168/3623
f 3877/1165/3671 3878/1166/3672 3879/1167/3673
f 3880/1168/3674 3881/1168/3675 3882/1168/3676
f 3878/1166/3672 3883/1169/3677 3879/1167/3673
f 3881/1168/3675 3884/1168/3678 3885/1168/3675
f 3886/1170/3679 3887/1171/3680 3883/1169/3677
f 3885/1168/3675 3888/1168/3681 3889/1168/3682
f 3890/1172/3683 3878/1166/3672 3891/1173/3684
f 3892/1168/3685 3881/1168/3675 3893/1168/3675
f 3894/1174/3686 3886/1170/3679 3878/1166/3672
f 3893/1168/3675 3885/1168/3675 3895/1168/3675
f 3896/1175/3687 3897/1176/3688 3886/1170/3679
f 3895/1168/3675 3889/1168/3682 3898/1168/3689
f 3899/1177/3690 3894/1174/3686 3890/1172/3683
f 3900/1168/3691 3893/1168/3675 3901/1168/3692
f 3902/1178/3693 3896/1175/3687 3894/1174/3686
f 3901/1168/3692 3895/1168/3675 3903/1168/3694
f 3896/1175/3687 3904/1179/3695 3905/1180/3696
f 3895/1168/3675 3906/1168/3697 3903/1168/3694
f 3879/1167/3673 3907/1181/3698 3877/1165/3671
f 3908/1168/3698 3909/1168/3699 3880/1168/3674
f 3879/1167/3673 3910/1182/3700 3911/1183/3701
f 3912/1168/3702 3909/1168/3699 3913/1168/3703
f 3883/1169/3677 3914/1184/3704 3910/1182/3700
f 3915/1168/3705 3884/1168/3678 3912/1168/3702
f 3887/1171/3680 3916/1185/3706 3914/1184/3704
f 3917/1168/3707 3888/1168/3681 3915/1168/3705
f 3905/1180/3696 3916/1185/3706 3897/1176/3688
f 3917/1168/3707 3898/1168/3689 3889/1168/3682
f 3904/1179/3695 3918/1186/3708 3905/1180/3696
f 3919/1168/3709 3906/1168/3697 3898/1168/3689
f 3920/1187/3710 3921/1188/3711 3904/1179/3695
f 3922/1168/3712 3903/1168/3694 3906/1168/3697
f 3920/1187/3710 3923/1189/3713 3924/1190/3714
f 3925/1168/3715 3903/1168/3694 3926/1168/3716
f 3902/1178/3693 3927/1191/3717 3923/1189/3713
f 3928/1168/3718 3901/1168/3692 3925/1168/3715
f 3899/1177/3690 3929/1192/3719 3927/1191/3717
f 3930/1168/3720 3900/1168/3691 3928/1168/3718
f 3891/1173/3684 3929/1192/3719 3890/1172/3683
f 3930/1168/3720 3882/1168/3676 3892/1168/3685
f 3877/1165/3671 3931/1193/3721 3891/1173/3684
f 3932/1168/3722 3880/1168/3674 3882/1168/3676
f 3933/1165/3723 3934/1166/3724 3935/1167/3725
f 3936/1168/3726 3937/1168/3727 3938/1168/3728
f 3935/1167/3725 3939/1170/3729 3940/1169/3730
f 3941/1168/3731 3942/1168/3732 3937/1168/3727
f 3939/1170/3729 3943/1171/3733 3940/1169/3730
f 3942/1168/3732 3944/1168/3734 3945/1168/3735
f 3946/1173/3736 3947/1174/3737 3934/1166/3724
f 3938/1168/3728 3948/1168/3727 3949/1168/3738
f 3934/1166/3724 3950/1175/3739 3939/1170/3729
f 3937/1168/3727 3951/1168/3727 3948/1168/3727
f 3939/1170/3729 3952/1180/3740 3953/1176/3741
f 3942/1168/3732 3954/1168/3742 3951/1168/3727
f 3955/1177/3743 3947/1174/3737 3956/1172/3744
f 3957/1168/3745 3948/1168/3727 3958/1168/3746
f 3947/1174/3737 3959/1187/3747 3950/1175/3739
f 3948/1168/3727 3960/1168/3748 3958/1168/3746
f 3950/1175/3739 3961/1179/3749 3952/1180/3740
f 3951/1168/3727 3962/1168/3750 3960/1168/3748
f 3935/1167/3725 3963/1181/3751 3933/1165/3723
f 3964/1168/3752 3941/1168/3731 3936/1168/3726
f 3940/1169/3730 3965/1183/3753 3935/1167/3725
f 3966/1168/3754 3967/1168/3755 3941/1168/3731
f 3940/1169/3730 3968/1184/3756 3969/1182/3757
f 3970/1168/3758 3967/1168/3755 3971/1168/3759
f 3943/1171/3733 3972/1185/3760 3968/1184/3756
f 3973/1168/3761 3944/1168/3734 3970/1168/3758
f 3953/1176/3741 3974/1186/3762 3972/1185/3760
f 3975/1168/3763 3945/1168/3735 3973/1168/3761
f 3961/1179/3749 3974/1186/3762 3952/1180/3740
f 3975/1168/3763 3962/1168/3750 3954/1168/3742
f 3959/1187/3747 3976/1188/3764 3961/1179/3749
f 3977/1168/3765 3960/1168/3748 3962/1168/3750
f 3978/1178/3766 3979/1190/3767 3959/1187/3747
f 3980/1168/3767 3958/1168/3746 3960/1168/3748
f 3978/1178/3766 3981/1191/3768 3982/1189/3769
f 3983/1168/3770 3958/1168/3746 3984/1168/3771
f 3955/1177/3743 3985/1192/3772 3981/1191/3768
f 3986/1168/3773 3957/1168/3745 3983/1168/3770
f 3956/1172/3744 3987/1193/3774 3985/1192/3772
f 3988/1168/3775 3949/1168/3738 3986/1168/3773
f 3933/1165/3723 3987/1193/3774 3946/1173/3736
f 3988/1168/3775 3936/1168/3726 3938/1168/3728
f 3989/1165/3776 3990/1166/3777 3991/1167/3778
f 3992/1168/3779 3993/1168/3780 3994/1168/3781
f 3991/1167/3778 3995/1170/3782 3996/1169/3783
f 3997/1168/3784 3998/1168/3785 3993/1168/3780
f 3995/1170/3782 3999/1171/3786 3996/1169/3783
f 3998/1168/3785 4000/1168/3787 4001/1168/3788
f 4002/1173/3789 4003/1174/3790 3990/1166/3777
f 3994/1168/3781 4004/1168/3785 4005/1168/3791
f 3990/1166/3777 4006/1175/3792 3995/1170/3782
f 3993/1168/3780 4007/1168/3785 4004/1168/3785
f 3995/1170/3782 4008/1180/3793 4009/1176/3794
f 3998/1168/3785 4010/1168/3795 4007/1168/3785
f 4011/1177/3796 4003/1174/3790 4012/1172/3797
f 4013/1168/3798 4004/1168/3785 4014/1168/3799
f 4003/1174/3790 4015/1187/3800 4006/1175/3792
f 4004/1168/3785 4016/1168/3801 4014/1168/3799
f 4006/1175/3792 4017/1179/3802 4008/1180/3793
f 4007/1168/3785 4018/1168/3803 4016/1168/3801
f 3991/1167/3778 4019/1181/3804 3989/1165/3776
f 4020/1168/3805 3997/1168/3784 3992/1168/3779
f 3996/1169/3783 4021/1183/3806 3991/1167/3778
f 4022/1168/3806 4023/1168/3807 3997/1168/3784
f 3996/1169/3783 4024/1184/3808 4025/1182/3809
f 4026/1168/3810 4023/1168/3807 4027/1168/3811
f 3999/1171/3786 4028/1185/3812 4024/1184/3808
f 4029/1168/3813 4000/1168/3787 4026/1168/3810
f 4009/1176/3794 4030/1186/3814 4028/1185/3812
f 4031/1168/3815 4001/1168/3788 4029/1168/3813
f 4017/1179/3802 4030/1186/3814 4008/1180/3793
f 4031/1168/3815 4018/1168/3803 4010/1168/3795
f 4015/1187/3800 4032/1188/3816 4017/1179/3802
f 4033/1168/3817 4016/1168/3801 4018/1168/3803
f 4034/1178/3818 4035/1190/3819 4015/1187/3800
f 4036/1168/3820 4014/1168/3799 4016/1168/3801
f 4034/1178/3818 4037/1191/3821 4038/1189/3822
f 4039/1168/3823 4014/1168/3799 4040/1168/3824
f 4011/1177/3796 4041/1192/3825 4037/1191/3821
f 4042/1168/3826 4013/1168/3798 4039/1168/3823
f 4012/1172/3797 4043/1193/3827 4041/1192/3825
f 4044/1168/3828 4005/1168/3791 4042/1168/3826
f 3989/1165/3776 4043/1193/3827 4002/1173/3789
f 4044/1168/3828 3992/1168/3779 3994/1168/3781
f 4045/1165/3829 4046/1166/3830 4047/1167/3831
f 4048/1168/3832 4049/1168/3833 4050/1168/3834
f 4046/1166/3830 4051/1169/3835 4047/1167/3831
f 4049/1168/3833 4052/1168/3836 4053/1168/3833
f 4054/1170/3837 4055/1171/3838 4051/1169/3835
f 4053/1168/3833 4056/1168/3839 4057/1168/3840
f 4058/1172/3841 4046/1166/3830 4059/1173/3842
f 4060/1168/3843 4049/1168/3833 4061/1168/3833
f 4062/1174/3844 4054/1170/3837 4046/1166/3830
f 4061/1168/3833 4053/1168/3833 4063/1168/3833
f 4064/1175/3845 4065/1176/3846 4054/1170/3837
f 4063/1168/3833 4057/1168/3840 4066/1168/3847
f 4067/1177/3848 4062/1174/3844 4058/1172/3841
f 4068/1168/3849 4061/1168/3833 4069/1168/3850
f 4070/1178/3851 4064/1175/3845 4062/1174/3844
f 4069/1168/3850 4063/1168/3833 4071/1168/3852
f 4064/1175/3845 4072/1179/3853 4073/1180/3854
f 4063/1168/3833 4074/1168/3855 4071/1168/3852
f 4045/1165/3829 4075/1183/3856 4076/1181/3857
f 4077/1168/3856 4048/1168/3832 4078/1168/3858
f 4047/1167/3831 4079/1182/3859 4075/1183/3856
f 4080/1168/3860 4081/1168/3861 4077/1168/3856
f 4055/1171/3838 4079/1182/3859 4051/1169/3835
f 4080/1168/3860 4056/1168/3839 4052/1168/3836
f 4065/1176/3846 4082/1184/3862 4055/1171/3838
f 4083/1168/3863 4057/1168/3840 4056/1168/3839
f 4073/1180/3854 4084/1185/3864 4065/1176/3846
f 4085/1168/3865 4066/1168/3847 4057/1168/3840
f 4073/1180/3854 4086/1188/3866 4087/1186/3867
f 4088/1168/3868 4066/1168/3847 4089/1168/3869
f 4072/1179/3853 4090/1190/3870 4086/1188/3866
f 4091/1168/3870 4074/1168/3855 4088/1168/3868
f 4092/1187/3871 4093/1189/3872 4090/1190/3870
f 4094/1168/3873 4071/1168/3852 4091/1168/3870
f 4067/1177/3848 4093/1189/3872 4070/1178/3851
f 4094/1168/3873 4068/1168/3849 4069/1168/3850
f 4058/1172/3841 4095/1191/3874 4067/1177/3848
f 4096/1168/3875 4060/1168/3843 4068/1168/3849
f 4059/1173/3842 4097/1192/3876 4058/1172/3841
f 4098/1168/3877 4050/1168/3834 4060/1168/3843
f 4059/1173/3842 4076/1181/3857 4099/1193/3878
f 4078/1168/3858 4050/1168/3834 4100/1168/3879
f 4101/1165/3880 4102/1166/3881 4103/1167/3882
f 4104/1168/3883 4105/1168/3884 4106/1168/3885
f 4102/1166/3881 4107/1169/3886 4103/1167/3882
f 4105/1168/3884 4108/1168/3887 4109/1168/3884
f 4110/1170/3888 4111/1171/3889 4107/1169/3886
f 4109/1168/3884 4112/1168/3890 4113/1168/3891
f 4114/1172/3892 4102/1166/3881 4115/1173/3893
f 4116/1168/3894 4105/1168/3884 4117/1168/3884
f 4118/1174/3895 4110/1170/3888 4102/1166/3881
f 4117/1168/3884 4109/1168/3884 4119/1168/3884
f 4120/1175/3896 4121/1176/3897 4110/1170/3888
f 4119/1168/3884 4113/1168/3891 4122/1168/3898
f 4123/1177/3899 4118/1174/3895 4114/1172/3892
f 4124/1168/3900 4117/1168/3884 4125/1168/3901
f 4126/1178/3902 4120/1175/3896 4118/1174/3895
f 4125/1168/3901 4119/1168/3884 4127/1168/3903
f 4120/1175/3896 4128/1179/3904 4129/1180/3905
f 4119/1168/3884 4130/1168/3906 4127/1168/3903
f 4103/1167/3882 4131/1181/3907 4101/1165/3880
f 4132/1168/3908 4133/1168/3909 4104/1168/3883
f 4103/1167/3882 4134/1182/3910 4135/1183/3911
f 4136/1168/3910 4133/1168/3909 4137/1168/3911
f 4107/1169/3886 4138/1184/3912 4134/1182/3910
f 4139/1168/3913 4108/1168/3887 4136/1168/3910
f 4111/1171/3889 4140/1185/3914 4138/1184/3912
f 4141/1168/3915 4112/1168/3890 4139/1168/3913
f 4129/1180/3905 4140/1185/3914 4121/1176/3897
f 4141/1168/3915 4122/1168/3898 4113/1168/3891
f 4128/1179/3904 4142/1186/3916 4129/1180/3905
f 4143/1168/3917 4130/1168/3906 4122/1168/3898
f 4144/1187/3918 4145/1188/3919 4128/1179/3904
f 4146/1168/3920 4127/1168/3903 4130/1168/3906
f 4144/1187/3918 4147/1189/3921 4148/1190/3922
f 4149/1168/3923 4127/1168/3903 4150/1168/3924
f 4126/1178/3902 4151/1191/3925 4147/1189/3921
f 4152/1168/3926 4125/1168/3901 4149/1168/3923
f 4123/1177/3899 4153/1192/3927 4151/1191/3925
f 4154/1168/3928 4124/1168/3900 4152/1168/3926
f 4115/1173/3893 4153/1192/3927 4114/1172/3892
f 4154/1168/3928 4106/1168/3885 4116/1168/3894
f 4101/1165/3880 4155/1193/3929 4115/1173/3893
f 4156/1168/3930 4104/1168/3883 4106/1168/3885
f 4157/1165/3931 4158/1166/3932 4159/1167/3933
f 4160/1168/3934 4161/1168/3935 4162/1168/3936
f 4158/1166/3932 4163/1169/3937 4159/1167/3933
f 4161/1168/3935 4164/1168/3938 4165/1168/3935
f 4166/1170/3939 4167/1171/3940 4163/1169/3937
f 4165/1168/3935 4168/1168/3941 4169/1168/3942
f 4170/1172/3943 4158/1166/3932 4171/1173/3944
f 4172/1168/3945 4161/1168/3935 4173/1168/3935
f 4174/1174/3946 4166/1170/3939 4158/1166/3932
f 4173/1168/3935 4165/1168/3935 4175/1168/3935
f 4176/1175/3947 4177/1176/3948 4166/1170/3939
f 4175/1168/3935 4169/1168/3942 4178/1168/3949
f 4179/1177/3950 4174/1174/3946 4170/1172/3943
f 4180/1168/3951 4173/1168/3935 4181/1168/3952
f 4182/1178/3953 4176/1175/3947 4174/1174/3946
f 4181/1168/3952 4175/1168/3935 4183/1168/3954
f 4176/1175/3947 4184/1179/3955 4185/1180/3956
f 4175/1168/3935 4186/1168/3957 4183/1168/3954
f 4159/1167/3933 4187/1181/3958 4157/1165/3931
f 4188/1168/3958 4189/1168/3959 4160/1168/3934
f 4159/1167/3933 4190/1182/3960 4191/1183/3961
f 4192/1168/3962 4189/1168/3959 4193/1168/3963
f 4163/1169/3937 4194/1184/3964 4190/1182/3960
f 4195/1168/3965 4164/1168/3938 4192/1168/3962
f 4167/1171/3940 4196/1185/3966 4194/1184/3964
f 4197/1168/3966 4168/1168/3941 4195/1168/3965
f 4185/1180/3956 4196/1185/3966 4177/1176/3948
f 4197/1168/3966 4178/1168/3949 4169/1168/3942
f 4184/1179/3955 4198/1186/3967 4185/1180/3956
f 4199/1168/3968 4186/1168/3957 4178/1168/3949
f 4200/1187/3969 4201/1188/3970 4184/1179/3955
f 4202/1168/3971 4183/1168/3954 4186/1168/3957
f 4200/1187/3969 4203/1189/3972 4204/1190/3973
f 4205/1168/3974 4183/1168/3954 4206/1168/3975
f 4182/1178/3953 4207/1191/3976 4203/1189/3972
f 4208/1168/3977 4181/1168/3952 4205/1168/3974
f 4179/1177/3950 4209/1192/3978 4207/1191/3976
f 4210/1168/3979 4180/1168/3951 4208/1168/3977
f 4170/1172/3943 4211/1193/3980 4209/1192/3978
f 4210/1168/3979 4162/1168/3936 4172/1168/3945
f 4157/1165/3931 4211/1193/3980 4171/1173/3944
f 4212/1168/3981 4160/1168/3934 4162/1168/3936
f 4213/1165/3982 4214/1166/3983 4215/1167/3984
f 4216/1168/3985 4217/1168/3986 4218/1168/3987
f 4214/1166/3983 4219/1169/3988 4215/1167/3984
f 4217/1168/3986 4220/1168/3989 4221/1168/3986
f 4222/1170/3990 4223/1171/3991 4219/1169/3988
f 4221/1168/3986 4224/1168/3992 4225/1168/3993
f 4226/1172/3994 4214/1166/3983 4227/1173/3995
f 4228/1168/3996 4217/1168/3986 4229/1168/3997
f 4230/1174/3998 4222/1170/3990 4214/1166/3983
f 4229/1168/3997 4221/1168/3986 4231/1168/3986
f 4232/1175/3999 4233/1176/4000 4222/1170/3990
f 4231/1168/3986 4225/1168/3993 4234/1168/4001
f 4235/1177/4002 4230/1174/3998 4226/1172/3994
f 4236/1168/4003 4229/1168/3997 4237/1168/4004
f 4238/1178/4005 4232/1175/3999 4230/1174/3998
f 4237/1168/4004 4231/1168/3986 4239/1168/4006
f 4232/1175/3999 4240/1179/4007 4241/1180/4008
f 4231/1168/3986 4242/1168/4009 4239/1168/4006
f 4213/1165/3982 4243/1183/4010 4244/1181/4011
f 4245/1168/4012 4216/1168/3985 4246/1168/4013
f 4215/1167/3984 4247/1182/4014 4243/1183/4010
f 4248/1168/4015 4249/1168/4016 4245/1168/4012
f 4219/1169/3988 4250/1184/4017 4247/1182/4014
f 4251/1168/4018 4220/1168/3989 4248/1168/4015
f 4233/1176/4000 4250/1184/4017 4223/1171/3991
f 4251/1168/4018 4225/1168/3993 4224/1168/3992
f 4241/1180/4008 4252/1185/4019 4233/1176/4000
f 4253/1168/4020 4234/1168/4001 4225/1168/3993
f 4240/1179/4007 4254/1186/4021 4241/1180/4008
f 4255/1168/4022 4242/1168/4009 4234/1168/4001
f 4240/1179/4007 4256/1190/4023 4257/1188/4024
f 4258/1168/4025 4242/1168/4009 4259/1168/4026
f 4260/1187/4027 4261/1189/4028 4256/1190/4023
f 4262/1168/4029 4239/1168/4006 4258/1168/4025
f 4238/1178/4005 4263/1191/4030 4261/1189/4028
f 4264/1168/4030 4237/1168/4004 4262/1168/4029
f 4226/1172/3994 4263/1191/4030 4235/1177/4002
f 4264/1168/4030 4228/1168/3996 4236/1168/4003
f 4227/1173/3995 4265/1192/4031 4226/1172/3994
f 4266/1168/4032 4218/1168/3987 4228/1168/3996
f 4213/1165/3982 4267/1193/4033 4227/1173/3995
f 4268/1168/4034 4216/1168/3985 4218/1168/3987
f 4269/1165/4035 4270/1166/4036 4271/1173/4037
f 4272/1168/4038 4273/1168/4039 4274/1168/4040
f 4275/1167/4041 4276/1170/4042 4270/1166/4036
f 4272/1168/4038 4277/1168/4043 4278/1168/4044
f 4279/1171/4045 4276/1170/4042 4280/1169/4046
f 4281/1168/4047 4282/1168/4048 4277/1168/4043
f 4270/1166/4036 4283/1172/4049 4271/1173/4037
f 4284/1168/4047 4274/1168/4040 4285/1168/4050
f 4276/1170/4042 4286/1174/4051 4270/1166/4036
f 4284/1168/4047 4281/1168/4047 4272/1168/4038
f 4276/1170/4042 4287/1180/4052 4288/1175/4053
f 4289/1168/4038 4290/1168/4054 4281/1168/4047
f 4286/1174/4051 4291/1177/4055 4283/1172/4049
f 4292/1168/4056 4284/1168/4047 4285/1168/4050
f 4288/1175/4053 4293/1178/4057 4286/1174/4051
f 4294/1168/4058 4289/1168/4038 4284/1168/4047
f 4288/1175/4053 4295/1179/4059 4296/1187/4060
f 4297/1168/4061 4289/1168/4038 4298/1168/4062
f 4269/1165/4035 4299/1183/4063 4275/1167/4041
f 4273/1168/4039 4300/1168/4064 4301/1168/4065
f 4275/1167/4041 4302/1182/4066 4280/1169/4046
f 4278/1168/4044 4303/1168/4067 4300/1168/4064
f 4302/1182/4066 4279/1171/4045 4280/1169/4046
f 4303/1168/4067 4282/1168/4048 4304/1168/4068
f 4279/1171/4045 4305/1185/4069 4306/1176/4070
f 4304/1168/4068 4290/1168/4054 4307/1168/4071
f 4305/1185/4069 4287/1180/4052 4306/1176/4070
f 4290/1168/4054 4308/1168/4072 4307/1168/4071
f 4309/1186/4072 4295/1179/4059 4287/1180/4052
f 4308/1168/4072 4297/1168/4061 4310/1168/4073
f 4311/1188/4074 4296/1187/4060 4295/1179/4059
f 4310/1168/4073 4298/1168/4062 4312/1168/4075
f 4313/1190/4076 4293/1178/4057 4296/1187/4060
f 4312/1168/4075 4294/1168/4058 4314/1168/4077
f 4315/1189/4078 4291/1177/4055 4293/1178/4057
f 4314/1168/4077 4292/1168/4056 4316/1168/4079
f 4317/1191/4080 4283/1172/4049 4291/1177/4055
f 4316/1168/4079 4285/1168/4050 4318/1168/4081
f 4283/1172/4049 4319/1193/4082 4271/1173/4037
f 4318/1168/4081 4274/1168/4040 4320/1168/4082
f 4271/1173/4037 4321/1181/4083 4269/1165/4035
f 4274/1168/4040 4301/1168/4065 4320/1168/4082
f 4322/1165/4084 4323/1166/4085 4324/1173/4086
f 4325/1168/4087 4326/1168/4088 4327/1168/4089
f 4328/1167/4090 4329/1170/4091 4323/1166/4085
f 4325/1168/4087 4330/1168/4092 4331/1168/4093
f 4332/1171/4094 4329/1170/4091 4333/1169/4095
f 4334/1168/4087 4335/1168/4096 4330/1168/4092
f 4323/1166/4085 4336/1172/4097 4324/1173/4086
f 4337/1168/4098 4327/1168/4089 4338/1168/4099
f 4323/1166/4085 4339/1175/4100 4340/1174/4101
f 4337/1168/4098 4334/1168/4087 4325/1168/4087
f 4329/1170/4091 4341/1180/4102 4339/1175/4100
f 4342/1168/4103 4334/1168/4087 4343/1168/4087
f 4340/1174/4101 4344/1177/4104 4336/1172/4097
f 4345/1168/4105 4337/1168/4098 4338/1168/4099
f 4339/1175/4100 4346/1178/4106 4340/1174/4101
f 4347/1168/4107 4343/1168/4087 4337/1168/4098
f 4339/1175/4100 4348/1179/4108 4349/1187/4109
f 4350/1168/4110 4343/1168/4087 4351/1168/4111
f 4322/1165/4084 4352/1183/4112 4328/1167/4090
f 4353/1168/4113 4331/1168/4093 4354/1168/4114
f 4328/1167/4090 4355/1182/4115 4333/1169/4095
f 4354/1168/4114 4330/1168/4092 4356/1168/4116
f 4355/1182/4115 4332/1171/4094 4333/1169/4095
f 4356/1168/4116 4335/1168/4096 4357/1168/4117
f 4332/1171/4094 4358/1185/4118 4359/1176/4119
f 4357/1168/4117 4360/1168/4120 4361/1168/4121
f 4359/1176/4119 4362/1186/4122 4341/1180/4102
f 4360/1168/4120 4363/1168/4123 4361/1168/4121
f 4341/1180/4102 4364/1188/4124 4348/1179/4108
f 4342/1168/4103 4365/1168/4125 4363/1168/4123
f 4364/1188/4124 4349/1187/4109 4348/1179/4108
f 4365/1168/4125 4351/1168/4111 4366/1168/4126
f 4367/1190/4127 4346/1178/4106 4349/1187/4109
f 4366/1168/4126 4347/1168/4107 4368/1168/4128
f 4346/1178/4106 4369/1191/4129 4344/1177/4104
f 4347/1168/4107 4370/1168/4130 4368/1168/4128
f 4369/1191/4129 4336/1172/4097 4344/1177/4104
f 4370/1168/4130 4338/1168/4099 4371/1168/4131
f 4372/1192/4132 4324/1173/4086 4336/1172/4097
f 4371/1168/4131 4327/1168/4089 4373/1168/4133
f 4374/1193/4133 4322/1165/4084 4324/1173/4086
f 4327/1168/4089 4353/1168/4113 4373/1168/4133
f 4375/1152/4134 4376/1151/4135 4377/1149/4136
f 4378/1151/4137 4379/1152/4138 4380/1149/4139
f 4376/1151/4135 4381/1150/4140 4382/1151/4137
f 4377/1149/4136 4383/1152/4138 4375/1152/4134
f 4384/1154/4141 4385/1150/4142 4375/1152/4134
f 4386/1150/4143 4387/1153/4144 4388/1194/4145
f 4389/1153/4146 4381/1150/4140 4385/1150/4142
f 4375/1152/4134 4390/1154/4147 4384/1154/4141
f 4391/1155/4148 4389/1153/4146 4384/1154/4141
f 4387/1153/4144 4392/1155/4149 4393/1154/4150
f 4394/1156/4151 4387/1153/4144 4395/1153/4146
f 4391/1155/4148 4390/1154/4147 4396/1155/4152
f 4397/1157/4153 4398/1156/4154 4391/1155/4148
f 4399/1156/4155 4400/1157/4156 4392/1155/4149
f 4401/1158/4157 4402/1156/4155 4398/1156/4154
f 4403/1157/4158 4392/1155/4149 4400/1157/4156
f 4404/1159/4159 4401/1158/4157 4397/1157/4153
f 4405/1158/4160 4406/1159/4161 4400/1157/4156
f 4407/1160/4162 4408/1158/4160 4401/1158/4157
f 4397/1157/4153 4409/1159/4163 4404/1159/4159
f 4404/1159/4159 4410/1162/4164 4407/1160/4162
f 4411/1162/4165 4406/1159/4161 4412/1160/4166
f 4410/1162/4164 4413/1160/4166 4407/1160/4162
f 4414/1161/4167 4406/1159/4161 4415/1161/4168
f 4416/1161/4169 4417/1163/4170 4410/1162/4164
f 4418/1163/4171 4415/1161/4168 4411/1162/4165
f 4410/1162/4164 4419/1163/4172 4420/1162/4173
f 4416/1161/4169 4421/1164/4174 4422/1164/4175
f 4382/1151/4137 4377/1149/4136 4376/1151/4135
f 4421/1164/4174 4417/1163/4170 4422/1164/4175
f 4393/1154/4150 4379/1152/4138 4388/1194/4145
f 4388/1194/4145 4387/1153/4144 4393/1154/4150
f 4388/1194/4145 4379/1152/4138 4386/1150/4143
f 4423/1195/4176 4424/1196/4177 4425/1197/4178
f 4426/1198/4179 4427/1199/4180 4428/1200/4181
f 4429/1201/4182 4430/1202/4183 4427/1199/4180
f 4431/1203/4184 4432/1204/4185 4430/1202/4183
f 4433/1205/4186 4434/1206/4187 4432/1204/4185
f 4435/1207/4188 4436/1208/4189 4434/1206/4187
f 4437/1209/4190 4438/1210/4191 4436/1208/4189
f 4439/1211/4192 4440/1212/4193 4423/1195/4176
f 3/3/3 4429/1201/4182 4426/1198/4179
f 2/2/2 4431/1203/4184 4429/1201/4182
f 5/5/5 4433/1205/4186 4431/1203/4184
f 7/7/7 4435/1207/4188 4433/1205/4186
f 9/9/9 4437/1209/4190 4435/1207/4188
f 11/11/11 4441/1213/4194 4437/1209/4190
f 4442/1214/4195 4443/1215/4196 4439/1211/4192
f 4444/1216/4197 4445/1217/4198 4442/1214/4195
f 4446/1218/4199 4447/1219/4200 4444/1216/4197
f 4448/1220/4201 4449/1221/4202 4446/1218/4199
f 4450/1222/4203 4451/1223/4204 4448/1220/4201
f 4452/1224/4205 4453/1225/4206 4450/1222/4203
f 4454/1226/4207 4455/1227/4208 4452/1224/4205
f 4456/1228/86 4457/1229/4209 4458/1230/4210
f 4458/1230/4210 4459/1231/4211 4460/1232/4212
f 4460/1232/4212 4461/1233/4213 4462/1234/4214
f 4462/1234/4214 4463/1235/4215 4464/1236/4216
f 4465/1237/4217 4466/1238/4218 4457/1229/4209
f 4457/1229/4209 4467/1239/4219 4459/1231/4211
f 4459/1231/4211 4468/1240/4220 4461/1233/4213
f 4461/1233/4213 4469/1241/4221 4463/1235/4215
f 4465/1237/4217 4470/1242/4222 4471/1243/4223
f 4472/1244/4224 4473/1245/4225 4470/1242/4222
f 4474/1246/4226 4475/1247/4227 4473/1245/4225
f 4476/1248/4228 4477/1249/4229 4475/1247/4227
f 4477/1249/4229 4478/1250/4230 4479/1251/4231
f 4479/1251/4231 4480/1252/4232 4481/1253/4233
f 4481/1253/4233 4482/1254/4234 4454/1226/4207
f 4483/1255/4235 149/149/149 141/141/141
f 4484/1256/4236 4485/1257/4237 4486/1258/4238
f 4487/1259/4239 157/157/157 149/149/149
f 4485/1257/4237 4488/1260/4240 4486/1258/4238
f 4489/1261/4241 165/165/165 157/157/157
f 4490/1262/4242 4491/1263/4243 4488/1260/4240
f 4492/1264/4244 173/173/173 165/165/165
f 4493/1265/4245 4494/1266/4246 4491/1263/4243
f 4495/1267/4247 181/181/181 173/173/173
f 4496/1268/4248 4497/1269/4249 4494/1266/4246
f 4498/1270/4250 189/189/189 181/181/181
f 4499/1271/4251 4500/1272/4252 4497/1269/4249
f 4501/1273/4253 197/197/197 189/189/189
f 4502/1274/4254 4503/1275/4255 4500/1272/4252
f 4504/1276/4256 200/200/200 197/197/197
f 4505/1277/4257 4506/1278/4258 4503/1275/4255
f 4507/1279/4259 4508/1280/4260 4506/1278/4258
f 4509/1281/4261 4510/1282/4262 4507/1279/4259
f 4511/1283/4263 4512/1284/4264 4509/1281/4261
f 4513/1285/4265 4514/1286/4266 4511/1283/4263
f 4515/1287/4267 4516/1288/4268 4513/1285/4265
f 4517/1289/4269 4518/1290/4270 4515/1287/4267
f 4519/1291/4271 4520/1292/4272 4517/1289/4269
f 4521/1293/4273 4522/1294/4274 4519/1291/4271
f 4510/1282/4262 200/200/200 4508/1280/4260
f 4512/1284/4264 199/199/199 4510/1282/4262
f 4514/1286/4266 201/201/201 4512/1284/4264
f 4516/1288/4268 203/203/203 4514/1286/4266
f 4518/1290/4270 205/205/205 4516/1288/4268
f 4520/1292/4272 207/207/207 4518/1290/4270
f 4522/1294/4274 209/209/209 4520/1292/4272
f 4523/1295/4194 211/211/211 4522/1294/4274
f 4524/1296/4275 4525/1297/4276 4526/1298/4277
f 4527/1299/4278 4528/1300/4279 4524/1296/4275
f 4529/1301/4280 4530/1302/4281 4527/1299/4278
f 4531/1303/4282 4532/1304/4283 4529/1301/4280
f 4533/1305/4284 4534/1306/4285 4531/1303/4282
f 4535/1307/4286 4536/1308/4287 4533/1305/4284
f 4537/1309/4288 4538/1310/4289 4535/1307/4286
f 4539/1311/4290 4540/1312/4291 4537/1309/4288
f 4541/1313/4215 4542/1314/4292 4543/1315/4216
f 4544/1316/4293 4545/1317/4294 4541/1313/4215
f 4545/1317/4294 4546/1318/4295 4542/1314/4292
f 4547/1319/4296 4548/1320/4297 4545/1317/4294
f 4548/1320/4297 4549/1321/4298 4546/1318/4295
f 4550/1322/4299 4551/1323/4300 4548/1320/4297
f 4551/1323/4300 4552/1324/4301 4549/1321/4298
f 4553/1325/4302 4554/1326/4303 4551/1323/4300
f 4554/1326/4303 4555/1327/4304 4552/1324/4301
f 4556/1328/4305 4557/1329/4306 4554/1326/4303
f 4557/1329/4306 4558/1330/4307 4555/1327/4304
f 4559/1331/4308 4560/1332/4309 4557/1329/4306
f 4560/1332/4309 4561/1333/4310 4558/1330/4307
f 4562/1334/4311 4563/1335/4312 4560/1332/4309
f 4563/1335/4312 4564/1336/263 4561/1333/4310
f 4565/1337/4313 4525/1297/4276 4563/1335/4312
f 4566/1338/4314 4567/1339/4315 4568/1340/4316
f 4569/1341/4317 4570/1342/4318 4566/1338/4314
f 4571/1343/4319 4572/1344/4320 4569/1341/4317
f 4573/1345/4321 4574/1346/4322 4571/1343/4319
f 4568/1340/4316 4575/1347/4323 4566/1338/4314
f 4566/1338/4314 4576/1348/4324 4569/1341/4317
f 4569/1341/4317 4577/1349/4325 4571/1343/4319
f 4571/1343/4319 4578/1350/4290 4573/1345/4321
f 4579/1351/4326 4580/1352/4327 4581/1353/4328
f 4582/1354/4329 4580/1352/4327 4583/1355/4330
f 4584/1356/4331 4585/1357/4332 4582/1354/4329
f 4586/1358/4333 4587/1359/4334 4584/1356/4331
f 4588/1360/4335 4589/1361/4336 4586/1358/4333
f 4590/1362/4337 4591/1363/4338 4588/1360/4335
f 4592/1364/4339 4593/1365/4340 4590/1362/4337
f 4592/1364/4339 4594/1366/4341 4595/1367/4342
f 4579/1351/4326 4596/1368/4343 4583/1355/4330
f 4583/1355/4330 4597/1369/4286 4582/1354/4329
f 4582/1354/4329 4598/1370/4284 4584/1356/4331
f 4584/1356/4331 4599/1371/4344 4586/1358/4333
f 4586/1358/4333 4600/1372/4280 4588/1360/4335
f 4588/1360/4335 4601/1373/4278 4590/1362/4337
f 4590/1362/4337 4602/1374/4275 4592/1364/4339
f 4602/1374/4275 4603/1375/4345 4592/1364/4339
f 4604/1376/4346 4605/1377/4347 4606/1378/4348
f 4607/1379/4349 4608/1380/4350 4609/1381/4351
f 4610/1382/4352 4611/1383/4353 4607/1379/4349
f 4612/1384/4354 4613/1385/4355 4610/1382/4352
f 4614/1386/4356 4615/1387/4357 4612/1384/4354
f 4616/1388/4358 4617/1389/4359 4614/1386/4356
f 4618/1390/4360 4619/1391/4361 4616/1388/4358
f 4620/1392/4362 4621/1393/4363 4605/1377/4347
f 4611/1383/4353 751/751/736 4608/1380/4350
f 4613/1385/4355 749/749/734 4611/1383/4353
f 4615/1387/4357 752/752/737 4613/1385/4355
f 4617/1389/4359 754/754/739 4615/1387/4357
f 4619/1391/4361 756/756/741 4617/1389/4359
f 4622/1394/4364 758/758/743 4619/1391/4361
f 4623/1395/4365 4624/1396/4366 4621/1393/4363
f 4625/1397/4367 4626/1398/4368 4624/1396/4366
f 4627/1399/4369 4628/1400/4370 4626/1398/4368
f 4629/1401/4371 4630/1402/4372 4628/1400/4370
f 4631/1403/4373 4632/1404/4374 4630/1402/4372
f 4633/1405/4375 4634/1406/4376 4632/1404/4374
f 4635/1407/4377 4636/1408/4378 4634/1406/4376
f 4637/1409/816 4638/1410/4379 4639/1411/4380
f 4640/1412/4381 4641/1413/4382 4638/1410/4379
f 4642/1414/4383 4643/1415/4384 4641/1413/4382
f 4644/1416/4385 4645/1417/4386 4643/1415/4384
f 4639/1411/4380 4646/1418/4387 4647/1419/4388
f 4638/1410/4379 4648/1420/4389 4646/1418/4387
f 4641/1413/4382 4649/1421/4390 4648/1420/4389
f 4643/1415/4384 4650/1422/4290 4649/1421/4390
f 4651/1423/4391 4639/1411/4380 4647/1419/4388
f 4652/1424/4392 4653/1425/4393 4651/1423/4391
f 4654/1426/4394 4655/1427/4395 4652/1424/4392
f 4656/1428/4396 4657/1429/4397 4654/1426/4394
f 4656/1428/4396 4658/1430/4398 4659/1431/4399
f 4660/1432/4400 4661/1433/4401 4658/1430/4398
f 4662/1434/4402 4663/1435/4403 4661/1433/4401
f 4664/1436/4404 4665/1437/4405 4666/1438/4406
f 4667/1439/4407 4668/1440/4408 4665/1437/4405
f 4669/1441/4409 4670/1442/4410 4668/1440/4408
f 4670/1442/4410 4671/1443/4411 4672/1444/4412
f 4666/1438/4406 4673/1445/4218 4674/1446/4413
f 4665/1437/4405 4675/1447/4414 4673/1445/4218
f 4668/1440/4408 4676/1448/4415 4675/1447/4414
f 4672/1444/4412 4676/1448/4415 4670/1442/4410
f 4677/1449/4412 4678/1450/4416 4679/1451/4417
f 4678/1450/4416 4680/1452/4418 4679/1451/4417
f 4681/1453/4419 4682/1454/4420 4680/1452/4418
f 4683/1455/4421 4684/1456/4422 4682/1454/4420
f 4685/1457/4423 4686/1458/4424 4684/1456/4422
f 4687/1459/4425 4688/1460/4426 4686/1458/4424
f 4689/1461/4427 4690/1462/4428 4688/1460/4426
f 4691/1463/4429 4692/1464/4345 4690/1462/4428
f 4677/1449/4412 4693/1465/4430 4694/1466/4293
f 4679/1451/4417 4695/1467/4431 4693/1465/4430
f 4680/1452/4418 4696/1468/4302 4695/1467/4431
f 4682/1454/4420 4697/1469/4432 4696/1468/4302
f 4684/1456/4422 4698/1470/4308 4697/1469/4432
f 4686/1458/4424 4699/1471/4433 4698/1470/4308
f 4688/1460/4426 4700/1472/4434 4699/1471/4433
f 4690/1462/4428 4701/1473/4277 4700/1472/4434
f 4702/1196/4435 4703/1195/4436 4704/1474/4437
f 4705/1475/4438 4706/1476/4439 4707/1477/4440
f 4708/1202/4441 4709/1201/4442 4705/1475/4438
f 4710/1478/4443 4711/1203/4444 4708/1202/4441
f 4712/1479/4445 4713/1205/4446 4710/1478/4443
f 4714/1480/4447 4715/1207/4448 4712/1479/4445
f 4716/1210/4449 4717/1209/4450 4714/1480/4447
f 4718/1212/4451 4719/1211/4452 4703/1195/4436
f 4709/1201/4442 4720/1481/4453 4706/1476/4439
f 4711/1203/4444 4721/2/4454 4709/1201/4442
f 4713/1205/4446 4722/5/4455 4711/1203/4444
f 4715/1207/4448 4723/7/4456 4713/1205/4446
f 4717/1209/4450 4724/9/4457 4715/1207/4448
f 4725/1213/4458 4726/11/4459 4717/1209/4450
f 4727/1215/4460 4728/1214/4461 4719/1211/4452
f 4729/1217/4462 4730/1216/4463 4728/1214/4461
f 4731/1219/4464 4732/1218/4465 4730/1216/4463
f 4733/1221/4466 4734/1220/4467 4732/1218/4465
f 4735/1223/4468 4736/1222/4469 4734/1220/4467
f 4737/1225/4470 4738/1224/4471 4736/1222/4469
f 4739/1227/4472 4740/1226/4473 4738/1224/4471
f 4741/1482/4474 4742/1229/4475 4743/1237/4476
f 4744/1483/4477 4745/1231/4478 4742/1229/4475
f 4746/1484/4479 4747/1233/4480 4745/1231/4478
f 4748/1236/4481 4747/1233/4480 4749/1234/4482
f 4743/1237/4476 4750/1238/4483 4751/1243/4484
f 4742/1229/4475 4752/1239/4485 4750/1238/4483
f 4745/1231/4478 4753/1240/4486 4752/1239/4485
f 4747/1233/4480 4754/1241/4487 4753/1240/4486
f 4755/1242/4488 4743/1237/4476 4751/1243/4484
f 4756/1245/4489 4757/1244/4490 4755/1242/4488
f 4758/1247/4491 4759/1246/4492 4756/1245/4489
f 4760/1249/4493 4761/1248/4494 4758/1247/4491
f 4760/1249/4493 4762/1250/4495 4763/1485/4496
f 4764/1251/4497 4765/1252/4498 4762/1250/4495
f 4766/1253/4499 4767/1254/4500 4765/1252/4498
f 4768/149/4501 4769/1255/4502 4770/141/4503
f 4771/1486/4504 4772/1257/4505 4773/1487/4506
f 4774/157/4507 4775/1259/4508 4768/149/4501
f 4776/1258/4509 4777/1262/4510 4772/1257/4505
f 4778/165/4511 4779/1261/4512 4774/157/4507
f 4780/1488/4513 4777/1262/4510 4781/1489/4514
f 4782/173/4515 4783/1264/4516 4778/165/4511
f 4784/1490/4517 4785/1265/4518 4780/1488/4513
f 4786/181/4519 4787/1267/4520 4782/173/4515
f 4788/1491/4521 4789/1268/4522 4784/1490/4517
f 4790/189/4523 4791/1270/4524 4786/181/4519
f 4792/1492/4525 4793/1271/4526 4788/1491/4521
f 4794/197/4527 4795/1273/4528 4790/189/4523
f 4796/1493/4529 4797/1274/4530 4792/1492/4525
f 4798/200/4531 4799/1276/4532 4794/197/4527
f 4800/1278/4533 4801/1277/4534 4796/1493/4529
f 4802/1280/4535 4803/1279/4536 4800/1278/4533
f 4804/1282/4537 4805/1281/4538 4803/1279/4536
f 4806/1284/4539 4807/1283/4540 4805/1281/4538
f 4808/1286/4541 4809/1494/4542 4807/1283/4540
f 4810/1288/4543 4811/1287/4544 4809/1494/4542
f 4812/1290/4545 4813/1289/4546 4811/1287/4544
f 4814/1292/4547 4815/1291/4548 4813/1289/4546
f 4816/1294/4549 4817/1495/4550 4815/1291/4548
f 4798/200/4531 4804/1282/4537 4802/1280/4535
f 4818/199/4551 4806/1284/4539 4804/1282/4537
f 4819/201/4552 4808/1286/4541 4806/1284/4539
f 4820/203/4553 4810/1288/4543 4808/1286/4541
f 4821/205/4554 4812/1290/4545 4810/1288/4543
f 4822/207/4555 4814/1292/4547 4812/1290/4545
f 4823/209/4556 4816/1294/4549 4814/1292/4547
f 4824/211/4557 4825/1295/4558 4816/1294/4549
f 4826/1297/4559 4827/1296/4560 4828/1298/4561
f 4829/1300/4562 4830/1299/4563 4827/1296/4560
f 4831/1302/4564 4832/1301/4565 4830/1299/4563
f 4833/1304/4566 4834/1303/4567 4832/1301/4565
f 4835/1306/4568 4836/1305/4569 4834/1303/4567
f 4837/1308/4570 4838/1307/4571 4836/1305/4569
f 4839/1310/4572 4840/1309/4573 4838/1307/4571
f 4841/1312/4574 4842/1311/4575 4840/1309/4573
f 4843/1496/4576 4844/1313/4577 4845/1497/4578
f 4846/1317/4579 4847/1316/4580 4844/1313/4577
f 4848/1498/4581 4846/1317/4579 4843/1496/4576
f 4849/1320/4582 4850/1319/4583 4846/1317/4579
f 4851/1499/4584 4849/1320/4582 4848/1498/4581
f 4852/1323/4585 4853/1322/4586 4849/1320/4582
f 4854/1500/4587 4852/1323/4585 4851/1499/4584
f 4855/1326/4588 4856/1325/4589 4852/1323/4585
f 4857/1501/4590 4855/1326/4588 4854/1500/4587
f 4858/1329/4591 4859/1328/4592 4855/1326/4588
f 4860/1502/4593 4858/1329/4591 4857/1501/4590
f 4861/1332/4594 4862/1331/4595 4858/1329/4591
f 4863/1503/4596 4861/1332/4594 4860/1502/4593
f 4864/1335/4597 4865/1334/4598 4861/1332/4594
f 4866/1504/4599 4864/1335/4597 4863/1503/4596
f 4826/1297/4559 4867/1337/4600 4864/1335/4597
f 4868/1339/4601 4869/1338/4602 4870/1340/4603
f 4871/1342/4604 4872/1341/4605 4869/1338/4602
f 4873/1344/4606 4874/1343/4607 4872/1341/4605
f 4874/1343/4607 4875/1505/4608 4876/1345/4609
f 4870/1340/4603 4877/1347/4610 4878/1506/4611
f 4869/1338/4602 4879/1348/4612 4877/1347/4610
f 4872/1341/4605 4880/1349/4613 4879/1348/4612
f 4876/1345/4609 4880/1349/4613 4874/1343/4607
f 4881/1353/4614 4882/1355/4615 4883/1351/4616
f 4884/1352/4617 4885/1354/4618 4882/1355/4615
f 4886/1357/4619 4887/1356/4620 4885/1354/4618
f 4888/1359/4621 4889/1358/4622 4887/1356/4620
f 4890/1361/4623 4891/1360/4624 4889/1358/4622
f 4892/1363/4625 4893/1362/4626 4891/1360/4624
f 4894/1365/4627 4895/1364/4628 4893/1362/4626
f 4895/1364/4628 4896/1366/4629 4897/1375/4630
f 4883/1351/4616 4898/1368/4631 4899/1507/4632
f 4882/1355/4615 4900/1369/4633 4898/1368/4631
f 4885/1354/4618 4901/1370/4569 4900/1369/4633
f 4887/1356/4620 4902/1371/4567 4901/1370/4569
f 4889/1358/4622 4903/1372/4565 4902/1371/4567
f 4891/1360/4624 4904/1373/4634 4903/1372/4565
f 4893/1362/4626 4905/1374/4560 4904/1373/4634
f 4895/1364/4628 4906/1508/4561 4905/1374/4560
f 4907/1377/4635 4908/1509/4636 4909/1510/4637
f 4910/1380/4638 4911/1379/4639 4912/1511/4640
f 4913/1383/4641 4914/1512/4642 4911/1379/4639
f 4915/1385/4643 4916/1513/4644 4914/1512/4642
f 4917/1387/4645 4918/1514/4646 4916/1513/4644
f 4919/1389/4647 4920/1515/4648 4918/1514/4646
f 4921/1391/4649 4922/1516/4650 4920/1515/4648
f 4923/1393/4651 4924/1392/4652 4907/1377/4635
f 4925/751/4653 4913/1383/4641 4910/1380/4638
f 4926/749/4654 4915/1385/4643 4913/1383/4641
f 4927/752/4655 4917/1387/4645 4915/1385/4643
f 4928/754/4656 4919/1389/4647 4917/1387/4645
f 4929/756/4657 4921/1391/4649 4919/1389/4647
f 4930/758/4658 4931/1394/4659 4921/1391/4649
f 4932/1396/4660 4933/1395/4661 4923/1393/4651
f 4934/1398/4662 4935/1397/4663 4932/1396/4660
f 4936/1400/4664 4937/1399/4665 4934/1398/4662
f 4938/1402/4666 4939/1401/4667 4936/1400/4664
f 4940/1404/4668 4941/1403/4669 4938/1402/4666
f 4942/1406/4670 4943/1405/4671 4940/1404/4668
f 4944/1408/4672 4945/1407/4673 4942/1406/4670
f 4946/1517/4674 4947/1410/4675 4948/1518/4676
f 4948/1518/4676 4949/1413/4677 4950/1519/4678
f 4950/1519/4678 4951/1415/4679 4952/1416/4680
f 4952/1416/4680 4953/1417/4681 4954/1520/4682
f 4955/1411/4683 4956/1418/4684 4947/1410/4675
f 4947/1410/4675 4957/1420/4685 4949/1413/4677
f 4949/1413/4677 4958/1421/4686 4951/1415/4679
f 4951/1415/4679 4959/1422/4687 4953/1417/4681
f 4955/1411/4683 4960/1423/4688 4961/1419/4611
f 4962/1425/4689 4963/1424/4690 4960/1423/4688
f 4964/1427/4691 4965/1426/4692 4963/1424/4690
f 4966/1429/4693 4967/1428/4694 4965/1426/4692
f 4967/1428/4694 4968/1430/4695 4969/1432/4696
f 4969/1432/4696 4970/1433/4697 4971/1434/4698
f 4971/1434/4698 4972/1435/4699 4944/1408/4672
f 4973/1437/4700 4974/1436/4701 4975/1438/4702
f 4976/1440/4703 4977/1439/4704 4973/1437/4700
f 4978/1442/4705 4979/1441/4706 4976/1440/4703
f 4978/1442/4705 4980/1443/4707 4981/1521/4708
f 4975/1438/4702 4982/1445/4483 4973/1437/4700
f 4973/1437/4700 4983/1447/4485 4976/1440/4703
f 4976/1440/4703 4984/1448/4709 4978/1442/4705
f 4984/1448/4709 4985/1444/4710 4978/1442/4705
f 4986/1451/4711 4987/1522/4712 4988/1449/4710
f 4989/1452/4713 4990/1450/4714 4986/1451/4711
f 4991/1454/4715 4992/1453/4716 4989/1452/4713
f 4993/1456/4717 4994/1455/4718 4991/1454/4715
f 4995/1458/4719 4996/1457/4720 4993/1456/4717
f 4997/1460/4721 4998/1459/4722 4995/1458/4719
f 4999/1462/4723 5000/1461/4724 4997/1460/4721
f 5001/1464/4725 5002/1463/4726 4999/1462/4723
f 4988/1449/4710 5003/1465/4583 4986/1451/4711
f 4986/1451/4711 5004/1467/4586 4989/1452/4713
f 4989/1452/4713 5005/1468/4589 4991/1454/4715
f 4991/1454/4715 5006/1469/4592 4993/1456/4717
f 4993/1456/4717 5007/1470/4595 4995/1458/4719
f 4995/1458/4719 5008/1471/4727 4997/1460/4721
f 4997/1460/4721 5009/1472/4600 4999/1462/4723
f 4999/1462/4723 5010/1473/4561 5001/1464/4725
f 5011/1523/4728 4704/1474/4437 5012/1197/4729
f 5011/1523/4728 5013/1524/4730 5014/1523/4731
f 5015/1525/4732 5016/1526/4733 5017/1527/4734
f 5018/1528/4735 5016/1526/4733 5019/1526/4736
f 5020/1529/4737 5021/1528/4738 5018/1528/4735
f 5020/1529/4737 5022/1530/4739 5023/1529/4740
f 5024/1530/4741 5025/1531/4742 5022/1530/4739
f 5026/1531/4743 5027/1532/4744 5025/1531/4742
f 4423/1195/4176 5028/1211/4745 4439/1211/4192
f 4439/1211/4192 5029/1214/4746 4442/1214/4195
f 4442/1214/4195 5030/1216/4747 4444/1216/4197
f 4444/1216/4197 5031/1218/4748 4446/1218/4199
f 4446/1218/4199 5032/1220/4749 4448/1220/4201
f 4448/1220/4201 5033/1222/4750 4450/1222/4203
f 4450/1222/4203 5034/1224/4751 4452/1224/4205
f 4452/1224/4205 5035/1226/4752 4454/1226/4207
f 4470/1242/4222 5036/1243/4753 4471/1243/4223
f 4473/1245/4225 5037/1242/4754 4470/1242/4222
f 4475/1247/4227 5038/1245/4755 4473/1245/4225
f 4475/1247/4227 5039/1249/4756 5040/1247/4757
f 4477/1249/4229 5041/1251/4758 5039/1249/4756
f 4481/1253/4233 5041/1251/4758 4479/1251/4231
f 4454/1226/4207 5042/1253/4759 4481/1253/4233
f 4485/1257/4237 5043/1487/4506 5044/1257/4760
f 4490/1262/4242 5044/1257/4760 5045/1262/4761
f 4490/1262/4242 5046/1265/4762 4493/1265/4245
f 4493/1265/4245 5047/1268/4763 4496/1268/4248
f 4499/1271/4251 5047/1268/4763 5048/1271/4764
f 4499/1271/4251 5049/1274/4765 4502/1274/4254
f 4502/1274/4254 5050/1277/4766 4505/1277/4257
f 5051/1533/4767 4801/1277/4534 5052/1533/4768
f 5053/1534/4769 5052/1533/4768 5054/1534/4770
f 5053/1534/4769 5055/1535/4771 5056/1535/4772
f 5056/1535/4772 5057/1536/4773 5058/1536/4774
f 5058/1536/4774 5059/1537/4775 5060/1537/4776
f 5061/1538/4777 5059/1537/4775 5062/1538/4778
f 5063/1539/4779 5062/1538/4778 5064/1539/4780
f 5063/1539/4779 5065/1540/4781 5066/1540/4782
f 5066/1540/4782 5067/1541/4783 5068/1541/4784
f 4567/1339/4315 5069/1342/4785 5070/1339/4786
f 4568/1340/4316 5070/1339/4786 5071/1340/4787
f 4570/1342/4318 5072/1344/4788 5069/1342/4785
f 4572/1344/4320 5073/1346/4789 5072/1344/4788
f 4574/1346/4322 5074/1505/4614 5073/1346/4789
f 4568/1340/4316 5075/1506/4790 5076/1506/4791
f 4580/1352/4327 5077/1353/4792 4581/1353/4328
f 4580/1352/4327 5078/1357/4793 5079/1352/4794
f 4585/1357/4332 5080/1359/4795 5078/1357/4793
f 4587/1359/4334 5081/1361/4796 5080/1359/4795
f 4589/1361/4336 5082/1363/4625 5081/1361/4796
f 4591/1363/4338 5083/1365/4797 5082/1363/4625
f 4593/1365/4340 5084/1367/4798 5083/1365/4797
f 4595/1367/4342 5085/1366/4629 5084/1367/4798
f 5086/1377/4347 4909/1510/4637 5087/1378/4799
f 5088/1542/4800 5089/1543/4801 5090/1543/4802
f 5090/1543/4802 5091/1544/4803 5092/1545/4804
f 5093/1546/4805 5094/1547/4806 5095/1547/4807
f 5096/1548/4808 5094/1547/4806 5097/1548/4809
f 5096/1548/4808 5098/1549/4810 5099/1549/4811
f 5099/1549/4811 5100/1550/4812 5101/1550/4813
f 5101/1550/4813 5102/1551/4506 5103/1551/4814
f 4621/1393/4363 5104/1377/4815 4605/1377/4347
f 4624/1396/4366 5105/1393/4816 4621/1393/4363
f 4626/1398/4368 5106/1396/4660 4624/1396/4366
f 4628/1400/4370 5107/1398/4817 4626/1398/4368
f 4628/1400/4370 5108/1402/4818 5109/1400/4819
f 4630/1402/4372 5110/1404/4820 5108/1402/4818
f 4632/1404/4374 5111/1406/4821 5110/1404/4820
f 4634/1406/4376 5112/1408/4822 5111/1406/4821
f 4651/1423/4391 5113/1419/4790 5114/1423/4688
f 4652/1424/4392 5114/1423/4688 5115/1424/4823
f 4654/1426/4394 5115/1424/4823 5116/1426/4824
f 4654/1426/4394 5117/1428/4825 4656/1428/4396
f 4656/1428/4396 5118/1432/4826 4660/1432/4400
f 4662/1434/4402 5118/1432/4826 5119/1434/4827
f 4636/1408/4378 5119/1434/4827 5112/1408/4822
f 4664/1436/4404 5120/1439/4828 4667/1439/4407
f 4666/1438/4406 5121/1436/4829 4664/1436/4404
f 4667/1439/4407 5122/1441/4830 4669/1441/4409
f 4669/1441/4409 5123/1521/4831 5124/1521/4832
f 4666/1438/4406 5125/1446/4833 5126/1438/4702
f 4678/1450/4416 5127/1522/4834 5128/1450/4835
f 4678/1450/4416 5129/1453/4836 4681/1453/4419
f 4681/1453/4419 5130/1455/4837 4683/1455/4421
f 4683/1455/4421 5131/1457/4838 4685/1457/4423
f 4685/1457/4423 5132/1459/4839 4687/1459/4425
f 4687/1459/4425 5133/1461/4840 4689/1461/4427
f 4689/1461/4427 5134/1463/4841 4691/1463/4429
f 4691/1463/4429 5135/1552/4842 5136/1552/4843
f 4671/1443/4411 5123/1521/4831 5137/1443/4834
f 5138/1553/4844 5139/1546/4845 5093/1546/4805
f 831/831/813 5140/1520/276 5141/1554/4846
f 830/830/812 5141/1554/4846 5142/1555/4383
f 828/828/810 5142/1555/4383 5143/1556/4847
f 829/829/811 5143/1556/4847 834/834/816
f 5144/1557/4310 264/264/262 5145/1558/4848
f 5146/1559/4307 5145/1558/4848 370/370/366
f 5147/1560/4849 370/370/366 364/364/360
f 5148/1561/4850 364/364/360 358/358/354
f 5149/1562/4851 358/358/354 352/352/348
f 5150/1563/4852 352/352/348 346/346/342
f 5151/1564/4292 346/346/342 340/340/336
f 5152/1565/4853 340/340/336 334/334/330
f 4462/1234/4214 5153/1566/4854 82/82/82
f 81/81/81 4462/1234/4214 82/82/82
f 80/80/80 5154/1484/4212 81/81/81
f 84/84/84 5155/1567/4210 80/80/80
f 4440/1212/4193 4428/1200/4181 4424/1196/4177
f 4443/1215/4196 4426/1198/4179 4440/1212/4193
f 4445/1217/4198 5156/1568/4855 4443/1215/4196
f 4447/1219/4200 5157/1569/4856 4445/1217/4198
f 4449/1221/4202 5158/1570/4857 4447/1219/4200
f 4451/1223/4204 21/21/21 4449/1221/4202
f 4453/1225/4206 28/28/28 4451/1223/4204
f 4455/1227/4208 5159/1571/35 4453/1225/4206
f 4482/1254/4234 42/42/42 4455/1227/4208
f 4456/1228/86 4472/1244/4224 4465/1237/4217
f 5160/1572/85 4474/1246/4226 4472/1244/4224
f 5161/92/92 4476/1248/4228 4474/1246/4226
f 5162/1573/4858 5163/1485/4859 4476/1248/4228
f 5164/1574/106 4478/1250/4230 5163/1485/4859
f 5165/1575/4860 4480/1252/4232 4478/1250/4230
f 4480/1252/4232 49/49/49 4482/1254/4234
f 4528/1300/4279 4564/1336/263 4525/1297/4276
f 4530/1302/4281 5166/1576/4861 4528/1300/4279
f 4532/1304/4283 5167/1577/264 4530/1302/4281
f 4534/1306/4285 5168/1578/266 4532/1304/4283
f 4536/1308/4287 5169/1579/4862 4534/1306/4285
f 4538/1310/4289 5170/1580/4863 4536/1308/4287
f 4540/1312/4291 5171/1581/4864 4538/1310/4289
f 5172/1582/4386 5173/1583/274 4540/1312/4291
f 5174/1381/4865 4620/1392/4362 4604/1376/4346
f 5175/1380/4866 4623/1395/4365 4620/1392/4362
f 751/751/736 4625/1397/4367 4623/1395/4365
f 750/750/735 4627/1399/4369 4625/1397/4367
f 762/762/746 4629/1401/4371 4627/1399/4369
f 5176/1584/752 4631/1403/4373 4629/1401/4371
f 776/776/759 4633/1405/4375 4631/1403/4373
f 783/783/766 4635/1407/4377 4633/1405/4375
f 5177/790/773 4663/1435/4403 4635/1407/4377
f 4653/1425/4393 4637/1409/816 4639/1411/4380
f 4655/1427/4395 5178/833/4867 4653/1425/4393
f 4657/1429/4397 5179/1585/4868 4655/1427/4395
f 4659/1431/4399 5180/847/4869 4657/1429/4397
f 4658/1430/4398 854/854/836 4659/1431/4399
f 4661/1433/4401 861/861/843 4658/1430/4398
f 4661/1433/4401 5181/797/780 5182/1586/4870
f 5183/1477/4440 4718/1212/4451 4702/1196/4435
f 5184/1198/4871 4727/1215/4460 4718/1212/4451
f 5185/3/4453 4729/1217/4462 4727/1215/4460
f 5186/1/4872 4731/1219/4464 4729/1217/4462
f 5187/1570/4873 4733/1221/4466 4731/1219/4464
f 5188/21/4874 4735/1223/4468 4733/1221/4466
f 5189/1587/4875 4737/1225/4470 4735/1223/4468
f 5190/1588/4876 4739/1227/4472 4737/1225/4470
f 5191/42/4877 4767/1254/4500 4739/1227/4472
f 4757/1244/4490 4741/1482/4474 4743/1237/4476
f 4759/1246/4492 5192/1572/4878 4757/1244/4490
f 4761/1248/4494 5193/92/4879 4759/1246/4492
f 4763/1485/4496 5194/1573/4880 4761/1248/4494
f 4762/1250/4495 5195/1574/4881 4763/1485/4496
f 4765/1252/4498 5196/1575/4882 4762/1250/4495
f 4765/1252/4498 5197/49/4883 5198/1589/4884
f 4866/1504/4599 4829/1300/4562 4826/1297/4559
f 5199/1590/4885 4831/1302/4564 4829/1300/4562
f 5200/1591/4886 4833/1304/4566 4831/1302/4564
f 5201/1592/4887 4835/1306/4568 4833/1304/4566
f 5202/1593/4888 4837/1308/4570 4835/1306/4568
f 5203/1594/4889 4839/1310/4572 4837/1308/4570
f 5204/1595/4890 4841/1312/4574 4839/1310/4572
f 5205/1596/4891 5206/1582/4892 4841/1312/4574
f 4924/1392/4652 4912/1511/4640 4908/1509/4636
f 4933/1395/4661 4910/1380/4638 4924/1392/4652
f 4935/1397/4663 5207/751/4653 4933/1395/4661
f 4937/1399/4665 5208/1597/4893 4935/1397/4663
f 4939/1401/4667 5209/762/4894 4937/1399/4665
f 4941/1403/4669 5210/769/4895 4939/1401/4667
f 4943/1405/4671 5211/1598/4896 4941/1403/4669
f 4945/1407/4673 5212/1599/4897 4943/1405/4671
f 4972/1435/4699 5213/790/4898 4945/1407/4673
f 4946/1517/4674 4962/1425/4689 4955/1411/4683
f 5214/1600/4899 4964/1427/4691 4962/1425/4689
f 5215/1601/4900 4966/1429/4693 4964/1427/4691
f 5216/847/4901 5217/1431/4902 4966/1429/4693
f 5218/854/4903 4968/1430/4695 5217/1431/4902
f 5219/861/4904 4970/1433/4697 4968/1430/4695
f 4970/1433/4697 5220/1602/4905 4972/1435/4699
f 5221/1524/4906 5222/1603/4734 5013/1524/4730
f 5223/1604/4907 5224/1605/4908 5225/1606/4909
f 5224/1605/4908 5226/1607/4910 5227/1608/4911
f 5227/1608/4911 5228/1609/4912 5229/1610/4913
f 5223/1604/4907 5230/1611/4914 5231/1612/4915
f 5230/1611/4914 5226/1607/4910 5231/1612/4915
f 5232/1613/4916 5228/1609/4912 5226/1607/4910
f 5233/1614/4917 5234/1615/4918 5230/1611/4914
f 5230/1611/4914 5235/1616/4919 5232/1613/4916
f 5235/1616/4919 5236/1617/4920 5232/1613/4916
f 5237/1618/4921 5238/1619/4922 5234/1615/4918
f 5234/1615/4918 5239/1620/4923 5235/1616/4919
f 5239/1620/4923 5240/1621/4924 5235/1616/4919
f 5241/1622/4925 5238/1619/4922 5242/1623/4926
f 5243/1624/4927 5239/1620/4923 5238/1619/4922
f 5239/1620/4923 5244/1625/4928 5245/1626/4929
f 5246/1627/4930 5243/1624/4927 5241/1622/4925
f 5247/1628/4931 5248/1629/4932 5243/1624/4927
f 5249/1630/4933 5244/1625/4928 5248/1629/4932
f 5250/1631/4934 5247/1628/4931 5246/1627/4930
f 5251/1632/4935 5249/1630/4933 5247/1628/4931
f 5252/1633/4936 5253/1634/4937 5249/1630/4933
f 5254/1635/4938 5255/1636/4939 5256/1637/4940
f 5256/1637/4940 5257/1638/4941 5258/1639/4942
f 5258/1639/4942 5259/1640/4943 5260/1641/4944
f 5261/1642/4945 5262/1643/4946 5255/1636/4939
f 5255/1636/4939 5263/1644/4947 5257/1638/4941
f 5257/1638/4941 5264/1645/4948 5259/1640/4943
f 5265/1646/4949 5266/1647/4950 5262/1643/4946
f 5262/1643/4946 5267/1648/4951 5263/1644/4947
f 5267/1648/4951 5264/1645/4948 5263/1644/4947
f 5268/1649/4952 5266/1647/4950 5269/1650/4953
f 5270/1651/4954 5267/1648/4951 5266/1647/4950
f 5267/1648/4951 5271/1652/4955 5272/1653/4956
f 5273/1654/4957 5270/1651/4954 5268/1649/4952
f 5274/1655/4958 5275/1656/4959 5270/1651/4954
f 5275/1656/4959 5276/1657/4960 5271/1652/4955
f 5277/1658/4961 5274/1655/4958 5273/1654/4957
f 5274/1655/4958 5278/1659/4962 5279/1660/4963
f 5279/1660/4963 5280/1661/4964 5276/1657/4960
f 5277/1658/4961 5281/1662/4965 5282/1663/4966
f 5281/1662/4965 5278/1659/4962 5282/1663/4966
f 5283/1664/4967 5280/1661/4964 5278/1659/4962
f 5284/1605/4968 5285/1604/4969 5286/1606/4970
f 5284/1605/4968 5287/1607/4971 5288/1612/4972
f 5289/1608/4973 5290/1609/4974 5287/1607/4971
f 5288/1612/4972 5291/1614/4975 5285/1604/4969
f 5287/1607/4971 5292/1611/4976 5288/1612/4972
f 5290/1609/4974 5293/1613/4977 5287/1607/4971
f 5292/1611/4976 5294/1618/4978 5291/1614/4975
f 5293/1613/4977 5295/1615/4979 5292/1611/4976
f 5296/1617/4980 5297/1616/4981 5293/1613/4977
f 5295/1615/4979 5298/1623/4982 5294/1618/4978
f 5297/1616/4981 5299/1619/4983 5295/1615/4979
f 5297/1616/4981 5300/1626/4984 5301/1620/4985
f 5299/1619/4983 5302/1622/4986 5298/1623/4982
f 5301/1620/4985 5303/1624/4987 5299/1619/4983
f 5300/1626/4984 5304/1629/4988 5301/1620/4985
f 5302/1622/4986 5305/1628/4989 5306/1627/4990
f 5304/1629/4988 5305/1628/4989 5303/1624/4987
f 5307/1625/4991 5308/1630/4992 5304/1629/4988
f 5306/1627/4990 5309/1632/4993 5310/1631/4994
f 5305/1628/4989 5311/1633/4995 5309/1632/4993
f 5312/1634/4996 5311/1633/4995 5308/1630/4992
f 5313/1637/4997 5314/1642/4998 5315/1635/4999
f 5313/1637/4997 5316/1638/5000 5317/1636/5001
f 5318/1639/5002 5319/1640/5003 5316/1638/5000
f 5314/1642/4998 5320/1643/5004 5321/1646/5005
f 5317/1636/5001 5322/1644/5006 5320/1643/5004
f 5316/1638/5000 5323/1645/5007 5322/1644/5006
f 5321/1646/5005 5324/1647/5008 5325/1650/5009
f 5320/1643/5004 5326/1648/5010 5324/1647/5008
f 5322/1644/5006 5327/1653/5011 5326/1648/5010
f 5325/1650/5009 5328/1651/5012 5329/1649/5013
f 5324/1647/5008 5330/1656/5014 5328/1651/5012
f 5327/1653/5011 5330/1656/5014 5326/1648/5010
f 5329/1649/5013 5331/1655/5015 5332/1654/5016
f 5328/1651/5012 5333/1660/5017 5331/1655/5015
f 5330/1656/5014 5334/1657/5018 5333/1660/5017
f 5331/1655/5015 5335/1658/5019 5332/1654/5016
f 5331/1655/5015 5336/1659/5020 5337/1663/5021
f 5333/1660/5017 5338/1661/5022 5336/1659/5020
f 5335/1658/5019 5339/1662/5023 5340/1665/5024
f 5336/1659/5020 5339/1662/5023 5337/1663/5021
f 5338/1661/5022 5341/1664/5025 5336/1659/5020
f 5224/1605/4908 5342/1608/5026 5343/1605/4968
f 5229/1610/4913 5344/1609/4974 5345/1610/5027
f 5227/1608/4911 5345/1610/5027 5342/1608/5026
f 5233/1614/4917 5346/1604/5028 5347/1614/5029
f 5236/1617/4920 5344/1609/4974 5228/1609/4912
f 5237/1618/4921 5347/1614/5029 5348/1618/5030
f 5240/1621/4924 5349/1617/5031 5236/1617/4920
f 5242/1623/4926 5348/1618/5030 5350/1623/5032
f 5245/1626/4929 5351/1621/5033 5240/1621/4924
f 5241/1622/4925 5350/1623/5032 5352/1622/5034
f 5245/1626/4929 5353/1625/5035 5354/1626/5036
f 5241/1622/4925 5355/1627/5037 5246/1627/4930
f 5244/1625/4928 5356/1634/5038 5353/1625/5035
f 5246/1627/4930 5357/1631/5039 5250/1631/4934
f 5250/1631/4934 5358/1632/5040 5251/1632/4935
f 5252/1633/4936 5358/1632/5040 5359/1633/5041
f 5252/1633/4936 5360/1666/5042 5361/1666/5043
f 5253/1634/4937 5360/1666/5042 5356/1634/5038
f 5261/1642/4945 5362/1635/5044 5363/1642/5045
f 5256/1637/4940 5362/1635/5044 5254/1635/4938
f 5256/1637/4940 5364/1639/5046 5365/1637/5047
f 5259/1640/4943 5366/1641/5048 5260/1641/4944
f 5258/1639/4942 5366/1641/5048 5364/1639/5046
f 5265/1646/4949 5363/1642/5045 5367/1646/5049
f 5264/1645/4948 5368/1640/5050 5259/1640/4943
f 5265/1646/4949 5369/1650/5051 5269/1650/4953
f 5272/1653/4956 5370/1645/5052 5264/1645/4948
f 5269/1650/4953 5371/1649/5053 5268/1649/4952
f 5272/1653/4956 5372/1652/5054 5373/1653/5011
f 5268/1649/4952 5374/1654/5055 5273/1654/4957
f 5271/1652/4955 5375/1657/5056 5372/1652/5054
f 5273/1654/4957 5376/1658/5019 5277/1658/4961
f 5276/1657/4960 5377/1661/5022 5375/1657/5056
f 5378/1665/5057 5335/1658/5019 5340/1665/5024
f 5281/1662/4965 5379/1665/5058 5380/1662/5059
f 5283/1664/4967 5380/1662/5059 5381/1664/5025
f 5283/1664/4967 5382/1667/5060 5383/1667/5061
f 5383/1667/5061 5377/1661/5022 5280/1661/4964
f 5225/1606/4909 5346/1604/5028 5223/1604/4907
f 5224/1605/4908 5384/1606/5062 5225/1606/4909
f 5385/1668/5063 5386/1669/5064 5387/1670/5065
f 5388/1671/593 5386/1669/5064 5389/1672/5066
f 5390/1673/594 5391/1674/5067 5388/1671/593
f 5390/1673/594 5392/1675/5068 5393/1676/5069
f 5394/1677/5070 5395/1678/5071 5392/1675/5068
f 5396/1679/5072 5397/1680/5073 5395/1678/5071
f 5398/1681/597 5399/1682/5074 5397/1680/5073
f 5400/1683/599 5399/1682/5074 5401/1684/5075
f 5387/1670/5065 5402/1685/5076 5403/1686/5077
f 5391/1674/5067 5402/1685/5076 5386/1669/5064
f 5393/1676/5069 5404/1687/5078 5391/1674/5067
f 5392/1675/5068 5405/1688/5079 5393/1676/5069
f 5392/1675/5068 5406/1689/5080 5407/1690/5081
f 5395/1678/5071 5408/1691/5082 5406/1689/5080
f 5397/1680/5073 5409/1692/5083 5408/1691/5082
f 5410/1693/5084 5409/1692/5083 5399/1682/5074
f 5411/1694/5085 5412/1695/5086 5413/1696/5087
f 5414/1697/5088 5412/1695/5086 5415/1698/5089
f 5416/1699/5090 5417/1700/5091 5414/1697/5088
f 5416/1699/5090 5418/1701/5092 5419/1702/5093
f 5420/1703/5094 5421/1704/5095 5418/1701/5092
f 5422/1705/5096 5423/1706/5097 5421/1704/5095
f 5424/1707/5098 5425/1708/5099 5423/1706/5097
f 5426/1709/5100 5425/1708/5099 5427/1710/5101
f 5428/1711/5102 5429/1712/5103 5430/1713/687
f 5431/1714/5104 5432/1715/689 5429/1712/5103
f 5433/1716/5105 5434/1717/5106 5432/1715/689
f 5435/1718/5107 5436/1719/5108 5434/1717/5106
f 5436/1719/5108 5437/1720/5109 5438/1721/5110
f 5438/1721/5110 5439/1722/5111 5440/1723/692
f 5440/1723/692 5441/1724/5112 5442/1725/694
f 5443/1726/5113 5431/1714/5104 5428/1711/5102
f 5444/1727/5114 5433/1716/5105 5431/1714/5104
f 5445/1728/5115 5435/1718/5107 5433/1716/5105
f 5435/1718/5107 5446/1729/5116 5447/1730/5117
f 5447/1730/5117 5448/1731/5118 5437/1720/5109
f 5437/1720/5109 5449/1732/5119 5439/1722/5111
f 5439/1722/5111 5450/1733/5120 5441/1724/5112
f 5451/1734/5121 5452/1735/5122 5453/1736/5123
f 5454/1737/5124 5455/1738/5125 5452/1735/5122
f 5456/1739/5126 5457/1740/5127 5455/1738/5125
f 5458/1741/5128 5459/1742/5129 5457/1740/5127
f 5459/1742/5129 5460/1743/5130 5461/1744/5131
f 5461/1744/5131 5462/1745/5132 5463/1746/5133
f 5463/1746/5133 5464/1747/5134 5465/1748/5135
f 5453/1736/5123 5466/1749/5136 5467/1750/5137
f 5428/1711/5102 5466/1749/5136 5443/1726/5113
f 5428/1711/5102 5468/1751/720 5469/1752/5138
f 5466/1749/5136 5470/1753/5139 5467/1750/5137
f 5469/1752/5138 5471/1754/5140 5466/1749/5136
f 5469/1752/5138 5472/1755/706 5473/1756/5141
f 5471/1754/5140 5474/1757/5142 5470/1753/5139
f 5473/1756/5141 5475/1758/5143 5471/1754/5140
f 5473/1756/5141 5476/1759/707 5477/1760/5144
f 5475/1758/5143 5411/1694/5085 5474/1757/5142
f 5477/1760/5144 5403/1686/5077 5475/1758/5143
f 5477/1760/5144 5385/1668/5063 5387/1670/5065
f 5478/1761/1071 5479/1762/5145 5480/1763/5146
f 5480/1763/5146 5481/1764/5147 5482/1765/5148
f 5481/1764/5147 5483/1766/966 5482/1765/5148
f 5484/1767/5149 5485/1768/5150 5483/1766/966
f 5485/1768/5150 5486/1769/5151 5487/1770/5152
f 5487/1770/5152 5488/1771/5153 5489/1772/969
f 5489/1772/969 5490/1773/5154 5491/1774/5155
f 5491/1774/5155 5492/1775/5156 5493/1776/1069
f 5494/1777/5157 5495/1778/5158 5479/1762/5145
f 5495/1778/5158 5481/1764/5147 5479/1762/5145
f 5496/1779/5159 5484/1767/5149 5481/1764/5147
f 5497/1780/5160 5498/1781/5161 5484/1767/5149
f 5498/1781/5161 5499/1782/5162 5486/1769/5151
f 5486/1769/5151 5500/1783/5163 5488/1771/5153
f 5488/1771/5153 5501/1784/5164 5490/1773/5154
f 5490/1773/5154 5502/1785/5165 5492/1775/5156
f 5503/1786/5166 5504/1787/5167 5505/1788/5168
f 5504/1787/5167 5506/1789/5169 5507/1790/5170
f 5507/1790/5170 5508/1791/5171 5509/1792/5172
f 5508/1791/5171 5510/1793/5173 5509/1792/5172
f 5510/1793/5173 5511/1794/5174 5512/1795/5175
f 5512/1795/5175 5513/1796/5176 5514/1797/5177
f 5514/1797/5177 5515/1798/5178 5516/1799/5179
f 5516/1799/5179 5517/1800/5180 5518/1801/5181
f 5519/1802/5182 5520/1803/5183 5521/1804/5184
f 5522/1805/1064 5520/1803/5183 5523/1806/1063
f 5524/1807/1065 5525/1808/5185 5522/1805/1064
f 5524/1807/1065 5526/1809/5186 5527/1810/5187
f 5528/1811/1067 5529/1812/5188 5526/1809/5186
f 5530/1813/5189 5531/1814/5190 5529/1812/5188
f 5532/1815/1068 5533/1816/5191 5531/1814/5190
f 5521/1804/5184 5534/1817/5192 5535/1818/5193
f 5520/1803/5183 5536/1819/5194 5534/1817/5192
f 5527/1810/5187 5536/1819/5194 5525/1808/5185
f 5527/1810/5187 5537/1820/5195 5538/1821/5196
f 5526/1809/5186 5539/1822/5197 5537/1820/5195
f 5529/1812/5188 5540/1823/5198 5539/1822/5197
f 5531/1814/5190 5541/1824/5165 5540/1823/5198
f 5542/1825/5199 5543/1826/5200 5544/1827/5201
f 5545/1828/5202 5546/1829/5203 5543/1826/5200
f 5547/1830/5204 5546/1829/5203 5548/1831/5205
f 5547/1830/5204 5549/1832/5206 5550/1833/5207
f 5551/1834/5208 5549/1832/5206 5552/1835/5209
f 5553/1836/5210 5554/1837/5211 5551/1834/5208
f 5555/1838/5181 5556/1839/5212 5553/1836/5210
f 5542/1825/5199 5557/1840/5213 5535/1818/5193
f 5535/1818/5193 5558/1841/5214 5521/1804/5184
f 5521/1804/5184 5559/1842/5215 5519/1802/5182
f 5560/1843/5216 5557/1840/5213 5561/1844/5217
f 5557/1840/5213 5562/1845/5218 5558/1841/5214
f 5562/1845/5218 5559/1842/5215 5558/1841/5214
f 5563/1846/5219 5564/1847/5220 5560/1843/5216
f 5564/1847/5220 5565/1848/5221 5562/1845/5218
f 5565/1848/5221 5566/1849/1084 5562/1845/5218
f 5563/1846/5219 5567/1850/5222 5568/1851/5223
f 5567/1850/5222 5565/1848/5221 5568/1851/5223
f 5494/1777/5157 5569/1852/1070 5565/1848/5221
f 5570/1670/5224 5571/1672/5225 5572/1668/5226
f 5573/1669/5227 5574/1671/5228 5571/1672/5225
f 5575/1674/5229 5576/1673/5230 5574/1671/5228
f 5576/1673/5230 5577/1675/5231 5578/1677/5232
f 5578/1677/5232 5579/1678/5233 5580/1679/5234
f 5580/1679/5234 5581/1680/5235 5582/1681/5236
f 5582/1681/5236 5583/1682/5237 5584/1684/5238
f 5583/1682/5237 5585/1683/5239 5584/1684/5238
f 5586/1686/5240 5573/1669/5227 5570/1670/5224
f 5587/1685/5241 5575/1674/5229 5573/1669/5227
f 5588/1687/5242 5589/1676/5243 5575/1674/5229
f 5589/1676/5243 5590/1690/5244 5577/1675/5231
f 5577/1675/5231 5591/1689/5245 5579/1678/5233
f 5579/1678/5233 5592/1691/5246 5581/1680/5235
f 5581/1680/5235 5593/1692/5247 5583/1682/5237
f 5593/1692/5247 5594/1693/5248 5583/1682/5237
f 5595/1696/5249 5587/1685/5241 5586/1686/5240
f 5596/1695/5250 5588/1687/5242 5587/1685/5241
f 5597/1700/5251 5598/1688/5252 5588/1687/5242
f 5598/1688/5252 5599/1701/5253 5590/1690/5244
f 5590/1690/5244 5600/1704/5254 5591/1689/5245
f 5591/1689/5245 5601/1706/5255 5592/1691/5246
f 5592/1691/5246 5602/1708/5256 5593/1692/5247
f 5602/1708/5256 5603/1853/5257 5593/1692/5247
f 5604/1712/5258 5605/1711/5259 5606/1713/5260
f 5607/1715/5261 5608/1714/5262 5604/1712/5258
f 5609/1717/5263 5610/1716/5264 5607/1715/5261
f 5611/1719/5265 5612/1718/5266 5609/1717/5263
f 5611/1719/5265 5613/1720/5267 5614/1730/5268
f 5615/1721/5269 5616/1722/5270 5613/1720/5267
f 5617/1723/5271 5618/1724/5272 5616/1722/5270
f 5608/1714/5262 5619/1726/5273 5605/1711/5259
f 5610/1716/5264 5620/1727/5274 5608/1714/5262
f 5612/1718/5266 5621/1728/5275 5610/1716/5264
f 5612/1718/5266 5622/1729/5276 5623/1854/5277
f 5614/1730/5268 5624/1731/5278 5622/1729/5276
f 5613/1720/5267 5625/1732/5279 5624/1731/5278
f 5616/1722/5270 5626/1733/5280 5625/1732/5279
f 5620/1727/5274 5627/1734/5281 5619/1726/5273
f 5621/1728/5275 5628/1737/5282 5620/1727/5274
f 5623/1854/5277 5629/1739/5283 5621/1728/5275
f 5623/1854/5277 5630/1855/5284 5631/1741/5285
f 5622/1729/5276 5632/1743/5286 5630/1855/5284
f 5624/1731/5278 5633/1745/5287 5632/1743/5286
f 5625/1732/5279 5634/1747/5288 5633/1745/5287
f 5627/1734/5281 5635/1749/5289 5619/1726/5273
f 5619/1726/5273 5636/1752/5290 5605/1711/5259
f 5605/1711/5259 5637/1751/5291 5606/1713/5260
f 5638/1856/5292 5639/1754/5293 5635/1749/5289
f 5635/1749/5289 5640/1756/5294 5636/1752/5290
f 5636/1752/5290 5641/1755/5295 5637/1751/5291
f 5642/1857/5296 5643/1758/5297 5639/1754/5293
f 5639/1754/5293 5644/1760/5298 5640/1756/5294
f 5640/1756/5294 5645/1759/5299 5641/1755/5295
f 5595/1696/5249 5643/1758/5297 5646/1858/5300
f 5643/1758/5297 5570/1670/5224 5644/1760/5298
f 5644/1760/5298 5572/1668/5226 5645/1759/5299
f 5647/1761/5301 5648/1762/5302 5649/1777/5303
f 5650/1763/5304 5651/1764/5305 5648/1762/5302
f 5652/1766/5306 5651/1764/5305 5653/1765/5307
f 5654/1768/5308 5655/1767/5309 5652/1766/5306
f 5654/1768/5308 5656/1769/5310 5657/1781/5311
f 5658/1770/5312 5659/1771/5313 5656/1769/5310
f 5660/1772/5314 5661/1773/5315 5659/1771/5313
f 5662/1774/5316 5663/1775/5317 5661/1773/5315
f 5649/1777/5303 5664/1778/5318 5665/1850/5319
f 5651/1764/5305 5664/1778/5318 5648/1762/5302
f 5655/1767/5309 5666/1779/5320 5651/1764/5305
f 5657/1781/5311 5667/1780/5321 5655/1767/5309
f 5657/1781/5311 5668/1782/5322 5669/1859/5323
f 5656/1769/5310 5670/1783/5324 5668/1782/5322
f 5659/1771/5313 5671/1784/5325 5670/1783/5324
f 5661/1773/5315 5672/1785/5326 5671/1784/5325
f 5665/1850/5319 5673/1860/5327 5674/1786/5328
f 5666/1779/5320 5673/1860/5327 5664/1778/5318
f 5667/1780/5321 5675/1789/5329 5666/1779/5320
f 5669/1859/5323 5676/1791/5330 5667/1780/5321
f 5669/1859/5323 5677/1794/5331 5678/1861/5332
f 5668/1782/5322 5679/1796/5333 5677/1794/5331
f 5670/1783/5324 5680/1798/5334 5679/1796/5333
f 5671/1784/5325 5681/1800/5335 5680/1798/5334
f 5682/1802/5336 5683/1803/5337 5684/1806/5338
f 5683/1803/5337 5685/1805/5339 5684/1806/5338
f 5686/1808/5340 5687/1807/5341 5685/1805/5339
f 5687/1807/5341 5688/1809/5342 5689/1811/5343
f 5689/1811/5343 5690/1812/5344 5691/1813/5345
f 5691/1813/5345 5692/1814/5346 5693/1815/5347
f 5693/1815/5347 5694/1816/5317 5695/1862/5348
f 5696/1818/5349 5683/1803/5337 5697/1804/5350
f 5698/1817/5351 5686/1808/5340 5683/1803/5337
f 5699/1819/5352 5700/1810/5353 5686/1808/5340
f 5700/1810/5353 5701/1820/5354 5688/1809/5342
f 5688/1809/5342 5702/1822/5355 5690/1812/5344
f 5690/1812/5344 5703/1823/5356 5692/1814/5346
f 5692/1814/5346 5704/1824/5357 5694/1816/5317
f 5705/1827/5358 5698/1817/5351 5696/1818/5349
f 5706/1826/5359 5699/1819/5352 5698/1817/5351
f 5707/1829/5360 5708/1821/5361 5699/1819/5352
f 5708/1821/5361 5709/1832/5362 5701/1820/5354
f 5701/1820/5354 5710/1837/5363 5702/1822/5355
f 5702/1822/5355 5711/1839/5364 5703/1823/5356
f 5703/1823/5356 5712/1863/5365 5704/1824/5357
f 5705/1827/5358 5713/1840/5366 5714/1864/5367
f 5696/1818/5349 5715/1841/5368 5713/1840/5366
f 5697/1804/5350 5716/1842/5369 5715/1841/5368
f 5714/1864/5367 5717/1847/5370 5718/1865/5371
f 5713/1840/5366 5719/1845/5372 5717/1847/5370
f 5715/1841/5368 5720/1849/5373 5719/1845/5372
f 5717/1847/5370 5721/1866/5374 5718/1865/5371
f 5719/1845/5372 5722/1851/5375 5717/1847/5370
f 5720/1849/5373 5723/1848/5376 5719/1845/5372
f 5722/1851/5375 5674/1786/5328 5721/1866/5374
f 5723/1848/5376 5665/1850/5319 5722/1851/5375
f 5724/1852/5377 5649/1777/5303 5723/1848/5376
f 5413/1696/5087 5725/1695/5378 5726/1696/5379
f 5412/1695/5086 5727/1700/5380 5725/1695/5378
f 5417/1700/5091 5728/1702/5381 5727/1700/5380
f 5419/1702/5093 5729/1701/5382 5728/1702/5381
f 5421/1704/5095 5729/1701/5382 5418/1701/5092
f 5423/1706/5097 5730/1704/5383 5421/1704/5095
f 5425/1708/5099 5731/1706/5384 5423/1706/5097
f 5425/1708/5099 5732/1867/5385 5733/1708/5386
f 5454/1737/5124 5734/1734/5387 5735/1737/5388
f 5454/1737/5124 5736/1739/5389 5456/1739/5126
f 5456/1739/5126 5737/1741/5285 5458/1741/5128
f 5738/1855/5390 5631/1741/5285 5630/1855/5284
f 5460/1743/5130 5739/1855/5284 5740/1743/5391
f 5462/1745/5132 5740/1743/5391 5741/1745/5392
f 5464/1747/5134 5741/1745/5392 5742/1747/5288
f 5451/1734/5121 5743/1856/5292 5734/1734/5387
f 5744/1856/5393 5642/1857/5296 5638/1856/5292
f 5745/1858/5394 5642/1857/5296 5746/1857/5395
f 5413/1696/5087 5747/1858/5396 5748/1858/5397
f 5749/1860/5398 5674/1786/5328 5673/1860/5327
f 5506/1789/5169 5750/1860/5399 5751/1789/5329
f 5506/1789/5169 5752/1791/5330 5508/1791/5171
f 5508/1791/5171 5753/1861/5332 5754/1861/5400
f 5511/1794/5174 5753/1861/5332 5755/1794/5401
f 5513/1796/5176 5755/1794/5401 5756/1796/5333
f 5515/1798/5178 5756/1796/5333 5757/1798/5402
f 5517/1800/5180 5757/1798/5402 5758/1800/5365
f 5544/1827/5201 5759/1826/5403 5760/1827/5404
f 5543/1826/5200 5761/1829/5360 5759/1826/5403
f 5546/1829/5203 5762/1833/5405 5761/1829/5360
f 5549/1832/5206 5762/1833/5405 5550/1833/5207
f 5554/1837/5211 5763/1832/5406 5549/1832/5206
f 5556/1839/5212 5764/1837/5407 5554/1837/5211
f 5765/1863/5408 5766/1839/5409 5556/1839/5212
f 5767/1864/5410 5705/1827/5358 5714/1864/5367
f 5767/1864/5410 5718/1865/5371 5768/1865/5411
f 5769/1866/5412 5718/1865/5371 5721/1866/5374
f 5503/1786/5166 5770/1866/5374 5771/1786/5413
f 5772/1866/5414 5505/1788/5168 5563/1846/5219
f 5772/1866/5414 5560/1843/5216 5773/1865/5415
f 5773/1865/5415 5561/1844/5217 5774/1864/5416
f 5544/1827/5201 5561/1844/5217 5542/1825/5199
f 5540/1823/5198 5555/1838/5181 5553/1836/5210
f 5539/1822/5197 5553/1836/5210 5551/1834/5208
f 5539/1822/5197 5552/1835/5209 5537/1820/5195
f 5538/1821/5196 5552/1835/5209 5547/1830/5204
f 5536/1819/5194 5547/1830/5204 5548/1831/5205
f 5534/1817/5192 5548/1831/5205 5545/1828/5202
f 5535/1818/5193 5545/1828/5202 5542/1825/5199
f 5501/1784/5164 5518/1801/5181 5502/1785/5165
f 5500/1783/5163 5516/1799/5179 5501/1784/5164
f 5499/1782/5162 5514/1797/5177 5500/1783/5163
f 5775/1859/5417 5512/1795/5175 5499/1782/5162
f 5509/1792/5172 5775/1859/5417 5497/1780/5160
f 5496/1779/5159 5509/1792/5172 5497/1780/5160
f 5495/1778/5158 5507/1790/5170 5496/1779/5159
f 5567/1850/5222 5504/1787/5167 5495/1778/5158
f 5474/1757/5142 5413/1696/5087 5748/1858/5397
f 5470/1753/5139 5748/1858/5397 5776/1857/5395
f 5467/1750/5137 5776/1857/5395 5777/1856/5393
f 5453/1736/5123 5777/1856/5393 5451/1734/5121
f 5449/1732/5119 5465/1748/5135 5450/1733/5120
f 5448/1731/5118 5463/1746/5133 5449/1732/5119
f 5446/1729/5116 5461/1744/5131 5448/1731/5118
f 5778/1854/5418 5459/1742/5129 5446/1729/5116
f 5455/1738/5125 5778/1854/5418 5445/1728/5115
f 5452/1735/5122 5445/1728/5115 5444/1727/5114
f 5453/1736/5123 5444/1727/5114 5443/1726/5113
f 5779/1853/5419 5427/1710/5101 5409/1692/5083
f 5408/1691/5082 5427/1710/5101 5424/1707/5098
f 5406/1689/5080 5424/1707/5098 5422/1705/5096
f 5407/1690/5081 5422/1705/5096 5420/1703/5094
f 5405/1688/5079 5420/1703/5094 5416/1699/5090
f 5405/1688/5079 5414/1697/5088 5404/1687/5078
f 5404/1687/5078 5415/1698/5089 5402/1685/5076
f 5403/1686/5077 5415/1698/5089 5411/1694/5085
f 4908/1509/4636 5091/1544/4803 5089/1543/4801
f 5013/1524/4730 5183/1477/4440 4702/1196/4435
f 5780/1545/4844 4604/1376/4346 5781/1543/4802
f 4424/1196/4177 5782/1868/5420 5783/1524/5421
f 4606/1378/4348 5784/1542/5422 5785/1542/5423
f 4425/1197/4178 5786/1195/5424 4423/1195/4176
f 5100/1550/4812 4922/1516/4650 5102/1551/4506
f 5098/1549/4810 4920/1515/4648 5100/1550/4812
f 5097/1548/4809 4918/1514/4646 5098/1549/4810
f 5094/1547/4806 4916/1513/4644 5097/1548/4809
f 5139/1546/4845 4914/1512/4642 5094/1547/4806
f 4912/1511/4640 5139/1546/4845 5787/1869/4803
f 4909/1510/4637 5089/1543/4801 5788/1542/5425
f 4815/1291/4548 5067/1541/4783 5065/1540/4781
f 4813/1289/4546 5065/1540/4781 5064/1539/4780
f 4811/1287/4544 5064/1539/4780 5062/1538/4778
f 4809/1494/4542 5062/1538/4778 5059/1537/4775
f 5057/1536/4773 4809/1494/4542 5059/1537/4775
f 4805/1281/4538 5057/1536/4773 5055/1535/4771
f 4803/1279/4536 5055/1535/4771 5054/1534/4770
f 4800/1278/4533 5054/1534/4770 5052/1533/4768
f 4802/1280/4535 4796/1493/4529 4799/1276/4532
f 4799/1276/4532 4792/1492/4525 4795/1273/4528
f 4795/1273/4528 4788/1491/4521 4791/1270/4524
f 4791/1270/4524 4784/1490/4517 4787/1267/4520
f 4787/1267/4520 4780/1488/4513 4783/1264/4516
f 4783/1264/4516 4781/1489/4514 4779/1261/4512
f 4779/1261/4512 4776/1258/4509 4775/1259/4508
f 4775/1259/4508 4771/1486/4504 4769/1255/4502
f 5025/1531/4742 4716/1210/4449 4714/1480/4447
f 5022/1530/4739 4714/1480/4447 4712/1479/4445
f 5023/1529/4740 4712/1479/4445 4710/1478/4443
f 5021/1528/4738 4710/1478/4443 4708/1202/4441
f 5016/1526/4733 4708/1202/4441 4705/1475/4438
f 5017/1527/4734 4705/1475/4438 4707/1477/4440
f 5014/1523/4731 4702/1196/4435 4704/1474/4437
f 5789/1550/5426 4618/1390/4360 4616/1388/4358
f 5790/1549/5427 4616/1388/4358 4614/1386/4356
f 5791/1548/5428 4614/1386/4356 4612/1384/4354
f 5792/1547/5429 4612/1384/4354 4610/1382/4352
f 5792/1547/5429 4607/1379/4349 5793/1546/5430
f 5793/1546/5430 4609/1381/4351 5794/1553/5431
f 5781/1543/4802 4606/1378/4348 5785/1542/5423
f 5795/1541/4784 4519/1291/4271 5796/1540/5432
f 5796/1540/5432 4517/1289/4269 5797/1539/5433
f 5797/1539/5433 4515/1287/4267 5798/1538/5434
f 5798/1538/5434 4513/1285/4265 5799/1537/5435
f 5800/1536/5436 4513/1285/4265 4511/1283/4263
f 5800/1536/5436 4509/1281/4261 5801/1535/5437
f 5802/1534/5438 4509/1281/4261 4507/1279/4259
f 5803/1533/5439 4507/1279/4259 4506/1278/4258
f 4503/1275/4255 4508/1280/4260 4504/1276/4256
f 4500/1272/4252 4504/1276/4256 4501/1273/4253
f 4497/1269/4249 4501/1273/4253 4498/1270/4250
f 4494/1266/4246 4498/1270/4250 4495/1267/4247
f 4491/1263/4243 4495/1267/4247 4492/1264/4244
f 4488/1260/4240 4492/1264/4244 4489/1261/4241
f 4486/1258/4238 4489/1261/4241 4487/1259/4239
f 4484/1256/4236 4487/1259/4239 4483/1255/4235
f 5804/1531/5440 4438/1210/4191 5805/1532/4784
f 5806/1530/5441 4436/1208/4189 5804/1531/5440
f 5807/1529/5442 4434/1206/4187 5806/1530/5441
f 4430/1202/4183 5807/1529/5442 5808/1528/5443
f 5809/1526/5444 4430/1202/4183 5808/1528/5443
f 4428/1200/4181 5809/1526/5444 5810/1525/5420
f 4425/1197/4178 5783/1524/5421 5811/1523/5445
f 1/1/1 4/4/4 2/2/2
f 4/4/4 6/6/6 5/5/5
f 6/6/6 8/8/8 7/7/7
f 8/8/8 10/10/10 9/9/9
f 10/10/10 12/12/12 11/11/11
f 12/12/12 20/20/20 13/13/13
f 14/14/14 15/15/15 4/4/4
f 15/15/15 16/16/16 6/6/6
f 16/16/16 17/17/17 8/8/8
f 17/17/17 18/18/18 10/10/10
f 18/18/18 19/19/19 12/12/12
f 19/19/19 27/27/27 20/20/20
f 21/21/21 22/22/22 15/15/15
f 22/22/22 23/23/23 16/16/16
f 23/23/23 24/24/24 17/17/17
f 24/24/24 25/25/25 18/18/18
f 25/25/25 26/26/26 19/19/19
f 26/26/26 34/34/34 27/27/27
f 28/28/28 29/29/29 22/22/22
f 29/29/29 30/30/30 23/23/23
f 30/30/30 31/31/31 24/24/24
f 31/31/31 32/32/32 25/25/25
f 32/32/32 33/33/33 26/26/26
f 33/33/33 41/41/41 34/34/34
f 35/35/35 36/36/36 29/29/29
f 36/36/36 37/37/37 30/30/30
f 37/37/37 38/38/38 31/31/31
f 38/38/38 39/39/39 32/32/32
f 39/39/39 40/40/40 33/33/33
f 40/40/40 48/48/48 41/41/41
f 42/42/42 43/43/43 36/36/36
f 43/43/43 44/44/44 37/37/37
f 44/44/44 45/45/45 38/38/38
f 45/45/45 46/46/46 39/39/39
f 46/46/46 47/47/47 40/40/40
f 47/47/47 55/55/55 48/48/48
f 49/49/49 50/50/50 43/43/43
f 50/50/50 51/51/51 44/44/44
f 51/51/51 52/52/52 45/45/45
f 52/52/52 53/53/53 46/46/46
f 53/53/53 54/54/54 47/47/47
f 54/54/54 5812/1870/5446 55/55/55
f 56/56/56 59/59/59 57/57/57
f 59/59/59 61/61/61 60/60/60
f 61/61/61 63/63/63 62/62/62
f 63/63/63 68/68/68 64/64/64
f 56/56/56 69/69/69 65/65/65
f 59/59/59 65/65/65 66/66/66
f 61/61/61 66/66/66 67/67/67
f 67/67/67 73/73/73 68/68/68
f 69/69/69 74/74/74 70/70/70
f 65/65/65 70/70/70 71/71/71
f 66/66/66 71/71/71 72/72/72
f 72/72/72 78/78/78 73/73/73
f 74/74/74 79/79/79 75/75/75
f 70/70/70 75/75/75 76/76/76
f 71/71/71 76/76/76 77/77/77
f 77/77/77 83/83/83 78/78/78
f 79/79/79 84/84/84 80/80/80
f 75/75/75 80/80/80 81/81/81
f 76/76/76 81/81/81 82/82/82
f 82/82/82 5153/1566/4854 83/83/83
f 84/84/84 87/87/87 85/85/85
f 79/79/79 88/88/88 87/87/87
f 74/74/74 89/89/89 88/88/88
f 69/69/69 90/90/90 89/89/89
f 56/56/56 91/91/91 90/90/90
f 58/58/58 97/97/97 91/91/91
f 87/87/87 93/93/93 92/92/92
f 88/88/88 94/94/94 93/93/93
f 89/89/89 95/95/95 94/94/94
f 90/90/90 96/96/96 95/95/95
f 91/91/91 98/98/98 96/96/96
f 97/97/97 104/104/104 98/98/98
f 93/93/93 100/100/100 99/99/99
f 94/94/94 101/101/101 100/100/100
f 95/95/95 102/102/102 101/101/101
f 96/96/96 103/103/103 102/102/102
f 98/98/98 105/105/105 103/103/103
f 104/104/104 111/111/111 105/105/105
f 100/100/100 107/107/107 106/106/106
f 101/101/101 108/108/108 107/107/107
f 102/102/102 109/109/109 108/108/108
f 103/103/103 110/110/110 109/109/109
f 105/105/105 112/112/112 110/110/110
f 111/111/111 118/118/118 112/112/112
f 107/107/107 114/114/114 113/113/113
f 108/108/108 115/115/115 114/114/114
f 109/109/109 116/116/116 115/115/115
f 110/110/110 117/117/117 116/116/116
f 112/112/112 119/119/119 117/117/117
f 118/118/118 125/125/125 119/119/119
f 114/114/114 121/121/121 120/120/120
f 115/115/115 122/122/122 121/121/121
f 116/116/116 123/123/123 122/122/122
f 117/117/117 124/124/124 123/123/123
f 119/119/119 126/126/126 124/124/124
f 125/125/125 127/127/127 126/126/126
f 121/121/121 50/50/50 49/49/49
f 122/122/122 51/51/51 50/50/50
f 123/123/123 52/52/52 51/51/51
f 124/124/124 53/53/53 52/52/52
f 126/126/126 54/54/54 53/53/53
f 127/127/127 5812/1870/5446 54/54/54
f 128/128/128 132/132/132 129/129/129
f 131/131/131 134/134/134 132/132/132
f 133/133/133 136/136/136 134/134/134
f 135/135/135 138/138/138 136/136/136
f 137/137/137 140/140/140 138/138/138
f 139/139/139 142/142/142 140/140/140
f 141/141/141 149/149/149 142/142/142
f 132/132/132 144/144/144 143/143/143
f 134/134/134 145/145/145 144/144/144
f 136/136/136 146/146/146 145/145/145
f 138/138/138 147/147/147 146/146/146
f 140/140/140 148/148/148 147/147/147
f 142/142/142 150/150/150 148/148/148
f 149/149/149 157/157/157 150/150/150
f 144/144/144 152/152/152 151/151/151
f 145/145/145 153/153/153 152/152/152
f 146/146/146 154/154/154 153/153/153
f 147/147/147 155/155/155 154/154/154
f 148/148/148 156/156/156 155/155/155
f 150/150/150 158/158/158 156/156/156
f 157/157/157 165/165/165 158/158/158
f 152/152/152 160/160/160 159/159/159
f 153/153/153 161/161/161 160/160/160
f 154/154/154 162/162/162 161/161/161
f 155/155/155 163/163/163 162/162/162
f 156/156/156 164/164/164 163/163/163
f 158/158/158 166/166/166 164/164/164
f 165/165/165 173/173/173 166/166/166
f 160/160/160 168/168/168 167/167/167
f 161/161/161 169/169/169 168/168/168
f 162/162/162 170/170/170 169/169/169
f 163/163/163 171/171/171 170/170/170
f 164/164/164 172/172/172 171/171/171
f 166/166/166 174/174/174 172/172/172
f 173/173/173 181/181/181 174/174/174
f 168/168/168 176/176/176 175/175/175
f 169/169/169 177/177/177 176/176/176
f 170/170/170 178/178/178 177/177/177
f 171/171/171 179/179/179 178/178/178
f 172/172/172 180/180/180 179/179/179
f 174/174/174 182/182/182 180/180/180
f 181/181/181 189/189/189 182/182/182
f 176/176/176 184/184/184 183/183/183
f 177/177/177 185/185/185 184/184/184
f 178/178/178 186/186/186 185/185/185
f 179/179/179 187/187/187 186/186/186
f 180/180/180 188/188/188 187/187/187
f 182/182/182 190/190/190 188/188/188
f 189/189/189 197/197/197 190/190/190
f 184/184/184 192/192/192 191/191/191
f 185/185/185 193/193/193 192/192/192
f 186/186/186 194/194/194 193/193/193
f 187/187/187 195/195/195 194/194/194
f 188/188/188 196/196/196 195/195/195
f 190/190/190 198/198/198 196/196/196
f 197/197/197 200/200/200 198/198/198
f 199/199/199 202/202/202 198/198/198
f 201/201/201 204/204/204 202/202/202
f 203/203/203 206/206/206 204/204/204
f 205/205/205 208/208/208 206/206/206
f 207/207/207 210/210/210 208/208/208
f 209/209/209 212/212/212 210/210/210
f 211/211/211 214/214/213 212/212/212
f 213/213/13 221/221/220 214/214/213
f 202/202/202 215/215/214 196/196/196
f 204/204/204 216/216/215 215/215/214
f 206/206/206 217/217/216 216/216/215
f 208/208/208 218/218/217 217/217/216
f 210/210/210 219/219/218 218/218/217
f 212/212/212 220/220/219 219/219/218
f 214/214/213 222/222/221 220/220/219
f 221/221/220 229/229/228 222/222/221
f 215/215/214 223/223/222 195/195/195
f 216/216/215 224/224/223 223/223/222
f 217/217/216 225/225/224 224/224/223
f 218/218/217 226/226/225 225/225/224
f 219/219/218 227/227/226 226/226/225
f 220/220/219 228/228/227 227/227/226
f 222/222/221 230/230/229 228/228/227
f 229/229/228 237/237/236 230/230/229
f 223/223/222 231/231/230 194/194/194
f 224/224/223 232/232/231 231/231/230
f 225/225/224 233/233/232 232/232/231
f 226/226/225 234/234/233 233/233/232
f 227/227/226 235/235/234 234/234/233
f 228/228/227 236/236/235 235/235/234
f 230/230/229 238/238/237 236/236/235
f 237/237/236 245/245/244 238/238/237
f 231/231/230 239/239/238 193/193/193
f 232/232/231 240/240/239 239/239/238
f 233/233/232 241/241/240 240/240/239
f 234/234/233 242/242/241 241/241/240
f 235/235/234 243/243/242 242/242/241
f 236/236/235 244/244/243 243/243/242
f 238/238/237 246/246/245 244/244/243
f 245/245/244 253/253/252 246/246/245
f 239/239/238 247/247/246 192/192/192
f 240/240/239 248/248/247 247/247/246
f 241/241/240 249/249/248 248/248/247
f 242/242/241 250/250/249 249/249/248
f 243/243/242 251/251/250 250/250/249
f 244/244/243 252/252/251 251/251/250
f 246/246/245 254/254/253 252/252/251
f 253/253/252 261/261/55 254/254/253
f 247/247/246 255/255/254 191/191/191
f 248/248/247 256/256/255 255/255/254
f 249/249/248 257/257/256 256/256/255
f 250/250/249 258/258/257 257/257/256
f 251/251/250 259/259/258 258/258/257
f 252/252/251 260/260/259 259/259/258
f 254/254/253 262/262/260 260/260/259
f 261/261/55 5813/1871/5447 262/262/260
f 263/263/261 267/267/265 264/264/262
f 266/266/264 269/269/267 267/267/265
f 268/268/266 271/271/269 269/269/267
f 270/270/268 273/273/271 271/271/269
f 272/272/270 275/275/273 273/273/271
f 274/274/272 277/277/275 275/275/273
f 276/276/274 279/279/277 277/277/275
f 278/278/276 287/287/285 279/279/277
f 264/264/262 267/267/265 280/280/278
f 269/269/267 282/282/280 280/280/278
f 271/271/269 283/283/281 282/282/280
f 273/273/271 284/284/282 283/283/281
f 275/275/273 285/285/283 284/284/282
f 277/277/275 286/286/284 285/285/283
f 279/279/277 288/288/286 286/286/284
f 287/287/285 296/296/294 288/288/286
f 281/281/279 280/280/278 289/289/287
f 282/282/280 291/291/289 289/289/287
f 283/283/281 292/292/290 291/291/289
f 284/284/282 293/293/291 292/292/290
f 285/285/283 294/294/292 293/293/291
f 286/286/284 295/295/293 294/294/292
f 288/288/286 297/297/295 295/295/293
f 296/296/294 305/305/303 297/297/295
f 290/290/288 289/289/287 298/298/296
f 291/291/289 300/300/298 298/298/296
f 292/292/290 301/301/299 300/300/298
f 293/293/291 302/302/300 301/301/299
f 294/294/292 303/303/301 302/302/300
f 295/295/293 304/304/302 303/303/301
f 297/297/295 306/306/304 304/304/302
f 305/305/303 314/314/312 306/306/304
f 299/299/297 298/298/296 307/307/305
f 300/300/298 309/309/307 307/307/305
f 301/301/299 310/310/308 309/309/307
f 302/302/300 311/311/309 310/310/308
f 303/303/301 312/312/310 311/311/309
f 304/304/302 313/313/311 312/312/310
f 306/306/304 315/315/313 313/313/311
f 314/314/312 323/323/321 315/315/313
f 308/308/306 307/307/305 316/316/314
f 309/309/307 318/318/316 316/316/314
f 310/310/308 319/319/317 318/318/316
f 311/311/309 320/320/318 319/319/317
f 312/312/310 321/321/319 320/320/318
f 313/313/311 322/322/320 321/321/319
f 315/315/313 324/324/322 322/322/320
f 323/323/321 5814/1872/794 324/324/322
f 325/325/68 329/329/326 326/326/323
f 328/328/325 331/331/328 329/329/326
f 330/330/327 333/333/329 331/331/328
f 332/332/83 335/335/331 333/333/329
f 334/334/330 340/340/336 335/335/331
f 329/329/326 337/337/333 336/336/332
f 331/331/328 338/338/334 337/337/333
f 333/333/329 339/339/335 338/338/334
f 335/335/331 341/341/337 339/339/335
f 340/340/336 346/346/342 341/341/337
f 337/337/333 343/343/339 342/342/338
f 338/338/334 344/344/340 343/343/339
f 339/339/335 345/345/341 344/344/340
f 341/341/337 347/347/343 345/345/341
f 346/346/342 352/352/348 347/347/343
f 343/343/339 349/349/345 348/348/344
f 344/344/340 350/350/346 349/349/345
f 345/345/341 351/351/347 350/350/346
f 347/347/343 353/353/349 351/351/347
f 352/352/348 358/358/354 353/353/349
f 349/349/345 355/355/351 354/354/350
f 350/350/346 356/356/352 355/355/351
f 351/351/347 357/357/353 356/356/352
f 353/353/349 359/359/355 357/357/353
f 358/358/354 364/364/360 359/359/355
f 355/355/351 361/361/357 360/360/356
f 356/356/352 362/362/358 361/361/357
f 357/357/353 363/363/359 362/362/358
f 359/359/355 365/365/361 363/363/359
f 364/364/360 370/370/366 365/365/361
f 361/361/357 367/367/363 366/366/362
f 362/362/358 368/368/364 367/367/363
f 363/363/359 369/369/365 368/368/364
f 365/365/361 371/371/367 369/369/365
f 370/370/366 5145/1558/4848 371/371/367
f 366/366/362 367/367/363 308/308/306
f 367/367/363 368/368/364 299/299/297
f 368/368/364 369/369/365 290/290/288
f 369/369/365 371/371/367 281/281/279
f 371/371/367 5145/1558/4848 264/264/262
f 317/317/315 316/316/314 372/372/368
f 316/316/314 318/318/316 374/374/370
f 318/318/316 319/319/317 375/375/371
f 319/319/317 320/320/318 376/376/372
f 320/320/318 321/321/319 377/377/373
f 321/321/319 322/322/320 378/378/374
f 322/322/320 324/324/322 379/379/375
f 324/324/322 5814/1872/794 380/380/376
f 373/373/369 372/372/368 381/381/377
f 372/372/368 374/374/370 383/383/379
f 374/374/370 375/375/371 384/384/380
f 375/375/371 376/376/372 385/385/381
f 376/376/372 377/377/373 386/386/382
f 377/377/373 378/378/374 387/387/383
f 378/378/374 379/379/375 388/388/384
f 379/379/375 380/380/376 389/389/385
f 382/382/378 381/381/377 390/390/386
f 381/381/377 383/383/379 392/392/388
f 383/383/379 384/384/380 393/393/389
f 384/384/380 385/385/381 394/394/390
f 385/385/381 386/386/382 395/395/391
f 386/386/382 387/387/383 396/396/392
f 387/387/383 388/388/384 397/397/393
f 388/388/384 389/389/385 398/398/394
f 391/391/387 390/390/386 399/399/395
f 390/390/386 392/392/388 401/401/397
f 392/392/388 393/393/389 402/402/398
f 393/393/389 394/394/390 403/403/399
f 394/394/390 395/395/391 404/404/400
f 395/395/391 396/396/392 405/405/401
f 396/396/392 397/397/393 406/406/402
f 397/397/393 398/398/394 407/407/403
f 400/400/396 399/399/395 408/408/404
f 399/399/395 401/401/397 410/410/406
f 401/401/397 402/402/398 411/411/407
f 403/403/399 412/412/408 411/411/407
f 404/404/400 413/413/409 412/412/408
f 405/405/401 414/414/410 413/413/409
f 406/406/402 415/415/411 414/414/410
f 407/407/403 423/423/419 415/415/411
f 409/409/405 408/408/404 416/416/412
f 410/410/406 418/418/414 416/416/412
f 411/411/407 419/419/415 418/418/414
f 412/412/408 420/420/416 419/419/415
f 413/413/409 421/421/417 420/420/416
f 414/414/410 422/422/418 421/421/417
f 415/415/411 424/424/420 422/422/418
f 423/423/419 432/432/428 424/424/420
f 416/416/412 426/426/422 425/425/421
f 418/418/414 427/427/423 426/426/422
f 419/419/415 428/428/424 427/427/423
f 420/420/416 429/429/425 428/428/424
f 421/421/417 430/430/426 429/429/425
f 422/422/418 431/431/427 430/430/426
f 424/424/420 433/433/429 431/431/427
f 432/432/428 434/434/430 433/433/429
f 425/425/421 426/426/422 183/183/183
f 427/427/423 175/175/175 183/183/183
f 428/428/424 167/167/167 175/175/175
f 429/429/425 159/159/159 167/167/167
f 430/430/426 151/151/151 159/159/159
f 431/431/427 143/143/143 151/151/151
f 433/433/429 129/129/129 143/143/143
f 434/434/430 130/130/130 129/129/129
f 317/317/315 373/373/369 435/435/431
f 366/366/362 435/435/431 436/436/432
f 360/360/356 436/436/432 437/437/433
f 354/354/350 437/437/433 438/438/434
f 348/348/344 438/438/434 439/439/435
f 342/342/338 439/439/435 440/440/436
f 336/336/332 440/440/436 441/441/437
f 326/326/323 441/441/437 442/442/438
f 373/373/369 382/382/378 443/443/439
f 435/435/431 443/443/439 444/444/440
f 436/436/432 444/444/440 445/445/441
f 437/437/433 445/445/441 446/446/442
f 438/438/434 446/446/442 447/447/443
f 439/439/435 447/447/443 448/448/444
f 440/440/436 448/448/444 449/449/445
f 441/441/437 449/449/445 450/450/446
f 382/382/378 391/391/387 451/451/447
f 443/443/439 451/451/447 452/452/448
f 444/444/440 452/452/448 453/453/449
f 445/445/441 453/453/449 454/454/450
f 446/446/442 454/454/450 455/455/451
f 447/447/443 455/455/451 456/456/452
f 448/448/444 456/456/452 457/457/453
f 449/449/445 457/457/453 458/458/454
f 391/391/387 400/400/396 459/459/455
f 451/451/447 459/459/455 460/460/456
f 452/452/448 460/460/456 461/461/457
f 453/453/449 461/461/457 462/462/458
f 454/454/450 462/462/458 463/463/459
f 455/455/451 463/463/459 464/464/460
f 456/456/452 464/464/460 465/465/461
f 457/457/453 465/465/461 466/466/462
f 400/400/396 409/409/405 467/467/463
f 459/459/455 467/467/463 468/468/464
f 460/460/456 468/468/464 469/469/465
f 461/461/457 469/469/465 470/470/466
f 470/470/466 471/471/467 463/463/459
f 471/471/467 472/472/468 464/464/460
f 472/472/468 473/473/469 465/465/461
f 473/473/469 481/481/477 466/466/462
f 409/409/405 417/417/413 474/474/470
f 474/474/470 475/475/471 468/468/464
f 475/475/471 476/476/472 469/469/465
f 476/476/472 477/477/473 470/470/466
f 477/477/473 478/478/474 471/471/467
f 478/478/474 479/479/475 472/472/468
f 479/479/475 480/480/476 473/473/469
f 480/480/476 489/489/485 481/481/477
f 425/425/421 482/482/478 474/474/470
f 482/482/478 483/483/479 475/475/471
f 483/483/479 484/484/480 476/476/472
f 484/484/480 485/485/481 477/477/473
f 485/485/481 486/486/482 478/478/474
f 486/486/482 487/487/483 479/479/475
f 487/487/483 488/488/484 480/480/476
f 488/488/484 490/490/486 489/489/485
f 425/425/421 191/191/191 255/255/254
f 255/255/254 256/256/255 483/483/479
f 256/256/255 257/257/256 484/484/480
f 257/257/256 258/258/257 485/485/481
f 258/258/257 259/259/258 486/486/482
f 259/259/258 260/260/259 487/487/483
f 260/260/259 262/262/260 488/488/484
f 262/262/260 5813/1871/5447 490/490/486
f 491/491/487 495/495/490 492/492/488
f 494/494/489 497/497/491 495/495/490
f 496/496/454 499/499/492 497/497/491
f 498/498/462 501/501/494 499/499/492
f 500/500/493 503/503/496 501/501/494
f 502/502/495 505/505/498 503/503/496
f 504/504/497 507/507/500 505/505/498
f 506/506/499 515/515/508 507/507/500
f 495/495/490 509/509/502 508/508/501
f 497/497/491 510/510/503 509/509/502
f 499/499/492 511/511/504 510/510/503
f 501/501/494 512/512/505 511/511/504
f 503/503/496 513/513/506 512/512/505
f 505/505/498 514/514/507 513/513/506
f 507/507/500 516/516/509 514/514/507
f 515/515/508 524/524/517 516/516/509
f 509/509/502 518/518/511 517/517/510
f 510/510/503 519/519/512 518/518/511
f 511/511/504 520/520/513 519/519/512
f 512/512/505 521/521/514 520/520/513
f 513/513/506 522/522/515 521/521/514
f 514/514/507 523/523/516 522/522/515
f 516/516/509 525/525/518 523/523/516
f 524/524/517 533/533/526 525/525/518
f 518/518/511 527/527/520 526/526/519
f 519/519/512 528/528/521 527/527/520
f 520/520/513 529/529/522 528/528/521
f 521/521/514 530/530/523 529/529/522
f 522/522/515 531/531/524 530/530/523
f 523/523/516 532/532/525 531/531/524
f 525/525/518 534/534/527 532/532/525
f 533/533/526 542/542/535 534/534/527
f 527/527/520 536/536/529 535/535/528
f 528/528/521 537/537/530 536/536/529
f 529/529/522 538/538/531 537/537/530
f 530/530/523 539/539/532 538/538/531
f 531/531/524 540/540/533 539/539/532
f 532/532/525 541/541/534 540/540/533
f 534/534/527 543/543/536 541/541/534
f 542/542/535 551/551/544 543/543/536
f 535/535/528 536/536/529 544/544/537
f 537/537/530 546/546/539 544/544/537
f 538/538/531 547/547/540 546/546/539
f 539/539/532 548/548/541 547/547/540
f 540/540/533 549/549/542 548/548/541
f 541/541/534 550/550/543 549/549/542
f 543/543/536 552/552/545 550/550/543
f 551/551/544 560/560/553 552/552/545
f 544/544/537 554/554/547 553/553/546
f 546/546/539 555/555/548 554/554/547
f 547/547/540 556/556/549 555/555/548
f 548/548/541 557/557/550 556/556/549
f 549/549/542 558/558/551 557/557/550
f 550/550/543 559/559/552 558/558/551
f 552/552/545 561/561/554 559/559/552
f 560/560/553 569/569/562 561/561/554
f 554/554/547 563/563/556 562/562/555
f 555/555/548 564/564/557 563/563/556
f 556/556/549 565/565/558 564/564/557
f 557/557/550 566/566/559 565/565/558
f 558/558/551 567/567/560 566/566/559
f 559/559/552 568/568/561 567/567/560
f 561/561/554 570/570/563 568/568/561
f 569/569/562 578/578/571 570/570/563
f 563/563/556 572/572/565 571/571/564
f 564/564/557 573/573/566 572/572/565
f 565/565/558 574/574/567 573/573/566
f 566/566/559 575/575/568 574/574/567
f 567/567/560 576/576/569 575/575/568
f 568/568/561 577/577/570 576/576/569
f 570/570/563 579/579/572 577/577/570
f 578/578/571 5815/1873/5448 579/579/572
f 572/572/565 581/581/574 580/580/573
f 573/573/566 582/582/575 581/581/574
f 574/574/567 583/583/576 582/582/575
f 575/575/568 584/584/577 583/583/576
f 576/576/569 585/585/578 584/584/577
f 577/577/570 586/586/579 585/585/578
f 579/579/572 588/588/581 586/586/579
f 579/579/572 5815/1873/5448 587/587/580
f 581/581/574 590/590/583 589/589/582
f 582/582/575 591/591/584 590/590/583
f 583/583/576 592/592/585 591/591/584
f 584/584/577 593/593/586 592/592/585
f 585/585/578 594/594/587 593/593/586
f 586/586/579 595/595/588 594/594/587
f 588/588/581 597/597/590 595/595/588
f 588/588/581 587/587/580 596/596/589
f 589/589/582 590/590/583 598/598/591
f 590/590/583 591/591/584 600/600/593
f 591/591/584 592/592/585 601/601/594
f 592/592/585 593/593/586 602/602/595
f 593/593/586 594/594/587 603/603/596
f 594/594/587 595/595/588 604/604/597
f 595/595/588 597/597/590 605/605/598
f 597/597/590 596/596/589 606/606/599
f 607/607/600 610/610/601 608/608/97
f 610/610/601 612/612/603 611/611/602
f 612/612/603 614/614/604 613/613/111
f 614/614/604 616/616/605 615/615/118
f 616/616/605 618/618/607 617/617/606
f 618/618/607 620/620/608 619/619/127
f 620/620/608 629/629/508 621/621/609
f 622/622/610 623/623/611 610/610/601
f 623/623/611 624/624/612 612/612/603
f 624/624/612 625/625/613 614/614/604
f 625/625/613 626/626/614 616/616/605
f 626/626/614 627/627/615 618/618/607
f 627/627/615 628/628/616 620/620/608
f 628/628/616 637/637/624 629/629/508
f 630/630/617 631/631/618 623/623/611
f 631/631/618 632/632/619 624/624/612
f 632/632/619 633/633/620 625/625/613
f 633/633/620 634/634/621 626/626/614
f 634/634/621 635/635/622 627/627/615
f 635/635/622 636/636/623 628/628/616
f 636/636/623 645/645/526 637/637/624
f 638/638/625 639/639/626 631/631/618
f 639/639/626 640/640/627 632/632/619
f 640/640/627 641/641/628 633/633/620
f 641/641/628 642/642/629 634/634/621
f 642/642/629 643/643/630 635/635/622
f 643/643/630 644/644/631 636/636/623
f 644/644/631 653/653/639 645/645/526
f 646/646/632 647/647/633 639/639/626
f 647/647/633 648/648/634 640/640/627
f 648/648/634 649/649/635 641/641/628
f 649/649/635 650/650/636 642/642/629
f 650/650/636 651/651/637 643/643/630
f 651/651/637 652/652/638 644/644/631
f 652/652/638 661/661/647 653/653/639
f 654/654/640 655/655/641 647/647/633
f 655/655/641 656/656/642 648/648/634
f 656/656/642 657/657/643 649/649/635
f 657/657/643 658/658/644 650/650/636
f 658/658/644 659/659/645 651/651/637
f 659/659/645 668/668/654 652/652/638
f 652/652/638 668/668/654 660/660/646
f 662/662/648 663/663/649 655/655/641
f 663/663/649 664/664/650 656/656/642
f 664/664/650 665/665/651 657/657/643
f 665/665/651 666/666/652 658/658/644
f 666/666/652 667/667/653 659/659/645
f 667/667/653 669/669/655 668/668/654
f 669/669/655 677/677/562 660/660/646
f 670/670/656 671/671/657 663/663/649
f 671/671/657 672/672/658 664/664/650
f 672/672/658 673/673/659 665/665/651
f 673/673/659 674/674/660 666/666/652
f 674/674/660 675/675/661 667/667/653
f 675/675/661 676/676/662 669/669/655
f 676/676/662 685/685/670 677/677/562
f 678/678/663 679/679/664 671/671/657
f 679/679/664 680/680/665 672/672/658
f 680/680/665 681/681/666 673/673/659
f 681/681/666 682/682/667 674/674/660
f 682/682/667 683/683/668 675/675/661
f 683/683/668 684/684/669 676/676/662
f 684/684/669 693/693/678 685/685/670
f 686/686/671 687/687/672 679/679/664
f 687/687/672 688/688/673 680/680/665
f 688/688/673 689/689/674 681/681/666
f 689/689/674 690/690/675 682/682/667
f 690/690/675 691/691/676 683/683/668
f 691/691/676 700/700/685 684/684/669
f 684/684/669 700/700/685 692/692/677
f 694/694/679 695/695/680 687/687/672
f 695/695/680 696/696/681 688/688/673
f 696/696/681 697/697/682 689/689/674
f 697/697/682 698/698/683 690/690/675
f 698/698/683 699/699/684 691/691/676
f 699/699/684 708/708/693 700/700/685
f 700/700/685 708/708/693 701/701/686
f 702/702/687 703/703/688 695/695/680
f 703/703/688 704/704/689 696/696/681
f 704/704/689 705/705/690 697/697/682
f 705/705/690 5816/1874/5108 698/698/683
f 698/698/683 5816/1874/5108 706/706/691
f 699/699/684 706/706/691 707/707/692
f 708/708/693 707/707/692 709/709/694
f 599/599/592 722/722/707 710/710/695
f 589/589/582 710/710/695 711/711/696
f 580/580/573 711/711/696 712/712/697
f 712/712/697 726/726/711 562/562/555
f 562/562/555 726/726/711 713/713/698
f 553/553/546 713/713/698 714/714/699
f 545/545/538 714/714/699 715/715/700
f 535/535/528 715/715/700 716/716/701
f 526/526/519 716/716/701 717/717/702
f 517/517/510 717/717/702 718/718/703
f 508/508/501 718/718/703 719/719/704
f 492/492/488 719/719/704 720/720/705
f 721/721/706 736/736/721 710/710/695
f 710/710/695 736/736/721 723/723/708
f 711/711/696 723/723/708 724/724/709
f 712/712/697 724/724/709 725/725/710
f 726/726/711 725/725/710 727/727/712
f 713/713/698 727/727/712 728/728/713
f 714/714/699 728/728/713 729/729/714
f 715/715/700 729/729/714 730/730/715
f 716/716/701 730/730/715 731/731/716
f 717/717/702 731/731/716 732/732/717
f 718/718/703 732/732/717 733/733/718
f 719/719/704 733/733/718 734/734/719
f 735/735/720 748/748/733 736/736/721
f 736/736/721 748/748/733 737/737/722
f 723/723/708 737/737/722 738/738/723
f 724/724/709 738/738/723 739/739/724
f 725/725/710 739/739/724 740/740/725
f 727/727/712 740/740/725 741/741/726
f 728/728/713 741/741/726 742/742/727
f 729/729/714 742/742/727 743/743/728
f 730/730/715 743/743/728 744/744/729
f 731/731/716 744/744/729 745/745/730
f 732/732/717 745/745/730 746/746/731
f 733/733/718 746/746/731 747/747/732
f 735/735/720 702/702/687 694/694/679
f 748/748/733 694/694/679 686/686/671
f 737/737/722 686/686/671 678/678/663
f 738/738/723 678/678/663 670/670/656
f 739/739/724 670/670/656 662/662/648
f 740/740/725 662/662/648 654/654/640
f 741/741/726 654/654/640 646/646/632
f 742/742/727 646/646/632 638/638/625
f 743/743/728 638/638/625 630/630/617
f 744/744/729 630/630/617 622/622/610
f 745/745/730 622/622/610 607/607/600
f 746/746/731 607/607/600 609/609/58
f 749/749/734 753/753/738 750/750/735
f 752/752/737 755/755/740 753/753/738
f 754/754/739 757/757/742 755/755/740
f 756/756/741 759/759/744 757/757/742
f 758/758/743 761/761/745 759/759/744
f 760/760/141 767/767/139 761/761/745
f 753/753/738 763/763/747 762/762/746
f 755/755/740 764/764/748 763/763/747
f 757/757/742 765/765/749 764/764/748
f 759/759/744 766/766/750 765/765/749
f 761/761/745 768/768/751 766/766/750
f 767/767/139 774/774/757 768/768/751
f 763/763/747 770/770/753 769/769/752
f 764/764/748 771/771/754 770/770/753
f 765/765/749 772/772/755 771/771/754
f 766/766/750 773/773/756 772/772/755
f 768/768/751 775/775/758 773/773/756
f 774/774/757 781/781/764 775/775/758
f 770/770/753 777/777/760 776/776/759
f 771/771/754 778/778/761 777/777/760
f 772/772/755 779/779/762 778/778/761
f 773/773/756 780/780/763 779/779/762
f 775/775/758 782/782/765 780/780/763
f 781/781/764 788/788/771 782/782/765
f 777/777/760 784/784/767 783/783/766
f 778/778/761 785/785/768 784/784/767
f 779/779/762 786/786/769 785/785/768
f 780/780/763 787/787/770 786/786/769
f 782/782/765 789/789/772 787/787/770
f 788/788/771 795/795/778 789/789/772
f 784/784/767 791/791/774 790/790/773
f 785/785/768 792/792/775 791/791/774
f 786/786/769 793/793/776 792/792/775
f 787/787/770 794/794/777 793/793/776
f 789/789/772 796/796/779 794/794/777
f 795/795/778 802/802/785 796/796/779
f 791/791/774 798/798/781 797/797/780
f 792/792/775 799/799/782 798/798/781
f 793/793/776 800/800/783 799/799/782
f 794/794/777 801/801/784 800/800/783
f 796/796/779 803/803/786 801/801/784
f 802/802/785 5817/1875/130 803/803/786
f 804/804/787 808/808/791 805/805/788
f 807/807/790 810/810/793 808/808/791
f 809/809/792 812/812/795 810/810/793
f 811/811/794 817/817/321 812/812/795
f 805/805/788 808/808/791 813/813/796
f 808/808/791 810/810/793 815/815/798
f 810/810/793 812/812/795 816/816/799
f 817/817/321 822/822/804 816/816/799
f 814/814/797 813/813/796 818/818/800
f 813/813/796 815/815/798 820/820/802
f 815/815/798 816/816/799 821/821/803
f 822/822/804 827/827/809 821/821/803
f 819/819/801 818/818/800 823/823/805
f 818/818/800 820/820/802 825/825/807
f 820/820/802 821/821/803 826/826/808
f 827/827/809 832/832/814 826/826/808
f 824/824/806 823/823/805 828/828/810
f 823/823/805 825/825/807 830/830/812
f 825/825/807 826/826/808 831/831/813
f 832/832/814 5818/1876/5449 831/831/813
f 833/833/815 835/835/817 829/829/811
f 835/835/817 836/836/818 824/824/806
f 836/836/818 837/837/819 819/819/801
f 837/837/819 838/838/820 814/814/797
f 838/838/820 839/839/821 805/805/788
f 839/839/821 846/846/828 806/806/789
f 840/840/822 841/841/823 835/835/817
f 841/841/823 842/842/824 836/836/818
f 842/842/824 843/843/825 837/837/819
f 843/843/825 844/844/826 838/838/820
f 844/844/826 845/845/827 839/839/821
f 845/845/827 853/853/835 846/846/828
f 847/847/829 848/848/830 841/841/823
f 848/848/830 849/849/831 842/842/824
f 849/849/831 850/850/832 843/843/825
f 850/850/832 851/851/833 844/844/826
f 851/851/833 852/852/834 845/845/827
f 852/852/834 860/860/842 853/853/835
f 854/854/836 855/855/837 848/848/830
f 855/855/837 856/856/838 849/849/831
f 856/856/838 857/857/839 850/850/832
f 857/857/839 858/858/840 851/851/833
f 858/858/840 859/859/841 852/852/834
f 859/859/841 867/867/849 860/860/842
f 861/861/843 862/862/844 855/855/837
f 862/862/844 863/863/845 856/856/838
f 863/863/845 864/864/846 857/857/839
f 864/864/846 865/865/847 858/858/840
f 865/865/847 866/866/848 859/859/841
f 866/866/848 874/874/856 867/867/849
f 868/868/850 869/869/851 862/862/844
f 869/869/851 870/870/852 863/863/845
f 870/870/852 871/871/853 864/864/846
f 871/871/853 872/872/854 865/865/847
f 872/872/854 873/873/855 866/866/848
f 873/873/855 875/875/857 874/874/856
f 797/797/780 798/798/781 869/869/851
f 798/798/781 799/799/782 870/870/852
f 799/799/782 800/800/783 871/871/853
f 800/800/783 801/801/784 872/872/854
f 801/801/784 803/803/786 873/873/855
f 803/803/786 5817/1875/130 875/875/857
f 876/876/858 879/879/860 877/877/859
f 879/879/860 881/881/862 880/880/861
f 881/881/862 883/883/864 882/882/863
f 883/883/864 885/885/866 884/884/865
f 885/885/866 887/887/868 886/886/867
f 887/887/868 889/889/870 888/888/869
f 889/889/870 891/891/872 890/890/871
f 891/891/872 901/901/882 892/892/873
f 893/893/874 894/894/875 879/879/860
f 894/894/875 895/895/876 881/881/862
f 895/895/876 896/896/877 883/883/864
f 896/896/877 897/897/878 885/885/866
f 897/897/878 898/898/879 887/887/868
f 898/898/879 899/899/880 889/889/870
f 899/899/880 900/900/881 891/891/872
f 900/900/881 910/910/891 901/901/882
f 902/902/883 903/903/884 894/894/875
f 903/903/884 904/904/885 895/895/876
f 904/904/885 905/905/886 896/896/877
f 905/905/886 906/906/887 897/897/878
f 906/906/887 907/907/888 898/898/879
f 907/907/888 908/908/889 899/899/880
f 908/908/889 909/909/890 900/900/881
f 909/909/890 919/919/900 910/910/891
f 911/911/892 912/912/893 903/903/884
f 912/912/893 913/913/894 904/904/885
f 913/913/894 914/914/895 905/905/886
f 914/914/895 915/915/896 906/906/887
f 915/915/896 916/916/897 907/907/888
f 916/916/897 917/917/898 908/908/889
f 917/917/898 918/918/899 909/909/890
f 918/918/899 927/927/908 919/919/900
f 911/911/892 928/928/909 920/920/901
f 920/920/901 921/921/902 913/913/894
f 921/921/902 922/922/903 914/914/895
f 922/922/903 923/923/904 915/915/896
f 923/923/904 924/924/905 916/916/897
f 924/924/905 925/925/906 917/917/898
f 925/925/906 926/926/907 918/918/899
f 926/926/907 936/936/917 927/927/908
f 928/928/909 937/937/918 929/929/910
f 929/929/910 930/930/911 921/921/902
f 930/930/911 931/931/912 922/922/903
f 931/931/912 932/932/913 923/923/904
f 932/932/913 933/933/914 924/924/905
f 933/933/914 934/934/915 925/925/906
f 934/934/915 935/935/916 926/926/907
f 935/935/916 945/945/926 936/936/917
f 937/937/918 946/946/927 938/938/919
f 938/938/919 939/939/920 930/930/911
f 939/939/920 940/940/921 931/931/912
f 940/940/921 941/941/922 932/932/913
f 941/941/922 942/942/923 933/933/914
f 942/942/923 943/943/924 934/934/915
f 943/943/924 944/944/925 935/935/916
f 944/944/925 954/954/935 945/945/926
f 946/946/927 956/956/937 947/947/928
f 947/947/928 948/948/929 939/939/920
f 948/948/929 949/949/930 940/940/921
f 949/949/930 950/950/931 941/941/922
f 950/950/931 951/951/932 942/942/923
f 951/951/932 952/952/933 943/943/924
f 952/952/933 953/953/934 944/944/925
f 953/953/934 964/964/945 954/954/935
f 955/955/936 957/957/938 947/947/928
f 957/957/938 958/958/939 948/948/929
f 958/958/939 959/959/940 949/949/930
f 959/959/940 960/960/941 950/950/931
f 960/960/941 961/961/942 951/951/932
f 961/961/942 962/962/943 952/952/933
f 962/962/943 963/963/944 953/953/934
f 963/963/944 973/973/954 964/964/945
f 965/965/946 966/966/947 957/957/938
f 966/966/947 967/967/948 958/958/939
f 967/967/948 968/968/949 959/959/940
f 968/968/949 969/969/950 960/960/941
f 969/969/950 970/970/951 961/961/942
f 970/970/951 971/971/952 962/962/943
f 971/971/952 981/981/962 963/963/944
f 963/963/944 981/981/962 972/972/953
f 974/974/955 975/975/956 966/966/947
f 975/975/956 976/976/957 967/967/948
f 976/976/957 977/977/958 968/968/949
f 977/977/958 978/978/959 969/969/950
f 978/978/959 979/979/960 970/970/951
f 979/979/960 980/980/961 971/971/952
f 980/980/961 990/990/971 981/981/962
f 981/981/962 990/990/971 982/982/963
f 974/974/955 1094/1094/1071 983/983/964
f 975/975/956 983/983/964 984/984/965
f 976/976/957 984/984/965 985/985/966
f 977/977/958 985/985/966 986/986/967
f 978/978/959 986/986/967 987/987/968
f 979/979/960 987/987/968 988/988/969
f 980/980/961 988/988/969 989/989/970
f 989/989/970 5819/1877/5450 982/982/963
f 991/991/972 995/995/976 992/992/973
f 994/994/975 997/997/978 995/995/976
f 996/996/977 999/999/979 997/997/978
f 998/998/849 1001/1001/981 999/999/979
f 1000/1000/980 1003/1003/983 1001/1001/981
f 1002/1002/982 1005/1005/985 1003/1003/983
f 1004/1004/984 1012/1012/992 1005/1005/985
f 995/995/976 1007/1007/987 1006/1006/986
f 997/997/978 1008/1008/988 1007/1007/987
f 999/999/979 1009/1009/989 1008/1008/988
f 1001/1001/981 1010/1010/990 1009/1009/989
f 1003/1003/983 1011/1011/991 1010/1010/990
f 1005/1005/985 1013/1013/993 1011/1011/991
f 1012/1012/992 1020/1020/891 1013/1013/993
f 1007/1007/987 1015/1015/995 1014/1014/994
f 1008/1008/988 1016/1016/996 1015/1015/995
f 1009/1009/989 1017/1017/997 1016/1016/996
f 1010/1010/990 1018/1018/998 1017/1017/997
f 1011/1011/991 1019/1019/999 1018/1018/998
f 1013/1013/993 1021/1021/1000 1019/1019/999
f 1020/1020/891 1028/1028/1007 1021/1021/1000
f 1015/1015/995 1023/1023/1002 1022/1022/1001
f 1016/1016/996 1024/1024/1003 1023/1023/1002
f 1017/1017/997 1025/1025/1004 1024/1024/1003
f 1018/1018/998 1026/1026/1005 1025/1025/1004
f 1019/1019/999 1027/1027/1006 1026/1026/1005
f 1021/1021/1000 1029/1029/1008 1027/1027/1006
f 1028/1028/1007 5820/1878/908 1029/1029/1008
f 1023/1023/1002 1031/1031/1010 1030/1030/1009
f 1024/1024/1003 1032/1032/1011 1031/1031/1010
f 1025/1025/1004 1033/1033/1012 1032/1032/1011
f 1026/1026/1005 1034/1034/1013 1033/1033/1012
f 1027/1027/1006 1035/1035/1014 1034/1034/1013
f 1029/1029/1008 1037/1037/1016 1035/1035/1014
f 1029/1029/1008 5820/1878/908 1036/1036/1015
f 1031/1031/1010 1039/1039/1018 1038/1038/1017
f 1032/1032/1011 1040/1040/1019 1039/1039/1018
f 1033/1033/1012 1041/1041/1020 1040/1040/1019
f 1034/1034/1013 1042/1042/1021 1041/1041/1020
f 1035/1035/1014 1043/1043/1022 1042/1042/1021
f 1037/1037/1016 1045/1045/1024 1043/1043/1022
f 1037/1037/1016 1036/1036/1015 1044/1044/1023
f 1039/1039/1018 1047/1047/1026 1046/1046/1025
f 1040/1040/1019 1048/1048/1027 1047/1047/1026
f 1041/1041/1020 1049/1049/1028 1048/1048/1027
f 1042/1042/1021 1050/1050/1029 1049/1049/1028
f 1043/1043/1022 1051/1051/1030 1050/1050/1029
f 1045/1045/1024 1052/1052/1031 1051/1051/1030
f 1044/1044/1023 1059/1059/935 1052/1052/1031
f 1047/1047/1026 1054/1054/1033 1053/1053/1032
f 1048/1048/1027 1055/1055/1034 1054/1054/1033
f 1049/1049/1028 1056/1056/1035 1055/1055/1034
f 1050/1050/1029 1057/1057/1036 1056/1056/1035
f 1051/1051/1030 1058/1058/1037 1057/1057/1036
f 1052/1052/1031 1060/1060/1038 1058/1058/1037
f 1059/1059/935 1067/1067/1045 1060/1060/1038
f 1054/1054/1033 1062/1062/1040 1061/1061/1039
f 1055/1055/1034 1063/1063/1041 1062/1062/1040
f 1056/1056/1035 1064/1064/1042 1063/1063/1041
f 1057/1057/1036 1065/1065/1043 1064/1064/1042
f 1058/1058/1037 1066/1066/1044 1065/1065/1043
f 1060/1060/1038 1068/1068/1046 1066/1066/1044
f 1067/1067/1045 5821/1879/5451 1068/1068/1046
f 1062/1062/1040 1070/1070/1048 1069/1069/1047
f 1063/1063/1041 1071/1071/1049 1070/1070/1048
f 1064/1064/1042 1072/1072/1050 1071/1071/1049
f 1065/1065/1043 1073/1073/1051 1072/1072/1050
f 1066/1066/1044 1074/1074/1052 1073/1073/1051
f 1068/1068/1046 1076/1076/1053 1074/1074/1052
f 1068/1068/1046 5821/1879/5451 1075/1075/953
f 1070/1070/1048 1078/1078/1055 1077/1077/1054
f 1071/1071/1049 1079/1079/1056 1078/1078/1055
f 1072/1072/1050 1080/1080/1057 1079/1079/1056
f 1073/1073/1051 1081/1081/1058 1080/1080/1057
f 1074/1074/1052 1082/1082/1059 1081/1081/1058
f 1076/1076/1053 1084/1084/1061 1082/1082/1059
f 1076/1076/1053 1075/1075/953 1083/1083/1060
f 1078/1078/1055 1086/1086/1063 1085/1085/1062
f 1079/1079/1056 1087/1087/1064 1086/1086/1063
f 1080/1080/1057 1088/1088/1065 1087/1087/1064
f 1081/1081/1058 1090/1090/1067 1088/1088/1065
f 1081/1081/1058 1082/1082/1059 1089/1089/1066
f 1082/1082/1059 1084/1084/1061 1091/1091/1068
f 1084/1084/1061 1083/1083/1060 1092/1092/1069
f 974/974/955 1096/1096/1073 1093/1093/1070
f 974/974/955 965/965/946 1095/1095/1072
f 965/965/946 955/955/936 1097/1097/1074
f 955/955/936 956/956/937 1098/1098/1075
f 956/956/937 946/946/927 1099/1099/1076
f 946/946/927 937/937/918 1100/1100/1077
f 937/937/918 928/928/909 1101/1101/1078
f 928/928/909 911/911/892 1102/1102/1079
f 911/911/892 902/902/883 1103/1103/1080
f 902/902/883 893/893/874 1104/1104/1081
f 893/893/874 876/876/858 1105/1105/1082
f 876/876/858 878/878/794 1106/1106/1083
f 1096/1096/1073 1109/1109/1086 1107/1107/1084
f 1096/1096/1073 1095/1095/1072 1108/1108/1085
f 1095/1095/1072 1097/1097/1074 1110/1110/1087
f 1097/1097/1074 1098/1098/1075 1111/1111/1088
f 1098/1098/1075 1099/1099/1076 1112/1112/1089
f 1099/1099/1076 1100/1100/1077 1113/1113/1090
f 1100/1100/1077 1101/1101/1078 1114/1114/1091
f 1101/1101/1078 1102/1102/1079 1115/1115/1092
f 1102/1102/1079 1103/1103/1080 1116/1116/1093
f 1103/1103/1080 1104/1104/1081 1117/1117/1094
f 1104/1104/1081 1105/1105/1082 1118/1118/1095
f 1105/1105/1082 1106/1106/1083 1119/1119/790
f 1107/1107/1084 1109/1109/1086 1120/1120/1096
f 1109/1109/1086 1108/1108/1085 1122/1122/1098
f 1108/1108/1085 1110/1110/1087 1123/1123/1099
f 1110/1110/1087 1111/1111/1088 1124/1124/1100
f 1111/1111/1088 1112/1112/1089 1125/1125/1101
f 1112/1112/1089 1113/1113/1090 1126/1126/1102
f 1113/1113/1090 1114/1114/1091 1127/1127/1103
f 1114/1114/1091 1115/1115/1092 1128/1128/1104
f 1115/1115/1092 1116/1116/1093 1129/1129/1105
f 1116/1116/1093 1117/1117/1094 1130/1130/1106
f 1117/1117/1094 1118/1118/1095 1131/1131/1107
f 1118/1118/1095 1119/1119/790 1132/1132/1108
f 1121/1121/1097 1120/1120/1096 1077/1077/1054
f 1120/1120/1096 1122/1122/1098 1069/1069/1047
f 1122/1122/1098 1123/1123/1099 1061/1061/1039
f 1123/1123/1099 1124/1124/1100 1053/1053/1032
f 1124/1124/1100 1125/1125/1101 1046/1046/1025
f 1125/1125/1101 1126/1126/1102 1038/1038/1017
f 1126/1126/1102 1127/1127/1103 1030/1030/1009
f 1127/1127/1103 1128/1128/1104 1022/1022/1001
f 1128/1128/1104 1129/1129/1105 1014/1014/994
f 1129/1129/1105 1130/1130/1106 1006/1006/986
f 1130/1130/1106 1131/1131/1107 992/992/973
f 1131/1131/1107 1132/1132/1108 993/993/974
f 1133/1133/1109 1140/1136/1116 1134/1134/1110
f 1136/1133/1112 5822/1135/5452 1137/1134/1113
f 1133/1133/1109 1177/1133/1147 1139/1136/1115
f 1141/1134/1113 5823/1135/5452 1135/1135/1111
f 1134/1134/1110 1140/1136/1116 1142/1137/1117
f 1137/1134/1113 1149/1138/1123 1144/1137/1119
f 1138/1136/1114 1144/1137/1119 1145/1137/1117
f 5824/1138/1118 1149/1138/1123 1137/1134/1113
f 1143/1138/1118 1142/1137/1117 1147/1139/1121
f 1149/1138/1123 1155/1140/1127 1150/1139/1124
f 1144/1137/1119 1150/1139/1124 5825/1139/5453
f 1148/1140/1122 5826/1140/5454 1152/1138/1123
f 1148/1140/1122 1147/1139/1121 1153/1141/1125
f 1155/1140/1127 1160/1142/1132 1156/1141/1128
f 1150/1139/1124 1156/1141/1128 5827/1141/1125
f 1158/1142/1130 5826/1140/5454 1148/1140/1122
f 1153/1141/1125 1163/1144/1134 1159/1143/1131
f 1160/1142/1132 1167/1143/1138 1161/1144/1133
f 1153/1141/1125 5828/1141/5455 1162/1144/1133
f 1164/1143/1135 1158/1142/1130 1154/1142/1126
f 1159/1143/1131 1163/1144/1134 1165/1145/1136
f 1167/1143/1138 1172/1146/1143 1168/1145/1139
f 5829/1144/5456 1161/1144/1133 1168/1145/1139
f 1170/1146/1141 1164/1143/1135 1159/1143/1131
f 1165/1145/1136 1175/1148/1145 1171/1147/1142
f 1172/1146/1143 5830/1147/5457 1173/1148/1144
f 1165/1145/1136 1169/1145/1140 1174/1148/1144
f 1176/1147/1146 1170/1146/1141 1166/1146/1137
f 1135/1135/1111 5823/1135/5452 1177/1133/1147
f 5831/1148/5458 1173/1148/1144 5830/1147/5457
f 1178/1149/1148 1187/1152/1155 1179/1150/1149
f 1181/1150/1151 1186/1152/1156 1182/1149/1152
f 1179/1150/1149 1190/1150/1159 1184/1151/1154
f 1187/1152/1155 1178/1149/1148 5832/1149/5459
f 1187/1152/1155 1193/1154/1162 1188/1153/1157
f 1181/1150/1151 1194/1153/1163 1189/1154/1158
f 5833/1153/1157 1194/1153/1163 1181/1150/1151
f 1193/1154/1162 1187/1152/1155 5834/1152/5460
f 1192/1155/1161 1196/1156/1165 1188/1153/1157
f 1194/1153/1163 1200/1156/1168 1195/1155/1164
f 5835/1156/1165 1200/1156/1168 1194/1153/1163
f 1198/1155/1161 1191/1154/1160 1189/1154/1158
f 1199/1157/1167 1202/1158/1170 1196/1156/1165
f 1200/1156/1168 1206/1158/1173 1201/1157/1169
f 5836/1158/1170 1206/1158/1173 1200/1156/1168
f 1199/1157/1167 1192/1155/1161 5837/1155/1164
f 1205/1159/1172 1208/1160/1175 1202/1158/1170
f 1206/1158/1173 1212/1160/1178 1207/1159/1174
f 5838/1160/5461 1212/1160/1178 1206/1158/1173
f 1199/1157/1167 5839/1157/5462 1210/1159/1174
f 1211/1161/1177 1218/1162/1183 1208/1160/1175
f 1212/1160/1178 1220/1162/1185 1213/1161/1179
f 1208/1160/1175 1218/1162/1183 1214/1162/1180
f 1205/1159/1172 1210/1159/1174 1216/1161/1181
f 1211/1161/1177 1223/1164/1188 1217/1163/1182
f 1219/1163/1184 5840/1164/1187 1213/1161/1179
f 1218/1162/1183 1217/1163/1182 1221/1163/1186
f 1211/1161/1177 1216/1161/1181 1222/1164/1187
f 1184/1151/1154 5832/1149/5459 1178/1149/1148
f 1222/1164/1187 1221/1163/1186 1217/1163/1182
f 1224/1165/1189 1238/1173/1203 1225/1166/1190
f 1227/1168/1192 1256/1168/1220 1228/1168/1193
f 1225/1166/1190 1233/1170/1198 1230/1169/1195
f 1228/1168/1193 1256/1168/1220 1231/1168/1196
f 1233/1170/1198 1244/1176/1208 1234/1171/1199
f 1232/1168/1197 1231/1168/1196 1235/1168/1200
f 1237/1172/1202 1241/1174/1206 1225/1166/1190
f 1239/1168/1204 1229/1168/1194 1228/1168/1193
f 1241/1174/1206 1243/1175/1207 1233/1170/1198
f 1240/1168/1205 1228/1168/1193 1232/1168/1197
f 1243/1175/1207 1252/1180/1216 1244/1176/1208
f 1242/1168/1193 1232/1168/1197 1236/1168/1201
f 1246/1177/1210 1249/1178/1213 1241/1174/1206
f 1247/1168/1211 1239/1168/1204 1240/1168/1205
f 1249/1178/1213 1267/1187/1231 1243/1175/1207
f 1248/1168/1212 1240/1168/1205 1242/1168/1193
f 1243/1175/1207 1267/1187/1231 1251/1179/1215
f 1242/1168/1193 1245/1168/1209 1253/1168/1217
f 1226/1167/1191 1258/1183/1222 1254/1181/1218
f 1255/1168/1219 1260/1168/1224 1256/1168/1220
f 1226/1167/1191 1230/1169/1195 1257/1182/1221
f 1259/1168/1223 1231/1168/1196 1256/1168/1220
f 1230/1169/1195 1234/1171/1199 1261/1184/1225
f 1262/1168/1226 1235/1168/1200 1231/1168/1196
f 1234/1171/1199 1244/1176/1208 1263/1185/1227
f 1264/1168/1228 1236/1168/1201 1235/1168/1200
f 1252/1180/1216 1265/1186/1229 1263/1185/1227
f 1264/1168/1228 1266/1168/1230 1245/1168/1209
f 1251/1179/1215 1268/1188/1232 1265/1186/1229
f 1266/1168/1230 1269/1168/1233 1253/1168/1217
f 1267/1187/1231 1271/1190/1235 1268/1188/1232
f 1269/1168/1233 1273/1168/1237 1250/1168/1214
f 1267/1187/1231 1249/1178/1213 1270/1189/1234
f 1272/1168/1236 1248/1168/1212 1250/1168/1214
f 1249/1178/1213 1246/1177/1210 1274/1191/1238
f 1275/1168/1239 1247/1168/1211 1248/1168/1212
f 1246/1177/1210 1237/1172/1202 1276/1192/1240
f 1277/1168/1241 1239/1168/1204 1247/1168/1211
f 1238/1173/1203 1278/1193/1242 1276/1192/1240
f 1277/1168/1241 1279/1168/1243 1229/1168/1194
f 1224/1165/1189 1254/1181/1218 1278/1193/1242
f 1279/1168/1243 1255/1168/1219 1227/1168/1192
f 1280/1165/1244 1293/1173/1256 1281/1166/1245
f 1283/1168/1247 1288/1168/1252 1284/1168/1248
f 1282/1167/1246 1281/1166/1245 1286/1170/1250
f 1288/1168/1252 1314/1168/1276 1289/1168/1248
f 1286/1170/1250 1300/1176/1262 1290/1171/1253
f 1289/1168/1248 1314/1168/1276 1291/1168/1254
f 1293/1173/1256 1303/1172/1265 1294/1174/1257
f 1285/1168/1249 1284/1168/1248 1295/1168/1258
f 1281/1166/1245 1294/1174/1257 1297/1175/1260
f 1284/1168/1248 1289/1168/1248 1298/1168/1258
f 1286/1170/1250 1297/1175/1260 1299/1180/1261
f 1289/1168/1248 1292/1168/1255 1301/1168/1263
f 1302/1177/1264 1325/1178/1286 1294/1174/1257
f 1304/1168/1266 1296/1168/1259 1295/1168/1258
f 1294/1174/1257 1325/1178/1286 1306/1187/1268
f 1295/1168/1258 1298/1168/1258 1307/1168/1269
f 1297/1175/1260 1306/1187/1268 1308/1179/1270
f 1298/1168/1258 1301/1168/1263 1309/1168/1271
f 1282/1167/1246 1312/1183/1274 1310/1181/1272
f 1311/1168/1273 1313/1168/1275 1288/1168/1252
f 1287/1169/1251 1316/1182/1278 1312/1183/1274
f 1313/1168/1275 1317/1168/1279 1314/1168/1276
f 1287/1169/1251 1290/1171/1253 1315/1184/1277
f 1317/1168/1279 1320/1168/1282 1291/1168/1254
f 1290/1171/1253 1300/1176/1262 1318/1185/1280
f 1319/1168/1281 1292/1168/1255 1291/1168/1254
f 1300/1176/1262 1299/1180/1261 1321/1186/1283
f 1322/1168/1283 1301/1168/1263 1292/1168/1255
f 1308/1179/1270 1323/1188/1284 1321/1186/1283
f 1322/1168/1283 1324/1168/1285 1309/1168/1271
f 1306/1187/1268 1326/1190/1287 1323/1188/1284
f 1324/1168/1285 1327/1168/1288 1307/1168/1269
f 1325/1178/1286 1328/1189/1289 1326/1190/1287
f 1327/1168/1288 1329/1168/1290 1305/1168/1267
f 1302/1177/1264 1331/1191/1292 1328/1189/1289
f 1329/1168/1290 1333/1168/1292 1304/1168/1266
f 1302/1177/1264 1303/1172/1265 1330/1192/1291
f 1332/1168/1293 1296/1168/1259 1304/1168/1266
f 1303/1172/1265 1293/1173/1256 1334/1193/1294
f 1335/1168/1295 1285/1168/1249 1296/1168/1259
f 1293/1173/1256 1280/1165/1244 1310/1181/1272
f 1311/1168/1273 1283/1168/1247 1285/1168/1249
f 1336/1135/1296 1342/1133/1302 1337/1136/1297
f 1339/1133/1299 5841/1135/5463 1340/1134/1300
f 5842/1133/1302 1339/1133/1299 1341/1136/1301
f 1344/1134/1304 5843/1135/5464 1336/1135/1296
f 1337/1136/1297 1348/1137/1308 1345/1138/1305
f 1341/1136/1301 1340/1134/1300 1346/1138/1306
f 1341/1136/1301 1347/1137/1307 1353/1137/1313
f 5844/1138/5465 1346/1138/1306 1340/1134/1300
f 1348/1137/1308 1355/1139/1315 1349/1140/1309
f 1347/1137/1307 1346/1138/1306 1350/1140/1310
f 1347/1137/1307 1351/1139/1311 1352/1139/1312
f 5845/1140/1309 1350/1140/1310 1346/1138/1306
f 1355/1139/1315 1360/1141/1319 1356/1142/1316
f 1351/1139/1311 1350/1140/1310 1357/1142/1317
f 1352/1139/1312 1351/1139/1311 1358/1141/1318
f 5846/1142/5466 1357/1142/1317 1350/1140/1310
f 1360/1141/1319 1366/1144/1324 1362/1143/1320
f 1358/1141/1318 1357/1142/1317 1363/1143/1321
f 5847/1141/5467 1358/1141/1318 1364/1144/1322
f 1367/1143/1325 5848/1142/5468 1356/1142/1316
f 1366/1144/1324 1372/1145/1330 1368/1146/1326
f 1364/1144/1322 1363/1143/1321 1369/1146/1327
f 5849/1144/5469 1364/1144/1322 1370/1145/1328
f 5850/1146/5470 1369/1146/1327 1363/1143/1321
f 1372/1145/1330 5851/1148/5471 1373/1147/1331
f 1369/1146/1327 5852/1147/5472 1374/1148/1332
f 1370/1145/1328 1374/1148/1332 1375/1148/1333
f 5853/1147/5473 5852/1147/5472 1369/1146/1327
f 1336/1135/1296 5843/1135/5464 1378/1133/1335
f 1373/1147/1331 5851/1148/5471 1379/1148/1336
f 1381/1149/1338 1390/1152/1346 1382/1150/1339
f 1384/1150/1341 1389/1152/1345 1385/1149/1342
f 1382/1150/1339 1393/1150/1349 1387/1151/1343
f 1390/1152/1346 1381/1149/1338 5854/1149/1342
f 1390/1152/1346 1396/1154/1352 1391/1153/1347
f 1392/1153/1348 1395/1154/1351 1389/1152/1345
f 5855/1153/5474 1392/1153/1348 1384/1150/1341
f 1396/1154/1352 1390/1152/1346 5856/1152/1345
f 1396/1154/1352 1402/1155/1356 1397/1156/1353
f 1398/1156/1354 1401/1155/1357 1395/1154/1351
f 5857/1156/5475 1398/1156/1354 1392/1153/1348
f 1402/1155/1356 1396/1154/1352 5858/1154/5476
f 1402/1155/1356 1408/1157/1363 1403/1158/1358
f 1404/1158/1359 1411/1157/1366 1401/1155/1357
f 1397/1156/1353 1403/1158/1358 1405/1158/1360
f 1402/1155/1356 5859/1155/5477 1407/1157/1362
f 1408/1157/1363 1414/1159/1368 1409/1160/1364
f 1410/1160/1365 1417/1159/1371 1411/1157/1366
f 1403/1158/1358 1409/1160/1364 1412/1160/1365
f 1408/1157/1363 1407/1157/1362 1413/1159/1367
f 1415/1161/1369 1421/1162/1374 1409/1160/1364
f 1416/1162/1370 1423/1161/1376 1417/1159/1371
f 1409/1160/1364 1421/1162/1374 1418/1162/1370
f 1414/1159/1368 1413/1159/1367 1419/1161/1372
f 1420/1164/1373 1428/1163/1380 1421/1162/1374
f 1416/1162/1370 1425/1163/1377 1422/1164/1375
f 1421/1162/1374 1428/1163/1380 1427/1163/1379
f 1415/1161/1369 1419/1161/1372 1426/1164/1378
f 1387/1151/1343 5854/1149/1342 1381/1149/1338
f 1420/1164/1373 1426/1164/1378 1427/1163/1379
f 1429/1165/1381 1443/1173/1394 1430/1166/1382
f 1432/1168/1384 1461/1168/1410 1433/1168/1385
f 1430/1166/1382 1438/1170/1389 1435/1169/1387
f 1433/1168/1385 1461/1168/1410 1436/1168/1388
f 1438/1170/1389 1449/1176/1398 1439/1171/1390
f 1437/1168/1385 1436/1168/1388 1440/1168/1391
f 1442/1172/1393 1446/1174/1396 1430/1166/1382
f 1444/1168/1395 1434/1168/1386 1433/1168/1385
f 1446/1174/1396 1448/1175/1397 1438/1170/1389
f 1445/1168/1385 1433/1168/1385 1437/1168/1385
f 1448/1175/1397 1457/1180/1406 1449/1176/1398
f 1447/1168/1385 1437/1168/1385 1441/1168/1392
f 1451/1177/1400 1454/1178/1403 1446/1174/1396
f 1452/1168/1401 1444/1168/1395 1445/1168/1385
f 1454/1178/1403 1472/1187/1421 1448/1175/1397
f 1453/1168/1402 1445/1168/1385 1447/1168/1385
f 1448/1175/1397 1472/1187/1421 1456/1179/1405
f 1447/1168/1385 1450/1168/1399 1458/1168/1407
f 1431/1167/1383 1463/1183/1412 1459/1181/1408
f 1460/1168/1409 1465/1168/1414 1461/1168/1410
f 1431/1167/1383 1435/1169/1387 1462/1182/1411
f 1464/1168/1413 1436/1168/1388 1461/1168/1410
f 1435/1169/1387 1439/1171/1390 1466/1184/1415
f 1467/1168/1416 1440/1168/1391 1436/1168/1388
f 1439/1171/1390 1449/1176/1398 1468/1185/1417
f 1469/1168/1418 1441/1168/1392 1440/1168/1391
f 1457/1180/1406 1470/1186/1419 1468/1185/1417
f 1469/1168/1418 1471/1168/1420 1450/1168/1399
f 1456/1179/1405 1473/1188/1422 1470/1186/1419
f 1471/1168/1420 1474/1168/1423 1458/1168/1407
f 1472/1187/1421 1476/1190/1425 1473/1188/1422
f 1474/1168/1423 1478/1168/1425 1455/1168/1404
f 1472/1187/1421 1454/1178/1403 1475/1189/1424
f 1477/1168/1426 1453/1168/1402 1455/1168/1404
f 1454/1178/1403 1451/1177/1400 1479/1191/1427
f 1480/1168/1428 1452/1168/1401 1453/1168/1402
f 1451/1177/1400 1442/1172/1393 1481/1192/1429
f 1482/1168/1430 1444/1168/1395 1452/1168/1401
f 1443/1173/1394 1483/1193/1431 1481/1192/1429
f 1482/1168/1430 1484/1168/1432 1434/1168/1386
f 1429/1165/1381 1459/1181/1408 1483/1193/1431
f 1484/1168/1432 1460/1168/1409 1432/1168/1384
f 1485/1165/1433 1498/1173/1446 1486/1166/1434
f 1488/1168/1436 1493/1168/1441 1489/1168/1437
f 1487/1167/1435 1486/1166/1434 1491/1170/1439
f 1493/1168/1441 1519/1168/1465 1494/1168/1442
f 1491/1170/1439 1505/1176/1451 1495/1171/1443
f 1494/1168/1442 1519/1168/1465 1496/1168/1444
f 1498/1173/1446 1508/1172/1454 1499/1174/1447
f 1490/1168/1438 1489/1168/1437 1500/1168/1442
f 1486/1166/1434 1499/1174/1447 1502/1175/1449
f 1489/1168/1437 1494/1168/1442 1503/1168/1437
f 1491/1170/1439 1502/1175/1449 1504/1180/1450
f 1494/1168/1442 1497/1168/1445 1506/1168/1452
f 1507/1177/1453 1530/1178/1475 1499/1174/1447
f 1509/1168/1455 1501/1168/1448 1500/1168/1442
f 1499/1174/1447 1530/1178/1475 1511/1187/1457
f 1500/1168/1442 1503/1168/1437 1512/1168/1458
f 1502/1175/1449 1511/1187/1457 1513/1179/1459
f 1503/1168/1437 1506/1168/1452 1514/1168/1460
f 1487/1167/1435 1517/1183/1463 1515/1181/1461
f 1516/1168/1462 1518/1168/1464 1493/1168/1441
f 1492/1169/1440 1521/1182/1467 1517/1183/1463
f 1518/1168/1464 1523/1168/1467 1519/1168/1465
f 1492/1169/1440 1495/1171/1443 1520/1184/1466
f 1522/1168/1468 1496/1168/1444 1519/1168/1465
f 1495/1171/1443 1505/1176/1451 1524/1185/1469
f 1525/1168/1470 1497/1168/1445 1496/1168/1444
f 1505/1176/1451 1504/1180/1450 1526/1186/1471
f 1527/1168/1472 1506/1168/1452 1497/1168/1445
f 1513/1179/1459 1528/1188/1473 1526/1186/1471
f 1527/1168/1472 1529/1168/1474 1514/1168/1460
f 1511/1187/1457 1531/1190/1476 1528/1188/1473
f 1529/1168/1474 1532/1168/1477 1512/1168/1458
f 1530/1178/1475 1534/1189/1479 1531/1190/1476
f 1532/1168/1477 1536/1168/1481 1510/1168/1456
f 1530/1178/1475 1507/1177/1453 1533/1191/1478
f 1535/1168/1480 1509/1168/1455 1510/1168/1456
f 1507/1177/1453 1508/1172/1454 1537/1192/1482
f 1538/1168/1483 1501/1168/1448 1509/1168/1455
f 1508/1172/1454 1498/1173/1446 1539/1193/1484
f 1540/1168/1485 1490/1168/1438 1501/1168/1448
f 1485/1165/1433 1515/1181/1461 1539/1193/1484
f 1540/1168/1485 1516/1168/1462 1488/1168/1436
f 1541/1135/1486 1547/1133/1492 1542/1136/1487
f 1544/1135/1489 5860/1134/5478 1545/1136/1490
f 1583/1133/1525 1546/1133/1491 1545/1136/1490
f 1549/1134/1493 5861/1135/1489 1541/1135/1486
f 1543/1134/1488 1542/1136/1487 1550/1137/1494
f 1545/1136/1490 5860/1134/5478 1552/1138/1496
f 1542/1136/1487 1548/1136/1490 1554/1137/1498
f 1555/1138/1499 1549/1134/1493 1543/1134/1488
f 1551/1138/1495 1550/1137/1494 1556/1139/1500
f 1553/1137/1497 1552/1138/1496 1558/1140/1502
f 1550/1137/1494 1554/1137/1498 1560/1139/1504
f 5862/1140/5479 1558/1140/1502 1552/1138/1496
f 1557/1140/1501 1556/1139/1500 1561/1141/1505
f 1558/1140/1502 5863/1142/5480 1563/1141/1507
f 1556/1139/1500 1560/1139/1504 1564/1141/1508
f 1565/1142/1509 5864/1140/5481 1557/1140/1501
f 1561/1141/1505 1570/1144/1514 1566/1143/1510
f 1563/1141/1507 5863/1142/5480 1567/1143/1511
f 1561/1141/1505 1564/1141/1508 1569/1144/1513
f 1571/1143/1515 1565/1142/1509 1562/1142/1506
f 1570/1144/1514 1576/1145/1519 1572/1146/1516
f 1568/1144/1512 1567/1143/1511 1573/1146/1517
f 5865/1144/1514 1568/1144/1512 1574/1145/1518
f 1577/1146/1520 1571/1143/1515 1566/1143/1510
f 1576/1145/1519 1582/1148/1524 1578/1147/1521
f 1574/1145/1518 1573/1146/1517 1579/1147/1522
f 5866/1145/5482 1574/1145/1518 1580/1148/1523
f 5867/1147/5483 1579/1147/1522 1573/1146/1517
f 1547/1133/1492 1541/1135/1486 5861/1135/1489
f 1578/1147/1521 1582/1148/1524 1581/1148/1523
f 1585/1152/1527 1591/1150/1533 1586/1151/1528
f 1588/1151/1530 1596/1150/1536 1589/1152/1531
f 5868/1150/1533 1596/1150/1536 1588/1151/1530
f 1585/1152/1527 1587/1149/1529 1593/1149/1532
f 1595/1154/1535 1598/1153/1538 1591/1150/1533
f 1596/1150/1536 1603/1153/1541 1597/1154/1537
f 5869/1153/5484 1603/1153/1541 1596/1150/1536
f 1595/1154/1535 1585/1152/1527 1594/1152/1534
f 1595/1154/1535 1607/1155/1542 1601/1156/1539
f 1602/1156/1540 1606/1155/1543 1597/1154/1537
f 1601/1156/1539 1611/1156/1547 1604/1153/1541
f 1607/1155/1542 1595/1154/1535 5870/1154/1537
f 1607/1155/1542 1613/1157/1549 1608/1158/1544
f 1609/1158/1545 1616/1157/1552 1606/1155/1543
f 1601/1156/1539 1608/1158/1544 1610/1158/1546
f 1607/1155/1542 5871/1155/1543 1612/1157/1548
f 1613/1157/1549 1619/1159/1555 1614/1160/1550
f 1609/1158/1545 1621/1160/1557 1615/1159/1551
f 1608/1158/1544 1614/1160/1550 1617/1160/1553
f 1613/1157/1549 1612/1157/1548 1618/1159/1554
f 1620/1161/1556 1626/1162/1562 1614/1160/1550
f 1621/1160/1557 1627/1162/1563 1622/1161/1558
f 1614/1160/1550 1626/1162/1562 1623/1162/1559
f 5872/1159/1555 1615/1159/1551 1622/1161/1558
f 1625/1164/1561 1631/1163/1567 1626/1162/1562
f 1627/1162/1563 5873/1163/1565 1628/1164/1564
f 1626/1162/1562 1631/1163/1567 1629/1163/1565
f 1620/1161/1556 1624/1161/1560 1630/1164/1566
f 1586/1151/1528 1592/1151/1530 1593/1149/1532
f 1625/1164/1561 1630/1164/1566 1629/1163/1565
f 1632/1165/1568 1646/1173/1582 1633/1166/1569
f 1635/1168/1571 1668/1168/1602 1636/1168/1572
f 1633/1166/1569 1641/1170/1577 1638/1169/1574
f 1636/1168/1572 1668/1168/1602 1639/1168/1575
f 1641/1170/1577 1652/1176/1586 1642/1171/1578
f 1640/1168/1576 1639/1168/1575 1643/1168/1579
f 1645/1172/1581 1649/1174/1584 1633/1166/1569
f 1647/1168/1583 1637/1168/1573 1636/1168/1572
f 1649/1174/1584 1651/1175/1585 1641/1170/1577
f 1648/1168/1576 1636/1168/1572 1640/1168/1576
f 1651/1175/1585 1660/1180/1594 1652/1176/1586
f 1650/1168/1576 1640/1168/1576 1644/1168/1580
f 1654/1177/1588 1657/1178/1591 1649/1174/1584
f 1655/1168/1589 1647/1168/1583 1648/1168/1576
f 1657/1178/1591 1679/1187/1612 1651/1175/1585
f 1656/1168/1590 1648/1168/1576 1650/1168/1576
f 1651/1175/1585 1679/1187/1612 1659/1179/1593
f 1650/1168/1576 1653/1168/1587 1661/1168/1595
f 1632/1165/1568 1634/1167/1570 1662/1183/1596
f 1664/1168/1598 1668/1168/1602 1635/1168/1571
f 1634/1167/1570 1638/1169/1574 1666/1182/1600
f 1667/1168/1601 1639/1168/1575 1668/1168/1602
f 1638/1169/1574 1642/1171/1578 1669/1184/1603
f 1670/1168/1603 1643/1168/1579 1639/1168/1575
f 1652/1176/1586 1671/1185/1604 1669/1184/1603
f 1670/1168/1603 1672/1168/1605 1644/1168/1580
f 1660/1180/1594 1673/1186/1606 1671/1185/1604
f 1672/1168/1605 1674/1168/1607 1653/1168/1587
f 1659/1179/1593 1676/1188/1609 1673/1186/1606
f 1674/1168/1607 1678/1168/1611 1661/1168/1595
f 1659/1179/1593 1679/1187/1612 1675/1190/1608
f 1677/1168/1610 1658/1168/1592 1661/1168/1595
f 1679/1187/1612 1657/1178/1591 1680/1189/1613
f 1681/1168/1614 1656/1168/1590 1658/1168/1592
f 1657/1178/1591 1654/1177/1588 1682/1191/1615
f 1683/1168/1616 1655/1168/1589 1656/1168/1590
f 1645/1172/1581 1684/1192/1617 1682/1191/1615
f 1683/1168/1616 1685/1168/1618 1647/1168/1583
f 1646/1173/1582 1686/1193/1619 1684/1192/1617
f 1685/1168/1618 1687/1168/1620 1637/1168/1573
f 1632/1165/1568 1663/1181/1597 1686/1193/1619
f 1687/1168/1620 1665/1168/1599 1635/1168/1571
f 1688/1165/1621 1701/1173/1633 1689/1166/1622
f 1691/1168/1624 1696/1168/1629 1692/1168/1625
f 1690/1167/1623 1689/1166/1622 1694/1170/1627
f 1696/1168/1629 1722/1168/1652 1697/1168/1625
f 1694/1170/1627 1708/1176/1638 1698/1171/1630
f 1697/1168/1625 1722/1168/1652 1699/1168/1631
f 1701/1173/1633 1711/1172/1641 1702/1174/1634
f 1693/1168/1626 1692/1168/1625 1703/1168/1625
f 1689/1166/1622 1702/1174/1634 1705/1175/1636
f 1692/1168/1625 1697/1168/1625 1706/1168/1625
f 1694/1170/1627 1705/1175/1636 1707/1180/1637
f 1697/1168/1625 1700/1168/1632 1709/1168/1639
f 1710/1177/1640 1734/1178/1664 1702/1174/1634
f 1712/1168/1642 1704/1168/1635 1703/1168/1625
f 1702/1174/1634 1734/1178/1664 1714/1187/1644
f 1703/1168/1625 1706/1168/1625 1715/1168/1645
f 1705/1175/1636 1714/1187/1644 1716/1179/1646
f 1706/1168/1625 1709/1168/1639 1717/1168/1647
f 1688/1165/1621 1690/1167/1623 1718/1183/1648
f 1720/1168/1650 1696/1168/1629 1691/1168/1624
f 1695/1169/1628 1723/1182/1653 1718/1183/1648
f 1720/1168/1650 1724/1168/1654 1722/1168/1652
f 1698/1171/1630 1725/1184/1655 1723/1182/1653
f 1724/1168/1654 1726/1168/1656 1699/1168/1631
f 1708/1176/1638 1728/1185/1658 1725/1184/1655
f 1726/1168/1656 1730/1168/1660 1700/1168/1632
f 1708/1176/1638 1707/1180/1637 1727/1186/1657
f 1729/1168/1659 1709/1168/1639 1700/1168/1632
f 1707/1180/1637 1716/1179/1646 1731/1188/1661
f 1732/1168/1662 1717/1168/1647 1709/1168/1639
f 1714/1187/1644 1735/1190/1665 1731/1188/1661
f 1733/1168/1663 1715/1168/1645 1717/1168/1647
f 1734/1178/1664 1736/1189/1666 1735/1190/1665
f 1733/1168/1663 1737/1168/1667 1713/1168/1643
f 1710/1177/1640 1738/1191/1668 1736/1189/1666
f 1737/1168/1667 1739/1168/1669 1712/1168/1642
f 1711/1172/1641 1741/1192/1671 1738/1191/1668
f 1739/1168/1669 1743/1168/1673 1704/1168/1635
f 1711/1172/1641 1701/1173/1633 1740/1193/1670
f 1742/1168/1672 1693/1168/1626 1704/1168/1635
f 1701/1173/1633 1688/1165/1621 1719/1181/1649
f 1721/1168/1651 1691/1168/1624 1693/1168/1626
f 1744/1135/1674 1750/1133/1680 1745/1136/1675
f 1747/1135/1677 1755/1134/1685 1748/1136/1678
f 5874/1133/5485 1749/1133/1679 1748/1136/1678
f 1752/1134/1682 5875/1135/5486 1744/1135/1674
f 1746/1134/1676 1745/1136/1675 1753/1137/1683
f 1755/1134/1685 1758/1138/1688 1756/1137/1686
f 1748/1136/1678 1756/1137/1686 5876/1137/5487
f 1754/1138/1684 5877/1138/5488 1752/1134/1682
f 1753/1137/1683 1761/1139/1691 1757/1140/1687
f 1758/1138/1688 5878/1140/1692 1759/1139/1689
f 1756/1137/1686 1759/1139/1689 1767/1139/1697
f 1762/1140/1692 5877/1138/5488 1754/1138/1684
f 1761/1139/1691 1768/1141/1698 1763/1142/1693
f 1759/1139/1689 5878/1140/1692 1764/1142/1694
f 1759/1139/1689 1765/1141/1695 1766/1141/1696
f 1763/1142/1693 1773/1142/1702 1762/1140/1692
f 1768/1141/1698 1772/1144/1701 1769/1143/1699
f 1764/1142/1694 5879/1143/5489 1770/1144/1700
f 1766/1141/1696 1765/1141/1695 1770/1144/1700
f 5880/1143/1699 5879/1143/5489 1764/1142/1694
f 1772/1144/1701 1780/1145/1706 1774/1146/1703
f 1770/1144/1700 5879/1143/5489 1775/1146/1704
f 1770/1144/1700 1776/1145/1705 1777/1145/1706
f 1779/1146/1707 5881/1143/5490 1769/1143/1699
f 1780/1145/1706 5882/1148/1711 1781/1147/1708
f 1776/1145/1705 1775/1146/1704 1782/1147/1709
f 1776/1145/1705 1783/1148/1710 1784/1148/1711
f 5883/1147/1708 1782/1147/1709 1775/1146/1704
f 1744/1135/1674 5875/1135/5486 1785/1133/1679
f 1781/1147/1708 5882/1148/1711 1786/1148/1712
f 1788/1152/1714 1794/1150/1720 1789/1151/1715
f 1791/1151/1717 1799/1150/1724 1792/1152/1718
f 5884/1150/5491 1799/1150/1724 1791/1151/1717
f 1788/1152/1714 1790/1149/1716 1796/1149/1721
f 1798/1154/1723 1801/1153/1726 1794/1150/1720
f 1799/1150/1724 1805/1153/1730 1800/1154/1725
f 5885/1153/1726 1805/1153/1730 1799/1150/1724
f 1798/1154/1723 1788/1152/1714 1797/1152/1722
f 1804/1155/1729 1807/1156/1732 1801/1153/1726
f 1805/1153/1730 1811/1156/1736 1806/1155/1731
f 5886/1156/1732 1811/1156/1736 1805/1153/1730
f 1804/1155/1729 1798/1154/1723 5887/1154/1725
f 1810/1157/1735 1813/1158/1738 1807/1156/1732
f 1811/1156/1736 1818/1158/1743 1812/1157/1737
f 5888/1158/1738 1818/1158/1743 1811/1156/1736
f 1804/1155/1729 5889/1155/1731 1815/1157/1740
f 1810/1157/1735 1822/1159/1746 1816/1160/1741
f 1817/1160/1742 1825/1159/1749 1812/1157/1737
f 1813/1158/1738 1816/1160/1741 1819/1160/1742
f 1810/1157/1735 1815/1157/1740 1821/1159/1745
f 1822/1159/1746 1828/1161/1752 1823/1162/1747
f 1824/1162/1748 1831/1161/1755 1825/1159/1749
f 1816/1160/1741 1823/1162/1747 1826/1162/1750
f 1822/1159/1746 1821/1159/1745 1827/1161/1751
f 1829/1164/1753 1834/1163/1758 1823/1162/1747
f 1830/1163/1754 5890/1164/5492 1831/1161/1755
f 1823/1162/1747 1834/1163/1758 1832/1163/1756
f 1828/1161/1752 1827/1161/1751 1833/1164/1757
f 1795/1151/1717 1796/1149/1721 1790/1149/1716
f 5890/1164/5492 1830/1163/1754 5891/1163/5493
f 1835/1165/1759 1849/1173/1773 1836/1166/1760
f 1838/1168/1762 1871/1168/1794 1839/1168/1763
f 1836/1166/1760 1844/1170/1768 1841/1169/1765
f 1839/1168/1763 1871/1168/1794 1842/1168/1766
f 1844/1170/1768 1855/1176/1778 1845/1171/1769
f 1843/1168/1767 1842/1168/1766 1846/1168/1770
f 1848/1172/1772 1852/1174/1775 1836/1166/1760
f 1850/1168/1774 1840/1168/1764 1839/1168/1763
f 1852/1174/1775 1854/1175/1777 1844/1170/1768
f 1851/1168/1763 1839/1168/1763 1843/1168/1767
f 1854/1175/1777 1863/1180/1786 1855/1176/1778
f 1853/1168/1776 1843/1168/1767 1847/1168/1771
f 1857/1177/1780 1860/1178/1783 1852/1174/1775
f 1858/1168/1781 1850/1168/1774 1851/1168/1763
f 1860/1178/1783 1882/1187/1804 1854/1175/1777
f 1859/1168/1782 1851/1168/1763 1853/1168/1776
f 1854/1175/1777 1882/1187/1804 1862/1179/1785
f 1853/1168/1776 1856/1168/1779 1864/1168/1787
f 1835/1165/1759 1837/1167/1761 1865/1183/1788
f 1867/1168/1790 1871/1168/1794 1838/1168/1762
f 1837/1167/1761 1841/1169/1765 1869/1182/1792
f 1870/1168/1793 1842/1168/1766 1871/1168/1794
f 1841/1169/1765 1845/1171/1769 1872/1184/1795
f 1873/1168/1796 1846/1168/1770 1842/1168/1766
f 1855/1176/1778 1874/1185/1797 1872/1184/1795
f 1873/1168/1796 1875/1168/1798 1847/1168/1771
f 1863/1180/1786 1876/1186/1799 1874/1185/1797
f 1875/1168/1798 1877/1168/1800 1856/1168/1779
f 1862/1179/1785 1879/1188/1802 1876/1186/1799
f 1877/1168/1800 1881/1168/1802 1864/1168/1787
f 1862/1179/1785 1882/1187/1804 1878/1190/1801
f 1880/1168/1803 1861/1168/1784 1864/1168/1787
f 1882/1187/1804 1860/1178/1783 1883/1189/1805
f 1884/1168/1806 1859/1168/1782 1861/1168/1784
f 1860/1178/1783 1857/1177/1780 1885/1191/1807
f 1886/1168/1808 1858/1168/1781 1859/1168/1782
f 1848/1172/1772 1887/1192/1809 1885/1191/1807
f 1886/1168/1808 1888/1168/1810 1850/1168/1774
f 1849/1173/1773 1889/1193/1811 1887/1192/1809
f 1888/1168/1810 1890/1168/1812 1840/1168/1764
f 1835/1165/1759 1866/1181/1789 1889/1193/1811
f 1890/1168/1812 1868/1168/1791 1838/1168/1762
f 1891/1165/1813 1904/1173/1826 1892/1166/1814
f 1894/1168/1816 1899/1168/1821 1895/1168/1817
f 1893/1167/1815 1892/1166/1814 1897/1170/1819
f 1899/1168/1821 1925/1168/1845 1900/1168/1822
f 1897/1170/1819 1911/1176/1831 1901/1171/1823
f 1900/1168/1822 1925/1168/1845 1902/1168/1824
f 1904/1173/1826 1914/1172/1834 1905/1174/1827
f 1896/1168/1818 1895/1168/1817 1906/1168/1817
f 1892/1166/1814 1905/1174/1827 1908/1175/1829
f 1895/1168/1817 1900/1168/1822 1909/1168/1822
f 1897/1170/1819 1908/1175/1829 1910/1180/1830
f 1900/1168/1822 1903/1168/1825 1912/1168/1832
f 1913/1177/1833 1936/1178/1856 1905/1174/1827
f 1915/1168/1835 1907/1168/1828 1906/1168/1817
f 1905/1174/1827 1936/1178/1856 1917/1187/1837
f 1906/1168/1817 1909/1168/1822 1918/1168/1838
f 1908/1175/1829 1917/1187/1837 1919/1179/1839
f 1909/1168/1822 1912/1168/1832 1920/1168/1840
f 1893/1167/1815 1923/1183/1843 1921/1181/1841
f 1922/1168/1842 1924/1168/1844 1899/1168/1821
f 1898/1169/1820 1926/1182/1846 1923/1183/1843
f 1924/1168/1844 1927/1168/1847 1925/1168/1845
f 1901/1171/1823 1929/1184/1849 1926/1182/1846
f 1927/1168/1847 1931/1168/1851 1902/1168/1824
f 1901/1171/1823 1911/1176/1831 1928/1185/1848
f 1930/1168/1850 1903/1168/1825 1902/1168/1824
f 1911/1176/1831 1910/1180/1830 1932/1186/1852
f 1933/1168/1853 1912/1168/1832 1903/1168/1825
f 1910/1180/1830 1919/1179/1839 1934/1188/1854
f 1935/1168/1855 1920/1168/1840 1912/1168/1832
f 1917/1187/1837 1937/1190/1857 1934/1188/1854
f 1935/1168/1855 1938/1168/1858 1918/1168/1838
f 1936/1178/1856 1939/1189/1859 1937/1190/1857
f 1938/1168/1858 1940/1168/1860 1916/1168/1836
f 1913/1177/1833 1942/1191/1862 1939/1189/1859
f 1940/1168/1860 1944/1168/1864 1915/1168/1835
f 1913/1177/1833 1914/1172/1834 1941/1192/1861
f 1943/1168/1863 1907/1168/1828 1915/1168/1835
f 1914/1172/1834 1904/1173/1826 1945/1193/1865
f 1946/1168/1866 1896/1168/1818 1907/1168/1828
f 1904/1173/1826 1891/1165/1813 1921/1181/1841
f 1922/1168/1842 1894/1168/1816 1896/1168/1818
f 1947/1135/1867 1953/1133/1873 1948/1136/1868
f 1950/1135/1870 5892/1134/5494 1951/1136/1871
f 1990/1133/1908 1952/1133/1872 1951/1136/1871
f 1949/1134/1869 5893/1134/5495 1955/1135/1875
f 1948/1136/1868 1960/1137/1880 1956/1138/1876
f 1951/1136/1871 5892/1134/5494 1957/1138/1877
f 1948/1136/1868 1954/1136/1874 1959/1137/1879
f 1961/1138/1881 5893/1134/5495 1949/1134/1869
f 1960/1137/1880 1970/1139/1890 1962/1140/1882
f 1958/1137/1878 1957/1138/1877 1963/1140/1883
f 1958/1137/1878 1964/1139/1884 1965/1139/1885
f 5894/1140/1882 1963/1140/1883 1957/1138/1877
f 1962/1140/1882 1970/1139/1890 1967/1141/1887
f 1963/1140/1883 1974/1142/1894 1969/1141/1889
f 1965/1139/1885 1964/1139/1884 1969/1141/1889
f 1972/1142/1892 5895/1140/1883 1962/1140/1882
f 1967/1141/1887 1976/1144/1896 1973/1143/1893
f 1974/1142/1894 1980/1143/1897 1975/1144/1895
f 1969/1141/1889 1975/1144/1895 1983/1144/1902
f 1977/1143/1897 1972/1142/1892 1968/1142/1888
f 1973/1143/1893 1976/1144/1896 1978/1145/1898
f 1980/1143/1897 1987/1146/1906 1981/1145/1900
f 1975/1144/1895 1981/1145/1900 1982/1145/1901
f 1984/1146/1903 1977/1143/1897 1973/1143/1893
f 1979/1146/1899 1978/1145/1898 1985/1148/1904
f 1987/1146/1906 5896/1147/5496 1988/1148/1907
f 1981/1145/1900 1988/1148/1907 5897/1148/1904
f 1986/1147/1905 1991/1147/1909 1984/1146/1903
f 1953/1133/1873 1947/1135/1867 1955/1135/1875
f 1985/1148/1904 5898/1148/1907 1991/1147/1909
f 1992/1152/1910 1998/1150/1916 1993/1151/1911
f 1995/1151/1913 2003/1150/1920 1996/1152/1914
f 5899/1150/5497 2003/1150/1920 1995/1151/1913
f 1992/1152/1910 1994/1149/1912 2000/1149/1915
f 2002/1154/1919 2005/1153/1922 1998/1150/1916
f 2003/1150/1920 2009/1153/1926 2004/1154/1921
f 5900/1153/1922 2009/1153/1926 2003/1150/1920
f 2002/1154/1919 1992/1152/1910 2001/1152/1918
f 2008/1155/1925 2011/1156/1928 2005/1153/1922
f 2009/1153/1926 2016/1156/1932 2010/1155/1927
f 5901/1156/1928 2016/1156/1932 2009/1153/1926
f 2008/1155/1925 2002/1154/1919 5902/1154/5498
f 2008/1155/1925 2020/1157/1936 2014/1158/1930
f 2015/1158/1931 2023/1157/1939 2010/1155/1927
f 2011/1156/1928 2014/1158/1930 2017/1158/1933
f 2008/1155/1925 5903/1155/5499 2019/1157/1935
f 2020/1157/1936 2026/1159/1941 2021/1160/1937
f 2015/1158/1931 2029/1160/1944 2022/1159/1938
f 2014/1158/1930 2021/1160/1937 2024/1160/1940
f 2020/1157/1936 2019/1157/1935 2025/1159/1938
f 2026/1159/1941 2032/1161/1945 2027/1162/1942
f 2028/1162/1943 2031/1161/1946 2022/1159/1938
f 2027/1162/1942 2036/1162/1950 2024/1160/1940
f 2030/1161/1945 5904/1159/1941 2022/1159/1938
f 2032/1161/1945 2038/1164/1952 2033/1163/1947
f 2034/1163/1948 5905/1164/5500 2031/1161/1946
f 2027/1162/1942 2033/1163/1947 2035/1163/1949
f 2032/1161/1945 5906/1161/5501 2037/1164/1951
f 1993/1151/1911 1999/1151/1917 2000/1149/1915
f 5907/1164/5502 5905/1164/5500 2034/1163/1948
f 2039/1165/1953 2053/1173/1966 2040/1166/1954
f 2042/1168/1956 2071/1168/1981 2043/1168/1957
f 2040/1166/1954 2048/1170/1961 2045/1169/1959
f 2043/1168/1957 2071/1168/1981 2046/1168/1960
f 2048/1170/1961 2059/1176/1970 2049/1171/1962
f 2047/1168/1957 2046/1168/1960 2050/1168/1963
f 2052/1172/1965 2056/1174/1968 2040/1166/1954
f 2054/1168/1967 2044/1168/1958 2043/1168/1957
f 2056/1174/1968 2058/1175/1969 2048/1170/1961
f 2055/1168/1957 2043/1168/1957 2047/1168/1957
f 2058/1175/1969 2067/1180/1978 2059/1176/1970
f 2057/1168/1957 2047/1168/1957 2051/1168/1964
f 2061/1177/1972 2064/1178/1975 2056/1174/1968
f 2062/1168/1973 2054/1168/1967 2055/1168/1957
f 2064/1178/1975 2082/1187/1992 2058/1175/1969
f 2063/1168/1974 2055/1168/1957 2057/1168/1957
f 2058/1175/1969 2082/1187/1992 2066/1179/1977
f 2057/1168/1957 2060/1168/1971 2068/1168/1979
f 2041/1167/1955 2073/1183/1983 2069/1181/1980
f 2070/1168/1980 2075/1168/1985 2071/1168/1981
f 2041/1167/1955 2045/1169/1959 2072/1182/1982
f 2074/1168/1984 2046/1168/1960 2071/1168/1981
f 2045/1169/1959 2049/1171/1962 2076/1184/1986
f 2077/1168/1987 2050/1168/1963 2046/1168/1960
f 2049/1171/1962 2059/1176/1970 2078/1185/1988
f 2079/1168/1989 2051/1168/1964 2050/1168/1963
f 2067/1180/1978 2080/1186/1990 2078/1185/1988
f 2079/1168/1989 2081/1168/1991 2060/1168/1971
f 2066/1179/1977 2083/1188/1993 2080/1186/1990
f 2081/1168/1991 2084/1168/1994 2068/1168/1979
f 2082/1187/1992 2086/1190/1996 2083/1188/1993
f 2084/1168/1994 2088/1168/1998 2065/1168/1976
f 2082/1187/1992 2064/1178/1975 2085/1189/1995
f 2087/1168/1997 2063/1168/1974 2065/1168/1976
f 2064/1178/1975 2061/1177/1972 2089/1191/1999
f 2090/1168/2000 2062/1168/1973 2063/1168/1974
f 2061/1177/1972 2052/1172/1965 2091/1192/2001
f 2092/1168/2002 2054/1168/1967 2062/1168/1973
f 2053/1173/1966 2093/1193/2003 2091/1192/2001
f 2092/1168/2002 2094/1168/2004 2044/1168/1958
f 2039/1165/1953 2069/1181/1980 2093/1193/2003
f 2094/1168/2004 2070/1168/1980 2042/1168/1956
f 2095/1165/2005 2109/1173/2019 2096/1166/2006
f 2098/1168/2008 2130/1168/2038 2099/1168/2009
f 2096/1166/2006 2104/1170/2014 2101/1169/2011
f 2099/1168/2009 2130/1168/2038 2102/1168/2012
f 2104/1170/2014 2115/1176/2024 2105/1171/2015
f 2103/1168/2013 2102/1168/2012 2106/1168/2016
f 2108/1172/2018 2112/1174/2022 2096/1166/2006
f 2110/1168/2020 2100/1168/2010 2099/1168/2009
f 2112/1174/2022 2114/1175/2023 2104/1170/2014
f 2111/1168/2021 2099/1168/2009 2103/1168/2013
f 2114/1175/2023 2123/1180/2032 2115/1176/2024
f 2113/1168/2009 2103/1168/2013 2107/1168/2017
f 2117/1177/2026 2120/1178/2029 2112/1174/2022
f 2118/1168/2027 2110/1168/2020 2111/1168/2021
f 2120/1178/2029 2142/1187/2050 2114/1175/2023
f 2119/1168/2028 2111/1168/2021 2113/1168/2009
f 2114/1175/2023 2142/1187/2050 2122/1179/2031
f 2113/1168/2009 2116/1168/2025 2124/1168/2033
f 2095/1165/2005 2097/1167/2007 2125/1183/2034
f 2127/1168/2034 2130/1168/2038 2098/1168/2008
f 2101/1169/2011 2131/1182/2039 2125/1183/2034
f 2129/1168/2037 2102/1168/2012 2130/1168/2038
f 2105/1171/2015 2132/1184/2040 2131/1182/2039
f 2129/1168/2037 2133/1168/2041 2106/1168/2016
f 2115/1176/2024 2134/1185/2042 2132/1184/2040
f 2133/1168/2041 2135/1168/2043 2107/1168/2017
f 2123/1180/2032 2137/1186/2045 2134/1185/2042
f 2135/1168/2043 2139/1168/2047 2116/1168/2025
f 2123/1180/2032 2122/1179/2031 2136/1188/2044
f 2138/1168/2046 2124/1168/2033 2116/1168/2025
f 2122/1179/2031 2142/1187/2050 2140/1190/2048
f 2141/1168/2049 2121/1168/2030 2124/1168/2033
f 2142/1187/2050 2120/1178/2029 2143/1189/2051
f 2144/1168/2052 2119/1168/2028 2121/1168/2030
f 2117/1177/2026 2145/1191/2053 2143/1189/2051
f 2144/1168/2052 2146/1168/2054 2118/1168/2027
f 2108/1172/2018 2148/1192/2056 2145/1191/2053
f 2146/1168/2054 2149/1168/2057 2110/1168/2020
f 2108/1172/2018 2109/1173/2019 2147/1193/2055
f 2149/1168/2057 2150/1168/2058 2100/1168/2010
f 2109/1173/2019 2095/1165/2005 2126/1181/2035
f 2128/1168/2036 2098/1168/2008 2100/1168/2010
f 2151/1133/2059 2158/1136/2065 2152/1134/2060
f 2154/1135/2062 2161/1134/2068 2155/1136/2063
f 2151/1133/2059 2197/1133/2100 2157/1136/2063
f 2159/1134/2066 2196/1135/2099 2153/1135/2061
f 2158/1136/2065 2165/1137/2071 2160/1138/2067
f 2161/1134/2068 2167/1138/2073 2162/1137/2069
f 2155/1136/2063 2162/1137/2069 2163/1137/2070
f 2160/1138/2067 2171/1138/2077 2159/1134/2066
f 2165/1137/2071 2170/1139/2076 2166/1140/2072
f 2167/1138/2073 2173/1140/2079 2168/1139/2074
f 2163/1137/2070 2162/1137/2069 2168/1139/2074
f 2166/1140/2072 5908/1140/5503 2171/1138/2077
f 2170/1139/2076 2178/1141/2083 2172/1142/2078
f 2173/1140/2079 5909/1142/5504 2174/1141/2080
f 2168/1139/2074 2174/1141/2080 2175/1141/2081
f 2177/1142/2082 5908/1140/5503 2166/1140/2072
f 2178/1141/2083 2183/1144/2087 2179/1143/2084
f 2174/1141/2080 5909/1142/5504 2180/1143/2085
f 2174/1141/2080 2181/1144/2086 2182/1144/2087
f 2179/1143/2084 2188/1143/2092 2177/1142/2082
f 2183/1144/2087 2189/1145/2093 2184/1146/2088
f 2181/1144/2086 2180/1143/2085 2185/1146/2089
f 2181/1144/2086 2186/1145/2090 2187/1145/2091
f 5910/1146/2088 2185/1146/2089 2180/1143/2085
f 2189/1145/2093 2194/1148/2098 2190/1147/2094
f 2186/1145/2090 2185/1146/2089 2191/1147/2095
f 2187/1145/2091 2186/1145/2090 2192/1148/2096
f 5911/1147/5505 2191/1147/2095 2185/1146/2089
f 2151/1133/2059 2153/1135/2061 2196/1135/2099
f 2190/1147/2094 2194/1148/2098 2193/1148/2097
f 2199/1165/2102 2212/1173/2115 2200/1166/2103
f 2202/1168/2105 2207/1168/2110 2203/1168/2106
f 2201/1167/2104 2200/1166/2103 2205/1170/2108
f 2207/1168/2110 2233/1168/2134 2208/1168/2111
f 2205/1170/2108 2219/1176/2120 2209/1171/2112
f 2208/1168/2111 2233/1168/2134 2210/1168/2113
f 2212/1173/2115 2222/1172/2123 2213/1174/2116
f 2204/1168/2107 2203/1168/2106 2214/1168/2111
f 2200/1166/2103 2213/1174/2116 2216/1175/2118
f 2203/1168/2106 2208/1168/2111 2217/1168/2106
f 2205/1170/2108 2216/1175/2118 2218/1180/2119
f 2208/1168/2111 2211/1168/2114 2220/1168/2121
f 2221/1177/2122 2246/1178/2147 2213/1174/2116
f 2223/1168/2124 2215/1168/2117 2214/1168/2111
f 2213/1174/2116 2246/1178/2147 2225/1187/2126
f 2214/1168/2111 2217/1168/2106 2226/1168/2127
f 2216/1175/2118 2225/1187/2126 2227/1179/2128
f 2217/1168/2106 2220/1168/2121 2228/1168/2129
f 2199/1165/2102 2201/1167/2104 2229/1183/2130
f 2231/1168/2132 2207/1168/2110 2202/1168/2105
f 2206/1169/2109 2234/1182/2135 2229/1183/2130
f 2231/1168/2132 2235/1168/2136 2233/1168/2134
f 2209/1171/2112 2236/1184/2137 2234/1182/2135
f 2235/1168/2136 2238/1168/2139 2210/1168/2113
f 2219/1176/2120 2240/1185/2141 2236/1184/2137
f 2237/1168/2138 2211/1168/2114 2210/1168/2113
f 2219/1176/2120 2218/1180/2119 2239/1186/2140
f 2241/1168/2142 2220/1168/2121 2211/1168/2114
f 2218/1180/2119 2227/1179/2128 2242/1188/2143
f 2243/1168/2144 2228/1168/2129 2220/1168/2121
f 2227/1179/2128 2225/1187/2126 2244/1190/2145
f 2245/1168/2146 2226/1168/2127 2228/1168/2129
f 2246/1178/2147 2247/1189/2148 2244/1190/2145
f 2245/1168/2146 2248/1168/2149 2224/1168/2125
f 2221/1177/2122 2249/1191/2150 2247/1189/2148
f 2248/1168/2149 2250/1168/2151 2223/1168/2124
f 2222/1172/2123 2252/1192/2153 2249/1191/2150
f 2250/1168/2151 2254/1168/2154 2215/1168/2117
f 2222/1172/2123 2212/1173/2115 2251/1193/2152
f 2253/1168/2152 2204/1168/2107 2215/1168/2117
f 2212/1173/2115 2199/1165/2102 2230/1181/2131
f 2232/1168/2133 2202/1168/2105 2204/1168/2107
f 2255/1165/2155 2268/1173/2168 2256/1166/2156
f 2258/1168/2158 2263/1168/2163 2259/1168/2159
f 2257/1167/2157 2256/1166/2156 2261/1170/2161
f 2263/1168/2163 2290/1168/2190 2264/1168/2164
f 2261/1170/2161 2275/1176/2175 2265/1171/2165
f 2264/1168/2164 2290/1168/2190 2266/1168/2166
f 2268/1173/2168 2278/1172/2178 2269/1174/2169
f 2260/1168/2160 2259/1168/2159 2270/1168/2170
f 2256/1166/2156 2269/1174/2169 2272/1175/2172
f 2259/1168/2159 2264/1168/2164 2273/1168/2173
f 2261/1170/2161 2272/1175/2172 2274/1180/2174
f 2264/1168/2164 2267/1168/2167 2276/1168/2176
f 2277/1177/2177 2300/1178/2200 2269/1174/2169
f 2279/1168/2179 2271/1168/2171 2270/1168/2170
f 2269/1174/2169 2300/1178/2200 2281/1187/2181
f 2270/1168/2170 2273/1168/2173 2282/1168/2182
f 2272/1175/2172 2281/1187/2181 2283/1179/2183
f 2273/1168/2173 2276/1168/2176 2284/1168/2184
f 2257/1167/2157 2288/1183/2188 2285/1181/2185
f 2286/1168/2186 2289/1168/2189 2263/1168/2163
f 2257/1167/2157 2262/1169/2162 2287/1182/2187
f 2289/1168/2189 2293/1168/2193 2290/1168/2190
f 2262/1169/2162 2265/1171/2165 2291/1184/2191
f 2292/1168/2192 2266/1168/2166 2290/1168/2190
f 2265/1171/2165 2275/1176/2175 2294/1185/2194
f 2295/1168/2195 2267/1168/2167 2266/1168/2166
f 2275/1176/2175 2274/1180/2174 2296/1186/2196
f 2297/1168/2197 2276/1168/2176 2267/1168/2167
f 2283/1179/2183 2298/1188/2198 2296/1186/2196
f 2297/1168/2197 2299/1168/2199 2284/1168/2184
f 2281/1187/2181 2301/1190/2201 2298/1188/2198
f 2299/1168/2199 2303/1168/2203 2282/1168/2182
f 2300/1178/2200 2304/1189/2204 2301/1190/2201
f 2302/1168/2202 2280/1168/2180 2282/1168/2182
f 2277/1177/2177 2307/1191/2207 2304/1189/2204
f 2305/1168/2205 2279/1168/2179 2280/1168/2180
f 2277/1177/2177 2278/1172/2178 2306/1192/2206
f 2308/1168/2208 2271/1168/2171 2279/1168/2179
f 2278/1172/2178 2268/1173/2168 2309/1193/2209
f 2310/1168/2210 2260/1168/2160 2271/1168/2171
f 2255/1165/2155 2285/1181/2185 2309/1193/2209
f 2310/1168/2210 2286/1168/2186 2258/1168/2158
f 2311/1133/2211 2318/1136/2217 2312/1134/2212
f 2314/1133/2214 5912/1135/5506 2315/1134/2215
f 2311/1133/2211 2355/1133/2251 2317/1136/2216
f 2319/1134/2218 2354/1135/2250 2313/1135/2213
f 2318/1136/2217 2325/1137/2223 2320/1138/2219
f 2316/1136/2216 2315/1134/2215 2321/1138/2220
f 2316/1136/2216 2322/1137/2221 2323/1137/2222
f 5913/1138/2219 2321/1138/2220 2315/1134/2215
f 2325/1137/2223 2330/1139/2228 2326/1140/2224
f 2322/1137/2221 2321/1138/2220 2327/1140/2225
f 2323/1137/2222 2322/1137/2221 2328/1139/2226
f 2331/1140/2229 5914/1138/2220 2320/1138/2219
f 2330/1139/2228 2340/1141/2232 2332/1142/2230
f 2327/1140/2225 2338/1142/2235 2333/1141/2231
f 2328/1139/2226 2333/1141/2231 2334/1141/2232
f 5915/1142/5507 2338/1142/2235 2327/1140/2225
f 2332/1142/2230 2340/1141/2232 2336/1144/2233
f 2338/1142/2235 2345/1143/2241 2339/1144/2236
f 2334/1141/2232 2333/1141/2231 2339/1144/2236
f 2342/1143/2238 5916/1142/2235 2332/1142/2230
f 2337/1143/2234 2336/1144/2233 2343/1145/2239
f 2345/1143/2241 2351/1146/2247 2346/1145/2242
f 2336/1144/2233 2341/1144/2237 2347/1145/2243
f 2348/1146/2244 2342/1143/2238 2337/1143/2234
f 2344/1146/2240 2343/1145/2239 2349/1148/2245
f 2351/1146/2247 5917/1147/5508 2352/1148/2248
f 2346/1145/2242 2352/1148/2248 5918/1148/2245
f 2353/1147/2249 2348/1146/2244 2344/1146/2240
f 2311/1133/2211 2313/1135/2213 2354/1135/2250
f 2349/1148/2245 5919/1148/5509 2353/1147/2249
f 2356/1149/2252 2365/1152/2259 2357/1150/2253
f 2359/1150/2255 2364/1152/2260 2360/1149/2256
f 2357/1150/2253 2368/1150/2263 2362/1151/2258
f 2365/1152/2259 2356/1149/2252 5920/1149/2256
f 2365/1152/2259 2371/1154/2266 2366/1153/2261
f 2367/1153/2262 2370/1154/2265 2364/1152/2260
f 5921/1153/2261 2367/1153/2262 2359/1150/2255
f 2371/1154/2266 2365/1152/2259 5922/1152/5510
f 2371/1154/2266 2378/1155/2273 2372/1156/2267
f 2373/1156/2268 2376/1155/2271 2370/1154/2265
f 5923/1156/2267 2373/1156/2268 2367/1153/2262
f 2378/1155/2273 2371/1154/2266 5924/1154/5511
f 2377/1157/2272 2384/1158/2279 2372/1156/2267
f 2373/1156/2268 2385/1158/2280 2379/1157/2274
f 2372/1156/2267 2384/1158/2279 2380/1158/2275
f 2378/1155/2273 5925/1155/5512 2382/1157/2277
f 2383/1159/2278 2390/1160/2284 2384/1158/2279
f 2385/1158/2280 2391/1160/2285 2386/1159/2281
f 2384/1158/2279 2390/1160/2284 2387/1160/2282
f 2377/1157/2272 2382/1157/2277 2388/1159/2281
f 2389/1161/2283 2396/1162/2290 2390/1160/2284
f 2391/1160/2285 2397/1162/2291 2392/1161/2286
f 2390/1160/2284 2396/1162/2290 2393/1162/2287
f 2383/1159/2278 2388/1159/2281 2394/1161/2288
f 2395/1164/2289 2401/1163/2295 2396/1162/2290
f 2397/1162/2291 5926/1163/5513 2398/1164/2292
f 2396/1162/2290 2401/1163/2295 2399/1163/2293
f 2389/1161/2283 2394/1161/2288 2400/1164/2294
f 2362/1151/2258 5920/1149/2256 2356/1149/2252
f 2395/1164/2289 2400/1164/2294 2399/1163/2293
f 2402/1165/2296 2416/1173/2310 2403/1166/2297
f 2405/1168/2299 2434/1168/2326 2406/1168/2300
f 2403/1166/2297 2411/1170/2305 2408/1169/2302
f 2406/1168/2300 2434/1168/2326 2409/1168/2303
f 2411/1170/2305 2422/1176/2314 2412/1171/2306
f 2410/1168/2304 2409/1168/2303 2413/1168/2307
f 2415/1172/2309 2419/1174/2312 2403/1166/2297
f 2417/1168/2311 2407/1168/2301 2406/1168/2300
f 2419/1174/2312 2421/1175/2313 2411/1170/2305
f 2418/1168/2304 2406/1168/2300 2410/1168/2304
f 2421/1175/2313 2430/1180/2322 2422/1176/2314
f 2420/1168/2300 2410/1168/2304 2414/1168/2308
f 2424/1177/2316 2427/1178/2319 2419/1174/2312
f 2425/1168/2317 2417/1168/2311 2418/1168/2304
f 2427/1178/2319 2445/1187/2337 2421/1175/2313
f 2426/1168/2318 2418/1168/2304 2420/1168/2300
f 2421/1175/2313 2445/1187/2337 2429/1179/2321
f 2420/1168/2300 2423/1168/2315 2431/1168/2323
f 2404/1167/2298 2436/1183/2328 2432/1181/2324
f 2433/1168/2325 2438/1168/2330 2434/1168/2326
f 2404/1167/2298 2408/1169/2302 2435/1182/2327
f 2437/1168/2329 2409/1168/2303 2434/1168/2326
f 2408/1169/2302 2412/1171/2306 2439/1184/2331
f 2440/1168/2332 2413/1168/2307 2409/1168/2303
f 2412/1171/2306 2422/1176/2314 2441/1185/2333
f 2442/1168/2334 2414/1168/2308 2413/1168/2307
f 2430/1180/2322 2443/1186/2335 2441/1185/2333
f 2442/1168/2334 2444/1168/2336 2423/1168/2315
f 2429/1179/2321 2446/1188/2338 2443/1186/2335
f 2444/1168/2336 2447/1168/2339 2431/1168/2323
f 2445/1187/2337 2449/1190/2341 2446/1188/2338
f 2447/1168/2339 2451/1168/2342 2428/1168/2320
f 2445/1187/2337 2427/1178/2319 2448/1189/2340
f 2450/1168/2340 2426/1168/2318 2428/1168/2320
f 2427/1178/2319 2424/1177/2316 2452/1191/2343
f 2453/1168/2344 2425/1168/2317 2426/1168/2318
f 2424/1177/2316 2415/1172/2309 2454/1192/2345
f 2455/1168/2345 2417/1168/2311 2425/1168/2317
f 2416/1173/2310 2456/1193/2346 2454/1192/2345
f 2455/1168/2345 2457/1168/2347 2407/1168/2301
f 2402/1165/2296 2432/1181/2324 2456/1193/2346
f 2457/1168/2347 2433/1168/2325 2405/1168/2299
f 2458/1165/2348 2472/1173/2362 2459/1166/2349
f 2461/1168/2351 2490/1168/2379 2462/1168/2352
f 2459/1166/2349 2467/1170/2357 2464/1169/2354
f 2462/1168/2352 2490/1168/2379 2465/1168/2355
f 2467/1170/2357 2478/1176/2367 2468/1171/2358
f 2466/1168/2356 2465/1168/2355 2469/1168/2359
f 2471/1172/2361 2475/1174/2365 2459/1166/2349
f 2473/1168/2363 2463/1168/2353 2462/1168/2352
f 2475/1174/2365 2477/1175/2366 2467/1170/2357
f 2474/1168/2364 2462/1168/2352 2466/1168/2356
f 2477/1175/2366 2486/1180/2375 2478/1176/2367
f 2476/1168/2356 2466/1168/2356 2470/1168/2360
f 2480/1177/2369 2483/1178/2372 2475/1174/2365
f 2481/1168/2370 2473/1168/2363 2474/1168/2364
f 2483/1178/2372 2501/1187/2389 2477/1175/2366
f 2482/1168/2371 2474/1168/2364 2476/1168/2356
f 2477/1175/2366 2501/1187/2389 2485/1179/2374
f 2476/1168/2356 2479/1168/2368 2487/1168/2376
f 2460/1167/2350 2492/1183/2381 2488/1181/2377
f 2489/1168/2378 2493/1168/2382 2490/1168/2379
f 2460/1167/2350 2464/1169/2354 2491/1182/2380
f 2493/1168/2382 2496/1168/2385 2465/1168/2355
f 2464/1169/2354 2468/1171/2358 2494/1184/2383
f 2495/1168/2384 2469/1168/2359 2465/1168/2355
f 2468/1171/2358 2478/1176/2367 2497/1185/2386
f 2498/1168/2387 2470/1168/2360 2469/1168/2359
f 2478/1176/2367 2486/1180/2375 2499/1186/2388
f 2498/1168/2387 2500/1168/2388 2479/1168/2368
f 2485/1179/2374 2502/1188/2390 2499/1186/2388
f 2500/1168/2388 2503/1168/2391 2487/1168/2376
f 2501/1187/2389 2504/1190/2392 2502/1188/2390
f 2503/1168/2391 2506/1168/2394 2484/1168/2373
f 2483/1178/2372 2508/1189/2396 2504/1190/2392
f 2505/1168/2393 2482/1168/2371 2484/1168/2373
f 2483/1178/2372 2480/1177/2369 2507/1191/2395
f 2509/1168/2395 2481/1168/2370 2482/1168/2371
f 2480/1177/2369 2471/1172/2361 2510/1192/2397
f 2511/1168/2398 2473/1168/2363 2481/1168/2370
f 2472/1173/2362 2512/1193/2399 2510/1192/2397
f 2511/1168/2398 2513/1168/2400 2463/1168/2353
f 2458/1165/2348 2488/1181/2377 2512/1193/2399
f 2513/1168/2400 2489/1168/2378 2461/1168/2351
f 2514/1133/2401 2521/1136/2408 2515/1134/2402
f 2517/1133/2404 5927/1135/5514 2518/1134/2405
f 2517/1133/2404 2519/1136/2406 2527/1136/2414
f 2515/1134/2402 2528/1134/2415 2522/1135/2409
f 2521/1136/2408 2529/1137/2416 2523/1138/2410
f 2519/1136/2406 2518/1134/2405 2524/1138/2411
f 2519/1136/2406 2525/1137/2412 2526/1137/2413
f 5928/1138/2410 2524/1138/2411 2518/1134/2405
f 2529/1137/2416 5929/1139/5515 2530/1140/2417
f 2525/1137/2412 2524/1138/2411 2531/1140/2418
f 2525/1137/2412 2532/1139/2419 2533/1139/2420
f 5930/1140/2417 2531/1140/2418 2524/1138/2411
f 2530/1140/2417 5929/1139/5515 2535/1141/2421
f 2531/1140/2418 2542/1142/2426 2537/1141/2423
f 2532/1139/2419 2537/1141/2423 2538/1141/2421
f 5931/1142/5516 2542/1142/2426 2531/1140/2418
f 2536/1142/2422 2535/1141/2421 2540/1144/2424
f 2542/1142/2426 2548/1143/2431 2543/1144/2427
f 2537/1141/2423 2543/1144/2427 5932/1144/5517
f 2541/1143/2425 5933/1143/5518 2545/1142/2426
f 2541/1143/2425 2540/1144/2424 2546/1145/2429
f 2548/1143/2431 2554/1146/2437 2549/1145/2432
f 2540/1144/2424 5934/1144/5519 2550/1145/2433
f 2551/1146/2434 5933/1143/5518 2541/1143/2425
f 2547/1146/2430 2546/1145/2429 2552/1148/2435
f 2554/1146/2437 5935/1147/2439 2555/1148/2438
f 2549/1145/2432 2555/1148/2438 5936/1148/2435
f 2553/1147/2436 2556/1147/2439 2551/1146/2434
f 2514/1133/2401 2516/1135/2403 2522/1135/2409
f 2552/1148/2435 5937/1148/2438 2556/1147/2439
f 2557/1149/2440 2566/1152/2447 2558/1150/2441
f 2560/1150/2443 2565/1152/2448 2561/1149/2444
f 2558/1150/2441 2569/1150/2451 2563/1151/2446
f 2566/1152/2447 2557/1149/2440 2603/1149/2481
f 2566/1152/2447 2572/1154/2452 2567/1153/2449
f 2568/1153/2450 2571/1154/2453 2565/1152/2448
f 5938/1153/2449 2568/1153/2450 2560/1150/2443
f 2572/1154/2452 2566/1152/2447 5939/1152/2448
f 2572/1154/2452 2578/1155/2456 2573/1156/2454
f 2574/1156/2455 2577/1155/2457 2571/1154/2453
f 5940/1156/5520 2574/1156/2455 2568/1153/2450
f 2578/1155/2456 2572/1154/2452 5941/1154/2453
f 2578/1155/2456 2584/1157/2462 2579/1158/2458
f 2580/1158/2459 2587/1157/2465 2577/1155/2457
f 2573/1156/2454 2579/1158/2458 2581/1158/2460
f 2578/1155/2456 5942/1155/5521 2583/1157/2461
f 2584/1157/2462 2590/1159/2468 2585/1160/2463
f 2580/1158/2459 2593/1160/2471 2586/1159/2464
f 2579/1158/2458 2585/1160/2463 2588/1160/2466
f 2584/1157/2462 2583/1157/2461 2589/1159/2467
f 2590/1159/2468 2596/1161/2474 2591/1162/2469
f 2592/1162/2470 2599/1161/2477 2586/1159/2464
f 2585/1160/2463 2591/1162/2469 2594/1162/2472
f 5943/1159/2468 2586/1159/2464 2599/1161/2477
f 2596/1161/2474 2602/1164/2480 2597/1163/2475
f 2598/1163/2476 5944/1164/2479 2599/1161/2477
f 2591/1162/2469 2597/1163/2475 2600/1163/2478
f 2596/1161/2474 2595/1161/2473 2601/1164/2479
f 2559/1151/2442 2563/1151/2446 2603/1149/2481
f 2601/1164/2479 2600/1163/2478 2597/1163/2475
f 2604/1165/2482 2617/1173/2494 2605/1166/2483
f 2607/1168/2485 2612/1168/2490 2608/1168/2486
f 2606/1167/2484 2605/1166/2483 2610/1170/2488
f 2612/1168/2490 2638/1168/2512 2613/1168/2486
f 2610/1170/2488 2624/1176/2499 2614/1171/2491
f 2613/1168/2486 2638/1168/2512 2615/1168/2492
f 2617/1173/2494 2627/1172/2502 2618/1174/2495
f 2609/1168/2487 2608/1168/2486 2619/1168/2486
f 2605/1166/2483 2618/1174/2495 2621/1175/2497
f 2608/1168/2486 2613/1168/2486 2622/1168/2486
f 2610/1170/2488 2621/1175/2497 2623/1180/2498
f 2613/1168/2486 2616/1168/2493 2625/1168/2500
f 2626/1177/2501 2650/1178/2523 2618/1174/2495
f 2628/1168/2503 2620/1168/2496 2619/1168/2486
f 2618/1174/2495 2650/1178/2523 2630/1187/2505
f 2619/1168/2486 2622/1168/2486 2631/1168/2506
f 2621/1175/2497 2630/1187/2505 2632/1179/2507
f 2622/1168/2486 2625/1168/2500 2633/1168/2508
f 2606/1167/2484 2636/1183/2511 2634/1181/2509
f 2635/1168/2510 2637/1168/2511 2612/1168/2490
f 2611/1169/2489 2639/1182/2513 2636/1183/2511
f 2637/1168/2511 2640/1168/2514 2638/1168/2512
f 2614/1171/2491 2642/1184/2516 2639/1182/2513
f 2640/1168/2514 2644/1168/2517 2615/1168/2492
f 2614/1171/2491 2624/1176/2499 2641/1185/2515
f 2643/1168/2515 2616/1168/2493 2615/1168/2492
f 2624/1176/2499 2623/1180/2498 2645/1186/2518
f 2646/1168/2519 2625/1168/2500 2616/1168/2493
f 2623/1180/2498 2632/1179/2507 2647/1188/2520
f 2648/1168/2521 2633/1168/2508 2625/1168/2500
f 2632/1179/2507 2630/1187/2505 2649/1190/2522
f 2648/1168/2521 2651/1168/2524 2631/1168/2506
f 2650/1178/2523 2652/1189/2525 2649/1190/2522
f 2651/1168/2524 2653/1168/2526 2629/1168/2504
f 2626/1177/2501 2655/1191/2528 2652/1189/2525
f 2653/1168/2526 2657/1168/2530 2628/1168/2503
f 2626/1177/2501 2627/1172/2502 2654/1192/2527
f 2656/1168/2529 2620/1168/2496 2628/1168/2503
f 2627/1172/2502 2617/1173/2494 2658/1193/2531
f 2659/1168/2532 2609/1168/2487 2620/1168/2496
f 2617/1173/2494 2604/1165/2482 2634/1181/2509
f 2635/1168/2510 2607/1168/2485 2609/1168/2487
f 2660/1165/2533 2674/1173/2547 2661/1166/2534
f 2663/1168/2536 2693/1168/2566 2664/1168/2537
f 2661/1166/2534 2669/1170/2542 2666/1169/2539
f 2664/1168/2537 2693/1168/2566 2667/1168/2540
f 2669/1170/2542 2680/1176/2553 2670/1171/2543
f 2668/1168/2541 2667/1168/2540 2671/1168/2544
f 2673/1172/2546 2677/1174/2550 2661/1166/2534
f 2675/1168/2548 2665/1168/2538 2664/1168/2537
f 2677/1174/2550 2679/1175/2552 2669/1170/2542
f 2676/1168/2549 2664/1168/2537 2668/1168/2541
f 2679/1175/2552 2688/1180/2561 2680/1176/2553
f 2678/1168/2551 2668/1168/2541 2672/1168/2545
f 2682/1177/2555 2685/1178/2558 2677/1174/2550
f 2683/1168/2556 2675/1168/2548 2676/1168/2549
f 2685/1178/2558 2703/1187/2575 2679/1175/2552
f 2684/1168/2557 2676/1168/2549 2678/1168/2551
f 2679/1175/2552 2703/1187/2575 2687/1179/2560
f 2678/1168/2551 2681/1168/2554 2689/1168/2562
f 2660/1165/2533 2662/1167/2535 2690/1183/2563
f 2692/1168/2565 2696/1168/2569 2693/1168/2566
f 2662/1167/2535 2666/1169/2539 2694/1182/2567
f 2695/1168/2568 2667/1168/2540 2693/1168/2566
f 2666/1169/2539 2670/1171/2543 2697/1184/2570
f 2698/1168/2571 2671/1168/2544 2667/1168/2540
f 2680/1176/2553 2700/1185/2573 2697/1184/2570
f 2699/1168/2572 2672/1168/2545 2671/1168/2544
f 2688/1180/2561 2701/1186/2574 2700/1185/2573
f 2699/1168/2572 2702/1168/2574 2681/1168/2554
f 2687/1179/2560 2704/1188/2576 2701/1186/2574
f 2702/1168/2574 2705/1168/2577 2689/1168/2562
f 2703/1187/2575 2707/1190/2579 2704/1188/2576
f 2705/1168/2577 2709/1168/2581 2686/1168/2559
f 2703/1187/2575 2685/1178/2558 2706/1189/2578
f 2708/1168/2580 2684/1168/2557 2686/1168/2559
f 2685/1178/2558 2682/1177/2555 2710/1191/2582
f 2711/1168/2583 2683/1168/2556 2684/1168/2557
f 2682/1177/2555 2673/1172/2546 2712/1192/2584
f 2713/1168/2585 2675/1168/2548 2683/1168/2556
f 2674/1173/2547 2714/1193/2586 2712/1192/2584
f 2713/1168/2585 2715/1168/2587 2665/1168/2538
f 2660/1165/2533 2691/1181/2564 2714/1193/2586
f 2715/1168/2587 2692/1168/2565 2663/1168/2536
f 2716/1133/2588 2723/1136/2595 2717/1134/2589
f 2719/1133/2591 5945/1135/2630 2720/1134/2592
f 2716/1133/2588 2761/1133/2591 2722/1136/2594
f 2724/1134/2596 2760/1135/2630 2718/1135/2590
f 2723/1136/2595 2730/1137/2602 2725/1138/2597
f 2721/1136/2593 2720/1134/2592 2726/1138/2598
f 2721/1136/2593 2727/1137/2599 2728/1137/2600
f 5946/1138/2597 2726/1138/2598 2720/1134/2592
f 2730/1137/2602 2735/1139/2607 2731/1140/2603
f 2727/1137/2599 2726/1138/2598 2732/1140/2604
f 2728/1137/2600 2727/1137/2599 2733/1139/2605
f 2736/1140/2608 5947/1138/2598 2725/1138/2597
f 2735/1139/2607 2745/1141/2616 2737/1142/2609
f 2732/1140/2604 2743/1142/2614 2738/1141/2610
f 2733/1139/2605 2738/1141/2610 2739/1141/2611
f 5948/1142/5522 2743/1142/2614 2732/1140/2604
f 2737/1142/2609 2745/1141/2616 2741/1144/2612
f 2743/1142/2614 2750/1143/2621 2744/1144/2615
f 2739/1141/2611 2738/1141/2610 2744/1144/2615
f 2747/1143/2618 5949/1142/5523 2737/1142/2609
f 2742/1143/2613 2741/1144/2612 2748/1145/2619
f 2750/1143/2621 2756/1146/2627 2751/1145/2622
f 2741/1144/2612 2746/1144/2617 2752/1145/2623
f 2753/1146/2624 2747/1143/2618 2742/1143/2613
f 2749/1146/2620 2748/1145/2619 2754/1148/2625
f 2756/1146/2627 5950/1147/5524 2757/1148/2628
f 2748/1145/2619 2752/1145/2623 2758/1148/2628
f 2759/1147/2629 2753/1146/2624 2749/1146/2620
f 2716/1133/2588 2718/1135/2590 2760/1135/2630
f 2754/1148/2625 2758/1148/2628 2759/1147/2629
f 2762/1149/2631 2771/1152/2640 2763/1150/2632
f 2765/1150/2634 2770/1152/2639 2766/1149/2635
f 2763/1150/2632 2774/1150/2643 2768/1151/2637
f 2771/1152/2640 2762/1149/2631 5951/1149/5525
f 2771/1152/2640 2777/1154/2646 2772/1153/2641
f 2773/1153/2642 2776/1154/2645 2770/1152/2639
f 5952/1153/5526 2773/1153/2642 2765/1150/2634
f 2777/1154/2646 2771/1152/2640 5953/1152/5527
f 2777/1154/2646 2783/1155/2650 2778/1156/2647
f 2779/1156/2648 2782/1155/2651 2776/1154/2645
f 5954/1156/5528 2779/1156/2648 2773/1153/2642
f 2783/1155/2650 2777/1154/2646 5955/1154/5529
f 2783/1155/2650 2789/1157/2655 2784/1158/2652
f 2785/1158/2653 2792/1157/2658 2782/1155/2651
f 2778/1156/2647 2784/1158/2652 2786/1158/2653
f 2783/1155/2650 5956/1155/5530 2788/1157/2654
f 2790/1159/2656 2796/1160/2662 2784/1158/2652
f 2785/1158/2653 2797/1160/2663 2791/1159/2657
f 2784/1158/2652 2796/1160/2662 2793/1160/2659
f 2789/1157/2655 2788/1157/2654 2794/1159/2660
f 2795/1161/2661 2802/1162/2668 2796/1160/2662
f 2797/1160/2663 2803/1162/2669 2798/1161/2664
f 2796/1160/2662 2802/1162/2668 2799/1162/2665
f 2790/1159/2656 2794/1159/2660 2800/1161/2666
f 2801/1164/2667 2807/1163/2673 2802/1162/2668
f 2803/1162/2669 5957/1163/2671 2804/1164/2670
f 2802/1162/2668 2807/1163/2673 2805/1163/2671
f 2795/1161/2661 2800/1161/2666 2806/1164/2672
f 2768/1151/2637 5951/1149/5525 2762/1149/2631
f 2801/1164/2667 2806/1164/2672 2805/1163/2671
f 2808/1165/2674 2821/1173/2686 2809/1166/2675
f 2811/1168/2677 2816/1168/2682 2812/1168/2678
f 2810/1167/2676 2809/1166/2675 2814/1170/2680
f 2816/1168/2682 2842/1168/2705 2817/1168/2678
f 2814/1170/2680 2828/1176/2691 2818/1171/2683
f 2817/1168/2678 2842/1168/2705 2819/1168/2684
f 2821/1173/2686 2831/1172/2694 2822/1174/2687
f 2813/1168/2679 2812/1168/2678 2823/1168/2678
f 2809/1166/2675 2822/1174/2687 2825/1175/2689
f 2812/1168/2678 2817/1168/2678 2826/1168/2678
f 2814/1170/2680 2825/1175/2689 2827/1180/2690
f 2817/1168/2678 2820/1168/2685 2829/1168/2692
f 2830/1177/2693 2853/1178/2715 2822/1174/2687
f 2832/1168/2695 2824/1168/2688 2823/1168/2678
f 2822/1174/2687 2853/1178/2715 2834/1187/2697
f 2823/1168/2678 2826/1168/2678 2835/1168/2698
f 2825/1175/2689 2834/1187/2697 2836/1179/2699
f 2826/1168/2678 2829/1168/2692 2837/1168/2700
f 2810/1167/2676 2840/1183/2703 2838/1181/2701
f 2839/1168/2702 2841/1168/2704 2816/1168/2682
f 2815/1169/2681 2844/1182/2707 2840/1183/2703
f 2841/1168/2704 2846/1168/2709 2842/1168/2705
f 2815/1169/2681 2818/1171/2683 2843/1184/2706
f 2845/1168/2708 2819/1168/2684 2842/1168/2705
f 2818/1171/2683 2828/1176/2691 2847/1185/2710
f 2848/1168/2710 2820/1168/2685 2819/1168/2684
f 2828/1176/2691 2827/1180/2690 2849/1186/2711
f 2850/1168/2712 2829/1168/2692 2820/1168/2685
f 2836/1179/2699 2851/1188/2713 2849/1186/2711
f 2850/1168/2712 2852/1168/2714 2837/1168/2700
f 2834/1187/2697 2854/1190/2716 2851/1188/2713
f 2852/1168/2714 2855/1168/2716 2835/1168/2698
f 2853/1178/2715 2857/1189/2718 2854/1190/2716
f 2855/1168/2716 2859/1168/2720 2833/1168/2696
f 2853/1178/2715 2830/1177/2693 2856/1191/2717
f 2858/1168/2719 2832/1168/2695 2833/1168/2696
f 2830/1177/2693 2831/1172/2694 2860/1192/2721
f 2861/1168/2722 2824/1168/2688 2832/1168/2695
f 2831/1172/2694 2821/1173/2686 2862/1193/2723
f 2861/1168/2722 2863/1168/2724 2813/1168/2679
f 2808/1165/2674 2838/1181/2701 2862/1193/2723
f 2863/1168/2724 2839/1168/2702 2811/1168/2677
f 2864/1165/2725 2877/1173/2738 2865/1166/2726
f 2867/1168/2728 2896/1168/2755 2868/1168/2729
f 2866/1167/2727 2865/1166/2726 2870/1170/2731
f 2868/1168/2729 2896/1168/2755 2872/1168/2733
f 2870/1170/2731 2884/1176/2744 2874/1171/2735
f 2873/1168/2734 2872/1168/2733 2875/1168/2736
f 2877/1173/2738 2887/1172/2747 2878/1174/2739
f 2869/1168/2730 2868/1168/2729 2879/1168/2740
f 2865/1166/2726 2878/1174/2739 2881/1175/2742
f 2868/1168/2729 2873/1168/2734 2882/1168/2740
f 2870/1170/2731 2881/1175/2742 2883/1180/2743
f 2873/1168/2734 2876/1168/2737 2885/1168/2745
f 2886/1177/2746 2912/1178/2770 2878/1174/2739
f 2888/1168/2748 2880/1168/2741 2879/1168/2740
f 2878/1174/2739 2912/1178/2770 2890/1187/2750
f 2879/1168/2740 2882/1168/2740 2891/1168/2751
f 2881/1175/2742 2890/1187/2750 2892/1179/2752
f 2882/1168/2740 2885/1168/2745 2893/1168/2753
f 2866/1167/2727 2898/1183/2757 2894/1181/2754
f 2895/1168/2754 2899/1168/2758 2896/1168/2755
f 2866/1167/2727 2871/1169/2732 2897/1182/2756
f 2899/1168/2758 2902/1168/2761 2872/1168/2733
f 2871/1169/2732 2874/1171/2735 2900/1184/2759
f 2901/1168/2760 2875/1168/2736 2872/1168/2733
f 2874/1171/2735 2884/1176/2744 2903/1185/2762
f 2904/1168/2763 2876/1168/2737 2875/1168/2736
f 2883/1180/2743 2905/1186/2764 2903/1185/2762
f 2904/1168/2763 2906/1168/2765 2885/1168/2745
f 2892/1179/2752 2907/1188/2766 2905/1186/2764
f 2906/1168/2765 2908/1168/2766 2893/1168/2753
f 2890/1187/2750 2910/1190/2768 2907/1188/2766
f 2908/1168/2766 2911/1168/2769 2891/1168/2751
f 2890/1187/2750 2912/1178/2770 2909/1189/2767
f 2911/1168/2769 2915/1168/2772 2889/1168/2749
f 2912/1178/2770 2886/1177/2746 2913/1191/2771
f 2914/1168/2771 2888/1168/2748 2889/1168/2749
f 2886/1177/2746 2887/1172/2747 2916/1192/2773
f 2917/1168/2773 2880/1168/2741 2888/1168/2748
f 2887/1172/2747 2877/1173/2738 2918/1193/2774
f 2917/1168/2773 2919/1168/2775 2869/1168/2730
f 2864/1165/2725 2894/1181/2754 2918/1193/2774
f 2919/1168/2775 2895/1168/2754 2867/1168/2728
f 2920/1133/2776 2927/1136/2783 2921/1134/2777
f 2923/1133/2779 5958/1135/2784 2924/1134/2780
f 2923/1133/2779 2925/1136/2781 2933/1136/2789
f 2921/1134/2777 2934/1134/2790 2928/1135/2784
f 2927/1136/2783 5959/1137/5531 2929/1138/2785
f 2925/1136/2781 2924/1134/2780 2930/1138/2786
f 2925/1136/2781 2931/1137/2787 2932/1137/2788
f 5960/1138/5532 2930/1138/2786 2924/1134/2780
f 2929/1138/2785 5959/1137/5531 2935/1139/2791
f 2930/1138/2786 2942/1140/2797 2937/1139/2793
f 2931/1137/2787 2937/1139/2793 2938/1139/2794
f 5961/1140/5533 2942/1140/2797 2930/1138/2786
f 2936/1140/2792 2935/1139/2791 2940/1141/2795
f 2942/1140/2797 2948/1142/2803 2943/1141/2798
f 2937/1139/2793 2943/1141/2798 5962/1141/2795
f 2945/1142/2800 5963/1140/5534 2936/1140/2792
f 2941/1142/2796 2940/1141/2795 2946/1144/2801
f 2948/1142/2803 5964/1143/5535 2949/1144/2804
f 2943/1141/2798 2949/1144/2804 5965/1144/2801
f 2947/1143/2802 5966/1143/5536 2945/1142/2800
f 2947/1143/2802 2946/1144/2801 2951/1145/2806
f 2949/1144/2804 5964/1143/5535 2953/1146/2808
f 2946/1144/2801 5967/1144/5537 2955/1145/2809
f 2956/1146/2810 5966/1143/5536 2947/1143/2802
f 2952/1146/2807 2951/1145/2806 2957/1148/2811
f 2954/1145/2809 2953/1146/2808 2959/1147/2813
f 2954/1145/2809 2960/1148/2814 5968/1148/5538
f 5969/1147/2812 2959/1147/2813 2953/1146/2808
f 2922/1135/2778 2928/1135/2784 2926/1133/2782
f 2957/1148/2811 5970/1148/2814 2961/1147/2813
f 2962/1152/2815 2968/1150/2821 2963/1151/2816
f 2965/1151/2818 2973/1150/2825 2966/1152/2819
f 5971/1150/5539 2973/1150/2825 2965/1151/2818
f 2962/1152/2815 2964/1149/2817 2970/1149/2822
f 2972/1154/2824 2975/1153/2827 2968/1150/2821
f 2973/1150/2825 2979/1153/2830 2974/1154/2826
f 5972/1153/5540 2979/1153/2830 2973/1150/2825
f 2972/1154/2824 2962/1152/2815 2971/1152/2823
f 2978/1155/2829 2981/1156/2832 2975/1153/2827
f 2979/1153/2830 2985/1156/2834 2980/1155/2831
f 5973/1156/2832 2985/1156/2834 2979/1153/2830
f 2978/1155/2829 2972/1154/2824 5974/1154/2826
f 2978/1155/2829 2990/1157/2839 2984/1158/2833
f 2985/1156/2834 2992/1158/2836 2986/1157/2835
f 2981/1156/2832 2984/1158/2833 2987/1158/2836
f 2990/1157/2839 2978/1155/2829 5975/1155/5541
f 2990/1157/2839 2996/1159/2844 2991/1160/2840
f 2992/1158/2836 2999/1160/2847 2993/1159/2841
f 2984/1158/2833 2991/1160/2840 2994/1160/2842
f 2989/1157/2838 2986/1157/2835 2993/1159/2841
f 2996/1159/2844 3002/1161/2850 2997/1162/2845
f 2998/1162/2846 3005/1161/2853 2993/1159/2841
f 2991/1160/2840 2997/1162/2845 3000/1162/2848
f 5976/1159/5542 2993/1159/2841 3005/1161/2853
f 3002/1161/2850 3008/1164/2856 3003/1163/2851
f 3004/1163/2852 5977/1164/5543 3005/1161/2853
f 2997/1162/2845 3003/1163/2851 3006/1163/2854
f 3002/1161/2850 3001/1161/2849 3007/1164/2855
f 2963/1151/2816 2969/1151/2818 2970/1149/2822
f 3007/1164/2855 3006/1163/2854 3003/1163/2851
f 3009/1165/2857 3022/1173/2869 3010/1166/2858
f 3012/1168/2860 3017/1168/2865 3013/1168/2861
f 3011/1167/2859 3010/1166/2858 3015/1170/2863
f 3017/1168/2865 3043/1168/2888 3018/1168/2861
f 3015/1170/2863 3029/1176/2874 3019/1171/2866
f 3018/1168/2861 3043/1168/2888 3020/1168/2867
f 3022/1173/2869 3032/1172/2877 3023/1174/2870
f 3014/1168/2862 3013/1168/2861 3024/1168/2861
f 3010/1166/2858 3023/1174/2870 3026/1175/2872
f 3013/1168/2861 3018/1168/2861 3027/1168/2861
f 3015/1170/2863 3026/1175/2872 3028/1180/2873
f 3018/1168/2861 3021/1168/2868 3030/1168/2875
f 3031/1177/2876 3054/1178/2899 3023/1174/2870
f 3033/1168/2878 3025/1168/2871 3024/1168/2861
f 3023/1174/2870 3054/1178/2899 3035/1187/2880
f 3024/1168/2861 3027/1168/2861 3036/1168/2881
f 3026/1175/2872 3035/1187/2880 3037/1179/2882
f 3027/1168/2861 3030/1168/2875 3038/1168/2883
f 3011/1167/2859 3041/1183/2886 3039/1181/2884
f 3040/1168/2885 3042/1168/2887 3017/1168/2865
f 3016/1169/2864 3044/1182/2889 3041/1183/2886
f 3042/1168/2887 3046/1168/2891 3043/1168/2888
f 3019/1171/2866 3048/1184/2893 3044/1182/2889
f 3045/1168/2890 3020/1168/2867 3043/1168/2888
f 3019/1171/2866 3029/1176/2874 3047/1185/2892
f 3049/1168/2894 3021/1168/2868 3020/1168/2867
f 3029/1176/2874 3028/1180/2873 3050/1186/2895
f 3051/1168/2896 3030/1168/2875 3021/1168/2868
f 3028/1180/2873 3037/1179/2882 3052/1188/2897
f 3051/1168/2896 3053/1168/2898 3038/1168/2883
f 3035/1187/2880 3055/1190/2900 3052/1188/2897
f 3053/1168/2898 3056/1168/2901 3036/1168/2881
f 3054/1178/2899 3058/1189/2903 3055/1190/2900
f 3056/1168/2901 3060/1168/2905 3034/1168/2879
f 3054/1178/2899 3031/1177/2876 3057/1191/2902
f 3059/1168/2904 3033/1168/2878 3034/1168/2879
f 3031/1177/2876 3032/1172/2877 3061/1192/2906
f 3062/1168/2907 3025/1168/2871 3033/1168/2878
f 3032/1172/2877 3022/1173/2869 3063/1193/2908
f 3064/1168/2909 3014/1168/2862 3025/1168/2871
f 3009/1165/2857 3039/1181/2884 3063/1193/2908
f 3040/1168/2885 3012/1168/2860 3014/1168/2862
f 3065/1165/2910 3079/1173/2923 3066/1166/2911
f 3068/1168/2913 3097/1168/2940 3069/1168/2914
f 3066/1166/2911 3074/1170/2918 3071/1169/2916
f 3069/1168/2914 3097/1168/2940 3072/1168/2917
f 3074/1170/2918 3085/1176/2929 3075/1171/2919
f 3073/1168/2914 3072/1168/2917 3076/1168/2920
f 3078/1172/2922 3082/1174/2926 3066/1166/2911
f 3080/1168/2924 3070/1168/2915 3069/1168/2914
f 3082/1174/2926 3084/1175/2928 3074/1170/2918
f 3081/1168/2925 3069/1168/2914 3073/1168/2914
f 3084/1175/2928 3093/1180/2937 3085/1176/2929
f 3083/1168/2927 3073/1168/2914 3077/1168/2921
f 3087/1177/2931 3090/1178/2934 3082/1174/2926
f 3088/1168/2932 3080/1168/2924 3081/1168/2925
f 3090/1178/2934 3108/1187/2951 3084/1175/2928
f 3089/1168/2933 3081/1168/2925 3083/1168/2927
f 3084/1175/2928 3108/1187/2951 3092/1179/2936
f 3083/1168/2927 3086/1168/2930 3094/1168/2938
f 3067/1167/2912 3099/1183/2942 3095/1181/2939
f 3096/1168/2939 3101/1168/2944 3097/1168/2940
f 3067/1167/2912 3071/1169/2916 3098/1182/2941
f 3100/1168/2943 3072/1168/2917 3097/1168/2940
f 3071/1169/2916 3075/1171/2919 3102/1184/2945
f 3103/1168/2946 3076/1168/2920 3072/1168/2917
f 3075/1171/2919 3085/1176/2929 3104/1185/2947
f 3105/1168/2948 3077/1168/2921 3076/1168/2920
f 3093/1180/2937 3106/1186/2949 3104/1185/2947
f 3105/1168/2948 3107/1168/2950 3086/1168/2930
f 3092/1179/2936 3109/1188/2952 3106/1186/2949
f 3107/1168/2950 3110/1168/2953 3094/1168/2938
f 3108/1187/2951 3112/1190/2955 3109/1188/2952
f 3110/1168/2953 3114/1168/2957 3091/1168/2935
f 3108/1187/2951 3090/1178/2934 3111/1189/2954
f 3113/1168/2956 3089/1168/2933 3091/1168/2935
f 3090/1178/2934 3087/1177/2931 3115/1191/2958
f 3116/1168/2959 3088/1168/2932 3089/1168/2933
f 3087/1177/2931 3078/1172/2922 3117/1192/2960
f 3118/1168/2961 3080/1168/2924 3088/1168/2932
f 3079/1173/2923 3119/1193/2962 3117/1192/2960
f 3118/1168/2961 3120/1168/2963 3070/1168/2915
f 3065/1165/2910 3095/1181/2939 3119/1193/2962
f 3120/1168/2963 3096/1168/2939 3068/1168/2913
f 3121/1133/2964 3128/1136/2971 3122/1134/2965
f 3124/1133/2967 5978/1135/5544 3125/1134/2968
f 3121/1133/2964 3166/1133/3007 3127/1136/2970
f 3129/1134/2972 3165/1135/3006 3123/1135/2966
f 3128/1136/2971 3135/1137/2977 3130/1138/2973
f 3126/1136/2969 3125/1134/2968 3131/1138/2974
f 3126/1136/2969 3132/1137/2975 3133/1137/2976
f 5979/1138/2973 3131/1138/2974 3125/1134/2968
f 3135/1137/2977 3139/1139/2981 3136/1140/2978
f 3131/1138/2974 3142/1140/2984 3137/1139/2979
f 3133/1137/2976 3132/1137/2975 3137/1139/2979
f 3140/1140/2982 5980/1138/5545 3130/1138/2973
f 3139/1139/2981 3150/1141/2991 3141/1142/2983
f 3142/1140/2984 3148/1142/2989 3143/1141/2985
f 3137/1139/2979 3143/1141/2985 3144/1141/2986
f 3141/1142/2983 5981/1142/5546 3140/1140/2982
f 3141/1142/2983 3150/1141/2991 3146/1144/2987
f 3148/1142/2989 3155/1143/2996 3149/1144/2990
f 3144/1141/2986 3143/1141/2985 3149/1144/2990
f 3152/1143/2993 5981/1142/5546 3141/1142/2983
f 3147/1143/2988 3146/1144/2987 3153/1145/2994
f 3155/1143/2996 3161/1146/3002 3156/1145/2997
f 3146/1144/2987 3151/1144/2992 3157/1145/2998
f 3158/1146/2999 3152/1143/2993 3147/1143/2988
f 3154/1146/2995 3153/1145/2994 3159/1148/3000
f 3161/1146/3002 5982/1147/3005 3162/1148/3003
f 3153/1145/2994 3157/1145/2998 3163/1148/3004
f 3164/1147/3005 3158/1146/2999 3154/1146/2995
f 3121/1133/2964 3123/1135/2966 3165/1135/3006
f 3159/1148/3000 3163/1148/3004 3164/1147/3005
f 3167/1149/3008 3176/1152/3015 3168/1150/3009
f 3170/1150/3011 3175/1152/3016 3171/1149/3012
f 3168/1150/3009 3179/1150/3011 3173/1151/3014
f 3176/1152/3015 3167/1149/3008 5983/1149/5547
f 3176/1152/3015 3182/1154/3019 3177/1153/3017
f 3178/1153/3018 3181/1154/3020 3175/1152/3016
f 5984/1153/3017 3178/1153/3018 3170/1150/3011
f 3182/1154/3019 3176/1152/3015 5985/1152/3016
f 3182/1154/3019 3188/1155/3025 3183/1156/3021
f 3184/1156/3022 3187/1155/3024 3181/1154/3020
f 5986/1156/3021 3184/1156/3022 3178/1153/3018
f 3188/1155/3025 3182/1154/3019 5987/1154/5548
f 3188/1155/3025 3194/1157/3031 3189/1158/3026
f 3190/1158/3027 3197/1157/3034 3187/1155/3024
f 3183/1156/3021 3189/1158/3026 3191/1158/3028
f 3188/1155/3025 5988/1155/3024 3193/1157/3030
f 3195/1159/3032 3201/1160/3038 3189/1158/3026
f 3190/1158/3027 3202/1160/3039 3196/1159/3033
f 3189/1158/3026 3201/1160/3038 3198/1160/3035
f 3194/1157/3031 3193/1157/3030 3199/1159/3036
f 3200/1161/3037 3207/1162/3044 3201/1160/3038
f 3202/1160/3039 3208/1162/3045 3203/1161/3040
f 3201/1160/3038 3207/1162/3044 3204/1162/3041
f 3195/1159/3032 3199/1159/3036 3205/1161/3042
f 3206/1164/3043 3212/1163/3048 3207/1162/3044
f 3208/1162/3045 5989/1163/5549 3209/1164/3046
f 3207/1162/3044 3212/1163/3048 3210/1163/3047
f 3200/1161/3037 3205/1161/3042 3211/1164/3046
f 3173/1151/3014 5983/1149/5547 3167/1149/3008
f 3206/1164/3043 3211/1164/3046 3210/1163/3047
f 3213/1165/3049 3226/1173/3062 3214/1166/3050
f 3216/1168/3052 3221/1168/3057 3217/1168/3053
f 3215/1167/3051 3214/1166/3050 3219/1170/3055
f 3221/1168/3057 3247/1168/3083 3222/1168/3058
f 3219/1170/3055 3233/1176/3069 3223/1171/3059
f 3222/1168/3058 3247/1168/3083 3224/1168/3060
f 3226/1173/3062 3236/1172/3072 3227/1174/3063
f 3218/1168/3054 3217/1168/3053 3228/1168/3064
f 3214/1166/3050 3227/1174/3063 3230/1175/3066
f 3217/1168/3053 3222/1168/3058 3231/1168/3067
f 3219/1170/3055 3230/1175/3066 3232/1180/3068
f 3222/1168/3058 3225/1168/3061 3234/1168/3070
f 3235/1177/3071 3258/1178/3094 3227/1174/3063
f 3237/1168/3073 3229/1168/3065 3228/1168/3064
f 3227/1174/3063 3258/1178/3094 3239/1187/3075
f 3228/1168/3064 3231/1168/3067 3240/1168/3076
f 3230/1175/3066 3239/1187/3075 3241/1179/3077
f 3231/1168/3067 3234/1168/3070 3242/1168/3078
f 3215/1167/3051 3245/1183/3081 3243/1181/3079
f 3244/1168/3080 3246/1168/3082 3221/1168/3057
f 3220/1169/3056 3249/1182/3085 3245/1183/3081
f 3246/1168/3082 3251/1168/3087 3247/1168/3083
f 3220/1169/3056 3223/1171/3059 3248/1184/3084
f 3250/1168/3086 3224/1168/3060 3247/1168/3083
f 3223/1171/3059 3233/1176/3069 3252/1185/3088
f 3253/1168/3089 3225/1168/3061 3224/1168/3060
f 3233/1176/3069 3232/1180/3068 3254/1186/3090
f 3255/1168/3091 3234/1168/3070 3225/1168/3061
f 3241/1179/3077 3256/1188/3092 3254/1186/3090
f 3255/1168/3091 3257/1168/3093 3242/1168/3078
f 3239/1187/3075 3259/1190/3095 3256/1188/3092
f 3257/1168/3093 3260/1168/3096 3240/1168/3076
f 3258/1178/3094 3262/1189/3098 3259/1190/3095
f 3260/1168/3096 3264/1168/3100 3238/1168/3074
f 3258/1178/3094 3235/1177/3071 3261/1191/3097
f 3263/1168/3099 3237/1168/3073 3238/1168/3074
f 3235/1177/3071 3236/1172/3072 3265/1192/3101
f 3266/1168/3102 3229/1168/3065 3237/1168/3073
f 3236/1172/3072 3226/1173/3062 3267/1193/3103
f 3268/1168/3103 3218/1168/3054 3229/1168/3065
f 3213/1165/3049 3243/1181/3079 3267/1193/3103
f 3268/1168/3103 3244/1168/3080 3216/1168/3052
f 3269/1165/3104 3283/1173/3118 3270/1166/3105
f 3272/1168/3107 3301/1168/3134 3273/1168/3108
f 3270/1166/3105 3278/1170/3113 3275/1169/3110
f 3273/1168/3108 3301/1168/3134 3276/1168/3111
f 3278/1170/3113 3289/1176/3122 3279/1171/3114
f 3277/1168/3112 3276/1168/3111 3280/1168/3115
f 3282/1172/3117 3286/1174/3120 3270/1166/3105
f 3284/1168/3119 3274/1168/3109 3273/1168/3108
f 3286/1174/3120 3288/1175/3121 3278/1170/3113
f 3285/1168/3108 3273/1168/3108 3277/1168/3112
f 3288/1175/3121 3297/1180/3130 3289/1176/3122
f 3287/1168/3108 3277/1168/3112 3281/1168/3116
f 3291/1177/3124 3294/1178/3127 3286/1174/3120
f 3292/1168/3125 3284/1168/3119 3285/1168/3108
f 3294/1178/3127 3312/1187/3145 3288/1175/3121
f 3293/1168/3126 3285/1168/3108 3287/1168/3108
f 3288/1175/3121 3312/1187/3145 3296/1179/3129
f 3287/1168/3108 3290/1168/3123 3298/1168/3131
f 3271/1167/3106 3303/1183/3136 3299/1181/3132
f 3300/1168/3133 3304/1168/3137 3301/1168/3134
f 3271/1167/3106 3275/1169/3110 3302/1182/3135
f 3304/1168/3137 3307/1168/3140 3276/1168/3111
f 3275/1169/3110 3279/1171/3114 3305/1184/3138
f 3306/1168/3139 3280/1168/3115 3276/1168/3111
f 3279/1171/3114 3289/1176/3122 3308/1185/3141
f 3309/1168/3142 3281/1168/3116 3280/1168/3115
f 3297/1180/3130 3310/1186/3143 3308/1185/3141
f 3309/1168/3142 3311/1168/3144 3290/1168/3123
f 3296/1179/3129 3313/1188/3146 3310/1186/3143
f 3311/1168/3144 3314/1168/3147 3298/1168/3131
f 3312/1187/3145 3316/1190/3149 3313/1188/3146
f 3314/1168/3147 3318/1168/3150 3295/1168/3128
f 3312/1187/3145 3294/1178/3127 3315/1189/3148
f 3317/1168/3148 3293/1168/3126 3295/1168/3128
f 3294/1178/3127 3291/1177/3124 3319/1191/3151
f 3320/1168/3152 3292/1168/3125 3293/1168/3126
f 3291/1177/3124 3282/1172/3117 3321/1192/3153
f 3322/1168/3154 3284/1168/3119 3292/1168/3125
f 3283/1173/3118 3323/1193/3155 3321/1192/3153
f 3322/1168/3154 3324/1168/3155 3274/1168/3109
f 3269/1165/3104 3299/1181/3132 3323/1193/3155
f 3324/1168/3155 3300/1168/3133 3272/1168/3107
f 3325/1135/3156 3332/1133/3163 3326/1136/3157
f 3328/1135/3159 3335/1134/3165 3329/1136/3160
f 3331/1133/3162 3337/1136/3167 3326/1136/3157
f 3327/1134/3158 3339/1134/3169 3333/1135/3159
f 3326/1136/3157 3338/1137/3168 3334/1138/3164
f 3335/1134/3165 3342/1138/3172 3336/1137/3166
f 3329/1136/3160 3336/1137/3166 3345/1137/3175
f 3334/1138/3164 3346/1138/3176 3339/1134/3169
f 3334/1138/3164 3338/1137/3168 3340/1139/3170
f 3342/1138/3172 3349/1140/3179 3343/1139/3173
f 3336/1137/3166 3343/1139/3173 3344/1139/3174
f 3341/1140/3171 5990/1140/5550 3346/1138/3176
f 3341/1140/3171 3340/1139/3170 3347/1141/3177
f 3349/1140/3179 3355/1142/3185 3350/1141/3180
f 3340/1139/3170 5991/1139/5551 3351/1141/3181
f 3352/1142/3182 5990/1140/5550 3341/1140/3171
f 3348/1142/3178 3347/1141/3177 3353/1144/3183
f 3355/1142/3185 5992/1143/5552 3356/1144/3186
f 3350/1141/3180 3356/1144/3186 5993/1144/5553
f 3354/1143/3184 5994/1143/5554 3352/1142/3182
f 3354/1143/3184 3353/1144/3183 3357/1145/3187
f 3356/1144/3186 5992/1143/5552 3359/1146/3189
f 3353/1144/3183 5995/1144/5555 3361/1145/3191
f 3362/1146/3189 5994/1143/5554 3354/1143/3184
f 3358/1146/3188 3357/1145/3187 3363/1148/3192
f 3360/1145/3190 3359/1146/3189 3365/1147/3194
f 3360/1145/3190 3366/1148/3195 5996/1148/3192
f 5997/1147/5556 3365/1147/3194 3359/1146/3189
f 3325/1135/3156 3333/1135/3159 3331/1133/3162
f 3363/1148/3192 5998/1148/5557 3367/1147/3196
f 3368/1152/3197 3374/1150/3203 3369/1151/3198
f 3371/1151/3200 3379/1150/3208 3372/1152/3201
f 5999/1150/3203 3379/1150/3208 3371/1151/3200
f 3368/1152/3197 3370/1149/3199 3376/1149/3205
f 3378/1154/3207 3381/1153/3210 3374/1150/3203
f 3379/1150/3208 3385/1153/3212 3380/1154/3209
f 6000/1153/3210 3385/1153/3212 3379/1150/3208
f 3378/1154/3207 3368/1152/3197 3377/1152/3206
f 3384/1155/3211 3387/1156/3214 3381/1153/3210
f 3385/1153/3212 3391/1156/3217 3386/1155/3213
f 6001/1156/5558 3391/1156/3217 3385/1153/3212
f 3384/1155/3211 3378/1154/3207 6002/1154/5559
f 3390/1157/3216 3397/1158/3223 3387/1156/3214
f 3391/1156/3217 3398/1158/3224 3392/1157/3218
f 3387/1156/3214 3397/1158/3223 3393/1158/3219
f 3384/1155/3211 6003/1155/3213 3395/1157/3221
f 3390/1157/3216 3402/1159/3227 3396/1160/3222
f 3398/1158/3224 3404/1160/3229 3399/1159/3225
f 3397/1158/3223 3396/1160/3222 3400/1160/3226
f 3390/1157/3216 3395/1157/3221 3401/1159/3225
f 3402/1159/3227 3408/1161/3232 3403/1162/3228
f 3404/1160/3229 3411/1162/3235 3405/1161/3230
f 3396/1160/3222 3403/1162/3228 3406/1162/3231
f 6004/1159/3227 3399/1159/3225 3405/1161/3230
f 3408/1161/3232 3414/1164/3238 3409/1163/3233
f 3410/1163/3234 6005/1164/5560 3405/1161/3230
f 3403/1162/3228 3409/1163/3233 3412/1163/3236
f 6006/1161/3232 3405/1161/3230 6005/1164/5560
f 3369/1151/3198 3375/1151/3204 3376/1149/3205
f 3413/1164/3237 3412/1163/3236 3409/1163/3233
f 3415/1165/3239 3428/1173/3252 3416/1166/3240
f 3418/1168/3242 3423/1168/3247 3419/1168/3243
f 3417/1167/3241 3416/1166/3240 3421/1170/3245
f 3423/1168/3247 3449/1168/3271 3424/1168/3248
f 3421/1170/3245 3435/1176/3257 3425/1171/3249
f 3424/1168/3248 3449/1168/3271 3426/1168/3250
f 3428/1173/3252 3438/1172/3260 3429/1174/3253
f 3420/1168/3244 3419/1168/3243 3430/1168/3248
f 3416/1166/3240 3429/1174/3253 3432/1175/3255
f 3419/1168/3243 3424/1168/3248 3433/1168/3248
f 3421/1170/3245 3432/1175/3255 3434/1180/3256
f 3424/1168/3248 3427/1168/3251 3436/1168/3258
f 3437/1177/3259 3464/1178/3285 3429/1174/3253
f 3439/1168/3261 3431/1168/3254 3430/1168/3248
f 3429/1174/3253 3464/1178/3285 3441/1187/3263
f 3430/1168/3248 3433/1168/3248 3442/1168/3264
f 3432/1175/3255 3441/1187/3263 3443/1179/3265
f 3433/1168/3248 3436/1168/3258 3444/1168/3266
f 3417/1167/3241 3447/1183/3269 3445/1181/3267
f 3446/1168/3268 3448/1168/3270 3423/1168/3247
f 3422/1169/3246 3451/1182/3273 3447/1183/3269
f 3448/1168/3270 3453/1168/3274 3449/1168/3271
f 3422/1169/3246 3425/1171/3249 3450/1184/3272
f 3452/1168/3272 3426/1168/3250 3449/1168/3271
f 3425/1171/3249 3435/1176/3257 3454/1185/3275
f 3455/1168/3276 3427/1168/3251 3426/1168/3250
f 3434/1180/3256 3457/1186/3278 3454/1185/3275
f 3456/1168/3277 3436/1168/3258 3427/1168/3251
f 3443/1179/3265 3458/1188/3279 3457/1186/3278
f 3456/1168/3277 3459/1168/3280 3444/1168/3266
f 3441/1187/3263 3461/1190/3282 3458/1188/3279
f 3459/1168/3280 3463/1168/3284 3442/1168/3264
f 3441/1187/3263 3464/1178/3285 3460/1189/3281
f 3462/1168/3283 3440/1168/3262 3442/1168/3264
f 3437/1177/3259 3466/1191/3287 3460/1189/3281
f 3462/1168/3283 3468/1168/3289 3439/1168/3261
f 3437/1177/3259 3438/1172/3260 3465/1192/3286
f 3467/1168/3288 3431/1168/3254 3439/1168/3261
f 3438/1172/3260 3428/1173/3252 3469/1193/3290
f 3470/1168/3291 3420/1168/3244 3431/1168/3254
f 3428/1173/3252 3415/1165/3239 3445/1181/3267
f 3446/1168/3268 3418/1168/3242 3420/1168/3244
f 3471/1165/3292 3485/1173/3306 3472/1166/3293
f 3474/1168/3295 3503/1168/3322 3475/1168/3296
f 3472/1166/3293 3480/1170/3301 3477/1169/3298
f 3475/1168/3296 3503/1168/3322 3478/1168/3299
f 3480/1170/3301 3491/1176/3311 3481/1171/3302
f 3479/1168/3300 3478/1168/3299 3482/1168/3303
f 3484/1172/3305 3488/1174/3309 3472/1166/3293
f 3486/1168/3307 3476/1168/3297 3475/1168/3296
f 3488/1174/3309 3490/1175/3310 3480/1170/3301
f 3487/1168/3308 3475/1168/3296 3479/1168/3300
f 3490/1175/3310 3499/1180/3319 3491/1176/3311
f 3489/1168/3308 3479/1168/3300 3483/1168/3304
f 3493/1177/3313 3496/1178/3316 3488/1174/3309
f 3494/1168/3314 3486/1168/3307 3487/1168/3308
f 3496/1178/3316 3514/1187/3332 3490/1175/3310
f 3495/1168/3315 3487/1168/3308 3489/1168/3308
f 3490/1175/3310 3514/1187/3332 3498/1179/3318
f 3489/1168/3308 3492/1168/3312 3500/1168/3320
f 3473/1167/3294 3505/1183/3324 3501/1181/3321
f 3502/1168/3321 3507/1168/3326 3503/1168/3322
f 3473/1167/3294 3477/1169/3298 3504/1182/3323
f 3506/1168/3325 3478/1168/3299 3503/1168/3322
f 3477/1169/3298 3481/1171/3302 3508/1184/3327
f 3509/1168/3327 3482/1168/3303 3478/1168/3299
f 3481/1171/3302 3491/1176/3311 3510/1185/3328
f 3511/1168/3329 3483/1168/3304 3482/1168/3303
f 3499/1180/3319 3512/1186/3330 3510/1185/3328
f 3511/1168/3329 3513/1168/3331 3492/1168/3312
f 3498/1179/3318 3515/1188/3333 3512/1186/3330
f 3513/1168/3331 3516/1168/3334 3500/1168/3320
f 3514/1187/3332 3518/1190/3336 3515/1188/3333
f 3516/1168/3334 3520/1168/3338 3497/1168/3317
f 3514/1187/3332 3496/1178/3316 3517/1189/3335
f 3519/1168/3337 3495/1168/3315 3497/1168/3317
f 3496/1178/3316 3493/1177/3313 3521/1191/3339
f 3522/1168/3340 3494/1168/3314 3495/1168/3315
f 3493/1177/3313 3484/1172/3305 3523/1192/3341
f 3524/1168/3342 3486/1168/3307 3494/1168/3314
f 3485/1173/3306 3525/1193/3343 3523/1192/3341
f 3524/1168/3342 3526/1168/3344 3476/1168/3297
f 3471/1165/3292 3501/1181/3321 3525/1193/3343
f 3526/1168/3344 3502/1168/3321 3474/1168/3295
f 3527/1133/3345 3534/1136/3351 3528/1134/3346
f 3530/1135/3348 3537/1134/3354 3531/1136/3349
f 3527/1133/3345 3573/1133/3386 3533/1136/3349
f 3535/1134/3352 3572/1135/3385 3529/1135/3347
f 3534/1136/3351 3541/1137/3358 3536/1138/3353
f 3537/1134/3354 3543/1138/3360 3538/1137/3355
f 3531/1136/3349 3538/1137/3355 3539/1137/3356
f 3536/1138/3353 6007/1138/5561 3535/1134/3352
f 3541/1137/3358 3546/1139/3362 3542/1140/3359
f 3543/1138/3360 3549/1140/3363 3544/1139/3361
f 3539/1137/3356 3538/1137/3355 3544/1139/3361
f 3547/1140/3363 6007/1138/5561 3536/1138/3353
f 3546/1139/3362 3557/1141/3372 3548/1142/3364
f 3549/1140/3363 3555/1142/3370 3550/1141/3365
f 3544/1139/3361 3550/1141/3365 3551/1141/3366
f 3548/1142/3364 6008/1142/5562 3547/1140/3363
f 3548/1142/3364 3557/1141/3372 3553/1144/3368
f 3555/1142/3370 3562/1143/3376 3556/1144/3371
f 3551/1141/3366 3550/1141/3365 3556/1144/3371
f 3559/1143/3373 6008/1142/5562 3548/1142/3364
f 3554/1143/3369 3553/1144/3368 3560/1145/3374
f 3562/1143/3376 3568/1146/3379 3563/1145/3377
f 3553/1144/3368 3558/1144/3371 3564/1145/3378
f 3565/1146/3379 3559/1143/3373 3554/1143/3369
f 3561/1146/3375 3560/1145/3374 3566/1148/3380
f 3568/1146/3379 6009/1147/5563 3569/1148/3382
f 3560/1145/3374 3564/1145/3378 3570/1148/3383
f 3571/1147/3384 3565/1146/3379 3561/1146/3375
f 3527/1133/3345 3529/1135/3347 3572/1135/3385
f 3566/1148/3380 3570/1148/3383 3571/1147/3384
f 3574/1149/3387 3583/1152/3394 3575/1150/3388
f 3577/1150/3390 3582/1152/3395 3578/1149/3391
f 3575/1150/3388 3586/1150/3398 3580/1151/3393
f 3583/1152/3394 3574/1149/3387 6010/1149/5564
f 3583/1152/3394 3589/1154/3401 3584/1153/3396
f 3585/1153/3397 3588/1154/3400 3582/1152/3395
f 6011/1153/5565 3585/1153/3397 3577/1150/3390
f 3589/1154/3401 3583/1152/3394 6012/1152/3395
f 3589/1154/3401 3595/1155/3406 3590/1156/3402
f 3591/1156/3403 3594/1155/3405 3588/1154/3400
f 6013/1156/3402 3591/1156/3403 3585/1153/3397
f 3595/1155/3406 3589/1154/3401 6014/1154/3400
f 3595/1155/3406 3601/1157/3412 3596/1158/3407
f 3597/1158/3408 3604/1157/3415 3594/1155/3405
f 3590/1156/3402 3596/1158/3407 3598/1158/3409
f 3595/1155/3406 6015/1155/5566 3600/1157/3411
f 3602/1159/3413 3608/1160/3418 3596/1158/3407
f 3597/1158/3408 3609/1160/3419 3603/1159/3414
f 3596/1158/3407 3608/1160/3418 3605/1160/3416
f 3601/1157/3412 3600/1157/3411 3606/1159/3414
f 3607/1161/3417 3614/1162/3424 3608/1160/3418
f 3609/1160/3419 3615/1162/3425 3610/1161/3420
f 3608/1160/3418 3614/1162/3424 3611/1162/3421
f 3602/1159/3413 3606/1159/3414 3612/1161/3422
f 3613/1164/3423 3619/1163/3429 3614/1162/3424
f 3615/1162/3425 6016/1163/3427 3616/1164/3426
f 3614/1162/3424 3619/1163/3429 3617/1163/3427
f 3607/1161/3417 3612/1161/3422 3618/1164/3428
f 3580/1151/3393 6010/1149/5564 3574/1149/3387
f 3613/1164/3423 3618/1164/3428 3617/1163/3427
f 3620/1165/3430 3633/1173/3442 3621/1166/3431
f 3623/1168/3433 3628/1168/3438 3624/1168/3434
f 3622/1167/3432 3621/1166/3431 3626/1170/3436
f 3628/1168/3438 3654/1168/3461 3629/1168/3434
f 3626/1170/3436 3640/1176/3447 3630/1171/3439
f 3629/1168/3434 3654/1168/3461 3631/1168/3440
f 3633/1173/3442 3643/1172/3450 3634/1174/3443
f 3625/1168/3435 3624/1168/3434 3635/1168/3434
f 3621/1166/3431 3634/1174/3443 3637/1175/3445
f 3624/1168/3434 3629/1168/3434 3638/1168/3434
f 3626/1170/3436 3637/1175/3445 3639/1180/3446
f 3629/1168/3434 3632/1168/3441 3641/1168/3448
f 3642/1177/3449 3665/1178/3471 3634/1174/3443
f 3644/1168/3451 3636/1168/3444 3635/1168/3434
f 3634/1174/3443 3665/1178/3471 3646/1187/3453
f 3635/1168/3434 3638/1168/3434 3647/1168/3454
f 3637/1175/3445 3646/1187/3453 3648/1179/3455
f 3638/1168/3434 3641/1168/3448 3649/1168/3456
f 3622/1167/3432 3652/1183/3459 3650/1181/3457
f 3651/1168/3458 3653/1168/3460 3628/1168/3438
f 3627/1169/3437 3656/1182/3463 3652/1183/3459
f 3653/1168/3460 3658/1168/3465 3654/1168/3461
f 3627/1169/3437 3630/1171/3439 3655/1184/3462
f 3657/1168/3464 3631/1168/3440 3654/1168/3461
f 3630/1171/3439 3640/1176/3447 3659/1185/3466
f 3660/1168/3467 3632/1168/3441 3631/1168/3440
f 3640/1176/3447 3639/1180/3446 3661/1186/3468
f 3662/1168/3469 3641/1168/3448 3632/1168/3441
f 3648/1179/3455 3663/1188/3470 3661/1186/3468
f 3662/1168/3469 3664/1168/3470 3649/1168/3456
f 3646/1187/3453 3666/1190/3472 3663/1188/3470
f 3664/1168/3470 3667/1168/3473 3647/1168/3454
f 3665/1178/3471 3669/1189/3475 3666/1190/3472
f 3667/1168/3473 3671/1168/3477 3645/1168/3452
f 3665/1178/3471 3642/1177/3449 3668/1191/3474
f 3670/1168/3476 3644/1168/3451 3645/1168/3452
f 3642/1177/3449 3643/1172/3450 3672/1192/3478
f 3673/1168/3479 3636/1168/3444 3644/1168/3451
f 3643/1172/3450 3633/1173/3442 3674/1193/3480
f 3675/1168/3481 3625/1168/3435 3636/1168/3444
f 3620/1165/3430 3650/1181/3457 3674/1193/3480
f 3675/1168/3481 3651/1168/3458 3623/1168/3433
f 3676/1165/3482 3689/1173/3494 3677/1166/3483
f 3679/1168/3485 3683/1168/3489 3680/1168/3486
f 3677/1166/3483 3685/1170/3490 3682/1169/3488
f 3683/1168/3489 3710/1168/3514 3684/1168/3486
f 3685/1170/3490 3696/1176/3500 3686/1171/3491
f 3684/1168/3486 3710/1168/3514 3687/1168/3492
f 3689/1173/3494 3699/1172/3503 3690/1174/3495
f 3681/1168/3487 3680/1168/3486 3691/1168/3496
f 3677/1166/3483 3690/1174/3495 3693/1175/3498
f 3680/1168/3486 3684/1168/3486 3694/1168/3486
f 3685/1170/3490 3693/1175/3498 3695/1180/3499
f 3684/1168/3486 3688/1168/3493 3697/1168/3501
f 3698/1177/3502 3721/1178/3524 3690/1174/3495
f 3700/1168/3504 3692/1168/3497 3691/1168/3496
f 3690/1174/3495 3721/1178/3524 3702/1187/3506
f 3691/1168/3496 3694/1168/3486 3703/1168/3507
f 3693/1175/3498 3702/1187/3506 3704/1179/3508
f 3694/1168/3486 3697/1168/3501 3705/1168/3509
f 3678/1167/3484 3708/1183/3512 3706/1181/3510
f 3707/1168/3511 3709/1168/3513 3683/1168/3489
f 3682/1169/3488 3711/1182/3515 3708/1183/3512
f 3709/1168/3513 3713/1168/3517 3710/1168/3514
f 3686/1171/3491 3715/1184/3519 3711/1182/3515
f 3712/1168/3516 3687/1168/3492 3710/1168/3514
f 3686/1171/3491 3696/1176/3500 3714/1185/3518
f 3716/1168/3520 3688/1168/3493 3687/1168/3492
f 3696/1176/3500 3695/1180/3499 3717/1186/3521
f 3718/1168/3521 3697/1168/3501 3688/1168/3493
f 3704/1179/3508 3719/1188/3522 3717/1186/3521
f 3718/1168/3521 3720/1168/3523 3705/1168/3509
f 3702/1187/3506 3722/1190/3525 3719/1188/3522
f 3720/1168/3523 3723/1168/3526 3703/1168/3507
f 3721/1178/3524 3725/1189/3528 3722/1190/3525
f 3723/1168/3526 3727/1168/3530 3701/1168/3505
f 3721/1178/3524 3698/1177/3502 3724/1191/3527
f 3726/1168/3529 3700/1168/3504 3701/1168/3505
f 3698/1177/3502 3699/1172/3503 3728/1192/3531
f 3729/1168/3532 3692/1168/3497 3700/1168/3504
f 3699/1172/3503 3689/1173/3494 3730/1193/3533
f 3731/1168/3534 3681/1168/3487 3692/1168/3497
f 3676/1165/3482 3706/1181/3510 3730/1193/3533
f 3731/1168/3534 3707/1168/3511 3679/1168/3485
f 3732/1135/3535 3739/1133/3541 3733/1136/3536
f 3735/1135/3538 3743/1134/3544 3736/1136/3539
f 3738/1133/3540 3745/1136/3546 3733/1136/3536
f 3734/1134/3537 3746/1134/3547 3740/1135/3538
f 3734/1134/3537 3733/1136/3536 3741/1137/3542
f 3743/1134/3544 3749/1138/3550 3744/1137/3545
f 3736/1136/3539 3744/1137/3545 6017/1137/5567
f 3742/1138/3543 3752/1138/3552 3746/1134/3547
f 3742/1138/3543 3741/1137/3542 3747/1139/3548
f 3749/1138/3550 3755/1140/3555 3750/1139/3551
f 3744/1137/3545 3750/1139/3551 6018/1139/5568
f 3748/1140/3549 6019/1140/5569 3752/1138/3552
f 3748/1140/3549 3747/1139/3548 3753/1141/3553
f 3755/1140/3555 3761/1142/3561 3756/1141/3556
f 3747/1139/3548 6020/1139/5570 3757/1141/3557
f 3758/1142/3558 6019/1140/5569 3748/1140/3549
f 3754/1142/3554 3753/1141/3553 3759/1144/3559
f 3761/1142/3561 6021/1143/5571 3762/1144/3562
f 3756/1141/3556 3762/1144/3562 6022/1144/5572
f 3760/1143/3560 6023/1143/5573 3758/1142/3558
f 3760/1143/3560 3759/1144/3559 3763/1145/3563
f 3762/1144/3562 6021/1143/5571 3765/1146/3565
f 3759/1144/3559 6024/1144/5574 3767/1145/3567
f 3768/1146/3568 6023/1143/5573 3760/1143/3560
f 3764/1146/3564 3763/1145/3563 3769/1148/3569
f 3766/1145/3566 3765/1146/3565 3771/1147/3571
f 3766/1145/3566 3772/1148/3572 6025/1148/5575
f 6026/1147/5576 3771/1147/3571 3765/1146/3565
f 3732/1135/3535 3740/1135/3538 3738/1133/3540
f 3769/1148/3569 6027/1148/3572 3773/1147/3573
f 3774/1152/3574 3780/1150/3580 3775/1151/3575
f 3777/1151/3577 3785/1150/3585 3778/1152/3578
f 6028/1150/5577 3785/1150/3585 3777/1151/3577
f 3774/1152/3574 3776/1149/3576 3782/1149/3582
f 3784/1154/3584 3787/1153/3587 3780/1150/3580
f 3785/1150/3585 3791/1153/3590 3786/1154/3586
f 6029/1153/5578 3791/1153/3590 3785/1150/3585
f 3784/1154/3584 3774/1152/3574 3783/1152/3583
f 3790/1155/3589 3793/1156/3592 3787/1153/3587
f 3791/1153/3590 3797/1156/3595 3792/1155/3591
f 6030/1156/5579 3797/1156/3595 3791/1153/3590
f 3790/1155/3589 3784/1154/3584 6031/1154/5580
f 3796/1157/3594 3803/1158/3601 3793/1156/3592
f 3797/1156/3595 3804/1158/3602 3798/1157/3596
f 3793/1156/3592 3803/1158/3601 3799/1158/3597
f 3790/1155/3589 6032/1155/5581 3801/1157/3599
f 3802/1159/3600 3809/1160/3607 3803/1158/3601
f 3804/1158/3602 3810/1160/3608 3805/1159/3603
f 3803/1158/3601 3809/1160/3607 3806/1160/3604
f 3796/1157/3594 3801/1157/3599 3807/1159/3605
f 3802/1159/3600 3814/1161/3611 3808/1162/3606
f 3810/1160/3608 3817/1162/3614 3811/1161/3609
f 3809/1160/3607 3808/1162/3606 3812/1162/3610
f 3802/1159/3600 3807/1159/3605 3813/1161/3609
f 3814/1161/3611 3820/1164/3617 3815/1163/3612
f 3816/1163/3613 6033/1164/5582 3811/1161/3609
f 3808/1162/3606 3815/1163/3612 3818/1163/3615
f 6034/1161/5583 3811/1161/3609 6033/1164/5582
f 3775/1151/3575 3781/1151/3581 3782/1149/3582
f 3819/1164/3616 3818/1163/3615 3815/1163/3612
f 3821/1165/3618 3834/1173/3630 3822/1166/3619
f 3824/1168/3621 3829/1168/3626 3825/1168/3622
f 3823/1167/3620 3822/1166/3619 3827/1170/3624
f 3829/1168/3626 3855/1168/3650 3830/1168/3622
f 3827/1170/3624 3841/1176/3636 3831/1171/3627
f 3830/1168/3622 3855/1168/3650 3832/1168/3628
f 3834/1173/3630 3844/1172/3639 3835/1174/3631
f 3826/1168/3623 3825/1168/3622 3836/1168/3632
f 3822/1166/3619 3835/1174/3631 3838/1175/3634
f 3825/1168/3622 3830/1168/3622 3839/1168/3622
f 3827/1170/3624 3838/1175/3634 3840/1180/3635
f 3830/1168/3622 3833/1168/3629 3842/1168/3637
f 3843/1177/3638 3866/1178/3661 3835/1174/3631
f 3845/1168/3640 3837/1168/3633 3836/1168/3632
f 3835/1174/3631 3866/1178/3661 3847/1187/3642
f 3836/1168/3632 3839/1168/3622 3848/1168/3643
f 3838/1175/3634 3847/1187/3642 3849/1179/3644
f 3839/1168/3622 3842/1168/3637 3850/1168/3645
f 3823/1167/3620 3853/1183/3648 3851/1181/3646
f 3852/1168/3647 3854/1168/3649 3829/1168/3626
f 3828/1169/3625 3856/1182/3651 3853/1183/3648
f 3854/1168/3649 3858/1168/3653 3855/1168/3650
f 3831/1171/3627 3860/1184/3655 3856/1182/3651
f 3857/1168/3652 3832/1168/3628 3855/1168/3650
f 3831/1171/3627 3841/1176/3636 3859/1185/3654
f 3861/1168/3656 3833/1168/3629 3832/1168/3628
f 3841/1176/3636 3840/1180/3635 3862/1186/3657
f 3863/1168/3658 3842/1168/3637 3833/1168/3629
f 3849/1179/3644 3864/1188/3659 3862/1186/3657
f 3863/1168/3658 3865/1168/3660 3850/1168/3645
f 3847/1187/3642 3867/1190/3662 3864/1188/3659
f 3865/1168/3660 3868/1168/3662 3848/1168/3643
f 3866/1178/3661 3870/1189/3664 3867/1190/3662
f 3868/1168/3662 3872/1168/3666 3846/1168/3641
f 3866/1178/3661 3843/1177/3638 3869/1191/3663
f 3871/1168/3665 3845/1168/3640 3846/1168/3641
f 3843/1177/3638 3844/1172/3639 3873/1192/3667
f 3874/1168/3668 3837/1168/3633 3845/1168/3640
f 3844/1172/3639 3834/1173/3630 3875/1193/3669
f 3876/1168/3670 3826/1168/3623 3837/1168/3633
f 3821/1165/3618 3851/1181/3646 3875/1193/3669
f 3876/1168/3670 3852/1168/3647 3824/1168/3621
f 3877/1165/3671 3891/1173/3684 3878/1166/3672
f 3880/1168/3674 3909/1168/3699 3881/1168/3675
f 3878/1166/3672 3886/1170/3679 3883/1169/3677
f 3881/1168/3675 3909/1168/3699 3884/1168/3678
f 3886/1170/3679 3897/1176/3688 3887/1171/3680
f 3885/1168/3675 3884/1168/3678 3888/1168/3681
f 3890/1172/3683 3894/1174/3686 3878/1166/3672
f 3892/1168/3685 3882/1168/3676 3881/1168/3675
f 3894/1174/3686 3896/1175/3687 3886/1170/3679
f 3893/1168/3675 3881/1168/3675 3885/1168/3675
f 3896/1175/3687 3905/1180/3696 3897/1176/3688
f 3895/1168/3675 3885/1168/3675 3889/1168/3682
f 3899/1177/3690 3902/1178/3693 3894/1174/3686
f 3900/1168/3691 3892/1168/3685 3893/1168/3675
f 3902/1178/3693 3920/1187/3710 3896/1175/3687
f 3901/1168/3692 3893/1168/3675 3895/1168/3675
f 3896/1175/3687 3920/1187/3710 3904/1179/3695
f 3895/1168/3675 3898/1168/3689 3906/1168/3697
f 3879/1167/3673 3911/1183/3701 3907/1181/3698
f 3908/1168/3698 3913/1168/3703 3909/1168/3699
f 3879/1167/3673 3883/1169/3677 3910/1182/3700
f 3912/1168/3702 3884/1168/3678 3909/1168/3699
f 3883/1169/3677 3887/1171/3680 3914/1184/3704
f 3915/1168/3705 3888/1168/3681 3884/1168/3678
f 3887/1171/3680 3897/1176/3688 3916/1185/3706
f 3917/1168/3707 3889/1168/3682 3888/1168/3681
f 3905/1180/3696 3918/1186/3708 3916/1185/3706
f 3917/1168/3707 3919/1168/3709 3898/1168/3689
f 3904/1179/3695 3921/1188/3711 3918/1186/3708
f 3919/1168/3709 3922/1168/3712 3906/1168/3697
f 3920/1187/3710 3924/1190/3714 3921/1188/3711
f 3922/1168/3712 3926/1168/3716 3903/1168/3694
f 3920/1187/3710 3902/1178/3693 3923/1189/3713
f 3925/1168/3715 3901/1168/3692 3903/1168/3694
f 3902/1178/3693 3899/1177/3690 3927/1191/3717
f 3928/1168/3718 3900/1168/3691 3901/1168/3692
f 3899/1177/3690 3890/1172/3683 3929/1192/3719
f 3930/1168/3720 3892/1168/3685 3900/1168/3691
f 3891/1173/3684 3931/1193/3721 3929/1192/3719
f 3930/1168/3720 3932/1168/3722 3882/1168/3676
f 3877/1165/3671 3907/1181/3698 3931/1193/3721
f 3932/1168/3722 3908/1168/3698 3880/1168/3674
f 3933/1165/3723 3946/1173/3736 3934/1166/3724
f 3936/1168/3726 3941/1168/3731 3937/1168/3727
f 3935/1167/3725 3934/1166/3724 3939/1170/3729
f 3941/1168/3731 3967/1168/3755 3942/1168/3732
f 3939/1170/3729 3953/1176/3741 3943/1171/3733
f 3942/1168/3732 3967/1168/3755 3944/1168/3734
f 3946/1173/3736 3956/1172/3744 3947/1174/3737
f 3938/1168/3728 3937/1168/3727 3948/1168/3727
f 3934/1166/3724 3947/1174/3737 3950/1175/3739
f 3937/1168/3727 3942/1168/3732 3951/1168/3727
f 3939/1170/3729 3950/1175/3739 3952/1180/3740
f 3942/1168/3732 3945/1168/3735 3954/1168/3742
f 3955/1177/3743 3978/1178/3766 3947/1174/3737
f 3957/1168/3745 3949/1168/3738 3948/1168/3727
f 3947/1174/3737 3978/1178/3766 3959/1187/3747
f 3948/1168/3727 3951/1168/3727 3960/1168/3748
f 3950/1175/3739 3959/1187/3747 3961/1179/3749
f 3951/1168/3727 3954/1168/3742 3962/1168/3750
f 3935/1167/3725 3965/1183/3753 3963/1181/3751
f 3964/1168/3752 3966/1168/3754 3941/1168/3731
f 3940/1169/3730 3969/1182/3757 3965/1183/3753
f 3966/1168/3754 3971/1168/3759 3967/1168/3755
f 3940/1169/3730 3943/1171/3733 3968/1184/3756
f 3970/1168/3758 3944/1168/3734 3967/1168/3755
f 3943/1171/3733 3953/1176/3741 3972/1185/3760
f 3973/1168/3761 3945/1168/3735 3944/1168/3734
f 3953/1176/3741 3952/1180/3740 3974/1186/3762
f 3975/1168/3763 3954/1168/3742 3945/1168/3735
f 3961/1179/3749 3976/1188/3764 3974/1186/3762
f 3975/1168/3763 3977/1168/3765 3962/1168/3750
f 3959/1187/3747 3979/1190/3767 3976/1188/3764
f 3977/1168/3765 3980/1168/3767 3960/1168/3748
f 3978/1178/3766 3982/1189/3769 3979/1190/3767
f 3980/1168/3767 3984/1168/3771 3958/1168/3746
f 3978/1178/3766 3955/1177/3743 3981/1191/3768
f 3983/1168/3770 3957/1168/3745 3958/1168/3746
f 3955/1177/3743 3956/1172/3744 3985/1192/3772
f 3986/1168/3773 3949/1168/3738 3957/1168/3745
f 3956/1172/3744 3946/1173/3736 3987/1193/3774
f 3988/1168/3775 3938/1168/3728 3949/1168/3738
f 3933/1165/3723 3963/1181/3751 3987/1193/3774
f 3988/1168/3775 3964/1168/3752 3936/1168/3726
f 3989/1165/3776 4002/1173/3789 3990/1166/3777
f 3992/1168/3779 3997/1168/3784 3993/1168/3780
f 3991/1167/3778 3990/1166/3777 3995/1170/3782
f 3997/1168/3784 4023/1168/3807 3998/1168/3785
f 3995/1170/3782 4009/1176/3794 3999/1171/3786
f 3998/1168/3785 4023/1168/3807 4000/1168/3787
f 4002/1173/3789 4012/1172/3797 4003/1174/3790
f 3994/1168/3781 3993/1168/3780 4004/1168/3785
f 3990/1166/3777 4003/1174/3790 4006/1175/3792
f 3993/1168/3780 3998/1168/3785 4007/1168/3785
f 3995/1170/3782 4006/1175/3792 4008/1180/3793
f 3998/1168/3785 4001/1168/3788 4010/1168/3795
f 4011/1177/3796 4034/1178/3818 4003/1174/3790
f 4013/1168/3798 4005/1168/3791 4004/1168/3785
f 4003/1174/3790 4034/1178/3818 4015/1187/3800
f 4004/1168/3785 4007/1168/3785 4016/1168/3801
f 4006/1175/3792 4015/1187/3800 4017/1179/3802
f 4007/1168/3785 4010/1168/3795 4018/1168/3803
f 3991/1167/3778 4021/1183/3806 4019/1181/3804
f 4020/1168/3805 4022/1168/3806 3997/1168/3784
f 3996/1169/3783 4025/1182/3809 4021/1183/3806
f 4022/1168/3806 4027/1168/3811 4023/1168/3807
f 3996/1169/3783 3999/1171/3786 4024/1184/3808
f 4026/1168/3810 4000/1168/3787 4023/1168/3807
f 3999/1171/3786 4009/1176/3794 4028/1185/3812
f 4029/1168/3813 4001/1168/3788 4000/1168/3787
f 4009/1176/3794 4008/1180/3793 4030/1186/3814
f 4031/1168/3815 4010/1168/3795 4001/1168/3788
f 4017/1179/3802 4032/1188/3816 4030/1186/3814
f 4031/1168/3815 4033/1168/3817 4018/1168/3803
f 4015/1187/3800 4035/1190/3819 4032/1188/3816
f 4033/1168/3817 4036/1168/3820 4016/1168/3801
f 4034/1178/3818 4038/1189/3822 4035/1190/3819
f 4036/1168/3820 4040/1168/3824 4014/1168/3799
f 4034/1178/3818 4011/1177/3796 4037/1191/3821
f 4039/1168/3823 4013/1168/3798 4014/1168/3799
f 4011/1177/3796 4012/1172/3797 4041/1192/3825
f 4042/1168/3826 4005/1168/3791 4013/1168/3798
f 4012/1172/3797 4002/1173/3789 4043/1193/3827
f 4044/1168/3828 3994/1168/3781 4005/1168/3791
f 3989/1165/3776 4019/1181/3804 4043/1193/3827
f 4044/1168/3828 4020/1168/3805 3992/1168/3779
f 4045/1165/3829 4059/1173/3842 4046/1166/3830
f 4048/1168/3832 4081/1168/3861 4049/1168/3833
f 4046/1166/3830 4054/1170/3837 4051/1169/3835
f 4049/1168/3833 4081/1168/3861 4052/1168/3836
f 4054/1170/3837 4065/1176/3846 4055/1171/3838
f 4053/1168/3833 4052/1168/3836 4056/1168/3839
f 4058/1172/3841 4062/1174/3844 4046/1166/3830
f 4060/1168/3843 4050/1168/3834 4049/1168/3833
f 4062/1174/3844 4064/1175/3845 4054/1170/3837
f 4061/1168/3833 4049/1168/3833 4053/1168/3833
f 4064/1175/3845 4073/1180/3854 4065/1176/3846
f 4063/1168/3833 4053/1168/3833 4057/1168/3840
f 4067/1177/3848 4070/1178/3851 4062/1174/3844
f 4068/1168/3849 4060/1168/3843 4061/1168/3833
f 4070/1178/3851 4092/1187/3871 4064/1175/3845
f 4069/1168/3850 4061/1168/3833 4063/1168/3833
f 4064/1175/3845 4092/1187/3871 4072/1179/3853
f 4063/1168/3833 4066/1168/3847 4074/1168/3855
f 4045/1165/3829 4047/1167/3831 4075/1183/3856
f 4077/1168/3856 4081/1168/3861 4048/1168/3832
f 4047/1167/3831 4051/1169/3835 4079/1182/3859
f 4080/1168/3860 4052/1168/3836 4081/1168/3861
f 4055/1171/3838 4082/1184/3862 4079/1182/3859
f 4080/1168/3860 4083/1168/3863 4056/1168/3839
f 4065/1176/3846 4084/1185/3864 4082/1184/3862
f 4083/1168/3863 4085/1168/3865 4057/1168/3840
f 4073/1180/3854 4087/1186/3867 4084/1185/3864
f 4085/1168/3865 4089/1168/3869 4066/1168/3847
f 4073/1180/3854 4072/1179/3853 4086/1188/3866
f 4088/1168/3868 4074/1168/3855 4066/1168/3847
f 4072/1179/3853 4092/1187/3871 4090/1190/3870
f 4091/1168/3870 4071/1168/3852 4074/1168/3855
f 4092/1187/3871 4070/1178/3851 4093/1189/3872
f 4094/1168/3873 4069/1168/3850 4071/1168/3852
f 4067/1177/3848 4095/1191/3874 4093/1189/3872
f 4094/1168/3873 4096/1168/3875 4068/1168/3849
f 4058/1172/3841 4097/1192/3876 4095/1191/3874
f 4096/1168/3875 4098/1168/3877 4060/1168/3843
f 4059/1173/3842 4099/1193/3878 4097/1192/3876
f 4098/1168/3877 4100/1168/3879 4050/1168/3834
f 4059/1173/3842 4045/1165/3829 4076/1181/3857
f 4078/1168/3858 4048/1168/3832 4050/1168/3834
f 4101/1165/3880 4115/1173/3893 4102/1166/3881
f 4104/1168/3883 4133/1168/3909 4105/1168/3884
f 4102/1166/3881 4110/1170/3888 4107/1169/3886
f 4105/1168/3884 4133/1168/3909 4108/1168/3887
f 4110/1170/3888 4121/1176/3897 4111/1171/3889
f 4109/1168/3884 4108/1168/3887 4112/1168/3890
f 4114/1172/3892 4118/1174/3895 4102/1166/3881
f 4116/1168/3894 4106/1168/3885 4105/1168/3884
f 4118/1174/3895 4120/1175/3896 4110/1170/3888
f 4117/1168/3884 4105/1168/3884 4109/1168/3884
f 4120/1175/3896 4129/1180/3905 4121/1176/3897
f 4119/1168/3884 4109/1168/3884 4113/1168/3891
f 4123/1177/3899 4126/1178/3902 4118/1174/3895
f 4124/1168/3900 4116/1168/3894 4117/1168/3884
f 4126/1178/3902 4144/1187/3918 4120/1175/3896
f 4125/1168/3901 4117/1168/3884 4119/1168/3884
f 4120/1175/3896 4144/1187/3918 4128/1179/3904
f 4119/1168/3884 4122/1168/3898 4130/1168/3906
f 4103/1167/3882 4135/1183/3911 4131/1181/3907
f 4132/1168/3908 4137/1168/3911 4133/1168/3909
f 4103/1167/3882 4107/1169/3886 4134/1182/3910
f 4136/1168/3910 4108/1168/3887 4133/1168/3909
f 4107/1169/3886 4111/1171/3889 4138/1184/3912
f 4139/1168/3913 4112/1168/3890 4108/1168/3887
f 4111/1171/3889 4121/1176/3897 4140/1185/3914
f 4141/1168/3915 4113/1168/3891 4112/1168/3890
f 4129/1180/3905 4142/1186/3916 4140/1185/3914
f 4141/1168/3915 4143/1168/3917 4122/1168/3898
f 4128/1179/3904 4145/1188/3919 4142/1186/3916
f 4143/1168/3917 4146/1168/3920 4130/1168/3906
f 4144/1187/3918 4148/1190/3922 4145/1188/3919
f 4146/1168/3920 4150/1168/3924 4127/1168/3903
f 4144/1187/3918 4126/1178/3902 4147/1189/3921
f 4149/1168/3923 4125/1168/3901 4127/1168/3903
f 4126/1178/3902 4123/1177/3899 4151/1191/3925
f 4152/1168/3926 4124/1168/3900 4125/1168/3901
f 4123/1177/3899 4114/1172/3892 4153/1192/3927
f 4154/1168/3928 4116/1168/3894 4124/1168/3900
f 4115/1173/3893 4155/1193/3929 4153/1192/3927
f 4154/1168/3928 4156/1168/3930 4106/1168/3885
f 4101/1165/3880 4131/1181/3907 4155/1193/3929
f 4156/1168/3930 4132/1168/3908 4104/1168/3883
f 4157/1165/3931 4171/1173/3944 4158/1166/3932
f 4160/1168/3934 4189/1168/3959 4161/1168/3935
f 4158/1166/3932 4166/1170/3939 4163/1169/3937
f 4161/1168/3935 4189/1168/3959 4164/1168/3938
f 4166/1170/3939 4177/1176/3948 4167/1171/3940
f 4165/1168/3935 4164/1168/3938 4168/1168/3941
f 4170/1172/3943 4174/1174/3946 4158/1166/3932
f 4172/1168/3945 4162/1168/3936 4161/1168/3935
f 4174/1174/3946 4176/1175/3947 4166/1170/3939
f 4173/1168/3935 4161/1168/3935 4165/1168/3935
f 4176/1175/3947 4185/1180/3956 4177/1176/3948
f 4175/1168/3935 4165/1168/3935 4169/1168/3942
f 4179/1177/3950 4182/1178/3953 4174/1174/3946
f 4180/1168/3951 4172/1168/3945 4173/1168/3935
f 4182/1178/3953 4200/1187/3969 4176/1175/3947
f 4181/1168/3952 4173/1168/3935 4175/1168/3935
f 4176/1175/3947 4200/1187/3969 4184/1179/3955
f 4175/1168/3935 4178/1168/3949 4186/1168/3957
f 4159/1167/3933 4191/1183/3961 4187/1181/3958
f 4188/1168/3958 4193/1168/3963 4189/1168/3959
f 4159/1167/3933 4163/1169/3937 4190/1182/3960
f 4192/1168/3962 4164/1168/3938 4189/1168/3959
f 4163/1169/3937 4167/1171/3940 4194/1184/3964
f 4195/1168/3965 4168/1168/3941 4164/1168/3938
f 4167/1171/3940 4177/1176/3948 4196/1185/3966
f 4197/1168/3966 4169/1168/3942 4168/1168/3941
f 4185/1180/3956 4198/1186/3967 4196/1185/3966
f 4197/1168/3966 4199/1168/3968 4178/1168/3949
f 4184/1179/3955 4201/1188/3970 4198/1186/3967
f 4199/1168/3968 4202/1168/3971 4186/1168/3957
f 4200/1187/3969 4204/1190/3973 4201/1188/3970
f 4202/1168/3971 4206/1168/3975 4183/1168/3954
f 4200/1187/3969 4182/1178/3953 4203/1189/3972
f 4205/1168/3974 4181/1168/3952 4183/1168/3954
f 4182/1178/3953 4179/1177/3950 4207/1191/3976
f 4208/1168/3977 4180/1168/3951 4181/1168/3952
f 4179/1177/3950 4170/1172/3943 4209/1192/3978
f 4210/1168/3979 4172/1168/3945 4180/1168/3951
f 4170/1172/3943 4171/1173/3944 4211/1193/3980
f 4210/1168/3979 4212/1168/3981 4162/1168/3936
f 4157/1165/3931 4187/1181/3958 4211/1193/3980
f 4212/1168/3981 4188/1168/3958 4160/1168/3934
f 4213/1165/3982 4227/1173/3995 4214/1166/3983
f 4216/1168/3985 4249/1168/4016 4217/1168/3986
f 4214/1166/3983 4222/1170/3990 4219/1169/3988
f 4217/1168/3986 4249/1168/4016 4220/1168/3989
f 4222/1170/3990 4233/1176/4000 4223/1171/3991
f 4221/1168/3986 4220/1168/3989 4224/1168/3992
f 4226/1172/3994 4230/1174/3998 4214/1166/3983
f 4228/1168/3996 4218/1168/3987 4217/1168/3986
f 4230/1174/3998 4232/1175/3999 4222/1170/3990
f 4229/1168/3997 4217/1168/3986 4221/1168/3986
f 4232/1175/3999 4241/1180/4008 4233/1176/4000
f 4231/1168/3986 4221/1168/3986 4225/1168/3993
f 4235/1177/4002 4238/1178/4005 4230/1174/3998
f 4236/1168/4003 4228/1168/3996 4229/1168/3997
f 4238/1178/4005 4260/1187/4027 4232/1175/3999
f 4237/1168/4004 4229/1168/3997 4231/1168/3986
f 4232/1175/3999 4260/1187/4027 4240/1179/4007
f 4231/1168/3986 4234/1168/4001 4242/1168/4009
f 4213/1165/3982 4215/1167/3984 4243/1183/4010
f 4245/1168/4012 4249/1168/4016 4216/1168/3985
f 4215/1167/3984 4219/1169/3988 4247/1182/4014
f 4248/1168/4015 4220/1168/3989 4249/1168/4016
f 4219/1169/3988 4223/1171/3991 4250/1184/4017
f 4251/1168/4018 4224/1168/3992 4220/1168/3989
f 4233/1176/4000 4252/1185/4019 4250/1184/4017
f 4251/1168/4018 4253/1168/4020 4225/1168/3993
f 4241/1180/4008 4254/1186/4021 4252/1185/4019
f 4253/1168/4020 4255/1168/4022 4234/1168/4001
f 4240/1179/4007 4257/1188/4024 4254/1186/4021
f 4255/1168/4022 4259/1168/4026 4242/1168/4009
f 4240/1179/4007 4260/1187/4027 4256/1190/4023
f 4258/1168/4025 4239/1168/4006 4242/1168/4009
f 4260/1187/4027 4238/1178/4005 4261/1189/4028
f 4262/1168/4029 4237/1168/4004 4239/1168/4006
f 4238/1178/4005 4235/1177/4002 4263/1191/4030
f 4264/1168/4030 4236/1168/4003 4237/1168/4004
f 4226/1172/3994 4265/1192/4031 4263/1191/4030
f 4264/1168/4030 4266/1168/4032 4228/1168/3996
f 4227/1173/3995 4267/1193/4033 4265/1192/4031
f 4266/1168/4032 4268/1168/4034 4218/1168/3987
f 4213/1165/3982 4244/1181/4011 4267/1193/4033
f 4268/1168/4034 4246/1168/4013 4216/1168/3985
f 4269/1165/4035 4275/1167/4041 4270/1166/4036
f 4272/1168/4038 4278/1168/4044 4273/1168/4039
f 4275/1167/4041 4280/1169/4046 4276/1170/4042
f 4272/1168/4038 4281/1168/4047 4277/1168/4043
f 4279/1171/4045 4306/1176/4070 4276/1170/4042
f 4281/1168/4047 4290/1168/4054 4282/1168/4048
f 4270/1166/4036 4286/1174/4051 4283/1172/4049
f 4284/1168/4047 4272/1168/4038 4274/1168/4040
f 4276/1170/4042 4288/1175/4053 4286/1174/4051
f 4284/1168/4047 4289/1168/4038 4281/1168/4047
f 4276/1170/4042 4306/1176/4070 4287/1180/4052
f 4289/1168/4038 6035/1168/5584 4290/1168/4054
f 4286/1174/4051 4293/1178/4057 4291/1177/4055
f 4292/1168/4056 4294/1168/4058 4284/1168/4047
f 4288/1175/4053 4296/1187/4060 4293/1178/4057
f 4294/1168/4058 4298/1168/4062 4289/1168/4038
f 4288/1175/4053 4287/1180/4052 4295/1179/4059
f 4297/1168/4061 6035/1168/5584 4289/1168/4038
f 4269/1165/4035 4321/1181/4083 4299/1183/4063
f 4273/1168/4039 4278/1168/4044 4300/1168/4064
f 4275/1167/4041 4299/1183/4063 4302/1182/4066
f 4278/1168/4044 4277/1168/4043 4303/1168/4067
f 4302/1182/4066 6036/1184/5585 4279/1171/4045
f 4303/1168/4067 4277/1168/4043 4282/1168/4048
f 4279/1171/4045 6036/1184/5585 4305/1185/4069
f 4304/1168/4068 4282/1168/4048 4290/1168/4054
f 4305/1185/4069 4309/1186/4072 4287/1180/4052
f 4290/1168/4054 6035/1168/5584 4308/1168/4072
f 4309/1186/4072 4311/1188/4074 4295/1179/4059
f 4308/1168/4072 6035/1168/5584 4297/1168/4061
f 4311/1188/4074 4313/1190/4076 4296/1187/4060
f 4310/1168/4073 4297/1168/4061 4298/1168/4062
f 4313/1190/4076 4315/1189/4078 4293/1178/4057
f 4312/1168/4075 4298/1168/4062 4294/1168/4058
f 4315/1189/4078 4317/1191/4080 4291/1177/4055
f 4314/1168/4077 4294/1168/4058 4292/1168/4056
f 4317/1191/4080 6037/1192/5586 4283/1172/4049
f 4316/1168/4079 4292/1168/4056 4285/1168/4050
f 4283/1172/4049 6037/1192/5586 4319/1193/4082
f 4318/1168/4081 4285/1168/4050 4274/1168/4040
f 4271/1173/4037 4319/1193/4082 4321/1181/4083
f 4274/1168/4040 4273/1168/4039 4301/1168/4065
f 4322/1165/4084 4328/1167/4090 4323/1166/4085
f 4325/1168/4087 4331/1168/4093 4326/1168/4088
f 4328/1167/4090 4333/1169/4095 4329/1170/4091
f 4325/1168/4087 4334/1168/4087 4330/1168/4092
f 4332/1171/4094 4359/1176/4119 4329/1170/4091
f 4334/1168/4087 4360/1168/4120 4335/1168/4096
f 4323/1166/4085 4340/1174/4101 4336/1172/4097
f 4337/1168/4098 4325/1168/4087 4327/1168/4089
f 4323/1166/4085 4329/1170/4091 4339/1175/4100
f 4337/1168/4098 4343/1168/4087 4334/1168/4087
f 4329/1170/4091 4359/1176/4119 4341/1180/4102
f 4342/1168/4103 4360/1168/4120 4334/1168/4087
f 4340/1174/4101 4346/1178/4106 4344/1177/4104
f 4345/1168/4105 4347/1168/4107 4337/1168/4098
f 4339/1175/4100 4349/1187/4109 4346/1178/4106
f 4347/1168/4107 4351/1168/4111 4343/1168/4087
f 4339/1175/4100 4341/1180/4102 4348/1179/4108
f 4350/1168/4110 4342/1168/4103 4343/1168/4087
f 4322/1165/4084 6038/1181/5587 4352/1183/4112
f 4353/1168/4113 4326/1168/4088 4331/1168/4093
f 4328/1167/4090 4352/1183/4112 4355/1182/4115
f 4354/1168/4114 4331/1168/4093 4330/1168/4092
f 4355/1182/4115 6039/1184/5588 4332/1171/4094
f 4356/1168/4116 4330/1168/4092 4335/1168/4096
f 4332/1171/4094 6039/1184/5588 4358/1185/4118
f 4357/1168/4117 4335/1168/4096 4360/1168/4120
f 4359/1176/4119 4358/1185/4118 4362/1186/4122
f 4360/1168/4120 4342/1168/4103 4363/1168/4123
f 4341/1180/4102 4362/1186/4122 4364/1188/4124
f 4342/1168/4103 4350/1168/4110 4365/1168/4125
f 4364/1188/4124 4367/1190/4127 4349/1187/4109
f 4365/1168/4125 4350/1168/4110 4351/1168/4111
f 4367/1190/4127 6040/1189/5589 4346/1178/4106
f 4366/1168/4126 4351/1168/4111 4347/1168/4107
f 4346/1178/4106 6040/1189/5589 4369/1191/4129
f 4347/1168/4107 4345/1168/4105 4370/1168/4130
f 4369/1191/4129 4372/1192/4132 4336/1172/4097
f 4370/1168/4130 4345/1168/4105 4338/1168/4099
f 4372/1192/4132 4374/1193/4133 4324/1173/4086
f 4371/1168/4131 4338/1168/4099 4327/1168/4089
f 4374/1193/4133 6038/1181/5587 4322/1165/4084
f 4327/1168/4089 4326/1168/4088 4353/1168/4113
f 4375/1152/4134 4385/1150/4142 4376/1151/4135
f 4378/1151/4137 4386/1150/4143 4379/1152/4138
f 4376/1151/4135 4385/1150/4142 4381/1150/4140
f 4377/1149/4136 6041/1149/4139 4383/1152/4138
f 4384/1154/4141 4389/1153/4146 4385/1150/4142
f 4395/1153/4146 4387/1153/4144 4386/1150/4143
f 4375/1152/4134 4383/1152/4138 4390/1154/4147
f 4391/1155/4148 4398/1156/4154 4389/1153/4146
f 4387/1153/4144 4399/1156/4155 4392/1155/4149
f 4394/1156/4151 4399/1156/4155 4387/1153/4144
f 4391/1155/4148 4384/1154/4141 4390/1154/4147
f 4397/1157/4153 4401/1158/4157 4398/1156/4154
f 4399/1156/4155 4405/1158/4160 4400/1157/4156
f 6042/1158/4157 4405/1158/4160 4399/1156/4155
f 4397/1157/4153 4391/1155/4148 4396/1155/4152
f 4404/1159/4159 4407/1160/4162 4401/1158/4157
f 4405/1158/4160 4412/1160/4166 4406/1159/4161
f 6043/1160/4162 4412/1160/4166 4405/1158/4160
f 4397/1157/4153 6044/1157/4156 4409/1159/4163
f 4404/1159/4159 4416/1161/4169 4410/1162/4164
f 4411/1162/4165 4415/1161/4168 4406/1159/4161
f 4410/1162/4164 4420/1162/4173 4413/1160/4166
f 4416/1161/4169 4404/1159/4159 4409/1159/4163
f 4416/1161/4169 4422/1164/4175 4417/1163/4170
f 4418/1163/4171 6045/1164/4174 4415/1161/4168
f 4410/1162/4164 4417/1163/4170 4419/1163/4172
f 4416/1161/4169 6046/1161/4168 4421/1164/4174
f 4382/1151/4137 6041/1149/4139 4377/1149/4136
f 4421/1164/4174 4419/1163/4172 4417/1163/4170
f 4423/1195/4176 4440/1212/4193 4424/1196/4177
f 4426/1198/4179 4429/1201/4182 4427/1199/4180
f 4429/1201/4182 4431/1203/4184 4430/1202/4183
f 4431/1203/4184 4433/1205/4186 4432/1204/4185
f 4433/1205/4186 4435/1207/4188 4434/1206/4187
f 4435/1207/4188 4437/1209/4190 4436/1208/4189
f 4437/1209/4190 4441/1213/4194 4438/1210/4191
f 4439/1211/4192 4443/1215/4196 4440/1212/4193
f 3/3/3 2/2/2 4429/1201/4182
f 2/2/2 5/5/5 4431/1203/4184
f 5/5/5 7/7/7 4433/1205/4186
f 7/7/7 9/9/9 4435/1207/4188
f 9/9/9 11/11/11 4437/1209/4190
f 11/11/11 13/13/13 4441/1213/4194
f 4442/1214/4195 4445/1217/4198 4443/1215/4196
f 4444/1216/4197 4447/1219/4200 4445/1217/4198
f 4446/1218/4199 4449/1221/4202 4447/1219/4200
f 4448/1220/4201 4451/1223/4204 4449/1221/4202
f 4450/1222/4203 4453/1225/4206 4451/1223/4204
f 4452/1224/4205 4455/1227/4208 4453/1225/4206
f 4454/1226/4207 4482/1254/4234 4455/1227/4208
f 4456/1228/86 4465/1237/4217 4457/1229/4209
f 4458/1230/4210 4457/1229/4209 4459/1231/4211
f 4460/1232/4212 4459/1231/4211 4461/1233/4213
f 4462/1234/4214 4461/1233/4213 4463/1235/4215
f 4465/1237/4217 4471/1243/4223 4466/1238/4218
f 4457/1229/4209 4466/1238/4218 4467/1239/4219
f 4459/1231/4211 4467/1239/4219 4468/1240/4220
f 4461/1233/4213 4468/1240/4220 4469/1241/4221
f 4465/1237/4217 4472/1244/4224 4470/1242/4222
f 4472/1244/4224 4474/1246/4226 4473/1245/4225
f 4474/1246/4226 4476/1248/4228 4475/1247/4227
f 4476/1248/4228 5163/1485/4859 4477/1249/4229
f 4477/1249/4229 5163/1485/4859 4478/1250/4230
f 4479/1251/4231 4478/1250/4230 4480/1252/4232
f 4481/1253/4233 4480/1252/4232 4482/1254/4234
f 4483/1255/4235 4487/1259/4239 149/149/149
f 4484/1256/4236 6047/1487/5590 4485/1257/4237
f 4487/1259/4239 4489/1261/4241 157/157/157
f 4485/1257/4237 4490/1262/4242 4488/1260/4240
f 4489/1261/4241 4492/1264/4244 165/165/165
f 4490/1262/4242 4493/1265/4245 4491/1263/4243
f 4492/1264/4244 4495/1267/4247 173/173/173
f 4493/1265/4245 4496/1268/4248 4494/1266/4246
f 4495/1267/4247 4498/1270/4250 181/181/181
f 4496/1268/4248 4499/1271/4251 4497/1269/4249
f 4498/1270/4250 4501/1273/4253 189/189/189
f 4499/1271/4251 4502/1274/4254 4500/1272/4252
f 4501/1273/4253 4504/1276/4256 197/197/197
f 4502/1274/4254 4505/1277/4257 4503/1275/4255
f 4504/1276/4256 4508/1280/4260 200/200/200
f 4505/1277/4257 5803/1533/5439 4506/1278/4258
f 4507/1279/4259 4510/1282/4262 4508/1280/4260
f 4509/1281/4261 4512/1284/4264 4510/1282/4262
f 4511/1283/4263 4514/1286/4266 4512/1284/4264
f 4513/1285/4265 4516/1288/4268 4514/1286/4266
f 4515/1287/4267 4518/1290/4270 4516/1288/4268
f 4517/1289/4269 4520/1292/4272 4518/1290/4270
f 4519/1291/4271 4522/1294/4274 4520/1292/4272
f 4521/1293/4273 4523/1295/4194 4522/1294/4274
f 4510/1282/4262 199/199/199 200/200/200
f 4512/1284/4264 201/201/201 199/199/199
f 4514/1286/4266 203/203/203 201/201/201
f 4516/1288/4268 205/205/205 203/203/203
f 4518/1290/4270 207/207/207 205/205/205
f 4520/1292/4272 209/209/209 207/207/207
f 4522/1294/4274 211/211/211 209/209/209
f 4523/1295/4194 213/213/13 211/211/211
f 4524/1296/4275 4528/1300/4279 4525/1297/4276
f 4527/1299/4278 4530/1302/4281 4528/1300/4279
f 4529/1301/4280 4532/1304/4283 4530/1302/4281
f 4531/1303/4282 4534/1306/4285 4532/1304/4283
f 4533/1305/4284 4536/1308/4287 4534/1306/4285
f 4535/1307/4286 4538/1310/4289 4536/1308/4287
f 4537/1309/4288 4540/1312/4291 4538/1310/4289
f 4539/1311/4290 5172/1582/4386 4540/1312/4291
f 4541/1313/4215 4545/1317/4294 4542/1314/4292
f 4544/1316/4293 4547/1319/4296 4545/1317/4294
f 4545/1317/4294 4548/1320/4297 4546/1318/4295
f 4547/1319/4296 4550/1322/4299 4548/1320/4297
f 4548/1320/4297 4551/1323/4300 4549/1321/4298
f 4550/1322/4299 4553/1325/4302 4551/1323/4300
f 4551/1323/4300 4554/1326/4303 4552/1324/4301
f 4553/1325/4302 4556/1328/4305 4554/1326/4303
f 4554/1326/4303 4557/1329/4306 4555/1327/4304
f 4556/1328/4305 4559/1331/4308 4557/1329/4306
f 4557/1329/4306 4560/1332/4309 4558/1330/4307
f 4559/1331/4308 4562/1334/4311 4560/1332/4309
f 4560/1332/4309 4563/1335/4312 4561/1333/4310
f 4562/1334/4311 4565/1337/4313 4563/1335/4312
f 4563/1335/4312 4525/1297/4276 4564/1336/263
f 4565/1337/4313 4526/1298/4277 4525/1297/4276
f 4566/1338/4314 4570/1342/4318 4567/1339/4315
f 4569/1341/4317 4572/1344/4320 4570/1342/4318
f 4571/1343/4319 4574/1346/4322 4572/1344/4320
f 4573/1345/4321 6048/1505/4328 4574/1346/4322
f 4568/1340/4316 5076/1506/4791 4575/1347/4323
f 4566/1338/4314 4575/1347/4323 4576/1348/4324
f 4569/1341/4317 4576/1348/4324 4577/1349/4325
f 4571/1343/4319 4577/1349/4325 4578/1350/4290
f 4579/1351/4326 4583/1355/4330 4580/1352/4327
f 4582/1354/4329 4585/1357/4332 4580/1352/4327
f 4584/1356/4331 4587/1359/4334 4585/1357/4332
f 4586/1358/4333 4589/1361/4336 4587/1359/4334
f 4588/1360/4335 4591/1363/4338 4589/1361/4336
f 4590/1362/4337 4593/1365/4340 4591/1363/4338
f 4592/1364/4339 4595/1367/4342 4593/1365/4340
f 4592/1364/4339 4603/1375/4345 4594/1366/4341
f 4579/1351/4326 6049/1507/4290 4596/1368/4343
f 4583/1355/4330 4596/1368/4343 4597/1369/4286
f 4582/1354/4329 4597/1369/4286 4598/1370/4284
f 4584/1356/4331 4598/1370/4284 4599/1371/4344
f 4586/1358/4333 4599/1371/4344 4600/1372/4280
f 4588/1360/4335 4600/1372/4280 4601/1373/4278
f 4590/1362/4337 4601/1373/4278 4602/1374/4275
f 4602/1374/4275 6050/1508/4277 4603/1375/4345
f 4604/1376/4346 4620/1392/4362 4605/1377/4347
f 4607/1379/4349 4611/1383/4353 4608/1380/4350
f 4610/1382/4352 4613/1385/4355 4611/1383/4353
f 4612/1384/4354 4615/1387/4357 4613/1385/4355
f 4614/1386/4356 4617/1389/4359 4615/1387/4357
f 4616/1388/4358 4619/1391/4361 4617/1389/4359
f 4618/1390/4360 4622/1394/4364 4619/1391/4361
f 4620/1392/4362 4623/1395/4365 4621/1393/4363
f 4611/1383/4353 749/749/734 751/751/736
f 4613/1385/4355 752/752/737 749/749/734
f 4615/1387/4357 754/754/739 752/752/737
f 4617/1389/4359 756/756/741 754/754/739
f 4619/1391/4361 758/758/743 756/756/741
f 4622/1394/4364 760/760/141 758/758/743
f 4623/1395/4365 4625/1397/4367 4624/1396/4366
f 4625/1397/4367 4627/1399/4369 4626/1398/4368
f 4627/1399/4369 4629/1401/4371 4628/1400/4370
f 4629/1401/4371 4631/1403/4373 4630/1402/4372
f 4631/1403/4373 4633/1405/4375 4632/1404/4374
f 4633/1405/4375 4635/1407/4377 4634/1406/4376
f 4635/1407/4377 4663/1435/4403 4636/1408/4378
f 4637/1409/816 4640/1412/4381 4638/1410/4379
f 4640/1412/4381 4642/1414/4383 4641/1413/4382
f 4642/1414/4383 4644/1416/4385 4643/1415/4384
f 4644/1416/4385 6051/1880/5591 4645/1417/4386
f 4639/1411/4380 4638/1410/4379 4646/1418/4387
f 4638/1410/4379 4641/1413/4382 4648/1420/4389
f 4641/1413/4382 4643/1415/4384 4649/1421/4390
f 4643/1415/4384 4645/1417/4386 4650/1422/4290
f 4651/1423/4391 4653/1425/4393 4639/1411/4380
f 4652/1424/4392 4655/1427/4395 4653/1425/4393
f 4654/1426/4394 4657/1429/4397 4655/1427/4395
f 4656/1428/4396 4659/1431/4399 4657/1429/4397
f 4656/1428/4396 4660/1432/4400 4658/1430/4398
f 4660/1432/4400 4662/1434/4402 4661/1433/4401
f 4662/1434/4402 4636/1408/4378 4663/1435/4403
f 4664/1436/4404 4667/1439/4407 4665/1437/4405
f 4667/1439/4407 4669/1441/4409 4668/1440/4408
f 4669/1441/4409 5124/1521/4832 4670/1442/4410
f 4670/1442/4410 5124/1521/4832 4671/1443/4411
f 4666/1438/4406 4665/1437/4405 4673/1445/4218
f 4665/1437/4405 4668/1440/4408 4675/1447/4414
f 4668/1440/4408 4670/1442/4410 4676/1448/4415
f 4672/1444/4412 6052/1881/5592 4676/1448/4415
f 4677/1449/4412 6053/1522/5593 4678/1450/4416
f 4678/1450/4416 4681/1453/4419 4680/1452/4418
f 4681/1453/4419 4683/1455/4421 4682/1454/4420
f 4683/1455/4421 4685/1457/4423 4684/1456/4422
f 4685/1457/4423 4687/1459/4425 4686/1458/4424
f 4687/1459/4425 4689/1461/4427 4688/1460/4426
f 4689/1461/4427 4691/1463/4429 4690/1462/4428
f 4691/1463/4429 5136/1552/4843 4692/1464/4345
f 4677/1449/4412 4679/1451/4417 4693/1465/4430
f 4679/1451/4417 4680/1452/4418 4695/1467/4431
f 4680/1452/4418 4682/1454/4420 4696/1468/4302
f 4682/1454/4420 4684/1456/4422 4697/1469/4432
f 4684/1456/4422 4686/1458/4424 4698/1470/4308
f 4686/1458/4424 4688/1460/4426 4699/1471/4433
f 4688/1460/4426 4690/1462/4428 4700/1472/4434
f 4690/1462/4428 4692/1464/4345 4701/1473/4277
f 4702/1196/4435 4718/1212/4451 4703/1195/4436
f 4705/1475/4438 4709/1201/4442 4706/1476/4439
f 4708/1202/4441 4711/1203/4444 4709/1201/4442
f 4710/1478/4443 4713/1205/4446 4711/1203/4444
f 4712/1479/4445 4715/1207/4448 4713/1205/4446
f 4714/1480/4447 4717/1209/4450 4715/1207/4448
f 4716/1210/4449 4725/1213/4458 4717/1209/4450
f 4718/1212/4451 4727/1215/4460 4719/1211/4452
f 4709/1201/4442 4721/2/4454 4720/1481/4453
f 4711/1203/4444 4722/5/4455 4721/2/4454
f 4713/1205/4446 4723/7/4456 4722/5/4455
f 4715/1207/4448 4724/9/4457 4723/7/4456
f 4717/1209/4450 4726/11/4459 4724/9/4457
f 4725/1213/4458 6054/13/5594 4726/11/4459
f 4727/1215/4460 4729/1217/4462 4728/1214/4461
f 4729/1217/4462 4731/1219/4464 4730/1216/4463
f 4731/1219/4464 4733/1221/4466 4732/1218/4465
f 4733/1221/4466 4735/1223/4468 4734/1220/4467
f 4735/1223/4468 4737/1225/4470 4736/1222/4469
f 4737/1225/4470 4739/1227/4472 4738/1224/4471
f 4739/1227/4472 4767/1254/4500 4740/1226/4473
f 4741/1482/4474 4744/1483/4477 4742/1229/4475
f 4744/1483/4477 4746/1484/4479 4745/1231/4478
f 4746/1484/4479 4749/1234/4482 4747/1233/4480
f 4748/1236/4481 6055/1235/4577 4747/1233/4480
f 4743/1237/4476 4742/1229/4475 4750/1238/4483
f 4742/1229/4475 4745/1231/4478 4752/1239/4485
f 4745/1231/4478 4747/1233/4480 4753/1240/4486
f 4747/1233/4480 6055/1235/4577 4754/1241/4487
f 4755/1242/4488 4757/1244/4490 4743/1237/4476
f 4756/1245/4489 4759/1246/4492 4757/1244/4490
f 4758/1247/4491 4761/1248/4494 4759/1246/4492
f 4760/1249/4493 4763/1485/4496 4761/1248/4494
f 4760/1249/4493 4764/1251/4497 4762/1250/4495
f 4764/1251/4497 4766/1253/4499 4765/1252/4498
f 4766/1253/4499 4740/1226/4473 4767/1254/4500
f 4768/149/4501 4775/1259/4508 4769/1255/4502
f 4771/1486/4504 4776/1258/4509 4772/1257/4505
f 4774/157/4507 4779/1261/4512 4775/1259/4508
f 4776/1258/4509 4781/1489/4514 4777/1262/4510
f 4778/165/4511 4783/1264/4516 4779/1261/4512
f 4780/1488/4513 4785/1265/4518 4777/1262/4510
f 4782/173/4515 4787/1267/4520 4783/1264/4516
f 4784/1490/4517 4789/1268/4522 4785/1265/4518
f 4786/181/4519 4791/1270/4524 4787/1267/4520
f 4788/1491/4521 4793/1271/4526 4789/1268/4522
f 4790/189/4523 4795/1273/4528 4791/1270/4524
f 4792/1492/4525 4797/1274/4530 4793/1271/4526
f 4794/197/4527 4799/1276/4532 4795/1273/4528
f 4796/1493/4529 4801/1277/4534 4797/1274/4530
f 4798/200/4531 4802/1280/4535 4799/1276/4532
f 4800/1278/4533 5052/1533/4768 4801/1277/4534
f 4802/1280/4535 4804/1282/4537 4803/1279/4536
f 4804/1282/4537 4806/1284/4539 4805/1281/4538
f 4806/1284/4539 4808/1286/4541 4807/1283/4540
f 4808/1286/4541 4810/1288/4543 4809/1494/4542
f 4810/1288/4543 4812/1290/4545 4811/1287/4544
f 4812/1290/4545 4814/1292/4547 4813/1289/4546
f 4814/1292/4547 4816/1294/4549 4815/1291/4548
f 4816/1294/4549 4825/1295/4558 4817/1495/4550
f 4798/200/4531 4818/199/4551 4804/1282/4537
f 4818/199/4551 4819/201/4552 4806/1284/4539
f 4819/201/4552 4820/203/4553 4808/1286/4541
f 4820/203/4553 4821/205/4554 4810/1288/4543
f 4821/205/4554 4822/207/4555 4812/1290/4545
f 4822/207/4555 4823/209/4556 4814/1292/4547
f 4823/209/4556 4824/211/4557 4816/1294/4549
f 4824/211/4557 6056/213/5595 4825/1295/4558
f 4826/1297/4559 4829/1300/4562 4827/1296/4560
f 4829/1300/4562 4831/1302/4564 4830/1299/4563
f 4831/1302/4564 4833/1304/4566 4832/1301/4565
f 4833/1304/4566 4835/1306/4568 4834/1303/4567
f 4835/1306/4568 4837/1308/4570 4836/1305/4569
f 4837/1308/4570 4839/1310/4572 4838/1307/4571
f 4839/1310/4572 4841/1312/4574 4840/1309/4573
f 4841/1312/4574 5206/1582/4892 4842/1311/4575
f 4843/1496/4576 4846/1317/4579 4844/1313/4577
f 4846/1317/4579 4850/1319/4583 4847/1316/4580
f 4848/1498/4581 4849/1320/4582 4846/1317/4579
f 4849/1320/4582 4853/1322/4586 4850/1319/4583
f 4851/1499/4584 4852/1323/4585 4849/1320/4582
f 4852/1323/4585 4856/1325/4589 4853/1322/4586
f 4854/1500/4587 4855/1326/4588 4852/1323/4585
f 4855/1326/4588 4859/1328/4592 4856/1325/4589
f 4857/1501/4590 4858/1329/4591 4855/1326/4588
f 4858/1329/4591 4862/1331/4595 4859/1328/4592
f 4860/1502/4593 4861/1332/4594 4858/1329/4591
f 4861/1332/4594 4865/1334/4598 4862/1331/4595
f 4863/1503/4596 4864/1335/4597 4861/1332/4594
f 4864/1335/4597 4867/1337/4600 4865/1334/4598
f 4866/1504/4599 4826/1297/4559 4864/1335/4597
f 4826/1297/4559 4828/1298/4561 4867/1337/4600
f 4868/1339/4601 4871/1342/4604 4869/1338/4602
f 4871/1342/4604 4873/1344/4606 4872/1341/4605
f 4873/1344/4606 6057/1346/5596 4874/1343/4607
f 4874/1343/4607 6057/1346/5596 4875/1505/4608
f 4870/1340/4603 4869/1338/4602 4877/1347/4610
f 4869/1338/4602 4872/1341/4605 4879/1348/4612
f 4872/1341/4605 4874/1343/4607 4880/1349/4613
f 4876/1345/4609 6058/1350/5597 4880/1349/4613
f 4881/1353/4614 4884/1352/4617 4882/1355/4615
f 4884/1352/4617 4886/1357/4619 4885/1354/4618
f 4886/1357/4619 4888/1359/4621 4887/1356/4620
f 4888/1359/4621 4890/1361/4623 4889/1358/4622
f 4890/1361/4623 4892/1363/4625 4891/1360/4624
f 4892/1363/4625 4894/1365/4627 4893/1362/4626
f 4894/1365/4627 6059/1367/5598 4895/1364/4628
f 4895/1364/4628 6059/1367/5598 4896/1366/4629
f 4883/1351/4616 4882/1355/4615 4898/1368/4631
f 4882/1355/4615 4885/1354/4618 4900/1369/4633
f 4885/1354/4618 4887/1356/4620 4901/1370/4569
f 4887/1356/4620 4889/1358/4622 4902/1371/4567
f 4889/1358/4622 4891/1360/4624 4903/1372/4565
f 4891/1360/4624 4893/1362/4626 4904/1373/4634
f 4893/1362/4626 4895/1364/4628 4905/1374/4560
f 4895/1364/4628 4897/1375/4630 4906/1508/4561
f 4907/1377/4635 4924/1392/4652 4908/1509/4636
f 4910/1380/4638 4913/1383/4641 4911/1379/4639
f 4913/1383/4641 4915/1385/4643 4914/1512/4642
f 4915/1385/4643 4917/1387/4645 4916/1513/4644
f 4917/1387/4645 4919/1389/4647 4918/1514/4646
f 4919/1389/4647 4921/1391/4649 4920/1515/4648
f 4921/1391/4649 4931/1394/4659 4922/1516/4650
f 4923/1393/4651 4933/1395/4661 4924/1392/4652
f 4925/751/4653 4926/749/4654 4913/1383/4641
f 4926/749/4654 4927/752/4655 4915/1385/4643
f 4927/752/4655 4928/754/4656 4917/1387/4645
f 4928/754/4656 4929/756/4657 4919/1389/4647
f 4929/756/4657 4930/758/4658 4921/1391/4649
f 4930/758/4658 6060/760/4503 4931/1394/4659
f 4932/1396/4660 4935/1397/4663 4933/1395/4661
f 4934/1398/4662 4937/1399/4665 4935/1397/4663
f 4936/1400/4664 4939/1401/4667 4937/1399/4665
f 4938/1402/4666 4941/1403/4669 4939/1401/4667
f 4940/1404/4668 4943/1405/4671 4941/1403/4669
f 4942/1406/4670 4945/1407/4673 4943/1405/4671
f 4944/1408/4672 4972/1435/4699 4945/1407/4673
f 4946/1517/4674 4955/1411/4683 4947/1410/4675
f 4948/1518/4676 4947/1410/4675 4949/1413/4677
f 4950/1519/4678 4949/1413/4677 4951/1415/4679
f 4952/1416/4680 4951/1415/4679 4953/1417/4681
f 4955/1411/4683 4961/1419/4611 4956/1418/4684
f 4947/1410/4675 4956/1418/4684 4957/1420/4685
f 4949/1413/4677 4957/1420/4685 4958/1421/4686
f 4951/1415/4679 4958/1421/4686 4959/1422/4687
f 4955/1411/4683 4962/1425/4689 4960/1423/4688
f 4962/1425/4689 4964/1427/4691 4963/1424/4690
f 4964/1427/4691 4966/1429/4693 4965/1426/4692
f 4966/1429/4693 5217/1431/4902 4967/1428/4694
f 4967/1428/4694 5217/1431/4902 4968/1430/4695
f 4969/1432/4696 4968/1430/4695 4970/1433/4697
f 4971/1434/4698 4970/1433/4697 4972/1435/4699
f 4973/1437/4700 4977/1439/4704 4974/1436/4701
f 4976/1440/4703 4979/1441/4706 4977/1439/4704
f 4978/1442/4705 4981/1521/4708 4979/1441/4706
f 4978/1442/4705 4985/1444/4710 4980/1443/4707
f 4975/1438/4702 6061/1446/4484 4982/1445/4483
f 4973/1437/4700 4982/1445/4483 4983/1447/4485
f 4976/1440/4703 4983/1447/4485 4984/1448/4709
f 4984/1448/4709 6062/1881/5599 4985/1444/4710
f 4986/1451/4711 4990/1450/4714 4987/1522/4712
f 4989/1452/4713 4992/1453/4716 4990/1450/4714
f 4991/1454/4715 4994/1455/4718 4992/1453/4716
f 4993/1456/4717 4996/1457/4720 4994/1455/4718
f 4995/1458/4719 4998/1459/4722 4996/1457/4720
f 4997/1460/4721 5000/1461/4724 4998/1459/4722
f 4999/1462/4723 5002/1463/4726 5000/1461/4724
f 5001/1464/4725 6063/1552/5600 5002/1463/4726
f 4988/1449/4710 6064/1466/4580 5003/1465/4583
f 4986/1451/4711 5003/1465/4583 5004/1467/4586
f 4989/1452/4713 5004/1467/4586 5005/1468/4589
f 4991/1454/4715 5005/1468/4589 5006/1469/4592
f 4993/1456/4717 5006/1469/4592 5007/1470/4595
f 4995/1458/4719 5007/1470/4595 5008/1471/4727
f 4997/1460/4721 5008/1471/4727 5009/1472/4600
f 4999/1462/4723 5009/1472/4600 5010/1473/4561
f 5011/1523/4728 5014/1523/4731 4704/1474/4437
f 5011/1523/4728 5221/1524/4906 5013/1524/4730
f 5015/1525/4732 5019/1526/4736 5016/1526/4733
f 5018/1528/4735 5021/1528/4738 5016/1526/4733
f 5020/1529/4737 5023/1529/4740 5021/1528/4738
f 5020/1529/4737 5024/1530/4741 5022/1530/4739
f 5024/1530/4741 5026/1531/4743 5025/1531/4742
f 5804/1531/5440 5805/1532/4784 6065/1532/4783
f 4423/1195/4176 5786/1195/5424 5028/1211/4745
f 4439/1211/4192 5028/1211/4745 5029/1214/4746
f 4442/1214/4195 5029/1214/4746 5030/1216/4747
f 4444/1216/4197 5030/1216/4747 5031/1218/4748
f 4446/1218/4199 5031/1218/4748 5032/1220/4749
f 4448/1220/4201 5032/1220/4749 5033/1222/4750
f 4450/1222/4203 5033/1222/4750 5034/1224/4751
f 4452/1224/4205 5034/1224/4751 5035/1226/4752
f 4470/1242/4222 5037/1242/4754 5036/1243/4753
f 4473/1245/4225 5038/1245/4755 5037/1242/4754
f 4475/1247/4227 5040/1247/4757 5038/1245/4755
f 4475/1247/4227 4477/1249/4229 5039/1249/4756
f 4477/1249/4229 4479/1251/4231 5041/1251/4758
f 4481/1253/4233 5042/1253/4759 5041/1251/4758
f 4454/1226/4207 5035/1226/4752 5042/1253/4759
f 4485/1257/4237 6047/1487/5590 5043/1487/4506
f 4490/1262/4242 4485/1257/4237 5044/1257/4760
f 4490/1262/4242 5045/1262/4761 5046/1265/4762
f 4493/1265/4245 5046/1265/4762 5047/1268/4763
f 4499/1271/4251 4496/1268/4248 5047/1268/4763
f 4499/1271/4251 5048/1271/4764 5049/1274/4765
f 4502/1274/4254 5049/1274/4765 5050/1277/4766
f 5803/1533/5439 4505/1277/4257 5050/1277/4766
f 5053/1534/4769 5051/1533/4767 5052/1533/4768
f 5053/1534/4769 5054/1534/4770 5055/1535/4771
f 5056/1535/4772 5055/1535/4771 5057/1536/4773
f 5058/1536/4774 5057/1536/4773 5059/1537/4775
f 5061/1538/4777 5060/1537/4776 5059/1537/4775
f 5063/1539/4779 5061/1538/4777 5062/1538/4778
f 5063/1539/4779 5064/1539/4780 5065/1540/4781
f 5066/1540/4782 5065/1540/4781 5067/1541/4783
f 4567/1339/4315 4570/1342/4318 5069/1342/4785
f 4568/1340/4316 4567/1339/4315 5070/1339/4786
f 4570/1342/4318 4572/1344/4320 5072/1344/4788
f 4572/1344/4320 4574/1346/4322 5073/1346/4789
f 4574/1346/4322 6048/1505/4328 5074/1505/4614
f 4568/1340/4316 5071/1340/4787 5075/1506/4790
f 4580/1352/4327 5079/1352/4794 5077/1353/4792
f 4580/1352/4327 4585/1357/4332 5078/1357/4793
f 4585/1357/4332 4587/1359/4334 5080/1359/4795
f 4587/1359/4334 4589/1361/4336 5081/1361/4796
f 4589/1361/4336 4591/1363/4338 5082/1363/4625
f 4591/1363/4338 4593/1365/4340 5083/1365/4797
f 4593/1365/4340 4595/1367/4342 5084/1367/4798
f 4595/1367/4342 4594/1366/4341 5085/1366/4629
f 4605/1377/4347 5104/1377/4815 6066/1510/5601
f 5088/1542/4800 5788/1542/5425 5089/1543/4801
f 5090/1543/4802 5089/1543/4801 5091/1544/4803
f 5093/1546/4805 5139/1546/4845 5094/1547/4806
f 5096/1548/4808 5095/1547/4807 5094/1547/4806
f 5096/1548/4808 5097/1548/4809 5098/1549/4810
f 5099/1549/4811 5098/1549/4810 5100/1550/4812
f 5101/1550/4813 5100/1550/4812 5102/1551/4506
f 4621/1393/4363 5105/1393/4816 5104/1377/4815
f 4624/1396/4366 5106/1396/4660 5105/1393/4816
f 4626/1398/4368 5107/1398/4817 5106/1396/4660
f 4628/1400/4370 5109/1400/4819 5107/1398/4817
f 4628/1400/4370 4630/1402/4372 5108/1402/4818
f 4630/1402/4372 4632/1404/4374 5110/1404/4820
f 4632/1404/4374 4634/1406/4376 5111/1406/4821
f 4634/1406/4376 4636/1408/4378 5112/1408/4822
f 4651/1423/4391 4647/1419/4388 5113/1419/4790
f 4652/1424/4392 4651/1423/4391 5114/1423/4688
f 4654/1426/4394 4652/1424/4392 5115/1424/4823
f 4654/1426/4394 5116/1426/4824 5117/1428/4825
f 4656/1428/4396 5117/1428/4825 5118/1432/4826
f 4662/1434/4402 4660/1432/4400 5118/1432/4826
f 4636/1408/4378 4662/1434/4402 5119/1434/4827
f 4664/1436/4404 5121/1436/4829 5120/1439/4828
f 4666/1438/4406 5126/1438/4702 5121/1436/4829
f 4667/1439/4407 5120/1439/4828 5122/1441/4830
f 4669/1441/4409 5122/1441/4830 5123/1521/4831
f 4666/1438/4406 4674/1446/4413 5125/1446/4833
f 4678/1450/4416 6053/1522/5593 5127/1522/4834
f 4678/1450/4416 5128/1450/4835 5129/1453/4836
f 4681/1453/4419 5129/1453/4836 5130/1455/4837
f 4683/1455/4421 5130/1455/4837 5131/1457/4838
f 4685/1457/4423 5131/1457/4838 5132/1459/4839
f 4687/1459/4425 5132/1459/4839 5133/1461/4840
f 4689/1461/4427 5133/1461/4840 5134/1463/4841
f 4691/1463/4429 5134/1463/4841 5135/1552/4842
f 4671/1443/4411 5124/1521/4832 5123/1521/4831
f 5138/1553/4844 5787/1869/4803 5139/1546/4845
f 831/831/813 5818/1876/5449 5140/1520/276
f 830/830/812 831/831/813 5141/1554/4846
f 828/828/810 830/830/812 5142/1555/4383
f 829/829/811 828/828/810 5143/1556/4847
f 5144/1557/4310 265/265/263 264/264/262
f 5146/1559/4307 5144/1557/4310 5145/1558/4848
f 5147/1560/4849 5146/1559/4307 370/370/366
f 5148/1561/4850 5147/1560/4849 364/364/360
f 5149/1562/4851 5148/1561/4850 358/358/354
f 5150/1563/4852 5149/1562/4851 352/352/348
f 5151/1564/4292 5150/1563/4852 346/346/342
f 5152/1565/4853 5151/1564/4292 340/340/336
f 4462/1234/4214 4464/1236/4216 5153/1566/4854
f 81/81/81 5154/1484/4212 4462/1234/4214
f 80/80/80 5155/1567/4210 5154/1484/4212
f 84/84/84 86/86/86 5155/1567/4210
f 4440/1212/4193 4426/1198/4179 4428/1200/4181
f 4443/1215/4196 5156/1568/4855 4426/1198/4179
f 4445/1217/4198 5157/1569/4856 5156/1568/4855
f 4447/1219/4200 5158/1570/4857 5157/1569/4856
f 4449/1221/4202 21/21/21 5158/1570/4857
f 4451/1223/4204 28/28/28 21/21/21
f 4453/1225/4206 5159/1571/35 28/28/28
f 4455/1227/4208 42/42/42 5159/1571/35
f 4482/1254/4234 49/49/49 42/42/42
f 4456/1228/86 5160/1572/85 4472/1244/4224
f 5160/1572/85 5161/92/92 4474/1246/4226
f 5161/92/92 5162/1573/4858 4476/1248/4228
f 5162/1573/4858 5164/1574/106 5163/1485/4859
f 5164/1574/106 5165/1575/4860 4478/1250/4230
f 5165/1575/4860 120/120/120 4480/1252/4232
f 4480/1252/4232 120/120/120 49/49/49
f 4528/1300/4279 5166/1576/4861 4564/1336/263
f 4530/1302/4281 5167/1577/264 5166/1576/4861
f 4532/1304/4283 5168/1578/266 5167/1577/264
f 4534/1306/4285 5169/1579/4862 5168/1578/266
f 4536/1308/4287 5170/1580/4863 5169/1579/4862
f 4538/1310/4289 5171/1581/4864 5170/1580/4863
f 4540/1312/4291 5173/1583/274 5171/1581/4864
f 5172/1582/4386 6067/1882/276 5173/1583/274
f 5174/1381/4865 5175/1380/4866 4620/1392/4362
f 5175/1380/4866 751/751/736 4623/1395/4365
f 751/751/736 750/750/735 4625/1397/4367
f 750/750/735 762/762/746 4627/1399/4369
f 762/762/746 5176/1584/752 4629/1401/4371
f 5176/1584/752 776/776/759 4631/1403/4373
f 776/776/759 783/783/766 4633/1405/4375
f 783/783/766 5177/790/773 4635/1407/4377
f 5177/790/773 5181/797/780 4663/1435/4403
f 4653/1425/4393 5178/833/4867 4637/1409/816
f 4655/1427/4395 5179/1585/4868 5178/833/4867
f 4657/1429/4397 5180/847/4869 5179/1585/4868
f 4659/1431/4399 854/854/836 5180/847/4869
f 4658/1430/4398 861/861/843 854/854/836
f 4661/1433/4401 5182/1586/4870 861/861/843
f 4661/1433/4401 4663/1435/4403 5181/797/780
f 5183/1477/4440 5184/1198/4871 4718/1212/4451
f 5184/1198/4871 5185/3/4453 4727/1215/4460
f 5185/3/4453 5186/1/4872 4729/1217/4462
f 5186/1/4872 5187/1570/4873 4731/1219/4464
f 5187/1570/4873 5188/21/4874 4733/1221/4466
f 5188/21/4874 5189/1587/4875 4735/1223/4468
f 5189/1587/4875 5190/1588/4876 4737/1225/4470
f 5190/1588/4876 5191/42/4877 4739/1227/4472
f 5191/42/4877 5197/49/4883 4767/1254/4500
f 4757/1244/4490 5192/1572/4878 4741/1482/4474
f 4759/1246/4492 5193/92/4879 5192/1572/4878
f 4761/1248/4494 5194/1573/4880 5193/92/4879
f 4763/1485/4496 5195/1574/4881 5194/1573/4880
f 4762/1250/4495 5196/1575/4882 5195/1574/4881
f 4765/1252/4498 5198/1589/4884 5196/1575/4882
f 4765/1252/4498 4767/1254/4500 5197/49/4883
f 4866/1504/4599 5199/1590/4885 4829/1300/4562
f 5199/1590/4885 5200/1591/4886 4831/1302/4564
f 5200/1591/4886 5201/1592/4887 4833/1304/4566
f 5201/1592/4887 5202/1593/4888 4835/1306/4568
f 5202/1593/4888 5203/1594/4889 4837/1308/4570
f 5203/1594/4889 5204/1595/4890 4839/1310/4572
f 5204/1595/4890 5205/1596/4891 4841/1312/4574
f 5205/1596/4891 6068/1883/5602 5206/1582/4892
f 4924/1392/4652 4910/1380/4638 4912/1511/4640
f 4933/1395/4661 5207/751/4653 4910/1380/4638
f 4935/1397/4663 5208/1597/4893 5207/751/4653
f 4937/1399/4665 5209/762/4894 5208/1597/4893
f 4939/1401/4667 5210/769/4895 5209/762/4894
f 4941/1403/4669 5211/1598/4896 5210/769/4895
f 4943/1405/4671 5212/1599/4897 5211/1598/4896
f 4945/1407/4673 5213/790/4898 5212/1599/4897
f 4972/1435/4699 5220/1602/4905 5213/790/4898
f 4946/1517/4674 5214/1600/4899 4962/1425/4689
f 5214/1600/4899 5215/1601/4900 4964/1427/4691
f 5215/1601/4900 5216/847/4901 4966/1429/4693
f 5216/847/4901 5218/854/4903 5217/1431/4902
f 5218/854/4903 5219/861/4904 4968/1430/4695
f 5219/861/4904 6069/868/5603 4970/1433/4697
f 4970/1433/4697 6069/868/5603 5220/1602/4905
f 5221/1524/4906 6070/1868/4732 5222/1603/4734
f 5223/1604/4907 5231/1612/4915 5224/1605/4908
f 5224/1605/4908 5231/1612/4915 5226/1607/4910
f 5227/1608/4911 5226/1607/4910 5228/1609/4912
f 5223/1604/4907 5233/1614/4917 5230/1611/4914
f 5230/1611/4914 5232/1613/4916 5226/1607/4910
f 5232/1613/4916 5236/1617/4920 5228/1609/4912
f 5233/1614/4917 5237/1618/4921 5234/1615/4918
f 5230/1611/4914 5234/1615/4918 5235/1616/4919
f 5235/1616/4919 5240/1621/4924 5236/1617/4920
f 5237/1618/4921 5242/1623/4926 5238/1619/4922
f 5234/1615/4918 5238/1619/4922 5239/1620/4923
f 5239/1620/4923 5245/1626/4929 5240/1621/4924
f 5241/1622/4925 5243/1624/4927 5238/1619/4922
f 5243/1624/4927 5248/1629/4932 5239/1620/4923
f 5239/1620/4923 5248/1629/4932 5244/1625/4928
f 5246/1627/4930 5247/1628/4931 5243/1624/4927
f 5247/1628/4931 5249/1630/4933 5248/1629/4932
f 5249/1630/4933 5253/1634/4937 5244/1625/4928
f 5250/1631/4934 5251/1632/4935 5247/1628/4931
f 5251/1632/4935 5252/1633/4936 5249/1630/4933
f 5252/1633/4936 5361/1666/5043 5253/1634/4937
f 5254/1635/4938 5261/1642/4945 5255/1636/4939
f 5256/1637/4940 5255/1636/4939 5257/1638/4941
f 5258/1639/4942 5257/1638/4941 5259/1640/4943
f 5261/1642/4945 5265/1646/4949 5262/1643/4946
f 5255/1636/4939 5262/1643/4946 5263/1644/4947
f 5257/1638/4941 5263/1644/4947 5264/1645/4948
f 5265/1646/4949 5269/1650/4953 5266/1647/4950
f 5262/1643/4946 5266/1647/4950 5267/1648/4951
f 5267/1648/4951 5272/1653/4956 5264/1645/4948
f 5268/1649/4952 5270/1651/4954 5266/1647/4950
f 5270/1651/4954 5275/1656/4959 5267/1648/4951
f 5267/1648/4951 5275/1656/4959 5271/1652/4955
f 5273/1654/4957 5274/1655/4958 5270/1651/4954
f 5274/1655/4958 5279/1660/4963 5275/1656/4959
f 5275/1656/4959 5279/1660/4963 5276/1657/4960
f 5277/1658/4961 5282/1663/4966 5274/1655/4958
f 5274/1655/4958 5282/1663/4966 5278/1659/4962
f 5279/1660/4963 5278/1659/4962 5280/1661/4964
f 5277/1658/4961 6071/1665/5057 5281/1662/4965
f 5281/1662/4965 5283/1664/4967 5278/1659/4962
f 5283/1664/4967 5383/1667/5061 5280/1661/4964
f 5284/1605/4968 5288/1612/4972 5285/1604/4969
f 5284/1605/4968 5289/1608/4973 5287/1607/4971
f 5289/1608/4973 6072/1610/5027 5290/1609/4974
f 5288/1612/4972 5292/1611/4976 5291/1614/4975
f 5287/1607/4971 5293/1613/4977 5292/1611/4976
f 5290/1609/4974 5296/1617/4980 5293/1613/4977
f 5292/1611/4976 5295/1615/4979 5294/1618/4978
f 5293/1613/4977 5297/1616/4981 5295/1615/4979
f 5296/1617/4980 6073/1621/5604 5297/1616/4981
f 5295/1615/4979 5299/1619/4983 5298/1623/4982
f 5297/1616/4981 5301/1620/4985 5299/1619/4983
f 5297/1616/4981 6073/1621/5604 5300/1626/4984
f 5299/1619/4983 5303/1624/4987 5302/1622/4986
f 5301/1620/4985 5304/1629/4988 5303/1624/4987
f 5300/1626/4984 5307/1625/4991 5304/1629/4988
f 5302/1622/4986 5303/1624/4987 5305/1628/4989
f 5304/1629/4988 5308/1630/4992 5305/1628/4989
f 5307/1625/4991 5312/1634/4996 5308/1630/4992
f 5306/1627/4990 5305/1628/4989 5309/1632/4993
f 5305/1628/4989 5308/1630/4992 5311/1633/4995
f 5312/1634/4996 6074/1666/5605 5311/1633/4995
f 5313/1637/4997 5317/1636/5001 5314/1642/4998
f 5313/1637/4997 5318/1639/5002 5316/1638/5000
f 5318/1639/5002 6075/1641/5606 5319/1640/5003
f 5314/1642/4998 5317/1636/5001 5320/1643/5004
f 5317/1636/5001 5316/1638/5000 5322/1644/5006
f 5316/1638/5000 5319/1640/5003 5323/1645/5007
f 5321/1646/5005 5320/1643/5004 5324/1647/5008
f 5320/1643/5004 5322/1644/5006 5326/1648/5010
f 5322/1644/5006 5323/1645/5007 5327/1653/5011
f 5325/1650/5009 5324/1647/5008 5328/1651/5012
f 5324/1647/5008 5326/1648/5010 5330/1656/5014
f 5327/1653/5011 6076/1652/5607 5330/1656/5014
f 5329/1649/5013 5328/1651/5012 5331/1655/5015
f 5328/1651/5012 5330/1656/5014 5333/1660/5017
f 5330/1656/5014 6076/1652/5607 5334/1657/5018
f 5331/1655/5015 5337/1663/5021 5335/1658/5019
f 5331/1655/5015 5333/1660/5017 5336/1659/5020
f 5333/1660/5017 5334/1657/5018 5338/1661/5022
f 5335/1658/5019 5337/1663/5021 5339/1662/5023
f 5336/1659/5020 5341/1664/5025 5339/1662/5023
f 5338/1661/5022 6077/1667/5608 5341/1664/5025
f 5224/1605/4908 5227/1608/4911 5342/1608/5026
f 5229/1610/4913 5228/1609/4912 5344/1609/4974
f 5227/1608/4911 5229/1610/4913 5345/1610/5027
f 5233/1614/4917 5223/1604/4907 5346/1604/5028
f 5236/1617/4920 5349/1617/5031 5344/1609/4974
f 5237/1618/4921 5233/1614/4917 5347/1614/5029
f 5240/1621/4924 5351/1621/5033 5349/1617/5031
f 5242/1623/4926 5237/1618/4921 5348/1618/5030
f 5245/1626/4929 5354/1626/5036 5351/1621/5033
f 5241/1622/4925 5242/1623/4926 5350/1623/5032
f 5245/1626/4929 5244/1625/4928 5353/1625/5035
f 5241/1622/4925 5352/1622/5034 5355/1627/5037
f 5244/1625/4928 5253/1634/4937 5356/1634/5038
f 5246/1627/4930 5355/1627/5037 5357/1631/5039
f 5250/1631/4934 5357/1631/5039 5358/1632/5040
f 5252/1633/4936 5251/1632/4935 5358/1632/5040
f 5252/1633/4936 5359/1633/5041 5360/1666/5042
f 5253/1634/4937 5361/1666/5043 5360/1666/5042
f 5261/1642/4945 5254/1635/4938 5362/1635/5044
f 5256/1637/4940 5365/1637/5047 5362/1635/5044
f 5256/1637/4940 5258/1639/4942 5364/1639/5046
f 5259/1640/4943 5368/1640/5050 5366/1641/5048
f 5258/1639/4942 5260/1641/4944 5366/1641/5048
f 5265/1646/4949 5261/1642/4945 5363/1642/5045
f 5264/1645/4948 5370/1645/5052 5368/1640/5050
f 5265/1646/4949 5367/1646/5049 5369/1650/5051
f 5272/1653/4956 5373/1653/5011 5370/1645/5052
f 5269/1650/4953 5369/1650/5051 5371/1649/5053
f 5272/1653/4956 5271/1652/4955 5372/1652/5054
f 5268/1649/4952 5371/1649/5053 5374/1654/5055
f 5271/1652/4955 5276/1657/4960 5375/1657/5056
f 5273/1654/4957 5374/1654/5055 5376/1658/5019
f 5276/1657/4960 5280/1661/4964 5377/1661/5022
f 6071/1665/5057 5277/1658/4961 5376/1658/5019
f 5281/1662/4965 6071/1665/5057 5379/1665/5058
f 5283/1664/4967 5281/1662/4965 5380/1662/5059
f 5283/1664/4967 5381/1664/5025 5382/1667/5060
f 6078/1667/5061 6077/1667/5608 5338/1661/5022
f 5225/1606/4909 5384/1606/5062 5346/1604/5028
f 5224/1605/4908 5343/1605/4968 5384/1606/5062
f 5385/1668/5063 5389/1672/5066 5386/1669/5064
f 5388/1671/593 5391/1674/5067 5386/1669/5064
f 5390/1673/594 5393/1676/5069 5391/1674/5067
f 5390/1673/594 5394/1677/5070 5392/1675/5068
f 5394/1677/5070 5396/1679/5072 5395/1678/5071
f 5396/1679/5072 5398/1681/597 5397/1680/5073
f 5398/1681/597 5401/1684/5075 5399/1682/5074
f 5400/1683/599 5410/1693/5084 5399/1682/5074
f 5387/1670/5065 5386/1669/5064 5402/1685/5076
f 5391/1674/5067 5404/1687/5078 5402/1685/5076
f 5393/1676/5069 5405/1688/5079 5404/1687/5078
f 5392/1675/5068 5407/1690/5081 5405/1688/5079
f 5392/1675/5068 5395/1678/5071 5406/1689/5080
f 5395/1678/5071 5397/1680/5073 5408/1691/5082
f 5397/1680/5073 5399/1682/5074 5409/1692/5083
f 5410/1693/5084 5779/1853/5419 5409/1692/5083
f 5411/1694/5085 5415/1698/5089 5412/1695/5086
f 5414/1697/5088 5417/1700/5091 5412/1695/5086
f 5416/1699/5090 5419/1702/5093 5417/1700/5091
f 5416/1699/5090 5420/1703/5094 5418/1701/5092
f 5420/1703/5094 5422/1705/5096 5421/1704/5095
f 5422/1705/5096 5424/1707/5098 5423/1706/5097
f 5424/1707/5098 5427/1710/5101 5425/1708/5099
f 5426/1709/5100 6079/1867/5134 5425/1708/5099
f 5428/1711/5102 5431/1714/5104 5429/1712/5103
f 5431/1714/5104 5433/1716/5105 5432/1715/689
f 5433/1716/5105 5435/1718/5107 5434/1717/5106
f 5435/1718/5107 5447/1730/5117 5436/1719/5108
f 5436/1719/5108 5447/1730/5117 5437/1720/5109
f 5438/1721/5110 5437/1720/5109 5439/1722/5111
f 5440/1723/692 5439/1722/5111 5441/1724/5112
f 5443/1726/5113 5444/1727/5114 5431/1714/5104
f 5444/1727/5114 5445/1728/5115 5433/1716/5105
f 5445/1728/5115 5778/1854/5418 5435/1718/5107
f 5435/1718/5107 5778/1854/5418 5446/1729/5116
f 5447/1730/5117 5446/1729/5116 5448/1731/5118
f 5437/1720/5109 5448/1731/5118 5449/1732/5119
f 5439/1722/5111 5449/1732/5119 5450/1733/5120
f 5451/1734/5121 5454/1737/5124 5452/1735/5122
f 5454/1737/5124 5456/1739/5126 5455/1738/5125
f 5456/1739/5126 5458/1741/5128 5457/1740/5127
f 5458/1741/5128 6080/1855/5390 5459/1742/5129
f 5459/1742/5129 6080/1855/5390 5460/1743/5130
f 5461/1744/5131 5460/1743/5130 5462/1745/5132
f 5463/1746/5133 5462/1745/5132 5464/1747/5134
f 5453/1736/5123 5443/1726/5113 5466/1749/5136
f 5428/1711/5102 5469/1752/5138 5466/1749/5136
f 5428/1711/5102 5430/1713/687 5468/1751/720
f 5466/1749/5136 5471/1754/5140 5470/1753/5139
f 5469/1752/5138 5473/1756/5141 5471/1754/5140
f 5469/1752/5138 5468/1751/720 5472/1755/706
f 5471/1754/5140 5475/1758/5143 5474/1757/5142
f 5473/1756/5141 5477/1760/5144 5475/1758/5143
f 5473/1756/5141 5472/1755/706 5476/1759/707
f 5475/1758/5143 5403/1686/5077 5411/1694/5085
f 5477/1760/5144 5387/1670/5065 5403/1686/5077
f 5477/1760/5144 5476/1759/707 5385/1668/5063
f 5478/1761/1071 5494/1777/5157 5479/1762/5145
f 5480/1763/5146 5479/1762/5145 5481/1764/5147
f 5481/1764/5147 5484/1767/5149 5483/1766/966
f 5484/1767/5149 5498/1781/5161 5485/1768/5150
f 5485/1768/5150 5498/1781/5161 5486/1769/5151
f 5487/1770/5152 5486/1769/5151 5488/1771/5153
f 5489/1772/969 5488/1771/5153 5490/1773/5154
f 5491/1774/5155 5490/1773/5154 5492/1775/5156
f 5494/1777/5157 5567/1850/5222 5495/1778/5158
f 5495/1778/5158 5496/1779/5159 5481/1764/5147
f 5496/1779/5159 5497/1780/5160 5484/1767/5149
f 5497/1780/5160 5775/1859/5417 5498/1781/5161
f 5498/1781/5161 5775/1859/5417 5499/1782/5162
f 5486/1769/5151 5499/1782/5162 5500/1783/5163
f 5488/1771/5153 5500/1783/5163 5501/1784/5164
f 5490/1773/5154 5501/1784/5164 5502/1785/5165
f 5503/1786/5166 6081/1860/5398 5504/1787/5167
f 5504/1787/5167 6081/1860/5398 5506/1789/5169
f 5507/1790/5170 5506/1789/5169 5508/1791/5171
f 5508/1791/5171 5754/1861/5400 5510/1793/5173
f 5510/1793/5173 5754/1861/5400 5511/1794/5174
f 5512/1795/5175 5511/1794/5174 5513/1796/5176
f 5514/1797/5177 5513/1796/5176 5515/1798/5178
f 5516/1799/5179 5515/1798/5178 5517/1800/5180
f 5519/1802/5182 5523/1806/1063 5520/1803/5183
f 5522/1805/1064 5525/1808/5185 5520/1803/5183
f 5524/1807/1065 5527/1810/5187 5525/1808/5185
f 5524/1807/1065 5528/1811/1067 5526/1809/5186
f 5528/1811/1067 5530/1813/5189 5529/1812/5188
f 5530/1813/5189 5532/1815/1068 5531/1814/5190
f 5532/1815/1068 6082/1862/5450 5533/1816/5191
f 5521/1804/5184 5520/1803/5183 5534/1817/5192
f 5520/1803/5183 5525/1808/5185 5536/1819/5194
f 5527/1810/5187 5538/1821/5196 5536/1819/5194
f 5527/1810/5187 5526/1809/5186 5537/1820/5195
f 5526/1809/5186 5529/1812/5188 5539/1822/5197
f 5529/1812/5188 5531/1814/5190 5540/1823/5198
f 5531/1814/5190 5533/1816/5191 5541/1824/5165
f 5542/1825/5199 5545/1828/5202 5543/1826/5200
f 5545/1828/5202 5548/1831/5205 5546/1829/5203
f 5547/1830/5204 5550/1833/5207 5546/1829/5203
f 5547/1830/5204 5552/1835/5209 5549/1832/5206
f 5551/1834/5208 5554/1837/5211 5549/1832/5206
f 5553/1836/5210 5556/1839/5212 5554/1837/5211
f 5555/1838/5181 5765/1863/5408 5556/1839/5212
f 5542/1825/5199 5561/1844/5217 5557/1840/5213
f 5535/1818/5193 5557/1840/5213 5558/1841/5214
f 5521/1804/5184 5558/1841/5214 5559/1842/5215
f 5560/1843/5216 5564/1847/5220 5557/1840/5213
f 5557/1840/5213 5564/1847/5220 5562/1845/5218
f 5562/1845/5218 5566/1849/1084 5559/1842/5215
f 5563/1846/5219 5568/1851/5223 5564/1847/5220
f 5564/1847/5220 5568/1851/5223 5565/1848/5221
f 5565/1848/5221 5569/1852/1070 5566/1849/1084
f 5563/1846/5219 5505/1788/5168 5567/1850/5222
f 5567/1850/5222 5494/1777/5157 5565/1848/5221
f 5494/1777/5157 5478/1761/1071 5569/1852/1070
f 5570/1670/5224 5573/1669/5227 5571/1672/5225
f 5573/1669/5227 5575/1674/5229 5574/1671/5228
f 5575/1674/5229 5589/1676/5243 5576/1673/5230
f 5576/1673/5230 5589/1676/5243 5577/1675/5231
f 5578/1677/5232 5577/1675/5231 5579/1678/5233
f 5580/1679/5234 5579/1678/5233 5581/1680/5235
f 5582/1681/5236 5581/1680/5235 5583/1682/5237
f 5583/1682/5237 5594/1693/5248 5585/1683/5239
f 5586/1686/5240 5587/1685/5241 5573/1669/5227
f 5587/1685/5241 5588/1687/5242 5575/1674/5229
f 5588/1687/5242 5598/1688/5252 5589/1676/5243
f 5589/1676/5243 5598/1688/5252 5590/1690/5244
f 5577/1675/5231 5590/1690/5244 5591/1689/5245
f 5579/1678/5233 5591/1689/5245 5592/1691/5246
f 5581/1680/5235 5592/1691/5246 5593/1692/5247
f 5593/1692/5247 5603/1853/5257 5594/1693/5248
f 5595/1696/5249 5596/1695/5250 5587/1685/5241
f 5596/1695/5250 5597/1700/5251 5588/1687/5242
f 5597/1700/5251 6083/1702/5609 5598/1688/5252
f 5598/1688/5252 6083/1702/5609 5599/1701/5253
f 5590/1690/5244 5599/1701/5253 5600/1704/5254
f 5591/1689/5245 5600/1704/5254 5601/1706/5255
f 5592/1691/5246 5601/1706/5255 5602/1708/5256
f 5602/1708/5256 6084/1867/5288 5603/1853/5257
f 5604/1712/5258 5608/1714/5262 5605/1711/5259
f 5607/1715/5261 5610/1716/5264 5608/1714/5262
f 5609/1717/5263 5612/1718/5266 5610/1716/5264
f 5611/1719/5265 5614/1730/5268 5612/1718/5266
f 5611/1719/5265 5615/1721/5269 5613/1720/5267
f 5615/1721/5269 5617/1723/5271 5616/1722/5270
f 5617/1723/5271 6085/1725/5610 5618/1724/5272
f 5608/1714/5262 5620/1727/5274 5619/1726/5273
f 5610/1716/5264 5621/1728/5275 5620/1727/5274
f 5612/1718/5266 5623/1854/5277 5621/1728/5275
f 5612/1718/5266 5614/1730/5268 5622/1729/5276
f 5614/1730/5268 5613/1720/5267 5624/1731/5278
f 5613/1720/5267 5616/1722/5270 5625/1732/5279
f 5616/1722/5270 5618/1724/5272 5626/1733/5280
f 5620/1727/5274 5628/1737/5282 5627/1734/5281
f 5621/1728/5275 5629/1739/5283 5628/1737/5282
f 5623/1854/5277 5631/1741/5285 5629/1739/5283
f 5623/1854/5277 5622/1729/5276 5630/1855/5284
f 5622/1729/5276 5624/1731/5278 5632/1743/5286
f 5624/1731/5278 5625/1732/5279 5633/1745/5287
f 5625/1732/5279 5626/1733/5280 5634/1747/5288
f 5627/1734/5281 5638/1856/5292 5635/1749/5289
f 5619/1726/5273 5635/1749/5289 5636/1752/5290
f 5605/1711/5259 5636/1752/5290 5637/1751/5291
f 5638/1856/5292 5642/1857/5296 5639/1754/5293
f 5635/1749/5289 5639/1754/5293 5640/1756/5294
f 5636/1752/5290 5640/1756/5294 5641/1755/5295
f 5642/1857/5296 5646/1858/5300 5643/1758/5297
f 5639/1754/5293 5643/1758/5297 5644/1760/5298
f 5640/1756/5294 5644/1760/5298 5645/1759/5299
f 5595/1696/5249 5586/1686/5240 5643/1758/5297
f 5643/1758/5297 5586/1686/5240 5570/1670/5224
f 5644/1760/5298 5570/1670/5224 5572/1668/5226
f 5647/1761/5301 5650/1763/5304 5648/1762/5302
f 5650/1763/5304 5653/1765/5307 5651/1764/5305
f 5652/1766/5306 5655/1767/5309 5651/1764/5305
f 5654/1768/5308 5657/1781/5311 5655/1767/5309
f 5654/1768/5308 5658/1770/5312 5656/1769/5310
f 5658/1770/5312 5660/1772/5314 5659/1771/5313
f 5660/1772/5314 5662/1774/5316 5661/1773/5315
f 5662/1774/5316 6086/1776/5611 5663/1775/5317
f 5649/1777/5303 5648/1762/5302 5664/1778/5318
f 5651/1764/5305 5666/1779/5320 5664/1778/5318
f 5655/1767/5309 5667/1780/5321 5666/1779/5320
f 5657/1781/5311 5669/1859/5323 5667/1780/5321
f 5657/1781/5311 5656/1769/5310 5668/1782/5322
f 5656/1769/5310 5659/1771/5313 5670/1783/5324
f 5659/1771/5313 5661/1773/5315 5671/1784/5325
f 5661/1773/5315 5663/1775/5317 5672/1785/5326
f 5665/1850/5319 5664/1778/5318 5673/1860/5327
f 5666/1779/5320 5675/1789/5329 5673/1860/5327
f 5667/1780/5321 5676/1791/5330 5675/1789/5329
f 5669/1859/5323 5678/1861/5332 5676/1791/5330
f 5669/1859/5323 5668/1782/5322 5677/1794/5331
f 5668/1782/5322 5670/1783/5324 5679/1796/5333
f 5670/1783/5324 5671/1784/5325 5680/1798/5334
f 5671/1784/5325 5672/1785/5326 5681/1800/5335
f 5682/1802/5336 5697/1804/5350 5683/1803/5337
f 5683/1803/5337 5686/1808/5340 5685/1805/5339
f 5686/1808/5340 5700/1810/5353 5687/1807/5341
f 5687/1807/5341 5700/1810/5353 5688/1809/5342
f 5689/1811/5343 5688/1809/5342 5690/1812/5344
f 5691/1813/5345 5690/1812/5344 5692/1814/5346
f 5693/1815/5347 5692/1814/5346 5694/1816/5317
f 5696/1818/5349 5698/1817/5351 5683/1803/5337
f 5698/1817/5351 5699/1819/5352 5686/1808/5340
f 5699/1819/5352 5708/1821/5361 5700/1810/5353
f 5700/1810/5353 5708/1821/5361 5701/1820/5354
f 5688/1809/5342 5701/1820/5354 5702/1822/5355
f 5690/1812/5344 5702/1822/5355 5703/1823/5356
f 5692/1814/5346 5703/1823/5356 5704/1824/5357
f 5705/1827/5358 5706/1826/5359 5698/1817/5351
f 5706/1826/5359 5707/1829/5360 5699/1819/5352
f 5707/1829/5360 6087/1833/5612 5708/1821/5361
f 5708/1821/5361 6087/1833/5612 5709/1832/5362
f 5701/1820/5354 5709/1832/5362 5710/1837/5363
f 5702/1822/5355 5710/1837/5363 5711/1839/5364
f 5703/1823/5356 5711/1839/5364 5712/1863/5365
f 5705/1827/5358 5696/1818/5349 5713/1840/5366
f 5696/1818/5349 5697/1804/5350 5715/1841/5368
f 5697/1804/5350 5682/1802/5336 5716/1842/5369
f 5714/1864/5367 5713/1840/5366 5717/1847/5370
f 5713/1840/5366 5715/1841/5368 5719/1845/5372
f 5715/1841/5368 5716/1842/5369 5720/1849/5373
f 5717/1847/5370 5722/1851/5375 5721/1866/5374
f 5719/1845/5372 5723/1848/5376 5722/1851/5375
f 5720/1849/5373 5724/1852/5377 5723/1848/5376
f 5722/1851/5375 5665/1850/5319 5674/1786/5328
f 5723/1848/5376 5649/1777/5303 5665/1850/5319
f 5724/1852/5377 5647/1761/5301 5649/1777/5303
f 5413/1696/5087 5412/1695/5086 5725/1695/5378
f 5412/1695/5086 5417/1700/5091 5727/1700/5380
f 5417/1700/5091 5419/1702/5093 5728/1702/5381
f 5419/1702/5093 5418/1701/5092 5729/1701/5382
f 5421/1704/5095 5730/1704/5383 5729/1701/5382
f 5423/1706/5097 5731/1706/5384 5730/1704/5383
f 5425/1708/5099 5733/1708/5386 5731/1706/5384
f 5425/1708/5099 6079/1867/5134 5732/1867/5385
f 5454/1737/5124 5451/1734/5121 5734/1734/5387
f 5454/1737/5124 5735/1737/5388 5736/1739/5389
f 5456/1739/5126 5736/1739/5389 5737/1741/5285
f 6080/1855/5390 5458/1741/5128 5737/1741/5285
f 5460/1743/5130 6080/1855/5390 5739/1855/5284
f 5462/1745/5132 5460/1743/5130 5740/1743/5391
f 5464/1747/5134 5462/1745/5132 5741/1745/5392
f 5451/1734/5121 5777/1856/5393 5743/1856/5292
f 5744/1856/5393 5746/1857/5395 5642/1857/5296
f 5745/1858/5394 5646/1858/5300 5642/1857/5296
f 5413/1696/5087 5726/1696/5379 5747/1858/5396
f 6081/1860/5398 5503/1786/5166 5771/1786/5413
f 5506/1789/5169 6081/1860/5398 5750/1860/5399
f 5506/1789/5169 5751/1789/5329 5752/1791/5330
f 5508/1791/5171 5752/1791/5330 5753/1861/5332
f 5511/1794/5174 5754/1861/5400 5753/1861/5332
f 5513/1796/5176 5511/1794/5174 5755/1794/5401
f 5515/1798/5178 5513/1796/5176 5756/1796/5333
f 5517/1800/5180 5515/1798/5178 5757/1798/5402
f 5544/1827/5201 5543/1826/5200 5759/1826/5403
f 5543/1826/5200 5546/1829/5203 5761/1829/5360
f 5546/1829/5203 5550/1833/5207 5762/1833/5405
f 5549/1832/5206 5763/1832/5406 5762/1833/5405
f 5554/1837/5211 5764/1837/5407 5763/1832/5406
f 5556/1839/5212 5766/1839/5409 5764/1837/5407
f 6088/1863/5613 5712/1863/5365 5711/1839/5364
f 5774/1864/5416 5544/1827/5201 5760/1827/5404
f 5767/1864/5410 5714/1864/5367 5718/1865/5371
f 5769/1866/5412 5768/1865/5411 5718/1865/5371
f 5503/1786/5166 5772/1866/5414 5770/1866/5374
f 5772/1866/5414 5503/1786/5166 5505/1788/5168
f 5772/1866/5414 5563/1846/5219 5560/1843/5216
f 5773/1865/5415 5560/1843/5216 5561/1844/5217
f 5544/1827/5201 5774/1864/5416 5561/1844/5217
f 5540/1823/5198 5541/1824/5165 5555/1838/5181
f 5539/1822/5197 5540/1823/5198 5553/1836/5210
f 5539/1822/5197 5551/1834/5208 5552/1835/5209
f 5538/1821/5196 5537/1820/5195 5552/1835/5209
f 5536/1819/5194 5538/1821/5196 5547/1830/5204
f 5534/1817/5192 5536/1819/5194 5548/1831/5205
f 5535/1818/5193 5534/1817/5192 5545/1828/5202
f 5501/1784/5164 5516/1799/5179 5518/1801/5181
f 5500/1783/5163 5514/1797/5177 5516/1799/5179
f 5499/1782/5162 5512/1795/5175 5514/1797/5177
f 5775/1859/5417 5510/1793/5173 5512/1795/5175
f 5509/1792/5172 5510/1793/5173 5775/1859/5417
f 5496/1779/5159 5507/1790/5170 5509/1792/5172
f 5495/1778/5158 5504/1787/5167 5507/1790/5170
f 5567/1850/5222 5505/1788/5168 5504/1787/5167
f 5474/1757/5142 5411/1694/5085 5413/1696/5087
f 5470/1753/5139 5474/1757/5142 5748/1858/5397
f 5467/1750/5137 5470/1753/5139 5776/1857/5395
f 5453/1736/5123 5467/1750/5137 5777/1856/5393
f 5449/1732/5119 5463/1746/5133 5465/1748/5135
f 5448/1731/5118 5461/1744/5131 5463/1746/5133
f 5446/1729/5116 5459/1742/5129 5461/1744/5131
f 5778/1854/5418 5457/1740/5127 5459/1742/5129
f 5455/1738/5125 5457/1740/5127 5778/1854/5418
f 5452/1735/5122 5455/1738/5125 5445/1728/5115
f 5453/1736/5123 5452/1735/5122 5444/1727/5114
f 5779/1853/5419 5426/1709/5100 5427/1710/5101
f 5408/1691/5082 5409/1692/5083 5427/1710/5101
f 5406/1689/5080 5408/1691/5082 5424/1707/5098
f 5407/1690/5081 5406/1689/5080 5422/1705/5096
f 5405/1688/5079 5407/1690/5081 5420/1703/5094
f 5405/1688/5079 5416/1699/5090 5414/1697/5088
f 5404/1687/5078 5414/1697/5088 5415/1698/5089
f 5403/1686/5077 5402/1685/5076 5415/1698/5089
f 4908/1509/4636 4912/1511/4640 5091/1544/4803
f 5013/1524/4730 5222/1603/4734 5183/1477/4440
f 5780/1545/4844 5174/1381/4865 4604/1376/4346
f 4424/1196/4177 4428/1200/4181 5782/1868/5420
f 5087/1378/4799 4909/1510/4637 5788/1542/5425
f 5012/1197/4729 4704/1474/4437 4703/1195/4436
f 5100/1550/4812 4920/1515/4648 4922/1516/4650
f 5098/1549/4810 4918/1514/4646 4920/1515/4648
f 5097/1548/4809 4916/1513/4644 4918/1514/4646
f 5094/1547/4806 4914/1512/4642 4916/1513/4644
f 5139/1546/4845 4911/1379/4639 4914/1512/4642
f 4912/1511/4640 4911/1379/4639 5139/1546/4845
f 4909/1510/4637 4908/1509/4636 5089/1543/4801
f 4815/1291/4548 4817/1495/4550 5067/1541/4783
f 4813/1289/4546 4815/1291/4548 5065/1540/4781
f 4811/1287/4544 4813/1289/4546 5064/1539/4780
f 4809/1494/4542 4811/1287/4544 5062/1538/4778
f 5057/1536/4773 4807/1283/4540 4809/1494/4542
f 4805/1281/4538 4807/1283/4540 5057/1536/4773
f 4803/1279/4536 4805/1281/4538 5055/1535/4771
f 4800/1278/4533 4803/1279/4536 5054/1534/4770
f 4802/1280/4535 4800/1278/4533 4796/1493/4529
f 4799/1276/4532 4796/1493/4529 4792/1492/4525
f 4795/1273/4528 4792/1492/4525 4788/1491/4521
f 4791/1270/4524 4788/1491/4521 4784/1490/4517
f 4787/1267/4520 4784/1490/4517 4780/1488/4513
f 4783/1264/4516 4780/1488/4513 4781/1489/4514
f 4779/1261/4512 4781/1489/4514 4776/1258/4509
f 4775/1259/4508 4776/1258/4509 4771/1486/4504
f 5025/1531/4742 5027/1532/4744 4716/1210/4449
f 5022/1530/4739 5025/1531/4742 4714/1480/4447
f 5023/1529/4740 5022/1530/4739 4712/1479/4445
f 5021/1528/4738 5023/1529/4740 4710/1478/4443
f 5016/1526/4733 5021/1528/4738 4708/1202/4441
f 5017/1527/4734 5016/1526/4733 4705/1475/4438
f 5014/1523/4731 5013/1524/4730 4702/1196/4435
f 5789/1550/5426 6089/1551/5614 4618/1390/4360
f 5790/1549/5427 5789/1550/5426 4616/1388/4358
f 5791/1548/5428 5790/1549/5427 4614/1386/4356
f 5792/1547/5429 5791/1548/5428 4612/1384/4354
f 5792/1547/5429 4610/1382/4352 4607/1379/4349
f 5793/1546/5430 4607/1379/4349 4609/1381/4351
f 5781/1543/4802 4604/1376/4346 4606/1378/4348
f 5795/1541/4784 4521/1293/4273 4519/1291/4271
f 5796/1540/5432 4519/1291/4271 4517/1289/4269
f 5797/1539/5433 4517/1289/4269 4515/1287/4267
f 5798/1538/5434 4515/1287/4267 4513/1285/4265
f 5800/1536/5436 5799/1537/5435 4513/1285/4265
f 5800/1536/5436 4511/1283/4263 4509/1281/4261
f 5802/1534/5438 5801/1535/5437 4509/1281/4261
f 5803/1533/5439 5802/1534/5438 4507/1279/4259
f 4503/1275/4255 4506/1278/4258 4508/1280/4260
f 4500/1272/4252 4503/1275/4255 4504/1276/4256
f 4497/1269/4249 4500/1272/4252 4501/1273/4253
f 4494/1266/4246 4497/1269/4249 4498/1270/4250
f 4491/1263/4243 4494/1266/4246 4495/1267/4247
f 4488/1260/4240 4491/1263/4243 4492/1264/4244
f 4486/1258/4238 4488/1260/4240 4489/1261/4241
f 4484/1256/4236 4486/1258/4238 4487/1259/4239
f 5804/1531/5440 4436/1208/4189 4438/1210/4191
f 5806/1530/5441 4434/1206/4187 4436/1208/4189
f 5807/1529/5442 4432/1204/4185 4434/1206/4187
f 4430/1202/4183 4432/1204/4185 5807/1529/5442
f 5809/1526/5444 4427/1199/4180 4430/1202/4183
f 4428/1200/4181 4427/1199/4180 5809/1526/5444
f 4425/1197/4178 4424/1196/4177 5783/1524/5421
